<COLLADA xmlns="http://www.collada.org/2005/11/COLLADASchema" version="1.4.1">
  <asset>
    <contributor/>
    <created>2026-09-16T16:52:39.857742</created>
    <modified>2026-09-16T16:52:39.857742</modified>
    <unit name="meter" meter="1.0"/>
    <up_axis>Z_UP</up_axis>
  </asset>
  <library_effects>
    <effect id="effect_Body_with_ref001_shape002" name="effect_Body_with_ref001_shape002">
      <profile_COMMON>
        <technique sid="common">
          <phong>
            <emission>
              <color>0.0 0.0 0.0 1.0</color>
            </emission>
            <ambient>
              <color>0.0 0.0 0.0 1.0</color>
            </ambient>
            <diffuse>
              <color>0.67843097448349 0.7098039984703064 0.7411760091781616 1.0</color>
            </diffuse>
            <specular>
              <color>1 1 1 1.0</color>
            </specular>
            <shininess>
              <float>0.0</float>
            </shininess>
            <reflective>
              <color>0.0 0.0 0.0 1.0</color>
            </reflective>
            <reflectivity>
              <float>0.0</float>
            </reflectivity>
            <transparent>
              <color>0.0 0.0 0.0 1.0</color>
            </transparent>
            <transparency>
              <float>1.0</float>
            </transparency>
          </phong>
        </technique>
        <extra>
          <technique profile="GOOGLEEARTH">
            <double_sided>0</double_sided>
          </technique>
        </extra>
      </profile_COMMON>
    </effect>
  </library_effects>
  <library_geometries>
    <geometry id="geometry0" name="Body_with_ref001_shape002">
      <mesh>
        <source id="cubeverts-array0">
          <float_array count="6747" id="cubeverts-array0-array">0.0053 0.0015 -0.011 0.0062 0.0015 -0.011 0.0053 0.0015 -0.0115 0.0062 0.0015 -0.0115 0.0053 -0.0015 -0.011 0.0053 -0.0015 -0.0115 0.0062 -0.0015 -0.011 0.0062 -0.0015 -0.0115 0.00529 -0.0028 -0.011 0.0062 -0.002 -0.011 0.0062 -0.003158114 -0.011 0.00585385 -0.003761133 -0.011 0.005658616 -0.00404892 -0.011 0.006034462 -0.00346395 -0.011 0.00471 -0.0028 -0.011 0.00420983 -0.005539947 -0.011 0.003927771 -0.00574337 -0.011 0.004481373 -0.005322685 -0.011 0.004741722 -0.005092127 -0.011 0.004990225 -0.004848849 -0.011 0.005226263 -0.004593458 -0.011 0.005449245 -0.004326593 -0.011 0.0038 -0.0015 -0.011 0.0047 -0.0015 -0.011 0.0062 0.002 -0.011 0.00029 -0.0028 -0.011 0.0003476532 -0.006949304 -0.011 3.580148e-17 -0.006957994 -0.011 0.0006944379 -0.006923254 -0.011 0.001039488 -0.006879909 -0.011 0.001381941 -0.006819378 -0.011 0.001720942 -0.006741813 -0.011 0.002055645 -0.006647406 -0.011 0.002385212 -0.006536394 -0.011 0.002708821 -0.006409054 -0.011 0.003025663 -0.006265704 -0.011 0.003334947 -0.006106702 -0.011 0.0036359 -0.005932446 -0.011 0.0012 -0.0015 -0.011 -0.00029 -0.0028 -0.011 -0.003025663 -0.006265704 -0.011 -0.003334947 -0.006106702 -0.011 -0.002708821 -0.006409054 -0.011 -0.002385212 -0.006536394 -0.011 -0.002055645 -0.006647406 -0.011 -0.001720942 -0.006741813 -0.011 -0.001381941 -0.006819378 -0.011 -0.001039488 -0.006879909 -0.011 -0.0006944379 -0.006923254 -0.011 -0.0003476532 -0.006949304 -0.011 0.00529 0.0028 -0.011 0.0062 0.003158114 -0.011 0.00604045 0.003453498 -0.011 0.0038 0.0015 -0.011 -0.0036359 -0.005932446 -0.011 0.005866838 0.003740843 -0.011 0.00471 0.0028 -0.011 0.0047 0.0015 -0.011 -0.003927771 -0.00574337 -0.011 0.0003 -0.0015 -0.011 0.005679567 0.004019478 -0.011 0.005479074 0.004288756 -0.011 0.005265826 0.00454805 -0.011 -0.0012 -0.0015 -0.011 -0.0003 -0.0015 -0.011 0.005040319 0.004796756 -0.011 0.004803078 0.005034295 -0.011 0.0012 0.0015 -0.011 0.004554655 0.005260114 -0.011 0.004295629 0.005473688 -0.011 0.004026603 0.005674518 -0.011 -0.00471 -0.0028 -0.011 -0.005449245 -0.004326593 -0.011 -0.005658616 -0.00404892 -0.011 -0.005226263 -0.004593458 -0.011 -0.004990225 -0.004848849 -0.011 -0.004741722 -0.005092127 -0.011 -0.004481373 -0.005322685 -0.011 -0.00420983 -0.005539947 -0.011 0.003748202 0.005862138 -0.011 -0.0038 -0.0015 -0.011 -0.00529 -0.0028 -0.011 -0.00585385 -0.003761133 -0.011 0.00029 0.0028 -0.011 0.0003 0.0015 -0.011 -0.006034462 -0.00346395 -0.011 0.003461076 0.006036111 -0.011 -0.0012 0.0015 -0.011 0.003165892 0.006196032 -0.011 -0.0062 -0.003158114 -0.011 -0.00029 0.0028 -0.011 -0.0003 0.0015 -0.011 -0.0047 -0.0015 -0.011 0.002863338 0.006341528 -0.011 0.002554118 0.006472261 -0.011 -0.0062 -0.002 -0.011 -0.0053 -0.0015 -0.011 0.002238952 0.006587926 -0.011 -0.0062 -0.0015 -0.011 0.001918574 0.006688255 -0.011 0.001593729 0.006773014 -0.011 -0.0038 0.0015 -0.011 0.001265174 0.006842004 -0.011 0.000933674 0.006895066 -0.011 0.0006 0.006932076 -0.011 -0.00471 0.0028 -0.011 -0.0047 0.0015 -0.011 -0.0006 0.006932076 -0.011 -0.000933674 0.006895066 -0.011 -0.0006 0.007468276 -0.011 0.0006 0.007468276 -0.011 -0.001265174 0.006842004 -0.011 -0.0062 0.002 -0.011 -0.00529 0.0028 -0.011 -0.0053 0.0015 -0.011 -0.0062 0.0015 -0.011 -0.001593729 0.006773014 -0.011 -0.001918574 0.006688255 -0.011 -0.002238952 0.006587926 -0.011 -0.002554118 0.006472261 -0.011 -0.002863338 0.006341528 -0.011 -0.0062 0.003158114 -0.011 -0.003165892 0.006196032 -0.011 -0.00604045 0.003453498 -0.011 -0.003461076 0.006036111 -0.011 -0.005866838 0.003740843 -0.011 -0.003748202 0.005862138 -0.011 -0.005679567 0.004019478 -0.011 -0.004026603 0.005674518 -0.011 -0.005479074 0.004288756 -0.011 -0.004295629 0.005473688 -0.011 -0.005265826 0.00454805 -0.011 -0.004554655 0.005260114 -0.011 -0.005040319 0.004796756 -0.011 -0.004803078 0.005034295 -0.011 0.008893058 -0.002 -0.004470504 0.008893058 0.002 -0.004470504 0.0062 0.003415294 -0.0041 0.0062 -0.003415294 -0.0041 0.0062 0.002 -0.009269972 0.0062 -0.002 -0.009269972 -0.004490287 -0.005351316 -0.00941577 -0.004217965 -0.005568486 -0.00941577 -0.003935155 -0.005771812 -0.00941577 -0.003642562 -0.005960789 -0.00941577 -0.003340914 -0.006134946 -0.00941577 -0.003030959 -0.00629385 -0.00941577 -0.002713468 -0.006437108 -0.00941577 0.003030959 -0.00629385 -0.00941577 0.002713468 -0.006437108 -0.00941577 0.003340914 -0.006134946 -0.00941577 0.003642562 -0.005960789 -0.00941577 0.003935155 -0.005771812 -0.00941577 0.004217965 -0.005568486 -0.00941577 0.004490287 -0.005351316 -0.00941577 -0.001581281 -0.006972951 0 -0.0008917127 -0.007076969 -0.0009781454 -0.0008571015 -0.007083929 -0.0008254511 -0.00123393 -0.007042721 0 -0.000796741 -0.007093501 -0.0006814265 -0.0007126111 -0.007104746 -0.000550286 -0.0008835487 -0.007095199 0 -0.0006073605 -0.007116522 -0.0004358364 -0.0005309985 -0.007130255 0 -0.0004841618 -0.007127617 -0.0003413253 -0.0003465312 -0.00713689 -0.0002693881 -0.0001771445 -0.007147805 0 -0.0001982076 -0.007143374 -0.000222097 -4.315682e-05 -0.00714636 -0.0002010353 0.0001771445 -0.007147805 0 0.0001143015 -0.007145468 -0.0002072877 0.0002694086 -0.007140708 -0.0002412689 0.0005309985 -0.007130255 0 0.0004170199 -0.00713254 -0.0003024447 0.0005519723 -0.00712185 -0.0003891368 0.0008835487 -0.007095199 0 0.0006694584 -0.007109851 -0.0004984807 0.0007653837 -0.007097917 -0.0006265153 0.00123393 -0.007042721 0 0.0008368654 -0.007087343 -0.000768856 0.001581281 -0.006972951 0 0.000884077 -0.007078748 -0.0009314533 -0.005647047 -0.004111813 -0.009428572 -0.005212533 -0.004650338 -0.009428572 -0.004726871 -0.005143231 -0.009428572 -0.005669221 -0.004127958 -0.007857143 -0.005233001 -0.004668598 -0.007857143 -0.005253469 -0.004686858 -0.006285714 -0.005691395 -0.004144104 -0.006285714 -0.006097137 -0.003574558 -0.004714286 -0.0062 -0.003415294 -0.0041 -0.002374572 -0.006569441 -0.009428572 -0.002059056 -0.006675294 -0.00941577 -0.002389232 -0.006564361 -0.00941577 -0.005713569 -0.00416025 -0.004714286 -0.006445796 -0.002965255 -0.003142857 -0.006454761 -0.002916037 -0.003845239 -0.006339093 -0.003155077 -0.003960907 -0.00655101 -0.002697273 -0.00374899 -0.006628382 -0.002504935 -0.003671618 -0.0067 -0.002310381 -0.0036 -0.001712964 -0.006772141 -0.009428572 -0.001384179 -0.006847139 -0.00941577 -0.00172376 -0.006769632 -0.00941577 -0.005273937 -0.004705119 -0.004714286 -0.0061208 -0.003588431 -0.003142857 -0.001034548 -0.00690839 -0.009428572 -0.0006955459 -0.006950934 -0.00941577 -0.001041157 -0.006907623 -0.00941577 -0.004782554 -0.005203819 -0.004714286 -0.004554687 -0.005428065 -0.003675961 -0.005735744 -0.004176395 -0.003142857 -0.0003459811 -0.006976851 -0.009428572 2.257125e-17 -0.006985647 -0.00941577 -0.0003482058 -0.006976964 -0.00941577 -0.006470716 -0.002976718 -0.001571429 -0.0067 -0.002496498 0 -0.006568109 -0.002825322 0 -0.006420092 -0.003147209 0 -0.00625631 -0.003461369 0 -0.005294405 -0.004723379 -0.003142857 0.0003459811 -0.006976851 -0.009428572 0.0006955459 -0.006950934 -0.00941577 0.0003482058 -0.006976964 -0.00941577 -0.006144463 -0.003602304 -0.001571429 -0.006077169 -0.00376703 0 -0.005883106 -0.004063443 0 -0.004801115 -0.005224014 -0.003142857 0.001034548 -0.00690839 -0.009428572 0.001384179 -0.006847139 -0.00941577 0.001041157 -0.006907623 -0.00941577 -0.005757917 -0.004192541 -0.001571429 -0.005674598 -0.004349878 0 -0.005452157 -0.004625633 0 -0.004260714 -0.005673389 -0.003142857 -0.004278459 -0.00564835 -0.003675961 -0.003991593 -0.005854592 -0.003675961 0.001712964 -0.006772141 -0.009428572 0.002059056 -0.006675294 -0.00941577 0.00172376 -0.006769632 -0.00941577 -0.005314872 -0.004741639 -0.001571429 -0.00521633 -0.004890031 0 -0.004967695 -0.005142422 0 -0.003678505 -0.006067094 -0.003142857 -0.003694804 -0.006046279 -0.003675961 -0.003388829 -0.006222934 -0.003675961 0.002374572 -0.006569441 -0.009428572 0.002389232 -0.006564361 -0.00941577 -0.004819675 -0.00524421 -0.001571429 -0.004706863 -0.005382187 0 -0.004434474 -0.005608737 0 -0.0030602 -0.006401266 -0.003142857 -0.003074429 -0.006384118 -0.003675961 -0.002752385 -0.006529429 -0.003675961 -0.004277185 -0.005695323 -0.001571429 -0.004151198 -0.005821517 0 -0.003857729 -0.006020002 0 -0.002411868 -0.006672625 -0.003142857 -0.002423499 -0.006658508 -0.003675961 -0.002088587 -0.006771032 -0.003675961 -0.003692726 -0.006090549 -0.001571429 -0.003554788 -0.006203707 0 -0.003243119 -0.00637218 0 -0.001739869 -0.006878509 -0.003142857 -0.001748482 -0.006866723 -0.003675961 -0.001404031 -0.006945342 -0.003675961 -0.003072031 -0.006426013 -0.001571429 -0.002923487 -0.006525007 0 -0.002596678 -0.006661814 0 -0.001050798 -0.007016898 -0.003142857 -0.0004060149 -0.007105188 -0.001903214 -0.000542145 -0.007097584 -0.001818386 -0.001056089 -0.007006693 -0.003675961 -0.0007055214 -0.007050625 -0.003675961 0.004726871 -0.005143231 -0.009428572 -0.002421192 -0.006698421 -0.001571429 -0.002263492 -0.006782264 0 -0.001924749 -0.006886061 0 -0.0003514153 -0.007086433 -0.003142857 -0.0002574873 -0.007111086 -0.001962381 -0.0001105529 -0.00711435 -0.001993184 2.816193e-05 -0.007115042 -0.001999559 -0.0003531998 -0.007077028 -0.003675961 -1.171921e-17 -0.007085836 -0.003675961 0.005212533 -0.004650338 -0.009428572 -0.001746595 -0.006905101 -0.001571429 -0.0008993185 -0.007073246 -0.001135019 0.0003514153 -0.007086433 -0.003142857 0.000154589 -0.007113644 -0.001986624 0.0002667597 -0.007110794 -0.001959558 0.0003643807 -0.0071071 -0.001922938 0.0003531998 -0.007077028 -0.003675961 0.0007055214 -0.007050625 -0.003675961 0.005647047 -0.004111813 -0.009428572 -0.00105486 -0.007044024 -0.001571429 -0.0008794032 -0.007072998 -0.001291442 -0.0008322007 -0.007076049 -0.001442698 -0.0007587591 -0.007081819 -0.00158403 -0.0006610675 -0.007089385 -0.001710729 0.004745432 -0.005163427 -0.007857143 0.001050798 -0.007016898 -0.003142857 0.000525867 -0.007098599 -0.001830386 0.0006399007 -0.007090938 -0.001732872 0.001056089 -0.007006693 -0.003675961 0.001404031 -0.006945342 -0.003675961 0.005233001 -0.004668598 -0.007857143 0.001739869 -0.006878509 -0.003142857 0.001748482 -0.006866723 -0.003675961 0.002088587 -0.006771032 -0.003675961 0.005669221 -0.004127958 -0.007857143 0.004763993 -0.005183623 -0.006285714 0.004554687 -0.005428065 -0.003675961 0.002411868 -0.006672625 -0.003142857 0.002423499 -0.006658508 -0.003675961 0.002752385 -0.006529429 -0.003675961 0.00105486 -0.007044024 -0.001571429 0.0007194328 -0.007084927 -0.001640755 0.0008199009 -0.007076984 -0.001471164 0.0008800153 -0.007072972 -0.001288608 0.0009 -0.007073776 -0.0011 0.005253469 -0.004686858 -0.006285714 0.0030602 -0.006401266 -0.003142857 0.003074429 -0.006384118 -0.003675961 0.003388829 -0.006222934 -0.003675961 0.001746595 -0.006905101 -0.001571429 0.001924749 -0.006886061 0 0.005691395 -0.004144104 -0.006285714 0.004782554 -0.005203819 -0.004714286 0.003678505 -0.006067094 -0.003142857 0.003694804 -0.006046279 -0.003675961 0.003991593 -0.005854592 -0.003675961 0.002421192 -0.006698421 -0.001571429 0.002263492 -0.006782264 0 0.002596678 -0.006661814 0 0.005273937 -0.004705119 -0.004714286 0.004260714 -0.005673389 -0.003142857 0.004278459 -0.00564835 -0.003675961 0.003072031 -0.006426013 -0.001571429 0.002923487 -0.006525007 0 0.003243119 -0.00637218 0 0.005713569 -0.00416025 -0.004714286 0.004801115 -0.005224014 -0.003142857 0.003692726 -0.006090549 -0.001571429 0.003554788 -0.006203707 0 0.003857729 -0.006020002 0 0.006097137 -0.003574558 -0.004714286 0.005294405 -0.004723379 -0.003142857 0.004277185 -0.005695323 -0.001571429 0.004151198 -0.005821517 0 0.004434474 -0.005608737 0 0.005735744 -0.004176395 -0.003142857 0.004819675 -0.00524421 -0.001571429 0.004706863 -0.005382187 0 0.004967695 -0.005142422 0 0.0061208 -0.003588431 -0.003142857 0.006339093 -0.003155077 -0.003960907 0.005314872 -0.004741639 -0.001571429 0.00521633 -0.004890031 0 0.005452157 -0.004625633 0 0.006445796 -0.002965255 -0.003142857 0.006454761 -0.002916037 -0.003845239 0.00655101 -0.002697273 -0.00374899 0.006628382 -0.002504935 -0.003671618 0.0067 -0.002310381 -0.0036 0.005757917 -0.004192541 -0.001571429 0.005674598 -0.004349878 0 0.005883106 -0.004063443 0 0.006144463 -0.003602304 -0.001571429 0.006077169 -0.00376703 0 0.00625631 -0.003461369 0 0.006470716 -0.002976718 -0.001571429 0.006420092 -0.003147209 0 0.006568109 -0.002825322 0 0.0067 -0.002496498 0 -0.0062 0.003415294 -0.0041 -0.0062 0.002 -0.009269972 -0.0062 -0.002 -0.009269972 -0.008893058 -0.002 -0.004470504 -0.008893058 0.002 -0.004470504 -0.0062 -0.0015 -0.0115 -0.0053 -0.0015 -0.0115 -0.0053 0.0015 -0.0115 -0.0062 0.0015 -0.0115 -0.0009492115 0.007086713 0 -0.0006 0.007117263 -0.0004291796 -0.0007267456 0.007102984 -0.0005691131 -0.0006 0.007124781 0 -0.001296132 0.007031539 0 -0.0008191068 0.007090151 -0.0007270871 -0.0008766537 0.007080289 -0.0008963379 -0.001639924 0.006959393 0 -0.001252256 0.006872263 -0.009428572 -0.001906736 0.006720156 -0.009428572 -0.002543574 0.006505872 -0.009428572 -0.001257173 0.006899248 -0.007857143 -0.003156878 0.006231393 -0.009428572 -0.001914223 0.006746544 -0.007857143 -0.003740974 0.005899259 -0.009428572 -0.002553562 0.006531419 -0.007857143 -0.00126209 0.006926233 -0.006285714 -0.0006 0.007093761 -0.00177082 -0.004290456 0.005512543 -0.009428572 -0.003169274 0.006255862 -0.007857143 -0.00192171 0.006772932 -0.006285714 -0.004800242 0.005074822 -0.009428572 -0.003755663 0.005922424 -0.007857143 -0.00256355 0.006556965 -0.006285714 -0.001267007 0.006953218 -0.004714286 -0.005265614 0.004590148 -0.009428572 -0.004307303 0.005534189 -0.007857143 -0.00318167 0.006280331 -0.006285714 -0.001929197 0.00679932 -0.004714286 -0.005682266 0.004063003 -0.009428572 -0.004819091 0.005094749 -0.007857143 -0.003770353 0.005945588 -0.006285714 -0.002573537 0.006582511 -0.004714286 -0.001271924 0.006980203 -0.003142857 -0.00528629 0.004608172 -0.007857143 -0.004324151 0.005555835 -0.006285714 -0.003194066 0.006304799 -0.004714286 -0.001936684 0.006825707 -0.003142857 -0.005704578 0.004078958 -0.007857143 -0.00483794 0.005114676 -0.006285714 -0.003785042 0.005968752 -0.004714286 -0.002583525 0.006608058 -0.003142857 -0.001276842 0.007007188 -0.001571429 -0.0007177507 0.007085059 -0.001642986 -0.0007806553 0.007080074 -0.001547858 -0.000826638 0.007076469 -0.001455907 -0.0008819625 0.007072894 -0.001279282 -0.0008995715 0.007073341 -0.00112777 -0.000894536 0.007076211 -0.001000978 -0.005306966 0.004626196 -0.006285714 -0.004340998 0.005577481 -0.004714286 -0.003206462 0.006329268 -0.003142857 -0.001944171 0.006852095 -0.001571429 -0.001979757 0.006870449 0 -0.002314812 0.00676492 0 -0.005726891 0.004094912 -0.006285714 -0.004856789 0.005134604 -0.004714286 -0.003799732 0.005991917 -0.003142857 -0.002593513 0.006633604 -0.001571429 -0.002644279 0.006643063 0 -0.002967364 0.006505171 0 -0.005327642 0.00464422 -0.004714286 -0.004357845 0.005599126 -0.003142857 -0.003218858 0.006353736 -0.001571429 -0.003283286 0.006351577 0 -0.003591283 0.006182652 0 -0.005749203 0.004110866 -0.004714286 -0.004875638 0.005154531 -0.003142857 -0.003814421 0.006015081 -0.001571429 -0.003890611 0.005998804 0 -0.004180549 0.005800475 0 -0.00611757 0.003539476 -0.004714286 -0.005348319 0.004662243 -0.003142857 -0.004374692 0.005620772 -0.001571429 -0.004460395 0.005588146 0 -0.004729476 0.005362328 0 -0.005771515 0.00412682 -0.003142857 -0.004894486 0.005174458 -0.001571429 -0.00498714 0.005123567 0 -0.005232767 0.004872438 0 -0.006141312 0.003553212 -0.003142857 -0.006299565 0.003231767 -0.004000435 -0.006393589 0.003045341 -0.003906411 -0.005368995 0.004680267 -0.001571429 -0.005465763 0.004609549 0 -0.005685565 0.004335533 0 -0.006454287 0.00294673 -0.003142857 -0.006607224 0.0025592 -0.003692776 -0.0067 0.002310381 -0.0036 -0.006505037 0.002804305 -0.003794963 -0.005793828 0.004142774 -0.001571429 -0.005891644 0.004051053 0 -0.006083503 0.003756793 0 -0.006165054 0.003566949 -0.001571429 -0.006260676 0.003453466 0 -0.006422739 0.003141804 0 -0.006479239 0.002958122 -0.001571429 -0.0067 0.002496498 0 -0.006569298 0.002822557 0 -0.0006 0.007629372 -0.00177082 0.0004481184 0.007627457 -0.001880506 0.0006 0.007629372 -0.00177082 0.0002768189 0.007626133 -0.001956371 9.352428e-05 0.007625457 -0.001995127 -1.891747e-05 0.007625375 -0.001999801 -0.0001533024 0.007625601 -0.001986847 -0.0003097494 0.007626331 -0.001945018 -0.0004631384 0.007627611 -0.001871688 0.0006 0.007093761 -0.00177082 0.001639924 0.006959393 0 0.0008868235 0.007078139 -0.0009465587 0.0008472558 0.007085623 -0.0007964252 0.001296132 0.007031539 0 0.0007811689 0.007095731 -0.0006530378 0.0009492115 0.007086713 0 0.0007185307 0.007104014 -0.0005580465 0.0006 0.007117263 -0.0004291796 0.0006 0.007124781 0 0.006046344 0.003498266 -0.009428572 0.005682266 0.004063003 -0.009428572 0.005265614 0.004590148 -0.009428572 0.006070086 0.003512003 -0.007857143 0.004800242 0.005074822 -0.009428572 0.005704578 0.004078958 -0.007857143 0.004290456 0.005512543 -0.009428572 0.00528629 0.004608172 -0.007857143 0.006093828 0.003525739 -0.006285714 0.003740974 0.005899259 -0.009428572 0.004819091 0.005094749 -0.007857143 0.005726891 0.004094912 -0.006285714 0.003156878 0.006231393 -0.009428572 0.004307303 0.005534189 -0.007857143 0.005306966 0.004626196 -0.006285714 0.00611757 0.003539476 -0.004714286 0.002543574 0.006505872 -0.009428572 0.003755663 0.005922424 -0.007857143 0.00483794 0.005114676 -0.006285714 0.005749203 0.004110866 -0.004714286 0.001906736 0.006720156 -0.009428572 0.006454287 0.00294673 -0.003142857 0.0067 0.002310381 -0.0036 0.006607224 0.0025592 -0.003692776 0.006505037 0.002804305 -0.003794963 0.006393589 0.003045341 -0.003906411 0.003169274 0.006255862 -0.007857143 0.004324151 0.005555835 -0.006285714 0.005327642 0.00464422 -0.004714286 0.001252256 0.006872263 -0.009428572 0.006141312 0.003553212 -0.003142857 0.006299565 0.003231767 -0.004000435 0.002553562 0.006531419 -0.007857143 0.003770353 0.005945588 -0.006285714 0.004856789 0.005134604 -0.004714286 0.005771515 0.00412682 -0.003142857 0.001914223 0.006746544 -0.007857143 0.006479239 0.002958122 -0.001571429 0.006569298 0.002822557 0 0.0067 0.002496498 0 0.006422739 0.003141804 0 0.00318167 0.006280331 -0.006285714 0.004340998 0.005577481 -0.004714286 0.005348319 0.004662243 -0.003142857 0.001257173 0.006899248 -0.007857143 0.006165054 0.003566949 -0.001571429 0.006260676 0.003453466 0 0.006083503 0.003756793 0 0.00256355 0.006556965 -0.006285714 0.003785042 0.005968752 -0.004714286 0.004875638 0.005154531 -0.003142857 0.005793828 0.004142774 -0.001571429 0.005891644 0.004051053 0 0.005685565 0.004335533 0 0.00192171 0.006772932 -0.006285714 0.003194066 0.006304799 -0.004714286 0.004357845 0.005599126 -0.003142857 0.005368995 0.004680267 -0.001571429 0.005465763 0.004609549 0 0.005232767 0.004872438 0 0.00126209 0.006926233 -0.006285714 0.002573537 0.006582511 -0.004714286 0.003799732 0.005991917 -0.003142857 0.004894486 0.005174458 -0.001571429 0.00498714 0.005123567 0 0.004729476 0.005362328 0 0.001929197 0.00679932 -0.004714286 0.003206462 0.006329268 -0.003142857 0.004374692 0.005620772 -0.001571429 0.004460395 0.005588146 0 0.004180549 0.005800475 0 0.001267007 0.006953218 -0.004714286 0.002583525 0.006608058 -0.003142857 0.003814421 0.006015081 -0.001571429 0.003890611 0.005998804 0 0.003591283 0.006182652 0 0.001936684 0.006825707 -0.003142857 0.003218858 0.006353736 -0.001571429 0.003283286 0.006351577 0 0.002967364 0.006505171 0 0.001271924 0.006980203 -0.003142857 0.002593513 0.006633604 -0.001571429 0.002644279 0.006643063 0 0.002314812 0.00676492 0 0.001944171 0.006852095 -0.001571429 0.001979757 0.006870449 0 0.001276842 0.007007188 -0.001571429 0.0008852421 0.007072782 -0.001262316 0.0009 0.007073776 -0.0011 0.0008589681 0.007074152 -0.001368652 0.0007991233 0.007078608 -0.001514007 0.0007126756 0.007085454 -0.00164963 -0.00471 0.0028 -0.009 -0.00529 0.0028 -0.009 -0.00529 -0.0028 -0.009 -0.00471 -0.0028 -0.009 0.00471 -0.0028 -0.009 0.00471 0.0028 -0.009 0.00529 -0.0028 -0.009 0.00529 0.0028 -0.009 -0.00029 -0.0028 -0.009 -0.00029 0.0028 -0.009 0.00029 -0.0028 -0.009 0.00029 0.0028 -0.009 -0.0038 -0.0015 -0.0115 -0.0038 0.0015 -0.0115 -0.0047 0.0015 -0.0115 -0.0047 -0.0015 -0.0115 0.0047 -0.0015 -0.0115 0.0038 -0.0015 -0.0115 0.0047 0.0015 -0.0115 0.0038 0.0015 -0.0115 -0.0003 -0.0015 -0.0115 -0.0012 -0.0015 -0.0115 -0.0003 0.0015 -0.0115 -0.0012 0.0015 -0.0115 0.0012 0.0015 -0.0115 0.0012 -0.0015 -0.0115 0.0003 0.0015 -0.0115 0.0003 -0.0015 -0.0115 0.008679955 0.002 -0.004470504 0.008679955 -0.002 -0.004470504 0.00818761 0.002 -0.00445088 0.008430926 0.002 -0.00372542 0.008745141 0.002 -0.00372542 0.008181898 0.002 -0.002980336 0.008496113 0.002 -0.002980336 0.00793287 0.002 -0.002235252 0.008247085 0.002 -0.002235252 0.007998056 0.002 -0.001490168 0.007683842 0.002 -0.001490168 0.0067 0.002 9.996768e-11 0.007434813 0.002 -0.000745084 0.007749028 0.002 -0.000745084 0.0075 0.002 0 0.00818761 -0.002 -0.00445088 0.008430926 -0.002 -0.00372542 0.008745141 -0.002 -0.00372542 0.008181898 -0.002 -0.002980336 0.008496113 -0.002 -0.002980336 0.00793287 -0.002 -0.002235252 0.008247085 -0.002 -0.002235252 0.007998056 -0.002 -0.001490168 0.007683842 -0.002 -0.001490168 0.007434813 -0.002 -0.000745084 0.0067 -0.002 9.996768e-11 0.007749028 -0.002 -0.000745084 0.0075 -0.002 0 0.005902408 -0.005835373 0 0.005606786 -0.006119963 0 0.006183603 -0.00553652 0 0.00529746 -0.006389595 0 0.006449684 -0.005224134 0 0.004975185 -0.006643609 0 0.0067 -0.00489898 1e-18 0.00464075 -0.006881383 0 0.006912314 -0.004594553 0 0.004294971 -0.007102339 0 0.007110806 -0.004280939 0 0.003938695 -0.007305934 0 0.00729508 -0.003958764 0 0.003572792 -0.007491673 0 0.007464766 -0.003628674 0 0.008161265 -0.001511207 0 0.008083568 -0.001883064 0 0.007991302 -0.002242563 0 0.007883057 -0.002597579 0 0.003198156 -0.007659099 0 0.007619525 -0.003291327 0 0.007759048 -0.0029474 0 0.008221867 -0.001136184 0 0.002815703 -0.007807805 0 0.002426367 -0.007937427 0 0.002031101 -0.008047647 0 0.001630871 -0.008138198 0 0.001226654 -0.008208857 0 0.0008194386 -0.00825945 0 0.0004102207 -0.008289856 0 -3.627469e-16 -0.0083 0 -0.0004102207 -0.008289856 0 -0.0008194386 -0.00825945 0 -0.001226654 -0.008208857 0 -0.001630871 -0.008138198 0 0.007991302 0.002242563 0 0.008083568 0.001883064 0 0.008161265 0.001511207 0 0.008221867 0.001136184 0 -0.002031101 -0.008047647 0 0.007883057 0.002597579 0 -0.002426367 -0.007937427 0 -0.002815703 -0.007807805 0 0.007759048 0.0029474 0 -0.003198156 -0.007659099 0 0.007619525 0.003291327 0 0.007464766 0.003628674 0 -0.003572792 -0.007491673 0 0.00729508 0.003958764 0 -0.003938695 -0.007305934 0 0.007110806 0.004280939 0 -0.004294971 -0.007102339 0 0.006912314 0.004594553 0 -0.00464075 -0.006881383 0 0.0067 0.00489898 -1e-18 -0.004975185 -0.006643609 0 0.006449684 0.005224134 0 -0.00529746 -0.006389595 0 0.006183603 0.00553652 0 -0.005606786 -0.006119963 0 0.005902408 0.005835373 0 -0.005902408 -0.005835373 0 0.005606786 0.006119963 0 -0.006183603 -0.00553652 0 0.00529746 0.006389595 0 -0.006449684 -0.005224134 0 0.004975185 0.006643609 0 -0.0067 -0.00489898 1e-18 0.00464075 0.006881383 0 -0.006912314 -0.004594553 0 0.004294971 0.007102339 0 -0.007110806 -0.004280939 0 -0.00729508 -0.003958764 0 0.003938695 0.007305934 0 -0.007464766 -0.003628674 0 0.003572792 0.007491673 0 -0.007619525 -0.003291327 0 0.003198156 0.007659099 0 -0.007759048 -0.0029474 0 0.002815703 0.007807805 0 -0.007883057 -0.002597579 0 -0.0075 -0.002 0 -0.0067 -0.002 9.996768e-11 0.002426367 0.007937427 0 -0.007991302 -0.002242563 0 0.002031101 0.008047647 0 -0.008083568 -0.001883064 0 0.001630871 0.008138198 0 -0.008161265 -0.001511207 0 0.001226654 0.008208857 0 0.0006 0.007660282 0 -0.008221867 -0.001136184 0 0.0008194386 0.00825945 0 0.0004102207 0.008289856 0 -0.0006 0.007660282 0 -3.975733e-16 0.0083 0 -0.0004102207 0.008289856 0 -0.0008194386 0.00825945 0 -0.001226654 0.008208857 0 -0.0075 0.002 0 -0.0067 0.002 9.996768e-11 -0.008161265 0.001511207 0 -0.008221867 0.001136184 0 -0.001630871 0.008138198 0 -0.008083568 0.001883064 0 -0.002031101 0.008047647 0 -0.007991302 0.002242563 0 -0.002426367 0.007937427 0 -0.007883057 0.002597579 0 -0.002815703 0.007807805 0 -0.007759048 0.0029474 0 -0.003198156 0.007659099 0 -0.007619525 0.003291327 0 -0.003572792 0.007491673 0 -0.007464766 0.003628674 0 -0.003938695 0.007305934 0 -0.00729508 0.003958764 0 -0.007110806 0.004280939 0 -0.004294971 0.007102339 0 -0.006912314 0.004594553 0 -0.00464075 0.006881383 0 -0.0067 0.00489898 -1e-18 -0.004975185 0.006643609 0 -0.006449684 0.005224134 0 -0.00529746 0.006389595 0 -0.006183603 0.00553652 0 -0.005606786 0.006119963 0 -0.005902408 0.005835373 0 0.008265244 0.0007587807 0 0.008291306 0.0003797881 0 0.0083 0 0 0.008291306 -0.0003797881 0 0.008265244 -0.0007587807 0 -0.008265244 -0.0007587807 0 -0.008291306 -0.0003797881 0 -0.0083 1.016457e-18 0 -0.008291306 0.0003797881 0 -0.008265244 0.0007587807 0 0.0008945376 -0.0058 -0.001000993 0.0009 -0.0058 -0.0011 0.0008782167 -0.0058 -0.000903187 0.0008512355 -0.0058 -0.0008077705 0.0008139215 -0.0058 -0.0007159012 0.0007667274 -0.0058 -0.0006286944 0.0007102265 -0.0058 -0.0005472085 0.0006451043 -0.0058 -0.0004724329 0.0005721514 -0.0058 -0.000405275 0.0004922533 -0.0058 -0.0003465502 0.00040638 -0.0058 -0.0002969712 0.0003155738 -0.0058 -0.0002571399 0.0002209369 -0.0058 -0.0002275398 0.0001236182 -0.0058 -0.0002085301 2.479891e-05 -0.0058 -0.0002003417 -7.432141e-05 -0.0058 -0.000203074 -0.0001725396 -0.0058 -0.0002166937 -0.0002686633 -0.0058 -0.0002410355 -0.0003615259 -0.0058 -0.000275804 -0.00045 -0.0058 -0.0003205771 -0.0005330117 -0.0058 -0.0003748114 -0.0006095534 -0.0058 -0.0004378485 -0.000678696 -0.0058 -0.0005089232 -0.0007396001 -0.0058 -0.0005871727 -0.0007915264 -0.0058 -0.0006716474 -0.0008338447 -0.0058 -0.0007613215 -0.0008660412 -0.0058 -0.0008551069 -0.0008877252 -0.0058 -0.0009518649 -0.0008986334 -0.0058 -0.001050421 -0.0008986334 -0.0058 -0.001149579 -0.0008877252 -0.0058 -0.001248135 -0.0008660412 -0.0058 -0.001344893 -0.0008338447 -0.0058 -0.001438678 -0.0007915264 -0.0058 -0.001528353 -0.0007396001 -0.0058 -0.001612827 -0.000678696 -0.0058 -0.001691077 -0.0006095534 -0.0058 -0.001762151 -0.0005330117 -0.0058 -0.001825189 -0.00045 -0.0058 -0.001879423 -0.0003615259 -0.0058 -0.001924196 -0.0002686633 -0.0058 -0.001958964 -0.0001725396 -0.0058 -0.001983306 -7.432141e-05 -0.0058 -0.001996926 2.479891e-05 -0.0058 -0.001999658 0.0001236182 -0.0058 -0.00199147 0.0002209369 -0.0058 -0.00197246 0.0003155738 -0.0058 -0.00194286 0.00040638 -0.0058 -0.001903029 0.0004922533 -0.0058 -0.00185345 0.0005721514 -0.0058 -0.001794725 0.0006451043 -0.0058 -0.001727567 0.0007102265 -0.0058 -0.001652792 0.0007667274 -0.0058 -0.001571306 0.0008139215 -0.0058 -0.001484099 0.0008512355 -0.0058 -0.00139223 0.0008782167 -0.0058 -0.001296813 0.0008945376 -0.0058 -0.001199007 0.004426821 -0.00527568 -0.009342493 0.004158347 -0.00548978 -0.009342493 0.003879535 -0.005690233 -0.009342493 0.003591078 -0.005876538 -0.009342493 0.003293693 -0.006048234 -0.009342493 0.002988119 -0.006204892 -0.009342493 0.002675116 -0.006346125 -0.009342493 0.002355462 -0.00647158 -0.009342493 0.002029953 -0.006580945 -0.009342493 0.001699396 -0.006673949 -0.009342493 0.001364615 -0.00675036 -0.009342493 0.001026441 -0.00680999 -0.009342493 0.0006857149 -0.006852688 -0.009342493 0.0003432842 -0.00687835 -0.009342493 9.587886e-16 -0.006886911 -0.009342493 -0.0003432842 -0.00687835 -0.009342493 -0.0006857149 -0.006852688 -0.009342493 -0.001026441 -0.00680999 -0.009342493 -0.001364615 -0.00675036 -0.009342493 -0.001699396 -0.006673949 -0.009342493 -0.002029953 -0.006580945 -0.009342493 -0.002355462 -0.00647158 -0.009342493 -0.002675116 -0.006346125 -0.009342493 -0.002988119 -0.006204892 -0.009342493 -0.003293693 -0.006048234 -0.009342493 -0.003591078 -0.005876538 -0.009342493 -0.003879535 -0.005690233 -0.009342493 -0.004158347 -0.00548978 -0.009342493 -0.004426821 -0.00527568 -0.009342493 0.004489759 -0.005350686 -0.003733006 -0.004489759 -0.005350686 -0.003733006 -0.004217468 -0.005567831 -0.003733006 -0.003934692 -0.005771133 -0.003733006 -0.003642134 -0.005960087 -0.003733006 -0.00334052 -0.006134224 -0.003733006 -0.003030602 -0.00629311 -0.003733006 -0.002713149 -0.00643635 -0.003733006 -0.002388951 -0.006563589 -0.003733006 -0.002058813 -0.006674509 -0.003733006 -0.001723557 -0.006768835 -0.003733006 -0.001384016 -0.006846333 -0.003733006 -0.001041034 -0.00690681 -0.003733006 -0.000695464 -0.006950116 -0.003733006 -0.0003481648 -0.006976142 -0.003733006 1.095124e-15 -0.006984825 -0.003733006 0.0003481648 -0.006976142 -0.003733006 0.000695464 -0.006950116 -0.003733006 0.001041034 -0.00690681 -0.003733006 0.001384016 -0.006846333 -0.003733006 0.001723557 -0.006768835 -0.003733006 0.002058813 -0.006674509 -0.003733006 0.002388951 -0.006563589 -0.003733006 0.002713149 -0.00643635 -0.003733006 0.003030602 -0.00629311 -0.003733006 0.00334052 -0.006134224 -0.003733006 0.003642134 -0.005960087 -0.003733006 0.003934692 -0.005771133 -0.003733006 0.004217468 -0.005567831 -0.003733006 -0.008679955 -0.002 -0.004470504 -0.00818761 -0.002 -0.00445088 -0.008430926 -0.002 -0.00372542 -0.008745141 -0.002 -0.00372542 -0.008181898 -0.002 -0.002980336 -0.008496113 -0.002 -0.002980336 -0.00793287 -0.002 -0.002235252 -0.008247085 -0.002 -0.002235252 -0.007683842 -0.002 -0.001490168 -0.007998056 -0.002 -0.001490168 -0.007434813 -0.002 -0.000745084 -0.007749028 -0.002 -0.000745084 -0.00818761 0.002 -0.00445088 -0.008679955 0.002 -0.004470504 -0.008430926 0.002 -0.00372542 -0.008745141 0.002 -0.00372542 -0.008181898 0.002 -0.002980336 -0.008496113 0.002 -0.002980336 -0.00793287 0.002 -0.002235252 -0.008247085 0.002 -0.002235252 -0.007683842 0.002 -0.001490168 -0.007998056 0.002 -0.001490168 -0.007434813 0.002 -0.000745084 -0.007749028 0.002 -0.000745084 -0.0006 0.007652791 -0.0004291796 0.0009 0.0058 -0.0011 0.0008945376 0.0058 -0.001000993 0.0008782167 0.0058 -0.000903187 0.0008512355 0.0058 -0.0008077705 0.0008139215 0.0058 -0.0007159012 0.0007667274 0.0058 -0.0006286944 0.0007102265 0.0058 -0.0005472085 0.0006451043 0.0058 -0.0004724329 0.0005721514 0.0058 -0.000405275 0.0004631384 0.007654551 -0.0003283117 0.0006 0.007652791 -0.0004291796 0.0004922533 0.0058 -0.0003465502 0.00040638 0.0058 -0.0002969712 0.0003097494 0.007655831 -0.0002549821 0.0003155738 0.0058 -0.0002571399 0.0002209369 0.0058 -0.0002275398 0.0001533024 0.007656561 -0.0002131526 0.0001236182 0.0058 -0.0002085301 1.891747e-05 0.007656787 -0.0002001988 2.479891e-05 0.0058 -0.0002003417 -7.432141e-05 0.0058 -0.000203074 -9.352428e-05 0.007656705 -0.0002048725 -0.0001725396 0.0058 -0.0002166937 -0.0002768189 0.007656029 -0.000243629 -0.0002686633 0.0058 -0.0002410355 -0.0003615259 0.0058 -0.000275804 -0.0004481184 0.007654705 -0.0003194938 -0.00045 0.0058 -0.0003205771 -0.0005330117 0.0058 -0.0003748114 -0.0006095534 0.0058 -0.0004378485 -0.000678696 0.0058 -0.0005089232 -0.0007396001 0.0058 -0.0005871727 -0.0007915264 0.0058 -0.0006716474 -0.0008338447 0.0058 -0.0007613215 -0.0008660412 0.0058 -0.0008551069 -0.0008877252 0.0058 -0.0009518649 -0.0008986334 0.0058 -0.001050421 -0.0008986334 0.0058 -0.001149579 -0.0008877252 0.0058 -0.001248135 -0.0008660412 0.0058 -0.001344893 -0.0008338447 0.0058 -0.001438678 -0.0007915264 0.0058 -0.001528353 -0.0007396001 0.0058 -0.001612827 -0.000678696 0.0058 -0.001691077 -0.0006095534 0.0058 -0.001762151 -0.0005330117 0.0058 -0.001825189 -0.00045 0.0058 -0.001879423 -0.0003615259 0.0058 -0.001924196 -0.0002686633 0.0058 -0.001958964 -0.0001725396 0.0058 -0.001983306 -7.432141e-05 0.0058 -0.001996926 2.479891e-05 0.0058 -0.001999658 0.0001236182 0.0058 -0.00199147 0.0002209369 0.0058 -0.00197246 0.0003155738 0.0058 -0.00194286 0.00040638 0.0058 -0.001903029 0.0004922533 0.0058 -0.00185345 0.0005721514 0.0058 -0.001794725 0.0006451043 0.0058 -0.001727567 0.0007102265 0.0058 -0.001652792 0.0007667274 0.0058 -0.001571306 0.0008139215 0.0058 -0.001484099 0.0008512355 0.0058 -0.00139223 0.0008782167 0.0058 -0.001296813 0.0008945376 0.0058 -0.001199007 -0.005444428 -0.002751036 -0.009 -0.005302393 -0.003015729 -0.009 -0.00557326 -0.002479671 -0.009 -0.0051475 -0.003273109 -0.009 -0.004980124 -0.003522552 -0.009 -0.00480067 -0.003763452 -0.009 -0.004609574 -0.003995225 -0.009 -0.0044073 -0.00421731 -0.009 -0.004194338 -0.004429168 -0.009 -0.003971205 -0.004630284 -0.009 -0.00298812 -0.005318001 -0.009 -0.002722692 -0.005458658 -0.009 -0.002450661 -0.005586077 -0.009 -0.002172687 -0.00569995 -0.009 -0.001889444 -0.0058 -0.009 -0.003738441 -0.004820172 -0.009 -0.003496611 -0.004998371 -0.009 -0.003246302 -0.005164448 -0.009 0.001889444 -0.0058 -0.009 0.002167288 -0.005702005 -0.009 0.002440075 -0.00559071 -0.009 0.002707171 -0.005466372 -0.009 -0.005444428 0.002751036 -0.009 -0.00557326 0.002479671 -0.009 0.002967952 -0.005329284 -0.009 -0.005302393 0.003015729 -0.009 0.003221809 -0.005179763 -0.009 -0.0051475 0.003273109 -0.009 0.003468151 -0.00501816 -0.009 -0.004980124 0.003522552 -0.009 0.003706402 -0.004844851 -0.009 -0.00480067 0.003763452 -0.009 0.003936008 -0.004660241 -0.009 -0.004609574 0.003995225 -0.009 -0.0044073 0.00421731 -0.009 -0.004194338 0.004429168 -0.009 -0.003971205 0.004630284 -0.009 0.004156432 -0.004464759 -0.009 0.00436716 -0.004258862 -0.009 0.004567702 -0.004043031 -0.009 0.004757588 -0.003817769 -0.009 0.004936376 -0.003583601 -0.009 0.005103649 -0.003341073 -0.009 0.005259017 -0.003090752 -0.009 -0.00298812 0.005318001 -0.009 -0.003246302 0.005164448 -0.009 -0.003496611 0.004998371 -0.009 -0.003738441 0.004820172 -0.009 0.005402116 -0.002833221 -0.009 -0.002722692 0.005458658 -0.009 0.005532615 -0.002569081 -0.009 -0.002450661 0.005586077 -0.009 -0.002172687 0.00569995 -0.009 -0.001889444 0.0058 -0.009 0.001889444 0.0058 -0.009 0.002167288 0.005702005 -0.009 0.002440075 0.00559071 -0.009 0.002707171 0.005466372 -0.009 0.005402116 0.002833221 -0.009 0.005532615 0.002569081 -0.009 0.002967952 0.005329284 -0.009 0.005259017 0.003090752 -0.009 0.003221809 0.005179763 -0.009 0.005103649 0.003341073 -0.009 0.003468151 0.00501816 -0.009 0.004936376 0.003583601 -0.009 0.003706402 0.004844851 -0.009 0.004757588 0.003817769 -0.009 0.003936008 0.004660241 -0.009 0.004567702 0.004043031 -0.009 0.004156432 0.004464759 -0.009 0.00436716 0.004258862 -0.009 -0.005688577 0.002202293 -0.009 -0.005790098 0.001919575 -0.009 -0.005877578 0.001632201 -0.009 -0.005950804 0.001340869 -0.009 -0.0060096 0.001046285 -0.009 -0.006053822 0.0007491642 -0.009 -0.006083362 0.0004502265 -0.009 -0.006098151 0.0001501969 -0.009 -0.006098151 -0.0001501969 -0.009 -0.006083362 -0.0004502265 -0.009 -0.006053822 -0.0007491642 -0.009 -0.0060096 -0.001046285 -0.009 -0.005950804 -0.001340869 -0.009 -0.005877578 -0.001632201 -0.009 -0.005790098 -0.001919575 -0.009 -0.005688577 -0.002202293 -0.009 0.005650207 0.002298948 -0.009 0.005754619 0.002023452 -0.009 0.005845608 0.001743236 -0.009 0.00592296 0.001458954 -0.009 0.005986496 0.001171268 -0.009 0.006036067 0.00088085 -0.009 0.006071558 0.0005883774 -0.009 0.006092885 0.0002945322 -0.009 0.0061 0 -0.009 0.006092885 -0.0002945322 -0.009 0.006071558 -0.0005883774 -0.009 0.006036067 -0.00088085 -0.009 0.005986496 -0.001171268 -0.009 0.00592296 -0.001458954 -0.009 0.005845608 -0.001743236 -0.009 0.005754619 -0.002023452 -0.009 0.005650207 -0.002298948 -0.009 0.0083 0 0.0011 0.008289682 -0.0004137208 0.0011 0.008258756 -0.0008264132 0.0011 0.008207295 -0.001237051 0.0011 0.008135431 -0.001644613 0.0011 0.008043342 -0.002048086 0.0011 0.007931254 -0.002446468 0.0011 0.007799449 -0.002838767 0.0011 0.007648252 -0.003224009 0.0011 0.007478042 -0.003601235 0.0011 0.007289239 -0.003969508 0.0011 0.007082314 -0.004327912 0.0011 0.006857782 -0.004675557 0.0011 0.0066162 -0.005011577 0.0011 0.006358169 -0.005335137 0.0011 0.006084331 -0.005645434 0.0011 0.005795366 -0.005941695 0.0011 0.005491992 -0.006223184 0.0011 0.005174965 -0.006489201 0.0011 0.004845072 -0.006739086 0.0011 0.004503134 -0.006972215 0.0011 0.00415 -0.007188011 0.0011 0.003786548 -0.007385936 0.0011 0.003413683 -0.007565498 0.0011 0.003032331 -0.007726252 0.0011 0.002643439 -0.007867797 0.0011 0.002247976 -0.007989781 0.0011 0.001846924 -0.008091902 0.0011 0.00144128 -0.008173904 0.0011 0.001032053 -0.008235585 0.0011 0.0006202598 -0.008276792 0.0011 0.0002069247 -0.008297421 0.0011 -0.0002069247 -0.008297421 0.0011 -0.0006202598 -0.008276792 0.0011 -0.001032053 -0.008235585 0.0011 -0.00144128 -0.008173904 0.0011 -0.001846924 -0.008091902 0.0011 -0.002247976 -0.007989781 0.0011 -0.002643439 -0.007867797 0.0011 -0.003032331 -0.007726252 0.0011 -0.003413683 -0.007565498 0.0011 -0.003786548 -0.007385936 0.0011 -0.00415 -0.007188011 0.0011 -0.004503134 -0.006972215 0.0011 -0.004845072 -0.006739086 0.0011 -0.005174965 -0.006489201 0.0011 -0.005491992 -0.006223184 0.0011 -0.005795366 -0.005941695 0.0011 -0.006084331 -0.005645434 0.0011 -0.006358169 -0.005335137 0.0011 -0.0066162 -0.005011577 0.0011 -0.006857782 -0.004675557 0.0011 -0.007082314 -0.004327912 0.0011 -0.007289239 -0.003969508 0.0011 -0.007478042 -0.003601235 0.0011 -0.007648252 -0.003224009 0.0011 -0.007799449 -0.002838767 0.0011 -0.007931254 -0.002446468 0.0011 -0.008043342 -0.002048086 0.0011 -0.008135431 -0.001644613 0.0011 -0.008207295 -0.001237051 0.0011 -0.008258756 -0.0008264132 0.0011 -0.008289682 -0.0004137208 0.0011 -0.0083 -2.847107e-17 0.0011 -0.008289682 0.0004137208 0.0011 -0.008258756 0.0008264132 0.0011 -0.008207295 0.001237051 0.0011 -0.008135431 0.001644613 0.0011 -0.008043342 0.002048086 0.0011 -0.007931254 0.002446468 0.0011 -0.007799449 0.002838767 0.0011 -0.007648252 0.003224009 0.0011 -0.007478042 0.003601235 0.0011 -0.007289239 0.003969508 0.0011 -0.007082314 0.004327912 0.0011 -0.006857782 0.004675557 0.0011 -0.0066162 0.005011577 0.0011 -0.006358169 0.005335137 0.0011 -0.006084331 0.005645434 0.0011 -0.005795366 0.005941695 0.0011 -0.005491992 0.006223184 0.0011 -0.005174965 0.006489201 0.0011 -0.004845072 0.006739086 0.0011 -0.004503134 0.006972215 0.0011 -0.00415 0.007188011 0.0011 -0.003786548 0.007385936 0.0011 -0.003413683 0.007565498 0.0011 -0.003032331 0.007726252 0.0011 -0.002643439 0.007867797 0.0011 -0.002247976 0.007989781 0.0011 -0.001846924 0.008091902 0.0011 -0.00144128 0.008173904 0.0011 -0.001032053 0.008235585 0.0011 -0.0006202598 0.008276792 0.0011 -0.0002069247 0.008297421 0.0011 0.0002069247 0.008297421 0.0011 0.0006202598 0.008276792 0.0011 0.001032053 0.008235585 0.0011 0.00144128 0.008173904 0.0011 0.001846924 0.008091902 0.0011 0.002247976 0.007989781 0.0011 0.002643439 0.007867797 0.0011 0.003032331 0.007726252 0.0011 0.003413683 0.007565498 0.0011 0.003786548 0.007385936 0.0011 0.00415 0.007188011 0.0011 0.004503134 0.006972215 0.0011 0.004845072 0.006739086 0.0011 0.005174965 0.006489201 0.0011 0.005491992 0.006223184 0.0011 0.005795366 0.005941695 0.0011 0.006084331 0.005645434 0.0011 0.006358169 0.005335137 0.0011 0.0066162 0.005011577 0.0011 0.006857782 0.004675557 0.0011 0.007082314 0.004327912 0.0011 0.007289239 0.003969508 0.0011 0.007478042 0.003601235 0.0011 0.007648252 0.003224009 0.0011 0.007799449 0.002838767 0.0011 0.007931254 0.002446468 0.0011 0.008043342 0.002048086 0.0011 0.008135431 0.001644613 0.0011 0.008207295 0.001237051 0.0011 0.008258756 0.0008264132 0.0011 0.008289682 0.0004137208 0.0011 -0.001889444 -0.0058 0 0.001889444 -0.0058 0 -0.003585363 -0.005931178 -0.006837586 -0.0038664 -0.005755237 -0.006680116 -0.003806643 -0.005791312 -0.006853574 -0.003705298 -0.005855574 -0.006906656 -0.003373152 -0.006051047 -0.007004461 -0.00350595 -0.005976803 -0.006919561 -0.003595197 -0.00592194 -0.006998283 -0.003771898 -0.005822222 -0.006458382 -0.003964455 -0.005687736 -0.006698925 -0.003446924 -0.006013381 -0.006803091 -0.003537239 -0.005963477 -0.006666427 -0.003960181 -0.00570245 -0.006146785 -0.003761959 -0.00583123 -0.00633414 -0.003584657 -0.005938367 -0.006505927 -0.003701236 -0.005867719 -0.006442708 -0.003861448 -0.005769239 -0.006171864 -0.003745799 -0.005841591 -0.006335708 -0.003630159 -0.005915107 -0.006288843 -0.003501865 -0.005992082 -0.006282417 -0.003586929 -0.005939568 -0.006379752 -0.003470968 -0.006006096 -0.006477661 -0.003579412 -0.005948899 -0.006144277 -0.003813261 -0.005804436 -0.006017005 -0.003618523 -0.00592781 -0.006016169 -0.003716322 -0.005868041 -0.005965386 -0.002980311 -0.006260575 -0.006658381 -0.003253605 -0.006116158 -0.007004461 -0.002689815 -0.006384216 -0.007004461 -0.00316205 -0.006170778 -0.006658381 -0.003977479 -0.00570642 -0.005394104 -0.003932005 -0.005724594 -0.006020297 -0.00388034 -0.005761726 -0.005925888 -0.003808464 -0.005810713 -0.005867111 -0.002796025 -0.006345022 -0.006658381 -0.003871204 -0.005779045 -0.005394104 -0.003719663 -0.00586836 -0.005847518 -0.002222836 -0.006563228 -0.00690676 -0.002554642 -0.006439497 -0.007004461 -0.002235429 -0.006557148 -0.007004461 -0.003441294 -0.006044921 -0.005394104 -0.003594769 -0.00594486 -0.005887957 -0.00387507 -0.005784815 -0.004996195 -0.002149354 -0.006590456 -0.006754358 -0.001876689 -0.006671095 -0.006871546 -0.002031548 -0.006626983 -0.006794588 -0.002079134 -0.0066108 -0.006871546 -0.003743357 -0.005874712 -0.004812236 -0.001900368 -0.006668428 -0.006648977 -0.001749263 -0.006705636 -0.006871546 -0.003051725 -0.006251726 -0.005338409 -0.003292669 -0.006127145 -0.005394104 -0.003052301 -0.006241424 -0.005854206 -0.003130176 -0.006214631 -0.005245633 -0.00221873 -0.00657794 -0.006183567 -0.002086953 -0.006611964 -0.006673329 -0.002001628 -0.006639979 -0.006580795 -0.002949138 -0.006299674 -0.005395227 -0.002927271 -0.006301031 -0.005854206 -0.003187534 -0.006187895 -0.005118922 -0.001795097 -0.006699615 -0.006533833 -0.001621202 -0.006737743 -0.006871546 -0.002102231 -0.006615818 -0.006198614 -0.001875192 -0.006679295 -0.00644253 -0.001467766 -0.006773487 -0.006834399 -0.001620659 -0.006735487 -0.007004461 -0.001403148 -0.006785345 -0.006936645 -0.002819266 -0.006358494 -0.005414166 -0.00398896 -0.005722892 -0.004243848 -0.001497397 -0.006769338 -0.006703522 -0.00172411 -0.006719821 -0.006445686 -0.001797235 -0.006702615 -0.006336126 -0.001477636 -0.006778049 -0.006458905 -0.001375162 -0.006795447 -0.006690983 -0.001647964 -0.006741435 -0.006304621 -0.00174422 -0.006719682 -0.006165542 -0.002053201 -0.006634328 -0.006027298 -0.003882378 -0.005795725 -0.004243848 -0.001047943 -0.006851092 -0.006829488 -0.001311391 -0.006805169 -0.006852581 -0.001191244 -0.006826267 -0.006906656 -0.001368122 -0.006800693 -0.006476146 -0.001793871 -0.006709167 -0.006023327 -0.001921473 -0.006674795 -0.005965386 -0.001004036 -0.006859248 -0.006739716 -0.002296679 -0.006565732 -0.005394104 -0.002130138 -0.006611746 -0.005933516 -0.00203866 -0.006641701 -0.005869018 -0.002500913 -0.006494431 -0.005193948 -0.002583025 -0.006459931 -0.005315264 -0.002690668 -0.006414438 -0.005389441 -0.0009895986 -0.006863374 -0.006624734 -0.003124648 -0.00623434 -0.004378866 -0.003317988 -0.006136306 -0.004243848 -0.003186594 -0.006200593 -0.004496668 -0.0006586803 -0.00689808 -0.006905036 -0.0008831257 -0.006875516 -0.006759295 -0.0009398576 -0.00686579 -0.006884242 -0.00213031 -0.006621583 -0.005394104 -0.003470871 -0.006051145 -0.004243848 -0.002448955 -0.006517297 -0.005027909 -0.001046721 -0.006858273 -0.006433409 -0.001194831 -0.006835268 -0.006363294 -0.001296956 -0.00681607 -0.006394694 -0.0007305489 -0.006894159 -0.006715944 -0.0008644209 -0.006880465 -0.006613084 -0.003039981 -0.00627772 -0.004293273 -0.001962584 -0.006673218 -0.005394104 -0.001919495 -0.006677505 -0.005847518 -0.0007486678 -0.00689447 -0.006587493 -0.000886409 -0.006880302 -0.006463372 -0.001293686 -0.006823695 -0.006000495 -0.001344016 -0.006808412 -0.006312354 -0.001163887 -0.006842811 -0.006238739 -0.001387755 -0.006807555 -0.005867581 -0.001798699 -0.006710635 -0.005870572 -0.001705417 -0.006733701 -0.005939733 -0.00164567 -0.006746696 -0.006042972 -0.001812304 -0.006715943 -0.005374511 -0.0007549143 -0.006896441 -0.006436439 -0.0009516294 -0.006873695 -0.006343597 -0.00267786 -0.006438297 -0.004410984 -0.002827379 -0.006375151 -0.004353356 -0.002585512 -0.006472477 -0.004594944 -0.001102818 -0.00685713 -0.006000495 -0.001048124 -0.006861033 -0.006264953 -0.002467383 -0.006519082 -0.004559677 -0.002569382 -0.006471488 -0.004989508 -0.001700194 -0.006746235 -0.005316831 -0.0007464669 -0.006900599 -0.006251957 -0.0009110906 -0.006885227 -0.006000495 -0.00293838 -0.006326917 -0.004241158 -0.002825863 -0.006378297 -0.004223785 -0.0007203278 -0.006905914 -0.006107391 -0.002303308 -0.006584684 -0.004243848 -0.002701989 -0.006431335 -0.004245821 -0.002598462 -0.006472613 -0.004311925 -0.002519037 -0.006501951 -0.004417907 -0.001071972 -0.006872733 -0.005394104 -0.001176731 -0.006847188 -0.005867581 -0.001044258 -0.006868639 -0.005867581 -0.001550559 -0.006787059 -0.005044941 -0.00161455 -0.006769116 -0.005212443 -0.0009538147 -0.006890124 -0.005394104 -0.000911395 -0.006887527 -0.005867581 -0.0006158056 -0.006919387 -0.005915125 0.0004409511 -0.006919175 -0.006689938 0.0003379441 -0.006924971 -0.006689938 0.0003886138 -0.006919019 -0.006878286 -5.289122e-05 -0.006947598 -0.005854206 -0.0003034212 -0.006940635 -0.005884874 -0.000206016 -0.006942327 -0.005992606 -0.0001456841 -0.006940864 -0.006163974 -0.001310155 -0.006846781 -0.004524724 -0.00153607 -0.006797108 -0.004667435 -0.001309705 -0.00684443 -0.004661819 -0.001611657 -0.006783838 -0.004430289 -0.001564536 -0.006792909 -0.004539249 -0.000422047 -0.006943015 -0.005394104 -0.0004404409 -0.006933942 -0.005847518 -0.001983565 -0.006687956 -0.004243848 8.62821e-05 -0.006947263 -0.005854206 -0.000302779 -0.006949237 -0.005394104 -0.001217811 -0.006864895 -0.004463387 -0.001677543 -0.006769422 -0.004342698 -0.00113772 -0.006879914 -0.004390347 0.001180402 -0.006832548 -0.006658381 0.0009801649 -0.006864134 -0.006658381 0.0008738747 -0.006872385 -0.007004461 -0.001816386 -0.006734985 -0.004260306 0.0007034163 -0.006912099 -0.005854206 -0.001032985 -0.00689912 -0.004237161 -0.000567978 -0.006948903 -0.004463387 -0.0009565839 -0.006910128 -0.004237161 -0.0006616148 -0.006939538 -0.004524724 0.001805473 -0.006691002 -0.00685599 0.001631271 -0.006732925 -0.007004461 0.001888329 -0.006666409 -0.006948766 0.001745152 -0.006709273 -0.00672928 -0.0004868311 -0.006956336 -0.004390347 -0.0003807553 -0.006965626 -0.004237161 0.002355287 -0.006520183 -0.006728221 0.001858422 -0.006679737 -0.00667672 0.001965385 -0.006646066 -0.006840721 0.002122382 -0.006596613 -0.006894953 0.002295727 -0.006539681 -0.006820606 0.002392252 -0.006509098 -0.006599865 0.001824872 -0.006693628 -0.006419877 0.001832929 -0.006688933 -0.006557624 -0.0003036581 -0.006969413 -0.004237161 0.002380949 -0.006520573 -0.006205301 0.002136819 -0.006609036 -0.005963714 0.001957634 -0.00666315 -0.006027454 0.001855258 -0.00668928 -0.006198509 0.001832731 -0.006693513 -0.006307534 0.002289719 -0.006556567 -0.006021342 0.002499569 -0.006476688 -0.006170035 0.002512047 -0.006463091 -0.006638267 -0.0004230018 -0.006958722 -0.004492593 -0.0005360085 -0.006949237 -0.004589301 -0.001074397 -0.00688828 -0.004492593 -0.001186014 -0.006868229 -0.004589301 -0.003876828 -0.00578744 -0.004815162 -0.003667769 -0.005924291 -0.004710356 -0.003224158 -0.006178283 -0.004642017 0.0007386715 -0.006888228 -0.007004461 0.001110563 -0.006858467 -0.005854206 0.000833832 -0.006897582 -0.005854206 0.000453791 -0.006912843 -0.007004461 0.001247066 -0.006834965 -0.005854206 0.001708583 -0.006721362 -0.006580299 0.0003224948 -0.006920211 -0.007004461 -0.0001292587 -0.006939117 -0.006282612 -0.0001237499 -0.006936532 -0.006436439 -0.0001324558 -0.006933172 -0.006619719 -0.0001586858 -0.006930104 -0.006763919 -0.001625362 -0.006749368 -0.006168258 -0.003428032 -0.006026972 -0.006663606 -0.003890566 -0.005706413 -0.008220595 -0.003303058 -0.006065432 -0.008220595 -0.003704756 -0.005853482 -0.007024524 -0.003901598 -0.005722593 -0.007098698 -0.003803067 -0.005790564 -0.007001862 -0.003882855 -0.005738801 -0.006933876 -0.003938507 -0.005702959 -0.006829788 -0.002682723 -0.00636417 -0.008220595 -0.003312424 -0.00608263 -0.007098698 -0.002035725 -0.006599658 -0.008220595 -0.002690329 -0.006382215 -0.007098698 -0.001368495 -0.006769555 -0.008220595 -0.003321789 -0.006099828 -0.005976801 -0.003505817 -0.005995518 -0.005998249 -0.003473859 -0.006011099 -0.006146628 -0.002041497 -0.006618371 -0.007098698 -0.001827382 -0.006682365 -0.007004461 -0.00203237 -0.0066229 -0.007004461 -0.0006876647 -0.006872174 -0.008220595 -0.001190891 -0.00682424 -0.007024524 -0.002697936 -0.00640026 -0.005976801 -0.002191113 -0.00658985 -0.006039027 -0.001372375 -0.00678875 -0.007098698 -0.001309014 -0.00680296 -0.007002554 -0.003331155 -0.006117026 -0.004854903 -0.003222982 -0.00617244 -0.004969942 -0.003235673 -0.006168942 -0.004810355 9.698908e-16 -0.006906494 -0.008220595 -0.0004391385 -0.006913438 -0.007024524 -0.0006896145 -0.006891659 -0.007098698 -0.0005639064 -0.006904904 -0.006994652 -0.001048664 -0.006848157 -0.006989453 -0.002705542 -0.006418305 -0.004854903 -0.002997667 -0.006295641 -0.004417097 -0.003091758 -0.00624664 -0.004588151 -0.003111448 -0.006234729 -0.004697176 -0.003117408 -0.006229558 -0.004809519 -0.003108241 -0.006231451 -0.004947267 -0.003083015 -0.006241652 -0.005066362 -0.002980453 -0.006288104 -0.005230363 -0.002829887 -0.00635625 -0.005284595 -0.002738476 -0.006396518 -0.005266008 -0.002662079 -0.006429741 -0.005210248 -0.002604462 -0.006455033 -0.005117864 0.0006876647 -0.006872174 -0.008220595 9.721113e-16 -0.006926076 -0.007098698 -0.0002023438 -0.006927037 -0.006874381 -0.0002633351 -0.006923552 -0.006956551 0.001368495 -0.006769555 -0.008220595 -0.0006915643 -0.006911145 -0.005976801 -0.0006766837 -0.006912263 -0.005996995 0.0006896145 -0.006891659 -0.007098698 -0.001380136 -0.006827139 -0.004854903 -0.001526187 -0.006796735 -0.004812706 -0.001532033 -0.006793209 -0.004936282 0.002035725 -0.006599658 -0.008220595 0.001372375 -0.00678875 -0.007098698 0.001488982 -0.006765815 -0.007004461 0.00137963 -0.006795122 -0.006658381 -0.0006935142 -0.00693063 -0.004854903 -0.0006613877 -0.006937155 -0.004661819 0.002682723 -0.00636417 -0.008220595 0.002041497 -0.006618371 -0.007098698 0.002264342 -0.006547305 -0.006999798 0.002131751 -0.006591215 -0.007024524 0.001996305 -0.006633839 -0.007005584 9.783285e-16 -0.006965242 -0.004854903 0.003303058 -0.006065432 -0.008220595 0.001376256 -0.006807944 -0.005976801 0.001914331 -0.006677969 -0.005903631 0.001696844 -0.006727208 -0.006420712 0.001711597 -0.006726501 -0.006252375 0.001754295 -0.006718114 -0.006107026 0.001822683 -0.006702014 -0.005989223 0.002690329 -0.006382215 -0.007098698 0.002458297 -0.006480627 -0.006804305 0.002374443 -0.006509563 -0.006925622 0.0006935142 -0.00693063 -0.004854903 0.003890566 -0.005706413 -0.008220595 0.003312424 -0.00608263 -0.007098698 0.001380136 -0.006827139 -0.004854903 0.002697936 -0.00640026 -0.005976801 0.002371437 -0.006529295 -0.005922283 0.002449862 -0.006498299 -0.006028265 0.003901598 -0.005722593 -0.007098698 0.002053041 -0.006655796 -0.004854903 0.002022409 -0.006646986 -0.005851515 0.002140037 -0.006610372 -0.005834143 0.002267192 -0.006567441 -0.005856178 0.003321789 -0.006099828 -0.005976801 0.002705542 -0.006418305 -0.004854903 0.003912629 -0.005738773 -0.005976801 0.003331155 -0.006117026 -0.004854903 0.003923661 -0.005754953 -0.004854903 -0.001889444 0.0058 0 0.001889444 0.0058 0 0.0061 0 0.0015 0.006092417 -0.0003040599 0.0015 0.006069688 -0.0006073639 0.0015 0.006031868 -0.0009091578 0.0015 0.005979052 -0.001208691 0.0015 0.005911371 -0.00150522 0.0015 0.005828994 -0.001798007 0.0015 0.005732125 -0.002086323 0.0015 0.005621005 -0.002369452 0.0015 0.00549591 -0.002646691 0.0015 0.005357152 -0.002917349 0.0015 0.005205074 -0.003180755 0.0015 0.005040057 -0.003436252 0.0015 0.004862508 -0.003683207 0.0015 0.004672871 -0.003921005 0.0015 0.004471616 -0.004149054 0.0015 0.004259244 -0.004366788 0.0015 0.004036283 -0.004573665 0.0015 0.003803288 -0.004769172 0.0015 0.003560836 -0.004952822 0.0015 0.003309532 -0.005124158 0.0015 0.00305 -0.005282755 0.0015 0.002782885 -0.005428218 0.0015 0.002508851 -0.005560186 0.0015 0.00222858 -0.00567833 0.0015 0.001942769 -0.005782357 0.0015 0.001652127 -0.005872008 0.0015 0.001606327 -0.005884702 0 0.001357378 -0.00594706 0.0015 0.00131944 -0.005955592 0 0.001059254 -0.006007327 0.0015 0.001029456 -0.006012505 0 0.0007584966 -0.006052659 0.0015 0.0007370567 -0.006055307 0 0.0004558536 -0.006082943 0.0015 0.0004429271 -0.006083898 0 0.0001520772 -0.006098104 0.0015 0.000147758 -0.00609821 0 -0.0001520772 -0.006098104 0.0015 -0.000147758 -0.00609821 0 -0.0004429271 -0.006083898 0 -0.0004558536 -0.006082943 0.0015 -0.0007370567 -0.006055307 0 -0.0007584966 -0.006052659 0.0015 -0.001029456 -0.006012505 0 -0.001059254 -0.006007327 0.0015 -0.00131944 -0.005955592 0 -0.001357378 -0.00594706 0.0015 -0.001606327 -0.005884702 0 -0.001652127 -0.005872008 0.0015 -0.001942769 -0.005782357 0.0015 -0.00222858 -0.00567833 0.0015 -0.002508851 -0.005560186 0.0015 -0.002782885 -0.005428218 0.0015 -0.00305 -0.005282755 0.0015 -0.003309532 -0.005124158 0.0015 -0.003560836 -0.004952822 0.0015 -0.003803288 -0.004769172 0.0015 -0.004036283 -0.004573665 0.0015 -0.004259244 -0.004366788 0.0015 -0.004471616 -0.004149054 0.0015 -0.004672871 -0.003921005 0.0015 -0.004862508 -0.003683207 0.0015 -0.005040057 -0.003436252 0.0015 -0.005205074 -0.003180755 0.0015 -0.005357152 -0.002917349 0.0015 -0.00549591 -0.002646691 0.0015 -0.005621005 -0.002369452 0.0015 -0.005732125 -0.002086323 0.0015 -0.005828994 -0.001798007 0.0015 -0.005911371 -0.00150522 0.0015 -0.005979052 -0.001208691 0.0015 -0.006031868 -0.0009091578 0.0015 -0.006069688 -0.0006073639 0.0015 -0.006092417 -0.0003040599 0.0015 -0.0061 2.092452e-17 0.0015 -0.006092417 0.0003040599 0.0015 -0.006069688 0.0006073639 0.0015 -0.006031868 0.0009091578 0.0015 -0.005979052 0.001208691 0.0015 -0.005911371 0.00150522 0.0015 -0.005828994 0.001798007 0.0015 -0.005732125 0.002086323 0.0015 -0.005621005 0.002369452 0.0015 -0.00549591 0.002646691 0.0015 -0.005357152 0.002917349 0.0015 -0.005205074 0.003180755 0.0015 -0.005040057 0.003436252 0.0015 -0.004862508 0.003683207 0.0015 -0.004672871 0.003921005 0.0015 -0.004471616 0.004149054 0.0015 -0.004259244 0.004366788 0.0015 -0.004036283 0.004573665 0.0015 -0.003803288 0.004769172 0.0015 -0.003560836 0.004952822 0.0015 -0.003309532 0.005124158 0.0015 -0.00305 0.005282755 0.0015 -0.002782885 0.005428218 0.0015 -0.002508851 0.005560186 0.0015 -0.00222858 0.00567833 0.0015 -0.001942769 0.005782357 0.0015 -0.001652127 0.005872008 0.0015 -0.001606327 0.005884702 0 -0.001357378 0.00594706 0.0015 -0.00131944 0.005955592 0 -0.001059254 0.006007327 0.0015 -0.001029456 0.006012505 0 -0.0007584966 0.006052659 0.0015 -0.0007370567 0.006055307 0 -0.0004558536 0.006082943 0.0015 -0.0004429271 0.006083898 0 -0.0001520772 0.006098104 0.0015 -0.000147758 0.00609821 0 0.0001520772 0.006098104 0.0015 0.000147758 0.00609821 0 0.0004429271 0.006083898 0 0.0004558536 0.006082943 0.0015 0.0007370567 0.006055307 0 0.0007584966 0.006052659 0.0015 0.001029456 0.006012505 0 0.001059254 0.006007327 0.0015 0.00131944 0.005955592 0 0.001357378 0.00594706 0.0015 0.001606327 0.005884702 0 0.001652127 0.005872008 0.0015 0.001942769 0.005782357 0.0015 0.00222858 0.00567833 0.0015 0.002508851 0.005560186 0.0015 0.002782885 0.005428218 0.0015 0.00305 0.005282755 0.0015 0.003309532 0.005124158 0.0015 0.003560836 0.004952822 0.0015 0.003803288 0.004769172 0.0015 0.004036283 0.004573665 0.0015 0.004259244 0.004366788 0.0015 0.004471616 0.004149054 0.0015 0.004672871 0.003921005 0.0015 0.004862508 0.003683207 0.0015 0.005040057 0.003436252 0.0015 0.005205074 0.003180755 0.0015 0.005357152 0.002917349 0.0015 0.00549591 0.002646691 0.0015 0.005621005 0.002369452 0.0015 0.005732125 0.002086323 0.0015 0.005828994 0.001798007 0.0015 0.005911371 0.00150522 0.0015 0.005979052 0.001208691 0.0015 0.006031868 0.0009091578 0.0015 0.006069688 0.0006073639 0.0015 0.006092417 0.0003040599 0.0015 0.0078 0 0.0013 0.0073 0 0.0015 0.007290926 -0.000363875 0.0015 0.007290926 0.000363875 0.0015 0.00776124 -0.0007766292 0.0013 0.007263725 -0.0007268453 0.0015 0.007218465 -0.001088009 0.0015 0.007645345 -0.00154554 0.0013 0.007155259 -0.001446467 0.0015 0.007074264 -0.001801329 0.0015 0.007453468 -0.00229909 0.0013 0.006975681 -0.002151713 0.0015 0.006859756 -0.002496747 0.0015 0.007187514 -0.003029791 0.0013 0.006726776 -0.002835574 0.0015 0.006577073 -0.003167351 0.0015 0.006850128 -0.003730381 0.0013 0.006411017 -0.003491254 0.0015 0.006229023 -0.003806477 0.0015 0.006444663 -0.004393897 0.0013 0.006031543 -0.004112236 0.0015 0.005819067 -0.004407772 0.0015 0.005975147 -0.005013743 0.0013 0.005592124 -0.004692349 0.0015 0.005351279 -0.004965261 0.0015 0.005446247 -0.005583761 0.0013 0.005097129 -0.005225828 0.0015 0.004830307 -0.005473403 0.0015 0.004863221 -0.006098286 0.0013 0.004551476 -0.00570737 0.0015 0.004261329 -0.005927147 0.0015 0.004231861 -0.006552202 0.0013 0.003960588 -0.006132189 0.0015 0.00365 -0.006321985 0.0015 0.003558443 -0.006941 0.0013 0.003330338 -0.006496064 0.0015 0.003002396 -0.006653993 0.0015 0.00284966 -0.007260815 0.0013 0.00266699 -0.006795378 0.0015 0.002324953 -0.006919869 0.0015 0.002112556 -0.007508469 0.0013 0.001977135 -0.007027157 0.0015 0.001624403 -0.007116974 0.0015 0.001354456 -0.0076815 0.0013 0.001267632 -0.007189096 0.0015 0.0009077091 -0.007243346 0.0015 0.0005828947 -0.00777819 0.0013 0.0005455297 -0.007279588 0.0015 0.0001819941 -0.007297731 0.0015 -0.0001944594 -0.007797575 0.0013 -0.0001819941 -0.007297731 0.0015 -0.0005455297 -0.007279588 0.0015 -0.0009698809 -0.007739466 0.0013 -0.0009077091 -0.007243346 0.0015 -0.001267632 -0.007189096 0.0015 -0.001735663 -0.007604438 0.0013 -0.001624403 -0.007116974 0.0015 -0.001977135 -0.007027157 0.0015 -0.002484196 -0.007393833 0.0013 -0.002324953 -0.006919869 0.0015 -0.00266699 -0.006795378 0.0015 -0.00320804 -0.007109746 0.0013 -0.003002396 -0.006653993 0.0015 -0.003330338 -0.006496064 0.0015 -0.0039 -0.006754998 0.0013 -0.00365 -0.006321985 0.0015 -0.003960588 -0.006132189 0.0015 -0.004553201 -0.006333117 0.0013 -0.004261329 -0.005927147 0.0015 -0.004551476 -0.00570737 0.0015 -0.00516115 -0.005848293 0.0013 -0.004830307 -0.005473403 0.0015 -0.005097129 -0.005225828 0.0015 -0.005717804 -0.005305347 0.0013 -0.005351279 -0.004965261 0.0015 -0.005592124 -0.004692349 0.0015 -0.006217634 -0.004709674 0.0013 -0.005819067 -0.004407772 0.0015 -0.006031543 -0.004112236 0.0015 -0.006655669 -0.004067194 0.0013 -0.006229023 -0.003806477 0.0015 -0.006411017 -0.003491254 0.0015 -0.007027557 -0.003384293 0.0013 -0.006577073 -0.003167351 0.0015 -0.006726776 -0.002835574 0.0015 -0.007329602 -0.002667757 0.0013 -0.006859756 -0.002496747 0.0015 -0.006975681 -0.002151713 0.0015 -0.007558803 -0.001924708 0.0013 -0.007074264 -0.001801329 0.0015 -0.007155259 -0.001446467 0.0015 -0.007712881 -0.00116253 0.0013 -0.007218465 -0.001088009 0.0015 -0.007263725 -0.0007268453 0.0015 -0.007790304 -0.0003887979 0.0013 -0.007290926 -0.000363875 0.0015 -0.0073 -2.504082e-17 0.0015 -0.007790304 0.0003887979 0.0013 -0.007290926 0.000363875 0.0015 -0.007263725 0.0007268453 0.0015 -0.007712881 0.00116253 0.0013 -0.007218465 0.001088009 0.0015 -0.007155259 0.001446467 0.0015 -0.007558803 0.001924708 0.0013 -0.007074264 0.001801329 0.0015 -0.006975681 0.002151713 0.0015 -0.007329602 0.002667757 0.0013 -0.006859756 0.002496747 0.0015 -0.006726776 0.002835574 0.0015 -0.007027557 0.003384293 0.0013 -0.006577073 0.003167351 0.0015 -0.006411017 0.003491254 0.0015 -0.006655669 0.004067194 0.0013 -0.006229023 0.003806477 0.0015 -0.006031543 0.004112236 0.0015 -0.006217634 0.004709674 0.0013 -0.005819067 0.004407772 0.0015 -0.005592124 0.004692349 0.0015 -0.005717804 0.005305347 0.0013 -0.005351279 0.004965261 0.0015 -0.005097129 0.005225828 0.0015 -0.00516115 0.005848293 0.0013 -0.004830307 0.005473403 0.0015 -0.004551476 0.00570737 0.0015 -0.004553201 0.006333117 0.0013 -0.004261329 0.005927147 0.0015 -0.003960588 0.006132189 0.0015 -0.0039 0.006754998 0.0013 -0.00365 0.006321985 0.0015 -0.003330338 0.006496064 0.0015 -0.00320804 0.007109746 0.0013 -0.003002396 0.006653993 0.0015 -0.00266699 0.006795378 0.0015 -0.002484196 0.007393833 0.0013 -0.002324953 0.006919869 0.0015 -0.001977135 0.007027157 0.0015 -0.001735663 0.007604438 0.0013 -0.001624403 0.007116974 0.0015 -0.001267632 0.007189096 0.0015 -0.0009698809 0.007739466 0.0013 -0.0009077091 0.007243346 0.0015 -0.0005455297 0.007279588 0.0015 -0.0001944594 0.007797575 0.0013 -0.0001819941 0.007297731 0.0015 0.0001819941 0.007297731 0.0015 0.0005828947 0.00777819 0.0013 0.0005455297 0.007279588 0.0015 0.0009077091 0.007243346 0.0015 0.001354456 0.0076815 0.0013 0.001267632 0.007189096 0.0015 0.001624403 0.007116974 0.0015 0.002112556 0.007508469 0.0013 0.001977135 0.007027157 0.0015 0.002324953 0.006919869 0.0015 0.00284966 0.007260815 0.0013 0.00266699 0.006795378 0.0015 0.003002396 0.006653993 0.0015 0.003558443 0.006941 0.0013 0.003330338 0.006496064 0.0015 0.00365 0.006321985 0.0015 0.004231861 0.006552202 0.0013 0.003960588 0.006132189 0.0015 0.004261329 0.005927147 0.0015 0.004863221 0.006098286 0.0013 0.004551476 0.00570737 0.0015 0.004830307 0.005473403 0.0015 0.005446247 0.005583761 0.0013 0.005097129 0.005225828 0.0015 0.005351279 0.004965261 0.0015 0.005975147 0.005013743 0.0013 0.005592124 0.004692349 0.0015 0.005819067 0.004407772 0.0015 0.006444663 0.004393897 0.0013 0.006031543 0.004112236 0.0015 0.006229023 0.003806477 0.0015 0.006850128 0.003730381 0.0013 0.006411017 0.003491254 0.0015 0.006577073 0.003167351 0.0015 0.007187514 0.003029791 0.0013 0.006726776 0.002835574 0.0015 0.006859756 0.002496747 0.0015 0.007453468 0.00229909 0.0013 0.006975681 0.002151713 0.0015 0.007074264 0.001801329 0.0015 0.007645345 0.00154554 0.0013 0.007155259 0.001446467 0.0015 0.007218465 0.001088009 0.0015 0.00776124 0.0007766292 0.0013 0.007263725 0.0007268453 0.0015 -0.0004281136 -0.007042815 -0.005395849 -0.0003071313 -0.007049128 -0.005395849 -0.0003080103 -0.007069303 -0.004238906 -0.0003862125 -0.007065462 -0.004238906 -0.0004258913 -0.007011778 -0.004313451 -0.0004938114 -0.007056077 -0.004392092 -0.0005761438 -0.007048553 -0.004465148 -0.0006711043 -0.007039071 -0.00452647 -0.0006708772 -0.007036689 -0.004663564 -0.0005436977 -0.007048926 -0.004591046 -0.0004290684 -0.007058522 -0.004494338 -0.0009675251 -0.006989165 -0.005395849 -0.001087381 -0.006971523 -0.005395849 -0.0009702942 -0.007009168 -0.004238906 -0.001047791 -0.006998003 -0.004238906 -0.001082254 -0.006940832 -0.004313451 -0.001154033 -0.006978559 -0.004392092 -0.001235296 -0.006963339 -0.004465148 -0.001328947 -0.006944984 -0.00452647 -0.001328497 -0.006942634 -0.004663564 -0.001203028 -0.006966756 -0.004591046 -0.001089806 -0.006987071 -0.004494338 -0.002329692 -0.00666011 -0.005395849 -0.002336321 -0.006679061 -0.004245594 -0.002160931 -0.006716763 -0.005395849 -0.001990795 -0.00676914 -0.005395849 -0.001838354 -0.006812475 -0.005376256 -0.001724628 -0.006843188 -0.005318576 -0.001637747 -0.006866372 -0.005214188 -0.001572827 -0.006884532 -0.005046687 -0.001554031 -0.006890743 -0.004938043 -0.001548093 -0.006894291 -0.004814452 -0.001558118 -0.006894633 -0.004669119 -0.001586977 -0.006890343 -0.004540994 -0.001634786 -0.006881112 -0.004432003 -0.001701593 -0.006866471 -0.004344443 -0.001842421 -0.006831521 -0.004262051 -0.002011996 -0.006783814 -0.004245594 -0.002484125 -0.006610892 -0.005029654 -0.002606277 -0.006564416 -0.004991253 -0.002641893 -0.006547747 -0.005119656 -0.002700327 -0.006522121 -0.005211994 -0.002777789 -0.00648845 -0.005267737 -0.002870553 -0.006447591 -0.00528634 -0.00292903 -0.006366509 -0.00527191 -0.003023277 -0.006378453 -0.005232109 -0.003062589 -0.00630546 -0.005163094 -0.003127295 -0.006331296 -0.005068108 -0.003152866 -0.006320924 -0.004949038 -0.003162153 -0.006318973 -0.004811265 -0.003156093 -0.006324193 -0.00469891 -0.00313611 -0.00633625 -0.004589897 -0.003076887 -0.006311519 -0.004492578 -0.003040651 -0.006385915 -0.004418842 -0.002942231 -0.006377758 -0.004370164 -0.002867915 -0.006466551 -0.004355102 -0.002716257 -0.006530615 -0.004412729 -0.002643592 -0.006505027 -0.00448666 -0.002622602 -0.006565328 -0.004596689 -0.002502776 -0.006612593 -0.004561422 -0.002555194 -0.00659517 -0.004419586 -0.002635711 -0.0065654 -0.004313671 -0.002740693 -0.006523525 -0.004247575 -0.002866364 -0.006469712 -0.004225531 -0.002980533 -0.006417581 -0.004242915 -0.003083558 -0.006367709 -0.004295019 -0.003169417 -0.006323742 -0.004380569 -0.003232296 -0.006289522 -0.004498414 -0.003270401 -0.006266933 -0.004643674 -0.003282115 -0.006257486 -0.0048121 -0.00326926 -0.00626107 -0.004971689 -0.00323332 -0.006276781 -0.005120667 -0.003175126 -0.006303941 -0.005247421 -0.003095585 -0.006341577 -0.005340154 -0.002991461 -0.006390259 -0.005396994 -0.002859793 -0.006449897 -0.005415911 -0.002729393 -0.006506618 -0.005391206 -0.002620147 -0.006552769 -0.005317009 -0.002536811 -0.006587749 -0.005195626 -0.004034652 -0.005788446 -0.005395849 -0.004046133 -0.005804917 -0.004245594 -0.00392685 -0.005862114 -0.005395849 -0.003930715 -0.005867884 -0.004997941 -0.003797087 -0.005959034 -0.004813982 -0.00349076 -0.006131812 -0.005395849 -0.003339998 -0.006215218 -0.005395849 -0.0037204 -0.006009302 -0.004712101 -0.003365544 -0.006224257 -0.004245594 -0.003520618 -0.006137875 -0.004245594 -0.003932474 -0.00587051 -0.004816907 -0.003938024 -0.005878795 -0.004245594 0.002426743 -0.006602945 -0.006601611 0.002548269 -0.006556284 -0.006640012 0.002389236 -0.006614226 -0.006730013 0.002328845 -0.006634022 -0.006822351 0.002248991 -0.006660491 -0.006878095 0.002153005 -0.006691793 -0.006896698 0.002055686 -0.00667028 -0.006882267 0.001993739 -0.006741946 -0.006842466 0.00191602 -0.006713707 -0.006773451 0.001885222 -0.006776063 -0.006678465 0.001859356 -0.006785361 -0.006559395 0.001851171 -0.006790092 -0.006421622 0.001859138 -0.006789948 -0.006309268 0.001881979 -0.006785627 -0.006200254 0.001909447 -0.006727746 -0.006102935 0.001985818 -0.00675908 -0.0060292 0.00205338 -0.006687457 -0.005980522 0.002167578 -0.006704172 -0.005965459 0.002322684 -0.006650961 -0.006023087 0.002359543 -0.006583507 -0.006097018 0.002415244 -0.006614492 -0.006207047 0.002535569 -0.006569968 -0.00617178 0.002485098 -0.00659187 -0.006029943 0.002405569 -0.006623273 -0.005924028 0.002299845 -0.006661943 -0.005857933 0.002170832 -0.006705496 -0.005835888 0.002051472 -0.006742654 -0.005853272 0.001941884 -0.006774082 -0.005905376 0.001848956 -0.006798486 -0.005990926 0.001779557 -0.006814855 -0.006108771 0.001736269 -0.006823396 -0.006254031 0.001721298 -0.006824156 -0.006422458 0.001733216 -0.006818265 -0.006582047 0.001770322 -0.006806038 -0.006731025 0.001831549 -0.006787526 -0.006857779 0.001915579 -0.006762609 -0.006950511 0.002025187 -0.006729561 -0.007007351 0.002162519 -0.006686347 -0.007026269 0.002296974 -0.006641815 -0.007001563 0.002408705 -0.006603494 -0.006927367 0.002493791 -0.0065741 -0.006805983 0.0007493324 -0.006987643 -0.007006206 0.001126545 -0.006957166 -0.005855951 0.0008864869 -0.00697157 -0.007006206 0.0009942988 -0.006963115 -0.006660127 0.001197423 -0.006931073 -0.006660127 0.001399525 -0.006893107 -0.006660127 0.001510472 -0.006863463 -0.007006206 0.001654814 -0.006830099 -0.007006206 0.001265012 -0.006933326 -0.005855951 -5.365236e-05 -0.00704758 -0.005855951 0.0003271492 -0.007020087 -0.007006206 0.0004603404 -0.007012613 -0.007006206 0.0008458316 -0.006996844 -0.005855951 0.0007135391 -0.00701157 -0.005855951 0.0004473101 -0.007018958 -0.006691683 0.0003942207 -0.007018847 -0.006880031 0.0003428177 -0.007024837 -0.006691683 8.752378e-05 -0.007047241 -0.005855951 -0.0007307006 -0.00700536 -0.006109137 -0.0007572244 -0.007000003 -0.006253744 -0.0007657942 -0.006995832 -0.006438184 -0.00076011 -0.006993933 -0.006581673 -0.0007436702 -0.006993539 -0.006704799 -0.0007056097 -0.00694515 -0.006822664 -0.0006681843 -0.006997612 -0.006906782 -0.0005720069 -0.00700456 -0.006996418 -0.0004454767 -0.007013222 -0.007026269 -0.0003445634 -0.006969148 -0.007008403 -0.0002671353 -0.007023464 -0.006958296 -0.0002052805 -0.007026978 -0.006876157 -0.0001609746 -0.007030062 -0.006765664 -0.0001343564 -0.00703314 -0.006621379 -0.0001255334 -0.007036501 -0.006438184 -0.0001311172 -0.007039084 -0.006284401 -0.0001477823 -0.007040826 -0.00616572 -0.0002089818 -0.007042268 -0.005994351 -0.000307788 -0.007040524 -0.00588662 -0.0004467791 -0.007033725 -0.005849263 -0.0005410585 -0.006976665 -0.005865293 -0.0006246689 -0.007018979 -0.00591687 -0.0006864049 -0.007011775 -0.005998703 -0.001518991 -0.006866963 -0.006705267 -0.001394994 -0.006893445 -0.006692728 -0.001488928 -0.006871206 -0.006836176 -0.001423396 -0.006883258 -0.006938391 -0.001327949 -0.006901136 -0.007004282 -0.001208079 -0.006922736 -0.007026269 -0.001063857 -0.00694698 -0.00699123 -0.0009534181 -0.006964851 -0.006885987 -0.0008958701 -0.006974685 -0.006761064 -0.0008768844 -0.00697967 -0.006614829 -0.0008992087 -0.006979465 -0.006465044 -0.000965341 -0.006972735 -0.006345342 -0.001063257 -0.006959867 -0.006266682 -0.001180652 -0.00694138 -0.006240484 -0.001265292 -0.006875299 -0.006258015 -0.00136338 -0.006906504 -0.006314099 -0.00131231 -0.00692193 -0.006002241 -0.001118694 -0.006955846 -0.006002241 -0.0009242068 -0.006984348 -0.006002241 -0.0009245111 -0.006986648 -0.005869326 -0.001059286 -0.006967487 -0.005869326 -0.001193666 -0.006945727 -0.005869326 -0.001407727 -0.006905525 -0.005869326 -0.001498933 -0.006875739 -0.00646065 -0.001387842 -0.006898714 -0.006477891 -0.001315646 -0.006914293 -0.006396439 -0.001212047 -0.00693376 -0.006365039 -0.001061806 -0.006957113 -0.006435154 -0.00101127 -0.006912656 -0.006517144 -0.001003867 -0.006962335 -0.00662648 -0.001018524 -0.006958177 -0.006741485 -0.001063061 -0.006949927 -0.006831233 -0.001208433 -0.006924763 -0.006908401 -0.001330311 -0.006903347 -0.006854326 -0.001644593 -0.006834953 -0.006873291 -0.00164405 -0.006832697 -0.007006206 -0.001774501 -0.006802383 -0.006873291 -0.001903765 -0.006767344 -0.006873291 -0.002109131 -0.006706179 -0.006873291 -0.002060853 -0.006722577 -0.006796333 -0.001927771 -0.006764585 -0.006650722 -0.00182098 -0.006796191 -0.006535585 -0.001748959 -0.006816669 -0.006447432 -0.001671707 -0.00683856 -0.006306366 -0.00164877 -0.006846574 -0.006170003 -0.001669379 -0.00684383 -0.006044674 -0.001729964 -0.006830626 -0.005941478 -0.00182456 -0.006807218 -0.005872328 -0.001947117 -0.006773599 -0.005849263 -0.002067978 -0.00673729 -0.005870755 -0.002160799 -0.006706914 -0.005935261 -0.002222678 -0.00668472 -0.006040824 -0.002250686 -0.006672681 -0.006185312 -0.00213251 -0.006711107 -0.006200359 -0.002082761 -0.006729843 -0.006029043 -0.001949132 -0.006770878 -0.005967131 -0.001819697 -0.006805759 -0.006025072 -0.001769341 -0.00681646 -0.006167287 -0.00182313 -0.006799188 -0.006337871 -0.001902266 -0.006775543 -0.006444333 -0.002030486 -0.006735709 -0.006582541 -0.002117043 -0.006707314 -0.006675069 -0.002180355 -0.006685513 -0.006756103 -0.00225491 -0.006657928 -0.006908505 -0.002267692 -0.006651784 -0.007006206 -0.002061702 -0.006718485 -0.007006206 -0.001853756 -0.006778809 -0.007006206 -0.003096226 -0.006331244 -0.005855951 -0.003421835 -0.006138379 -0.007006206 -0.003300563 -0.006204429 -0.007006206 -0.003207647 -0.00625976 -0.006660127 -0.003023287 -0.006350853 -0.006660127 -0.002836344 -0.006436517 -0.006660127 -0.002728636 -0.006476357 -0.007006206 -0.002591512 -0.006532436 -0.007006206 -0.002969397 -0.006391708 -0.005855951 -0.003922157 -0.005838232 -0.006681861 -0.004021628 -0.005769762 -0.00670067 -0.003995315 -0.005785237 -0.006831562 -0.003938885 -0.005821611 -0.006935621 -0.003857923 -0.005874157 -0.007003623 -0.003758228 -0.005937967 -0.007026269 -0.003647112 -0.00600739 -0.007000043 -0.003556539 -0.006063045 -0.006921306 -0.003496652 -0.006100122 -0.006804854 -0.003477465 -0.006113882 -0.006665351 -0.003464052 -0.006066041 -0.006562167 -0.003520997 -0.006092665 -0.006479406 -0.003638616 -0.006025156 -0.006381497 -0.003552314 -0.006078406 -0.006284162 -0.003523888 -0.006097668 -0.006148374 -0.003556287 -0.00608183 -0.005999994 -0.003646506 -0.006030419 -0.005889702 -0.003773191 -0.005952809 -0.005849263 -0.003863306 -0.005894315 -0.005868872 -0.003936191 -0.005844658 -0.005927633 -0.003988595 -0.005807024 -0.006021989 -0.004017213 -0.005784574 -0.00614853 -0.003917061 -0.00585233 -0.006173609 -0.00386816 -0.005888001 -0.006018751 -0.003769819 -0.00595251 -0.005967131 -0.003670618 -0.006013151 -0.006017915 -0.00363096 -0.006034571 -0.006146023 -0.003682457 -0.006000324 -0.006290588 -0.00379977 -0.005925758 -0.006337453 -0.003816162 -0.005915247 -0.006335886 -0.003826261 -0.005906136 -0.006460127 -0.003754579 -0.005952286 -0.006444454 -0.003636328 -0.006023965 -0.006507672 -0.003588247 -0.006049471 -0.006668172 -0.003574435 -0.005997617 -0.006761134 -0.003637087 -0.006016744 -0.006839332 -0.003758762 -0.005940064 -0.006908401 -0.003861562 -0.005874864 -0.006855319 -0.002206777 -0.006704283 -0.005262934 -0.002005655 -0.006767172 -0.005262934 -0.00185846 -0.006809453 -0.005241618 -0.001773142 -0.006833249 -0.005181587 -0.001703618 -0.006853547 -0.00503514 -0.001685145 -0.006859941 -0.004933388 -0.002211604 -0.006718946 -0.004378508 -0.001679341 -0.006863545 -0.004812048 -0.002013276 -0.006781014 -0.004378508 -0.001692365 -0.006863232 -0.004651473 -0.001729941 -0.006855991 -0.004532896 -0.001850252 -0.00682687 -0.004402176 -0.00369875 -0.006020427 -0.004820721 0.001031801 -0.006959869 -0.006534735 0.001360474 -0.006903152 -0.006534735 0.001139517 -0.006949025 -0.006196754 0.001169816 -0.00694593 -0.006087084 0.0011925 -0.006944027 -0.00597664 0.00122062 -0.006937254 -0.006083036 0.001260581 -0.006927752 -0.006215615 -0.0005851922 -0.007006654 -0.006814671 -0.0004456071 -0.007015275 -0.006908401 -0.0006277312 -0.007005443 -0.006673648 -0.0006384925 -0.007006331 -0.006567506 -0.0003060981 -0.00702439 -0.006814305 -0.0006422269 -0.007008264 -0.006437766 -0.0006389172 -0.007010747 -0.006313303 -0.0002622478 -0.007028807 -0.006662981 -0.0006285772 -0.007013509 -0.006209076 -0.0002527856 -0.007030935 -0.006560992 -0.0005805895 -0.00702044 -0.006049471 -0.0002496805 -0.007033198 -0.006437766 -0.0002533087 -0.00703534 -0.006307669 -0.0002640272 -0.007036803 -0.006201373 -0.0004479901 -0.007031587 -0.005967131 -0.0003066709 -0.007037535 -0.006060495 -0.003175151 -0.006278759 -0.006534735 -0.002874029 -0.006422176 -0.006534735 -0.003080934 -0.006332084 -0.006196754 -0.003054406 -0.006347047 -0.006087084 -0.003034786 -0.006358588 -0.00597664 -0.003007914 -0.00636929 -0.006083036 -0.002969798 -0.006384599 -0.006215615 -0.001977243 -0.006671309 -0.005261189 -0.002175516 -0.006609311 -0.005261189 -0.002180343 -0.006623974 -0.004376763 -0.001984819 -0.006685164 -0.004376763 -0.001824097 -0.006730367 -0.004400431 -0.001705479 -0.006759045 -0.004531151 -0.001668435 -0.006766154 -0.004649685 -0.001655578 -0.006766425 -0.004810303 -0.00166129 -0.006762844 -0.004931619 -0.001679499 -0.006756515 -0.005033395 -0.001748029 -0.006736469 -0.005179842 -0.001832134 -0.006712996 -0.005239872 0.00134114 -0.006805054 -0.00653299 0.001017138 -0.006860965 -0.00653299 0.001123337 -0.006850358 -0.006195009 0.001153213 -0.006847333 -0.00608533 0.001175577 -0.006845485 -0.005974895 0.001203323 -0.006838775 -0.006081399 0.001242682 -0.006829382 -0.00621387 -0.0005768705 -0.006907017 -0.006812926 -0.0006188178 -0.006905858 -0.006671834 -0.000629418 -0.006906758 -0.006565768 -0.0006331027 -0.006908696 -0.006436021 -0.0006294786 -0.006911314 -0.006305562 -0.00061815 -0.006914232 -0.00619736 -0.0005723489 -0.006920795 -0.006047726 -0.0004416329 -0.006931804 -0.005965386 -0.0003023181 -0.006937645 -0.00605875 -0.000260264 -0.006936887 -0.006199724 -0.000249709 -0.00693542 -0.006305957 -0.0002461332 -0.006933276 -0.006436021 -0.0002495461 -0.006930893 -0.006565451 -0.0002599554 -0.006928661 -0.006671351 -0.0003017452 -0.0069245 -0.00681256 -0.0004392689 -0.006915492 -0.006906656 -0.00313003 -0.006189534 -0.00653299 -0.002833188 -0.006330914 -0.00653299 -0.003037189 -0.006242177 -0.006195009 -0.003011048 -0.006256953 -0.00608533 -0.002991719 -0.006268354 -0.005974895 -0.002965189 -0.006278892 -0.006081399 -0.002927629 -0.006293942 -0.00621387</float_array>
          <technique_common>
            <accessor count="2249" source="#cubeverts-array0-array" stride="3">
              <param type="float" name="X"/>
              <param type="float" name="Y"/>
              <param type="float" name="Z"/>
            </accessor>
          </technique_common>
        </source>
        <source id="cubenormals-array0">
          <float_array count="13566" id="cubenormals-array0-array">-0 1 0 0 1 0 -1 0 0 -1 0 0 1 0 0 1 0 0 0 0 -1 0 0 -1 0 0 -1 0 0 -1 0 0 -1 0 0 -1 0 -0 -1 0 0 -1 0 0 -1 0 0 -1 0 0 -1 0 0 -1 0 0 -1 0 -0 -1 0 0 -1 0 0 -1 0 -0 -1 0 0 -1 0 0 -1 0 0 -1 0 0 -1 0 0 -1 0 0 -1 0 0 -1 0 0 -1 0 0 -1 0 0 -1 0 0 -1 0 0 -1 0 0 -1 0 -0 -1 0 0 -1 0 0 -1 0 0 -1 0 0 -1 0 0 -1 0 0 -1 0 0 -1 0 0 -1 0 0 -1 0 -0 -1 0 0 -1 0 0 -1 0 0 -1 0 0 -1 0 -0 -1 0 0 -1 0 -0 -1 0 0 -1 0 0 -1 0 -0 -1 0 0 -1 0 -0 -1 0 -0 -1 0 -0 -1 0 0 -1 0 -0 -1 0 -0 -1 0 0 -1 0 0 -1 0 0 -1 0 0 -1 0 0 -1 0 0 -1 0 0 -1 0 0 -1 0 0 -1 0 -0 -1 0 0 -1 0 0 -1 0 0 -1 0 0 -1 0 0 -1 0 -0 -1 0 0 -1 0 -0 -1 0 0 -1 0 0 -1 0 0 -1 0 0 -1 0 -0 -1 0 -0 -1 0 -0 -1 0 0 -1 0 0 -1 0 -0 -1 0 -0 -1 0 -0 -1 0 0 -1 0 0 -1 0 -0 -1 0 -0 -1 0 -0 -1 0 -0 -1 0 0 -1 0 -0 -1 0 -0 -1 0 -0 -1 0 0 -1 0 0 -1 0 0 -1 0 0 -1 0 0 -1 0 0 -1 0 0 -1 0 0 -1 0 0 -1 0 0 -1 0 0 -1 0 0 -1 0 0 -1 0 0 -1 0 0 -1 0 0 -1 0 -0 -1 0 0 -1 0 -0 -1 0 0 -1 0 -0 -1 0 -0 -1 0 0 -1 0 0 -1 0 -0 -1 0 -0 -1 0 -0 -1 0 -0 -1 0 -0 -1 0 -0 -1 0 -0 -1 0 0 -1 0 -0 -1 0 -0 -1 0 0 -1 0 0 -1 0 0 -1 0 -0 -1 0 0 -1 0 0 -1 0 0 -1 0 -0 -1 0 0 -1 0 0 -1 0 0 -1 0 0 -1 0 0 -1 -0 -1 -0 0 -1 0 0.9244565 8.816305e-07 -0.3812874 0.9244565 -8.816305e-07 -0.3812874 0.9244565 0 -0.3812875 0.9244565 0 -0.3812875 1 0 9.223206e-08 1 3.900201e-07 -1.453699e-08 1 4.117359e-07 0 1 0 9.223206e-08 1 -4.117359e-07 0 1 -3.900201e-07 -1.453699e-08 -0.6246461 -0.7807092 -0.01762393 -0.6233969 -0.7817144 -0.01728311 -0.5848588 -0.810944 -0.01761179 -0.5436086 -0.8391543 -0.01759937 -0.5836565 -0.8118165 -0.01729522 -0.5010033 -0.8652667 -0.01758738 -0.5424656 -0.8398996 -0.01730789 -0.4571443 -0.8892188 -0.01757459 -0.4999242 -0.8658959 -0.01731991 -0.4121442 -0.9109495 -0.01756205 -0.456142 -0.8897382 -0.01733227 -0.4112253 -0.9113686 -0.01734473 0.4121442 -0.9109495 -0.01756205 0.4112253 -0.9113686 -0.01734473 0.4571443 -0.8892188 -0.01757459 0.456142 -0.8897382 -0.01733227 0.5010033 -0.8652667 -0.01758738 0.4999242 -0.8658959 -0.01731991 0.5436086 -0.8391543 -0.01759937 0.5424656 -0.8398996 -0.01730789 0.5848588 -0.810944 -0.01761179 0.5836565 -0.8118165 -0.01729522 0.6246461 -0.7807092 -0.01762393 0.6233969 -0.7817144 -0.0172831 -0.1609371 -0.986928 -0.008505367 -0.1239432 -0.9922736 -0.005574445 -0.1317534 -0.9912251 -0.01066348 -0.196763 -0.9795967 -0.04092161 -0.09726275 -0.9951746 -0.0129464 -0.1480599 -0.9885577 -0.02884055 -0.05898724 -0.9981335 -0.0158095 -0.07588387 -0.9969521 -0.01811892 -0.09893945 -0.9949947 -0.01401772 -0.04953366 -0.9987289 -0.009321357 -0.0167616 -0.9996911 -0.01835606 -0.03848515 -0.9991266 -0.01628459 0.02644221 -0.9994643 -0.01928677 0.005158683 -0.9999043 -0.01283925 -0 -0.9999742 -0.007186694 0.06752022 -0.9975572 -0.01790885 0.05050118 -0.9986579 -0.01148678 0.04953312 -0.998718 -0.01043458 0.1034441 -0.9945192 -0.01519504 0.09210955 -0.9956957 -0.01029242 0.09893624 -0.9949626 -0.01615953 0.128819 -0.9916275 -0.00897574 0.1480802 -0.9886928 -0.02363898 0.1581921 -0.9873886 -0.006258548 0.1967306 -0.9794356 -0.04475526 -0.8792551 -0.4759073 0.02056372 -0.8545532 -0.5193526 -0.003437661 -0.8274311 -0.5613285 -0.01637437 -0.7983251 -0.6019511 -0.01821446 -0.7782009 -0.627898 -0.01213497 -0.7672751 -0.6411058 -0.01650182 -0.7342631 -0.6786224 -0.0181482 -0.6598057 -0.7512373 -0.01728914 -0.6994575 -0.7144806 -0.01662553 -0.6628684 -0.7485176 -0.01807821 -0.7122608 -0.7018105 -0.0121063 -0.8522704 -0.5228119 -0.017398 -0.7781399 -0.6278489 -0.01743102 -0.6607909 -0.7504427 0.01383404 -0.7122048 -0.7017553 -0.01743103 -0.7781399 -0.6278492 -0.01743117 -0.6961977 -0.717639 -0.0174069 -0.7781399 -0.6278492 -0.01743083 -0.7781397 -0.6278493 -0.01743092 -0.8706171 -0.4916199 -0.01832387 -0.8364391 -0.5477825 -0.01743091 -0.8461349 -0.5325376 -0.0214354 -0.3661164 -0.9304122 -0.01708729 -0.3191682 -0.9475315 -0.0177652 -0.3642548 -0.9311339 -0.01755694 -0.3173886 -0.9481363 -0.01737403 -0.3184657 -0.9478656 0.01141175 -0.3649033 -0.9297577 -0.04895133 -0.7781398 -0.6278493 -0.01743093 -0.8364391 -0.5477825 -0.01743092 -0.8365647 -0.5478647 0.00196067 -0.9034775 -0.428237 -0.01847756 -0.9177971 -0.3967234 -0.01608655 -0.928211 -0.3720389 -0.003365442 -0.9361716 -0.3511021 0.01761026 -0.2714303 -0.9623046 -0.01719424 -0.2230064 -0.9746566 -0.01767848 -0.2700388 -0.9626899 -0.01752828 -0.221716 -0.9749561 -0.01739766 -0.2225205 -0.9749219 0.003463321 -0.2706272 -0.9618668 -0.03966396 -0.7781399 -0.6278491 -0.01743102 -0.8843459 -0.4666969 -0.01124449 -0.8866349 -0.4623947 -0.008354639 -0.1740318 -0.984588 -0.01729792 -0.1246192 -0.9920487 -0.01758846 -0.1731542 -0.9847392 -0.01750049 -0.1243423 -0.992228 -0.004756214 -0.1735662 -0.9843456 -0.03063691 -0.1238539 -0.9921476 -0.01742188 -0.6597996 -0.751239 -0.01744802 -0.7123051 -0.701854 0.004740278 -0.7122049 -0.7017552 -0.01743104 -0.7054806 -0.7083991 -0.02163177 -0.8436946 -0.5365407 -0.01741804 -0.8361933 -0.5476209 -0.02986722 -0.07489652 -0.9970396 -0.01739825 -0.02498695 -0.9995347 -0.01749509 -0.02492845 -0.9996027 -0.0131559 -0.0747125 -0.9969672 -0.02178384 -0.07456176 -0.9970633 -0.01747329 -0.0247681 -0.999541 -0.01744699 -0.9256039 -0.3779889 -0.01954163 -0.9279073 -0.3721818 -0.02165235 -0.9084277 -0.4177336 -0.01605645 -0.8865269 -0.4621733 -0.02158344 -0.9279241 -0.3723616 -0.01743096 -0.7781397 -0.6278494 -0.01743116 -0.6961982 -0.7176385 -0.01740711 -0.7781398 -0.6278491 -0.01743102 0.02498695 -0.9995347 -0.01749509 0.07489652 -0.9970396 -0.01739825 0.0747125 -0.9969672 -0.02178384 0.02492845 -0.9996027 -0.0131559 0.07456176 -0.9970633 -0.01747329 0.0247681 -0.999541 -0.01744699 -0.8865311 -0.4623406 -0.01743094 -0.862635 -0.505572 -0.0160564 -0.8364446 -0.5476261 -0.02158635 -0.8864583 -0.4623026 -0.02163268 -0.8865311 -0.4623406 -0.01743094 -0.7110077 -0.7005759 -0.06051027 0.1731542 -0.9847392 -0.01750049 0.1246192 -0.9920487 -0.01758846 0.1740318 -0.984588 -0.01729792 0.1735662 -0.9843456 -0.03063691 0.1243423 -0.992228 -0.004756214 0.1238539 -0.9921476 -0.01742188 -0.8364394 -0.5477821 -0.01743091 -0.8363708 -0.5477372 -0.02163119 -0.8083752 -0.5884486 -0.01605634 -0.778152 -0.6277047 -0.02158929 -0.8364394 -0.5477821 -0.01743094 -0.583641 -0.8117964 -0.0187018 -0.6234105 -0.7817317 -0.01596592 -0.6393787 -0.768891 -0.001251526 0.221716 -0.9749561 -0.01739766 0.2700388 -0.9626899 -0.01752828 0.2230064 -0.9746566 -0.01767848 0.2714303 -0.9623046 -0.01719424 0.2706272 -0.9618668 -0.03966396 0.2225205 -0.9749219 0.003463321 -0.7780757 -0.627798 -0.02162983 -0.7781397 -0.6278493 -0.01743083 -0.7781395 -0.6278495 -0.01743093 -0.7461811 -0.6655493 -0.01605652 -0.7122217 -0.7016225 -0.0215925 -0.5601699 -0.8283769 -0.001217462 -0.4999144 -0.8658767 -0.01852417 -0.5424747 -0.8399158 -0.01620926 0.3173886 -0.9481363 -0.01737403 0.3191682 -0.9475315 -0.0177652 0.3661164 -0.9304122 -0.01708729 0.3642548 -0.9311339 -0.01755694 0.3649033 -0.9297577 -0.04895133 0.3184657 -0.9478656 0.01141175 -0.7122052 -0.7017549 -0.01743083 -0.7121468 -0.7016974 -0.02162814 -0.6766633 -0.7361174 -0.01605625 -0.6393017 -0.7686527 -0.02159512 -0.7122046 -0.7017553 -0.01743113 -0.4754646 -0.879734 -0.001187893 -0.411217 -0.911353 -0.01833949 -0.4561495 -0.8897512 -0.01644539 -0.639282 -0.7687748 -0.01743093 -0.6392816 -0.7687752 -0.01743113 -0.6005033 -0.799461 -0.01605624 -0.5601065 -0.8281389 -0.02159801 -0.6392292 -0.7687121 -0.02162667 -0.3860942 -0.9224586 -0.001163674 -0.3184333 -0.9477715 -0.01815013 -0.3652912 -0.9307439 -0.01667695 -0.4753926 -0.879601 -0.01743075 -0.5600389 -0.828184 -0.02162535 -0.5184503 -0.854957 -0.01605652 -0.4754128 -0.8794976 -0.02160143 -0.5600848 -0.8282518 -0.01743094 -0.5600852 -0.8282516 -0.01743075 -0.2224856 -0.9747705 -0.01795656 -0.2708023 -0.9624866 -0.01690431 -0.2929358 -0.9561315 -0.001144961 -0.4753542 -0.8795288 -0.0216238 -0.4753932 -0.8796008 -0.01743099 -0.4313077 -0.902062 -0.01605634 -0.3860538 -0.9222232 -0.02160417 -0.1969017 -0.9804226 -0.001130993 -0.07544979 -0.9966443 -0.03173953 -0.1243245 -0.9920827 -0.01775663 -0.173622 -0.9846634 -0.0171253 0.6628684 -0.7485176 -0.01807821 0.6994575 -0.7144806 -0.01662553 0.6598057 -0.7512373 -0.01728914 -0.2928915 -0.9559868 -0.01743126 -0.3860364 -0.9223189 -0.01743099 -0.3860359 -0.9223191 -0.01743124 -0.3399329 -0.9403127 -0.01605612 -0.2929056 -0.9558972 -0.02160703 -0.3860048 -0.9222434 -0.02162203 -0.04649625 -0.9987711 -0.01715863 -0.02613875 -0.9994816 -0.01879327 -0.006043909 -0.999717 -0.02300896 -0.09891806 -0.9949063 -0.01940906 -0.02492652 -0.9995352 -0.01755146 -0.07471911 -0.9970537 -0.01734101 -0.09893662 -0.9950931 -0.001123213 0.7122608 -0.7018105 -0.0121063 0.7342631 -0.6786224 -0.0181482 0.7672751 -0.6411058 -0.01650182 -0.1875902 -0.9821446 -0.01421152 -0.2928908 -0.955987 -0.01743093 -0.1814371 -0.983125 -0.02336182 -0.2452208 -0.9693343 -0.01605631 -0.2928668 -0.9559087 -0.02162065 0.01323155 -0.9996861 -0.02127372 0.0298378 -0.9993847 -0.01843974 0.0443223 -0.9988659 -0.0173928 -0 -0.9999993 -0.00112075 0.07471911 -0.9970537 -0.01734101 0.02492652 -0.9995352 -0.01755146 -0 -0.9996871 -0.0250148 0.7782009 -0.627898 -0.01213497 0.7983251 -0.6019511 -0.01821446 0.8274311 -0.5613285 -0.01637437 0.8545532 -0.5193526 -0.003437661 0.8792551 -0.4759073 0.02056372 -0.196872 -0.9802743 -0.01743092 -0.1121883 -0.9935338 -0.01744091 -0.1339049 -0.9908192 -0.01861894 -0.1305661 -0.9912223 -0.02075296 -0.1276539 -0.9914818 -0.02585454 -0.1281745 -0.9909585 -0.03965662 -0.142857 -0.9862834 -0.08268549 -0.1968719 -0.9802742 -0.01743093 -0.1968998 -0.9804131 0.004529953 0.659799 -0.7512396 -0.01744811 0.07162505 -0.9968719 -0.03340838 0.0893355 -0.9956556 -0.02624928 0.173622 -0.9846634 -0.0171253 0.1243245 -0.9920827 -0.01775663 0.09893662 -0.9950931 -0.001123208 0.09892083 -0.9949342 -0.01790648 0.7122049 -0.7017552 -0.01743111 0.7122048 -0.7017553 -0.01743103 0.1969017 -0.9804226 -0.001130983 0.2708023 -0.9624866 -0.01690431 0.2224856 -0.9747705 -0.01795656 0.7781399 -0.6278492 -0.01743102 0.77814 -0.6278489 -0.01743116 0.8522704 -0.5228119 -0.017398 0.7122049 -0.7017552 -0.01743091 0.6597981 -0.7512403 -0.01744788 0.6597992 -0.7512393 -0.01744802 0.3652912 -0.9307439 -0.01667695 0.3184333 -0.9477715 -0.01815013 0.2929358 -0.9561315 -0.001144961 0.1968719 -0.9802742 -0.01743093 0.1307241 -0.9902442 -0.04824729 0.126839 -0.9915079 -0.02870457 0.1300759 -0.9912806 -0.02104471 0.1342017 -0.9907824 -0.01844309 0.1190221 -0.9927383 -0.01744484 0.7122051 -0.701755 -0.01743082 0.4561495 -0.8897512 -0.01644539 0.411217 -0.911353 -0.01833949 0.3860942 -0.9224586 -0.001163674 0.1894555 -0.9818269 -0.01106756 0.1805527 -0.9832855 -0.02346178 0.196872 -0.9802743 -0.01743092 0.1969011 -0.9804193 0.002807112 0.2452208 -0.9693343 -0.01605631 0.7781399 -0.6278491 -0.01743092 0.7781397 -0.6278493 -0.01743083 0.7122051 -0.701755 -0.01743091 0.6597999 -0.7512388 -0.01744791 0.4754646 -0.879734 -0.001187893 0.5424747 -0.8399158 -0.01620926 0.4999144 -0.8658767 -0.01852417 0.3860359 -0.9223191 -0.01743124 0.2928668 -0.9559087 -0.02162065 0.2928908 -0.955987 -0.01743093 0.2928915 -0.9559868 -0.01743126 0.2929056 -0.9558972 -0.02160703 0.3399329 -0.9403127 -0.01605612 0.7122049 -0.7017552 -0.01743104 0.7123051 -0.701854 0.004740268 0.5601699 -0.8283769 -0.001217462 0.6234105 -0.7817317 -0.01596592 0.583641 -0.8117964 -0.0187018 0.3860364 -0.9223189 -0.01743099 0.3860048 -0.9222434 -0.02162203 0.3860538 -0.9222232 -0.02160417 0.4313077 -0.902062 -0.01605634 0.7781399 -0.6278491 -0.01743103 0.7781398 -0.6278493 -0.01743093 0.6393787 -0.768891 -0.001251526 0.4753932 -0.8796008 -0.017431 0.5600852 -0.8282516 -0.01743075 0.4753542 -0.8795288 -0.02162379 0.4754128 -0.8794976 -0.02160143 0.5184503 -0.854957 -0.01605652 0.4753926 -0.879601 -0.01743075 0.8461349 -0.5325376 -0.0214354 0.8364391 -0.5477825 -0.01743091 0.8706171 -0.4916199 -0.01832387 0.8365647 -0.5478647 0.001960687 0.8364391 -0.5477825 -0.01743093 0.7110077 -0.7005759 -0.06051025 0.6961982 -0.7176385 -0.01740711 0.5600848 -0.8282518 -0.01743095 0.5600389 -0.828184 -0.02162534 0.5601065 -0.8281389 -0.02159801 0.6005033 -0.799461 -0.01605624 0.8436946 -0.5365407 -0.01741804 0.7781398 -0.6278491 -0.01743115 0.7781397 -0.6278494 -0.01743102 0.6392816 -0.7687752 -0.01743093 0.6392292 -0.7687121 -0.02162666 0.7122046 -0.7017553 -0.01743113 0.6393017 -0.7686527 -0.02159512 0.6766633 -0.7361174 -0.01605625 0.6392819 -0.7687748 -0.01743114 0.8361933 -0.5476209 -0.02986724 0.8843459 -0.4666969 -0.01124449 0.7122052 -0.7017549 -0.01743082 0.7121468 -0.7016974 -0.02162814 0.7122217 -0.7016225 -0.0215925 0.7461811 -0.6655493 -0.01605652 0.9034775 -0.428237 -0.01847756 0.9177971 -0.3967234 -0.01608655 0.928211 -0.3720389 -0.003365442 0.9361716 -0.3511021 0.01761026 0.8866349 -0.4623947 -0.008354626 0.778152 -0.6277047 -0.02158929 0.8083752 -0.5884486 -0.01605634 0.7781397 -0.6278493 -0.01743092 0.8364394 -0.5477821 -0.01743091 0.7781395 -0.6278495 -0.01743082 0.7780757 -0.627798 -0.02162983 0.8364446 -0.5476261 -0.02158635 0.862635 -0.505572 -0.0160564 0.8363708 -0.5477372 -0.02163119 0.8364394 -0.5477821 -0.01743094 0.8865269 -0.4621733 -0.02158344 0.9084277 -0.4177336 -0.01605645 0.9279073 -0.3721818 -0.02165235 0.9279241 -0.3723616 -0.01743096 0.8865311 -0.4623406 -0.01743095 0.8865311 -0.4623406 -0.01743094 0.9256039 -0.3779889 -0.01954163 0.8864583 -0.4623026 -0.02163269 -1 0 9.223206e-08 -1 3.900201e-07 -1.453699e-08 -1 4.117359e-07 0 -1 0 9.223206e-08 -1 -4.117359e-07 0 -1 -3.900201e-07 -1.453699e-08 -0.9244565 1.080182e-06 -0.3812874 -0.9244565 -1.080182e-06 -0.3812874 -0.9244565 0 -0.3812875 -0.9244565 -0 -0.3812875 -0 -1 0 0 -1 -0 1 0 0 1 0 0 -0 1 0 0 1 0 -0.1002294 0.9949065 -0.01073408 -0.1083524 0.9939601 -0.01741091 -0.138082 0.9903623 -0.01075744 -0.1293495 0.9915868 -0.004929561 -0.1569788 0.9870457 -0.03314212 -0.2051914 0.9777834 -0.04284819 -0.1102377 0.9938737 -0.007926627 -0.1580307 0.9872753 -0.01771164 -0.205469 0.9785132 -0.01715294 -0.2524272 0.9674533 -0.01773821 -0.2988029 0.9541612 -0.01711901 -0.2263581 0.9739662 -0.01232653 -0.3444749 0.9386275 -0.01776488 -0.3893538 0.9209298 -0.01708521 -0.3188872 0.9477125 -0.01233033 -0.1328759 0.9909794 -0.01743326 -0.433316 0.9010664 -0.01779082 -0.4762816 0.8791274 -0.01705069 -0.4084665 0.91269 -0.01233431 -0.2263409 0.9738921 -0.01743245 -0.2263405 0.9738923 -0.01743228 -0.5181261 0.8551188 -0.01781651 -0.5587776 0.8291429 -0.01701591 -0.4942663 0.869223 -0.01233837 -0.318863 0.9476404 -0.01743235 -0.3188632 0.9476405 -0.01743245 -0.1323692 0.9910484 -0.01736202 -0.1328759 0.9909794 -0.01743327 -0.5981128 0.8012134 -0.01784218 -0.6360732 0.7714419 -0.01698109 -0.5754923 0.817714 -0.01234325 -0.4084355 0.9126208 -0.01743237 -0.4084354 0.9126208 -0.01743235 -0.2263405 0.9738923 -0.01743217 -0.2263408 0.9738922 -0.0174323 -0.6513949 0.7586383 -0.01234838 -0.6725333 0.7398511 -0.01786722 -0.7074482 0.706562 -0.01694569 -0.4942288 0.869157 -0.01743239 -0.4942288 0.8691571 -0.01743236 -0.3188632 0.9476405 -0.01743201 -0.3188636 0.9476402 -0.01743217 -0.1319063 0.9911089 -0.01743215 -0.7406948 0.6716034 -0.01789181 -0.7722407 0.6351051 -0.01690979 -0.7212697 0.6925441 -0.0123536 -0.5754494 0.8176516 -0.01743237 -0.5754487 0.817652 -0.01743202 -0.4084351 0.9126209 -0.01743201 -0.4084354 0.9126208 -0.01743216 -0.3188636 0.9476402 -0.01743216 -0.2263408 0.9738922 -0.01743216 -0.2263404 0.9738923 -0.017432 -0.8019619 0.5971063 -0.01791599 -0.8298456 0.5577379 -0.01687348 -0.8558916 0.517126 -0.005488346 -0.8797367 0.4751846 0.01621435 -0.7844712 0.6200421 -0.0123594 -0.6513454 0.7585812 -0.01743204 -0.7212151 0.6924917 -0.01743217 -0.6513456 0.7585809 -0.01743217 -0.5754494 0.8176516 -0.01743212 -0.4942288 0.8691571 -0.01743212 -0.4942288 0.869157 -0.01743217 -0.3188631 0.9476404 -0.01743235 -0.131905 0.9911091 -0.01743244 -0.7212148 0.6924921 -0.01743237 -0.575449 0.8176518 -0.01743227 -0.408435 0.9126208 -0.0174321 -0.4084356 0.9126207 -0.01743235 -0.2263404 0.9738923 -0.01743216 -0.2263407 0.9738922 -0.01743229 -0.3188632 0.9476404 -0.01743216 -0.7844118 0.6199952 -0.01743231 -0.784412 0.6199951 -0.01743239 -0.854515 0.5191351 -0.01740366 -0.6513453 0.7585812 -0.01743216 -0.6513455 0.7585809 -0.01743226 -0.4942287 0.8691572 -0.0174321 -0.4942288 0.869157 -0.0174322 -0.3188627 0.9476406 -0.01743235 -0.1460898 0.9869741 -0.06737833 -0.1432045 0.9887634 -0.04288816 -0.1437145 0.9890659 -0.03308725 -0.145628 0.9890082 -0.0255954 -0.1494755 0.9885572 -0.02029356 -0.1541328 0.9879168 -0.0162376 -0.2263407 0.9738922 -0.0174323 -0.131905 0.9911091 -0.01743246 -0.784412 0.6199951 -0.01743215 -0.7212148 0.6924921 -0.01743217 -0.7212148 0.6924921 -0.01743216 -0.6513456 0.758581 -0.01743227 -0.5754491 0.8176518 -0.01743228 -0.5754489 0.8176519 -0.01743222 -0.408436 0.9126205 -0.01743234 -0.4084356 0.9126207 -0.01743216 -0.2074189 0.9782485 -0.00267655 -0.1907232 0.9811832 -0.03006933 -0.3188627 0.9476405 -0.01743218 -0.2263409 0.9738921 -0.01743218 -0.2531639 0.9672734 -0.01703027 -0.3003623 0.9536565 -0.01794006 -0.2262457 0.9734823 0.03383765 -0.784412 0.619995 -0.01743213 -0.6513453 0.7585812 -0.0174324 -0.4942286 0.8691572 -0.01743212 -0.4942287 0.8691571 -0.01743216 -0.3188631 0.9476405 -0.01743202 -0.3468451 0.9377711 -0.01684995 -0.3924755 0.9195821 -0.0182146 -0.3188298 0.9475417 -0.02263508 -0.7212149 0.6924921 -0.01743216 -0.7212152 0.6924917 -0.01743238 -0.5754491 0.8176518 -0.01743212 -0.5754489 0.8176519 -0.01743202 -0.4084353 0.9126208 -0.01743202 -0.4942287 0.8691571 -0.01743236 -0.4083932 0.9125268 -0.02257812 -0.4371797 0.8992193 -0.01668866 -0.4808019 0.8766339 -0.01850817 -0.408436 0.9126204 -0.01743237 -0.7844118 0.6199954 -0.01743215 -0.784412 0.6199951 -0.01743237 -0.6513453 0.7585812 -0.01743217 -0.6513451 0.7585813 -0.01743204 -0.4941787 0.8690691 -0.02250204 -0.4942287 0.8691571 -0.01743239 -0.5232953 0.8519908 -0.01654639 -0.564487 0.8252274 -0.01882079 -0.848932 0.5280884 -0.02090701 -0.8721941 0.4888208 -0.01821954 -0.8403507 0.5417627 -0.01743211 -0.840351 0.5417623 -0.01743238 -0.8404743 0.5418417 -0.00324457 -0.7212152 0.6924917 -0.01743195 -0.7212155 0.6924914 -0.01743216 -0.5754492 0.8176517 -0.01743228 -0.5753922 0.8175706 -0.02240726 -0.6043633 0.7965396 -0.016423 -0.6427243 0.7658581 -0.01915218 -0.5754493 0.8176516 -0.01743237 -0.7844117 0.6199955 -0.01743212 -0.8459983 0.5329008 -0.01742234 -0.7844115 0.6199958 -0.01743196 -0.6513451 0.7585813 -0.01743217 -0.6795979 0.7334033 -0.01631852 -0.7147591 0.6990988 -0.01950263 -0.6512824 0.758508 -0.02229319 -0.6513453 0.7585812 -0.01743226 -0.7212156 0.6924914 -0.01743217 -0.8935496 0.4489516 -0.003388684 -0.8820139 0.4710215 -0.01378991 -0.8401828 0.5416537 -0.0265325 -0.748276 0.6631888 -0.0162329 -0.7798941 0.625596 -0.01987171 -0.7211477 0.6924268 -0.02216021 -0.7212152 0.6924917 -0.01743238 -0.9355291 0.3530667 0.01137164 -0.9245909 0.3807967 -0.01121173 -0.91085 0.4122925 -0.01916006 -0.8885916 0.458557 -0.01141572 -0.8097337 0.5865747 -0.01616645 -0.8375035 0.5460562 -0.02026002 -0.7844115 0.6199957 -0.01743213 -0.784341 0.6199393 -0.02200852 -0.840351 0.5417621 -0.01743212 -0.7844119 0.6199952 -0.01743239 -0.8633781 0.5042999 -0.01611859 -0.8870302 0.4612485 -0.02066684 -0.8402781 0.5417157 -0.0218376 -0.8403507 0.5417626 -0.01743235 -0.9261587 0.3766313 -0.01947144 -0.9086905 0.4171603 -0.01608972 -0.9279968 0.3719907 -0.02109288 -0.8884414 0.4584792 -0.02164747 -0.9284578 0.3710286 -0.01743225 -0.8885145 0.4585172 -0.01743225 -0.8885146 0.458517 -0.01743236 -1 0 0 -1 0 0 -2.635951e-06 0.9998477 -0.01745242 2.272201e-07 0.9998477 -0.01745238 1.855477e-06 0.9998477 -0.01745232 0 0.9998477 -0.01745238 -3.875597e-06 0.9998477 -0.01745263 2.742235e-06 0.9998477 -0.01745256 -5.839572e-07 0.9998477 -0.01745239 -9.297157e-07 0.9998477 -0.01745238 2.264699e-06 0.9998477 -0.01745243 1 0 0 1 -0 0 0.1632844 0.9865599 -0.006148209 0.1338713 0.9909651 -0.008156436 0.2051309 0.9774954 -0.04923407 0.09986589 0.9949462 -0.0104355 0.1095038 0.9938813 -0.01445256 0.1570088 0.9872344 -0.02676855 0.1083524 0.9939601 -0.01741091 0.8797276 0.4751798 -0.01683729 0.8557668 0.5170506 -0.01794026 0.8298456 0.5577379 -0.01687348 0.8019619 0.5971063 -0.01791599 0.8404142 0.5418036 -0.01236545 0.7844712 0.6200421 -0.0123594 0.7722407 0.6351051 -0.01690979 0.7406948 0.6716034 -0.01789181 0.8784938 0.4774349 -0.01744606 0.7074482 0.706562 -0.01694569 0.6725333 0.7398511 -0.01786722 0.7212697 0.6925441 -0.01235361 0.8403507 0.5417627 -0.01743228 0.8403509 0.5417624 -0.01743209 0.6360732 0.7714419 -0.01698086 0.5981127 0.8012134 -0.01784194 0.6513945 0.7586388 -0.01234828 0.784412 0.6199951 -0.01743231 0.7844119 0.6199952 -0.01743239 0.8748769 0.4840093 -0.0180402 0.878494 0.4774349 -0.01744606 0.5754929 0.8177137 -0.01234312 0.5587776 0.8291429 -0.01701591 0.5181261 0.8551188 -0.01781651 0.7212151 0.6924917 -0.01743217 0.7212148 0.6924921 -0.01743237 0.8403509 0.5417623 -0.01743209 0.8403509 0.5417623 -0.01743212 0.4762816 0.8791274 -0.01705069 0.433316 0.9010664 -0.01779082 0.4942663 0.869223 -0.01233838 0.6513452 0.7585813 -0.01743227 0.6513454 0.7585812 -0.01743216 0.784412 0.619995 -0.01743213 0.784412 0.6199951 -0.01743215 0.8706495 0.4915943 -0.01745158 0.3893538 0.9209298 -0.01708521 0.3444749 0.9386275 -0.01776488 0.4084665 0.91269 -0.01233432 0.5754492 0.8176517 -0.01743237 0.5754494 0.8176516 -0.01743227 0.7212148 0.6924921 -0.01743217 0.7212148 0.6924921 -0.01743216 0.6513453 0.7585812 -0.01743216 0.840351 0.5417623 -0.01743235 0.8404743 0.5418417 -0.003244579 0.8403509 0.5417623 -0.01743238 0.2988029 0.9541612 -0.01711901 0.2524272 0.9674533 -0.01773821 0.3188872 0.9477125 -0.01233034 0.9355291 0.3530667 0.01137164 0.9245909 0.3807967 -0.01121173 0.91085 0.4122925 -0.01916006 0.4942288 0.8691571 -0.01743239 0.4942288 0.869157 -0.01743236 0.6513455 0.7585809 -0.01743226 0.784412 0.6199951 -0.01743215 0.7844118 0.6199954 -0.01743237 0.205469 0.9785132 -0.01715294 0.1580307 0.9872753 -0.01771164 0.1102377 0.9938737 -0.007926627 0.2263581 0.9739662 -0.01232653 0.8885916 0.458557 -0.01141573 0.8935496 0.4489516 -0.003388684 0.8820139 0.4710215 -0.01378991 0.318863 0.9476404 -0.01743235 0.4084354 0.9126208 -0.01743237 0.4084355 0.9126208 -0.01743235 0.5754494 0.8176516 -0.01743212 0.575449 0.8176518 -0.01743227 0.7212148 0.6924921 -0.01743238 0.7212152 0.6924917 -0.01743216 0.8459983 0.5329008 -0.01742234 0.8401828 0.5416537 -0.02653251 0.3188632 0.9476405 -0.01743244 0.9284578 0.3710286 -0.01743225 0.9279968 0.3719907 -0.02109288 0.9086905 0.4171603 -0.01608972 0.9261587 0.3766313 -0.01947144 0.4942288 0.8691571 -0.01743217 0.4942288 0.869157 -0.01743213 0.5754491 0.8176518 -0.01743228 0.6513453 0.7585812 -0.01743239 0.6513456 0.758581 -0.01743227 0.7844115 0.6199958 -0.01743213 0.7844117 0.6199955 -0.01743196 0.2263405 0.9738923 -0.01743245 0.2263408 0.9738921 -0.01743229 0.1328759 0.9909794 -0.01743326 0.8885146 0.458517 -0.01743225 0.8870302 0.4612485 -0.02066684 0.8633781 0.5042999 -0.01611859 0.8884414 0.4584792 -0.02164748 0.8885145 0.4585172 -0.01743236 0.4084354 0.9126208 -0.01743201 0.3188632 0.9476405 -0.01743201 0.4084351 0.9126209 -0.01743216 0.5754489 0.8176519 -0.01743221 0.4942288 0.869157 -0.0174322 0.7212155 0.6924914 -0.01743194 0.7212152 0.6924917 -0.01743217 0.840351 0.5417621 -0.01743212 0.7844115 0.6199957 -0.01743213 0.8375035 0.5460562 -0.02026002 0.8097337 0.5865747 -0.01616645 0.8402781 0.5417157 -0.02183761 0.8403507 0.5417626 -0.01743235 0.3188636 0.9476402 -0.01743218 0.4942287 0.8691572 -0.0174321 0.6513451 0.7585813 -0.01743217 0.6513453 0.7585812 -0.01743204 0.5754489 0.8176519 -0.01743202 0.7844119 0.6199952 -0.01743239 0.784341 0.6199393 -0.02200851 0.7212155 0.6924914 -0.01743238 0.7798941 0.625596 -0.01987171 0.748276 0.6631888 -0.0162329 0.2263405 0.9738923 -0.0174323 0.1323692 0.9910484 -0.01736202 0.2263408 0.9738922 -0.01743217 0.1328759 0.9909794 -0.01743327 0.4084351 0.9126208 -0.01743235 0.3188636 0.9476402 -0.01743236 0.4084356 0.9126207 -0.0174321 0.5754491 0.8176518 -0.01743212 0.4942286 0.8691572 -0.01743212 0.7212152 0.6924917 -0.01743217 0.7211477 0.6924268 -0.0221602 0.7147591 0.6990988 -0.01950263 0.6795979 0.7334033 -0.01631852 0.3188631 0.9476404 -0.01743216 0.4942287 0.8691571 -0.01743217 0.6513453 0.7585812 -0.01743218 0.6427243 0.7658581 -0.01915218 0.6043633 0.7965396 -0.016423 0.6513451 0.7585813 -0.01743227 0.6512824 0.758508 -0.02229319 0.1319063 0.9911089 -0.01743215 0.2263408 0.9738922 -0.01743199 0.2263404 0.9738923 -0.01743216 0.4084356 0.9126207 -0.01743235 0.408436 0.9126205 -0.01743215 0.564487 0.8252274 -0.01882079 0.5232953 0.8519908 -0.01654639 0.5754492 0.8176517 -0.01743237 0.5754493 0.8176516 -0.01743227 0.5753922 0.8175706 -0.02240727 0.3188627 0.9476406 -0.01743234 0.3188632 0.9476404 -0.01743216 0.4941787 0.8690691 -0.02250203 0.4808019 0.8766339 -0.01850817 0.4371797 0.8992193 -0.01668866 0.4942287 0.8691571 -0.01743239 0.4942287 0.8691571 -0.01743236 0.131905 0.9911091 -0.01743244 0.2263404 0.9738923 -0.01743229 0.2263407 0.9738922 -0.01743216 0.3924755 0.9195821 -0.0182146 0.3468451 0.9377711 -0.01684995 0.4083932 0.9125268 -0.02257812 0.408436 0.9126204 -0.01743201 0.4084353 0.9126208 -0.01743238 0.3003623 0.9536565 -0.01794006 0.2531639 0.9672734 -0.01703027 0.3188298 0.9475417 -0.02263509 0.1921033 0.9809227 -0.02978433 0.3188627 0.9476405 -0.01743218 0.2263407 0.9738922 -0.01743218 0.3188631 0.9476405 -0.01743202 0.2263409 0.9738921 -0.0174323 0.1500289 0.9884855 -0.01969246 0.1470141 0.988853 -0.02358972 0.1443718 0.9890952 -0.02911469 0.142892 0.9888819 -0.04116101 0.1463961 0.9868536 -0.06847063 0.1561556 0.9876235 -0.0146732 0.2262688 0.9735815 0.03068296 0.131905 0.9911091 -0.01743246 0 -1 0 0 -1 0 1 0 0 1 0 0 0 1 0 0 1 -0 -1 0 0 -1 0 0 1 0 0 1 -0 0 0 1 -0 0 1 0 -1 0 0 -1 -0 0 0 -1 0 0 -1 0 1 0 0 1 -0 0 0 1 -0 0 1 0 -1 0 0 -1 -0 0 0 -1 0 0 -1 0 1 0 0 1 0 0 -0 1 0 0 1 0 -1 0 0 -1 0 0 -0 -1 0 0 -1 -0 -0 -1 -0 0 -1 0 1 0 0 1 0 0 -0 1 0 0 1 0 -1 0 0 -1 0 0 -0 -1 -0 0 -1 0 1 0 0 1 0 0 -0 1 0 0 1 0 -1 0 0 -1 0 0 1 0 0 1 0 0 -0 1 0 0 1 0 -1 0 0 -1 0 0 -0 -1 -0 0 -1 0 0 0 1 0 0 1 0 1 0 0 1 0 0 1 0 0 1 0 0 1 0 0 1 0 0 1 0 0 1 0 0 1 0 0 1 0 0 1 0 0 1 0 0 1 0 0 1 0 0 1 0 0 -1 0 0 -1 0 0 -1 0 0 -1 0 0 -1 0 -0 -1 0 0 -1 0 -0 -1 -0 0 -1 0 0 -1 0 -0 -1 -0 -0 -1 -0 -0 -1 -0 0 -1 0 0 -1 0 -0.9244565 0 0.3812873 -0.9244565 0 0.3812873 0.7071068 0 -0.7071068 0.7071086 -5.17405e-08 -0.707105 0.7071059 -1.434427e-08 -0.7071076 0.707108 -5.676496e-08 -0.7071056 0.7071075 -1.317816e-08 -0.7071061 0.7071068 0 -0.7071068 0.7071051 0 -0.7071085 0.7071067 -4.911893e-08 -0.7071068 0.7071062 -1.707979e-08 -0.7071074 0.7071068 -2.758891e-08 -0.7071067 0 0 -1 0 -0 -1 0 0 -1 0 0 -1 0 0 -1 0 0 -1 0 -0 -1 0 0 -1 0 0 -1 1.85671e-15 1.646095e-15 -1 0 -0 -1 0 0 -1 0 0 -1 -1.2465e-15 -2.415522e-15 -1 7.016979e-16 -5.107939e-16 -1 0 0 -1 0 0 -1 0 0 -1 0 -0 -1 0 0 -1 0 0 -1 0 -0 -1 0 0 -1 0 0 -1 0 0 -1 0 0 -1 0 -0 -1 0 0 -1 0 0 -1 0 0 -1 0 0 -1 0 0 -1 0 0 -1 0 0 -1 0 -0 -1 0 0 -1 0 0 -1 0 0 -1 0 0 -1 0 0 -1 0 -0 -1 0 0 -1 0 0 -1 0 0 -1 0 0 -1 -1.249596e-07 2.013457e-07 -1 0 0 -1 0 0 -1 0 0 -1 0 -0 -1 0 0 -1 0 -0 -1 0 -0 -1 0 0 -1 0 -0 -1 0 0 -1 0 -0 -1 0 0 -1 0 -0 -1 0 0 -1 0 -0 -1 0 0 -1 0 -0 -1 0 0 -1 0 0 -1 0 0 -1 0 0 -1 0 0 -1 0 -0 -1 0 -0 -1 0 0 -1 0 -0 -1 0 -0 -1 0 0 -1 0 0 -1 0 0 -1 -1.249596e-07 -2.013457e-07 -1 0 -0 -1 0 0 -1 0 0 -1 0 0 -1 0 0 -1 0 -0 -1 0 0 -1 0 0 -1 0 0 -1 0 0 -1 0 -0 -1 0 0 -1 0 0 -1 0 0 -1 0 -0 -1 0 0 -1 0 -0 -1 0 0 -1 0 -0 -1 0 0 -1 1.275486e-15 -2.395307e-15 -1 0 -0 -1 0 0 -1 -7.029395e-16 -5.092125e-16 -1 -1.887076e-15 1.622718e-15 -1 0 -0 -1 0 0 -1 0 0 -1 0 -0 -1 0 -0 -1 0 0 -1 0 0 -1 0 -0 -1 0 -0 -1 0 0 -1 0 0 -1 0 -0 -1 0 -0 -1 0 0 -1 0 0 -1 0 -0 -1 0 -0 -1 0 0 -1 0 0 -1 0 -0 -1 0 0 -1 0 -0 -1 -1.85671e-15 1.646095e-15 -1 -7.016979e-16 -5.107939e-16 -1 0 -0 -1 0 0 -1 1.2465e-15 -2.415522e-15 -1 0 0 -1 0 -0 -1 0 0 -1 0 0 -1 0 0 -1 0 0 -1 0 0 -1 0 0 -1 0 -0 -1 0 0 -1 0 0 -1 0 0 -1 0 -0 -1 0 0 -1 0 0 -1 0 -0 -1 0 0 -1 0 0 -1 0 0 -1 0 -0 -1 0 0 -1 1.249596e-07 2.013457e-07 -1 0 -0 -1 0 0 -1 0 -0 -1 0 0 -1 0 0 -1 0 -0 -1 0 0 -1 0 -0 -1 0 0 -1 0 0 -1 0 -0 -1 0 0 -1 0 0 -1 0 0 -1 0 0 -1 0 -0 -1 0 0 -1 0 -0 -1 0 -0 -1 0 0 -1 0 -0 -1 0 0 -1 0 0 -1 0 -0 -1 0 0 -1 1.249596e-07 -2.013457e-07 -1 0 -0 -1 0 0 -1 0 -0 -1 0 -0 -1 0 0 -1 0 0 -1 0 -0 -1 0 0 -1 0 0 -1 0 -0 -1 0 0 -1 0 0 -1 0 0 -1 0 0 -1 0 -0 -1 0 0 -1 0 0 -1 0 -0 -1 0 0 -1 0 0 -1 0 0 -1 0 -0 -1 0 0 -1 0 0 -1 0 0 -1 0 -0 -1 0 0 -1 0 -0 -1 0 0 -1 0 0 -1 0 0 -1 0 -0 -1 0 0 -1 0 0 -1 -1.275486e-15 -2.395307e-15 -1 7.029395e-16 -5.092123e-16 -1 0 0 -1 0 0 -1 1.887076e-15 1.622718e-15 -1 0 0 -1 0 0 -1 0 0 -1 0 -0 -1 0 0 -1 0 0 -1 0 0 -1 0 -0 -1 0 0 -1 0 0 -1 0 0 -1 0 0 -1 0 0 -1 0 0 -1 0 0 -1 0 0 -1 0 0 -1 0 -0 -1 0 0 -1 0 0 -1 0 0 -1 0 0 -1 0 0 -1 0 0 -1 -1 0 0 -1 0 0 -1 0 0 -1 0 0 1 0 0 1 -0 0 1 -0 0 1 0 0 -0.7071068 0 -0.7071068 -0.7071085 -5.191769e-08 -0.707105 -0.7071059 -1.404543e-08 -0.7071076 -0.707108 -5.655703e-08 -0.7071056 -0.7071075 -1.292473e-08 -0.7071061 -0.7071068 0 -0.7071068 -0.7071051 -0 -0.7071085 -0.7071066 -4.911893e-08 -0.7071068 -0.7071062 -1.707979e-08 -0.7071074 -0.7071068 -2.782271e-08 -0.7071067 -0.9984816 0 -0.05508737 -0.995571 0.003034308 -0.09396455 -0.9863608 -0.0008819543 -0.1645946 -0.9622667 0.001604905 -0.2721032 -0.9603668 0.002294643 -0.2787298 -0.9264936 -0.001033141 -0.3763089 -0.8937166 0.002525755 -0.4486249 -0.8794737 0.0001114413 -0.4759476 -0.8217779 -0.0001058736 -0.5698079 -0.8004159 0.00261252 -0.5994393 -0.7541063 -0.0009609105 -0.6567518 -0.6813882 0.001885944 -0.7319198 -0.6772807 0.00135687 -0.7357234 -0.5922351 -0.000796541 -0.8057648 -0.5406274 0.002678508 -0.8412579 -0.5000001 -0.0004350254 -0.8660252 -0.4016952 0.0005542493 -0.9157732 -0.382966 0.002251635 -0.9237597 -0.2985147 -0.001019083 -0.9544045 -0.2140723 0.002263316 -0.9768152 -0.1917106 0.0004212471 -0.9814515 -0.08257946 -0.0003484077 -0.9965845 -0.0396912 0.002518134 -0.9992089 0.02755448 -0.0008757903 -0.99962 0.1346313 0.00161596 -0.9908944 0.1373534 0.001359645 -0.9905212 0.2454854 -0.0007914075 -0.9694 0.3506376 -0.0005616582 -0.9365112 0.3038694 0.002505932 -0.9527104 0.4515333 0.0007824003 -0.8922539 0.5469478 -0.0009905739 -0.8371661 0.4633245 0.001927294 -0.8861866 0.6357238 -0.0001208068 -0.7719166 0.608804 0.002391433 -0.7933171 0.7167823 0.0001282544 -0.6972971 0.78914 -0.001040976 -0.6142123 0.7361857 0.002318874 -0.6767756 0.8519195 0.0005246474 -0.5236725 0.904357 -0.0004193072 -0.4267766 0.8417699 0.002150506 -0.5398321 0.9458169 -0.0009142976 -0.3246991 0.922337 0.002591735 -0.3863778 0.9757953 0.001453492 -0.218681 0.9939303 -0.0008396626 -0.1100082 0.975275 0.001686284 -0.2209885 0.9999999 -0.0005381171 0 0.9988262 0.002675915 -0.04836365 0.9939305 0.0007231589 0.1100081 0.9757957 -0.001060325 0.2186811 0.9919896 0.00218826 0.1263005 0.9458172 0.0001956339 0.3246994 0.9546083 0.002486418 0.2978536 0.9043572 -0.0001793479 0.4267764 0.8873882 0.002659811 0.4610152 0.8519194 -0.0009684396 0.523672 0.79198 0.001879153 0.610544 0.7891397 0.001427652 0.6142121 0.7167816 -0.0008279589 0.6972973 0.6712232 0.002745122 0.7412502 0.6357242 -0.000428019 0.771916 0.546948 0.0005389081 0.8371664 0.5289526 0.002356889 0.8486481 0.451533 -0.001046998 0.8922538 0.3701536 0.002317143 0.9289677 0.350637 0.0005487388 0.9365112 0.2454853 -0.0004332976 0.9694002 0.2052302 0.002323512 0.9787109 0.1373543 -0.0009663753 0.9905215 0.04591748 0.001578158 0.998944 0.02755358 0.0001456758 0.9996203 -0.08257901 -0.0001362006 0.9965844 -0.1017957 0.00126965 0.9948045 -0.1917101 -0.0008994538 0.9814512 -0.2345987 0.00136763 0.9720913 -0.2985148 -0.001040852 0.9544044 -0.3512608 0.001154328 0.936277 -0.4016951 -0.001041393 0.9157729 -0.4973556 0.002766965 0.8675424 -0.4999989 0.002438734 0.8660226 -0.5922352 -0.001018982 0.8057645 -0.6499976 0.002298366 0.7599328 -0.6772813 -0.0002934237 0.735724 -0.7541061 0.0003407753 0.6567525 -0.7569401 0.0006979193 0.6534839 -0.821778 -0.0005504434 0.5698075 -0.8604372 0.004129929 0.50954 -0.8794734 0.0007029129 0.4759474 -0.9264939 -0.0005265324 0.3763093 -0.9498466 0.003978939 0.3126909 -0.9622679 0.0003942571 0.2721035 -0.9863612 -0.0003327106 0.1645947 -0.9944238 0.003926891 0.1053848 -0.9984816 0 0.05508737 0.3716456 -0.4660302 0.8029293 0.3716479 -0.4660314 0.8029276 0.3479546 -0.4839754 0.8029293 0.3479547 -0.4839754 0.8029293 0.3233978 -0.5007173 0.8029297 0.3233983 -0.5007177 0.8029293 0.2980383 -0.5162167 0.802928 0.2980364 -0.5162153 0.8029297 0.271935 -0.5304303 0.8029291 0.2719361 -0.5304312 0.802928 0.2451584 -0.543326 0.8029286 0.2451578 -0.5433254 0.8029291 0.217771 -0.5548708 0.8029285 0.2177709 -0.5548707 0.8029286 0.1898421 -0.5650362 0.8029284 0.1898419 -0.5650361 0.8029285 0.1614404 -0.5737957 0.8029293 0.1614413 -0.5737967 0.8029284 0.1326389 -0.5811284 0.8029301 0.1326395 -0.5811294 0.8029293 0.1035068 -0.5870176 0.8029301 0.1035077 -0.587019 0.8029289 0.07411812 -0.5914488 0.8029289 0.07411789 -0.5914484 0.8029293 0.04454476 -0.5944076 0.8029292 0.04454434 -0.5944068 0.8029299 0.01486082 -0.595889 0.8029293 0.01486048 -0.5958883 0.8029299 -0.01486081 -0.5958882 0.8029298 -0.0148605 -0.595889 0.8029293 -0.04454441 -0.5944076 0.8029293 -0.0445447 -0.5944068 0.8029298 -0.07411794 -0.5914488 0.802929 -0.07411808 -0.5914484 0.8029293 -0.1035074 -0.5870175 0.80293 -0.103507 -0.5870191 0.8029289 -0.1326391 -0.5811294 0.8029293 -0.1326393 -0.5811284 0.8029301 -0.1614408 -0.5737968 0.8029284 -0.161441 -0.5737956 0.8029293 -0.189842 -0.5650361 0.8029286 -0.189842 -0.5650362 0.8029284 -0.217771 -0.5548707 0.8029286 -0.2177709 -0.5548708 0.8029285 -0.2451581 -0.5433253 0.8029291 -0.2451581 -0.543326 0.8029286 -0.2719356 -0.5304315 0.802928 -0.2719355 -0.53043 0.802929 -0.2980372 -0.5162148 0.8029297 -0.2980375 -0.5162172 0.8029281 -0.3233981 -0.5007178 0.8029292 -0.323398 -0.5007172 0.8029297 -0.3479547 -0.4839754 0.8029292 -0.3479546 -0.4839754 0.8029293 -0.3716471 -0.466032 0.8029276 -0.3716465 -0.4660296 0.8029293 -0.7660462 -0.6427855 7.636029e-08 -0.7660444 -0.6427876 -1.865678e-08 0.7660462 -0.6427856 7.802031e-08 0.7660444 -0.6427876 -1.784561e-08 -0.3066666 -0.3845471 -0.8706774 -0.3066668 -0.3845478 -0.8706771 -0.287117 -0.3993562 -0.870677 -0.2871168 -0.3993558 -0.8706772 -0.2668542 -0.4131705 -0.8706772 -0.2668545 -0.4131718 -0.8706766 -0.2459281 -0.4259597 -0.8706766 -0.2459281 -0.4259597 -0.8706766 -0.22439 -0.4376887 -0.8706766 -0.22439 -0.4376881 -0.8706769 -0.2022935 -0.4483291 -0.8706769 -0.2022935 -0.4483297 -0.8706766 -0.1796955 -0.4578556 -0.8706767 -0.1796955 -0.4578551 -0.8706768 -0.156649 -0.4662434 -0.8706768 -0.156649 -0.4662434 -0.8706769 -0.1332144 -0.473472 -0.8706768 -0.1332145 -0.4734715 -0.8706771 -0.1094479 -0.4795231 -0.8706771 -0.1094481 -0.4795221 -0.8706777 -0.0854099 -0.4843815 -0.8706777 -0.08540951 -0.4843835 -0.8706767 -0.06115896 -0.4880387 -0.8706766 -0.06115923 -0.4880376 -0.8706772 -0.03675671 -0.4904794 -0.8706773 -0.03675652 -0.49048 -0.8706769 -0.01226235 -0.4917025 -0.8706769 -0.01226215 -0.491703 -0.8706766 0.01226236 -0.4917031 -0.8706766 0.01226213 -0.4917025 -0.8706769 0.03675675 -0.49048 -0.8706769 0.03675648 -0.4904795 -0.8706773 0.06115882 -0.4880376 -0.8706773 0.06115936 -0.4880386 -0.8706766 0.08541023 -0.4843833 -0.8706767 0.08540919 -0.4843816 -0.8706777 0.1094477 -0.4795221 -0.8706778 0.1094483 -0.4795231 -0.8706772 0.1332143 -0.4734715 -0.8706772 0.1332146 -0.4734719 -0.8706768 0.156649 -0.4662434 -0.8706768 0.1566489 -0.4662434 -0.8706769 0.1796954 -0.4578552 -0.8706769 0.1796956 -0.4578555 -0.8706766 0.2022937 -0.4483296 -0.8706766 0.2022933 -0.4483292 -0.8706769 0.2243897 -0.4376881 -0.870677 0.2243902 -0.4376886 -0.8706765 0.2459281 -0.4259597 -0.8706766 0.245928 -0.4259596 -0.8706766 0.2668549 -0.4131716 -0.8706766 0.2668538 -0.4131708 -0.8706772 0.2871167 -0.3993559 -0.8706773 0.2871171 -0.3993562 -0.870677 0.3066671 -0.3845477 -0.870677 0.3066663 -0.3845472 -0.8706774 -0 -1 -0 0 -1 0 0 -1 0 0 -1 0 -0 -1 0 0 -1 0 0 -1 0 0 -1 0 0 -1 0 0 -1 0 0 -1 0 0 -1 0 0 -1 0 0 -1 0 0 -1 0 0.9244565 0 0.3812873 0.9244565 0 0.3812873 0 1 0 0 1 0 0 1 0 0 1 0 0 1 0 0 1 0 0 1 0 0 1 0 0 1 0 0 1 0 0 1 0 0 1 0 0 1 0 0 1 0 0 1 0 -1 0 0 -1 0 0 0 0 1 0 0 1 0 0 -1 0 0 -1 -1 0 0 -1 0 0 -0.9984816 0 -0.05508737 -0.9963362 -0.00237241 -0.08549114 -0.9863607 0.001056691 -0.1645946 -0.9670051 -0.002132861 -0.254748 -0.9622678 -0.0005775206 -0.2721035 -0.9264941 0.0004528093 -0.3763091 -0.9082487 -0.002657987 -0.4184222 -0.8794734 0.0008602558 -0.4759474 -0.834877 -0.001036229 -0.5504356 -0.8217779 0.0004974489 -0.5698078 -0.7541064 -0.000656112 -0.6567519 -0.736157 -0.002983325 -0.6768042 -0.677281 0.0009673054 -0.7357237 -0.5932847 0 -0.8049927 -0.592234 -0.002101721 -0.8057632 -0.597053 -0.001484056 -0.8022004 -0.5 0.0006672745 -0.8660251 -0.4313234 -0.002045813 -0.902195 -0.4016953 -0.0001958977 -0.9157733 -0.2985148 0.0001728475 -0.954405 -0.2583063 -0.001923727 -0.9660611 -0.1917106 0.0006216207 -0.9814513 -0.09594949 -0.0009441802 -0.9953857 -0.08257946 -0.00018489 -0.9965845 0.02755449 0.0001641965 -0.9996203 0.04152982 -0.0005383253 -0.9991371 0.1373535 0.0004610709 -0.990522 0.2068782 -0.002575085 -0.9783633 0.2454854 -0.0002758961 -0.9694002 0.3506376 0.0002321121 -0.9365112 0.404958 -0.002631496 -0.9143315 0.4515335 6.308284e-05 -0.8922542 0.5469481 -6.588984e-05 -0.8371665 0.5854875 -0.002619971 -0.8106772 0.6301752 0 -0.7764531 0.6357238 0.0004694115 -0.7719165 0.7167821 -0.0006095297 -0.6972969 0.7891403 0.00072792 -0.6142126 0.8633892 -0.003223068 -0.5045282 0.8519191 -0.001146322 -0.5236722 0.9043566 0.0009938325 -0.4267764 0.9468116 -0.002514407 -0.3217787 0.9458151 -0.002188426 -0.3246984 0.9857172 -0.001220282 -0.1684045 0.9757959 0.001046048 -0.2186811 0.9939301 0.001070839 -0.1100082 0.9992124 -0.001672109 -0.03964577 0.9999996 0.0007367367 0 0.9939301 -0.001151915 0.1100081 0.9933121 -0.001671952 0.1154487 0.9757959 0.0009333887 0.2186811 0.954295 -0.003467618 0.2988459 0.9458169 -0.0009574543 0.3246993 0.904357 0.0006543426 0.4267763 0.8944127 -0.0007807142 0.4472418 0.8519195 0.0007448111 0.5236722 0.8341533 -0.001238955 0.5515313 0.7891402 0.0009974404 0.6142124 0.7167817 -0.0006205772 0.6972973 0.6357243 0.0004779492 0.771916 0.6301755 -0 0.7764527 0.5932649 -0.002200144 0.8050044 0.546948 0.0003889413 0.8371665 0.4515332 -0.0005301186 0.8922542 0.4312966 -0.001941222 0.9022081 0.350637 0.000736566 0.9365112 0.2582912 -0.001566582 0.9660658 0.2454852 -0.0007064397 0.9694001 0.1373543 0.0004739508 0.9905218 0.09594586 -0.001344357 0.9953856 0.02755358 0.000738161 0.9996201 -0.04152915 -0.0009163573 0.9991369 -0.08257899 0.0006354359 0.9965842 -0.1917101 -0.001193987 0.9814509 -0.2068612 -0.002289785 0.9783676 -0.2985149 0.0007260611 0.9544047 -0.4016947 -0.001749487 0.915772 -0.4049283 -0.002020556 0.9143463 -0.5000002 0.00074639 0.8660249 -0.5854487 -0.00213629 0.8107066 -0.6085412 0 0.7935222 -0.5922341 -0.002139874 0.8057631 -0.677281 0.0009848942 0.7357237 -0.7324577 -0.00277472 0.6808068 -0.7541062 -0.0001783362 0.6567525 -0.8217782 0.0001644103 0.5698076 -0.8433198 -0.002715724 0.5374051 -0.8794733 0.0009543974 0.4759474 -0.9247127 -0.001798067 0.3806615 -0.9264932 -0.001340751 0.376309 -0.9622676 0.0008046391 0.2721034 -0.9708076 -0.0011425 0.2398567 -0.9863608 0.0009832454 0.1645946 -0.9958868 -0.002768623 0.09056383 -0.9984816 0 0.05508737 0.7356184 -0.002993433 0.6773895 0.7413502 -0.00366266 -0.6711084 1 0 0 1 -0 0 0 0 1 0 0 1 0 0 1 0 0 1 0 0 1 0 0 1 0 0 1 0 0 1 0 0 1 0 0 1 0 0 1 0 0 1 0 0 1 0 0 1 0 0 1 0 0 1 0 0 1 0 0 1 0 0 1 0 0 1 0 0 1 0 0 1 0 0 1 0 0 1 0 0 1 0 0 1 0 0 1 0 0 1 0 0 1 0 0 1 0 0 1 0 0 1 0 0 1 0 0 1 0 0 1 0 0 1 0 0 1 0 0 1 0 0 1 0 0 1 0 0 1 0 0 1 0 0 1 0 0 1 0 0 1 0 0 1 0 0 1 0 0 1 0 0 1 0 0 1 0 0 1 0 0 1 0 0 1 0 0 1 0 0 1 0 0 1 0 0 1 0 0 1 0 0 1 0 0 1 0 0 1 0 0 1 0 0 1 0 0 1 0 0 1 0 0 1 0 0 1 0 0 1 0 0 1 0 0 1 0 0 1 0 0 1 0 0 1 0 0 1 0 0 1 0 0 1 0 0 1 0 0 1 0 0 1 0 0 1 0 0 1 0 0 1 0 0 1 0 0 1 0 -0 1 0 0 1 0 0 1 0 0 1 0 0 1 0 0 1 0 0 1 0 0 1 0 0 1 0 0 1 0 0 1 0 0 1 0 0 1 0 0 1 0 0 1 0 0 1 0 0 1 0 0 1 0 0 1 0 0 1 0 0 1 0 0 1 0 0 1 0 0 1 0 0 1 0 0 1 0 0 1 0 0 1 0 0 1 0 0 1 0 0 1 0 0 1 0 0 1 0 0 1 0 0 1 0 0 1 0 0 1 0 0 -1 0 0 -1 0 0 -1 0 0 -1 0 0 -1 0 0 -1 0 0 -1 0 0 -1 0.9961947 0 -0.08715584 0.9961947 0 -0.08715584 0 0 1 0 0 1 0.9961947 0 -0.08715587 0.9961947 0 -0.08715587 0 0 1 0 0 1 0.9961947 0 -0.0871559 0.9961947 0 -0.0871559 0 0 1 0 0 1 0.9961947 0 -0.08715586 0.9961947 0 -0.08715586 0 0 1 0 0 1 0.9961947 0 -0.08715587 0.9961947 0 -0.08715587 0 0 1 0 0 1 0.9961947 0 -0.08715587 0.9961947 0 -0.08715587 -0.9484283 0 -0.3169915 -0.9484283 -0 -0.3169915 0.9997381 -0.02288491 0 0.9996889 -0.02493129 0.0007069235 0.9972031 -0.07472929 0.001286883 0.9976436 -0.06860702 -0.000643402 0.9922374 -0.1243452 0.001741579 0.9934589 -0.1141835 -0.001161007 0.9848057 -0.1736476 0.002068938 0.9871929 -0.1595239 -0.001551042 0.9749256 -0.2225192 0.002269629 0.978859 -0.2045279 -0.001815847 0.9626216 -0.2708399 0.002343298 0.9686062 -0.2485928 -0.001873053 0.9479251 -0.3184855 0.002216994 0.9565241 -0.2916475 -0.001846606 0.9308718 -0.3653411 0.001891132 0.94253 -0.3341175 -0.001620588 0.9115052 -0.4112864 0.00136542 0.9266509 -0.375921 -0.001194449 0.9089194 -0.4169716 -0.0005688839 0.8898714 -0.4562111 0.0006398103 0.8893697 -0.4571885 0.0002569498 0.8680416 -0.4964913 -0.0002401793 0.8660253 -0.4999989 0.001079973 0.8449765 -0.5348026 -0.000951465 0.8400246 -0.5425456 0.001690748 0.8202233 -0.5720416 -0.001462982 0.8119363 -0.5837424 0.002102265 0.7923901 -0.6100111 -0.002075684 0.78183 -0.6234881 0.00212712 0.7612721 -0.6484292 -0.002100031 0.7497792 -0.6616846 0.002150565 0.728294 -0.6852615 -0.00212284 0.7158651 -0.6982353 0.002172911 0.6935349 -0.7204198 -0.002144309 0.6801712 -0.73305 0.002193616 0.6570823 -0.7538158 -0.002164477 0.6427855 -0.766043 0.002213643 0.6038034 -0.7971302 0.002231609 0.6190213 -0.7853711 -0.002182883 0.5794486 -0.8150058 -0.002200735 0.5633183 -0.826237 0.002248314 0.5214339 -0.8532887 0.002263749 0.5384595 -0.8426484 -0.002216826 0.4782524 -0.8782195 0.002278137 0.4961549 -0.8682312 -0.002231601 0.4338827 -0.9009665 0.002290985 0.4526365 -0.8916923 -0.002244805 0.3884342 -0.9214736 0.002302312 0.408012 -0.9129737 -0.00225692 0.3420192 -0.9396901 0.002312411 0.3623906 -0.9320235 -0.002267818 0.2947547 -0.9555702 0.002320936 0.3158827 -0.9487955 -0.002277244 0.2467567 -0.9690747 0.002328464 0.2686041 -0.963248 -0.002285451 0.1981455 -0.9801698 0.002334632 0.2206678 -0.9753463 -0.00229202 0.1490412 -0.9888282 0.00233958 0.1721924 -0.9850607 -0.002297277 0.09956819 -0.995028 0.002342262 0.1232941 -0.9923676 -0.002301339 0.04984632 -0.9987541 0.002344029 0.07409824 -0.9972483 -0.002304629 0 -0.9999973 0.002345165 0.0247211 -0.9996917 -0.002305921 -0.04984632 -0.9987541 0.002344029 -0.0247211 -0.9996917 -0.002305921 -0.09956819 -0.995028 0.002342262 -0.07409824 -0.9972483 -0.002304629 -0.1490412 -0.9888282 0.00233958 -0.1232941 -0.9923676 -0.002301339 -0.1721924 -0.9850607 -0.002297277 -0.1981455 -0.9801698 0.002334632 -0.2206678 -0.9753463 -0.00229202 -0.2467567 -0.9690747 0.002328464 -0.2686041 -0.963248 -0.002285455 -0.2947547 -0.9555702 0.002320936 -0.3420192 -0.9396901 0.002312411 -0.3158827 -0.9487955 -0.002277244 -0.3884342 -0.9214736 0.002302312 -0.3623906 -0.9320235 -0.002267814 -0.408012 -0.9129737 -0.00225692 -0.4338827 -0.9009665 0.002290985 -0.4782524 -0.8782195 0.002278137 -0.4526365 -0.8916923 -0.0022448 -0.5214339 -0.8532887 0.002263749 -0.4961549 -0.8682312 -0.002231609 -0.5633183 -0.826237 0.002248314 -0.5384595 -0.8426484 -0.002216826 -0.6038034 -0.7971302 0.002231609 -0.5794486 -0.8150058 -0.002200727 -0.6427855 -0.766043 0.002213643 -0.6190213 -0.7853711 -0.002182878 -0.6801712 -0.73305 0.002193616 -0.6570823 -0.7538158 -0.002164477 -0.7158651 -0.6982353 0.002172911 -0.6935349 -0.7204198 -0.002144305 -0.7497792 -0.6616846 0.002150565 -0.728294 -0.6852615 -0.002122844 -0.78183 -0.6234881 0.00212712 -0.7612721 -0.6484292 -0.002100035 -0.8119363 -0.5837424 0.002102265 -0.7923901 -0.6100111 -0.002075684 -0.8400246 -0.5425456 0.001690748 -0.8202233 -0.5720416 -0.001462982 -0.8660253 -0.4999989 0.001079973 -0.8449765 -0.5348026 -0.000951465 -0.8680416 -0.4964913 -0.0002401745 -0.8898714 -0.4562111 0.0006398103 -0.8893697 -0.4571885 0.0002569506 -0.9115052 -0.4112864 0.00136542 -0.9089194 -0.4169716 -0.0005688771 -0.9308718 -0.3653411 0.001891132 -0.9266509 -0.375921 -0.001194445 -0.9479251 -0.3184855 0.002216994 -0.94253 -0.3341175 -0.001620588 -0.9626216 -0.2708399 0.002343298 -0.9565241 -0.2916475 -0.001846606 -0.9749256 -0.2225192 0.002269629 -0.9686062 -0.2485928 -0.001873051 -0.978859 -0.2045279 -0.001815847 -0.9848057 -0.1736476 0.002068938 -0.9871929 -0.1595239 -0.001551041 -0.9922374 -0.1243452 0.001741579 -0.9934589 -0.1141835 -0.001161006 -0.9972031 -0.07472929 0.001286883 -0.9976436 -0.06860702 -0.0006434022 -0.9996889 -0.02493129 0.0007069235 -0.9997381 -0.02288491 -6.134722e-16 -0.9997381 0.02288491 0 -0.9996889 0.02493129 0.0007069235 -0.9976436 0.06860702 -0.000643402 -0.9972031 0.07472929 0.001286883 -0.9934589 0.1141835 -0.001161007 -0.9922374 0.1243452 0.001741579 -0.9871929 0.1595239 -0.001551042 -0.9848057 0.1736476 0.002068938 -0.978859 0.2045279 -0.001815847 -0.9749256 0.2225192 0.002269629 -0.9686062 0.2485928 -0.001873053 -0.9626216 0.2708399 0.002343298 -0.9565241 0.2916475 -0.001846606 -0.9479251 0.3184855 0.002216994 -0.94253 0.3341175 -0.001620588 -0.9308718 0.3653411 0.001891132 -0.9266509 0.375921 -0.001194449 -0.9115052 0.4112864 0.00136542 -0.9089194 0.4169716 -0.0005688839 -0.8898714 0.4562111 0.0006398103 -0.8893697 0.4571885 0.0002569498 -0.8680416 0.4964913 -0.0002401793 -0.8660253 0.4999989 0.001079973 -0.8449765 0.5348026 -0.000951465 -0.8400246 0.5425456 0.001690748 -0.8202233 0.5720416 -0.001462982 -0.8119363 0.5837424 0.002102265 -0.7923901 0.6100111 -0.002075684 -0.78183 0.6234881 0.00212712 -0.7612721 0.6484292 -0.002100031 -0.7497792 0.6616846 0.002150565 -0.7158651 0.6982353 0.002172911 -0.728294 0.6852615 -0.00212284 -0.6935349 0.7204198 -0.002144309 -0.6801712 0.73305 0.002193616 -0.6427855 0.766043 0.002213643 -0.6570823 0.7538158 -0.002164477 -0.6038034 0.7971302 0.002231609 -0.6190213 0.7853711 -0.002182883 -0.5633183 0.826237 0.002248314 -0.5794486 0.8150058 -0.002200735 -0.5214339 0.8532887 0.002263749 -0.5384595 0.8426484 -0.002216826 -0.4961549 0.8682312 -0.002231601 -0.4782524 0.8782195 0.002278137 -0.4526365 0.8916923 -0.002244805 -0.4338827 0.9009665 0.002290985 -0.408012 0.9129737 -0.00225692 -0.3884342 0.9214736 0.002302312 -0.3623906 0.9320235 -0.002267818 -0.3420192 0.9396901 0.002312411 -0.3158827 0.9487955 -0.002277244 -0.2947547 0.9555702 0.002320936 -0.2686041 0.963248 -0.002285451 -0.2467567 0.9690747 0.002328464 -0.2206678 0.9753463 -0.00229202 -0.1981455 0.9801698 0.002334632 -0.1721924 0.9850607 -0.002297277 -0.1490412 0.9888282 0.00233958 -0.1232941 0.9923676 -0.002301339 -0.09956819 0.995028 0.002342262 -0.07409824 0.9972483 -0.002304629 -0.04984632 0.9987541 0.002344029 -0.0247211 0.9996917 -0.002305921 0 0.9999973 0.002345165 0.0247211 0.9996917 -0.002305921 0.04984632 0.9987541 0.002344029 0.07409824 0.9972483 -0.002304629 0.09956819 0.995028 0.002342262 0.1232941 0.9923676 -0.002301339 0.1490412 0.9888282 0.00233958 0.1721924 0.9850607 -0.002297277 0.1981455 0.9801698 0.002334632 0.2467567 0.9690747 0.002328464 0.2206678 0.9753463 -0.00229202 0.2947547 0.9555702 0.002320936 0.2686041 0.963248 -0.002285455 0.3420192 0.9396901 0.002312411 0.3158827 0.9487955 -0.002277244 0.3884342 0.9214736 0.002302312 0.3623906 0.9320235 -0.002267814 0.4338827 0.9009665 0.002290985 0.408012 0.9129737 -0.00225692 0.4782524 0.8782195 0.002278137 0.4526365 0.8916923 -0.0022448 0.5214339 0.8532887 0.002263749 0.4961549 0.8682312 -0.002231609 0.5633183 0.826237 0.002248314 0.5384595 0.8426484 -0.002216826 0.6038034 0.7971302 0.002231609 0.5794486 0.8150058 -0.002200727 0.6427855 0.766043 0.002213643 0.6190213 0.7853711 -0.002182878 0.6570823 0.7538158 -0.002164477 0.6801712 0.73305 0.002193616 0.6935349 0.7204198 -0.002144305 0.7158651 0.6982353 0.002172911 0.728294 0.6852615 -0.002122844 0.7497792 0.6616846 0.002150565 0.7612721 0.6484292 -0.002100035 0.78183 0.6234881 0.00212712 0.7923901 0.6100111 -0.002075684 0.8119363 0.5837424 0.002102265 0.8202233 0.5720416 -0.001462982 0.8400246 0.5425456 0.001690748 0.8449765 0.5348026 -0.000951465 0.8660253 0.4999989 0.001079973 0.8680416 0.4964913 -0.0002401745 0.8893697 0.4571885 0.0002569506 0.8898714 0.4562111 0.0006398103 0.9089194 0.4169716 -0.0005688771 0.9115052 0.4112864 0.00136542 0.9266509 0.375921 -0.001194445 0.9308718 0.3653411 0.001891132 0.9479251 0.3184855 0.002216994 0.94253 0.3341175 -0.001620588 0.9626216 0.2708399 0.002343298 0.9565241 0.2916475 -0.001846606 0.9749256 0.2225192 0.002269629 0.9686062 0.2485928 -0.001873051 0.9848057 0.1736476 0.002068938 0.978859 0.2045279 -0.001815847 0.9922374 0.1243452 0.001741579 0.9871929 0.1595239 -0.001551041 0.9972031 0.07472929 0.001286883 0.9934589 0.1141835 -0.001161006 0.9996889 0.02493129 0.0007069235 0.9976436 0.06860702 -0.0006434022 0.9997381 0.02288491 -0 -0.9961947 0 -0.08715587 -0.9961947 -0 -0.08715587 -8.402124e-07 0.9998477 -0.01745183 -6.880313e-07 0.9998477 -0.0174519 -5.391242e-07 0.9998477 -0.01745206 2.34752e-06 0.9998476 -0.01745811 -3.481661e-06 0.9998475 -0.01746206 1.37097e-06 0.9998477 -0.01745007 3.382037e-08 0.9998477 -0.01745184 5.446275e-08 0.9998477 -0.01745183 0 0.9998477 -0.0174513 0.9484283 0 -0.3169915 0.9484283 0 -0.3169915 0 1 0 0 1 0 0 1 0 0 1 0 0 1 0 0 1 0 0 1 0 0 1 0 0 1 0 0 1 0 0 1 0 0 1 -0 0 1 0 0 1 0 0 1 0 0 1 0 0 1 0 -0 1 0 0 1 0 -0 1 0 0 1 0 -0 1 0 0 1 0 -0 1 0 0 1 0 -0 1 0 0 1 0 -0 1 0 0 1 0 -0 1 0 0 1 0 -0 1 0 0 1 0 -0 1 0 0 1 0 -0 1 0 0 1 0 0 1 0 0 1 0 0 1 0 -0 1 0 -0 1 0 -0 1 0 -0 1 0 -0 1 0 -0 1 0 -0 1 0 -0 1 0 -0 1 0 -0 1 0 -0 1 0 -0 1 0 -0 1 0 -0 1 0 -0 1 0 -0 1 0 -0 1 0 -0 1 0 -0 1 0 0 1 0 -0 1 0 -0.5338591 -0.845535 -0.008067024 -0.5344386 -0.8452024 0.00286365 -0.5030572 -0.8636755 -0.03159283 -0.5659952 -0.8243716 -0.007814355 -0.4976601 -0.8671387 -0.02012226 -0.5343342 -0.8452225 -0.009264251 -0.5574574 -0.8300147 -0.01780395 -0.5552346 -0.8315424 -0.01587354 -0.5321761 -0.8461435 -0.0288052 -0.5337037 -0.8452889 -0.02543588 -0.5343122 -0.844251 -0.04184034 -0.5655662 -0.8240846 -0.0319305 -0.5404022 -0.8413485 -0.009908236 -0.5351379 -0.8447517 -0.004689476 -0.5094878 -0.8602708 -0.01887723 -0.535329 -0.8442641 -0.02531171 -0.5366264 -0.8437735 -0.008852409 -0.5347154 -0.8442599 -0.03611882 -0.534943 -0.8445389 -0.02429052 -0.4290888 -0.902473 -0.03775391 -0.4428474 -0.8962676 -0.02429943 -0.5683633 -0.8225937 -0.01740092 -0.5629817 -0.8262964 -0.01690265 -0.5548111 -0.8318442 -0.01483318 -0.4164522 -0.9088171 -0.02488037 -0.5419989 -0.8402337 -0.01563665 -0.5640989 -0.8254757 -0.01955607 -0.345789 -0.9382105 -0.01381868 -0.5245358 -0.8513357 -0.009481171 -0.5259051 -0.8503643 -0.01744036 -0.5259672 -0.8504647 -0.008263188 -0.3497178 -0.9368543 0.001241644 -0.2853552 -0.9580949 -0.02503037 -0.5343019 -0.8447518 -0.03026279 -0.2615891 -0.9650422 -0.01626746 -0.2824265 -0.9591094 -0.0185555 -0.6093999 -0.7926545 -0.01818612 -0.6078185 -0.7938845 -0.0174349 -0.6044565 -0.7964662 -0.01654605 -0.4560714 -0.8897758 -0.01726228 -0.4540266 -0.8905529 -0.02784631 -0.3067083 -0.9516621 -0.01641124 -0.2982394 -0.9543893 -0.01394309 -0.4313081 -0.9020343 -0.01753478 -0.4302727 -0.9025229 -0.0178295 -0.4593304 -0.8880277 -0.02055374 -0.2431593 -0.9698592 -0.0157096 -0.2650523 -0.9640511 -0.01878442 -0.2830312 -0.9590104 -0.01387345 -0.3116917 -0.9499288 -0.02199196 -0.2163783 -0.9760253 -0.02355794 -0.2228388 -0.974699 -0.01745322 -0.4145705 -0.9098573 -0.01705972 -0.6229522 -0.7811559 -0.04154552 -0.2337418 -0.972241 -0.01059148 -0.222373 -0.9747678 -0.0194435 -0.2425178 -0.969771 -0.0270028 -0.2769202 -0.960862 -0.007703465 -0.2070732 -0.9781579 -0.01810472 -0.2306968 -0.972894 -0.01600892 -0.2310788 -0.9726319 -0.02428562 -0.2777796 -0.9605951 -0.009778067 -0.276437 -0.9607149 -0.02468798 -0.5641131 -0.8255007 -0.01802878 -0.58368 -0.8118513 -0.01466118 -0.1710233 -0.9852327 -0.008219012 -0.1719282 -0.9851066 0.002354182 -0.2050443 -0.978602 -0.01717559 -0.2765032 -0.9602086 -0.03931257 -0.2768199 -0.96058 -0.02562701 -0.1702233 -0.9853856 -0.006267512 -0.3032854 -0.9528196 -0.01235889 -0.3530004 -0.9352325 -0.02703279 -0.3585407 -0.9321001 -0.05135857 -0.1703947 -0.9852027 -0.01847219 -0.1711777 -0.9851428 -0.01385359 -0.4593447 -0.8881647 -0.01288246 -0.1158577 -0.9929588 -0.0246921 -0.3181739 -0.9477942 -0.02125161 -0.5424847 -0.8399296 -0.01511926 -0.527195 -0.8493662 -0.0253461 -0.3473247 -0.9375224 -0.02042568 -0.1730154 -0.9845914 -0.02540622 -0.1723543 -0.9841741 -0.04117476 -0.1716007 -0.9845109 -0.03593677 -0.1160041 -0.9930714 -0.01877079 -0.1147984 -0.9931216 -0.02303563 -0.4537766 -0.8911113 -0.002769741 -0.2941923 -0.9556074 -0.01629261 -0.284729 -0.9584391 -0.01799643 -0.1166038 -0.9930489 -0.01604385 -0.1160038 -0.9930714 -0.01877039 -0.1799854 -0.983483 -0.01914974 -0.2296261 -0.9731658 0.01484103 -0.2248381 -0.9743675 -0.007469282 -0.271411 -0.9623188 -0.01669408 -0.2675859 -0.9633724 -0.01764652 -0.1197135 -0.9927537 -0.01042834 -0.1182038 -0.992829 -0.01784447 -0.4999563 -0.8659492 -0.01325827 -0.4865523 -0.8734681 -0.01790136 -0.398598 -0.916642 -0.0297826 -0.1595413 -0.9870192 -0.01842871 -0.1725257 -0.9848913 -0.01497252 -0.3625088 -0.9318224 -0.01715624 -0.3604186 -0.932622 -0.01774082 -0.2293447 -0.973102 -0.02176169 -0.2525108 -0.9674398 -0.01727659 -0.1300528 -0.991507 6.946614e-05 -0.1226455 -0.9923092 -0.01674958 -0.1449818 -0.9893147 -0.01538375 -0.1290027 -0.9913574 -0.02385052 -0.428395 -0.9034193 -0.01764379 -0.4134932 -0.9103922 -0.01447543 -0.4556966 -0.8899762 -0.0168175 -0.4561487 -0.8897507 -0.01649394 -0.1163632 -0.9930863 -0.01547017 -0.3590134 -0.9331092 0.02040549 -0.3537266 -0.9353285 -0.006169681 -0.348399 -0.9372464 -0.01368436 -0.3961826 -0.9180031 -0.01759886 -0.4112498 -0.9114247 -0.01336035 -0.184569 -0.982744 -0.01218423 -0.1598193 -0.9869843 -0.01788903 -0.1970776 -0.9799384 -0.02968157 -0.2028358 -0.9780374 -0.04796402 -0.1977556 -0.9802467 -0.003045805 -0.140727 -0.9898841 -0.01803816 -0.1095801 -0.9938607 -0.01526946 -0.1456009 -0.989196 -0.01707591 0.05616654 -0.9982861 -0.01643379 -0.3588232 -0.9331551 -0.02162119 -0.3652887 -0.9307381 -0.01705109 -0.02674564 -0.9996064 -0.008475293 -0.02024706 -0.9996722 -0.01566776 -0.2041838 -0.978777 -0.01744991 -0.2067406 -0.9783634 -0.00796273 -0.2064093 -0.9783686 -0.01378488 -0.09896952 -0.9950557 -0.008318793 -0.07624391 -0.9969466 -0.01685579 -0.3184534 -0.9478314 -0.01424711 -0.3072881 -0.9514017 -0.02021875 0.05617148 -0.9983738 -0.009716197 -0.05209513 -0.9984823 -0.01786618 0.002405187 -0.9999945 -0.002256739 -0.02564004 -0.9995183 -0.0174868 -0.05352104 -0.9984146 -0.01743097 -0.2005484 -0.9796024 0.01263292 -0.2007482 -0.9795895 0.01022303 -0.1990719 -0.9798408 0.01680746 0.1557711 -0.9874943 -0.02429908 -0.2708119 -0.9625223 -0.014553 -0.2720379 -0.9621865 -0.01387586 -0.2507375 -0.9678879 -0.01799171 0.05688451 -0.9983364 -0.009412332 -0.2224928 -0.9748054 -0.01585338 -0.2026525 -0.9789075 -0.02592261 -0.1644489 -0.9863216 -0.01122953 -0.09939507 -0.995048 -0.0001902246 0.255996 -0.9662861 -0.02751642 0.2503316 -0.9679452 -0.02040175 -0.09612185 -0.9953545 0.005484986 -0.1736214 -0.9846517 -0.01779098 -0.1425846 -0.9896301 -0.0173714 -0.09593329 -0.9953693 0.006067655 -0.1243305 -0.9921378 -0.01429719 -0.09589399 -0.9949617 -0.02924948 0.3061384 -0.9519777 0.004215792 0.3041309 -0.9525569 0.01182162 0.3123755 -0.9499583 -0.000886287 0.3052082 -0.9522689 -0.005660682 0.3050571 -0.952222 -0.0146115 0.3055241 -0.9521497 -0.008119718 -0.07472128 -0.9970766 -0.01596776 -0.04904738 -0.9986403 -0.01766003 0.3037728 -0.952555 -0.01900118 0.3027353 -0.9521168 -0.04271944 0.3049268 -0.9516516 -0.03713005 0.305163 -0.9519428 -0.02608434 0.3042258 -0.9523833 -0.02031339 -0.02492779 -0.9995684 -0.01554315 0.3143964 -0.9488262 -0.02973065 0.3534998 -0.9352664 -0.01773941 0.3514085 -0.936065 -0.01715704 0.02490495 -0.9986525 -0.04552998 -0.06878033 -0.9974792 -0.01745192 -0.1621161 -0.9866174 -0.01745163 -0.3409361 -0.9399244 -0.01745134 -0.3427009 -0.9392895 -0.01706893 -0.6078184 -0.7938846 -0.01743494 -0.5272842 -0.84951 -0.01744158 -0.4872307 -0.872712 -0.03130455 -0.4962908 -0.8681421 -0.0049942 0.1399299 -0.9899669 -0.0196266 0.08607161 -0.9961726 -0.01522137 0.2274164 -0.9737418 -0.01042026 0.1894264 -0.9813357 -0.0331346 0.003305068 -0.9997363 -0.02272432 0.02353159 -0.9996575 -0.01145552 0.01590568 -0.9997418 -0.01623026 0.01247925 -0.999743 -0.01892214 0.009091577 -0.9996958 -0.02292641 -0.219512 -0.9754897 -0.01530968 -0.2200466 -0.9753761 -0.01486526 -0.2266243 -0.9737951 -0.01909188 -0.4794275 -0.8775061 -0.01150363 -0.4538434 -0.8907217 -0.02531964 -0.4769352 -0.8788637 -0.01145843 -0.542464 -0.8398979 -0.01744697 -0.5836549 -0.8118144 -0.01744697 -0.6234873 -0.7818305 -0.002149807 -0.5214102 -0.8532499 -0.00980199 -0.4561402 -0.8897368 -0.01744665 -0.4999245 -0.8658932 -0.01744666 -0.5212862 -0.853047 -0.02390894 -0.5443484 -0.8381518 -0.03444236 -0.5552803 -0.8314548 -0.0186184 -0.5637793 -0.8257486 -0.01709084 -0.5786312 -0.8153469 -0.01988878 -0.5904187 -0.8067838 -0.02248878 -0.5490566 -0.8356029 -0.01744985 -0.6037122 -0.7970118 -0.01743071 -0.3652858 -0.9307319 -0.01744691 -0.4112251 -0.9113669 -0.01744691 -0.4338631 -0.9009255 -0.00980217 -0.5140854 -0.8538808 -0.08126447 -0.5067223 -0.8619329 -0.01744307 -0.5030702 -0.8635454 -0.03477941 -0.4782567 -0.8781099 -0.01390788 -0.3420038 -0.9396474 -0.00980192 -0.2707982 -0.962478 -0.0174468 -0.3184381 -0.947783 -0.01744682 -0.3449187 -0.935849 -0.07223497 -0.4338177 -0.9008321 -0.01743078 -0.429334 -0.9029887 -0.01684025 -0.433818 -0.9008319 -0.01743057 -0.378475 -0.9254443 -0.01759454 -0.4333479 -0.8998566 -0.04967522 -0.2467455 -0.9690307 -0.009802227 -0.1736224 -0.9846578 -0.01744706 -0.2224872 -0.9747795 -0.01744706 -0.4932625 -0.8698788 0.001713854 -0.4917812 -0.8705981 -0.01449551 -0.4850645 -0.8741917 -0.02238736 -0.4936238 -0.8695338 -0.01570187 -0.4986452 -0.866561 -0.02061201 -0.4840191 -0.8748956 -0.01682695 -0.4583498 -0.888574 -0.01875105 -0.4536047 -0.8906435 -0.03157185 -0.3419687 -0.9395496 -0.01743057 -0.3419682 -0.9395498 -0.01743089 -0.3405398 -0.9356239 -0.09295449 -0.2478349 -0.9644405 -0.09182803 -0.278555 -0.9602289 -0.01916932 -0.308021 -0.951247 -0.01588379 -0.1490026 -0.9885677 -0.02307252 -0.07471824 -0.9970521 -0.01744697 -0.1243244 -0.9920882 -0.01744697 -0.1490351 -0.9887834 -0.009801973 -0.3562 -0.9341313 -0.02281111 -0.3586121 -0.9333113 -0.01809127 -0.405876 -0.9137158 -0.01969758 -0.3425647 -0.9394189 -0.01189781 -0.3514227 -0.9361636 -0.009992865 -0.3495387 -0.9368914 0.007569217 -0.4068266 -0.9132439 -0.02185767 -0.3470916 -0.9374368 -0.02719605 -0.3960664 -0.9180596 -0.0172597 -0.1850175 -0.9825802 -0.01745093 -0.217227 -0.9759007 -0.02074428 -0.1818235 -0.9830014 -0.02546718 -0.2467199 -0.9689301 -0.0174308 -0.1950169 -0.9806623 -0.01642667 -0.2454735 -0.9640359 -0.1018705 -0.2467197 -0.9689301 -0.01743091 -0.473755 -0.8803968 -0.02139249 -0.4710645 -0.8819124 -0.01813256 -0.4716085 -0.8816507 -0.01666149 -0.467027 -0.8840846 -0.01674271 -0.5031454 -0.8639773 -0.01969808 -0.4968787 -0.86782 1.905374e-05 -0.04983136 -0.998467 -0.02409294 -0.04984343 -0.998709 -0.009802216 0.02492737 -0.999537 -0.01744694 -0.02492737 -0.999537 -0.01744694 -0.1358088 -0.9905815 -0.01744077 -0.07642222 -0.9964778 -0.03451887 -0.08941698 -0.9958181 -0.01873469 -0.08148088 -0.9965222 -0.01744953 -0.129772 -0.9910312 -0.0318816 -0.1450388 -0.9858432 -0.0841239 -0.1151396 -0.9932429 -0.01454056 -0.4159339 -0.9091085 -0.02281889 -0.4218482 -0.9062473 -0.02756684 -0.4194918 -0.9074581 -0.0233759 -0.4183127 -0.9080914 -0.01960457 -0.4179554 -0.9083381 -0.01533595 -0.4188108 -0.9080077 -0.01093845 -0.4209487 -0.9070623 -0.006332362 -0.4156162 -0.9094726 -0.01107257 -0.400268 -0.9162496 -0.01649279 -0.3877969 -0.9215735 -0.01777398 -0.3794111 -0.9250786 -0.01663547 -0.377147 -0.9260215 -0.01563348 -0.3854945 -0.9225999 -0.01426364 -0.3789924 -0.9252284 -0.01781356 0.04984343 -0.998709 -0.009802217 0.0498309 -0.9984578 -0.02447649 0.1243244 -0.9920882 -0.01744697 0.07471824 -0.9970521 -0.01744697 -0.01809098 -0.9996241 -0.02060054 -0.02317979 -0.9994139 -0.02518996 -0.03744297 -0.9979636 -0.05163904 0.02327738 -0.9995767 -0.01744764 -0.03170681 -0.999345 -0.0174436 0.01905817 -0.9998139 -0.002994083 0.2224872 -0.9747795 -0.01744706 0.1736224 -0.9846578 -0.01744706 0.1490351 -0.9887834 -0.009801971 -0.1153714 -0.9931691 -0.01744872 -0.1157133 -0.9931798 -0.01429229 -0.1073296 -0.9942229 -0.001034932 -0.09921347 -0.9949034 -0.01799554 -0.09573916 -0.9952871 -0.01541413 0.08607845 -0.9962518 -0.008539741 0.073075 -0.9971738 -0.01744624 0.1163545 -0.9929074 -0.02442223 0.05583588 -0.9949071 -0.08391782 -0.2042999 -0.9788202 -0.01313606 -0.1806512 -0.9833419 -0.02009642 -0.1971857 -0.979912 -0.02983624 -0.1751552 -0.9842421 -0.02425263 -0.2083921 -0.9779029 -0.01668687 -0.2087578 -0.9778013 -0.01802563 -0.2077757 -0.9779735 -0.01993048 0.3184381 -0.947783 -0.01744682 0.2707982 -0.962478 -0.0174468 0.2467455 -0.9690307 -0.009802227 0.1484531 -0.9849229 -0.0888171 0.1490195 -0.9886805 -0.01743072 0.1490197 -0.9886807 -0.0174308 0.1601875 -0.9866807 -0.02830438 0.2250198 -0.9734691 -0.0415215 0.2065996 -0.978268 -0.01756093 0.1845979 -0.9826625 -0.01726201 0.2467199 -0.9689301 -0.0174308 -0.09893697 -0.9947283 -0.02696402 -0.1143868 -0.9933115 -0.01574563 -0.0846768 -0.9962161 -0.01957685 -0.09721696 -0.9951102 -0.01745297 -0.1183491 -0.9928187 -0.01744932 -0.08451951 -0.9962276 -0.01967094 0.4112251 -0.9113669 -0.01744691 0.3652858 -0.9307319 -0.01744691 0.3420038 -0.9396474 -0.00980191 0.3216211 -0.9457948 -0.04508037 0.2467197 -0.9689301 -0.0174309 0.29841 -0.9543393 -0.01370912 0.2763952 -0.9607069 -0.02545167 0.2454375 -0.9638944 -0.1032863 0.2592434 -0.9647962 -0.04428389 -0.01803846 -0.9996462 -0.01954234 -0.003696444 -0.9999564 -0.008568566 -0.02176564 -0.9996108 -0.01744835 0.4338631 -0.9009255 -0.00980217 0.4999245 -0.8658932 -0.01744666 0.4561402 -0.8897368 -0.01744665 0.2309705 -0.972527 0.0290462 0.2184722 -0.9756449 -0.01966747 0.1509019 -0.9868175 -0.05847916 0.2239037 -0.9744875 -0.01553436 0.2276797 -0.9736773 -0.01069995 0.2308455 -0.9729899 -0.001035384 0.2314669 -0.9725119 0.0253694 0.433818 -0.9008319 -0.01743057 0.3678041 -0.9296688 -0.02088398 0.3609449 -0.9321923 -0.02713373 0.3516321 -0.9349978 -0.04619516 0.3419687 -0.9395496 -0.0174309 0.3419683 -0.9395499 -0.01743058 0.3404739 -0.9354425 -0.09499845 0.05687787 -0.9982199 -0.01794716 0.1243243 -0.9920882 -0.01744698 0.07471944 -0.9970519 -0.01744698 0.04982988 -0.9984406 -0.02516497 0.04984101 -0.9986637 -0.01366379 0.1399449 -0.9900728 -0.01309244 0.1106157 -0.9937121 -0.01733108 0.5214102 -0.8532499 -0.009801981 0.6234873 -0.7818305 -0.002149807 0.5836549 -0.8118144 -0.01744697 0.542464 -0.8398979 -0.01744697 0.521356 -0.8531612 -0.01743077 0.4338177 -0.9008321 -0.01743077 0.433863 -0.9009262 0.009743315 0.2224869 -0.9747796 -0.01744665 0.1736225 -0.9846578 -0.01744665 0.2273799 -0.9735426 -0.02265448 0.1490356 -0.988789 -0.009205823 0.1489947 -0.9885178 -0.0251647 0.1696564 -0.985391 -0.01487506 0.3738244 -0.9273443 -0.01696776 0.3675422 -0.9300068 -2.193372e-05 0.3696655 -0.9290873 -0.01200906 0.6037122 -0.7970118 -0.01743071 0.5213561 -0.8531612 -0.01743071 0.3184372 -0.9477834 -0.01744676 0.2707994 -0.9624776 -0.01744676 0.2467393 -0.9690058 -0.01214799 0.2831722 -0.9589152 -0.01718011 0.2995344 -0.9539224 -0.0176389 0.3173941 -0.9481624 -0.01578504 0.2466794 -0.9687704 -0.02516446 0.4210616 -0.9068648 -0.01741676 0.4335976 -0.9003741 -0.03632746 0.4112239 -0.9113673 -0.01744692 0.3652861 -0.9307317 -0.01744691 0.3649684 -0.9308565 -0.01744668 0.341912 -0.939395 -0.02516481 0.3389898 -0.9407535 -0.008285856 0.342004 -0.9396477 -0.009770161 0.521356 -0.8531612 -0.01743071 0.6037121 -0.7970119 -0.01743071 0.6037124 -0.7970116 -0.01743064 0.5213562 -0.8531611 -0.01743077 0.4999241 -0.8658934 -0.01744703 0.4561413 -0.8897363 -0.01744703 0.4337463 -0.9006836 -0.0251648 0.4338178 -0.9008321 -0.01743056 0.4338181 -0.9008318 -0.01743076 0.5213562 -0.8531612 -0.01743076 0.6231537 -0.7814087 -0.03286284 0.5836539 -0.811815 -0.01744697 0.5424641 -0.8398978 -0.01744697 0.5212703 -0.8530205 -0.02516475 0.6037126 -0.7970115 -0.0174307 0.5213563 -0.8531612 -0.0174307 -0.9961947 0 -0.08715584 -0.9961947 -0 -0.08715584 0 0 1 0 0 1 -0.9961947 0 -0.08715587 -0.9961947 -0 -0.08715587 0 0 1 0 0 1 -0.9961947 0 -0.0871559 -0.9961947 -0 -0.0871559 0 0 1 0 0 1 -0.9961947 0 -0.08715586 -0.9961947 -0 -0.08715586 0 0 1 0 0 1 -0.9961947 0 -0.08715587 -0.9961947 -0 -0.08715587 0 0 1 0 0 1 0 -1 -0 -0 -1 0 0 -1 -0 -0 -1 0 0 -1 -0 -0 -1 0 -0 -1 0 -0 -1 0 -0 -1 0 0 -1 -0 -0 -1 0 0 -1 0 0 -1 0 0 -1 0 0 -1 0 0 -1 0 0 -1 0 0 -1 -0 -0 -1 0 0 -1 -0 -0 -1 0 0 -1 -0 -0 -1 0 0 -1 -0 -0 -1 0 0 -1 -0 -0 -1 0 0 -1 -0 -0 -1 0 0 -1 -0 -0 -1 0 0 -1 -0 -0 -1 0 0 -1 -0 -0 -1 0 0 -1 -0 -0 -1 0 -0 -1 0 -0 -1 0 -0 -1 0 0 -1 0 0 -1 0 0 -1 0 0 -1 0 0 -1 0 0 -1 0 0 -1 0 0 -1 0 0 -1 0 0 -1 0 0 -1 0 0 -1 0 0 -1 0 0 -1 -0 0 -1 0 0 -1 0 0 -1 0 0 -1 0 -0 -1 0 -0 -1 0 0 -1 0 -0.9996892 0.02493031 -2.196005e-05 -0.9997084 0.02414791 0 -0.9972038 0.07472979 -4.243735e-05 -0.9973763 0.07239191 2.120969e-05 -0.9922391 0.1243443 -6.157401e-05 -0.9927179 0.1204628 4.105771e-05 -0.9848077 0.1736483 -7.926365e-05 -0.9857435 0.1682552 5.940671e-05 -0.9749278 0.2225212 -9.549839e-05 -0.9764695 0.2156559 7.63691e-05 -0.9626245 0.2708394 -0.0001103349 -0.9649183 0.2625503 9.193053e-05 -0.947927 0.3184877 -0.0001237464 -0.9511154 0.3088358 0.0001060742 -0.9308742 0.36534 -0.0001357332 -0.9350947 0.3543981 0.0001187658 -0.9115057 0.4112872 -0.0001463224 -0.9168924 0.3991346 0.0001300736 -0.8965508 0.4429409 0.0001399204 -0.8898716 0.456211 -0.0001554851 -0.8741183 0.4857131 0.0001483532 -0.8660254 0.5000002 -0.0001632301 -0.8400264 0.5425456 -0.0001695173 -0.8496463 0.527353 0.0001553745 -0.8119376 0.5837442 -0.0001744007 -0.8231926 0.5677622 0.0001610144 -0.7818318 0.6234894 -0.0001778954 -0.7948194 0.606846 0.0001651754 -0.7497806 0.6616865 -0.0001799532 -0.764591 0.6445158 0.000167939 -0.7158673 0.6982364 -0.0001805707 -0.7325789 0.680682 0.0001692635 -0.6801722 0.7330524 -0.0001797883 -0.6988592 0.7152594 0.0001692061 -0.6427884 0.7660438 -0.0001775898 -0.6635087 0.7481686 0.0001676752 -0.6038038 0.797133 -0.0001739319 -0.6266093 0.7793336 0.0001647876 -0.5633199 0.8262389 -0.0001689149 -0.5882502 0.808679 0.0001604209 -0.5214356 0.8532907 -0.0001624335 -0.548517 0.8361394 0.0001546492 -0.478254 0.8782216 -0.0001545366 -0.5075055 0.8616486 0.0001474802 -0.4338846 0.9009684 -0.0001451885 -0.4653088 0.8851484 0.000138893 -0.3884344 0.9214763 -0.0001344684 -0.4220295 0.9065821 0.0001288801 -0.3420195 0.9396922 0.001105669 -0.2947552 0.9555725 -0.0007613379 -0.3777627 0.9259025 0.0001174214 -0.3370825 0.9414752 -0.0001551581 -0.2866226 0.9580433 0.0006439426 -0.246757 0.9690771 -0.0006666519 -0.3326163 0.9430622 0 -0.239887 0.9708007 0.0005451783 -0.198146 0.9801724 -0.0005638215 -0.1925883 0.9812796 0.0004383966 -0.1490425 0.9888307 -0.0004527041 -0.1448393 0.9894552 0.000323278 -0.0995676 0.9950307 -0.0003336485 -0.09674837 0.9953089 0.0001999951 -0.04984651 0.9987568 -0.0002063848 -0.04843146 0.9988265 6.865259e-05 0 1 -7.088979e-05 0 1 -7.088979e-05 0.0498465 0.9987568 -0.0002063832 0.04843146 0.9988265 6.865181e-05 0.0995676 0.9950307 -0.0003336484 0.09674837 0.9953089 0.000199995 0.1490425 0.9888307 -0.0004527051 0.1448393 0.9894552 0.0003232764 0.1925883 0.9812796 0.0004383968 0.198146 0.9801724 -0.0005638215 0.239887 0.9708007 0.0005451815 0.246757 0.9690771 -0.0006666514 0.2866226 0.9580433 0.0006439431 0.2947552 0.9555725 -0.0007613369 0.3420195 0.9396922 0.001105673 0.3330627 0.9429047 -0 0.3371264 0.9414594 -0.0001439564 0.3790788 0.9253644 0.000112504 0.3884344 0.9214763 -0.000119532 0.4241733 0.905581 0.0001177255 0.4338846 0.9009684 -0.0001246509 0.4682419 0.8836004 0.0001226606 0.478254 0.8782216 -0.0001294972 0.5111725 0.8594781 0.0001274216 0.5214356 0.8532907 -0.000134166 0.5633199 0.8262389 -0.0001385672 0.5528658 0.8332703 0.000131927 0.6038038 0.797133 -0.000142777 0.5932161 0.8050433 0.0001362449 0.6427884 0.7660438 -0.0001467534 0.6321303 0.7748621 0.0001403367 0.6801722 0.7330524 -0.0001505096 0.6695096 0.7428034 0.0001441838 0.7158673 0.6982364 -0.0001540485 0.7052662 0.7089426 0.000147845 0.7497806 0.6616865 -0.0001573434 0.7393124 0.6733626 0.000151255 0.7818318 0.6234894 -0.0001604303 0.7715656 0.6361498 0.0001544923 0.8119376 0.5837442 -0.0001633128 0.8019471 0.597395 0.0001574599 0.8400264 0.5425456 -0.0001659654 0.830385 0.5571901 0.0001602314 0.8660254 0.5000002 -0.0001683987 0.8568084 0.5156348 0.0001627531 0.8898716 0.456211 -0.0001706061 0.8811541 0.4728293 0.0001650771 0.9115057 0.4112872 -0.0001725862 0.903363 0.4288765 0.0001671835 0.9308742 0.36534 -0.0001743705 0.9233813 0.383884 0.0001690676 0.947927 0.3184877 -0.0001758897 0.9411605 0.3379598 0.0001707008 0.9626245 0.2708394 -0.0001772342 0.9566568 0.291218 0.0001721763 0.9698336 0.2437682 0.0001733503 0.9749278 0.2225212 -0.0001783492 0.9806582 0.1957279 0.0001743499 0.9848077 0.1736483 -0.0001792329 0.9891048 0.147213 0.0001751188 0.9922391 0.1243443 -0.0001798969 0.995153 0.09833939 0.0001756968 0.9972038 0.07472979 -0.0001803029 0.9987874 0.0492308 0.0001760247 0.9996892 0.02493031 -0.0001805577 1 -0 0.0001761118 0.9996892 -0.02493031 -0.0001805577 0.9987874 -0.0492308 0.0001760248 0.9972038 -0.07472979 -0.0001803028 0.995153 -0.09833939 0.0001756967 0.9922391 -0.1243443 -0.0001798969 0.9891048 -0.147213 0.0001751188 0.9848077 -0.1736483 -0.0001792329 0.9806582 -0.1957279 0.00017435 0.9749278 -0.2225212 -0.0001783495 0.9698336 -0.2437682 0.0001733503 0.9626245 -0.2708394 -0.0001772345 0.9566568 -0.291218 0.0001721763 0.947927 -0.3184877 -0.0001758897 0.9411605 -0.3379598 0.0001707011 0.9308742 -0.36534 -0.0001743705 0.9233813 -0.383884 0.0001690682 0.9115057 -0.4112872 -0.0001725862 0.903363 -0.4288765 0.0001671838 0.8898716 -0.456211 -0.0001706058 0.8811541 -0.4728293 0.0001650774 0.8660254 -0.5000002 -0.0001683984 0.8568084 -0.5156348 0.0001627531 0.8400264 -0.5425456 -0.0001659654 0.830385 -0.5571901 0.0001602314 0.8119376 -0.5837442 -0.0001633125 0.8019471 -0.597395 0.0001574599 0.7818318 -0.6234894 -0.0001604303 0.7497806 -0.6616865 -0.0001573428 0.7715656 -0.6361498 0.0001544926 0.7158673 -0.6982364 -0.0001540488 0.7393124 -0.6733626 0.0001512553 0.6801722 -0.7330524 -0.0001505094 0.7052662 -0.7089426 0.0001478441 0.6427884 -0.7660438 -0.0001467528 0.6695096 -0.7428034 0.000144184 0.6038038 -0.797133 -0.0001427767 0.6321303 -0.7748621 0.0001403361 0.5633199 -0.8262389 -0.0001385675 0.5932161 -0.8050433 0.0001362449 0.5528658 -0.8332703 0.0001319267 0.5214356 -0.8532907 -0.000134166 0.5111725 -0.8594781 0.0001274216 0.478254 -0.8782216 -0.0001294969 0.4682419 -0.8836004 0.0001226606 0.4338846 -0.9009684 -0.0001246509 0.4241733 -0.905581 0.0001177255 0.3884344 -0.9214763 -0.0001195323 0.3420195 -0.9396922 0.001105669 0.2947552 -0.9555725 -0.0007613379 0.3790788 -0.9253644 0.0001125038 0.3371264 -0.9414594 -0.0001439563 0.2866226 -0.9580433 0.0006439426 0.246757 -0.9690771 -0.0006666519 0.3330627 -0.9429047 0 0.239887 -0.9708007 0.0005451783 0.198146 -0.9801724 -0.0005638215 0.1925883 -0.9812796 0.0004383966 0.1490425 -0.9888307 -0.0004527041 0.1448393 -0.9894552 0.000323278 0.0995676 -0.9950307 -0.0003336485 0.09674837 -0.9953089 0.0001999951 0.04984651 -0.9987568 -0.0002063848 0.04843146 -0.9988265 6.865259e-05 0 -1 -7.088979e-05 0 -1 -7.088979e-05 -0.04843146 -0.9988265 6.865181e-05 -0.0498465 -0.9987568 -0.0002063832 -0.09674837 -0.9953089 0.000199995 -0.0995676 -0.9950307 -0.0003336484 -0.1448393 -0.9894552 0.0003232764 -0.1490425 -0.9888307 -0.0004527051 -0.1925883 -0.9812796 0.0004383968 -0.198146 -0.9801724 -0.0005638215 -0.239887 -0.9708007 0.0005451815 -0.246757 -0.9690771 -0.0006666514 -0.2947552 -0.9555725 -0.0007613369 -0.2866226 -0.9580433 0.0006439431 -0.3420195 -0.9396922 0.001105673 -0.3326163 -0.9430622 0 -0.3370825 -0.9414752 -0.0001551585 -0.3884344 -0.9214763 -0.0001344682 -0.3777627 -0.9259025 0.0001174214 -0.4338846 -0.9009684 -0.0001451891 -0.4220295 -0.9065821 0.0001288807 -0.478254 -0.8782216 -0.0001545363 -0.4653088 -0.8851484 0.000138893 -0.5214356 -0.8532907 -0.0001624338 -0.5075055 -0.8616486 0.0001474802 -0.5633199 -0.8262389 -0.0001689154 -0.548517 -0.8361394 0.0001546498 -0.5882502 -0.808679 0.0001604209 -0.6038038 -0.797133 -0.0001739319 -0.6266093 -0.7793336 0.0001647882 -0.6427884 -0.7660438 -0.0001775898 -0.6801722 -0.7330524 -0.0001797889 -0.6635087 -0.7481686 0.0001676752 -0.7158673 -0.6982364 -0.0001805707 -0.6988592 -0.7152594 0.0001692061 -0.7497806 -0.6616865 -0.0001799538 -0.7325789 -0.680682 0.0001692635 -0.7818318 -0.6234894 -0.0001778954 -0.764591 -0.6445158 0.0001679396 -0.8119376 -0.5837442 -0.0001744007 -0.7948194 -0.606846 0.0001651754 -0.8400264 -0.5425456 -0.0001695173 -0.8231926 -0.5677622 0.0001610147 -0.8660254 -0.5000002 -0.0001632298 -0.8496463 -0.527353 0.0001553745 -0.8898716 -0.456211 -0.0001554854 -0.8741183 -0.4857131 0.0001483528 -0.9115057 -0.4112872 -0.0001463224 -0.8965508 -0.4429409 0.0001399201 -0.9308742 -0.36534 -0.0001357335 -0.9168924 -0.3991346 0.0001300736 -0.947927 -0.3184877 -0.0001237463 -0.9350947 -0.3543981 0.0001187659 -0.9626245 -0.2708394 -0.0001103346 -0.9511154 -0.3088358 0.0001060745 -0.9749278 -0.2225212 -9.549832e-05 -0.9649183 -0.2625503 9.193076e-05 -0.9848077 -0.1736483 -7.926358e-05 -0.9764695 -0.2156559 7.636895e-05 -0.9922391 -0.1243443 -6.157405e-05 -0.9857435 -0.1682552 5.940674e-05 -0.9972038 -0.07472979 -4.243731e-05 -0.9927179 -0.1204628 4.10578e-05 -0.9996892 -0.02493031 -2.196004e-05 -0.9973763 -0.07239191 2.120974e-05 -0.9997084 -0.02414791 0 0.3713748 -0.009261732 0.9284368 0.3713746 -0.009261729 0.9284369 0.3713748 0.009261732 0.9284368 0.3713746 0.009261729 0.9284369 0.3686068 -0.04619303 0.9284369 0.3704512 -0.0277612 0.928437 0.3686073 -0.04619282 0.9284368 0.3704517 -0.02776133 0.9284368 0.3772267 -0.01882671 0.9259296 0.3648221 -0.01820762 0.9308992 0.3621763 -0.08266391 0.9284369 0.3658465 -0.06450854 0.9284368 0.3734776 -0.05629276 0.9259296 0.3621763 -0.0826645 0.9284368 0.3658466 -0.06450848 0.9284368 0.3611965 -0.05444168 0.9308991 0.3660168 -0.09319926 0.9259296 0.3521456 -0.1183145 0.9284369 0.3576053 -0.1006146 0.9284369 0.3539807 -0.09013448 0.9308993 0.3521457 -0.1183146 0.9284368 0.3576054 -0.1006146 0.9284369 0.343247 -0.1249318 0.9308993 0.3386154 -0.152789 0.9284369 0.3458102 -0.1357208 0.9284369 0.3386155 -0.152789 0.9284368 0.3458105 -0.1357207 0.9284369 0.3549183 -0.1291798 0.9259296 0.3217201 -0.1857448 0.9284369 0.3305785 -0.169478 0.9284369 0.3217201 -0.1857451 0.9284369 0.3305788 -0.1694778 0.9284368 0.3291023 -0.1584873 0.9308993 0.3402925 -0.1638762 0.9259296 0.301627 -0.216855 0.9284369 0.3120613 -0.2015506 0.9284369 0.301627 -0.2168552 0.9284368 0.3120615 -0.2015505 0.9284369 0.3116868 -0.1904677 0.9308993 0.3222848 -0.196944 0.9259296 0.3010738 -0.2280546 0.9259296 0.2785361 -0.2458098 0.9284369 0.2904426 -0.2316201 0.9284369 0.2911734 -0.2205554 0.9308992 0.2785365 -0.2458097 0.9284369 0.2904426 -0.2316204 0.9284369 0.2526774 -0.2723214 0.928437 0.2659373 -0.259388 0.9284369 0.2526776 -0.2723219 0.9284367 0.2659379 -0.2593883 0.9284367 0.2768709 -0.2568989 0.9259295 0.2677661 -0.2484509 0.9308992 0.2243077 -0.2961269 0.9284368 0.2387892 -0.2845783 0.9284368 0.2243073 -0.2961269 0.9284369 0.2387891 -0.284578 0.9284369 0.2499164 -0.2831894 0.9259295 0.2416981 -0.273877 0.9308992 0.193708 -0.3169891 0.9284369 0.2092677 -0.3069396 0.9284369 0.2204776 -0.3066659 0.9259297 0.193708 -0.3169895 0.9284368 0.2092681 -0.3069397 0.9284368 0.2132275 -0.2965817 0.9308992 0.1611836 -0.3347011 0.9284369 0.1776665 -0.3262507 0.9284369 0.182638 -0.3163384 0.9308992 0.1611836 -0.3347013 0.9284368 0.1776668 -0.3262508 0.9284368 0.1888481 -0.3270945 0.9259295 0.1270571 -0.3490865 0.9284369 0.1442998 -0.3423192 0.9284369 0.1270571 -0.3490867 0.9284368 0.1442997 -0.3423195 0.9284369 0.1553416 -0.3442723 0.9259296 0.1502334 -0.3329513 0.9308992 0.09166791 -0.3600025 0.9284369 0.1094987 -0.3549858 0.9284369 0.0916682 -0.3600027 0.9284369 0.1094987 -0.3549859 0.9284368 0.1202912 -0.3580285 0.9259297 0.1163356 -0.3462552 0.9308993 0.0736093 -0.3641243 0.928437 0.08404531 -0.3682266 0.9259295 0.05536789 -0.367341 0.9284369 0.07360909 -0.3641245 0.9284369 0.08128154 -0.3561178 0.9308992 0.05536749 -0.3673409 0.9284369 0.01851712 -0.3710285 0.9284368 0.03698852 -0.3696442 0.9284368 0.04541983 -0.3624414 0.9308992 0.04696418 -0.374765 0.9259296 0.01851748 -0.3710282 0.9284369 0.03698868 -0.369644 0.9284369 -0.01851716 -0.3710285 0.9284369 0 -0.3714903 0.9284368 0.009106494 -0.3651624 0.9308993 0.009416136 -0.3775788 0.9259296 -0.01851744 -0.371028 0.9284371 0 -0.3714898 0.9284371 -0.02822526 -0.3766402 0.9259295 -0.05536791 -0.3673411 0.9284369 -0.02729709 -0.3642546 0.9308993 -0.03698853 -0.3696444 0.9284368 -0.05536751 -0.367341 0.9284369 -0.03698869 -0.3696441 0.9284369 -0.06558614 -0.3719581 0.9259296 -0.06342943 -0.3597267 0.9308992 -0.09166822 -0.3600028 0.9284368 -0.07360911 -0.3641247 0.9284369 -0.0916679 -0.3600026 0.9284369 -0.07360931 -0.3641244 0.9284369 -0.1270571 -0.3490866 0.9284368 -0.1094987 -0.354986 0.9284369 -0.09893164 -0.3516236 0.9308992 -0.1022955 -0.3635794 0.9259296 -0.1270571 -0.3490865 0.9284369 -0.1094987 -0.3549858 0.9284369 -0.1611836 -0.3347012 0.9284369 -0.1442997 -0.3423195 0.9284369 -0.1334503 -0.3400259 0.9308993 -0.1379879 -0.3515875 0.9259296 -0.1611836 -0.3347011 0.9284369 -0.1442998 -0.3423193 0.9284369 -0.1937079 -0.3169892 0.9284369 -0.1776667 -0.3262506 0.9284369 -0.1666429 -0.3250491 0.9308991 -0.172309 -0.3361013 0.9259297 -0.1937081 -0.3169892 0.9284369 -0.1776666 -0.3262508 0.9284369 -0.2049176 -0.3172745 0.9259296 -0.2243073 -0.2961269 0.9284369 -0.209268 -0.3069395 0.9284369 -0.2243075 -0.2961268 0.9284369 -0.2092677 -0.3069396 0.9284369 -0.1981793 -0.3068415 0.9308991 -0.2526776 -0.2723218 0.9284368 -0.2387893 -0.2845782 0.9284368 -0.2277461 -0.2855844 0.9308992 -0.2354898 -0.2952947 0.9259296 -0.2526774 -0.2723214 0.928437 -0.2387889 -0.284578 0.928437 -0.2785366 -0.2458098 0.9284368 -0.2659377 -0.2593882 0.9284368 -0.2550492 -0.261489 0.9308993 -0.2637215 -0.2703803 0.9259295 -0.2785361 -0.2458098 0.928437 -0.2659373 -0.259388 0.9284369 -0.301627 -0.2168552 0.9284369 -0.2904427 -0.2316204 0.9284369 -0.289332 -0.2427785 0.9259295 -0.3016269 -0.216855 0.9284369 -0.2904427 -0.2316202 0.9284369 -0.2798176 -0.2347949 0.9308993 -0.3217202 -0.1857451 0.9284368 -0.3120617 -0.2015506 0.9284368 -0.3018053 -0.2057672 0.9308993 -0.3217198 -0.1857446 0.9284371 -0.3120611 -0.2015505 0.928437 -0.3120675 -0.2127638 0.9259295 -0.3386154 -0.152789 0.9284368 -0.3305786 -0.1694777 0.9284369 -0.3317009 -0.1806349 0.9259296 -0.3207934 -0.1746949 0.9308992 -0.3386155 -0.152789 0.9284369 -0.3305785 -0.169478 0.9284369 -0.3365933 -0.1418858 0.9308992 -0.348038 -0.1467101 0.9259297 -0.3521454 -0.1183144 0.928437 -0.34581 -0.1357207 0.9284371 -0.3521459 -0.1183146 0.9284368 -0.3458106 -0.1357208 0.9284368 -0.3621759 -0.08266383 0.928437 -0.3576051 -0.1006146 0.928437 -0.3609163 -0.1113279 0.9259295 -0.3490478 -0.107667 0.9308994 -0.3621763 -0.08266448 0.9284368 -0.3576056 -0.1006147 0.9284368 -0.3686073 -0.0461931 0.9284367 -0.3658467 -0.06450859 0.9284367 -0.3580338 -0.07237828 0.9308991 -0.3702074 -0.07483924 0.9259296 -0.368607 -0.04619278 0.9284369 -0.3658463 -0.06450842 0.9284369 -0.363461 -0.03636977 0.9308993 -0.3758194 -0.03760641 0.9259296 -0.3713748 -0.009261723 0.9284369 -0.3704515 -0.02776122 0.9284369 -0.3713746 -0.009261727 0.9284368 -0.3704514 -0.02776131 0.9284369 -0.3652762 0 0.9308993 -0.3776962 0 0.9259296 -0.3704515 0.02776122 0.9284369 -0.3713748 0.009261723 0.9284369 -0.3704514 0.02776131 0.9284369 -0.3713746 0.009261727 0.9284368 -0.3658467 0.06450859 0.9284367 -0.3686073 0.0461931 0.9284367 -0.363461 0.03636977 0.9308993 -0.3758194 0.03760641 0.9259296 -0.3658463 0.06450842 0.9284369 -0.368607 0.04619278 0.9284369 -0.3580338 0.07237828 0.9308991 -0.3576051 0.1006146 0.928437 -0.3621759 0.08266383 0.928437 -0.3702074 0.07483924 0.9259296 -0.3576056 0.1006147 0.9284368 -0.3621763 0.08266448 0.9284368 -0.3490478 0.107667 0.9308994 -0.3609163 0.1113279 0.9259295 -0.34581 0.1357207 0.9284371 -0.3521454 0.1183144 0.928437 -0.3458106 0.1357208 0.9284368 -0.3521459 0.1183146 0.9284368 -0.3305785 0.169478 0.9284369 -0.3386155 0.152789 0.9284369 -0.3305786 0.1694777 0.9284369 -0.3386154 0.152789 0.9284368 -0.3365933 0.1418858 0.9308992 -0.348038 0.1467101 0.9259296 -0.3120611 0.2015505 0.928437 -0.3217198 0.1857446 0.9284371 -0.3207934 0.1746949 0.9308992 -0.3317009 0.1806348 0.9259296 -0.3120617 0.2015506 0.9284368 -0.3217202 0.1857451 0.9284368 -0.2904427 0.2316202 0.9284369 -0.3016269 0.216855 0.9284369 -0.3120675 0.2127638 0.9259295 -0.3018053 0.2057672 0.9308993 -0.2904427 0.2316204 0.9284369 -0.301627 0.2168552 0.9284369 -0.2659373 0.259388 0.9284369 -0.2785361 0.2458098 0.928437 -0.2798176 0.2347949 0.9308993 -0.289332 0.2427785 0.9259295 -0.2659377 0.2593882 0.9284368 -0.2785366 0.2458098 0.9284368 -0.2387889 0.284578 0.928437 -0.2526774 0.2723214 0.928437 -0.2387893 0.2845782 0.9284368 -0.2526776 0.2723218 0.9284368 -0.2550492 0.261489 0.9308993 -0.2637215 0.2703803 0.9259295 -0.2092677 0.3069396 0.9284369 -0.2243075 0.2961268 0.9284369 -0.209268 0.3069395 0.9284369 -0.2243073 0.2961269 0.9284369 -0.2277461 0.2855844 0.9308992 -0.2354898 0.2952947 0.9259296 -0.2049176 0.3172745 0.9259296 -0.1776666 0.3262508 0.9284369 -0.1937081 0.3169892 0.9284369 -0.1776667 0.3262506 0.9284369 -0.1937079 0.3169892 0.9284369 -0.1981793 0.3068415 0.9308991 -0.1666429 0.3250491 0.9308991 -0.172309 0.3361013 0.9259297 -0.1442998 0.3423193 0.9284369 -0.1611836 0.3347011 0.9284369 -0.1442997 0.3423195 0.9284369 -0.1611836 0.3347012 0.9284369 -0.1334503 0.3400259 0.9308993 -0.1094987 0.3549858 0.9284369 -0.1270571 0.3490865 0.9284369 -0.1379879 0.3515875 0.9259296 -0.1094987 0.354986 0.9284369 -0.1270571 0.3490866 0.9284368 -0.07360931 0.3641244 0.9284369 -0.0916679 0.3600026 0.9284369 -0.1022955 0.3635794 0.9259296 -0.09893164 0.3516236 0.9308992 -0.07360911 0.3641247 0.9284369 -0.09166822 0.3600028 0.9284368 -0.03698869 0.3696441 0.9284369 -0.05536751 0.367341 0.9284369 -0.06342942 0.3597267 0.9308992 -0.06558613 0.371958 0.9259296 -0.03698853 0.3696444 0.9284368 -0.05536791 0.3673411 0.9284369 0 0.3714898 0.9284371 -0.01851744 0.371028 0.9284371 0 0.3714903 0.9284368 -0.01851716 0.3710285 0.9284369 -0.02729709 0.3642546 0.9308993 -0.02822526 0.3766402 0.9259295 0.03698868 0.369644 0.9284369 0.01851748 0.3710282 0.9284369 0.03698852 0.3696442 0.9284368 0.01851712 0.3710285 0.9284368 0.009416136 0.3775788 0.9259296 0.009106494 0.3651624 0.9308993 0.04696418 0.374765 0.9259296 0.0736093 0.3641243 0.928437 0.05536749 0.3673409 0.9284369 0.07360909 0.3641245 0.9284369 0.05536789 0.367341 0.9284369 0.04541983 0.3624414 0.9308992 0.08128154 0.3561178 0.9308992 0.1094987 0.3549858 0.9284369 0.09166791 0.3600025 0.9284369 0.08404532 0.3682267 0.9259295 0.1094987 0.3549859 0.9284368 0.0916682 0.3600027 0.9284369 0.1202912 0.3580285 0.9259297 0.1442998 0.3423192 0.9284369 0.1270571 0.3490865 0.9284369 0.1163356 0.3462552 0.9308993 0.1442997 0.3423195 0.9284369 0.1270571 0.3490867 0.9284368 0.1776665 0.3262507 0.9284369 0.1611836 0.3347011 0.9284369 0.1502334 0.3329513 0.9308992 0.1553416 0.3442724 0.9259295 0.1776668 0.3262508 0.9284368 0.1611836 0.3347013 0.9284368 0.2092677 0.3069396 0.9284369 0.193708 0.3169891 0.9284369 0.182638 0.3163384 0.9308992 0.2092681 0.3069397 0.9284368 0.193708 0.3169895 0.9284368 0.1888481 0.3270945 0.9259295 0.2387892 0.2845783 0.9284368 0.2243077 0.2961269 0.9284368 0.2387891 0.284578 0.9284369 0.2243073 0.2961269 0.9284369 0.2132275 0.2965816 0.9308992 0.2204776 0.3066659 0.9259296 0.2659373 0.259388 0.9284369 0.2526774 0.2723214 0.928437 0.2659379 0.2593883 0.9284367 0.2526776 0.2723219 0.9284367 0.2499164 0.2831894 0.9259295 0.2416981 0.273877 0.9308992 0.2677661 0.2484509 0.9308992 0.2904426 0.2316201 0.9284369 0.2785361 0.2458098 0.9284369 0.2904426 0.2316204 0.9284369 0.2785365 0.2458097 0.9284369 0.2768709 0.2568989 0.9259295 0.3120613 0.2015506 0.9284369 0.301627 0.216855 0.9284369 0.2911734 0.2205554 0.9308992 0.3010738 0.2280546 0.9259296 0.3120615 0.2015505 0.9284369 0.301627 0.2168552 0.9284368 0.3305785 0.169478 0.9284369 0.3217201 0.1857448 0.9284369 0.3116868 0.1904677 0.9308993 0.3222848 0.196944 0.9259296 0.3305788 0.1694778 0.9284368 0.3217201 0.1857451 0.9284369 0.3458102 0.1357208 0.9284369 0.3386154 0.152789 0.9284369 0.3458105 0.1357207 0.9284369 0.3386155 0.152789 0.9284368 0.3291023 0.1584873 0.9308993 0.3402925 0.1638762 0.9259296 0.3576053 0.1006146 0.9284369 0.3521456 0.1183145 0.9284369 0.3576054 0.1006146 0.9284369 0.3521457 0.1183146 0.9284368 0.343247 0.1249318 0.9308993 0.3549183 0.1291798 0.9259296 0.3658465 0.06450854 0.9284368 0.3621763 0.08266391 0.9284369 0.3658466 0.06450848 0.9284368 0.3621763 0.0826645 0.9284368 0.3539807 0.09013448 0.9308993 0.3660168 0.09319926 0.9259296 0.3704512 0.0277612 0.928437 0.3686068 0.04619303 0.9284369 0.3704517 0.02776133 0.9284368 0.3686073 0.04619282 0.9284368 0.3648221 0.01820762 0.9308992 0.3772267 0.01882671 0.9259296 0.3611965 0.05444168 0.9308991 0.3734776 0.05629276 0.9259296 0 0 1 0 0 1 0 0 1 0 0 1 0 0 1 0 0 1 0 0 1 0 0 1 0 0 1 0 0 1 0 0 1 0 0 1 0.0009093552 0.01742917 -0.9998477 0.0009093818 0.01742914 -0.9998477 0.9990522 -0.04352865 4.967504e-09 0.9990522 -0.04352886 1.924131e-08 -0.0008561322 -0.01743147 0.9998477 -0.0008560487 -0.01743154 0.9998478 -0.8192831 -0.1241068 0.5597969 -0.7678586 0.04255303 0.6392044 -0.7949259 0.205249 0.5709341 -0.8701543 0.03897733 0.4912356 -0.6669234 0.03364916 0.7443662 -0.6610588 0.04093426 0.7492167 -0.5456154 0.0299146 0.8375017 -0.539529 0.03668968 0.8411672 -0.9954859 0.09490968 2.387899e-07 -0.9954859 0.09490969 2.386572e-07 0.4988536 -0.0233102 -0.8663728 0.4927791 -0.03173444 -0.8695755 0.6479771 -0.03666105 -0.760777 0.6433588 -0.02572798 -0.7651324 -0.9981576 0.06067513 7.746833e-09 -0.9981576 0.06067513 8.069619e-09 0.002541522 0.0172668 -0.9998477 0.00254158 0.01726686 -0.9998477 0.9905538 -0.1371244 5.030384e-09 0.9905537 -0.137125 5.005256e-08 -0.002488829 -0.01727411 0.9998477 -0.002488749 -0.01727419 0.9998478 -0.8273158 -0.04664648 0.5597969 -0.760473 0.1144498 0.6392043 -0.7721472 0.2789685 0.5709336 -0.8626527 0.1204926 0.4912352 -0.660819 0.09610952 0.7443663 -0.6542968 0.1028115 0.7492166 -0.5403974 0.081003 0.8375018 -0.5337017 0.08717701 0.8411675 -0.9821798 0.1879439 -2.292382e-07 -0.9821798 0.1879439 -2.284422e-07 0.4944621 -0.07003862 -0.8663728 0.4876239 -0.077855 -0.8695754 0.6433854 -0.08691516 -0.7605926 0.6364051 -0.09633974 -0.7653151 -0.9880535 0.1541112 -2.19494e-08 -0.9880535 0.1541112 -2.259497e-08 -0.9439177 0.3301809 9.309729e-08 -0.9439172 0.3301824 -1.619091e-08 0.005554529 0.01654614 -0.9998477 0.005554548 0.01654616 -0.9998478 0.005135427 0.0166811 -0.9998477 0.005135325 0.01668101 -0.9998477 0.1248558 -0.01575698 -0.9920498 0.1224322 -0.01795294 -0.9923145 0.4334954 -0.1007894 -0.8955017 0.4304575 -0.09232204 -0.8978769 0.7419344 -0.1753343 -0.6471409 0.7398149 -0.1647539 -0.6523267 0.9077632 -0.2007916 -0.3683051 0.9039944 -0.2089258 -0.3730203 0.960959 -0.2135626 -0.1759232 0.9599276 -0.2161088 -0.1784263 0.9745677 -0.2178998 -0.05232184 0.9743252 -0.2187949 -0.0530965 0.9733477 -0.2197363 0.06565203 0.9729704 -0.221119 0.0665969 0.9510278 -0.2187792 0.2183615 0.9494494 -0.2226403 0.2213078 0.890367 -0.2122819 0.4027195 0.88681 -0.2180382 0.4074645 0.7684947 -0.1934726 0.609905 0.7625332 -0.2000282 0.6152495 0.4781881 -0.1446258 0.8662676 0.4755697 -0.1334874 0.869491 0.0857354 -0.04355014 0.9953657 0.08509835 -0.04094834 0.9955308 -0.005365516 -0.0166123 0.9998477 -0.005365552 -0.01661235 0.9998476 0.2613949 -0.1160903 0.9582253 0.2560208 -0.119668 0.9592355 -0.891775 0.3486448 0.2884164 -0.8887151 0.3531503 0.2923527 -0.7703278 0.3001322 0.5625973 -0.7639913 0.3055771 0.568278 -0.5170849 0.2054954 0.8309 -0.5146652 0.1973224 0.8343762 -0.1740167 0.05869306 0.982992 -0.1728066 0.05540252 0.9833964 0.1560122 -0.380652 0.9114627 0.4027856 -0.2081297 0.891317 0.3752967 0.1067998 0.9207314 0.1345364 -0.07877064 0.9877728 0.5689605 -0.6261205 0.5331578 0.8031 -0.4051915 0.4368641 0.8331866 -0.06991959 0.5485538 0.6401381 -0.3169317 0.6998411 0.8707768 -0.4386992 0.2220151 0.871825 -0.4350156 0.225128 0.8918436 -0.4475761 0.0655039 0.8923667 -0.4463887 0.0664754 0.8927442 -0.4454237 -0.06786327 0.8931848 -0.4443926 -0.06882038 0.8772045 -0.4337637 -0.2058183 0.8781252 -0.4305632 -0.208594 0.6071086 -0.6103659 -0.5087953 0.6870927 -0.3144958 -0.6549779 0.8604096 -0.0797704 -0.503321 0.8244803 -0.400284 -0.4000063 0.1408307 -0.4178922 -0.8975149 0.1456676 -0.04573253 -0.988276 0.420681 0.2020602 -0.8844202 0.4477317 -0.1963221 -0.8723497 -0.2994326 0.1507867 -0.942127 -0.2986085 0.1420395 -0.9437467 -0.8872321 0.06270005 -0.4570425 -0.8647696 0.352171 -0.3579792 -0.66784 0.5916177 -0.4516393 -0.7291286 0.3147505 -0.6077036 0.2546348 -0.08360849 -0.9634162 0.2531166 -0.07780372 -0.9643022 0.8710321 -0.336354 0.358007 0.8667265 -0.3426999 0.3624115 0.7246822 -0.2923174 0.6240082 0.7170303 -0.2996912 0.6293272 0.4647158 -0.2114594 0.8598396 0.4628265 -0.2020376 0.8631178 0.1407544 -0.08119757 0.9867092 0.1399504 -0.07753801 0.9871179 -0.1343239 0.04060875 0.9901051 -0.1316266 0.04200234 0.9904091 -0.3869903 0.1623321 0.9076821 -0.379758 0.1662496 0.9100247 -0.6037422 0.2881719 0.7432714 -0.6030557 0.2775268 0.7478654 -0.7672481 0.384222 0.513521 -0.768321 0.3748611 0.5188081 -0.85141 0.438761 0.2873846 -0.8532096 0.4327635 0.291117 -0.88299 0.4614454 0.08600441 -0.883907 0.4594527 0.08724485 -0.8820617 0.4642368 -0.08031998 -0.8828262 0.4625745 -0.08150203 -0.8561162 0.451962 -0.2505901 -0.8577784 0.4468472 -0.2540548 -0.7919019 0.4166893 -0.4463869 -0.7932668 0.4082968 -0.4516874 -0.6470277 0.3393232 -0.6827994 -0.6466407 0.3290192 -0.6881876 -0.3963594 0.2108356 -0.8935589 -0.3948423 0.2019624 -0.896276 -0.112062 0.0716923 -0.9911116 -0.1114768 0.0683571 -0.9914132 0.1669969 -0.05129828 -0.984622 0.1633213 -0.05360492 -0.9851156 0.5032673 -0.1853669 -0.8440148 0.4947539 -0.1916088 -0.8476465 0.7523625 -0.2897132 -0.5916223 0.7523832 -0.2787005 -0.596863 0.8851977 -0.3347154 -0.3230954 0.8866069 -0.3270562 -0.327051 -0.8203797 0.5718192 2.833398e-08 -0.8203797 0.5718192 2.93459e-08 0.009847092 0.01440977 -0.9998477 0.009847078 0.01440977 -0.9998477 0.8308197 -0.5565417 3.934443e-07 0.8308207 -0.5565401 -7.020577e-08 0.6341484 -0.4110364 -0.6549083 0.639744 -0.3939852 -0.6599268 -0.742117 0.432757 -0.5118435 -0.7172626 0.4677287 -0.5164922 0.00844906 0.01527222 -0.9998477 0.008449026 0.0152722 -0.9998477 0.7430051 -0.4097714 0.5291794 0.7140733 -0.4530465 0.5337116 0.6452983 -0.3859766 -0.6592513 0.6633417 -0.3455046 -0.6637804 -0.008493477 -0.01524765 0.9998477 -0.008493477 -0.01524756 0.9998477 -0.6680181 0.3701788 0.645538 -0.6363403 0.4125717 0.6518095 0.8308197 -0.5565417 -2.037368e-09 0.8308197 -0.5565417 -2.037368e-09 -0.009847052 -0.01440978 0.9998477 -0.009847053 -0.0144098 0.9998477 0.2750539 0.08327676 0.9578153 0.2696917 0.08686338 0.9590209 -0.8972882 -0.335118 0.2873494 -0.8980169 -0.3297237 0.2912868 -0.7751395 -0.2905063 0.5610393 -0.7740531 -0.282211 0.566744 -0.5165256 -0.1967397 0.8333635 -0.2823135 -0.3209767 0.9040316 -0.16716 -0.07181197 0.9833111 0.3711592 -0.1791438 0.9111248 0.4403095 0.1139986 0.8905796 0.2094548 0.3301127 0.9204097 0.1533579 0.03123103 0.987677 0.8424814 -0.08593687 0.531827 0.8692816 0.23396 0.4354446 0.6687974 0.5032482 0.5472214 0.6896806 0.1912411 0.6984037 0.9415812 0.2539912 0.2211633 0.9399078 0.2574354 0.2242774 0.9630319 0.2613685 0.06523871 0.9626291 0.2626047 0.06621219 0.9622711 0.2635642 -0.06758895 0.9619112 0.2646282 -0.0685479 0.9430608 0.2619195 -0.2050234 0.9416143 0.2649185 -0.2077998 0.8603061 -0.04882009 -0.5074347 0.7229528 0.2242922 -0.653477 0.6955681 0.5139754 -0.5020102 0.8818542 0.2518014 -0.3986591 0.3846835 -0.2170123 -0.8971757 0.1395986 0.0632626 -0.9881852 0.1797455 0.4313197 -0.8841125 0.4659741 0.1527585 -0.8715119 -0.322323 -0.09514956 -0.9418356 -0.3207886 -0.08641417 -0.9432005 -0.7040588 -0.5446261 -0.4557234 -0.8796531 -0.31457 -0.3567298 -0.8928251 -0.005750792 -0.4503668 -0.7542898 -0.2522088 -0.6061662 0.2447112 0.1124604 -0.963052 0.2430974 0.106686 -0.9641171 0.8737695 0.3305414 0.3567482 0.8747987 0.3229447 0.3611565 0.7360526 0.2660097 0.6224671 0.7352716 0.25539 0.627815 0.488724 0.1529125 0.8589334 0.4809995 0.1586856 0.8622403 0.1596315 0.03357775 0.9866055 0.1565785 0.03576927 0.9870176 -0.1276887 -0.05950151 0.9900279 -0.126599 -0.05665537 0.9903347 -0.3979478 -0.1375606 0.9070362 -0.3951504 -0.1297884 0.9094015 -0.6434882 -0.1883386 0.7419242 -0.6358534 -0.1958323 0.7465522 -0.8288161 -0.225665 0.5119954 -0.8233727 -0.2333644 0.5172992 -0.9273235 -0.2410211 0.2863214 -0.9246679 -0.246691 0.2900565 -0.9656996 -0.2451257 0.08566031 -0.9650546 -0.2472203 0.08689974 -0.9668633 -0.2424371 -0.07999818 -0.9663257 -0.2441818 -0.08117774 -0.9395552 -0.2343384 -0.2496426 -0.9373852 -0.2392588 -0.2531091 -0.868642 -0.2179181 -0.4449413 -0.864064 -0.2250883 -0.4502541 -0.7097315 -0.1791112 -0.6813225 -0.7025558 -0.1865471 -0.6867427 -0.4373345 -0.1076819 -0.8928288 -0.4302544 -0.1132928 -0.8955701 -0.131817 -0.02148244 -0.9910413 -0.1291416 -0.02358101 -0.9913457 0.1592906 0.07338231 -0.9845006 0.1580777 0.06919591 -0.9849992 0.5000655 0.1980687 -0.8430322 0.497871 0.1877118 -0.8466929 0.7548818 0.286316 -0.5900648 0.7475463 0.2945485 -0.5953283 0.8831686 0.3411397 -0.3219271 0.8791111 0.347793 -0.3258892 -0.9452529 -0.1067796 0.3083748 -0.9371461 -0.1572558 0.3114928 -0.002031354 0.01733449 -0.9998477 -0.002031376 0.01733446 -0.9998477 0.9455466 0.1401982 -0.293745 0.9463124 0.1255723 -0.2978667 -0.002719644 0.01724089 -0.9998477 -0.002719632 0.01724087 -0.9998477 -0.003222462 0.017154 -0.9998477 -0.003222475 0.01715402 -0.9998477 -0.9294926 -0.1990073 -0.3105471 -0.9314134 -0.1835085 -0.3143149 -0.003930694 0.01700477 -0.9998477 -0.003930678 0.01700481 -0.9998477 0.9311613 0.1641173 0.3255827 0.9185368 0.2166045 0.3307152 0.002961363 -0.01720006 0.9998477 0.002961342 -0.01720003 0.9998477 -0.9506688 0.01264762 -0.3099498 -0.9483421 -0.03869261 -0.3148814 -0.0009779589 0.01742568 -0.9998477 -0.0009778902 0.0174256 -0.9998477 0.9422499 0.1194075 -0.3129009 0.9457181 0.06764168 -0.3178709 0.001930866 -0.01734586 0.9998477 0.001930859 -0.01734587 0.9998477 -0.9488533 -0.1018043 0.2988532 -0.9505833 -0.065886 0.303398 -0.9618449 -0.05869464 0.2672252 -0.9604107 -0.06593992 0.2706716 0.9640844 0.04958707 0.2609263 0.9635069 0.04240109 0.264304 0.9574557 0.006855089 0.2884991 0.9552384 0.04149764 0.2929122 4.197854e-05 -0.01745308 0.9998477 4.191295e-05 -0.01745299 0.9998477 -0.9785762 0.09890249 0.1805736 -0.9777283 0.102518 0.183132 -0.9931467 0.1066183 0.04787942 -0.9929805 0.1078435 0.04857601 -0.992929 0.1119102 -0.0396004 -0.9932756 0.1093942 -0.03789908 -0.9837402 0.1143541 -0.138486 -0.9856938 0.1057139 -0.1312722 -0.8936701 0.2862144 -0.3455937 -0.8869878 0.09262839 -0.4524076 -0.9317705 -0.1099188 -0.3460082 -0.9580761 0.09623143 -0.2698698 -0.6820033 0.07787319 -0.7271914 -0.6775749 0.06805144 -0.7322987 -0.2303625 0.03595481 -0.9724404 -0.2274646 0.03147107 -0.9732777 0.3550726 0.3522124 -0.8659503 0.5403922 -0.005856643 -0.8413929 0.3136809 -0.3624588 -0.8776264 0.1716451 0.006327327 -0.9851385 0.8026446 -0.0129841 -0.5963163 0.7982635 -0.01984667 -0.6019813 0.9297539 -0.01486648 -0.3678814 0.927765 -0.02063789 -0.3725939 0.983598 -0.01939144 -0.1793291 0.9832248 -0.01567509 -0.1817234 0.9986925 -0.01819393 -0.04777196 0.9986833 -0.01697161 -0.04840995 0.9991865 -0.01921124 0.03545929 0.9991825 -0.0184536 0.03597015 0.9903316 -0.02317432 0.1367707 0.9901109 -0.02089061 0.1387227 0.9430105 -0.02558566 0.3317779 0.9412998 -0.03379866 0.3358755 0.7410786 -0.03370166 0.670572 0.7359089 -0.04397609 0.6756509 0.2613651 -0.03347383 0.9646595 0.2581692 -0.0281584 0.9656892 -0.3090324 0.3618982 0.8795048 -0.5367776 0.03299763 0.8430783 -0.3581024 -0.3483285 0.8662736 -0.1713435 -0.006347421 0.9851909 -0.7977947 0.06765019 0.5991219 -0.7943128 0.06009784 0.6045291 -0.9244175 0.08991799 0.3706307 -0.9231711 0.08374345 0.3751563 -0.1010812 0.004574358 0.9948676 -0.1000769 0.00253281 0.9949765 -0.9511577 0.2143699 -0.2221361 -0.9513633 0.2101206 -0.2252936 -0.8203796 0.1874809 -0.5402113 -0.8185222 0.1789955 -0.5458772 -0.5539735 0.1213403 -0.8236443 -0.5471165 0.1278875 -0.8272293 -0.1743075 0.04784531 -0.9835282 -0.171396 0.05037505 -0.9839134 0.2363755 -0.01886945 -0.9714785 0.2323143 -0.0233122 -0.9723613 0.6860075 -0.08116915 -0.7230527 0.679206 -0.0913235 -0.7282439 0.9019604 -0.1084589 -0.4179761 0.8986868 -0.1155675 -0.4230914 0.9840611 -0.1213445 -0.1299978 0.9834705 -0.1240357 -0.1319125 0.9815003 -0.125848 0.1442896 0.9807769 -0.1290633 0.1463536 0.8690627 -0.1202678 0.47986 0.8649942 -0.1283026 0.4851015 0.6207291 -0.09964061 0.7776677 0.6140003 -0.107691 0.7819247 0.2131377 -0.0497044 0.975757 0.2095543 -0.05292972 0.9763634 -0.2879838 0.3764089 0.8805575 -0.5150992 0.0865117 0.8527535 -0.4046356 -0.2880111 0.8679398 -0.1914214 0.01518246 0.9813904 0.9680996 -0.1881649 -0.1654606 0.9691342 -0.1807586 -0.1676462 0.003011588 0.01719215 -0.9998477 0.003011619 0.01719219 -0.9998476 0.002530807 0.0172695 -0.9998477 0.00253079 0.01726948 -0.9998476 0.9913583 -0.1311819 1.574952e-07 0.9913583 -0.1311819 1.574952e-07 -0.002456517 -0.01727933 0.9998477 -0.002456514 -0.01727933 0.9998477 -0.00278979 -0.01722871 0.9998477 -0.002789818 -0.01722865 0.9998477 -0.003221779 -0.01715446 0.9998477 -0.003221771 -0.01715445 0.9998477 -0.968257 0.1945908 0.156885 -0.9651603 0.2075616 0.1593223 -0.1453679 0.04934379 -0.9881465 -0.1437959 0.046528 -0.988513 0.7332639 -0.1356506 -0.6662754 0.7301081 -0.1269936 -0.6714274 0.2879832 -0.0333821 -0.9570535 0.2835035 -0.03691813 -0.9582604 -0.4163975 0.07954293 -0.9056964 -0.4100283 0.08776128 -0.9078407 -0.9423347 -0.1888359 -0.2763084 -0.98081 0.1437424 -0.1317189 -0.8439144 0.4646034 -0.2682387 -0.8751775 0.1417382 -0.462574 -0.9819027 0.1393133 0.1282913 -0.9813569 0.1413908 0.1301818 -0.8871871 0.1219685 0.4449975 -0.8837835 0.1272325 0.450265 -0.4658989 0.05567023 0.883085 -0.4591688 0.06443035 0.8860096 0.3964161 -0.08537482 0.9140928 0.3903738 -0.09151205 0.9160971 0.9108452 -0.1821098 0.3704012 0.9073479 -0.1902912 0.3748453 0.9722514 -0.2339384 -3.502927e-07 0.9722514 -0.2339384 -3.489244e-07 -0.004244397 -0.0169291 0.9998477 -0.004244419 -0.01692905 0.9998477 -0.004566131 -0.01684516 0.9998477 -0.004566129 -0.01684517 0.9998477 -0.004982227 -0.01672808 0.9998477 -0.004982223 -0.01672811 0.9998477 0.8034346 -0.2363215 -0.5464842 0.7982182 -0.2409415 -0.5520824 0.6984875 -0.2015904 -0.6866415 0.697863 -0.1863256 -0.6915707 0.7023875 -0.1757306 -0.6897613 0.694594 -0.1853296 -0.6951203 0.7456217 -0.1797415 -0.6416706 0.7391839 -0.1863646 -0.6472058 0.8469364 -0.2084849 -0.4891141 0.8464485 -0.1980347 -0.4942744 0.9583989 -0.2277088 -0.1721054 0.9572005 -0.230853 -0.1745683 0.9589545 -0.2338129 0.1604299 0.9578754 -0.2366562 0.1626918 0.8339164 -0.2124747 0.5093507 0.82889 -0.2191965 0.5146787 0.5607871 -0.1649084 0.8113711 0.5575005 -0.1558778 0.8154112 0.1694075 -0.06655588 0.9832962 0.167906 -0.06284685 0.9837977 -0.1676876 0.03352738 0.9852699 -0.1662819 0.02989825 0.9856249 -0.5342686 0.1568956 0.8306268 -0.5313372 0.1478102 0.834166 -0.8140815 0.2526876 0.522896 -0.8085243 0.2590045 0.5283988 -0.930259 0.305674 0.2029325 -0.9284196 0.3093646 0.2057442 -0.1108204 0.05339001 -0.9924054 -0.1085332 0.05489238 -0.9925761 0.913017 -0.2847701 -0.2920718 0.9140651 -0.2774806 -0.2957861 0.396129 -0.1059292 -0.9120641 0.3937986 -0.0967589 -0.9140899 -0.3837177 0.1191422 -0.9157325 -0.3770554 0.1252109 -0.9176881 -0.9085093 0.2489768 -0.3355911 -0.9087552 0.2420153 -0.339989 -0.9197016 0.2410083 0.3099416 -0.9203829 0.2332429 0.3138362 -0.770173 0.1955431 0.6071213 -0.7636401 0.2033281 0.6127899 -0.6988573 0.1836347 0.6912863 -0.6902555 0.1953778 0.6966885 -0.6880204 0.2044207 0.6963046 -0.6859965 0.1940105 0.7012622 -0.7406002 0.229943 0.6313775 -0.7386367 0.2214818 0.6366801 -0.8481376 0.2682187 0.4568605 -0.842453 0.2768036 0.4622258 -0.9385307 0.3152706 0.1405866 -0.9376352 0.3170222 0.1426081 0.005376975 0.01660546 -0.9998477 0.005376976 0.01660546 -0.9998477 0.004862878 0.01676321 -0.9998476 0.004862885 0.01676322 -0.9998477 0.004344139 0.01690506 -0.9998477 0.004344146 0.01690507 -0.9998477 -0.8571549 0.4132061 0.3074835 -0.8323851 0.4577686 0.3123828 0.008347881 0.01532724 -0.9998477 0.008347819 0.01532721 -0.9998477 0.853025 -0.4313495 -0.2937449 0.8452072 -0.4437345 -0.2978666 0.007731783 0.01564816 -0.9998477 0.007731782 0.01564812 -0.9998477 0.007271031 0.01586746 -0.9998477 0.007271033 0.01586744 -0.9998477 -0.8677298 0.3882951 -0.310277 -0.8726121 0.37361 -0.3145851 0.00660663 0.01615448 -0.9998477 0.006606606 0.01615446 -0.9998477 0.8550863 -0.4035138 0.3255827 0.8750771 -0.3533657 0.3307152 -0.007510787 -0.01575433 0.9998477 -0.007510807 -0.01575434 0.9998477 -0.1393061 0.07281971 0.9875683 -0.1360194 0.07378726 0.9879545 -0.797425 0.5605687 -0.2233297 -0.7992369 0.5567049 -0.2264952 -0.6891304 0.4873598 -0.5362645 -0.6907277 0.4787669 -0.5419202 -0.4738467 0.3377438 -0.8132641 -0.4736237 0.3280292 -0.8173601 -0.1500073 0.1191248 -0.9814821 -0.1495182 0.1149192 -0.982058 0.1792401 -0.08871639 -0.9797971 0.1748972 -0.09044263 -0.980424 0.525405 -0.2920268 -0.7991683 0.5160034 -0.2969485 -0.8034688 0.7497969 -0.4194534 -0.5117261 0.7426941 -0.4251907 -0.5173184 0.8589271 -0.4852572 -0.1636143 0.8569596 -0.4879203 -0.1659937 0.9409804 -0.2349218 0.2436545 0.791903 -0.4656098 0.3950914 0.6727365 -0.7007437 0.2374529 0.8623173 -0.4928083 0.1163991 0.504503 -0.3078173 0.8066754 0.4939638 -0.3148333 0.8104811 0.603649 -0.3499393 -0.7163451 0.6043884 -0.3386323 -0.72114 0.8423463 -0.4819357 -0.2412274 0.8392986 -0.4855514 -0.2445762 0.8375767 -0.4944624 0.2323193 0.8393854 -0.4898368 0.2355672 0.6267559 -0.3802447 0.6801404 0.6170268 -0.3870839 0.6851598 0.2159841 -0.1568181 0.9637214 0.2159213 -0.1502444 0.9647822 -0.1630218 0.08301442 0.9831238 -0.1595432 0.08393972 0.9836158 -0.4763057 0.2950028 0.8283153 -0.4680177 0.2976831 0.8320723 -0.6890846 0.4615899 0.5586565 -0.6903306 0.4530426 0.5640888 -0.7930772 0.5449852 0.2720656 -0.7951131 0.5401908 0.275661 -0.1615027 0.1286471 -0.9784512 -0.1572041 0.1299776 -0.9789754 0.7834654 -0.5072016 -0.3590664 0.7776352 -0.5128425 -0.3636974 0.3523175 -0.2042596 -0.9133184 0.3446192 -0.2072775 -0.9155729 -0.333864 0.2303279 -0.9140481 -0.3332578 0.2221747 -0.9162847 -0.8067001 0.4920548 -0.3272873 -0.8022824 0.4965181 -0.33138 -0.7931524 0.4693257 0.3881273 -0.787284 0.475114 0.3930019 -0.2846324 0.1553078 0.9459725 -0.2777826 0.1584705 0.9474829 0.05898362 -0.05875254 0.9965285 0.05815564 -0.05796182 0.9966235 -0.8365815 0.5375108 0.1058935 -0.8354305 0.5389931 0.1074352 0.1631357 -0.08524393 -0.9829141 0.1622054 -0.08202224 -0.9833422 -0.3519404 0.2309409 -0.9070856 -0.3434014 0.2353741 -0.9092165 -0.8092303 0.4949405 -0.3165124 -0.8117703 0.4880128 -0.3207373 -0.935207 0.1900119 0.2988033 -0.7494141 0.4429801 0.4920844 -0.612801 0.7253653 0.3135605 -0.8512592 0.5018127 0.1534331 -0.3831324 0.2132706 0.8987353 -0.374171 0.2181497 0.9013361 0.3332539 -0.2297642 0.9144125 0.3254015 -0.2330288 0.9164122 0.7665806 -0.5228318 0.3728285 0.7701384 -0.5141004 0.3776078 0 0 1 0 0 1 0 0 1 0 0 1 0 0 1 0 0 1 0 0 1 0 0 1 0 0 1 0 0 1 0 0 1 0 0 1 0 0 1 0 0 1 0 0 1 0 0 1 0 0 1 0 0 1 0 0 1 0 0 1 0 0 1 0 0 1 0 0 1 0 0 1 0 0 1 0 0 1 0 0 1 0 0 1 0 0 1 0 0 1 0 0 1 0 0 1 0 0 1 0 0 1 0 0 1 0 0 1 0 0 1 0 0 1 0 0 1 0 0 1 0 0 1 0 0 1 0 0 1 0 0 1 0 0 1 0 0 1 0 0 1 0 0 1 0 0 1 0 0 1 0 0 1 0 0 1 0 0 1 0 0 1 0 0 1 0 0 1 0 0 1 0 0 1 0 0 1 0 0 1 0 0 1 0 0 1 0 0 1 0 0 1 0 0 1 0 0 1 0 0 1 0 0 1 0 0 1 0 0 1 0 0 1 0 0 1 0 0 1 0 0 1 0 0 1 0 0 1 0 0 1 0 0 1 0 0 1 0 0 1 0 0 1 0 0 1 0 0 1 0 0 1 0 0 1 0 0 1 0 0 1 0 0 1 0 0 1 0 0 1 0 0 1 0 0 1 0 0 1 0 0 1 0 0 1 0 0 1 0 0 1 0 0 1 0 0 1 0 0 1 0 0 1 0 0 1 0 0 1 0 0 1 0 0 1 0 0 1 0 0 1 0 0 1 0 0 1 0 0 1 0 0 1 0 0 1 0 0 1 0 0 1 0 0 1 0 0 1 0 0 1 0 0 1 0 0 1 0 0 1 0 0 1 0 0 1 0 0 1 0 0 1 0 0 1 0 0 1 0 0 1 0 0 1 0 0 1 0 0 1 0 0 1 0 0 1 0 0 1 0 0 1 0 0 1 0 0 1 0 0 1 0 0 1 0 0 1 0 0 1 0 0 1 0 0 1 0 0 1 0 0 1 0 0 1 0 0 1 0 0 1 0 0 1 0 0 1 0 0 1 0 0 1 0 0 1 0 0 1 0 0 1 0 0 1 0 0 1 0 0 1 0 0 1 0 0 1 0 0 1 0 0 1 0 0 1 0 0 1 0 0 1 0 0 1 0 0 1 0 0 1 0 0 1 0 0 1 0 0 1 0 0 1 0 0 1 0 0 1 0 0 1 0 0 1 0 0 1 0 0 1 0 0 1 0 0 1 0 0 1 0 0 1 0 0 1 0 0 1 0 0 1 0 0 1 0 0 1 0 0 1 0 0 1 0 0 1 0 0 1 0 0 1 0 0 1 0 0 1 0 0 1 0 0 1 0 0 1 0 0 1 0 0 1 0 0 1 0 0 1 0 0 1 0 0 1 0 0 1 0 0 1 0 0 1 0 0 1 0 0 1 0 0 1 0 0 1 0 0 1 0 0 1 0 0 1 0 0 1 0 0 1 0 0 1 0 0 1 0 0 1 0 0 1 0 0 1 0 0 1 0 0 1 0 0 1 0 0 1 0 0 1 0 0 1 0 0 1 0 0 1 0 0 1 0 0 1 0 0 1 0 0 1 0 0 1 0 0 1 0 0 1 0 0 1 0 0 1 0 0 1 0 0 1 0 0 1 0 0 1 0 0 1 0 0 1 0 0 1 0 0 1 0 0 1 0 0 1 0 0 1 0 0 1 0 0 1 0 0 1 0 0 1 0 0 1 0 0 1 0 0 1 0 0 1 0 0 1 0 0 1 0 0 1 0 0 1 0 0 1 0 0 1 0 0 1 0 0 1 0 0 1 -0.0858972 -0.9961511 -0.01745231 -0.08689761 -0.9960274 -0.01944495 -0.07063244 -0.9973859 -0.01524912 -0.07189491 -0.9971765 -0.02168156 -0.06363303 -0.997838 -0.01643425 -0.05209399 -0.9984898 -0.01745143 -0.0490413 -0.9986178 -0.01890361 -0.05209715 -0.9984895 -0.01745185 -0.1790338 -0.9836881 -0.01745159 -0.1800193 -0.9834708 -0.0194466 -0.1639489 -0.986351 -0.01524956 -0.1651862 -0.986024 -0.02168226 -0.1570228 -0.9874582 -0.01643492 -0.1456017 -0.9891893 -0.0174514 -0.1425754 -0.9896035 -0.01890314 -0.1456028 -0.9891891 -0.01745156 -0.3181779 -0.9478039 -0.02075218 -0.2941759 -0.9555675 -0.01874213 -0.2984175 -0.9543424 -0.01332234 -0.2714853 -0.9623078 -0.01610542 -0.2734504 -0.9616933 -0.01925212 -0.2530773 -0.9673123 -0.0160836 -0.2553263 -0.966642 -0.02028855 -0.2410025 -0.9704094 -0.01494253 -0.2420304 -0.9700716 -0.01955418 -0.2320748 -0.9725127 -0.01898127 -0.2318065 -0.9726367 -0.01560913 -0.3213844 -0.946788 -0.01745162 -0.3213824 -0.9467886 -0.01745135 -0.2292688 -0.9731978 -0.01793923 -0.2292106 -0.9732456 -0.01598281 -0.2283455 -0.9734322 -0.01697026 -0.2986262 -0.9542147 -0.01722395 -0.3073507 -0.9515921 -0.002841757 -0.229813 -0.9730908 -0.01674071 -0.2283598 -0.9734097 -0.01804257 -0.2344029 -0.9720249 -0.01492985 -0.2301156 -0.9729729 -0.01925227 -0.2729813 -0.961875 -0.01666947 -0.2723652 -0.9620323 -0.01764168 -0.2346846 -0.9718527 -0.02063213 -0.2515824 -0.9677041 -0.01596936 -0.2369462 -0.971349 -0.01837375 -0.2507961 -0.9678706 -0.01810818 -0.439478 -0.8981673 -0.01243277 -0.4318462 -0.9017521 -0.01876365 -0.4514033 -0.8921971 -0.01481205 -0.4509917 -0.8923876 -0.0158401 -0.4388084 -0.898358 -0.0200008 -0.4146971 -0.9097766 -0.0182482 -0.4168829 -0.9088303 -0.01536956 -0.4546888 -0.8904952 -0.01662839 -0.4541498 -0.8907021 -0.01994476 -0.3956187 -0.918198 -0.01995511 -0.4001864 -0.9162774 -0.01692744 -0.455948 -0.8898217 -0.01812891 -0.3813409 -0.9243365 -0.01345534 -0.3840477 -0.9230051 -0.02385342 -0.4548581 -0.8903758 -0.01830377 -0.4559665 -0.8898392 -0.01675347 -0.452231 -0.8916759 -0.02003143 -0.4537492 -0.890997 -0.01536493 -0.3703653 -0.9285933 -0.02332655 -0.371363 -0.9284023 -0.01259345 -0.4510381 -0.8923138 -0.01845148 -0.3612401 -0.9322402 -0.0208255 -0.3646144 -0.9310521 -0.0140771 -0.4386272 -0.8985248 -0.0161056 -0.4396027 -0.8979629 -0.02029994 -0.4291226 -0.903106 -0.01591221 -0.4164366 -0.9089153 -0.02129293 -0.4131225 -0.9105117 -0.01726934 -0.3961863 -0.9180005 -0.01765484 -0.3951918 -0.9184012 -0.0190438 -0.3725335 -0.9279045 -0.01456574 -0.3619515 -0.9319975 -0.0192831 -0.3793396 -0.9251119 -0.01641028 -0.3727736 -0.9276462 -0.02263906 -0.5641204 -0.8255081 -0.01745079 -0.5641156 -0.8255113 -0.0174527 -0.5469109 -0.8370088 -0.0174523 -0.5472423 -0.8369735 -0.001047369 -0.5641196 -0.8255087 -0.01745162 -0.5641186 -0.8255094 -0.01745135 -0.4863778 -0.8731494 -0.03235472 -0.5493071 -0.8356059 0.004941912 -0.530748 -0.8470708 -0.02788774 -0.484079 -0.8750063 -0.005600069 -0.4863544 -0.8737299 -0.007451677 -0.5304173 -0.8475256 -0.01891826 0.2716143 -0.9623256 -0.01244873 0.2796949 -0.9599057 -0.01875701 0.2587417 -0.9658328 -0.01482438 0.2591747 -0.9657004 -0.01584634 0.272241 -0.9620214 -0.01999254 0.2978166 -0.9544487 -0.01824355 0.2955582 -0.955201 -0.01537797 0.2551643 -0.9667546 -0.01663312 0.2557028 -0.9665501 -0.0199292 0.317652 -0.9479976 -0.01994519 0.312965 -0.9496137 -0.01692798 0.2537759 -0.9670931 -0.01812875 0.332383 -0.9430482 -0.01347164 0.3294794 -0.9438621 -0.02382505 0.2549558 -0.9667796 -0.01829729 0.2537737 -0.9671185 -0.01675543 0.257778 -0.9659967 -0.02002207 0.2561942 -0.9665031 -0.015375 0.3433979 -0.9389009 -0.02330111 0.342527 -0.9394233 -0.01261244 0.2590938 -0.965676 -0.01844651 0.35263 -0.9355313 -0.02081375 0.349322 -0.9368967 -0.01408942 0.2724852 -0.962025 -0.01610965 0.2713826 -0.9622577 -0.02029165 0.282624 -0.9590986 -0.01592032 0.2959502 -0.9549663 -0.02127938 0.2994846 -0.9539447 -0.01727114 0.3170959 -0.9482292 -0.01765507 0.3181041 -0.9478646 -0.01903848 0.3413248 -0.9398324 -0.01457606 0.3519377 -0.9358249 -0.01927395 0.3343889 -0.9422922 -0.01641594 0.3409736 -0.9398007 -0.02262196 0.1163823 -0.9931321 -0.01199065 0.1094117 -0.9939719 -0.006997058 0.1557821 -0.9875675 -0.02103129 0.2251983 -0.9742479 -0.0112559 0.1845843 -0.9825875 -0.02122148 0.1700528 -0.9854335 -0.001691957 0.2326527 -0.9725446 -0.005446935 0.1549742 -0.9877599 -0.01769685 0.1653697 -0.9860855 -0.01697773 0.1635194 -0.9863878 -0.01733883 0.1186688 -0.9928539 -0.01260909 0.1762217 -0.9841962 -0.0174244 0.1733844 -0.9847099 -0.01686087 0.1859718 -0.9823989 -0.01751666 0.2226957 -0.974814 -0.0120148 0.1696562 -0.9853957 -0.01456011 0.0560187 -0.9982301 -0.01996213 0.05167782 -0.9985078 -0.0176519 0.06045205 -0.9980155 -0.0176283 0.02309868 -0.9996012 -0.01624469 0.002400654 -0.9996573 -0.02606533 0.1105932 -0.9935137 -0.02644849 0.08960138 -0.995843 -0.01637686 -0.09242083 -0.9956151 -0.01446018 -0.088631 -0.9959037 -0.01790317 -0.0723832 -0.9972242 -0.01745174 -0.07285357 -0.9972016 -0.01677351 -0.09780678 -0.9950729 -0.01624236 -0.09663828 -0.9951062 -0.02060411 -0.05069522 -0.9985617 -0.01745105 -0.09928154 -0.9948895 -0.01838794 -0.09943114 -0.9948973 -0.01711077 -0.0515024 -0.9984655 -0.02035405 -0.03549026 -0.9992415 -0.01602628 -0.100022 -0.9948279 -0.01769806 -0.09935345 -0.9948915 -0.01788199 -0.1000246 -0.9948364 -0.01719356 -0.03432576 -0.9993109 -0.01412528 -0.03243283 -0.9992784 -0.01976917 -0.09789521 -0.9950172 -0.01889985 -0.09870047 -0.9949793 -0.01656911 -0.02792433 -0.9994432 -0.018264 -0.02864973 -0.9994609 -0.0160358 -0.09163503 -0.9955695 -0.02107986 -0.09406129 -0.9954543 -0.01494654 -0.02665574 -0.9994882 -0.01768408 -0.02729269 -0.9994825 -0.01702382 -0.02665435 -0.9994967 -0.01720301 -0.0907396 -0.9956897 -0.01919297 -0.02747871 -0.9994858 -0.01652664 -0.0272402 -0.9994708 -0.01777678 -0.07513245 -0.9970754 -0.01398957 -0.03019341 -0.9994413 -0.01433225 -0.02884686 -0.9994085 -0.01871887 -0.07606749 -0.9969525 -0.01730728 -0.03440059 -0.9991939 -0.02069284 -0.05355814 -0.9984102 -0.01756501 -0.03662221 -0.9991775 -0.01741052 -0.05359179 -0.9984095 -0.01750634 -0.1999761 -0.9797186 -0.01269118 -0.1957638 -0.9804942 -0.01754091 -0.1804147 -0.9834358 -0.01745402 -0.1805005 -0.9834219 -0.01734367 -0.2072943 -0.9781494 -0.01590278 -0.2007933 -0.9794221 -0.02035721 -0.1616274 -0.9866975 -0.01745374 -0.1615804 -0.9867067 -0.01736933 -0.1434273 -0.9895059 -0.01751121 -0.1443125 -0.9893433 -0.01932809 -0.2048693 -0.9786594 -0.01594947 -0.1913503 -0.9813549 -0.01809667 -0.1357907 -0.9906174 -0.0154297 -0.1362567 -0.9905018 -0.01844637 -0.1811504 -0.9833823 -0.01199179 -0.1337628 -0.9908775 -0.01641064 -0.1818983 -0.9832133 -0.01430396 -0.1388855 -0.9901944 -0.01503274 -0.1335647 -0.9908664 -0.01855356 -0.1615489 -0.9867092 -0.01751684 -0.1598948 -0.98693 -0.02007753 -0.144024 -0.989421 -0.01741021 -0.1400771 -0.9899021 -0.02173317 -0.1924094 -0.9811671 -0.01702485 -0.2026885 -0.9790768 -0.01805433 -0.1725033 -0.9847558 -0.02233177 -0.1845708 -0.9827554 -0.01120165 -0.1598288 -0.9870307 -0.01500939 -0.1449637 -0.9891958 -0.02184318 -0.1407282 -0.9898944 -0.01745012 -0.3080012 -0.9511856 -0.01952581 -0.309274 -0.9507105 -0.02233717 -0.3096711 -0.9506212 -0.02057076 -0.3006758 -0.953615 -0.01457579 -0.3023559 -0.9529821 -0.02014955 -0.2785392 -0.9601733 -0.02198055 -0.2854195 -0.9583128 -0.01312108 -0.2615932 -0.9650588 -0.01518321 -0.2488188 -0.9682681 -0.02336964 -0.2864615 -0.9577405 -0.02594357 -0.2880662 -0.9575228 -0.0129566 -0.243154 -0.9698306 -0.01745356 -0.2654842 -0.9639401 -0.01837443 -0.2805952 -0.9596881 -0.01628127 -0.3113365 -0.9501135 -0.01881658 -0.2593146 -0.9657122 -0.01247757 -0.259446 -0.9655164 -0.02158179 -0.3057254 -0.9519962 -0.01533378 -0.3052424 -0.952038 -0.02122966 -0.248896 -0.9684294 -0.01397476 -0.3004119 -0.9536614 -0.01681317 -0.2477012 -0.9686306 -0.0199694 -0.2857062 -0.9581407 -0.01839727 -0.2426324 -0.969983 -0.01619624 -0.2848534 -0.9584159 -0.0172497 -0.2472863 -0.9688315 -0.01466648 -0.2426745 -0.9699281 -0.01867112 -0.2675488 -0.9633814 -0.01771481 -0.2675882 -0.9633715 -0.01765928 -0.2520431 -0.967562 -0.01726106 -0.2481216 -0.9684849 -0.02174502 -0.4782665 -0.8781329 -0.01199051 -0.4844508 -0.8747905 -0.006990715 -0.4428811 -0.8963338 -0.02102792 -0.3785089 -0.9255292 -0.01125578 -0.4164878 -0.9088935 -0.02122374 -0.4299984 -0.9028281 -0.001691579 -0.3714428 -0.9284399 -0.005450246 -0.4436588 -0.896021 -0.01769624 -0.4341985 -0.9006572 -0.01697798 -0.4358774 -0.899839 -0.01733768 -0.4762362 -0.8792269 -0.01260978 -0.4242452 -0.9053797 -0.01742339 -0.4268522 -0.9041642 -0.01686122 -0.4152467 -0.9095402 -0.01751565 -0.380876 -0.9245481 -0.01201299 -0.4302962 -0.9025704 -0.0145579 -0.5581769 -0.8296248 -0.0126921 -0.5546649 -0.8318882 -0.0175748 -0.5418087 -0.8403217 -0.0174039 -0.5418788 -0.8402786 -0.01730101 -0.5648683 -0.8250257 -0.01601268 -0.5590312 -0.8288997 -0.02023664 -0.5268106 -0.8498024 -0.01750471 -0.5263042 -0.8501335 -0.01664457 -0.512017 -0.8587859 -0.01803939 -0.508136 -0.8611806 -0.01287331 -0.5067414 -0.8618614 -0.02020039 -0.5408874 -0.8409086 -0.01770316 -0.5383684 -0.8425065 -0.01850271 -0.5022606 -0.8645647 -0.01619592 -0.563513 -0.8258869 -0.01907729 -0.5251341 -0.8508384 -0.01755323 -0.5088598 -0.8607069 -0.01566103 -0.50854 -0.8608636 -0.01734701 -0.5021847 -0.8645534 -0.01891927 -0.5321282 -0.8465332 -0.01486892 -0.524085 -0.8514271 -0.02016696 -0.5576301 -0.8299525 -0.01508684 -0.5574481 -0.8299354 -0.02142403 -0.5139393 -0.8577194 -0.01355526 -0.5136387 -0.8577679 -0.02023465 -0.5534813 -0.8326849 -0.01715445 -0.5418381 -0.8402933 -0.01785201 -0.5078886 -0.8612769 -0.01584755 -0.5416737 -0.8404039 -0.01763006 -0.507912 -0.8611999 -0.01897839 -0.5131081 -0.8581868 -0.01534624 -0.5262997 -0.8501249 -0.01721483 -0.5271873 -0.8496117 -0.01528485 -0.5126285 -0.8583957 -0.01920586 -0.00520907 -0.01665876 0.9998477 -0.005209078 -0.01665869 0.9998477 0.949866 -0.3126573 9.804799e-08 0.949866 -0.3126573 9.771897e-08 0.005213027 0.01665745 -0.9998476 0.005213031 0.01665745 -0.9998476 -0.1307791 0.05334768 -0.9899752 -0.1279945 0.05603068 -0.9901909 -0.7026262 0.2027638 -0.6820581 -0.7011226 0.1892874 -0.6874572 -0.922817 0.2383002 -0.3026911 -0.9228234 0.2331262 -0.3066745 -0.9676548 0.2399625 -0.07786003 -0.9679852 0.2382601 -0.07897417 -0.9702179 0.236441 0.05265819 -0.969959 0.2373257 0.05344237 -0.9550882 0.2312713 0.1852573 -0.9539699 0.2337524 0.1878864 -0.8743253 0.2094597 0.4378151 -0.8696738 0.2176798 0.4430383 -0.5503211 0.1352879 0.8239198 -0.5468557 0.126979 0.8275416 -0.1387988 0.023113 0.9900509 -0.1377561 0.01967958 0.9902706 0.002968613 -0.01720283 0.9998477 0.00296864 -0.01720288 0.9998476 0.942613 0.1450488 -0.3007351 0.9391114 0.159383 -0.3044123 0.9504995 0.1647474 -0.2634558 0.9502142 0.160543 -0.2670561 0.9654013 0.1693016 -0.1983367 0.9653709 0.1661432 -0.2011355 -0.9522148 -0.1629436 -0.2583338 -0.951984 -0.1588498 -0.2617118 -0.941969 -0.166228 -0.291655 -0.9418014 -0.1604987 -0.2953817 -0.9387595 -0.1654561 -0.30225 -0.9349443 -0.1788071 -0.3064431 0.9543881 -0.0906029 0.2844897 0.9537491 -0.08470884 0.2884216 0.9954697 -0.09119125 0.02690791 0.9908984 -0.09201957 0.09824846 0.9908924 -0.09050536 0.09970557 0.9954131 -0.09169654 0.02728544 0.9953052 -0.09218159 -0.02949839 0.995474 -0.09072813 -0.02828171 0.9901359 -0.09146953 -0.106133 0.9911793 -0.08625327 -0.1006178 0.9527056 -0.07362501 -0.2948416 0.9547642 -0.0660619 -0.2899329 0.5317403 -0.01906887 -0.8466928 0.5255847 -0.02857411 -0.8502613 -0.554576 0.04986072 -0.8306379 -0.5496879 0.03853304 -0.8344809 -0.9575335 0.04077588 -0.2854241 -0.9561343 0.04671736 -0.2891792 -0.9944509 0.0375093 -0.09828755 -0.9942474 0.0390931 -0.09971896 -0.9989927 0.0359339 -0.02687275 -0.9989635 0.03645466 -0.02725904 -0.9990732 0.03355369 0.02696135 -0.9990532 0.03501577 0.02581775 -0.9946619 0.03099492 0.09842264 -0.9949951 0.0363682 0.0930716 -0.9579462 0.0367719 0.2845819 -0.9591464 0.04529759 0.2792601 -0.5636042 0.02135705 0.8257688 -0.5587054 0.009857303 0.8293076 0.5593383 -0.06119568 0.8266775 0.5546588 -0.0497586 0.8305888 -0.007506563 -0.01576083 0.9998476 -0.007506557 -0.01576083 0.9998476 0.8599384 -0.4125749 -0.3004794 0.8523459 -0.4250694 -0.3046679 0.8712397 -0.4141632 -0.2634579 0.8685817 -0.4174291 -0.2670555 0.8860378 -0.419047 -0.1983348 0.8841897 -0.4216086 -0.2011337 -0.8715992 0.4166269 -0.2583348 -0.869048 0.419836 -0.2617122 -0.8651292 0.4080306 -0.2916548 -0.861685 0.4126122 -0.2953815 -0.8620627 0.4068082 -0.30225 -0.866655 0.3937022 -0.3064436 -0.2763471 -0.9610564 0.001727636 -0.2627728 -0.9648148 -0.009099185 -0.266414 -0.9637805 -0.01227455 -0.2984225 -0.9543638 0.01157096 -0.2753286 -0.961192 -0.01743909 -0.2626971 -0.964744 -0.01610557 -0.2983278 -0.9532616 -0.04788344 -0.2636786 -0.9644139 -0.01947976 -0.2692134 -0.9627187 -0.02639903 -0.275945 -0.9603527 -0.03971086 0.1700083 -0.9851822 -0.02265279 0.1696315 -0.9852534 -0.02237941 0.1697731 -0.9852987 -0.01906975 0.1701126 -0.9852353 -0.01931524 0.1696856 -0.9853362 -0.01787275 -0.06339911 -0.9979314 -0.01065003 -0.06341276 -0.9979833 -0.002858868 -0.06338861 -0.997879 -0.01480931 -0.06339755 -0.9979315 -0.0106465 -0.06338429 -0.9978495 -0.01670358 -0.06338775 -0.9978792 -0.0148063 -0.06338091 -0.9978223 -0.01825828 -0.06338263 -0.9978496 -0.0166987 -0.06335716 -0.9977848 -0.02028159 -0.06335754 -0.9978251 -0.01818914 -0.06329519 -0.997793 -0.02006973 -0.06356597 -0.9974499 -0.03245137 -0.06325269 -0.9976993 -0.02439675 -0.06331684 -0.9976988 -0.02425049 -0.4298888 -0.9025977 -0.02265149 -0.4302379 -0.9024381 -0.02237794 -0.4301407 -0.9025602 -0.01907656 -0.4298349 -0.9027008 -0.01931581 -0.4302344 -0.9025403 -0.01787248</float_array>
          <technique_common>
            <accessor count="4522" source="#cubenormals-array0-array" stride="3">
              <param type="float" name="X"/>
              <param type="float" name="Y"/>
              <param type="float" name="Z"/>
            </accessor>
          </technique_common>
        </source>
        <vertices id="cubeverts-array0-vertices">
          <input semantic="POSITION" source="#cubeverts-array0"/>
        </vertices>
        <triangles count="4522" material="ref_Body_with_ref001_shape002">
          <input offset="0" semantic="VERTEX" source="#cubeverts-array0-vertices"/>
          <input offset="1" semantic="NORMAL" source="#cubenormals-array0"/>
          <p>0 0 1 0 2 0 2 1 1 1 3 1 4 2 0 2 5 2 5 3 0 3 2 3 1 4 6 4 3 4 3 5 6 5 7 5 8 6 9 6 10 6 8 7 11 7 12 7 8 8 13 8 11 8 8 9 10 9 13 9 14 10 15 10 16 10 14 11 17 11 15 11 14 12 18 12 17 12 14 13 19 13 18 13 14 14 20 14 19 14 14 15 21 15 20 15 14 16 12 16 21 16 14 17 8 17 12 17 4 18 6 18 9 18 4 19 9 19 8 19 22 20 23 20 14 20 0 21 24 21 1 21 25 22 26 22 27 22 25 23 28 23 26 23 25 24 29 24 28 24 25 25 30 25 29 25 25 26 31 26 30 26 25 27 32 27 31 27 25 28 33 28 32 28 25 29 34 29 33 29 25 30 35 30 34 30 25 31 36 31 35 31 25 32 37 32 36 32 25 33 16 33 37 33 25 34 14 34 16 34 38 35 22 35 14 35 38 36 14 36 25 36 39 37 40 37 41 37 39 38 42 38 40 38 39 39 43 39 42 39 39 40 44 40 43 40 39 41 45 41 44 41 39 42 46 42 45 42 39 43 47 43 46 43 39 44 48 44 47 44 39 45 49 45 48 45 39 46 27 46 49 46 39 47 25 47 27 47 50 48 51 48 24 48 50 49 52 49 51 49 50 50 24 50 0 50 53 51 22 51 38 51 54 52 39 52 41 52 55 53 52 53 50 53 56 54 57 54 53 54 58 55 39 55 54 55 59 56 38 56 25 56 60 57 50 57 56 57 60 58 55 58 50 58 61 59 60 59 56 59 62 60 61 60 56 60 63 61 64 61 39 61 65 62 62 62 56 62 66 63 65 63 56 63 67 64 53 64 38 64 67 65 56 65 53 65 68 66 66 66 56 66 69 67 68 67 56 67 70 68 69 68 56 68 71 69 72 69 73 69 71 70 74 70 72 70 71 71 75 71 74 71 71 72 76 72 75 72 71 73 77 73 76 73 71 74 78 74 77 74 71 75 58 75 78 75 71 76 39 76 58 76 71 77 63 77 39 77 79 78 70 78 56 78 80 79 63 79 71 79 81 80 73 80 82 80 81 81 71 81 73 81 83 82 67 82 84 82 83 83 56 83 67 83 83 84 79 84 56 84 85 85 81 85 82 85 86 86 79 86 83 86 87 87 63 87 80 87 88 88 86 88 83 88 89 89 81 89 85 89 90 90 91 90 87 90 92 91 80 91 71 91 93 92 88 92 83 92 94 93 93 93 83 93 95 94 96 94 81 94 95 95 81 95 89 95 97 96 94 96 83 96 98 97 96 97 95 97 99 98 97 98 83 98 100 99 99 99 83 99 101 100 87 100 80 100 102 101 100 101 83 101 103 102 102 102 83 102 104 103 103 103 83 103 105 104 90 104 87 104 105 105 101 105 106 105 105 106 87 106 101 106 107 107 83 107 90 107 107 108 104 108 83 108 108 109 107 109 90 109 109 110 104 110 107 110 109 111 110 111 104 111 111 112 108 112 90 112 112 113 113 113 114 113 112 114 114 114 115 114 116 115 111 115 90 115 117 116 116 116 90 116 118 117 117 117 90 117 119 118 118 118 90 118 120 119 119 119 90 119 121 120 113 120 112 120 122 121 120 121 90 121 123 122 113 122 121 122 124 123 122 123 90 123 125 124 113 124 123 124 126 125 90 125 105 125 126 126 124 126 90 126 127 127 105 127 113 127 127 128 113 128 125 128 128 129 126 129 105 129 129 130 105 130 127 130 130 131 128 131 105 131 131 132 105 132 129 132 132 133 130 133 105 133 133 134 105 134 131 134 134 135 132 135 105 135 134 136 105 136 133 136 113 137 81 137 96 137 113 138 96 138 114 138 71 139 105 139 106 139 71 140 106 140 92 140 56 141 14 141 23 141 56 142 23 142 57 142 8 143 50 143 0 143 8 144 0 144 4 144 90 145 39 145 64 145 90 146 64 146 91 146 25 147 83 147 84 147 25 148 84 148 59 148 2 149 3 149 5 149 5 150 3 150 7 150 6 151 4 151 7 151 7 152 4 152 5 152 6 153 135 153 9 153 24 154 136 154 1 154 1 155 136 155 6 155 6 156 136 156 135 156 137 157 138 157 139 157 139 158 51 158 137 158 139 159 24 159 51 159 138 160 140 160 139 160 140 161 10 161 9 161 138 162 10 162 140 162 141 163 77 163 78 163 142 164 141 164 78 164 142 165 78 165 58 165 143 166 58 166 54 166 143 167 142 167 58 167 144 168 54 168 41 168 144 169 143 169 54 169 145 170 41 170 40 170 145 171 144 171 41 171 146 172 40 172 42 172 146 173 145 173 40 173 147 174 146 174 42 174 148 175 34 175 35 175 148 176 149 176 34 176 150 177 35 177 36 177 150 178 148 178 35 178 151 179 36 179 37 179 151 180 150 180 36 180 152 181 37 181 16 181 152 182 151 182 37 182 153 183 16 183 15 183 153 184 152 184 16 184 154 185 15 185 17 185 154 186 153 186 15 186 155 187 156 187 157 187 158 188 159 188 160 188 158 189 157 189 159 189 158 190 155 190 157 190 161 191 160 191 162 191 161 192 158 192 160 192 163 193 164 193 165 193 163 194 162 194 164 194 163 195 161 195 162 195 166 196 163 196 165 196 166 197 167 197 168 197 166 198 165 198 167 198 169 199 170 199 171 199 169 200 168 200 170 200 169 201 166 201 168 201 172 202 173 202 174 202 172 203 171 203 173 203 172 204 169 204 171 204 175 205 176 205 177 205 175 206 174 206 176 206 175 207 172 207 174 207 178 208 177 208 179 208 178 209 175 209 177 209 180 210 179 210 181 210 180 211 178 211 179 211 182 212 89 212 85 212 182 213 85 213 82 213 182 214 82 214 73 214 182 215 73 215 72 215 183 216 182 216 72 216 183 217 72 217 74 217 183 218 74 218 75 218 184 219 77 219 141 219 184 220 75 220 76 220 184 221 76 221 77 221 184 222 183 222 75 222 185 223 89 223 182 223 186 224 182 224 183 224 186 225 184 225 141 225 186 226 183 226 184 226 186 227 185 227 182 227 187 228 186 228 141 228 187 229 185 229 186 229 187 230 188 230 185 230 189 231 190 231 89 231 189 232 185 232 188 232 189 233 89 233 185 233 191 234 42 234 43 234 191 235 43 235 44 235 191 236 147 236 42 236 191 237 44 237 192 237 191 238 192 238 193 238 191 239 193 239 147 239 194 240 188 240 187 240 194 241 189 241 188 241 194 242 190 242 189 242 195 243 196 243 197 243 195 244 198 244 196 244 195 245 199 245 198 245 195 246 200 246 199 246 201 247 44 247 45 247 201 248 45 248 46 248 201 249 192 249 44 249 201 250 46 250 202 250 201 251 202 251 203 251 201 252 203 252 192 252 204 253 194 253 187 253 205 254 197 254 190 254 205 255 195 255 197 255 206 256 46 256 47 256 206 257 47 257 48 257 206 258 202 258 46 258 206 259 207 259 208 259 206 260 208 260 202 260 206 261 48 261 207 261 209 262 141 262 210 262 209 263 210 263 204 263 209 264 204 264 187 264 209 265 187 265 141 265 211 266 190 266 194 266 211 267 205 267 190 267 212 268 48 268 49 268 212 269 49 269 27 269 212 270 213 270 214 270 212 271 214 271 207 271 212 272 207 272 48 272 212 273 27 273 213 273 215 274 216 274 200 274 215 275 217 275 216 275 215 276 218 276 217 276 215 277 219 277 218 277 215 278 200 278 195 278 220 279 211 279 194 279 220 280 204 280 210 280 220 281 194 281 204 281 221 282 27 282 26 282 221 283 26 283 28 283 221 284 222 284 223 284 221 285 223 285 213 285 221 286 28 286 222 286 221 287 213 287 27 287 224 288 195 288 205 288 224 289 225 289 219 289 224 290 226 290 225 290 224 291 219 291 215 291 224 292 215 292 195 292 227 293 220 293 210 293 228 294 30 294 229 294 228 295 28 295 29 295 228 296 29 296 30 296 228 297 229 297 230 297 228 298 230 298 222 298 228 299 222 299 28 299 231 300 205 300 211 300 231 301 226 301 224 301 231 302 232 302 226 302 231 303 233 303 232 303 231 304 224 304 205 304 234 305 235 305 236 305 234 306 210 306 235 306 234 307 227 307 210 307 237 308 229 308 30 308 237 309 32 309 238 309 237 310 30 310 31 310 237 311 31 311 32 311 237 312 238 312 239 312 237 313 239 313 229 313 240 314 233 314 231 314 240 315 211 315 220 315 240 316 231 316 211 316 240 317 241 317 233 317 240 318 242 318 241 318 243 319 234 319 236 319 243 320 244 320 245 320 243 321 236 321 244 321 246 322 238 322 32 322 246 323 32 323 33 323 246 324 33 324 34 324 246 325 34 325 149 325 246 326 149 326 247 326 246 327 247 327 238 327 248 328 240 328 220 328 248 329 242 329 240 329 248 330 249 330 242 330 248 331 250 331 249 331 248 332 220 332 227 332 251 333 243 333 245 333 251 334 252 334 253 334 251 335 245 335 252 335 254 336 227 336 234 336 254 337 248 337 227 337 254 338 255 338 250 338 254 339 256 339 255 339 254 340 250 340 248 340 257 341 251 341 253 341 257 342 258 342 259 342 257 343 253 343 258 343 260 344 243 344 251 344 260 345 256 345 254 345 260 346 261 346 256 346 260 347 262 347 261 347 260 348 254 348 234 348 260 349 234 349 243 349 263 350 264 350 265 350 263 351 259 351 264 351 263 352 257 352 259 352 266 353 262 353 260 353 266 354 260 354 251 354 266 355 267 355 262 355 266 356 268 356 267 356 269 357 263 357 265 357 269 358 270 358 271 358 269 359 272 359 273 359 269 360 265 360 272 360 274 361 17 361 18 361 274 362 18 362 19 362 274 363 154 363 17 363 275 364 257 364 263 364 275 365 266 365 251 365 275 366 251 366 257 366 275 367 276 367 268 367 275 368 277 368 276 368 275 369 268 369 266 369 278 370 279 370 270 370 278 371 280 371 279 371 278 372 281 372 280 372 278 373 270 373 269 373 278 374 282 374 283 374 278 375 273 375 282 375 278 376 269 376 273 376 284 377 274 377 19 377 284 378 19 378 20 378 284 379 20 379 21 379 285 380 286 380 156 380 285 381 275 381 263 381 285 382 156 382 155 382 285 383 155 383 277 383 285 384 277 384 275 384 287 385 288 385 281 385 287 386 289 386 288 386 287 387 290 387 289 387 287 388 278 388 283 388 287 389 291 389 292 389 287 390 283 390 291 390 287 391 281 391 278 391 293 392 284 392 21 392 293 393 21 393 12 393 293 394 12 394 11 394 293 395 11 395 13 395 293 396 13 396 10 396 294 397 285 397 263 397 294 398 269 398 271 398 294 399 295 399 286 399 294 400 296 400 295 400 294 401 297 401 296 401 294 402 298 402 297 402 294 403 271 403 298 403 294 404 263 404 269 404 294 405 286 405 285 405 299 406 154 406 274 406 300 407 301 407 290 407 300 408 302 408 301 408 300 409 303 409 304 409 300 410 292 410 303 410 300 411 287 411 292 411 300 412 290 412 287 412 305 413 299 413 274 413 305 414 274 414 284 414 306 415 300 415 304 415 306 416 307 416 308 416 306 417 304 417 307 417 309 418 305 418 284 418 309 419 284 419 293 419 309 420 293 420 10 420 310 421 299 421 305 421 310 422 154 422 299 422 310 423 311 423 154 423 312 424 313 424 314 424 312 425 308 425 313 425 312 426 306 426 308 426 315 427 300 427 306 427 315 428 316 428 302 428 315 429 317 429 316 429 315 430 318 430 317 430 315 431 319 431 318 431 315 432 302 432 300 432 320 433 310 433 305 433 321 434 322 434 323 434 321 435 314 435 322 435 321 436 312 436 314 436 324 437 181 437 319 437 324 438 180 438 181 438 324 439 315 439 306 439 324 440 319 440 315 440 324 441 325 441 180 441 326 442 305 442 309 442 326 443 320 443 305 443 327 444 310 444 320 444 327 445 311 445 310 445 328 446 321 446 323 446 328 447 329 447 330 447 328 448 323 448 329 448 331 449 312 449 321 449 331 450 325 450 324 450 331 451 324 451 306 451 331 452 306 452 312 452 331 453 332 453 325 453 331 454 333 454 332 454 334 455 327 455 320 455 334 456 311 456 327 456 335 457 328 457 330 457 335 458 336 458 311 458 335 459 330 459 336 459 337 460 331 460 321 460 337 461 333 461 331 461 337 462 338 462 333 462 337 463 339 463 338 463 340 464 334 464 320 464 340 465 320 465 326 465 341 466 335 466 311 466 342 467 337 467 321 467 342 468 328 468 335 468 342 469 339 469 337 469 342 470 343 470 339 470 342 471 344 471 343 471 342 472 321 472 328 472 345 473 309 473 10 473 345 474 326 474 309 474 345 475 10 475 138 475 345 476 138 476 340 476 345 477 340 477 326 477 346 478 341 478 311 478 346 479 311 479 334 479 347 480 342 480 335 480 347 481 344 481 342 481 347 482 348 482 344 482 347 483 349 483 348 483 350 484 340 484 138 484 350 485 334 485 340 485 350 486 346 486 334 486 351 487 347 487 335 487 351 488 349 488 347 488 351 489 341 489 346 489 351 490 352 490 349 490 351 491 353 491 352 491 351 492 335 492 341 492 354 493 350 493 138 493 354 494 138 494 355 494 356 495 351 495 346 495 356 496 353 496 351 496 356 497 357 497 353 497 356 498 358 498 357 498 359 499 355 499 360 499 359 500 360 500 361 500 359 501 361 501 362 501 359 502 362 502 363 502 359 503 354 503 355 503 364 504 365 504 358 504 364 505 366 505 365 505 364 506 346 506 350 506 364 507 350 507 354 507 364 508 356 508 346 508 364 509 358 509 356 509 367 510 368 510 366 510 367 511 369 511 368 511 367 512 366 512 364 512 367 513 364 513 354 513 370 514 371 514 369 514 370 515 372 515 371 515 370 516 373 516 372 516 370 517 359 517 363 517 370 518 354 518 359 518 370 519 367 519 354 519 370 520 363 520 373 520 370 521 369 521 367 521 190 522 374 522 375 522 121 523 375 523 374 523 112 524 375 524 121 524 376 525 190 525 375 525 89 526 376 526 95 526 89 527 190 527 376 527 377 528 98 528 95 528 378 529 112 529 115 529 378 530 115 530 98 530 378 531 98 531 377 531 96 532 98 532 379 532 96 533 379 533 380 533 114 534 96 534 380 534 114 535 380 535 381 535 115 536 114 536 381 536 115 537 381 537 382 537 383 538 384 538 385 538 383 539 386 539 384 539 387 540 388 540 389 540 387 541 385 541 388 541 387 542 383 542 385 542 390 543 387 543 389 543 391 544 107 544 108 544 391 545 108 545 111 545 391 546 111 546 116 546 392 547 116 547 117 547 392 548 117 548 118 548 392 549 391 549 116 549 393 550 118 550 119 550 393 551 119 551 120 551 393 552 392 552 118 552 394 553 107 553 391 553 395 554 120 554 122 554 395 555 122 555 124 555 395 556 393 556 120 556 396 557 391 557 392 557 396 558 394 558 391 558 397 559 124 559 126 559 397 560 126 560 128 560 397 561 395 561 124 561 398 562 392 562 393 562 398 563 396 563 392 563 399 564 400 564 107 564 399 565 107 565 394 565 401 566 128 566 130 566 401 567 130 567 132 567 401 568 397 568 128 568 402 569 393 569 395 569 402 570 398 570 393 570 403 571 394 571 396 571 403 572 399 572 394 572 404 573 401 573 132 573 404 574 132 574 134 574 404 575 134 575 133 575 405 576 395 576 397 576 405 577 402 577 395 577 406 578 396 578 398 578 406 579 403 579 396 579 407 580 400 580 399 580 408 581 133 581 131 581 408 582 131 582 129 582 408 583 404 583 133 583 409 584 405 584 397 584 409 585 397 585 401 585 410 586 406 586 398 586 410 587 398 587 402 587 411 588 403 588 406 588 411 589 399 589 403 589 411 590 407 590 399 590 412 591 129 591 127 591 412 592 127 592 125 592 412 593 125 593 123 593 412 594 123 594 121 594 412 595 408 595 129 595 413 596 409 596 401 596 413 597 404 597 408 597 413 598 401 598 404 598 414 599 405 599 409 599 414 600 402 600 405 600 414 601 410 601 402 601 415 602 411 602 406 602 416 603 400 603 407 603 417 604 413 604 408 604 418 605 414 605 409 605 419 606 406 606 410 606 419 607 415 607 406 607 420 608 407 608 411 608 420 609 416 609 407 609 420 610 411 610 415 610 421 611 408 611 412 611 421 612 417 612 408 612 421 613 412 613 121 613 422 614 409 614 413 614 422 615 418 615 409 615 423 616 419 616 410 616 423 617 410 617 414 617 424 618 420 618 415 618 425 619 426 619 400 619 425 620 427 620 426 620 425 621 428 621 427 621 425 622 429 622 428 622 425 623 430 623 429 623 425 624 431 624 430 624 425 625 416 625 420 625 425 626 400 626 416 626 432 627 417 627 421 627 432 628 422 628 413 628 432 629 413 629 417 629 433 630 418 630 422 630 433 631 414 631 418 631 433 632 423 632 414 632 434 633 424 633 415 633 434 634 415 634 419 634 435 635 389 635 431 635 435 636 390 636 389 636 435 637 420 637 424 637 435 638 425 638 420 638 435 639 436 639 390 639 435 640 437 640 436 640 435 641 431 641 425 641 438 642 432 642 421 642 439 643 433 643 422 643 440 644 419 644 423 644 440 645 434 645 419 645 441 646 435 646 424 646 441 647 442 647 437 647 441 648 443 648 442 648 441 649 437 649 435 649 444 650 422 650 432 650 444 651 439 651 422 651 445 652 440 652 423 652 445 653 423 653 433 653 446 654 441 654 424 654 446 655 434 655 440 655 446 656 443 656 441 656 446 657 447 657 443 657 446 658 448 658 447 658 446 659 424 659 434 659 449 660 444 660 432 660 449 661 432 661 438 661 450 662 433 662 439 662 450 663 445 663 433 663 451 664 448 664 446 664 451 665 446 665 440 665 451 666 452 666 448 666 451 667 453 667 452 667 454 668 421 668 121 668 454 669 121 669 374 669 454 670 438 670 421 670 454 671 449 671 438 671 454 672 374 672 449 672 455 673 439 673 444 673 455 674 450 674 439 674 456 675 440 675 445 675 456 676 453 676 451 676 456 677 457 677 453 677 456 678 458 678 457 678 456 679 451 679 440 679 459 680 444 680 449 680 459 681 449 681 374 681 459 682 455 682 444 682 460 683 445 683 450 683 460 684 461 684 458 684 460 685 462 685 461 685 460 686 458 686 456 686 460 687 456 687 445 687 460 688 450 688 455 688 463 689 464 689 465 689 463 690 374 690 464 690 463 691 459 691 374 691 466 692 467 692 462 692 466 693 468 693 467 693 466 694 462 694 460 694 466 695 460 695 455 695 469 696 470 696 471 696 469 697 472 697 470 697 469 698 465 698 472 698 469 699 463 699 465 699 473 700 474 700 468 700 473 701 475 701 474 701 473 702 455 702 459 702 473 703 468 703 466 703 473 704 459 704 463 704 473 705 466 705 455 705 476 706 477 706 475 706 476 707 478 707 477 707 476 708 475 708 473 708 476 709 473 709 463 709 479 710 471 710 480 710 479 711 481 711 478 711 479 712 480 712 481 712 479 713 478 713 476 713 479 714 469 714 471 714 479 715 463 715 469 715 479 716 476 716 463 716 107 717 400 717 109 717 109 718 400 718 482 718 110 719 483 719 484 719 110 720 485 720 483 720 110 721 486 721 485 721 109 722 487 722 110 722 110 723 487 723 486 723 109 724 488 724 487 724 109 725 489 725 488 725 109 726 490 726 489 726 109 727 482 727 490 727 491 728 104 728 110 728 491 729 110 729 484 729 492 730 493 730 494 730 495 731 494 731 496 731 495 732 492 732 494 732 497 733 498 733 499 733 497 734 496 734 498 734 497 735 495 735 496 735 500 736 497 736 499 736 501 737 51 737 52 737 501 738 52 738 55 738 502 739 55 739 60 739 502 740 60 740 61 740 502 741 501 741 55 741 503 742 502 742 61 742 503 743 61 743 62 743 503 744 62 744 65 744 504 745 51 745 501 745 505 746 65 746 66 746 505 747 66 747 68 747 505 748 503 748 65 748 506 749 501 749 502 749 506 750 504 750 501 750 507 751 68 751 69 751 507 752 69 752 70 752 507 753 505 753 68 753 508 754 506 754 502 754 508 755 502 755 503 755 509 756 137 756 51 756 509 757 51 757 504 757 510 758 507 758 70 758 510 759 70 759 79 759 510 760 79 760 86 760 511 761 503 761 505 761 511 762 508 762 503 762 512 763 509 763 504 763 512 764 504 764 506 764 513 765 86 765 88 765 513 766 88 766 93 766 513 767 510 767 86 767 514 768 505 768 507 768 514 769 511 769 505 769 515 770 512 770 506 770 515 771 506 771 508 771 516 772 137 772 509 772 517 773 93 773 94 773 517 774 94 774 97 774 517 775 513 775 93 775 518 776 507 776 510 776 518 777 514 777 507 777 519 778 508 778 511 778 519 779 515 779 508 779 519 780 511 780 514 780 520 781 516 781 509 781 520 782 137 782 516 782 520 783 509 783 512 783 521 784 97 784 99 784 521 785 99 785 100 785 521 786 517 786 97 786 522 787 523 787 524 787 522 788 524 788 525 788 522 789 525 789 526 789 527 790 518 790 510 790 527 791 510 791 513 791 528 792 519 792 514 792 529 793 512 793 515 793 529 794 520 794 512 794 530 795 100 795 102 795 530 796 102 796 103 796 530 797 103 797 104 797 530 798 521 798 100 798 531 799 522 799 526 799 531 800 526 800 532 800 531 801 532 801 137 801 533 802 517 802 521 802 533 803 527 803 513 803 533 804 513 804 517 804 534 805 514 805 518 805 534 806 528 806 514 806 535 807 515 807 519 807 535 808 529 808 515 808 536 809 137 809 520 809 536 810 531 810 137 810 537 811 533 811 521 811 538 812 523 812 522 812 538 813 539 813 540 813 538 814 541 814 539 814 538 815 540 815 523 815 542 816 518 816 527 816 542 817 534 817 518 817 543 818 528 818 534 818 543 819 535 819 519 819 543 820 519 820 528 820 544 821 536 821 520 821 544 822 520 822 529 822 545 823 537 823 521 823 545 824 521 824 530 824 545 825 530 825 104 825 546 826 538 826 522 826 546 827 547 827 541 827 546 828 548 828 547 828 546 829 541 829 538 829 546 830 522 830 531 830 549 831 527 831 533 831 549 832 533 832 537 832 549 833 542 833 527 833 550 834 543 834 534 834 550 835 534 835 542 835 551 836 544 836 529 836 551 837 529 837 535 837 552 838 531 838 536 838 552 839 536 839 544 839 552 840 553 840 548 840 552 841 554 841 553 841 552 842 548 842 546 842 552 843 546 843 531 843 555 844 549 844 537 844 556 845 550 845 542 845 557 846 551 846 535 846 557 847 535 847 543 847 557 848 543 848 550 848 558 849 552 849 544 849 558 850 554 850 552 850 558 851 544 851 551 851 558 852 559 852 554 852 558 853 560 853 559 853 561 854 537 854 545 854 561 855 104 855 491 855 561 856 555 856 537 856 561 857 545 857 104 857 562 858 542 858 549 858 562 859 549 859 555 859 562 860 556 860 542 860 563 861 557 861 550 861 563 862 550 862 556 862 564 863 558 863 551 863 564 864 560 864 558 864 564 865 565 865 560 865 564 866 566 866 565 866 567 867 562 867 555 867 568 868 563 868 556 868 569 869 564 869 551 869 569 870 570 870 566 870 569 871 571 871 570 871 569 872 551 872 557 872 569 873 566 873 564 873 572 874 561 874 491 874 572 875 555 875 561 875 572 876 567 876 555 876 573 877 556 877 562 877 573 878 568 878 556 878 574 879 575 879 571 879 574 880 576 880 575 880 574 881 557 881 563 881 574 882 569 882 557 882 574 883 571 883 569 883 577 884 573 884 562 884 577 885 562 885 567 885 578 886 576 886 574 886 578 887 579 887 576 887 578 888 580 888 579 888 578 889 574 889 563 889 578 890 563 890 568 890 581 891 572 891 491 891 581 892 567 892 572 892 581 893 577 893 567 893 582 894 583 894 580 894 582 895 584 895 583 895 582 896 580 896 578 896 582 897 568 897 573 897 582 898 578 898 568 898 585 899 586 899 584 899 585 900 492 900 586 900 585 901 584 901 582 901 585 902 493 902 492 902 585 903 573 903 577 903 585 904 577 904 581 904 585 905 582 905 573 905 587 906 585 906 581 906 587 907 588 907 589 907 587 908 590 908 588 908 587 909 591 909 590 909 587 910 592 910 591 910 587 911 491 911 592 911 587 912 589 912 493 912 587 913 493 913 585 913 587 914 581 914 491 914 113 915 105 915 593 915 113 916 593 916 594 916 81 917 113 917 594 917 81 918 594 918 595 918 71 919 81 919 595 919 71 920 595 920 596 920 105 921 71 921 596 921 105 922 596 922 593 922 14 923 56 923 597 923 597 924 56 924 598 924 8 925 14 925 599 925 599 926 14 926 597 926 50 927 8 927 600 927 600 928 8 928 599 928 56 929 50 929 598 929 598 930 50 930 600 930 39 931 90 931 601 931 601 932 90 932 602 932 25 933 39 933 603 933 603 934 39 934 601 934 83 935 25 935 604 935 604 936 25 936 603 936 90 937 83 937 602 937 602 938 83 938 604 938 101 939 80 939 605 939 101 940 605 940 606 940 106 941 101 941 606 941 106 942 606 942 607 942 92 943 106 943 607 943 92 944 607 944 608 944 80 945 92 945 608 945 80 946 608 946 605 946 23 947 22 947 609 947 609 948 22 948 610 948 57 949 23 949 611 949 611 950 23 950 609 950 53 951 57 951 612 951 612 952 57 952 611 952 22 953 53 953 610 953 610 954 53 954 612 954 64 955 63 955 613 955 613 956 63 956 614 956 91 957 64 957 615 957 615 958 64 958 613 958 87 959 91 959 616 959 616 960 91 960 615 960 63 961 87 961 614 961 614 962 87 962 616 962 67 963 38 963 617 963 617 964 38 964 618 964 84 965 67 965 619 965 619 966 67 966 617 966 59 967 84 967 620 967 620 968 84 968 619 968 38 969 59 969 618 969 618 970 59 970 620 970 136 971 621 971 135 971 135 972 621 972 622 972 621 973 139 973 623 973 136 974 24 974 139 974 136 975 139 975 621 975 624 976 621 976 623 976 625 977 621 977 624 977 626 978 624 978 623 978 627 979 624 979 626 979 628 980 626 980 623 980 629 981 626 981 628 981 630 982 628 982 631 982 632 983 633 983 631 983 632 984 628 984 623 984 632 985 631 985 628 985 634 986 631 986 633 986 635 987 633 987 632 987 140 988 622 988 636 988 9 989 135 989 140 989 140 990 135 990 622 990 622 991 637 991 636 991 622 992 638 992 637 992 637 993 639 993 636 993 637 994 640 994 639 994 639 995 641 995 636 995 639 996 642 996 641 996 641 997 643 997 644 997 645 998 646 998 644 998 641 999 646 999 636 999 644 1000 646 1000 641 1000 644 1001 647 1001 645 1001 645 1002 648 1002 646 1002 623 1003 139 1003 636 1003 636 1004 139 1004 140 1004 363 1005 362 1005 523 1005 523 1006 362 1006 524 1006 524 1007 361 1007 525 1007 362 1008 361 1008 524 1008 525 1009 360 1009 526 1009 361 1010 360 1010 525 1010 138 1011 137 1011 532 1011 138 1012 532 1012 526 1012 138 1013 526 1013 355 1013 355 1014 526 1014 360 1014 353 1015 649 1015 650 1015 357 1016 649 1016 353 1016 357 1017 651 1017 649 1017 352 1018 650 1018 652 1018 352 1019 353 1019 650 1019 358 1020 653 1020 651 1020 358 1021 651 1021 357 1021 349 1022 652 1022 654 1022 349 1023 352 1023 652 1023 365 1024 655 1024 653 1024 365 1025 653 1025 358 1025 348 1026 654 1026 656 1026 348 1027 349 1027 654 1027 366 1028 657 1028 655 1028 366 1029 655 1029 365 1029 344 1030 656 1030 658 1030 344 1031 348 1031 656 1031 368 1032 659 1032 657 1032 368 1033 657 1033 366 1033 343 1034 658 1034 660 1034 343 1035 344 1035 658 1035 369 1036 659 1036 368 1036 369 1037 661 1037 659 1037 339 1038 660 1038 662 1038 339 1039 343 1039 660 1039 371 1040 663 1040 661 1040 371 1041 661 1041 369 1041 648 1042 664 1042 665 1042 648 1043 666 1043 667 1043 648 1044 665 1044 666 1044 338 1045 339 1045 662 1045 338 1046 662 1046 668 1046 372 1047 669 1047 663 1047 372 1048 670 1048 669 1048 372 1049 663 1049 371 1049 671 1050 664 1050 648 1050 333 1051 668 1051 672 1051 333 1052 338 1052 668 1052 373 1053 667 1053 670 1053 373 1054 648 1054 667 1054 373 1055 670 1055 372 1055 332 1056 333 1056 672 1056 332 1057 672 1057 673 1057 325 1058 673 1058 674 1058 325 1059 332 1059 673 1059 646 1060 648 1060 373 1060 180 1061 674 1061 675 1061 180 1062 325 1062 674 1062 178 1063 180 1063 675 1063 178 1064 675 1064 676 1064 175 1065 178 1065 676 1065 175 1066 676 1066 677 1066 172 1067 677 1067 678 1067 172 1068 175 1068 677 1068 169 1069 678 1069 679 1069 169 1070 172 1070 678 1070 166 1071 679 1071 680 1071 166 1072 169 1072 679 1072 163 1073 680 1073 681 1073 163 1074 166 1074 680 1074 161 1075 681 1075 682 1075 161 1076 163 1076 681 1076 158 1077 682 1077 683 1077 158 1078 161 1078 682 1078 635 1079 684 1079 685 1079 635 1080 686 1080 687 1080 635 1081 685 1081 686 1081 155 1082 683 1082 688 1082 155 1083 158 1083 683 1083 689 1084 684 1084 635 1084 277 1085 688 1085 690 1085 277 1086 155 1086 688 1086 276 1087 277 1087 690 1087 276 1088 690 1088 691 1088 540 1089 689 1089 635 1089 540 1090 692 1090 689 1090 540 1091 635 1091 632 1091 268 1092 276 1092 691 1092 268 1093 691 1093 693 1093 539 1094 692 1094 540 1094 539 1095 694 1095 692 1095 539 1096 695 1096 694 1096 267 1097 268 1097 693 1097 267 1098 693 1098 696 1098 541 1099 697 1099 695 1099 541 1100 695 1100 539 1100 262 1101 696 1101 698 1101 262 1102 267 1102 696 1102 547 1103 699 1103 697 1103 547 1104 697 1104 541 1104 261 1105 698 1105 700 1105 261 1106 262 1106 698 1106 548 1107 699 1107 547 1107 701 1108 699 1108 548 1108 256 1109 700 1109 702 1109 256 1110 261 1110 700 1110 553 1111 701 1111 548 1111 703 1112 701 1112 553 1112 255 1113 256 1113 702 1113 704 1114 255 1114 702 1114 554 1115 703 1115 553 1115 705 1116 703 1116 554 1116 250 1117 255 1117 704 1117 706 1118 250 1118 704 1118 559 1119 705 1119 554 1119 249 1120 250 1120 706 1120 707 1121 705 1121 559 1121 708 1122 249 1122 706 1122 560 1123 707 1123 559 1123 242 1124 249 1124 708 1124 709 1125 707 1125 560 1125 710 1126 242 1126 708 1126 565 1127 709 1127 560 1127 241 1128 242 1128 710 1128 711 1129 709 1129 565 1129 566 1130 711 1130 565 1130 712 1131 241 1131 710 1131 233 1132 241 1132 712 1132 713 1133 711 1133 566 1133 570 1134 713 1134 566 1134 714 1135 233 1135 712 1135 232 1136 233 1136 714 1136 715 1137 570 1137 571 1137 715 1138 713 1138 570 1138 716 1139 232 1139 714 1139 226 1140 232 1140 716 1140 717 1141 715 1141 571 1141 717 1142 571 1142 575 1142 718 1143 226 1143 716 1143 718 1144 225 1144 226 1144 719 1145 717 1145 575 1145 719 1146 575 1146 576 1146 720 1147 225 1147 718 1147 720 1148 219 1148 225 1148 721 1149 219 1149 720 1149 721 1150 218 1150 219 1150 722 1151 576 1151 579 1151 722 1152 719 1152 576 1152 723 1153 218 1153 721 1153 723 1154 217 1154 218 1154 724 1155 579 1155 580 1155 724 1156 722 1156 579 1156 725 1157 217 1157 723 1157 726 1158 580 1158 583 1158 726 1159 724 1159 580 1159 727 1160 216 1160 217 1160 727 1161 217 1161 725 1161 728 1162 583 1162 584 1162 728 1163 726 1163 583 1163 729 1164 216 1164 727 1164 730 1165 731 1165 216 1165 730 1166 216 1166 729 1166 732 1167 584 1167 586 1167 732 1168 728 1168 584 1168 733 1169 730 1169 729 1169 734 1170 586 1170 492 1170 734 1171 732 1171 586 1171 735 1172 730 1172 733 1172 736 1173 492 1173 495 1173 736 1174 734 1174 492 1174 737 1175 730 1175 735 1175 738 1176 495 1176 497 1176 738 1177 736 1177 495 1177 739 1178 497 1178 500 1178 739 1179 738 1179 497 1179 740 1180 730 1180 737 1180 741 1181 738 1181 739 1181 742 1182 741 1182 739 1182 743 1183 386 1183 383 1183 744 1184 739 1184 743 1184 744 1185 742 1185 739 1185 745 1186 744 1186 743 1186 746 1187 745 1187 743 1187 747 1188 743 1188 383 1188 747 1189 383 1189 387 1189 747 1190 746 1190 743 1190 748 1191 480 1191 749 1191 750 1192 748 1192 751 1192 752 1193 747 1193 387 1193 752 1194 387 1194 390 1194 753 1195 748 1195 750 1195 754 1196 390 1196 436 1196 754 1197 752 1197 390 1197 755 1198 748 1198 753 1198 756 1199 436 1199 437 1199 756 1200 754 1200 436 1200 757 1201 748 1201 755 1201 757 1202 480 1202 748 1202 758 1203 437 1203 442 1203 758 1204 756 1204 437 1204 759 1205 481 1205 480 1205 759 1206 480 1206 757 1206 760 1207 442 1207 443 1207 760 1208 758 1208 442 1208 761 1209 481 1209 759 1209 762 1210 443 1210 447 1210 762 1211 760 1211 443 1211 763 1212 478 1212 481 1212 763 1213 481 1213 761 1213 764 1214 447 1214 448 1214 764 1215 762 1215 447 1215 765 1216 477 1216 478 1216 765 1217 478 1217 763 1217 766 1218 475 1218 477 1218 766 1219 477 1219 765 1219 767 1220 448 1220 452 1220 767 1221 764 1221 448 1221 768 1222 474 1222 475 1222 768 1223 475 1223 766 1223 769 1224 767 1224 452 1224 769 1225 452 1225 453 1225 770 1226 474 1226 768 1226 770 1227 468 1227 474 1227 771 1228 453 1228 457 1228 771 1229 769 1229 453 1229 772 1230 468 1230 770 1230 772 1231 467 1231 468 1231 773 1232 771 1232 457 1232 773 1233 457 1233 458 1233 774 1234 467 1234 772 1234 774 1235 462 1235 467 1235 775 1236 773 1236 458 1236 775 1237 458 1237 461 1237 776 1238 462 1238 774 1238 776 1239 775 1239 461 1239 776 1240 461 1240 462 1240 648 1241 635 1241 687 1241 648 1242 687 1242 777 1242 648 1243 777 1243 778 1243 648 1244 778 1244 779 1244 648 1245 779 1245 780 1245 648 1246 780 1246 781 1246 648 1247 781 1247 671 1247 748 1248 730 1248 740 1248 748 1249 740 1249 782 1249 748 1250 782 1250 783 1250 748 1251 783 1251 784 1251 748 1252 784 1252 785 1252 748 1253 785 1253 786 1253 748 1254 786 1254 751 1254 471 1255 749 1255 480 1255 200 1256 216 1256 731 1256 200 1257 731 1257 749 1257 200 1258 749 1258 471 1258 632 1259 523 1259 540 1259 373 1260 363 1260 646 1260 646 1261 363 1261 632 1261 632 1262 363 1262 523 1262 199 1263 200 1263 471 1263 199 1264 471 1264 470 1264 198 1265 470 1265 472 1265 198 1266 199 1266 470 1266 196 1267 472 1267 465 1267 196 1268 198 1268 472 1268 374 1269 190 1269 464 1269 464 1270 190 1270 465 1270 465 1271 190 1271 197 1271 465 1272 197 1272 196 1272 319 1273 787 1273 788 1273 319 1274 181 1274 787 1274 787 1275 181 1275 789 1275 181 1276 790 1276 789 1276 181 1277 179 1277 790 1277 790 1278 179 1278 791 1278 179 1279 177 1279 791 1279 791 1280 177 1280 792 1280 177 1281 793 1281 792 1281 177 1282 176 1282 793 1282 793 1283 176 1283 794 1283 176 1284 174 1284 794 1284 794 1285 174 1285 795 1285 795 1286 174 1286 796 1286 174 1287 173 1287 796 1287 796 1288 173 1288 797 1288 173 1289 798 1289 797 1289 173 1290 171 1290 798 1290 798 1291 171 1291 799 1291 171 1292 170 1292 799 1292 799 1293 170 1293 800 1293 800 1294 170 1294 801 1294 170 1295 168 1295 801 1295 801 1296 168 1296 802 1296 168 1297 167 1297 802 1297 802 1298 167 1298 803 1298 803 1299 167 1299 804 1299 804 1300 165 1300 805 1300 167 1301 165 1301 804 1301 165 1302 806 1302 805 1302 806 1303 164 1303 807 1303 165 1304 164 1304 806 1304 807 1305 162 1305 808 1305 164 1306 162 1306 807 1306 162 1307 809 1307 808 1307 809 1308 160 1308 810 1308 162 1309 160 1309 809 1309 810 1310 159 1310 811 1310 811 1311 159 1311 812 1311 160 1312 159 1312 810 1312 812 1313 157 1313 813 1313 159 1314 157 1314 812 1314 813 1315 156 1315 814 1315 814 1316 156 1316 815 1316 157 1317 156 1317 813 1317 815 1318 286 1318 816 1318 156 1319 286 1319 815 1319 286 1320 817 1320 816 1320 817 1321 295 1321 818 1321 286 1322 295 1322 817 1322 818 1323 296 1323 819 1323 295 1324 296 1324 818 1324 296 1325 820 1325 819 1325 296 1326 297 1326 820 1326 820 1327 297 1327 821 1327 297 1328 298 1328 821 1328 821 1329 298 1329 822 1329 822 1330 298 1330 823 1330 298 1331 271 1331 823 1331 823 1332 271 1332 824 1332 271 1333 825 1333 824 1333 271 1334 270 1334 825 1334 825 1335 270 1335 826 1335 270 1336 279 1336 826 1336 826 1337 279 1337 827 1337 827 1338 279 1338 828 1338 279 1339 280 1339 828 1339 828 1340 280 1340 829 1340 280 1341 281 1341 829 1341 829 1342 281 1342 830 1342 830 1343 281 1343 831 1343 281 1344 288 1344 831 1344 831 1345 288 1345 832 1345 288 1346 289 1346 832 1346 832 1347 289 1347 833 1347 289 1348 290 1348 833 1348 833 1349 290 1349 834 1349 290 1350 301 1350 834 1350 834 1351 301 1351 835 1351 835 1352 301 1352 836 1352 301 1353 302 1353 836 1353 836 1354 302 1354 837 1354 302 1355 838 1355 837 1355 302 1356 316 1356 838 1356 838 1357 316 1357 839 1357 316 1358 317 1358 839 1358 839 1359 317 1359 840 1359 840 1360 317 1360 841 1360 317 1361 318 1361 841 1361 841 1362 318 1362 842 1362 842 1363 318 1363 843 1363 318 1364 319 1364 843 1364 843 1365 319 1365 788 1365 153 1366 844 1366 845 1366 153 1367 154 1367 844 1367 152 1368 845 1368 846 1368 152 1369 153 1369 845 1369 151 1370 846 1370 847 1370 151 1371 152 1371 846 1371 150 1372 847 1372 848 1372 150 1373 151 1373 847 1373 148 1374 848 1374 849 1374 148 1375 150 1375 848 1375 149 1376 849 1376 850 1376 149 1377 148 1377 849 1377 247 1378 850 1378 851 1378 247 1379 149 1379 850 1379 238 1380 851 1380 852 1380 238 1381 247 1381 851 1381 239 1382 852 1382 853 1382 239 1383 238 1383 852 1383 229 1384 853 1384 854 1384 229 1385 239 1385 853 1385 230 1386 229 1386 854 1386 230 1387 854 1387 855 1387 222 1388 230 1388 855 1388 222 1389 855 1389 856 1389 223 1390 222 1390 856 1390 223 1391 856 1391 857 1391 213 1392 857 1392 858 1392 213 1393 223 1393 857 1393 214 1394 858 1394 859 1394 214 1395 213 1395 858 1395 207 1396 859 1396 860 1396 207 1397 214 1397 859 1397 208 1398 860 1398 861 1398 208 1399 207 1399 860 1399 202 1400 861 1400 862 1400 202 1401 208 1401 861 1401 203 1402 862 1402 863 1402 203 1403 202 1403 862 1403 192 1404 863 1404 864 1404 192 1405 203 1405 863 1405 193 1406 864 1406 865 1406 193 1407 192 1407 864 1407 147 1408 865 1408 866 1408 147 1409 193 1409 865 1409 146 1410 866 1410 867 1410 146 1411 147 1411 866 1411 145 1412 867 1412 868 1412 145 1413 146 1413 867 1413 144 1414 868 1414 869 1414 144 1415 145 1415 868 1415 143 1416 869 1416 870 1416 143 1417 144 1417 869 1417 142 1418 870 1418 871 1418 142 1419 143 1419 870 1419 141 1420 871 1420 872 1420 141 1421 142 1421 871 1421 844 1422 311 1422 873 1422 154 1423 311 1423 844 1423 210 1424 872 1424 874 1424 210 1425 141 1425 872 1425 875 1426 210 1426 874 1426 235 1427 210 1427 875 1427 876 1428 235 1428 875 1428 236 1429 235 1429 876 1429 877 1430 236 1430 876 1430 244 1431 236 1431 877 1431 878 1432 244 1432 877 1432 245 1433 244 1433 878 1433 879 1434 245 1434 878 1434 252 1435 245 1435 879 1435 880 1436 252 1436 879 1436 253 1437 252 1437 880 1437 881 1438 253 1438 880 1438 258 1439 253 1439 881 1439 882 1440 258 1440 881 1440 259 1441 258 1441 882 1441 883 1442 259 1442 882 1442 264 1443 259 1443 883 1443 884 1444 264 1444 883 1444 265 1445 264 1445 884 1445 885 1446 265 1446 884 1446 272 1447 265 1447 885 1447 886 1448 272 1448 885 1448 273 1449 272 1449 886 1449 887 1450 273 1450 886 1450 282 1451 273 1451 887 1451 888 1452 282 1452 887 1452 283 1453 282 1453 888 1453 889 1454 283 1454 888 1454 291 1455 283 1455 889 1455 890 1456 291 1456 889 1456 292 1457 291 1457 890 1457 891 1458 292 1458 890 1458 303 1459 292 1459 891 1459 892 1460 303 1460 891 1460 304 1461 303 1461 892 1461 893 1462 304 1462 892 1462 307 1463 304 1463 893 1463 894 1464 307 1464 893 1464 308 1465 307 1465 894 1465 895 1466 308 1466 894 1466 313 1467 308 1467 895 1467 896 1468 313 1468 895 1468 314 1469 313 1469 896 1469 897 1470 314 1470 896 1470 322 1471 314 1471 897 1471 898 1472 322 1472 897 1472 323 1473 322 1473 898 1473 899 1474 323 1474 898 1474 329 1475 323 1475 899 1475 900 1476 329 1476 899 1476 330 1477 329 1477 900 1477 901 1478 330 1478 900 1478 336 1479 330 1479 901 1479 873 1480 336 1480 901 1480 311 1481 336 1481 873 1481 376 1482 377 1482 95 1482 376 1483 902 1483 377 1483 376 1484 903 1484 902 1484 902 1485 904 1485 905 1485 903 1486 904 1486 902 1486 904 1487 906 1487 907 1487 903 1488 906 1488 904 1488 906 1489 908 1489 909 1489 903 1490 908 1490 906 1490 908 1491 910 1491 911 1491 910 1492 912 1492 913 1492 912 1493 731 1493 730 1493 903 1494 731 1494 908 1494 908 1495 731 1495 910 1495 910 1496 731 1496 912 1496 375 1497 914 1497 903 1497 375 1498 903 1498 376 1498 378 1499 375 1499 112 1499 915 1500 375 1500 378 1500 914 1501 375 1501 915 1501 916 1502 915 1502 917 1502 916 1503 914 1503 915 1503 918 1504 916 1504 919 1504 918 1505 914 1505 916 1505 920 1506 918 1506 921 1506 920 1507 914 1507 918 1507 922 1508 920 1508 923 1508 924 1509 922 1509 925 1509 749 1510 924 1510 748 1510 749 1511 914 1511 920 1511 749 1512 920 1512 922 1512 749 1513 922 1513 924 1513 98 1514 115 1514 382 1514 98 1515 382 1515 379 1515 915 1516 378 1516 377 1516 915 1517 377 1517 902 1517 379 1518 381 1518 380 1518 382 1519 381 1519 379 1519 384 1520 386 1520 926 1520 926 1521 386 1521 743 1521 927 1522 928 1522 589 1522 589 1523 928 1523 493 1523 928 1524 929 1524 493 1524 929 1525 494 1525 493 1525 929 1526 930 1526 494 1526 930 1527 931 1527 494 1527 931 1528 496 1528 494 1528 931 1529 932 1529 496 1529 932 1530 498 1530 496 1530 932 1531 933 1531 498 1531 933 1532 934 1532 498 1532 498 1533 934 1533 499 1533 934 1534 935 1534 499 1534 499 1535 936 1535 937 1535 935 1536 938 1536 499 1536 499 1537 938 1537 936 1537 938 1538 939 1538 936 1538 939 1539 940 1539 936 1539 939 1540 941 1540 940 1540 941 1541 942 1541 940 1541 940 1542 942 1542 943 1542 942 1543 944 1543 943 1543 944 1544 945 1544 943 1544 944 1545 946 1545 945 1545 946 1546 947 1546 945 1546 945 1547 947 1547 948 1547 947 1548 949 1548 948 1548 949 1549 950 1549 948 1549 949 1550 951 1550 950 1550 951 1551 952 1551 950 1551 950 1552 952 1552 953 1552 952 1553 954 1553 953 1553 954 1554 955 1554 953 1554 953 1555 955 1555 926 1555 955 1556 384 1556 926 1556 955 1557 956 1557 384 1557 956 1558 957 1558 384 1558 957 1559 958 1559 385 1559 385 1560 959 1560 388 1560 958 1561 959 1561 385 1561 959 1562 960 1562 388 1562 388 1563 961 1563 389 1563 960 1564 961 1564 388 1564 389 1565 962 1565 431 1565 961 1566 962 1566 389 1566 962 1567 963 1567 431 1567 963 1568 430 1568 431 1568 963 1569 964 1569 430 1569 964 1570 965 1570 430 1570 430 1571 965 1571 429 1571 965 1572 966 1572 429 1572 966 1573 428 1573 429 1573 966 1574 967 1574 428 1574 967 1575 968 1575 428 1575 428 1576 968 1576 427 1576 968 1577 969 1577 427 1577 427 1578 969 1578 426 1578 969 1579 970 1579 426 1579 970 1580 971 1580 400 1580 971 1581 972 1581 400 1581 400 1582 972 1582 482 1582 482 1583 972 1583 490 1583 972 1584 973 1584 490 1584 973 1585 974 1585 490 1585 490 1586 974 1586 489 1586 974 1587 975 1587 489 1587 975 1588 488 1588 489 1588 975 1589 976 1589 488 1589 976 1590 977 1590 488 1590 488 1591 977 1591 487 1591 977 1592 978 1592 487 1592 487 1593 978 1593 486 1593 978 1594 979 1594 486 1594 979 1595 980 1595 486 1595 486 1596 980 1596 485 1596 980 1597 981 1597 485 1597 981 1598 982 1598 485 1598 485 1599 982 1599 483 1599 982 1600 983 1600 483 1600 983 1601 484 1601 483 1601 983 1602 491 1602 484 1602 983 1603 984 1603 491 1603 984 1604 985 1604 491 1604 985 1605 592 1605 491 1605 985 1606 986 1606 592 1606 986 1607 987 1607 592 1607 592 1608 987 1608 591 1608 987 1609 988 1609 591 1609 988 1610 590 1610 591 1610 988 1611 989 1611 590 1611 989 1612 990 1612 590 1612 590 1613 990 1613 588 1613 990 1614 991 1614 588 1614 991 1615 589 1615 588 1615 991 1616 927 1616 589 1616 400 1617 426 1617 970 1617 385 1618 384 1618 957 1618 500 1619 499 1619 937 1619 500 1620 937 1620 739 1620 595 1621 992 1621 993 1621 994 1622 992 1622 595 1622 596 1623 595 1623 993 1623 596 1624 993 1624 995 1624 596 1625 995 1625 996 1625 596 1626 996 1626 997 1626 596 1627 997 1627 998 1627 596 1628 998 1628 999 1628 596 1629 999 1629 1000 1629 596 1630 1000 1630 1001 1630 601 1631 1002 1631 1003 1631 601 1632 1003 1632 1004 1632 601 1633 1004 1633 1005 1633 601 1634 1005 1634 1006 1634 601 1635 596 1635 1001 1635 601 1636 1001 1636 1007 1636 601 1637 1007 1637 1008 1637 601 1638 1008 1638 1009 1638 601 1639 1009 1639 1002 1639 603 1640 1010 1640 1011 1640 603 1641 1011 1641 1012 1641 603 1642 1012 1642 1013 1642 603 1643 1006 1643 1010 1643 603 1644 601 1644 1006 1644 594 1645 1014 1645 1015 1645 1016 1646 603 1646 1013 1646 1017 1647 1014 1647 594 1647 1018 1648 603 1648 1016 1648 593 1649 1017 1649 594 1649 593 1650 596 1650 601 1650 1019 1651 1017 1651 593 1651 1020 1652 603 1652 1018 1652 1021 1653 1019 1653 593 1653 1022 1654 603 1654 1020 1654 1023 1655 1021 1655 593 1655 1024 1656 603 1656 1022 1656 1025 1657 1023 1657 593 1657 1026 1658 1025 1658 593 1658 1027 1659 1026 1659 593 1659 1028 1660 1027 1660 593 1660 597 1661 1024 1661 1029 1661 597 1662 1029 1662 1030 1662 597 1663 1030 1663 1031 1663 597 1664 1031 1664 1032 1664 597 1665 1032 1665 1033 1665 597 1666 1033 1666 1034 1666 597 1667 603 1667 1024 1667 1035 1668 597 1668 1034 1668 599 1669 597 1669 1035 1669 602 1670 1028 1670 593 1670 602 1671 1036 1671 1037 1671 602 1672 1037 1672 1038 1672 602 1673 1038 1673 1039 1673 602 1674 1039 1674 1028 1674 602 1675 593 1675 601 1675 1040 1676 599 1676 1035 1676 1041 1677 1036 1677 602 1677 1042 1678 599 1678 1040 1678 1043 1679 1041 1679 602 1679 1044 1680 1043 1680 602 1680 1045 1681 1044 1681 602 1681 598 1682 604 1682 603 1682 598 1683 603 1683 597 1683 1046 1684 602 1684 604 1684 1046 1685 1045 1685 602 1685 1047 1686 1046 1686 604 1686 1048 1687 1047 1687 604 1687 1049 1688 1048 1688 604 1688 1050 1689 600 1689 1051 1689 1052 1690 1049 1690 604 1690 1053 1691 598 1691 600 1691 1053 1692 600 1692 1050 1692 1054 1693 1052 1693 604 1693 1055 1694 598 1694 1053 1694 1056 1695 1054 1695 604 1695 1057 1696 598 1696 1055 1696 1058 1697 1056 1697 604 1697 1059 1698 598 1698 1057 1698 1060 1699 604 1699 598 1699 1060 1700 1058 1700 604 1700 1061 1701 598 1701 1059 1701 1062 1702 1060 1702 598 1702 1063 1703 598 1703 1061 1703 1063 1704 1062 1704 598 1704 595 1705 594 1705 1015 1705 595 1706 1015 1706 1064 1706 595 1707 1064 1707 1065 1707 595 1708 1065 1708 1066 1708 595 1709 1066 1709 1067 1709 595 1710 1067 1710 1068 1710 595 1711 1068 1711 1069 1711 595 1712 1069 1712 1070 1712 595 1713 1070 1713 1071 1713 595 1714 1071 1714 1072 1714 595 1715 1072 1715 1073 1715 595 1716 1073 1716 1074 1716 595 1717 1074 1717 1075 1717 595 1718 1075 1718 1076 1718 595 1719 1076 1719 1077 1719 595 1720 1077 1720 1078 1720 595 1721 1078 1721 1079 1721 595 1722 1079 1722 994 1722 600 1723 599 1723 1051 1723 1051 1724 599 1724 1080 1724 1080 1725 599 1725 1081 1725 1081 1726 599 1726 1082 1726 1082 1727 599 1727 1083 1727 1083 1728 599 1728 1084 1728 1084 1729 599 1729 1085 1729 1085 1730 599 1730 1086 1730 1086 1731 599 1731 1087 1731 1087 1732 599 1732 1088 1732 1088 1733 599 1733 1089 1733 1089 1734 599 1734 1090 1734 1090 1735 599 1735 1091 1735 1091 1736 599 1736 1092 1736 1092 1737 599 1737 1093 1737 1093 1738 599 1738 1094 1738 1094 1739 599 1739 1095 1739 1095 1740 599 1740 1096 1740 1096 1741 599 1741 1042 1741 607 1742 606 1742 608 1742 608 1743 606 1743 605 1743 610 1744 611 1744 609 1744 612 1745 611 1745 610 1745 614 1746 615 1746 613 1746 616 1747 615 1747 614 1747 619 1748 617 1748 620 1748 620 1749 617 1749 618 1749 621 1750 625 1750 622 1750 622 1751 625 1751 638 1751 625 1752 624 1752 638 1752 638 1753 624 1753 637 1753 624 1754 627 1754 637 1754 637 1755 627 1755 640 1755 627 1756 626 1756 640 1756 640 1757 626 1757 639 1757 626 1758 629 1758 639 1758 639 1759 629 1759 642 1759 629 1760 628 1760 642 1760 642 1761 628 1761 641 1761 628 1762 630 1762 641 1762 641 1763 630 1763 643 1763 630 1764 631 1764 643 1764 643 1765 631 1765 644 1765 631 1766 634 1766 644 1766 644 1767 634 1767 647 1767 634 1768 633 1768 647 1768 647 1769 633 1769 645 1769 633 1770 635 1770 645 1770 645 1771 635 1771 648 1771 646 1772 623 1772 636 1772 632 1773 623 1773 646 1773 780 1774 779 1774 1097 1774 780 1775 1097 1775 1098 1775 781 1776 1098 1776 1099 1776 781 1777 780 1777 1098 1777 671 1778 1099 1778 1100 1778 671 1779 781 1779 1099 1779 664 1780 1100 1780 1101 1780 664 1781 671 1781 1100 1781 665 1782 1101 1782 1102 1782 665 1783 664 1783 1101 1783 666 1784 1102 1784 1103 1784 666 1785 665 1785 1102 1785 667 1786 1103 1786 1104 1786 667 1787 666 1787 1103 1787 670 1788 1104 1788 1105 1788 670 1789 667 1789 1104 1789 669 1790 1105 1790 1106 1790 669 1791 670 1791 1105 1791 663 1792 669 1792 1106 1792 663 1793 1106 1793 1107 1793 661 1794 663 1794 1107 1794 659 1795 661 1795 1107 1795 659 1796 1107 1796 1108 1796 657 1797 659 1797 1108 1797 657 1798 1108 1798 1109 1798 655 1799 657 1799 1109 1799 655 1800 1109 1800 1110 1800 653 1801 655 1801 1110 1801 653 1802 1110 1802 1111 1802 651 1803 653 1803 1111 1803 651 1804 1111 1804 1112 1804 649 1805 651 1805 1112 1805 649 1806 1112 1806 1113 1806 650 1807 649 1807 1113 1807 650 1808 1113 1808 1114 1808 652 1809 650 1809 1114 1809 652 1810 1114 1810 1115 1810 654 1811 1115 1811 1116 1811 654 1812 652 1812 1115 1812 656 1813 654 1813 1116 1813 656 1814 1116 1814 1117 1814 658 1815 1117 1815 1118 1815 658 1816 656 1816 1117 1816 660 1817 1118 1817 1119 1817 660 1818 658 1818 1118 1818 662 1819 1119 1819 1120 1819 662 1820 660 1820 1119 1820 668 1821 1120 1821 1121 1821 668 1822 662 1822 1120 1822 672 1823 1121 1823 1122 1823 672 1824 668 1824 1121 1824 673 1825 1122 1825 1123 1825 673 1826 672 1826 1122 1826 674 1827 1123 1827 1124 1827 674 1828 673 1828 1123 1828 675 1829 1124 1829 1125 1829 675 1830 674 1830 1124 1830 676 1831 1125 1831 1126 1831 676 1832 675 1832 1125 1832 677 1833 1126 1833 1127 1833 677 1834 676 1834 1126 1834 678 1835 1127 1835 1128 1835 678 1836 677 1836 1127 1836 679 1837 1128 1837 1129 1837 679 1838 678 1838 1128 1838 680 1839 1129 1839 1130 1839 680 1840 679 1840 1129 1840 681 1841 1130 1841 1131 1841 681 1842 680 1842 1130 1842 682 1843 1131 1843 1132 1843 682 1844 681 1844 1131 1844 683 1845 682 1845 1132 1845 683 1846 1132 1846 1133 1846 688 1847 683 1847 1133 1847 688 1848 1133 1848 1134 1848 690 1849 688 1849 1134 1849 690 1850 1134 1850 1135 1850 691 1851 1135 1851 1136 1851 691 1852 690 1852 1135 1852 693 1853 1136 1853 1137 1853 693 1854 691 1854 1136 1854 696 1855 693 1855 1137 1855 696 1856 1137 1856 1138 1856 698 1857 1138 1857 1139 1857 698 1858 696 1858 1138 1858 700 1859 1139 1859 1140 1859 700 1860 698 1860 1139 1860 702 1861 1140 1861 1141 1861 702 1862 700 1862 1140 1862 704 1863 1141 1863 1142 1863 704 1864 702 1864 1141 1864 706 1865 1142 1865 1143 1865 706 1866 704 1866 1142 1866 708 1867 1143 1867 1144 1867 708 1868 706 1868 1143 1868 710 1869 1144 1869 1145 1869 710 1870 708 1870 1144 1870 712 1871 1145 1871 1146 1871 712 1872 710 1872 1145 1872 714 1873 1146 1873 1147 1873 714 1874 712 1874 1146 1874 716 1875 1147 1875 1148 1875 716 1876 714 1876 1147 1876 718 1877 1148 1877 1149 1877 718 1878 716 1878 1148 1878 720 1879 1149 1879 1150 1879 720 1880 718 1880 1149 1880 721 1881 720 1881 1150 1881 723 1882 1150 1882 1151 1882 723 1883 721 1883 1150 1883 725 1884 1151 1884 1152 1884 725 1885 723 1885 1151 1885 727 1886 1152 1886 1153 1886 727 1887 725 1887 1152 1887 729 1888 1153 1888 1154 1888 729 1889 727 1889 1153 1889 733 1890 1154 1890 1155 1890 733 1891 729 1891 1154 1891 735 1892 1155 1892 1156 1892 735 1893 733 1893 1155 1893 737 1894 735 1894 1156 1894 737 1895 1156 1895 1157 1895 740 1896 737 1896 1157 1896 740 1897 1157 1897 1158 1897 782 1898 740 1898 1158 1898 782 1899 1158 1899 1159 1899 783 1900 782 1900 1159 1900 783 1901 1159 1901 1160 1901 784 1902 783 1902 1160 1902 785 1903 784 1903 1160 1903 785 1904 1160 1904 1161 1904 786 1905 785 1905 1161 1905 786 1906 1161 1906 1162 1906 751 1907 786 1907 1162 1907 751 1908 1162 1908 1163 1908 750 1909 751 1909 1163 1909 750 1910 1163 1910 1164 1910 753 1911 750 1911 1164 1911 753 1912 1164 1912 1165 1912 755 1913 753 1913 1165 1913 755 1914 1165 1914 1166 1914 757 1915 755 1915 1166 1915 757 1916 1166 1916 1167 1916 759 1917 757 1917 1167 1917 759 1918 1167 1918 1168 1918 761 1919 759 1919 1168 1919 761 1920 1168 1920 1169 1920 763 1921 761 1921 1169 1921 763 1922 1169 1922 1170 1922 765 1923 763 1923 1170 1923 766 1924 765 1924 1170 1924 766 1925 1170 1925 1171 1925 768 1926 766 1926 1171 1926 768 1927 1171 1927 1172 1927 770 1928 768 1928 1172 1928 770 1929 1172 1929 1173 1929 772 1930 770 1930 1173 1930 772 1931 1173 1931 1174 1931 774 1932 772 1932 1174 1932 774 1933 1174 1933 1175 1933 776 1934 1175 1934 1176 1934 776 1935 774 1935 1175 1935 775 1936 776 1936 1176 1936 775 1937 1176 1937 1177 1937 773 1938 1177 1938 1178 1938 773 1939 775 1939 1177 1939 771 1940 1178 1940 1179 1940 771 1941 773 1941 1178 1941 769 1942 1179 1942 1180 1942 769 1943 771 1943 1179 1943 767 1944 1180 1944 1181 1944 767 1945 769 1945 1180 1945 764 1946 767 1946 1181 1946 764 1947 1181 1947 1182 1947 762 1948 764 1948 1182 1948 762 1949 1182 1949 1183 1949 760 1950 762 1950 1183 1950 760 1951 1183 1951 1184 1951 758 1952 760 1952 1184 1952 758 1953 1184 1953 1185 1953 756 1954 758 1954 1185 1954 756 1955 1185 1955 1186 1955 754 1956 756 1956 1186 1956 754 1957 1186 1957 1187 1957 752 1958 754 1958 1187 1958 752 1959 1187 1959 1188 1959 747 1960 752 1960 1188 1960 747 1961 1188 1961 1189 1961 746 1962 747 1962 1189 1962 746 1963 1189 1963 1190 1963 745 1964 746 1964 1190 1964 745 1965 1190 1965 1191 1965 744 1966 745 1966 1191 1966 744 1967 1191 1967 1192 1967 742 1968 744 1968 1192 1968 742 1969 1192 1969 1193 1969 741 1970 742 1970 1193 1970 741 1971 1193 1971 1194 1971 738 1972 741 1972 1194 1972 738 1973 1194 1973 1195 1973 736 1974 738 1974 1195 1974 736 1975 1195 1975 1196 1975 734 1976 1196 1976 1197 1976 734 1977 736 1977 1196 1977 732 1978 1197 1978 1198 1978 732 1979 734 1979 1197 1979 728 1980 1198 1980 1199 1980 728 1981 732 1981 1198 1981 726 1982 1199 1982 1200 1982 726 1983 728 1983 1199 1983 724 1984 1200 1984 1201 1984 724 1985 726 1985 1200 1985 722 1986 1201 1986 1202 1986 722 1987 724 1987 1201 1987 719 1988 1202 1988 1203 1988 719 1989 722 1989 1202 1989 717 1990 1203 1990 1204 1990 717 1991 719 1991 1203 1991 715 1992 1204 1992 1205 1992 715 1993 717 1993 1204 1993 713 1994 1205 1994 1206 1994 713 1995 715 1995 1205 1995 711 1996 713 1996 1206 1996 711 1997 1206 1997 1207 1997 709 1998 711 1998 1207 1998 709 1999 1207 1999 1208 1999 707 2000 709 2000 1208 2000 707 2001 1208 2001 1209 2001 705 2002 707 2002 1209 2002 705 2003 1209 2003 1210 2003 703 2004 705 2004 1210 2004 703 2005 1210 2005 1211 2005 701 2006 703 2006 1211 2006 701 2007 1211 2007 1212 2007 699 2008 701 2008 1212 2008 699 2009 1212 2009 1213 2009 697 2010 699 2010 1213 2010 695 2011 697 2011 1213 2011 695 2012 1213 2012 1214 2012 694 2013 695 2013 1214 2013 694 2014 1214 2014 1215 2014 692 2015 694 2015 1215 2015 692 2016 1215 2016 1216 2016 689 2017 1216 2017 1217 2017 689 2018 692 2018 1216 2018 684 2019 1217 2019 1218 2019 684 2020 689 2020 1217 2020 685 2021 1218 2021 1219 2021 685 2022 684 2022 1218 2022 686 2023 1219 2023 1220 2023 686 2024 685 2024 1219 2024 687 2025 1220 2025 1221 2025 687 2026 686 2026 1220 2026 777 2027 1221 2027 1222 2027 777 2028 687 2028 1221 2028 778 2029 1222 2029 1097 2029 778 2030 777 2030 1222 2030 779 2031 778 2031 1097 2031 748 2032 924 2032 912 2032 748 2033 912 2033 730 2033 936 2034 739 2034 937 2034 936 2035 940 2035 739 2035 940 2036 943 2036 739 2036 943 2037 945 2037 739 2037 948 2038 743 2038 945 2038 950 2039 743 2039 948 2039 953 2040 743 2040 950 2040 926 2041 743 2041 953 2041 945 2042 743 2042 739 2042 914 2043 731 2043 903 2043 914 2044 749 2044 731 2044 1006 2045 822 2045 823 2045 823 2046 824 2046 1006 2046 1006 2047 821 2047 822 2047 824 2048 825 2048 1006 2048 1006 2049 820 2049 821 2049 825 2050 826 2050 1006 2050 826 2051 827 2051 1006 2051 827 2052 828 2052 1006 2052 828 2053 829 2053 1006 2053 1006 2054 830 2054 1010 2054 829 2055 830 2055 1006 2055 816 2056 1223 2056 815 2056 817 2057 1223 2057 816 2057 818 2058 1223 2058 817 2058 819 2059 1223 2059 818 2059 820 2060 1223 2060 819 2060 1006 2061 1223 2061 820 2061 830 2062 831 2062 1010 2062 1223 2063 814 2063 815 2063 831 2064 832 2064 1010 2064 1223 2065 813 2065 814 2065 832 2066 833 2066 1010 2066 1223 2067 812 2067 813 2067 833 2068 834 2068 1010 2068 1223 2069 811 2069 812 2069 834 2070 835 2070 1010 2070 1223 2071 810 2071 811 2071 835 2072 836 2072 1010 2072 1223 2073 809 2073 810 2073 836 2074 837 2074 1010 2074 1223 2075 808 2075 809 2075 837 2076 838 2076 1010 2076 1223 2077 807 2077 808 2077 838 2078 839 2078 1010 2078 1223 2079 806 2079 807 2079 839 2080 840 2080 1010 2080 1223 2081 805 2081 806 2081 1223 2082 804 2082 805 2082 1223 2083 803 2083 804 2083 1223 2084 802 2084 803 2084 787 2085 1224 2085 788 2085 789 2086 1224 2086 787 2086 790 2087 1224 2087 789 2087 791 2088 1224 2088 790 2088 792 2089 1224 2089 791 2089 793 2090 1224 2090 792 2090 794 2091 1224 2091 793 2091 795 2092 1224 2092 794 2092 796 2093 1224 2093 795 2093 797 2094 1224 2094 796 2094 798 2095 1224 2095 797 2095 799 2096 1224 2096 798 2096 800 2097 1224 2097 799 2097 840 2098 1224 2098 1010 2098 841 2099 1224 2099 840 2099 842 2100 1224 2100 841 2100 843 2101 1224 2101 842 2101 788 2102 1224 2102 843 2102 1223 2103 1224 2103 801 2103 1223 2104 801 2104 802 2104 801 2105 1224 2105 800 2105 1225 2106 1226 2106 1227 2106 1225 2107 1227 2107 1228 2107 1229 2108 1230 2108 1231 2108 1232 2109 1233 2109 1226 2109 1234 2110 1230 2110 1229 2110 1235 2111 1226 2111 1225 2111 1236 2112 1233 2112 1232 2112 1237 2113 1236 2113 1232 2113 1238 2114 1232 2114 1226 2114 1238 2115 1226 2115 1235 2115 1238 2116 1239 2116 1232 2116 1240 2117 1236 2117 1237 2117 1240 2118 1237 2118 1241 2118 1242 2119 1240 2119 1241 2119 1243 2120 1244 2120 1245 2120 1246 2121 1247 2121 1240 2121 1246 2122 1240 2122 1242 2122 1248 2123 1249 2123 1247 2123 1248 2124 1247 2124 1246 2124 1250 2125 1251 2125 1252 2125 1250 2126 1253 2126 1251 2126 1254 2127 1236 2127 1255 2127 1254 2128 1255 2128 1256 2128 1254 2129 1256 2129 1257 2129 1258 2130 1250 2130 1252 2130 1259 2131 1257 2131 1260 2131 1259 2132 1254 2132 1257 2132 1261 2133 1262 2133 1263 2133 1264 2134 1260 2134 1265 2134 1264 2135 1266 2135 1259 2135 1264 2136 1259 2136 1260 2136 1267 2137 1262 2137 1261 2137 1268 2138 1269 2138 1270 2138 1271 2139 1266 2139 1264 2139 1272 2140 1268 2140 1273 2140 1272 2141 1269 2141 1268 2141 874 2142 1236 2142 1254 2142 874 2143 872 2143 1233 2143 874 2144 1233 2144 1236 2144 1274 2145 1275 2145 1276 2145 1277 2146 1275 2146 1274 2146 1278 2147 1267 2147 1279 2147 1278 2148 1279 2148 1280 2148 1281 2149 1274 2149 1276 2149 1281 2150 1276 2150 1282 2150 1283 2151 1275 2151 1277 2151 1284 2152 1273 2152 1285 2152 1284 2153 1272 2153 1273 2153 1286 2154 1280 2154 1287 2154 1286 2155 1278 2155 1280 2155 1288 2156 1289 2156 1290 2156 1288 2157 1285 2157 1289 2157 1291 2158 1281 2158 1282 2158 875 2159 874 2159 1292 2159 1293 2160 1284 2160 1285 2160 1293 2161 1285 2161 1288 2161 1294 2162 1284 2162 1293 2162 1295 2163 1286 2163 1287 2163 1296 2164 1293 2164 1297 2164 1296 2165 1294 2165 1293 2165 1296 2166 1298 2166 1294 2166 1299 2167 1286 2167 1295 2167 1299 2168 1300 2168 1286 2168 876 2169 1292 2169 1301 2169 876 2170 875 2170 1292 2170 1302 2171 1297 2171 1303 2171 1302 2172 1303 2172 1304 2172 1305 2173 1296 2173 1297 2173 1306 2174 1307 2174 1300 2174 1306 2175 1300 2175 1299 2175 1308 2176 1297 2176 1302 2176 1309 2177 1310 2177 1311 2177 1309 2178 1312 2178 1313 2178 1309 2179 1313 2179 1314 2179 1315 2180 1305 2180 1297 2180 1315 2181 1297 2181 1308 2181 1316 2182 1317 2182 1318 2182 1319 2183 1320 2183 1321 2183 1322 2184 1309 2184 1311 2184 877 2185 876 2185 1301 2185 877 2186 1301 2186 1323 2186 1324 2187 1312 2187 1309 2187 1325 2188 1305 2188 1315 2188 1325 2189 1326 2189 1327 2189 1325 2190 1327 2190 1305 2190 1328 2191 1329 2191 1320 2191 1328 2192 1320 2192 1319 2192 1330 2193 1317 2193 1316 2193 1331 2194 1322 2194 1311 2194 1331 2195 1311 2195 1332 2195 1333 2196 1334 2196 1329 2196 1333 2197 1329 2197 1328 2197 1335 2198 1336 2198 1337 2198 1338 2199 1339 2199 1340 2199 1338 2200 1340 2200 1341 2200 1342 2201 1331 2201 1332 2201 1342 2202 1332 2202 1339 2202 1343 2203 1344 2203 1334 2203 1343 2204 1334 2204 1333 2204 878 2205 877 2205 1323 2205 878 2206 1323 2206 1317 2206 1345 2207 1346 2207 1347 2207 1348 2208 1337 2208 1349 2208 1348 2209 1335 2209 1337 2209 1350 2210 1347 2210 1351 2210 1350 2211 1351 2211 1324 2211 1352 2212 1339 2212 1338 2212 1352 2213 1342 2213 1339 2213 1353 2214 1349 2214 1344 2214 1353 2215 1344 2215 1343 2215 1354 2216 1348 2216 1349 2216 1354 2217 1349 2217 1353 2217 879 2218 1330 2218 1355 2218 879 2219 1355 2219 1356 2219 879 2220 1317 2220 1330 2220 879 2221 878 2221 1317 2221 1357 2222 1354 2222 1353 2222 1358 2223 1359 2223 1360 2223 1358 2224 1360 2224 1361 2224 1358 2225 1361 2225 1350 2225 880 2226 1356 2226 1359 2226 880 2227 879 2227 1356 2227 1362 2228 1338 2228 1363 2228 1362 2229 1363 2229 1364 2229 1362 2230 1365 2230 1366 2230 1362 2231 1366 2231 1352 2231 1362 2232 1352 2232 1338 2232 1367 2233 1364 2233 1368 2233 1367 2234 1368 2234 1369 2234 1367 2235 1362 2235 1364 2235 1370 2236 1371 2236 1372 2236 881 2237 1359 2237 1358 2237 881 2238 880 2238 1359 2238 1373 2239 1374 2239 1375 2239 1373 2240 1375 2240 1376 2240 1377 2241 1378 2241 1379 2241 1377 2242 1380 2242 1381 2242 1377 2243 1381 2243 1378 2243 1382 2244 1367 2244 1369 2244 1382 2245 1369 2245 1383 2245 882 2246 881 2246 1358 2246 882 2247 1358 2247 1384 2247 1385 2248 1371 2248 1370 2248 1386 2249 1382 2249 1383 2249 1386 2250 1373 2250 1385 2250 1386 2251 1374 2251 1373 2251 1386 2252 1383 2252 1374 2252 1387 2253 1380 2253 1377 2253 1387 2254 1388 2254 1380 2254 1389 2255 1388 2255 1387 2255 1390 2256 1391 2256 1392 2256 883 2257 882 2257 1384 2257 883 2258 1384 2258 1393 2258 883 2259 1393 2259 1388 2259 1394 2260 1385 2260 1370 2260 884 2261 883 2261 1388 2261 884 2262 1388 2262 1389 2262 884 2263 1389 2263 1395 2263 1396 2264 1397 2264 1398 2264 1399 2265 1400 2265 1401 2265 1402 2266 1400 2266 1399 2266 1403 2267 1397 2267 1396 2267 885 2268 884 2268 1395 2268 885 2269 1395 2269 1397 2269 1404 2270 1397 2270 1403 2270 886 2271 885 2271 1397 2271 886 2272 1397 2272 1404 2272 1405 2273 1406 2273 1407 2273 1405 2274 1407 2274 1408 2274 1405 2275 1408 2275 1409 2275 1410 2276 1406 2276 1405 2276 1410 2277 1411 2277 1412 2277 1410 2278 1412 2278 1406 2278 887 2279 886 2279 1404 2279 887 2280 1404 2280 1413 2280 1414 2281 1411 2281 1410 2281 1414 2282 1415 2282 1416 2282 1414 2283 1416 2283 1417 2283 1414 2284 1417 2284 1418 2284 1414 2285 1418 2285 1411 2285 888 2286 887 2286 1413 2286 1419 2287 1415 2287 1414 2287 1420 2288 1410 2288 1421 2288 1420 2289 1414 2289 1410 2289 889 2290 888 2290 1413 2290 1382 2291 1422 2291 1423 2291 1362 2292 1424 2292 1425 2292 1309 2293 1358 2293 1324 2293 1324 2294 1358 2294 1350 2294 1254 2295 1292 2295 874 2295 1426 2296 1323 2296 1301 2296 1317 2297 1427 2297 1318 2297 1318 2298 1427 2298 1428 2298 1429 2299 1430 2299 1431 2299 1429 2300 1431 2300 1432 2300 1433 2301 1400 2301 1402 2301 1433 2302 1402 2302 1434 2302 1435 2303 1373 2303 1376 2303 1435 2304 1376 2304 1436 2304 1435 2305 1436 2305 1437 2305 1435 2306 1437 2306 1438 2306 1435 2307 1438 2307 1439 2307 1296 2308 1338 2308 1440 2308 1440 2309 1338 2309 1341 2309 1296 2310 1440 2310 1298 2310 1229 2311 1276 2311 1234 2311 1234 2312 1276 2312 1441 2312 1441 2313 1276 2313 1245 2313 1442 2314 870 2314 869 2314 1442 2315 871 2315 870 2315 1442 2316 872 2316 871 2316 1443 2317 1442 2317 869 2317 1443 2318 868 2318 867 2318 1443 2319 869 2319 868 2319 1443 2320 1444 2320 1442 2320 1445 2321 1444 2321 1446 2321 1445 2322 1446 2322 1447 2322 1445 2323 1447 2323 1448 2323 1445 2324 1448 2324 1233 2324 1445 2325 1233 2325 872 2325 1445 2326 1442 2326 1444 2326 1445 2327 872 2327 1442 2327 1449 2328 866 2328 865 2328 1449 2329 867 2329 866 2329 1449 2330 1443 2330 867 2330 1450 2331 1231 2331 1444 2331 1450 2332 1444 2332 1443 2332 1450 2333 1229 2333 1231 2333 1450 2334 1251 2334 1229 2334 1451 2335 1449 2335 865 2335 1451 2336 864 2336 863 2336 1451 2337 865 2337 864 2337 1452 2338 1263 2338 1262 2338 1452 2339 1450 2339 1443 2339 1452 2340 1252 2340 1251 2340 1452 2341 1443 2341 1449 2341 1452 2342 1262 2342 1252 2342 1452 2343 1251 2343 1450 2343 1453 2344 1451 2344 863 2344 1453 2345 862 2345 861 2345 1453 2346 863 2346 862 2346 1454 2347 1265 2347 1455 2347 1454 2348 1455 2348 1456 2348 1454 2349 1456 2349 1243 2349 1454 2350 1243 2350 1245 2350 1454 2351 1264 2351 1265 2351 1454 2352 1275 2352 1264 2352 1454 2353 1276 2353 1275 2353 1454 2354 1245 2354 1276 2354 1457 2355 1452 2355 1449 2355 1457 2356 1449 2356 1451 2356 1457 2357 1263 2357 1452 2357 1457 2358 1289 2358 1458 2358 1457 2359 1458 2359 1459 2359 1457 2360 1459 2360 1263 2360 1460 2361 1461 2361 1453 2361 1460 2362 860 2362 859 2362 1460 2363 861 2363 860 2363 1460 2364 1453 2364 861 2364 1462 2365 1267 2365 1278 2365 1462 2366 1309 2366 1314 2366 1462 2367 1291 2367 1282 2367 1462 2368 1262 2368 1267 2368 1462 2369 1278 2369 1463 2369 1462 2370 1463 2370 1310 2370 1462 2371 1282 2371 1262 2371 1462 2372 1310 2372 1309 2372 1462 2373 1314 2373 1291 2373 1464 2374 1453 2374 1461 2374 1464 2375 1290 2375 1289 2375 1464 2376 1461 2376 1465 2376 1464 2377 1451 2377 1453 2377 1464 2378 1465 2378 1290 2378 1464 2379 1289 2379 1457 2379 1464 2380 1457 2380 1451 2380 1466 2381 1283 2381 1467 2381 1466 2382 1467 2382 1468 2382 1466 2383 1468 2383 1428 2383 1466 2384 1275 2384 1283 2384 1466 2385 1427 2385 1275 2385 1466 2386 1428 2386 1427 2386 1469 2387 1470 2387 1460 2387 1469 2388 1460 2388 859 2388 1469 2389 858 2389 857 2389 1469 2390 859 2390 858 2390 1471 2391 1461 2391 1460 2391 1471 2392 1470 2392 1472 2392 1471 2393 1472 2393 1319 2393 1471 2394 1460 2394 1470 2394 1471 2395 1321 2395 1473 2395 1471 2396 1473 2396 1461 2396 1471 2397 1319 2397 1321 2397 1474 2398 1346 2398 1475 2398 1474 2399 1475 2399 1476 2399 1474 2400 1476 2400 1477 2400 1474 2401 1477 2401 1478 2401 1474 2402 1478 2402 1479 2402 1474 2403 1479 2403 1480 2403 1474 2404 1480 2404 1481 2404 1474 2405 1481 2405 1482 2405 1474 2406 1482 2406 1483 2406 1474 2407 1483 2407 1484 2407 1474 2408 1484 2408 1485 2408 1474 2409 1485 2409 1351 2409 1474 2410 1347 2410 1346 2410 1474 2411 1351 2411 1347 2411 1486 2412 1469 2412 857 2412 1486 2413 1435 2413 1469 2413 1486 2414 856 2414 855 2414 1486 2415 857 2415 856 2415 1487 2416 1439 2416 1488 2416 1487 2417 1488 2417 1489 2417 1487 2418 1489 2418 1470 2418 1487 2419 1469 2419 1435 2419 1487 2420 1470 2420 1469 2420 1487 2421 1435 2421 1439 2421 1490 2422 854 2422 853 2422 1490 2423 855 2423 854 2423 1490 2424 1486 2424 855 2424 1491 2425 1368 2425 1354 2425 1491 2426 1354 2426 1357 2426 1491 2427 1369 2427 1368 2427 1491 2428 1357 2428 1492 2428 1491 2429 1492 2429 1369 2429 1493 2430 1429 2430 1432 2430 1493 2431 1435 2431 1486 2431 1493 2432 1392 2432 1429 2432 1493 2433 1432 2433 1435 2433 1494 2434 1379 2434 1378 2434 1494 2435 1362 2435 1425 2435 1494 2436 1365 2436 1362 2436 1494 2437 1425 2437 1379 2437 1494 2438 1378 2438 1495 2438 1494 2439 1495 2439 1496 2439 1494 2440 1496 2440 1365 2440 1497 2441 852 2441 851 2441 1497 2442 853 2442 852 2442 1497 2443 1490 2443 853 2443 1498 2444 1392 2444 1493 2444 1498 2445 1493 2445 1486 2445 1498 2446 1486 2446 1490 2446 1498 2447 1390 2447 1392 2447 1498 2448 1400 2448 1499 2448 1498 2449 1499 2449 1500 2449 1498 2450 1500 2450 1390 2450 1498 2451 1490 2451 1497 2451 1501 2452 1367 2452 1382 2452 1501 2453 1398 2453 1397 2453 1501 2454 1423 2454 1502 2454 1501 2455 1502 2455 1398 2455 1501 2456 1397 2456 1367 2456 1501 2457 1382 2457 1423 2457 1503 2458 850 2458 849 2458 1503 2459 851 2459 850 2459 1503 2460 1497 2460 851 2460 1504 2461 1505 2461 1506 2461 1504 2462 1498 2462 1497 2462 1504 2463 1506 2463 1507 2463 1504 2464 1507 2464 1401 2464 1504 2465 1400 2465 1498 2465 1504 2466 1401 2466 1400 2466 1508 2467 1386 2467 1385 2467 1508 2468 889 2468 1413 2468 1508 2469 1413 2469 1386 2469 1509 2470 1503 2470 849 2470 1509 2471 848 2471 847 2471 1509 2472 849 2472 848 2472 1510 2473 1511 2473 1433 2473 1510 2474 1434 2474 1512 2474 1510 2475 1433 2475 1434 2475 1510 2476 1512 2476 1513 2476 1510 2477 1513 2477 1514 2477 1510 2478 1514 2478 1515 2478 1510 2479 1515 2479 1511 2479 1516 2480 1503 2480 1509 2480 1516 2481 1421 2481 1517 2481 1516 2482 1517 2482 1518 2482 1516 2483 1518 2483 1505 2483 1516 2484 1504 2484 1497 2484 1516 2485 1497 2485 1503 2485 1516 2486 1505 2486 1504 2486 1519 2487 1385 2487 1394 2487 1519 2488 891 2488 890 2488 1519 2489 890 2489 889 2489 1519 2490 889 2490 1508 2490 1519 2491 1508 2491 1385 2491 1519 2492 1431 2492 1430 2492 1519 2493 1394 2493 1431 2493 1520 2494 1509 2494 847 2494 1520 2495 845 2495 844 2495 1520 2496 846 2496 845 2496 1520 2497 847 2497 846 2497 1521 2498 1509 2498 1520 2498 1521 2499 1516 2499 1509 2499 1521 2500 1421 2500 1516 2500 1522 2501 893 2501 892 2501 1522 2502 892 2502 891 2502 1522 2503 1433 2503 1511 2503 1522 2504 1519 2504 1430 2504 1522 2505 891 2505 1519 2505 1522 2506 1430 2506 1433 2506 1523 2507 1420 2507 1421 2507 1523 2508 1524 2508 1525 2508 1523 2509 1525 2509 1420 2509 1526 2510 1520 2510 844 2510 1526 2511 1521 2511 1520 2511 1527 2512 895 2512 894 2512 1527 2513 894 2513 893 2513 1527 2514 1522 2514 1511 2514 1527 2515 1511 2515 1528 2515 1527 2516 1528 2516 1529 2516 1527 2517 1529 2517 1530 2517 1527 2518 893 2518 1522 2518 1531 2519 1421 2519 1521 2519 1531 2520 1523 2520 1421 2520 1532 2521 897 2521 896 2521 1532 2522 896 2522 895 2522 1532 2523 1524 2523 1523 2523 1532 2524 895 2524 1527 2524 1532 2525 1530 2525 1524 2525 1532 2526 1527 2526 1530 2526 1533 2527 1521 2527 1526 2527 1533 2528 1526 2528 844 2528 1533 2529 844 2529 873 2529 1533 2530 1531 2530 1521 2530 1534 2531 899 2531 898 2531 1534 2532 898 2532 897 2532 1534 2533 897 2533 1532 2533 1534 2534 1532 2534 1523 2534 1534 2535 1523 2535 1531 2535 1534 2536 1531 2536 1533 2536 1535 2537 873 2537 901 2537 1535 2538 901 2538 900 2538 1535 2539 900 2539 899 2539 1535 2540 899 2540 1534 2540 1535 2541 1533 2541 873 2541 1535 2542 1534 2542 1533 2542 917 2543 915 2543 902 2543 917 2544 902 2544 905 2544 916 2545 917 2545 905 2545 916 2546 905 2546 904 2546 919 2547 916 2547 904 2547 919 2548 904 2548 907 2548 918 2549 919 2549 907 2549 918 2550 907 2550 906 2550 921 2551 918 2551 906 2551 921 2552 906 2552 909 2552 920 2553 921 2553 909 2553 920 2554 909 2554 908 2554 923 2555 920 2555 908 2555 923 2556 908 2556 911 2556 922 2557 923 2557 911 2557 922 2558 911 2558 910 2558 925 2559 922 2559 910 2559 925 2560 910 2560 913 2560 924 2561 925 2561 913 2561 924 2562 913 2562 912 2562 970 2563 1045 2563 971 2563 972 2564 971 2564 1045 2564 969 2565 1045 2565 970 2565 973 2566 972 2566 1045 2566 968 2567 1045 2567 969 2567 974 2568 973 2568 1045 2568 975 2569 974 2569 1045 2569 976 2570 975 2570 1045 2570 977 2571 976 2571 1045 2571 978 2572 1045 2572 1046 2572 978 2573 977 2573 1045 2573 1536 2574 964 2574 963 2574 1536 2575 965 2575 964 2575 1536 2576 966 2576 965 2576 1536 2577 967 2577 966 2577 1536 2578 968 2578 967 2578 1536 2579 1045 2579 968 2579 979 2580 978 2580 1046 2580 962 2581 1536 2581 963 2581 980 2582 979 2582 1046 2582 961 2583 1536 2583 962 2583 981 2584 980 2584 1046 2584 960 2585 1536 2585 961 2585 982 2586 981 2586 1046 2586 959 2587 1536 2587 960 2587 983 2588 982 2588 1046 2588 958 2589 1536 2589 959 2589 984 2590 983 2590 1046 2590 957 2591 1536 2591 958 2591 985 2592 984 2592 1046 2592 956 2593 1536 2593 957 2593 986 2594 985 2594 1046 2594 955 2595 1536 2595 956 2595 987 2596 986 2596 1046 2596 954 2597 1536 2597 955 2597 988 2598 987 2598 1046 2598 952 2599 1536 2599 954 2599 951 2600 1536 2600 952 2600 949 2601 1536 2601 951 2601 947 2602 1536 2602 949 2602 1537 2603 928 2603 927 2603 1537 2604 929 2604 928 2604 1537 2605 930 2605 929 2605 1537 2606 931 2606 930 2606 1537 2607 932 2607 931 2607 1537 2608 933 2608 932 2608 1537 2609 934 2609 933 2609 1537 2610 935 2610 934 2610 1537 2611 938 2611 935 2611 1537 2612 939 2612 938 2612 1537 2613 941 2613 939 2613 1537 2614 942 2614 941 2614 1537 2615 944 2615 942 2615 1537 2616 988 2616 1046 2616 1537 2617 989 2617 988 2617 1537 2618 990 2618 989 2618 1537 2619 991 2619 990 2619 1537 2620 927 2620 991 2620 1537 2621 1536 2621 946 2621 946 2622 1536 2622 947 2622 1537 2623 946 2623 944 2623 1538 2624 1089 2624 1539 2624 1088 2625 1089 2625 1538 2625 1539 2626 1090 2626 1540 2626 1089 2627 1090 2627 1539 2627 1540 2628 1091 2628 1541 2628 1090 2629 1091 2629 1540 2629 1541 2630 1092 2630 1542 2630 1091 2631 1092 2631 1541 2631 1542 2632 1093 2632 1543 2632 1092 2633 1093 2633 1542 2633 1543 2634 1094 2634 1544 2634 1093 2635 1094 2635 1543 2635 1544 2636 1095 2636 1545 2636 1094 2637 1095 2637 1544 2637 1545 2638 1096 2638 1546 2638 1095 2639 1096 2639 1545 2639 1546 2640 1042 2640 1547 2640 1096 2641 1042 2641 1546 2641 1042 2642 1040 2642 1547 2642 1547 2643 1040 2643 1548 2643 1040 2644 1035 2644 1548 2644 1548 2645 1035 2645 1549 2645 1549 2646 1034 2646 1550 2646 1035 2647 1034 2647 1549 2647 1550 2648 1033 2648 1551 2648 1034 2649 1033 2649 1550 2649 1551 2650 1032 2650 1552 2650 1033 2651 1032 2651 1551 2651 1552 2652 1031 2652 1553 2652 1032 2653 1031 2653 1552 2653 1553 2654 1030 2654 1554 2654 1031 2655 1030 2655 1553 2655 1554 2656 1029 2656 1555 2656 1030 2657 1029 2657 1554 2657 1555 2658 1024 2658 1556 2658 1029 2659 1024 2659 1555 2659 1556 2660 1022 2660 1557 2660 1024 2661 1022 2661 1556 2661 1557 2662 1020 2662 1558 2662 1022 2663 1020 2663 1557 2663 1558 2664 1018 2664 1559 2664 1020 2665 1018 2665 1558 2665 1559 2666 1016 2666 1560 2666 1018 2667 1016 2667 1559 2667 1560 2668 1013 2668 1561 2668 1016 2669 1013 2669 1560 2669 1561 2670 1012 2670 1562 2670 1013 2671 1012 2671 1561 2671 1562 2672 1224 2672 1563 2672 1224 2673 1564 2673 1563 2673 1012 2674 1011 2674 1562 2674 1562 2675 1011 2675 1224 2675 1224 2676 1565 2676 1564 2676 1565 2677 1566 2677 1564 2677 1011 2678 1010 2678 1224 2678 1565 2679 1567 2679 1566 2679 1567 2680 1568 2680 1566 2680 1567 2681 1569 2681 1568 2681 1569 2682 1570 2682 1568 2682 1569 2683 1571 2683 1570 2683 1571 2684 1572 2684 1570 2684 1571 2685 1573 2685 1572 2685 1573 2686 1574 2686 1572 2686 1573 2687 1575 2687 1574 2687 1575 2688 1576 2688 1574 2688 1575 2689 1577 2689 1576 2689 1576 2690 1578 2690 1579 2690 1577 2691 1578 2691 1576 2691 1579 2692 1580 2692 1581 2692 1578 2693 1580 2693 1579 2693 1581 2694 1582 2694 1583 2694 1580 2695 1582 2695 1581 2695 1582 2696 1584 2696 1583 2696 1583 2697 1584 2697 1585 2697 1584 2698 1586 2698 1585 2698 1585 2699 1586 2699 1587 2699 1586 2700 1223 2700 1587 2700 1587 2701 1223 2701 1588 2701 1223 2702 1589 2702 1588 2702 1006 2703 1005 2703 1223 2703 1223 2704 1005 2704 1589 2704 1005 2705 1004 2705 1589 2705 1589 2706 1004 2706 1590 2706 1004 2707 1003 2707 1590 2707 1590 2708 1003 2708 1591 2708 1003 2709 1002 2709 1591 2709 1591 2710 1002 2710 1592 2710 1002 2711 1009 2711 1592 2711 1592 2712 1009 2712 1593 2712 1593 2713 1008 2713 1594 2713 1009 2714 1008 2714 1593 2714 1594 2715 1007 2715 1595 2715 1008 2716 1007 2716 1594 2716 1595 2717 1001 2717 1596 2717 1007 2718 1001 2718 1595 2718 1596 2719 1000 2719 1597 2719 1001 2720 1000 2720 1596 2720 1597 2721 999 2721 1598 2721 1000 2722 999 2722 1597 2722 1598 2723 998 2723 1599 2723 999 2724 998 2724 1598 2724 1599 2725 997 2725 1600 2725 998 2726 997 2726 1599 2726 1600 2727 996 2727 1601 2727 997 2728 996 2728 1600 2728 1601 2729 995 2729 1602 2729 996 2730 995 2730 1601 2730 1602 2731 993 2731 1603 2731 995 2732 993 2732 1602 2732 1603 2733 992 2733 1604 2733 993 2734 992 2734 1603 2734 1604 2735 994 2735 1605 2735 992 2736 994 2736 1604 2736 1605 2737 1079 2737 1606 2737 994 2738 1079 2738 1605 2738 1606 2739 1078 2739 1607 2739 1079 2740 1078 2740 1606 2740 1607 2741 1077 2741 1608 2741 1078 2742 1077 2742 1607 2742 1077 2743 1076 2743 1608 2743 1608 2744 1076 2744 1609 2744 1076 2745 1075 2745 1609 2745 1609 2746 1075 2746 1610 2746 1075 2747 1074 2747 1610 2747 1610 2748 1074 2748 1611 2748 1074 2749 1073 2749 1611 2749 1611 2750 1073 2750 1612 2750 1073 2751 1072 2751 1612 2751 1612 2752 1072 2752 1613 2752 1072 2753 1071 2753 1613 2753 1613 2754 1071 2754 1614 2754 1071 2755 1070 2755 1614 2755 1614 2756 1070 2756 1615 2756 1070 2757 1069 2757 1615 2757 1615 2758 1069 2758 1616 2758 1069 2759 1068 2759 1616 2759 1616 2760 1068 2760 1617 2760 1068 2761 1067 2761 1617 2761 1617 2762 1067 2762 1618 2762 1067 2763 1066 2763 1618 2763 1618 2764 1066 2764 1619 2764 1066 2765 1065 2765 1619 2765 1619 2766 1065 2766 1620 2766 1065 2767 1064 2767 1620 2767 1620 2768 1064 2768 1621 2768 1064 2769 1015 2769 1621 2769 1621 2770 1015 2770 1622 2770 1015 2771 1014 2771 1622 2771 1622 2772 1014 2772 1623 2772 1014 2773 1017 2773 1623 2773 1623 2774 1017 2774 1624 2774 1017 2775 1019 2775 1624 2775 1624 2776 1019 2776 1625 2776 1019 2777 1021 2777 1625 2777 1625 2778 1021 2778 1626 2778 1021 2779 1023 2779 1626 2779 1626 2780 1023 2780 1627 2780 1627 2781 1025 2781 1628 2781 1023 2782 1025 2782 1627 2782 1628 2783 1026 2783 1629 2783 1025 2784 1026 2784 1628 2784 1629 2785 1027 2785 1630 2785 1026 2786 1027 2786 1629 2786 1630 2787 1028 2787 1631 2787 1027 2788 1028 2788 1630 2788 1631 2789 1039 2789 1632 2789 1028 2790 1039 2790 1631 2790 1632 2791 1038 2791 1633 2791 1039 2792 1038 2792 1632 2792 1038 2793 1037 2793 1633 2793 1633 2794 1037 2794 1634 2794 1037 2795 1036 2795 1634 2795 1634 2796 1036 2796 1635 2796 1036 2797 1041 2797 1635 2797 1635 2798 1041 2798 1636 2798 1041 2799 1043 2799 1636 2799 1636 2800 1043 2800 1637 2800 1637 2801 1536 2801 1638 2801 1536 2802 1639 2802 1638 2802 1043 2803 1044 2803 1637 2803 1637 2804 1044 2804 1536 2804 1536 2805 1640 2805 1639 2805 1640 2806 1641 2806 1639 2806 1044 2807 1045 2807 1536 2807 1640 2808 1642 2808 1641 2808 1642 2809 1643 2809 1641 2809 1642 2810 1644 2810 1643 2810 1644 2811 1645 2811 1643 2811 1644 2812 1646 2812 1645 2812 1646 2813 1647 2813 1645 2813 1646 2814 1648 2814 1647 2814 1648 2815 1649 2815 1647 2815 1648 2816 1650 2816 1649 2816 1650 2817 1651 2817 1649 2817 1650 2818 1652 2818 1651 2818 1652 2819 1653 2819 1651 2819 1651 2820 1653 2820 1654 2820 1653 2821 1655 2821 1654 2821 1654 2822 1655 2822 1656 2822 1655 2823 1657 2823 1656 2823 1656 2824 1657 2824 1658 2824 1657 2825 1659 2825 1658 2825 1658 2826 1659 2826 1660 2826 1659 2827 1661 2827 1660 2827 1660 2828 1661 2828 1662 2828 1662 2829 1537 2829 1663 2829 1661 2830 1537 2830 1662 2830 1537 2831 1664 2831 1663 2831 1046 2832 1047 2832 1537 2832 1537 2833 1047 2833 1664 2833 1664 2834 1048 2834 1665 2834 1047 2835 1048 2835 1664 2835 1665 2836 1049 2836 1666 2836 1048 2837 1049 2837 1665 2837 1666 2838 1052 2838 1667 2838 1049 2839 1052 2839 1666 2839 1667 2840 1054 2840 1668 2840 1052 2841 1054 2841 1667 2841 1668 2842 1056 2842 1669 2842 1054 2843 1056 2843 1668 2843 1056 2844 1058 2844 1669 2844 1669 2845 1058 2845 1670 2845 1058 2846 1060 2846 1670 2846 1670 2847 1060 2847 1671 2847 1671 2848 1062 2848 1672 2848 1060 2849 1062 2849 1671 2849 1672 2850 1063 2850 1673 2850 1062 2851 1063 2851 1672 2851 1673 2852 1061 2852 1674 2852 1063 2853 1061 2853 1673 2853 1674 2854 1059 2854 1675 2854 1061 2855 1059 2855 1674 2855 1675 2856 1057 2856 1676 2856 1059 2857 1057 2857 1675 2857 1676 2858 1055 2858 1677 2858 1057 2859 1055 2859 1676 2859 1677 2860 1053 2860 1678 2860 1055 2861 1053 2861 1677 2861 1678 2862 1050 2862 1679 2862 1053 2863 1050 2863 1678 2863 1679 2864 1051 2864 1680 2864 1050 2865 1051 2865 1679 2865 1680 2866 1080 2866 1681 2866 1051 2867 1080 2867 1680 2867 1681 2868 1081 2868 1682 2868 1080 2869 1081 2869 1681 2869 1682 2870 1082 2870 1683 2870 1081 2871 1082 2871 1682 2871 1683 2872 1083 2872 1684 2872 1082 2873 1083 2873 1683 2873 1684 2874 1084 2874 1685 2874 1083 2875 1084 2875 1684 2875 1685 2876 1085 2876 1686 2876 1084 2877 1085 2877 1685 2877 1686 2878 1086 2878 1687 2878 1085 2879 1086 2879 1686 2879 1687 2880 1087 2880 1538 2880 1086 2881 1087 2881 1687 2881 1087 2882 1088 2882 1538 2882 1688 2883 1689 2883 1690 2883 1098 2884 1097 2884 1688 2884 1688 2885 1691 2885 1689 2885 1097 2886 1222 2886 1688 2886 1692 2887 1100 2887 1099 2887 1692 2888 1099 2888 1098 2888 1692 2889 1693 2889 1694 2889 1692 2890 1690 2890 1693 2890 1692 2891 1688 2891 1690 2891 1692 2892 1098 2892 1688 2892 1695 2893 1102 2893 1101 2893 1695 2894 1101 2894 1100 2894 1695 2895 1692 2895 1694 2895 1695 2896 1696 2896 1697 2896 1695 2897 1694 2897 1696 2897 1695 2898 1100 2898 1692 2898 1698 2899 1695 2899 1697 2899 1698 2900 1104 2900 1103 2900 1698 2901 1103 2901 1102 2901 1698 2902 1102 2902 1695 2902 1698 2903 1699 2903 1700 2903 1698 2904 1697 2904 1699 2904 1701 2905 1104 2905 1698 2905 1701 2906 1106 2906 1105 2906 1701 2907 1105 2907 1104 2907 1701 2908 1702 2908 1703 2908 1701 2909 1700 2909 1702 2909 1701 2910 1698 2910 1700 2910 1704 2911 1108 2911 1107 2911 1704 2912 1107 2912 1106 2912 1704 2913 1705 2913 1706 2913 1704 2914 1703 2914 1705 2914 1704 2915 1106 2915 1701 2915 1704 2916 1701 2916 1703 2916 1707 2917 1110 2917 1109 2917 1707 2918 1109 2918 1108 2918 1707 2919 1708 2919 1709 2919 1707 2920 1706 2920 1708 2920 1707 2921 1108 2921 1704 2921 1707 2922 1704 2922 1706 2922 1710 2923 1707 2923 1709 2923 1710 2924 1112 2924 1111 2924 1710 2925 1111 2925 1110 2925 1710 2926 1110 2926 1707 2926 1710 2927 1711 2927 1712 2927 1710 2928 1709 2928 1711 2928 1713 2929 1114 2929 1113 2929 1713 2930 1113 2930 1112 2930 1713 2931 1714 2931 1715 2931 1713 2932 1712 2932 1714 2932 1713 2933 1710 2933 1712 2933 1713 2934 1112 2934 1710 2934 1716 2935 1116 2935 1115 2935 1716 2936 1115 2936 1114 2936 1716 2937 1717 2937 1718 2937 1716 2938 1715 2938 1717 2938 1716 2939 1713 2939 1715 2939 1716 2940 1114 2940 1713 2940 1719 2941 1118 2941 1117 2941 1719 2942 1117 2942 1116 2942 1719 2943 1716 2943 1718 2943 1719 2944 1720 2944 1721 2944 1719 2945 1718 2945 1720 2945 1719 2946 1116 2946 1716 2946 1722 2947 1120 2947 1119 2947 1722 2948 1119 2948 1118 2948 1722 2949 1118 2949 1719 2949 1722 2950 1723 2950 1724 2950 1722 2951 1721 2951 1723 2951 1722 2952 1719 2952 1721 2952 1725 2953 1122 2953 1121 2953 1725 2954 1121 2954 1120 2954 1725 2955 1726 2955 1727 2955 1725 2956 1724 2956 1726 2956 1725 2957 1722 2957 1724 2957 1725 2958 1120 2958 1722 2958 1728 2959 1124 2959 1123 2959 1728 2960 1123 2960 1122 2960 1728 2961 1729 2961 1730 2961 1728 2962 1727 2962 1729 2962 1728 2963 1725 2963 1727 2963 1728 2964 1122 2964 1725 2964 1731 2965 1125 2965 1124 2965 1731 2966 1728 2966 1730 2966 1731 2967 1732 2967 1733 2967 1731 2968 1730 2968 1732 2968 1731 2969 1124 2969 1728 2969 1731 2970 1126 2970 1125 2970 1734 2971 1735 2971 1736 2971 1734 2972 1733 2972 1735 2972 1734 2973 1126 2973 1731 2973 1734 2974 1731 2974 1733 2974 1734 2975 1128 2975 1127 2975 1734 2976 1127 2976 1126 2976 1737 2977 1738 2977 1739 2977 1737 2978 1736 2978 1738 2978 1737 2979 1128 2979 1734 2979 1737 2980 1734 2980 1736 2980 1737 2981 1130 2981 1129 2981 1737 2982 1129 2982 1128 2982 1740 2983 1737 2983 1739 2983 1740 2984 1741 2984 1742 2984 1740 2985 1130 2985 1737 2985 1740 2986 1739 2986 1741 2986 1740 2987 1132 2987 1131 2987 1740 2988 1131 2988 1130 2988 1743 2989 1740 2989 1742 2989 1743 2990 1132 2990 1740 2990 1743 2991 1744 2991 1745 2991 1743 2992 1742 2992 1744 2992 1743 2993 1134 2993 1133 2993 1743 2994 1133 2994 1132 2994 1746 2995 1747 2995 1748 2995 1746 2996 1745 2996 1747 2996 1746 2997 1134 2997 1743 2997 1746 2998 1743 2998 1745 2998 1746 2999 1136 2999 1135 2999 1746 3000 1135 3000 1134 3000 1749 3001 1750 3001 1751 3001 1749 3002 1748 3002 1750 3002 1749 3003 1136 3003 1746 3003 1749 3004 1746 3004 1748 3004 1749 3005 1138 3005 1137 3005 1749 3006 1137 3006 1136 3006 1752 3007 1753 3007 1754 3007 1752 3008 1751 3008 1753 3008 1752 3009 1138 3009 1749 3009 1752 3010 1749 3010 1751 3010 1752 3011 1140 3011 1139 3011 1752 3012 1139 3012 1138 3012 1755 3013 1752 3013 1754 3013 1755 3014 1756 3014 1757 3014 1755 3015 1754 3015 1756 3015 1755 3016 1142 3016 1141 3016 1755 3017 1141 3017 1140 3017 1755 3018 1140 3018 1752 3018 1758 3019 1759 3019 1760 3019 1758 3020 1757 3020 1759 3020 1758 3021 1142 3021 1755 3021 1758 3022 1755 3022 1757 3022 1758 3023 1144 3023 1143 3023 1758 3024 1143 3024 1142 3024 1761 3025 1762 3025 1763 3025 1761 3026 1760 3026 1762 3026 1761 3027 1144 3027 1758 3027 1761 3028 1758 3028 1760 3028 1761 3029 1146 3029 1145 3029 1761 3030 1145 3030 1144 3030 1764 3031 1765 3031 1766 3031 1764 3032 1763 3032 1765 3032 1764 3033 1761 3033 1763 3033 1764 3034 1148 3034 1147 3034 1764 3035 1147 3035 1146 3035 1764 3036 1146 3036 1761 3036 1767 3037 1768 3037 1769 3037 1767 3038 1766 3038 1768 3038 1767 3039 1148 3039 1764 3039 1767 3040 1150 3040 1149 3040 1767 3041 1149 3041 1148 3041 1767 3042 1764 3042 1766 3042 1770 3043 1771 3043 1772 3043 1770 3044 1769 3044 1771 3044 1770 3045 1767 3045 1769 3045 1770 3046 1150 3046 1767 3046 1770 3047 1152 3047 1151 3047 1770 3048 1151 3048 1150 3048 1773 3049 1152 3049 1770 3049 1773 3050 1770 3050 1772 3050 1773 3051 1154 3051 1153 3051 1773 3052 1153 3052 1152 3052 1773 3053 1774 3053 1775 3053 1773 3054 1772 3054 1774 3054 1776 3055 1156 3055 1155 3055 1776 3056 1155 3056 1154 3056 1776 3057 1773 3057 1775 3057 1776 3058 1154 3058 1773 3058 1776 3059 1777 3059 1778 3059 1776 3060 1775 3060 1777 3060 1779 3061 1158 3061 1157 3061 1779 3062 1157 3062 1156 3062 1779 3063 1156 3063 1776 3063 1779 3064 1776 3064 1778 3064 1779 3065 1780 3065 1781 3065 1779 3066 1778 3066 1780 3066 1782 3067 1158 3067 1779 3067 1782 3068 1779 3068 1781 3068 1782 3069 1160 3069 1159 3069 1782 3070 1159 3070 1158 3070 1782 3071 1783 3071 1784 3071 1782 3072 1781 3072 1783 3072 1785 3073 1160 3073 1782 3073 1785 3074 1782 3074 1784 3074 1785 3075 1162 3075 1161 3075 1785 3076 1161 3076 1160 3076 1785 3077 1786 3077 1787 3077 1785 3078 1784 3078 1786 3078 1788 3079 1164 3079 1163 3079 1788 3080 1163 3080 1162 3080 1788 3081 1162 3081 1785 3081 1788 3082 1785 3082 1787 3082 1788 3083 1789 3083 1790 3083 1788 3084 1787 3084 1789 3084 1791 3085 1164 3085 1788 3085 1791 3086 1166 3086 1165 3086 1791 3087 1165 3087 1164 3087 1791 3088 1788 3088 1790 3088 1791 3089 1792 3089 1793 3089 1791 3090 1790 3090 1792 3090 1794 3091 1166 3091 1791 3091 1794 3092 1791 3092 1793 3092 1794 3093 1168 3093 1167 3093 1794 3094 1167 3094 1166 3094 1794 3095 1795 3095 1796 3095 1794 3096 1793 3096 1795 3096 1797 3097 1170 3097 1169 3097 1797 3098 1169 3098 1168 3098 1797 3099 1798 3099 1799 3099 1797 3100 1796 3100 1798 3100 1797 3101 1168 3101 1794 3101 1797 3102 1794 3102 1796 3102 1800 3103 1172 3103 1171 3103 1800 3104 1171 3104 1170 3104 1800 3105 1170 3105 1797 3105 1800 3106 1797 3106 1799 3106 1800 3107 1801 3107 1802 3107 1800 3108 1799 3108 1801 3108 1803 3109 1174 3109 1173 3109 1803 3110 1173 3110 1172 3110 1803 3111 1800 3111 1802 3111 1803 3112 1172 3112 1800 3112 1803 3113 1804 3113 1805 3113 1803 3114 1802 3114 1804 3114 1806 3115 1176 3115 1175 3115 1806 3116 1175 3116 1174 3116 1806 3117 1174 3117 1803 3117 1806 3118 1803 3118 1805 3118 1806 3119 1807 3119 1808 3119 1806 3120 1805 3120 1807 3120 1809 3121 1178 3121 1177 3121 1809 3122 1177 3122 1176 3122 1809 3123 1810 3123 1811 3123 1809 3124 1808 3124 1810 3124 1809 3125 1176 3125 1806 3125 1809 3126 1806 3126 1808 3126 1812 3127 1180 3127 1179 3127 1812 3128 1179 3128 1178 3128 1812 3129 1813 3129 1814 3129 1812 3130 1811 3130 1813 3130 1812 3131 1178 3131 1809 3131 1812 3132 1809 3132 1811 3132 1815 3133 1812 3133 1814 3133 1815 3134 1182 3134 1181 3134 1815 3135 1181 3135 1180 3135 1815 3136 1816 3136 1817 3136 1815 3137 1814 3137 1816 3137 1815 3138 1180 3138 1812 3138 1818 3139 1182 3139 1815 3139 1818 3140 1815 3140 1817 3140 1818 3141 1184 3141 1183 3141 1818 3142 1183 3142 1182 3142 1818 3143 1819 3143 1820 3143 1818 3144 1817 3144 1819 3144 1821 3145 1184 3145 1818 3145 1821 3146 1186 3146 1185 3146 1821 3147 1185 3147 1184 3147 1821 3148 1818 3148 1820 3148 1821 3149 1822 3149 1823 3149 1821 3150 1820 3150 1822 3150 1824 3151 1188 3151 1187 3151 1824 3152 1187 3152 1186 3152 1824 3153 1821 3153 1823 3153 1824 3154 1186 3154 1821 3154 1824 3155 1825 3155 1826 3155 1824 3156 1823 3156 1825 3156 1827 3157 1190 3157 1189 3157 1827 3158 1189 3158 1188 3158 1827 3159 1188 3159 1824 3159 1827 3160 1824 3160 1826 3160 1827 3161 1828 3161 1829 3161 1827 3162 1826 3162 1828 3162 1830 3163 1192 3163 1191 3163 1830 3164 1191 3164 1190 3164 1830 3165 1831 3165 1832 3165 1830 3166 1829 3166 1831 3166 1830 3167 1190 3167 1827 3167 1830 3168 1827 3168 1829 3168 1833 3169 1194 3169 1193 3169 1833 3170 1193 3170 1192 3170 1833 3171 1834 3171 1835 3171 1833 3172 1832 3172 1834 3172 1833 3173 1830 3173 1832 3173 1833 3174 1192 3174 1830 3174 1836 3175 1833 3175 1835 3175 1836 3176 1196 3176 1195 3176 1836 3177 1195 3177 1194 3177 1836 3178 1837 3178 1838 3178 1836 3179 1835 3179 1837 3179 1836 3180 1194 3180 1833 3180 1839 3181 1196 3181 1836 3181 1839 3182 1198 3182 1197 3182 1839 3183 1197 3183 1196 3183 1839 3184 1836 3184 1838 3184 1839 3185 1840 3185 1841 3185 1839 3186 1838 3186 1840 3186 1842 3187 1839 3187 1841 3187 1842 3188 1200 3188 1199 3188 1842 3189 1199 3189 1198 3189 1842 3190 1198 3190 1839 3190 1842 3191 1843 3191 1844 3191 1842 3192 1841 3192 1843 3192 1845 3193 1202 3193 1201 3193 1845 3194 1201 3194 1200 3194 1845 3195 1200 3195 1842 3195 1845 3196 1842 3196 1844 3196 1845 3197 1846 3197 1847 3197 1845 3198 1844 3198 1846 3198 1848 3199 1204 3199 1203 3199 1848 3200 1203 3200 1202 3200 1848 3201 1202 3201 1845 3201 1848 3202 1849 3202 1850 3202 1848 3203 1847 3203 1849 3203 1848 3204 1845 3204 1847 3204 1851 3205 1206 3205 1205 3205 1851 3206 1205 3206 1204 3206 1851 3207 1852 3207 1853 3207 1851 3208 1850 3208 1852 3208 1851 3209 1204 3209 1848 3209 1851 3210 1848 3210 1850 3210 1854 3211 1208 3211 1207 3211 1854 3212 1207 3212 1206 3212 1854 3213 1855 3213 1856 3213 1854 3214 1853 3214 1855 3214 1854 3215 1851 3215 1853 3215 1854 3216 1206 3216 1851 3216 1857 3217 1208 3217 1854 3217 1857 3218 1210 3218 1209 3218 1857 3219 1209 3219 1208 3219 1857 3220 1858 3220 1859 3220 1857 3221 1856 3221 1858 3221 1857 3222 1854 3222 1856 3222 1860 3223 1212 3223 1211 3223 1860 3224 1211 3224 1210 3224 1860 3225 1210 3225 1857 3225 1860 3226 1857 3226 1859 3226 1860 3227 1861 3227 1862 3227 1860 3228 1859 3228 1861 3228 1863 3229 1214 3229 1213 3229 1863 3230 1213 3230 1212 3230 1863 3231 1212 3231 1860 3231 1863 3232 1860 3232 1862 3232 1863 3233 1864 3233 1865 3233 1863 3234 1862 3234 1864 3234 1866 3235 1216 3235 1215 3235 1866 3236 1215 3236 1214 3236 1866 3237 1867 3237 1868 3237 1866 3238 1865 3238 1867 3238 1866 3239 1214 3239 1863 3239 1866 3240 1863 3240 1865 3240 1869 3241 1218 3241 1217 3241 1869 3242 1217 3242 1216 3242 1869 3243 1870 3243 1871 3243 1869 3244 1868 3244 1870 3244 1869 3245 1216 3245 1866 3245 1869 3246 1866 3246 1868 3246 1872 3247 1220 3247 1219 3247 1872 3248 1219 3248 1218 3248 1872 3249 1873 3249 1874 3249 1872 3250 1871 3250 1873 3250 1872 3251 1218 3251 1869 3251 1872 3252 1869 3252 1871 3252 1875 3253 1222 3253 1221 3253 1875 3254 1221 3254 1220 3254 1875 3255 1876 3255 1691 3255 1875 3256 1874 3256 1876 3256 1875 3257 1688 3257 1222 3257 1875 3258 1691 3258 1688 3258 1875 3259 1220 3259 1872 3259 1875 3260 1872 3260 1874 3260 1224 3261 1223 3261 1565 3261 1565 3262 1223 3262 1567 3262 1567 3263 1223 3263 1569 3263 1569 3264 1223 3264 1571 3264 1571 3265 1223 3265 1573 3265 1573 3266 1223 3266 1575 3266 1575 3267 1223 3267 1577 3267 1577 3268 1223 3268 1578 3268 1578 3269 1223 3269 1580 3269 1580 3270 1223 3270 1582 3270 1582 3271 1223 3271 1584 3271 1584 3272 1223 3272 1586 3272 1386 3273 1877 3273 1382 3273 1878 3274 1877 3274 1386 3274 1413 3275 1878 3275 1386 3275 1879 3276 1878 3276 1413 3276 1880 3277 1413 3277 1404 3277 1880 3278 1879 3278 1413 3278 1881 3279 1404 3279 1403 3279 1881 3280 1403 3280 1882 3280 1881 3281 1882 3281 1880 3281 1881 3282 1880 3282 1404 3282 1396 3283 1882 3283 1403 3283 1883 3284 1882 3284 1396 3284 1398 3285 1883 3285 1396 3285 1884 3286 1883 3286 1398 3286 1502 3287 1884 3287 1398 3287 1885 3288 1884 3288 1502 3288 1886 3289 1502 3289 1423 3289 1886 3290 1885 3290 1502 3290 1422 3291 1886 3291 1423 3291 1887 3292 1886 3292 1422 3292 1877 3293 1422 3293 1382 3293 1877 3294 1887 3294 1422 3294 1888 3295 1362 3295 1367 3295 1888 3296 1889 3296 1362 3296 1397 3297 1888 3297 1367 3297 1890 3298 1888 3298 1397 3298 1891 3299 1397 3299 1395 3299 1891 3300 1890 3300 1397 3300 1892 3301 1395 3301 1389 3301 1892 3302 1389 3302 1893 3302 1892 3303 1893 3303 1891 3303 1892 3304 1891 3304 1395 3304 1387 3305 1893 3305 1389 3305 1894 3306 1893 3306 1387 3306 1377 3307 1894 3307 1387 3307 1895 3308 1894 3308 1377 3308 1896 3309 1377 3309 1379 3309 1896 3310 1895 3310 1377 3310 1897 3311 1379 3311 1425 3311 1897 3312 1896 3312 1379 3312 1898 3313 1425 3313 1424 3313 1898 3314 1897 3314 1425 3314 1889 3315 1424 3315 1362 3315 1889 3316 1898 3316 1424 3316 1899 3317 1358 3317 1309 3317 1899 3318 1900 3318 1358 3318 1901 3319 1309 3319 1322 3319 1901 3320 1899 3320 1309 3320 1902 3321 1322 3321 1331 3321 1902 3322 1901 3322 1322 3322 1903 3323 1331 3323 1342 3323 1903 3324 1902 3324 1331 3324 1352 3325 1903 3325 1342 3325 1904 3326 1903 3326 1352 3326 1366 3327 1904 3327 1352 3327 1905 3328 1904 3328 1366 3328 1906 3329 1366 3329 1365 3329 1906 3330 1905 3330 1366 3330 1907 3331 1365 3331 1496 3331 1907 3332 1906 3332 1365 3332 1908 3333 1496 3333 1495 3333 1908 3334 1907 3334 1496 3334 1378 3335 1908 3335 1495 3335 1909 3336 1908 3336 1378 3336 1381 3337 1909 3337 1378 3337 1910 3338 1909 3338 1381 3338 1380 3339 1910 3339 1381 3339 1911 3340 1910 3340 1380 3340 1388 3341 1911 3341 1380 3341 1912 3342 1911 3342 1388 3342 1913 3343 1388 3343 1393 3343 1913 3344 1912 3344 1388 3344 1914 3345 1393 3345 1384 3345 1914 3346 1913 3346 1393 3346 1358 3347 1914 3347 1384 3347 1900 3348 1914 3348 1358 3348 1351 3349 1915 3349 1324 3349 1916 3350 1915 3350 1351 3350 1485 3351 1916 3351 1351 3351 1917 3352 1916 3352 1485 3352 1484 3353 1917 3353 1485 3353 1918 3354 1917 3354 1484 3354 1919 3355 1484 3355 1483 3355 1919 3356 1918 3356 1484 3356 1920 3357 1483 3357 1482 3357 1920 3358 1919 3358 1483 3358 1921 3359 1482 3359 1481 3359 1921 3360 1481 3360 1922 3360 1921 3361 1922 3361 1920 3361 1921 3362 1920 3362 1482 3362 1923 3363 1481 3363 1480 3363 1923 3364 1480 3364 1924 3364 1923 3365 1924 3365 1922 3365 1923 3366 1922 3366 1481 3366 1925 3367 1480 3367 1479 3367 1925 3368 1924 3368 1480 3368 1926 3369 1479 3369 1478 3369 1926 3370 1925 3370 1479 3370 1477 3371 1926 3371 1478 3371 1927 3372 1926 3372 1477 3372 1476 3373 1927 3373 1477 3373 1928 3374 1927 3374 1476 3374 1929 3375 1476 3375 1475 3375 1929 3376 1475 3376 1930 3376 1929 3377 1930 3377 1928 3377 1929 3378 1928 3378 1476 3378 1931 3379 1475 3379 1346 3379 1931 3380 1346 3380 1932 3380 1931 3381 1932 3381 1930 3381 1931 3382 1930 3382 1475 3382 1345 3383 1932 3383 1346 3383 1933 3384 1932 3384 1345 3384 1934 3385 1345 3385 1347 3385 1934 3386 1347 3386 1935 3386 1934 3387 1935 3387 1933 3387 1934 3388 1933 3388 1345 3388 1350 3389 1935 3389 1347 3389 1936 3390 1935 3390 1350 3390 1361 3391 1936 3391 1350 3391 1937 3392 1936 3392 1361 3392 1360 3393 1937 3393 1361 3393 1938 3394 1937 3394 1360 3394 1939 3395 1360 3395 1359 3395 1939 3396 1938 3396 1360 3396 1940 3397 1359 3397 1356 3397 1940 3398 1939 3398 1359 3398 1355 3399 1940 3399 1356 3399 1941 3400 1940 3400 1355 3400 1330 3401 1941 3401 1355 3401 1942 3402 1941 3402 1330 3402 1943 3403 1330 3403 1316 3403 1943 3404 1942 3404 1330 3404 1944 3405 1316 3405 1318 3405 1944 3406 1943 3406 1316 3406 1945 3407 1318 3407 1428 3407 1945 3408 1944 3408 1318 3408 1946 3409 1428 3409 1468 3409 1946 3410 1945 3410 1428 3410 1467 3411 1946 3411 1468 3411 1947 3412 1946 3412 1467 3412 1283 3413 1947 3413 1467 3413 1948 3414 1947 3414 1283 3414 1277 3415 1948 3415 1283 3415 1949 3416 1948 3416 1277 3416 1274 3417 1949 3417 1277 3417 1950 3418 1949 3418 1274 3418 1281 3419 1950 3419 1274 3419 1951 3420 1950 3420 1281 3420 1291 3421 1951 3421 1281 3421 1952 3422 1951 3422 1291 3422 1953 3423 1291 3423 1314 3423 1953 3424 1952 3424 1291 3424 1954 3425 1314 3425 1313 3425 1954 3426 1953 3426 1314 3426 1312 3427 1954 3427 1313 3427 1955 3428 1954 3428 1312 3428 1324 3429 1955 3429 1312 3429 1915 3430 1955 3430 1324 3430 1956 3431 1292 3431 1254 3431 1956 3432 1957 3432 1292 3432 1958 3433 1254 3433 1259 3433 1958 3434 1956 3434 1254 3434 1266 3435 1958 3435 1259 3435 1959 3436 1958 3436 1266 3436 1271 3437 1959 3437 1266 3437 1960 3438 1959 3438 1271 3438 1961 3439 1271 3439 1264 3439 1961 3440 1960 3440 1271 3440 1962 3441 1264 3441 1275 3441 1962 3442 1961 3442 1264 3442 1427 3443 1962 3443 1275 3443 1963 3444 1962 3444 1427 3444 1317 3445 1963 3445 1427 3445 1964 3446 1963 3446 1317 3446 1965 3447 1317 3447 1323 3447 1965 3448 1964 3448 1317 3448 1426 3449 1965 3449 1323 3449 1966 3450 1965 3450 1426 3450 1301 3451 1966 3451 1426 3451 1967 3452 1966 3452 1301 3452 1957 3453 1301 3453 1292 3453 1957 3454 1967 3454 1301 3454 1968 3455 1421 3455 1410 3455 1968 3456 1969 3456 1421 3456 1405 3457 1968 3457 1410 3457 1970 3458 1968 3458 1405 3458 1409 3459 1970 3459 1405 3459 1971 3460 1970 3460 1409 3460 1972 3461 1971 3461 1409 3461 1408 3462 1972 3462 1409 3462 1973 3463 1972 3463 1408 3463 1974 3464 1408 3464 1407 3464 1974 3465 1407 3465 1975 3465 1974 3466 1975 3466 1973 3466 1974 3467 1973 3467 1408 3467 1976 3468 1407 3468 1406 3468 1976 3469 1406 3469 1977 3469 1976 3470 1977 3470 1975 3470 1976 3471 1975 3471 1407 3471 1978 3472 1406 3472 1412 3472 1978 3473 1977 3473 1406 3473 1979 3474 1412 3474 1411 3474 1979 3475 1978 3475 1412 3475 1418 3476 1979 3476 1411 3476 1980 3477 1979 3477 1418 3477 1417 3478 1980 3478 1418 3478 1981 3479 1980 3479 1417 3479 1982 3480 1417 3480 1416 3480 1982 3481 1416 3481 1983 3481 1982 3482 1983 3482 1981 3482 1982 3483 1981 3483 1417 3483 1984 3484 1416 3484 1415 3484 1984 3485 1415 3485 1985 3485 1984 3486 1985 3486 1983 3486 1984 3487 1983 3487 1416 3487 1986 3488 1415 3488 1419 3488 1986 3489 1985 3489 1415 3489 1987 3490 1419 3490 1414 3490 1987 3491 1414 3491 1988 3491 1987 3492 1988 3492 1986 3492 1987 3493 1986 3493 1419 3493 1989 3494 1414 3494 1420 3494 1989 3495 1988 3495 1414 3495 1525 3496 1989 3496 1420 3496 1990 3497 1989 3497 1525 3497 1524 3498 1990 3498 1525 3498 1991 3499 1990 3499 1524 3499 1992 3500 1524 3500 1530 3500 1992 3501 1991 3501 1524 3501 1993 3502 1530 3502 1529 3502 1993 3503 1992 3503 1530 3503 1528 3504 1993 3504 1529 3504 1994 3505 1993 3505 1528 3505 1511 3506 1994 3506 1528 3506 1995 3507 1994 3507 1511 3507 1996 3508 1511 3508 1515 3508 1996 3509 1995 3509 1511 3509 1997 3510 1515 3510 1514 3510 1997 3511 1996 3511 1515 3511 1998 3512 1514 3512 1513 3512 1998 3513 1997 3513 1514 3513 1999 3514 1513 3514 1512 3514 1999 3515 1998 3515 1513 3515 1434 3516 1999 3516 1512 3516 2000 3517 1999 3517 1434 3517 1402 3518 2000 3518 1434 3518 2001 3519 2000 3519 1402 3519 1399 3520 2001 3520 1402 3520 2002 3521 2001 3521 1399 3521 1401 3522 2002 3522 1399 3522 2003 3523 2002 3523 1401 3523 1507 3524 2003 3524 1401 3524 2004 3525 2003 3525 1507 3525 1506 3526 2004 3526 1507 3526 2005 3527 2004 3527 1506 3527 2006 3528 1506 3528 1505 3528 2006 3529 2005 3529 1506 3529 2007 3530 1505 3530 1518 3530 2007 3531 2006 3531 1505 3531 1517 3532 2007 3532 1518 3532 2008 3533 2007 3533 1517 3533 1421 3534 2008 3534 1517 3534 1969 3535 2008 3535 1421 3535 2009 3536 1430 3536 1429 3536 2009 3537 2010 3537 1430 3537 2011 3538 1429 3538 1392 3538 2011 3539 2009 3539 1429 3539 2012 3540 1392 3540 1391 3540 2012 3541 2011 3541 1392 3541 1390 3542 2012 3542 1391 3542 2013 3543 2012 3543 1390 3543 1500 3544 2013 3544 1390 3544 2014 3545 2013 3545 1500 3545 2015 3546 1500 3546 1499 3546 2015 3547 2014 3547 1500 3547 2016 3548 1499 3548 1400 3548 2016 3549 2015 3549 1499 3549 2017 3550 1400 3550 1433 3550 2017 3551 2016 3551 1400 3551 2010 3552 1433 3552 1430 3552 2010 3553 2017 3553 1433 3553 1435 3554 2018 3554 1373 3554 2019 3555 2018 3555 1435 3555 1432 3556 2019 3556 1435 3556 2020 3557 2019 3557 1432 3557 2021 3558 1432 3558 1431 3558 2021 3559 2020 3559 1432 3559 1394 3560 2021 3560 1431 3560 2022 3561 2021 3561 1394 3561 1370 3562 2022 3562 1394 3562 2023 3563 2022 3563 1370 3563 2024 3564 1370 3564 1372 3564 2024 3565 2023 3565 1370 3565 1371 3566 2024 3566 1372 3566 2025 3567 2024 3567 1371 3567 2026 3568 1371 3568 1385 3568 2026 3569 2025 3569 1371 3569 2018 3570 1385 3570 1373 3570 2018 3571 2026 3571 1385 3571 1353 3572 2027 3572 1357 3572 2028 3573 2027 3573 1353 3573 1343 3574 2028 3574 1353 3574 2029 3575 2028 3575 1343 3575 2030 3576 1343 3576 1333 3576 2030 3577 2029 3577 1343 3577 2031 3578 1333 3578 1328 3578 2031 3579 2030 3579 1333 3579 2032 3580 1328 3580 1319 3580 2032 3581 1319 3581 2033 3581 2032 3582 2033 3582 2031 3582 2032 3583 2031 3583 1328 3583 1472 3584 2033 3584 1319 3584 2034 3585 2033 3585 1472 3585 1470 3586 2034 3586 1472 3586 2035 3587 2034 3587 1470 3587 2036 3588 1470 3588 1489 3588 2036 3589 1489 3589 2037 3589 2036 3590 2037 3590 2035 3590 2036 3591 2035 3591 1470 3591 2038 3592 1489 3592 1488 3592 2038 3593 2037 3593 1489 3593 2039 3594 1488 3594 1439 3594 2039 3595 2038 3595 1488 3595 1438 3596 2039 3596 1439 3596 2040 3597 2039 3597 1438 3597 1437 3598 2040 3598 1438 3598 2041 3599 2040 3599 1437 3599 2042 3600 1437 3600 1436 3600 2042 3601 2041 3601 1437 3601 2043 3602 1436 3602 1376 3602 2043 3603 2042 3603 1436 3603 1375 3604 2043 3604 1376 3604 2044 3605 2043 3605 1375 3605 1374 3606 2044 3606 1375 3606 2045 3607 2044 3607 1374 3607 2046 3608 1374 3608 1383 3608 2046 3609 2045 3609 1374 3609 2047 3610 1383 3610 1369 3610 2047 3611 1369 3611 2048 3611 2047 3612 2048 3612 2046 3612 2047 3613 2046 3613 1383 3613 2049 3614 1369 3614 1492 3614 2049 3615 2048 3615 1369 3615 2027 3616 1492 3616 1357 3616 2027 3617 2049 3617 1492 3617 2050 3618 1297 3618 1293 3618 2050 3619 2051 3619 1297 3619 1288 3620 2050 3620 1293 3620 2052 3621 2050 3621 1288 3621 1290 3622 2052 3622 1288 3622 2053 3623 2052 3623 1290 3623 2054 3624 1290 3624 1465 3624 2054 3625 2053 3625 1290 3625 2055 3626 1465 3626 1461 3626 2055 3627 2054 3627 1465 3627 2056 3628 1461 3628 1473 3628 2056 3629 2055 3629 1461 3629 2057 3630 1473 3630 1321 3630 2057 3631 2056 3631 1473 3631 2058 3632 1321 3632 1320 3632 2058 3633 2057 3633 1321 3633 2059 3634 1320 3634 1329 3634 2059 3635 2058 3635 1320 3635 1334 3636 2059 3636 1329 3636 2060 3637 2059 3637 1334 3637 1344 3638 2060 3638 1334 3638 2061 3639 2060 3639 1344 3639 1349 3640 2061 3640 1344 3640 2062 3641 2061 3641 1349 3641 1337 3642 2062 3642 1349 3642 2063 3643 2062 3643 1337 3643 2064 3644 1337 3644 1336 3644 2064 3645 1336 3645 2065 3645 2064 3646 2065 3646 2063 3646 2064 3647 2063 3647 1337 3647 1335 3648 2065 3648 1336 3648 2066 3649 2065 3649 1335 3649 2067 3650 1335 3650 1348 3650 2067 3651 2066 3651 1335 3651 2068 3652 1348 3652 1354 3652 2068 3653 2067 3653 1348 3653 1368 3654 2068 3654 1354 3654 2069 3655 2068 3655 1368 3655 2070 3656 1368 3656 1364 3656 2070 3657 2069 3657 1368 3657 2071 3658 1364 3658 1363 3658 2071 3659 2070 3659 1364 3659 1338 3660 2071 3660 1363 3660 2072 3661 2071 3661 1338 3661 1296 3662 2072 3662 1338 3662 2073 3663 2072 3663 1296 3663 1305 3664 2073 3664 1296 3664 2074 3665 2073 3665 1305 3665 1327 3666 2074 3666 1305 3666 2075 3667 2074 3667 1327 3667 2076 3668 1327 3668 1326 3668 2076 3669 2075 3669 1327 3669 2077 3670 1326 3670 1325 3670 2077 3671 2076 3671 1326 3671 2078 3672 1325 3672 1315 3672 2078 3673 1315 3673 2079 3673 2078 3674 2079 3674 2077 3674 2078 3675 2077 3675 1325 3675 1308 3676 2079 3676 1315 3676 2080 3677 2079 3677 1308 3677 1302 3678 2080 3678 1308 3678 2081 3679 2080 3679 1302 3679 1304 3680 2081 3680 1302 3680 2082 3681 2081 3681 1304 3681 1303 3682 2082 3682 1304 3682 2083 3683 2082 3683 1303 3683 1297 3684 2083 3684 1303 3684 2051 3685 2083 3685 1297 3685 2084 3686 1289 3686 1285 3686 2084 3687 2085 3687 1289 3687 2086 3688 1285 3688 1273 3688 2086 3689 2084 3689 1285 3689 2087 3690 1273 3690 1268 3690 2087 3691 2086 3691 1273 3691 2088 3692 1268 3692 1270 3692 2088 3693 2087 3693 1268 3693 2089 3694 1270 3694 1269 3694 2089 3695 2088 3695 1270 3695 1272 3696 2089 3696 1269 3696 2090 3697 2089 3697 1272 3697 2091 3698 1272 3698 1284 3698 2091 3699 2090 3699 1272 3699 2092 3700 1284 3700 1294 3700 2092 3701 2091 3701 1284 3701 1298 3702 2092 3702 1294 3702 2093 3703 2092 3703 1298 3703 2094 3704 1298 3704 1440 3704 2094 3705 2093 3705 1298 3705 1341 3706 2094 3706 1440 3706 2095 3707 2094 3707 1341 3707 1340 3708 2095 3708 1341 3708 2096 3709 2095 3709 1340 3709 2097 3710 1340 3710 1339 3710 2097 3711 2096 3711 1340 3711 2098 3712 1339 3712 1332 3712 2098 3713 2097 3713 1339 3713 2099 3714 1332 3714 1311 3714 2099 3715 2098 3715 1332 3715 2100 3716 1311 3716 1310 3716 2100 3717 2099 3717 1311 3717 1463 3718 2100 3718 1310 3718 2101 3719 2100 3719 1463 3719 1278 3720 2101 3720 1463 3720 2102 3721 2101 3721 1278 3721 2103 3722 1278 3722 1286 3722 2103 3723 2102 3723 1278 3723 1300 3724 2103 3724 1286 3724 2104 3725 2103 3725 1300 3725 1307 3726 2104 3726 1300 3726 2105 3727 2104 3727 1307 3727 2106 3728 1307 3728 1306 3728 2106 3729 2105 3729 1307 3729 1299 3730 2106 3730 1306 3730 2107 3731 2106 3731 1299 3731 2108 3732 1299 3732 1295 3732 2108 3733 2107 3733 1299 3733 1287 3734 2108 3734 1295 3734 2109 3735 2108 3735 1287 3735 1280 3736 2109 3736 1287 3736 2110 3737 2109 3737 1280 3737 2111 3738 1280 3738 1279 3738 2111 3739 2110 3739 1280 3739 2112 3740 1279 3740 1267 3740 2112 3741 2111 3741 1279 3741 1261 3742 2112 3742 1267 3742 2113 3743 2112 3743 1261 3743 2113 3744 1261 3744 1263 3744 2114 3745 2113 3745 1263 3745 2115 3746 1263 3746 1459 3746 2115 3747 2114 3747 1263 3747 2116 3748 1459 3748 1458 3748 2116 3749 2115 3749 1459 3749 2085 3750 1458 3750 1289 3750 2085 3751 2116 3751 1458 3751 1229 3752 2117 3752 1276 3752 2118 3753 2117 3753 1229 3753 2119 3754 1229 3754 1251 3754 2119 3755 2118 3755 1229 3755 2120 3756 1251 3756 1253 3756 2120 3757 2119 3757 1251 3757 1250 3758 2120 3758 1253 3758 2121 3759 2120 3759 1250 3759 1258 3760 2121 3760 1250 3760 2122 3761 2121 3761 1258 3761 1252 3762 2122 3762 1258 3762 2123 3763 2122 3763 1252 3763 2124 3764 1252 3764 1262 3764 2124 3765 2123 3765 1252 3765 2125 3766 1262 3766 1282 3766 2125 3767 2124 3767 1262 3767 1276 3768 2125 3768 1282 3768 2117 3769 2125 3769 1276 3769 1233 3770 2126 3770 1226 3770 2127 3771 2126 3771 1233 3771 1448 3772 2127 3772 1233 3772 2128 3773 2127 3773 1448 3773 1447 3774 2128 3774 1448 3774 2129 3775 2128 3775 1447 3775 1446 3776 2129 3776 1447 3776 2130 3777 2129 3777 1446 3777 1444 3778 2130 3778 1446 3778 2131 3779 2130 3779 1444 3779 2132 3780 1444 3780 1231 3780 2132 3781 2131 3781 1444 3781 2133 3782 1231 3782 1230 3782 2133 3783 2132 3783 1231 3783 2134 3784 1230 3784 1234 3784 2134 3785 2133 3785 1230 3785 2135 3786 1234 3786 1441 3786 2135 3787 2134 3787 1234 3787 2136 3788 1441 3788 1245 3788 2136 3789 1245 3789 2137 3789 2136 3790 2137 3790 2135 3790 2136 3791 2135 3791 1441 3791 1244 3792 2137 3792 1245 3792 2138 3793 2137 3793 1244 3793 1243 3794 2138 3794 1244 3794 2139 3795 2138 3795 1243 3795 2140 3796 1243 3796 1456 3796 2140 3797 2139 3797 1243 3797 2141 3798 1456 3798 1455 3798 2141 3799 2140 3799 1456 3799 1265 3800 2141 3800 1455 3800 2142 3801 2141 3801 1265 3801 2143 3802 1265 3802 1260 3802 2143 3803 2142 3803 1265 3803 1257 3804 2143 3804 1260 3804 2144 3805 2143 3805 1257 3805 1256 3806 2144 3806 1257 3806 2145 3807 2144 3807 1256 3807 2146 3808 1256 3808 1255 3808 2146 3809 2145 3809 1256 3809 2147 3810 1255 3810 1236 3810 2147 3811 2146 3811 1255 3811 2148 3812 1236 3812 1240 3812 2148 3813 2147 3813 1236 3813 2149 3814 1240 3814 1247 3814 2149 3815 2148 3815 1240 3815 2150 3816 1247 3816 1249 3816 2150 3817 2149 3817 1247 3817 1248 3818 2150 3818 1249 3818 2151 3819 2150 3819 1248 3819 2152 3820 1248 3820 1246 3820 2152 3821 2151 3821 1248 3821 1242 3822 2152 3822 1246 3822 2153 3823 2152 3823 1242 3823 1241 3824 2153 3824 1242 3824 2154 3825 2153 3825 1241 3825 2155 3826 1241 3826 1237 3826 2155 3827 2154 3827 1241 3827 1232 3828 2155 3828 1237 3828 2156 3829 2155 3829 1232 3829 2156 3830 1232 3830 1239 3830 2157 3831 2156 3831 1239 3831 2158 3832 1239 3832 1238 3832 2158 3833 2157 3833 1239 3833 1235 3834 2158 3834 1238 3834 2159 3835 2158 3835 1235 3835 2160 3836 1235 3836 1225 3836 2160 3837 1225 3837 2161 3837 2160 3838 2161 3838 2159 3838 2160 3839 2159 3839 1235 3839 1228 3840 2161 3840 1225 3840 2162 3841 2161 3841 1228 3841 1227 3842 2162 3842 1228 3842 2163 3843 2162 3843 1227 3843 2126 3844 1227 3844 1226 3844 2126 3845 2163 3845 1227 3845 1642 3846 1640 3846 1536 3846 1644 3847 1642 3847 1536 3847 1646 3848 1644 3848 1536 3848 1648 3849 1646 3849 1536 3849 1650 3850 1648 3850 1536 3850 1537 3851 1652 3851 1650 3851 1537 3852 1653 3852 1652 3852 1537 3853 1655 3853 1653 3853 1537 3854 1657 3854 1655 3854 1537 3855 1659 3855 1657 3855 1537 3856 1661 3856 1659 3856 1537 3857 1650 3857 1536 3857 1597 3858 1762 3858 1760 3858 1598 3859 1763 3859 1762 3859 1598 3860 1762 3860 1597 3860 1596 3861 1760 3861 1759 3861 1596 3862 1597 3862 1760 3862 1599 3863 1763 3863 1598 3863 1599 3864 1765 3864 1763 3864 1595 3865 1596 3865 1759 3865 1595 3866 1759 3866 1757 3866 1600 3867 1765 3867 1599 3867 1600 3868 1766 3868 1765 3868 1594 3869 1595 3869 1757 3869 1594 3870 1757 3870 1756 3870 1601 3871 1766 3871 1600 3871 1601 3872 1768 3872 1766 3872 1593 3873 1594 3873 1756 3873 1593 3874 1756 3874 1754 3874 1602 3875 1768 3875 1601 3875 1602 3876 1769 3876 1768 3876 1592 3877 1593 3877 1754 3877 1592 3878 1754 3878 1753 3878 1603 3879 1769 3879 1602 3879 1603 3880 1771 3880 1769 3880 1591 3881 1592 3881 1753 3881 1591 3882 1753 3882 1751 3882 1604 3883 1771 3883 1603 3883 1604 3884 1772 3884 1771 3884 1590 3885 1591 3885 1751 3885 1590 3886 1751 3886 1750 3886 1605 3887 1772 3887 1604 3887 1605 3888 1774 3888 1772 3888 1589 3889 1590 3889 1750 3889 1589 3890 1750 3890 1748 3890 1606 3891 1774 3891 1605 3891 1606 3892 1775 3892 1774 3892 1588 3893 1748 3893 1747 3893 1588 3894 1589 3894 1748 3894 1607 3895 1775 3895 1606 3895 1607 3896 1777 3896 1775 3896 1587 3897 1588 3897 1747 3897 1587 3898 1747 3898 1745 3898 1608 3899 1777 3899 1607 3899 1608 3900 1778 3900 1777 3900 1585 3901 1587 3901 1745 3901 1585 3902 1745 3902 1744 3902 1609 3903 1778 3903 1608 3903 1609 3904 1780 3904 1778 3904 1583 3905 1585 3905 1744 3905 1583 3906 1744 3906 1742 3906 1610 3907 1780 3907 1609 3907 1610 3908 1781 3908 1780 3908 1581 3909 1583 3909 1742 3909 1581 3910 1742 3910 1741 3910 1611 3911 1781 3911 1610 3911 1611 3912 1783 3912 1781 3912 1579 3913 1581 3913 1741 3913 1579 3914 1741 3914 1739 3914 1612 3915 1784 3915 1783 3915 1612 3916 1783 3916 1611 3916 1576 3917 1579 3917 1739 3917 1576 3918 1739 3918 1738 3918 1613 3919 1784 3919 1612 3919 1613 3920 1786 3920 1784 3920 1574 3921 1576 3921 1738 3921 1574 3922 1738 3922 1736 3922 1614 3923 1787 3923 1786 3923 1614 3924 1786 3924 1613 3924 1572 3925 1574 3925 1736 3925 1572 3926 1736 3926 1735 3926 1615 3927 1789 3927 1787 3927 1615 3928 1787 3928 1614 3928 1570 3929 1572 3929 1735 3929 1570 3930 1735 3930 1733 3930 1616 3931 1790 3931 1789 3931 1616 3932 1789 3932 1615 3932 1568 3933 1570 3933 1733 3933 1568 3934 1733 3934 1732 3934 1617 3935 1790 3935 1616 3935 1617 3936 1792 3936 1790 3936 1566 3937 1568 3937 1732 3937 1566 3938 1732 3938 1730 3938 1618 3939 1792 3939 1617 3939 1618 3940 1793 3940 1792 3940 1564 3941 1566 3941 1730 3941 1564 3942 1730 3942 1729 3942 1619 3943 1793 3943 1618 3943 1619 3944 1795 3944 1793 3944 1563 3945 1729 3945 1727 3945 1563 3946 1564 3946 1729 3946 1620 3947 1795 3947 1619 3947 1562 3948 1727 3948 1726 3948 1562 3949 1563 3949 1727 3949 1621 3950 1795 3950 1620 3950 1621 3951 1796 3951 1795 3951 1561 3952 1726 3952 1724 3952 1561 3953 1562 3953 1726 3953 1622 3954 1796 3954 1621 3954 1622 3955 1799 3955 1798 3955 1622 3956 1798 3956 1796 3956 1560 3957 1724 3957 1723 3957 1560 3958 1561 3958 1724 3958 1623 3959 1799 3959 1622 3959 1801 3960 1799 3960 1623 3960 1559 3961 1723 3961 1721 3961 1559 3962 1560 3962 1723 3962 1624 3963 1801 3963 1623 3963 1802 3964 1801 3964 1624 3964 1558 3965 1721 3965 1720 3965 1558 3966 1559 3966 1721 3966 1625 3967 1802 3967 1624 3967 1804 3968 1802 3968 1625 3968 1557 3969 1720 3969 1718 3969 1557 3970 1558 3970 1720 3970 1626 3971 1804 3971 1625 3971 1556 3972 1718 3972 1717 3972 1556 3973 1557 3973 1718 3973 1805 3974 1804 3974 1626 3974 1627 3975 1805 3975 1626 3975 1555 3976 1717 3976 1715 3976 1555 3977 1556 3977 1717 3977 1628 3978 1807 3978 1805 3978 1628 3979 1805 3979 1627 3979 1554 3980 1715 3980 1714 3980 1554 3981 1555 3981 1715 3981 1808 3982 1628 3982 1629 3982 1808 3983 1807 3983 1628 3983 1553 3984 1554 3984 1714 3984 1712 3985 1553 3985 1714 3985 1810 3986 1629 3986 1630 3986 1810 3987 1808 3987 1629 3987 1552 3988 1553 3988 1712 3988 1711 3989 1552 3989 1712 3989 1811 3990 1630 3990 1631 3990 1811 3991 1810 3991 1630 3991 1551 3992 1552 3992 1711 3992 1632 3993 1811 3993 1631 3993 1709 3994 1551 3994 1711 3994 1550 3995 1551 3995 1709 3995 1813 3996 1811 3996 1632 3996 1708 3997 1550 3997 1709 3997 1549 3998 1550 3998 1708 3998 1814 3999 1632 3999 1633 3999 1814 4000 1813 4000 1632 4000 1706 4001 1549 4001 1708 4001 1816 4002 1633 4002 1634 4002 1816 4003 1814 4003 1633 4003 1705 4004 1548 4004 1549 4004 1705 4005 1549 4005 1706 4005 1817 4006 1634 4006 1635 4006 1817 4007 1816 4007 1634 4007 1703 4008 1548 4008 1705 4008 1703 4009 1546 4009 1547 4009 1703 4010 1547 4010 1548 4010 1819 4011 1635 4011 1636 4011 1819 4012 1817 4012 1635 4012 1702 4013 1546 4013 1703 4013 1702 4014 1545 4014 1546 4014 1820 4015 1636 4015 1637 4015 1820 4016 1819 4016 1636 4016 1700 4017 1545 4017 1702 4017 1822 4018 1637 4018 1638 4018 1822 4019 1820 4019 1637 4019 1699 4020 1543 4020 1544 4020 1699 4021 1544 4021 1545 4021 1699 4022 1545 4022 1700 4022 1823 4023 1638 4023 1639 4023 1823 4024 1639 4024 1641 4024 1823 4025 1822 4025 1638 4025 1697 4026 1542 4026 1543 4026 1697 4027 1543 4027 1699 4027 1825 4028 1823 4028 1641 4028 1696 4029 1541 4029 1542 4029 1696 4030 1542 4030 1697 4030 1826 4031 1825 4031 1641 4031 1826 4032 1641 4032 1643 4032 1694 4033 1541 4033 1696 4033 1694 4034 1540 4034 1541 4034 1828 4035 1826 4035 1643 4035 1828 4036 1643 4036 1645 4036 1693 4037 1540 4037 1694 4037 1693 4038 1539 4038 1540 4038 1829 4039 1828 4039 1645 4039 1829 4040 1645 4040 1647 4040 1690 4041 1539 4041 1693 4041 1831 4042 1829 4042 1647 4042 1831 4043 1647 4043 1649 4043 1689 4044 1538 4044 1539 4044 1689 4045 1539 4045 1690 4045 1689 4046 1687 4046 1538 4046 1832 4047 1649 4047 1651 4047 1832 4048 1831 4048 1649 4048 1691 4049 1687 4049 1689 4049 1691 4050 1686 4050 1687 4050 1834 4051 1651 4051 1654 4051 1834 4052 1832 4052 1651 4052 1876 4053 1685 4053 1686 4053 1876 4054 1686 4054 1691 4054 1835 4055 1654 4055 1656 4055 1835 4056 1834 4056 1654 4056 1874 4057 1685 4057 1876 4057 1874 4058 1684 4058 1685 4058 1837 4059 1656 4059 1658 4059 1837 4060 1835 4060 1656 4060 1873 4061 1684 4061 1874 4061 1873 4062 1683 4062 1684 4062 1838 4063 1658 4063 1660 4063 1838 4064 1837 4064 1658 4064 1871 4065 1683 4065 1873 4065 1871 4066 1682 4066 1683 4066 1840 4067 1660 4067 1662 4067 1840 4068 1838 4068 1660 4068 1870 4069 1682 4069 1871 4069 1870 4070 1681 4070 1682 4070 1841 4071 1840 4071 1662 4071 1841 4072 1662 4072 1663 4072 1868 4073 1681 4073 1870 4073 1868 4074 1680 4074 1681 4074 1843 4075 1663 4075 1664 4075 1843 4076 1841 4076 1663 4076 1867 4077 1680 4077 1868 4077 1867 4078 1679 4078 1680 4078 1844 4079 1843 4079 1664 4079 1844 4080 1664 4080 1665 4080 1865 4081 1679 4081 1867 4081 1846 4082 1844 4082 1665 4082 1846 4083 1665 4083 1666 4083 1864 4084 1678 4084 1679 4084 1864 4085 1679 4085 1865 4085 1847 4086 1846 4086 1666 4086 1847 4087 1666 4087 1667 4087 1862 4088 1678 4088 1864 4088 1862 4089 1676 4089 1677 4089 1862 4090 1677 4090 1678 4090 1849 4091 1847 4091 1667 4091 1849 4092 1667 4092 1668 4092 1849 4093 1668 4093 1669 4093 1861 4094 1676 4094 1862 4094 1861 4095 1675 4095 1676 4095 1850 4096 1849 4096 1669 4096 1859 4097 1674 4097 1675 4097 1859 4098 1675 4098 1861 4098 1852 4099 1669 4099 1670 4099 1852 4100 1670 4100 1671 4100 1852 4101 1850 4101 1669 4101 1858 4102 1674 4102 1859 4102 1858 4103 1673 4103 1674 4103 1853 4104 1852 4104 1671 4104 1856 4105 1673 4105 1858 4105 1855 4106 1673 4106 1856 4106 1855 4107 1671 4107 1672 4107 1855 4108 1672 4108 1673 4108 1855 4109 1853 4109 1671 4109 1886 4110 1884 4110 1885 4110 1883 4111 1884 4111 1886 4111 1887 4112 1883 4112 1886 4112 1882 4113 1883 4113 1887 4113 1880 4114 1882 4114 1887 4114 1879 4115 1887 4115 1878 4115 1879 4116 1880 4116 1887 4116 1887 4117 1877 4117 1878 4117 1897 4118 1895 4118 1896 4118 1894 4119 1895 4119 1897 4119 1898 4120 1894 4120 1897 4120 1893 4121 1894 4121 1898 4121 1891 4122 1893 4122 1898 4122 1890 4123 1898 4123 1888 4123 1890 4124 1891 4124 1898 4124 1898 4125 1889 4125 1888 4125 2164 4126 1899 4126 1901 4126 2165 4127 1901 4127 1902 4127 2165 4128 2164 4128 1901 4128 1903 4129 2165 4129 1902 4129 2166 4130 2165 4130 1903 4130 1904 4131 2166 4131 1903 4131 2167 4132 2166 4132 1904 4132 1905 4133 2167 4133 1904 4133 2168 4134 2167 4134 1905 4134 1906 4135 2169 4135 2168 4135 1906 4136 2168 4136 1905 4136 1900 4137 2164 4137 2170 4137 1900 4138 1899 4138 2164 4138 1907 4139 2171 4139 2169 4139 1907 4140 2169 4140 1906 4140 1908 4141 2171 4141 1907 4141 1914 4142 2170 4142 2172 4142 1914 4143 1900 4143 2170 4143 1909 4144 2173 4144 2171 4144 1909 4145 2171 4145 1908 4145 1910 4146 2174 4146 2173 4146 1910 4147 2173 4147 1909 4147 1913 4148 2172 4148 2175 4148 1913 4149 1914 4149 2172 4149 1911 4150 2174 4150 1910 4150 1912 4151 2175 4151 2174 4151 1912 4152 2174 4152 1911 4152 1912 4153 1913 4153 2175 4153 1922 4154 1949 4154 1950 4154 1922 4155 1950 4155 1951 4155 1924 4156 1947 4156 1948 4156 1924 4157 1948 4157 1949 4157 1924 4158 1949 4158 1922 4158 1920 4159 1951 4159 1952 4159 1920 4160 1922 4160 1951 4160 1925 4161 1946 4161 1947 4161 1925 4162 1947 4162 1924 4162 1919 4163 1952 4163 1953 4163 1919 4164 1920 4164 1952 4164 1926 4165 1946 4165 1925 4165 1954 4166 1919 4166 1953 4166 1918 4167 1919 4167 1954 4167 1927 4168 1945 4168 1946 4168 1927 4169 1946 4169 1926 4169 1928 4170 1944 4170 1945 4170 1928 4171 1945 4171 1927 4171 1955 4172 1917 4172 1918 4172 1955 4173 1918 4173 1954 4173 1943 4174 1944 4174 1928 4174 1915 4175 1916 4175 1917 4175 1915 4176 1917 4176 1955 4176 1930 4177 1943 4177 1928 4177 1942 4178 1943 4178 1930 4178 1941 4179 1942 4179 1930 4179 1932 4180 1941 4180 1930 4180 1940 4181 1941 4181 1932 4181 1939 4182 1940 4182 1932 4182 1939 4183 1932 4183 1933 4183 1937 4184 1933 4184 1935 4184 1937 4185 1935 4185 1936 4185 1938 4186 1939 4186 1933 4186 1938 4187 1933 4187 1937 4187 1959 4188 1956 4188 1958 4188 1966 4189 1956 4189 1959 4189 1960 4190 1966 4190 1959 4190 1963 4191 1966 4191 1960 4191 1957 4192 1956 4192 1966 4192 1967 4193 1957 4193 1966 4193 1964 4194 1965 4194 1963 4194 1965 4195 1966 4195 1963 4195 2176 4196 1960 4196 1961 4196 2176 4197 1961 4197 1962 4197 2176 4198 1962 4198 1963 4198 2176 4199 1963 4199 1960 4199 1975 4200 2002 4200 2003 4200 1975 4201 2003 4201 2004 4201 1977 4202 2000 4202 2001 4202 1977 4203 2001 4203 2002 4203 1977 4204 2002 4204 1975 4204 1973 4205 2004 4205 2005 4205 1973 4206 1975 4206 2004 4206 1978 4207 1999 4207 2000 4207 1978 4208 2000 4208 1977 4208 1972 4209 2005 4209 2006 4209 1972 4210 1973 4210 2005 4210 1979 4211 1999 4211 1978 4211 2007 4212 1972 4212 2006 4212 1971 4213 1972 4213 2007 4213 1980 4214 1998 4214 1999 4214 1980 4215 1999 4215 1979 4215 1981 4216 1997 4216 1998 4216 1981 4217 1998 4217 1980 4217 2008 4218 1970 4218 1971 4218 2008 4219 1971 4219 2007 4219 1996 4220 1997 4220 1981 4220 1969 4221 1968 4221 1970 4221 1969 4222 1970 4222 2008 4222 1983 4223 1996 4223 1981 4223 1995 4224 1996 4224 1983 4224 1994 4225 1995 4225 1983 4225 1985 4226 1994 4226 1983 4226 1993 4227 1994 4227 1985 4227 1992 4228 1993 4228 1985 4228 1992 4229 1985 4229 1986 4229 1990 4230 1986 4230 1988 4230 1990 4231 1988 4231 1989 4231 1991 4232 1992 4232 1986 4232 1991 4233 1986 4233 1990 4233 2012 4234 2009 4234 2011 4234 2177 4235 2009 4235 2012 4235 2013 4236 2177 4236 2012 4236 2014 4237 2015 4237 2016 4237 2178 4238 2013 4238 2014 4238 2178 4239 2177 4239 2013 4239 2178 4240 2014 4240 2016 4240 2010 4241 2177 4241 2179 4241 2010 4242 2180 4242 2181 4242 2010 4243 2179 4243 2180 4243 2010 4244 2009 4244 2177 4244 2017 4245 2182 4245 2183 4245 2017 4246 2181 4246 2182 4246 2017 4247 2183 4247 2178 4247 2017 4248 2178 4248 2016 4248 2017 4249 2010 4249 2181 4249 2024 4250 2019 4250 2020 4250 2025 4251 2019 4251 2024 4251 2023 4252 2024 4252 2020 4252 2018 4253 2019 4253 2025 4253 2026 4254 2018 4254 2025 4254 2021 4255 2022 4255 2023 4255 2021 4256 2023 4256 2020 4256 2184 4257 2031 4257 2033 4257 2184 4258 2033 4258 2034 4258 2185 4259 2034 4259 2035 4259 2185 4260 2184 4260 2034 4260 2186 4261 2030 4261 2031 4261 2186 4262 2031 4262 2184 4262 2037 4263 2185 4263 2035 4263 2187 4264 2030 4264 2186 4264 2029 4265 2030 4265 2187 4265 2188 4266 2185 4266 2037 4266 2038 4267 2188 4267 2037 4267 2189 4268 2029 4268 2187 4268 2190 4269 2028 4269 2029 4269 2190 4270 2029 4270 2189 4270 2039 4271 2188 4271 2038 4271 2191 4272 2188 4272 2039 4272 2192 4273 2027 4273 2028 4273 2192 4274 2028 4274 2190 4274 2040 4275 2193 4275 2191 4275 2040 4276 2191 4276 2039 4276 2194 4277 2049 4277 2027 4277 2194 4278 2027 4278 2192 4278 2041 4279 2195 4279 2193 4279 2041 4280 2193 4280 2040 4280 2196 4281 2195 4281 2041 4281 2048 4282 2049 4282 2194 4282 2042 4283 2197 4283 2196 4283 2042 4284 2196 4284 2041 4284 2198 4285 2048 4285 2194 4285 2043 4286 2199 4286 2197 4286 2043 4287 2197 4287 2042 4287 2046 4288 2048 4288 2198 4288 2044 4289 2199 4289 2043 4289 2045 4290 2046 4290 2198 4290 2045 4291 2199 4291 2044 4291 2045 4292 2198 4292 2199 4292 2083 4293 2052 4293 2053 4293 2083 4294 2053 4294 2054 4294 2082 4295 2054 4295 2055 4295 2082 4296 2083 4296 2054 4296 2051 4297 2050 4297 2052 4297 2051 4298 2052 4298 2083 4298 2056 4299 2082 4299 2055 4299 2081 4300 2082 4300 2056 4300 2057 4301 2081 4301 2056 4301 2080 4302 2081 4302 2057 4302 2065 4303 2073 4303 2074 4303 2065 4304 2074 4304 2075 4304 2058 4305 2080 4305 2057 4305 2079 4306 2080 4306 2058 4306 2076 4307 2065 4307 2075 4307 2059 4308 2079 4308 2058 4308 2063 4309 2065 4309 2076 4309 2060 4310 2077 4310 2079 4310 2060 4311 2079 4311 2059 4311 2062 4312 2076 4312 2077 4312 2062 4313 2063 4313 2076 4313 2061 4314 2062 4314 2077 4314 2061 4315 2077 4315 2060 4315 2072 4316 2065 4316 2066 4316 2072 4317 2073 4317 2065 4317 2071 4318 2066 4318 2067 4318 2071 4319 2072 4319 2066 4319 2070 4320 2071 4320 2067 4320 2068 4321 2070 4321 2067 4321 2069 4322 2070 4322 2068 4322 2115 4323 2113 4323 2114 4323 2088 4324 2113 4324 2115 4324 2112 4325 2113 4325 2088 4325 2089 4326 2112 4326 2088 4326 2111 4327 2112 4327 2089 4327 2087 4328 2115 4328 2116 4328 2087 4329 2088 4329 2115 4329 2086 4330 2087 4330 2116 4330 2085 4331 2086 4331 2116 4331 2090 4332 2110 4332 2111 4332 2090 4333 2111 4333 2089 4333 2084 4334 2086 4334 2085 4334 2109 4335 2090 4335 2091 4335 2109 4336 2110 4336 2090 4336 2101 4337 2102 4337 2103 4337 2092 4338 2109 4338 2091 4338 2108 4339 2109 4339 2092 4339 2104 4340 2101 4340 2103 4340 2100 4341 2101 4341 2104 4341 2093 4342 2108 4342 2092 4342 2099 4343 2100 4343 2104 4343 2107 4344 2108 4344 2093 4344 2105 4345 2099 4345 2104 4345 2094 4346 2107 4346 2093 4346 2098 4347 2099 4347 2105 4347 2095 4348 2106 4348 2107 4348 2095 4349 2107 4349 2094 4349 2097 4350 2105 4350 2106 4350 2097 4351 2098 4351 2105 4351 2096 4352 2097 4352 2106 4352 2096 4353 2106 4353 2095 4353 2120 4354 2118 4354 2119 4354 2200 4355 2118 4355 2120 4355 2121 4356 2200 4356 2120 4356 2122 4357 2123 4357 2124 4357 2201 4358 2121 4358 2122 4358 2201 4359 2200 4359 2121 4359 2201 4360 2122 4360 2124 4360 2117 4361 2200 4361 2202 4361 2117 4362 2203 4362 2204 4362 2117 4363 2202 4363 2203 4363 2117 4364 2118 4364 2200 4364 2125 4365 2205 4365 2206 4365 2125 4366 2204 4366 2205 4366 2125 4367 2206 4367 2201 4367 2125 4368 2201 4368 2124 4368 2125 4369 2117 4369 2204 4369 2163 4370 2128 4370 2129 4370 2163 4371 2129 4371 2130 4371 2162 4372 2130 4372 2131 4372 2162 4373 2163 4373 2130 4373 2126 4374 2127 4374 2128 4374 2126 4375 2128 4375 2163 4375 2132 4376 2162 4376 2131 4376 2161 4377 2162 4377 2132 4377 2133 4378 2161 4378 2132 4378 2134 4379 2161 4379 2133 4379 2159 4380 2161 4380 2134 4380 2154 4381 2155 4381 2156 4381 2154 4382 2156 4382 2157 4382 2135 4383 2159 4383 2134 4383 2146 4384 2147 4384 2148 4384 2138 4385 2157 4385 2158 4385 2137 4386 2158 4386 2159 4386 2137 4387 2138 4387 2158 4387 2137 4388 2159 4388 2135 4388 2153 4389 2154 4389 2157 4389 2153 4390 2157 4390 2138 4390 2149 4391 2146 4391 2148 4391 2145 4392 2146 4392 2149 4392 2139 4393 2153 4393 2138 4393 2152 4394 2153 4394 2139 4394 2144 4395 2145 4395 2149 4395 2150 4396 2144 4396 2149 4396 2140 4397 2152 4397 2139 4397 2143 4398 2144 4398 2150 4398 2141 4399 2152 4399 2140 4399 2141 4400 2151 4400 2152 4400 2142 4401 2143 4401 2150 4401 2142 4402 2150 4402 2151 4402 2142 4403 2151 4403 2141 4403 2164 4404 2207 4404 2208 4404 2164 4405 2165 4405 2207 4405 2209 4406 2164 4406 2208 4406 2170 4407 2164 4407 2209 4407 2172 4408 2209 4408 2210 4408 2172 4409 2170 4409 2209 4409 2175 4410 2210 4410 2211 4410 2175 4411 2172 4411 2210 4411 2212 4412 2175 4412 2211 4412 2174 4413 2175 4413 2212 4413 2213 4414 2174 4414 2212 4414 2173 4415 2174 4415 2213 4415 2214 4416 2173 4416 2213 4416 2171 4417 2173 4417 2214 4417 2215 4418 2171 4418 2214 4418 2169 4419 2171 4419 2215 4419 2216 4420 2169 4420 2215 4420 2168 4421 2169 4421 2216 4421 2217 4422 2168 4422 2216 4422 2167 4423 2168 4423 2217 4423 2166 4424 2217 4424 2218 4424 2166 4425 2167 4425 2217 4425 2165 4426 2218 4426 2207 4426 2165 4427 2166 4427 2218 4427 2177 4428 2219 4428 2220 4428 2177 4429 2178 4429 2219 4429 2221 4430 2177 4430 2220 4430 2179 4431 2177 4431 2221 4431 2180 4432 2221 4432 2222 4432 2180 4433 2179 4433 2221 4433 2181 4434 2222 4434 2223 4434 2181 4435 2180 4435 2222 4435 2182 4436 2223 4436 2224 4436 2182 4437 2181 4437 2223 4437 2183 4438 2224 4438 2225 4438 2183 4439 2182 4439 2224 4439 2219 4440 2183 4440 2225 4440 2178 4441 2183 4441 2219 4441 2186 4442 2226 4442 2227 4442 2186 4443 2184 4443 2226 4443 2187 4444 2228 4444 2229 4444 2187 4445 2227 4445 2228 4445 2187 4446 2186 4446 2227 4446 2189 4447 2187 4447 2229 4447 2190 4448 2229 4448 2230 4448 2190 4449 2189 4449 2229 4449 2192 4450 2230 4450 2231 4450 2192 4451 2190 4451 2230 4451 2194 4452 2231 4452 2232 4452 2194 4453 2192 4453 2231 4453 2198 4454 2232 4454 2233 4454 2198 4455 2194 4455 2232 4455 2234 4456 2198 4456 2233 4456 2199 4457 2198 4457 2234 4457 2197 4458 2234 4458 2235 4458 2197 4459 2199 4459 2234 4459 2196 4460 2235 4460 2236 4460 2196 4461 2197 4461 2235 4461 2195 4462 2236 4462 2237 4462 2195 4463 2196 4463 2236 4463 2193 4464 2237 4464 2238 4464 2193 4465 2195 4465 2237 4465 2191 4466 2238 4466 2239 4466 2191 4467 2193 4467 2238 4467 2188 4468 2239 4468 2240 4468 2188 4469 2191 4469 2239 4469 2185 4470 2240 4470 2241 4470 2185 4471 2188 4471 2240 4471 2184 4472 2241 4472 2226 4472 2184 4473 2185 4473 2241 4473 2242 4474 2201 4474 2243 4474 2200 4475 2201 4475 2242 4475 2202 4476 2242 4476 2244 4476 2202 4477 2200 4477 2242 4477 2203 4478 2244 4478 2245 4478 2203 4479 2202 4479 2244 4479 2204 4480 2245 4480 2246 4480 2204 4481 2203 4481 2245 4481 2205 4482 2246 4482 2247 4482 2205 4483 2204 4483 2246 4483 2206 4484 2247 4484 2248 4484 2206 4485 2205 4485 2247 4485 2243 4486 2206 4486 2248 4486 2201 4487 2206 4487 2243 4487 2216 4488 2207 4488 2218 4488 2216 4489 2218 4489 2217 4489 2215 4490 2207 4490 2216 4490 2214 4491 2208 4491 2207 4491 2214 4492 2209 4492 2208 4492 2214 4493 2207 4493 2215 4493 2210 4494 2209 4494 2214 4494 2213 4495 2210 4495 2214 4495 2212 4496 2210 4496 2213 4496 2211 4497 2210 4497 2212 4497 2225 4498 2220 4498 2219 4498 2225 4499 2221 4499 2220 4499 2224 4500 2222 4500 2221 4500 2224 4501 2221 4501 2225 4501 2223 4502 2222 4502 2224 4502 2240 4503 2227 4503 2226 4503 2240 4504 2226 4504 2241 4504 2239 4505 2228 4505 2227 4505 2239 4506 2227 4506 2240 4506 2238 4507 2229 4507 2228 4507 2238 4508 2228 4508 2239 4508 2237 4509 2230 4509 2229 4509 2237 4510 2229 4510 2238 4510 2236 4511 2231 4511 2230 4511 2236 4512 2230 4512 2237 4512 2235 4513 2231 4513 2236 4513 2234 4514 2233 4514 2232 4514 2234 4515 2232 4515 2231 4515 2234 4516 2231 4516 2235 4516 2248 4517 2242 4517 2243 4517 2248 4518 2244 4518 2242 4518 2247 4519 2245 4519 2244 4519 2247 4520 2244 4520 2248 4520 2246 4521 2245 4521 2247 4521</p>
        </triangles>
      </mesh>
    </geometry>
  </library_geometries>
  <library_materials>
    <material id="mat_Body_with_ref001_shape002" name="Body_with_ref001_shape002">
      <instance_effect url="#effect_Body_with_ref001_shape002"/>
    </material>
  </library_materials>
  <library_visual_scenes>
    <visual_scene id="myscene">
      <node id="node0" name="node0">
        <instance_geometry url="#geometry0">
          <bind_material>
            <technique_common>
              <instance_material symbol="ref_Body_with_ref001_shape002" target="#mat_Body_with_ref001_shape002"/>
            </technique_common>
          </bind_material>
        </instance_geometry>
      </node>
    </visual_scene>
  </library_visual_scenes>
  <scene>
    <instance_visual_scene url="#myscene"/>
  </scene>
</COLLADA>
