<COLLADA xmlns="http://www.collada.org/2005/11/COLLADASchema" version="1.4.1">
  <asset>
    <contributor/>
    <created>2026-09-17T08:46:57.142389</created>
    <modified>2026-09-17T08:46:57.142389</modified>
    <unit name="meter" meter="1.0"/>
    <up_axis>Z_UP</up_axis>
  </asset>
  <library_effects>
    <effect id="effect_BottomSilkscreen_HwOR001_shape001" name="effect_BottomSilkscreen_HwOR001_shape001">
      <profile_COMMON>
        <technique sid="common">
          <phong>
            <emission>
              <color>0.0 0.0 0.0 1.0</color>
            </emission>
            <ambient>
              <color>0.0 0.0 0.0 1.0</color>
            </ambient>
            <diffuse>
              <color>0.67843097448349 0.7098039984703064 0.7411760091781616 1.0</color>
            </diffuse>
            <specular>
              <color>1 1 1 1.0</color>
            </specular>
            <shininess>
              <float>0.0</float>
            </shininess>
            <reflective>
              <color>0.0 0.0 0.0 1.0</color>
            </reflective>
            <reflectivity>
              <float>0.0</float>
            </reflectivity>
            <transparent>
              <color>0.0 0.0 0.0 1.0</color>
            </transparent>
            <transparency>
              <float>1.0</float>
            </transparency>
          </phong>
        </technique>
        <extra>
          <technique profile="GOOGLEEARTH">
            <double_sided>0</double_sided>
          </technique>
        </extra>
      </profile_COMMON>
    </effect>
  </library_effects>
  <library_geometries>
    <geometry id="geometry0" name="BottomSilkscreen_HwOR001_shape001">
      <mesh>
        <source id="cubeverts-array0">
          <float_array count="20148" id="cubeverts-array0-array">0.003249992 0.003453007 -2e-05 0.003376993 0.003580008 -2e-05 0.003359978 0.003516507 -2e-05 0.003313493 0.003470022 -2e-05 0.003122992 0.003707008 -2e-05 0.000749967 0.003453007 -2e-05 0.0008769673 0.003707008 -2e-05 0.0006399815 0.003516507 -2e-05 0.0006864669 0.003470022 -2e-05 0.0006229667 0.003580008 -2e-05 0.003122992 0.03901303 -2e-05 0.003376993 0.03914003 -2e-05 0.003313493 0.03925002 -2e-05 0.003359978 0.03920353 -2e-05 0.003249992 0.03926703 -2e-05 0.0008769673 0.03901303 -2e-05 0.000749967 0.03926703 -2e-05 0.0006229667 0.03914003 -2e-05 0.0006399815 0.03920353 -2e-05 0.0006864669 0.03925002 -2e-05 0.004227274 0.03686228 -2e-05 0.004416917 0.0369347 -2e-05 0.004414749 0.03685704 -2e-05 0.004358305 0.03680367 -2e-05 0.004280651 0.03680583 -2e-05 0.003686444 0.03680367 -2e-05 0.003817476 0.03686228 -2e-05 0.003764099 0.03680583 -2e-05 0.003627833 0.0369347 -2e-05 0.003630001 0.03685704 -2e-05 0.004022375 0.03739883 -2e-05 0.004117196 0.03771956 -2e-05 0.003927554 0.03771956 -2e-05 0.004062088 0.03777676 -2e-05 0.003982662 0.03777676 -2e-05 0.004331844 0.01185159 -2e-05 0.004433344 0.01195309 -2e-05 0.004403615 0.01188132 -2e-05 0.004403615 0.01202487 -2e-05 0.004331844 0.01205459 -2e-05 0.004171723 0.01205459 -2e-05 0.003808603 0.01185159 -2e-05 0.003968724 0.01205459 -2e-05 0.003808603 0.01205459 -2e-05 0.003736832 0.01202487 -2e-05 0.003736832 0.01188132 -2e-05 0.003707103 0.01195309 -2e-05 0.004070223 0.01283946 -2e-05 0.004141995 0.01280973 -2e-05 0.004171723 0.01273796 -2e-05 0.003968724 0.01273796 -2e-05 0.003998452 0.01280973 -2e-05 0.004331844 0.009514614 -2e-05 0.004403615 0.009484885 -2e-05 0.004433344 0.009413114 -2e-05 0.004403615 0.009341343 -2e-05 0.004331844 0.009311614 -2e-05 0.004171723 0.009514614 -2e-05 0.003968724 0.009514614 -2e-05 0.003808603 0.009311614 -2e-05 0.003808603 0.009514614 -2e-05 0.003736832 0.009484885 -2e-05 0.003736832 0.009341343 -2e-05 0.003707103 0.009413114 -2e-05 0.003968724 0.01019798 -2e-05 0.004171723 0.01019798 -2e-05 0.003998452 0.01026975 -2e-05 0.004070223 0.01029948 -2e-05 0.004141995 0.01026975 -2e-05 0.004331844 0.006974609 -2e-05 0.004403615 0.00694488 -2e-05 0.004433344 0.006873109 -2e-05 0.004403615 0.006801338 -2e-05 0.004331844 0.006771609 -2e-05 0.004171723 0.006974609 -2e-05 0.003968724 0.006974609 -2e-05 0.003808603 0.006771609 -2e-05 0.003808603 0.006974609 -2e-05 0.003736832 0.00694488 -2e-05 0.003736832 0.006801338 -2e-05 0.003707103 0.006873109 -2e-05 0.004070223 0.00775947 -2e-05 0.004141995 0.007729742 -2e-05 0.004171723 0.00765797 -2e-05 0.003968724 0.00765797 -2e-05 0.003998452 0.007729742 -2e-05 0.004331844 0.005046613 -2e-05 0.004403615 0.005016884 -2e-05 0.004433344 0.004945113 -2e-05 0.004403615 0.004873342 -2e-05 0.004331844 0.004843613 -2e-05 0.004171723 0.005046613 -2e-05 0.003968724 0.005046613 -2e-05 0.003808603 0.004843613 -2e-05 0.003808603 0.005046613 -2e-05 0.003736832 0.005016884 -2e-05 0.003736832 0.004873342 -2e-05 0.003707103 0.004945113 -2e-05 0.003968724 0.005729975 -2e-05 0.004171723 0.005729975 -2e-05 0.003998452 0.005801746 -2e-05 0.004070223 0.005831474 -2e-05 0.004141995 0.005801746 -2e-05 0.003736832 0.01950134 -2e-05 0.003880374 0.01950134 -2e-05 0.003808603 0.01947161 -2e-05 0.003707103 0.01957311 -2e-05 0.003910103 0.01957311 -2e-05 0.004258184 0.02045947 -2e-05 0.004329955 0.02042974 -2e-05 0.004359684 0.02035797 -2e-05 0.004329955 0.0202862 -2e-05 0.004258184 0.02025647 -2e-05 0.003910103 0.02025647 -2e-05 0.003707103 0.02035797 -2e-05 0.003808603 0.02045947 -2e-05 0.003757853 0.02044587 -2e-05 0.003720701 0.02040872 -2e-05 0.00430135 0.02205681 -2e-05 0.004331161 0.02207813 -2e-05 0.004322111 0.02206984 -2e-05 0.004312125 0.02206269 -2e-05 0.004402389 0.02229785 -2e-05 0.004433329 0.02222659 -2e-05 0.004404821 0.02215433 -2e-05 0.004330124 0.02232636 -2e-05 0.004199031 0.02223352 -2e-05 0.004211809 0.02202398 -2e-05 0.004258867 0.02229542 -2e-05 0.004114133 0.02221106 -2e-05 0.004117908 0.02200731 -2e-05 0.004301107 0.02246818 -2e-05 0.004324426 0.02248325 -2e-05 0.004317124 0.02247752 -2e-05 0.004309329 0.02247248 -2e-05 0.004026314 0.02221106 -2e-05 0.004022539 0.02200731 -2e-05 0.003928638 0.02202398 -2e-05 0.004214735 0.02242852 -2e-05 0.004224906 0.02243262 -2e-05 0.004221566 0.02243113 -2e-05 0.004218174 0.02242977 -2e-05 0.004432886 0.02266482 -2e-05 0.004431515 0.02265527 -2e-05 0.004429245 0.0226459 -2e-05 0.004433344 0.02267446 -2e-05 0.003809286 0.02207813 -2e-05 0.003839097 0.02205681 -2e-05 0.003828322 0.02206269 -2e-05 0.003818336 0.02206984 -2e-05 0.003941416 0.02223352 -2e-05 0.003910103 0.02226591 -2e-05 0.003735626 0.02215433 -2e-05 0.004200782 0.02264538 -2e-05 0.004369597 0.0225304 -2e-05 0.004212622 0.02265926 -2e-05 0.004222534 0.02267458 -2e-05 0.004404968 0.02258529 -2e-05 0.004403615 0.02285799 -2e-05 0.004419745 0.02283697 -2e-05 0.004429885 0.02281248 -2e-05 0.004433344 0.02278621 -2e-05 0.004230344 0.02269107 -2e-05 0.004144036 0.02261889 -2e-05 0.003996411 0.0223541 -2e-05 0.004230344 0.02274417 -2e-05 0.003707103 0.02222487 -2e-05 0.003720134 0.02217512 -2e-05 0.003710415 0.02219916 -2e-05 0.003707103 0.02229853 -2e-05 0.003910103 0.02228192 -2e-05 0.004329955 0.02293165 -2e-05 0.004203098 0.02277142 -2e-05 0.003711203 0.02232709 -2e-05 0.003707561 0.02230817 -2e-05 0.003708932 0.02231771 -2e-05 0.003925712 0.02254447 -2e-05 0.00391554 0.02254037 -2e-05 0.003939665 0.02232761 -2e-05 0.003918881 0.02254186 -2e-05 0.003922273 0.02254322 -2e-05 0.00430513 0.02294987 -2e-05 0.004318237 0.0229417 -2e-05 0.003735479 0.0223877 -2e-05 0.003917913 0.02229841 -2e-05 0.004290935 0.02295595 -2e-05 0.00383934 0.02250481 -2e-05 0.003770849 0.02244259 -2e-05 0.003927825 0.02231373 -2e-05 0.003823323 0.02249547 -2e-05 0.003831118 0.02250051 -2e-05 0.003816021 0.02248974 -2e-05 0.004179175 0.02299405 -2e-05 0.004129598 0.02279648 -2e-05 0.004157517 0.02299887 -2e-05 0.004168478 0.02299705 -2e-05 0.004146424 0.02299948 -2e-05 0.003996563 0.02299948 -2e-05 0.004013034 0.02279648 -2e-05 0.003964466 0.02299427 -2e-05 0.003937092 0.02277116 -2e-05 0.003974958 0.02299715 -2e-05 0.003985698 0.02299889 -2e-05 0.003850166 0.02295617 -2e-05 0.003822395 0.02294184 -2e-05 0.003835726 0.02295008 -2e-05 0.003736832 0.02285799 -2e-05 0.003880374 0.02271444 -2e-05 0.003808603 0.02268472 -2e-05 0.003736832 0.02271444 -2e-05 0.003707103 0.02278621 -2e-05 0.003810492 0.02293165 -2e-05 0.00430135 0.02459682 -2e-05 0.004331161 0.02461814 -2e-05 0.004322111 0.02460984 -2e-05 0.004312125 0.0246027 -2e-05 0.004402389 0.02483786 -2e-05 0.004433329 0.0247666 -2e-05 0.004404821 0.02469433 -2e-05 0.004330124 0.02486637 -2e-05 0.004199031 0.02477353 -2e-05 0.004211809 0.02456399 -2e-05 0.004258867 0.02483542 -2e-05 0.004114133 0.02475106 -2e-05 0.004117908 0.02454732 -2e-05 0.004301107 0.02500818 -2e-05 0.004324426 0.02502326 -2e-05 0.004317124 0.02501753 -2e-05 0.004309329 0.02501249 -2e-05 0.004026314 0.02475106 -2e-05 0.004022539 0.02454732 -2e-05 0.003928638 0.02456399 -2e-05 0.004214735 0.02496853 -2e-05 0.004224906 0.02497262 -2e-05 0.004221566 0.02497114 -2e-05 0.004218174 0.02496977 -2e-05 0.004433344 0.02521446 -2e-05 0.004432886 0.02520483 -2e-05 0.004431515 0.02519528 -2e-05 0.004429245 0.02518591 -2e-05 0.003809286 0.02461814 -2e-05 0.003839097 0.02459682 -2e-05 0.003828322 0.0246027 -2e-05 0.003818336 0.02460984 -2e-05 0.003941416 0.02477353 -2e-05 0.003910103 0.02480592 -2e-05 0.003735626 0.02469433 -2e-05 0.004200782 0.02518538 -2e-05 0.004369597 0.02507041 -2e-05 0.004212622 0.02519926 -2e-05 0.004222534 0.02521459 -2e-05 0.004404968 0.02512529 -2e-05 0.004403615 0.02539799 -2e-05 0.004419745 0.02537697 -2e-05 0.004429885 0.02535249 -2e-05 0.004433344 0.02532622 -2e-05 0.004230344 0.02523108 -2e-05 0.004144036 0.0251589 -2e-05 0.003996411 0.0248941 -2e-05 0.004230344 0.02528418 -2e-05 0.003707103 0.02476488 -2e-05 0.003720134 0.02471513 -2e-05 0.003710415 0.02473916 -2e-05 0.003707103 0.02483854 -2e-05 0.003910103 0.02482192 -2e-05 0.004329955 0.02547165 -2e-05 0.004203098 0.02531142 -2e-05 0.003708932 0.02485772 -2e-05 0.003707561 0.02484817 -2e-05 0.003711203 0.02486709 -2e-05 0.003925712 0.02508447 -2e-05 0.003918881 0.02508186 -2e-05 0.003922273 0.02508323 -2e-05 0.00391554 0.02508038 -2e-05 0.003939665 0.02486762 -2e-05 0.00430513 0.02548987 -2e-05 0.004318237 0.02548171 -2e-05 0.003735479 0.02492771 -2e-05 0.003917913 0.02483841 -2e-05 0.004290935 0.02549595 -2e-05 0.00383934 0.02504482 -2e-05 0.003770849 0.0249826 -2e-05 0.003927825 0.02485373 -2e-05 0.003823323 0.02503547 -2e-05 0.003831118 0.02504051 -2e-05 0.003816021 0.02502974 -2e-05 0.004179175 0.02553405 -2e-05 0.004129598 0.02533648 -2e-05 0.004157517 0.02553887 -2e-05 0.004168478 0.02553706 -2e-05 0.004146424 0.02553948 -2e-05 0.003996563 0.02553948 -2e-05 0.004013034 0.02533648 -2e-05 0.003964466 0.02553427 -2e-05 0.003937092 0.02531117 -2e-05 0.003974958 0.02553716 -2e-05 0.003985698 0.0255389 -2e-05 0.003707103 0.02532622 -2e-05 0.003880374 0.02525445 -2e-05 0.003808603 0.02522472 -2e-05 0.003736832 0.02525445 -2e-05 0.003850166 0.02549617 -2e-05 0.003822395 0.02548184 -2e-05 0.003835726 0.02549008 -2e-05 0.003810492 0.02547165 -2e-05 0.003736832 0.02539799 -2e-05 0.004301107 0.03221672 -2e-05 0.00431871 0.03222721 -2e-05 0.004313083 0.03222332 -2e-05 0.004307206 0.03221982 -2e-05 0.004181984 0.03217163 -2e-05 0.004224906 0.03218116 -2e-05 0.004211113 0.0321759 -2e-05 0.004196704 0.03217271 -2e-05 0.004404717 0.03255391 -2e-05 0.00446196 0.03250139 -2e-05 0.004465302 0.03242378 -2e-05 0.004002144 0.03217616 -2e-05 0.004032124 0.03217163 -2e-05 0.004016963 0.03217277 -2e-05 0.004233983 0.032424 -2e-05 0.004429543 0.03234913 -2e-05 0.004380061 0.03228278 -2e-05 0.004205047 0.0323959 -2e-05 0.003987997 0.03218173 -2e-05 0.004257416 0.03245683 -2e-05 0.004159466 0.03237463 -2e-05 0.004274587 0.03249333 -2e-05 0.004327105 0.03255057 -2e-05 0.004055341 0.03237463 -2e-05 0.003914336 0.03221729 -2e-05 0.003895154 0.03222936 -2e-05 0.003904407 0.03222279 -2e-05 0.003886692 0.03223692 -2e-05 0.004018075 0.03239262 -2e-05 0.003810492 0.03231312 -2e-05 0.003964651 0.03244605 -2e-05 0.003793262 0.0323361 -2e-05 0.003804031 0.03232022 -2e-05 0.003798271 0.03232791 -2e-05 0.00427916 0.03282464 -2e-05 0.004460728 0.03291543 -2e-05 0.004466235 0.03283794 -2e-05 0.004415336 0.03277925 -2e-05 0.004337847 0.03277374 -2e-05 0.004410886 0.03300991 -2e-05 0.004417248 0.03300108 -2e-05 0.004422628 0.03299163 -2e-05 0.004403615 0.03301801 -2e-05 0.004248426 0.03288611 -2e-05 0.00375955 0.03240434 -2e-05 0.003943094 0.03249127 -2e-05 0.003731777 0.03247521 -2e-05 0.003910103 0.03258581 -2e-05 0.003924879 0.03253794 -2e-05 0.004329955 0.03309167 -2e-05 0.00419806 0.03293648 -2e-05 0.004313033 0.0331053 -2e-05 0.00432186 0.03309894 -2e-05 0.004303576 0.03311068 -2e-05 0.004158023 0.0329565 -2e-05 0.003710146 0.03254819 -2e-05 0.003707443 0.03256456 -2e-05 0.003708459 0.03255632 -2e-05 0.003707103 0.03257285 -2e-05 0.003910103 0.03274433 -2e-05 0.004227376 0.03314878 -2e-05 0.004197608 0.03315829 -2e-05 0.00421286 0.03315469 -2e-05 0.004181984 0.0331595 -2e-05 0.003707103 0.03275827 -2e-05 0.003710658 0.0327849 -2e-05 0.0037075 0.03276724 -2e-05 0.003708688 0.03277614 -2e-05 0.003732842 0.03285625 -2e-05 0.003926377 0.03279463 -2e-05 0.004032124 0.0331595 -2e-05 0.004051785 0.0329565 -2e-05 0.00399735 0.03315335 -2e-05 0.004008676 0.03315675 -2e-05 0.004020319 0.03315881 -2e-05 0.003760106 0.03292582 -2e-05 0.003968309 0.03289165 -2e-05 0.003945806 0.0328438 -2e-05 0.0039227 0.0331176 -2e-05 0.004020633 0.0329394 -2e-05 0.003792307 0.03299325 -2e-05 0.003800784 0.03300676 -2e-05 0.003794895 0.0329979 -2e-05 0.003797724 0.03300241 -2e-05 0.003856348 0.03306811 -2e-05 0.003992573 0.03291761 -2e-05 0.004301107 0.03475672 -2e-05 0.00431871 0.03476722 -2e-05 0.004313083 0.03476333 -2e-05 0.004307206 0.03475982 -2e-05 0.004181984 0.03471164 -2e-05 0.004224906 0.03472116 -2e-05 0.004211113 0.03471591 -2e-05 0.004196704 0.03471271 -2e-05 0.004002144 0.03471617 -2e-05 0.004032124 0.03471164 -2e-05 0.004016963 0.03471278 -2e-05 0.004233983 0.03496401 -2e-05 0.004429543 0.03488914 -2e-05 0.004380061 0.03482278 -2e-05 0.004205047 0.03493591 -2e-05 0.003987997 0.03472173 -2e-05 0.004257416 0.03499684 -2e-05 0.004465302 0.03496379 -2e-05 0.004159466 0.03491464 -2e-05 0.004274587 0.03503333 -2e-05 0.00446196 0.0350414 -2e-05 0.004327105 0.03509058 -2e-05 0.004404717 0.03509392 -2e-05 0.004471444 0.03529828 -2e-05 0.004457846 0.03524753 -2e-05 0.004420694 0.03521038 -2e-05 0.004369944 0.03519678 -2e-05 0.004055341 0.03491464 -2e-05 0.003914336 0.03475729 -2e-05 0.003895154 0.03476936 -2e-05 0.003904407 0.03476279 -2e-05 0.003886692 0.03477693 -2e-05 0.004018075 0.03493263 -2e-05 0.004460728 0.03545543 -2e-05 0.004466634 0.03544092 -2e-05 0.004470234 0.03542567 -2e-05 0.004471444 0.03541004 -2e-05 0.003810492 0.03485313 -2e-05 0.003964651 0.03498605 -2e-05 0.003793262 0.0348761 -2e-05 0.003804031 0.03486023 -2e-05 0.003798271 0.03486791 -2e-05 0.004261594 0.03539978 -2e-05 0.004422628 0.03553163 -2e-05 0.004181984 0.03519678 -2e-05 0.004410886 0.03554992 -2e-05 0.004417248 0.03554109 -2e-05 0.004403615 0.03555801 -2e-05 0.004248426 0.03542612 -2e-05 0.00375955 0.03494435 -2e-05 0.003943094 0.03503128 -2e-05 0.004181984 0.03539978 -2e-05 0.004110212 0.03537005 -2e-05 0.004110212 0.03522651 -2e-05 0.004080484 0.03529828 -2e-05 0.003731777 0.03501522 -2e-05 0.003910103 0.03512582 -2e-05 0.003924879 0.03507795 -2e-05 0.004329955 0.03563167 -2e-05 0.00419806 0.03547648 -2e-05 0.004313033 0.03564531 -2e-05 0.00432186 0.03563894 -2e-05 0.004303576 0.03565068 -2e-05 0.004158023 0.0354965 -2e-05 0.003710146 0.03508819 -2e-05 0.003707103 0.03511286 -2e-05 0.003910103 0.03528434 -2e-05 0.003708459 0.03509632 -2e-05 0.003707443 0.03510456 -2e-05 0.004227376 0.03568879 -2e-05 0.004197608 0.03569829 -2e-05 0.00421286 0.03569469 -2e-05 0.004181984 0.0356995 -2e-05 0.003707103 0.03529828 -2e-05 0.003710658 0.03532491 -2e-05 0.0037075 0.03530725 -2e-05 0.003708688 0.03531615 -2e-05 0.003732842 0.03539626 -2e-05 0.003926377 0.03533464 -2e-05 0.004032124 0.0356995 -2e-05 0.004051785 0.0354965 -2e-05 0.00399735 0.03569336 -2e-05 0.004008676 0.03569675 -2e-05 0.004020319 0.03569881 -2e-05 0.003760106 0.03546583 -2e-05 0.003968309 0.03543165 -2e-05 0.003945806 0.03538381 -2e-05 0.0039227 0.0356576 -2e-05 0.004020633 0.03547941 -2e-05 0.003792307 0.03553325 -2e-05 0.003800784 0.03554677 -2e-05 0.003794895 0.0355379 -2e-05 0.003797724 0.03554241 -2e-05 0.003856348 0.03560812 -2e-05 0.003992573 0.03545761 -2e-05 0.004288959 0.02967197 -2e-05 0.004324426 0.02969179 -2e-05 0.004313529 0.02968361 -2e-05 0.004301636 0.02967696 -2e-05 0.004433344 0.02988299 -2e-05 0.004432886 0.02987336 -2e-05 0.004431515 0.02986381 -2e-05 0.004429245 0.02985443 -2e-05 0.004156828 0.02963216 -2e-05 0.004177199 0.02963641 -2e-05 0.004167122 0.02963376 -2e-05 0.004146424 0.02963163 -2e-05 0.004428534 0.02998753 -2e-05 0.004432134 0.02997227 -2e-05 0.004433344 0.02995665 -2e-05 0.004422628 0.03000204 -2e-05 0.004204802 0.02985822 -2e-05 0.004369597 0.02973894 -2e-05 0.004214923 0.02987098 -2e-05 0.004404968 0.02979382 -2e-05 0.004223477 0.02988484 -2e-05 0.004230344 0.02989961 -2e-05 0.004230344 0.02993269 -2e-05 0.004384528 0.03007824 -2e-05 0.004130665 0.02983463 -2e-05 0.004372786 0.03009653 -2e-05 0.004379148 0.0300877 -2e-05 0.004365515 0.03010462 -2e-05 0.004210326 0.02997272 -2e-05 0.004203098 0.02997995 -2e-05 0.004329955 0.03014018 -2e-05 0.00430513 0.0301584 -2e-05 0.004318237 0.03015024 -2e-05 0.004290935 0.03016448 -2e-05 0.003910103 0.02983463 -2e-05 0.003808603 0.02963163 -2e-05 0.004238685 0.03018229 -2e-05 0.004129598 0.03000501 -2e-05 0.003707103 0.02973313 -2e-05 0.003757853 0.02964523 -2e-05 0.003720701 0.02968238 -2e-05 0.003910103 0.03000501 -2e-05 0.004014479 0.03020801 -2e-05 0.004386302 0.03060364 -2e-05 0.004430918 0.03054005 -2e-05 0.004417497 0.03046353 -2e-05 0.003910103 0.03020801 -2e-05 0.004309786 0.03061707 -2e-05 0.004246191 0.03057245 -2e-05 0.003707103 0.03051799 -2e-05 0.003880374 0.03058976 -2e-05 0.003910103 0.03051799 -2e-05 0.003736832 0.03058976 -2e-05 0.003808603 0.03061949 -2e-05 0.004342176 0.0272479 -2e-05 0.004336416 0.02724022 -2e-05 0.004329955 0.02723311 -2e-05 0.004347185 0.02725609 -2e-05 0.004227695 0.02713806 -2e-05 0.004253755 0.02715691 -2e-05 0.004241477 0.02714645 -2e-05 0.004212759 0.02713196 -2e-05 0.004070223 0.02709163 -2e-05 0.004100999 0.0270964 -2e-05 0.004090922 0.02709376 -2e-05 0.004080627 0.02709216 -2e-05 0.004433344 0.02749285 -2e-05 0.004433004 0.02748455 -2e-05 0.004431988 0.02747631 -2e-05 0.004430301 0.02746818 -2e-05 0.004175796 0.02736604 -2e-05 0.004380897 0.02732433 -2e-05 0.004127675 0.02731792 -2e-05 0.004197353 0.02741126 -2e-05 0.00440867 0.0273952 -2e-05 0.004054465 0.02729462 -2e-05 0.004215568 0.02745793 -2e-05 0.00442979 0.02770489 -2e-05 0.004431759 0.02769613 -2e-05 0.004432947 0.02768723 -2e-05 0.004433344 0.02767826 -2e-05 0.004230344 0.0275058 -2e-05 0.003910103 0.02729462 -2e-05 0.003808603 0.02709163 -2e-05 0.004230344 0.02766432 -2e-05 0.004407605 0.02777624 -2e-05 0.003707103 0.02719312 -2e-05 0.003757853 0.02710522 -2e-05 0.003720701 0.02714237 -2e-05 0.004214903 0.02771229 -2e-05 0.004196595 0.02775924 -2e-05 0.004380341 0.02784581 -2e-05 0.004336114 0.02793126 -2e-05 0.004342609 0.02792257 -2e-05 0.00434814 0.02791324 -2e-05 0.004328729 0.0279392 -2e-05 0.004175485 0.027805 -2e-05 0.004127754 0.02785114 -2e-05 0.004252528 0.02801286 -2e-05 0.004214735 0.02803596 -2e-05 0.00422842 0.02803014 -2e-05 0.004241109 0.02802239 -2e-05 0.003910103 0.02787649 -2e-05 0.004102975 0.02807406 -2e-05 0.004053398 0.02787649 -2e-05 0.004081317 0.02807888 -2e-05 0.004092278 0.02807706 -2e-05 0.004070223 0.02807948 -2e-05 0.003808603 0.02807948 -2e-05 0.003707103 0.02797799 -2e-05 0.003720701 0.02802874 -2e-05 0.003757853 0.02806589 -2e-05 0.004331844 0.0145946 -2e-05 0.004403615 0.01456487 -2e-05 0.004433344 0.0144931 -2e-05 0.004403615 0.01442133 -2e-05 0.004331844 0.0143916 -2e-05 0.004171723 0.0145946 -2e-05 0.003968724 0.0145946 -2e-05 0.003808603 0.0143916 -2e-05 0.003808603 0.0145946 -2e-05 0.003736832 0.01442133 -2e-05 0.003707103 0.0144931 -2e-05 0.003736832 0.01456487 -2e-05 0.004070223 0.01537946 -2e-05 0.004141995 0.01534973 -2e-05 0.004171723 0.01527796 -2e-05 0.003968724 0.01527796 -2e-05 0.003998452 0.01534973 -2e-05 0.00430135 0.0169768 -2e-05 0.004331161 0.01699812 -2e-05 0.004322111 0.01698982 -2e-05 0.004312125 0.01698268 -2e-05 0.004402389 0.01721784 -2e-05 0.004433329 0.01714658 -2e-05 0.004404821 0.01707432 -2e-05 0.004330124 0.01724635 -2e-05 0.004199031 0.01715351 -2e-05 0.004211809 0.01694397 -2e-05 0.004258867 0.01721541 -2e-05 0.004114133 0.01713105 -2e-05 0.004117908 0.0169273 -2e-05 0.004022539 0.0169273 -2e-05 0.004301107 0.01738817 -2e-05 0.004324426 0.01740324 -2e-05 0.004317124 0.01739751 -2e-05 0.004309329 0.01739247 -2e-05 0.004026314 0.01713105 -2e-05 0.003928638 0.01694397 -2e-05 0.004214735 0.01734851 -2e-05 0.004224906 0.01735261 -2e-05 0.004221566 0.01735112 -2e-05 0.004218174 0.01734976 -2e-05 0.004433344 0.01759444 -2e-05 0.004432886 0.01758481 -2e-05 0.004431515 0.01757526 -2e-05 0.004429245 0.01756589 -2e-05 0.003809286 0.01699812 -2e-05 0.003839097 0.0169768 -2e-05 0.003828322 0.01698268 -2e-05 0.003818336 0.01698982 -2e-05 0.003941416 0.01715351 -2e-05 0.003910103 0.0171859 -2e-05 0.003735626 0.01707432 -2e-05 0.004200782 0.01756536 -2e-05 0.004369597 0.01745039 -2e-05 0.004212622 0.01757925 -2e-05 0.004222534 0.01759457 -2e-05 0.004404968 0.01750528 -2e-05 0.004403615 0.01777798 -2e-05 0.004419745 0.01775696 -2e-05 0.004429885 0.01773248 -2e-05 0.004433344 0.01770621 -2e-05 0.004230344 0.01761106 -2e-05 0.004144036 0.01753888 -2e-05 0.003996411 0.01727409 -2e-05 0.004230344 0.01766416 -2e-05 0.003707103 0.01714487 -2e-05 0.003720134 0.01709511 -2e-05 0.003710415 0.01711915 -2e-05 0.003707103 0.01721852 -2e-05 0.003910103 0.01720191 -2e-05 0.004329955 0.01785164 -2e-05 0.004203098 0.01769141 -2e-05 0.003711203 0.01724708 -2e-05 0.003707561 0.01722816 -2e-05 0.003708932 0.01723771 -2e-05 0.003925712 0.01746445 -2e-05 0.003918881 0.01746185 -2e-05 0.003922273 0.01746321 -2e-05 0.00391554 0.01746036 -2e-05 0.003939665 0.0172476 -2e-05 0.00430513 0.01786986 -2e-05 0.004318237 0.01786169 -2e-05 0.003735479 0.01730769 -2e-05 0.003917913 0.0172184 -2e-05 0.004290935 0.01787594 -2e-05 0.00383934 0.0174248 -2e-05 0.003770849 0.01736258 -2e-05 0.003927825 0.01723372 -2e-05 0.003816021 0.01740973 -2e-05 0.003823323 0.01741546 -2e-05 0.003831118 0.0174205 -2e-05 0.004179175 0.01791404 -2e-05 0.004129598 0.01771646 -2e-05 0.004157517 0.01791886 -2e-05 0.004168478 0.01791704 -2e-05 0.004146424 0.01791947 -2e-05 0.003996563 0.01791947 -2e-05 0.004013034 0.01771646 -2e-05 0.003964466 0.01791426 -2e-05 0.003937092 0.01769115 -2e-05 0.003974958 0.01791714 -2e-05 0.003985698 0.01791888 -2e-05 0.003707103 0.01770621 -2e-05 0.003880374 0.01763443 -2e-05 0.003808603 0.01760471 -2e-05 0.003736832 0.01763443 -2e-05 0.003850166 0.01787616 -2e-05 0.003822395 0.01786183 -2e-05 0.003835726 0.01787007 -2e-05 0.003736832 0.01777798 -2e-05 0.003810492 0.01785164 -2e-05 0.005126866 0.01967461 -2e-05 0.005198637 0.01964488 -2e-05 0.005228365 0.01957311 -2e-05 0.005198637 0.01950134 -2e-05 0.005126866 0.01947161 -2e-05 0.004938905 0.01984499 -2e-05 0.005040405 0.01994649 -2e-05 0.005010676 0.01987472 -2e-05 0.004743225 0.01967461 -2e-05 0.004641725 0.01947161 -2e-05 0.005010676 0.02001826 -2e-05 0.004540225 0.01957311 -2e-05 0.004590975 0.01948521 -2e-05 0.004553823 0.01952236 -2e-05 0.004743225 0.01984499 -2e-05 0.004938905 0.02004799 -2e-05 0.004743225 0.02004799 -2e-05 0.005126866 0.02045947 -2e-05 0.005198637 0.02042974 -2e-05 0.005228365 0.02035797 -2e-05 0.005198637 0.0202862 -2e-05 0.005126866 0.02025647 -2e-05 0.004743225 0.02025647 -2e-05 0.004540225 0.02035797 -2e-05 0.004641725 0.02045947 -2e-05 0.004590975 0.02044587 -2e-05 0.004553823 0.02040872 -2e-05 0.005196804 0.03684264 -2e-05 0.005210919 0.03685092 -2e-05 0.005206365 0.03684791 -2e-05 0.005201655 0.03684515 -2e-05 0.005079017 0.03679699 -2e-05 0.005123144 0.03680708 -2e-05 0.005108997 0.03680151 -2e-05 0.005094177 0.03679813 -2e-05 0.005301164 0.03717947 -2e-05 0.005358729 0.03712731 -2e-05 0.005362546 0.03704972 -2e-05 0.005130206 0.0370489 -2e-05 0.005326069 0.03697347 -2e-05 0.005274808 0.03690626 -2e-05 0.005100424 0.03702153 -2e-05 0.00488503 0.03680708 -2e-05 0.004929157 0.03679699 -2e-05 0.004913997 0.03679813 -2e-05 0.004899177 0.03680151 -2e-05 0.005154166 0.0370815 -2e-05 0.005055799 0.03699998 -2e-05 0.005171408 0.03711809 -2e-05 0.005223574 0.03717566 -2e-05 0.004952375 0.03699998 -2e-05 0.004811369 0.03684264 -2e-05 0.004794888 0.03685263 -2e-05 0.004802891 0.03684724 -2e-05 0.004787433 0.03685875 -2e-05 0.004913529 0.03701874 -2e-05 0.004722999 0.03692707 -2e-05 0.00485686 0.03708821 -2e-05 0.005176193 0.03745 -2e-05 0.005357762 0.03754078 -2e-05 0.005363269 0.03746329 -2e-05 0.005312369 0.0374046 -2e-05 0.00523488 0.0373991 -2e-05 0.005313751 0.03762725 -2e-05 0.005316856 0.0376222 -2e-05 0.005319662 0.03761698 -2e-05 0.005310356 0.03763211 -2e-05 0.004670218 0.03700474 -2e-05 0.004817691 0.03716886 -2e-05 0.005142456 0.03751747 -2e-05 0.005254792 0.03769346 -2e-05 0.005118271 0.03754323 -2e-05 0.004630427 0.0370898 -2e-05 0.00509034 0.03756487 -2e-05 0.00518844 0.03774295 -2e-05 0.005059355 0.03758185 -2e-05 0.004604632 0.0371801 -2e-05 0.004798122 0.03725635 -2e-05 0.005113791 0.03777871 -2e-05 0.004593487 0.03727334 -2e-05 0.004799204 0.037346 -2e-05 0.005090821 0.03778416 -2e-05 0.005102465 0.0377821 -2e-05 0.005079017 0.03778485 -2e-05 0.004948818 0.03758185 -2e-05 0.004597274 0.03736718 -2e-05 0.004615898 0.03745922 -2e-05 0.004820877 0.03743299 -2e-05 0.004929157 0.03778485 -2e-05 0.004894383 0.03777871 -2e-05 0.004905709 0.0377821 -2e-05 0.004917353 0.03778416 -2e-05 0.004648886 0.03754714 -2e-05 0.00486198 0.03751267 -2e-05 0.004819734 0.03774295 -2e-05 0.004916143 0.03756375 -2e-05 0.004695404 0.03762872 -2e-05 0.004696998 0.03763099 -2e-05 0.004696193 0.03762986 -2e-05 0.004697818 0.03763211 -2e-05 0.004886927 0.03754047 -2e-05 0.004753381 0.03769346 -2e-05 0.005211404 0.02713978 -2e-05 0.005220668 0.02714556 -2e-05 0.005216114 0.02714255 -2e-05 0.005206553 0.02713728 -2e-05 0.005088766 0.02709163 -2e-05 0.005132893 0.02710172 -2e-05 0.005118745 0.02709615 -2e-05 0.005103926 0.02709276 -2e-05 0.005310913 0.02747411 -2e-05 0.005368477 0.02742195 -2e-05 0.005372295 0.02734436 -2e-05 0.005139955 0.02734354 -2e-05 0.005335817 0.02726811 -2e-05 0.005284557 0.0272009 -2e-05 0.005110172 0.02731617 -2e-05 0.004894778 0.02710172 -2e-05 0.004938905 0.02709163 -2e-05 0.004923745 0.02709276 -2e-05 0.004908926 0.02709615 -2e-05 0.005163914 0.02737614 -2e-05 0.005065547 0.02729462 -2e-05 0.005181157 0.02741273 -2e-05 0.005233322 0.0274703 -2e-05 0.004962123 0.02729462 -2e-05 0.004821118 0.02713728 -2e-05 0.004797181 0.02715339 -2e-05 0.00481264 0.02714188 -2e-05 0.004804636 0.02714727 -2e-05 0.004923278 0.02731338 -2e-05 0.004732748 0.0272217 -2e-05 0.004866609 0.02738285 -2e-05 0.005185942 0.02774463 -2e-05 0.00536751 0.02783542 -2e-05 0.005373017 0.02775793 -2e-05 0.005322118 0.02769924 -2e-05 0.005244629 0.02769373 -2e-05 0.0053235 0.02792189 -2e-05 0.005326605 0.02791684 -2e-05 0.00532941 0.02791162 -2e-05 0.005320105 0.02792675 -2e-05 0.004679967 0.02729938 -2e-05 0.004827439 0.0274635 -2e-05 0.005152204 0.02781211 -2e-05 0.005264541 0.0279881 -2e-05 0.00512802 0.02783787 -2e-05 0.004640175 0.02738444 -2e-05 0.005100088 0.0278595 -2e-05 0.005198189 0.02803759 -2e-05 0.005069104 0.02787649 -2e-05 0.00461438 0.02747474 -2e-05 0.004807871 0.02755099 -2e-05 0.005123539 0.02807334 -2e-05 0.004603236 0.02756798 -2e-05 0.004808952 0.02764063 -2e-05 0.005088766 0.02807948 -2e-05 0.00510057 0.0280788 -2e-05 0.005112214 0.02807674 -2e-05 0.004607023 0.02766181 -2e-05 0.004625647 0.02775386 -2e-05 0.004830626 0.02772763 -2e-05 0.004938905 0.02807948 -2e-05 0.004958567 0.02787649 -2e-05 0.004915457 0.02807674 -2e-05 0.004927101 0.0280788 -2e-05 0.004904132 0.02807334 -2e-05 0.004658635 0.02784178 -2e-05 0.004871729 0.02780731 -2e-05 0.004829482 0.02803759 -2e-05 0.004925891 0.02785839 -2e-05 0.004705153 0.02792336 -2e-05 0.004707566 0.02792675 -2e-05 0.004705942 0.0279245 -2e-05 0.004706746 0.02792563 -2e-05 0.004896675 0.02783511 -2e-05 0.00476313 0.0279881 -2e-05 0.005206553 0.02205727 -2e-05 0.005220668 0.02206555 -2e-05 0.005216114 0.02206254 -2e-05 0.005211404 0.02205977 -2e-05 0.005088766 0.02201161 -2e-05 0.005132893 0.02202171 -2e-05 0.005118745 0.02201614 -2e-05 0.005103926 0.02201275 -2e-05 0.005310913 0.0223941 -2e-05 0.005368477 0.02234194 -2e-05 0.005372295 0.02226435 -2e-05 0.004908926 0.02201614 -2e-05 0.004938905 0.02201161 -2e-05 0.004923745 0.02201275 -2e-05 0.005139955 0.02226353 -2e-05 0.005335817 0.0221881 -2e-05 0.005284557 0.02212089 -2e-05 0.005110172 0.02223616 -2e-05 0.004894778 0.02202171 -2e-05 0.005163914 0.02229613 -2e-05 0.005065547 0.02221461 -2e-05 0.005181157 0.02233272 -2e-05 0.005233322 0.02239029 -2e-05 0.004962123 0.02221461 -2e-05 0.004821118 0.02205727 -2e-05 0.004797181 0.02207338 -2e-05 0.00481264 0.02206187 -2e-05 0.004804636 0.02206726 -2e-05 0.004923278 0.02223337 -2e-05 0.004732748 0.0221417 -2e-05 0.004866609 0.02230284 -2e-05 0.005185942 0.02266462 -2e-05 0.00536751 0.02275541 -2e-05 0.005373017 0.02267792 -2e-05 0.005322118 0.02261923 -2e-05 0.005244629 0.02261372 -2e-05 0.0053235 0.02284188 -2e-05 0.005326605 0.02283683 -2e-05 0.00532941 0.02283161 -2e-05 0.005320105 0.02284674 -2e-05 0.004679967 0.02221937 -2e-05 0.004827439 0.02238348 -2e-05 0.005152204 0.0227321 -2e-05 0.005264541 0.02290809 -2e-05 0.00512802 0.02275786 -2e-05 0.004640175 0.02230443 -2e-05 0.005100088 0.0227795 -2e-05 0.005198189 0.02295757 -2e-05 0.005069104 0.02279648 -2e-05 0.00461438 0.02239473 -2e-05 0.004807871 0.02247098 -2e-05 0.005123539 0.02299333 -2e-05 0.004603236 0.02248797 -2e-05 0.004808952 0.02256063 -2e-05 0.005088766 0.02299948 -2e-05 0.00510057 0.02299879 -2e-05 0.005112214 0.02299673 -2e-05 0.004607023 0.0225818 -2e-05 0.004625647 0.02267385 -2e-05 0.004830626 0.02264762 -2e-05 0.004938905 0.02299948 -2e-05 0.004958567 0.02279648 -2e-05 0.004915457 0.02299673 -2e-05 0.004927101 0.02299879 -2e-05 0.004904132 0.02299333 -2e-05 0.004658635 0.02276177 -2e-05 0.004871729 0.0227273 -2e-05 0.004829482 0.02295757 -2e-05 0.004925891 0.02277838 -2e-05 0.004705153 0.02284335 -2e-05 0.004707566 0.02284674 -2e-05 0.004705942 0.02284449 -2e-05 0.004706746 0.02284562 -2e-05 0.004896675 0.0227551 -2e-05 0.00476313 0.02290809 -2e-05 0.005388486 0.0103581 -2e-05 0.005489986 0.0104596 -2e-05 0.005460258 0.01038783 -2e-05 0.005460258 0.01053137 -2e-05 0.005388486 0.0105611 -2e-05 0.004613885 0.0104596 -2e-05 0.004715385 0.0103581 -2e-05 0.004643613 0.01038783 -2e-05 0.004715385 0.0105611 -2e-05 0.004643613 0.01053137 -2e-05 0.005388486 0.008021091 -2e-05 0.005460258 0.007991362 -2e-05 0.005489986 0.007919591 -2e-05 0.005460258 0.00784782 -2e-05 0.005388486 0.007818091 -2e-05 0.004613885 0.007919591 -2e-05 0.004715385 0.007818091 -2e-05 0.004643613 0.00784782 -2e-05 0.004715385 0.008021091 -2e-05 0.004643613 0.007991362 -2e-05 0.005388486 0.01310108 -2e-05 0.005460258 0.01307135 -2e-05 0.005489986 0.01299958 -2e-05 0.005460258 0.0129278 -2e-05 0.005388486 0.01289808 -2e-05 0.004715385 0.01310108 -2e-05 0.004715385 0.01289808 -2e-05 0.004643613 0.0129278 -2e-05 0.004613885 0.01299958 -2e-05 0.004643613 0.01307135 -2e-05 0.005460258 0.006063366 -2e-05 0.005489986 0.005991595 -2e-05 0.005460258 0.005919824 -2e-05 0.005388486 0.005890095 -2e-05 0.005388486 0.006093095 -2e-05 0.004613885 0.005991595 -2e-05 0.004715385 0.005890095 -2e-05 0.004643613 0.005919824 -2e-05 0.004715385 0.006093095 -2e-05 0.004643613 0.006063366 -2e-05 0.005119541 0.02459196 -2e-05 0.00515449 0.02461133 -2e-05 0.00514373 0.02460335 -2e-05 0.005132012 0.02459685 -2e-05 0.004977005 0.02455162 -2e-05 0.005007781 0.0245564 -2e-05 0.004997704 0.02455375 -2e-05 0.00498741 0.02455215 -2e-05 0.005340126 0.02495284 -2e-05 0.005339971 0.02494724 -2e-05 0.005339508 0.02494166 -2e-05 0.005338737 0.02493611 -2e-05 0.005037248 0.0247788 -2e-05 0.00522134 0.02467906 -2e-05 0.005083033 0.02483242 -2e-05 0.00527536 0.02475741 -2e-05 0.005116807 0.0248943 -2e-05 0.005314895 0.02484398 -2e-05 0.004961247 0.02475462 -2e-05 0.005338718 0.0251551 -2e-05 0.005339773 0.02514671 -2e-05 0.005340126 0.02513826 -2e-05 0.005137126 0.02496182 -2e-05 0.005336969 0.02516338 -2e-05 0.004816885 0.02475462 -2e-05 0.004715385 0.02455162 -2e-05 0.005137126 0.02512503 -2e-05 0.005314596 0.02523698 -2e-05 0.004613885 0.02465312 -2e-05 0.004664635 0.02456522 -2e-05 0.004627483 0.02460237 -2e-05 0.00512193 0.02517288 -2e-05 0.005103094 0.02521942 -2e-05 0.005285694 0.02530827 -2e-05 0.005234197 0.02539799 -2e-05 0.005240252 0.02539138 -2e-05 0.005245699 0.02538425 -2e-05 0.005250496 0.02537668 -2e-05 0.00508073 0.02526437 -2e-05 0.005033679 0.02531142 -2e-05 0.005160537 0.02547165 -2e-05 0.005121517 0.02549595 -2e-05 0.005135711 0.02548987 -2e-05 0.005148819 0.02548171 -2e-05 0.005009757 0.02553405 -2e-05 0.00496018 0.02533648 -2e-05 0.004988099 0.02553887 -2e-05 0.00499906 0.02553706 -2e-05 0.004977005 0.02553948 -2e-05 0.004816885 0.02533648 -2e-05 0.004613885 0.02543798 -2e-05 0.004715385 0.02553948 -2e-05 0.004627483 0.02548873 -2e-05 0.004664635 0.02552588 -2e-05 0.005200526 0.02983463 -2e-05 0.005272297 0.0298049 -2e-05 0.005302026 0.02973313 -2e-05 0.005272297 0.02966136 -2e-05 0.005200526 0.02963163 -2e-05 0.004816885 0.02983463 -2e-05 0.004715385 0.02963163 -2e-05 0.004613885 0.02973313 -2e-05 0.004664635 0.02964523 -2e-05 0.004627483 0.02968238 -2e-05 0.004816885 0.03000501 -2e-05 0.005012566 0.03020801 -2e-05 0.005084337 0.03017828 -2e-05 0.005114065 0.03010651 -2e-05 0.005084337 0.03003474 -2e-05 0.005012566 0.03000501 -2e-05 0.005200526 0.03041649 -2e-05 0.005302026 0.03051799 -2e-05 0.005272297 0.03044622 -2e-05 0.005272297 0.03058976 -2e-05 0.004816885 0.03020801 -2e-05 0.005200526 0.03061949 -2e-05 0.004816885 0.03041649 -2e-05 0.004715385 0.03061949 -2e-05 0.004613885 0.03051799 -2e-05 0.004627483 0.03056874 -2e-05 0.004664635 0.03060589 -2e-05 0.005132012 0.01697684 -2e-05 0.00515449 0.01699132 -2e-05 0.00514373 0.01698334 -2e-05 0.005119541 0.01697194 -2e-05 0.00498741 0.01693214 -2e-05 0.005007781 0.01693638 -2e-05 0.004997704 0.01693374 -2e-05 0.004977005 0.0169316 -2e-05 0.005339971 0.01732722 -2e-05 0.005339508 0.01732164 -2e-05 0.005338737 0.01731609 -2e-05 0.005340126 0.01733282 -2e-05 0.005037248 0.01715879 -2e-05 0.00522134 0.01705905 -2e-05 0.005083033 0.0172124 -2e-05 0.00527536 0.0171374 -2e-05 0.005116807 0.01727429 -2e-05 0.005314895 0.01722396 -2e-05 0.004961247 0.0171346 -2e-05 0.005338718 0.01753509 -2e-05 0.005339773 0.0175267 -2e-05 0.005340126 0.01751825 -2e-05 0.005137126 0.0173418 -2e-05 0.005336969 0.01754336 -2e-05 0.004816885 0.0171346 -2e-05 0.004715385 0.0169316 -2e-05 0.005137126 0.01750502 -2e-05 0.005314596 0.01761696 -2e-05 0.004613885 0.0170331 -2e-05 0.004664635 0.0169452 -2e-05 0.004627483 0.01698235 -2e-05 0.00512193 0.01755287 -2e-05 0.005103094 0.01759941 -2e-05 0.005285694 0.01768826 -2e-05 0.005240252 0.01777136 -2e-05 0.005245699 0.01776424 -2e-05 0.005250496 0.01775666 -2e-05 0.005234197 0.01777798 -2e-05 0.00508073 0.01764436 -2e-05 0.005033679 0.01769141 -2e-05 0.005160537 0.01785164 -2e-05 0.005135711 0.01786986 -2e-05 0.005148819 0.01786169 -2e-05 0.005121517 0.01787594 -2e-05 0.005009757 0.01791404 -2e-05 0.00496018 0.01771646 -2e-05 0.004988099 0.01791886 -2e-05 0.00499906 0.01791704 -2e-05 0.004977005 0.01791947 -2e-05 0.004816885 0.01771646 -2e-05 0.004613885 0.01781796 -2e-05 0.004715385 0.01791947 -2e-05 0.004627483 0.01786872 -2e-05 0.004664635 0.01790587 -2e-05 0.005388486 0.01564108 -2e-05 0.005460258 0.01561135 -2e-05 0.005489986 0.01553958 -2e-05 0.005460258 0.01546781 -2e-05 0.005388486 0.01543808 -2e-05 0.004715385 0.01543808 -2e-05 0.004715385 0.01564108 -2e-05 0.004643613 0.01561135 -2e-05 0.004643613 0.01546781 -2e-05 0.004613885 0.01553958 -2e-05 0.005244047 0.032217 -2e-05 0.005272297 0.03223692 -2e-05 0.00526366 0.03222922 -2e-05 0.005254203 0.03222255 -2e-05 0.005142008 0.03239372 -2e-05 0.005348497 0.03231312 -2e-05 0.005154913 0.03218401 -2e-05 0.005204955 0.03245667 -2e-05 0.005276726 0.03248639 -2e-05 0.005348497 0.03245667 -2e-05 0.005378226 0.0323849 -2e-05 0.005057835 0.03237105 -2e-05 0.005061358 0.03216724 -2e-05 0.005324029 0.03270343 -2e-05 0.005317667 0.0326946 -2e-05 0.005310397 0.0326865 -2e-05 0.00532941 0.03271288 -2e-05 0.005244653 0.03262877 -2e-05 0.005272297 0.0326484 -2e-05 0.005263835 0.03264084 -2e-05 0.005254582 0.03263427 -2e-05 0.004970663 0.03237094 -2e-05 0.004966313 0.03216724 -2e-05 0.004872757 0.03218401 -2e-05 0.005159617 0.03258854 -2e-05 0.005170992 0.03259321 -2e-05 0.005167264 0.0325915 -2e-05 0.005163471 0.03258995 -2e-05 0.005377016 0.03281885 -2e-05 0.005373415 0.0328036 -2e-05 0.00536751 0.03278908 -2e-05 0.005378226 0.03283448 -2e-05 0.004754168 0.03223815 -2e-05 0.004783623 0.032217 -2e-05 0.004772982 0.03222285 -2e-05 0.004763117 0.03222994 -2e-05 0.004886434 0.0323934 -2e-05 0.004854985 0.03242593 -2e-05 0.004680508 0.03231435 -2e-05 0.005364048 0.03299797 -2e-05 0.005374617 0.03297306 -2e-05 0.005378226 0.03294624 -2e-05 0.005140913 0.0328041 -2e-05 0.005155208 0.0328184 -2e-05 0.00534727 0.03301921 -2e-05 0.005175226 0.03285844 -2e-05 0.005088285 0.0327787 -2e-05 0.004941293 0.03251411 -2e-05 0.005175226 0.03290318 -2e-05 0.004651985 0.0323849 -2e-05 0.004665016 0.03233514 -2e-05 0.004655297 0.03235918 -2e-05 0.004651985 0.03245855 -2e-05 0.004854985 0.03243604 -2e-05 0.00527107 0.03309287 -2e-05 0.005146297 0.03293115 -2e-05 0.004870594 0.03270449 -2e-05 0.004863763 0.03270188 -2e-05 0.004867155 0.03270324 -2e-05 0.004661508 0.03250148 -2e-05 0.004653058 0.03247327 -2e-05 0.004656255 0.03248769 -2e-05 0.004860422 0.03270039 -2e-05 0.004886272 0.03248844 -2e-05 0.005246963 0.03311015 -2e-05 0.005259651 0.0331024 -2e-05 0.004784222 0.03266483 -2e-05 0.004697067 0.03257768 -2e-05 0.00487346 0.03247563 -2e-05 0.005233277 0.03311597 -2e-05 0.004764184 0.03265247 -2e-05 0.004773843 0.03265923 -2e-05 0.004717274 0.03260653 -2e-05 0.004702667 0.03258806 -2e-05 0.004709433 0.03259772 -2e-05 0.004755374 0.03264463 -2e-05 0.005121517 0.03315407 -2e-05 0.00507194 0.0329565 -2e-05 0.005099859 0.03315889 -2e-05 0.00511082 0.03315707 -2e-05 0.005088766 0.0331595 -2e-05 0.004681714 0.03287447 -2e-05 0.004825256 0.03287447 -2e-05 0.004753485 0.03284473 -2e-05 0.004938905 0.0331595 -2e-05 0.004955731 0.0329565 -2e-05 0.004906154 0.03315407 -2e-05 0.004882231 0.03293144 -2e-05 0.004916851 0.03315707 -2e-05 0.004927812 0.03315889 -2e-05 0.004651985 0.03294624 -2e-05 0.004794394 0.03311597 -2e-05 0.004767092 0.03310172 -2e-05 0.0047802 0.03310989 -2e-05 0.004681714 0.03301801 -2e-05 0.004755374 0.03309167 -2e-05 0.005175226 0.03481314 -2e-05 0.005378226 0.03481314 -2e-05 0.005348497 0.03474137 -2e-05 0.005276726 0.03471164 -2e-05 0.005204955 0.03474137 -2e-05 0.004686588 0.0347368 -2e-05 0.004837938 0.03475684 -2e-05 0.004766803 0.03471252 -2e-05 0.005175226 0.03526277 -2e-05 0.004651985 0.03481314 -2e-05 0.005378226 0.035598 -2e-05 0.004854985 0.03514837 -2e-05 0.005192273 0.0356543 -2e-05 0.005263407 0.03569862 -2e-05 0.005343623 0.03567434 -2e-05 0.004651985 0.035598 -2e-05 0.004854985 0.035598 -2e-05 0.004681714 0.03566977 -2e-05 0.004753485 0.0356995 -2e-05 0.004825256 0.03566977 -2e-05 0.005914562 0.01951195 -2e-05 0.005949512 0.01953132 -2e-05 0.005938752 0.01952334 -2e-05 0.005927034 0.01951684 -2e-05 0.005772027 0.01947161 -2e-05 0.005802802 0.01947639 -2e-05 0.005792726 0.01947374 -2e-05 0.005782431 0.01947214 -2e-05 0.006134993 0.01986723 -2e-05 0.006134529 0.01986164 -2e-05 0.006133759 0.0198561 -2e-05 0.006135147 0.01987283 -2e-05 0.00583227 0.01969879 -2e-05 0.006016362 0.01959905 -2e-05 0.005878054 0.01975241 -2e-05 0.006070381 0.0196774 -2e-05 0.005911828 0.01981429 -2e-05 0.006109917 0.01976397 -2e-05 0.005756269 0.01967461 -2e-05 0.005932148 0.01988181 -2e-05 0.00613199 0.02008337 -2e-05 0.00613374 0.02007509 -2e-05 0.006134795 0.0200667 -2e-05 0.006135147 0.02005825 -2e-05 0.005611906 0.01967461 -2e-05 0.005510406 0.01947161 -2e-05 0.005932148 0.02004502 -2e-05 0.006109617 0.02015697 -2e-05 0.005408906 0.01957311 -2e-05 0.005459656 0.01948521 -2e-05 0.005422505 0.01952236 -2e-05 0.005916952 0.02009287 -2e-05 0.005898116 0.02013941 -2e-05 0.006080715 0.02022826 -2e-05 0.006035274 0.02031137 -2e-05 0.006040721 0.02030424 -2e-05 0.006045518 0.02029667 -2e-05 0.006029219 0.02031798 -2e-05 0.005875752 0.02018436 -2e-05 0.005828701 0.02023141 -2e-05 0.005955558 0.02039164 -2e-05 0.005916539 0.02041594 -2e-05 0.005930733 0.02040986 -2e-05 0.005943841 0.0204017 -2e-05 0.005611906 0.02025647 -2e-05 0.005804778 0.02045404 -2e-05 0.005755201 0.02025647 -2e-05 0.005783121 0.02045886 -2e-05 0.005794082 0.02045704 -2e-05 0.005772027 0.02045947 -2e-05 0.005408906 0.02035797 -2e-05 0.005510406 0.02045947 -2e-05 0.005422505 0.02040872 -2e-05 0.005459656 0.02044587 -2e-05 0.006074629 0.02967699 -2e-05 0.006102879 0.02969692 -2e-05 0.006094242 0.02968921 -2e-05 0.006084785 0.02968254 -2e-05 0.005972589 0.02985371 -2e-05 0.006179079 0.02977312 -2e-05 0.005985495 0.029644 -2e-05 0.006035536 0.02991666 -2e-05 0.006107307 0.02994639 -2e-05 0.006179079 0.02991666 -2e-05 0.006208807 0.02984489 -2e-05 0.005888416 0.02983105 -2e-05 0.00589194 0.02962724 -2e-05 0.006159992 0.03017288 -2e-05 0.006154611 0.03016342 -2e-05 0.006148249 0.03015459 -2e-05 0.006140979 0.0301465 -2e-05 0.006075234 0.03008876 -2e-05 0.006102879 0.0301084 -2e-05 0.006094417 0.03010083 -2e-05 0.006085164 0.03009426 -2e-05 0.005801245 0.02983094 -2e-05 0.005796895 0.02962724 -2e-05 0.005703339 0.029644 -2e-05 0.005990199 0.03004854 -2e-05 0.006001574 0.0300532 -2e-05 0.005997846 0.0300515 -2e-05 0.005994052 0.03004994 -2e-05 0.006208807 0.03029447 -2e-05 0.006207598 0.03027885 -2e-05 0.006203997 0.03026359 -2e-05 0.006198092 0.03024908 -2e-05 0.00558475 0.02969814 -2e-05 0.005614205 0.02967699 -2e-05 0.005603564 0.02968285 -2e-05 0.005593699 0.02968993 -2e-05 0.005717015 0.0298534 -2e-05 0.005685566 0.02988593 -2e-05 0.005511089 0.02977435 -2e-05 0.005971495 0.0302641 -2e-05 0.005985789 0.03027839 -2e-05 0.006177852 0.03047921 -2e-05 0.00619463 0.03045797 -2e-05 0.006205199 0.03043305 -2e-05 0.006208807 0.03040623 -2e-05 0.006005808 0.03031843 -2e-05 0.005918867 0.03023869 -2e-05 0.005771874 0.02997411 -2e-05 0.005485878 0.02981917 -2e-05 0.005495597 0.02979514 -2e-05 0.006005808 0.03036318 -2e-05 0.005482567 0.02984489 -2e-05 0.005482567 0.02991855 -2e-05 0.005685566 0.02989603 -2e-05 0.006101652 0.03055287 -2e-05 0.005976878 0.03039114 -2e-05 0.005701176 0.03016448 -2e-05 0.005694345 0.03016187 -2e-05 0.005697737 0.03016324 -2e-05 0.005691004 0.03016039 -2e-05 0.005716854 0.02994843 -2e-05 0.005492089 0.02996147 -2e-05 0.00548364 0.02993327 -2e-05 0.005486836 0.02994768 -2e-05 0.006077544 0.03057014 -2e-05 0.006090232 0.03056239 -2e-05 0.005614804 0.03012483 -2e-05 0.005527649 0.03003767 -2e-05 0.005704042 0.02993562 -2e-05 0.006063859 0.03057596 -2e-05 0.005594765 0.03011246 -2e-05 0.005604424 0.03011923 -2e-05 0.005547855 0.03006652 -2e-05 0.005533249 0.03004805 -2e-05 0.005540015 0.03005771 -2e-05 0.005585956 0.03010462 -2e-05 0.005952098 0.03061406 -2e-05 0.005902522 0.03041649 -2e-05 0.005930441 0.03061888 -2e-05 0.005941402 0.03061707 -2e-05 0.005919347 0.03061949 -2e-05 0.005769487 0.03061949 -2e-05 0.005786313 0.03041649 -2e-05 0.005747432 0.03061707 -2e-05 0.005758393 0.03061888 -2e-05 0.005736735 0.03061406 -2e-05 0.005712812 0.03039143 -2e-05 0.005482567 0.03040623 -2e-05 0.005655838 0.03033446 -2e-05 0.005584066 0.03030473 -2e-05 0.005512295 0.03033446 -2e-05 0.005624975 0.03057596 -2e-05 0.005597673 0.03056172 -2e-05 0.005610781 0.03056988 -2e-05 0.005512295 0.030478 -2e-05 0.005585956 0.03055166 -2e-05 0.006121813 0.01698186 -2e-05 0.006137272 0.01699337 -2e-05 0.006129816 0.01698725 -2e-05 0.006113335 0.01697726 -2e-05 0.006010707 0.01693274 -2e-05 0.006039674 0.0169417 -2e-05 0.006025527 0.01693613 -2e-05 0.005995547 0.0169316 -2e-05 0.00580156 0.0169417 -2e-05 0.005845687 0.0169316 -2e-05 0.005830527 0.01693274 -2e-05 0.005815707 0.01693613 -2e-05 0.006011175 0.01715336 -2e-05 0.006201705 0.01706169 -2e-05 0.006067844 0.01722283 -2e-05 0.006254486 0.01713936 -2e-05 0.00597233 0.0171346 -2e-05 0.006107013 0.01730347 -2e-05 0.006320072 0.01731472 -2e-05 0.006294277 0.01722442 -2e-05 0.006126582 0.01739097 -2e-05 0.006331217 0.01740796 -2e-05 0.005868905 0.0171346 -2e-05 0.0057279 0.01697726 -2e-05 0.005703963 0.01699337 -2e-05 0.005719421 0.01698186 -2e-05 0.005711419 0.01698725 -2e-05 0.00583006 0.01715336 -2e-05 0.006125501 0.01748061 -2e-05 0.006308806 0.01759384 -2e-05 0.00632743 0.01750179 -2e-05 0.005639529 0.01706169 -2e-05 0.005773391 0.01722283 -2e-05 0.006103827 0.01756761 -2e-05 0.006275818 0.01768176 -2e-05 0.006226886 0.01776673 -2e-05 0.006227706 0.01776561 -2e-05 0.006228511 0.01776448 -2e-05 0.0062293 0.01776334 -2e-05 0.005586749 0.01713936 -2e-05 0.005734221 0.01730347 -2e-05 0.006062724 0.01764729 -2e-05 0.006037778 0.01767509 -2e-05 0.006171323 0.01782808 -2e-05 0.005546957 0.01722442 -2e-05 0.006008561 0.01769836 -2e-05 0.00610497 0.01787757 -2e-05 0.005975886 0.01771646 -2e-05 0.005521162 0.01731472 -2e-05 0.005714653 0.01739097 -2e-05 0.006030321 0.01791332 -2e-05 0.005510017 0.01740796 -2e-05 0.005715734 0.01748061 -2e-05 0.006007351 0.01791878 -2e-05 0.006018995 0.01791672 -2e-05 0.005995547 0.01791947 -2e-05 0.005865349 0.01771646 -2e-05 0.005513805 0.01750179 -2e-05 0.005532428 0.01759384 -2e-05 0.005737408 0.01756761 -2e-05 0.005845687 0.01791947 -2e-05 0.005810914 0.01791332 -2e-05 0.005822239 0.01791672 -2e-05 0.005833883 0.01791878 -2e-05 0.005565417 0.01768176 -2e-05 0.005778511 0.01764729 -2e-05 0.005736264 0.01787757 -2e-05 0.005832673 0.01769836 -2e-05 0.005611934 0.01776334 -2e-05 0.005613528 0.01776561 -2e-05 0.005612723 0.01776448 -2e-05 0.005614348 0.01776673 -2e-05 0.005803457 0.01767509 -2e-05 0.005669912 0.01782808 -2e-05 0.005520667 0.02465312 -2e-05 0.005723667 0.02465312 -2e-05 0.005693938 0.02458135 -2e-05 0.005622167 0.02455162 -2e-05 0.005550395 0.02458135 -2e-05 0.005520667 0.02543798 -2e-05 0.005693938 0.02550975 -2e-05 0.005723667 0.02543798 -2e-05 0.005622167 0.02553948 -2e-05 0.005550395 0.02550975 -2e-05 0.006141686 0.03684264 -2e-05 0.006155801 0.03685092 -2e-05 0.006151247 0.03684791 -2e-05 0.006146537 0.03684515 -2e-05 0.006023899 0.03679699 -2e-05 0.006068026 0.03680708 -2e-05 0.006053879 0.03680151 -2e-05 0.006039059 0.03679813 -2e-05 0.006246046 0.03717947 -2e-05 0.006303611 0.03712731 -2e-05 0.006307428 0.03704972 -2e-05 0.006075088 0.0370489 -2e-05 0.006270951 0.03697347 -2e-05 0.00621969 0.03690626 -2e-05 0.006045306 0.03702153 -2e-05 0.005829912 0.03680708 -2e-05 0.005874039 0.03679699 -2e-05 0.005858879 0.03679813 -2e-05 0.005844059 0.03680151 -2e-05 0.006099048 0.0370815 -2e-05 0.006000681 0.03699998 -2e-05 0.00611629 0.03711809 -2e-05 0.006168456 0.03717566 -2e-05 0.005897256 0.03699998 -2e-05 0.005756251 0.03684264 -2e-05 0.00573977 0.03685263 -2e-05 0.005747773 0.03684724 -2e-05 0.005732314 0.03685875 -2e-05 0.005858411 0.03701874 -2e-05 0.005667881 0.03692707 -2e-05 0.005801742 0.03708821 -2e-05 0.006121075 0.03745 -2e-05 0.006302643 0.03754078 -2e-05 0.00630815 0.03746329 -2e-05 0.006257251 0.0374046 -2e-05 0.006179762 0.0373991 -2e-05 0.006258633 0.03762725 -2e-05 0.006261738 0.0376222 -2e-05 0.006264544 0.03761698 -2e-05 0.006255238 0.03763211 -2e-05 0.0056151 0.03700474 -2e-05 0.005762573 0.03716886 -2e-05 0.006087337 0.03751747 -2e-05 0.006199674 0.03769346 -2e-05 0.006063153 0.03754323 -2e-05 0.005575309 0.0370898 -2e-05 0.006035222 0.03756487 -2e-05 0.006133322 0.03774295 -2e-05 0.006004237 0.03758185 -2e-05 0.005549514 0.0371801 -2e-05 0.005743004 0.03725635 -2e-05 0.006058672 0.03777871 -2e-05 0.005538369 0.03727334 -2e-05 0.005744085 0.037346 -2e-05 0.006035703 0.03778416 -2e-05 0.006047347 0.0377821 -2e-05 0.006023899 0.03778485 -2e-05 0.0058937 0.03758185 -2e-05 0.005542156 0.03736718 -2e-05 0.00556078 0.03745922 -2e-05 0.005765759 0.03743299 -2e-05 0.005874039 0.03778485 -2e-05 0.005839265 0.03777871 -2e-05 0.005850591 0.0377821 -2e-05 0.005862235 0.03778416 -2e-05 0.005593768 0.03754714 -2e-05 0.005806862 0.03751267 -2e-05 0.005764616 0.03774295 -2e-05 0.005861025 0.03756375 -2e-05 0.005640286 0.03762872 -2e-05 0.0056427 0.03763211 -2e-05 0.005641075 0.03762986 -2e-05 0.00564188 0.03763099 -2e-05 0.005831808 0.03754047 -2e-05 0.005698263 0.03769346 -2e-05 0.006111736 0.02204134 -2e-05 0.006285007 0.02211311 -2e-05 0.006255279 0.02204134 -2e-05 0.006183508 0.02201161 -2e-05 0.006255279 0.02218489 -2e-05 0.005980852 0.02245931 -2e-05 0.005558767 0.02211311 -2e-05 0.005761766 0.02211311 -2e-05 0.005732038 0.02204134 -2e-05 0.005660267 0.02201161 -2e-05 0.005588495 0.02204134 -2e-05 0.005788628 0.02236445 -2e-05 0.005761766 0.0223913 -2e-05 0.005778572 0.02237225 -2e-05 0.005769571 0.02238125 -2e-05 0.005835871 0.02260429 -2e-05 0.006264653 0.022837 -2e-05 0.006102363 0.02295895 -2e-05 0.006169244 0.02299847 -2e-05 0.006244481 0.02297912 -2e-05 0.006284 0.02291224 -2e-05 0.005761766 0.0226784 -2e-05 0.005558767 0.02289798 -2e-05 0.005761766 0.02289798 -2e-05 0.005588495 0.02296975 -2e-05 0.005660267 0.02299948 -2e-05 0.005732038 0.02296975 -2e-05 0.006064423 0.03475198 -2e-05 0.006099372 0.03477135 -2e-05 0.006088612 0.03476337 -2e-05 0.006076894 0.03475687 -2e-05 0.005932292 0.03471217 -2e-05 0.005952662 0.03471642 -2e-05 0.005942586 0.03471377 -2e-05 0.005921887 0.03471164 -2e-05 0.006285007 0.03511286 -2e-05 0.006284853 0.03510726 -2e-05 0.006284389 0.03510168 -2e-05 0.006283619 0.03509613 -2e-05 0.00598213 0.03493882 -2e-05 0.006166222 0.03483908 -2e-05 0.006027915 0.03499244 -2e-05 0.006220242 0.03491743 -2e-05 0.006061688 0.03505433 -2e-05 0.006259777 0.035004 -2e-05 0.005906129 0.03491464 -2e-05 0.006082008 0.03512184 -2e-05 0.006281851 0.0353234 -2e-05 0.0062836 0.03531512 -2e-05 0.006284655 0.03530673 -2e-05 0.006285007 0.03529828 -2e-05 0.005761766 0.03491464 -2e-05 0.005660267 0.03471164 -2e-05 0.006082008 0.03528505 -2e-05 0.006259478 0.035397 -2e-05 0.005558767 0.03481314 -2e-05 0.005609517 0.03472524 -2e-05 0.005572365 0.03476239 -2e-05 0.006066812 0.0353329 -2e-05 0.006047976 0.03537944 -2e-05 0.006230576 0.03546829 -2e-05 0.006185134 0.0355514 -2e-05 0.006190581 0.03554427 -2e-05 0.006195378 0.0355367 -2e-05 0.006179079 0.03555801 -2e-05 0.006025612 0.03542439 -2e-05 0.005978561 0.03547144 -2e-05 0.006105419 0.03563167 -2e-05 0.006066399 0.03565597 -2e-05 0.006080593 0.03564989 -2e-05 0.006093701 0.03564173 -2e-05 0.005761766 0.0354965 -2e-05 0.005954638 0.03569407 -2e-05 0.005905062 0.0354965 -2e-05 0.005932981 0.03569889 -2e-05 0.005943942 0.03569707 -2e-05 0.005921887 0.0356995 -2e-05 0.005558767 0.035598 -2e-05 0.005660267 0.0356995 -2e-05 0.005572365 0.03564875 -2e-05 0.005609517 0.0356859 -2e-05 0.006263195 0.01443725 -2e-05 0.00627731 0.01444553 -2e-05 0.006272756 0.01444252 -2e-05 0.006268046 0.01443976 -2e-05 0.006145408 0.0143916 -2e-05 0.006189535 0.01440169 -2e-05 0.006175387 0.01439613 -2e-05 0.006160568 0.01439274 -2e-05 0.006367555 0.01477409 -2e-05 0.006425119 0.01472192 -2e-05 0.006428937 0.01464433 -2e-05 0.005965568 0.01439613 -2e-05 0.005995547 0.0143916 -2e-05 0.005980388 0.01439274 -2e-05 0.006196597 0.01464352 -2e-05 0.006392459 0.01456808 -2e-05 0.006341199 0.01450087 -2e-05 0.006166814 0.01461614 -2e-05 0.00595142 0.01440169 -2e-05 0.006220557 0.01467611 -2e-05 0.00612219 0.0145946 -2e-05 0.006237799 0.01471271 -2e-05 0.006289964 0.01477027 -2e-05 0.006018765 0.0145946 -2e-05 0.00587776 0.01443725 -2e-05 0.005853823 0.01445336 -2e-05 0.005869282 0.01444186 -2e-05 0.005861279 0.01444724 -2e-05 0.00597992 0.01461335 -2e-05 0.00578939 0.01452168 -2e-05 0.005923251 0.01468282 -2e-05 0.006242584 0.01504461 -2e-05 0.006424152 0.01513539 -2e-05 0.006429659 0.0150579 -2e-05 0.00637876 0.01499922 -2e-05 0.006301271 0.01499371 -2e-05 0.006380142 0.01522187 -2e-05 0.006383247 0.01521681 -2e-05 0.006386052 0.01521159 -2e-05 0.006376747 0.01522673 -2e-05 0.005736609 0.01459935 -2e-05 0.005884081 0.01476347 -2e-05 0.006208847 0.01511208 -2e-05 0.006321183 0.01528808 -2e-05 0.006184662 0.01513784 -2e-05 0.005696817 0.01468441 -2e-05 0.00615673 0.01515948 -2e-05 0.006254831 0.01533756 -2e-05 0.006125746 0.01517646 -2e-05 0.005671022 0.01477471 -2e-05 0.005864513 0.01485096 -2e-05 0.006180181 0.01537332 -2e-05 0.005659878 0.01486796 -2e-05 0.005865594 0.01494061 -2e-05 0.006157212 0.01537877 -2e-05 0.006168856 0.01537671 -2e-05 0.006145408 0.01537946 -2e-05 0.005663665 0.01496179 -2e-05 0.005682289 0.01505383 -2e-05 0.005887268 0.0150276 -2e-05 0.005995547 0.01537946 -2e-05 0.006015209 0.01517646 -2e-05 0.0059721 0.01537671 -2e-05 0.005983743 0.01537877 -2e-05 0.005960774 0.01537332 -2e-05 0.005715277 0.01514176 -2e-05 0.005928371 0.01510728 -2e-05 0.005886124 0.01533756 -2e-05 0.005982533 0.01515836 -2e-05 0.005761795 0.01522333 -2e-05 0.005763388 0.01522561 -2e-05 0.005762584 0.01522448 -2e-05 0.005764208 0.01522673 -2e-05 0.005953317 0.01513509 -2e-05 0.005819772 0.01528808 -2e-05 0.006263195 0.01189725 -2e-05 0.00627731 0.01190553 -2e-05 0.006272756 0.01190252 -2e-05 0.006268046 0.01189975 -2e-05 0.006145408 0.01185159 -2e-05 0.006189535 0.01186169 -2e-05 0.006175387 0.01185612 -2e-05 0.006160568 0.01185273 -2e-05 0.006196597 0.01210351 -2e-05 0.006392459 0.01202808 -2e-05 0.006341199 0.01196087 -2e-05 0.006166814 0.01207614 -2e-05 0.00595142 0.01186169 -2e-05 0.005995547 0.01185159 -2e-05 0.005980388 0.01185273 -2e-05 0.005965568 0.01185612 -2e-05 0.006220557 0.01213611 -2e-05 0.006428937 0.01210433 -2e-05 0.00612219 0.01205459 -2e-05 0.006237799 0.0121727 -2e-05 0.006425119 0.01218192 -2e-05 0.006289964 0.01223027 -2e-05 0.006367555 0.01223408 -2e-05 0.006018765 0.01205459 -2e-05 0.00587776 0.01189725 -2e-05 0.005853823 0.01191336 -2e-05 0.005869282 0.01190185 -2e-05 0.005861279 0.01190724 -2e-05 0.00597992 0.01207335 -2e-05 0.00578939 0.01198167 -2e-05 0.005923251 0.01214282 -2e-05 0.006242584 0.0125046 -2e-05 0.006424152 0.01259539 -2e-05 0.006429659 0.0125179 -2e-05 0.00637876 0.01245921 -2e-05 0.006301271 0.0124537 -2e-05 0.006380142 0.01268186 -2e-05 0.006383247 0.01267681 -2e-05 0.006386052 0.01267159 -2e-05 0.006376747 0.01268672 -2e-05 0.005736609 0.01205935 -2e-05 0.005884081 0.01222346 -2e-05 0.006208847 0.01257208 -2e-05 0.006321183 0.01274807 -2e-05 0.006184662 0.01259784 -2e-05 0.005696817 0.01214441 -2e-05 0.00615673 0.01261947 -2e-05 0.006254831 0.01279755 -2e-05 0.006125746 0.01263646 -2e-05 0.005671022 0.01223471 -2e-05 0.005864513 0.01231096 -2e-05 0.006180181 0.01283331 -2e-05 0.005659878 0.01232795 -2e-05 0.005865594 0.0124006 -2e-05 0.006157212 0.01283877 -2e-05 0.006168856 0.01283671 -2e-05 0.006145408 0.01283946 -2e-05 0.005663665 0.01242178 -2e-05 0.005682289 0.01251383 -2e-05 0.005887268 0.0124876 -2e-05 0.005995547 0.01283946 -2e-05 0.006015209 0.01263646 -2e-05 0.0059721 0.01283671 -2e-05 0.005983743 0.01283877 -2e-05 0.005960774 0.01283331 -2e-05 0.005715277 0.01260175 -2e-05 0.005928371 0.01256728 -2e-05 0.005886124 0.01279755 -2e-05 0.005982533 0.01261835 -2e-05 0.005761795 0.01268333 -2e-05 0.005763388 0.0126856 -2e-05 0.005762584 0.01268447 -2e-05 0.005764208 0.01268672 -2e-05 0.005953317 0.01259508 -2e-05 0.005819772 0.01274807 -2e-05 0.006176183 0.009351953 -2e-05 0.006211133 0.009371328 -2e-05 0.006200373 0.009363345 -2e-05 0.006188654 0.009356849 -2e-05 0.006044052 0.009312149 -2e-05 0.006064423 0.009316392 -2e-05 0.006054346 0.009313747 -2e-05 0.006033648 0.009311614 -2e-05 0.006396768 0.009712834 -2e-05 0.006396613 0.009707234 -2e-05 0.00639615 0.009701651 -2e-05 0.006395379 0.009696101 -2e-05 0.00609389 0.009538796 -2e-05 0.006277982 0.009439059 -2e-05 0.006139675 0.009592412 -2e-05 0.006332002 0.009517406 -2e-05 0.006173449 0.0096543 -2e-05 0.006371538 0.009603971 -2e-05 0.006017889 0.009514614 -2e-05 0.006193768 0.009721811 -2e-05 0.006393611 0.009923372 -2e-05 0.00639536 0.009915097 -2e-05 0.006396415 0.009906706 -2e-05 0.006396768 0.009898255 -2e-05 0.005873527 0.009514614 -2e-05 0.005772027 0.009311614 -2e-05 0.006193768 0.009885028 -2e-05 0.006371238 0.009996975 -2e-05 0.005670527 0.009413114 -2e-05 0.005721277 0.009325212 -2e-05 0.005684125 0.009362364 -2e-05 0.006178572 0.009932879 -2e-05 0.006159737 0.009979418 -2e-05 0.006342336 0.01006827 -2e-05 0.006296894 0.01015137 -2e-05 0.006302341 0.01014425 -2e-05 0.006307138 0.01013667 -2e-05 0.006290839 0.01015799 -2e-05 0.006137372 0.01002437 -2e-05 0.006090322 0.01007142 -2e-05 0.006217179 0.01023165 -2e-05 0.006178159 0.01025595 -2e-05 0.006192353 0.01024987 -2e-05 0.006205461 0.0102417 -2e-05 0.005873527 0.01009648 -2e-05 0.006066399 0.01029405 -2e-05 0.006016822 0.01009648 -2e-05 0.006044741 0.01029887 -2e-05 0.006055702 0.01029705 -2e-05 0.006033648 0.01029948 -2e-05 0.005772027 0.01029948 -2e-05 0.005670527 0.01019798 -2e-05 0.005684125 0.01024873 -2e-05 0.005721277 0.01028588 -2e-05 0.006176183 0.006811947 -2e-05 0.006211133 0.006831323 -2e-05 0.006200373 0.00682334 -2e-05 0.006188654 0.006816844 -2e-05 0.006044052 0.006772144 -2e-05 0.006064423 0.006776387 -2e-05 0.006054346 0.006773742 -2e-05 0.006033648 0.006771609 -2e-05 0.006396768 0.00717283 -2e-05 0.006396613 0.007167229 -2e-05 0.00639615 0.007161645 -2e-05 0.006395379 0.007156096 -2e-05 0.00609389 0.006998791 -2e-05 0.006277982 0.006899055 -2e-05 0.006139675 0.007052406 -2e-05 0.006332002 0.006977402 -2e-05 0.006173449 0.007114294 -2e-05 0.006371538 0.007063965 -2e-05 0.006017889 0.006974609 -2e-05 0.006193768 0.007181807 -2e-05 0.006393611 0.007383368 -2e-05 0.00639536 0.007375093 -2e-05 0.006396415 0.007366701 -2e-05 0.006396768 0.00735825 -2e-05 0.005873527 0.006974609 -2e-05 0.005772027 0.006771609 -2e-05 0.005684125 0.006822359 -2e-05 0.005721277 0.006785207 -2e-05 0.006193768 0.007345023 -2e-05 0.006371238 0.00745697 -2e-05 0.005670527 0.006873109 -2e-05 0.006178572 0.007392874 -2e-05 0.006159737 0.007439413 -2e-05 0.006342336 0.007528262 -2e-05 0.006296894 0.007611366 -2e-05 0.006302341 0.007604243 -2e-05 0.006307138 0.007596666 -2e-05 0.006290839 0.007617981 -2e-05 0.006137372 0.007484363 -2e-05 0.006090322 0.007531414 -2e-05 0.006217179 0.007691642 -2e-05 0.006178159 0.007715941 -2e-05 0.006192353 0.007709861 -2e-05 0.006205461 0.007701698 -2e-05 0.006066399 0.007754041 -2e-05 0.006016822 0.007556471 -2e-05 0.006044741 0.007758862 -2e-05 0.006055702 0.007757045 -2e-05 0.006033648 0.00775947 -2e-05 0.005873527 0.007556471 -2e-05 0.005772027 0.00775947 -2e-05 0.005670527 0.00765797 -2e-05 0.005684125 0.007708721 -2e-05 0.005721277 0.007745872 -2e-05 0.005670527 0.004945113 -2e-05 0.005873527 0.004945113 -2e-05 0.005843798 0.004873342 -2e-05 0.005772027 0.004843613 -2e-05 0.005700256 0.004873342 -2e-05 0.005670527 0.005729975 -2e-05 0.005873527 0.005729975 -2e-05 0.005700256 0.005801746 -2e-05 0.005772027 0.005831474 -2e-05 0.005843798 0.005801746 -2e-05 0.006335053 0.02457886 -2e-05 0.006368675 0.02450883 -2e-05 0.006342929 0.02443553 -2e-05 0.006272897 0.02440191 -2e-05 0.006199603 0.02442766 -2e-05 0.006132288 0.02449465 -2e-05 0.006266691 0.02464932 -2e-05 0.00607237 0.02456834 -2e-05 0.006208833 0.02472864 -2e-05 0.006020506 0.0246479 -2e-05 0.006162614 0.02481526 -2e-05 0.00597727 0.02473245 -2e-05 0.005943137 0.02482108 -2e-05 0.006128939 0.02490748 -2e-05 0.005918484 0.0249128 -2e-05 0.006108466 0.02500349 -2e-05 0.005903583 0.02500659 -2e-05 0.006101597 0.02510143 -2e-05 0.005898597 0.02510143 -2e-05 0.005903583 0.02519627 -2e-05 0.006108466 0.02519937 -2e-05 0.005918484 0.02529007 -2e-05 0.006128939 0.02529538 -2e-05 0.005943137 0.02538178 -2e-05 0.006162614 0.0253876 -2e-05 0.00597727 0.02547041 -2e-05 0.006272897 0.02580095 -2e-05 0.006342929 0.02576733 -2e-05 0.006368675 0.02569403 -2e-05 0.006020506 0.02555496 -2e-05 0.006208833 0.02547422 -2e-05 0.00607237 0.02563452 -2e-05 0.006266691 0.02555354 -2e-05 0.006199603 0.0257752 -2e-05 0.006335053 0.025624 -2e-05 0.006132288 0.02570821 -2e-05 0.006726112 0.004963924 -2e-05 0.00671975 0.004955097 -2e-05 0.00671248 0.004947002 -2e-05 0.006731493 0.004973381 -2e-05 0.006633384 0.004883951 -2e-05 0.00667438 0.004908902 -2e-05 0.006662101 0.004898437 -2e-05 0.00664832 0.004890049 -2e-05 0.006779099 0.005079349 -2e-05 0.006775498 0.005064097 -2e-05 0.006769593 0.005049581 -2e-05 0.006780309 0.005094974 -2e-05 0.006490849 0.004843613 -2e-05 0.006521624 0.004848391 -2e-05 0.006511547 0.004845746 -2e-05 0.006501253 0.004844148 -2e-05 0.006769593 0.005214025 -2e-05 0.006775498 0.00519951 -2e-05 0.006779099 0.005184258 -2e-05 0.006780309 0.005168633 -2e-05 0.006557291 0.005078897 -2e-05 0.0065483 0.005069907 -2e-05 0.006577309 0.005118934 -2e-05 0.006577309 0.005144672 -2e-05 0.006731493 0.005290226 -2e-05 0.00647509 0.005046613 -2e-05 0.006718266 0.005310309 -2e-05 0.006725476 0.005300661 -2e-05 0.006709964 0.005319036 -2e-05 0.006558096 0.005183099 -2e-05 0.006549261 0.005191344 -2e-05 0.006671864 0.005354596 -2e-05 0.00663536 0.005376464 -2e-05 0.006648517 0.005370918 -2e-05 0.006660766 0.00536358 -2e-05 0.006257068 0.005046613 -2e-05 0.006155568 0.004843613 -2e-05 0.006585197 0.005393565 -2e-05 0.006474023 0.005216994 -2e-05 0.006054068 0.004945113 -2e-05 0.006104818 0.004857212 -2e-05 0.006067666 0.004894363 -2e-05 0.006257068 0.005216994 -2e-05 0.006361444 0.005419994 -2e-05 0.006257068 0.005419994 -2e-05 0.006593155 0.005784433 -2e-05 0.006656751 0.005829049 -2e-05 0.006733267 0.005815628 -2e-05 0.006777883 0.005752033 -2e-05 0.006764462 0.005675516 -2e-05 0.006054068 0.005729975 -2e-05 0.006227339 0.005801746 -2e-05 0.006257068 0.005729975 -2e-05 0.006083797 0.005801746 -2e-05 0.006155568 0.005831474 -2e-05 0.006975989 0.02983463 -2e-05 0.00704776 0.0298049 -2e-05 0.007077489 0.02973313 -2e-05 0.00704776 0.02966136 -2e-05 0.006975989 0.02963163 -2e-05 0.006592348 0.02983463 -2e-05 0.006490849 0.02963163 -2e-05 0.006389349 0.02973313 -2e-05 0.006440098 0.02964523 -2e-05 0.006402947 0.02968238 -2e-05 0.006592348 0.03000501 -2e-05 0.006788029 0.03020801 -2e-05 0.0068598 0.03017828 -2e-05 0.006889529 0.03010651 -2e-05 0.0068598 0.03003474 -2e-05 0.006788029 0.03000501 -2e-05 0.006975989 0.03041649 -2e-05 0.007077489 0.03051799 -2e-05 0.00704776 0.03044622 -2e-05 0.00704776 0.03058976 -2e-05 0.006592348 0.03020801 -2e-05 0.006975989 0.03061949 -2e-05 0.006592348 0.03041649 -2e-05 0.006490849 0.03061949 -2e-05 0.006389349 0.03051799 -2e-05 0.006402947 0.03056874 -2e-05 0.006440098 0.03060589 -2e-05 0.006796504 0.01680764 -2e-05 0.006965576 0.01688881 -2e-05 0.00693983 0.01681552 -2e-05 0.006869798 0.0167819 -2e-05 0.006931954 0.01695885 -2e-05 0.00672919 0.01687464 -2e-05 0.006863592 0.01702931 -2e-05 0.006669271 0.01694832 -2e-05 0.006805735 0.01710863 -2e-05 0.006617407 0.01702788 -2e-05 0.006759516 0.01719524 -2e-05 0.006574171 0.01711244 -2e-05 0.006540038 0.01720107 -2e-05 0.00672584 0.01728746 -2e-05 0.006515385 0.01729278 -2e-05 0.006705367 0.01738348 -2e-05 0.006500484 0.01738657 -2e-05 0.006698498 0.01748141 -2e-05 0.006495498 0.01748141 -2e-05 0.006500484 0.01757626 -2e-05 0.006705367 0.01757935 -2e-05 0.006515385 0.01767005 -2e-05 0.00672584 0.01767537 -2e-05 0.00693983 0.01814731 -2e-05 0.006965576 0.01807402 -2e-05 0.006931954 0.01800398 -2e-05 0.006540038 0.01776176 -2e-05 0.006759516 0.01776759 -2e-05 0.006574171 0.01785039 -2e-05 0.006617407 0.01793495 -2e-05 0.006805735 0.0178542 -2e-05 0.006669271 0.01801451 -2e-05 0.006863592 0.01793352 -2e-05 0.006796504 0.01815519 -2e-05 0.006869798 0.01818093 -2e-05 0.00672919 0.01808819 -2e-05 0.007152949 0.02461691 -2e-05 0.00734927 0.02465312 -2e-05 0.007308807 0.02457202 -2e-05 0.00721968 0.02455558 -2e-05 0.00714627 0.02520342 -2e-05 0.00734927 0.02543798 -2e-05 0.006549369 0.02465312 -2e-05 0.006745792 0.02461718 -2e-05 0.006679142 0.02455564 -2e-05 0.006589908 0.02457196 -2e-05 0.006948453 0.02515241 -2e-05 0.00714627 0.02543798 -2e-05 0.00724777 0.02553948 -2e-05 0.007319541 0.02550975 -2e-05 0.007175999 0.02550975 -2e-05 0.007042871 0.02547419 -2e-05 0.006752368 0.02520782 -2e-05 0.006853126 0.02547392 -2e-05 0.00690816 0.02553131 -2e-05 0.006987674 0.02553143 -2e-05 0.006549369 0.02543798 -2e-05 0.006752368 0.02543798 -2e-05 0.006579097 0.02550975 -2e-05 0.006650869 0.02553948 -2e-05 0.00672264 0.02550975 -2e-05 0.007178455 0.006821865 -2e-05 0.007193914 0.006833373 -2e-05 0.007186458 0.006827251 -2e-05 0.007169977 0.006817263 -2e-05 0.007067349 0.006772748 -2e-05 0.007096316 0.006781703 -2e-05 0.007082169 0.006776138 -2e-05 0.007052189 0.006771609 -2e-05 0.006872349 0.006776138 -2e-05 0.006902329 0.006771609 -2e-05 0.006887169 0.006772748 -2e-05 0.006858202 0.006781703 -2e-05 0.007067817 0.006993361 -2e-05 0.007258347 0.00690169 -2e-05 0.007124486 0.007062834 -2e-05 0.007311128 0.006979362 -2e-05 0.007028972 0.006974609 -2e-05 0.007163655 0.007143479 -2e-05 0.007376714 0.007154721 -2e-05 0.00735092 0.007064425 -2e-05 0.007183224 0.007230972 -2e-05 0.007387859 0.007247966 -2e-05 0.006925547 0.006974609 -2e-05 0.006784542 0.006817263 -2e-05 0.006760605 0.006833373 -2e-05 0.006776064 0.006821865 -2e-05 0.006768061 0.006827251 -2e-05 0.006886702 0.006993361 -2e-05 0.007182143 0.00732062 -2e-05 0.007365448 0.007433842 -2e-05 0.007384072 0.007341799 -2e-05 0.006696171 0.00690169 -2e-05 0.006830033 0.007062834 -2e-05 0.007160469 0.007407615 -2e-05 0.00733246 0.007521766 -2e-05 0.007284348 0.007605617 -2e-05 0.007285153 0.007604486 -2e-05 0.007285942 0.007603344 -2e-05 0.007283529 0.007606737 -2e-05 0.006643391 0.006979362 -2e-05 0.006790864 0.007143479 -2e-05 0.007119366 0.007487291 -2e-05 0.00709442 0.007515095 -2e-05 0.007227965 0.007668087 -2e-05 0.006603599 0.007064425 -2e-05 0.007065204 0.00753837 -2e-05 0.007161613 0.00771757 -2e-05 0.007032528 0.007556471 -2e-05 0.006577805 0.007154721 -2e-05 0.006771295 0.007230972 -2e-05 0.007086963 0.007753328 -2e-05 0.006566659 0.007247966 -2e-05 0.006772376 0.00732062 -2e-05 0.007063993 0.007758782 -2e-05 0.007075637 0.007756725 -2e-05 0.007052189 0.00775947 -2e-05 0.006921991 0.007556471 -2e-05 0.006570447 0.007341799 -2e-05 0.00658907 0.007433842 -2e-05 0.00679405 0.007407615 -2e-05 0.006902329 0.00775947 -2e-05 0.006878881 0.007756725 -2e-05 0.006890525 0.007758782 -2e-05 0.006867556 0.007753328 -2e-05 0.006622059 0.007521766 -2e-05 0.006835153 0.007487291 -2e-05 0.006792906 0.00771757 -2e-05 0.006889315 0.00753837 -2e-05 0.006668576 0.007603344 -2e-05 0.00667099 0.007606737 -2e-05 0.006669365 0.007604486 -2e-05 0.00667017 0.007605617 -2e-05 0.006860099 0.007515095 -2e-05 0.006726554 0.007668087 -2e-05 0.006577309 0.009413114 -2e-05 0.006780309 0.009413114 -2e-05 0.00675058 0.009341343 -2e-05 0.006678809 0.009311614 -2e-05 0.006607038 0.009341343 -2e-05 0.006577309 0.01019798 -2e-05 0.00675058 0.01026975 -2e-05 0.006780309 0.01019798 -2e-05 0.006678809 0.01029948 -2e-05 0.006607038 0.01026975 -2e-05 0.007217627 0.01190251 -2e-05 0.007235721 0.01191688 -2e-05 0.007227084 0.01190918 -2e-05 0.007207471 0.01189696 -2e-05 0.007311921 0.01213663 -2e-05 0.00734165 0.01206485 -2e-05 0.007311921 0.01199308 -2e-05 0.00724015 0.01216635 -2e-05 0.007105432 0.01207368 -2e-05 0.007118337 0.01186396 -2e-05 0.007168379 0.01213663 -2e-05 0.007021259 0.01205101 -2e-05 0.007024782 0.01184721 -2e-05 0.007287454 0.01238339 -2e-05 0.007281091 0.01237456 -2e-05 0.007273821 0.01236646 -2e-05 0.007292834 0.01239284 -2e-05 0.007208076 0.01230873 -2e-05 0.007235721 0.01232836 -2e-05 0.007227259 0.0123208 -2e-05 0.007218006 0.01231423 -2e-05 0.006934087 0.0120509 -2e-05 0.006929737 0.01184721 -2e-05 0.006836182 0.01186396 -2e-05 0.007123041 0.0122685 -2e-05 0.007134417 0.01227317 -2e-05 0.007130689 0.01227146 -2e-05 0.007126894 0.01226991 -2e-05 0.00734044 0.01249881 -2e-05 0.00733684 0.01248356 -2e-05 0.007330934 0.01246904 -2e-05 0.00734165 0.01251443 -2e-05 0.006717592 0.01191811 -2e-05 0.006747047 0.01189696 -2e-05 0.006736406 0.01190281 -2e-05 0.006726541 0.0119099 -2e-05 0.006849858 0.01207336 -2e-05 0.006818408 0.01210589 -2e-05 0.006643931 0.01199431 -2e-05 0.007327472 0.01267793 -2e-05 0.007338041 0.01265302 -2e-05 0.00734165 0.01262619 -2e-05 0.007118632 0.01249836 -2e-05 0.007104337 0.01248407 -2e-05 0.007310695 0.01269917 -2e-05 0.00713865 0.0125384 -2e-05 0.007051709 0.01245866 -2e-05 0.006904717 0.01219408 -2e-05 0.00713865 0.01258314 -2e-05 0.006615409 0.01206485 -2e-05 0.006628439 0.0120151 -2e-05 0.006618721 0.01203914 -2e-05 0.006615409 0.01213851 -2e-05 0.006818408 0.012116 -2e-05 0.007234494 0.01277283 -2e-05 0.00710972 0.01261111 -2e-05 0.006834018 0.01238445 -2e-05 0.006827187 0.01238184 -2e-05 0.006830579 0.0123832 -2e-05 0.006624931 0.01218144 -2e-05 0.006616482 0.01215323 -2e-05 0.006619678 0.01216764 -2e-05 0.006823846 0.01238035 -2e-05 0.006849696 0.0121684 -2e-05 0.006660491 0.01225764 -2e-05 0.006836884 0.01215559 -2e-05 0.006747646 0.01234479 -2e-05 0.007196701 0.01279593 -2e-05 0.007210386 0.01279011 -2e-05 0.007223075 0.01278236 -2e-05 0.006672857 0.01227768 -2e-05 0.006666091 0.01226802 -2e-05 0.006727607 0.01233243 -2e-05 0.006737267 0.01233919 -2e-05 0.006680697 0.01228649 -2e-05 0.006718798 0.01232459 -2e-05 0.007084941 0.01283403 -2e-05 0.007035364 0.01263646 -2e-05 0.007063283 0.01283885 -2e-05 0.007074244 0.01283703 -2e-05 0.007052189 0.01283946 -2e-05 0.006902329 0.01283946 -2e-05 0.006919155 0.01263646 -2e-05 0.006880274 0.01283703 -2e-05 0.006891235 0.01283885 -2e-05 0.006869578 0.01283403 -2e-05 0.006845655 0.0126114 -2e-05 0.006615409 0.01262619 -2e-05 0.00678868 0.01255442 -2e-05 0.006716909 0.0125247 -2e-05 0.006645138 0.01255442 -2e-05 0.006757818 0.01279593 -2e-05 0.006718798 0.01277163 -2e-05 0.006730515 0.01278168 -2e-05 0.006743623 0.01278985 -2e-05 0.006645138 0.01269797 -2e-05 0.006615409 0.0144931 -2e-05 0.006818408 0.0144931 -2e-05 0.00678868 0.01442133 -2e-05 0.006716909 0.0143916 -2e-05 0.006645138 0.01442133 -2e-05 0.007163949 0.01517646 -2e-05 0.00726545 0.01527796 -2e-05 0.007235721 0.01520619 -2e-05 0.007163949 0.01537946 -2e-05 0.007235721 0.01534973 -2e-05 0.006818408 0.01517646 -2e-05 0.006716909 0.01537946 -2e-05 0.006615409 0.01527796 -2e-05 0.006629007 0.01532871 -2e-05 0.006666159 0.01536586 -2e-05 0.007553517 0.004889267 -2e-05 0.007577455 0.004905377 -2e-05 0.007569999 0.004899255 -2e-05 0.007561996 0.004893869 -2e-05 0.00743573 0.004843613 -2e-05 0.007479857 0.004853707 -2e-05 0.00746571 0.004848142 -2e-05 0.00745089 0.004844752 -2e-05 0.007241743 0.004853707 -2e-05 0.00728587 0.004843613 -2e-05 0.00727071 0.004844752 -2e-05 0.00725589 0.004848142 -2e-05 0.007451357 0.005065366 -2e-05 0.007641888 0.004973694 -2e-05 0.007506861 0.005133023 -2e-05 0.007694669 0.005051367 -2e-05 0.007412512 0.005046613 -2e-05 0.00754575 0.005211418 -2e-05 0.007760255 0.005226725 -2e-05 0.00773446 0.005136428 -2e-05 0.007566039 0.005296544 -2e-05 0.0077714 0.00531997 -2e-05 0.007309088 0.005046613 -2e-05 0.007168083 0.004889267 -2e-05 0.007151601 0.004899255 -2e-05 0.007159605 0.004893869 -2e-05 0.007144145 0.004905377 -2e-05 0.007270243 0.005065366 -2e-05 0.00756669 0.005384053 -2e-05 0.007748989 0.005505847 -2e-05 0.007767612 0.005413803 -2e-05 0.007079712 0.004973694 -2e-05 0.007213573 0.005134839 -2e-05 0.007547671 0.005469471 -2e-05 0.007716001 0.005593771 -2e-05 0.007667889 0.005677621 -2e-05 0.007668694 0.00567649 -2e-05 0.007669483 0.005675348 -2e-05 0.007667069 0.005678741 -2e-05 0.007026931 0.005051367 -2e-05 0.007509953 0.005548437 -2e-05 0.007656072 0.005692914 -2e-05 0.007659803 0.005688241 -2e-05 0.00766347 0.005683516 -2e-05 0.007174404 0.005215484 -2e-05 0.00698714 0.005136428 -2e-05 0.007695866 0.005875 -2e-05 0.007725189 0.005803061 -2e-05 0.007695055 0.005731459 -2e-05 0.006961345 0.005226725 -2e-05 0.007154836 0.005302976 -2e-05 0.007624264 0.005905133 -2e-05 0.007308392 0.005628475 -2e-05 0.007468995 0.005507939 -2e-05 0.007380527 0.005480066 -2e-05 0.007306343 0.005535743 -2e-05 0.007552326 0.00587581 -2e-05 0.007492469 0.005816627 -2e-05 0.007485201 0.005819663 -2e-05 0.007477879 0.005822565 -2e-05 0.0069502 0.00531997 -2e-05 0.007155917 0.005392624 -2e-05 0.007447534 0.005830786 -2e-05 0.007459178 0.005828729 -2e-05 0.007470504 0.005825332 -2e-05 0.00743573 0.005831474 -2e-05 0.006953988 0.005413803 -2e-05 0.006972611 0.005505847 -2e-05 0.00717759 0.005479619 -2e-05 0.00728587 0.005831474 -2e-05 0.007305532 0.005628475 -2e-05 0.007262422 0.005828729 -2e-05 0.007274066 0.005830786 -2e-05 0.007251097 0.005825332 -2e-05 0.007005599 0.005593771 -2e-05 0.007218694 0.005559296 -2e-05 0.007176447 0.005789574 -2e-05 0.007272856 0.005610374 -2e-05 0.007052117 0.005675348 -2e-05 0.007054531 0.005678741 -2e-05 0.007052907 0.00567649 -2e-05 0.007053711 0.005677621 -2e-05 0.007243639 0.005587099 -2e-05 0.007110095 0.005740091 -2e-05 0.007484091 0.009413114 -2e-05 0.00768709 0.009413114 -2e-05 0.007657362 0.009341343 -2e-05 0.00758559 0.009311614 -2e-05 0.007513819 0.009341343 -2e-05 0.007484091 0.009862744 -2e-05 0.00696085 0.009413114 -2e-05 0.007146802 0.009356812 -2e-05 0.007075668 0.009312491 -2e-05 0.006995452 0.009336779 -2e-05 0.00768709 0.01019798 -2e-05 0.007163849 0.009748345 -2e-05 0.007572272 0.0102986 -2e-05 0.007652487 0.01027431 -2e-05 0.007501138 0.01025428 -2e-05 0.00696085 0.01019798 -2e-05 0.007163849 0.01019798 -2e-05 0.007134121 0.01026975 -2e-05 0.006990578 0.01026975 -2e-05 0.007062349 0.01029948 -2e-05 0.007816581 0.01693557 -2e-05 0.007946171 0.0170331 -2e-05 0.007905708 0.01695201 -2e-05 0.00774985 0.01699689 -2e-05 0.007186809 0.01695195 -2e-05 0.007342693 0.01699716 -2e-05 0.007276043 0.01693562 -2e-05 0.007743171 0.01758341 -2e-05 0.007946171 0.01781796 -2e-05 0.00714627 0.0170331 -2e-05 0.007545354 0.01753239 -2e-05 0.007743171 0.01781796 -2e-05 0.007916442 0.01788974 -2e-05 0.0077729 0.01788974 -2e-05 0.007844671 0.01791947 -2e-05 0.007639771 0.01785418 -2e-05 0.00734927 0.0175878 -2e-05 0.007450027 0.01785391 -2e-05 0.007505061 0.0179113 -2e-05 0.007584576 0.01791141 -2e-05 0.00714627 0.01781796 -2e-05 0.00734927 0.01781796 -2e-05 0.00724777 0.01791947 -2e-05 0.007319541 0.01788974 -2e-05 0.007175999 0.01788974 -2e-05 0.007882771 0.02983463 -2e-05 0.007954542 0.0298049 -2e-05 0.007984271 0.02973313 -2e-05 0.007954542 0.02966136 -2e-05 0.007882771 0.02963163 -2e-05 0.007722651 0.02983463 -2e-05 0.007519651 0.02983463 -2e-05 0.00735953 0.02963163 -2e-05 0.00735953 0.02983463 -2e-05 0.007287759 0.02966136 -2e-05 0.00725803 0.02973313 -2e-05 0.007287759 0.0298049 -2e-05 0.007519651 0.03051799 -2e-05 0.007722651 0.03051799 -2e-05 0.007549379 0.03058976 -2e-05 0.00762115 0.03061949 -2e-05 0.007692922 0.03058976 -2e-05 0.008142503 0.01456487 -2e-05 0.008172232 0.0144931 -2e-05 0.008142503 0.01442133 -2e-05 0.008070731 0.0143916 -2e-05 0.00799896 0.01442133 -2e-05 0.007868075 0.0148393 -2e-05 0.007445991 0.0144931 -2e-05 0.00764899 0.0144931 -2e-05 0.007619262 0.01442133 -2e-05 0.007547491 0.0143916 -2e-05 0.007475719 0.01442133 -2e-05 0.007675851 0.01474444 -2e-05 0.00764899 0.01477129 -2e-05 0.007665795 0.01475224 -2e-05 0.007656795 0.01476123 -2e-05 0.008131704 0.01535911 -2e-05 0.008171225 0.01529222 -2e-05 0.008151876 0.01521699 -2e-05 0.007723094 0.01498428 -2e-05 0.008056468 0.01537845 -2e-05 0.007989587 0.01533893 -2e-05 0.00764899 0.01505838 -2e-05 0.007445991 0.01527796 -2e-05 0.00764899 0.01527796 -2e-05 0.007547491 0.01537946 -2e-05 0.007619262 0.01534973 -2e-05 0.007475719 0.01534973 -2e-05 0.008122478 0.02459727 -2e-05 0.008146416 0.02461338 -2e-05 0.00813896 0.02460726 -2e-05 0.008130957 0.02460188 -2e-05 0.008004691 0.02455162 -2e-05 0.008048819 0.02456171 -2e-05 0.008034671 0.02455615 -2e-05 0.008019852 0.02455276 -2e-05 0.007810704 0.02456171 -2e-05 0.007854831 0.02455162 -2e-05 0.007839671 0.02455276 -2e-05 0.007824852 0.02455615 -2e-05 0.008020318 0.02477337 -2e-05 0.008210849 0.0246817 -2e-05 0.008076988 0.02484284 -2e-05 0.00826363 0.02475937 -2e-05 0.007981473 0.02475462 -2e-05 0.008116158 0.02492349 -2e-05 0.008329216 0.02493473 -2e-05 0.008303421 0.02484443 -2e-05 0.008135726 0.02501098 -2e-05 0.008340361 0.02502798 -2e-05 0.007878049 0.02475462 -2e-05 0.007737044 0.02459727 -2e-05 0.007713107 0.02461338 -2e-05 0.007728566 0.02460188 -2e-05 0.007720562 0.02460726 -2e-05 0.007839204 0.02477337 -2e-05 0.008134645 0.02510063 -2e-05 0.00831795 0.02521385 -2e-05 0.008336574 0.02512181 -2e-05 0.007648674 0.0246817 -2e-05 0.007782535 0.02484284 -2e-05 0.008112971 0.02518762 -2e-05 0.008284962 0.02530178 -2e-05 0.008236031 0.02538675 -2e-05 0.008236851 0.02538563 -2e-05 0.008237655 0.0253845 -2e-05 0.008238444 0.02538335 -2e-05 0.007595892 0.02475937 -2e-05 0.007743365 0.02492349 -2e-05 0.008071868 0.0252673 -2e-05 0.008046922 0.0252951 -2e-05 0.008180467 0.0254481 -2e-05 0.007556101 0.02484443 -2e-05 0.008017705 0.02531838 -2e-05 0.008114115 0.02549758 -2e-05 0.00798503 0.02533648 -2e-05 0.007530306 0.02493473 -2e-05 0.007723796 0.02501098 -2e-05 0.008039465 0.02553334 -2e-05 0.007519161 0.02502798 -2e-05 0.007724878 0.02510063 -2e-05 0.008004691 0.02553948 -2e-05 0.008016496 0.02553879 -2e-05 0.008028139 0.02553674 -2e-05 0.007522949 0.02512181 -2e-05 0.007541573 0.02521385 -2e-05 0.007746552 0.02518762 -2e-05 0.007854831 0.02553948 -2e-05 0.007874493 0.02533648 -2e-05 0.007820058 0.02553334 -2e-05 0.007831383 0.02553674 -2e-05 0.007843027 0.02553879 -2e-05 0.007574561 0.02530178 -2e-05 0.007787655 0.0252673 -2e-05 0.007745408 0.02549758 -2e-05 0.007841817 0.02531838 -2e-05 0.007621078 0.02538335 -2e-05 0.007622672 0.02538563 -2e-05 0.007621868 0.0253845 -2e-05 0.007623492 0.02538675 -2e-05 0.007812601 0.0252951 -2e-05 0.007679056 0.0254481 -2e-05 0.008126712 0.0170331 -2e-05 0.008329712 0.0170331 -2e-05 0.008299983 0.01696133 -2e-05 0.008228211 0.0169316 -2e-05 0.008156441 0.01696133 -2e-05 0.008329712 0.01781796 -2e-05 0.008228211 0.01791947 -2e-05 0.008299983 0.01788974 -2e-05 0.008126712 0.01781796 -2e-05 0.008156441 0.01788974 -2e-05 0.009112471 0.01698252 -2e-05 0.009130565 0.01699689 -2e-05 0.009121928 0.01698919 -2e-05 0.009102315 0.01697697 -2e-05 0.009206765 0.01721663 -2e-05 0.009236493 0.01714487 -2e-05 0.009206765 0.01707309 -2e-05 0.009134994 0.01724636 -2e-05 0.009000276 0.01715369 -2e-05 0.009013181 0.01694398 -2e-05 0.009063222 0.01721663 -2e-05 0.008916102 0.01713102 -2e-05 0.008919625 0.01692722 -2e-05 0.00911285 0.01739424 -2e-05 0.009130565 0.01740837 -2e-05 0.009122103 0.01740081 -2e-05 0.009187677 0.01747285 -2e-05 0.009182297 0.0174634 -2e-05 0.009175935 0.01745457 -2e-05 0.009168665 0.01744647 -2e-05 0.009102921 0.01738874 -2e-05 0.008828931 0.01713091 -2e-05 0.008824581 0.01692722 -2e-05 0.008731026 0.01694398 -2e-05 0.009017884 0.01734851 -2e-05 0.009029261 0.01735318 -2e-05 0.009025533 0.01735147 -2e-05 0.009021738 0.01734991 -2e-05 0.009235284 0.01757882 -2e-05 0.009231684 0.01756357 -2e-05 0.009225778 0.01754905 -2e-05 0.009236493 0.01759444 -2e-05 0.008621385 0.01698991 -2e-05 0.008641891 0.01697697 -2e-05 0.00863125 0.01698282 -2e-05 0.008612435 0.01699812 -2e-05 0.008744701 0.01715337 -2e-05 0.008713252 0.0171859 -2e-05 0.008538775 0.01707432 -2e-05 0.009013475 0.01757837 -2e-05 0.008999181 0.01756408 -2e-05 0.009205539 0.01777918 -2e-05 0.009222316 0.01775794 -2e-05 0.009232885 0.01773303 -2e-05 0.009236493 0.01770621 -2e-05 0.009033494 0.01761841 -2e-05 0.008946552 0.01753867 -2e-05 0.008799561 0.01727409 -2e-05 0.008513564 0.01711915 -2e-05 0.008523283 0.01709511 -2e-05 0.009033494 0.01766315 -2e-05 0.008510253 0.01714487 -2e-05 0.008510253 0.01721852 -2e-05 0.008713252 0.01719601 -2e-05 0.009129338 0.01785284 -2e-05 0.009004564 0.01769112 -2e-05 0.008728862 0.01746445 -2e-05 0.008722031 0.01746185 -2e-05 0.008725423 0.01746321 -2e-05 0.00871869 0.01746036 -2e-05 0.008744539 0.01724841 -2e-05 0.008519775 0.01726145 -2e-05 0.008511326 0.01723324 -2e-05 0.008514523 0.01724765 -2e-05 0.00910523 0.01787012 -2e-05 0.009117919 0.01786237 -2e-05 0.00864249 0.0174248 -2e-05 0.008555335 0.01733765 -2e-05 0.008731729 0.0172356 -2e-05 0.009091545 0.01787594 -2e-05 0.008613642 0.0174046 -2e-05 0.008622451 0.01741244 -2e-05 0.008632111 0.0174192 -2e-05 0.008575541 0.0173665 -2e-05 0.008560935 0.01734803 -2e-05 0.0085677 0.01735769 -2e-05 0.008979785 0.01791404 -2e-05 0.008930207 0.01771646 -2e-05 0.008958127 0.01791886 -2e-05 0.008969088 0.01791704 -2e-05 0.008947033 0.01791947 -2e-05 0.008813998 0.01771646 -2e-05 0.008797173 0.01791947 -2e-05 0.008764421 0.01791404 -2e-05 0.008740499 0.01769141 -2e-05 0.008775118 0.01791704 -2e-05 0.008786079 0.01791886 -2e-05 0.008652661 0.01787594 -2e-05 0.00862536 0.01786169 -2e-05 0.008638467 0.01786986 -2e-05 0.008539981 0.01777798 -2e-05 0.008683524 0.01763443 -2e-05 0.008611753 0.01760471 -2e-05 0.008539981 0.01763443 -2e-05 0.008510253 0.01770621 -2e-05 0.008613642 0.01785164 -2e-05 0.009102315 0.02459698 -2e-05 0.009130565 0.02461691 -2e-05 0.009121928 0.02460921 -2e-05 0.009112471 0.02460253 -2e-05 0.009000276 0.0247737 -2e-05 0.009206765 0.02469311 -2e-05 0.009013181 0.02456399 -2e-05 0.009063222 0.02483665 -2e-05 0.009134994 0.02486638 -2e-05 0.009206765 0.02483665 -2e-05 0.009236493 0.02476488 -2e-05 0.008916102 0.02475103 -2e-05 0.008919625 0.02454723 -2e-05 0.00911285 0.02501425 -2e-05 0.009130565 0.02502839 -2e-05 0.009122103 0.02502082 -2e-05 0.009187677 0.02509287 -2e-05 0.009182297 0.02508341 -2e-05 0.009175935 0.02507458 -2e-05 0.009168665 0.02506649 -2e-05 0.009102921 0.02500875 -2e-05 0.008828931 0.02475093 -2e-05 0.008824581 0.02454723 -2e-05 0.008731026 0.02456399 -2e-05 0.009017884 0.02496853 -2e-05 0.009029261 0.02497319 -2e-05 0.009025533 0.02497149 -2e-05 0.009021738 0.02496993 -2e-05 0.009235284 0.02519884 -2e-05 0.009231684 0.02518358 -2e-05 0.009225778 0.02516907 -2e-05 0.009236493 0.02521446 -2e-05 0.008621385 0.02460992 -2e-05 0.008641891 0.02459698 -2e-05 0.00863125 0.02460284 -2e-05 0.008612435 0.02461814 -2e-05 0.008744701 0.02477338 -2e-05 0.008713252 0.02480592 -2e-05 0.008538775 0.02469433 -2e-05 0.009222316 0.02537796 -2e-05 0.009232885 0.02535304 -2e-05 0.009236493 0.02532622 -2e-05 0.009013475 0.02519839 -2e-05 0.008999181 0.02518409 -2e-05 0.009205539 0.0253992 -2e-05 0.009033494 0.02523842 -2e-05 0.008946552 0.02515868 -2e-05 0.008799561 0.0248941 -2e-05 0.008513564 0.02473916 -2e-05 0.008523283 0.02471513 -2e-05 0.009033494 0.02528317 -2e-05 0.008510253 0.02476488 -2e-05 0.008510253 0.02483854 -2e-05 0.008713252 0.02481602 -2e-05 0.009129338 0.02547286 -2e-05 0.009004564 0.02531113 -2e-05 0.008728862 0.02508447 -2e-05 0.008722031 0.02508186 -2e-05 0.008725423 0.02508323 -2e-05 0.00871869 0.02508038 -2e-05 0.008744539 0.02486842 -2e-05 0.008519775 0.02488146 -2e-05 0.008511326 0.02485326 -2e-05 0.008514523 0.02486767 -2e-05 0.00864249 0.02504482 -2e-05 0.008555335 0.02495766 -2e-05 0.008731729 0.02485561 -2e-05 0.009091545 0.02549595 -2e-05 0.00910523 0.02549014 -2e-05 0.009117919 0.02548238 -2e-05 0.008622451 0.02503245 -2e-05 0.008632111 0.02503922 -2e-05 0.008613642 0.02502461 -2e-05 0.008575541 0.02498651 -2e-05 0.008560935 0.02496804 -2e-05 0.0085677 0.0249777 -2e-05 0.008979785 0.02553405 -2e-05 0.008930207 0.02533648 -2e-05 0.008958127 0.02553887 -2e-05 0.008969088 0.02553706 -2e-05 0.008947033 0.02553948 -2e-05 0.008813998 0.02533648 -2e-05 0.008797173 0.02553948 -2e-05 0.008764421 0.02553405 -2e-05 0.008740499 0.02531142 -2e-05 0.008775118 0.02553706 -2e-05 0.008786079 0.02553887 -2e-05 0.008652661 0.02549595 -2e-05 0.00862536 0.02548171 -2e-05 0.008638467 0.02548987 -2e-05 0.008613642 0.02547165 -2e-05 0.008539981 0.02539799 -2e-05 0.008683524 0.02525445 -2e-05 0.008611753 0.02522472 -2e-05 0.008539981 0.02525445 -2e-05 0.008510253 0.02532622 -2e-05 0.0100097 0.01697726 -2e-05 0.01003364 0.01699337 -2e-05 0.01002618 0.01698725 -2e-05 0.01001818 0.01698186 -2e-05 0.009907075 0.01693274 -2e-05 0.009936042 0.0169417 -2e-05 0.009921895 0.01693613 -2e-05 0.009891915 0.0169316 -2e-05 0.009712075 0.01693613 -2e-05 0.009742055 0.0169316 -2e-05 0.009726895 0.01693274 -2e-05 0.009697927 0.0169417 -2e-05 0.009907542 0.01715336 -2e-05 0.01009807 0.01706169 -2e-05 0.009964211 0.01722283 -2e-05 0.01015085 0.01713936 -2e-05 0.009868697 0.0171346 -2e-05 0.01000338 0.01730347 -2e-05 0.01021644 0.01731472 -2e-05 0.01019065 0.01722442 -2e-05 0.01002295 0.01739097 -2e-05 0.01022758 0.01740796 -2e-05 0.009765273 0.0171346 -2e-05 0.009624268 0.01697726 -2e-05 0.00960033 0.01699337 -2e-05 0.009615789 0.01698186 -2e-05 0.009607786 0.01698725 -2e-05 0.009726428 0.01715336 -2e-05 0.01002187 0.01748061 -2e-05 0.01020517 0.01759384 -2e-05 0.0102238 0.01750179 -2e-05 0.009535897 0.01706169 -2e-05 0.009669759 0.01722283 -2e-05 0.01000019 0.01756761 -2e-05 0.01017219 0.01768176 -2e-05 0.01012407 0.01776561 -2e-05 0.01012488 0.01776448 -2e-05 0.01012567 0.01776334 -2e-05 0.01012325 0.01776673 -2e-05 0.009483116 0.01713936 -2e-05 0.009630589 0.01730347 -2e-05 0.009959091 0.01764729 -2e-05 0.009934146 0.01767509 -2e-05 0.01006769 0.01782808 -2e-05 0.009443325 0.01722442 -2e-05 0.009904929 0.01769836 -2e-05 0.01000134 0.01787757 -2e-05 0.009872253 0.01771646 -2e-05 0.00941753 0.01731472 -2e-05 0.00961102 0.01739097 -2e-05 0.009926688 0.01791332 -2e-05 0.009406385 0.01740796 -2e-05 0.009612102 0.01748061 -2e-05 0.009891915 0.01791947 -2e-05 0.009903719 0.01791878 -2e-05 0.009915363 0.01791672 -2e-05 0.009761717 0.01771646 -2e-05 0.009410172 0.01750179 -2e-05 0.009428796 0.01759384 -2e-05 0.009633776 0.01756761 -2e-05 0.009742055 0.01791947 -2e-05 0.009707281 0.01791332 -2e-05 0.009718607 0.01791672 -2e-05 0.009730251 0.01791878 -2e-05 0.009461784 0.01768176 -2e-05 0.009674879 0.01764729 -2e-05 0.009632631 0.01787757 -2e-05 0.009729041 0.01769836 -2e-05 0.009508302 0.01776334 -2e-05 0.009510715 0.01776673 -2e-05 0.009509091 0.01776448 -2e-05 0.009509895 0.01776561 -2e-05 0.009699824 0.01767509 -2e-05 0.009566279 0.01782808 -2e-05 0.009417034 0.02465312 -2e-05 0.009620034 0.02465312 -2e-05 0.009590305 0.02458135 -2e-05 0.009518535 0.02455162 -2e-05 0.009446763 0.02458135 -2e-05 0.009518535 0.02553948 -2e-05 0.009590305 0.02550975 -2e-05 0.009620034 0.02543798 -2e-05 0.009417034 0.02543798 -2e-05 0.009446763 0.02550975 -2e-05 0.009834007 0.02457855 -2e-05 0.01003705 0.02449513 -2e-05 0.009970143 0.02442797 -2e-05 0.009896967 0.02440189 -2e-05 0.009826782 0.02443519 -2e-05 0.009800704 0.02450837 -2e-05 0.009902026 0.02464925 -2e-05 0.01009659 0.0245689 -2e-05 0.009959571 0.0247287 -2e-05 0.01014812 0.02464848 -2e-05 0.01000553 0.02481538 -2e-05 0.01022495 0.02482153 -2e-05 0.01019106 0.024733 -2e-05 0.010039 0.02490759 -2e-05 0.01024943 0.02491312 -2e-05 0.01005935 0.02500356 -2e-05 0.01026423 0.02500676 -2e-05 0.01006618 0.02510143 -2e-05 0.01026423 0.0251961 -2e-05 0.01026918 0.02510143 -2e-05 0.01005935 0.0251993 -2e-05 0.01024943 0.02528974 -2e-05 0.010039 0.02529527 -2e-05 0.01022495 0.02538133 -2e-05 0.01000553 0.02538748 -2e-05 0.01019106 0.02546986 -2e-05 0.01014812 0.02555438 -2e-05 0.009959571 0.02547416 -2e-05 0.01009659 0.02563396 -2e-05 0.009902026 0.02555361 -2e-05 0.01003705 0.02570773 -2e-05 0.009834007 0.02562431 -2e-05 0.009970143 0.02577489 -2e-05 0.009800704 0.02569449 -2e-05 0.009826782 0.02576767 -2e-05 0.009896967 0.02580097 -2e-05 0.01043091 0.01695854 -2e-05 0.01063395 0.01687511 -2e-05 0.01056704 0.01680795 -2e-05 0.01049387 0.01678187 -2e-05 0.01042368 0.01681518 -2e-05 0.0103976 0.01688835 -2e-05 0.01049893 0.01702923 -2e-05 0.01069349 0.01694888 -2e-05 0.01055647 0.01710869 -2e-05 0.01074502 0.01702846 -2e-05 0.01060243 0.01719536 -2e-05 0.01082186 0.01720152 -2e-05 0.01078796 0.01711298 -2e-05 0.0106359 0.01728758 -2e-05 0.01084634 0.0172931 -2e-05 0.01065625 0.01738355 -2e-05 0.01086113 0.01738674 -2e-05 0.01066308 0.01748141 -2e-05 0.01086113 0.01757609 -2e-05 0.01086608 0.01748141 -2e-05 0.01065625 0.01757928 -2e-05 0.01084634 0.01766973 -2e-05 0.0106359 0.01767525 -2e-05 0.01082186 0.01776131 -2e-05 0.01060243 0.01776747 -2e-05 0.01078796 0.01784985 -2e-05 0.01074502 0.01793437 -2e-05 0.01055647 0.01785414 -2e-05 0.01069349 0.01801394 -2e-05 0.01049893 0.0179336 -2e-05 0.01063395 0.01808772 -2e-05 0.01043091 0.01800429 -2e-05 0.01056704 0.01815488 -2e-05 0.0103976 0.01807448 -2e-05 0.01042368 0.01814765 -2e-05 0.01049387 0.01818096 -2e-05 0.01719559 0.01970403 -2e-05 0.0172718 0.01978023 -2e-05 0.01726159 0.01974213 -2e-05 0.01723369 0.01971424 -2e-05 0.01711939 0.01985643 -2e-05 0.0172718 0.0207391 -2e-05 0.01711939 0.0207391 -2e-05 0.01715749 0.02080509 -2e-05 0.01723369 0.02080509 -2e-05 0.01587439 0.01970403 -2e-05 0.01595059 0.01985643 -2e-05 0.01580839 0.01974213 -2e-05 0.01583629 0.01971424 -2e-05 0.01579819 0.01978023 -2e-05 0.01579819 0.0207391 -2e-05 0.01595059 0.0207391 -2e-05 0.01583629 0.02080509 -2e-05 0.01591249 0.02080509 -2e-05 0.01715749 0.02152554 -2e-05 0.0172718 0.02159153 -2e-05 0.01723369 0.02152554 -2e-05 0.01711939 0.02159153 -2e-05 0.01711939 0.02247421 -2e-05 0.0172718 0.02255041 -2e-05 0.01723369 0.0226164 -2e-05 0.01726159 0.02258851 -2e-05 0.01719559 0.02262661 -2e-05 0.01583629 0.02152554 -2e-05 0.01595059 0.02159153 -2e-05 0.01591249 0.02152554 -2e-05 0.01579819 0.02159153 -2e-05 0.01595059 0.02247421 -2e-05 0.01587439 0.02262661 -2e-05 0.01579819 0.02255041 -2e-05 0.01580839 0.02258851 -2e-05 0.01583629 0.0226164 -2e-05 0.01741405 0.002694971 -2e-05 0.01740384 0.002656871 -2e-05 0.01737595 0.002628979 -2e-05 0.01733785 0.002618771 -2e-05 0.01726165 0.002771171 -2e-05 0.01741405 0.003653848 -2e-05 0.01726165 0.003653848 -2e-05 0.01729975 0.003719839 -2e-05 0.01737595 0.003719839 -2e-05 0.01609284 0.002771171 -2e-05 0.01601665 0.002618771 -2e-05 0.01594044 0.002694971 -2e-05 0.01597854 0.002628979 -2e-05 0.01595065 0.002656871 -2e-05 0.01594044 0.003653848 -2e-05 0.01605474 0.003719839 -2e-05 0.01609284 0.003653848 -2e-05 0.01597854 0.003719839 -2e-05 0.01726165 0.004506274 -2e-05 0.01741405 0.004506274 -2e-05 0.01737595 0.004440282 -2e-05 0.01729975 0.004440282 -2e-05 0.01726165 0.005388951 -2e-05 0.01741405 0.005465151 -2e-05 0.01733785 0.005541351 -2e-05 0.01737595 0.005531142 -2e-05 0.01740384 0.005503251 -2e-05 0.01594044 0.004506274 -2e-05 0.01609284 0.004506274 -2e-05 0.01605474 0.004440282 -2e-05 0.01597854 0.004440282 -2e-05 0.01609284 0.005388951 -2e-05 0.01594044 0.005465151 -2e-05 0.01601665 0.005541351 -2e-05 0.01597854 0.005531142 -2e-05 0.01595065 0.005503251 -2e-05 0.01696274 0.02391494 -2e-05 0.01698118 0.023855 -2e-05 0.01694842 0.02380153 -2e-05 0.01671081 0.02374153 -2e-05 0.01685143 0.02368276 -2e-05 0.01679083 0.02363656 -2e-05 0.01672052 0.02366595 -2e-05 0.01690558 0.02394074 -2e-05 0.01690862 0.02376845 -2e-05 0.01671786 0.02375744 -2e-05 0.01672555 0.02377306 -2e-05 0.01687588 0.02372837 -2e-05 0.01673388 0.02378834 -2e-05 0.01625534 0.02394074 -2e-05 0.01618935 0.02390264 -2e-05 0.01625534 0.02378834 -2e-05 0.01618935 0.02382644 -2e-05 0.01698178 0.02297554 -2e-05 0.01697157 0.02293744 -2e-05 0.01694368 0.02290955 -2e-05 0.01690558 0.02289934 -2e-05 0.01682938 0.02305174 -2e-05 0.01698178 0.02325494 -2e-05 0.01698003 0.02327116 -2e-05 0.01698134 0.0232631 -2e-05 0.01697787 0.02327904 -2e-05 0.0166719 0.02305174 -2e-05 0.01682938 0.02324258 -2e-05 0.01693479 0.02339374 -2e-05 0.01693989 0.0233865 -2e-05 0.01694411 0.02337871 -2e-05 0.01694739 0.02337048 -2e-05 0.01680763 0.02330783 -2e-05 0.0165195 0.02305174 -2e-05 0.01689721 0.0234323 -2e-05 0.01679587 0.02331825 -2e-05 0.01685259 0.02346245 -2e-05 0.01678277 0.02332693 -2e-05 0.01676859 0.02333368 -2e-05 0.0165195 0.0231498 -2e-05 0.0166719 0.02324161 -2e-05 0.01625534 0.02289934 -2e-05 0.01680279 0.02348294 -2e-05 0.01678112 0.02348608 -2e-05 0.01678843 0.02348573 -2e-05 0.01679568 0.02348468 -2e-05 0.01673393 0.02333368 -2e-05 0.01672016 0.02348608 -2e-05 0.01653786 0.02331911 -2e-05 0.01669556 0.02330712 -2e-05 0.01669633 0.02348226 -2e-05 0.01670413 0.02348438 -2e-05 0.0167121 0.02348565 -2e-05 0.01625534 0.02305174 -2e-05 0.01618935 0.02293744 -2e-05 0.01664852 0.02346124 -2e-05 0.01672001 0.02332654 -2e-05 0.01670715 0.02331763 -2e-05 0.01655705 0.02337226 -2e-05 0.01656438 0.02338721 -2e-05 0.0165603 0.02337994 -2e-05 0.01618935 0.02301364 -2e-05 0.01656922 0.02339399 -2e-05 0.01660562 0.02343144 -2e-05 0.01621418 0.02334575 -2e-05 0.0162965 0.02347401 -2e-05 0.01622038 0.02347759 -2e-05 0.01617922 0.02341346 -2e-05 0.01682362 0.006635762 -2e-05 0.01696424 0.006576999 -2e-05 0.01690364 0.006530801 -2e-05 0.01683333 0.006560183 -2e-05 0.01701839 0.006834981 -2e-05 0.01707555 0.006809175 -2e-05 0.01709399 0.006749235 -2e-05 0.01706123 0.006695761 -2e-05 0.01702143 0.006662688 -2e-05 0.01683067 0.006651682 -2e-05 0.01683836 0.006667297 -2e-05 0.01698869 0.006622606 -2e-05 0.01684669 0.00668258 -2e-05 0.01636815 0.006834981 -2e-05 0.01636815 0.00668258 -2e-05 0.01630216 0.006720681 -2e-05 0.01630216 0.006796881 -2e-05 0.01701839 0.005793579 -2e-05 0.01709459 0.005869779 -2e-05 0.01708438 0.005831679 -2e-05 0.01705649 0.005803788 -2e-05 0.01694219 0.005945979 -2e-05 0.01709459 0.006149179 -2e-05 0.01709068 0.006173276 -2e-05 0.01709285 0.0061654 -2e-05 0.01709415 0.006157336 -2e-05 0.01678471 0.005945979 -2e-05 0.01694219 0.006136814 -2e-05 0.0170527 0.006280733 -2e-05 0.01705692 0.006272943 -2e-05 0.0170602 0.006264716 -2e-05 0.01704761 0.006287981 -2e-05 0.01692044 0.006202071 -2e-05 0.01663231 0.005945979 -2e-05 0.01701002 0.00632654 -2e-05 0.01690868 0.00621249 -2e-05 0.0169654 0.006356687 -2e-05 0.01689559 0.006221162 -2e-05 0.0168814 0.00622792 -2e-05 0.01663231 0.006044041 -2e-05 0.01678471 0.006135843 -2e-05 0.01636815 0.005793579 -2e-05 0.0169156 0.006377174 -2e-05 0.01690125 0.006379968 -2e-05 0.01690849 0.006378917 -2e-05 0.01689393 0.00638032 -2e-05 0.01684674 0.00622792 -2e-05 0.01683297 0.00638032 -2e-05 0.01681694 0.006378614 -2e-05 0.01682491 0.006379892 -2e-05 0.01665067 0.006213347 -2e-05 0.01680837 0.006201355 -2e-05 0.01680914 0.006376499 -2e-05 0.01636815 0.005945979 -2e-05 0.01630216 0.005831679 -2e-05 0.01676134 0.006355473 -2e-05 0.01683282 0.006220777 -2e-05 0.01681996 0.006211871 -2e-05 0.01666986 0.006266501 -2e-05 0.01667719 0.006281445 -2e-05 0.01667312 0.006274173 -2e-05 0.01630216 0.005907879 -2e-05 0.01668203 0.006288227 -2e-05 0.01671844 0.006325681 -2e-05 0.01632699 0.006239991 -2e-05 0.01640931 0.006368249 -2e-05 0.01629203 0.006307699 -2e-05 0.01633319 0.006371828 -2e-05 0.0188857 0.01459922 -2e-05 0.01895169 0.01456112 -2e-05 0.01895169 0.01448491 -2e-05 0.0188857 0.01444681 -2e-05 0.01793028 0.01459922 -2e-05 0.01785408 0.01444681 -2e-05 0.01777788 0.01452302 -2e-05 0.01781598 0.01445702 -2e-05 0.01778809 0.01448491 -2e-05 0.01777788 0.01597544 -2e-05 0.01789218 0.01604143 -2e-05 0.01793028 0.01597544 -2e-05 0.01781598 0.01604143 -2e-05 0.02038671 0.0196391 -2e-05 0.0203765 0.019601 -2e-05 0.02034861 0.01957311 -2e-05 0.0203105 0.0195629 -2e-05 0.0202343 0.0197153 -2e-05 0.02038671 0.02067073 -2e-05 0.0202343 0.02067073 -2e-05 0.02027241 0.02073672 -2e-05 0.02034861 0.02073672 -2e-05 0.01885808 0.0195629 -2e-05 0.01885808 0.0197153 -2e-05 0.01879209 0.019601 -2e-05 0.01879209 0.0196772 -2e-05 0.0202343 0.02165991 -2e-05 0.02038671 0.02165991 -2e-05 0.02034861 0.02159391 -2e-05 0.02027241 0.02159391 -2e-05 0.0202343 0.02261533 -2e-05 0.02038671 0.02269153 -2e-05 0.02034861 0.02275752 -2e-05 0.0203765 0.02272963 -2e-05 0.0203105 0.02276773 -2e-05 0.01885808 0.02276773 -2e-05 0.01885808 0.02261533 -2e-05 0.01879209 0.02265343 -2e-05 0.01879209 0.02272963 -2e-05 0.01881998 0.02064393 -2e-05 0.01893428 0.02070992 -2e-05 0.01889618 0.02064393 -2e-05 0.01878188 0.02070992 -2e-05 0.01878188 0.02162071 -2e-05 0.01893428 0.02162071 -2e-05 0.01881998 0.0216867 -2e-05 0.01889618 0.0216867 -2e-05 0.01990168 0.01601354 -2e-05 0.01990168 0.01593734 -2e-05 0.01983569 0.01589924 -2e-05 0.01983569 0.01605164 -2e-05 0.01892489 0.01605164 -2e-05 0.01892489 0.01589924 -2e-05 0.0188589 0.01601354 -2e-05 0.0188589 0.01593734 -2e-05 0.02001574 0.02297137 -2e-05 0.02002144 0.02297519 -2e-05 0.02001863 0.02297322 -2e-05 0.02001276 0.02296965 -2e-05 0.02014336 0.02315254 -2e-05 0.02014197 0.02314422 -2e-05 0.02013966 0.02313611 -2e-05 0.02014383 0.02316096 -2e-05 0.01983599 0.02290078 -2e-05 0.01984003 0.02290169 -2e-05 0.01983801 0.02290121 -2e-05 0.01983395 0.02290041 -2e-05 0.01993482 0.02310076 -2e-05 0.02007143 0.0230205 -2e-05 0.01995715 0.02294219 -2e-05 0.01995784 0.0231221 -2e-05 0.01997689 0.02314705 -2e-05 0.02011137 0.02307486 -2e-05 0.02013966 0.02331028 -2e-05 0.02014197 0.02330217 -2e-05 0.02014336 0.02329385 -2e-05 0.02014383 0.02328542 -2e-05 0.01999143 0.02317488 -2e-05 0.0198931 0.02308051 -2e-05 0.01989944 0.02291949 -2e-05 0.01984991 0.02306361 -2e-05 0.01980553 0.02305018 -2e-05 0.01973987 0.02289315 -2e-05 0.01999143 0.0232715 -2e-05 0.02011137 0.02337152 -2e-05 0.01997689 0.02329933 -2e-05 0.01972038 0.02304645 -2e-05 0.01964603 0.02290293 -2e-05 0.02007143 0.02342589 -2e-05 0.01995784 0.02332428 -2e-05 0.01993482 0.02334563 -2e-05 0.01963664 0.0230623 -2e-05 0.01955547 0.02292942 -2e-05 0.02002144 0.02347119 -2e-05 0.02001276 0.02347673 -2e-05 0.02001574 0.02347502 -2e-05 0.02001863 0.02347317 -2e-05 0.01946176 0.02297866 -2e-05 0.01947115 0.02297178 -2e-05 0.01946633 0.02297504 -2e-05 0.01945749 0.02298262 -2e-05 0.01955874 0.02309689 -2e-05 0.01995715 0.02350419 -2e-05 0.0198931 0.02336588 -2e-05 0.01989944 0.0235269 -2e-05 0.01984991 0.02338277 -2e-05 0.01980553 0.02339621 -2e-05 0.01951049 0.02314514 -2e-05 0.01939398 0.02304612 -2e-05 0.01938375 0.02305882 -2e-05 0.01938853 0.0230522 -2e-05 0.01937971 0.02306593 -2e-05 0.01949359 0.02317895 -2e-05 0.01949359 0.02319597 -2e-05 0.01961606 0.02323767 -2e-05 0.01956641 0.02318281 -2e-05 0.01984003 0.02354469 -2e-05 0.01983599 0.0235456 -2e-05 0.01983801 0.02354518 -2e-05 0.01983395 0.02354598 -2e-05 0.01959573 0.02330882 -2e-05 0.01934923 0.02312688 -2e-05 0.0195569 0.02334765 -2e-05 0.01934209 0.02314923 -2e-05 0.0193448 0.02313778 -2e-05 0.01973987 0.02355324 -2e-05 0.01972038 0.02339993 -2e-05 0.01934119 0.02316096 -2e-05 0.01964603 0.02354346 -2e-05 0.01963664 0.02338408 -2e-05 0.01934119 0.02328542 -2e-05 0.01955547 0.02351696 -2e-05 0.01955874 0.0233495 -2e-05 0.0193448 0.0233086 -2e-05 0.01934209 0.02329715 -2e-05 0.01934923 0.0233195 -2e-05 0.019356 0.02333303 -2e-05 0.01947115 0.02347461 -2e-05 0.01946176 0.02346773 -2e-05 0.01946633 0.02347135 -2e-05 0.01944914 0.02345542 -2e-05 0.01945749 0.02346376 -2e-05 0.01930254 0.02338648 -2e-05 0.01941031 0.02349425 -2e-05 0.0193367 0.02351397 -2e-05 0.01928282 0.02346008 -2e-05 0.02012478 0.0239759 -2e-05 0.02014323 0.02391596 -2e-05 0.02011046 0.02386248 -2e-05 0.01987286 0.02380249 -2e-05 0.02001348 0.02374372 -2e-05 0.01995288 0.02369753 -2e-05 0.01988257 0.02372691 -2e-05 0.02006763 0.02400171 -2e-05 0.02007066 0.02382941 -2e-05 0.0198799 0.02381841 -2e-05 0.0198876 0.02383402 -2e-05 0.02003793 0.02378933 -2e-05 0.01989593 0.0238493 -2e-05 0.01941739 0.02400171 -2e-05 0.01935139 0.0239636 -2e-05 0.01941739 0.0238493 -2e-05 0.01935139 0.0238874 -2e-05 0.0209065 0.01444681 -2e-05 0.0209827 0.01452302 -2e-05 0.02097249 0.01448491 -2e-05 0.0209446 0.01445702 -2e-05 0.0208303 0.01459922 -2e-05 0.01987488 0.01444681 -2e-05 0.01987488 0.01459922 -2e-05 0.01980889 0.01448491 -2e-05 0.01980889 0.01456112 -2e-05 0.0209827 0.01597544 -2e-05 0.0208303 0.01597544 -2e-05 0.0208684 0.01604143 -2e-05 0.0209446 0.01604143 -2e-05 0.02005593 0.01350932 -2e-05 0.02020833 0.01350932 -2e-05 0.02017023 0.01344333 -2e-05 0.02009403 0.01344333 -2e-05 0.02031391 0.01410541 -2e-05 0.02025515 0.0139648 -2e-05 0.02023923 0.01397184 -2e-05 0.02022362 0.01397953 -2e-05 0.02036011 0.01404481 -2e-05 0.02033073 0.01397451 -2e-05 0.0202683 0.01412987 -2e-05 0.02020833 0.01398787 -2e-05 0.02022822 0.0141626 -2e-05 0.02005593 0.01415957 -2e-05 0.02014168 0.01423517 -2e-05 0.02019515 0.0142024 -2e-05 0.02008174 0.01421672 -2e-05 0.0210826 0.01355826 -2e-05 0.02107897 0.0135537 -2e-05 0.02107501 0.01354942 -2e-05 0.02099881 0.01347569 -2e-05 0.02101151 0.01348592 -2e-05 0.02100544 0.01348046 -2e-05 0.02108586 0.01356309 -2e-05 0.02099171 0.01347165 -2e-05 0.0209084 0.01343403 -2e-05 0.02093075 0.01344117 -2e-05 0.02091985 0.01343674 -2e-05 0.02089667 0.01343312 -2e-05 0.02074903 0.01343674 -2e-05 0.02077221 0.01343312 -2e-05 0.02076048 0.01343403 -2e-05 0.02091249 0.01360243 -2e-05 0.02096075 0.01365068 -2e-05 0.02112821 0.01364741 -2e-05 0.02073813 0.01344117 -2e-05 0.02087868 0.01358552 -2e-05 0.02086166 0.01358552 -2e-05 0.02072461 0.01344793 -2e-05 0.02099533 0.01372858 -2e-05 0.02115471 0.01373796 -2e-05 0.02115594 0.01393197 -2e-05 0.02115643 0.01392995 -2e-05 0.02115685 0.01392792 -2e-05 0.02115723 0.01392588 -2e-05 0.02101118 0.01381232 -2e-05 0.02116449 0.01383181 -2e-05 0.02054367 0.01342864 -2e-05 0.02067115 0.01339448 -2e-05 0.02059755 0.01337476 -2e-05 0.02081996 0.013708 -2e-05 0.02087483 0.01365834 -2e-05 0.02100746 0.01389746 -2e-05 0.02113815 0.01399138 -2e-05 0.02074881 0.01368767 -2e-05 0.02070998 0.01364884 -2e-05 0.02056339 0.01350225 -2e-05 0.02060222 0.01354107 -2e-05 0.02070814 0.01365068 -2e-05 0.02099402 0.01394185 -2e-05 0.02059387 0.01354942 -2e-05 0.02058303 0.01356309 -2e-05 0.02058991 0.0135537 -2e-05 0.02058629 0.01355826 -2e-05 0.02097713 0.01398504 -2e-05 0.02111544 0.01404909 -2e-05 0.02108442 0.01411057 -2e-05 0.02108627 0.01410767 -2e-05 0.02108798 0.0141047 -2e-05 0.02108244 0.01411338 -2e-05 0.02095688 0.01402676 -2e-05 0.02054067 0.01364741 -2e-05 0.02067355 0.01372858 -2e-05 0.02103714 0.01416336 -2e-05 0.02093553 0.01404978 -2e-05 0.02091058 0.01406883 -2e-05 0.02098277 0.01420331 -2e-05 0.02088275 0.01408337 -2e-05 0.02051418 0.01373796 -2e-05 0.0206577 0.01381232 -2e-05 0.02092153 0.0142316 -2e-05 0.0205044 0.01383181 -2e-05 0.02066143 0.01389746 -2e-05 0.02089667 0.01423577 -2e-05 0.0209051 0.0142353 -2e-05 0.02091342 0.0142339 -2e-05 0.02078613 0.01408337 -2e-05 0.02051166 0.01392588 -2e-05 0.02051246 0.01392995 -2e-05 0.02051203 0.01392792 -2e-05 0.02051294 0.01393197 -2e-05 0.02053074 0.01399138 -2e-05 0.02069176 0.01398504 -2e-05 0.02067486 0.01394185 -2e-05 0.02077221 0.01423577 -2e-05 0.02074735 0.0142316 -2e-05 0.02075547 0.0142339 -2e-05 0.02076379 0.0142353 -2e-05 0.02055344 0.01404909 -2e-05 0.02071201 0.01402676 -2e-05 0.02068611 0.01420331 -2e-05 0.0207583 0.01406883 -2e-05 0.0205809 0.0141047 -2e-05 0.02058447 0.01411057 -2e-05 0.02058262 0.01410767 -2e-05 0.02058644 0.01411338 -2e-05 0.02063174 0.01416336 -2e-05 0.02073335 0.01404978 -2e-05 0.02467061 0.003977699 -2e-05 0.02474681 0.004053899 -2e-05 0.02473661 0.004015799 -2e-05 0.02470872 0.003987908 -2e-05 0.02459441 0.004130099 -2e-05 0.02112782 0.003977699 -2e-05 0.02120402 0.004130099 -2e-05 0.02106182 0.004015799 -2e-05 0.02108972 0.003987908 -2e-05 0.02105161 0.004053899 -2e-05 0.02474681 0.009206299 -2e-05 0.02459441 0.009130099 -2e-05 0.02467061 0.009282499 -2e-05 0.02470872 0.00927229 -2e-05 0.02473661 0.009244399 -2e-05 0.02105161 0.009206299 -2e-05 0.02120402 0.009130099 -2e-05 0.02112782 0.009282499 -2e-05 0.02108972 0.00927229 -2e-05 0.02106182 0.009244399 -2e-05 0.02393251 0.008846437 -2e-05 0.02386923 0.008662103 -2e-05 0.02388549 0.00875955 -2e-05 0.0240052 0.008913349 -2e-05 0.02409567 0.008953034 -2e-05 0.02419413 0.008961192 -2e-05 0.0242899 0.00893694 -2e-05 0.02437261 0.008882904 -2e-05 0.02443329 0.008804942 -2e-05 0.02446537 0.0087115 -2e-05 0.02446537 0.008612706 -2e-05 0.02443329 0.008519264 -2e-05 0.02437261 0.008441302 -2e-05 0.0242899 0.008387266 -2e-05 0.02419413 0.008363014 -2e-05 0.02409567 0.008371172 -2e-05 0.0240052 0.008410857 -2e-05 0.02393251 0.008477769 -2e-05 0.02388549 0.008564656 -2e-05 0.02162232 0.003101958 -2e-05 0.02169852 0.003177949 -2e-05 0.02167612 0.003124203 -2e-05 0.02167642 0.003231818 -2e-05 0.02143942 0.003254359 -2e-05 0.02119052 0.003101958 -2e-05 0.02166467 0.003726338 -2e-05 0.02166719 0.003715265 -2e-05 0.02166804 0.003703939 -2e-05 0.02119052 0.003254359 -2e-05 0.02166053 0.003736914 -2e-05 0.02112453 0.003216259 -2e-05 0.02112453 0.003140059 -2e-05 0.02151564 0.00367346 -2e-05 0.02166804 0.00367346 -2e-05 0.02162994 0.003607468 -2e-05 0.02155374 0.003607468 -2e-05 0.02151564 0.003686599 -2e-05 0.02163005 0.003800414 -2e-05 0.02126087 0.00343438 -2e-05 0.02137199 0.003538759 -2e-05 0.02125552 0.003440375 -2e-05 0.02125902 0.003436315 -2e-05 0.02125724 0.003438314 -2e-05 0.02162095 0.003814924 -2e-05 0.02162591 0.003807925 -2e-05 0.02161524 0.003821321 -2e-05 0.02149829 0.003722748 -2e-05 0.02158476 0.003851801 -2e-05 0.02148574 0.003735294 -2e-05 0.02121582 0.003494575 -2e-05 0.021344 0.003577054 -2e-05 0.02157205 0.003862036 -2e-05 0.02157868 0.00385726 -2e-05 0.02131902 0.003617378 -2e-05 0.02156495 0.003866075 -2e-05 0.02145193 0.0037522 -2e-05 0.02118097 0.003552022 -2e-05 0.0212972 0.003659495 -2e-05 0.02150399 0.003896555 -2e-05 0.02146992 0.0039046 -2e-05 0.02148165 0.003903692 -2e-05 0.0214931 0.003900989 -2e-05 0.02115125 0.00361228 -2e-05 0.0211448 0.003642979 -2e-05 0.02114769 0.003622182 -2e-05 0.02114552 0.003632481 -2e-05 0.0212972 0.003686599 -2e-05 0.02134546 0.0039046 -2e-05 0.0213628 0.0037522 -2e-05 0.0211448 0.003703939 -2e-05 0.02132306 0.003901234 -2e-05 0.02133413 0.003903754 -2e-05 0.0211523 0.003736914 -2e-05 0.02114564 0.003715265 -2e-05 0.02114816 0.003726338 -2e-05 0.02131248 0.003897096 -2e-05 0.02118278 0.003800414 -2e-05 0.02131455 0.003722748 -2e-05 0.02124898 0.003866616 -2e-05 0.02132665 0.003734848 -2e-05 0.02122808 0.003851801 -2e-05 0.02123447 0.003857516 -2e-05 0.02124147 0.003862475 -2e-05 0.02119759 0.003821321 -2e-05 0.02118692 0.003807925 -2e-05 0.02119188 0.003814924 -2e-05 0.02239616 0.003237201 -2e-05 0.02238997 0.003227194 -2e-05 0.02238232 0.003218257 -2e-05 0.02240073 0.003248042 -2e-05 0.02228903 0.003136349 -2e-05 0.02231882 0.003154757 -2e-05 0.02230988 0.003147105 -2e-05 0.02229988 0.00314092 -2e-05 0.02243512 0.003363579 -2e-05 0.02243468 0.003355422 -2e-05 0.02243337 0.003347359 -2e-05 0.02243121 0.003339482 -2e-05 0.0221735 0.003101958 -2e-05 0.02219759 0.003105869 -2e-05 0.02218972 0.003103705 -2e-05 0.02218165 0.003102396 -2e-05 0.02209378 0.003103705 -2e-05 0.02211 0.003101958 -2e-05 0.02210184 0.003102396 -2e-05 0.0220859 0.003105869 -2e-05 0.02226184 0.003313301 -2e-05 0.02222378 0.00327524 -2e-05 0.02228272 0.003375944 -2e-05 0.02216113 0.003254359 -2e-05 0.02212236 0.003254359 -2e-05 0.02197278 0.003147722 -2e-05 0.02199446 0.003136349 -2e-05 0.02198316 0.003141159 -2e-05 0.02196359 0.003155868 -2e-05 0.0220605 0.00327498 -2e-05 0.02190263 0.003219368 -2e-05 0.02202377 0.003313238 -2e-05 0.02188593 0.003246258 -2e-05 0.02189582 0.003227523 -2e-05 0.02189022 0.003236545 -2e-05 0.02243512 0.0038284 -2e-05 0.02185291 0.003337698 -2e-05 0.02200078 0.003376916 -2e-05 0.02184838 0.003363579 -2e-05 0.0218504 0.003346131 -2e-05 0.02184888 0.003354796 -2e-05 0.02228272 0.0038284 -2e-05 0.02232082 0.003894391 -2e-05 0.02239702 0.003894391 -2e-05 0.02184838 0.0038284 -2e-05 0.02200078 0.0038284 -2e-05 0.02188648 0.003894391 -2e-05 0.02196268 0.003894391 -2e-05 0.02337881 0.01540603 -2e-05 0.02363281 0.01540603 -2e-05 0.02359561 0.01531623 -2e-05 0.02350581 0.01527903 -2e-05 0.023416 0.01531623 -2e-05 0.02337881 0.01620595 -2e-05 0.02362185 0.01630317 -2e-05 0.02363281 0.01620597 -2e-05 0.02335431 0.01629736 -2e-05 0.02353749 0.01647831 -2e-05 0.02358954 0.01639549 -2e-05 0.02346832 0.01654747 -2e-05 0.02328739 0.01636427 -2e-05 0.02221312 0.01540603 -2e-05 0.02217592 0.01531623 -2e-05 0.02208612 0.01527903 -2e-05 0.0233855 0.01659951 -2e-05 0.02199632 0.01531623 -2e-05 0.02329317 0.01663181 -2e-05 0.02319598 0.01638876 -2e-05 0.02319598 0.01664276 -2e-05 0.02195912 0.01540603 -2e-05 0.02221312 0.01620595 -2e-05 0.02239601 0.01664276 -2e-05 0.02239598 0.01638876 -2e-05 0.02195912 0.01620597 -2e-05 0.0222988 0.01663182 -2e-05 0.02230456 0.01636428 -2e-05 0.02197008 0.01630317 -2e-05 0.02223763 0.01629737 -2e-05 0.02220647 0.01659952 -2e-05 0.0220024 0.0163955 -2e-05 0.02212363 0.01654749 -2e-05 0.02205445 0.01647833 -2e-05 0.02335477 0.01395424 -2e-05 0.02362231 0.01394845 -2e-05 0.02359 0.01385612 -2e-05 0.02353796 0.0137733 -2e-05 0.02328785 0.01388732 -2e-05 0.02346879 0.01370413 -2e-05 0.02338597 0.01365209 -2e-05 0.02329364 0.01361978 -2e-05 0.02337926 0.01404566 -2e-05 0.02363326 0.01404566 -2e-05 0.02319643 0.01386283 -2e-05 0.02319643 0.01360883 -2e-05 0.02363326 0.01484558 -2e-05 0.02239646 0.01360883 -2e-05 0.02337926 0.01484558 -2e-05 0.02350626 0.01497258 -2e-05 0.02359607 0.01493538 -2e-05 0.02239645 0.01386283 -2e-05 0.02229926 0.01361977 -2e-05 0.02341646 0.01493538 -2e-05 0.02230503 0.01388732 -2e-05 0.02220692 0.01365208 -2e-05 0.02212409 0.01370412 -2e-05 0.0222381 0.01395424 -2e-05 0.02205491 0.01377329 -2e-05 0.02200287 0.01385612 -2e-05 0.02197056 0.01394845 -2e-05 0.0222136 0.01404566 -2e-05 0.0219596 0.01404566 -2e-05 0.0222136 0.01484558 -2e-05 0.0219596 0.01484558 -2e-05 0.0220866 0.01497258 -2e-05 0.02217641 0.01493538 -2e-05 0.0219968 0.01493538 -2e-05 0.02367634 0.01980073 -2e-05 0.02366613 0.01976263 -2e-05 0.02363824 0.01973474 -2e-05 0.02360014 0.01972453 -2e-05 0.02352394 0.01987693 -2e-05 0.02367634 0.02075961 -2e-05 0.02352394 0.02075961 -2e-05 0.02363824 0.0208256 -2e-05 0.02356204 0.0208256 -2e-05 0.02235513 0.01987693 -2e-05 0.02227893 0.01972453 -2e-05 0.02220273 0.01980073 -2e-05 0.02224083 0.01973474 -2e-05 0.02221294 0.01976263 -2e-05 0.02220273 0.02075961 -2e-05 0.02231703 0.0208256 -2e-05 0.02235513 0.02075961 -2e-05 0.02224083 0.0208256 -2e-05 0.02352394 0.02161204 -2e-05 0.02367634 0.02161204 -2e-05 0.02363824 0.02154605 -2e-05 0.02356204 0.02154605 -2e-05 0.02352394 0.02249471 -2e-05 0.02367634 0.02257092 -2e-05 0.02360014 0.02264711 -2e-05 0.02363824 0.02263691 -2e-05 0.02366613 0.02260901 -2e-05 0.02220273 0.02161204 -2e-05 0.02235513 0.02161204 -2e-05 0.02231703 0.02154605 -2e-05 0.02224083 0.02154605 -2e-05 0.02235513 0.02249471 -2e-05 0.02227893 0.02264711 -2e-05 0.02220273 0.02257092 -2e-05 0.02221294 0.02260901 -2e-05 0.02224083 0.02263691 -2e-05 0.02293291 0.01306185 -2e-05 0.02307352 0.01300308 -2e-05 0.02301292 0.01295688 -2e-05 0.02294261 0.01298627 -2e-05 0.02312767 0.01326106 -2e-05 0.02318483 0.01323526 -2e-05 0.02320327 0.01317532 -2e-05 0.02317051 0.01312184 -2e-05 0.02313071 0.01308877 -2e-05 0.02293995 0.01307777 -2e-05 0.02294764 0.01309338 -2e-05 0.02309797 0.01304869 -2e-05 0.02295597 0.01310866 -2e-05 0.02247743 0.01326106 -2e-05 0.02241144 0.01322296 -2e-05 0.02247743 0.01310866 -2e-05 0.02241144 0.01314676 -2e-05 0.02307578 0.01226121 -2e-05 0.02308148 0.01226503 -2e-05 0.02307868 0.01226306 -2e-05 0.02307281 0.01225949 -2e-05 0.02320341 0.01244238 -2e-05 0.02320201 0.01243406 -2e-05 0.02319971 0.01242595 -2e-05 0.02320387 0.0124508 -2e-05 0.02289603 0.01219062 -2e-05 0.02290008 0.01219153 -2e-05 0.02289806 0.01219105 -2e-05 0.02289399 0.01219025 -2e-05 0.02320201 0.01259201 -2e-05 0.02320341 0.01258369 -2e-05 0.02320387 0.01257526 -2e-05 0.02299487 0.0123906 -2e-05 0.02313147 0.01231034 -2e-05 0.0230172 0.01223203 -2e-05 0.02301788 0.01241194 -2e-05 0.02303694 0.0124369 -2e-05 0.02317142 0.0123647 -2e-05 0.02319971 0.01260012 -2e-05 0.02305147 0.01246472 -2e-05 0.02295314 0.01237035 -2e-05 0.02295949 0.01220933 -2e-05 0.02290996 0.01235345 -2e-05 0.02286557 0.01234002 -2e-05 0.02279992 0.01218299 -2e-05 0.02305147 0.01256134 -2e-05 0.02317142 0.01266136 -2e-05 0.02303724 0.01258869 -2e-05 0.02278043 0.01233629 -2e-05 0.02270607 0.01219277 -2e-05 0.02313147 0.01271573 -2e-05 0.02301865 0.01261328 -2e-05 0.02299621 0.01263441 -2e-05 0.02269668 0.01235214 -2e-05 0.02261551 0.01221926 -2e-05 0.02308148 0.01276103 -2e-05 0.02307345 0.01276622 -2e-05 0.02307755 0.01276375 -2e-05 0.02306921 0.01276842 -2e-05 0.02251753 0.01227246 -2e-05 0.0225312 0.01226162 -2e-05 0.02252637 0.01226488 -2e-05 0.0225218 0.0122685 -2e-05 0.02261879 0.01238673 -2e-05 0.02300571 0.0127989 -2e-05 0.02293976 0.01266151 -2e-05 0.02292973 0.01279311 -2e-05 0.02289675 0.01272441 -2e-05 0.02257054 0.01243498 -2e-05 0.02245403 0.01233596 -2e-05 0.0224438 0.01234867 -2e-05 0.02244857 0.01234204 -2e-05 0.02243976 0.01235576 -2e-05 0.02255363 0.01246879 -2e-05 0.02240928 0.01241673 -2e-05 0.02240123 0.0124508 -2e-05 0.02255363 0.01255727 -2e-05 0.02240484 0.01242762 -2e-05 0.02240214 0.01243907 -2e-05 0.02240123 0.01257526 -2e-05 0.0225983 0.01279836 -2e-05 0.02266645 0.01266205 -2e-05 0.02261655 0.0126371 -2e-05 0.02267436 0.01279379 -2e-05 0.02270844 0.01272564 -2e-05 0.02240928 0.01260934 -2e-05 0.02240214 0.01258699 -2e-05 0.02240484 0.01259844 -2e-05 0.02253733 0.01276788 -2e-05 0.02243976 0.0126703 -2e-05 0.02257054 0.01259109 -2e-05 0.02252361 0.01275906 -2e-05 0.02253024 0.01276384 -2e-05 0.02245403 0.0126901 -2e-05 0.0224438 0.0126774 -2e-05 0.02244857 0.01268403 -2e-05 0.02251753 0.0127536 -2e-05 0.02308591 0.02374153 -2e-05 0.02322652 0.02368276 -2e-05 0.02316592 0.02363656 -2e-05 0.02309562 0.02366595 -2e-05 0.02328068 0.02394074 -2e-05 0.02333783 0.02391494 -2e-05 0.02335628 0.023855 -2e-05 0.02332351 0.02380153 -2e-05 0.02328371 0.02376845 -2e-05 0.02309295 0.02375744 -2e-05 0.02310064 0.02377306 -2e-05 0.02325098 0.02372837 -2e-05 0.02310898 0.02378834 -2e-05 0.02263043 0.02394074 -2e-05 0.02263043 0.02378834 -2e-05 0.02256444 0.02382644 -2e-05 0.02256444 0.02390264 -2e-05 0.02335688 0.02297554 -2e-05 0.02334667 0.02293744 -2e-05 0.02331878 0.02290955 -2e-05 0.02328068 0.02289934 -2e-05 0.02320448 0.02305174 -2e-05 0.02335688 0.02325494 -2e-05 0.02335297 0.02327904 -2e-05 0.02335513 0.02327116 -2e-05 0.02335644 0.0232631 -2e-05 0.023047 0.02305174 -2e-05 0.02320448 0.02324258 -2e-05 0.02330989 0.02339374 -2e-05 0.02331498 0.0233865 -2e-05 0.0233192 0.02337871 -2e-05 0.02332248 0.02337048 -2e-05 0.02318272 0.02330783 -2e-05 0.02289459 0.02305174 -2e-05 0.0232723 0.0234323 -2e-05 0.02317097 0.02331825 -2e-05 0.02322768 0.02346245 -2e-05 0.02315787 0.02332693 -2e-05 0.02314369 0.02333368 -2e-05 0.02289459 0.0231498 -2e-05 0.023047 0.02324161 -2e-05 0.02263043 0.02289934 -2e-05 0.02317788 0.02348294 -2e-05 0.02315622 0.02348608 -2e-05 0.02316353 0.02348573 -2e-05 0.02317077 0.02348468 -2e-05 0.02310903 0.02333368 -2e-05 0.02309525 0.02348608 -2e-05 0.02291295 0.02331911 -2e-05 0.02307065 0.02330712 -2e-05 0.02307143 0.02348226 -2e-05 0.02307922 0.02348438 -2e-05 0.02308719 0.02348565 -2e-05 0.02263043 0.02305174 -2e-05 0.02256444 0.02293744 -2e-05 0.02302362 0.02346124 -2e-05 0.02309511 0.02332654 -2e-05 0.02308224 0.02331763 -2e-05 0.02293214 0.02337226 -2e-05 0.02256444 0.02301364 -2e-05 0.02294432 0.02339399 -2e-05 0.0229354 0.02337994 -2e-05 0.02293947 0.02338721 -2e-05 0.02298072 0.02343144 -2e-05 0.02258928 0.02334575 -2e-05 0.02267159 0.02347401 -2e-05 0.02255432 0.02341346 -2e-05 0.02259548 0.02347759 -2e-05 0.02552827 0.009713341 -2e-05 0.02546499 0.009529007 -2e-05 0.02548125 0.009626453 -2e-05 0.02560096 0.009780252 -2e-05 0.02569143 0.009819938 -2e-05 0.02578989 0.009828096 -2e-05 0.02588566 0.009803843 -2e-05 0.02596836 0.009749808 -2e-05 0.02602905 0.009671845 -2e-05 0.02606112 0.009578404 -2e-05 0.02606112 0.009479609 -2e-05 0.02602905 0.009386168 -2e-05 0.02596836 0.009308206 -2e-05 0.02588566 0.00925417 -2e-05 0.02578989 0.009229918 -2e-05 0.02569143 0.009238076 -2e-05 0.02560096 0.009277761 -2e-05 0.02552827 0.009344673 -2e-05 0.02548125 0.00943156 -2e-05 0.02975926 0.008393025 -2e-05 0.02984906 0.008355827 -2e-05 0.02988626 0.008266025 -2e-05 0.02984906 0.008176222 -2e-05 0.02975926 0.008139025 -2e-05 0.02895934 0.008393025 -2e-05 0.02895933 0.008139025 -2e-05 0.02886212 0.008149985 -2e-05 0.02886793 0.008417531 -2e-05 0.02876979 0.008182303 -2e-05 0.02868697 0.008234356 -2e-05 0.0286178 0.008303535 -2e-05 0.02880101 0.008484463 -2e-05 0.02975926 0.00955871 -2e-05 0.02988626 0.00968571 -2e-05 0.02984906 0.009595907 -2e-05 0.02856577 0.00838637 -2e-05 0.02984906 0.009775513 -2e-05 0.02853347 0.008478706 -2e-05 0.02877653 0.008575885 -2e-05 0.02852253 0.008575915 -2e-05 0.02975926 0.00981271 -2e-05 0.02877653 0.00937588 -2e-05 0.02895934 0.00955871 -2e-05 0.02852253 0.00937588 -2e-05 0.02895933 0.00981271 -2e-05 0.02853348 0.009473079 -2e-05 0.02880102 0.009467289 -2e-05 0.02886213 0.009801751 -2e-05 0.02886794 0.009534208 -2e-05 0.02856579 0.009565404 -2e-05 0.02876981 0.00976944 -2e-05 0.02861782 0.009648227 -2e-05 0.02868699 0.009717395 -2e-05 0.03121106 0.008418005 -2e-05 0.03146118 0.008303991 -2e-05 0.03139201 0.008234818 -2e-05 0.03130918 0.008182771 -2e-05 0.03121684 0.00815046 -2e-05 0.03127798 0.008484931 -2e-05 0.03154552 0.008479158 -2e-05 0.03151322 0.008386824 -2e-05 0.03111964 0.008393508 -2e-05 0.03111964 0.008139507 -2e-05 0.03130247 0.008576352 -2e-05 0.03155647 0.008576367 -2e-05 0.03031971 0.008393508 -2e-05 0.03031971 0.008139507 -2e-05 0.03022991 0.008176704 -2e-05 0.03019271 0.008266507 -2e-05 0.03130247 0.009376337 -2e-05 0.03154552 0.009473541 -2e-05 0.03155647 0.009376337 -2e-05 0.03022991 0.00835631 -2e-05 0.03127797 0.009467752 -2e-05 0.03146116 0.009648696 -2e-05 0.03151321 0.009565871 -2e-05 0.03121105 0.009534673 -2e-05 0.031392 0.009717865 -2e-05 0.03130917 0.009769908 -2e-05 0.03121684 0.009802216 -2e-05 0.03111964 0.009559167 -2e-05 0.03111964 0.009813168 -2e-05 0.03031971 0.009813168 -2e-05 0.03031971 0.009559167 -2e-05 0.03019271 0.009686167 -2e-05 0.03022991 0.009596364 -2e-05 0.03022991 0.00977597 -2e-05 0.03237301 0.00137952 -2e-05 0.03242537 0.00141951 -2e-05 0.03241102 0.001402412 -2e-05 0.03239328 0.001388864 -2e-05 0.03261482 0.001709852 -2e-05 0.03260976 0.001697652 -2e-05 0.03260317 0.00168621 -2e-05 0.03261825 0.001722606 -2e-05 0.03207421 0.001285411 -2e-05 0.03210631 0.00129062 -2e-05 0.03209582 0.001287738 -2e-05 0.03208508 0.001285995 -2e-05 0.03227578 0.00156109 -2e-05 0.03242313 0.001782107 -2e-05 0.03186432 0.00129062 -2e-05 0.03189642 0.001285411 -2e-05 0.03188555 0.001285995 -2e-05 0.03187481 0.001287738 -2e-05 0.03205775 0.001488411 -2e-05 0.03270715 0.002167107 -2e-05 0.03270912 0.002187013 -2e-05 0.0327089 0.002180339 -2e-05 0.03270824 0.002173694 -2e-05 0.03191289 0.001488411 -2e-05 0.03250612 0.002197063 -2e-05 0.03270912 0.002453713 -2e-05 0.03270824 0.002467032 -2e-05 0.0327089 0.002460387 -2e-05 0.03270715 0.002473619 -2e-05 0.03155961 0.001402412 -2e-05 0.03159762 0.00137952 -2e-05 0.03157735 0.001388864 -2e-05 0.03169485 0.00156109 -2e-05 0.03154526 0.00141951 -2e-05 0.03250612 0.002443663 -2e-05 0.03136746 0.00168621 -2e-05 0.03154751 0.001782107 -2e-05 0.03260976 0.002943075 -2e-05 0.03261482 0.002930874 -2e-05 0.03261825 0.00291812 -2e-05 0.03260317 0.002954516 -2e-05 0.03135239 0.001722606 -2e-05 0.03136087 0.001697652 -2e-05 0.03135581 0.001709852 -2e-05 0.03242313 0.002858619 -2e-05 0.03227578 0.003079636 -2e-05 0.03242537 0.003221217 -2e-05 0.03237301 0.003261206 -2e-05 0.03239328 0.003251863 -2e-05 0.03241102 0.003238314 -2e-05 0.03126349 0.002167107 -2e-05 0.03146452 0.002197063 -2e-05 0.03126151 0.002187013 -2e-05 0.03126239 0.002173694 -2e-05 0.03126173 0.002180339 -2e-05 0.03146452 0.002443663 -2e-05 0.03126151 0.002453713 -2e-05 0.03126239 0.002467032 -2e-05 0.03126173 0.002460387 -2e-05 0.03126349 0.002473619 -2e-05 0.03210631 0.003350106 -2e-05 0.03205775 0.003152315 -2e-05 0.03208508 0.003354732 -2e-05 0.03209582 0.003352989 -2e-05 0.03207421 0.003355315 -2e-05 0.03154751 0.002858619 -2e-05 0.03189642 0.003355315 -2e-05 0.03191289 0.003152315 -2e-05 0.03186432 0.003350106 -2e-05 0.03187481 0.003352989 -2e-05 0.03188555 0.003354732 -2e-05 0.03169485 0.003079636 -2e-05 0.03135239 0.00291812 -2e-05 0.03136746 0.002954516 -2e-05 0.03135581 0.002930874 -2e-05 0.03136087 0.002943075 -2e-05 0.03159762 0.003261206 -2e-05 0.03154526 0.003221217 -2e-05 0.03155961 0.003238314 -2e-05 0.03157735 0.003251863 -2e-05 0.03261997 0.009512202 -2e-05 0.03263841 0.009452263 -2e-05 0.03260565 0.009398789 -2e-05 0.03236805 0.00933879 -2e-05 0.03250866 0.009280026 -2e-05 0.03244806 0.009233829 -2e-05 0.03237775 0.009263211 -2e-05 0.03256281 0.009538009 -2e-05 0.03256585 0.009365716 -2e-05 0.03237509 0.00935471 -2e-05 0.03238278 0.009370324 -2e-05 0.03253312 0.009325634 -2e-05 0.03239111 0.009385609 -2e-05 0.03191257 0.009538009 -2e-05 0.03191257 0.009385609 -2e-05 0.03184658 0.009423708 -2e-05 0.03184658 0.009499908 -2e-05 0.03251092 0.008538153 -2e-05 0.03251662 0.008541977 -2e-05 0.03251382 0.008540001 -2e-05 0.03250795 0.008536437 -2e-05 0.03263855 0.008719324 -2e-05 0.03263715 0.008711004 -2e-05 0.03263485 0.00870289 -2e-05 0.03263902 0.008727747 -2e-05 0.03233117 0.008467566 -2e-05 0.03233522 0.008468478 -2e-05 0.0323332 0.008467994 -2e-05 0.03232913 0.008467192 -2e-05 0.03263715 0.00886895 -2e-05 0.03263855 0.00886063 -2e-05 0.03263902 0.008852207 -2e-05 0.03243 0.008667542 -2e-05 0.03256661 0.00858728 -2e-05 0.03245234 0.008508977 -2e-05 0.03245303 0.00868889 -2e-05 0.03247208 0.00871384 -2e-05 0.03260656 0.008641646 -2e-05 0.03263485 0.008877065 -2e-05 0.03248661 0.008741667 -2e-05 0.03238829 0.008647293 -2e-05 0.03239463 0.008486271 -2e-05 0.0323451 0.008630399 -2e-05 0.03230071 0.008616963 -2e-05 0.03223506 0.008459932 -2e-05 0.03248661 0.008838287 -2e-05 0.03260656 0.008938308 -2e-05 0.03247239 0.008865634 -2e-05 0.03221557 0.008613235 -2e-05 0.03214121 0.008469711 -2e-05 0.03256661 0.008992675 -2e-05 0.03245379 0.008890221 -2e-05 0.03243135 0.008911357 -2e-05 0.03213182 0.008629086 -2e-05 0.03205066 0.008496208 -2e-05 0.03251662 0.009037977 -2e-05 0.03250435 0.009045363 -2e-05 0.03250859 0.00904316 -2e-05 0.03251269 0.009040694 -2e-05 0.03195267 0.008549405 -2e-05 0.03196634 0.008538561 -2e-05 0.03196151 0.008541823 -2e-05 0.03195695 0.008545445 -2e-05 0.03205393 0.008663672 -2e-05 0.03244085 0.009075844 -2e-05 0.0323749 0.008938452 -2e-05 0.03236487 0.009070052 -2e-05 0.03233189 0.009001356 -2e-05 0.03200568 0.008711925 -2e-05 0.03188917 0.008612906 -2e-05 0.03187894 0.008625609 -2e-05 0.03188371 0.008618982 -2e-05 0.0318749 0.00863271 -2e-05 0.03198877 0.008745735 -2e-05 0.03184442 0.008693669 -2e-05 0.03183637 0.008727747 -2e-05 0.03183998 0.008704567 -2e-05 0.03183728 0.008716017 -2e-05 0.03198877 0.008834219 -2e-05 0.0321095 0.009070738 -2e-05 0.03214358 0.009002582 -2e-05 0.03210159 0.008938993 -2e-05 0.03183637 0.008852207 -2e-05 0.03203344 0.009075303 -2e-05 0.03205169 0.008914042 -2e-05 0.03184442 0.008886285 -2e-05 0.03183728 0.008863937 -2e-05 0.03183998 0.008875387 -2e-05 0.03197248 0.009044823 -2e-05 0.0318749 0.008947246 -2e-05 0.03200568 0.00886803 -2e-05 0.03195875 0.009036007 -2e-05 0.03196538 0.009040784 -2e-05 0.03188917 0.008967049 -2e-05 0.03187894 0.008954345 -2e-05 0.03188371 0.008960972 -2e-05 0.03195267 0.009030549 -2e-05 0.03455391 0.001458683 -2e-05 0.03458364 0.001386911 -2e-05 0.03455391 0.00131514 -2e-05 0.03448214 0.001285411 -2e-05 0.0342371 0.001488411 -2e-05 0.03323754 0.001285411 -2e-05 0.03323754 0.001488411 -2e-05 0.03316577 0.00131514 -2e-05 0.03313604 0.001386911 -2e-05 0.03316577 0.001458683 -2e-05 0.03448402 0.002943607 -2e-05 0.03448993 0.002929091 -2e-05 0.03449353 0.002913839 -2e-05 0.03449474 0.002898214 -2e-05 0.03429174 0.002809314 -2e-05 0.03449474 0.002809314 -2e-05 0.03446501 0.002737543 -2e-05 0.03439324 0.002707814 -2e-05 0.03432147 0.002737543 -2e-05 0.03429174 0.002874254 -2e-05 0.03352137 0.002204142 -2e-05 0.0336693 0.002343296 -2e-05 0.03351325 0.0022133 -2e-05 0.03351854 0.002207085 -2e-05 0.03351583 0.002210139 -2e-05 0.03439513 0.003121407 -2e-05 0.03438338 0.003139691 -2e-05 0.03438974 0.003130864 -2e-05 0.03437611 0.003147786 -2e-05 0.03422092 0.00301589 -2e-05 0.03344818 0.002300718 -2e-05 0.03361363 0.002418343 -2e-05 0.03415532 0.003081497 -2e-05 0.03356155 0.002495922 -2e-05 0.03428721 0.003236686 -2e-05 0.03426083 0.003255699 -2e-05 0.03427029 0.003250319 -2e-05 0.03427912 0.003243957 -2e-05 0.03338753 0.002391264 -2e-05 0.03351317 0.002575863 -2e-05 0.03401368 0.003152315 -2e-05 0.03333146 0.002484714 -2e-05 0.0334686 0.002657989 -2e-05 0.03408303 0.003344599 -2e-05 0.03328011 0.002580835 -2e-05 0.03405326 0.003354105 -2e-05 0.03406852 0.003350505 -2e-05 0.03342794 0.002742118 -2e-05 0.03403764 0.003355315 -2e-05 0.0332336 0.002679391 -2e-05 0.03322494 0.002720414 -2e-05 0.03322882 0.00269262 -2e-05 0.03322591 0.002706382 -2e-05 0.03342794 0.002874254 -2e-05 0.03368204 0.003355315 -2e-05 0.033706 0.003152315 -2e-05 0.03322494 0.002898214 -2e-05 0.03323565 0.002943607 -2e-05 0.03322615 0.002913839 -2e-05 0.03322975 0.002929091 -2e-05 0.03363665 0.003344599 -2e-05 0.03365117 0.003350505 -2e-05 0.03366642 0.003354105 -2e-05 0.03345885 0.003255699 -2e-05 0.03356437 0.003081497 -2e-05 0.03332455 0.003121407 -2e-05 0.03349876 0.00301589 -2e-05 0.03344056 0.003243957 -2e-05 0.03344939 0.003250319 -2e-05 0.0333363 0.003139691 -2e-05 0.03332994 0.003130864 -2e-05 0.03343247 0.003236686 -2e-05 0.03334357 0.003147786 -2e-05 0.03423167 0.02825958 -2e-05 0.03438407 0.02825958 -2e-05 0.03434597 0.02819359 -2e-05 0.03426977 0.02819359 -2e-05 0.03443089 0.02871505 -2e-05 0.03453585 0.02879507 -2e-05 0.03450647 0.02872476 -2e-05 0.03448965 0.02885567 -2e-05 0.03441497 0.0287221 -2e-05 0.03439935 0.02872979 -2e-05 0.03444404 0.02888012 -2e-05 0.03438407 0.02873812 -2e-05 0.03440396 0.02891286 -2e-05 0.03423167 0.02890982 -2e-05 0.03437089 0.02895266 -2e-05 0.03425748 0.02896698 -2e-05 0.03431741 0.02898542 -2e-05 0.03513783 0.02822234 -2e-05 0.03515677 0.02823618 -2e-05 0.03514783 0.02822853 -2e-05 0.03512699 0.02821777 -2e-05 0.03523868 0.02832946 -2e-05 0.03523411 0.02831862 -2e-05 0.03522792 0.02830862 -2e-05 0.03522027 0.02829968 -2e-05 0.03501961 0.02818382 -2e-05 0.03503555 0.02818729 -2e-05 0.03502767 0.02818513 -2e-05 0.03501145 0.02818338 -2e-05 0.03527307 0.028445 -2e-05 0.03527263 0.02843684 -2e-05 0.03527132 0.02842878 -2e-05 0.03526916 0.0284209 -2e-05 0.03492385 0.02818729 -2e-05 0.03494795 0.02818338 -2e-05 0.03493979 0.02818382 -2e-05 0.03493173 0.02818513 -2e-05 0.03509979 0.02839472 -2e-05 0.03506173 0.02835666 -2e-05 0.03499908 0.02833578 -2e-05 0.03512067 0.02845737 -2e-05 0.03496032 0.02833578 -2e-05 0.03480154 0.02823729 -2e-05 0.03483241 0.02821777 -2e-05 0.03482111 0.02822258 -2e-05 0.03481073 0.02822915 -2e-05 0.03489845 0.0283564 -2e-05 0.03474058 0.02830079 -2e-05 0.03486172 0.02839466 -2e-05 0.03472388 0.02832768 -2e-05 0.03473378 0.02830894 -2e-05 0.03472817 0.02831797 -2e-05 0.03527307 0.02890982 -2e-05 0.03469086 0.02841912 -2e-05 0.03483873 0.02845834 -2e-05 0.03468684 0.02843622 -2e-05 0.03468835 0.02842755 -2e-05 0.03468633 0.028445 -2e-05 0.03512067 0.02890982 -2e-05 0.03523497 0.02897581 -2e-05 0.03515877 0.02897581 -2e-05 0.03468633 0.02890982 -2e-05 0.03483873 0.02890982 -2e-05 0.03472443 0.02897581 -2e-05 0.03480063 0.02897581 -2e-05 0.03635317 0.001509862 -2e-05 0.03634681 0.001501036 -2e-05 0.03633953 0.00149294 -2e-05 0.03635855 0.00151932 -2e-05 0.03621096 0.00137952 -2e-05 0.03625064 0.00140404 -2e-05 0.03623873 0.001393848 -2e-05 0.0362254 0.001385609 -2e-05 0.03591216 0.001285411 -2e-05 0.03594426 0.00129062 -2e-05 0.03593377 0.001287738 -2e-05 0.03592303 0.001285995 -2e-05 0.03640206 0.001833296 -2e-05 0.03645296 0.001774609 -2e-05 0.03644745 0.00169712 -2e-05 0.03612403 0.001564526 -2e-05 0.03618435 0.001624836 -2e-05 0.03632457 0.001838803 -2e-05 0.03626588 0.001787904 -2e-05 0.03589569 0.001488411 -2e-05 0.03561337 0.00129062 -2e-05 0.03564546 0.001285411 -2e-05 0.0356346 0.001285995 -2e-05 0.03562386 0.001287738 -2e-05 0.03566193 0.001488411 -2e-05 0.03531889 0.001393848 -2e-05 0.03534666 0.00137952 -2e-05 0.03533223 0.001385609 -2e-05 0.03530699 0.00140404 -2e-05 0.03543359 0.001564526 -2e-05 0.03528968 0.00170844 -2e-05 0.03512919 0.001581841 -2e-05 0.03511076 0.001607075 -2e-05 0.035119 0.001593744 -2e-05 0.03510467 0.001621515 -2e-05 0.03573436 0.002441114 -2e-05 0.03583541 0.002533026 -2e-05 0.03580266 0.002467529 -2e-05 0.03581556 0.002603513 -2e-05 0.03501577 0.001888215 -2e-05 0.03521356 0.001936784 -2e-05 0.03501056 0.001920312 -2e-05 0.03501289 0.001898707 -2e-05 0.03501115 0.001909447 -2e-05 0.03521356 0.002081642 -2e-05 0.03501056 0.002098113 -2e-05 0.03553136 0.002644114 -2e-05 0.03549162 0.002441114 -2e-05 0.03501577 0.00213021 -2e-05 0.03501115 0.002108978 -2e-05 0.03501289 0.002119718 -2e-05 0.03528968 0.002309985 -2e-05 0.03617886 0.003355315 -2e-05 0.03625064 0.003325586 -2e-05 0.03628036 0.003253815 -2e-05 0.03625064 0.003182044 -2e-05 0.03617886 0.003152315 -2e-05 0.03546766 0.002644114 -2e-05 0.03542227 0.002633398 -2e-05 0.03543679 0.002639303 -2e-05 0.03545204 0.002642904 -2e-05 0.03510467 0.00239691 -2e-05 0.03524447 0.002544498 -2e-05 0.03534999 0.002370295 -2e-05 0.03522618 0.002532755 -2e-05 0.03523501 0.002539117 -2e-05 0.03512919 0.002436584 -2e-05 0.03511076 0.00241135 -2e-05 0.035119 0.002424681 -2e-05 0.03521809 0.002525485 -2e-05 0.03540396 0.003152315 -2e-05 0.03520096 0.003355315 -2e-05 0.03511976 0.003192915 -2e-05 0.03509992 0.003263402 -2e-05 0.03513266 0.0033289 -2e-05 0.03552304 0.02807459 -2e-05 0.03577705 0.02807459 -2e-05 0.03573985 0.02798479 -2e-05 0.03565005 0.02794759 -2e-05 0.03556024 0.02798479 -2e-05 0.03552304 0.03931236 -2e-05 0.03573985 0.03940216 -2e-05 0.03577705 0.03931236 -2e-05 0.03565005 0.03943936 -2e-05 0.03556024 0.03940216 -2e-05 0.0613041 0.04245648 -2e-05 0.0613939 0.04241928 -2e-05 0.0614311 0.04232948 -2e-05 0.0613939 0.04223968 -2e-05 0.0613041 0.04220248 -2e-05 0.03615805 0.04245648 -2e-05 0.03615805 0.04220248 -2e-05 0.03603105 0.04232948 -2e-05 0.03606824 0.04223968 -2e-05 0.03606824 0.04241928 -2e-05 0.03788468 0.001324203 -2e-05 0.0380443 0.00144962 -2e-05 0.03806527 0.001374818 -2e-05 0.0380272 0.0013071 -2e-05 0.0379524 0.001286134 -2e-05 0.03747554 0.001844926 -2e-05 0.03760462 0.002009212 -2e-05 0.03690678 0.00144962 -2e-05 0.0370664 0.001324203 -2e-05 0.03699868 0.001286134 -2e-05 0.03692388 0.0013071 -2e-05 0.03688581 0.001374818 -2e-05 0.03734645 0.002009212 -2e-05 0.03747554 0.002173499 -2e-05 0.0380443 0.002568805 -2e-05 0.03788468 0.002694223 -2e-05 0.0379524 0.002732291 -2e-05 0.0380272 0.002711325 -2e-05 0.03806527 0.002643607 -2e-05 0.03690678 0.002568805 -2e-05 0.0370664 0.002694223 -2e-05 0.03688581 0.002643607 -2e-05 0.03692388 0.002711325 -2e-05 0.03699868 0.002732291 -2e-05 0.03960441 0.00137952 -2e-05 0.03965676 0.00141951 -2e-05 0.03964242 0.001402412 -2e-05 0.03962468 0.001388864 -2e-05 0.03984621 0.001709852 -2e-05 0.03984116 0.001697652 -2e-05 0.03983456 0.00168621 -2e-05 0.03984964 0.001722606 -2e-05 0.03930561 0.001285411 -2e-05 0.03933771 0.00129062 -2e-05 0.03932722 0.001287738 -2e-05 0.03931647 0.001285995 -2e-05 0.03950718 0.00156109 -2e-05 0.03965452 0.001782107 -2e-05 0.03909571 0.00129062 -2e-05 0.03912781 0.001285411 -2e-05 0.03911695 0.001285995 -2e-05 0.0391062 0.001287738 -2e-05 0.03928914 0.001488411 -2e-05 0.03993854 0.002167107 -2e-05 0.03994051 0.002187013 -2e-05 0.03994029 0.002180339 -2e-05 0.03993963 0.002173694 -2e-05 0.03914428 0.001488411 -2e-05 0.03973751 0.002197063 -2e-05 0.03994051 0.002453713 -2e-05 0.03993963 0.002467032 -2e-05 0.03994029 0.002460387 -2e-05 0.03993854 0.002473619 -2e-05 0.038791 0.001402412 -2e-05 0.03882901 0.00137952 -2e-05 0.03880874 0.001388864 -2e-05 0.03892625 0.00156109 -2e-05 0.03877666 0.00141951 -2e-05 0.03973751 0.002443663 -2e-05 0.03859886 0.00168621 -2e-05 0.0387789 0.001782107 -2e-05 0.03984116 0.002943075 -2e-05 0.03984621 0.002930874 -2e-05 0.03984964 0.00291812 -2e-05 0.03983456 0.002954516 -2e-05 0.03858378 0.001722606 -2e-05 0.03859226 0.001697652 -2e-05 0.03858721 0.001709852 -2e-05 0.03965452 0.002858619 -2e-05 0.03950718 0.003079636 -2e-05 0.03965676 0.003221217 -2e-05 0.03960441 0.003261206 -2e-05 0.03962468 0.003251863 -2e-05 0.03964242 0.003238314 -2e-05 0.03849488 0.002167107 -2e-05 0.03869591 0.002197063 -2e-05 0.03849313 0.002180339 -2e-05 0.03849379 0.002173694 -2e-05 0.03849291 0.002187013 -2e-05 0.03849291 0.002453713 -2e-05 0.03869591 0.002443663 -2e-05 0.03849379 0.002467032 -2e-05 0.03849313 0.002460387 -2e-05 0.03849488 0.002473619 -2e-05 0.03933771 0.003350106 -2e-05 0.03928914 0.003152315 -2e-05 0.03931647 0.003354732 -2e-05 0.03932722 0.003352989 -2e-05 0.03930561 0.003355315 -2e-05 0.0387789 0.002858619 -2e-05 0.03912781 0.003355315 -2e-05 0.03914428 0.003152315 -2e-05 0.03909571 0.003350106 -2e-05 0.0391062 0.003352989 -2e-05 0.03911695 0.003354732 -2e-05 0.03892625 0.003079636 -2e-05 0.03858378 0.00291812 -2e-05 0.03859886 0.002954516 -2e-05 0.03858721 0.002930874 -2e-05 0.03859226 0.002943075 -2e-05 0.03882901 0.003261206 -2e-05 0.03877666 0.003221217 -2e-05 0.038791 0.003238314 -2e-05 0.03880874 0.003251863 -2e-05 0.04180244 0.001907713 -2e-05 0.04190332 0.00199806 -2e-05 0.04187015 0.001933601 -2e-05 0.04188503 0.002068208 -2e-05 0.04084166 0.00131514 -2e-05 0.04101493 0.001386911 -2e-05 0.04098521 0.00131514 -2e-05 0.04091343 0.001285411 -2e-05 0.0416052 0.002110713 -2e-05 0.04081194 0.001386911 -2e-05 0.04101493 0.001907713 -2e-05 0.04101493 0.002110713 -2e-05 0.04081194 0.001907713 -2e-05 0.04081194 0.002110713 -2e-05 0.04046893 0.002110713 -2e-05 0.04046893 0.001907713 -2e-05 0.04036743 0.002009212 -2e-05 0.04039716 0.001937441 -2e-05 0.04039716 0.002080984 -2e-05 0.04101493 0.002937088 -2e-05 0.04099603 0.003312811 -2e-05 0.04081194 0.003253815 -2e-05 0.04084572 0.003329427 -2e-05 0.04092459 0.0033547 -2e-05 0.04374873 0.001458683 -2e-05 0.04377846 0.001386911 -2e-05 0.04374873 0.00131514 -2e-05 0.04367696 0.001285411 -2e-05 0.04343192 0.001488411 -2e-05 0.04243236 0.001285411 -2e-05 0.04243236 0.001488411 -2e-05 0.04236058 0.00131514 -2e-05 0.04233086 0.001386911 -2e-05 0.04236058 0.001458683 -2e-05 0.04351629 0.002737543 -2e-05 0.04365983 0.002737543 -2e-05 0.04358806 0.002707814 -2e-05 0.04367884 0.002943607 -2e-05 0.04368475 0.002929091 -2e-05 0.04368835 0.002913839 -2e-05 0.04368956 0.002898214 -2e-05 0.04348656 0.002809314 -2e-05 0.04368956 0.002809314 -2e-05 0.04348656 0.002874254 -2e-05 0.04271619 0.002204142 -2e-05 0.04286412 0.002343296 -2e-05 0.04270807 0.0022133 -2e-05 0.04271336 0.002207085 -2e-05 0.04271065 0.002210139 -2e-05 0.04358994 0.003121407 -2e-05 0.0435782 0.003139691 -2e-05 0.04358456 0.003130864 -2e-05 0.04357093 0.003147786 -2e-05 0.04341574 0.00301589 -2e-05 0.042643 0.002300718 -2e-05 0.04280845 0.002418343 -2e-05 0.04275637 0.002495922 -2e-05 0.04348203 0.003236686 -2e-05 0.04335014 0.003081497 -2e-05 0.04345565 0.003255699 -2e-05 0.04346511 0.003250319 -2e-05 0.04347393 0.003243957 -2e-05 0.04258235 0.002391264 -2e-05 0.04270799 0.002575863 -2e-05 0.0432085 0.003152315 -2e-05 0.04252628 0.002484714 -2e-05 0.04266342 0.002657989 -2e-05 0.04327785 0.003344599 -2e-05 0.04247493 0.002580835 -2e-05 0.04262276 0.002742118 -2e-05 0.04323246 0.003355315 -2e-05 0.04324808 0.003354105 -2e-05 0.04326334 0.003350505 -2e-05 0.04242842 0.002679391 -2e-05 0.04290082 0.003152315 -2e-05 0.04241976 0.002720414 -2e-05 0.04262276 0.002874254 -2e-05 0.04242364 0.00269262 -2e-05 0.04242073 0.002706382 -2e-05 0.04287686 0.003355315 -2e-05 0.04241976 0.002898214 -2e-05 0.04243047 0.002943607 -2e-05 0.04242097 0.002913839 -2e-05 0.04242457 0.002929091 -2e-05 0.04283147 0.003344599 -2e-05 0.04284598 0.003350505 -2e-05 0.04286123 0.003354105 -2e-05 0.04251937 0.003121407 -2e-05 0.04269358 0.00301589 -2e-05 0.04265366 0.003255699 -2e-05 0.04275918 0.003081497 -2e-05 0.04253112 0.003139691 -2e-05 0.04252475 0.003130864 -2e-05 0.04263538 0.003243957 -2e-05 0.04264421 0.003250319 -2e-05 0.04253839 0.003147786 -2e-05 0.04262729 0.003236686 -2e-05 0.04658166 0.01829638 -2e-05 0.04673405 0.01829638 -2e-05 0.04669596 0.01823039 -2e-05 0.04661975 0.01823039 -2e-05 0.04658166 0.01917905 -2e-05 0.04673405 0.01925525 -2e-05 0.04665786 0.01933146 -2e-05 0.04669596 0.01932125 -2e-05 0.04672385 0.01929336 -2e-05 0.04526045 0.01829638 -2e-05 0.04541285 0.01829638 -2e-05 0.04537475 0.01823039 -2e-05 0.04529855 0.01823039 -2e-05 0.04541285 0.01917905 -2e-05 0.04533665 0.01933146 -2e-05 0.04526045 0.01925525 -2e-05 0.04527066 0.01929336 -2e-05 0.04529855 0.01932125 -2e-05 0.04673405 0.01648507 -2e-05 0.04672385 0.01644698 -2e-05 0.04669596 0.01641908 -2e-05 0.04665786 0.01640887 -2e-05 0.04658166 0.01656128 -2e-05 0.04673405 0.01744395 -2e-05 0.04658166 0.01744395 -2e-05 0.04669596 0.01750994 -2e-05 0.04661975 0.01750994 -2e-05 0.04541285 0.01656128 -2e-05 0.04533665 0.01640887 -2e-05 0.04526045 0.01648507 -2e-05 0.04529855 0.01641908 -2e-05 0.04527066 0.01644698 -2e-05 0.04526045 0.01744395 -2e-05 0.04537475 0.01750994 -2e-05 0.04541285 0.01744395 -2e-05 0.04529855 0.01750994 -2e-05 0.04633881 0.01601217 -2e-05 0.04635775 0.01595291 -2e-05 0.04632621 0.01589928 -2e-05 0.04628202 0.01603756 -2e-05 0.04604355 0.01588516 -2e-05 0.04589441 0.01559194 -2e-05 0.04592642 0.01580179 -2e-05 0.04577402 0.01565402 -2e-05 0.04584176 0.01557829 -2e-05 0.04579343 0.01560322 -2e-05 0.04592642 0.01603756 -2e-05 0.04592642 0.01588516 -2e-05 0.04577402 0.01588516 -2e-05 0.04577402 0.01603756 -2e-05 0.04592642 0.0161163 -2e-05 0.04577402 0.0161163 -2e-05 0.04581212 0.01618229 -2e-05 0.04588832 0.01618229 -2e-05 0.04563178 0.01603756 -2e-05 0.04563178 0.01588516 -2e-05 0.04556579 0.01592326 -2e-05 0.04556579 0.01599946 -2e-05 0.04635822 0.01491742 -2e-05 0.04634801 0.01487932 -2e-05 0.04632012 0.01485143 -2e-05 0.04628202 0.01484122 -2e-05 0.04620582 0.01499362 -2e-05 0.04635822 0.01519682 -2e-05 0.04635647 0.01521304 -2e-05 0.04635778 0.01520498 -2e-05 0.04635431 0.01522092 -2e-05 0.04604834 0.01499362 -2e-05 0.04620582 0.01518446 -2e-05 0.04631123 0.01533562 -2e-05 0.04631633 0.01532838 -2e-05 0.04632055 0.01532059 -2e-05 0.04632383 0.01531236 -2e-05 0.04618407 0.01524971 -2e-05 0.04589594 0.01499362 -2e-05 0.04627364 0.01537418 -2e-05 0.04617231 0.01526013 -2e-05 0.04622903 0.01540433 -2e-05 0.04615921 0.01526881 -2e-05 0.04614503 0.01527556 -2e-05 0.04589594 0.01509168 -2e-05 0.04604834 0.01518349 -2e-05 0.04563178 0.01484122 -2e-05 0.04617923 0.01542482 -2e-05 0.04615756 0.01542796 -2e-05 0.04616487 0.01542761 -2e-05 0.04617212 0.01542656 -2e-05 0.04611037 0.01527556 -2e-05 0.0460966 0.01542796 -2e-05 0.04608057 0.01542626 -2e-05 0.04608854 0.01542754 -2e-05 0.0459143 0.01526099 -2e-05 0.04607199 0.015249 -2e-05 0.04607277 0.01542414 -2e-05 0.04563178 0.01499362 -2e-05 0.04556579 0.01487932 -2e-05 0.04602496 0.01540312 -2e-05 0.04609645 0.01526842 -2e-05 0.04608358 0.01525951 -2e-05 0.04593349 0.01531414 -2e-05 0.04594082 0.01532909 -2e-05 0.04593674 0.01532182 -2e-05 0.04556579 0.01495552 -2e-05 0.04594566 0.01533587 -2e-05 0.04598206 0.01537332 -2e-05 0.04559062 0.01528763 -2e-05 0.04567294 0.01541589 -2e-05 0.04555566 0.01535534 -2e-05 0.04559682 0.01541947 -2e-05 0.04639975 0.001386911 -2e-05 0.04637002 0.00131514 -2e-05 0.04629824 0.001285411 -2e-05 0.04622647 0.00131514 -2e-05 0.04619675 0.001386911 -2e-05 0.04629824 0.003355315 -2e-05 0.04637002 0.003325586 -2e-05 0.04639975 0.003253815 -2e-05 0.04619675 0.003253815 -2e-05 0.04622647 0.003325586 -2e-05 0.04807127 0.001386911 -2e-05 0.04827427 0.001386911 -2e-05 0.04824454 0.00131514 -2e-05 0.04817277 0.001285411 -2e-05 0.048101 0.00131514 -2e-05 0.04807127 0.002174413 -2e-05 0.04807127 0.002377413 -2e-05 0.04734057 0.002179622 -2e-05 0.04737267 0.002174413 -2e-05 0.0473618 0.002174996 -2e-05 0.04735106 0.002176739 -2e-05 0.04827427 0.003253815 -2e-05 0.04738914 0.002377413 -2e-05 0.04807127 0.003152315 -2e-05 0.04817277 0.003355315 -2e-05 0.04822352 0.003341717 -2e-05 0.04826067 0.003304565 -2e-05 0.0470461 0.002282849 -2e-05 0.04707387 0.002268522 -2e-05 0.04705943 0.002274611 -2e-05 0.04703419 0.002293042 -2e-05 0.04716079 0.002453527 -2e-05 0.04694529 0.002381942 -2e-05 0.04710048 0.002513838 -2e-05 0.04692628 0.002408321 -2e-05 0.04693803 0.002390037 -2e-05 0.04693166 0.002398864 -2e-05 0.04702967 0.002655475 -2e-05 0.04683738 0.002586122 -2e-05 0.04682788 0.00261589 -2e-05 0.04683148 0.002600638 -2e-05 0.04682667 0.002631514 -2e-05 0.04702967 0.002874254 -2e-05 0.04737267 0.003355315 -2e-05 0.04738914 0.003152315 -2e-05 0.04735106 0.003352989 -2e-05 0.0473618 0.003354732 -2e-05 0.04734057 0.003350106 -2e-05 0.04716079 0.003076201 -2e-05 0.04682667 0.002898214 -2e-05 0.04683738 0.002943607 -2e-05 0.04682788 0.002913839 -2e-05 0.04683148 0.002929091 -2e-05 0.04707387 0.003261206 -2e-05 0.04692628 0.003121407 -2e-05 0.04710048 0.00301589 -2e-05 0.0470461 0.003246879 -2e-05 0.04705943 0.003255118 -2e-05 0.04693803 0.003139691 -2e-05 0.04693166 0.003130864 -2e-05 0.04694529 0.003147786 -2e-05 0.04703419 0.003236686 -2e-05 0.04923803 0.01829638 -2e-05 0.04939043 0.01829638 -2e-05 0.04935233 0.01823039 -2e-05 0.04927613 0.01823039 -2e-05 0.04923803 0.01917905 -2e-05 0.04939043 0.01925525 -2e-05 0.04931424 0.01933146 -2e-05 0.04935233 0.01932125 -2e-05 0.04938023 0.01929336 -2e-05 0.04791682 0.01829638 -2e-05 0.04806923 0.01829638 -2e-05 0.04803112 0.01823039 -2e-05 0.04795493 0.01823039 -2e-05 0.04806923 0.01917905 -2e-05 0.04799303 0.01933146 -2e-05 0.04791682 0.01925525 -2e-05 0.04792703 0.01929336 -2e-05 0.04795493 0.01932125 -2e-05 0.04931424 0.01640887 -2e-05 0.04939043 0.01648507 -2e-05 0.04938023 0.01644698 -2e-05 0.04935233 0.01641908 -2e-05 0.04923803 0.01656128 -2e-05 0.04939043 0.01744395 -2e-05 0.04923803 0.01744395 -2e-05 0.04935233 0.01750994 -2e-05 0.04927613 0.01750994 -2e-05 0.04806923 0.01656128 -2e-05 0.04799303 0.01640887 -2e-05 0.04791682 0.01648507 -2e-05 0.04795493 0.01641908 -2e-05 0.04792703 0.01644698 -2e-05 0.04791682 0.01744395 -2e-05 0.04803112 0.01750994 -2e-05 0.04806923 0.01744395 -2e-05 0.04795493 0.01750994 -2e-05 0.04890886 0.01571498 -2e-05 0.04906126 0.01571498 -2e-05 0.04902316 0.01564899 -2e-05 0.04894696 0.01564899 -2e-05 0.04890886 0.01590263 -2e-05 0.04906126 0.01605534 -2e-05 0.04843722 0.01558109 -2e-05 0.04853347 0.01567139 -2e-05 0.04851142 0.01559845 -2e-05 0.04893924 0.01611623 -2e-05 0.04899217 0.01613121 -2e-05 0.0490414 0.01610665 -2e-05 0.04866248 0.01586992 -2e-05 0.0487845 0.01580904 -2e-05 0.04873156 0.01579406 -2e-05 0.04868234 0.01581862 -2e-05 0.04879939 0.01601098 -2e-05 0.04848133 0.01572696 -2e-05 0.04846358 0.01573384 -2e-05 0.04838901 0.01560077 -2e-05 0.04866248 0.01594402 -2e-05 0.04844708 0.01574333 -2e-05 0.04834532 0.01562911 -2e-05 0.04875988 0.01608086 -2e-05 0.04876651 0.01607392 -2e-05 0.04877221 0.01606621 -2e-05 0.04877689 0.01605784 -2e-05 0.04843221 0.01575521 -2e-05 0.04864581 0.01597875 -2e-05 0.04863554 0.01598824 -2e-05 0.04830769 0.01566511 -2e-05 0.04872686 0.01611134 -2e-05 0.04829676 0.01568168 -2e-05 0.04830169 0.01567303 -2e-05 0.04829301 0.01569089 -2e-05 0.04869928 0.01612763 -2e-05 0.04870921 0.01612352 -2e-05 0.04871847 0.01611805 -2e-05 0.04826253 0.01578233 -2e-05 0.04840929 0.01582396 -2e-05 0.04825951 0.01579482 -2e-05 0.04826129 0.01578643 -2e-05 0.04826028 0.0157906 -2e-05 0.04860783 0.01615811 -2e-05 0.04857137 0.01600962 -2e-05 0.04858374 0.01616202 -2e-05 0.0485919 0.01616159 -2e-05 0.04859996 0.01616028 -2e-05 0.0485326 0.01600962 -2e-05 0.04825563 0.01587504 -2e-05 0.04841407 0.01590863 -2e-05 0.04840779 0.01586652 -2e-05 0.04852024 0.01616202 -2e-05 0.04849614 0.01615811 -2e-05 0.04846918 0.01598848 -2e-05 0.04850402 0.01616028 -2e-05 0.04851208 0.01616159 -2e-05 0.04826848 0.01595431 -2e-05 0.04842793 0.01594888 -2e-05 0.0484047 0.01612763 -2e-05 0.04829751 0.01602919 -2e-05 0.04837603 0.01611031 -2e-05 0.04838469 0.01611748 -2e-05 0.04839432 0.0161233 -2e-05 0.04831253 0.01604935 -2e-05 0.04830176 0.01603645 -2e-05 0.04830679 0.0160432 -2e-05 0.04906126 0.01491742 -2e-05 0.04905105 0.01487932 -2e-05 0.04902316 0.01485143 -2e-05 0.04898506 0.01484122 -2e-05 0.04890886 0.01499362 -2e-05 0.04906126 0.01519682 -2e-05 0.04905735 0.01522092 -2e-05 0.04905951 0.01521304 -2e-05 0.04906082 0.01520498 -2e-05 0.04875138 0.01499362 -2e-05 0.04890886 0.01518446 -2e-05 0.04901427 0.01533562 -2e-05 0.04901937 0.01532838 -2e-05 0.04902359 0.01532059 -2e-05 0.04902687 0.01531236 -2e-05 0.04888711 0.01524971 -2e-05 0.04859898 0.01499362 -2e-05 0.04897668 0.01537418 -2e-05 0.04887535 0.01526013 -2e-05 0.04893207 0.01540433 -2e-05 0.04886225 0.01526881 -2e-05 0.04884807 0.01527556 -2e-05 0.04859898 0.01509168 -2e-05 0.04875138 0.01518349 -2e-05 0.04833482 0.01484122 -2e-05 0.04888227 0.01542482 -2e-05 0.04886791 0.01542761 -2e-05 0.04887516 0.01542656 -2e-05 0.0488606 0.01542796 -2e-05 0.04881341 0.01527556 -2e-05 0.04879964 0.01542796 -2e-05 0.04861734 0.01526099 -2e-05 0.04877504 0.015249 -2e-05 0.04877581 0.01542414 -2e-05 0.0487836 0.01542626 -2e-05 0.04879158 0.01542754 -2e-05 0.04833482 0.01499362 -2e-05 0.04826883 0.01487932 -2e-05 0.048728 0.01540312 -2e-05 0.04879949 0.01526842 -2e-05 0.04878662 0.01525951 -2e-05 0.04863653 0.01531414 -2e-05 0.04826883 0.01495552 -2e-05 0.0486487 0.01533587 -2e-05 0.04863979 0.01532182 -2e-05 0.04864386 0.01532909 -2e-05 0.0486851 0.01537332 -2e-05 0.04829366 0.01528763 -2e-05 0.04837598 0.01541589 -2e-05 0.0482587 0.01535534 -2e-05 0.04829986 0.01541947 -2e-05 0.04990159 0.00137952 -2e-05 0.04994127 0.00140404 -2e-05 0.04992936 0.001393848 -2e-05 0.04991603 0.001385609 -2e-05 0.05011906 0.001725383 -2e-05 0.05014879 0.001653612 -2e-05 0.05011906 0.001581841 -2e-05 0.04961366 0.001285995 -2e-05 0.04963489 0.00129062 -2e-05 0.0496244 0.001287738 -2e-05 0.04960279 0.001285411 -2e-05 0.05004729 0.001755112 -2e-05 0.04997552 0.001725383 -2e-05 0.04981466 0.001564526 -2e-05 0.04958632 0.001488411 -2e-05 0.04924719 0.001285411 -2e-05 0.0492151 0.00129062 -2e-05 0.04923632 0.001285995 -2e-05 0.04922559 0.001287738 -2e-05 0.04926366 0.001488411 -2e-05 0.04890872 0.00140404 -2e-05 0.04894839 0.00137952 -2e-05 0.04893395 0.001385609 -2e-05 0.04892062 0.001393848 -2e-05 0.04903532 0.001564526 -2e-05 0.0500438 0.002576664 -2e-05 0.05003743 0.002567838 -2e-05 0.05003016 0.002559743 -2e-05 0.04991488 0.002451829 -2e-05 0.04994127 0.002470842 -2e-05 0.04993317 0.002463572 -2e-05 0.04992434 0.00245721 -2e-05 0.05004918 0.002586122 -2e-05 0.04972379 0.002357422 -2e-05 0.04973708 0.002362929 -2e-05 0.04973274 0.002360885 -2e-05 0.04972831 0.002359048 -2e-05 0.05014758 0.00279369 -2e-05 0.05014398 0.002778438 -2e-05 0.05013808 0.002763922 -2e-05 0.05014879 0.002809314 -2e-05 0.04890419 0.001695655 -2e-05 0.04987497 0.002691638 -2e-05 0.04980937 0.002626032 -2e-05 0.04873092 0.001581841 -2e-05 0.04994579 0.002833275 -2e-05 0.04965275 0.002547724 -2e-05 0.05013519 0.003037864 -2e-05 0.05014533 0.003013385 -2e-05 0.05014879 0.002987115 -2e-05 0.04870465 0.001627342 -2e-05 0.04871479 0.001602862 -2e-05 0.05011906 0.003058886 -2e-05 0.04870119 0.001653612 -2e-05 0.04919723 0.002181903 -2e-05 0.04994579 0.002945072 -2e-05 0.04870119 0.001920312 -2e-05 0.04890419 0.001896352 -2e-05 0.04912619 0.002372204 -2e-05 0.04911724 0.002368742 -2e-05 0.04912168 0.002370579 -2e-05 0.04871191 0.001965705 -2e-05 0.0487024 0.001935937 -2e-05 0.048706 0.001951189 -2e-05 0.0491129 0.002366697 -2e-05 0.04904062 0.002103595 -2e-05 0.04994127 0.003236686 -2e-05 0.04981466 0.003076201 -2e-05 0.0489351 0.002277797 -2e-05 0.0488008 0.002143505 -2e-05 0.04897501 0.002037988 -2e-05 0.04891681 0.002266055 -2e-05 0.04892564 0.002272417 -2e-05 0.04881982 0.002169884 -2e-05 0.04880619 0.002152962 -2e-05 0.04881255 0.002161789 -2e-05 0.04890872 0.002258784 -2e-05 0.04990159 0.003261206 -2e-05 0.04991603 0.003255118 -2e-05 0.04992936 0.003246879 -2e-05 0.04963489 0.003350106 -2e-05 0.04958632 0.003152315 -2e-05 0.04961366 0.003354732 -2e-05 0.0496244 0.003352989 -2e-05 0.04960279 0.003355315 -2e-05 0.04924719 0.003355315 -2e-05 0.04926366 0.003152315 -2e-05 0.04922559 0.003352989 -2e-05 0.04923632 0.003354732 -2e-05 0.0492151 0.003350106 -2e-05 0.04903532 0.003076201 -2e-05 0.04870119 0.002987115 -2e-05 0.04887446 0.002915343 -2e-05 0.04880269 0.002885615 -2e-05 0.04873092 0.002915343 -2e-05 0.04894839 0.003261206 -2e-05 0.04892062 0.003246879 -2e-05 0.04893395 0.003255118 -2e-05 0.04873092 0.003058886 -2e-05 0.04890872 0.003236686 -2e-05 0.05191567 0.01829638 -2e-05 0.05206807 0.01829638 -2e-05 0.05202997 0.01823039 -2e-05 0.05195377 0.01823039 -2e-05 0.05191567 0.01917905 -2e-05 0.05206807 0.01925525 -2e-05 0.05202997 0.01932125 -2e-05 0.05205786 0.01929336 -2e-05 0.05199187 0.01933146 -2e-05 0.05063256 0.01823039 -2e-05 0.05074686 0.01829638 -2e-05 0.05070876 0.01823039 -2e-05 0.05059446 0.01829638 -2e-05 0.05074686 0.01917905 -2e-05 0.05067066 0.01933146 -2e-05 0.05059446 0.01925525 -2e-05 0.05060467 0.01929336 -2e-05 0.05063256 0.01932125 -2e-05 0.05199187 0.01640887 -2e-05 0.05206807 0.01648507 -2e-05 0.05205786 0.01644698 -2e-05 0.05202997 0.01641908 -2e-05 0.05191567 0.01656128 -2e-05 0.05206807 0.01744395 -2e-05 0.05191567 0.01744395 -2e-05 0.05195377 0.01750994 -2e-05 0.05202997 0.01750994 -2e-05 0.05067066 0.01640887 -2e-05 0.05074686 0.01656128 -2e-05 0.05060467 0.01644698 -2e-05 0.05063256 0.01641908 -2e-05 0.05059446 0.01648507 -2e-05 0.05059446 0.01744395 -2e-05 0.05074686 0.01744395 -2e-05 0.05063256 0.01750994 -2e-05 0.05070876 0.01750994 -2e-05 0.0517643 0.01491742 -2e-05 0.05175409 0.01487932 -2e-05 0.0517262 0.01485143 -2e-05 0.0516881 0.01484122 -2e-05 0.0516119 0.01499362 -2e-05 0.0517643 0.01519682 -2e-05 0.05176255 0.01521304 -2e-05 0.05176386 0.01520498 -2e-05 0.05176039 0.01522092 -2e-05 0.05145442 0.01499362 -2e-05 0.0516119 0.01518446 -2e-05 0.05171732 0.01533562 -2e-05 0.05172241 0.01532838 -2e-05 0.05172662 0.01532059 -2e-05 0.05172991 0.01531236 -2e-05 0.05159015 0.01524971 -2e-05 0.05130202 0.01499362 -2e-05 0.05167973 0.01537418 -2e-05 0.05157839 0.01526013 -2e-05 0.05163511 0.01540433 -2e-05 0.05156529 0.01526881 -2e-05 0.05155111 0.01527556 -2e-05 0.05130202 0.01509168 -2e-05 0.05145442 0.01518349 -2e-05 0.05103786 0.01484122 -2e-05 0.05158531 0.01542482 -2e-05 0.05156364 0.01542796 -2e-05 0.05157095 0.01542761 -2e-05 0.0515782 0.01542656 -2e-05 0.05151645 0.01527556 -2e-05 0.05150268 0.01542796 -2e-05 0.05148664 0.01542626 -2e-05 0.05149462 0.01542754 -2e-05 0.05132037 0.01526099 -2e-05 0.05147808 0.015249 -2e-05 0.05147886 0.01542414 -2e-05 0.05103786 0.01499362 -2e-05 0.05097187 0.01487932 -2e-05 0.05143104 0.01540312 -2e-05 0.05150253 0.01526842 -2e-05 0.05148967 0.01525951 -2e-05 0.05133957 0.01531414 -2e-05 0.0513469 0.01532909 -2e-05 0.05134282 0.01532182 -2e-05 0.05097187 0.01495552 -2e-05 0.05135174 0.01533587 -2e-05 0.05138815 0.01537332 -2e-05 0.0509967 0.01528763 -2e-05 0.05107902 0.01541589 -2e-05 0.05096174 0.01535534 -2e-05 0.0510029 0.01541947 -2e-05 0.05172578 0.01571139 -2e-05 0.05172174 0.01570429 -2e-05 0.05171696 0.01569766 -2e-05 0.0517115 0.01569158 -2e-05 0.05166011 0.01564629 -2e-05 0.05168102 0.0156611 -2e-05 0.05167463 0.01565539 -2e-05 0.05166763 0.01565043 -2e-05 0.0517643 0.01580642 -2e-05 0.05176339 0.01579469 -2e-05 0.05176069 0.01578324 -2e-05 0.05175626 0.01577235 -2e-05 0.05156364 0.0156083 -2e-05 0.05159661 0.01561581 -2e-05 0.05158604 0.01561167 -2e-05 0.05157497 0.01560915 -2e-05 0.05176093 0.01595328 -2e-05 0.05176345 0.01594221 -2e-05 0.0517643 0.01593088 -2e-05 0.05159499 0.0157906 -2e-05 0.05158245 0.01577806 -2e-05 0.0517568 0.01596386 -2e-05 0.0516119 0.01582441 -2e-05 0.0515463 0.0157607 -2e-05 0.05153316 0.0156083 -2e-05 0.05153316 0.0157607 -2e-05 0.05146717 0.0156464 -2e-05 0.05146717 0.0157226 -2e-05 0.0516119 0.01591354 -2e-05 0.05172631 0.01602736 -2e-05 0.05171722 0.01604187 -2e-05 0.05172218 0.01603487 -2e-05 0.0517115 0.01604827 -2e-05 0.05159455 0.01594969 -2e-05 0.05158245 0.01596179 -2e-05 0.05168102 0.01607874 -2e-05 0.05166011 0.01609356 -2e-05 0.0515463 0.01597914 -2e-05 0.05166763 0.01608942 -2e-05 0.05167463 0.01608446 -2e-05 0.05159661 0.01612404 -2e-05 0.05156364 0.01613154 -2e-05 0.05157497 0.0161307 -2e-05 0.05158604 0.01612818 -2e-05 0.0509839 0.01560022 -2e-05 0.05109152 0.01559992 -2e-05 0.05103765 0.01557782 -2e-05 0.05150268 0.01613154 -2e-05 0.0515192 0.01597914 -2e-05 0.05147198 0.01612509 -2e-05 0.05148188 0.01612865 -2e-05 0.05149218 0.01613082 -2e-05 0.05141172 0.01609537 -2e-05 0.05147708 0.01595732 -2e-05 0.05096166 0.01565402 -2e-05 0.05135427 0.01606052 -2e-05 0.05143676 0.01593234 -2e-05 0.05139846 0.01590435 -2e-05 0.05130008 0.01602082 -2e-05 0.05129408 0.01601547 -2e-05 0.05129602 0.01601732 -2e-05 0.05129802 0.0160191 -2e-05 0.05111406 0.01583692 -2e-05 0.05096166 0.01608582 -2e-05 0.05111406 0.01608582 -2e-05 0.05099976 0.01615182 -2e-05 0.05107596 0.01615182 -2e-05 0.05318938 0.001386911 -2e-05 0.05339238 0.001386911 -2e-05 0.05336265 0.00131514 -2e-05 0.05329088 0.001285411 -2e-05 0.05321911 0.00131514 -2e-05 0.05391318 0.003355315 -2e-05 0.05398495 0.003325586 -2e-05 0.05401468 0.003253815 -2e-05 0.05398495 0.003182044 -2e-05 0.05391318 0.003152315 -2e-05 0.05339238 0.003152315 -2e-05 0.05318938 0.003152315 -2e-05 0.05266858 0.003355315 -2e-05 0.05266858 0.003152315 -2e-05 0.05259681 0.003325586 -2e-05 0.05259681 0.003182044 -2e-05 0.05256708 0.003253815 -2e-05 0.05559731 0.001386911 -2e-05 0.0558003 0.001386911 -2e-05 0.05577058 0.00131514 -2e-05 0.0556988 0.001285411 -2e-05 0.05562703 0.00131514 -2e-05 0.05559731 0.002263314 -2e-05 0.0558003 0.003253815 -2e-05 0.05559731 0.002466313 -2e-05 0.0549876 0.002466313 -2e-05 0.0549876 0.002263314 -2e-05 0.05491583 0.002293042 -2e-05 0.0548861 0.002364813 -2e-05 0.05491583 0.002436584 -2e-05 0.05559731 0.003152315 -2e-05 0.0556988 0.003355315 -2e-05 0.05574955 0.003341717 -2e-05 0.05578671 0.003304565 -2e-05 0.0545431 0.003355315 -2e-05 0.0545431 0.003152315 -2e-05 0.05447133 0.003182044 -2e-05 0.05447133 0.003325586 -2e-05 0.0544416 0.003253815 -2e-05 0.05695103 0.001285411 -2e-05 0.05705252 0.001386911 -2e-05 0.0570228 0.00131514 -2e-05 0.05684953 0.001386911 -2e-05 0.05687925 0.00131514 -2e-05 0.05757333 0.003355315 -2e-05 0.0576451 0.003325586 -2e-05 0.05767483 0.003253815 -2e-05 0.0576451 0.003182044 -2e-05 0.05757333 0.003152315 -2e-05 0.05705252 0.003152315 -2e-05 0.05684953 0.003152315 -2e-05 0.05622723 0.003253815 -2e-05 0.05632872 0.003152315 -2e-05 0.05625695 0.003182044 -2e-05 0.05632872 0.003355315 -2e-05 0.05625695 0.003325586 -2e-05 0.06152811 0.001907713 -2e-05 0.061629 0.00199806 -2e-05 0.06159583 0.001933601 -2e-05 0.06161071 0.002068208 -2e-05 0.06056734 0.00131514 -2e-05 0.06074061 0.001386911 -2e-05 0.06071088 0.00131514 -2e-05 0.06063911 0.001285411 -2e-05 0.06133088 0.002110713 -2e-05 0.06053761 0.001386911 -2e-05 0.06074061 0.001907713 -2e-05 0.06074061 0.002110713 -2e-05 0.06053761 0.001907713 -2e-05 0.06053761 0.002110713 -2e-05 0.06019461 0.002110713 -2e-05 0.06019461 0.001907713 -2e-05 0.06009311 0.002009212 -2e-05 0.06012284 0.001937441 -2e-05 0.06012284 0.002080984 -2e-05 0.06074061 0.002937088 -2e-05 0.06072171 0.003312811 -2e-05 0.06053761 0.003253815 -2e-05 0.0605714 0.003329427 -2e-05 0.06065026 0.0033547 -2e-05 0.0604151 0.02807459 -2e-05 0.0603779 0.02798479 -2e-05 0.06028809 0.02794759 -2e-05 0.06016109 0.02807459 -2e-05 0.06019829 0.02798479 -2e-05 0.0604151 0.03198986 -2e-05 0.06206177 0.03366059 -2e-05 0.06204908 0.03362996 -2e-05 0.0620289 0.03360366 -2e-05 0.0620661 0.03369347 -2e-05 0.06016109 0.03204246 -2e-05 0.06019829 0.03213226 -2e-05 0.06016542 0.03207533 -2e-05 0.06017811 0.03210596 -2e-05 0.0618121 0.03374607 -2e-05 0.0620661 0.03931236 -2e-05 0.0619391 0.03943936 -2e-05 0.0620289 0.03940216 -2e-05 0.0618121 0.03931236 -2e-05 0.0618493 0.03940216 -2e-05 0.06222066 0.00155557 -2e-05 0.06231871 0.001581841 -2e-05 0.06227321 0.00155557 -2e-05 0.06240761 0.001814283 -2e-05 0.06243388 0.001768782 -2e-05 0.06243388 0.001716242 -2e-05 0.06240761 0.001670741 -2e-05 0.06217517 0.001581841 -2e-05 0.06231871 0.001903183 -2e-05 0.06222066 0.001929454 -2e-05 0.06227321 0.001929454 -2e-05 0.06217517 0.001903183 -2e-05 0.06208627 0.001670741 -2e-05 0.06208627 0.001814283 -2e-05 0.06205999 0.001716242 -2e-05 0.06205999 0.001768782 -2e-05 0.06421036 0.001285411 -2e-05 0.06431186 0.001386911 -2e-05 0.06428214 0.00131514 -2e-05 0.06428214 0.001458683 -2e-05 0.06396532 0.001488411 -2e-05 0.06296576 0.001285411 -2e-05 0.06296576 0.001488411 -2e-05 0.06289399 0.00131514 -2e-05 0.06286426 0.001386911 -2e-05 0.06289399 0.001458683 -2e-05 0.06412146 0.002707814 -2e-05 0.06422296 0.002809314 -2e-05 0.06419323 0.002737543 -2e-05 0.06421224 0.002943607 -2e-05 0.06421815 0.002929091 -2e-05 0.06422175 0.002913839 -2e-05 0.06422296 0.002898214 -2e-05 0.06401996 0.002809314 -2e-05 0.06404969 0.002737543 -2e-05 0.06401996 0.002874254 -2e-05 0.06324959 0.002204142 -2e-05 0.06339752 0.002343296 -2e-05 0.06324147 0.0022133 -2e-05 0.06324676 0.002207085 -2e-05 0.06324405 0.002210139 -2e-05 0.06412334 0.003121407 -2e-05 0.0641116 0.003139691 -2e-05 0.06411797 0.003130864 -2e-05 0.06410433 0.003147786 -2e-05 0.06394914 0.00301589 -2e-05 0.0631764 0.002300718 -2e-05 0.06334185 0.002418343 -2e-05 0.06388354 0.003081497 -2e-05 0.06328977 0.002495922 -2e-05 0.06401543 0.003236686 -2e-05 0.06398905 0.003255699 -2e-05 0.06399851 0.003250319 -2e-05 0.06400734 0.003243957 -2e-05 0.06311575 0.002391264 -2e-05 0.06324139 0.002575863 -2e-05 0.0637419 0.003152315 -2e-05 0.06305968 0.002484714 -2e-05 0.06319682 0.002657989 -2e-05 0.06381125 0.003344599 -2e-05 0.06300833 0.002580835 -2e-05 0.06378148 0.003354105 -2e-05 0.06379674 0.003350505 -2e-05 0.06315616 0.002742118 -2e-05 0.06376586 0.003355315 -2e-05 0.06296182 0.002679391 -2e-05 0.06295413 0.002706382 -2e-05 0.06295704 0.00269262 -2e-05 0.06295316 0.002720414 -2e-05 0.06315616 0.002874254 -2e-05 0.06341026 0.003355315 -2e-05 0.06343422 0.003152315 -2e-05 0.06295316 0.002898214 -2e-05 0.06296387 0.002943607 -2e-05 0.06295437 0.002913839 -2e-05 0.06295797 0.002929091 -2e-05 0.06336487 0.003344599 -2e-05 0.06337938 0.003350505 -2e-05 0.06339463 0.003354105 -2e-05 0.06305277 0.003121407 -2e-05 0.06322698 0.00301589 -2e-05 0.06318707 0.003255699 -2e-05 0.06329258 0.003081497 -2e-05 0.06306452 0.003139691 -2e-05 0.06305816 0.003130864 -2e-05 0.06316878 0.003243957 -2e-05 0.06317761 0.003250319 -2e-05 0.06307179 0.003147786 -2e-05 0.06316069 0.003236686 -2e-05 0.06818527 0.0198458 -2e-05 0.06818447 0.01984467 -2e-05 0.06818365 0.01984355 -2e-05 0.06818606 0.01984694 -2e-05 0.06795231 0.01969082 -2e-05 0.06798708 0.01969696 -2e-05 0.06797575 0.01969356 -2e-05 0.06796411 0.01969151 -2e-05 0.06776768 0.01969696 -2e-05 0.06780245 0.01969082 -2e-05 0.06779064 0.01969151 -2e-05 0.067779 0.01969356 -2e-05 0.06799454 0.01993519 -2e-05 0.06812808 0.0197822 -2e-05 0.06801949 0.019963 -2e-05 0.06823258 0.01992852 -2e-05 0.06796532 0.01991192 -2e-05 0.06806173 0.01973272 -2e-05 0.06793265 0.01989382 -2e-05 0.06806059 0.02004267 -2e-05 0.06826556 0.02001645 -2e-05 0.06808226 0.02012967 -2e-05 0.06828798 0.02020232 -2e-05 0.06828419 0.02010849 -2e-05 0.06782211 0.01989382 -2e-05 0.06769302 0.01973272 -2e-05 0.06778944 0.01991192 -2e-05 0.06808334 0.02021931 -2e-05 0.06827683 0.02029557 -2e-05 0.06762667 0.0197822 -2e-05 0.06776022 0.01993519 -2e-05 0.06806377 0.02030681 -2e-05 0.06825104 0.02038586 -2e-05 0.06821125 0.02047092 -2e-05 0.06757111 0.01984355 -2e-05 0.06773528 0.019963 -2e-05 0.0675687 0.01984694 -2e-05 0.06757029 0.01984467 -2e-05 0.06756949 0.0198458 -2e-05 0.0680246 0.02038745 -2e-05 0.06815847 0.0205486 -2e-05 0.06752218 0.01992852 -2e-05 0.06769417 0.02004267 -2e-05 0.06796793 0.02045692 -2e-05 0.06809403 0.02061691 -2e-05 0.06748919 0.02001645 -2e-05 0.06767249 0.02012967 -2e-05 0.06807858 0.02062842 -2e-05 0.06808658 0.02062304 -2e-05 0.0680701 0.02063302 -2e-05 0.06792909 0.02047568 -2e-05 0.06747057 0.02010849 -2e-05 0.06799644 0.02066858 -2e-05 0.06796747 0.02067754 -2e-05 0.06798229 0.02067415 -2e-05 0.06795231 0.02067868 -2e-05 0.06746678 0.02020232 -2e-05 0.06767142 0.02021931 -2e-05 0.06747792 0.02029557 -2e-05 0.06769098 0.02030681 -2e-05 0.06780245 0.02067868 -2e-05 0.06782567 0.02047568 -2e-05 0.06750372 0.02038586 -2e-05 0.06777247 0.02067415 -2e-05 0.06778728 0.02067754 -2e-05 0.06775832 0.02066858 -2e-05 0.06754351 0.02047092 -2e-05 0.06773016 0.02038745 -2e-05 0.06768466 0.02063302 -2e-05 0.06778682 0.02045692 -2e-05 0.06759629 0.0205486 -2e-05 0.06766072 0.02061691 -2e-05 0.06766818 0.02062304 -2e-05 0.06767619 0.02062842 -2e-05 0.06747742 0.02233232 -2e-05 0.06768043 0.02233232 -2e-05 0.0676507 0.02226055 -2e-05 0.06757893 0.02223082 -2e-05 0.06750716 0.02226055 -2e-05 0.06747742 0.02311718 -2e-05 0.0676507 0.02318896 -2e-05 0.06768043 0.02311718 -2e-05 0.06750716 0.02318896 -2e-05 0.06757893 0.02321868 -2e-05 0.0684448 0.02227435 -2e-05 0.06848382 0.02229865 -2e-05 0.06847211 0.02228859 -2e-05 0.06845899 0.02228043 -2e-05 0.06831139 0.02223143 -2e-05 0.06833304 0.02223625 -2e-05 0.06832234 0.02223325 -2e-05 0.06830029 0.02223082 -2e-05 0.06835696 0.02245888 -2e-05 0.06855748 0.02237231 -2e-05 0.06841394 0.02251585 -2e-05 0.06848571 0.02254558 -2e-05 0.06855748 0.02251585 -2e-05 0.06858721 0.02244408 -2e-05 0.06811768 0.02223625 -2e-05 0.06815043 0.02223082 -2e-05 0.06813934 0.02223143 -2e-05 0.06812837 0.02223325 -2e-05 0.06828346 0.02243382 -2e-05 0.06853653 0.02280226 -2e-05 0.06852976 0.0227926 -2e-05 0.06852192 0.02278379 -2e-05 0.06816725 0.02243382 -2e-05 0.06854213 0.02281264 -2e-05 0.06845497 0.02272548 -2e-05 0.06848382 0.02274569 -2e-05 0.06847501 0.02273785 -2e-05 0.06846535 0.02273108 -2e-05 0.0683686 0.02268583 -2e-05 0.06837877 0.02268992 -2e-05 0.06837543 0.02268844 -2e-05 0.06837204 0.02268707 -2e-05 0.06796812 0.02229745 -2e-05 0.06800592 0.02227435 -2e-05 0.06799223 0.02228017 -2e-05 0.06797955 0.02228792 -2e-05 0.06858614 0.02291704 -2e-05 0.06858294 0.02290263 -2e-05 0.06857769 0.02288884 -2e-05 0.06858721 0.02293176 -2e-05 0.0680929 0.02245917 -2e-05 0.06806397 0.02248713 -2e-05 0.06789192 0.02237111 -2e-05 0.06857418 0.02305518 -2e-05 0.0685839 0.02303114 -2e-05 0.06858721 0.02300542 -2e-05 0.06855869 0.02307597 -2e-05 0.06835292 0.02290188 -2e-05 0.06836574 0.02291469 -2e-05 0.06838421 0.02295428 -2e-05 0.0682979 0.0228762 -2e-05 0.06815091 0.02261162 -2e-05 0.06838421 0.02296438 -2e-05 0.06786097 0.02244408 -2e-05 0.06787514 0.02239234 -2e-05 0.06786458 0.02241726 -2e-05 0.06848502 0.02315217 -2e-05 0.06835276 0.02299692 -2e-05 0.06786097 0.02255584 -2e-05 0.06806397 0.02253188 -2e-05 0.06846621 0.02316746 -2e-05 0.06847608 0.02316038 -2e-05 0.06845557 0.02317332 -2e-05 0.06807957 0.02280177 -2e-05 0.06807193 0.02279882 -2e-05 0.06807572 0.02280037 -2e-05 0.0680682 0.02279711 -2e-05 0.06809828 0.02258621 -2e-05 0.06787168 0.02260123 -2e-05 0.06786217 0.02257147 -2e-05 0.06786578 0.02258672 -2e-05 0.06799454 0.02276155 -2e-05 0.06790978 0.02267743 -2e-05 0.06808398 0.02257192 -2e-05 0.06792152 0.02269572 -2e-05 0.06791517 0.02268689 -2e-05 0.0679669 0.02274191 -2e-05 0.06797536 0.02274948 -2e-05 0.06798461 0.02275605 -2e-05 0.06792879 0.02270381 -2e-05 0.06836644 0.02320631 -2e-05 0.06826853 0.02301938 -2e-05 0.06827288 0.02322307 -2e-05 0.06817783 0.02322307 -2e-05 0.06818136 0.02301927 -2e-05 0.06808428 0.02320631 -2e-05 0.06809719 0.0229966 -2e-05 0.06786097 0.02300542 -2e-05 0.06803424 0.02293365 -2e-05 0.06796247 0.02290392 -2e-05 0.0678907 0.02293365 -2e-05 0.06799515 0.02317332 -2e-05 0.06797553 0.0231611 -2e-05 0.06798499 0.02316777 -2e-05 0.0679669 0.02315339 -2e-05 0.0678907 0.02307719 -2e-05 0.06849343 0.01725231 -2e-05 0.06869643 0.01725231 -2e-05 0.0686667 0.01718054 -2e-05 0.06859493 0.01715081 -2e-05 0.06852316 0.01718054 -2e-05 0.06849343 0.01747189 -2e-05 0.06849343 0.01775901 -2e-05 0.06841933 0.01754599 -2e-05 0.06846657 0.01778584 -2e-05 0.06847662 0.01777804 -2e-05 0.06848563 0.01776905 -2e-05 0.06799055 0.01731328 -2e-05 0.06815283 0.01719134 -2e-05 0.06808595 0.01715182 -2e-05 0.06801072 0.01717117 -2e-05 0.0679712 0.01723805 -2e-05 0.06869643 0.01803717 -2e-05 0.06827435 0.01769098 -2e-05 0.06852316 0.01810894 -2e-05 0.06859493 0.01813867 -2e-05 0.0686667 0.01810894 -2e-05 0.06849343 0.01803717 -2e-05 0.06814346 0.01810894 -2e-05 0.06799992 0.0179654 -2e-05 0.06799992 0.01810894 -2e-05 0.06797019 0.01803717 -2e-05 0.06807169 0.01813867 -2e-05 0.0690417 0.01973435 -2e-05 0.06908072 0.01975865 -2e-05 0.06906901 0.01974859 -2e-05 0.06905589 0.01974043 -2e-05 0.06890829 0.01969143 -2e-05 0.06892994 0.01969625 -2e-05 0.06891924 0.01969324 -2e-05 0.06889719 0.01969082 -2e-05 0.06915438 0.01997585 -2e-05 0.06918411 0.01990408 -2e-05 0.06915438 0.01983231 -2e-05 0.06908261 0.02000558 -2e-05 0.06901084 0.01997585 -2e-05 0.06895387 0.01991887 -2e-05 0.06871458 0.01969625 -2e-05 0.06874733 0.01969082 -2e-05 0.06873624 0.01969143 -2e-05 0.06872527 0.01969324 -2e-05 0.06888036 0.01989382 -2e-05 0.06876415 0.01989382 -2e-05 0.06913903 0.02027263 -2e-05 0.06913343 0.02026225 -2e-05 0.06912666 0.0202526 -2e-05 0.06911882 0.02024379 -2e-05 0.06905187 0.02018548 -2e-05 0.06908072 0.02020569 -2e-05 0.06907191 0.02019785 -2e-05 0.06906226 0.02019108 -2e-05 0.06857645 0.01974792 -2e-05 0.06860282 0.01973435 -2e-05 0.06858913 0.01974016 -2e-05 0.0689655 0.02014583 -2e-05 0.06897567 0.02014992 -2e-05 0.06897234 0.02014843 -2e-05 0.06896894 0.02014707 -2e-05 0.06856503 0.01975744 -2e-05 0.06918304 0.02037704 -2e-05 0.06917984 0.02036263 -2e-05 0.06917459 0.02034883 -2e-05 0.06918411 0.02039176 -2e-05 0.0686898 0.01991916 -2e-05 0.06866087 0.01994713 -2e-05 0.06848882 0.0198311 -2e-05 0.06917108 0.02051517 -2e-05 0.0691808 0.02049113 -2e-05 0.06918411 0.02046542 -2e-05 0.06915559 0.02053596 -2e-05 0.06894982 0.02036187 -2e-05 0.06896264 0.02037469 -2e-05 0.06846148 0.01987725 -2e-05 0.06847205 0.01985234 -2e-05 0.06898111 0.02041428 -2e-05 0.06889481 0.0203362 -2e-05 0.06874781 0.02007161 -2e-05 0.06898111 0.02042438 -2e-05 0.06845787 0.01990408 -2e-05 0.06908192 0.02061216 -2e-05 0.06894966 0.02045691 -2e-05 0.06845787 0.02001584 -2e-05 0.06866087 0.01999188 -2e-05 0.06906311 0.02062746 -2e-05 0.06907298 0.02062037 -2e-05 0.06905247 0.02063331 -2e-05 0.06867648 0.02026177 -2e-05 0.06866883 0.02025881 -2e-05 0.06867262 0.02026037 -2e-05 0.0686651 0.0202571 -2e-05 0.06869518 0.02004621 -2e-05 0.06846858 0.02006123 -2e-05 0.06845908 0.02003146 -2e-05 0.06846268 0.02004671 -2e-05 0.06859145 0.02022154 -2e-05 0.06850668 0.02013743 -2e-05 0.06868089 0.02003191 -2e-05 0.06857226 0.02020947 -2e-05 0.06858151 0.02021605 -2e-05 0.0685257 0.02016381 -2e-05 0.06851207 0.02014689 -2e-05 0.06851842 0.02015571 -2e-05 0.0685638 0.02020191 -2e-05 0.06896334 0.02066631 -2e-05 0.06886543 0.02047937 -2e-05 0.06886978 0.02068307 -2e-05 0.06877473 0.02068307 -2e-05 0.06877826 0.02047926 -2e-05 0.06868118 0.02066631 -2e-05 0.06869409 0.02045659 -2e-05 0.06859205 0.02063331 -2e-05 0.06857243 0.02062109 -2e-05 0.06858189 0.02062776 -2e-05 0.0684876 0.02053719 -2e-05 0.06863114 0.02039365 -2e-05 0.06855937 0.02036392 -2e-05 0.0684876 0.02039365 -2e-05 0.06845787 0.02046542 -2e-05 0.0685638 0.02061339 -2e-05 0.06947559 0.02238581 -2e-05 0.06947479 0.02238468 -2e-05 0.06947397 0.02238356 -2e-05 0.06947639 0.02238695 -2e-05 0.06924263 0.02223082 -2e-05 0.0692774 0.02223696 -2e-05 0.06926608 0.02223357 -2e-05 0.06925443 0.02223151 -2e-05 0.06906932 0.02223357 -2e-05 0.06909277 0.02223082 -2e-05 0.06908097 0.02223151 -2e-05 0.069058 0.02223696 -2e-05 0.06928486 0.0224752 -2e-05 0.0694184 0.0223222 -2e-05 0.06930981 0.022503 -2e-05 0.0695229 0.02246852 -2e-05 0.06925565 0.02245192 -2e-05 0.06935205 0.02227272 -2e-05 0.06922297 0.02243382 -2e-05 0.06935091 0.02258268 -2e-05 0.06955589 0.02255645 -2e-05 0.06937258 0.02266967 -2e-05 0.0695783 0.02274233 -2e-05 0.06957452 0.02264849 -2e-05 0.06911243 0.02243382 -2e-05 0.06898335 0.02227272 -2e-05 0.06907976 0.02245192 -2e-05 0.06937366 0.02275932 -2e-05 0.06956715 0.02283557 -2e-05 0.06891699 0.0223222 -2e-05 0.06905054 0.0224752 -2e-05 0.0693541 0.02284681 -2e-05 0.06954136 0.02292587 -2e-05 0.06950157 0.02301093 -2e-05 0.06886143 0.02238356 -2e-05 0.0690256 0.022503 -2e-05 0.06885902 0.02238695 -2e-05 0.06886061 0.02238468 -2e-05 0.06885981 0.02238581 -2e-05 0.06931493 0.02292746 -2e-05 0.06944879 0.0230886 -2e-05 0.0688125 0.02246852 -2e-05 0.06898449 0.02258268 -2e-05 0.06925826 0.02299693 -2e-05 0.06938435 0.02315692 -2e-05 0.06877951 0.02255645 -2e-05 0.06896281 0.02266967 -2e-05 0.0693689 0.02316843 -2e-05 0.0693769 0.02316304 -2e-05 0.06936042 0.02317303 -2e-05 0.06921941 0.02301568 -2e-05 0.06876089 0.02264849 -2e-05 0.06928676 0.02320859 -2e-05 0.06925779 0.02321754 -2e-05 0.06927261 0.02321416 -2e-05 0.06924263 0.02321868 -2e-05 0.06911599 0.02301568 -2e-05 0.0687571 0.02274233 -2e-05 0.06896174 0.02275932 -2e-05 0.06876825 0.02283557 -2e-05 0.06898131 0.02284681 -2e-05 0.06909277 0.02321868 -2e-05 0.06879404 0.02292587 -2e-05 0.06904865 0.02320859 -2e-05 0.06906279 0.02321416 -2e-05 0.06907761 0.02321754 -2e-05 0.06883383 0.02301093 -2e-05 0.06902048 0.02292746 -2e-05 0.06897498 0.02317303 -2e-05 0.06907714 0.02299693 -2e-05 0.06888661 0.0230886 -2e-05 0.06895105 0.02315692 -2e-05 0.0689585 0.02316304 -2e-05 0.06896651 0.02316843 -2e-05 0.06954926 0.0173058 -2e-05 0.06954845 0.01730466 -2e-05 0.06954763 0.01730354 -2e-05 0.06955004 0.01730694 -2e-05 0.06931629 0.01715081 -2e-05 0.06935107 0.01715695 -2e-05 0.06933974 0.01715356 -2e-05 0.06932809 0.0171515 -2e-05 0.06913166 0.01715695 -2e-05 0.06916643 0.01715081 -2e-05 0.06915462 0.0171515 -2e-05 0.06914298 0.01715356 -2e-05 0.06935852 0.01739519 -2e-05 0.06949207 0.0172422 -2e-05 0.06938347 0.01742299 -2e-05 0.06959657 0.01738852 -2e-05 0.06932931 0.01737191 -2e-05 0.06942571 0.01719271 -2e-05 0.06929663 0.01735381 -2e-05 0.06942457 0.01750267 -2e-05 0.06962955 0.01747644 -2e-05 0.06944624 0.01758966 -2e-05 0.06965196 0.01766232 -2e-05 0.06964817 0.01756848 -2e-05 0.0691861 0.01735381 -2e-05 0.06905701 0.01719271 -2e-05 0.06915511 0.01737079 -2e-05 0.06944733 0.01767931 -2e-05 0.06964082 0.01775556 -2e-05 0.06899065 0.0172422 -2e-05 0.06912717 0.01739243 -2e-05 0.06910299 0.01741819 -2e-05 0.06942776 0.0177668 -2e-05 0.06961502 0.01784586 -2e-05 0.06957523 0.01793092 -2e-05 0.06893509 0.01730354 -2e-05 0.06892579 0.01731868 -2e-05 0.06893169 0.01730841 -2e-05 0.06892859 0.01731346 -2e-05 0.06938859 0.01784745 -2e-05 0.06952245 0.01800859 -2e-05 0.06888769 0.01739488 -2e-05 0.06906925 0.01748566 -2e-05 0.06933192 0.01791692 -2e-05 0.06888218 0.01747237 -2e-05 0.06893308 0.01753106 -2e-05 0.06901057 0.01753656 -2e-05 0.06945802 0.01807691 -2e-05 0.06944256 0.01808842 -2e-05 0.06945056 0.01808303 -2e-05 0.06943408 0.01809302 -2e-05 0.06929308 0.01793567 -2e-05 0.06936042 0.01812858 -2e-05 0.06894428 0.01775618 -2e-05 0.06907404 0.01781757 -2e-05 0.06902187 0.01776 -2e-05 0.06931629 0.01813867 -2e-05 0.06933145 0.01813754 -2e-05 0.06934627 0.01813414 -2e-05 0.06888672 0.01780835 -2e-05 0.06916643 0.01813867 -2e-05 0.06918965 0.01793567 -2e-05 0.0688829 0.01788594 -2e-05 0.06909129 0.01785416 -2e-05 0.06912231 0.01812858 -2e-05 0.06913645 0.01813414 -2e-05 0.06915127 0.01813754 -2e-05 0.06891938 0.01796219 -2e-05 0.06911524 0.01788675 -2e-05 0.06904865 0.01809302 -2e-05 0.06914503 0.01791413 -2e-05 0.06903909 0.01808775 -2e-05 0.06904379 0.01809051 -2e-05 0.06903453 0.01808474 -2e-05 0.06897064 0.0180294 -2e-05 0.0694608 0.02481436 -2e-05 0.06949982 0.02483866 -2e-05 0.06948811 0.0248286 -2e-05 0.069475 0.02482044 -2e-05 0.06931629 0.02477083 -2e-05 0.06934904 0.02477626 -2e-05 0.06933835 0.02477325 -2e-05 0.06932738 0.02477143 -2e-05 0.06937296 0.02499888 -2e-05 0.06957349 0.02491232 -2e-05 0.06942994 0.02505586 -2e-05 0.06950171 0.02508559 -2e-05 0.06957349 0.02505586 -2e-05 0.06960321 0.02498409 -2e-05 0.06913368 0.02477626 -2e-05 0.06916643 0.02477083 -2e-05 0.06915533 0.02477143 -2e-05 0.06914438 0.02477325 -2e-05 0.06929947 0.02497383 -2e-05 0.06955253 0.02534227 -2e-05 0.06954576 0.02533261 -2e-05 0.06953793 0.0253238 -2e-05 0.06918326 0.02497383 -2e-05 0.06955813 0.02535264 -2e-05 0.06947098 0.02526549 -2e-05 0.06949982 0.0252857 -2e-05 0.06949101 0.02527785 -2e-05 0.06948135 0.02527109 -2e-05 0.06938461 0.02522584 -2e-05 0.06939478 0.02522993 -2e-05 0.06939143 0.02522844 -2e-05 0.06938804 0.02522708 -2e-05 0.06898412 0.02483745 -2e-05 0.06902192 0.02481436 -2e-05 0.06900823 0.02482017 -2e-05 0.06899554 0.02482792 -2e-05 0.06960214 0.02545705 -2e-05 0.06959895 0.02544264 -2e-05 0.06959369 0.02542884 -2e-05 0.06960321 0.02547177 -2e-05 0.0691089 0.02499918 -2e-05 0.06907997 0.02502714 -2e-05 0.06890793 0.02491111 -2e-05 0.06959018 0.02559518 -2e-05 0.0695999 0.02557114 -2e-05 0.06960321 0.02554543 -2e-05 0.06957469 0.02561597 -2e-05 0.06938174 0.02545469 -2e-05 0.06936893 0.02544188 -2e-05 0.06940022 0.02549429 -2e-05 0.0693139 0.02541621 -2e-05 0.06916691 0.02515162 -2e-05 0.06940022 0.02550439 -2e-05 0.06887697 0.02498409 -2e-05 0.06889115 0.02493235 -2e-05 0.06888058 0.02495726 -2e-05 0.06950103 0.02569217 -2e-05 0.06936877 0.02553692 -2e-05 0.06887697 0.02509585 -2e-05 0.06907997 0.02507189 -2e-05 0.06948222 0.02570747 -2e-05 0.06949208 0.02570038 -2e-05 0.06947157 0.02571332 -2e-05 0.06909558 0.02534178 -2e-05 0.06908793 0.02533882 -2e-05 0.06909173 0.02534038 -2e-05 0.06908421 0.02533711 -2e-05 0.06911428 0.02512622 -2e-05 0.06888769 0.02514124 -2e-05 0.06887818 0.02511147 -2e-05 0.06888178 0.02512672 -2e-05 0.06901054 0.02530155 -2e-05 0.06892579 0.02521744 -2e-05 0.06909999 0.02511192 -2e-05 0.06899136 0.02528948 -2e-05 0.06900062 0.02529605 -2e-05 0.06893753 0.02523572 -2e-05 0.06893117 0.0252269 -2e-05 0.0689448 0.02524382 -2e-05 0.0689829 0.02528192 -2e-05 0.06938244 0.02574632 -2e-05 0.06928453 0.02555938 -2e-05 0.06928889 0.02576308 -2e-05 0.0689067 0.02547366 -2e-05 0.06905024 0.02547366 -2e-05 0.06897847 0.02544393 -2e-05 0.06919384 0.02576308 -2e-05 0.06919736 0.02555927 -2e-05 0.06910028 0.02574632 -2e-05 0.06911319 0.0255366 -2e-05 0.06887697 0.02554543 -2e-05 0.06901115 0.02571332 -2e-05 0.0689829 0.0256934 -2e-05 0.06899154 0.0257011 -2e-05 0.06900099 0.02570777 -2e-05 0.0689067 0.0256172 -2e-05 0.06936465 0.01979232 -2e-05 0.06956765 0.01979232 -2e-05 0.06953793 0.01972054 -2e-05 0.06946615 0.01969082 -2e-05 0.06939438 0.01972054 -2e-05 0.06936465 0.02057718 -2e-05 0.06953793 0.02064895 -2e-05 0.06956765 0.02057718 -2e-05 0.06939438 0.02064895 -2e-05 0.06946615 0.02067868 -2e-05 0.07037482 0.01972054 -2e-05 0.0705481 0.01979232 -2e-05 0.07051836 0.01972054 -2e-05 0.07044659 0.01969082 -2e-05 0.07034509 0.01979232 -2e-05 0.07034509 0.02002248 -2e-05 0.07005459 0.01975611 -2e-05 0.07024434 0.01975637 -2e-05 0.0701893 0.01969898 -2e-05 0.07010979 0.01969887 -2e-05 0.07014901 0.02007789 -2e-05 0.0705481 0.02057718 -2e-05 0.06974819 0.01979232 -2e-05 0.06995119 0.01979232 -2e-05 0.06992146 0.01972054 -2e-05 0.06984969 0.01969082 -2e-05 0.06977792 0.01972054 -2e-05 0.06995119 0.02002687 -2e-05 0.07041832 0.02067466 -2e-05 0.07050755 0.02065833 -2e-05 0.07035167 0.02061312 -2e-05 0.06994451 0.02061339 -2e-05 0.06974819 0.02057718 -2e-05 0.06978866 0.02065828 -2e-05 0.06987778 0.02067471 -2e-05 0.07037482 0.02226055 -2e-05 0.0705481 0.02233232 -2e-05 0.07051836 0.02226055 -2e-05 0.07044659 0.02223082 -2e-05 0.07034509 0.02233232 -2e-05 0.07034509 0.02256248 -2e-05 0.07005459 0.02229611 -2e-05 0.07024434 0.02229638 -2e-05 0.0701893 0.02223899 -2e-05 0.07010979 0.02223888 -2e-05 0.07014901 0.02261789 -2e-05 0.0705481 0.02311718 -2e-05 0.06974819 0.02233232 -2e-05 0.06995119 0.02233232 -2e-05 0.06992146 0.02226055 -2e-05 0.06984969 0.02223082 -2e-05 0.06977792 0.02226055 -2e-05 0.06995119 0.02256688 -2e-05 0.07041832 0.02321467 -2e-05 0.07050755 0.02319834 -2e-05 0.07035167 0.02315313 -2e-05 0.06994451 0.02315339 -2e-05 0.06974819 0.02311718 -2e-05 0.06987778 0.02321472 -2e-05 0.06978866 0.02319828 -2e-05 0.07045683 0.02492695 -2e-05 0.07045604 0.02492581 -2e-05 0.07045523 0.02492468 -2e-05 0.07045441 0.02492356 -2e-05 0.07022308 0.02477083 -2e-05 0.07025784 0.02477697 -2e-05 0.07024652 0.02477357 -2e-05 0.07023488 0.02477151 -2e-05 0.07004977 0.02477357 -2e-05 0.07007321 0.02477083 -2e-05 0.07006141 0.02477151 -2e-05 0.07003844 0.02477697 -2e-05 0.0702653 0.0250152 -2e-05 0.07039885 0.02486221 -2e-05 0.07029025 0.025043 -2e-05 0.07050334 0.02500853 -2e-05 0.07023608 0.02499193 -2e-05 0.0703325 0.02481273 -2e-05 0.07020341 0.02497383 -2e-05 0.07033135 0.02512268 -2e-05 0.07053633 0.02509645 -2e-05 0.07035303 0.02520968 -2e-05 0.07055875 0.02528233 -2e-05 0.07055495 0.0251885 -2e-05 0.07009287 0.02497383 -2e-05 0.06996379 0.02481273 -2e-05 0.07006189 0.02499081 -2e-05 0.07035411 0.02529933 -2e-05 0.0705476 0.02537558 -2e-05 0.06989744 0.02486221 -2e-05 0.07003396 0.02501245 -2e-05 0.07000977 0.0250382 -2e-05 0.07033454 0.02538682 -2e-05 0.0705218 0.02546587 -2e-05 0.07048201 0.02555093 -2e-05 0.06984187 0.02492356 -2e-05 0.06983257 0.02493869 -2e-05 0.06983848 0.02492842 -2e-05 0.06983537 0.02493347 -2e-05 0.07029537 0.02546746 -2e-05 0.07042923 0.02562861 -2e-05 0.06979447 0.02501489 -2e-05 0.06997604 0.02510568 -2e-05 0.0702387 0.02553694 -2e-05 0.06978896 0.02509238 -2e-05 0.06983986 0.02515107 -2e-05 0.06991735 0.02515658 -2e-05 0.0703648 0.02569692 -2e-05 0.07034934 0.02570843 -2e-05 0.07035735 0.02570304 -2e-05 0.07034086 0.02571303 -2e-05 0.07019985 0.02555569 -2e-05 0.0702672 0.02574859 -2e-05 0.07023824 0.02575755 -2e-05 0.07025305 0.02575416 -2e-05 0.07022308 0.02575869 -2e-05 0.07009643 0.02555569 -2e-05 0.07007321 0.02575869 -2e-05 0.07004324 0.02575416 -2e-05 0.07005805 0.02575755 -2e-05 0.06978968 0.02550595 -2e-05 0.06999806 0.02547417 -2e-05 0.06998082 0.02543758 -2e-05 0.06992866 0.02538002 -2e-05 0.06985107 0.0253762 -2e-05 0.0697935 0.02542836 -2e-05 0.07002908 0.02574859 -2e-05 0.06982616 0.0255822 -2e-05 0.07002203 0.02550677 -2e-05 0.06995543 0.02571303 -2e-05 0.0700518 0.02553415 -2e-05 0.06994131 0.02570476 -2e-05 0.06994586 0.02570777 -2e-05 0.06995058 0.02571053 -2e-05 0.06987742 0.02564941 -2e-05 0.07040569 0.01719434 -2e-05 0.0704447 0.01721864 -2e-05 0.07043298 0.01720858 -2e-05 0.07041988 0.01720042 -2e-05 0.07027227 0.01715142 -2e-05 0.07029392 0.01715624 -2e-05 0.07028323 0.01715324 -2e-05 0.07026118 0.01715081 -2e-05 0.07051836 0.01743584 -2e-05 0.0705481 0.01736407 -2e-05 0.07051836 0.0172923 -2e-05 0.07044659 0.01746557 -2e-05 0.07037482 0.01743584 -2e-05 0.07031785 0.01737887 -2e-05 0.07007856 0.01715624 -2e-05 0.07011131 0.01715081 -2e-05 0.07010022 0.01715142 -2e-05 0.07008926 0.01715324 -2e-05 0.07024435 0.01735381 -2e-05 0.07049741 0.01772225 -2e-05 0.07049065 0.01771259 -2e-05 0.0704828 0.01770378 -2e-05 0.07012814 0.01735381 -2e-05 0.07050301 0.01773263 -2e-05 0.07041586 0.01764548 -2e-05 0.0704447 0.01766568 -2e-05 0.0704359 0.01765784 -2e-05 0.07042624 0.01765108 -2e-05 0.07032948 0.01760582 -2e-05 0.07033965 0.01760991 -2e-05 0.07033632 0.01760843 -2e-05 0.07033292 0.01760706 -2e-05 0.06992901 0.01721743 -2e-05 0.0699668 0.01719434 -2e-05 0.06995312 0.01720016 -2e-05 0.06994043 0.01720791 -2e-05 0.07054702 0.01783703 -2e-05 0.07054382 0.01782262 -2e-05 0.07053857 0.01780883 -2e-05 0.0705481 0.01785175 -2e-05 0.07005378 0.01737916 -2e-05 0.07002485 0.01740713 -2e-05 0.06985281 0.01729109 -2e-05 0.07053506 0.01797517 -2e-05 0.07054478 0.01795113 -2e-05 0.0705481 0.01792541 -2e-05 0.07051957 0.01799596 -2e-05 0.07032662 0.01783468 -2e-05 0.0703138 0.01782187 -2e-05 0.06982546 0.01733725 -2e-05 0.06983603 0.01731233 -2e-05 0.07034509 0.01787427 -2e-05 0.07025879 0.01779619 -2e-05 0.07011179 0.01753161 -2e-05 0.07034509 0.01788437 -2e-05 0.06982185 0.01736407 -2e-05 0.07044591 0.01807216 -2e-05 0.07031364 0.01791691 -2e-05 0.06982185 0.01747583 -2e-05 0.07002485 0.01745187 -2e-05 0.07041646 0.01809331 -2e-05 0.07042709 0.01808745 -2e-05 0.07043696 0.01808037 -2e-05 0.07004046 0.01772176 -2e-05 0.07003281 0.01771881 -2e-05 0.07003661 0.01772036 -2e-05 0.07002908 0.0177171 -2e-05 0.07005917 0.0175062 -2e-05 0.06983257 0.01752122 -2e-05 0.06982306 0.01749146 -2e-05 0.06982666 0.01750671 -2e-05 0.06995543 0.01768154 -2e-05 0.06987067 0.01759742 -2e-05 0.07004487 0.01749191 -2e-05 0.06988241 0.01761571 -2e-05 0.06987605 0.01760688 -2e-05 0.06992778 0.0176619 -2e-05 0.06993624 0.01766947 -2e-05 0.0699455 0.01767604 -2e-05 0.06988968 0.0176238 -2e-05 0.07032732 0.0181263 -2e-05 0.07022942 0.01793937 -2e-05 0.07023376 0.01814306 -2e-05 0.06985158 0.01785364 -2e-05 0.06999512 0.01785364 -2e-05 0.06992336 0.01782391 -2e-05 0.07013872 0.01814306 -2e-05 0.07014224 0.01793926 -2e-05 0.07004517 0.0181263 -2e-05 0.07005807 0.01791659 -2e-05 0.06995603 0.01809331 -2e-05 0.06985158 0.01799718 -2e-05 0.06982185 0.01792541 -2e-05 0.06992778 0.01807338 -2e-05 0.06993642 0.01808109 -2e-05 0.06994588 0.01808776 -2e-05 0.07150323 0.01709219 -2e-05 0.071575 0.01706246 -2e-05 0.07160474 0.01699069 -2e-05 0.071575 0.01691892 -2e-05 0.07150323 0.01688919 -2e-05 0.07083013 0.01688919 -2e-05 0.07083013 0.01709219 -2e-05 0.07072864 0.01699069 -2e-05 0.07075836 0.01691892 -2e-05 0.07075836 0.01706246 -2e-05 0.07150323 0.0194292 -2e-05 0.07160474 0.0195307 -2e-05 0.071575 0.01945893 -2e-05 0.071575 0.01960247 -2e-05 0.07150323 0.0196322 -2e-05 0.07083013 0.0196322 -2e-05 0.07083013 0.0194292 -2e-05 0.07075836 0.01960247 -2e-05 0.07075836 0.01945893 -2e-05 0.07072864 0.0195307 -2e-05 0.07150323 0.02471221 -2e-05 0.071575 0.02468248 -2e-05 0.07160474 0.02461071 -2e-05 0.071575 0.02453893 -2e-05 0.07150323 0.02450921 -2e-05 0.07083013 0.02471221 -2e-05 0.07083013 0.02450921 -2e-05 0.07072864 0.02461071 -2e-05 0.07075836 0.02453893 -2e-05 0.07075836 0.02468248 -2e-05 0.07150323 0.0219692 -2e-05 0.07160474 0.0220707 -2e-05 0.071575 0.02199893 -2e-05 0.071575 0.02214247 -2e-05 0.07150323 0.0221722 -2e-05 0.07083013 0.0221722 -2e-05 0.07083013 0.0219692 -2e-05 0.07075836 0.02214247 -2e-05 0.07075836 0.02199893 -2e-05 0.07072864 0.0220707 -2e-05 0.07251152 0.01979232 -2e-05 0.07249792 0.01974157 -2e-05 0.07246077 0.01970441 -2e-05 0.07241002 0.01969082 -2e-05 0.07211565 0.01969625 -2e-05 0.0721484 0.01969082 -2e-05 0.07213731 0.01969143 -2e-05 0.07212634 0.01969324 -2e-05 0.07230852 0.01989382 -2e-05 0.07216522 0.01989382 -2e-05 0.07196487 0.01975865 -2e-05 0.07200388 0.01973435 -2e-05 0.07198969 0.01974043 -2e-05 0.07197659 0.01974859 -2e-05 0.07209172 0.01991887 -2e-05 0.0718912 0.01983231 -2e-05 0.07204467 0.01996592 -2e-05 0.07187491 0.01985362 -2e-05 0.07188515 0.01983892 -2e-05 0.0718797 0.01984604 -2e-05 0.07183971 0.01992203 -2e-05 0.07202231 0.02001087 -2e-05 0.07230852 0.02047568 -2e-05 0.07251152 0.02057718 -2e-05 0.07181081 0.01999332 -2e-05 0.07198827 0.02010526 -2e-05 0.07200347 0.02005741 -2e-05 0.07246077 0.02066508 -2e-05 0.07249792 0.02062793 -2e-05 0.07241002 0.02067868 -2e-05 0.07178844 0.02006692 -2e-05 0.07178528 0.02009204 -2e-05 0.07178668 0.0200752 -2e-05 0.07178563 0.02008359 -2e-05 0.07178528 0.02027746 -2e-05 0.07198827 0.02026848 -2e-05 0.07178667 0.02029419 -2e-05 0.07178543 0.02028306 -2e-05 0.0717859 0.02028864 -2e-05 0.0721484 0.02067868 -2e-05 0.07216415 0.02047568 -2e-05 0.0721277 0.02067654 -2e-05 0.07213799 0.02067814 -2e-05 0.07211762 0.0206739 -2e-05 0.07208816 0.0204515 -2e-05 0.07181051 0.02038632 -2e-05 0.0720086 0.02033599 -2e-05 0.07185004 0.02047289 -2e-05 0.07204237 0.02039788 -2e-05 0.07200586 0.02063834 -2e-05 0.07198167 0.02062695 -2e-05 0.07199339 0.02063344 -2e-05 0.07190406 0.02055123 -2e-05 0.07197091 0.02061897 -2e-05 0.07251152 0.01725231 -2e-05 0.07249792 0.01720156 -2e-05 0.07246077 0.01716441 -2e-05 0.07241002 0.01715081 -2e-05 0.07211565 0.01715624 -2e-05 0.0721484 0.01715081 -2e-05 0.07213731 0.01715142 -2e-05 0.07212634 0.01715324 -2e-05 0.07230852 0.01735381 -2e-05 0.07216522 0.01735381 -2e-05 0.07197659 0.01720858 -2e-05 0.07200388 0.01719434 -2e-05 0.07198969 0.01720042 -2e-05 0.07196487 0.01721864 -2e-05 0.07209172 0.01737887 -2e-05 0.0718912 0.0172923 -2e-05 0.07204467 0.01742592 -2e-05 0.07187491 0.01731362 -2e-05 0.07188515 0.01729892 -2e-05 0.0718797 0.01730604 -2e-05 0.07183971 0.01738202 -2e-05 0.07202231 0.01747087 -2e-05 0.07230852 0.01793567 -2e-05 0.07251152 0.01803717 -2e-05 0.07181081 0.01745331 -2e-05 0.07198827 0.01756526 -2e-05 0.07200347 0.01751741 -2e-05 0.07246077 0.01812507 -2e-05 0.07249792 0.01808792 -2e-05 0.07241002 0.01813867 -2e-05 0.07178844 0.01752691 -2e-05 0.07178528 0.01755203 -2e-05 0.07178668 0.01753519 -2e-05 0.07178563 0.01754358 -2e-05 0.07178528 0.01773745 -2e-05 0.07198827 0.01772848 -2e-05 0.0717859 0.01774864 -2e-05 0.07178543 0.01774305 -2e-05 0.07178667 0.01775419 -2e-05 0.0721484 0.01813867 -2e-05 0.07216415 0.01793567 -2e-05 0.07211762 0.01813389 -2e-05 0.0721277 0.01813654 -2e-05 0.07213799 0.01813814 -2e-05 0.07208816 0.01791149 -2e-05 0.07181051 0.01784632 -2e-05 0.0720086 0.01779599 -2e-05 0.07185004 0.01793288 -2e-05 0.07204237 0.01785788 -2e-05 0.07200586 0.01809834 -2e-05 0.07198167 0.01808694 -2e-05 0.07199339 0.01809344 -2e-05 0.07190406 0.01801123 -2e-05 0.07197091 0.01807896 -2e-05 0.07241002 0.02477083 -2e-05 0.07251152 0.02487233 -2e-05 0.07249792 0.02482158 -2e-05 0.07246077 0.02478443 -2e-05 0.07211565 0.02477626 -2e-05 0.0721484 0.02477083 -2e-05 0.07213731 0.02477143 -2e-05 0.07212634 0.02477325 -2e-05 0.07230852 0.02497383 -2e-05 0.07216522 0.02497383 -2e-05 0.07196487 0.02483866 -2e-05 0.07200388 0.02481436 -2e-05 0.07198969 0.02482044 -2e-05 0.07197659 0.0248286 -2e-05 0.07209172 0.02499888 -2e-05 0.0718912 0.02491232 -2e-05 0.07204467 0.02504593 -2e-05 0.07187491 0.02493363 -2e-05 0.07188515 0.02491893 -2e-05 0.0718797 0.02492605 -2e-05 0.07251152 0.02565719 -2e-05 0.07183971 0.02500204 -2e-05 0.07202231 0.02509088 -2e-05 0.07230852 0.02555569 -2e-05 0.07181081 0.02507333 -2e-05 0.07198827 0.02518527 -2e-05 0.07200347 0.02513742 -2e-05 0.07246077 0.02574509 -2e-05 0.07249792 0.02570794 -2e-05 0.07241002 0.02575869 -2e-05 0.07178844 0.02514693 -2e-05 0.07178528 0.02517205 -2e-05 0.07178668 0.0251552 -2e-05 0.07178563 0.0251636 -2e-05 0.07178528 0.02535747 -2e-05 0.07198827 0.02534849 -2e-05 0.07178667 0.0253742 -2e-05 0.07178543 0.02536307 -2e-05 0.0717859 0.02536865 -2e-05 0.0721484 0.02575869 -2e-05 0.07216415 0.02555569 -2e-05 0.07211762 0.02575391 -2e-05 0.0721277 0.02575656 -2e-05 0.07213799 0.02575815 -2e-05 0.07208816 0.02553151 -2e-05 0.07181051 0.02546633 -2e-05 0.0720086 0.025416 -2e-05 0.07185004 0.0255529 -2e-05 0.07204237 0.02547789 -2e-05 0.07200586 0.02571835 -2e-05 0.07190406 0.02563124 -2e-05 0.07197091 0.02569897 -2e-05 0.07198167 0.02570696 -2e-05 0.07199339 0.02571345 -2e-05 0.07251152 0.02233232 -2e-05 0.07249792 0.02228157 -2e-05 0.07246077 0.02224442 -2e-05 0.07241002 0.02223082 -2e-05 0.07211565 0.02223625 -2e-05 0.0721484 0.02223082 -2e-05 0.07213731 0.02223143 -2e-05 0.07212634 0.02223325 -2e-05 0.07230852 0.02243382 -2e-05 0.07216522 0.02243382 -2e-05 0.07197659 0.02228859 -2e-05 0.07200388 0.02227435 -2e-05 0.07198969 0.02228043 -2e-05 0.07196487 0.02229865 -2e-05 0.07209172 0.02245888 -2e-05 0.0718912 0.02237231 -2e-05 0.07204467 0.02250593 -2e-05 0.07187491 0.02239363 -2e-05 0.07188515 0.02237893 -2e-05 0.0718797 0.02238605 -2e-05 0.07251152 0.02311718 -2e-05 0.07183971 0.02246203 -2e-05 0.07202231 0.02255088 -2e-05 0.07230852 0.02301568 -2e-05 0.07181081 0.02253332 -2e-05 0.07198827 0.02264527 -2e-05 0.07200347 0.02259742 -2e-05 0.07246077 0.02320508 -2e-05 0.07249792 0.02316793 -2e-05 0.07241002 0.02321868 -2e-05 0.07178844 0.02260692 -2e-05 0.07178528 0.02263204 -2e-05 0.07178668 0.0226152 -2e-05 0.07178563 0.02262359 -2e-05 0.07178528 0.02281746 -2e-05 0.07198827 0.02280849 -2e-05 0.07178667 0.0228342 -2e-05 0.07178543 0.02282306 -2e-05 0.0717859 0.02282865 -2e-05 0.0721484 0.02321868 -2e-05 0.07216415 0.02301568 -2e-05 0.07211762 0.02321391 -2e-05 0.0721277 0.02321655 -2e-05 0.07213799 0.02321815 -2e-05 0.07208816 0.0229915 -2e-05 0.07181051 0.02292633 -2e-05 0.0720086 0.022876 -2e-05 0.07185004 0.02301289 -2e-05 0.07204237 0.02293789 -2e-05 0.07200586 0.02317834 -2e-05 0.07190406 0.02309124 -2e-05 0.07197091 0.02315897 -2e-05 0.07198167 0.02316695 -2e-05 0.07199339 0.02317345 -2e-05 0.07327524 0.01973413 -2e-05 0.07331491 0.01975865 -2e-05 0.07330301 0.01974845 -2e-05 0.07328967 0.01974021 -2e-05 0.0731397 0.0196914 -2e-05 0.07316093 0.01969603 -2e-05 0.07315044 0.01969314 -2e-05 0.07312884 0.01969082 -2e-05 0.07338857 0.01997585 -2e-05 0.0734183 0.01990408 -2e-05 0.07338857 0.01983231 -2e-05 0.0733168 0.02000558 -2e-05 0.07324503 0.01997585 -2e-05 0.07318831 0.01991913 -2e-05 0.07294623 0.01969625 -2e-05 0.07297898 0.01969082 -2e-05 0.07296789 0.01969143 -2e-05 0.07295692 0.01969324 -2e-05 0.07311237 0.01989382 -2e-05 0.0729958 0.01989382 -2e-05 0.07328606 0.02018548 -2e-05 0.07330938 0.02020055 -2e-05 0.07330208 0.02019482 -2e-05 0.07329428 0.02018979 -2e-05 0.07280717 0.01974859 -2e-05 0.07283447 0.01973435 -2e-05 0.07282027 0.01974043 -2e-05 0.07319969 0.02014583 -2e-05 0.07320986 0.02014992 -2e-05 0.07320652 0.02014843 -2e-05 0.07320313 0.02014707 -2e-05 0.07279545 0.01975865 -2e-05 0.0734183 0.02039176 -2e-05 0.07341784 0.02038212 -2e-05 0.07341647 0.02037258 -2e-05 0.0734142 0.0203632 -2e-05 0.0729223 0.01991887 -2e-05 0.07289506 0.01994612 -2e-05 0.07340527 0.02051517 -2e-05 0.07341499 0.02049113 -2e-05 0.0734183 0.02046542 -2e-05 0.07272179 0.01983231 -2e-05 0.07338978 0.02053596 -2e-05 0.07318574 0.02036268 -2e-05 0.07335455 0.0202477 -2e-05 0.07319758 0.02037656 -2e-05 0.07320749 0.02039188 -2e-05 0.07338992 0.02030259 -2e-05 0.0732153 0.02040837 -2e-05 0.07312899 0.0203362 -2e-05 0.07298137 0.0200714 -2e-05 0.0732153 0.02042438 -2e-05 0.07269206 0.01990408 -2e-05 0.07270566 0.01985333 -2e-05 0.07269552 0.01987781 -2e-05 0.07331612 0.02061216 -2e-05 0.07318399 0.02045677 -2e-05 0.07269206 0.02001584 -2e-05 0.07289506 0.01999922 -2e-05 0.07329708 0.0206276 -2e-05 0.07330707 0.02062046 -2e-05 0.07269389 0.02003502 -2e-05 0.07269252 0.02002547 -2e-05 0.07328631 0.02063348 -2e-05 0.07269616 0.02004439 -2e-05 0.07291067 0.02026177 -2e-05 0.07290384 0.02025916 -2e-05 0.07290723 0.02026053 -2e-05 0.0729005 0.02025768 -2e-05 0.07292462 0.02004492 -2e-05 0.07272044 0.02010501 -2e-05 0.07290287 0.02001571 -2e-05 0.0728243 0.02022211 -2e-05 0.07275581 0.02015989 -2e-05 0.07291278 0.02003103 -2e-05 0.07280828 0.02021277 -2e-05 0.07281607 0.02021781 -2e-05 0.07280098 0.02020704 -2e-05 0.07319676 0.02066631 -2e-05 0.07309909 0.02047923 -2e-05 0.07310287 0.02068298 -2e-05 0.07301127 0.02047923 -2e-05 0.07300749 0.02068298 -2e-05 0.0729136 0.02066631 -2e-05 0.07292637 0.02045677 -2e-05 0.07282405 0.02063348 -2e-05 0.07272058 0.02053596 -2e-05 0.07286654 0.02039487 -2e-05 0.07279528 0.02036393 -2e-05 0.07272301 0.02039244 -2e-05 0.07269207 0.0204637 -2e-05 0.07280329 0.02062046 -2e-05 0.07281328 0.0206276 -2e-05 0.07279424 0.02061216 -2e-05 0.07327524 0.01719412 -2e-05 0.07331491 0.01721864 -2e-05 0.07330301 0.01720845 -2e-05 0.07328967 0.01720021 -2e-05 0.0731397 0.01715139 -2e-05 0.07316093 0.01715602 -2e-05 0.07315044 0.01715314 -2e-05 0.07312884 0.01715081 -2e-05 0.07338857 0.01743584 -2e-05 0.0734183 0.01736407 -2e-05 0.07338857 0.0172923 -2e-05 0.0733168 0.01746557 -2e-05 0.07324503 0.01743584 -2e-05 0.07318831 0.01737913 -2e-05 0.07294623 0.01715624 -2e-05 0.07297898 0.01715081 -2e-05 0.07296789 0.01715142 -2e-05 0.07295692 0.01715324 -2e-05 0.07311237 0.01735381 -2e-05 0.0729958 0.01735381 -2e-05 0.07328606 0.01764548 -2e-05 0.07330938 0.01766055 -2e-05 0.07330208 0.01765482 -2e-05 0.07329428 0.01764978 -2e-05 0.07319969 0.01760582 -2e-05 0.07320986 0.01760991 -2e-05 0.07320652 0.01760843 -2e-05 0.07320313 0.01760706 -2e-05 0.07279545 0.01721864 -2e-05 0.07283447 0.01719434 -2e-05 0.07282027 0.01720042 -2e-05 0.07280717 0.01720858 -2e-05 0.07341784 0.01784212 -2e-05 0.07341647 0.01783257 -2e-05 0.0734142 0.0178232 -2e-05 0.0734183 0.01785175 -2e-05 0.0729223 0.01737887 -2e-05 0.07289506 0.01740611 -2e-05 0.07340527 0.01797517 -2e-05 0.07341499 0.01795113 -2e-05 0.0734183 0.01792541 -2e-05 0.07272179 0.0172923 -2e-05 0.07338978 0.01799596 -2e-05 0.07318574 0.01782267 -2e-05 0.07335455 0.0177077 -2e-05 0.07319758 0.01783656 -2e-05 0.07320749 0.01785188 -2e-05 0.07338992 0.01776258 -2e-05 0.0732153 0.01786837 -2e-05 0.07312899 0.01779619 -2e-05 0.07298137 0.01753139 -2e-05 0.0732153 0.01788437 -2e-05 0.07269206 0.01736407 -2e-05 0.07270566 0.01731332 -2e-05 0.07269552 0.0173378 -2e-05 0.07331612 0.01807216 -2e-05 0.07318399 0.01791677 -2e-05 0.07269206 0.01747583 -2e-05 0.07289506 0.01745922 -2e-05 0.07329708 0.01808759 -2e-05 0.07330707 0.01808045 -2e-05 0.07328631 0.01809348 -2e-05 0.07269616 0.01750439 -2e-05 0.07269252 0.01748547 -2e-05 0.07269389 0.01749501 -2e-05 0.07291067 0.01772176 -2e-05 0.07290384 0.01771916 -2e-05 0.07290723 0.01772052 -2e-05 0.0729005 0.01771767 -2e-05 0.07292462 0.01750491 -2e-05 0.07272044 0.017565 -2e-05 0.07290287 0.01747571 -2e-05 0.0728243 0.01768211 -2e-05 0.07275581 0.01761989 -2e-05 0.07291278 0.01749103 -2e-05 0.07280828 0.01767277 -2e-05 0.07281607 0.0176778 -2e-05 0.07280098 0.01766704 -2e-05 0.07319676 0.0181263 -2e-05 0.07309909 0.01793923 -2e-05 0.07310287 0.01814298 -2e-05 0.07301127 0.01793923 -2e-05 0.07272301 0.01785244 -2e-05 0.07286654 0.01785487 -2e-05 0.07279528 0.01782393 -2e-05 0.07300749 0.01814298 -2e-05 0.0729136 0.0181263 -2e-05 0.07292637 0.01791677 -2e-05 0.07282405 0.01809348 -2e-05 0.07272058 0.01799596 -2e-05 0.07269207 0.01792369 -2e-05 0.07280329 0.01808045 -2e-05 0.07281328 0.01808759 -2e-05 0.07279424 0.01807216 -2e-05 0.07327524 0.02481413 -2e-05 0.07331491 0.02483866 -2e-05 0.07330301 0.02482846 -2e-05 0.07328967 0.02482022 -2e-05 0.07312884 0.02477083 -2e-05 0.07316093 0.02477604 -2e-05 0.07315044 0.02477315 -2e-05 0.0731397 0.02477141 -2e-05 0.07318831 0.02499914 -2e-05 0.07338857 0.02491232 -2e-05 0.07324503 0.02505586 -2e-05 0.0733168 0.02508559 -2e-05 0.07338857 0.02505586 -2e-05 0.0734183 0.02498409 -2e-05 0.07294623 0.02477626 -2e-05 0.07297898 0.02477083 -2e-05 0.07296789 0.02477143 -2e-05 0.07295692 0.02477325 -2e-05 0.07311237 0.02497383 -2e-05 0.0729958 0.02497383 -2e-05 0.07328606 0.02526549 -2e-05 0.07330938 0.02528056 -2e-05 0.07330208 0.02527483 -2e-05 0.07329428 0.0252698 -2e-05 0.07319969 0.02522584 -2e-05 0.07320986 0.02522993 -2e-05 0.07320652 0.02522844 -2e-05 0.07320313 0.02522708 -2e-05 0.07279545 0.02483866 -2e-05 0.07283447 0.02481436 -2e-05 0.07282027 0.02482044 -2e-05 0.07280717 0.0248286 -2e-05 0.0734183 0.02547177 -2e-05 0.07341784 0.02546213 -2e-05 0.07341647 0.02545259 -2e-05 0.0734142 0.02544321 -2e-05 0.0729223 0.02499888 -2e-05 0.07289506 0.02502613 -2e-05 0.07340527 0.02559518 -2e-05 0.07341499 0.02557114 -2e-05 0.0734183 0.02554543 -2e-05 0.07272179 0.02491232 -2e-05 0.07338978 0.02561597 -2e-05 0.07318574 0.02544269 -2e-05 0.07335455 0.02532771 -2e-05 0.07319758 0.02545657 -2e-05 0.07320749 0.02547189 -2e-05 0.07338992 0.0253826 -2e-05 0.0732153 0.02548838 -2e-05 0.07312899 0.02541621 -2e-05 0.07298137 0.02515141 -2e-05 0.0732153 0.02550439 -2e-05 0.07269206 0.02498409 -2e-05 0.07270566 0.02493334 -2e-05 0.07269552 0.02495782 -2e-05 0.07331612 0.02569217 -2e-05 0.07318399 0.02553678 -2e-05 0.07269206 0.02509585 -2e-05 0.07289506 0.02507923 -2e-05 0.07329708 0.02570761 -2e-05 0.07330707 0.02570047 -2e-05 0.07269389 0.02511503 -2e-05 0.07269252 0.02510548 -2e-05 0.07328631 0.02571349 -2e-05 0.07269616 0.0251244 -2e-05 0.07291067 0.02534178 -2e-05 0.07290384 0.02533917 -2e-05 0.07290723 0.02534054 -2e-05 0.0729005 0.02533768 -2e-05 0.07292462 0.02512493 -2e-05 0.07272044 0.02518502 -2e-05 0.07290287 0.02509572 -2e-05 0.0728243 0.02530212 -2e-05 0.07275581 0.0252399 -2e-05 0.07291278 0.02511104 -2e-05 0.07280828 0.02529278 -2e-05 0.07281607 0.02529782 -2e-05 0.07280098 0.02528705 -2e-05 0.07319676 0.02574632 -2e-05 0.07309909 0.02555924 -2e-05 0.07310287 0.02576299 -2e-05 0.07300749 0.02576299 -2e-05 0.07301127 0.02555924 -2e-05 0.0729136 0.02574632 -2e-05 0.07292637 0.02553678 -2e-05 0.07282405 0.02571349 -2e-05 0.07272058 0.02561597 -2e-05 0.07286654 0.02547488 -2e-05 0.07279528 0.02544394 -2e-05 0.07272301 0.02547245 -2e-05 0.07269207 0.02554371 -2e-05 0.07280329 0.02570047 -2e-05 0.07281328 0.02570761 -2e-05 0.07279424 0.02569217 -2e-05 0.07327524 0.02227413 -2e-05 0.07331491 0.02229865 -2e-05 0.07330301 0.02228846 -2e-05 0.07328967 0.02228022 -2e-05 0.0731397 0.02223141 -2e-05 0.07316093 0.02223603 -2e-05 0.07315044 0.02223315 -2e-05 0.07312884 0.02223082 -2e-05 0.07318831 0.02245914 -2e-05 0.07338857 0.02237231 -2e-05 0.07324503 0.02251585 -2e-05 0.0733168 0.02254558 -2e-05 0.07338857 0.02251585 -2e-05 0.0734183 0.02244408 -2e-05 0.07294623 0.02223625 -2e-05 0.07297898 0.02223082 -2e-05 0.07296789 0.02223143 -2e-05 0.07295692 0.02223325 -2e-05 0.07311237 0.02243382 -2e-05 0.0729958 0.02243382 -2e-05 0.07328606 0.02272548 -2e-05 0.07330938 0.02274056 -2e-05 0.07330208 0.02273483 -2e-05 0.07329428 0.02272979 -2e-05 0.07319969 0.02268583 -2e-05 0.07320986 0.02268992 -2e-05 0.07320652 0.02268844 -2e-05 0.07320313 0.02268707 -2e-05 0.07279545 0.02229865 -2e-05 0.07283447 0.02227435 -2e-05 0.07282027 0.02228043 -2e-05 0.07280717 0.02228859 -2e-05 0.07341784 0.02292213 -2e-05 0.07341647 0.02291258 -2e-05 0.0734142 0.02290321 -2e-05 0.0734183 0.02293176 -2e-05 0.0729223 0.02245888 -2e-05 0.07289506 0.02248612 -2e-05 0.07340527 0.02305518 -2e-05 0.07341499 0.02303114 -2e-05 0.0734183 0.02300542 -2e-05 0.07272179 0.02237231 -2e-05 0.07338978 0.02307597 -2e-05 0.07318574 0.02290268 -2e-05 0.07335455 0.02278771 -2e-05 0.07319758 0.02291657 -2e-05 0.07320749 0.02293189 -2e-05 0.07338992 0.02284259 -2e-05 0.0732153 0.02294838 -2e-05 0.07312899 0.0228762 -2e-05 0.07298137 0.0226114 -2e-05 0.0732153 0.02296438 -2e-05 0.07269206 0.02244408 -2e-05 0.07270566 0.02239333 -2e-05 0.07269552 0.02241781 -2e-05 0.07331612 0.02315217 -2e-05 0.07318399 0.02299678 -2e-05 0.07269206 0.02255584 -2e-05 0.07289506 0.02253922 -2e-05 0.07329708 0.0231676 -2e-05 0.07330707 0.02316046 -2e-05 0.07269389 0.02257502 -2e-05 0.07269252 0.02256548 -2e-05 0.07328631 0.02317349 -2e-05 0.07269616 0.0225844 -2e-05 0.07291067 0.02280177 -2e-05 0.07290384 0.02279917 -2e-05 0.07290723 0.02280053 -2e-05 0.0729005 0.02279768 -2e-05 0.07292462 0.02258492 -2e-05 0.07272044 0.02264501 -2e-05 0.07290287 0.02255572 -2e-05 0.0728243 0.02276212 -2e-05 0.07275581 0.0226999 -2e-05 0.07291278 0.02257104 -2e-05 0.07280828 0.02275278 -2e-05 0.07281607 0.02275781 -2e-05 0.07280098 0.02274705 -2e-05 0.07319676 0.02320632 -2e-05 0.07309909 0.02301924 -2e-05 0.07310287 0.02322299 -2e-05 0.07301127 0.02301924 -2e-05 0.07300749 0.02322299 -2e-05 0.0729136 0.02320632 -2e-05 0.07292637 0.02299678 -2e-05 0.07282405 0.02317349 -2e-05 0.07272058 0.02307597 -2e-05 0.07286654 0.02293488 -2e-05 0.07279528 0.02290394 -2e-05 0.07272301 0.02293245 -2e-05 0.07269207 0.0230037 -2e-05 0.07280329 0.02316046 -2e-05 0.07281328 0.0231676 -2e-05 0.07279424 0.02315217 -2e-05 0.07645015 0.01615303 -2e-05 0.07657716 0.01628003 -2e-05 0.07656013 0.01621653 -2e-05 0.07651365 0.01617005 -2e-05 0.07632315 0.01640703 -2e-05 0.07391015 0.01615303 -2e-05 0.07403715 0.01640703 -2e-05 0.07378315 0.01628003 -2e-05 0.07384665 0.01617005 -2e-05 0.07380016 0.01621653 -2e-05 0.07632315 0.02374953 -2e-05 0.07403715 0.02374953 -2e-05 0.07403715 0.02400353 -2e-05 0.07632315 0.02400353 -2e-05 0.07632315 0.02631305 -2e-05 0.07657716 0.02644005 -2e-05 0.07651365 0.02655004 -2e-05 0.07656013 0.02650355 -2e-05 0.07645015 0.02656705 -2e-05 0.07391015 0.02656705 -2e-05 0.07403715 0.02631305 -2e-05 0.07378315 0.02644005 -2e-05 0.07380016 0.02650355 -2e-05 0.07384665 0.02655004 -2e-05</float_array>
          <technique_common>
            <accessor count="6716" source="#cubeverts-array0-array" stride="3">
              <param type="float" name="X"/>
              <param type="float" name="Y"/>
              <param type="float" name="Z"/>
            </accessor>
          </technique_common>
        </source>
        <source id="cubenormals-array0">
          <float_array count="19434" id="cubenormals-array0-array">0 0 -1 0 0 -1 0 0 -1 0 0 -1 0 -0 -1 0 0 -1 0 0 -1 0 0 -1 0 0 -1 0 0 -1 0 0 -1 0 -0 -1 0 0 -1 0 -0 -1 0 0 -1 0 0 -1 0 0 -1 0 0 -1 0 0 -1 0 -0 -1 0 0 -1 0 0 -1 0 0 -1 0 0 -1 0 0 -1 0 0 -1 0 0 -1 0 0 -1 0 -0 -1 0 0 -1 0 -0 -1 0 0 -1 0 -0 -1 0 0 -1 0 -0 -1 0 0 -1 0 0 -1 0 0 -1 0 -0 -1 0 0 -1 0 0 -1 0 -0 -1 0 0 -1 0 0 -1 0 0 -1 0 0 -1 0 0 -1 0 -0 -1 0 0 -1 0 0 -1 0 0 -1 0 0 -1 0 -0 -1 0 0 -1 0 0 -1 0 0 -1 0 -0 -1 0 0 -1 0 0 -1 0 0 -1 0 0 -1 0 0 -1 0 -0 -1 0 0 -1 0 0 -1 0 0 -1 0 0 -1 0 -0 -1 0 0 -1 0 0 -1 0 0 -1 0 -0 -1 0 0 -1 0 0 -1 0 0 -1 0 0 -1 0 0 -1 0 -0 -1 0 0 -1 0 0 -1 0 0 -1 0 0 -1 0 -0 -1 0 0 -1 0 0 -1 0 0 -1 0 -0 -1 0 0 -1 0 0 -1 0 0 -1 0 0 -1 0 0 -1 0 -0 -1 0 0 -1 0 0 -1 0 0 -1 0 0 -1 0 0 -1 0 0 -1 0 -0 -1 0 0 -1 0 0 -1 0 0 -1 0 -0 -1 0 0 -1 0 -0 -1 0 0 -1 0 0 -1 0 0 -1 0 0 -1 0 0 -1 0 0 -1 0 0 -1 0 0 -1 0 -0 -1 0 0 -1 0 0 -1 0 0 -1 0 0 -1 0 0 -1 0 -0 -1 0 0 -1 0 0 -1 0 0 -1 0 0 -1 0 0 -1 0 0 -1 0 0 -1 0 -0 -1 0 0 -1 0 0 -1 0 -0 -1 0 0 -1 0 0 -1 0 0 -1 0 0 -1 0 -0 -1 0 -0 -1 0 0 -1 0 0 -1 0 0 -1 0 0 -1 0 0 -1 0 -0 -1 0 0 -1 0 0 -1 0 -0 -1 0 0 -1 0 0 -1 0 0 -1 0 0 -1 0 0 -1 0 0 -1 0 0 -1 0 0 -1 0 -0 -1 0 0 -1 0 -0 -1 0 0 -1 0 0 -1 0 0 -1 0 0 -1 0 0 -1 0 0 -1 0 0 -1 0 0 -1 0 -0 -1 0 0 -1 0 0 -1 0 -0 -1 0 0 -1 0 -0 -1 0 0 -1 0 0 -1 0 0 -1 0 -0 -1 0 0 -1 0 0 -1 0 -0 -1 0 0 -1 0 0 -1 0 -0 -1 0 0 -1 0 0 -1 0 0 -1 0 -0 -1 0 0 -1 0 0 -1 0 0 -1 0 0 -1 0 0 -1 0 0 -1 0 0 -1 0 0 -1 0 -0 -1 0 0 -1 0 0 -1 0 -0 -1 0 0 -1 0 0 -1 0 0 -1 0 0 -1 0 0 -1 0 0 -1 0 0 -1 0 0 -1 0 -0 -1 0 0 -1 0 0 -1 0 0 -1 0 0 -1 0 0 -1 0 -0 -1 0 0 -1 0 0 -1 0 0 -1 0 0 -1 0 0 -1 0 0 -1 0 0 -1 0 -0 -1 0 0 -1 0 0 -1 0 -0 -1 0 0 -1 0 0 -1 0 0 -1 0 0 -1 0 -0 -1 0 0 -1 0 -0 -1 0 0 -1 0 0 -1 0 0 -1 0 0 -1 0 -0 -1 0 0 -1 0 0 -1 0 -0 -1 0 0 -1 0 0 -1 0 0 -1 0 0 -1 0 0 -1 0 0 -1 0 0 -1 0 0 -1 0 -0 -1 0 0 -1 0 0 -1 0 -0 -1 0 0 -1 0 0 -1 0 0 -1 0 0 -1 0 0 -1 0 0 -1 0 0 -1 0 -0 -1 0 0 -1 0 0 -1 0 -0 -1 0 0 -1 0 -0 -1 0 0 -1 0 0 -1 0 0 -1 0 0 -1 0 0 -1 0 -0 -1 0 -0 -1 0 0 -1 0 0 -1 0 -0 -1 0 0 -1 0 0 -1 0 0 -1 0 -0 -1 0 0 -1 0 0 -1 0 0 -1 0 0 -1 0 0 -1 0 0 -1 0 0 -1 0 0 -1 0 0 -1 0 0 -1 0 -0 -1 0 0 -1 0 0 -1 0 0 -1 0 0 -1 0 0 -1 0 0 -1 0 0 -1 0 0 -1 0 0 -1 0 0 -1 0 0 -1 0 0 -1 0 -0 -1 0 0 -1 0 0 -1 0 0 -1 0 0 -1 0 -0 -1 0 0 -1 0 -0 -1 0 0 -1 0 0 -1 0 -0 -1 0 0 -1 0 0 -1 0 0 -1 0 -0 -1 0 0 -1 0 0 -1 0 0 -1 0 0 -1 0 0 -1 0 0 -1 0 0 -1 0 0 -1 0 0 -1 0 0 -1 0 0 -1 0 0 -1 0 0 -1 0 0 -1 0 0 -1 0 0 -1 0 0 -1 0 0 -1 0 0 -1 0 0 -1 0 -0 -1 0 0 -1 0 0 -1 0 -0 -1 0 0 -1 0 0 -1 0 0 -1 0 0 -1 0 0 -1 0 0 -1 0 -0 -1 0 0 -1 0 -0 -1 0 0 -1 0 0 -1 0 0 -1 0 0 -1 0 -0 -1 0 -0 -1 0 0 -1 0 0 -1 0 0 -1 0 0 -1 0 0 -1 0 0 -1 0 -0 -1 0 0 -1 0 0 -1 0 0 -1 0 0 -1 0 -0 -1 0 0 -1 0 0 -1 0 -0 -1 0 0 -1 0 0 -1 0 0 -1 0 -0 -1 0 0 -1 0 0 -1 0 0 -1 0 0 -1 0 0 -1 0 0 -1 0 0 -1 0 0 -1 0 0 -1 0 0 -1 0 -0 -1 0 0 -1 0 0 -1 0 0 -1 0 0 -1 0 -0 -1 0 0 -1 0 -0 -1 0 0 -1 0 0 -1 0 0 -1 0 0 -1 0 0 -1 0 -0 -1 0 0 -1 0 0 -1 0 0 -1 0 -0 -1 0 0 -1 0 0 -1 0 0 -1 0 0 -1 0 0 -1 0 0 -1 0 0 -1 0 0 -1 0 0 -1 0 0 -1 0 -0 -1 0 0 -1 0 0 -1 0 0 -1 0 0 -1 0 0 -1 0 0 -1 0 0 -1 0 0 -1 0 0 -1 0 0 -1 0 0 -1 0 -0 -1 0 0 -1 0 0 -1 0 0 -1 0 -0 -1 0 0 -1 0 0 -1 0 -0 -1 0 0 -1 0 0 -1 0 0 -1 0 0 -1 0 0 -1 0 0 -1 0 0 -1 0 -0 -1 0 0 -1 0 -0 -1 0 0 -1 0 0 -1 0 0 -1 0 0 -1 0 -0 -1 0 -0 -1 0 0 -1 0 0 -1 0 0 -1 0 0 -1 0 0 -1 0 0 -1 0 0 -1 0 0 -1 0 -0 -1 0 0 -1 0 0 -1 0 -0 -1 0 0 -1 0 0 -1 0 -0 -1 0 0 -1 0 0 -1 0 0 -1 0 -0 -1 0 0 -1 0 0 -1 0 0 -1 0 0 -1 0 0 -1 0 0 -1 0 0 -1 0 0 -1 0 0 -1 0 -0 -1 0 0 -1 0 0 -1 0 -0 -1 0 -0 -1 0 0 -1 0 0 -1 0 -0 -1 0 0 -1 0 0 -1 0 0 -1 0 0 -1 0 0 -1 0 0 -1 0 0 -1 0 0 -1 0 0 -1 0 0 -1 0 0 -1 0 -0 -1 0 0 -1 0 -0 -1 0 0 -1 0 0 -1 0 -0 -1 0 0 -1 0 -0 -1 0 0 -1 0 0 -1 0 0 -1 0 -0 -1 0 0 -1 0 -0 -1 0 0 -1 0 -0 -1 0 0 -1 0 0 -1 0 -0 -1 0 0 -1 0 0 -1 0 0 -1 0 0 -1 0 0 -1 0 0 -1 0 -0 -1 0 0 -1 0 0 -1 0 0 -1 0 0 -1 0 0 -1 0 0 -1 0 0 -1 0 0 -1 0 0 -1 0 0 -1 0 0 -1 0 -0 -1 0 0 -1 0 0 -1 0 0 -1 0 -0 -1 0 0 -1 0 0 -1 0 -0 -1 0 0 -1 0 0 -1 0 -0 -1 0 0 -1 0 0 -1 0 0 -1 0 -0 -1 0 0 -1 0 0 -1 0 0 -1 0 0 -1 0 0 -1 0 0 -1 0 0 -1 0 0 -1 0 0 -1 0 0 -1 0 0 -1 0 0 -1 0 0 -1 0 0 -1 0 0 -1 0 0 -1 0 -0 -1 0 0 -1 0 0 -1 0 -0 -1 0 -0 -1 0 -0 -1 0 0 -1 0 0 -1 0 0 -1 0 0 -1 0 -0 -1 0 0 -1 0 0 -1 0 0 -1 0 -0 -1 0 -0 -1 0 0 -1 0 0 -1 0 0 -1 0 0 -1 0 -0 -1 0 0 -1 0 -0 -1 0 0 -1 0 0 -1 0 -0 -1 0 0 -1 0 0 -1 0 0 -1 0 0 -1 0 -0 -1 0 0 -1 0 0 -1 0 0 -1 0 0 -1 0 0 -1 0 0 -1 0 0 -1 0 0 -1 0 -0 -1 0 0 -1 0 0 -1 0 -0 -1 0 0 -1 0 0 -1 0 -0 -1 0 0 -1 0 0 -1 0 0 -1 0 0 -1 0 0 -1 0 0 -1 0 0 -1 0 -0 -1 0 0 -1 0 0 -1 0 -0 -1 0 0 -1 0 0 -1 0 0 -1 0 0 -1 0 -0 -1 0 -0 -1 0 0 -1 0 0 -1 0 0 -1 0 0 -1 0 0 -1 0 -0 -1 0 0 -1 0 0 -1 0 -0 -1 0 0 -1 0 0 -1 0 0 -1 0 0 -1 0 0 -1 0 0 -1 0 0 -1 0 0 -1 0 -0 -1 0 0 -1 0 -0 -1 0 0 -1 0 0 -1 0 0 -1 0 0 -1 0 0 -1 0 0 -1 0 0 -1 0 0 -1 0 -0 -1 0 0 -1 0 0 -1 0 -0 -1 0 0 -1 0 -0 -1 0 0 -1 0 0 -1 0 -0 -1 0 0 -1 0 0 -1 0 0 -1 0 -0 -1 0 0 -1 0 0 -1 0 -0 -1 0 0 -1 0 0 -1 0 0 -1 0 -0 -1 0 0 -1 0 0 -1 0 0 -1 0 0 -1 0 0 -1 0 0 -1 0 0 -1 0 0 -1 0 -0 -1 0 0 -1 0 -0 -1 0 0 -1 0 0 -1 0 0 -1 0 0 -1 0 0 -1 0 -0 -1 0 0 -1 0 -0 -1 0 0 -1 0 0 -1 0 0 -1 0 -0 -1 0 0 -1 0 0 -1 0 -0 -1 0 0 -1 0 0 -1 0 0 -1 0 0 -1 0 0 -1 0 0 -1 0 0 -1 0 -0 -1 0 0 -1 0 0 -1 0 -0 -1 0 0 -1 0 0 -1 0 0 -1 0 0 -1 0 0 -1 0 0 -1 0 0 -1 0 0 -1 0 0 -1 0 0 -1 0 0 -1 0 0 -1 0 -0 -1 0 0 -1 0 0 -1 0 0 -1 0 -0 -1 0 0 -1 0 -0 -1 0 0 -1 0 0 -1 0 -0 -1 0 0 -1 0 0 -1 0 0 -1 0 -0 -1 0 0 -1 0 0 -1 0 -0 -1 0 0 -1 0 0 -1 0 0 -1 0 0 -1 0 0 -1 0 0 -1 0 -0 -1 0 0 -1 0 0 -1 0 0 -1 0 -0 -1 0 0 -1 0 0 -1 0 0 -1 0 0 -1 0 -0 -1 0 0 -1 0 0 -1 0 -0 -1 0 0 -1 0 0 -1 0 0 -1 0 0 -1 0 0 -1 0 -0 -1 0 -0 -1 0 0 -1 0 -0 -1 0 0 -1 0 0 -1 0 0 -1 0 0 -1 0 -0 -1 0 0 -1 0 0 -1 0 0 -1 0 -0 -1 0 0 -1 0 0 -1 0 -0 -1 0 0 -1 0 0 -1 0 0 -1 0 -0 -1 0 0 -1 0 0 -1 0 0 -1 0 0 -1 0 0 -1 0 0 -1 0 0 -1 0 0 -1 0 0 -1 0 0 -1 0 0 -1 0 0 -1 0 -0 -1 0 0 -1 0 0 -1 0 0 -1 0 -0 -1 0 0 -1 0 -0 -1 0 0 -1 0 0 -1 0 -0 -1 0 0 -1 0 0 -1 0 0 -1 0 -0 -1 0 0 -1 0 0 -1 0 -0 -1 0 0 -1 0 0 -1 0 0 -1 0 0 -1 0 0 -1 0 0 -1 0 -0 -1 0 0 -1 0 0 -1 0 0 -1 0 -0 -1 0 0 -1 0 0 -1 0 0 -1 0 0 -1 0 -0 -1 0 0 -1 0 0 -1 0 -0 -1 0 0 -1 0 0 -1 0 0 -1 0 0 -1 0 -0 -1 0 -0 -1 0 0 -1 0 -0 -1 0 0 -1 0 0 -1 0 0 -1 0 0 -1 0 0 -1 0 -0 -1 0 0 -1 0 0 -1 0 0 -1 0 -0 -1 0 0 -1 0 0 -1 0 -0 -1 0 0 -1 0 0 -1 0 -0 -1 0 0 -1 0 0 -1 0 0 -1 0 0 -1 0 0 -1 0 0 -1 0 0 -1 0 0 -1 0 0 -1 0 0 -1 0 0 -1 0 0 -1 0 0 -1 0 -0 -1 0 0 -1 0 0 -1 0 0 -1 0 -0 -1 0 0 -1 0 -0 -1 0 0 -1 0 0 -1 0 -0 -1 0 0 -1 0 0 -1 0 0 -1 0 -0 -1 0 0 -1 0 0 -1 0 -0 -1 0 0 -1 0 0 -1 0 0 -1 0 0 -1 0 0 -1 0 0 -1 0 -0 -1 0 0 -1 0 0 -1 0 0 -1 0 0 -1 0 -0 -1 0 0 -1 0 0 -1 0 0 -1 0 -0 -1 0 0 -1 0 0 -1 0 -0 -1 0 0 -1 0 0 -1 0 0 -1 0 0 -1 0 -0 -1 0 -0 -1 0 0 -1 0 -0 -1 0 0 -1 0 0 -1 0 0 -1 0 0 -1 0 0 -1 0 -0 -1 0 0 -1 0 0 -1 0 0 -1 0 -0 -1 0 0 -1 0 0 -1 0 -0 -1 0 0 -1 0 0 -1 0 -0 -1 0 0 -1 0 0 -1 0 -0 -1 0 0 -1 0 0 -1 0 0 -1 0 0 -1 0 -0 -1 0 0 -1 0 0 -1 0 0 -1 0 0 -1 0 0 -1 0 0 -1 0 0 -1 0 -0 -1 0 0 -1 0 0 -1 0 0 -1 0 0 -1 0 0 -1 0 -0 -1 0 0 -1 0 0 -1 0 -0 -1 0 0 -1 0 -0 -1 0 0 -1 0 0 -1 0 0 -1 0 0 -1 0 -0 -1 0 0 -1 0 0 -1 0 0 -1 0 0 -1 0 0 -1 0 0 -1 0 0 -1 0 0 -1 0 -0 -1 0 0 -1 0 0 -1 0 -0 -1 0 0 -1 0 -0 -1 0 0 -1 0 0 -1 0 0 -1 0 0 -1 0 0 -1 0 -0 -1 0 0 -1 0 -0 -1 0 0 -1 0 0 -1 0 0 -1 0 0 -1 0 0 -1 0 0 -1 0 0 -1 0 0 -1 0 0 -1 0 0 -1 0 0 -1 0 0 -1 0 0 -1 0 0 -1 0 0 -1 0 0 -1 0 0 -1 0 -0 -1 0 0 -1 0 0 -1 0 -0 -1 0 -0 -1 0 0 -1 0 0 -1 0 0 -1 0 0 -1 0 -0 -1 0 0 -1 0 0 -1 0 -0 -1 0 0 -1 0 0 -1 0 -0 -1 0 0 -1 0 0 -1 0 0 -1 0 -0 -1 0 0 -1 0 0 -1 0 0 -1 0 0 -1 0 -0 -1 0 0 -1 0 0 -1 0 0 -1 0 0 -1 0 -0 -1 0 0 -1 0 -0 -1 0 0 -1 0 0 -1 0 0 -1 0 0 -1 0 0 -1 0 0 -1 0 0 -1 0 0 -1 0 -0 -1 0 0 -1 0 0 -1 0 0 -1 0 0 -1 0 0 -1 0 0 -1 0 0 -1 0 -0 -1 0 0 -1 0 0 -1 0 -0 -1 0 0 -1 0 -0 -1 0 0 -1 0 0 -1 0 0 -1 0 0 -1 0 0 -1 0 -0 -1 0 0 -1 0 -0 -1 0 0 -1 0 0 -1 0 0 -1 0 0 -1 0 0 -1 0 0 -1 0 0 -1 0 0 -1 0 0 -1 0 0 -1 0 0 -1 0 0 -1 0 0 -1 0 0 -1 0 0 -1 0 0 -1 0 0 -1 0 -0 -1 0 0 -1 0 -0 -1 0 0 -1 0 0 -1 0 -0 -1 0 0 -1 0 0 -1 0 -0 -1 0 0 -1 0 0 -1 0 0 -1 0 0 -1 0 -0 -1 0 0 -1 0 -0 -1 0 0 -1 0 0 -1 0 0 -1 0 0 -1 0 0 -1 0 0 -1 0 -0 -1 0 0 -1 0 0 -1 0 0 -1 0 0 -1 0 0 -1 0 0 -1 0 -0 -1 0 0 -1 0 0 -1 0 0 -1 0 0 -1 0 0 -1 0 0 -1 0 0 -1 0 0 -1 0 0 -1 0 0 -1 0 -0 -1 0 0 -1 0 0 -1 0 0 -1 0 0 -1 0 0 -1 0 0 -1 0 0 -1 0 -0 -1 0 0 -1 0 0 -1 0 -0 -1 0 0 -1 0 0 -1 0 0 -1 0 0 -1 0 0 -1 0 0 -1 0 -0 -1 0 0 -1 0 0 -1 0 0 -1 0 -0 -1 0 -0 -1 0 0 -1 0 0 -1 0 0 -1 0 0 -1 0 0 -1 0 0 -1 0 0 -1 0 0 -1 0 0 -1 0 0 -1 0 0 -1 0 -0 -1 0 0 -1 0 0 -1 0 -0 -1 0 0 -1 0 0 -1 0 0 -1 0 0 -1 0 0 -1 0 0 -1 0 0 -1 0 -0 -1 0 0 -1 0 -0 -1 0 0 -1 0 0 -1 0 -0 -1 0 0 -1 0 0 -1 0 0 -1 0 0 -1 0 0 -1 0 -0 -1 0 -0 -1 0 0 -1 0 0 -1 0 -0 -1 0 0 -1 0 0 -1 0 0 -1 0 0 -1 0 0 -1 0 -0 -1 0 0 -1 0 0 -1 0 0 -1 0 0 -1 0 0 -1 0 0 -1 0 -0 -1 0 0 -1 0 -0 -1 0 0 -1 0 0 -1 0 0 -1 0 0 -1 0 0 -1 0 0 -1 0 0 -1 0 -0 -1 0 0 -1 0 0 -1 0 0 -1 0 -0 -1 0 0 -1 0 0 -1 0 0 -1 0 0 -1 0 -0 -1 -0 0 -1 0 0 -1 0 0 -1 0 0 -1 0 0 -1 0 0 -1 0 0 -1 0 0 -1 0 0 -1 0 -0 -1 0 0 -1 0 0 -1 0 -0 -1 0 0 -1 0 -0 -1 0 0 -1 0 0 -1 0 0 -1 0 0 -1 0 -0 -1 0 0 -1 0 0 -1 0 -0 -1 0 0 -1 0 0 -1 0 0 -1 0 0 -1 0 0 -1 0 0 -1 0 0 -1 0 0 -1 0 0 -1 0 0 -1 0 0 -1 0 0 -1 0 0 -1 0 0 -1 0 0 -1 0 0 -1 0 0 -1 0 -0 -1 0 0 -1 0 0 -1 0 -0 -1 0 -0 -1 0 0 -1 0 -0 -1 0 0 -1 0 0 -1 0 -0 -1 0 0 -1 0 0 -1 0 0 -1 0 -0 -1 0 0 -1 0 -0 -1 0 0 -1 0 0 -1 0 0 -1 0 0 -1 0 0 -1 0 -0 -1 0 0 -1 0 0 -1 0 0 -1 0 0 -1 0 0 -1 0 0 -1 0 0 -1 0 0 -1 0 0 -1 0 0 -1 0 -0 -1 0 0 -1 0 0 -1 0 0 -1 0 0 -1 0 0 -1 0 0 -1 0 0 -1 0 -0 -1 0 0 -1 0 0 -1 0 -0 -1 0 0 -1 0 0 -1 0 0 -1 0 0 -1 0 0 -1 0 -0 -1 0 0 -1 0 0 -1 0 0 -1 0 0 -1 0 -0 -1 0 -0 -1 0 0 -1 0 0 -1 0 0 -1 0 0 -1 0 0 -1 0 0 -1 0 0 -1 0 0 -1 0 0 -1 0 0 -1 0 -0 -1 0 0 -1 0 0 -1 0 0 -1 0 0 -1 0 0 -1 0 0 -1 0 -0 -1 0 0 -1 0 0 -1 0 0 -1 0 0 -1 0 0 -1 0 -0 -1 0 -0 -1 0 0 -1 0 0 -1 0 -0 -1 0 0 -1 0 0 -1 0 0 -1 0 0 -1 0 -0 -1 0 0 -1 0 0 -1 0 -0 -1 0 0 -1 0 -0 -1 0 0 -1 0 0 -1 0 0 -1 0 0 -1 0 0 -1 0 -0 -1 0 0 -1 0 0 -1 0 0 -1 0 0 -1 0 0 -1 0 -0 -1 0 0 -1 0 -0 -1 0 0 -1 0 0 -1 0 0 -1 0 0 -1 0 0 -1 0 0 -1 0 0 -1 0 0 -1 0 0 -1 0 0 -1 0 0 -1 0 -0 -1 0 0 -1 0 -0 -1 0 0 -1 0 0 -1 0 -0 -1 0 0 -1 0 0 -1 0 -0 -1 0 0 -1 0 0 -1 0 -0 -1 0 0 -1 0 0 -1 0 0 -1 0 0 -1 0 -0 -1 0 0 -1 0 0 -1 0 0 -1 0 0 -1 0 -0 -1 0 0 -1 0 0 -1 0 0 -1 0 0 -1 0 0 -1 0 -0 -1 0 0 -1 0 0 -1 0 0 -1 0 0 -1 0 -0 -1 0 0 -1 0 0 -1 0 -0 -1 0 0 -1 0 0 -1 0 0 -1 0 -0 -1 0 0 -1 0 0 -1 0 0 -1 0 0 -1 0 0 -1 0 -0 -1 0 -0 -1 0 0 -1 0 -0 -1 0 0 -1 0 0 -1 0 0 -1 0 0 -1 0 0 -1 0 -0 -1 0 0 -1 0 0 -1 0 -0 -1 0 0 -1 0 -0 -1 0 0 -1 0 0 -1 0 0 -1 0 -0 -1 0 0 -1 0 0 -1 0 0 -1 0 0 -1 0 0 -1 0 0 -1 0 0 -1 0 -0 -1 0 -0 -1 0 0 -1 0 0 -1 0 0 -1 0 0 -1 0 0 -1 0 0 -1 0 0 -1 0 0 -1 0 0 -1 0 0 -1 0 0 -1 0 0 -1 0 -0 -1 0 0 -1 0 0 -1 0 0 -1 0 -0 -1 0 0 -1 0 -0 -1 0 0 -1 0 0 -1 0 -0 -1 0 0 -1 0 0 -1 0 0 -1 0 -0 -1 0 0 -1 0 0 -1 0 -0 -1 0 0 -1 0 0 -1 0 0 -1 0 0 -1 0 0 -1 0 0 -1 0 -0 -1 0 0 -1 0 0 -1 0 0 -1 0 0 -1 0 -0 -1 0 0 -1 0 0 -1 0 0 -1 0 -0 -1 0 0 -1 0 0 -1 0 -0 -1 0 0 -1 0 0 -1 0 0 -1 0 0 -1 0 -0 -1 0 0 -1 0 -0 -1 0 0 -1 0 -0 -1 0 0 -1 0 0 -1 0 0 -1 0 0 -1 0 -0 -1 0 0 -1 0 0 -1 0 0 -1 0 -0 -1 0 -0 -1 0 0 -1 0 0 -1 0 0 -1 0 0 -1 0 -0 -1 0 0 -1 0 0 -1 0 0 -1 0 -0 -1 0 0 -1 0 0 -1 0 0 -1 0 0 -1 0 0 -1 0 0 -1 0 0 -1 0 0 -1 0 0 -1 0 -0 -1 0 0 -1 0 0 -1 0 0 -1 0 -0 -1 0 0 -1 0 0 -1 0 0 -1 0 0 -1 0 0 -1 0 0 -1 0 -0 -1 0 -0 -1 0 0 -1 0 0 -1 0 0 -1 0 0 -1 0 0 -1 0 0 -1 0 0 -1 0 -0 -1 0 0 -1 0 0 -1 0 -0 -1 0 0 -1 0 -0 -1 0 0 -1 0 0 -1 0 0 -1 0 0 -1 0 -0 -1 0 0 -1 0 0 -1 0 -0 -1 0 0 -1 0 0 -1 0 0 -1 0 0 -1 0 0 -1 0 0 -1 0 0 -1 0 0 -1 0 0 -1 0 0 -1 0 0 -1 0 0 -1 0 0 -1 0 0 -1 0 0 -1 0 0 -1 0 0 -1 0 -0 -1 0 0 -1 0 0 -1 0 -0 -1 0 -0 -1 0 -0 -1 0 0 -1 0 0 -1 0 0 -1 0 0 -1 0 -0 -1 0 0 -1 0 -0 -1 0 0 -1 0 0 -1 0 -0 -1 0 0 -1 0 0 -1 0 0 -1 0 0 -1 0 0 -1 0 0 -1 0 0 -1 0 0 -1 0 0 -1 0 0 -1 0 0 -1 0 0 -1 0 -0 -1 0 0 -1 0 -0 -1 0 0 -1 0 0 -1 0 -0 -1 0 0 -1 0 -0 -1 0 0 -1 0 -0 -1 0 0 -1 0 0 -1 0 0 -1 0 -0 -1 0 0 -1 0 0 -1 0 -0 -1 0 0 -1 0 0 -1 0 0 -1 0 0 -1 0 0 -1 0 0 -1 0 -0 -1 0 0 -1 0 0 -1 0 0 -1 0 -0 -1 0 0 -1 0 0 -1 0 0 -1 0 0 -1 0 -0 -1 0 0 -1 0 0 -1 0 -0 -1 0 0 -1 0 0 -1 0 0 -1 0 -0 -1 0 0 -1 0 -0 -1 0 0 -1 0 -0 -1 0 0 -1 0 0 -1 0 0 -1 0 0 -1 0 0 -1 0 0 -1 0 -0 -1 0 0 -1 0 0 -1 0 -0 -1 0 0 -1 0 -0 -1 0 0 -1 0 0 -1 0 0 -1 0 -0 -1 0 0 -1 0 0 -1 0 0 -1 0 0 -1 0 0 -1 0 0 -1 0 0 -1 0 0 -1 0 0 -1 0 0 -1 0 0 -1 0 0 -1 0 -0 -1 0 0 -1 0 0 -1 0 0 -1 0 -0 -1 0 0 -1 0 -0 -1 0 0 -1 0 0 -1 0 0 -1 0 0 -1 0 -0 -1 0 0 -1 0 0 -1 0 0 -1 0 -0 -1 0 0 -1 0 -0 -1 0 0 -1 0 0 -1 0 0 -1 0 0 -1 0 0 -1 0 0 -1 0 -0 -1 0 0 -1 0 0 -1 0 0 -1 0 0 -1 0 -0 -1 0 0 -1 0 0 -1 0 0 -1 0 -0 -1 0 0 -1 0 0 -1 0 -0 -1 0 0 -1 0 0 -1 0 0 -1 0 -0 -1 0 0 -1 0 -0 -1 0 0 -1 0 -0 -1 0 0 -1 0 0 -1 0 0 -1 0 0 -1 0 0 -1 0 -0 -1 0 0 -1 0 0 -1 0 0 -1 0 -0 -1 0 0 -1 0 -0 -1 0 0 -1 0 0 -1 0 0 -1 0 -0 -1 0 0 -1 0 0 -1 0 0 -1 0 0 -1 0 0 -1 0 0 -1 0 0 -1 0 0 -1 0 -0 -1 0 0 -1 0 0 -1 0 -0 -1 0 0 -1 0 -0 -1 0 0 -1 0 0 -1 0 0 -1 0 0 -1 0 -0 -1 0 0 -1 0 0 -1 0 -0 -1 0 0 -1 0 0 -1 0 0 -1 0 0 -1 0 0 -1 0 0 -1 0 0 -1 0 0 -1 0 0 -1 0 0 -1 0 0 -1 0 0 -1 0 0 -1 0 0 -1 0 0 -1 0 0 -1 0 0 -1 0 -0 -1 0 0 -1 0 0 -1 0 -0 -1 0 -0 -1 0 0 -1 0 -0 -1 0 0 -1 0 0 -1 0 -0 -1 0 0 -1 0 0 -1 0 0 -1 0 0 -1 0 0 -1 0 -0 -1 0 0 -1 0 0 -1 0 0 -1 0 0 -1 0 0 -1 0 0 -1 0 0 -1 0 -0 -1 0 0 -1 0 0 -1 0 -0 -1 0 0 -1 0 -0 -1 0 0 -1 0 0 -1 0 0 -1 0 0 -1 0 -0 -1 0 0 -1 0 0 -1 0 -0 -1 0 0 -1 0 0 -1 0 0 -1 0 0 -1 0 0 -1 0 0 -1 0 0 -1 0 0 -1 0 0 -1 0 0 -1 0 0 -1 0 0 -1 0 0 -1 0 0 -1 0 0 -1 0 0 -1 0 0 -1 0 -0 -1 0 0 -1 0 0 -1 0 -0 -1 0 0 -1 0 -0 -1 0 0 -1 0 0 -1 0 0 -1 0 -0 -1 0 0 -1 0 0 -1 0 0 -1 0 0 -1 0 0 -1 0 -0 -1 0 0 -1 0 0 -1 0 0 -1 0 0 -1 0 0 -1 0 0 -1 0 0 -1 0 -0 -1 0 0 -1 0 -0 -1 0 0 -1 0 0 -1 0 -0 -1 0 0 -1 0 -0 -1 0 0 -1 0 -0 -1 0 0 -1 0 0 -1 0 0 -1 0 0 -1 0 0 -1 0 0 -1 0 0 -1 0 0 -1 0 0 -1 0 -0 -1 0 0 -1 0 -0 -1 0 0 -1 0 -0 -1 0 -0 -1 0 0 -1 0 0 -1 0 -0 -1 0 0 -1 0 -0 -1 0 0 -1 0 0 -1 0 0 -1 0 0 -1 0 -0 -1 0 0 -1 0 0 -1 0 0 -1 0 0 -1 0 0 -1 0 0 -1 0 0 -1 0 0 -1 0 0 -1 0 0 -1 0 0 -1 0 0 -1 0 -0 -1 0 0 -1 0 0 -1 0 0 -1 0 0 -1 0 -0 -1 0 0 -1 0 0 -1 0 0 -1 0 0 -1 0 0 -1 0 0 -1 0 0 -1 0 0 -1 0 0 -1 0 0 -1 0 0 -1 0 -0 -1 0 0 -1 0 0 -1 0 -0 -1 0 -0 -1 0 0 -1 0 -0 -1 0 0 -1 0 0 -1 0 0 -1 0 0 -1 0 -0 -1 0 0 -1 0 -0 -1 0 -0 -1 0 0 -1 0 0 -1 0 0 -1 0 0 -1 0 -0 -1 0 0 -1 0 0 -1 0 0 -1 0 0 -1 0 0 -1 0 -0 -1 0 0 -1 0 0 -1 0 0 -1 0 -0 -1 0 0 -1 0 0 -1 0 0 -1 0 0 -1 0 -0 -1 0 0 -1 0 0 -1 0 0 -1 0 0 -1 0 -0 -1 0 0 -1 0 -0 -1 0 0 -1 0 0 -1 0 0 -1 0 0 -1 0 0 -1 0 0 -1 0 0 -1 0 -0 -1 0 -0 -1 0 0 -1 0 0 -1 0 -0 -1 0 0 -1 0 -0 -1 0 0 -1 0 -0 -1 0 0 -1 0 -0 -1 0 0 -1 0 0 -1 0 0 -1 0 0 -1 0 0 -1 0 0 -1 0 0 -1 0 0 -1 0 0 -1 0 -0 -1 0 0 -1 0 -0 -1 0 -0 -1 0 0 -1 0 -0 -1 0 -0 -1 0 0 -1 0 -0 -1 0 0 -1 0 -0 -1 0 0 -1 0 0 -1 0 0 -1 0 0 -1 0 -0 -1 0 0 -1 0 0 -1 0 0 -1 0 -0 -1 0 0 -1 0 0 -1 0 0 -1 0 0 -1 0 0 -1 0 0 -1 0 -0 -1 0 -0 -1 0 -0 -1 0 0 -1 0 0 -1 0 -0 -1 0 0 -1 0 -0 -1 0 0 -1 0 0 -1 0 0 -1 0 0 -1 0 -0 -1 0 0 -1 0 0 -1 0 0 -1 0 0 -1 0 0 -1 0 0 -1 0 0 -1 0 0 -1 0 0 -1 0 -0 -1 0 0 -1 0 0 -1 0 0 -1 0 -0 -1 0 0 -1 0 0 -1 0 -0 -1 0 0 -1 0 0 -1 0 0 -1 0 -0 -1 0 0 -1 0 0 -1 0 0 -1 0 0 -1 0 -0 -1 0 0 -1 0 0 -1 0 0 -1 0 0 -1 0 -0 -1 0 0 -1 0 0 -1 0 0 -1 0 0 -1 0 0 -1 0 -0 -1 0 0 -1 0 0 -1 0 0 -1 0 0 -1 0 -0 -1 0 0 -1 0 0 -1 0 -0 -1 0 0 -1 0 0 -1 0 0 -1 0 -0 -1 0 0 -1 0 0 -1 0 0 -1 0 0 -1 0 0 -1 0 -0 -1 0 -0 -1 0 0 -1 0 -0 -1 0 0 -1 0 0 -1 0 0 -1 0 0 -1 0 0 -1 0 -0 -1 0 0 -1 0 0 -1 0 -0 -1 0 0 -1 0 0 -1 0 -0 -1 0 0 -1 0 0 -1 0 -0 -1 0 0 -1 0 0 -1 0 0 -1 0 0 -1 0 0 -1 0 0 -1 0 0 -1 0 -0 -1 0 -0 -1 0 0 -1 0 0 -1 0 0 -1 0 0 -1 0 0 -1 0 0 -1 0 0 -1 0 0 -1 0 -0 -1 0 0 -1 0 0 -1 0 0 -1 0 0 -1 0 0 -1 0 0 -1 0 0 -1 0 -0 -1 0 0 -1 0 0 -1 0 0 -1 0 0 -1 0 0 -1 0 0 -1 0 0 -1 0 -0 -1 0 0 -1 0 0 -1 0 -0 -1 0 0 -1 0 0 -1 0 0 -1 0 0 -1 0 0 -1 0 0 -1 0 0 -1 0 0 -1 0 0 -1 0 0 -1 0 -0 -1 0 0 -1 0 0 -1 0 -0 -1 0 0 -1 0 0 -1 0 0 -1 0 0 -1 0 0 -1 0 0 -1 0 0 -1 0 0 -1 0 -0 -1 0 0 -1 0 0 -1 0 0 -1 0 -0 -1 0 0 -1 0 0 -1 0 0 -1 0 0 -1 0 0 -1 0 -0 -1 0 0 -1 0 0 -1 0 0 -1 0 0 -1 0 -0 -1 0 0 -1 0 0 -1 0 -0 -1 0 0 -1 0 0 -1 0 0 -1 0 0 -1 0 -0 -1 0 -0 -1 0 0 -1 0 0 -1 0 -0 -1 0 0 -1 0 0 -1 0 0 -1 0 0 -1 0 0 -1 0 -0 -1 0 0 -1 0 0 -1 0 0 -1 0 0 -1 0 0 -1 0 0 -1 0 0 -1 0 -0 -1 0 0 -1 0 0 -1 0 0 -1 0 0 -1 0 0 -1 0 0 -1 0 0 -1 0 0 -1 0 -0 -1 0 0 -1 0 0 -1 0 0 -1 0 0 -1 0 0 -1 0 -0 -1 0 0 -1 0 0 -1 0 0 -1 0 0 -1 0 0 -1 0 0 -1 0 0 -1 0 0 -1 0 -0 -1 0 0 -1 0 0 -1 0 0 -1 0 -0 -1 0 0 -1 0 -0 -1 0 0 -1 0 0 -1 0 -0 -1 0 0 -1 0 0 -1 0 0 -1 0 -0 -1 0 0 -1 0 0 -1 0 0 -1 0 -0 -1 0 -0 -1 0 0 -1 0 0 -1 0 0 -1 0 -0 -1 0 0 -1 0 0 -1 0 0 -1 0 0 -1 0 0 -1 0 0 -1 0 0 -1 0 0 -1 0 0 -1 0 0 -1 0 0 -1 0 -0 -1 0 0 -1 0 -0 -1 0 0 -1 0 0 -1 0 0 -1 0 0 -1 0 0 -1 0 -0 -1 0 0 -1 0 0 -1 0 0 -1 0 -0 -1 0 0 -1 0 -0 -1 0 -0 -1 0 0 -1 0 0 -1 0 0 -1 0 -0 -1 0 0 -1 0 0 -1 0 -0 -1 0 -0 -1 0 0 -1 0 0 -1 0 0 -1 0 0 -1 0 0 -1 0 0 -1 0 -0 -1 0 0 -1 0 0 -1 0 0 -1 0 -0 -1 0 0 -1 0 0 -1 0 -0 -1 0 0 -1 0 0 -1 0 -0 -1 0 0 -1 0 0 -1 0 0 -1 0 0 -1 0 0 -1 0 0 -1 0 0 -1 0 -0 -1 0 0 -1 0 0 -1 0 -0 -1 0 0 -1 0 0 -1 0 0 -1 0 0 -1 0 0 -1 0 -0 -1 0 0 -1 0 -0 -1 0 0 -1 0 0 -1 0 0 -1 0 0 -1 0 -0 -1 0 0 -1 0 0 -1 0 0 -1 0 0 -1 0 0 -1 0 -0 -1 0 -0 -1 0 -0 -1 0 0 -1 0 0 -1 0 -0 -1 0 0 -1 0 -0 -1 0 0 -1 0 0 -1 0 0 -1 0 0 -1 0 -0 -1 0 0 -1 0 0 -1 0 0 -1 0 0 -1 0 -0 -1 0 0 -1 0 -0 -1 0 0 -1 0 0 -1 0 -0 -1 0 0 -1 0 0 -1 0 0 -1 0 0 -1 0 -0 -1 0 0 -1 0 -0 -1 0 0 -1 0 0 -1 0 0 -1 0 0 -1 0 0 -1 0 0 -1 0 0 -1 0 0 -1 0 0 -1 0 0 -1 0 0 -1 0 -0 -1 0 0 -1 0 -0 -1 0 0 -1 0 0 -1 0 0 -1 0 0 -1 0 0 -1 0 0 -1 0 -0 -1 0 0 -1 0 -0 -1 0 0 -1 0 0 -1 0 0 -1 0 0 -1 0 0 -1 0 0 -1 0 0 -1 0 0 -1 0 0 -1 0 -0 -1 0 0 -1 0 0 -1 0 0 -1 0 -0 -1 0 0 -1 0 0 -1 0 -0 -1 0 0 -1 0 0 -1 0 -0 -1 0 0 -1 0 0 -1 0 0 -1 0 0 -1 0 -0 -1 0 0 -1 0 0 -1 0 0 -1 0 0 -1 0 0 -1 0 -0 -1 0 0 -1 0 0 -1 0 0 -1 0 0 -1 0 0 -1 0 -0 -1 0 0 -1 0 0 -1 0 0 -1 0 0 -1 0 -0 -1 0 0 -1 0 0 -1 0 -0 -1 0 0 -1 0 0 -1 0 0 -1 0 -0 -1 0 0 -1 0 0 -1 0 0 -1 0 0 -1 0 -0 -1 0 -0 -1 0 0 -1 0 -0 -1 0 0 -1 0 0 -1 0 0 -1 0 0 -1 0 0 -1 0 0 -1 0 -0 -1 0 0 -1 0 0 -1 0 -0 -1 0 0 -1 0 -0 -1 0 0 -1 0 0 -1 0 0 -1 0 -0 -1 0 0 -1 0 0 -1 0 0 -1 0 0 -1 0 -0 -1 0 0 -1 0 0 -1 0 0 -1 0 -0 -1 0 0 -1 0 0 -1 0 0 -1 0 0 -1 0 0 -1 0 0 -1 0 0 -1 0 0 -1 0 -0 -1 0 0 -1 0 0 -1 0 0 -1 0 0 -1 0 0 -1 0 0 -1 0 0 -1 0 -0 -1 0 0 -1 0 0 -1 0 0 -1 0 0 -1 0 0 -1 0 0 -1 0 0 -1 0 -0 -1 0 0 -1 0 0 -1 0 -0 -1 0 0 -1 0 0 -1 0 0 -1 0 0 -1 0 0 -1 0 0 -1 0 0 -1 0 0 -1 0 -0 -1 0 0 -1 0 0 -1 0 0 -1 0 0 -1 0 -0 -1 0 0 -1 0 0 -1 0 0 -1 0 0 -1 0 0 -1 0 0 -1 0 0 -1 0 0 -1 0 -0 -1 0 0 -1 0 0 -1 0 0 -1 0 0 -1 0 0 -1 0 0 -1 0 -0 -1 0 0 -1 0 0 -1 0 0 -1 0 0 -1 0 -0 -1 0 0 -1 0 -0 -1 0 0 -1 0 0 -1 0 0 -1 0 0 -1 0 -0 -1 0 0 -1 0 0 -1 0 0 -1 0 0 -1 0 -0 -1 0 0 -1 0 0 -1 0 0 -1 0 -0 -1 0 0 -1 0 0 -1 0 -0 -1 0 0 -1 0 0 -1 0 0 -1 0 0 -1 0 0 -1 0 0 -1 0 0 -1 0 0 -1 0 -0 -1 0 0 -1 0 0 -1 0 -0 -1 0 0 -1 0 0 -1 0 0 -1 0 0 -1 0 0 -1 0 -0 -1 0 0 -1 0 0 -1 0 0 -1 0 0 -1 0 0 -1 0 0 -1 0 0 -1 0 0 -1 0 0 -1 0 0 -1 0 -0 -1 0 0 -1 0 0 -1 0 0 -1 0 0 -1 0 0 -1 0 0 -1 0 0 -1 0 -0 -1 0 0 -1 0 0 -1 0 -0 -1 0 0 -1 0 0 -1 0 0 -1 0 0 -1 0 0 -1 0 0 -1 0 0 -1 0 0 -1 0 0 -1 0 0 -1 0 -0 -1 0 0 -1 0 -0 -1 0 0 -1 0 0 -1 0 0 -1 0 0 -1 0 0 -1 0 0 -1 0 0 -1 0 0 -1 0 0 -1 0 0 -1 0 -0 -1 0 0 -1 0 0 -1 0 0 -1 0 0 -1 0 0 -1 0 -0 -1 0 0 -1 0 0 -1 0 0 -1 0 -0 -1 0 0 -1 0 -0 -1 0 0 -1 0 0 -1 0 0 -1 0 0 -1 0 0 -1 0 0 -1 0 -0 -1 0 0 -1 0 0 -1 0 0 -1 0 -0 -1 0 0 -1 0 0 -1 0 0 -1 0 -0 -1 0 0 -1 0 0 -1 0 -0 -1 0 0 -1 0 0 -1 0 0 -1 0 0 -1 0 0 -1 0 0 -1 0 0 -1 0 0 -1 0 0 -1 0 0 -1 0 -0 -1 0 0 -1 0 0 -1 0 0 -1 0 0 -1 0 0 -1 0 0 -1 0 0 -1 0 0 -1 0 0 -1 0 0 -1 0 -0 -1 0 0 -1 0 0 -1 0 0 -1 0 -0 -1 0 0 -1 0 0 -1 0 -0 -1 0 0 -1 0 0 -1 0 0 -1 0 0 -1 0 -0 -1 0 0 -1 0 0 -1 0 -0 -1 0 0 -1 0 0 -1 0 0 -1 0 0 -1 0 0 -1 0 -0 -1 0 0 -1 0 0 -1 0 0 -1 0 0 -1 0 0 -1 0 -0 -1 0 0 -1 0 0 -1 0 0 -1 0 0 -1 0 -0 -1 0 0 -1 0 0 -1 0 -0 -1 0 0 -1 0 0 -1 0 0 -1 0 -0 -1 0 0 -1 0 0 -1 0 0 -1 0 0 -1 0 0 -1 0 -0 -1 0 -0 -1 0 0 -1 0 -0 -1 0 0 -1 0 0 -1 0 0 -1 0 0 -1 0 0 -1 0 -0 -1 0 0 -1 0 0 -1 0 -0 -1 0 0 -1 0 0 -1 0 -0 -1 0 0 -1 0 0 -1 0 -0 -1 0 0 -1 0 0 -1 0 0 -1 0 0 -1 0 0 -1 0 0 -1 0 0 -1 0 0 -1 0 -0 -1 0 0 -1 0 0 -1 0 -0 -1 0 0 -1 0 0 -1 0 -0 -1 0 0 -1 0 -0 -1 0 0 -1 0 0 -1 0 -0 -1 0 0 -1 0 -0 -1 0 0 -1 0 -0 -1 0 0 -1 0 0 -1 0 -0 -1 0 0 -1 0 0 -1 0 0 -1 0 0 -1 0 0 -1 0 0 -1 0 -0 -1 0 0 -1 0 -0 -1 0 0 -1 0 -0 -1 0 0 -1 0 -0 -1 0 0 -1 0 -0 -1 0 0 -1 0 0 -1 0 0 -1 0 -0 -1 0 0 -1 0 0 -1 0 -0 -1 0 0 -1 0 -0 -1 0 0 -1 0 0 -1 0 -0 -1 0 0 -1 0 -0 -1 0 0 -1 0 -0 -1 0 0 -1 0 0 -1 0 -0 -1 0 0 -1 0 0 -1 0 0 -1 0 0 -1 0 0 -1 0 0 -1 0 -0 -1 0 0 -1 0 -0 -1 0 0 -1 0 -0 -1 0 0 -1 0 -0 -1 0 0 -1 0 -0 -1 0 0 -1 0 0 -1 0 0 -1 0 0 -1 0 -0 -1 0 0 -1 0 0 -1 0 -0 -1 0 0 -1 0 -0 -1 0 0 -1 0 0 -1 0 0 -1 0 0 -1 0 0 -1 0 0 -1 0 -0 -1 0 0 -1 0 0 -1 0 0 -1 0 0 -1 0 0 -1 0 -0 -1 0 0 -1 0 0 -1 0 0 -1 0 -0 -1 0 0 -1 0 0 -1 0 0 -1 0 0 -1 0 -0 -1 0 -0 -1 0 0 -1 0 0 -1 0 0 -1 0 -0 -1 0 0 -1 0 0 -1 0 -0 -1 0 -0 -1 0 0 -1 0 0 -1 0 0 -1 0 0 -1 0 0 -1 0 0 -1 0 0 -1 0 -0 -1 0 0 -1 0 0 -1 0 0 -1 0 0 -1 0 0 -1 0 0 -1 0 -0 -1 0 0 -1 0 0 -1 0 0 -1 0 -0 -1 0 0 -1 0 0 -1 0 -0 -1 0 0 -1 0 -0 -1 0 -0 -1 0 0 -1 0 0 -1 0 0 -1 0 0 -1 0 -0 -1 0 0 -1 0 -0 -1 0 0 -1 0 0 -1 0 -0 -1 0 0 -1 0 0 -1 0 0 -1 0 0 -1 0 0 -1 0 0 -1 0 0 -1 0 -0 -1 0 0 -1 0 0 -1 0 0 -1 0 0 -1 0 0 -1 0 0 -1 0 0 -1 0 0 -1 0 0 -1 0 0 -1 0 0 -1 0 0 -1 0 -0 -1 0 0 -1 0 0 -1 0 -0 -1 0 0 -1 0 0 -1 0 0 -1 0 -0 -1 0 0 -1 0 0 -1 0 0 -1 0 -0 -1 0 0 -1 0 0 -1 0 -0 -1 0 0 -1 0 0 -1 0 0 -1 0 0 -1 0 -0 -1 0 0 -1 0 0 -1 0 0 -1 0 -0 -1 0 0 -1 0 0 -1 0 0 -1 0 -0 -1 0 0 -1 0 0 -1 0 -0 -1 0 0 -1 0 -0 -1 0 0 -1 0 -0 -1 0 0 -1 0 0 -1 0 0 -1 0 0 -1 0 0 -1 0 -0 -1 0 0 -1 0 -0 -1 0 0 -1 0 0 -1 0 -0 -1 0 -0 -1 0 0 -1 0 0 -1 0 0 -1 0 0 -1 0 0 -1 0 0 -1 0 -0 -1 0 0 -1 0 0 -1 0 0 -1 0 0 -1 0 0 -1 0 0 -1 0 0 -1 0 0 -1 0 0 -1 0 0 -1 0 0 -1 0 0 -1 0 -0 -1 0 0 -1 0 0 -1 0 -0 -1 0 0 -1 0 0 -1 0 0 -1 0 -0 -1 0 0 -1 0 0 -1 0 0 -1 0 -0 -1 0 0 -1 0 0 -1 0 0 -1 0 -0 -1 0 0 -1 0 0 -1 0 0 -1 0 -0 -1 0 0 -1 0 0 -1 0 0 -1 0 -0 -1 0 0 -1 0 0 -1 0 0 -1 0 -0 -1 0 0 -1 0 0 -1 0 -0 -1 0 0 -1 0 -0 -1 0 0 -1 0 -0 -1 0 0 -1 0 0 -1 0 -0 -1 0 0 -1 0 0 -1 0 0 -1 0 0 -1 0 0 -1 0 0 -1 0 0 -1 0 -0 -1 0 0 -1 0 0 -1 0 0 -1 0 -0 -1 0 0 -1 0 0 -1 0 -0 -1 0 0 -1 0 -0 -1 0 0 -1 0 0 -1 0 0 -1 0 0 -1 0 0 -1 0 0 -1 0 0 -1 0 -0 -1 0 0 -1 0 0 -1 0 -0 -1 0 0 -1 0 0 -1 0 0 -1 0 0 -1 0 0 -1 0 0 -1 0 0 -1 0 -0 -1 0 -0 -1 0 0 -1 0 0 -1 0 0 -1 0 0 -1 0 0 -1 0 0 -1 0 0 -1 0 0 -1 0 0 -1 0 0 -1 0 0 -1 0 0 -1 0 0 -1 0 0 -1 0 0 -1 0 0 -1 0 -0 -1 0 0 -1 0 0 -1 0 0 -1 0 0 -1 0 0 -1 0 -0 -1 0 0 -1 0 0 -1 0 0 -1 0 0 -1 0 0 -1 0 -0 -1 0 0 -1 0 0 -1 0 0 -1 0 0 -1 0 0 -1 0 0 -1 0 -0 -1 0 -0 -1 0 0 -1 0 0 -1 0 -0 -1 0 0 -1 0 -0 -1 0 0 -1 0 0 -1 0 -0 -1 0 0 -1 0 0 -1 0 0 -1 0 -0 -1 0 0 -1 0 -0 -1 0 0 -1 0 0 -1 0 0 -1 0 -0 -1 0 -0 -1 0 0 -1 0 0 -1 0 0 -1 0 0 -1 0 0 -1 0 0 -1 0 -0 -1 0 0 -1 0 -0 -1 0 0 -1 0 -0 -1 0 0 -1 0 -0 -1 0 0 -1 0 0 -1 0 -0 -1 0 0 -1 0 0 -1 0 0 -1 0 0 -1 0 -0 -1 0 0 -1 0 0 -1 0 0 -1 0 0 -1 0 -0 -1 0 0 -1 0 0 -1 0 -0 -1 0 0 -1 0 0 -1 0 -0 -1 0 0 -1 0 0 -1 0 0 -1 0 -0 -1 0 0 -1 0 -0 -1 0 0 -1 0 -0 -1 0 -0 -1 0 0 -1 0 0 -1 0 0 -1 0 0 -1 0 -0 -1 0 0 -1 0 -0 -1 0 0 -1 0 0 -1 0 -0 -1 0 0 -1 0 0 -1 0 0 -1 0 0 -1 0 0 -1 0 0 -1 0 0 -1 0 0 -1 0 -0 -1 0 0 -1 0 0 -1 0 -0 -1 0 0 -1 0 0 -1 0 -0 -1 0 0 -1 0 0 -1 0 0 -1 0 0 -1 0 0 -1 0 -0 -1 0 0 -1 0 -0 -1 0 -0 -1 0 0 -1 0 0 -1 0 0 -1 0 0 -1 0 -0 -1 0 -0 -1 0 0 -1 0 0 -1 0 0 -1 0 0 -1 0 0 -1 0 0 -1 0 0 -1 0 0 -1 0 0 -1 0 0 -1 0 -0 -1 0 0 -1 0 0 -1 0 0 -1 0 0 -1 0 0 -1 0 0 -1 0 0 -1 0 -0 -1 0 0 -1 0 -0 -1 0 0 -1 0 0 -1 0 0 -1 0 -0 -1 0 0 -1 0 0 -1 0 0 -1 0 0 -1 0 0 -1 0 0 -1 0 0 -1 0 0 -1 0 0 -1 0 0 -1 0 -0 -1 0 -0 -1 0 0 -1 0 0 -1 0 -0 -1 0 0 -1 0 0 -1 0 0 -1 0 0 -1 0 0 -1 0 0 -1 0 0 -1 0 0 -1 0 0 -1 0 0 -1 0 0 -1 0 0 -1 0 0 -1 0 0 -1 0 -0 -1 0 0 -1 0 0 -1 0 -0 -1 0 0 -1 0 0 -1 0 0 -1 0 -0 -1 0 0 -1 0 0 -1 0 0 -1 0 0 -1 0 -0 -1 0 0 -1 0 -0 -1 0 0 -1 0 0 -1 0 -0 -1 0 -0 -1 0 0 -1 0 0 -1 0 0 -1 0 0 -1 0 0 -1 0 0 -1 0 -0 -1 0 0 -1 0 0 -1 0 0 -1 0 -0 -1 0 0 -1 0 -0 -1 0 0 -1 0 0 -1 0 0 -1 0 0 -1 0 -0 -1 0 0 -1 0 0 -1 0 0 -1 0 0 -1 0 -0 -1 0 0 -1 0 0 -1 0 0 -1 0 -0 -1 0 0 -1 0 0 -1 0 0 -1 0 -0 -1 0 0 -1 0 0 -1 0 0 -1 0 -0 -1 0 0 -1 0 -0 -1 0 -0 -1 0 0 -1 0 0 -1 0 0 -1 0 0 -1 0 0 -1 0 0 -1 0 0 -1 0 0 -1 0 0 -1 0 0 -1 0 0 -1 0 0 -1 0 0 -1 0 0 -1 0 0 -1 0 -0 -1 0 0 -1 0 0 -1 0 -0 -1 0 0 -1 0 0 -1 0 0 -1 0 0 -1 0 0 -1 0 0 -1 0 0 -1 0 0 -1 0 0 -1 0 0 -1 0 0 -1 0 0 -1 0 0 -1 0 0 -1 0 0 -1 0 0 -1 0 0 -1 0 0 -1 0 0 -1 0 0 -1 0 0 -1 0 -0 -1 0 0 -1 0 0 -1 0 0 -1 0 0 -1 0 -0 -1 0 -0 -1 0 0 -1 0 0 -1 0 0 -1 0 0 -1 0 -0 -1 0 0 -1 0 0 -1 0 -0 -1 0 0 -1 0 0 -1 0 0 -1 0 0 -1 0 0 -1 0 0 -1 0 0 -1 0 0 -1 0 0 -1 0 0 -1 0 0 -1 0 -0 -1 0 0 -1 0 0 -1 0 0 -1 0 -0 -1 0 0 -1 0 0 -1 0 0 -1 0 0 -1 0 0 -1 0 0 -1 0 0 -1 0 0 -1 0 0 -1 0 -0 -1 0 0 -1 0 0 -1 0 0 -1 0 0 -1 0 0 -1 0 0 -1 0 0 -1 0 0 -1 0 0 -1 0 0 -1 0 0 -1 0 0 -1 0 0 -1 0 0 -1 0 -0 -1 0 0 -1 0 0 -1 0 0 -1 0 -0 -1 0 0 -1 0 0 -1 0 -0 -1 0 0 -1 0 0 -1 0 0 -1 0 0 -1 0 -0 -1 0 0 -1 0 0 -1 0 0 -1 0 0 -1 0 0 -1 0 0 -1 0 0 -1 0 -0 -1 0 0 -1 0 0 -1 0 0 -1 0 0 -1 0 0 -1 0 0 -1 0 0 -1 0 -0 -1 0 0 -1 0 0 -1 0 0 -1 0 -0 -1 0 0 -1 0 0 -1 0 0 -1 0 0 -1 0 0 -1 0 0 -1 0 0 -1 0 0 -1 0 0 -1 0 0 -1 0 -0 -1 0 0 -1 0 -0 -1 0 0 -1 0 0 -1 0 -0 -1 0 0 -1 0 0 -1 0 -0 -1 0 -0 -1 0 0 -1 0 0 -1 0 0 -1 0 0 -1 0 0 -1 0 -0 -1 0 0 -1 0 -0 -1 0 0 -1 0 0 -1 0 0 -1 0 -0 -1 0 0 -1 0 0 -1 0 0 -1 0 0 -1 0 0 -1 0 0 -1 0 0 -1 0 -0 -1 0 0 -1 0 0 -1 0 -0 -1 0 0 -1 0 0 -1 0 0 -1 0 -0 -1 0 0 -1 0 -0 -1 0 0 -1 0 0 -1 0 0 -1 0 -0 -1 0 -0 -1 0 0 -1 0 0 -1 0 0 -1 0 0 -1 0 0 -1 0 -0 -1 0 0 -1 0 0 -1 0 0 -1 0 -0 -1 0 0 -1 0 0 -1 0 0 -1 0 -0 -1 0 0 -1 0 0 -1 0 -0 -1 0 -0 -1 0 0 -1 0 0 -1 0 0 -1 0 0 -1 0 0 -1 0 0 -1 0 0 -1 0 -0 -1 0 0 -1 0 0 -1 0 0 -1 0 0 -1 0 0 -1 0 0 -1 0 -0 -1 0 0 -1 0 0 -1 0 0 -1 0 -0 -1 0 0 -1 0 0 -1 0 0 -1 0 0 -1 0 -0 -1 0 0 -1 0 0 -1 0 0 -1 0 0 -1 0 0 -1 0 -0 -1 0 0 -1 0 -0 -1 0 0 -1 0 0 -1 0 -0 -1 0 0 -1 0 0 -1 0 0 -1 0 0 -1 0 0 -1 0 0 -1 0 0 -1 0 0 -1 0 0 -1 0 0 -1 0 0 -1 0 0 -1 0 0 -1 0 0 -1 0 0 -1 0 0 -1 0 -0 -1 0 0 -1 0 0 -1 0 -0 -1 0 0 -1 0 0 -1 0 0 -1 0 0 -1 0 0 -1 0 0 -1 0 0 -1 0 -0 -1 0 0 -1 0 0 -1 0 0 -1 0 0 -1 0 0 -1 0 0 -1 0 -0 -1 0 -0 -1 0 0 -1 0 0 -1 0 0 -1 0 -0 -1 0 -0 -1 0 0 -1 0 -0 -1 0 0 -1 0 0 -1 0 0 -1 0 0 -1 0 -0 -1 0 0 -1 0 0 -1 0 -0 -1 0 -0 -1 0 0 -1 0 -0 -1 0 0 -1 0 0 -1 0 0 -1 0 0 -1 0 0 -1 0 0 -1 0 0 -1 0 0 -1 0 0 -1 0 0 -1 0 0 -1 0 0 -1 0 0 -1 0 0 -1 0 -0 -1 0 0 -1 0 0 -1 0 0 -1 0 0 -1 0 -0 -1 0 0 -1 0 0 -1 0 -0 -1 0 0 -1 0 0 -1 0 0 -1 0 -0 -1 0 0 -1 0 0 -1 0 0 -1 0 0 -1 0 0 -1 0 0 -1 0 -0 -1 0 0 -1 0 -0 -1 0 0 -1 0 0 -1 0 -0 -1 0 -0 -1 0 0 -1 0 0 -1 0 0 -1 0 0 -1 0 0 -1 0 0 -1 0 -0 -1 0 0 -1 0 0 -1 0 0 -1 0 0 -1 0 0 -1 0 0 -1 0 0 -1 0 0 -1 0 0 -1 0 0 -1 0 0 -1 0 0 -1 0 -0 -1 0 0 -1 0 0 -1 0 -0 -1 0 0 -1 0 0 -1 0 0 -1 0 -0 -1 0 0 -1 0 0 -1 0 0 -1 0 -0 -1 0 0 -1 0 0 -1 0 -0 -1 0 0 -1 0 0 -1 0 0 -1 0 -0 -1 0 0 -1 0 0 -1 0 0 -1 0 0 -1 0 -0 -1 0 0 -1 0 0 -1 0 0 -1 0 -0 -1 0 0 -1 0 -0 -1 0 0 -1 0 0 -1 0 -0 -1 0 0 -1 0 -0 -1 0 0 -1 0 0 -1 0 0 -1 0 0 -1 0 0 -1 0 0 -1 0 0 -1 0 0 -1 0 0 -1 0 0 -1 0 0 -1 0 0 -1 0 0 -1 0 0 -1 0 0 -1 0 -0 -1 0 0 -1 0 0 -1 0 0 -1 0 0 -1 0 -0 -1 0 0 -1 0 0 -1 0 0 -1 0 0 -1 0 -0 -1 0 0 -1 0 0 -1 0 0 -1 0 0 -1 0 -0 -1 0 0 -1 0 0 -1 0 0 -1 0 0 -1 0 -0 -1 0 0 -1 0 0 -1 0 0 -1 0 0 -1 0 -0 -1 0 0 -1 0 0 -1 0 -0 -1 0 0 -1 0 0 -1 0 -0 -1 0 -0 -1 0 0 -1 0 0 -1 0 0 -1 0 0 -1 0 0 -1 0 0 -1 0 -0 -1 0 0 -1 0 0 -1 0 0 -1 0 -0 -1 0 0 -1 0 -0 -1 0 0 -1 0 0 -1 0 0 -1 0 0 -1 0 0 -1 0 -0 -1 0 0 -1 0 0 -1 0 0 -1 0 0 -1 0 -0 -1 0 -0 -1 0 0 -1 0 -0 -1 0 0 -1 0 0 -1 0 0 -1 0 0 -1 0 0 -1 0 -0 -1 0 0 -1 0 0 -1 0 0 -1 0 0 -1 0 0 -1 0 0 -1 0 0 -1 0 -0 -1 0 0 -1 0 -0 -1 0 0 -1 0 0 -1 0 0 -1 0 0 -1 0 -0 -1 0 0 -1 0 0 -1 0 0 -1 0 0 -1 0 0 -1 0 -0 -1 0 -0 -1 0 0 -1 0 -0 -1 0 0 -1 0 0 -1 0 0 -1 0 0 -1 0 -0 -1 0 0 -1 0 0 -1 0 0 -1 0 0 -1 0 0 -1 0 0 -1 0 0 -1 0 0 -1 0 0 -1 0 0 -1 0 0 -1 0 0 -1 0 0 -1 0 0 -1 0 0 -1 0 0 -1 0 0 -1 0 0 -1 0 -0 -1 0 0 -1 0 0 -1 0 0 -1 0 0 -1 0 0 -1 0 -0 -1 0 0 -1 0 0 -1 0 -0 -1 0 0 -1 0 -0 -1 0 0 -1 0 0 -1 0 -0 -1 0 0 -1 0 0 -1 0 0 -1 0 0 -1 0 0 -1 0 0 -1 0 0 -1 0 -0 -1 0 -0 -1 0 0 -1 0 0 -1 0 -0 -1 0 0 -1 0 0 -1 0 -0 -1 0 0 -1 0 0 -1 0 -0 -1 0 -0 -1 0 0 -1 0 0 -1 0 0 -1 0 0 -1 0 -0 -1 0 0 -1 0 -0 -1 0 0 -1 0 0 -1 0 -0 -1 0 -0 -1 0 0 -1 0 0 -1 0 0 -1 0 0 -1 0 0 -1 0 0 -1 0 0 -1 0 0 -1 0 0 -1 0 0 -1 0 0 -1 0 0 -1 0 0 -1 0 0 -1 0 0 -1 0 -0 -1 0 0 -1 0 0 -1 0 -0 -1 0 0 -1 0 0 -1 0 0 -1 0 0 -1 0 0 -1 0 0 -1 0 0 -1 0 -0 -1 0 0 -1 0 0 -1 0 0 -1 0 0 -1 0 0 -1 0 0 -1 0 -0 -1 0 -0 -1 0 0 -1 0 0 -1 0 0 -1 0 -0 -1 0 -0 -1 0 0 -1 0 0 -1 0 -0 -1 0 0 -1 0 0 -1 0 -0 -1 0 0 -1 0 0 -1 0 0 -1 0 -0 -1 0 -0 -1 0 0 -1 0 -0 -1 0 0 -1 0 0 -1 0 0 -1 0 0 -1 0 0 -1 0 0 -1 0 0 -1 0 0 -1 0 0 -1 0 0 -1 0 -0 -1 0 0 -1 0 0 -1 0 0 -1 0 0 -1 0 0 -1 0 -0 -1 0 0 -1 0 -0 -1 0 0 -1 0 0 -1 0 0 -1 0 0 -1 0 0 -1 0 -0 -1 0 0 -1 0 -0 -1 0 0 -1 0 0 -1 0 -0 -1 0 0 -1 0 0 -1 0 -0 -1 0 0 -1 0 0 -1 0 -0 -1 0 0 -1 0 0 -1 0 0 -1 0 0 -1 0 0 -1 0 0 -1 0 0 -1 0 0 -1 0 0 -1 0 0 -1 0 0 -1 0 0 -1 0 -0 -1 0 0 -1 0 0 -1 0 0 -1 0 0 -1 0 0 -1 0 0 -1 0 0 -1 0 -0 -1 0 -0 -1 0 -0 -1 0 0 -1 0 0 -1 0 0 -1 0 -0 -1 0 0 -1 0 0 -1 0 -0 -1 0 -0 -1 0 0 -1 0 0 -1 0 -0 -1 0 0 -1 0 -0 -1 0 0 -1 0 0 -1 0 0 -1 0 0 -1 0 0 -1 0 0 -1 0 0 -1 0 0 -1 0 0 -1 0 0 -1 0 -0 -1 0 0 -1 0 0 -1 0 0 -1 0 0 -1 0 0 -1 0 -0 -1 0 0 -1 0 0 -1 0 0 -1 0 0 -1 0 0 -1 0 0 -1 0 -0 -1 0 0 -1 0 0 -1 0 0 -1 0 0 -1 0 0 -1 0 0 -1 0 0 -1 0 0 -1 0 -0 -1 0 0 -1 0 -0 -1 0 -0 -1 0 0 -1 0 0 -1 0 0 -1 0 0 -1 0 -0 -1 0 -0 -1 0 0 -1 0 0 -1 0 0 -1 0 0 -1 0 0 -1 0 0 -1 0 0 -1 0 0 -1 0 0 -1 0 0 -1 0 0 -1 0 0 -1 0 0 -1 0 -0 -1 0 0 -1 0 0 -1 0 -0 -1 0 0 -1 0 0 -1 0 0 -1 0 -0 -1 0 -0 -1 0 0 -1 0 0 -1 0 0 -1 0 -0 -1 0 0 -1 0 0 -1 0 0 -1 0 0 -1 0 0 -1 0 0 -1 0 0 -1 0 -0 -1 0 0 -1 0 0 -1 0 0 -1 0 0 -1 0 0 -1 0 0 -1 0 0 -1 0 -0 -1 0 0 -1 0 0 -1 0 0 -1 0 -0 -1 0 0 -1 0 0 -1 0 0 -1 0 0 -1 0 0 -1 0 0 -1 0 0 -1 0 0 -1 0 -0 -1 0 0 -1 0 0 -1 0 -0 -1 0 0 -1 0 0 -1 0 -0 -1 0 0 -1 0 0 -1 0 0 -1 0 0 -1 0 0 -1 0 0 -1 0 0 -1 0 -0 -1 0 0 -1 0 0 -1 0 0 -1 0 0 -1 0 -0 -1 0 0 -1 0 0 -1 0 0 -1 0 0 -1 0 0 -1 0 0 -1 0 -0 -1 0 0 -1 0 0 -1 0 0 -1 0 0 -1 0 0 -1 0 0 -1 0 0 -1 0 0 -1 0 -0 -1 0 0 -1 0 0 -1 0 -0 -1 0 0 -1 0 0 -1 0 0 -1 0 0 -1 0 0 -1 0 0 -1 0 0 -1 0 0 -1 0 -0 -1 0 0 -1 0 0 -1 0 0 -1 0 -0 -1 0 0 -1 0 0 -1 0 0 -1 0 0 -1 0 -0 -1 0 0 -1 0 0 -1 0 0 -1 0 -0 -1 0 0 -1 0 0 -1 0 -0 -1 0 0 -1 0 0 -1 0 0 -1 0 0 -1 0 0 -1 0 0 -1 0 0 -1 0 -0 -1 0 -0 -1 0 0 -1 0 0 -1 0 0 -1 0 0 -1 0 0 -1 0 0 -1 0 0 -1 0 -0 -1 0 0 -1 0 0 -1 0 0 -1 0 0 -1 0 -0 -1 0 0 -1 0 0 -1 0 0 -1 0 -0 -1 0 0 -1 0 -0 -1 0 0 -1 0 -0 -1 0 0 -1 0 0 -1 0 0 -1 0 -0 -1 0 0 -1 0 0 -1 0 0 -1 0 0 -1 0 -0 -1 0 0 -1 0 0 -1 0 0 -1 0 0 -1 0 0 -1 0 0 -1 0 0 -1 0 -0 -1 0 0 -1 0 -0 -1 0 0 -1 0 0 -1 0 0 -1 0 0 -1 0 -0 -1 0 0 -1 0 0 -1 0 0 -1 0 0 -1 0 0 -1 0 -0 -1 0 -0 -1 0 0 -1 0 -0 -1 0 0 -1 0 0 -1 0 0 -1 0 0 -1 0 -0 -1 0 0 -1 0 0 -1 0 0 -1 0 0 -1 0 0 -1 0 0 -1 0 0 -1 0 0 -1 0 0 -1 0 0 -1 0 0 -1 0 0 -1 0 0 -1 0 0 -1 0 0 -1 0 0 -1 0 0 -1 0 0 -1 0 -0 -1 0 0 -1 0 0 -1 0 0 -1 0 0 -1 0 0 -1 0 0 -1 0 0 -1 0 0 -1 0 -0 -1 0 0 -1 0 -0 -1 0 0 -1 0 0 -1 0 -0 -1 0 0 -1 0 0 -1 0 0 -1 0 0 -1 0 0 -1 0 0 -1 0 0 -1 0 -0 -1 0 -0 -1 0 0 -1 0 0 -1 0 -0 -1 0 0 -1 0 0 -1 0 -0 -1 0 0 -1 0 0 -1 0 -0 -1 0 0 -1 0 -0 -1 0 0 -1 0 0 -1 0 0 -1 0 0 -1 0 0 -1 0 0 -1 0 0 -1 0 0 -1 0 0 -1 0 0 -1 0 0 -1 0 0 -1 0 0 -1 0 0 -1 0 -0 -1 0 0 -1 0 -0 -1 0 0 -1 0 0 -1 0 0 -1 0 -0 -1 0 0 -1 0 0 -1 0 -0 -1 0 0 -1 0 0 -1 0 -0 -1 0 0 -1 0 0 -1 0 -0 -1 0 0 -1 0 0 -1 0 0 -1 0 0 -1 0 0 -1 0 0 -1 0 0 -1 0 0 -1 0 0 -1 0 0 -1 0 0 -1 0 0 -1 0 -0 -1 0 0 -1 0 0 -1 0 0 -1 0 0 -1 0 0 -1 0 0 -1 0 -0 -1 0 0 -1 0 -0 -1 0 0 -1 0 0 -1 0 -0 -1 0 0 -1 0 -0 -1 0 0 -1 0 0 -1 0 -0 -1 0 -0 -1 0 0 -1 0 -0 -1 0 -0 -1 0 0 -1 0 0 -1 0 0 -1 0 0 -1 0 0 -1 0 0 -1 0 0 -1 0 0 -1 0 0 -1 0 0 -1 0 0 -1 0 0 -1 0 -0 -1 0 0 -1 0 0 -1 0 0 -1 0 -0 -1 0 0 -1 0 0 -1 0 0 -1 0 0 -1 0 0 -1 0 0 -1 0 0 -1 0 -0 -1 0 0 -1 0 0 -1 0 -0 -1 0 0 -1 0 0 -1 0 0 -1 0 0 -1 0 0 -1 0 0 -1 0 0 -1 0 -0 -1 0 0 -1 0 0 -1 0 0 -1 0 -0 -1 0 0 -1 0 0 -1 0 0 -1 0 0 -1 0 -0 -1 0 0 -1 0 0 -1 0 0 -1 0 -0 -1 0 0 -1 0 0 -1 0 -0 -1 0 -0 -1 0 0 -1 0 0 -1 0 0 -1 0 0 -1 0 0 -1 0 0 -1 0 0 -1 0 -0 -1 0 -0 -1 0 0 -1 0 -0 -1 0 0 -1 0 -0 -1 0 0 -1 0 0 -1 0 0 -1 0 0 -1 0 0 -1 0 0 -1 0 0 -1 0 0 -1 0 0 -1 0 0 -1 0 0 -1 0 0 -1 0 -0 -1 0 0 -1 0 -0 -1 0 0 -1 0 0 -1 0 0 -1 0 0 -1 0 0 -1 0 -0 -1 0 0 -1 0 0 -1 0 0 -1 0 0 -1 0 0 -1 0 0 -1 0 0 -1 0 0 -1 0 0 -1 0 0 -1 0 0 -1 0 0 -1 0 -0 -1 0 0 -1 0 0 -1 0 -0 -1 0 0 -1 0 0 -1 0 0 -1 0 -0 -1 0 0 -1 0 0 -1 0 0 -1 0 -0 -1 0 0 -1 0 0 -1 0 0 -1 0 -0 -1 0 0 -1 0 0 -1 0 0 -1 0 -0 -1 0 0 -1 0 0 -1 0 0 -1 0 -0 -1 0 0 -1 0 0 -1 0 0 -1 0 -0 -1 0 0 -1 0 0 -1 0 -0 -1 0 0 -1 0 -0 -1 0 0 -1 0 -0 -1 0 0 -1 0 0 -1 0 0 -1 0 0 -1 0 0 -1 0 0 -1 0 0 -1 0 -0 -1 0 0 -1 0 0 -1 0 0 -1 0 0 -1 0 0 -1 0 0 -1 0 0 -1 0 -0 -1 0 -0 -1 0 0 -1 0 0 -1 0 0 -1 0 0 -1 0 0 -1 0 -0 -1 0 0 -1 0 0 -1 0 -0 -1 0 0 -1 0 0 -1 0 0 -1 0 0 -1 0 0 -1 0 0 -1 0 0 -1 0 -0 -1 0 0 -1 0 0 -1 0 0 -1 0 0 -1 0 -0 -1 0 0 -1 0 0 -1 0 0 -1 0 0 -1 0 0 -1 0 -0 -1 0 0 -1 0 0 -1 0 0 -1 0 -0 -1 0 0 -1 0 -0 -1 0 0 -1 0 0 -1 0 0 -1 0 -0 -1 0 0 -1 0 0 -1 0 0 -1 0 0 -1 0 -0 -1 0 0 -1 0 0 -1 0 0 -1 0 0 -1 0 0 -1 0 0 -1 0 -0 -1 0 0 -1 0 0 -1 0 0 -1 0 -0 -1 0 0 -1 0 0 -1 0 0 -1 0 0 -1 0 -0 -1 0 0 -1 0 0 -1 0 0 -1 0 -0 -1 0 0 -1 0 0 -1 0 -0 -1 0 -0 -1 0 0 -1 0 0 -1 0 0 -1 0 0 -1 0 0 -1 0 0 -1 0 0 -1 0 -0 -1 0 0 -1 0 0 -1 0 0 -1 0 -0 -1 0 0 -1 0 0 -1 0 0 -1 0 -0 -1 0 0 -1 0 0 -1 0 0 -1 0 -0 -1 0 -0 -1 0 -0 -1 0 0 -1 0 0 -1 0 0 -1 0 0 -1 0 -0 -1 0 0 -1 0 0 -1 0 -0 -1 0 0 -1 0 0 -1 0 0 -1 0 0 -1 0 0 -1 0 -0 -1 0 0 -1 0 0 -1 0 0 -1 0 0 -1 0 0 -1 0 -0 -1 0 0 -1 0 0 -1 0 0 -1 0 0 -1 0 0 -1 0 -0 -1 0 0 -1 0 0 -1 0 0 -1 0 0 -1 0 -0 -1 0 0 -1 0 0 -1 0 0 -1 0 0 -1 0 -0 -1 0 0 -1 0 0 -1 0 0 -1 0 0 -1 0 -0 -1 0 0 -1 0 -0 -1 0 0 -1 0 0 -1 0 0 -1 0 0 -1 0 0 -1 0 0 -1 0 -0 -1 0 0 -1 0 0 -1 0 0 -1 0 0 -1 0 -0 -1 0 0 -1 0 0 -1 0 0 -1 0 0 -1 0 0 -1 0 0 -1 0 0 -1 0 0 -1 0 0 -1 0 0 -1 0 0 -1 0 0 -1 0 -0 -1 0 0 -1 0 0 -1 0 -0 -1 0 0 -1 0 0 -1 0 0 -1 0 -0 -1 0 0 -1 0 0 -1 0 0 -1 0 -0 -1 0 0 -1 0 0 -1 0 -0 -1 0 0 -1 0 0 -1 0 0 -1 0 0 -1 0 -0 -1 0 0 -1 0 0 -1 0 0 -1 0 -0 -1 0 0 -1 0 0 -1 0 0 -1 0 -0 -1 0 0 -1 0 0 -1 0 -0 -1 0 0 -1 0 -0 -1 0 0 -1 0 -0 -1 0 0 -1 0 0 -1 0 0 -1 0 0 -1 0 0 -1 0 0 -1 0 0 -1 0 0 -1 0 0 -1 0 0 -1 0 -0 -1 0 0 -1 0 0 -1 0 0 -1 0 0 -1 0 0 -1 0 -0 -1 0 0 -1 0 0 -1 0 0 -1 0 -0 -1 0 0 -1 0 0 -1 0 0 -1 0 0 -1 0 0 -1 0 0 -1 0 0 -1 0 0 -1 0 0 -1 0 0 -1 0 0 -1 0 0 -1 0 0 -1 0 -0 -1 0 0 -1 0 0 -1 0 0 -1 0 0 -1 0 -0 -1 0 0 -1 0 0 -1 0 0 -1 0 0 -1 0 0 -1 0 0 -1 0 0 -1 0 0 -1 0 0 -1 0 0 -1 0 0 -1 0 0 -1 0 0 -1 0 0 -1 0 0 -1 0 0 -1 0 -0 -1 0 0 -1 0 0 -1 0 -0 -1 0 0 -1 0 0 -1 0 0 -1 0 -0 -1 0 0 -1 0 0 -1 0 -0 -1 0 0 -1 0 0 -1 0 0 -1 0 0 -1 0 -0 -1 0 0 -1 0 -0 -1 0 0 -1 0 -0 -1 0 0 -1 0 0 -1 0 0 -1 0 -0 -1 0 0 -1 0 -0 -1 0 0 -1 0 0 -1 0 0 -1 0 0 -1 0 -0 -1 0 0 -1 0 0 -1 0 0 -1 0 0 -1 0 0 -1 0 0 -1 0 0 -1 0 -0 -1 0 -0 -1 0 0 -1 0 0 -1 0 0 -1 0 0 -1 0 0 -1 0 0 -1 0 0 -1 0 -0 -1 0 0 -1 0 0 -1 0 0 -1 0 0 -1 0 -0 -1 0 0 -1 0 0 -1 0 0 -1 0 -0 -1 0 -0 -1 0 0 -1 0 0 -1 0 0 -1 0 -0 -1 0 0 -1 0 0 -1 0 -0 -1 0 0 -1 0 -0 -1 0 0 -1 0 0 -1 0 0 -1 0 0 -1 0 0 -1 0 0 -1 0 -0 -1 0 0 -1 0 0 -1 0 0 -1 0 -0 -1 0 0 -1 0 0 -1 0 0 -1 0 0 -1 0 0 -1 0 0 -1 0 0 -1 0 0 -1 0 0 -1 0 0 -1 0 0 -1 0 0 -1 0 -0 -1 0 0 -1 0 0 -1 0 -0 -1 0 0 -1 0 0 -1 0 0 -1 0 -0 -1 0 0 -1 0 0 -1 0 0 -1 0 -0 -1 0 0 -1 0 0 -1 0 0 -1 0 -0 -1 0 0 -1 0 0 -1 0 0 -1 0 -0 -1 0 0 -1 0 0 -1 0 0 -1 0 -0 -1 0 0 -1 0 0 -1 0 -0 -1 0 0 -1 0 0 -1 0 -0 -1 0 0 -1 0 0 -1 0 -0 -1 0 0 -1 0 -0 -1 0 0 -1 0 0 -1 0 0 -1 0 0 -1 0 0 -1 0 0 -1 0 0 -1 0 0 -1 0 0 -1 0 0 -1 0 0 -1 0 0 -1 0 0 -1 0 0 -1 0 0 -1 0 0 -1 0 -0 -1 0 0 -1 0 0 -1 0 0 -1 0 -0 -1 0 0 -1 0 0 -1 0 -0 -1 0 0 -1 0 0 -1 0 0 -1 0 0 -1 0 0 -1 0 0 -1 0 0 -1 0 0 -1 0 0 -1 0 -0 -1 0 0 -1 0 -0 -1 0 0 -1 0 0 -1 0 -0 -1 0 0 -1 0 0 -1 0 -0 -1 0 0 -1 0 0 -1 0 0 -1 0 0 -1 0 0 -1 0 0 -1 0 0 -1 0 0 -1 0 0 -1 0 0 -1 0 0 -1 0 0 -1 0 0 -1 0 0 -1 0 0 -1 0 0 -1 0 0 -1 0 0 -1 0 0 -1 0 0 -1 0 -0 -1 0 0 -1 0 0 -1 0 0 -1 0 0 -1 0 0 -1 0 0 -1 0 0 -1 0 0 -1 0 -0 -1 0 0 -1 0 0 -1 0 0 -1 0 0 -1 0 0 -1 0 0 -1 0 -0 -1 0 0 -1 0 0 -1 0 0 -1 0 0 -1 0 0 -1 0 -0 -1 0 0 -1 0 0 -1 0 -0 -1 0 0 -1 0 0 -1 0 -0 -1 0 0 -1 0 0 -1 0 0 -1 0 -0 -1 0 0 -1 0 -0 -1 0 0 -1 0 -0 -1 0 0 -1 0 0 -1 0 0 -1 0 0 -1 0 0 -1 0 0 -1 0 0 -1 0 0 -1 0 0 -1 0 0 -1 0 0 -1 0 0 -1 0 0 -1 0 0 -1 0 0 -1 0 -0 -1 0 0 -1 0 -0 -1 0 0 -1 0 0 -1 0 0 -1 0 0 -1 0 0 -1 0 0 -1 0 0 -1 0 0 -1 0 0 -1 0 0 -1 0 0 -1 0 0 -1 0 0 -1 0 0 -1 0 -0 -1 0 0 -1 0 -0 -1 0 0 -1 0 0 -1 0 0 -1 0 -0 -1 0 0 -1 0 0 -1 0 0 -1 0 0 -1 0 -0 -1 0 0 -1 0 0 -1 0 0 -1 0 0 -1 0 0 -1 0 -0 -1 0 -0 -1 0 0 -1 0 0 -1 0 -0 -1 0 0 -1 0 0 -1 0 0 -1 0 -0 -1 0 0 -1 0 0 -1 0 0 -1 0 -0 -1 0 0 -1 0 0 -1 0 -0 -1 0 0 -1 0 -0 -1 0 0 -1 0 0 -1 0 -0 -1 0 0 -1 0 0 -1 0 0 -1 0 -0 -1 0 0 -1 0 0 -1 0 -0 -1 0 0 -1 0 0 -1 0 -0 -1 0 0 -1 0 0 -1 0 0 -1 0 0 -1 0 0 -1 0 0 -1 0 0 -1 0 0 -1 0 0 -1 0 0 -1 0 0 -1 0 0 -1 0 -0 -1 0 0 -1 0 0 -1 0 0 -1 0 0 -1 0 0 -1 0 0 -1 0 0 -1 0 -0 -1 0 -0 -1 0 0 -1 0 0 -1 0 -0 -1 0 0 -1 0 -0 -1 0 0 -1 0 0 -1 0 -0 -1 0 -0 -1 0 0 -1 0 0 -1 0 -0 -1 0 -0 -1 0 0 -1 0 0 -1 0 0 -1 0 0 -1 0 0 -1 0 0 -1 0 0 -1 0 0 -1 0 0 -1 0 0 -1 0 0 -1 0 -0 -1 0 0 -1 0 0 -1 0 0 -1 0 0 -1 0 -0 -1 0 0 -1 0 0 -1 0 0 -1 0 0 -1 0 -0 -1 0 0 -1 0 0 -1 0 0 -1 0 0 -1 0 -0 -1 0 0 -1 0 0 -1 0 0 -1 0 0 -1 0 0 -1 0 0 -1 0 0 -1 0 0 -1 0 0 -1 0 0 -1 0 -0 -1 0 0 -1 0 0 -1 0 0 -1 0 0 -1 0 0 -1 0 0 -1 0 -0 -1 0 -0 -1 0 0 -1 0 0 -1 0 0 -1 0 0 -1 0 0 -1 0 -0 -1 0 -0 -1 0 -0 -1 0 0 -1 0 0 -1 0 -0 -1 0 0 -1 0 0 -1 0 -0 -1 0 0 -1 0 0 -1 0 0 -1 0 0 -1 0 0 -1 0 0 -1 0 -0 -1 0 0 -1 0 0 -1 0 0 -1 0 -0 -1 0 0 -1 0 0 -1 0 0 -1 0 -0 -1 0 0 -1 0 0 -1 0 0 -1 0 -0 -1 0 0 -1 0 0 -1 0 -0 -1 0 0 -1 0 0 -1 0 -0 -1 0 0 -1 0 0 -1 0 0 -1 0 -0 -1 0 0 -1 0 0 -1 0 0 -1 0 0 -1 0 -0 -1 0 0 -1 0 0 -1 0 -0 -1 0 0 -1 0 0 -1 0 0 -1 0 0 -1 0 -0 -1 0 0 -1 0 0 -1 0 0 -1 0 0 -1 0 0 -1 0 0 -1 0 0 -1 0 -0 -1 0 0 -1 0 0 -1 0 0 -1 0 0 -1 0 0 -1 0 0 -1 0 -0 -1 0 -0 -1 0 0 -1 0 0 -1 0 0 -1 0 0 -1 0 0 -1 0 0 -1 0 0 -1 0 -0 -1 0 0 -1 0 0 -1 0 -0 -1 0 0 -1 0 0 -1 0 0 -1 0 0 -1 0 0 -1 0 0 -1 0 0 -1 0 0 -1 0 0 -1 0 0 -1 0 0 -1 0 -0 -1 0 -0 -1 0 0 -1 0 0 -1 0 0 -1 0 0 -1 0 0 -1 0 0 -1 0 -0 -1 0 0 -1 0 -0 -1 0 0 -1 0 0 -1 0 0 -1 0 0 -1 0 -0 -1 0 0 -1 0 0 -1 0 0 -1 0 0 -1 0 0 -1 0 0 -1 0 -0 -1 0 0 -1 0 0 -1 0 0 -1 0 0 -1 0 -0 -1 0 0 -1 0 0 -1 0 0 -1 0 0 -1 0 0 -1 0 0 -1 0 0 -1 0 0 -1 0 -0 -1 0 0 -1 0 -0 -1 0 0 -1 0 0 -1 0 0 -1 0 0 -1 0 0 -1 0 -0 -1 0 0 -1 0 0 -1 0 0 -1 0 0 -1 0 -0 -1 0 -0 -1 0 0 -1 0 0 -1 0 0 -1 0 0 -1 0 0 -1 0 0 -1 0 0 -1 0 0 -1 0 0 -1 0 0 -1 0 0 -1 0 -0 -1 0 0 -1 0 0 -1 0 0 -1 0 0 -1 0 0 -1 0 -0 -1 0 0 -1 0 0 -1 0 0 -1 0 0 -1 0 0 -1 0 0 -1 0 -0 -1 0 -0 -1 0 0 -1 0 0 -1 0 -0 -1 0 0 -1 0 0 -1 0 -0 -1 0 0 -1 0 0 -1 0 -0 -1 0 0 -1 0 0 -1 0 0 -1 0 0 -1 0 0 -1 0 0 -1 0 0 -1 0 0 -1 0 0 -1 0 0 -1 0 0 -1 0 0 -1 0 0 -1 0 -0 -1 0 0 -1 0 0 -1 0 0 -1 0 0 -1 0 0 -1 0 0 -1 0 -0 -1 0 0 -1 0 0 -1 0 0 -1 0 0 -1 0 0 -1 0 0 -1 0 0 -1 0 0 -1 0 0 -1 0 0 -1 0 0 -1 0 0 -1 0 -0 -1 0 -0 -1 0 0 -1 0 0 -1 0 0 -1 0 0 -1 0 0 -1 0 -0 -1 0 0 -1 0 0 -1 0 0 -1 0 -0 -1 0 0 -1 0 0 -1 0 0 -1 0 -0 -1 0 0 -1 0 0 -1 0 0 -1 0 0 -1 0 0 -1 0 0 -1 0 -0 -1 0 0 -1 0 0 -1 0 0 -1 0 0 -1 0 -0 -1 0 0 -1 0 0 -1 0 0 -1 0 0 -1 0 0 -1 0 0 -1 0 0 -1 0 0 -1 0 -0 -1 0 0 -1 0 0 -1 0 -0 -1 0 0 -1 0 0 -1 0 0 -1 0 -0 -1 0 0 -1 0 0 -1 0 0 -1 0 -0 -1 0 0 -1 0 -0 -1 0 -0 -1 0 0 -1 0 0 -1 0 0 -1 0 0 -1 0 0 -1 0 0 -1 0 0 -1 0 0 -1 0 0 -1 0 -0 -1 0 0 -1 0 0 -1 0 -0 -1 0 0 -1 0 0 -1 0 0 -1 0 0 -1 0 0 -1 0 0 -1 0 0 -1 0 0 -1 0 0 -1 0 -0 -1 0 0 -1 0 0 -1 0 0 -1 0 0 -1 0 0 -1 0 -0 -1 0 0 -1 0 -0 -1 0 0 -1 0 0 -1 0 0 -1 0 0 -1 0 -0 -1 0 0 -1 0 -0 -1 0 -0 -1 0 0 -1 0 0 -1 0 -0 -1 0 0 -1 0 0 -1 0 -0 -1 0 0 -1 0 0 -1 0 0 -1 0 0 -1 0 0 -1 0 0 -1 0 -0 -1 0 0 -1 0 0 -1 0 0 -1 0 -0 -1 0 0 -1 0 0 -1 0 0 -1 0 -0 -1 0 0 -1 0 0 -1 0 0 -1 0 -0 -1 0 0 -1 0 0 -1 0 0 -1 0 -0 -1 0 0 -1 0 0 -1 0 -0 -1 0 0 -1 0 0 -1 0 -0 -1 0 0 -1 0 0 -1 0 0 -1 0 -0 -1 0 0 -1 0 0 -1 0 0 -1 0 -0 -1 0 0 -1 0 0 -1 0 -0 -1 0 0 -1 0 0 -1 0 0 -1 0 0 -1 0 0 -1 0 0 -1 0 0 -1 0 0 -1 0 0 -1 0 0 -1 0 0 -1 0 -0 -1 0 0 -1 0 0 -1 0 0 -1 0 0 -1 0 -0 -1 0 0 -1 0 0 -1 0 -0 -1 0 -0 -1 0 0 -1 0 0 -1 0 0 -1 0 0 -1 0 -0 -1 0 -0 -1 0 -0 -1 0 0 -1 0 0 -1 0 -0 -1 0 -0 -1 0 0 -1 0 0 -1 0 -0 -1 0 0 -1 0 0 -1 0 0 -1 0 0 -1 0 0 -1 0 -0 -1 0 0 -1 0 0 -1 0 0 -1 0 0 -1 0 0 -1 0 -0 -1 0 -0 -1 0 0 -1 0 0 -1 0 -0 -1 0 0 -1 0 -0 -1 0 0 -1 0 0 -1 0 0 -1 0 -0 -1 0 0 -1 0 0 -1 0 0 -1 0 0 -1 0 0 -1 0 0 -1 0 0 -1 0 0 -1 0 -0 -1 0 0 -1 0 0 -1 0 0 -1 0 0 -1 0 0 -1 0 0 -1 0 -0 -1 0 0 -1 0 0 -1 0 0 -1 0 0 -1 0 0 -1 0 0 -1 0 0 -1 0 0 -1 0 -0 -1 0 -0 -1 0 0 -1 0 0 -1 0 0 -1 0 0 -1 0 0 -1 0 0 -1 0 0 -1 0 0 -1 0 0 -1 0 0 -1 0 -0 -1 0 0 -1 0 0 -1 0 0 -1 0 0 -1 0 0 -1 0 0 -1 0 0 -1 0 0 -1 0 0 -1 0 0 -1 0 -0 -1 0 0 -1 0 -0 -1 0 0 -1 0 0 -1 0 0 -1 0 0 -1 0 0 -1 0 0 -1 0 0 -1 0 0 -1 0 0 -1 0 0 -1 0 -0 -1 0 -0 -1 0 0 -1 0 0 -1 0 0 -1 0 0 -1 0 0 -1 0 0 -1 0 0 -1 0 0 -1 0 -0 -1 0 0 -1 0 0 -1 0 0 -1 0 0 -1 0 -0 -1 0 0 -1 0 0 -1 0 0 -1 0 0 -1 0 0 -1 0 0 -1 0 0 -1 0 0 -1 0 -0 -1 0 0 -1 0 -0 -1 0 0 -1 0 0 -1 0 0 -1 0 0 -1 0 0 -1 0 -0 -1 0 0 -1 0 0 -1 0 -0 -1 0 -0 -1 0 0 -1 0 -0 -1 0 0 -1 0 0 -1 0 0 -1 0 0 -1 0 0 -1 0 0 -1 0 0 -1 0 0 -1 0 0 -1 0 0 -1 0 -0 -1 0 0 -1 0 0 -1 0 0 -1 0 0 -1 0 0 -1 0 0 -1 0 0 -1 0 0 -1 0 0 -1 0 -0 -1 0 0 -1 0 0 -1 0 0 -1 0 0 -1 0 0 -1 0 0 -1 0 0 -1 0 -0 -1 0 -0 -1 0 0 -1 0 0 -1 0 0 -1 0 0 -1 0 -0 -1 0 0 -1 0 0 -1 0 -0 -1 0 0 -1 0 0 -1 0 0 -1 0 0 -1 0 0 -1 0 -0 -1 0 0 -1 0 0 -1 0 0 -1 0 0 -1 0 0 -1 0 0 -1 0 0 -1 0 -0 -1 0 -0 -1 0 0 -1 0 0 -1 0 0 -1 0 0 -1 0 -0 -1 0 0 -1 0 0 -1 0 -0 -1 0 0 -1 0 0 -1 0 0 -1 0 0 -1 0 0 -1 0 -0 -1 0 0 -1 0 0 -1 0 0 -1 0 0 -1 0 0 -1 0 0 -1 0 0 -1 0 0 -1 0 0 -1 0 -0 -1 0 0 -1 0 0 -1 0 0 -1 0 0 -1 0 0 -1 0 0 -1 0 -0 -1 0 -0 -1 0 0 -1 0 0 -1 0 0 -1 0 0 -1 0 -0 -1 0 0 -1 0 -0 -1 0 -0 -1 0 0 -1 0 0 -1 0 -0 -1 0 -0 -1 0 0 -1 0 0 -1 0 -0 -1 0 0 -1 0 0 -1 0 0 -1 0 0 -1 0 0 -1 0 -0 -1 0 0 -1 0 0 -1 0 0 -1 0 0 -1 0 -0 -1 0 0 -1 0 -0 -1 0 0 -1 0 0 -1 0 -0 -1 0 0 -1 0 -0 -1 0 0 -1 0 0 -1 0 -0 -1 0 0 -1 0 0 -1 0 0 -1 0 0 -1 0 0 -1 0 0 -1 0 0 -1 0 0 -1 0 0 -1 0 0 -1 0 -0 -1 0 0 -1 0 0 -1 0 0 -1 0 0 -1 0 0 -1 0 0 -1 0 0 -1 0 -0 -1 0 0 -1 0 0 -1 0 0 -1 0 0 -1 0 0 -1 0 0 -1 0 0 -1 0 0 -1 0 0 -1 0 0 -1 0 -0 -1 0 0 -1 0 0 -1 0 0 -1 0 0 -1 0 -0 -1 0 0 -1 0 0 -1 0 -0 -1 0 0 -1 0 0 -1 0 0 -1 0 0 -1 0 0 -1 0 0 -1 0 0 -1 0 0 -1 0 0 -1 0 0 -1 0 -0 -1 0 0 -1 0 -0 -1 0 0 -1 0 0 -1 0 0 -1 0 0 -1 0 0 -1 0 0 -1 0 0 -1 0 0 -1 0 0 -1 0 0 -1 0 -0 -1 0 0 -1 0 0 -1 0 -0 -1 0 0 -1 0 0 -1 0 0 -1 0 0 -1 0 0 -1 0 0 -1 0 -0 -1 0 0 -1 0 0 -1 0 0 -1 0 0 -1 0 0 -1 0 -0 -1 0 0 -1 0 0 -1 0 0 -1 0 0 -1 0 0 -1 0 0 -1 0 0 -1 0 -0 -1 0 0 -1 0 0 -1 0 -0 -1 0 0 -1 0 0 -1 0 0 -1 0 0 -1 0 -0 -1 0 0 -1 0 0 -1 0 0 -1 0 -0 -1 0 0 -1 0 -0 -1 0 0 -1 0 0 -1 0 0 -1 0 0 -1 0 0 -1 0 0 -1 0 0 -1 0 0 -1 0 -0 -1 0 0 -1 0 0 -1 0 0 -1 0 -0 -1 0 0 -1 0 0 -1 0 0 -1 0 0 -1 0 0 -1 0 0 -1 0 0 -1 0 -0 -1 0 0 -1 0 -0 -1 0 0 -1 0 0 -1 0 0 -1 0 0 -1 0 -0 -1 0 0 -1 0 0 -1 0 0 -1 0 0 -1 0 0 -1 0 0 -1 0 0 -1 0 0 -1 0 -0 -1 0 0 -1 0 -0 -1 0 0 -1 0 0 -1 0 0 -1 0 0 -1 0 -0 -1 0 0 -1 0 0 -1 0 0 -1 0 0 -1 0 0 -1 0 -0 -1 0 0 -1 0 -0 -1 0 0 -1 0 0 -1 0 0 -1 0 -0 -1 0 0 -1 0 0 -1 0 0 -1 0 0 -1 0 0 -1 0 0 -1 0 0 -1 0 0 -1 0 0 -1 0 0 -1 0 0 -1 0 0 -1 0 0 -1 0 0 -1 0 0 -1 0 -0 -1 0 0 -1 0 0 -1 0 0 -1 0 0 -1 0 0 -1 0 0 -1 0 0 -1 0 0 -1 0 0 -1 0 -0 -1 0 0 -1 0 0 -1 0 0 -1 0 0 -1 0 0 -1 0 -0 -1 0 -0 -1 0 0 -1 0 -0 -1 0 0 -1 0 0 -1 0 0 -1 0 0 -1 0 -0 -1 0 0 -1 0 0 -1 0 -0 -1 0 0 -1 0 0 -1 0 0 -1 0 0 -1 0 -0 -1 0 0 -1 0 -0 -1 0 0 -1 0 0 -1 0 0 -1 0 -0 -1 0 0 -1 0 0 -1 0 0 -1 0 0 -1 0 0 -1 0 0 -1 0 0 -1 0 0 -1 0 0 -1 0 0 -1 0 0 -1 0 0 -1 0 0 -1 0 0 -1 0 0 -1 0 -0 -1 0 0 -1 0 0 -1 0 0 -1 0 0 -1 0 0 -1 0 0 -1 0 0 -1 0 0 -1 0 0 -1 0 -0 -1 0 0 -1 0 0 -1 0 0 -1 0 0 -1 0 0 -1 0 -0 -1 0 -0 -1 0 0 -1 0 -0 -1 0 0 -1 0 0 -1 0 0 -1 0 0 -1 0 -0 -1 0 0 -1 0 0 -1 0 -0 -1 0 0 -1 0 0 -1 0 0 -1 0 0 -1 0 -0 -1 0 0 -1 0 -0 -1 0 0 -1 0 0 -1 0 0 -1 0 -0 -1 0 0 -1 0 0 -1 0 0 -1 0 0 -1 0 0 -1 0 0 -1 0 0 -1 0 -0 -1 0 0 -1 0 0 -1 0 0 -1 0 0 -1 0 0 -1 0 0 -1 0 0 -1 0 0 -1 0 -0 -1 0 0 -1 0 0 -1 0 0 -1 0 0 -1 0 0 -1 0 0 -1 0 0 -1 0 0 -1 0 -0 -1 0 0 -1 0 0 -1 0 0 -1 0 0 -1 0 0 -1 0 -0 -1 0 -0 -1 0 0 -1 0 0 -1 0 -0 -1 0 0 -1 0 0 -1 0 -0 -1 0 0 -1 0 0 -1 0 0 -1 0 -0 -1 0 0 -1 0 0 -1 0 0 -1 0 0 -1 0 -0 -1 0 0 -1 0 -0 -1 0 0 -1 0 0 -1 0 0 -1 0 -0 -1 0 0 -1 0 0 -1 0 0 -1 0 0 -1 0 0 -1 0 0 -1 0 0 -1 0 -0 -1 0 0 -1 0 0 -1 0 0 -1 0 0 -1 0 0 -1 0 0 -1 0 0 -1 0 0 -1 0 -0 -1 0 0 -1 0 0 -1 0 0 -1 0 0 -1 0 0 -1 0 0 -1 0 0 -1 0 0 -1 0 -0 -1 0 0 -1 0 0 -1 0 0 -1 0 0 -1 0 0 -1 0 -0 -1 0 -0 -1 0 0 -1 0 -0 -1 0 0 -1 0 0 -1 0 0 -1 0 -0 -1 0 0 -1 0 0 -1 0 0 -1 0 -0 -1 0 0 -1 0 0 -1 0 0 -1 0 0 -1 0 0 -1 0 0 -1 0 0 -1 0 0 -1 0 0 -1 0 -0 -1 0 0 -1 0 0 -1 0 0 -1 0 0 -1 0 0 -1 0 0 -1 0 0 -1 0 -0 -1 0 0 -1 0 0 -1 0 0 -1 0 0 -1 0 0 -1 0 0 -1 0 0 -1 0 0 -1 0 0 -1 0 0 -1 0 -0 -1 0 -0 -1 0 0 -1 0 0 -1 0 0 -1 0 0 -1 0 0 -1 0 0 -1 0 -0 -1 0 -0 -1 0 0 -1 0 -0 -1 0 0 -1 0 0 -1 0 0 -1 0 -0 -1 0 0 -1 0 0 -1 0 0 -1 0 0 -1 0 0 -1 0 0 -1 0 0 -1 0 -0 -1 0 0 -1 0 0 -1 0 0 -1 0 0 -1 0 0 -1 0 -0 -1 0 0 -1 0 0 -1 0 -0 -1 0 0 -1 0 0 -1 0 0 -1 0 0 -1 0 0 -1 0 -0 -1 0 0 -1 0 0 -1 0 -0 -1 0 0 -1 0 0 -1 0 0 -1 0 0 -1 0 0 -1 0 -0 -1 0 0 -1 0 -0 -1 0 0 -1 0 -0 -1 0 0 -1 0 0 -1 0 0 -1 0 0 -1 0 0 -1 0 0 -1 0 0 -1 0 -0 -1 0 0 -1 0 -0 -1 0 0 -1 0 0 -1 0 0 -1 0 0 -1 0 0 -1 0 0 -1 0 0 -1 0 0 -1 0 0 -1 0 0 -1 0 0 -1 0 -0 -1 0 0 -1 0 0 -1 0 0 -1 0 0 -1 0 0 -1 0 0 -1 0 0 -1 0 -0 -1 0 0 -1 0 0 -1 0 0 -1 0 0 -1 0 0 -1 0 0 -1 0 0 -1 0 0 -1 0 0 -1 0 0 -1 0 -0 -1 0 -0 -1 0 0 -1 0 0 -1 0 0 -1 0 0 -1 0 0 -1 0 0 -1 0 -0 -1 0 -0 -1 0 0 -1 0 -0 -1 0 0 -1 0 0 -1 0 -0 -1 0 0 -1 0 0 -1 0 0 -1 0 0 -1 0 0 -1 0 0 -1 0 0 -1 0 0 -1 0 -0 -1 0 0 -1 0 0 -1 0 0 -1 0 0 -1 0 -0 -1 0 0 -1 0 0 -1 0 0 -1 0 -0 -1 0 0 -1 0 0 -1 0 0 -1 0 0 -1 0 0 -1 0 0 -1 0 -0 -1 0 0 -1 0 0 -1 0 0 -1 0 -0 -1 0 0 -1 0 0 -1 0 0 -1 0 -0 -1 0 -0 -1 0 0 -1 0 -0 -1 0 0 -1 0 0 -1 0 0 -1 0 0 -1 0 0 -1 0 0 -1 0 0 -1 0 0 -1 0 -0 -1 0 0 -1 0 0 -1 0 0 -1 0 -0 -1 0 0 -1 0 0 -1 0 0 -1 0 0 -1 0 0 -1 0 -0 -1 0 0 -1 0 -0 -1 0 0 -1 0 0 -1 0 0 -1 0 0 -1 0 0 -1 0 0 -1 0 0 -1 0 0 -1 0 0 -1 0 -0 -1 0 0 -1 0 0 -1 0 0 -1 0 0 -1 0 0 -1 0 0 -1 0 0 -1 0 0 -1 0 0 -1 0 0 -1 0 -0 -1 0 -0 -1 0 0 -1 0 0 -1 0 0 -1 0 0 -1 0 0 -1 0 0 -1 0 -0 -1 0 -0 -1 0 0 -1 0 -0 -1 0 0 -1 0 0 -1 0 -0 -1 0 0 -1 0 0 -1 0 0 -1 0 0 -1 0 0 -1 0 0 -1 0 0 -1 0 0 -1 0 -0 -1 0 0 -1 0 0 -1 0 0 -1 0 0 -1 0 0 -1 0 -0 -1 0 0 -1 0 0 -1 0 -0 -1 0 0 -1 0 0 -1 0 0 -1 0 0 -1 0 0 -1 0 -0 -1 0 0 -1 0 0 -1 0 -0 -1 0 0 -1 0 0 -1 0 0 -1 0 0 -1 0 0 -1 0 -0 -1 0 0 -1 0 -0 -1 0 -0 -1 0 0 -1 0 0 -1 0 0 -1 0 0 -1 0 0 -1 0 0 -1 0 0 -1 0 0 -1 0 -0 -1 0 0 -1 0 0 -1 0 -0 -1 0 0 -1 0 0 -1 0 0 -1 0 0 -1 0 0 -1 0 0 -1 0 -0 -1 0 0 -1 0 -0 -1 0 0 -1 0 0 -1 0 0 -1 0 0 -1 0 0 -1 0 0 -1 0 0 -1 0 0 -1 0 0 -1 0 -0 -1 0 0 -1 0 0 -1 0 0 -1 0 0 -1 0 0 -1 0 0 -1 0 0 -1 0 0 -1 0 0 -1 0 0 -1 0 -0 -1 0 -0 -1 0 0 -1 0 0 -1 0 0 -1 0 0 -1 0 0 -1 0 0 -1 0 -0 -1 0 -0 -1 0 0 -1 0 -0 -1 0 0 -1 0 0 -1 0 -0 -1 0 0 -1 0 0 -1 0 0 -1 0 0 -1 0 0 -1 0 0 -1 0 0 -1 0 0 -1 0 -0 -1 0 0 -1 0 0 -1 0 0 -1 0 0 -1 0 0 -1 0 -0 -1 0 0 -1 0 0 -1 0 -0 -1 0 0 -1 0 0 -1 0 0 -1 0 0 -1 0 0 -1 0 -0 -1 0 0 -1 0 0 -1 0 -0 -1 0 0 -1 0 0 -1 0 0 -1 0 0 -1 0 0 -1 0 -0 -1 0 0 -1 0 -0 -1 0 0 -1 0 -0 -1 0 0 -1 0 0 -1 0 0 -1 0 0 -1 0 0 -1 0 0 -1 0 0 -1 0 -0 -1 0 0 -1 0 0 -1 0 -0 -1 0 0 -1 0 0 -1 0 0 -1 0 0 -1 0 0 -1 0 -0 -1 0 0 -1 0 0 -1 0 0 -1 0 0 -1 0 -0 -1 0 0 -1 0 0 -1 0 0 -1 0 0 -1 0 0 -1 0 -0 -1 0 0 -1 0 0 -1 0 0 -1 0 0 -1 0 0 -1 0 -0 -1 0 0 -1 0 0 -1 0 -0 -1 0 0 -1</float_array>
          <technique_common>
            <accessor count="6478" source="#cubenormals-array0-array" stride="3">
              <param type="float" name="X"/>
              <param type="float" name="Y"/>
              <param type="float" name="Z"/>
            </accessor>
          </technique_common>
        </source>
        <vertices id="cubeverts-array0-vertices">
          <input semantic="POSITION" source="#cubeverts-array0"/>
        </vertices>
        <triangles count="6478" material="ref_BottomSilkscreen_HwOR001_shape001">
          <input offset="0" semantic="VERTEX" source="#cubeverts-array0-vertices"/>
          <input offset="1" semantic="NORMAL" source="#cubenormals-array0"/>
          <p>0 0 1 0 2 0 0 1 2 1 3 1 4 2 1 2 0 2 5 3 4 3 0 3 6 4 4 4 5 4 7 5 5 5 8 5 9 6 5 6 7 6 9 7 6 7 5 7 10 8 11 8 1 8 10 9 1 9 4 9 12 10 13 10 11 10 14 11 11 11 10 11 14 12 12 12 11 12 15 13 6 13 9 13 16 14 10 14 15 14 16 15 14 15 10 15 17 16 15 16 9 16 17 17 16 17 15 17 18 18 19 18 16 18 18 19 16 19 17 19 20 20 21 20 22 20 20 21 22 21 23 21 20 22 23 22 24 22 25 23 26 23 27 23 28 24 25 24 29 24 28 25 26 25 25 25 30 26 21 26 20 26 30 27 26 27 28 27 31 28 21 28 30 28 32 29 33 29 31 29 32 30 30 30 28 30 32 31 31 31 30 31 34 32 33 32 32 32 35 33 36 33 37 33 38 34 36 34 35 34 39 35 38 35 35 35 40 36 39 36 35 36 41 37 40 37 35 37 42 38 40 38 41 38 43 39 42 39 41 39 44 40 41 40 45 40 44 41 45 41 46 41 44 42 43 42 41 42 47 43 48 43 49 43 50 44 49 44 40 44 50 45 40 45 42 45 51 46 47 46 49 46 51 47 49 47 50 47 52 48 53 48 54 48 52 49 54 49 55 49 52 50 55 50 56 50 57 51 52 51 56 51 58 52 56 52 59 52 58 53 57 53 56 53 60 54 58 54 59 54 61 55 59 55 62 55 61 56 62 56 63 56 61 57 60 57 59 57 64 58 65 58 57 58 64 59 57 59 58 59 66 60 67 60 68 60 66 61 68 61 65 61 66 62 65 62 64 62 69 63 70 63 71 63 69 64 71 64 72 64 69 65 72 65 73 65 74 66 69 66 73 66 75 67 73 67 76 67 75 68 74 68 73 68 77 69 75 69 76 69 78 70 76 70 79 70 78 71 79 71 80 71 78 72 77 72 76 72 81 73 82 73 83 73 84 74 83 74 74 74 84 75 74 75 75 75 85 76 81 76 83 76 85 77 83 77 84 77 86 78 87 78 88 78 86 79 88 79 89 79 86 80 89 80 90 80 91 81 86 81 90 81 92 82 90 82 93 82 92 83 91 83 90 83 94 84 92 84 93 84 95 85 93 85 96 85 95 86 96 86 97 86 95 87 94 87 93 87 98 88 99 88 91 88 98 89 91 89 92 89 100 90 101 90 102 90 100 91 102 91 99 91 100 92 99 92 98 92 103 93 104 93 105 93 106 94 107 94 104 94 106 95 104 95 103 95 108 96 109 96 110 96 108 97 110 97 111 97 108 98 111 98 112 98 113 99 107 99 106 99 113 100 108 100 112 100 114 101 113 101 106 101 115 102 108 102 113 102 115 103 113 103 114 103 116 104 114 104 117 104 116 105 115 105 114 105 118 106 119 106 120 106 118 107 120 107 121 107 122 108 123 108 124 108 125 109 122 109 124 109 126 110 124 110 119 110 126 111 118 111 127 111 126 112 119 112 118 112 128 113 125 113 124 113 128 114 124 114 126 114 129 115 126 115 127 115 129 116 127 116 130 116 131 117 132 117 133 117 131 118 133 118 134 118 135 119 129 119 130 119 135 120 130 120 136 120 135 121 136 121 137 121 138 122 139 122 140 122 138 123 140 123 141 123 142 124 143 124 144 124 145 125 142 125 144 125 146 126 147 126 148 126 146 127 148 127 149 127 150 128 135 128 137 128 150 129 147 129 146 129 150 130 137 130 147 130 151 131 150 131 146 131 152 132 151 132 146 132 153 133 132 133 131 133 153 134 154 134 132 134 153 135 131 135 139 135 155 136 154 136 153 136 156 137 154 137 155 137 156 138 157 138 154 138 158 139 159 139 160 139 158 140 160 140 161 140 162 141 144 141 157 141 162 142 145 142 144 142 162 143 157 143 156 143 163 144 153 144 139 144 163 145 139 145 138 145 163 146 138 146 164 146 165 147 161 147 145 147 165 148 158 148 161 148 165 149 145 149 162 149 166 150 151 150 152 150 166 151 152 151 167 151 166 152 167 152 168 152 169 153 170 153 151 153 169 154 151 154 166 154 171 155 158 155 165 155 171 156 165 156 172 156 173 157 170 157 169 157 173 158 169 158 174 158 173 159 174 159 175 159 176 160 163 160 164 160 177 161 176 161 164 161 177 162 164 162 178 162 177 163 179 163 180 163 177 164 180 164 176 164 181 165 182 165 171 165 183 166 170 166 173 166 183 167 184 167 170 167 185 168 181 168 171 168 185 169 171 169 172 169 186 170 177 170 178 170 187 171 184 171 183 171 187 172 178 172 188 172 187 173 188 173 184 173 189 174 190 174 186 174 191 175 178 175 187 175 191 176 189 176 186 176 191 177 186 177 178 177 192 178 172 178 193 178 192 179 185 179 172 179 194 180 195 180 192 180 196 181 192 181 193 181 196 182 194 182 192 182 197 183 193 183 198 183 197 184 196 184 193 184 199 185 198 185 200 185 199 186 201 186 202 186 199 187 202 187 197 187 199 188 197 188 198 188 203 189 199 189 200 189 204 190 205 190 203 190 206 191 200 191 207 191 206 192 207 192 208 192 206 193 208 193 209 193 206 194 209 194 210 194 211 195 203 195 200 195 211 196 204 196 203 196 211 197 200 197 206 197 212 198 213 198 214 198 212 199 214 199 215 199 216 200 217 200 218 200 219 201 216 201 218 201 220 202 218 202 213 202 220 203 212 203 221 203 220 204 213 204 212 204 222 205 219 205 218 205 222 206 218 206 220 206 223 207 220 207 221 207 223 208 221 208 224 208 225 209 226 209 227 209 225 210 227 210 228 210 229 211 223 211 224 211 229 212 224 212 230 212 229 213 230 213 231 213 232 214 233 214 234 214 232 215 234 215 235 215 236 216 237 216 238 216 236 217 238 217 239 217 240 218 241 218 242 218 240 219 242 219 243 219 244 220 229 220 231 220 244 221 241 221 240 221 244 222 231 222 241 222 245 223 244 223 240 223 246 224 245 224 240 224 247 225 226 225 225 225 247 226 248 226 226 226 247 227 225 227 233 227 249 228 248 228 247 228 250 229 251 229 248 229 250 230 248 230 249 230 252 231 253 231 254 231 252 232 254 232 255 232 256 233 236 233 239 233 256 234 239 234 251 234 256 235 251 235 250 235 257 236 247 236 233 236 257 237 233 237 232 237 257 238 232 238 258 238 259 239 255 239 236 239 259 240 252 240 255 240 259 241 236 241 256 241 260 242 245 242 246 242 260 243 246 243 261 243 260 244 261 244 262 244 263 245 264 245 245 245 263 246 245 246 260 246 265 247 252 247 259 247 265 248 259 248 266 248 267 249 263 249 268 249 269 250 264 250 263 250 269 251 263 251 267 251 270 252 257 252 258 252 271 253 272 253 270 253 273 254 271 254 270 254 273 255 270 255 258 255 273 256 258 256 274 256 275 257 276 257 265 257 277 258 264 258 269 258 277 259 278 259 264 259 279 260 275 260 265 260 279 261 265 261 266 261 280 262 273 262 274 262 281 263 278 263 277 263 281 264 274 264 282 264 281 265 282 265 278 265 283 266 284 266 280 266 285 267 283 267 280 267 285 268 280 268 274 268 285 269 274 269 281 269 286 270 266 270 287 270 286 271 279 271 266 271 288 272 289 272 286 272 290 273 286 273 287 273 290 274 288 274 286 274 291 275 287 275 292 275 291 276 290 276 287 276 293 277 292 277 294 277 293 278 295 278 296 278 293 279 296 279 291 279 293 280 291 280 292 280 297 281 298 281 299 281 297 282 299 282 300 282 301 283 293 283 294 283 302 284 303 284 301 284 304 285 301 285 294 285 304 286 302 286 301 286 305 287 294 287 298 287 305 288 298 288 297 288 305 289 304 289 294 289 306 290 307 290 308 290 306 291 308 291 309 291 310 292 311 292 312 292 310 293 312 293 313 293 314 294 315 294 316 294 317 295 318 295 319 295 320 296 321 296 322 296 323 297 322 297 307 297 323 298 307 298 306 298 323 299 320 299 322 299 324 300 318 300 317 300 325 301 321 301 320 301 325 302 316 302 321 302 326 303 323 303 306 303 326 304 306 304 311 304 326 305 311 305 310 305 327 306 316 306 325 306 328 307 314 307 316 307 328 308 316 308 327 308 329 309 318 309 324 309 329 310 326 310 310 310 329 311 310 311 318 311 329 312 324 312 330 312 331 313 330 313 332 313 333 314 330 314 331 314 334 315 329 315 330 315 334 316 330 316 333 316 335 317 334 317 333 317 335 318 336 318 334 318 337 319 336 319 335 319 337 320 335 320 338 320 337 321 338 321 339 321 340 322 341 322 342 322 340 323 342 323 343 323 340 324 343 324 344 324 345 325 346 325 347 325 348 326 345 326 347 326 349 327 347 327 341 327 349 328 341 328 340 328 349 329 348 329 347 329 350 330 351 330 336 330 350 331 336 331 337 331 352 332 353 332 354 332 352 333 354 333 351 333 352 334 351 334 350 334 355 335 349 335 356 335 355 336 348 336 349 336 357 337 358 337 355 337 359 338 356 338 360 338 359 339 355 339 356 339 359 340 357 340 355 340 361 341 353 341 352 341 362 342 361 342 363 342 364 343 353 343 361 343 364 344 361 344 362 344 364 345 365 345 353 345 366 346 359 346 360 346 367 347 368 347 366 347 369 348 366 348 360 348 369 349 367 349 366 349 370 350 365 350 364 350 371 351 370 351 372 351 371 352 372 352 373 352 371 353 365 353 370 353 374 354 365 354 371 354 374 355 375 355 365 355 376 356 360 356 377 356 376 357 369 357 360 357 378 358 379 358 380 358 378 359 380 359 376 359 378 360 376 360 377 360 381 361 375 361 374 361 381 362 382 362 383 362 381 363 383 363 375 363 384 364 378 364 377 364 384 365 377 365 385 365 386 366 382 366 381 366 387 367 386 367 388 367 387 368 388 368 389 368 387 369 382 369 386 369 390 370 385 370 391 370 390 371 391 371 382 371 390 372 384 372 385 372 390 373 382 373 387 373 392 374 393 374 394 374 392 375 394 375 395 375 396 376 397 376 398 376 396 377 398 377 399 377 400 378 401 378 402 378 403 379 404 379 405 379 406 380 393 380 392 380 406 381 403 381 405 381 406 382 405 382 393 382 407 383 401 383 400 383 408 384 404 384 403 384 408 385 409 385 404 385 410 386 397 386 396 386 410 387 406 387 392 387 410 388 392 388 397 388 411 389 409 389 408 389 411 390 412 390 409 390 413 391 412 391 411 391 413 392 414 392 412 392 415 393 416 393 417 393 415 394 417 394 418 394 419 395 401 395 407 395 419 396 410 396 396 396 419 397 396 397 401 397 419 398 407 398 420 398 421 399 420 399 422 399 423 400 420 400 421 400 424 401 419 401 420 401 424 402 420 402 423 402 425 403 426 403 427 403 425 404 427 404 428 404 429 405 424 405 423 405 429 406 430 406 424 406 431 407 430 407 429 407 431 408 429 408 432 408 431 409 432 409 433 409 434 410 435 410 425 410 434 411 428 411 415 411 434 412 418 412 436 412 434 413 415 413 418 413 434 414 425 414 428 414 437 415 438 415 435 415 439 416 437 416 435 416 440 417 435 417 434 417 440 418 439 418 435 418 441 419 442 419 430 419 441 420 430 420 431 420 443 421 434 421 436 421 444 422 443 422 436 422 444 423 436 423 445 423 444 424 445 424 446 424 447 425 448 425 449 425 447 426 449 426 442 426 447 427 442 427 441 427 450 428 439 428 440 428 450 429 440 429 451 429 452 430 453 430 450 430 454 431 450 431 451 431 454 432 452 432 450 432 454 433 451 433 455 433 456 434 448 434 447 434 457 435 448 435 456 435 457 436 458 436 448 436 457 437 456 437 459 437 457 438 459 438 460 438 461 439 454 439 455 439 462 440 463 440 461 440 464 441 461 441 455 441 464 442 462 442 461 442 465 443 458 443 457 443 466 444 465 444 467 444 466 445 467 445 468 445 466 446 458 446 465 446 469 447 458 447 466 447 469 448 470 448 458 448 471 449 455 449 472 449 471 450 464 450 455 450 473 451 474 451 475 451 473 452 475 452 471 452 473 453 471 453 472 453 476 454 477 454 478 454 476 455 478 455 470 455 476 456 470 456 469 456 479 457 472 457 480 457 479 458 473 458 472 458 481 459 477 459 476 459 482 460 481 460 483 460 482 461 483 461 484 461 482 462 477 462 481 462 485 463 480 463 486 463 485 464 486 464 477 464 485 465 479 465 480 465 485 466 477 466 482 466 487 467 488 467 489 467 487 468 489 468 490 468 491 469 492 469 493 469 491 470 493 470 494 470 495 471 496 471 497 471 498 472 496 472 495 472 499 473 500 473 501 473 502 474 499 474 501 474 503 475 504 475 488 475 503 476 487 476 496 476 503 477 488 477 487 477 505 478 506 478 504 478 505 479 504 479 503 479 507 480 506 480 505 480 508 481 494 481 506 481 508 482 491 482 494 482 508 483 506 483 507 483 509 484 491 484 508 484 509 485 510 485 502 485 509 486 501 486 491 486 509 487 502 487 501 487 511 488 503 488 496 488 511 489 496 489 498 489 512 490 513 490 510 490 514 491 512 491 510 491 515 492 510 492 509 492 515 493 514 493 510 493 516 494 514 494 515 494 517 495 514 495 516 495 518 496 519 496 517 496 520 497 517 497 516 497 520 498 518 498 517 498 521 499 511 499 498 499 521 500 498 500 522 500 523 501 516 501 524 501 523 502 520 502 516 502 525 503 521 503 522 503 525 504 522 504 526 504 525 505 526 505 527 505 528 506 521 506 525 506 529 507 523 507 524 507 529 508 524 508 528 508 530 509 531 509 532 509 533 510 528 510 525 510 533 511 529 511 528 511 534 512 530 512 532 512 535 513 532 513 523 513 535 514 523 514 529 514 535 515 534 515 532 515 536 516 537 516 538 516 536 517 538 517 533 517 536 518 533 518 525 518 539 519 540 519 537 519 539 520 537 520 536 520 541 521 542 521 543 521 544 522 541 522 543 522 545 523 546 523 547 523 548 524 546 524 545 524 549 525 550 525 551 525 549 526 551 526 552 526 553 527 554 527 555 527 553 528 555 528 556 528 557 529 558 529 544 529 557 530 544 530 543 530 559 531 543 531 546 531 559 532 548 532 550 532 559 533 546 533 548 533 559 534 557 534 543 534 560 535 561 535 558 535 560 536 558 536 557 536 562 537 559 537 550 537 562 538 550 538 549 538 563 539 561 539 560 539 564 540 565 540 566 540 564 541 566 541 567 541 568 542 561 542 563 542 568 543 556 543 561 543 568 544 553 544 556 544 569 545 562 545 549 545 569 546 549 546 570 546 571 547 564 547 567 547 571 548 553 548 568 548 571 549 572 549 564 549 571 550 567 550 553 550 573 551 569 551 570 551 573 552 570 552 574 552 573 553 574 553 575 553 576 554 572 554 571 554 577 555 578 555 572 555 577 556 572 556 576 556 579 557 580 557 581 557 582 558 579 558 581 558 583 559 581 559 578 559 583 560 578 560 577 560 583 561 582 561 581 561 584 562 582 562 583 562 585 563 582 563 584 563 586 564 587 564 588 564 586 565 588 565 585 565 586 566 585 566 584 566 589 567 569 567 573 567 590 568 584 568 591 568 590 569 586 569 584 569 592 570 593 570 590 570 594 571 591 571 589 571 594 572 592 572 590 572 594 573 590 573 591 573 595 574 594 574 589 574 596 575 589 575 573 575 596 576 595 576 589 576 597 577 595 577 596 577 598 578 595 578 597 578 599 579 600 579 601 579 599 580 601 580 602 580 599 581 602 581 603 581 604 582 599 582 603 582 605 583 603 583 606 583 605 584 604 584 603 584 607 585 606 585 608 585 607 586 605 586 606 586 609 587 607 587 608 587 610 588 607 588 609 588 611 589 612 589 613 589 614 590 613 590 604 590 614 591 604 591 605 591 615 592 611 592 613 592 615 593 613 593 614 593 616 594 617 594 618 594 616 595 618 595 619 595 620 596 621 596 622 596 623 597 620 597 622 597 624 598 622 598 617 598 624 599 616 599 625 599 624 600 617 600 616 600 626 601 623 601 622 601 626 602 622 602 624 602 627 603 624 603 625 603 627 604 625 604 628 604 627 605 628 605 629 605 630 606 631 606 632 606 630 607 632 607 633 607 634 608 627 608 629 608 634 609 629 609 635 609 636 610 637 610 638 610 636 611 638 611 639 611 640 612 641 612 642 612 640 613 642 613 643 613 644 614 645 614 646 614 644 615 646 615 647 615 648 616 634 616 635 616 648 617 645 617 644 617 648 618 635 618 645 618 649 619 648 619 644 619 650 620 649 620 644 620 651 621 631 621 630 621 651 622 652 622 631 622 651 623 630 623 637 623 653 624 652 624 651 624 654 625 652 625 653 625 654 626 655 626 652 626 656 627 657 627 658 627 656 628 658 628 659 628 660 629 643 629 655 629 660 630 640 630 643 630 660 631 655 631 654 631 661 632 651 632 637 632 661 633 637 633 636 633 661 634 636 634 662 634 663 635 659 635 640 635 663 636 656 636 659 636 663 637 640 637 660 637 664 638 649 638 650 638 664 639 650 639 665 639 664 640 665 640 666 640 667 641 668 641 649 641 667 642 649 642 664 642 669 643 656 643 663 643 669 644 663 644 670 644 671 645 668 645 667 645 671 646 667 646 672 646 671 647 672 647 673 647 674 648 661 648 662 648 675 649 676 649 674 649 677 650 675 650 674 650 677 651 674 651 662 651 677 652 662 652 678 652 679 653 680 653 669 653 681 654 668 654 671 654 681 655 682 655 668 655 683 656 679 656 669 656 683 657 669 657 670 657 684 658 677 658 678 658 685 659 682 659 681 659 685 660 678 660 686 660 685 661 686 661 682 661 687 662 678 662 685 662 687 663 684 663 678 663 687 664 688 664 689 664 687 665 689 665 684 665 690 666 670 666 691 666 690 667 683 667 670 667 692 668 693 668 690 668 694 669 690 669 691 669 694 670 692 670 690 670 695 671 691 671 696 671 695 672 694 672 691 672 697 673 696 673 698 673 697 674 699 674 700 674 697 675 700 675 695 675 697 676 695 676 696 676 701 677 702 677 703 677 701 678 703 678 704 678 705 679 697 679 698 679 706 680 707 680 705 680 708 681 698 681 702 681 708 682 702 682 701 682 709 683 706 683 705 683 709 684 698 684 708 684 709 685 705 685 698 685 710 686 711 686 712 686 710 687 712 687 713 687 710 688 713 688 714 688 715 689 716 689 717 689 718 690 714 690 719 690 718 691 710 691 714 691 720 692 716 692 715 692 721 693 719 693 722 693 721 694 722 694 723 694 721 695 718 695 719 695 724 696 718 696 721 696 725 697 720 697 715 697 726 698 715 698 724 698 726 699 724 699 721 699 726 700 725 700 715 700 727 701 728 701 729 701 727 702 729 702 730 702 727 703 730 703 731 703 732 704 727 704 731 704 733 705 732 705 726 705 733 706 726 706 721 706 734 707 732 707 733 707 734 708 727 708 732 708 735 709 733 709 736 709 735 710 734 710 733 710 737 711 738 711 739 711 737 712 739 712 740 712 741 713 742 713 743 713 741 714 743 714 744 714 745 715 746 715 747 715 748 716 749 716 750 716 751 717 750 717 738 717 751 718 738 718 737 718 751 719 748 719 750 719 752 720 753 720 754 720 752 721 754 721 755 721 756 722 747 722 749 722 756 723 749 723 748 723 757 724 737 724 742 724 757 725 742 725 741 725 757 726 751 726 737 726 758 727 747 727 756 727 759 728 745 728 747 728 759 729 747 729 758 729 760 730 753 730 752 730 760 731 757 731 741 731 760 732 741 732 753 732 760 733 752 733 761 733 762 734 761 734 763 734 764 735 761 735 762 735 765 736 760 736 761 736 765 737 761 737 764 737 766 738 765 738 764 738 767 739 765 739 766 739 768 740 769 740 770 740 768 741 770 741 771 741 768 742 771 742 772 742 773 743 774 743 775 743 776 744 773 744 775 744 777 745 767 745 766 745 778 746 767 746 777 746 779 747 769 747 768 747 779 748 776 748 775 748 779 749 775 749 769 749 780 750 776 750 779 750 780 751 779 751 781 751 782 752 778 752 777 752 783 753 780 753 781 753 784 754 783 754 785 754 784 755 780 755 783 755 786 756 787 756 778 756 786 757 778 757 782 757 788 758 784 758 785 758 789 759 790 759 787 759 789 760 787 760 786 760 791 761 792 761 788 761 793 762 785 762 794 762 793 763 791 763 788 763 793 764 788 764 785 764 795 765 790 765 789 765 796 766 797 766 790 766 796 767 790 767 795 767 798 768 793 768 794 768 799 769 800 769 801 769 799 770 801 770 798 770 799 771 798 771 794 771 802 772 797 772 796 772 802 773 803 773 797 773 804 774 794 774 805 774 804 775 799 775 794 775 806 776 803 776 802 776 807 777 806 777 808 777 809 778 810 778 803 778 809 779 803 779 806 779 809 780 806 780 807 780 811 781 805 781 810 781 811 782 804 782 805 782 811 783 810 783 809 783 812 784 813 784 814 784 815 785 813 785 812 785 816 786 817 786 818 786 816 787 818 787 819 787 820 788 821 788 822 788 823 789 824 789 825 789 826 790 825 790 813 790 826 791 813 791 815 791 826 792 823 792 825 792 827 793 828 793 829 793 827 794 829 794 830 794 831 795 822 795 824 795 831 796 824 796 823 796 832 797 815 797 817 797 832 798 817 798 816 798 832 799 826 799 815 799 833 800 822 800 831 800 834 801 820 801 822 801 834 802 822 802 833 802 835 803 828 803 827 803 835 804 832 804 816 804 835 805 816 805 828 805 835 806 827 806 836 806 837 807 836 807 838 807 837 808 838 808 839 808 840 809 835 809 836 809 840 810 836 810 837 810 841 811 840 811 837 811 842 812 840 812 841 812 843 813 844 813 845 813 843 814 845 814 846 814 843 815 846 815 847 815 848 816 849 816 850 816 851 817 848 817 850 817 852 818 842 818 841 818 853 819 842 819 852 819 854 820 850 820 844 820 854 821 844 821 843 821 854 822 851 822 850 822 855 823 851 823 854 823 855 824 854 824 856 824 857 825 853 825 852 825 858 826 855 826 856 826 859 827 858 827 860 827 859 828 855 828 858 828 861 829 862 829 853 829 861 830 853 830 857 830 863 831 859 831 860 831 864 832 865 832 862 832 864 833 862 833 861 833 866 834 867 834 868 834 866 835 868 835 863 835 866 836 863 836 860 836 869 837 865 837 864 837 870 838 871 838 865 838 870 839 865 839 869 839 872 840 860 840 873 840 872 841 866 841 860 841 874 842 875 842 872 842 876 843 874 843 872 843 876 844 872 844 873 844 877 845 871 845 870 845 877 846 878 846 871 846 879 847 873 847 880 847 879 848 876 848 873 848 881 849 878 849 877 849 882 850 881 850 883 850 882 851 883 851 884 851 882 852 878 852 881 852 882 853 885 853 878 853 886 854 879 854 880 854 886 855 885 855 882 855 886 856 880 856 885 856 887 857 888 857 889 857 887 858 889 858 890 858 891 859 892 859 893 859 891 860 893 860 894 860 895 861 896 861 897 861 898 862 899 862 900 862 901 863 902 863 903 863 904 864 903 864 888 864 904 865 888 865 887 865 904 866 901 866 903 866 905 867 899 867 898 867 906 868 897 868 902 868 906 869 902 869 901 869 907 870 887 870 892 870 907 871 892 871 891 871 907 872 904 872 887 872 908 873 897 873 906 873 909 874 895 874 897 874 909 875 897 875 908 875 910 876 899 876 905 876 910 877 907 877 891 877 910 878 891 878 899 878 910 879 905 879 911 879 912 880 911 880 913 880 912 881 913 881 914 881 915 882 910 882 911 882 915 883 911 883 912 883 916 884 915 884 912 884 917 885 915 885 916 885 918 886 919 886 920 886 918 887 920 887 921 887 918 888 921 888 922 888 923 889 924 889 925 889 926 890 923 890 925 890 927 891 917 891 916 891 928 892 917 892 927 892 929 893 925 893 919 893 929 894 919 894 918 894 929 895 926 895 925 895 930 896 929 896 931 896 930 897 926 897 929 897 932 898 928 898 927 898 933 899 930 899 931 899 934 900 933 900 935 900 934 901 930 901 933 901 936 902 937 902 928 902 936 903 928 903 932 903 938 904 934 904 935 904 939 905 940 905 937 905 939 906 937 906 936 906 941 907 942 907 943 907 941 908 943 908 938 908 941 909 938 909 935 909 944 910 940 910 939 910 945 911 946 911 940 911 945 912 940 912 944 912 947 913 935 913 948 913 947 914 941 914 935 914 949 915 950 915 947 915 951 916 949 916 947 916 951 917 947 917 948 917 952 918 946 918 945 918 952 919 953 919 946 919 954 920 948 920 955 920 954 921 951 921 948 921 956 922 953 922 952 922 957 923 956 923 958 923 957 924 958 924 959 924 957 925 953 925 956 925 957 926 960 926 953 926 961 927 954 927 955 927 961 928 960 928 957 928 961 929 955 929 960 929 962 930 963 930 964 930 965 931 963 931 962 931 966 932 965 932 962 932 967 933 968 933 969 933 970 934 962 934 968 934 970 935 966 935 962 935 971 936 968 936 967 936 971 937 970 937 968 937 972 938 973 938 974 938 972 939 974 939 975 939 972 940 975 940 976 940 977 941 978 941 979 941 980 942 976 942 978 942 980 943 972 943 976 943 981 944 978 944 977 944 981 945 980 945 978 945 982 946 983 946 984 946 982 947 984 947 985 947 982 948 985 948 986 948 987 949 986 949 988 949 987 950 988 950 989 950 987 951 982 951 986 951 990 952 987 952 989 952 991 953 987 953 990 953 992 954 993 954 994 954 992 955 994 955 995 955 996 956 992 956 995 956 997 957 998 957 999 957 1000 958 995 958 998 958 1000 959 996 959 995 959 1001 960 998 960 997 960 1001 961 1000 961 998 961 1002 962 1003 962 1004 962 1002 963 1004 963 1005 963 1006 964 1007 964 1008 964 1006 965 1008 965 1009 965 1010 966 1011 966 1012 966 1010 967 1012 967 1013 967 1014 968 1015 968 1003 968 1014 969 1002 969 1007 969 1014 970 1003 970 1002 970 1016 971 1017 971 1015 971 1016 972 1015 972 1014 972 1018 973 1019 973 1017 973 1018 974 1017 974 1016 974 1020 975 1014 975 1007 975 1020 976 1007 976 1006 976 1021 977 1022 977 1023 977 1024 978 1013 978 1019 978 1024 979 1010 979 1013 979 1024 980 1019 980 1018 980 1025 981 1021 981 1023 981 1026 982 1006 982 1027 982 1026 983 1020 983 1006 983 1028 984 1025 984 1023 984 1028 985 1029 985 1025 985 1028 986 1023 986 1010 986 1028 987 1010 987 1024 987 1030 988 1026 988 1027 988 1030 989 1027 989 1031 989 1030 990 1031 990 1032 990 1033 991 1029 991 1028 991 1034 992 1035 992 1029 992 1034 993 1029 993 1033 993 1036 994 1037 994 1038 994 1036 995 1038 995 1039 995 1040 996 1039 996 1035 996 1040 997 1035 997 1034 997 1040 998 1036 998 1039 998 1041 999 1036 999 1040 999 1042 1000 1036 1000 1041 1000 1043 1001 1044 1001 1045 1001 1043 1002 1045 1002 1042 1002 1043 1003 1042 1003 1041 1003 1046 1004 1041 1004 1047 1004 1046 1005 1043 1005 1041 1005 1048 1006 1049 1006 1046 1006 1050 1007 1048 1007 1046 1007 1050 1008 1047 1008 1051 1008 1050 1009 1046 1009 1047 1009 1052 1010 1051 1010 1026 1010 1052 1011 1026 1011 1030 1011 1053 1012 1051 1012 1052 1012 1053 1013 1050 1013 1051 1013 1054 1014 1055 1014 1053 1014 1054 1015 1053 1015 1052 1015 1056 1016 1057 1016 1058 1016 1056 1017 1058 1017 1059 1017 1056 1018 1059 1018 1060 1018 1061 1019 1060 1019 1062 1019 1061 1020 1056 1020 1060 1020 1063 1021 1062 1021 1064 1021 1063 1022 1064 1022 1065 1022 1063 1023 1061 1023 1062 1023 1066 1024 1061 1024 1063 1024 1067 1025 1068 1025 1069 1025 1067 1026 1069 1026 1070 1026 1067 1027 1070 1027 1071 1027 1072 1028 1073 1028 1074 1028 1075 1029 1073 1029 1072 1029 1076 1030 1071 1030 1066 1030 1076 1031 1066 1031 1063 1031 1076 1032 1067 1032 1071 1032 1077 1033 1075 1033 1072 1033 1078 1034 1077 1034 1072 1034 1079 1035 1077 1035 1078 1035 1080 1036 1078 1036 1076 1036 1080 1037 1076 1037 1063 1037 1080 1038 1079 1038 1078 1038 1081 1039 1082 1039 1079 1039 1081 1040 1079 1040 1080 1040 1083 1041 1084 1041 1085 1041 1086 1042 1084 1042 1083 1042 1087 1043 1088 1043 1089 1043 1090 1044 1088 1044 1087 1044 1091 1045 1092 1045 1093 1045 1094 1046 1091 1046 1093 1046 1095 1047 1096 1047 1084 1047 1095 1048 1086 1048 1088 1048 1095 1049 1084 1049 1086 1049 1097 1050 1098 1050 1096 1050 1097 1051 1096 1051 1095 1051 1099 1052 1100 1052 1098 1052 1099 1053 1098 1053 1097 1053 1101 1054 1095 1054 1088 1054 1101 1055 1088 1055 1090 1055 1102 1056 1103 1056 1104 1056 1105 1057 1093 1057 1100 1057 1105 1058 1094 1058 1093 1058 1105 1059 1100 1059 1099 1059 1106 1060 1102 1060 1104 1060 1107 1061 1090 1061 1108 1061 1107 1062 1101 1062 1090 1062 1109 1063 1106 1063 1104 1063 1109 1064 1110 1064 1106 1064 1109 1065 1104 1065 1094 1065 1109 1066 1094 1066 1105 1066 1111 1067 1108 1067 1112 1067 1111 1068 1112 1068 1113 1068 1111 1069 1107 1069 1108 1069 1114 1070 1110 1070 1109 1070 1115 1071 1110 1071 1114 1071 1115 1072 1116 1072 1110 1072 1117 1073 1118 1073 1119 1073 1120 1074 1117 1074 1119 1074 1121 1075 1119 1075 1116 1075 1121 1076 1116 1076 1115 1076 1121 1077 1120 1077 1119 1077 1122 1078 1120 1078 1121 1078 1123 1079 1120 1079 1122 1079 1124 1080 1125 1080 1123 1080 1126 1081 1123 1081 1122 1081 1126 1082 1124 1082 1123 1082 1127 1083 1126 1083 1122 1083 1127 1084 1122 1084 1128 1084 1129 1085 1130 1085 1127 1085 1131 1086 1128 1086 1132 1086 1131 1087 1127 1087 1128 1087 1131 1088 1129 1088 1127 1088 1133 1089 1107 1089 1111 1089 1133 1090 1132 1090 1107 1090 1134 1091 1131 1091 1132 1091 1134 1092 1132 1092 1133 1092 1135 1093 1136 1093 1134 1093 1135 1094 1134 1094 1133 1094 1137 1095 1138 1095 1139 1095 1137 1096 1139 1096 1140 1096 1137 1097 1140 1097 1141 1097 1142 1098 1137 1098 1141 1098 1143 1099 1137 1099 1142 1099 1144 1100 1142 1100 1145 1100 1144 1101 1145 1101 1146 1101 1144 1102 1143 1102 1142 1102 1147 1103 1148 1103 1149 1103 1147 1104 1149 1104 1150 1104 1151 1105 1148 1105 1147 1105 1151 1106 1152 1106 1148 1106 1151 1107 1147 1107 1153 1107 1154 1108 1152 1108 1151 1108 1154 1109 1155 1109 1156 1109 1154 1110 1156 1110 1157 1110 1154 1111 1157 1111 1152 1111 1158 1112 1151 1112 1153 1112 1158 1113 1153 1113 1159 1113 1160 1114 1161 1114 1162 1114 1163 1115 1160 1115 1162 1115 1164 1116 1165 1116 1166 1116 1164 1117 1166 1117 1167 1117 1168 1118 1158 1118 1159 1118 1168 1119 1159 1119 1169 1119 1168 1120 1169 1120 1170 1120 1171 1121 1172 1121 1173 1121 1171 1122 1173 1122 1174 1122 1175 1123 1176 1123 1177 1123 1178 1124 1175 1124 1177 1124 1179 1125 1180 1125 1181 1125 1179 1126 1181 1126 1182 1126 1183 1127 1168 1127 1170 1127 1183 1128 1180 1128 1179 1128 1183 1129 1170 1129 1180 1129 1184 1130 1183 1130 1179 1130 1185 1131 1184 1131 1179 1131 1186 1132 1187 1132 1188 1132 1189 1133 1162 1133 1165 1133 1189 1134 1164 1134 1172 1134 1189 1135 1165 1135 1164 1135 1190 1136 1163 1136 1162 1136 1190 1137 1162 1137 1189 1137 1191 1138 1186 1138 1188 1138 1192 1139 1177 1139 1163 1139 1192 1140 1178 1140 1177 1140 1192 1141 1163 1141 1190 1141 1193 1142 1171 1142 1194 1142 1193 1143 1189 1143 1172 1143 1193 1144 1172 1144 1171 1144 1195 1145 1188 1145 1178 1145 1195 1146 1191 1146 1188 1146 1195 1147 1178 1147 1192 1147 1196 1148 1185 1148 1197 1148 1196 1149 1197 1149 1198 1149 1196 1150 1184 1150 1185 1150 1199 1151 1200 1151 1184 1151 1199 1152 1184 1152 1196 1152 1201 1153 1195 1153 1202 1153 1201 1154 1191 1154 1195 1154 1203 1155 1193 1155 1194 1155 1204 1156 1205 1156 1203 1156 1206 1157 1200 1157 1199 1157 1206 1158 1199 1158 1207 1158 1206 1159 1207 1159 1208 1159 1209 1160 1203 1160 1194 1160 1209 1161 1204 1161 1203 1161 1209 1162 1194 1162 1210 1162 1211 1163 1212 1163 1201 1163 1213 1164 1209 1164 1210 1164 1214 1165 1200 1165 1206 1165 1214 1166 1215 1166 1200 1166 1216 1167 1201 1167 1202 1167 1216 1168 1211 1168 1201 1168 1217 1169 1218 1169 1213 1169 1219 1170 1215 1170 1214 1170 1219 1171 1210 1171 1215 1171 1219 1172 1214 1172 1220 1172 1219 1173 1220 1173 1221 1173 1222 1174 1213 1174 1210 1174 1222 1175 1217 1175 1213 1175 1222 1176 1210 1176 1219 1176 1223 1177 1202 1177 1224 1177 1223 1178 1216 1178 1202 1178 1225 1179 1226 1179 1223 1179 1227 1180 1223 1180 1224 1180 1227 1181 1225 1181 1223 1181 1228 1182 1229 1182 1230 1182 1231 1183 1224 1183 1232 1183 1231 1184 1227 1184 1224 1184 1233 1185 1231 1185 1232 1185 1233 1186 1232 1186 1234 1186 1233 1187 1235 1187 1236 1187 1233 1188 1236 1188 1231 1188 1237 1189 1229 1189 1228 1189 1238 1190 1233 1190 1234 1190 1239 1191 1240 1191 1238 1191 1241 1192 1234 1192 1229 1192 1241 1193 1229 1193 1237 1193 1242 1194 1239 1194 1238 1194 1242 1195 1234 1195 1241 1195 1242 1196 1238 1196 1234 1196 1243 1197 1244 1197 1245 1197 1243 1198 1245 1198 1246 1198 1243 1199 1246 1199 1247 1199 1248 1200 1249 1200 1250 1200 1251 1201 1244 1201 1243 1201 1252 1202 1249 1202 1248 1202 1253 1203 1244 1203 1251 1203 1254 1204 1249 1204 1252 1204 1255 1205 1256 1205 1257 1205 1255 1206 1257 1206 1253 1206 1255 1207 1253 1207 1251 1207 1258 1208 1259 1208 1254 1208 1258 1209 1254 1209 1252 1209 1260 1210 1261 1210 1262 1210 1260 1211 1262 1211 1259 1211 1260 1212 1259 1212 1258 1212 1251 1213 1249 1213 1255 1213 1255 1214 1249 1214 1254 1214 1263 1215 1264 1215 1265 1215 1263 1216 1265 1216 1266 1216 1267 1217 1268 1217 1269 1217 1267 1218 1269 1218 1270 1218 1271 1219 1272 1219 1273 1219 1274 1220 1271 1220 1273 1220 1275 1221 1276 1221 1264 1221 1275 1222 1263 1222 1268 1222 1275 1223 1264 1223 1263 1223 1277 1224 1278 1224 1276 1224 1277 1225 1276 1225 1275 1225 1279 1226 1280 1226 1278 1226 1279 1227 1278 1227 1277 1227 1281 1228 1275 1228 1268 1228 1281 1229 1268 1229 1267 1229 1282 1230 1273 1230 1280 1230 1282 1231 1274 1231 1273 1231 1282 1232 1280 1232 1279 1232 1283 1233 1284 1233 1285 1233 1283 1234 1285 1234 1286 1234 1287 1235 1267 1235 1288 1235 1287 1236 1281 1236 1267 1236 1289 1237 1283 1237 1286 1237 1289 1238 1290 1238 1283 1238 1289 1239 1286 1239 1274 1239 1289 1240 1274 1240 1282 1240 1291 1241 1288 1241 1292 1241 1291 1242 1292 1242 1293 1242 1291 1243 1287 1243 1288 1243 1294 1244 1290 1244 1289 1244 1295 1245 1290 1245 1294 1245 1295 1246 1296 1246 1290 1246 1297 1247 1298 1247 1299 1247 1300 1248 1297 1248 1299 1248 1301 1249 1299 1249 1296 1249 1301 1250 1296 1250 1295 1250 1301 1251 1300 1251 1299 1251 1302 1252 1300 1252 1301 1252 1303 1253 1300 1253 1302 1253 1304 1254 1305 1254 1306 1254 1304 1255 1306 1255 1303 1255 1304 1256 1303 1256 1302 1256 1307 1257 1287 1257 1291 1257 1308 1258 1304 1258 1302 1258 1308 1259 1302 1259 1309 1259 1310 1260 1311 1260 1308 1260 1312 1261 1309 1261 1307 1261 1312 1262 1308 1262 1309 1262 1312 1263 1310 1263 1308 1263 1313 1264 1307 1264 1291 1264 1314 1265 1312 1265 1307 1265 1314 1266 1307 1266 1313 1266 1315 1267 1316 1267 1314 1267 1315 1268 1314 1268 1313 1268 1317 1269 1318 1269 1319 1269 1317 1270 1319 1270 1320 1270 1321 1271 1318 1271 1317 1271 1321 1272 1322 1272 1318 1272 1321 1273 1317 1273 1323 1273 1324 1274 1322 1274 1321 1274 1324 1275 1325 1275 1326 1275 1324 1276 1326 1276 1327 1276 1324 1277 1327 1277 1322 1277 1328 1278 1321 1278 1323 1278 1328 1279 1323 1279 1329 1279 1330 1280 1331 1280 1332 1280 1330 1281 1332 1281 1333 1281 1334 1282 1335 1282 1336 1282 1334 1283 1336 1283 1337 1283 1338 1284 1328 1284 1329 1284 1338 1285 1329 1285 1339 1285 1338 1286 1339 1286 1340 1286 1341 1287 1342 1287 1343 1287 1341 1288 1343 1288 1344 1288 1345 1289 1346 1289 1347 1289 1345 1290 1347 1290 1348 1290 1349 1291 1350 1291 1351 1291 1349 1292 1351 1292 1352 1292 1353 1293 1338 1293 1340 1293 1353 1294 1340 1294 1350 1294 1353 1295 1350 1295 1349 1295 1354 1296 1353 1296 1349 1296 1355 1297 1354 1297 1349 1297 1356 1298 1333 1298 1335 1298 1356 1299 1334 1299 1342 1299 1356 1300 1335 1300 1334 1300 1357 1301 1330 1301 1333 1301 1357 1302 1333 1302 1356 1302 1358 1303 1359 1303 1360 1303 1358 1304 1360 1304 1361 1304 1362 1305 1348 1305 1330 1305 1362 1306 1345 1306 1348 1306 1362 1307 1330 1307 1357 1307 1363 1308 1341 1308 1364 1308 1363 1309 1356 1309 1342 1309 1363 1310 1342 1310 1341 1310 1365 1311 1355 1311 1366 1311 1367 1312 1345 1312 1362 1312 1367 1313 1361 1313 1345 1313 1367 1314 1358 1314 1361 1314 1368 1315 1355 1315 1365 1315 1368 1316 1354 1316 1355 1316 1369 1317 1354 1317 1368 1317 1369 1318 1370 1318 1354 1318 1371 1319 1358 1319 1367 1319 1371 1320 1367 1320 1372 1320 1373 1321 1363 1321 1364 1321 1374 1322 1375 1322 1373 1322 1376 1323 1364 1323 1377 1323 1376 1324 1373 1324 1364 1324 1376 1325 1374 1325 1373 1325 1378 1326 1370 1326 1369 1326 1378 1327 1369 1327 1379 1327 1378 1328 1379 1328 1380 1328 1381 1329 1382 1329 1371 1329 1383 1330 1376 1330 1377 1330 1384 1331 1385 1331 1370 1331 1384 1332 1370 1332 1378 1332 1386 1333 1371 1333 1372 1333 1386 1334 1381 1334 1371 1334 1387 1335 1388 1335 1383 1335 1389 1336 1385 1336 1384 1336 1389 1337 1377 1337 1385 1337 1389 1338 1384 1338 1390 1338 1389 1339 1390 1339 1391 1339 1392 1340 1383 1340 1377 1340 1392 1341 1377 1341 1389 1341 1392 1342 1387 1342 1383 1342 1393 1343 1386 1343 1372 1343 1393 1344 1372 1344 1394 1344 1395 1345 1396 1345 1393 1345 1397 1346 1393 1346 1394 1346 1397 1347 1395 1347 1393 1347 1398 1348 1397 1348 1394 1348 1398 1349 1394 1349 1399 1349 1400 1350 1401 1350 1398 1350 1402 1351 1398 1351 1399 1351 1402 1352 1399 1352 1403 1352 1402 1353 1400 1353 1398 1353 1404 1354 1405 1354 1406 1354 1404 1355 1406 1355 1407 1355 1408 1356 1402 1356 1403 1356 1409 1357 1410 1357 1408 1357 1411 1358 1405 1358 1404 1358 1411 1359 1403 1359 1405 1359 1412 1360 1403 1360 1411 1360 1412 1361 1408 1361 1403 1361 1412 1362 1409 1362 1408 1362 1413 1363 1414 1363 1415 1363 1416 1364 1414 1364 1413 1364 1417 1365 1418 1365 1419 1365 1420 1366 1418 1366 1417 1366 1421 1367 1422 1367 1423 1367 1421 1368 1423 1368 1424 1368 1425 1369 1426 1369 1414 1369 1425 1370 1414 1370 1416 1370 1427 1371 1428 1371 1426 1371 1427 1372 1426 1372 1425 1372 1429 1373 1416 1373 1418 1373 1429 1374 1420 1374 1422 1374 1429 1375 1425 1375 1416 1375 1429 1376 1418 1376 1420 1376 1430 1377 1428 1377 1427 1377 1430 1378 1431 1378 1432 1378 1430 1379 1432 1379 1428 1379 1433 1380 1431 1380 1430 1380 1433 1381 1434 1381 1431 1381 1435 1382 1421 1382 1436 1382 1435 1383 1429 1383 1422 1383 1435 1384 1422 1384 1421 1384 1437 1385 1436 1385 1438 1385 1437 1386 1438 1386 1439 1386 1440 1387 1436 1387 1437 1387 1440 1388 1435 1388 1436 1388 1441 1389 1434 1389 1433 1389 1441 1390 1442 1390 1443 1390 1441 1391 1443 1391 1434 1391 1444 1392 1440 1392 1437 1392 1445 1393 1440 1393 1444 1393 1446 1394 1447 1394 1442 1394 1446 1395 1442 1395 1441 1395 1448 1396 1449 1396 1450 1396 1448 1397 1450 1397 1451 1397 1452 1398 1445 1398 1444 1398 1453 1399 1445 1399 1452 1399 1454 1400 1451 1400 1447 1400 1454 1401 1447 1401 1446 1401 1454 1402 1448 1402 1451 1402 1455 1403 1448 1403 1454 1403 1456 1404 1448 1404 1455 1404 1457 1405 1453 1405 1452 1405 1458 1406 1456 1406 1455 1406 1459 1407 1456 1407 1458 1407 1459 1408 1458 1408 1460 1408 1461 1409 1462 1409 1453 1409 1461 1410 1453 1410 1457 1410 1463 1411 1459 1411 1460 1411 1464 1412 1462 1412 1461 1412 1464 1413 1465 1413 1462 1413 1466 1414 1467 1414 1463 1414 1468 1415 1466 1415 1463 1415 1468 1416 1460 1416 1469 1416 1468 1417 1463 1417 1460 1417 1470 1418 1465 1418 1464 1418 1471 1419 1472 1419 1465 1419 1471 1420 1465 1420 1470 1420 1473 1421 1468 1421 1469 1421 1474 1422 1473 1422 1469 1422 1474 1423 1475 1423 1476 1423 1474 1424 1476 1424 1473 1424 1477 1425 1478 1425 1472 1425 1477 1426 1472 1426 1471 1426 1479 1427 1474 1427 1469 1427 1479 1428 1469 1428 1480 1428 1481 1429 1478 1429 1477 1429 1482 1430 1481 1430 1483 1430 1484 1431 1478 1431 1481 1431 1484 1432 1481 1432 1482 1432 1484 1433 1485 1433 1478 1433 1486 1434 1479 1434 1480 1434 1486 1435 1485 1435 1484 1435 1486 1436 1480 1436 1485 1436 1487 1437 1488 1437 1489 1437 1487 1438 1489 1438 1490 1438 1487 1439 1490 1439 1491 1439 1492 1440 1493 1440 1494 1440 1492 1441 1494 1441 1488 1441 1492 1442 1488 1442 1487 1442 1495 1443 1493 1443 1492 1443 1496 1444 1495 1444 1492 1444 1497 1445 1498 1445 1499 1445 1497 1446 1499 1446 1500 1446 1501 1447 1502 1447 1503 1447 1501 1448 1503 1448 1504 1448 1505 1449 1506 1449 1507 1449 1508 1450 1509 1450 1510 1450 1511 1451 1510 1451 1498 1451 1511 1452 1498 1452 1497 1452 1511 1453 1508 1453 1510 1453 1512 1454 1513 1454 1514 1454 1512 1455 1514 1455 1515 1455 1516 1456 1507 1456 1509 1456 1516 1457 1509 1457 1508 1457 1517 1458 1497 1458 1502 1458 1517 1459 1502 1459 1501 1459 1517 1460 1511 1460 1497 1460 1518 1461 1507 1461 1516 1461 1519 1462 1505 1462 1507 1462 1519 1463 1507 1463 1518 1463 1520 1464 1513 1464 1512 1464 1520 1465 1517 1465 1501 1465 1520 1466 1501 1466 1513 1466 1520 1467 1512 1467 1521 1467 1522 1468 1521 1468 1523 1468 1524 1469 1521 1469 1522 1469 1525 1470 1520 1470 1521 1470 1525 1471 1521 1471 1524 1471 1526 1472 1525 1472 1524 1472 1527 1473 1525 1473 1526 1473 1528 1474 1529 1474 1530 1474 1528 1475 1530 1475 1531 1475 1528 1476 1531 1476 1532 1476 1533 1477 1534 1477 1535 1477 1536 1478 1533 1478 1535 1478 1537 1479 1527 1479 1526 1479 1538 1480 1527 1480 1537 1480 1539 1481 1535 1481 1529 1481 1539 1482 1529 1482 1528 1482 1539 1483 1536 1483 1535 1483 1540 1484 1539 1484 1541 1484 1540 1485 1536 1485 1539 1485 1542 1486 1538 1486 1537 1486 1543 1487 1540 1487 1541 1487 1544 1488 1543 1488 1545 1488 1544 1489 1540 1489 1543 1489 1546 1490 1547 1490 1538 1490 1546 1491 1538 1491 1542 1491 1548 1492 1544 1492 1545 1492 1549 1493 1550 1493 1547 1493 1549 1494 1547 1494 1546 1494 1551 1495 1552 1495 1548 1495 1553 1496 1545 1496 1554 1496 1553 1497 1548 1497 1545 1497 1553 1498 1551 1498 1548 1498 1555 1499 1550 1499 1549 1499 1556 1500 1557 1500 1550 1500 1556 1501 1550 1501 1555 1501 1558 1502 1553 1502 1554 1502 1559 1503 1560 1503 1561 1503 1559 1504 1561 1504 1558 1504 1559 1505 1558 1505 1554 1505 1562 1506 1557 1506 1556 1506 1562 1507 1563 1507 1557 1507 1564 1508 1559 1508 1554 1508 1564 1509 1554 1509 1565 1509 1566 1510 1563 1510 1562 1510 1567 1511 1563 1511 1566 1511 1567 1512 1566 1512 1568 1512 1567 1513 1568 1513 1569 1513 1567 1514 1570 1514 1563 1514 1571 1515 1564 1515 1565 1515 1571 1516 1570 1516 1567 1516 1571 1517 1565 1517 1570 1517 1572 1518 1573 1518 1574 1518 1572 1519 1574 1519 1575 1519 1576 1520 1573 1520 1572 1520 1577 1521 1576 1521 1572 1521 1578 1522 1579 1522 1580 1522 1578 1523 1580 1523 1581 1523 1578 1524 1581 1524 1582 1524 1583 1525 1577 1525 1572 1525 1584 1526 1583 1526 1585 1526 1584 1527 1585 1527 1586 1527 1584 1528 1577 1528 1583 1528 1587 1529 1588 1529 1577 1529 1587 1530 1577 1530 1584 1530 1589 1531 1590 1531 1591 1531 1589 1532 1591 1532 1592 1532 1589 1533 1592 1533 1588 1533 1589 1534 1588 1534 1587 1534 1593 1535 1587 1535 1584 1535 1594 1536 1595 1536 1593 1536 1594 1537 1584 1537 1578 1537 1594 1538 1593 1538 1584 1538 1596 1539 1597 1539 1598 1539 1596 1540 1598 1540 1595 1540 1596 1541 1595 1541 1594 1541 1584 1542 1579 1542 1578 1542 1599 1543 1600 1543 1601 1543 1599 1544 1601 1544 1602 1544 1603 1545 1604 1545 1605 1545 1606 1546 1604 1546 1603 1546 1607 1547 1608 1547 1609 1547 1607 1548 1609 1548 1610 1548 1611 1549 1612 1549 1600 1549 1611 1550 1599 1550 1604 1550 1611 1551 1600 1551 1599 1551 1613 1552 1614 1552 1612 1552 1613 1553 1612 1553 1611 1553 1615 1554 1616 1554 1614 1554 1615 1555 1614 1555 1613 1555 1617 1556 1611 1556 1604 1556 1617 1557 1604 1557 1606 1557 1618 1558 1610 1558 1616 1558 1618 1559 1607 1559 1610 1559 1618 1560 1616 1560 1615 1560 1619 1561 1620 1561 1621 1561 1619 1562 1621 1562 1622 1562 1623 1563 1606 1563 1624 1563 1623 1564 1617 1564 1606 1564 1625 1565 1619 1565 1622 1565 1625 1566 1626 1566 1619 1566 1625 1567 1622 1567 1607 1567 1625 1568 1607 1568 1618 1568 1627 1569 1623 1569 1624 1569 1627 1570 1624 1570 1628 1570 1627 1571 1628 1571 1629 1571 1630 1572 1626 1572 1625 1572 1631 1573 1632 1573 1626 1573 1631 1574 1626 1574 1630 1574 1633 1575 1634 1575 1635 1575 1636 1576 1633 1576 1635 1576 1637 1577 1635 1577 1632 1577 1637 1578 1632 1578 1631 1578 1637 1579 1636 1579 1635 1579 1638 1580 1636 1580 1637 1580 1639 1581 1636 1581 1638 1581 1640 1582 1641 1582 1642 1582 1640 1583 1642 1583 1639 1583 1640 1584 1639 1584 1638 1584 1643 1585 1623 1585 1627 1585 1644 1586 1638 1586 1645 1586 1644 1587 1640 1587 1638 1587 1646 1588 1647 1588 1644 1588 1648 1589 1646 1589 1644 1589 1648 1590 1645 1590 1643 1590 1648 1591 1644 1591 1645 1591 1649 1592 1643 1592 1627 1592 1650 1593 1643 1593 1649 1593 1650 1594 1648 1594 1643 1594 1651 1595 1652 1595 1650 1595 1651 1596 1650 1596 1649 1596 1653 1597 1654 1597 1655 1597 1653 1598 1655 1598 1656 1598 1657 1599 1658 1599 1659 1599 1657 1600 1659 1600 1660 1600 1661 1601 1662 1601 1663 1601 1664 1602 1665 1602 1666 1602 1667 1603 1668 1603 1669 1603 1670 1604 1669 1604 1654 1604 1670 1605 1654 1605 1653 1605 1670 1606 1667 1606 1669 1606 1671 1607 1665 1607 1664 1607 1672 1608 1663 1608 1668 1608 1672 1609 1668 1609 1667 1609 1673 1610 1653 1610 1658 1610 1673 1611 1657 1611 1665 1611 1673 1612 1658 1612 1657 1612 1673 1613 1670 1613 1653 1613 1674 1614 1663 1614 1672 1614 1675 1615 1661 1615 1663 1615 1675 1616 1663 1616 1674 1616 1676 1617 1665 1617 1671 1617 1676 1618 1673 1618 1665 1618 1676 1619 1671 1619 1677 1619 1678 1620 1677 1620 1679 1620 1678 1621 1679 1621 1680 1621 1681 1622 1676 1622 1677 1622 1681 1623 1677 1623 1678 1623 1682 1624 1681 1624 1678 1624 1683 1625 1681 1625 1682 1625 1684 1626 1685 1626 1686 1626 1684 1627 1686 1627 1687 1627 1684 1628 1687 1628 1688 1628 1689 1629 1690 1629 1691 1629 1692 1630 1689 1630 1691 1630 1693 1631 1683 1631 1682 1631 1694 1632 1683 1632 1693 1632 1695 1633 1685 1633 1684 1633 1695 1634 1692 1634 1691 1634 1695 1635 1691 1635 1685 1635 1696 1636 1692 1636 1695 1636 1696 1637 1695 1637 1697 1637 1698 1638 1694 1638 1693 1638 1699 1639 1696 1639 1697 1639 1700 1640 1699 1640 1701 1640 1700 1641 1696 1641 1699 1641 1702 1642 1703 1642 1694 1642 1702 1643 1694 1643 1698 1643 1704 1644 1700 1644 1701 1644 1705 1645 1706 1645 1703 1645 1705 1646 1703 1646 1702 1646 1707 1647 1708 1647 1704 1647 1709 1648 1704 1648 1701 1648 1709 1649 1707 1649 1704 1649 1710 1650 1706 1650 1705 1650 1711 1651 1712 1651 1706 1651 1711 1652 1706 1652 1710 1652 1713 1653 1701 1653 1714 1653 1713 1654 1709 1654 1701 1654 1715 1655 1716 1655 1713 1655 1717 1656 1713 1656 1714 1656 1717 1657 1715 1657 1713 1657 1718 1658 1719 1658 1712 1658 1718 1659 1712 1659 1711 1659 1720 1660 1717 1660 1714 1660 1720 1661 1714 1661 1721 1661 1722 1662 1719 1662 1718 1662 1723 1663 1722 1663 1724 1663 1725 1664 1719 1664 1722 1664 1725 1665 1722 1665 1723 1665 1725 1666 1726 1666 1719 1666 1727 1667 1720 1667 1721 1667 1727 1668 1726 1668 1725 1668 1727 1669 1721 1669 1726 1669 1728 1670 1729 1670 1730 1670 1728 1671 1730 1671 1731 1671 1732 1672 1733 1672 1734 1672 1732 1673 1734 1673 1735 1673 1736 1674 1737 1674 1738 1674 1739 1675 1738 1675 1729 1675 1739 1676 1729 1676 1728 1676 1739 1677 1736 1677 1738 1677 1740 1678 1741 1678 1742 1678 1740 1679 1742 1679 1743 1679 1744 1680 1745 1680 1737 1680 1744 1681 1737 1681 1736 1681 1746 1682 1728 1682 1733 1682 1746 1683 1733 1683 1732 1683 1746 1684 1739 1684 1728 1684 1747 1685 1745 1685 1744 1685 1747 1686 1748 1686 1745 1686 1749 1687 1748 1687 1747 1687 1749 1688 1750 1688 1748 1688 1751 1689 1740 1689 1752 1689 1751 1690 1741 1690 1740 1690 1751 1691 1746 1691 1732 1691 1751 1692 1732 1692 1741 1692 1753 1693 1752 1693 1754 1693 1753 1694 1754 1694 1755 1694 1756 1695 1752 1695 1753 1695 1756 1696 1751 1696 1752 1696 1757 1697 1756 1697 1753 1697 1758 1698 1756 1698 1757 1698 1759 1699 1760 1699 1761 1699 1759 1700 1761 1700 1762 1700 1759 1701 1762 1701 1763 1701 1764 1702 1765 1702 1766 1702 1767 1703 1764 1703 1766 1703 1768 1704 1758 1704 1757 1704 1769 1705 1758 1705 1768 1705 1770 1706 1760 1706 1759 1706 1770 1707 1766 1707 1760 1707 1770 1708 1767 1708 1766 1708 1771 1709 1770 1709 1772 1709 1771 1710 1767 1710 1770 1710 1773 1711 1769 1711 1768 1711 1774 1712 1771 1712 1772 1712 1775 1713 1774 1713 1776 1713 1775 1714 1771 1714 1774 1714 1777 1715 1778 1715 1769 1715 1777 1716 1769 1716 1773 1716 1779 1717 1775 1717 1776 1717 1780 1718 1781 1718 1778 1718 1780 1719 1778 1719 1777 1719 1782 1720 1783 1720 1779 1720 1784 1721 1779 1721 1776 1721 1784 1722 1782 1722 1779 1722 1785 1723 1781 1723 1780 1723 1786 1724 1787 1724 1781 1724 1786 1725 1781 1725 1785 1725 1788 1726 1776 1726 1789 1726 1788 1727 1784 1727 1776 1727 1790 1728 1791 1728 1788 1728 1792 1729 1790 1729 1788 1729 1792 1730 1788 1730 1789 1730 1793 1731 1787 1731 1786 1731 1793 1732 1794 1732 1787 1732 1795 1733 1789 1733 1796 1733 1795 1734 1792 1734 1789 1734 1797 1735 1794 1735 1793 1735 1798 1736 1797 1736 1799 1736 1800 1737 1794 1737 1797 1737 1800 1738 1797 1738 1798 1738 1800 1739 1801 1739 1794 1739 1802 1740 1795 1740 1796 1740 1802 1741 1801 1741 1800 1741 1802 1742 1796 1742 1801 1742 1803 1743 1804 1743 1805 1743 1803 1744 1805 1744 1806 1744 1807 1745 1808 1745 1809 1745 1810 1746 1808 1746 1807 1746 1811 1747 1812 1747 1813 1747 1811 1748 1813 1748 1814 1748 1815 1749 1816 1749 1804 1749 1815 1750 1803 1750 1808 1750 1815 1751 1804 1751 1803 1751 1817 1752 1818 1752 1816 1752 1817 1753 1816 1753 1815 1753 1819 1754 1820 1754 1818 1754 1819 1755 1818 1755 1817 1755 1821 1756 1815 1756 1808 1756 1821 1757 1808 1757 1810 1757 1822 1758 1814 1758 1820 1758 1822 1759 1811 1759 1814 1759 1822 1760 1820 1760 1819 1760 1823 1761 1824 1761 1825 1761 1823 1762 1825 1762 1826 1762 1827 1763 1810 1763 1828 1763 1827 1764 1821 1764 1810 1764 1829 1765 1823 1765 1826 1765 1829 1766 1830 1766 1823 1766 1829 1767 1826 1767 1811 1767 1829 1768 1811 1768 1822 1768 1831 1769 1828 1769 1832 1769 1831 1770 1832 1770 1833 1770 1831 1771 1827 1771 1828 1771 1834 1772 1830 1772 1829 1772 1835 1773 1830 1773 1834 1773 1835 1774 1836 1774 1830 1774 1837 1775 1838 1775 1839 1775 1840 1776 1837 1776 1839 1776 1841 1777 1839 1777 1836 1777 1841 1778 1836 1778 1835 1778 1841 1779 1840 1779 1839 1779 1842 1780 1840 1780 1841 1780 1843 1781 1840 1781 1842 1781 1844 1782 1845 1782 1846 1782 1844 1783 1846 1783 1843 1783 1844 1784 1843 1784 1842 1784 1847 1785 1827 1785 1831 1785 1848 1786 1844 1786 1842 1786 1848 1787 1842 1787 1849 1787 1850 1788 1851 1788 1848 1788 1852 1789 1849 1789 1847 1789 1852 1790 1848 1790 1849 1790 1852 1791 1850 1791 1848 1791 1853 1792 1852 1792 1847 1792 1854 1793 1847 1793 1831 1793 1854 1794 1853 1794 1847 1794 1855 1795 1856 1795 1853 1795 1855 1796 1853 1796 1854 1796 1857 1797 1858 1797 1859 1797 1857 1798 1859 1798 1860 1798 1861 1799 1862 1799 1863 1799 1864 1800 1862 1800 1861 1800 1865 1801 1866 1801 1867 1801 1865 1802 1867 1802 1868 1802 1869 1803 1870 1803 1858 1803 1869 1804 1857 1804 1862 1804 1869 1805 1858 1805 1857 1805 1871 1806 1872 1806 1870 1806 1871 1807 1870 1807 1869 1807 1873 1808 1874 1808 1872 1808 1873 1809 1872 1809 1871 1809 1875 1810 1869 1810 1862 1810 1875 1811 1862 1811 1864 1811 1876 1812 1868 1812 1874 1812 1876 1813 1865 1813 1868 1813 1876 1814 1874 1814 1873 1814 1877 1815 1878 1815 1879 1815 1877 1816 1879 1816 1880 1816 1881 1817 1864 1817 1882 1817 1881 1818 1875 1818 1864 1818 1883 1819 1882 1819 1884 1819 1885 1820 1877 1820 1880 1820 1885 1821 1886 1821 1877 1821 1885 1822 1880 1822 1865 1822 1885 1823 1865 1823 1876 1823 1887 1824 1882 1824 1883 1824 1887 1825 1881 1825 1882 1825 1888 1826 1886 1826 1885 1826 1889 1827 1886 1827 1888 1827 1889 1828 1890 1828 1886 1828 1891 1829 1892 1829 1893 1829 1894 1830 1891 1830 1893 1830 1895 1831 1893 1831 1890 1831 1895 1832 1890 1832 1889 1832 1895 1833 1894 1833 1893 1833 1896 1834 1894 1834 1895 1834 1897 1835 1894 1835 1896 1835 1898 1836 1899 1836 1900 1836 1898 1837 1900 1837 1897 1837 1898 1838 1897 1838 1896 1838 1901 1839 1898 1839 1896 1839 1901 1840 1896 1840 1902 1840 1903 1841 1904 1841 1901 1841 1905 1842 1903 1842 1901 1842 1905 1843 1902 1843 1906 1843 1905 1844 1901 1844 1902 1844 1907 1845 1905 1845 1906 1845 1908 1846 1881 1846 1887 1846 1908 1847 1906 1847 1881 1847 1908 1848 1907 1848 1906 1848 1909 1849 1910 1849 1907 1849 1909 1850 1907 1850 1908 1850 1911 1851 1912 1851 1913 1851 1911 1852 1913 1852 1914 1852 1911 1853 1914 1853 1915 1853 1916 1854 1917 1854 1912 1854 1916 1855 1912 1855 1911 1855 1918 1856 1919 1856 1920 1856 1918 1857 1920 1857 1917 1857 1918 1858 1917 1858 1916 1858 1921 1859 1922 1859 1923 1859 1921 1860 1923 1860 1924 1860 1921 1861 1924 1861 1925 1861 1926 1862 1921 1862 1925 1862 1927 1863 1921 1863 1926 1863 1928 1864 1927 1864 1926 1864 1929 1865 1927 1865 1928 1865 1930 1866 1929 1866 1928 1866 1931 1867 1929 1867 1930 1867 1932 1868 1931 1868 1930 1868 1933 1869 1934 1869 1931 1869 1933 1870 1931 1870 1932 1870 1935 1871 1936 1871 1934 1871 1935 1872 1934 1872 1933 1872 1937 1873 1938 1873 1936 1873 1937 1874 1936 1874 1935 1874 1939 1875 1938 1875 1937 1875 1940 1876 1941 1876 1938 1876 1940 1877 1938 1877 1939 1877 1942 1878 1943 1878 1941 1878 1942 1879 1941 1879 1940 1879 1944 1880 1945 1880 1943 1880 1944 1881 1943 1881 1942 1881 1946 1882 1945 1882 1944 1882 1947 1883 1948 1883 1949 1883 1950 1884 1951 1884 1945 1884 1950 1885 1945 1885 1946 1885 1952 1886 1953 1886 1951 1886 1952 1887 1951 1887 1950 1887 1954 1888 1947 1888 1949 1888 1954 1889 1949 1889 1955 1889 1956 1890 1955 1890 1953 1890 1956 1891 1954 1891 1955 1891 1956 1892 1953 1892 1952 1892 1957 1893 1958 1893 1959 1893 1960 1894 1957 1894 1959 1894 1961 1895 1962 1895 1963 1895 1961 1896 1963 1896 1964 1896 1965 1897 1966 1897 1967 1897 1968 1898 1965 1898 1967 1898 1969 1899 1970 1899 1971 1899 1969 1900 1971 1900 1972 1900 1973 1901 1974 1901 1975 1901 1973 1902 1975 1902 1976 1902 1977 1903 1960 1903 1959 1903 1978 1904 1959 1904 1962 1904 1978 1905 1961 1905 1970 1905 1978 1906 1962 1906 1961 1906 1978 1907 1977 1907 1959 1907 1979 1908 1967 1908 1960 1908 1979 1909 1968 1909 1967 1909 1979 1910 1960 1910 1977 1910 1980 1911 1981 1911 1973 1911 1980 1912 1976 1912 1968 1912 1980 1913 1968 1913 1979 1913 1980 1914 1973 1914 1976 1914 1982 1915 1970 1915 1969 1915 1982 1916 1978 1916 1970 1916 1983 1917 1984 1917 1981 1917 1985 1918 1983 1918 1981 1918 1986 1919 1981 1919 1980 1919 1986 1920 1985 1920 1981 1920 1987 1921 1985 1921 1986 1921 1988 1922 1985 1922 1987 1922 1989 1923 1990 1923 1991 1923 1989 1924 1991 1924 1988 1924 1989 1925 1988 1925 1987 1925 1992 1926 1969 1926 1993 1926 1992 1927 1982 1927 1969 1927 1994 1928 1989 1928 1987 1928 1994 1929 1987 1929 1995 1929 1996 1930 1993 1930 1997 1930 1996 1931 1997 1931 1998 1931 1996 1932 1992 1932 1993 1932 1999 1933 1992 1933 1996 1933 2000 1934 1994 1934 1995 1934 2000 1935 1995 1935 1999 1935 2001 1936 1999 1936 1996 1936 2001 1937 2000 1937 1999 1937 2002 1938 2003 1938 2004 1938 2002 1939 2004 1939 2005 1939 2002 1940 2005 1940 2006 1940 2002 1941 2006 1941 1994 1941 2002 1942 1994 1942 2000 1942 2007 1943 2008 1943 2009 1943 2007 1944 2009 1944 2001 1944 2007 1945 2001 1945 1996 1945 2010 1946 2011 1946 2008 1946 2010 1947 2008 1947 2007 1947 2012 1948 2013 1948 2014 1948 2012 1949 2014 1949 2015 1949 2012 1950 2015 1950 2016 1950 2017 1951 2016 1951 2018 1951 2017 1952 2012 1952 2016 1952 2019 1953 2018 1953 2020 1953 2019 1954 2020 1954 2021 1954 2019 1955 2017 1955 2018 1955 2022 1956 2017 1956 2019 1956 2023 1957 2024 1957 2025 1957 2023 1958 2025 1958 2026 1958 2023 1959 2026 1959 2027 1959 2028 1960 2029 1960 2030 1960 2031 1961 2029 1961 2028 1961 2032 1962 2027 1962 2022 1962 2032 1963 2022 1963 2019 1963 2032 1964 2023 1964 2027 1964 2033 1965 2031 1965 2028 1965 2034 1966 2033 1966 2028 1966 2035 1967 2033 1967 2034 1967 2036 1968 2034 1968 2032 1968 2036 1969 2032 1969 2019 1969 2036 1970 2035 1970 2034 1970 2037 1971 2035 1971 2036 1971 2038 1972 2035 1972 2037 1972 2039 1973 2040 1973 2041 1973 2039 1974 2041 1974 2042 1974 2043 1975 2040 1975 2039 1975 2044 1976 2043 1976 2039 1976 2045 1977 2043 1977 2044 1977 2046 1978 2045 1978 2044 1978 2047 1979 2045 1979 2046 1979 2048 1980 2047 1980 2046 1980 2049 1981 2047 1981 2048 1981 2050 1982 2049 1982 2048 1982 2051 1983 2052 1983 2049 1983 2051 1984 2049 1984 2050 1984 2053 1985 2054 1985 2052 1985 2053 1986 2052 1986 2051 1986 2055 1987 2056 1987 2054 1987 2055 1988 2054 1988 2053 1988 2057 1989 2056 1989 2055 1989 2058 1990 2059 1990 2056 1990 2058 1991 2056 1991 2057 1991 2060 1992 2061 1992 2059 1992 2060 1993 2059 1993 2058 1993 2062 1994 2063 1994 2064 1994 2065 1995 2066 1995 2061 1995 2065 1996 2061 1996 2060 1996 2067 1997 2066 1997 2065 1997 2068 1998 2069 1998 2066 1998 2068 1999 2066 1999 2067 1999 2070 2000 2071 2000 2069 2000 2070 2001 2069 2001 2068 2001 2072 2002 2073 2002 2062 2002 2072 2003 2062 2003 2064 2003 2074 2004 2064 2004 2071 2004 2074 2005 2072 2005 2064 2005 2074 2006 2071 2006 2070 2006 2075 2007 2076 2007 2077 2007 2075 2008 2077 2008 2078 2008 2079 2009 2076 2009 2075 2009 2080 2010 2076 2010 2079 2010 2081 2011 2082 2011 2083 2011 2081 2012 2083 2012 2084 2012 2085 2013 2079 2013 2075 2013 2086 2014 2080 2014 2079 2014 2087 2015 2088 2015 2080 2015 2089 2016 2087 2016 2080 2016 2089 2017 2080 2017 2086 2017 2090 2018 2079 2018 2085 2018 2091 2019 2085 2019 2082 2019 2091 2020 2082 2020 2081 2020 2092 2021 2090 2021 2085 2021 2092 2022 2085 2022 2091 2022 2093 2023 2094 2023 2090 2023 2093 2024 2090 2024 2092 2024 2095 2025 2096 2025 2091 2025 2095 2026 2091 2026 2081 2026 2097 2027 2098 2027 2099 2027 2097 2028 2099 2028 2096 2028 2097 2029 2096 2029 2095 2029 2100 2030 2101 2030 2102 2030 2103 2031 2101 2031 2100 2031 2104 2032 2105 2032 2106 2032 2107 2033 2105 2033 2104 2033 2108 2034 2109 2034 2110 2034 2111 2035 2109 2035 2108 2035 2112 2036 2113 2036 2101 2036 2112 2037 2101 2037 2103 2037 2114 2038 2115 2038 2113 2038 2114 2039 2113 2039 2112 2039 2116 2040 2103 2040 2105 2040 2116 2041 2112 2041 2103 2041 2116 2042 2105 2042 2107 2042 2117 2043 2115 2043 2114 2043 2117 2044 2118 2044 2119 2044 2117 2045 2119 2045 2115 2045 2120 2046 2118 2046 2117 2046 2120 2047 2121 2047 2118 2047 2122 2048 2111 2048 2123 2048 2122 2049 2116 2049 2107 2049 2122 2050 2107 2050 2109 2050 2122 2051 2109 2051 2111 2051 2124 2052 2123 2052 2125 2052 2124 2053 2125 2053 2126 2053 2127 2054 2123 2054 2124 2054 2127 2055 2122 2055 2123 2055 2128 2056 2121 2056 2120 2056 2128 2057 2129 2057 2130 2057 2128 2058 2130 2058 2121 2058 2131 2059 2127 2059 2124 2059 2132 2060 2127 2060 2131 2060 2133 2061 2134 2061 2129 2061 2133 2062 2129 2062 2128 2062 2135 2063 2136 2063 2137 2063 2138 2064 2135 2064 2137 2064 2139 2065 2132 2065 2131 2065 2140 2066 2132 2066 2139 2066 2141 2067 2137 2067 2134 2067 2141 2068 2134 2068 2133 2068 2141 2069 2138 2069 2137 2069 2142 2070 2138 2070 2141 2070 2143 2071 2138 2071 2142 2071 2144 2072 2140 2072 2139 2072 2145 2073 2143 2073 2142 2073 2146 2074 2143 2074 2145 2074 2146 2075 2145 2075 2147 2075 2148 2076 2140 2076 2144 2076 2148 2077 2149 2077 2140 2077 2150 2078 2146 2078 2147 2078 2151 2079 2152 2079 2149 2079 2151 2080 2149 2080 2148 2080 2153 2081 2154 2081 2150 2081 2155 2082 2147 2082 2156 2082 2155 2083 2153 2083 2150 2083 2155 2084 2150 2084 2147 2084 2157 2085 2152 2085 2151 2085 2158 2086 2159 2086 2152 2086 2158 2087 2152 2087 2157 2087 2160 2088 2155 2088 2156 2088 2161 2089 2162 2089 2160 2089 2163 2090 2160 2090 2156 2090 2163 2091 2161 2091 2160 2091 2164 2092 2165 2092 2159 2092 2164 2093 2159 2093 2158 2093 2166 2094 2163 2094 2156 2094 2166 2095 2156 2095 2167 2095 2168 2096 2165 2096 2164 2096 2169 2097 2168 2097 2170 2097 2169 2098 2170 2098 2171 2098 2169 2099 2165 2099 2168 2099 2169 2100 2172 2100 2165 2100 2173 2101 2166 2101 2167 2101 2173 2102 2172 2102 2169 2102 2173 2103 2167 2103 2172 2103 2174 2104 2175 2104 2176 2104 2174 2105 2176 2105 2177 2105 2174 2106 2177 2106 2178 2106 2179 2107 2180 2107 2181 2107 2179 2108 2181 2108 2175 2108 2179 2109 2175 2109 2174 2109 2182 2110 2180 2110 2179 2110 2183 2111 2182 2111 2179 2111 2184 2112 2185 2112 2186 2112 2187 2113 2185 2113 2184 2113 2188 2114 2189 2114 2190 2114 2191 2115 2188 2115 2190 2115 2192 2116 2185 2116 2187 2116 2192 2117 2190 2117 2185 2117 2192 2118 2187 2118 2193 2118 2194 2119 2191 2119 2190 2119 2194 2120 2190 2120 2192 2120 2195 2121 2192 2121 2193 2121 2195 2122 2193 2122 2196 2122 2197 2123 2198 2123 2199 2123 2200 2124 2197 2124 2199 2124 2201 2125 2202 2125 2203 2125 2201 2126 2203 2126 2204 2126 2205 2127 2195 2127 2196 2127 2205 2128 2196 2128 2206 2128 2205 2129 2206 2129 2207 2129 2208 2130 2209 2130 2210 2130 2208 2131 2210 2131 2211 2131 2212 2132 2213 2132 2214 2132 2215 2133 2212 2133 2214 2133 2216 2134 2217 2134 2218 2134 2216 2135 2218 2135 2219 2135 2220 2136 2205 2136 2207 2136 2220 2137 2217 2137 2216 2137 2220 2138 2207 2138 2217 2138 2221 2139 2220 2139 2216 2139 2222 2140 2221 2140 2216 2140 2223 2141 2224 2141 2225 2141 2226 2142 2200 2142 2199 2142 2227 2143 2202 2143 2201 2143 2227 2144 2226 2144 2199 2144 2227 2145 2199 2145 2202 2145 2227 2146 2201 2146 2209 2146 2228 2147 2223 2147 2225 2147 2229 2148 2214 2148 2200 2148 2229 2149 2215 2149 2214 2149 2229 2150 2200 2150 2226 2150 2230 2151 2227 2151 2209 2151 2230 2152 2209 2152 2208 2152 2230 2153 2208 2153 2231 2153 2232 2154 2225 2154 2215 2154 2232 2155 2215 2155 2229 2155 2232 2156 2228 2156 2225 2156 2233 2157 2221 2157 2222 2157 2233 2158 2222 2158 2234 2158 2233 2159 2234 2159 2235 2159 2236 2160 2237 2160 2221 2160 2236 2161 2221 2161 2233 2161 2238 2162 2228 2162 2232 2162 2238 2163 2232 2163 2239 2163 2240 2164 2230 2164 2231 2164 2241 2165 2242 2165 2240 2165 2243 2166 2237 2166 2236 2166 2243 2167 2236 2167 2244 2167 2243 2168 2244 2168 2245 2168 2246 2169 2240 2169 2231 2169 2246 2170 2241 2170 2240 2170 2246 2171 2231 2171 2247 2171 2248 2172 2237 2172 2243 2172 2248 2173 2249 2173 2237 2173 2250 2174 2246 2174 2247 2174 2251 2175 2252 2175 2253 2175 2251 2176 2253 2176 2238 2176 2251 2177 2238 2177 2239 2177 2254 2178 2248 2178 2255 2178 2256 2179 2257 2179 2250 2179 2258 2180 2249 2180 2248 2180 2258 2181 2248 2181 2254 2181 2258 2182 2247 2182 2249 2182 2259 2183 2250 2183 2247 2183 2259 2184 2256 2184 2250 2184 2259 2185 2247 2185 2258 2185 2260 2186 2239 2186 2261 2186 2260 2187 2251 2187 2239 2187 2262 2188 2263 2188 2260 2188 2264 2189 2260 2189 2261 2189 2264 2190 2262 2190 2260 2190 2265 2191 2261 2191 2266 2191 2265 2192 2264 2192 2261 2192 2267 2193 2268 2193 2265 2193 2269 2194 2265 2194 2266 2194 2269 2195 2266 2195 2270 2195 2269 2196 2267 2196 2265 2196 2271 2197 2272 2197 2273 2197 2271 2198 2273 2198 2274 2198 2275 2199 2269 2199 2270 2199 2276 2200 2277 2200 2278 2200 2276 2201 2278 2201 2275 2201 2276 2202 2275 2202 2270 2202 2279 2203 2272 2203 2271 2203 2279 2204 2270 2204 2272 2204 2279 2205 2276 2205 2270 2205 2280 2206 2281 2206 2282 2206 2280 2207 2282 2207 2283 2207 2280 2208 2283 2208 2284 2208 2285 2209 2286 2209 2287 2209 2288 2210 2289 2210 2286 2210 2288 2211 2286 2211 2285 2211 2290 2212 2281 2212 2280 2212 2290 2213 2288 2213 2285 2213 2291 2214 2288 2214 2290 2214 2292 2215 2290 2215 2280 2215 2292 2216 2291 2216 2290 2216 2293 2217 2294 2217 2291 2217 2293 2218 2291 2218 2292 2218 2295 2219 2296 2219 2297 2219 2295 2220 2297 2220 2298 2220 2299 2221 2300 2221 2301 2221 2299 2222 2301 2222 2302 2222 2303 2223 2304 2223 2305 2223 2303 2224 2305 2224 2306 2224 2307 2225 2308 2225 2296 2225 2307 2226 2296 2226 2295 2226 2309 2227 2308 2227 2307 2227 2309 2228 2310 2228 2308 2228 2311 2229 2307 2229 2295 2229 2311 2230 2295 2230 2300 2230 2311 2231 2299 2231 2304 2231 2311 2232 2300 2232 2299 2232 2312 2233 2310 2233 2309 2233 2312 2234 2313 2234 2314 2234 2312 2235 2314 2235 2310 2235 2315 2236 2313 2236 2312 2236 2315 2237 2316 2237 2313 2237 2317 2238 2303 2238 2318 2238 2317 2239 2304 2239 2303 2239 2317 2240 2311 2240 2304 2240 2319 2241 2318 2241 2320 2241 2321 2242 2318 2242 2319 2242 2322 2243 2318 2243 2321 2243 2322 2244 2317 2244 2318 2244 2323 2245 2316 2245 2315 2245 2323 2246 2324 2246 2325 2246 2323 2247 2325 2247 2316 2247 2326 2248 2322 2248 2321 2248 2327 2249 2322 2249 2326 2249 2328 2250 2329 2250 2324 2250 2328 2251 2324 2251 2323 2251 2330 2252 2331 2252 2332 2252 2333 2253 2330 2253 2332 2253 2334 2254 2327 2254 2326 2254 2335 2255 2336 2255 2337 2255 2335 2256 2337 2256 2338 2256 2335 2257 2338 2257 2333 2257 2335 2258 2332 2258 2329 2258 2335 2259 2329 2259 2328 2259 2335 2260 2333 2260 2332 2260 2339 2261 2327 2261 2334 2261 2340 2262 2339 2262 2334 2262 2341 2263 2342 2263 2343 2263 2344 2264 2345 2264 2339 2264 2344 2265 2339 2265 2340 2265 2346 2266 2341 2266 2343 2266 2347 2267 2335 2267 2348 2267 2347 2268 2348 2268 2349 2268 2347 2269 2349 2269 2350 2269 2351 2270 2343 2270 2336 2270 2351 2271 2346 2271 2343 2271 2352 2272 2336 2272 2335 2272 2352 2273 2335 2273 2347 2273 2352 2274 2351 2274 2336 2274 2353 2275 2352 2275 2347 2275 2354 2276 2353 2276 2347 2276 2355 2277 2356 2277 2345 2277 2355 2278 2345 2278 2344 2278 2357 2279 2358 2279 2359 2279 2360 2280 2354 2280 2347 2280 2360 2281 2357 2281 2359 2281 2360 2282 2359 2282 2354 2282 2361 2283 2356 2283 2355 2283 2362 2284 2356 2284 2361 2284 2362 2285 2363 2285 2356 2285 2364 2286 2360 2286 2347 2286 2364 2287 2347 2287 2365 2287 2366 2288 2367 2288 2364 2288 2368 2289 2364 2289 2365 2289 2368 2290 2366 2290 2364 2290 2369 2291 2363 2291 2362 2291 2369 2292 2370 2292 2363 2292 2371 2293 2368 2293 2365 2293 2371 2294 2365 2294 2372 2294 2373 2295 2370 2295 2369 2295 2374 2296 2373 2296 2375 2296 2374 2297 2375 2297 2376 2297 2374 2298 2370 2298 2373 2298 2374 2299 2377 2299 2370 2299 2378 2300 2371 2300 2372 2300 2378 2301 2377 2301 2374 2301 2378 2302 2372 2302 2377 2302 2379 2303 2380 2303 2381 2303 2379 2304 2381 2304 2382 2304 2379 2305 2382 2305 2383 2305 2384 2306 2380 2306 2379 2306 2385 2307 2386 2307 2387 2307 2385 2308 2387 2308 2388 2308 2389 2309 2380 2309 2384 2309 2390 2310 2386 2310 2385 2310 2391 2311 2392 2311 2389 2311 2393 2312 2389 2312 2384 2312 2393 2313 2391 2313 2389 2313 2394 2314 2395 2314 2390 2314 2394 2315 2396 2315 2395 2315 2394 2316 2390 2316 2385 2316 2397 2317 2398 2317 2396 2317 2397 2318 2396 2318 2394 2318 2390 2319 2393 2319 2384 2319 2390 2320 2384 2320 2386 2320 2399 2321 2400 2321 2401 2321 2402 2322 2400 2322 2399 2322 2403 2323 2404 2323 2405 2323 2406 2324 2400 2324 2402 2324 2407 2325 2400 2325 2406 2325 2408 2326 2404 2326 2403 2326 2409 2327 2406 2327 2402 2327 2410 2328 2411 2328 2407 2328 2410 2329 2407 2329 2406 2329 2412 2330 2413 2330 2411 2330 2412 2331 2411 2331 2410 2331 2414 2332 2406 2332 2409 2332 2415 2333 2409 2333 2404 2333 2415 2334 2404 2334 2408 2334 2416 2335 2414 2335 2409 2335 2416 2336 2409 2336 2415 2336 2417 2337 2418 2337 2414 2337 2417 2338 2414 2338 2416 2338 2419 2339 2420 2339 2415 2339 2419 2340 2415 2340 2408 2340 2421 2341 2422 2341 2420 2341 2423 2342 2421 2342 2420 2342 2423 2343 2420 2343 2419 2343 2424 2344 2425 2344 2426 2344 2424 2345 2426 2345 2427 2345 2424 2346 2427 2346 2428 2346 2429 2347 2424 2347 2428 2347 2430 2348 2428 2348 2431 2348 2430 2349 2429 2349 2428 2349 2432 2350 2431 2350 2433 2350 2432 2351 2430 2351 2431 2351 2434 2352 2432 2352 2433 2352 2435 2353 2432 2353 2434 2353 2436 2354 2437 2354 2429 2354 2436 2355 2429 2355 2430 2355 2438 2356 2439 2356 2440 2356 2438 2357 2440 2357 2437 2357 2438 2358 2437 2358 2436 2358 2441 2359 2442 2359 2443 2359 2441 2360 2443 2360 2444 2360 2441 2361 2444 2361 2445 2361 2446 2362 2441 2362 2445 2362 2447 2363 2448 2363 2449 2363 2447 2364 2449 2364 2450 2364 2447 2365 2450 2365 2451 2365 2452 2366 2446 2366 2445 2366 2453 2367 2452 2367 2454 2367 2453 2368 2454 2368 2455 2368 2453 2369 2446 2369 2452 2369 2456 2370 2457 2370 2458 2370 2459 2371 2458 2371 2446 2371 2459 2372 2446 2372 2453 2372 2460 2373 2456 2373 2458 2373 2461 2374 2458 2374 2459 2374 2461 2375 2460 2375 2458 2375 2462 2376 2459 2376 2453 2376 2463 2377 2464 2377 2462 2377 2463 2378 2453 2378 2447 2378 2463 2379 2462 2379 2453 2379 2465 2380 2466 2380 2464 2380 2467 2381 2464 2381 2463 2381 2467 2382 2465 2382 2464 2382 2453 2383 2448 2383 2447 2383 2468 2384 2469 2384 2470 2384 2468 2385 2470 2385 2471 2385 2472 2386 2473 2386 2474 2386 2472 2387 2474 2387 2475 2387 2476 2388 2477 2388 2478 2388 2476 2389 2478 2389 2479 2389 2480 2390 2481 2390 2469 2390 2480 2391 2469 2391 2468 2391 2482 2392 2483 2392 2481 2392 2482 2393 2481 2393 2480 2393 2484 2394 2468 2394 2473 2394 2484 2395 2480 2395 2468 2395 2484 2396 2473 2396 2472 2396 2485 2397 2483 2397 2482 2397 2485 2398 2486 2398 2487 2398 2485 2399 2487 2399 2483 2399 2488 2400 2486 2400 2485 2400 2488 2401 2489 2401 2486 2401 2490 2402 2484 2402 2472 2402 2490 2403 2472 2403 2477 2403 2490 2404 2476 2404 2491 2404 2490 2405 2477 2405 2476 2405 2492 2406 2491 2406 2493 2406 2492 2407 2493 2407 2494 2407 2495 2408 2490 2408 2491 2408 2495 2409 2491 2409 2492 2409 2496 2410 2489 2410 2488 2410 2496 2411 2497 2411 2498 2411 2496 2412 2498 2412 2489 2412 2499 2413 2495 2413 2492 2413 2500 2414 2495 2414 2499 2414 2501 2415 2502 2415 2497 2415 2501 2416 2497 2416 2496 2416 2503 2417 2504 2417 2505 2417 2503 2418 2505 2418 2506 2418 2507 2419 2500 2419 2499 2419 2508 2420 2500 2420 2507 2420 2509 2421 2502 2421 2501 2421 2509 2422 2506 2422 2502 2422 2509 2423 2503 2423 2506 2423 2510 2424 2503 2424 2509 2424 2511 2425 2503 2425 2510 2425 2512 2426 2508 2426 2507 2426 2513 2427 2511 2427 2510 2427 2514 2428 2511 2428 2513 2428 2514 2429 2513 2429 2515 2429 2516 2430 2517 2430 2508 2430 2516 2431 2508 2431 2512 2431 2518 2432 2514 2432 2515 2432 2519 2433 2520 2433 2517 2433 2519 2434 2517 2434 2516 2434 2521 2435 2522 2435 2523 2435 2521 2436 2523 2436 2518 2436 2521 2437 2518 2437 2515 2437 2524 2438 2520 2438 2519 2438 2525 2439 2526 2439 2520 2439 2525 2440 2520 2440 2524 2440 2527 2441 2515 2441 2528 2441 2527 2442 2521 2442 2515 2442 2529 2443 2527 2443 2528 2443 2529 2444 2530 2444 2531 2444 2529 2445 2531 2445 2527 2445 2532 2446 2533 2446 2526 2446 2532 2447 2526 2447 2525 2447 2534 2448 2529 2448 2528 2448 2534 2449 2528 2449 2535 2449 2536 2450 2533 2450 2532 2450 2537 2451 2536 2451 2538 2451 2539 2452 2533 2452 2536 2452 2539 2453 2536 2453 2537 2453 2539 2454 2540 2454 2533 2454 2541 2455 2534 2455 2535 2455 2541 2456 2540 2456 2539 2456 2541 2457 2535 2457 2540 2457 2542 2458 2543 2458 2544 2458 2542 2459 2544 2459 2545 2459 2542 2460 2545 2460 2546 2460 2547 2461 2543 2461 2542 2461 2548 2462 2549 2462 2547 2462 2550 2463 2547 2463 2542 2463 2551 2464 2548 2464 2547 2464 2551 2465 2547 2465 2550 2465 2552 2466 2553 2466 2554 2466 2555 2467 2553 2467 2552 2467 2556 2468 2557 2468 2558 2468 2559 2469 2556 2469 2558 2469 2560 2470 2553 2470 2555 2470 2560 2471 2558 2471 2553 2471 2560 2472 2555 2472 2561 2472 2562 2473 2559 2473 2558 2473 2562 2474 2558 2474 2560 2474 2563 2475 2560 2475 2561 2475 2563 2476 2561 2476 2564 2476 2565 2477 2566 2477 2567 2477 2568 2478 2569 2478 2570 2478 2568 2479 2570 2479 2571 2479 2572 2480 2566 2480 2565 2480 2573 2481 2563 2481 2564 2481 2573 2482 2564 2482 2574 2482 2573 2483 2574 2483 2575 2483 2576 2484 2577 2484 2578 2484 2576 2485 2578 2485 2579 2485 2580 2486 2581 2486 2582 2486 2583 2487 2580 2487 2582 2487 2584 2488 2585 2488 2586 2488 2587 2489 2585 2489 2584 2489 2588 2490 2573 2490 2575 2490 2588 2491 2585 2491 2587 2491 2588 2492 2575 2492 2585 2492 2589 2493 2588 2493 2587 2493 2590 2494 2589 2494 2587 2494 2591 2495 2568 2495 2571 2495 2592 2496 2591 2496 2571 2496 2592 2497 2566 2497 2572 2497 2592 2498 2571 2498 2566 2498 2592 2499 2572 2499 2577 2499 2593 2500 2594 2500 2595 2500 2593 2501 2595 2501 2596 2501 2597 2502 2568 2502 2591 2502 2597 2503 2582 2503 2568 2503 2597 2504 2583 2504 2582 2504 2598 2505 2592 2505 2577 2505 2598 2506 2577 2506 2576 2506 2598 2507 2576 2507 2599 2507 2600 2508 2590 2508 2601 2508 2602 2509 2596 2509 2583 2509 2602 2510 2593 2510 2596 2510 2602 2511 2583 2511 2597 2511 2603 2512 2590 2512 2600 2512 2603 2513 2589 2513 2590 2513 2604 2514 2605 2514 2589 2514 2604 2515 2589 2515 2603 2515 2606 2516 2593 2516 2602 2516 2606 2517 2602 2517 2607 2517 2608 2518 2598 2518 2599 2518 2609 2519 2610 2519 2608 2519 2611 2520 2608 2520 2599 2520 2611 2521 2609 2521 2608 2521 2611 2522 2599 2522 2612 2522 2613 2523 2605 2523 2604 2523 2613 2524 2604 2524 2614 2524 2613 2525 2614 2525 2615 2525 2616 2526 2617 2526 2606 2526 2618 2527 2611 2527 2612 2527 2619 2528 2605 2528 2613 2528 2619 2529 2620 2529 2605 2529 2621 2530 2606 2530 2607 2530 2621 2531 2616 2531 2606 2531 2622 2532 2618 2532 2612 2532 2622 2533 2623 2533 2624 2533 2622 2534 2624 2534 2618 2534 2625 2535 2620 2535 2619 2535 2625 2536 2612 2536 2620 2536 2625 2537 2622 2537 2612 2537 2625 2538 2619 2538 2626 2538 2625 2539 2626 2539 2627 2539 2628 2540 2607 2540 2629 2540 2628 2541 2621 2541 2607 2541 2630 2542 2631 2542 2628 2542 2632 2543 2629 2543 2633 2543 2632 2544 2628 2544 2629 2544 2632 2545 2630 2545 2628 2545 2634 2546 2632 2546 2633 2546 2635 2547 2633 2547 2636 2547 2635 2548 2637 2548 2638 2548 2635 2549 2638 2549 2634 2549 2635 2550 2634 2550 2633 2550 2639 2551 2635 2551 2636 2551 2640 2552 2641 2552 2639 2552 2642 2553 2636 2553 2643 2553 2642 2554 2643 2554 2644 2554 2642 2555 2644 2555 2645 2555 2642 2556 2645 2556 2646 2556 2647 2557 2639 2557 2636 2557 2647 2558 2640 2558 2639 2558 2647 2559 2636 2559 2642 2559 2648 2560 2649 2560 2650 2560 2648 2561 2650 2561 2651 2561 2652 2562 2649 2562 2648 2562 2652 2563 2653 2563 2649 2563 2652 2564 2648 2564 2654 2564 2655 2565 2653 2565 2652 2565 2655 2566 2656 2566 2657 2566 2655 2567 2657 2567 2658 2567 2655 2568 2658 2568 2653 2568 2659 2569 2652 2569 2654 2569 2659 2570 2654 2570 2660 2570 2661 2571 2662 2571 2663 2571 2664 2572 2665 2572 2666 2572 2664 2573 2666 2573 2667 2573 2668 2574 2662 2574 2661 2574 2669 2575 2659 2575 2660 2575 2669 2576 2660 2576 2670 2576 2669 2577 2670 2577 2671 2577 2672 2578 2673 2578 2674 2578 2672 2579 2674 2579 2675 2579 2676 2580 2677 2580 2678 2580 2679 2581 2676 2581 2678 2581 2680 2582 2681 2582 2682 2582 2683 2583 2681 2583 2680 2583 2684 2584 2669 2584 2671 2584 2684 2585 2681 2585 2683 2585 2684 2586 2671 2586 2681 2586 2685 2587 2684 2587 2683 2587 2686 2588 2685 2588 2683 2588 2687 2589 2688 2589 2689 2589 2690 2590 2664 2590 2667 2590 2691 2591 2667 2591 2662 2591 2691 2592 2662 2592 2668 2592 2691 2593 2668 2593 2673 2593 2691 2594 2690 2594 2667 2594 2692 2595 2687 2595 2689 2595 2693 2596 2678 2596 2664 2596 2693 2597 2679 2597 2678 2597 2693 2598 2664 2598 2690 2598 2694 2599 2691 2599 2673 2599 2694 2600 2672 2600 2695 2600 2694 2601 2673 2601 2672 2601 2696 2602 2686 2602 2697 2602 2698 2603 2689 2603 2679 2603 2698 2604 2679 2604 2693 2604 2698 2605 2692 2605 2689 2605 2699 2606 2685 2606 2686 2606 2699 2607 2686 2607 2696 2607 2700 2608 2701 2608 2685 2608 2700 2609 2685 2609 2699 2609 2702 2610 2698 2610 2703 2610 2702 2611 2692 2611 2698 2611 2704 2612 2694 2612 2695 2612 2705 2613 2706 2613 2704 2613 2707 2614 2705 2614 2704 2614 2707 2615 2704 2615 2695 2615 2707 2616 2695 2616 2708 2616 2709 2617 2701 2617 2700 2617 2709 2618 2700 2618 2710 2618 2709 2619 2710 2619 2711 2619 2712 2620 2707 2620 2708 2620 2713 2621 2701 2621 2709 2621 2713 2622 2714 2622 2701 2622 2715 2623 2702 2623 2703 2623 2715 2624 2716 2624 2717 2624 2715 2625 2717 2625 2702 2625 2718 2626 2719 2626 2712 2626 2720 2627 2718 2627 2712 2627 2720 2628 2712 2628 2708 2628 2720 2629 2708 2629 2714 2629 2721 2630 2714 2630 2713 2630 2721 2631 2720 2631 2714 2631 2721 2632 2713 2632 2722 2632 2721 2633 2722 2633 2723 2633 2724 2634 2703 2634 2725 2634 2724 2635 2715 2635 2703 2635 2726 2636 2727 2636 2724 2636 2728 2637 2725 2637 2729 2637 2728 2638 2724 2638 2725 2638 2728 2639 2726 2639 2724 2639 2730 2640 2728 2640 2729 2640 2731 2641 2729 2641 2732 2641 2731 2642 2733 2642 2734 2642 2731 2643 2734 2643 2730 2643 2731 2644 2730 2644 2729 2644 2735 2645 2731 2645 2732 2645 2736 2646 2737 2646 2735 2646 2738 2647 2735 2647 2732 2647 2738 2648 2736 2648 2735 2648 2739 2649 2732 2649 2740 2649 2739 2650 2740 2650 2741 2650 2739 2651 2741 2651 2742 2651 2739 2652 2742 2652 2743 2652 2739 2653 2738 2653 2732 2653 2744 2654 2745 2654 2746 2654 2744 2655 2746 2655 2747 2655 2748 2656 2749 2656 2750 2656 2751 2657 2749 2657 2748 2657 2752 2658 2753 2658 2754 2658 2755 2659 2753 2659 2752 2659 2756 2660 2757 2660 2745 2660 2756 2661 2745 2661 2744 2661 2758 2662 2759 2662 2757 2662 2758 2663 2757 2663 2756 2663 2760 2664 2756 2664 2744 2664 2760 2665 2744 2665 2749 2665 2760 2666 2749 2666 2751 2666 2761 2667 2759 2667 2758 2667 2761 2668 2762 2668 2763 2668 2761 2669 2763 2669 2759 2669 2764 2670 2762 2670 2761 2670 2764 2671 2765 2671 2762 2671 2766 2672 2755 2672 2767 2672 2766 2673 2753 2673 2755 2673 2766 2674 2760 2674 2751 2674 2766 2675 2751 2675 2753 2675 2768 2676 2767 2676 2769 2676 2768 2677 2769 2677 2770 2677 2771 2678 2766 2678 2767 2678 2771 2679 2767 2679 2768 2679 2772 2680 2765 2680 2764 2680 2772 2681 2773 2681 2774 2681 2772 2682 2774 2682 2765 2682 2775 2683 2771 2683 2768 2683 2776 2684 2771 2684 2775 2684 2777 2685 2778 2685 2773 2685 2777 2686 2773 2686 2772 2686 2779 2687 2780 2687 2781 2687 2782 2688 2779 2688 2781 2688 2783 2689 2776 2689 2775 2689 2784 2690 2776 2690 2783 2690 2785 2691 2781 2691 2778 2691 2785 2692 2782 2692 2781 2692 2785 2693 2778 2693 2777 2693 2786 2694 2782 2694 2785 2694 2787 2695 2782 2695 2786 2695 2788 2696 2784 2696 2783 2696 2789 2697 2787 2697 2786 2697 2790 2698 2787 2698 2789 2698 2790 2699 2789 2699 2791 2699 2792 2700 2793 2700 2784 2700 2792 2701 2784 2701 2788 2701 2794 2702 2790 2702 2791 2702 2795 2703 2793 2703 2792 2703 2795 2704 2796 2704 2793 2704 2797 2705 2798 2705 2799 2705 2797 2706 2799 2706 2794 2706 2797 2707 2791 2707 2800 2707 2797 2708 2794 2708 2791 2708 2801 2709 2796 2709 2795 2709 2802 2710 2803 2710 2796 2710 2802 2711 2796 2711 2801 2711 2804 2712 2797 2712 2800 2712 2805 2713 2804 2713 2800 2713 2805 2714 2806 2714 2807 2714 2805 2715 2807 2715 2804 2715 2808 2716 2809 2716 2803 2716 2808 2717 2803 2717 2802 2717 2810 2718 2805 2718 2800 2718 2810 2719 2800 2719 2811 2719 2812 2720 2809 2720 2808 2720 2813 2721 2812 2721 2814 2721 2813 2722 2814 2722 2815 2722 2813 2723 2809 2723 2812 2723 2813 2724 2816 2724 2809 2724 2817 2725 2810 2725 2811 2725 2817 2726 2816 2726 2813 2726 2817 2727 2811 2727 2816 2727 2818 2728 2819 2728 2820 2728 2818 2729 2820 2729 2821 2729 2818 2730 2821 2730 2822 2730 2823 2731 2824 2731 2825 2731 2826 2732 2825 2732 2819 2732 2826 2733 2819 2733 2818 2733 2827 2734 2823 2734 2825 2734 2827 2735 2825 2735 2826 2735 2828 2736 2829 2736 2830 2736 2828 2737 2830 2737 2831 2737 2828 2738 2831 2738 2832 2738 2828 2739 2832 2739 2833 2739 2834 2740 2835 2740 2829 2740 2834 2741 2829 2741 2828 2741 2836 2742 2837 2742 2835 2742 2836 2743 2835 2743 2834 2743 2838 2744 2839 2744 2840 2744 2838 2745 2840 2745 2837 2745 2838 2746 2837 2746 2836 2746 2841 2747 2842 2747 2839 2747 2841 2748 2839 2748 2838 2748 2843 2749 2844 2749 2842 2749 2843 2750 2842 2750 2841 2750 2845 2751 2846 2751 2847 2751 2845 2752 2847 2752 2844 2752 2845 2753 2844 2753 2843 2753 2848 2754 2849 2754 2846 2754 2848 2755 2846 2755 2845 2755 2850 2756 2851 2756 2849 2756 2850 2757 2849 2757 2848 2757 2852 2758 2853 2758 2851 2758 2852 2759 2851 2759 2850 2759 2854 2760 2853 2760 2852 2760 2855 2761 2854 2761 2852 2761 2856 2762 2854 2762 2855 2762 2857 2763 2856 2763 2855 2763 2858 2764 2856 2764 2857 2764 2859 2765 2858 2765 2857 2765 2860 2766 2858 2766 2859 2766 2861 2767 2860 2767 2859 2767 2862 2768 2860 2768 2861 2768 2862 2769 2863 2769 2860 2769 2864 2770 2865 2770 2866 2770 2864 2771 2866 2771 2867 2771 2864 2772 2867 2772 2868 2772 2864 2773 2868 2773 2869 2773 2870 2774 2871 2774 2865 2774 2870 2775 2865 2775 2864 2775 2872 2776 2873 2776 2871 2776 2872 2777 2871 2777 2870 2777 2874 2778 2875 2778 2876 2778 2874 2779 2876 2779 2873 2779 2874 2780 2873 2780 2872 2780 2877 2781 2878 2781 2875 2781 2877 2782 2875 2782 2874 2782 2879 2783 2880 2783 2878 2783 2879 2784 2878 2784 2877 2784 2881 2785 2882 2785 2883 2785 2881 2786 2883 2786 2880 2786 2881 2787 2880 2787 2879 2787 2884 2788 2885 2788 2882 2788 2884 2789 2882 2789 2881 2789 2886 2790 2887 2790 2885 2790 2886 2791 2885 2791 2884 2791 2888 2792 2889 2792 2887 2792 2888 2793 2887 2793 2886 2793 2890 2794 2889 2794 2888 2794 2891 2795 2890 2795 2888 2795 2892 2796 2890 2796 2891 2796 2893 2797 2892 2797 2891 2797 2894 2798 2892 2798 2893 2798 2895 2799 2894 2799 2893 2799 2896 2800 2894 2800 2895 2800 2897 2801 2896 2801 2895 2801 2898 2802 2896 2802 2897 2802 2898 2803 2899 2803 2896 2803 2900 2804 2901 2804 2902 2804 2900 2805 2902 2805 2903 2805 2904 2806 2901 2806 2900 2806 2905 2807 2901 2807 2904 2807 2906 2808 2905 2808 2904 2808 2907 2809 2908 2809 2905 2809 2907 2810 2905 2810 2906 2810 2909 2811 2904 2811 2900 2811 2910 2812 2904 2812 2909 2812 2911 2813 2909 2813 2912 2813 2913 2814 2910 2814 2909 2814 2913 2815 2909 2815 2911 2815 2914 2816 2915 2816 2910 2816 2914 2817 2910 2817 2913 2817 2916 2818 2917 2818 2915 2818 2916 2819 2915 2819 2914 2819 2918 2820 2919 2820 2920 2820 2921 2821 2919 2821 2918 2821 2922 2822 2923 2822 2919 2822 2922 2823 2919 2823 2921 2823 2924 2824 2925 2824 2923 2824 2926 2825 2923 2825 2922 2825 2926 2826 2924 2826 2923 2826 2927 2827 2928 2827 2929 2827 2930 2828 2928 2828 2927 2828 2931 2829 2928 2829 2930 2829 2932 2830 2922 2830 2931 2830 2932 2831 2926 2831 2922 2831 2933 2832 2932 2832 2931 2832 2933 2833 2931 2833 2930 2833 2934 2834 2932 2834 2933 2834 2935 2835 2932 2835 2934 2835 2936 2836 2937 2836 2938 2836 2936 2837 2938 2837 2939 2837 2940 2838 2936 2838 2939 2838 2941 2839 2936 2839 2940 2839 2942 2840 2941 2840 2940 2840 2943 2841 2944 2841 2941 2841 2943 2842 2941 2842 2942 2842 2945 2843 2939 2843 2946 2843 2945 2844 2940 2844 2939 2844 2947 2845 2946 2845 2948 2845 2947 2846 2948 2846 2949 2846 2947 2847 2945 2847 2946 2847 2950 2848 2951 2848 2952 2848 2950 2849 2952 2849 2945 2849 2950 2850 2945 2850 2947 2850 2953 2851 2951 2851 2950 2851 2954 2852 2955 2852 2956 2852 2954 2853 2956 2853 2957 2853 2958 2854 2959 2854 2955 2854 2958 2855 2955 2855 2954 2855 2960 2856 2961 2856 2962 2856 2960 2857 2962 2857 2959 2857 2960 2858 2959 2858 2958 2858 2963 2859 2964 2859 2965 2859 2963 2860 2965 2860 2966 2860 2967 2861 2960 2861 2958 2861 2967 2862 2964 2862 2963 2862 2968 2863 2967 2863 2963 2863 2969 2864 2960 2864 2967 2864 2969 2865 2967 2865 2968 2865 2970 2866 2968 2866 2971 2866 2970 2867 2969 2867 2968 2867 2972 2868 2973 2868 2974 2868 2975 2869 2976 2869 2977 2869 2975 2870 2977 2870 2978 2870 2979 2871 2974 2871 2980 2871 2979 2872 2972 2872 2974 2872 2981 2873 2976 2873 2975 2873 2982 2874 2983 2874 2976 2874 2982 2875 2976 2875 2981 2875 2984 2876 2980 2876 2983 2876 2984 2877 2979 2877 2980 2877 2984 2878 2983 2878 2982 2878 2985 2879 2979 2879 2984 2879 2986 2880 2987 2880 2988 2880 2986 2881 2985 2881 2987 2881 2984 2882 2987 2882 2985 2882 2989 2883 2990 2883 2991 2883 2989 2884 2991 2884 2992 2884 2993 2885 2989 2885 2992 2885 2994 2886 2989 2886 2993 2886 2995 2887 2996 2887 2994 2887 2997 2888 2995 2888 2994 2888 2998 2889 2993 2889 2992 2889 2999 2890 2994 2890 2993 2890 2999 2891 2997 2891 2994 2891 3000 2892 3001 2892 3002 2892 3000 2893 3002 2893 3003 2893 3004 2894 3003 2894 2997 2894 3004 2895 2997 2895 2999 2895 3004 2896 3000 2896 3003 2896 3005 2897 2998 2897 2992 2897 3006 2898 3004 2898 3007 2898 3006 2899 3000 2899 3004 2899 3008 2900 3007 2900 3009 2900 3008 2901 3009 2901 3010 2901 3008 2902 3006 2902 3007 2902 3011 2903 3012 2903 2998 2903 3011 2904 2998 2904 3005 2904 3013 2905 3005 2905 2992 2905 3014 2906 3008 2906 3010 2906 3015 2907 3016 2907 3017 2907 3015 2908 3017 2908 3014 2908 3015 2909 3010 2909 3018 2909 3015 2910 3014 2910 3010 2910 3019 2911 3015 2911 3018 2911 3020 2912 3021 2912 3012 2912 3020 2913 3012 2913 3011 2913 3022 2914 3023 2914 3024 2914 3022 2915 3024 2915 3019 2915 3022 2916 3019 2916 3018 2916 3025 2917 3005 2917 3013 2917 3025 2918 3013 2918 3026 2918 3027 2919 3022 2919 3018 2919 3027 2920 3018 2920 3028 2920 3027 2921 3028 2921 3029 2921 3030 2922 3021 2922 3020 2922 3031 2923 3030 2923 3032 2923 3033 2924 3025 2924 3026 2924 3034 2925 3030 2925 3031 2925 3034 2926 3021 2926 3030 2926 3035 2927 3027 2927 3029 2927 3035 2928 3029 2928 3021 2928 3035 2929 3021 2929 3034 2929 3036 2930 3020 2930 3011 2930 3037 2931 3020 2931 3036 2931 3038 2932 3036 2932 3039 2932 3038 2933 3037 2933 3036 2933 3040 2934 3041 2934 3042 2934 3040 2935 3042 2935 3043 2935 3044 2936 3045 2936 3046 2936 3044 2937 3046 2937 3047 2937 3044 2938 3047 2938 3048 2938 3049 2939 3041 2939 3040 2939 3050 2940 3051 2940 3041 2940 3050 2941 3041 2941 3049 2941 3052 2942 3048 2942 3051 2942 3052 2943 3044 2943 3048 2943 3052 2944 3051 2944 3050 2944 3053 2945 3054 2945 3055 2945 3053 2946 3044 2946 3052 2946 3056 2947 3053 2947 3055 2947 3052 2948 3054 2948 3053 2948 3057 2949 3058 2949 3059 2949 3057 2950 3059 2950 3060 2950 3061 2951 3058 2951 3057 2951 3062 2952 3058 2952 3061 2952 3063 2953 3064 2953 3065 2953 3063 2954 3065 2954 3062 2954 3066 2955 3061 2955 3057 2955 3067 2956 3062 2956 3061 2956 3067 2957 3063 2957 3062 2957 3068 2958 3069 2958 3070 2958 3071 2959 3068 2959 3070 2959 3072 2960 3070 2960 3063 2960 3072 2961 3063 2961 3067 2961 3072 2962 3071 2962 3070 2962 3073 2963 3066 2963 3057 2963 3074 2964 3072 2964 3075 2964 3074 2965 3071 2965 3072 2965 3076 2966 3075 2966 3077 2966 3076 2967 3077 2967 3078 2967 3076 2968 3074 2968 3075 2968 3079 2969 3080 2969 3066 2969 3079 2970 3066 2970 3073 2970 3081 2971 3073 2971 3057 2971 3082 2972 3076 2972 3078 2972 3083 2973 3084 2973 3082 2973 3085 2974 3083 2974 3082 2974 3085 2975 3078 2975 3086 2975 3085 2976 3082 2976 3078 2976 3087 2977 3085 2977 3086 2977 3088 2978 3089 2978 3087 2978 3090 2979 3091 2979 3080 2979 3090 2980 3080 2980 3079 2980 3092 2981 3088 2981 3087 2981 3092 2982 3087 2982 3086 2982 3093 2983 3073 2983 3081 2983 3093 2984 3081 2984 3094 2984 3095 2985 3092 2985 3086 2985 3095 2986 3086 2986 3096 2986 3095 2987 3096 2987 3097 2987 3098 2988 3091 2988 3090 2988 3099 2989 3098 2989 3100 2989 3101 2990 3093 2990 3094 2990 3102 2991 3098 2991 3099 2991 3102 2992 3091 2992 3098 2992 3103 2993 3095 2993 3097 2993 3103 2994 3097 2994 3091 2994 3103 2995 3091 2995 3102 2995 3104 2996 3090 2996 3079 2996 3105 2997 3090 2997 3104 2997 3106 2998 3105 2998 3104 2998 3107 2999 3105 2999 3106 2999 3108 3000 3109 3000 3110 3000 3108 3001 3110 3001 3111 3001 3112 3002 3111 3002 3113 3002 3112 3003 3108 3003 3111 3003 3114 3004 3113 3004 3115 3004 3114 3005 3115 3005 3116 3005 3114 3006 3112 3006 3113 3006 3117 3007 3118 3007 3119 3007 3117 3008 3119 3008 3112 3008 3117 3009 3112 3009 3114 3009 3120 3010 3118 3010 3117 3010 3121 3011 3122 3011 3123 3011 3121 3012 3123 3012 3124 3012 3125 3013 3121 3013 3124 3013 3126 3014 3121 3014 3125 3014 3127 3015 3126 3015 3125 3015 3128 3016 3129 3016 3126 3016 3128 3017 3126 3017 3127 3017 3130 3018 3125 3018 3124 3018 3131 3019 3130 3019 3132 3019 3131 3020 3125 3020 3130 3020 3133 3021 3131 3021 3132 3021 3134 3022 3135 3022 3136 3022 3134 3023 3136 3023 3137 3023 3138 3024 3139 3024 3135 3024 3138 3025 3135 3025 3134 3025 3140 3026 3141 3026 3139 3026 3142 3027 3139 3027 3138 3027 3142 3028 3140 3028 3139 3028 3143 3029 3138 3029 3144 3029 3143 3030 3144 3030 3145 3030 3143 3031 3142 3031 3138 3031 3146 3032 3143 3032 3145 3032 3147 3033 3148 3033 3149 3033 3150 3034 3148 3034 3147 3034 3151 3035 3152 3035 3148 3035 3151 3036 3148 3036 3150 3036 3153 3037 3154 3037 3152 3037 3153 3038 3152 3038 3151 3038 3155 3039 3156 3039 3157 3039 3158 3040 3155 3040 3157 3040 3159 3041 3157 3041 3160 3041 3159 3042 3158 3042 3157 3042 3161 3043 3160 3043 3162 3043 3161 3044 3159 3044 3160 3044 3163 3045 3164 3045 3165 3045 3166 3046 3164 3046 3163 3046 3167 3047 3168 3047 3169 3047 3170 3048 3167 3048 3169 3048 3171 3049 3172 3049 3173 3049 3174 3050 3172 3050 3171 3050 3175 3051 3164 3051 3166 3051 3175 3052 3176 3052 3164 3052 3175 3053 3166 3053 3177 3053 3175 3054 3178 3054 3176 3054 3179 3055 3180 3055 3176 3055 3179 3056 3176 3056 3178 3056 3181 3057 3182 3057 3183 3057 3181 3058 3183 3058 3184 3058 3185 3059 3170 3059 3169 3059 3185 3060 3184 3060 3170 3060 3185 3061 3169 3061 3180 3061 3185 3062 3180 3062 3179 3062 3186 3063 3177 3063 3187 3063 3186 3064 3175 3064 3177 3064 3188 3065 3186 3065 3187 3065 3189 3066 3172 3066 3174 3066 3189 3067 3187 3067 3172 3067 3189 3068 3174 3068 3190 3068 3189 3069 3188 3069 3187 3069 3191 3070 3181 3070 3184 3070 3191 3071 3192 3071 3181 3071 3191 3072 3184 3072 3185 3072 3193 3073 3192 3073 3191 3073 3194 3074 3189 3074 3190 3074 3194 3075 3190 3075 3195 3075 3196 3076 3192 3076 3193 3076 3197 3077 3196 3077 3193 3077 3198 3078 3196 3078 3197 3078 3199 3079 3195 3079 3200 3079 3199 3080 3194 3080 3195 3080 3201 3081 3196 3081 3198 3081 3202 3082 3203 3082 3204 3082 3202 3083 3204 3083 3201 3083 3202 3084 3201 3084 3198 3084 3205 3085 3206 3085 3207 3085 3208 3086 3206 3086 3205 3086 3209 3087 3200 3087 3206 3087 3209 3088 3199 3088 3200 3088 3209 3089 3206 3089 3208 3089 3210 3090 3202 3090 3198 3090 3210 3091 3198 3091 3211 3091 3212 3092 3211 3092 3213 3092 3212 3093 3213 3093 3214 3093 3212 3094 3210 3094 3211 3094 3215 3095 3209 3095 3208 3095 3216 3096 3215 3096 3208 3096 3217 3097 3216 3097 3218 3097 3219 3098 3215 3098 3216 3098 3219 3099 3216 3099 3217 3099 3219 3100 3220 3100 3215 3100 3221 3101 3222 3101 3223 3101 3224 3102 3212 3102 3214 3102 3225 3103 3226 3103 3224 3103 3227 3104 3224 3104 3214 3104 3227 3105 3225 3105 3224 3105 3228 3106 3222 3106 3221 3106 3229 3107 3220 3107 3219 3107 3230 3108 3228 3108 3221 3108 3231 3109 3229 3109 3232 3109 3233 3110 3227 3110 3214 3110 3233 3111 3214 3111 3234 3111 3235 3112 3220 3112 3229 3112 3235 3113 3229 3113 3231 3113 3235 3114 3221 3114 3220 3114 3236 3115 3233 3115 3234 3115 3236 3116 3234 3116 3237 3116 3238 3117 3221 3117 3235 3117 3239 3118 3236 3118 3237 3118 3239 3119 3237 3119 3240 3119 3241 3120 3238 3120 3242 3120 3243 3121 3221 3121 3238 3121 3243 3122 3238 3122 3241 3122 3244 3123 3230 3123 3221 3123 3244 3124 3221 3124 3243 3124 3245 3125 3239 3125 3240 3125 3246 3126 3247 3126 3245 3126 3248 3127 3230 3127 3244 3127 3248 3128 3240 3128 3230 3128 3249 3129 3246 3129 3245 3129 3249 3130 3245 3130 3240 3130 3249 3131 3240 3131 3248 3131 3250 3132 3248 3132 3244 3132 3251 3133 3248 3133 3250 3133 3252 3134 3250 3134 3253 3134 3252 3135 3251 3135 3250 3135 3254 3136 3255 3136 3256 3136 3257 3137 3258 3137 3259 3137 3257 3138 3259 3138 3260 3138 3261 3139 3256 3139 3262 3139 3261 3140 3254 3140 3256 3140 3263 3141 3258 3141 3257 3141 3264 3142 3265 3142 3258 3142 3264 3143 3258 3143 3263 3143 3266 3144 3262 3144 3265 3144 3266 3145 3261 3145 3262 3145 3266 3146 3265 3146 3264 3146 3267 3147 3261 3147 3266 3147 3268 3148 3269 3148 3270 3148 3268 3149 3267 3149 3269 3149 3266 3150 3269 3150 3267 3150 3271 3151 3272 3151 3273 3151 3271 3152 3273 3152 3274 3152 3275 3153 3272 3153 3271 3153 3276 3154 3275 3154 3271 3154 3277 3155 3276 3155 3278 3155 3277 3156 3275 3156 3276 3156 3279 3157 3277 3157 3278 3157 3280 3158 3272 3158 3275 3158 3281 3159 3280 3159 3275 3159 3282 3160 3283 3160 3280 3160 3282 3161 3280 3161 3281 3161 3284 3162 3285 3162 3286 3162 3284 3163 3286 3163 3287 3163 3288 3164 3289 3164 3290 3164 3288 3165 3290 3165 3291 3165 3288 3166 3292 3166 3293 3166 3288 3167 3293 3167 3289 3167 3294 3168 3291 3168 3295 3168 3294 3169 3288 3169 3291 3169 3296 3170 3294 3170 3295 3170 3297 3171 3298 3171 3299 3171 3297 3172 3299 3172 3296 3172 3297 3173 3295 3173 3284 3173 3297 3174 3296 3174 3295 3174 3300 3175 3298 3175 3297 3175 3295 3176 3285 3176 3284 3176 3301 3177 3302 3177 3303 3177 3304 3178 3305 3178 3306 3178 3307 3179 3301 3179 3303 3179 3308 3180 3305 3180 3304 3180 3309 3181 3310 3181 3311 3181 3312 3182 3310 3182 3309 3182 3313 3183 3314 3183 3315 3183 3316 3184 3305 3184 3308 3184 3316 3185 3303 3185 3305 3185 3317 3186 3318 3186 3307 3186 3317 3187 3303 3187 3316 3187 3317 3188 3307 3188 3303 3188 3319 3189 3314 3189 3313 3189 3320 3190 3310 3190 3312 3190 3320 3191 3316 3191 3308 3191 3320 3192 3308 3192 3310 3192 3321 3193 3320 3193 3312 3193 3321 3194 3314 3194 3319 3194 3321 3195 3312 3195 3314 3195 3321 3196 3319 3196 3322 3196 3323 3197 3318 3197 3317 3197 3323 3198 3324 3198 3318 3198 3325 3199 3326 3199 3327 3199 3325 3200 3327 3200 3328 3200 3329 3201 3324 3201 3323 3201 3329 3202 3330 3202 3324 3202 3331 3203 3332 3203 3333 3203 3334 3204 3335 3204 3321 3204 3336 3205 3337 3205 3325 3205 3336 3206 3328 3206 3330 3206 3336 3207 3330 3207 3329 3207 3336 3208 3325 3208 3328 3208 3338 3209 3334 3209 3321 3209 3339 3210 3338 3210 3321 3210 3339 3211 3321 3211 3322 3211 3340 3212 3332 3212 3331 3212 3341 3213 3332 3213 3340 3213 3341 3214 3322 3214 3332 3214 3341 3215 3339 3215 3322 3215 3342 3216 3339 3216 3341 3216 3343 3217 3337 3217 3336 3217 3344 3218 3342 3218 3341 3218 3345 3219 3344 3219 3346 3219 3345 3220 3346 3220 3347 3220 3345 3221 3342 3221 3344 3221 3348 3222 3349 3222 3337 3222 3348 3223 3337 3223 3343 3223 3350 3224 3351 3224 3352 3224 3353 3225 3350 3225 3352 3225 3354 3226 3353 3226 3352 3226 3354 3227 3352 3227 3349 3227 3354 3228 3349 3228 3348 3228 3355 3229 3356 3229 3342 3229 3355 3230 3342 3230 3345 3230 3357 3231 3353 3231 3354 3231 3357 3232 3354 3232 3358 3232 3359 3233 3357 3233 3358 3233 3360 3234 3357 3234 3359 3234 3360 3235 3359 3235 3361 3235 3362 3236 3356 3236 3355 3236 3362 3237 3363 3237 3356 3237 3364 3238 3360 3238 3361 3238 3365 3239 3363 3239 3362 3239 3365 3240 3366 3240 3363 3240 3367 3241 3368 3241 3369 3241 3367 3242 3369 3242 3364 3242 3367 3243 3364 3243 3361 3243 3367 3244 3361 3244 3370 3244 3371 3245 3366 3245 3365 3245 3372 3246 3371 3246 3373 3246 3374 3247 3371 3247 3372 3247 3374 3248 3366 3248 3371 3248 3375 3249 3366 3249 3374 3249 3375 3250 3376 3250 3377 3250 3375 3251 3377 3251 3366 3251 3378 3252 3367 3252 3370 3252 3379 3253 3380 3253 3381 3253 3379 3254 3381 3254 3378 3254 3379 3255 3378 3255 3370 3255 3382 3256 3376 3256 3375 3256 3382 3257 3383 3257 3376 3257 3384 3258 3379 3258 3370 3258 3384 3259 3370 3259 3385 3259 3386 3260 3383 3260 3382 3260 3387 3261 3386 3261 3388 3261 3389 3262 3383 3262 3386 3262 3389 3263 3386 3263 3387 3263 3390 3264 3384 3264 3385 3264 3390 3265 3385 3265 3391 3265 3390 3266 3391 3266 3383 3266 3390 3267 3383 3267 3389 3267 3392 3268 3393 3268 3394 3268 3392 3269 3394 3269 3395 3269 3396 3270 3393 3270 3392 3270 3397 3271 3396 3271 3392 3271 3398 3272 3396 3272 3397 3272 3399 3273 3397 3273 3400 3273 3401 3274 3398 3274 3397 3274 3401 3275 3397 3275 3399 3275 3402 3276 3393 3276 3396 3276 3403 3277 3402 3277 3396 3277 3404 3278 3405 3278 3406 3278 3404 3279 3406 3279 3402 3279 3404 3280 3402 3280 3403 3280 3407 3281 3408 3281 3398 3281 3407 3282 3398 3282 3401 3282 3409 3283 3403 3283 3408 3283 3409 3284 3408 3284 3407 3284 3409 3285 3404 3285 3403 3285 3410 3286 3409 3286 3407 3286 3411 3287 3410 3287 3407 3287 3412 3288 3413 3288 3414 3288 3412 3289 3415 3289 3416 3289 3412 3290 3416 3290 3417 3290 3412 3291 3417 3291 3418 3291 3412 3292 3418 3292 3419 3292 3412 3293 3419 3293 3420 3293 3412 3294 3420 3294 3421 3294 3412 3295 3421 3295 3422 3295 3412 3296 3422 3296 3423 3296 3412 3297 3423 3297 3424 3297 3412 3298 3424 3298 3425 3298 3412 3299 3425 3299 3426 3299 3412 3300 3426 3300 3427 3300 3412 3301 3427 3301 3428 3301 3412 3302 3428 3302 3429 3302 3412 3303 3429 3303 3430 3303 3412 3304 3430 3304 3413 3304 3431 3305 3432 3305 3433 3305 3434 3306 3432 3306 3431 3306 3435 3307 3434 3307 3431 3307 3436 3308 3435 3308 3431 3308 3437 3309 3438 3309 3439 3309 3440 3310 3435 3310 3436 3310 3441 3311 3437 3311 3439 3311 3442 3312 3436 3312 3443 3312 3442 3313 3440 3313 3436 3313 3444 3314 3445 3314 3446 3314 3444 3315 3446 3315 3447 3315 3448 3316 3441 3316 3439 3316 3448 3317 3445 3317 3444 3317 3448 3318 3449 3318 3441 3318 3448 3319 3439 3319 3445 3319 3450 3320 3451 3320 3435 3320 3452 3321 3450 3321 3453 3321 3452 3322 3451 3322 3450 3322 3452 3323 3453 3323 3454 3323 3455 3324 3456 3324 3449 3324 3457 3325 3455 3325 3449 3325 3458 3326 3449 3326 3448 3326 3458 3327 3457 3327 3449 3327 3459 3328 3457 3328 3458 3328 3459 3329 3458 3329 3460 3329 3461 3330 3462 3330 3451 3330 3461 3331 3451 3331 3452 3331 3463 3332 3464 3332 3459 3332 3465 3333 3462 3333 3461 3333 3466 3334 3459 3334 3460 3334 3466 3335 3463 3335 3459 3335 3466 3336 3460 3336 3467 3336 3468 3337 3465 3337 3461 3337 3468 3338 3469 3338 3465 3338 3470 3339 3466 3339 3467 3339 3471 3340 3472 3340 3473 3340 3471 3341 3473 3341 3470 3341 3471 3342 3470 3342 3467 3342 3474 3343 3469 3343 3468 3343 3475 3344 3474 3344 3476 3344 3475 3345 3476 3345 3477 3345 3475 3346 3469 3346 3474 3346 3475 3347 3478 3347 3469 3347 3479 3348 3471 3348 3467 3348 3479 3349 3467 3349 3480 3349 3481 3350 3478 3350 3475 3350 3482 3351 3483 3351 3479 3351 3484 3352 3481 3352 3485 3352 3484 3353 3485 3353 3486 3353 3484 3354 3478 3354 3481 3354 3487 3355 3479 3355 3480 3355 3487 3356 3482 3356 3479 3356 3488 3357 3489 3357 3478 3357 3488 3358 3478 3358 3484 3358 3490 3359 3480 3359 3491 3359 3490 3360 3487 3360 3480 3360 3492 3361 3493 3361 3494 3361 3492 3362 3494 3362 3490 3362 3492 3363 3491 3363 3489 3363 3492 3364 3490 3364 3491 3364 3495 3365 3492 3365 3489 3365 3495 3366 3488 3366 3496 3366 3495 3367 3496 3367 3497 3367 3495 3368 3489 3368 3488 3368 3451 3369 3434 3369 3435 3369 3498 3370 3499 3370 3500 3370 3501 3371 3498 3371 3500 3371 3502 3372 3503 3372 3504 3372 3502 3373 3504 3373 3505 3373 3506 3374 3507 3374 3508 3374 3506 3375 3508 3375 3509 3375 3510 3376 3511 3376 3512 3376 3510 3377 3512 3377 3513 3377 3514 3378 3515 3378 3516 3378 3517 3379 3515 3379 3514 3379 3518 3380 3509 3380 3501 3380 3518 3381 3501 3381 3500 3381 3519 3382 3500 3382 3503 3382 3519 3383 3502 3383 3511 3383 3519 3384 3503 3384 3502 3384 3519 3385 3518 3385 3500 3385 3520 3386 3506 3386 3509 3386 3520 3387 3509 3387 3518 3387 3521 3388 3511 3388 3510 3388 3521 3389 3519 3389 3511 3389 3522 3390 3510 3390 3515 3390 3522 3391 3515 3391 3517 3391 3522 3392 3521 3392 3510 3392 3523 3393 3524 3393 3525 3393 3526 3394 3524 3394 3523 3394 3527 3395 3517 3395 3524 3395 3527 3396 3522 3396 3517 3396 3527 3397 3524 3397 3526 3397 3528 3398 3527 3398 3526 3398 3528 3399 3529 3399 3527 3399 3530 3400 3528 3400 3531 3400 3530 3401 3531 3401 3532 3401 3530 3402 3529 3402 3528 3402 3533 3403 3506 3403 3520 3403 3534 3404 3535 3404 3529 3404 3534 3405 3529 3405 3530 3405 3536 3406 3534 3406 3537 3406 3536 3407 3537 3407 3538 3407 3536 3408 3535 3408 3534 3408 3539 3409 3533 3409 3520 3409 3540 3410 3541 3410 3533 3410 3540 3411 3533 3411 3539 3411 3542 3412 3543 3412 3535 3412 3542 3413 3535 3413 3536 3413 3544 3414 3545 3414 3543 3414 3544 3415 3543 3415 3542 3415 3546 3416 3547 3416 3548 3416 3546 3417 3548 3417 3549 3417 3546 3418 3549 3418 3550 3418 3551 3419 3552 3419 3553 3419 3551 3420 3553 3420 3547 3420 3551 3421 3547 3421 3546 3421 3554 3422 3555 3422 3556 3422 3554 3423 3556 3423 3552 3423 3554 3424 3552 3424 3551 3424 3557 3425 3554 3425 3558 3425 3557 3426 3555 3426 3554 3426 3559 3427 3560 3427 3561 3427 3562 3428 3557 3428 3558 3428 3563 3429 3559 3429 3561 3429 3564 3430 3558 3430 3565 3430 3564 3431 3562 3431 3558 3431 3566 3432 3564 3432 3565 3432 3567 3433 3559 3433 3563 3433 3568 3434 3559 3434 3567 3434 3569 3435 3565 3435 3570 3435 3569 3436 3566 3436 3565 3436 3571 3437 3568 3437 3567 3437 3572 3438 3570 3438 3573 3438 3572 3439 3569 3439 3570 3439 3574 3440 3575 3440 3568 3440 3574 3441 3568 3441 3571 3441 3576 3442 3572 3442 3573 3442 3577 3443 3575 3443 3574 3443 3578 3444 3573 3444 3575 3444 3578 3445 3576 3445 3573 3445 3579 3446 3578 3446 3575 3446 3579 3447 3575 3447 3577 3447 3580 3448 3581 3448 3582 3448 3580 3449 3582 3449 3583 3449 3584 3450 3583 3450 3585 3450 3584 3451 3585 3451 3586 3451 3584 3452 3586 3452 3587 3452 3584 3453 3580 3453 3583 3453 3588 3454 3589 3454 3581 3454 3588 3455 3581 3455 3580 3455 3590 3456 3587 3456 3591 3456 3590 3457 3584 3457 3587 3457 3592 3458 3589 3458 3588 3458 3593 3459 3590 3459 3591 3459 3594 3460 3592 3460 3588 3460 3595 3461 3596 3461 3592 3461 3597 3462 3593 3462 3598 3462 3597 3463 3590 3463 3593 3463 3599 3464 3592 3464 3594 3464 3599 3465 3595 3465 3592 3465 3600 3466 3598 3466 3601 3466 3600 3467 3601 3467 3602 3467 3600 3468 3597 3468 3598 3468 3603 3469 3600 3469 3602 3469 3604 3470 3603 3470 3602 3470 3605 3471 3603 3471 3604 3471 3606 3472 3607 3472 3603 3472 3606 3473 3603 3473 3605 3473 3608 3474 3607 3474 3606 3474 3609 3475 3607 3475 3608 3475 3610 3476 3609 3476 3608 3476 3611 3477 3612 3477 3609 3477 3613 3478 3611 3478 3609 3478 3613 3479 3609 3479 3610 3479 3614 3480 3615 3480 3616 3480 3614 3481 3616 3481 3617 3481 3618 3482 3614 3482 3617 3482 3619 3483 3614 3483 3618 3483 3620 3484 3621 3484 3619 3484 3620 3485 3619 3485 3618 3485 3622 3486 3621 3486 3620 3486 3623 3487 3617 3487 3624 3487 3623 3488 3618 3488 3617 3488 3625 3489 3624 3489 3626 3489 3625 3490 3626 3490 3627 3490 3625 3491 3623 3491 3624 3491 3628 3492 3629 3492 3630 3492 3628 3493 3630 3493 3623 3493 3628 3494 3623 3494 3625 3494 3631 3495 3629 3495 3628 3495 3632 3496 3633 3496 3634 3496 3632 3497 3634 3497 3635 3497 3636 3498 3637 3498 3633 3498 3636 3499 3633 3499 3632 3499 3638 3500 3639 3500 3640 3500 3638 3501 3640 3501 3637 3501 3638 3502 3637 3502 3636 3502 3641 3503 3642 3503 3643 3503 3641 3504 3643 3504 3644 3504 3645 3505 3638 3505 3636 3505 3645 3506 3642 3506 3641 3506 3646 3507 3638 3507 3645 3507 3647 3508 3645 3508 3641 3508 3647 3509 3646 3509 3645 3509 3648 3510 3649 3510 3646 3510 3648 3511 3646 3511 3647 3511 3650 3512 3651 3512 3652 3512 3650 3513 3652 3513 3653 3513 3654 3514 3655 3514 3656 3514 3654 3515 3656 3515 3657 3515 3654 3516 3657 3516 3658 3516 3659 3517 3651 3517 3650 3517 3660 3518 3661 3518 3651 3518 3660 3519 3651 3519 3659 3519 3662 3520 3658 3520 3661 3520 3662 3521 3654 3521 3658 3521 3662 3522 3661 3522 3660 3522 3663 3523 3654 3523 3662 3523 3664 3524 3665 3524 3666 3524 3664 3525 3663 3525 3665 3525 3662 3526 3665 3526 3663 3526 3667 3527 3668 3527 3669 3527 3670 3528 3668 3528 3667 3528 3671 3529 3672 3529 3673 3529 3674 3530 3671 3530 3673 3530 3675 3531 3676 3531 3677 3531 3678 3532 3676 3532 3675 3532 3679 3533 3680 3533 3681 3533 3682 3534 3683 3534 3668 3534 3682 3535 3670 3535 3684 3535 3682 3536 3668 3536 3670 3536 3682 3537 3685 3537 3683 3537 3686 3538 3687 3538 3683 3538 3686 3539 3683 3539 3685 3539 3688 3540 3679 3540 3681 3540 3689 3541 3674 3541 3673 3541 3689 3542 3687 3542 3686 3542 3689 3543 3673 3543 3687 3543 3690 3544 3682 3544 3684 3544 3690 3545 3684 3545 3691 3545 3692 3546 3690 3546 3691 3546 3693 3547 3676 3547 3678 3547 3693 3548 3692 3548 3691 3548 3693 3549 3691 3549 3676 3549 3693 3550 3678 3550 3694 3550 3695 3551 3688 3551 3681 3551 3695 3552 3696 3552 3688 3552 3695 3553 3681 3553 3674 3553 3695 3554 3674 3554 3689 3554 3697 3555 3696 3555 3695 3555 3698 3556 3693 3556 3694 3556 3698 3557 3694 3557 3699 3557 3700 3558 3696 3558 3697 3558 3701 3559 3700 3559 3697 3559 3702 3560 3700 3560 3701 3560 3703 3561 3698 3561 3699 3561 3703 3562 3699 3562 3704 3562 3705 3563 3700 3563 3702 3563 3706 3564 3707 3564 3705 3564 3708 3565 3705 3565 3702 3565 3708 3566 3706 3566 3705 3566 3709 3567 3710 3567 3711 3567 3709 3568 3711 3568 3712 3568 3713 3569 3704 3569 3710 3569 3713 3570 3703 3570 3704 3570 3713 3571 3710 3571 3709 3571 3714 3572 3702 3572 3715 3572 3714 3573 3708 3573 3702 3573 3716 3574 3715 3574 3717 3574 3716 3575 3714 3575 3715 3575 3718 3576 3713 3576 3709 3576 3719 3577 3718 3577 3709 3577 3720 3578 3719 3578 3721 3578 3722 3579 3723 3579 3718 3579 3722 3580 3718 3580 3719 3580 3722 3581 3719 3581 3720 3581 3724 3582 3723 3582 3722 3582 3725 3583 3726 3583 3723 3583 3725 3584 3724 3584 3727 3584 3725 3585 3727 3585 3728 3585 3725 3586 3723 3586 3724 3586 3729 3587 3726 3587 3725 3587 3730 3588 3731 3588 3732 3588 3730 3589 3733 3589 3734 3589 3730 3590 3734 3590 3731 3590 3735 3591 3726 3591 3729 3591 3735 3592 3729 3592 3736 3592 3735 3593 3736 3593 3737 3593 3738 3594 3730 3594 3732 3594 3739 3595 3740 3595 3726 3595 3739 3596 3726 3596 3735 3596 3741 3597 3742 3597 3738 3597 3743 3598 3732 3598 3740 3598 3743 3599 3740 3599 3739 3599 3743 3600 3739 3600 3744 3600 3743 3601 3744 3601 3745 3601 3746 3602 3738 3602 3732 3602 3746 3603 3732 3603 3743 3603 3746 3604 3741 3604 3738 3604 3747 3605 3748 3605 3749 3605 3747 3606 3749 3606 3750 3606 3751 3607 3752 3607 3753 3607 3751 3608 3753 3608 3754 3608 3751 3609 3754 3609 3755 3609 3756 3610 3748 3610 3747 3610 3757 3611 3758 3611 3748 3611 3757 3612 3748 3612 3756 3612 3759 3613 3755 3613 3758 3613 3759 3614 3751 3614 3755 3614 3759 3615 3758 3615 3757 3615 3760 3616 3761 3616 3762 3616 3760 3617 3751 3617 3759 3617 3763 3618 3760 3618 3762 3618 3759 3619 3761 3619 3760 3619 3764 3620 3765 3620 3766 3620 3764 3621 3766 3621 3767 3621 3768 3622 3764 3622 3767 3622 3769 3623 3764 3623 3768 3623 3770 3624 3771 3624 3772 3624 3770 3625 3772 3625 3769 3625 3773 3626 3768 3626 3767 3626 3774 3627 3769 3627 3768 3627 3774 3628 3770 3628 3769 3628 3775 3629 3776 3629 3777 3629 3775 3630 3777 3630 3778 3630 3779 3631 3778 3631 3770 3631 3779 3632 3770 3632 3774 3632 3779 3633 3775 3633 3778 3633 3780 3634 3773 3634 3767 3634 3781 3635 3779 3635 3782 3635 3781 3636 3775 3636 3779 3636 3783 3637 3782 3637 3784 3637 3783 3638 3784 3638 3785 3638 3783 3639 3781 3639 3782 3639 3786 3640 3787 3640 3773 3640 3786 3641 3773 3641 3780 3641 3788 3642 3780 3642 3767 3642 3789 3643 3783 3643 3785 3643 3790 3644 3791 3644 3792 3644 3790 3645 3792 3645 3789 3645 3790 3646 3785 3646 3793 3646 3790 3647 3789 3647 3785 3647 3794 3648 3790 3648 3793 3648 3795 3649 3796 3649 3787 3649 3795 3650 3787 3650 3786 3650 3797 3651 3794 3651 3793 3651 3797 3652 3798 3652 3799 3652 3797 3653 3799 3653 3794 3653 3800 3654 3788 3654 3801 3654 3800 3655 3780 3655 3788 3655 3802 3656 3797 3656 3793 3656 3802 3657 3793 3657 3803 3657 3802 3658 3803 3658 3804 3658 3805 3659 3796 3659 3795 3659 3806 3660 3800 3660 3801 3660 3807 3661 3805 3661 3808 3661 3807 3662 3808 3662 3809 3662 3807 3663 3796 3663 3805 3663 3810 3664 3802 3664 3804 3664 3810 3665 3796 3665 3807 3665 3810 3666 3804 3666 3796 3666 3811 3667 3795 3667 3786 3667 3812 3668 3795 3668 3811 3668 3813 3669 3812 3669 3811 3669 3814 3670 3812 3670 3813 3670 3815 3671 3816 3671 3817 3671 3815 3672 3818 3672 3819 3672 3815 3673 3819 3673 3820 3673 3815 3674 3820 3674 3821 3674 3815 3675 3821 3675 3822 3675 3815 3676 3822 3676 3823 3676 3815 3677 3823 3677 3824 3677 3815 3678 3824 3678 3825 3678 3815 3679 3825 3679 3826 3679 3815 3680 3826 3680 3827 3680 3815 3681 3827 3681 3828 3681 3815 3682 3828 3682 3829 3682 3815 3683 3829 3683 3830 3683 3815 3684 3830 3684 3831 3684 3815 3685 3831 3685 3832 3685 3815 3686 3832 3686 3833 3686 3815 3687 3833 3687 3816 3687 3834 3688 3835 3688 3836 3688 3834 3689 3836 3689 3837 3689 3834 3690 3837 3690 3838 3690 3839 3691 3838 3691 3840 3691 3839 3692 3840 3692 3841 3692 3839 3693 3834 3693 3838 3693 3842 3694 3841 3694 3843 3694 3842 3695 3843 3695 3844 3695 3842 3696 3839 3696 3841 3696 3845 3697 3846 3697 3842 3697 3845 3698 3842 3698 3844 3698 3847 3699 3848 3699 3849 3699 3850 3700 3846 3700 3845 3700 3851 3701 3848 3701 3847 3701 3852 3702 3853 3702 3846 3702 3852 3703 3846 3703 3850 3703 3854 3704 3853 3704 3852 3704 3855 3705 3851 3705 3847 3705 3856 3706 3853 3706 3854 3706 3857 3707 3855 3707 3847 3707 3858 3708 3856 3708 3854 3708 3859 3709 3855 3709 3857 3709 3860 3710 3861 3710 3856 3710 3860 3711 3856 3711 3858 3711 3862 3712 3857 3712 3863 3712 3862 3713 3859 3713 3857 3713 3864 3714 3861 3714 3860 3714 3865 3715 3862 3715 3863 3715 3866 3716 3863 3716 3861 3716 3866 3717 3861 3717 3864 3717 3867 3718 3863 3718 3866 3718 3867 3719 3865 3719 3863 3719 3868 3720 3869 3720 3870 3720 3868 3721 3870 3721 3871 3721 3868 3722 3871 3722 3872 3722 3873 3723 3874 3723 3875 3723 3873 3724 3875 3724 3869 3724 3873 3725 3869 3725 3868 3725 3876 3726 3872 3726 3877 3726 3876 3727 3868 3727 3872 3727 3878 3728 3879 3728 3874 3728 3878 3729 3874 3729 3873 3729 3880 3730 3877 3730 3881 3730 3880 3731 3881 3731 3882 3731 3880 3732 3876 3732 3877 3732 3883 3733 3880 3733 3882 3733 3884 3734 3885 3734 3886 3734 3884 3735 3886 3735 3879 3735 3884 3736 3879 3736 3878 3736 3887 3737 3880 3737 3883 3737 3888 3738 3889 3738 3890 3738 3888 3739 3890 3739 3885 3739 3888 3740 3885 3740 3884 3740 3891 3741 3889 3741 3888 3741 3892 3742 3889 3742 3891 3742 3893 3743 3892 3743 3891 3743 3894 3744 3891 3744 3895 3744 3894 3745 3893 3745 3891 3745 3896 3746 3894 3746 3895 3746 3897 3747 3895 3747 3898 3747 3897 3748 3896 3748 3895 3748 3899 3749 3898 3749 3900 3749 3899 3750 3897 3750 3898 3750 3901 3751 3897 3751 3899 3751 3902 3752 3903 3752 3904 3752 3902 3753 3904 3753 3905 3753 3906 3754 3907 3754 3908 3754 3909 3755 3906 3755 3908 3755 3910 3756 3911 3756 3912 3756 3910 3757 3912 3757 3913 3757 3914 3758 3908 3758 3903 3758 3914 3759 3902 3759 3911 3759 3914 3760 3903 3760 3902 3760 3915 3761 3908 3761 3914 3761 3915 3762 3909 3762 3908 3762 3916 3763 3917 3763 3918 3763 3916 3764 3918 3764 3919 3764 3920 3765 3911 3765 3910 3765 3920 3766 3910 3766 3917 3766 3920 3767 3914 3767 3911 3767 3921 3768 3909 3768 3915 3768 3922 3769 3923 3769 3924 3769 3922 3770 3924 3770 3921 3770 3925 3771 3917 3771 3916 3771 3925 3772 3920 3772 3917 3772 3926 3773 3921 3773 3915 3773 3926 3774 3922 3774 3921 3774 3927 3775 3922 3775 3926 3775 3928 3776 3929 3776 3927 3776 3930 3777 3928 3777 3927 3777 3931 3778 3932 3778 3933 3778 3934 3779 3925 3779 3916 3779 3934 3780 3916 3780 3932 3780 3935 3781 3932 3781 3931 3781 3935 3782 3934 3782 3932 3782 3936 3783 3927 3783 3926 3783 3936 3784 3930 3784 3927 3784 3937 3785 3934 3785 3935 3785 3937 3786 3938 3786 3934 3786 3939 3787 3940 3787 3941 3787 3942 3788 3939 3788 3941 3788 3943 3789 3938 3789 3937 3789 3943 3790 3937 3790 3944 3790 3943 3791 3944 3791 3945 3791 3946 3792 3941 3792 3930 3792 3946 3793 3942 3793 3941 3793 3946 3794 3930 3794 3936 3794 3947 3795 3948 3795 3942 3795 3947 3796 3942 3796 3946 3796 3949 3797 3950 3797 3951 3797 3949 3798 3951 3798 3948 3798 3949 3799 3948 3799 3947 3799 3952 3800 3953 3800 3938 3800 3952 3801 3938 3801 3943 3801 3954 3802 3953 3802 3952 3802 3954 3803 3952 3803 3955 3803 3954 3804 3955 3804 3956 3804 3957 3805 3953 3805 3954 3805 3958 3806 3957 3806 3954 3806 3959 3807 3958 3807 3960 3807 3961 3808 3957 3808 3958 3808 3961 3809 3958 3809 3959 3809 3962 3810 3947 3810 3963 3810 3962 3811 3949 3811 3947 3811 3964 3812 3965 3812 3962 3812 3966 3813 3962 3813 3963 3813 3966 3814 3964 3814 3962 3814 3967 3815 3957 3815 3961 3815 3968 3816 3966 3816 3963 3816 3968 3817 3963 3817 3969 3817 3970 3818 3971 3818 3972 3818 3970 3819 3972 3819 3968 3819 3970 3820 3968 3820 3969 3820 3970 3821 3969 3821 3973 3821 3974 3822 3967 3822 3961 3822 3975 3823 3974 3823 3976 3823 3975 3824 3976 3824 3977 3824 3975 3825 3967 3825 3974 3825 3975 3826 3973 3826 3967 3826 3978 3827 3970 3827 3973 3827 3979 3828 3973 3828 3975 3828 3979 3829 3978 3829 3973 3829 3980 3830 3981 3830 3978 3830 3980 3831 3978 3831 3979 3831 3982 3832 3983 3832 3984 3832 3985 3833 3986 3833 3987 3833 3985 3834 3987 3834 3988 3834 3989 3835 3984 3835 3990 3835 3989 3836 3982 3836 3984 3836 3991 3837 3986 3837 3985 3837 3992 3838 3993 3838 3986 3838 3992 3839 3986 3839 3991 3839 3994 3840 3990 3840 3993 3840 3994 3841 3989 3841 3990 3841 3994 3842 3993 3842 3992 3842 3995 3843 3996 3843 3997 3843 3995 3844 3989 3844 3994 3844 3998 3845 3995 3845 3997 3845 3994 3846 3996 3846 3995 3846 3999 3847 4000 3847 4001 3847 4002 3848 4000 3848 3999 3848 4003 3849 4004 3849 4005 3849 4006 3850 4003 3850 4005 3850 4007 3851 4008 3851 4009 3851 4010 3852 4008 3852 4007 3852 4011 3853 4012 3853 4013 3853 4014 3854 4015 3854 4000 3854 4014 3855 4002 3855 4016 3855 4014 3856 4000 3856 4002 3856 4014 3857 4017 3857 4015 3857 4018 3858 4019 3858 4015 3858 4018 3859 4015 3859 4017 3859 4020 3860 4011 3860 4013 3860 4021 3861 4006 3861 4005 3861 4021 3862 4019 3862 4018 3862 4021 3863 4005 3863 4019 3863 4022 3864 4014 3864 4016 3864 4022 3865 4016 3865 4023 3865 4024 3866 4022 3866 4023 3866 4025 3867 4008 3867 4010 3867 4025 3868 4024 3868 4023 3868 4025 3869 4023 3869 4008 3869 4025 3870 4010 3870 4026 3870 4027 3871 4020 3871 4013 3871 4027 3872 4028 3872 4020 3872 4027 3873 4013 3873 4006 3873 4027 3874 4006 3874 4021 3874 4029 3875 4028 3875 4027 3875 4030 3876 4025 3876 4026 3876 4030 3877 4026 3877 4031 3877 4032 3878 4028 3878 4029 3878 4033 3879 4032 3879 4029 3879 4034 3880 4032 3880 4033 3880 4035 3881 4030 3881 4031 3881 4035 3882 4031 3882 4036 3882 4037 3883 4032 3883 4034 3883 4038 3884 4039 3884 4040 3884 4038 3885 4040 3885 4037 3885 4038 3886 4037 3886 4034 3886 4041 3887 4042 3887 4043 3887 4041 3888 4043 3888 4044 3888 4045 3889 4035 3889 4036 3889 4045 3890 4042 3890 4041 3890 4045 3891 4036 3891 4042 3891 4046 3892 4034 3892 4047 3892 4046 3893 4038 3893 4034 3893 4048 3894 4047 3894 4049 3894 4048 3895 4046 3895 4047 3895 4050 3896 4045 3896 4041 3896 4051 3897 4050 3897 4041 3897 4052 3898 4051 3898 4053 3898 4054 3899 4055 3899 4050 3899 4054 3900 4050 3900 4051 3900 4054 3901 4051 3901 4052 3901 4056 3902 4055 3902 4054 3902 4057 3903 4056 3903 4058 3903 4057 3904 4058 3904 4059 3904 4057 3905 4060 3905 4055 3905 4057 3906 4055 3906 4056 3906 4061 3907 4062 3907 4063 3907 4064 3908 4060 3908 4057 3908 4065 3909 4061 3909 4063 3909 4065 3910 4063 3910 4066 3910 4067 3911 4064 3911 4068 3911 4067 3912 4068 3912 4069 3912 4067 3913 4060 3913 4064 3913 4070 3914 4065 3914 4066 3914 4071 3915 4060 3915 4067 3915 4071 3916 4072 3916 4060 3916 4073 3917 4074 3917 4070 3917 4075 3918 4071 3918 4076 3918 4075 3919 4076 3919 4077 3919 4075 3920 4066 3920 4072 3920 4075 3921 4072 3921 4071 3921 4078 3922 4070 3922 4066 3922 4078 3923 4066 3923 4075 3923 4078 3924 4073 3924 4070 3924 4079 3925 4080 3925 4081 3925 4079 3926 4081 3926 4082 3926 4083 3927 4079 3927 4082 3927 4084 3928 4083 3928 4082 3928 4085 3929 4084 3929 4086 3929 4085 3930 4083 3930 4084 3930 4087 3931 4085 3931 4086 3931 4088 3932 4085 3932 4087 3932 4089 3933 4090 3933 4091 3933 4089 3934 4091 3934 4092 3934 4093 3935 4094 3935 4095 3935 4093 3936 4095 3936 4096 3936 4093 3937 4096 3937 4097 3937 4098 3938 4089 3938 4092 3938 4098 3939 4092 3939 4094 3939 4098 3940 4094 3940 4093 3940 4099 3941 4100 3941 4083 3941 4101 3942 4099 3942 4102 3942 4101 3943 4102 3943 4103 3943 4101 3944 4100 3944 4099 3944 4104 3945 4089 3945 4098 3945 4105 3946 4106 3946 4104 3946 4107 3947 4105 3947 4104 3947 4108 3948 4104 3948 4098 3948 4108 3949 4107 3949 4104 3949 4109 3950 4110 3950 4100 3950 4109 3951 4100 3951 4101 3951 4111 3952 4107 3952 4108 3952 4112 3953 4110 3953 4109 3953 4113 3954 4107 3954 4111 3954 4114 3955 4113 3955 4111 3955 4114 3956 4115 3956 4116 3956 4114 3957 4116 3957 4113 3957 4117 3958 4112 3958 4109 3958 4118 3959 4112 3959 4117 3959 4119 3960 4114 3960 4111 3960 4120 3961 4118 3961 4117 3961 4121 3962 4118 3962 4120 3962 4122 3963 4114 3963 4119 3963 4123 3964 4121 3964 4120 3964 4124 3965 4125 3965 4122 3965 4126 3966 4121 3966 4123 3966 4127 3967 4124 3967 4122 3967 4127 3968 4122 3968 4119 3968 4128 3969 4126 3969 4123 3969 4129 3970 4128 3970 4130 3970 4129 3971 4130 3971 4131 3971 4129 3972 4126 3972 4128 3972 4129 3973 4132 3973 4126 3973 4133 3974 4127 3974 4119 3974 4133 3975 4119 3975 4134 3975 4135 3976 4132 3976 4129 3976 4136 3977 4135 3977 4137 3977 4136 3978 4137 3978 4138 3978 4136 3979 4132 3979 4135 3979 4139 3980 4140 3980 4141 3980 4139 3981 4141 3981 4133 3981 4139 3982 4133 3982 4134 3982 4142 3983 4139 3983 4134 3983 4142 3984 4134 3984 4143 3984 4144 3985 4132 3985 4136 3985 4144 3986 4145 3986 4132 3986 4146 3987 4147 3987 4142 3987 4148 3988 4144 3988 4149 3988 4150 3989 4142 3989 4143 3989 4150 3990 4146 3990 4142 3990 4150 3991 4143 3991 4145 3991 4151 3992 4145 3992 4144 3992 4151 3993 4144 3993 4148 3993 4151 3994 4150 3994 4145 3994 4100 3995 4079 3995 4083 3995 4152 3996 4153 3996 4154 3996 4152 3997 4154 3997 4155 3997 4156 3998 4157 3998 4158 3998 4159 3999 4156 3999 4160 3999 4159 4000 4160 4000 4161 4000 4159 4001 4157 4001 4156 4001 4162 4002 4161 4002 4163 4002 4162 4003 4159 4003 4161 4003 4164 4004 4162 4004 4163 4004 4165 4005 4166 4005 4164 4005 4165 4006 4163 4006 4152 4006 4165 4007 4164 4007 4163 4007 4167 4008 4168 4008 4166 4008 4167 4009 4166 4009 4165 4009 4163 4010 4153 4010 4152 4010 4169 4011 4170 4011 4171 4011 4172 4012 4170 4012 4169 4012 4173 4013 4174 4013 4175 4013 4173 4014 4175 4014 4176 4014 4177 4015 4178 4015 4179 4015 4180 4016 4178 4016 4177 4016 4181 4017 4182 4017 4183 4017 4181 4018 4183 4018 4184 4018 4185 4019 4186 4019 4187 4019 4185 4020 4187 4020 4188 4020 4189 4021 4184 4021 4173 4021 4189 4022 4176 4022 4170 4022 4189 4023 4173 4023 4176 4023 4190 4024 4172 4024 4178 4024 4190 4025 4170 4025 4172 4025 4190 4026 4189 4026 4170 4026 4191 4027 4180 4027 4186 4027 4191 4028 4190 4028 4178 4028 4191 4029 4178 4029 4180 4029 4192 4030 4181 4030 4184 4030 4192 4031 4184 4031 4189 4031 4193 4032 4191 4032 4186 4032 4193 4033 4186 4033 4185 4033 4194 4034 4195 4034 4196 4034 4194 4035 4196 4035 4197 4035 4198 4036 4185 4036 4195 4036 4198 4037 4193 4037 4185 4037 4198 4038 4195 4038 4194 4038 4199 4039 4198 4039 4194 4039 4199 4040 4200 4040 4198 4040 4201 4041 4199 4041 4202 4041 4201 4042 4202 4042 4203 4042 4201 4043 4200 4043 4199 4043 4204 4044 4181 4044 4192 4044 4205 4045 4206 4045 4200 4045 4205 4046 4200 4046 4201 4046 4207 4047 4205 4047 4208 4047 4209 4048 4206 4048 4205 4048 4209 4049 4205 4049 4207 4049 4210 4050 4204 4050 4192 4050 4210 4051 4211 4051 4204 4051 4212 4052 4211 4052 4210 4052 4213 4053 4214 4053 4206 4053 4213 4054 4206 4054 4209 4054 4215 4055 4216 4055 4214 4055 4215 4056 4214 4056 4213 4056 4217 4057 4218 4057 4219 4057 4220 4058 4217 4058 4219 4058 4221 4059 4222 4059 4223 4059 4221 4060 4223 4060 4224 4060 4225 4061 4226 4061 4227 4061 4225 4062 4227 4062 4228 4062 4229 4063 4230 4063 4231 4063 4232 4064 4219 4064 4222 4064 4232 4065 4221 4065 4226 4065 4232 4066 4222 4066 4221 4066 4233 4067 4231 4067 4220 4067 4233 4068 4219 4068 4232 4068 4233 4069 4220 4069 4219 4069 4234 4070 4229 4070 4231 4070 4235 4071 4231 4071 4233 4071 4235 4072 4234 4072 4231 4072 4236 4073 4232 4073 4226 4073 4236 4074 4226 4074 4225 4074 4237 4075 4238 4075 4239 4075 4237 4076 4239 4076 4240 4076 4241 4077 4236 4077 4225 4077 4241 4078 4238 4078 4237 4078 4241 4079 4225 4079 4238 4079 4242 4080 4243 4080 4244 4080 4245 4081 4243 4081 4242 4081 4246 4082 4241 4082 4237 4082 4246 4083 4243 4083 4245 4083 4246 4084 4237 4084 4243 4084 4247 4085 4246 4085 4245 4085 4248 4086 4247 4086 4245 4086 4249 4087 4248 4087 4250 4087 4251 4088 4247 4088 4248 4088 4251 4089 4248 4089 4249 4089 4252 4090 4253 4090 4254 4090 4255 4091 4253 4091 4252 4091 4256 4092 4257 4092 4247 4092 4256 4093 4247 4093 4251 4093 4258 4094 4256 4094 4259 4094 4258 4095 4259 4095 4260 4095 4258 4096 4261 4096 4257 4096 4258 4097 4257 4097 4256 4097 4262 4098 4261 4098 4258 4098 4263 4099 4255 4099 4252 4099 4263 4100 4252 4100 4264 4100 4265 4101 4262 4101 4266 4101 4265 4102 4266 4102 4267 4102 4265 4103 4261 4103 4262 4103 4265 4104 4268 4104 4261 4104 4269 4105 4270 4105 4271 4105 4269 4106 4271 4106 4272 4106 4269 4107 4272 4107 4273 4107 4274 4108 4263 4108 4264 4108 4275 4109 4276 4109 4277 4109 4275 4110 4277 4110 4274 4110 4275 4111 4274 4111 4264 4111 4278 4112 4268 4112 4265 4112 4279 4113 4264 4113 4280 4113 4279 4114 4275 4114 4264 4114 4281 4115 4282 4115 4279 4115 4283 4116 4268 4116 4278 4116 4283 4117 4278 4117 4284 4117 4283 4118 4284 4118 4285 4118 4286 4119 4279 4119 4280 4119 4286 4120 4281 4120 4279 4120 4286 4121 4268 4121 4283 4121 4286 4122 4280 4122 4268 4122 4287 4123 4269 4123 4273 4123 4287 4124 4255 4124 4263 4124 4288 4125 4287 4125 4289 4125 4288 4126 4269 4126 4287 4126 4290 4127 4288 4127 4289 4127 4291 4128 4288 4128 4290 4128 4263 4129 4289 4129 4287 4129 4292 4130 4293 4130 4294 4130 4292 4131 4294 4131 4295 4131 4292 4132 4295 4132 4296 4132 4297 4133 4298 4133 4299 4133 4297 4134 4299 4134 4293 4134 4297 4135 4293 4135 4292 4135 4300 4136 4298 4136 4297 4136 4301 4137 4300 4137 4297 4137 4302 4138 4303 4138 4304 4138 4302 4139 4304 4139 4305 4139 4302 4140 4305 4140 4306 4140 4307 4141 4306 4141 4308 4141 4307 4142 4302 4142 4306 4142 4309 4143 4308 4143 4310 4143 4309 4144 4307 4144 4308 4144 4311 4145 4307 4145 4309 4145 4312 4146 4313 4146 4314 4146 4312 4147 4314 4147 4315 4147 4312 4148 4315 4148 4316 4148 4317 4149 4313 4149 4312 4149 4318 4150 4313 4150 4317 4150 4319 4151 4317 4151 4320 4151 4319 4152 4320 4152 4321 4152 4319 4153 4321 4153 4322 4153 4319 4154 4322 4154 4323 4154 4324 4155 4318 4155 4317 4155 4324 4156 4317 4156 4319 4156 4325 4157 4326 4157 4318 4157 4325 4158 4318 4158 4324 4158 4327 4159 4328 4159 4329 4159 4327 4160 4329 4160 4330 4160 4327 4161 4330 4161 4326 4161 4327 4162 4326 4162 4325 4162 4331 4163 4332 4163 4325 4163 4331 4164 4325 4164 4324 4164 4333 4165 4332 4165 4331 4165 4334 4166 4335 4166 4332 4166 4334 4167 4332 4167 4333 4167 4336 4168 4337 4168 4338 4168 4336 4169 4338 4169 4339 4169 4340 4170 4341 4170 4342 4170 4343 4171 4340 4171 4342 4171 4344 4172 4345 4172 4346 4172 4344 4173 4346 4173 4347 4173 4348 4174 4342 4174 4337 4174 4348 4175 4336 4175 4345 4175 4348 4176 4337 4176 4336 4176 4349 4177 4342 4177 4348 4177 4349 4178 4343 4178 4342 4178 4350 4179 4351 4179 4352 4179 4350 4180 4352 4180 4353 4180 4354 4181 4345 4181 4344 4181 4354 4182 4344 4182 4351 4182 4354 4183 4348 4183 4345 4183 4355 4184 4343 4184 4349 4184 4356 4185 4357 4185 4358 4185 4356 4186 4358 4186 4355 4186 4359 4187 4351 4187 4350 4187 4359 4188 4354 4188 4351 4188 4360 4189 4355 4189 4349 4189 4360 4190 4356 4190 4355 4190 4361 4191 4356 4191 4360 4191 4362 4192 4363 4192 4361 4192 4364 4193 4362 4193 4361 4193 4365 4194 4366 4194 4367 4194 4368 4195 4359 4195 4350 4195 4368 4196 4350 4196 4366 4196 4369 4197 4366 4197 4365 4197 4369 4198 4368 4198 4366 4198 4370 4199 4361 4199 4360 4199 4370 4200 4364 4200 4361 4200 4371 4201 4368 4201 4369 4201 4371 4202 4372 4202 4368 4202 4373 4203 4374 4203 4375 4203 4376 4204 4373 4204 4375 4204 4377 4205 4372 4205 4371 4205 4377 4206 4371 4206 4378 4206 4377 4207 4378 4207 4379 4207 4380 4208 4375 4208 4364 4208 4380 4209 4376 4209 4375 4209 4380 4210 4364 4210 4370 4210 4381 4211 4382 4211 4376 4211 4381 4212 4376 4212 4380 4212 4383 4213 4384 4213 4385 4213 4383 4214 4385 4214 4382 4214 4383 4215 4382 4215 4381 4215 4386 4216 4387 4216 4372 4216 4386 4217 4372 4217 4377 4217 4388 4218 4386 4218 4389 4218 4390 4219 4387 4219 4386 4219 4390 4220 4386 4220 4388 4220 4391 4221 4392 4221 4387 4221 4391 4222 4387 4222 4390 4222 4393 4223 4391 4223 4394 4223 4395 4224 4392 4224 4391 4224 4395 4225 4391 4225 4393 4225 4396 4226 4381 4226 4397 4226 4396 4227 4383 4227 4381 4227 4398 4228 4399 4228 4396 4228 4400 4229 4396 4229 4397 4229 4400 4230 4398 4230 4396 4230 4401 4231 4392 4231 4395 4231 4402 4232 4400 4232 4397 4232 4402 4233 4397 4233 4403 4233 4404 4234 4405 4234 4406 4234 4404 4235 4406 4235 4402 4235 4404 4236 4402 4236 4403 4236 4404 4237 4403 4237 4407 4237 4408 4238 4401 4238 4395 4238 4409 4239 4408 4239 4410 4239 4409 4240 4410 4240 4411 4240 4409 4241 4401 4241 4408 4241 4409 4242 4407 4242 4401 4242 4412 4243 4404 4243 4407 4243 4413 4244 4407 4244 4409 4244 4413 4245 4412 4245 4407 4245 4414 4246 4415 4246 4412 4246 4414 4247 4412 4247 4413 4247 4416 4248 4417 4248 4418 4248 4419 4249 4417 4249 4416 4249 4420 4250 4421 4250 4422 4250 4420 4251 4422 4251 4423 4251 4424 4252 4419 4252 4416 4252 4425 4253 4421 4253 4420 4253 4426 4254 4424 4254 4416 4254 4427 4255 4424 4255 4426 4255 4428 4256 4426 4256 4421 4256 4428 4257 4421 4257 4425 4257 4429 4258 4426 4258 4428 4258 4429 4259 4427 4259 4426 4259 4430 4260 4428 4260 4431 4260 4430 4261 4429 4261 4428 4261 4432 4262 4431 4262 4433 4262 4434 4263 4430 4263 4431 4263 4434 4264 4431 4264 4432 4264 4435 4265 4419 4265 4424 4265 4435 4266 4427 4266 4429 4266 4436 4267 4419 4267 4435 4267 4437 4268 4436 4268 4435 4268 4438 4269 4439 4269 4436 4269 4438 4270 4436 4270 4437 4270 4429 4271 4437 4271 4435 4271 4440 4272 4441 4272 4442 4272 4440 4273 4442 4273 4443 4273 4444 4274 4440 4274 4443 4274 4445 4275 4444 4275 4443 4275 4446 4276 4445 4276 4447 4276 4446 4277 4444 4277 4445 4277 4448 4278 4446 4278 4447 4278 4449 4279 4446 4279 4448 4279 4450 4280 4451 4280 4452 4280 4453 4281 4454 4281 4455 4281 4453 4282 4455 4282 4456 4282 4457 4283 4458 4283 4451 4283 4457 4284 4451 4284 4450 4284 4459 4285 4456 4285 4458 4285 4459 4286 4453 4286 4456 4286 4459 4287 4458 4287 4457 4287 4460 4288 4461 4288 4444 4288 4462 4289 4461 4289 4460 4289 4462 4290 4460 4290 4463 4290 4462 4291 4463 4291 4464 4291 4465 4292 4453 4292 4459 4292 4466 4293 4467 4293 4465 4293 4468 4294 4466 4294 4465 4294 4469 4295 4465 4295 4459 4295 4469 4296 4468 4296 4465 4296 4470 4297 4461 4297 4462 4297 4470 4298 4471 4298 4461 4298 4472 4299 4471 4299 4470 4299 4473 4300 4469 4300 4474 4300 4473 4301 4468 4301 4469 4301 4475 4302 4476 4302 4477 4302 4475 4303 4477 4303 4473 4303 4475 4304 4473 4304 4474 4304 4478 4305 4472 4305 4470 4305 4479 4306 4472 4306 4478 4306 4480 4307 4475 4307 4474 4307 4481 4308 4479 4308 4478 4308 4482 4309 4479 4309 4481 4309 4483 4310 4475 4310 4480 4310 4484 4311 4482 4311 4481 4311 4485 4312 4482 4312 4484 4312 4486 4313 4483 4313 4480 4313 4486 4314 4487 4314 4488 4314 4486 4315 4488 4315 4483 4315 4489 4316 4485 4316 4484 4316 4490 4317 4486 4317 4480 4317 4491 4318 4492 4318 4485 4318 4491 4319 4489 4319 4493 4319 4491 4320 4493 4320 4494 4320 4491 4321 4485 4321 4489 4321 4495 4322 4486 4322 4490 4322 4496 4323 4492 4323 4491 4323 4497 4324 4496 4324 4498 4324 4497 4325 4498 4325 4499 4325 4497 4326 4492 4326 4496 4326 4500 4327 4501 4327 4502 4327 4500 4328 4502 4328 4495 4328 4500 4329 4495 4329 4490 4329 4503 4330 4492 4330 4497 4330 4503 4331 4504 4331 4492 4331 4505 4332 4490 4332 4506 4332 4505 4333 4500 4333 4490 4333 4507 4334 4503 4334 4508 4334 4509 4335 4510 4335 4505 4335 4511 4336 4503 4336 4507 4336 4511 4337 4506 4337 4504 4337 4511 4338 4504 4338 4503 4338 4512 4339 4505 4339 4506 4339 4512 4340 4509 4340 4505 4340 4512 4341 4506 4341 4511 4341 4461 4342 4440 4342 4444 4342 4513 4343 4514 4343 4515 4343 4513 4344 4515 4344 4516 4344 4517 4345 4518 4345 4514 4345 4517 4346 4514 4346 4513 4346 4519 4347 4520 4347 4521 4347 4519 4348 4521 4348 4518 4348 4519 4349 4518 4349 4517 4349 4522 4350 4523 4350 4524 4350 4522 4351 4524 4351 4525 4351 4526 4352 4519 4352 4517 4352 4526 4353 4523 4353 4522 4353 4527 4354 4519 4354 4526 4354 4528 4355 4526 4355 4522 4355 4528 4356 4527 4356 4526 4356 4529 4357 4530 4357 4527 4357 4529 4358 4527 4358 4528 4358 4531 4359 4532 4359 4533 4359 4531 4360 4533 4360 4534 4360 4535 4361 4531 4361 4534 4361 4536 4362 4531 4362 4535 4362 4537 4363 4538 4363 4536 4363 4537 4364 4536 4364 4535 4364 4539 4365 4538 4365 4537 4365 4540 4366 4534 4366 4541 4366 4540 4367 4535 4367 4534 4367 4542 4368 4541 4368 4543 4368 4542 4369 4543 4369 4544 4369 4542 4370 4540 4370 4541 4370 4545 4371 4546 4371 4547 4371 4545 4372 4547 4372 4540 4372 4545 4373 4540 4373 4542 4373 4548 4374 4546 4374 4545 4374 4549 4375 4550 4375 4551 4375 4552 4376 4549 4376 4551 4376 4553 4377 4551 4377 4554 4377 4553 4378 4552 4378 4551 4378 4555 4379 4553 4379 4554 4379 4556 4380 4554 4380 4557 4380 4556 4381 4557 4381 4558 4381 4556 4382 4555 4382 4554 4382 4559 4383 4553 4383 4560 4383 4559 4384 4552 4384 4553 4384 4561 4385 4560 4385 4555 4385 4561 4386 4555 4386 4556 4386 4562 4387 4563 4387 4559 4387 4562 4388 4559 4388 4560 4388 4562 4389 4560 4389 4561 4389 4564 4390 4563 4390 4562 4390 4565 4391 4566 4391 4563 4391 4565 4392 4563 4392 4564 4392 4567 4393 4561 4393 4568 4393 4567 4394 4568 4394 4569 4394 4567 4395 4562 4395 4561 4395 4570 4396 4567 4396 4569 4396 4571 4397 4572 4397 4573 4397 4571 4398 4573 4398 4574 4398 4575 4399 4571 4399 4574 4399 4576 4400 4571 4400 4575 4400 4577 4401 4578 4401 4576 4401 4579 4402 4577 4402 4576 4402 4580 4403 4575 4403 4574 4403 4581 4404 4576 4404 4575 4404 4581 4405 4579 4405 4576 4405 4582 4406 4583 4406 4584 4406 4582 4407 4584 4407 4585 4407 4586 4408 4585 4408 4579 4408 4586 4409 4579 4409 4581 4409 4586 4410 4582 4410 4585 4410 4587 4411 4580 4411 4574 4411 4588 4412 4586 4412 4589 4412 4588 4413 4582 4413 4586 4413 4590 4414 4589 4414 4591 4414 4590 4415 4591 4415 4592 4415 4590 4416 4588 4416 4589 4416 4593 4417 4594 4417 4580 4417 4593 4418 4580 4418 4587 4418 4595 4419 4587 4419 4574 4419 4596 4420 4590 4420 4592 4420 4597 4421 4598 4421 4599 4421 4597 4422 4599 4422 4596 4422 4597 4423 4592 4423 4600 4423 4597 4424 4596 4424 4592 4424 4601 4425 4597 4425 4600 4425 4602 4426 4603 4426 4601 4426 4604 4427 4605 4427 4594 4427 4604 4428 4594 4428 4593 4428 4606 4429 4601 4429 4600 4429 4606 4430 4602 4430 4601 4430 4607 4431 4587 4431 4595 4431 4607 4432 4595 4432 4608 4432 4609 4433 4606 4433 4600 4433 4609 4434 4600 4434 4610 4434 4609 4435 4610 4435 4611 4435 4612 4436 4605 4436 4604 4436 4613 4437 4612 4437 4614 4437 4615 4438 4607 4438 4608 4438 4616 4439 4612 4439 4613 4439 4616 4440 4605 4440 4612 4440 4617 4441 4609 4441 4611 4441 4617 4442 4611 4442 4605 4442 4617 4443 4605 4443 4616 4443 4618 4444 4604 4444 4593 4444 4619 4445 4604 4445 4618 4445 4620 4446 4619 4446 4618 4446 4621 4447 4619 4447 4620 4447 4622 4448 4623 4448 4624 4448 4625 4449 4622 4449 4624 4449 4626 4450 4622 4450 4625 4450 4627 4451 4628 4451 4629 4451 4630 4452 4629 4452 4622 4452 4630 4453 4622 4453 4626 4453 4631 4454 4627 4454 4629 4454 4631 4455 4629 4455 4630 4455 4632 4456 4633 4456 4634 4456 4632 4457 4634 4457 4635 4457 4632 4458 4635 4458 4636 4458 4637 4459 4633 4459 4632 4459 4638 4460 4633 4460 4637 4460 4639 4461 4640 4461 4641 4461 4639 4462 4641 4462 4642 4462 4643 4463 4633 4463 4638 4463 4644 4464 4637 4464 4640 4464 4644 4465 4638 4465 4637 4465 4644 4466 4640 4466 4639 4466 4645 4467 4643 4467 4638 4467 4646 4468 4647 4468 4648 4468 4646 4469 4648 4469 4643 4469 4646 4470 4643 4470 4645 4470 4649 4471 4650 4471 4651 4471 4652 4472 4650 4472 4649 4472 4653 4473 4639 4473 4650 4473 4653 4474 4644 4474 4639 4474 4653 4475 4650 4475 4652 4475 4654 4476 4653 4476 4652 4476 4654 4477 4655 4477 4653 4477 4656 4478 4654 4478 4657 4478 4656 4479 4657 4479 4658 4479 4656 4480 4655 4480 4654 4480 4659 4481 4655 4481 4656 4481 4660 4482 4659 4482 4656 4482 4661 4483 4660 4483 4662 4483 4663 4484 4660 4484 4661 4484 4663 4485 4659 4485 4660 4485 4664 4486 4659 4486 4663 4486 4665 4487 4645 4487 4666 4487 4665 4488 4646 4488 4645 4488 4667 4489 4668 4489 4665 4489 4669 4490 4665 4490 4666 4490 4669 4491 4667 4491 4665 4491 4669 4492 4666 4492 4670 4492 4671 4493 4664 4493 4663 4493 4672 4494 4671 4494 4673 4494 4672 4495 4673 4495 4674 4495 4672 4496 4664 4496 4671 4496 4675 4497 4669 4497 4670 4497 4676 4498 4664 4498 4672 4498 4676 4499 4677 4499 4664 4499 4678 4500 4679 4500 4675 4500 4680 4501 4676 4501 4681 4501 4682 4502 4677 4502 4676 4502 4682 4503 4670 4503 4677 4503 4682 4504 4676 4504 4680 4504 4683 4505 4675 4505 4670 4505 4683 4506 4678 4506 4675 4506 4683 4507 4670 4507 4682 4507 4684 4508 4685 4508 4686 4508 4684 4509 4686 4509 4687 4509 4688 4510 4689 4510 4685 4510 4688 4511 4685 4511 4684 4511 4690 4512 4691 4512 4692 4512 4690 4513 4692 4513 4689 4513 4690 4514 4689 4514 4688 4514 4693 4515 4694 4515 4695 4515 4693 4516 4695 4516 4696 4516 4697 4517 4690 4517 4688 4517 4697 4518 4694 4518 4693 4518 4698 4519 4690 4519 4697 4519 4699 4520 4697 4520 4693 4520 4699 4521 4698 4521 4697 4521 4700 4522 4701 4522 4698 4522 4700 4523 4698 4523 4699 4523 4702 4524 4703 4524 4704 4524 4702 4525 4704 4525 4705 4525 4706 4526 4703 4526 4702 4526 4707 4527 4703 4527 4706 4527 4708 4528 4709 4528 4707 4528 4708 4529 4707 4529 4706 4529 4710 4530 4709 4530 4708 4530 4711 4531 4702 4531 4712 4531 4711 4532 4706 4532 4702 4532 4713 4533 4712 4533 4714 4533 4713 4534 4714 4534 4715 4534 4713 4535 4711 4535 4712 4535 4716 4536 4717 4536 4718 4536 4716 4537 4718 4537 4711 4537 4716 4538 4711 4538 4713 4538 4719 4539 4717 4539 4716 4539 4720 4540 4721 4540 4722 4540 4720 4541 4722 4541 4723 4541 4724 4542 4721 4542 4720 4542 4725 4543 4721 4543 4724 4543 4726 4544 4727 4544 4728 4544 4729 4545 4730 4545 4731 4545 4729 4546 4731 4546 4725 4546 4729 4547 4725 4547 4724 4547 4732 4548 4733 4548 4734 4548 4732 4549 4734 4549 4735 4549 4736 4550 4729 4550 4724 4550 4736 4551 4724 4551 4733 4551 4737 4552 4727 4552 4726 4552 4738 4553 4737 4553 4726 4553 4738 4554 4726 4554 4739 4554 4740 4555 4736 4555 4733 4555 4740 4556 4733 4556 4732 4556 4741 4557 4739 4557 4742 4557 4741 4558 4738 4558 4739 4558 4743 4559 4744 4559 4745 4559 4743 4560 4745 4560 4746 4560 4747 4561 4741 4561 4742 4561 4748 4562 4736 4562 4740 4562 4748 4563 4746 4563 4736 4563 4748 4564 4743 4564 4746 4564 4749 4565 4743 4565 4748 4565 4750 4566 4747 4566 4742 4566 4751 4567 4743 4567 4749 4567 4752 4568 4750 4568 4753 4568 4754 4569 4747 4569 4750 4569 4754 4570 4750 4570 4752 4570 4755 4571 4756 4571 4757 4571 4755 4572 4757 4572 4751 4572 4755 4573 4751 4573 4749 4573 4758 4574 4747 4574 4754 4574 4758 4575 4759 4575 4747 4575 4760 4576 4758 4576 4761 4576 4760 4577 4761 4577 4762 4577 4760 4578 4759 4578 4758 4578 4763 4579 4749 4579 4764 4579 4763 4580 4755 4580 4749 4580 4765 4581 4766 4581 4767 4581 4765 4582 4767 4582 4763 4582 4765 4583 4764 4583 4768 4583 4765 4584 4763 4584 4764 4584 4769 4585 4759 4585 4760 4585 4769 4586 4770 4586 4771 4586 4769 4587 4771 4587 4759 4587 4772 4588 4765 4588 4768 4588 4773 4589 4768 4589 4774 4589 4773 4590 4775 4590 4776 4590 4773 4591 4776 4591 4772 4591 4773 4592 4772 4592 4768 4592 4777 4593 4778 4593 4770 4593 4777 4594 4770 4594 4769 4594 4779 4595 4773 4595 4774 4595 4780 4596 4778 4596 4777 4596 4781 4597 4782 4597 4783 4597 4781 4598 4783 4598 4779 4598 4781 4599 4779 4599 4774 4599 4784 4600 4774 4600 4778 4600 4784 4601 4780 4601 4785 4601 4784 4602 4785 4602 4786 4602 4784 4603 4778 4603 4780 4603 4784 4604 4781 4604 4774 4604 4787 4605 4788 4605 4789 4605 4787 4606 4789 4606 4790 4606 4791 4607 4787 4607 4790 4607 4792 4608 4787 4608 4791 4608 4793 4609 4794 4609 4795 4609 4793 4610 4795 4610 4792 4610 4796 4611 4791 4611 4790 4611 4797 4612 4792 4612 4791 4612 4797 4613 4793 4613 4792 4613 4798 4614 4799 4614 4800 4614 4798 4615 4800 4615 4801 4615 4802 4616 4801 4616 4793 4616 4802 4617 4793 4617 4797 4617 4802 4618 4798 4618 4801 4618 4803 4619 4796 4619 4790 4619 4804 4620 4802 4620 4805 4620 4804 4621 4798 4621 4802 4621 4806 4622 4805 4622 4807 4622 4806 4623 4807 4623 4808 4623 4806 4624 4804 4624 4805 4624 4809 4625 4810 4625 4796 4625 4809 4626 4796 4626 4803 4626 4811 4627 4803 4627 4790 4627 4812 4628 4806 4628 4808 4628 4813 4629 4814 4629 4812 4629 4815 4630 4813 4630 4812 4630 4815 4631 4808 4631 4816 4631 4815 4632 4812 4632 4808 4632 4817 4633 4815 4633 4816 4633 4818 4634 4819 4634 4810 4634 4818 4635 4810 4635 4809 4635 4820 4636 4821 4636 4822 4636 4820 4637 4822 4637 4817 4637 4820 4638 4817 4638 4816 4638 4823 4639 4803 4639 4811 4639 4823 4640 4811 4640 4824 4640 4825 4641 4820 4641 4816 4641 4825 4642 4816 4642 4826 4642 4825 4643 4826 4643 4827 4643 4828 4644 4819 4644 4818 4644 4829 4645 4823 4645 4824 4645 4830 4646 4828 4646 4831 4646 4830 4647 4831 4647 4832 4647 4830 4648 4819 4648 4828 4648 4833 4649 4825 4649 4827 4649 4833 4650 4827 4650 4819 4650 4833 4651 4819 4651 4830 4651 4834 4652 4818 4652 4809 4652 4835 4653 4818 4653 4834 4653 4836 4654 4835 4654 4834 4654 4837 4655 4835 4655 4836 4655 4838 4656 4839 4656 4840 4656 4838 4657 4840 4657 4841 4657 4842 4658 4843 4658 4844 4658 4845 4659 4846 4659 4847 4659 4848 4660 4846 4660 4845 4660 4849 4661 4842 4661 4844 4661 4850 4662 4849 4662 4844 4662 4851 4663 4839 4663 4838 4663 4851 4664 4844 4664 4839 4664 4851 4665 4850 4665 4844 4665 4851 4666 4838 4666 4846 4666 4852 4667 4846 4667 4848 4667 4852 4668 4851 4668 4846 4668 4853 4669 4852 4669 4848 4669 4854 4670 4853 4670 4855 4670 4854 4671 4855 4671 4856 4671 4857 4672 4852 4672 4853 4672 4857 4673 4853 4673 4854 4673 4858 4674 4859 4674 4860 4674 4858 4675 4860 4675 4861 4675 4862 4676 4854 4676 4859 4676 4862 4677 4857 4677 4854 4677 4862 4678 4859 4678 4858 4678 4863 4679 4864 4679 4865 4679 4866 4680 4867 4680 4868 4680 4866 4681 4868 4681 4869 4681 4870 4682 4863 4682 4865 4682 4871 4683 4872 4683 4873 4683 4871 4684 4873 4684 4874 4684 4875 4685 4876 4685 4877 4685 4878 4686 4875 4686 4877 4686 4879 4687 4862 4687 4858 4687 4880 4688 4865 4688 4867 4688 4880 4689 4870 4689 4865 4689 4881 4690 4866 4690 4872 4690 4881 4691 4867 4691 4866 4691 4881 4692 4880 4692 4867 4692 4882 4693 4879 4693 4858 4693 4883 4694 4878 4694 4877 4694 4883 4695 4870 4695 4880 4695 4883 4696 4877 4696 4870 4696 4884 4697 4872 4697 4871 4697 4884 4698 4881 4698 4872 4698 4885 4699 4886 4699 4887 4699 4888 4700 4882 4700 4889 4700 4890 4701 4885 4701 4887 4701 4891 4702 4882 4702 4888 4702 4891 4703 4879 4703 4882 4703 4892 4704 4884 4704 4871 4704 4893 4705 4890 4705 4887 4705 4893 4706 4878 4706 4883 4706 4893 4707 4887 4707 4878 4707 4894 4708 4895 4708 4879 4708 4894 4709 4879 4709 4891 4709 4896 4710 4884 4710 4892 4710 4897 4711 4898 4711 4896 4711 4899 4712 4895 4712 4894 4712 4899 4713 4894 4713 4900 4713 4899 4714 4900 4714 4901 4714 4902 4715 4892 4715 4903 4715 4902 4716 4896 4716 4892 4716 4902 4717 4897 4717 4896 4717 4904 4718 4890 4718 4893 4718 4904 4719 4893 4719 4905 4719 4906 4720 4902 4720 4903 4720 4907 4721 4908 4721 4895 4721 4907 4722 4895 4722 4899 4722 4909 4723 4910 4723 4906 4723 4911 4724 4903 4724 4908 4724 4911 4725 4907 4725 4912 4725 4911 4726 4912 4726 4913 4726 4911 4727 4908 4727 4907 4727 4914 4728 4906 4728 4903 4728 4914 4729 4903 4729 4911 4729 4914 4730 4909 4730 4906 4730 4915 4731 4904 4731 4905 4731 4915 4732 4916 4732 4917 4732 4915 4733 4917 4733 4904 4733 4918 4734 4915 4734 4905 4734 4918 4735 4905 4735 4919 4735 4920 4736 4921 4736 4918 4736 4922 4737 4918 4737 4919 4737 4922 4738 4920 4738 4918 4738 4923 4739 4919 4739 4924 4739 4923 4740 4922 4740 4919 4740 4925 4741 4926 4741 4923 4741 4927 4742 4924 4742 4928 4742 4927 4743 4923 4743 4924 4743 4927 4744 4925 4744 4923 4744 4929 4745 4930 4745 4931 4745 4929 4746 4931 4746 4932 4746 4933 4747 4927 4747 4928 4747 4934 4748 4935 4748 4933 4748 4936 4749 4928 4749 4930 4749 4936 4750 4930 4750 4929 4750 4937 4751 4928 4751 4936 4751 4937 4752 4933 4752 4928 4752 4937 4753 4934 4753 4933 4753 4938 4754 4939 4754 4940 4754 4938 4755 4940 4755 4941 4755 4942 4756 4943 4756 4939 4756 4942 4757 4939 4757 4938 4757 4944 4758 4945 4758 4943 4758 4946 4759 4943 4759 4942 4759 4946 4760 4944 4760 4943 4760 4947 4761 4948 4761 4949 4761 4950 4762 4948 4762 4947 4762 4951 4763 4946 4763 4942 4763 4951 4764 4948 4764 4950 4764 4952 4765 4946 4765 4951 4765 4953 4766 4951 4766 4950 4766 4953 4767 4952 4767 4951 4767 4954 4768 4952 4768 4953 4768 4955 4769 4952 4769 4954 4769 4956 4770 4957 4770 4958 4770 4956 4771 4958 4771 4959 4771 4960 4772 4957 4772 4956 4772 4961 4773 4957 4773 4960 4773 4962 4774 4961 4774 4960 4774 4963 4775 4964 4775 4961 4775 4963 4776 4961 4776 4962 4776 4965 4777 4960 4777 4956 4777 4966 4778 4960 4778 4965 4778 4967 4779 4965 4779 4968 4779 4969 4780 4965 4780 4967 4780 4969 4781 4966 4781 4965 4781 4970 4782 4971 4782 4966 4782 4970 4783 4966 4783 4969 4783 4972 4784 4973 4784 4971 4784 4972 4785 4971 4785 4970 4785 4974 4786 4975 4786 4976 4786 4974 4787 4976 4787 4977 4787 4978 4788 4974 4788 4977 4788 4979 4789 4974 4789 4978 4789 4980 4790 4981 4790 4979 4790 4982 4791 4980 4791 4979 4791 4983 4792 4978 4792 4977 4792 4984 4793 4979 4793 4978 4793 4984 4794 4982 4794 4979 4794 4985 4795 4986 4795 4987 4795 4985 4796 4987 4796 4988 4796 4989 4797 4988 4797 4982 4797 4989 4798 4982 4798 4984 4798 4989 4799 4985 4799 4988 4799 4990 4800 4983 4800 4977 4800 4991 4801 4989 4801 4992 4801 4991 4802 4985 4802 4989 4802 4993 4803 4992 4803 4994 4803 4993 4804 4994 4804 4995 4804 4993 4805 4991 4805 4992 4805 4996 4806 4997 4806 4983 4806 4996 4807 4983 4807 4990 4807 4998 4808 4990 4808 4977 4808 4999 4809 4993 4809 4995 4809 5000 4810 5001 4810 5002 4810 5000 4811 5002 4811 4999 4811 5000 4812 4995 4812 5003 4812 5000 4813 4999 4813 4995 4813 5004 4814 5000 4814 5003 4814 5005 4815 5006 4815 5004 4815 5007 4816 5008 4816 4997 4816 5007 4817 4997 4817 4996 4817 5009 4818 5004 4818 5003 4818 5009 4819 5005 4819 5004 4819 5010 4820 4990 4820 4998 4820 5010 4821 4998 4821 5011 4821 5012 4822 5009 4822 5003 4822 5012 4823 5003 4823 5013 4823 5012 4824 5013 4824 5014 4824 5015 4825 5008 4825 5007 4825 5016 4826 5015 4826 5017 4826 5018 4827 5010 4827 5011 4827 5019 4828 5008 4828 5015 4828 5019 4829 5015 4829 5016 4829 5020 4830 5012 4830 5014 4830 5020 4831 5008 4831 5019 4831 5020 4832 5014 4832 5008 4832 5021 4833 5007 4833 4996 4833 5022 4834 5007 4834 5021 4834 5023 4835 5022 4835 5021 4835 5024 4836 5022 4836 5023 4836 5025 4837 5026 4837 5027 4837 5025 4838 5027 4838 5028 4838 5029 4839 5030 4839 5031 4839 5029 4840 5031 4840 5032 4840 5033 4841 5034 4841 5035 4841 5033 4842 5035 4842 5036 4842 5037 4843 5038 4843 5039 4843 5037 4844 5039 4844 5040 4844 5041 4845 5042 4845 5043 4845 5044 4846 5025 4846 5028 4846 5045 4847 5044 4847 5028 4847 5045 4848 5028 4848 5030 4848 5045 4849 5030 4849 5029 4849 5046 4850 5041 4850 5043 4850 5047 4851 5036 4851 5025 4851 5047 4852 5043 4852 5033 4852 5047 4853 5025 4853 5044 4853 5047 4854 5033 4854 5036 4854 5048 4855 5038 4855 5037 4855 5048 4856 5029 4856 5038 4856 5048 4857 5037 4857 5049 4857 5048 4858 5045 4858 5029 4858 5050 4859 5048 4859 5049 4859 5050 4860 5049 4860 5051 4860 5052 4861 5050 4861 5051 4861 5053 4862 5046 4862 5043 4862 5053 4863 5043 4863 5047 4863 5053 4864 5054 4864 5046 4864 5055 4865 5056 4865 5054 4865 5057 4866 5055 4866 5054 4866 5058 4867 5054 4867 5053 4867 5058 4868 5057 4868 5054 4868 5059 4869 5057 4869 5058 4869 5060 4870 5057 4870 5059 4870 5061 4871 5059 4871 5062 4871 5061 4872 5060 4872 5059 4872 5061 4873 5063 4873 5064 4873 5061 4874 5064 4874 5060 4874 5065 4875 5061 4875 5062 4875 5066 4876 5067 4876 5068 4876 5066 4877 5068 4877 5065 4877 5066 4878 5065 4878 5062 4878 5069 4879 5070 4879 5071 4879 5072 4880 5062 4880 5073 4880 5072 4881 5066 4881 5062 4881 5074 4882 5075 4882 5076 4882 5074 4883 5076 4883 5072 4883 5074 4884 5072 4884 5073 4884 5077 4885 5073 4885 5078 4885 5077 4886 5074 4886 5073 4886 5079 4887 5070 4887 5069 4887 5080 4888 5078 4888 5081 4888 5080 4889 5081 4889 5082 4889 5080 4890 5077 4890 5078 4890 5083 4891 5080 4891 5082 4891 5084 4892 5085 4892 5086 4892 5084 4893 5086 4893 5083 4893 5084 4894 5083 4894 5082 4894 5087 4895 5070 4895 5079 4895 5087 4896 5084 4896 5082 4896 5088 4897 5089 4897 5087 4897 5088 4898 5087 4898 5079 4898 5090 4899 5089 4899 5088 4899 5090 4900 5091 4900 5089 4900 5082 4901 5070 4901 5087 4901 5092 4902 5093 4902 5094 4902 5092 4903 5094 4903 5095 4903 5092 4904 5095 4904 5096 4904 5097 4905 5098 4905 5099 4905 5097 4906 5099 4906 5100 4906 5097 4907 5100 4907 5101 4907 5102 4908 5093 4908 5092 4908 5102 4909 5097 4909 5101 4909 5103 4910 5102 4910 5092 4910 5104 4911 5103 4911 5105 4911 5104 4912 5097 4912 5102 4912 5104 4913 5102 4913 5103 4913 5106 4914 5105 4914 5107 4914 5106 4915 5107 4915 5108 4915 5106 4916 5104 4916 5105 4916 5109 4917 5110 4917 5111 4917 5109 4918 5111 4918 5112 4918 5109 4919 5112 4919 5113 4919 5114 4920 5110 4920 5109 4920 5115 4921 5110 4921 5114 4921 5115 4922 5114 4922 5116 4922 5117 4923 5114 4923 5118 4923 5117 4924 5118 4924 5119 4924 5117 4925 5116 4925 5114 4925 5120 4926 5117 4926 5119 4926 5121 4927 5117 4927 5120 4927 5122 4928 5115 4928 5116 4928 5123 4929 5124 4929 5125 4929 5123 4930 5125 4930 5115 4930 5123 4931 5115 4931 5122 4931 5126 4932 5122 4932 5127 4932 5126 4933 5127 4933 5128 4933 5126 4934 5123 4934 5122 4934 5129 4935 5128 4935 5130 4935 5129 4936 5126 4936 5128 4936 5131 4937 5132 4937 5133 4937 5134 4938 5131 4938 5135 4938 5134 4939 5132 4939 5131 4939 5136 4940 5137 4940 5138 4940 5136 4941 5138 4941 5139 4941 5136 4942 5139 4942 5140 4942 5141 4943 5136 4943 5140 4943 5142 4944 5141 4944 5132 4944 5142 4945 5132 4945 5134 4945 5143 4946 5144 4946 5145 4946 5146 4947 5142 4947 5144 4947 5146 4948 5141 4948 5142 4948 5146 4949 5136 4949 5141 4949 5147 4950 5146 4950 5144 4950 5147 4951 5144 4951 5143 4951 5148 4952 5149 4952 5150 4952 5151 4953 5149 4953 5148 4953 5152 4954 5153 4954 5154 4954 5152 4955 5154 4955 5155 4955 5156 4956 5151 4956 5148 4956 5157 4957 5153 4957 5152 4957 5158 4958 5156 4958 5148 4958 5159 4959 5156 4959 5158 4959 5160 4960 5158 4960 5153 4960 5160 4961 5153 4961 5157 4961 5161 4962 5158 4962 5160 4962 5161 4963 5159 4963 5158 4963 5162 4964 5160 4964 5163 4964 5162 4965 5161 4965 5160 4965 5164 4966 5163 4966 5165 4966 5166 4967 5162 4967 5163 4967 5166 4968 5163 4968 5164 4968 5167 4969 5151 4969 5156 4969 5167 4970 5159 4970 5161 4970 5168 4971 5151 4971 5167 4971 5169 4972 5168 4972 5167 4972 5170 4973 5171 4973 5168 4973 5170 4974 5168 4974 5169 4974 5161 4975 5169 4975 5167 4975 5172 4976 5173 4976 5174 4976 5175 4977 5174 4977 5176 4977 5175 4978 5172 4978 5174 4978 5177 4979 5172 4979 5175 4979 5178 4980 5179 4980 5180 4980 5181 4981 5178 4981 5180 4981 5182 4982 5177 4982 5175 4982 5183 4983 5182 4983 5184 4983 5183 4984 5184 4984 5185 4984 5183 4985 5177 4985 5182 4985 5186 4986 5180 4986 5177 4986 5186 4987 5181 4987 5180 4987 5186 4988 5177 4988 5183 4988 5187 4989 5181 4989 5186 4989 5188 4990 5189 4990 5187 4990 5190 4991 5187 4991 5186 4991 5191 4992 5188 4992 5187 4992 5191 4993 5187 4993 5190 4993 5192 4994 5193 4994 5194 4994 5195 4995 5196 4995 5197 4995 5195 4996 5197 4996 5198 4996 5195 4997 5198 4997 5193 4997 5199 4998 5193 4998 5192 4998 5200 4999 5195 4999 5193 4999 5200 5000 5193 5000 5199 5000 5201 5001 5202 5001 5200 5001 5203 5002 5199 5002 5204 5002 5203 5003 5200 5003 5199 5003 5203 5004 5201 5004 5200 5004 5205 5005 5204 5005 5206 5005 5205 5006 5206 5006 5207 5006 5205 5007 5203 5007 5204 5007 5208 5008 5209 5008 5210 5008 5211 5009 5209 5009 5208 5009 5212 5010 5211 5010 5208 5010 5213 5011 5212 5011 5208 5011 5214 5012 5213 5012 5215 5012 5214 5013 5212 5013 5213 5013 5216 5014 5214 5014 5215 5014 5217 5015 5214 5015 5216 5015 5218 5016 5219 5016 5220 5016 5221 5017 5222 5017 5223 5017 5221 5018 5223 5018 5224 5018 5225 5019 5218 5019 5226 5019 5225 5020 5219 5020 5218 5020 5227 5021 5221 5021 5224 5021 5227 5022 5224 5022 5219 5022 5227 5023 5219 5023 5225 5023 5228 5024 5229 5024 5212 5024 5230 5025 5229 5025 5228 5025 5230 5026 5228 5026 5231 5026 5230 5027 5231 5027 5232 5027 5233 5028 5221 5028 5227 5028 5234 5029 5235 5029 5233 5029 5236 5030 5234 5030 5233 5030 5237 5031 5233 5031 5227 5031 5237 5032 5236 5032 5233 5032 5238 5033 5229 5033 5230 5033 5238 5034 5239 5034 5229 5034 5240 5035 5236 5035 5237 5035 5241 5036 5239 5036 5238 5036 5242 5037 5236 5037 5240 5037 5243 5038 5244 5038 5245 5038 5243 5039 5245 5039 5242 5039 5243 5040 5242 5040 5240 5040 5246 5041 5241 5041 5238 5041 5247 5042 5241 5042 5246 5042 5248 5043 5243 5043 5240 5043 5249 5044 5247 5044 5246 5044 5250 5045 5247 5045 5249 5045 5251 5046 5243 5046 5248 5046 5252 5047 5250 5047 5249 5047 5253 5048 5254 5048 5251 5048 5255 5049 5250 5049 5252 5049 5256 5050 5251 5050 5248 5050 5256 5051 5253 5051 5251 5051 5257 5052 5255 5052 5252 5052 5258 5053 5257 5053 5259 5053 5260 5054 5261 5054 5255 5054 5260 5055 5257 5055 5258 5055 5260 5056 5255 5056 5257 5056 5262 5057 5248 5057 5263 5057 5262 5058 5256 5058 5248 5058 5264 5059 5261 5059 5260 5059 5265 5060 5264 5060 5266 5060 5265 5061 5266 5061 5267 5061 5265 5062 5261 5062 5264 5062 5268 5063 5269 5063 5270 5063 5268 5064 5270 5064 5262 5064 5268 5065 5262 5065 5263 5065 5271 5066 5272 5066 5261 5066 5271 5067 5261 5067 5265 5067 5273 5068 5263 5068 5274 5068 5273 5069 5268 5069 5263 5069 5275 5070 5271 5070 5276 5070 5277 5071 5278 5071 5273 5071 5279 5072 5272 5072 5271 5072 5279 5073 5271 5073 5275 5073 5279 5074 5274 5074 5272 5074 5280 5075 5273 5075 5274 5075 5280 5076 5277 5076 5273 5076 5280 5077 5274 5077 5279 5077 5229 5078 5211 5078 5212 5078 5281 5079 5282 5079 5283 5079 5284 5080 5281 5080 5283 5080 5285 5081 5286 5081 5287 5081 5285 5082 5287 5082 5288 5082 5289 5083 5290 5083 5291 5083 5289 5084 5291 5084 5292 5084 5293 5085 5283 5085 5294 5085 5295 5086 5296 5086 5284 5086 5295 5087 5284 5087 5283 5087 5295 5088 5283 5088 5293 5088 5297 5089 5294 5089 5298 5089 5297 5090 5293 5090 5294 5090 5299 5091 5297 5091 5298 5091 5299 5092 5298 5092 5286 5092 5299 5093 5286 5093 5285 5093 5300 5094 5301 5094 5296 5094 5300 5095 5296 5095 5295 5095 5302 5096 5301 5096 5300 5096 5302 5097 5303 5097 5304 5097 5302 5098 5304 5098 5301 5098 5305 5099 5289 5099 5306 5099 5305 5100 5290 5100 5289 5100 5305 5101 5299 5101 5285 5101 5305 5102 5285 5102 5290 5102 5307 5103 5305 5103 5306 5103 5308 5104 5303 5104 5302 5104 5308 5105 5309 5105 5303 5105 5310 5106 5307 5106 5306 5106 5311 5107 5307 5107 5310 5107 5312 5108 5313 5108 5309 5108 5312 5109 5309 5109 5308 5109 5314 5110 5313 5110 5312 5110 5315 5111 5311 5111 5310 5111 5315 5112 5316 5112 5311 5112 5317 5113 5315 5113 5318 5113 5317 5114 5318 5114 5319 5114 5317 5115 5316 5115 5315 5115 5320 5116 5314 5116 5312 5116 5321 5117 5314 5117 5320 5117 5322 5118 5316 5118 5317 5118 5322 5119 5323 5119 5316 5119 5324 5120 5321 5120 5320 5120 5325 5121 5321 5121 5324 5121 5326 5122 5323 5122 5322 5122 5326 5123 5327 5123 5323 5123 5328 5124 5329 5124 5325 5124 5330 5125 5325 5125 5324 5125 5330 5126 5324 5126 5331 5126 5330 5127 5328 5127 5325 5127 5332 5128 5327 5128 5326 5128 5333 5129 5330 5129 5331 5129 5334 5130 5335 5130 5333 5130 5336 5131 5334 5131 5333 5131 5336 5132 5333 5132 5331 5132 5337 5133 5338 5133 5327 5133 5337 5134 5327 5134 5332 5134 5339 5135 5338 5135 5337 5135 5339 5136 5340 5136 5338 5136 5341 5137 5331 5137 5342 5137 5341 5138 5336 5138 5331 5138 5343 5139 5340 5139 5339 5139 5344 5140 5345 5140 5341 5140 5346 5141 5344 5141 5341 5141 5346 5142 5341 5142 5342 5142 5347 5143 5348 5143 5340 5143 5347 5144 5340 5144 5343 5144 5349 5145 5346 5145 5342 5145 5349 5146 5342 5146 5350 5146 5351 5147 5348 5147 5347 5147 5351 5148 5350 5148 5348 5148 5352 5149 5349 5149 5350 5149 5352 5150 5353 5150 5354 5150 5352 5151 5354 5151 5349 5151 5352 5152 5350 5152 5351 5152 5355 5153 5356 5153 5357 5153 5355 5154 5357 5154 5358 5154 5355 5155 5358 5155 5359 5155 5360 5156 5361 5156 5362 5156 5360 5157 5362 5157 5356 5157 5360 5158 5356 5158 5355 5158 5363 5159 5364 5159 5361 5159 5363 5160 5361 5160 5360 5160 5365 5161 5366 5161 5367 5161 5365 5162 5367 5162 5368 5162 5369 5163 5370 5163 5371 5163 5372 5164 5370 5164 5369 5164 5373 5165 5366 5165 5365 5165 5373 5166 5374 5166 5366 5166 5373 5167 5365 5167 5370 5167 5375 5168 5374 5168 5373 5168 5375 5169 5376 5169 5377 5169 5375 5170 5377 5170 5378 5170 5375 5171 5378 5171 5374 5171 5379 5172 5380 5172 5381 5172 5379 5173 5381 5173 5382 5173 5383 5174 5373 5174 5370 5174 5383 5175 5370 5175 5372 5175 5383 5176 5372 5176 5380 5176 5384 5177 5385 5177 5386 5177 5387 5178 5380 5178 5379 5178 5387 5179 5383 5179 5380 5179 5388 5180 5384 5180 5386 5180 5389 5181 5390 5181 5391 5181 5389 5182 5391 5182 5392 5182 5393 5183 5394 5183 5395 5183 5393 5184 5395 5184 5396 5184 5397 5185 5398 5185 5399 5185 5397 5186 5399 5186 5400 5186 5401 5187 5402 5187 5403 5187 5404 5188 5401 5188 5403 5188 5405 5189 5387 5189 5379 5189 5405 5190 5398 5190 5397 5190 5405 5191 5379 5191 5398 5191 5406 5192 5405 5192 5397 5192 5407 5193 5406 5193 5397 5193 5408 5194 5409 5194 5410 5194 5411 5195 5408 5195 5410 5195 5412 5196 5386 5196 5390 5196 5412 5197 5390 5197 5389 5197 5412 5198 5389 5198 5394 5198 5413 5199 5386 5199 5412 5199 5413 5200 5388 5200 5386 5200 5414 5201 5388 5201 5413 5201 5414 5202 5404 5202 5403 5202 5414 5203 5403 5203 5388 5203 5415 5204 5394 5204 5393 5204 5415 5205 5412 5205 5394 5205 5415 5206 5393 5206 5416 5206 5417 5207 5410 5207 5404 5207 5417 5208 5411 5208 5410 5208 5417 5209 5404 5209 5414 5209 5418 5210 5406 5210 5407 5210 5418 5211 5407 5211 5419 5211 5418 5212 5419 5212 5420 5212 5421 5213 5411 5213 5417 5213 5421 5214 5417 5214 5422 5214 5423 5215 5424 5215 5406 5215 5423 5216 5406 5216 5418 5216 5425 5217 5426 5217 5421 5217 5427 5218 5421 5218 5422 5218 5427 5219 5425 5219 5421 5219 5428 5220 5415 5220 5416 5220 5429 5221 5430 5221 5428 5221 5431 5222 5428 5222 5416 5222 5431 5223 5416 5223 5432 5223 5431 5224 5429 5224 5428 5224 5433 5225 5423 5225 5434 5225 5433 5226 5434 5226 5435 5226 5433 5227 5424 5227 5423 5227 5436 5228 5431 5228 5432 5228 5437 5229 5424 5229 5433 5229 5437 5230 5438 5230 5424 5230 5439 5231 5437 5231 5440 5231 5441 5232 5436 5232 5432 5232 5441 5233 5442 5233 5443 5233 5441 5234 5443 5234 5436 5234 5444 5235 5438 5235 5437 5235 5444 5236 5437 5236 5439 5236 5444 5237 5441 5237 5432 5237 5444 5238 5432 5238 5438 5238 5445 5239 5422 5239 5446 5239 5445 5240 5427 5240 5422 5240 5447 5241 5445 5241 5446 5241 5448 5242 5446 5242 5449 5242 5448 5243 5447 5243 5446 5243 5450 5244 5449 5244 5451 5244 5450 5245 5448 5245 5449 5245 5452 5246 5453 5246 5454 5246 5452 5247 5454 5247 5455 5247 5456 5248 5450 5248 5451 5248 5457 5249 5458 5249 5456 5249 5459 5250 5456 5250 5451 5250 5459 5251 5457 5251 5456 5251 5460 5252 5451 5252 5453 5252 5460 5253 5453 5253 5452 5253 5460 5254 5459 5254 5451 5254 5461 5255 5462 5255 5463 5255 5461 5256 5463 5256 5464 5256 5461 5257 5464 5257 5465 5257 5466 5258 5462 5258 5461 5258 5467 5259 5466 5259 5468 5259 5467 5260 5462 5260 5466 5260 5469 5261 5470 5261 5471 5261 5469 5262 5471 5262 5467 5262 5472 5263 5468 5263 5473 5263 5472 5264 5473 5264 5474 5264 5472 5265 5474 5265 5475 5265 5472 5266 5475 5266 5476 5266 5477 5267 5462 5267 5467 5267 5478 5268 5467 5268 5468 5268 5478 5269 5469 5269 5467 5269 5478 5270 5468 5270 5472 5270 5479 5271 5480 5271 5481 5271 5479 5272 5481 5272 5477 5272 5479 5273 5477 5273 5482 5273 5483 5274 5469 5274 5478 5274 5484 5275 5483 5275 5478 5275 5485 5276 5484 5276 5486 5276 5485 5277 5487 5277 5483 5277 5485 5278 5483 5278 5484 5278 5467 5279 5482 5279 5477 5279 5488 5280 5489 5280 5490 5280 5488 5281 5490 5281 5491 5281 5492 5282 5493 5282 5494 5282 5495 5283 5493 5283 5492 5283 5496 5284 5497 5284 5498 5284 5499 5285 5496 5285 5498 5285 5500 5286 5499 5286 5498 5286 5501 5287 5489 5287 5488 5287 5501 5288 5500 5288 5498 5288 5501 5289 5498 5289 5489 5289 5501 5290 5488 5290 5493 5290 5502 5291 5503 5291 5504 5291 5502 5292 5504 5292 5505 5292 5506 5293 5493 5293 5495 5293 5506 5294 5501 5294 5493 5294 5507 5295 5506 5295 5495 5295 5507 5296 5503 5296 5502 5296 5507 5297 5495 5297 5503 5297 5508 5298 5509 5298 5510 5298 5508 5299 5510 5299 5511 5299 5512 5300 5513 5300 5514 5300 5512 5301 5514 5301 5515 5301 5516 5302 5517 5302 5518 5302 5519 5303 5520 5303 5521 5303 5519 5304 5521 5304 5522 5304 5523 5305 5517 5305 5516 5305 5524 5306 5525 5306 5526 5306 5527 5307 5524 5307 5526 5307 5528 5308 5507 5308 5502 5308 5528 5309 5517 5309 5523 5309 5528 5310 5502 5310 5517 5310 5529 5311 5528 5311 5523 5311 5530 5312 5529 5312 5523 5312 5531 5313 5532 5313 5533 5313 5534 5314 5531 5314 5533 5314 5535 5315 5513 5315 5512 5315 5535 5316 5512 5316 5520 5316 5536 5317 5513 5317 5535 5317 5536 5318 5508 5318 5511 5318 5536 5319 5511 5319 5513 5319 5537 5320 5530 5320 5538 5320 5539 5321 5508 5321 5536 5321 5539 5322 5526 5322 5508 5322 5539 5323 5527 5323 5526 5323 5540 5324 5535 5324 5520 5324 5540 5325 5519 5325 5541 5325 5540 5326 5520 5326 5519 5326 5542 5327 5527 5327 5539 5327 5542 5328 5533 5328 5527 5328 5542 5329 5534 5329 5533 5329 5543 5330 5530 5330 5537 5330 5543 5331 5529 5331 5530 5331 5544 5332 5534 5332 5542 5332 5544 5333 5542 5333 5545 5333 5546 5334 5529 5334 5543 5334 5546 5335 5547 5335 5529 5335 5548 5336 5549 5336 5544 5336 5550 5337 5544 5337 5545 5337 5550 5338 5548 5338 5544 5338 5551 5339 5540 5339 5541 5339 5552 5340 5553 5340 5551 5340 5554 5341 5551 5341 5541 5341 5554 5342 5541 5342 5555 5342 5554 5343 5552 5343 5551 5343 5556 5344 5546 5344 5557 5344 5556 5345 5557 5345 5558 5345 5556 5346 5547 5346 5546 5346 5559 5347 5554 5347 5555 5347 5560 5348 5561 5348 5547 5348 5560 5349 5547 5349 5556 5349 5562 5350 5563 5350 5559 5350 5564 5351 5560 5351 5565 5351 5564 5352 5565 5352 5566 5352 5564 5353 5561 5353 5560 5353 5564 5354 5555 5354 5561 5354 5567 5355 5562 5355 5559 5355 5567 5356 5559 5356 5555 5356 5567 5357 5555 5357 5564 5357 5568 5358 5545 5358 5569 5358 5568 5359 5550 5359 5545 5359 5570 5360 5568 5360 5569 5360 5571 5361 5569 5361 5572 5361 5571 5362 5570 5362 5569 5362 5573 5363 5572 5363 5574 5363 5573 5364 5571 5364 5572 5364 5575 5365 5573 5365 5574 5365 5576 5366 5577 5366 5575 5366 5578 5367 5574 5367 5579 5367 5578 5368 5579 5368 5580 5368 5578 5369 5580 5369 5581 5369 5578 5370 5581 5370 5582 5370 5583 5371 5575 5371 5574 5371 5583 5372 5576 5372 5575 5372 5583 5373 5574 5373 5578 5373 5584 5374 5585 5374 5586 5374 5587 5375 5584 5375 5586 5375 5588 5376 5589 5376 5590 5376 5588 5377 5590 5377 5591 5377 5592 5378 5593 5378 5594 5378 5595 5379 5593 5379 5592 5379 5596 5380 5586 5380 5597 5380 5598 5381 5599 5381 5587 5381 5598 5382 5587 5382 5586 5382 5598 5383 5586 5383 5596 5383 5600 5384 5597 5384 5601 5384 5600 5385 5596 5385 5597 5385 5602 5386 5600 5386 5601 5386 5602 5387 5601 5387 5589 5387 5602 5388 5589 5388 5588 5388 5603 5389 5599 5389 5598 5389 5603 5390 5604 5390 5599 5390 5605 5391 5604 5391 5603 5391 5605 5392 5606 5392 5607 5392 5605 5393 5607 5393 5604 5393 5608 5394 5595 5394 5609 5394 5608 5395 5602 5395 5588 5395 5608 5396 5588 5396 5593 5396 5608 5397 5593 5397 5595 5397 5610 5398 5608 5398 5609 5398 5611 5399 5606 5399 5605 5399 5611 5400 5612 5400 5606 5400 5613 5401 5610 5401 5609 5401 5614 5402 5610 5402 5613 5402 5615 5403 5616 5403 5612 5403 5615 5404 5612 5404 5611 5404 5617 5405 5616 5405 5615 5405 5618 5406 5614 5406 5613 5406 5618 5407 5619 5407 5614 5407 5620 5408 5618 5408 5621 5408 5620 5409 5621 5409 5622 5409 5620 5410 5619 5410 5618 5410 5623 5411 5617 5411 5615 5411 5624 5412 5617 5412 5623 5412 5625 5413 5619 5413 5620 5413 5625 5414 5626 5414 5619 5414 5627 5415 5624 5415 5623 5415 5628 5416 5624 5416 5627 5416 5629 5417 5626 5417 5625 5417 5629 5418 5630 5418 5626 5418 5631 5419 5632 5419 5628 5419 5633 5420 5628 5420 5627 5420 5633 5421 5627 5421 5634 5421 5633 5422 5631 5422 5628 5422 5635 5423 5630 5423 5629 5423 5636 5424 5633 5424 5634 5424 5637 5425 5638 5425 5636 5425 5639 5426 5634 5426 5640 5426 5639 5427 5637 5427 5636 5427 5639 5428 5636 5428 5634 5428 5641 5429 5642 5429 5630 5429 5641 5430 5630 5430 5635 5430 5643 5431 5642 5431 5641 5431 5643 5432 5644 5432 5642 5432 5645 5433 5639 5433 5640 5433 5646 5434 5644 5434 5643 5434 5647 5435 5648 5435 5649 5435 5647 5436 5649 5436 5645 5436 5647 5437 5645 5437 5640 5437 5650 5438 5644 5438 5646 5438 5650 5439 5651 5439 5644 5439 5652 5440 5647 5440 5640 5440 5652 5441 5640 5441 5653 5441 5654 5442 5651 5442 5650 5442 5654 5443 5653 5443 5651 5443 5655 5444 5652 5444 5653 5444 5655 5445 5653 5445 5654 5445 5655 5446 5656 5446 5657 5446 5655 5447 5657 5447 5652 5447 5658 5448 5659 5448 5660 5448 5661 5449 5658 5449 5660 5449 5662 5450 5663 5450 5664 5450 5662 5451 5664 5451 5665 5451 5666 5452 5667 5452 5668 5452 5666 5453 5668 5453 5669 5453 5670 5454 5660 5454 5671 5454 5672 5455 5673 5455 5661 5455 5672 5456 5661 5456 5660 5456 5672 5457 5660 5457 5670 5457 5674 5458 5671 5458 5675 5458 5674 5459 5670 5459 5671 5459 5676 5460 5674 5460 5675 5460 5676 5461 5675 5461 5663 5461 5676 5462 5662 5462 5667 5462 5676 5463 5663 5463 5662 5463 5677 5464 5678 5464 5673 5464 5677 5465 5673 5465 5672 5465 5679 5466 5678 5466 5677 5466 5679 5467 5680 5467 5681 5467 5679 5468 5681 5468 5678 5468 5682 5469 5666 5469 5683 5469 5682 5470 5667 5470 5666 5470 5682 5471 5676 5471 5667 5471 5684 5472 5682 5472 5683 5472 5685 5473 5680 5473 5679 5473 5685 5474 5686 5474 5680 5474 5687 5475 5684 5475 5683 5475 5688 5476 5684 5476 5687 5476 5689 5477 5688 5477 5687 5477 5690 5478 5686 5478 5685 5478 5690 5479 5691 5479 5686 5479 5692 5480 5691 5480 5690 5480 5693 5481 5689 5481 5687 5481 5694 5482 5693 5482 5695 5482 5694 5483 5695 5483 5696 5483 5694 5484 5689 5484 5693 5484 5697 5485 5692 5485 5690 5485 5698 5486 5692 5486 5697 5486 5699 5487 5700 5487 5689 5487 5699 5488 5689 5488 5694 5488 5701 5489 5698 5489 5697 5489 5702 5490 5700 5490 5699 5490 5703 5491 5704 5491 5700 5491 5703 5492 5700 5492 5702 5492 5705 5493 5698 5493 5701 5493 5706 5494 5707 5494 5705 5494 5708 5495 5701 5495 5709 5495 5708 5496 5705 5496 5701 5496 5708 5497 5706 5497 5705 5497 5710 5498 5708 5498 5709 5498 5711 5499 5712 5499 5713 5499 5714 5500 5715 5500 5716 5500 5714 5501 5716 5501 5710 5501 5714 5502 5710 5502 5709 5502 5717 5503 5712 5503 5711 5503 5718 5504 5709 5504 5719 5504 5718 5505 5714 5505 5709 5505 5720 5506 5712 5506 5717 5506 5720 5507 5721 5507 5712 5507 5722 5508 5723 5508 5724 5508 5722 5509 5724 5509 5718 5509 5722 5510 5718 5510 5719 5510 5725 5511 5721 5511 5720 5511 5725 5512 5726 5512 5721 5512 5727 5513 5722 5513 5719 5513 5727 5514 5719 5514 5728 5514 5729 5515 5730 5515 5727 5515 5731 5516 5727 5516 5728 5516 5731 5517 5729 5517 5727 5517 5732 5518 5726 5518 5725 5518 5732 5519 5731 5519 5728 5519 5732 5520 5728 5520 5726 5520 5733 5521 5734 5521 5735 5521 5733 5522 5735 5522 5736 5522 5737 5523 5738 5523 5739 5523 5737 5524 5739 5524 5740 5524 5741 5525 5734 5525 5733 5525 5741 5526 5742 5526 5734 5526 5741 5527 5733 5527 5738 5527 5743 5528 5742 5528 5741 5528 5743 5529 5744 5529 5745 5529 5743 5530 5745 5530 5746 5530 5743 5531 5746 5531 5742 5531 5747 5532 5748 5532 5749 5532 5747 5533 5749 5533 5750 5533 5751 5534 5741 5534 5738 5534 5751 5535 5738 5535 5737 5535 5752 5536 5753 5536 5754 5536 5755 5537 5751 5537 5737 5537 5755 5538 5748 5538 5747 5538 5755 5539 5737 5539 5748 5539 5756 5540 5752 5540 5754 5540 5757 5541 5758 5541 5759 5541 5757 5542 5759 5542 5760 5542 5761 5543 5762 5543 5763 5543 5761 5544 5763 5544 5764 5544 5765 5545 5766 5545 5767 5545 5765 5546 5767 5546 5768 5546 5769 5547 5770 5547 5771 5547 5772 5548 5769 5548 5771 5548 5773 5549 5755 5549 5747 5549 5773 5550 5747 5550 5766 5550 5773 5551 5766 5551 5765 5551 5774 5552 5773 5552 5765 5552 5775 5553 5774 5553 5765 5553 5776 5554 5777 5554 5778 5554 5779 5555 5776 5555 5778 5555 5780 5556 5756 5556 5754 5556 5781 5557 5754 5557 5758 5557 5781 5558 5757 5558 5762 5558 5781 5559 5758 5559 5757 5559 5781 5560 5780 5560 5754 5560 5782 5561 5771 5561 5756 5561 5782 5562 5772 5562 5771 5562 5782 5563 5756 5563 5780 5563 5783 5564 5761 5564 5784 5564 5783 5565 5781 5565 5762 5565 5783 5566 5762 5566 5761 5566 5785 5567 5778 5567 5772 5567 5785 5568 5772 5568 5782 5568 5785 5569 5779 5569 5778 5569 5786 5570 5775 5570 5787 5570 5786 5571 5787 5571 5788 5571 5786 5572 5774 5572 5775 5572 5789 5573 5779 5573 5785 5573 5789 5574 5785 5574 5790 5574 5791 5575 5792 5575 5774 5575 5791 5576 5774 5576 5786 5576 5793 5577 5794 5577 5789 5577 5795 5578 5789 5578 5790 5578 5795 5579 5793 5579 5789 5579 5796 5580 5783 5580 5784 5580 5797 5581 5798 5581 5796 5581 5799 5582 5796 5582 5784 5582 5799 5583 5784 5583 5800 5583 5799 5584 5797 5584 5796 5584 5801 5585 5791 5585 5802 5585 5801 5586 5802 5586 5803 5586 5801 5587 5792 5587 5791 5587 5804 5588 5799 5588 5800 5588 5805 5589 5792 5589 5801 5589 5805 5590 5806 5590 5792 5590 5807 5591 5808 5591 5804 5591 5809 5592 5805 5592 5810 5592 5811 5593 5800 5593 5806 5593 5811 5594 5805 5594 5809 5594 5811 5595 5806 5595 5805 5595 5812 5596 5804 5596 5800 5596 5812 5597 5807 5597 5804 5597 5812 5598 5800 5598 5811 5598 5813 5599 5795 5599 5790 5599 5813 5600 5790 5600 5814 5600 5815 5601 5813 5601 5814 5601 5816 5602 5817 5602 5818 5602 5819 5603 5815 5603 5814 5603 5819 5604 5814 5604 5820 5604 5821 5605 5819 5605 5820 5605 5821 5606 5820 5606 5822 5606 5823 5607 5817 5607 5816 5607 5824 5608 5821 5608 5822 5608 5825 5609 5824 5609 5822 5609 5825 5610 5826 5610 5827 5610 5825 5611 5827 5611 5824 5611 5828 5612 5817 5612 5823 5612 5828 5613 5825 5613 5822 5613 5828 5614 5822 5614 5817 5614 5829 5615 5830 5615 5831 5615 5829 5616 5831 5616 5832 5616 5829 5617 5832 5617 5833 5617 5834 5618 5835 5618 5836 5618 5834 5619 5836 5619 5830 5619 5834 5620 5830 5620 5829 5620 5837 5621 5838 5621 5835 5621 5837 5622 5835 5622 5834 5622 5839 5623 5840 5623 5841 5623 5839 5624 5841 5624 5842 5624 5843 5625 5840 5625 5839 5625 5844 5626 5840 5626 5843 5626 5845 5627 5846 5627 5847 5627 5845 5628 5847 5628 5848 5628 5849 5629 5844 5629 5846 5629 5849 5630 5846 5630 5845 5630 5850 5631 5840 5631 5844 5631 5851 5632 5852 5632 5853 5632 5851 5633 5853 5633 5854 5633 5851 5634 5854 5634 5855 5634 5856 5635 5849 5635 5845 5635 5856 5636 5852 5636 5851 5636 5857 5637 5858 5637 5850 5637 5859 5638 5844 5638 5849 5638 5859 5639 5850 5639 5844 5639 5859 5640 5857 5640 5850 5640 5860 5641 5849 5641 5856 5641 5861 5642 5856 5642 5851 5642 5861 5643 5860 5643 5856 5643 5862 5644 5863 5644 5860 5644 5862 5645 5860 5645 5861 5645 5864 5646 5865 5646 5866 5646 5864 5647 5866 5647 5867 5647 5868 5648 5865 5648 5864 5648 5869 5649 5865 5649 5868 5649 5870 5650 5871 5650 5872 5650 5870 5651 5872 5651 5873 5651 5874 5652 5869 5652 5871 5652 5874 5653 5871 5653 5870 5653 5875 5654 5865 5654 5869 5654 5876 5655 5877 5655 5878 5655 5876 5656 5878 5656 5879 5656 5876 5657 5879 5657 5880 5657 5881 5658 5874 5658 5870 5658 5881 5659 5877 5659 5876 5659 5882 5660 5883 5660 5875 5660 5884 5661 5869 5661 5874 5661 5884 5662 5875 5662 5869 5662 5884 5663 5882 5663 5875 5663 5885 5664 5874 5664 5881 5664 5886 5665 5887 5665 5885 5665 5886 5666 5881 5666 5876 5666 5886 5667 5885 5667 5881 5667 5888 5668 5887 5668 5886 5668 5889 5669 5890 5669 5891 5669 5889 5670 5891 5670 5892 5670 5893 5671 5894 5671 5895 5671 5893 5672 5895 5672 5896 5672 5897 5673 5898 5673 5899 5673 5900 5674 5898 5674 5897 5674 5901 5675 5892 5675 5902 5675 5903 5676 5904 5676 5889 5676 5903 5677 5889 5677 5892 5677 5903 5678 5892 5678 5901 5678 5905 5679 5902 5679 5906 5679 5905 5680 5901 5680 5902 5680 5907 5681 5905 5681 5906 5681 5907 5682 5906 5682 5894 5682 5907 5683 5894 5683 5893 5683 5908 5684 5909 5684 5904 5684 5908 5685 5904 5685 5903 5685 5910 5686 5909 5686 5908 5686 5910 5687 5911 5687 5912 5687 5910 5688 5912 5688 5909 5688 5913 5689 5898 5689 5900 5689 5913 5690 5907 5690 5893 5690 5913 5691 5893 5691 5898 5691 5913 5692 5900 5692 5914 5692 5915 5693 5913 5693 5914 5693 5916 5694 5911 5694 5910 5694 5916 5695 5917 5695 5911 5695 5918 5696 5915 5696 5914 5696 5919 5697 5915 5697 5918 5697 5920 5698 5919 5698 5918 5698 5921 5699 5917 5699 5916 5699 5921 5700 5922 5700 5917 5700 5923 5701 5922 5701 5921 5701 5924 5702 5920 5702 5918 5702 5925 5703 5920 5703 5924 5703 5925 5704 5924 5704 5926 5704 5925 5705 5926 5705 5927 5705 5928 5706 5923 5706 5921 5706 5929 5707 5923 5707 5928 5707 5930 5708 5920 5708 5925 5708 5930 5709 5931 5709 5920 5709 5932 5710 5929 5710 5928 5710 5933 5711 5931 5711 5930 5711 5934 5712 5931 5712 5933 5712 5934 5713 5935 5713 5931 5713 5936 5714 5929 5714 5932 5714 5937 5715 5938 5715 5936 5715 5939 5716 5932 5716 5940 5716 5939 5717 5936 5717 5932 5717 5939 5718 5937 5718 5936 5718 5941 5719 5939 5719 5940 5719 5942 5720 5943 5720 5941 5720 5944 5721 5940 5721 5945 5721 5944 5722 5941 5722 5940 5722 5944 5723 5942 5723 5941 5723 5946 5724 5944 5724 5945 5724 5947 5725 5948 5725 5946 5725 5949 5726 5950 5726 5951 5726 5949 5727 5951 5727 5952 5727 5949 5728 5952 5728 5953 5728 5949 5729 5953 5729 5954 5729 5955 5730 5947 5730 5946 5730 5955 5731 5946 5731 5945 5731 5956 5732 5957 5732 5950 5732 5956 5733 5950 5733 5949 5733 5958 5734 5955 5734 5945 5734 5958 5735 5945 5735 5959 5735 5960 5736 5961 5736 5962 5736 5960 5737 5962 5737 5958 5737 5960 5738 5958 5738 5959 5738 5963 5739 5959 5739 5957 5739 5963 5740 5960 5740 5959 5740 5963 5741 5957 5741 5956 5741 5964 5742 5965 5742 5966 5742 5964 5743 5966 5743 5967 5743 5968 5744 5969 5744 5970 5744 5971 5745 5969 5745 5968 5745 5972 5746 5973 5746 5974 5746 5975 5747 5972 5747 5974 5747 5976 5748 5975 5748 5974 5748 5977 5749 5965 5749 5964 5749 5977 5750 5976 5750 5974 5750 5977 5751 5974 5751 5965 5751 5977 5752 5964 5752 5969 5752 5978 5753 5979 5753 5980 5753 5978 5754 5980 5754 5981 5754 5982 5755 5969 5755 5971 5755 5982 5756 5977 5756 5969 5756 5982 5757 5971 5757 5979 5757 5983 5758 5984 5758 5985 5758 5986 5759 5979 5759 5978 5759 5986 5760 5982 5760 5979 5760 5987 5761 5983 5761 5985 5761 5988 5762 5989 5762 5990 5762 5988 5763 5990 5763 5991 5763 5992 5764 5993 5764 5994 5764 5992 5765 5994 5765 5995 5765 5996 5766 5997 5766 5998 5766 5996 5767 5998 5767 5999 5767 6000 5768 6001 5768 6002 5768 6003 5769 6000 5769 6002 5769 6004 5770 5986 5770 5978 5770 6004 5771 5978 5771 5997 5771 6004 5772 5997 5772 5996 5772 6005 5773 6004 5773 5996 5773 6006 5774 6005 5774 5996 5774 6007 5775 6008 5775 6009 5775 6010 5776 6007 5776 6009 5776 6011 5777 5987 5777 5985 5777 6011 5778 5985 5778 5989 5778 6012 5779 5988 5779 5993 5779 6012 5780 5989 5780 5988 5780 6012 5781 6011 5781 5989 5781 6013 5782 6006 5782 6014 5782 6015 5783 6002 5783 5987 5783 6015 5784 5987 5784 6011 5784 6015 5785 6003 5785 6002 5785 6016 5786 6012 5786 5993 5786 6016 5787 5992 5787 6017 5787 6016 5788 5993 5788 5992 5788 6018 5789 6009 5789 6003 5789 6018 5790 6003 5790 6015 5790 6018 5791 6010 5791 6009 5791 6019 5792 6005 5792 6006 5792 6019 5793 6006 5793 6013 5793 6020 5794 6010 5794 6018 5794 6020 5795 6018 5795 6021 5795 6022 5796 6005 5796 6019 5796 6022 5797 6023 5797 6005 5797 6024 5798 6025 5798 6026 5798 6024 5799 6026 5799 6020 5799 6024 5800 6020 5800 6021 5800 6027 5801 6016 5801 6017 5801 6028 5802 6029 5802 6027 5802 6030 5803 6028 5803 6027 5803 6030 5804 6027 5804 6017 5804 6030 5805 6017 5805 6031 5805 6032 5806 6022 5806 6033 5806 6032 5807 6033 5807 6034 5807 6032 5808 6023 5808 6022 5808 6035 5809 6030 5809 6031 5809 6036 5810 6037 5810 6023 5810 6036 5811 6023 5811 6032 5811 6038 5812 6036 5812 6039 5812 6040 5813 6035 5813 6031 5813 6040 5814 6041 5814 6042 5814 6040 5815 6042 5815 6035 5815 6043 5816 6037 5816 6036 5816 6043 5817 6031 5817 6037 5817 6043 5818 6036 5818 6038 5818 6043 5819 6040 5819 6031 5819 6044 5820 6024 5820 6021 5820 6044 5821 6021 5821 6045 5821 6046 5822 6044 5822 6045 5822 6047 5823 6048 5823 6049 5823 6050 5824 6046 5824 6045 5824 6050 5825 6045 5825 6051 5825 6052 5826 6050 5826 6051 5826 6052 5827 6051 5827 6053 5827 6054 5828 6052 5828 6053 5828 6055 5829 6048 5829 6047 5829 6055 5830 6053 5830 6048 5830 6055 5831 6047 5831 6056 5831 6057 5832 6058 5832 6059 5832 6057 5833 6059 5833 6054 5833 6057 5834 6054 5834 6053 5834 6057 5835 6053 5835 6055 5835 6060 5836 6061 5836 6062 5836 6060 5837 6062 5837 6063 5837 6060 5838 6063 5838 6064 5838 6065 5839 6060 5839 6064 5839 6066 5840 6060 5840 6065 5840 6067 5841 6065 5841 6068 5841 6067 5842 6066 5842 6065 5842 6069 5843 6066 5843 6067 5843 6070 5844 6071 5844 6072 5844 6073 5845 6071 5845 6070 5845 6074 5846 6073 5846 6070 5846 6075 5847 6070 5847 6076 5847 6075 5848 6074 5848 6070 5848 6077 5849 6076 5849 6078 5849 6077 5850 6078 5850 6079 5850 6077 5851 6075 5851 6076 5851 6080 5852 6081 5852 6082 5852 6080 5853 6082 5853 6083 5853 6080 5854 6083 5854 6084 5854 6085 5855 6084 5855 6086 5855 6085 5856 6080 5856 6084 5856 6087 5857 6086 5857 6088 5857 6087 5858 6085 5858 6086 5858 6089 5859 6085 5859 6087 5859 6090 5860 6091 5860 6092 5860 6093 5861 6091 5861 6090 5861 6094 5862 6093 5862 6090 5862 6095 5863 6090 5863 6096 5863 6095 5864 6094 5864 6090 5864 6097 5865 6096 5865 6098 5865 6097 5866 6098 5866 6099 5866 6097 5867 6095 5867 6096 5867 6100 5868 6101 5868 6102 5868 6100 5869 6102 5869 6103 5869 6104 5870 6105 5870 6106 5870 6104 5871 6106 5871 6107 5871 6108 5872 6103 5872 6105 5872 6108 5873 6100 5873 6103 5873 6109 5874 6108 5874 6105 5874 6109 5875 6105 5875 6104 5875 6110 5876 6111 5876 6112 5876 6110 5877 6112 5877 6113 5877 6114 5878 6104 5878 6111 5878 6114 5879 6109 5879 6104 5879 6114 5880 6111 5880 6110 5880 6115 5881 6116 5881 6114 5881 6115 5882 6114 5882 6110 5882 6117 5883 6115 5883 6118 5883 6117 5884 6118 5884 6119 5884 6117 5885 6116 5885 6115 5885 6120 5886 6121 5886 6116 5886 6120 5887 6116 5887 6117 5887 6122 5888 6123 5888 6100 5888 6122 5889 6100 5889 6108 5889 6124 5890 6121 5890 6120 5890 6124 5891 6125 5891 6126 5891 6124 5892 6126 5892 6121 5892 6127 5893 6128 5893 6123 5893 6129 5894 6123 5894 6122 5894 6129 5895 6127 5895 6123 5895 6130 5896 6125 5896 6124 5896 6131 5897 6130 5897 6132 5897 6131 5898 6132 5898 6133 5898 6131 5899 6125 5899 6130 5899 6134 5900 6125 5900 6131 5900 6134 5901 6135 5901 6125 5901 6136 5902 6134 5902 6137 5902 6136 5903 6137 5903 6138 5903 6136 5904 6135 5904 6134 5904 6139 5905 6129 5905 6122 5905 6139 5906 6122 5906 6140 5906 6141 5907 6142 5907 6139 5907 6143 5908 6141 5908 6139 5908 6143 5909 6139 5909 6140 5909 6143 5910 6140 5910 6144 5910 6145 5911 6135 5911 6136 5911 6145 5912 6146 5912 6135 5912 6147 5913 6146 5913 6145 5913 6147 5914 6148 5914 6146 5914 6149 5915 6143 5915 6144 5915 6150 5916 6151 5916 6149 5916 6152 5917 6144 5917 6148 5917 6152 5918 6148 5918 6147 5918 6153 5919 6150 5919 6149 5919 6153 5920 6149 5920 6144 5920 6153 5921 6144 5921 6152 5921 6154 5922 6155 5922 6156 5922 6154 5923 6156 5923 6157 5923 6158 5924 6159 5924 6160 5924 6158 5925 6160 5925 6161 5925 6162 5926 6157 5926 6159 5926 6162 5927 6154 5927 6157 5927 6163 5928 6162 5928 6159 5928 6163 5929 6159 5929 6158 5929 6164 5930 6165 5930 6166 5930 6167 5931 6165 5931 6164 5931 6168 5932 6158 5932 6165 5932 6168 5933 6163 5933 6158 5933 6168 5934 6165 5934 6167 5934 6169 5935 6170 5935 6168 5935 6169 5936 6168 5936 6167 5936 6171 5937 6169 5937 6172 5937 6171 5938 6172 5938 6173 5938 6171 5939 6170 5939 6169 5939 6174 5940 6175 5940 6170 5940 6174 5941 6170 5941 6171 5941 6176 5942 6177 5942 6154 5942 6176 5943 6154 5943 6162 5943 6178 5944 6175 5944 6174 5944 6178 5945 6179 5945 6180 5945 6178 5946 6180 5946 6175 5946 6181 5947 6182 5947 6177 5947 6183 5948 6177 5948 6176 5948 6183 5949 6181 5949 6177 5949 6184 5950 6179 5950 6178 5950 6185 5951 6179 5951 6184 5951 6185 5952 6184 5952 6186 5952 6185 5953 6186 5953 6187 5953 6188 5954 6179 5954 6185 5954 6188 5955 6189 5955 6179 5955 6190 5956 6188 5956 6191 5956 6192 5957 6188 5957 6190 5957 6192 5958 6189 5958 6188 5958 6193 5959 6183 5959 6176 5959 6193 5960 6176 5960 6194 5960 6195 5961 6196 5961 6197 5961 6195 5962 6197 5962 6193 5962 6195 5963 6193 5963 6194 5963 6195 5964 6194 5964 6198 5964 6199 5965 6189 5965 6192 5965 6199 5966 6200 5966 6189 5966 6201 5967 6200 5967 6199 5967 6201 5968 6202 5968 6200 5968 6203 5969 6195 5969 6198 5969 6204 5970 6205 5970 6203 5970 6206 5971 6198 5971 6202 5971 6206 5972 6202 5972 6201 5972 6207 5973 6204 5973 6203 5973 6207 5974 6203 5974 6198 5974 6207 5975 6198 5975 6206 5975 6208 5976 6209 5976 6210 5976 6208 5977 6210 5977 6211 5977 6212 5978 6213 5978 6214 5978 6212 5979 6214 5979 6215 5979 6216 5980 6208 5980 6213 5980 6216 5981 6209 5981 6208 5981 6217 5982 6216 5982 6213 5982 6217 5983 6213 5983 6212 5983 6218 5984 6219 5984 6220 5984 6218 5985 6220 5985 6221 5985 6222 5986 6212 5986 6219 5986 6222 5987 6217 5987 6212 5987 6222 5988 6219 5988 6218 5988 6223 5989 6224 5989 6222 5989 6223 5990 6222 5990 6218 5990 6225 5991 6223 5991 6226 5991 6225 5992 6226 5992 6227 5992 6225 5993 6224 5993 6223 5993 6228 5994 6209 5994 6216 5994 6229 5995 6230 5995 6224 5995 6229 5996 6224 5996 6225 5996 6231 5997 6228 5997 6216 5997 6232 5998 6230 5998 6229 5998 6232 5999 6233 5999 6234 5999 6232 6000 6234 6000 6230 6000 6235 6001 6236 6001 6228 6001 6237 6002 6235 6002 6228 6002 6237 6003 6228 6003 6231 6003 6238 6004 6233 6004 6232 6004 6239 6005 6238 6005 6240 6005 6239 6006 6240 6006 6241 6006 6239 6007 6233 6007 6238 6007 6242 6008 6233 6008 6239 6008 6242 6009 6243 6009 6233 6009 6244 6010 6242 6010 6245 6010 6244 6011 6245 6011 6246 6011 6244 6012 6243 6012 6242 6012 6247 6013 6237 6013 6231 6013 6247 6014 6231 6014 6248 6014 6249 6015 6250 6015 6251 6015 6249 6016 6251 6016 6247 6016 6249 6017 6247 6017 6248 6017 6249 6018 6248 6018 6252 6018 6253 6019 6243 6019 6244 6019 6253 6020 6254 6020 6243 6020 6255 6021 6256 6021 6254 6021 6255 6022 6254 6022 6253 6022 6257 6023 6249 6023 6252 6023 6258 6024 6252 6024 6256 6024 6258 6025 6256 6025 6255 6025 6259 6026 6260 6026 6261 6026 6259 6027 6261 6027 6257 6027 6259 6028 6257 6028 6252 6028 6259 6029 6252 6029 6258 6029 6262 6030 6263 6030 6264 6030 6262 6031 6264 6031 6265 6031 6266 6032 6267 6032 6268 6032 6266 6033 6268 6033 6269 6033 6270 6034 6265 6034 6267 6034 6270 6035 6262 6035 6265 6035 6271 6036 6270 6036 6267 6036 6271 6037 6267 6037 6266 6037 6272 6038 6273 6038 6274 6038 6275 6039 6273 6039 6272 6039 6276 6040 6266 6040 6273 6040 6276 6041 6271 6041 6266 6041 6276 6042 6273 6042 6275 6042 6277 6043 6278 6043 6276 6043 6277 6044 6276 6044 6275 6044 6279 6045 6277 6045 6280 6045 6279 6046 6280 6046 6281 6046 6279 6047 6278 6047 6277 6047 6282 6048 6262 6048 6270 6048 6283 6049 6284 6049 6278 6049 6283 6050 6278 6050 6279 6050 6285 6051 6282 6051 6270 6051 6286 6052 6284 6052 6283 6052 6286 6053 6287 6053 6288 6053 6286 6054 6288 6054 6284 6054 6289 6055 6290 6055 6282 6055 6291 6056 6289 6056 6282 6056 6291 6057 6282 6057 6285 6057 6292 6058 6287 6058 6286 6058 6293 6059 6287 6059 6292 6059 6293 6060 6292 6060 6294 6060 6293 6061 6294 6061 6295 6061 6296 6062 6287 6062 6293 6062 6296 6063 6297 6063 6287 6063 6298 6064 6296 6064 6299 6064 6298 6065 6299 6065 6300 6065 6298 6066 6297 6066 6296 6066 6301 6067 6291 6067 6285 6067 6301 6068 6285 6068 6302 6068 6303 6069 6304 6069 6305 6069 6303 6070 6305 6070 6301 6070 6303 6071 6301 6071 6302 6071 6303 6072 6302 6072 6306 6072 6307 6073 6297 6073 6298 6073 6307 6074 6308 6074 6297 6074 6309 6075 6308 6075 6307 6075 6309 6076 6310 6076 6308 6076 6311 6077 6303 6077 6306 6077 6312 6078 6306 6078 6310 6078 6312 6079 6310 6079 6309 6079 6313 6080 6314 6080 6315 6080 6313 6081 6315 6081 6311 6081 6313 6082 6311 6082 6306 6082 6313 6083 6306 6083 6312 6083 6316 6084 6317 6084 6318 6084 6316 6085 6318 6085 6319 6085 6320 6086 6321 6086 6322 6086 6323 6087 6321 6087 6320 6087 6324 6088 6325 6088 6326 6088 6327 6089 6324 6089 6326 6089 6328 6090 6327 6090 6326 6090 6329 6091 6328 6091 6326 6091 6329 6092 6326 6092 6317 6092 6329 6093 6316 6093 6321 6093 6329 6094 6317 6094 6316 6094 6330 6095 6331 6095 6332 6095 6330 6096 6332 6096 6333 6096 6334 6097 6321 6097 6323 6097 6334 6098 6329 6098 6321 6098 6335 6099 6334 6099 6323 6099 6335 6100 6331 6100 6330 6100 6335 6101 6323 6101 6331 6101 6336 6102 6337 6102 6338 6102 6336 6103 6338 6103 6339 6103 6340 6104 6341 6104 6342 6104 6343 6105 6344 6105 6345 6105 6343 6106 6345 6106 6346 6106 6347 6107 6341 6107 6340 6107 6348 6108 6349 6108 6350 6108 6348 6109 6350 6109 6351 6109 6352 6110 6335 6110 6330 6110 6352 6111 6341 6111 6347 6111 6352 6112 6330 6112 6341 6112 6353 6113 6352 6113 6347 6113 6354 6114 6355 6114 6356 6114 6357 6115 6353 6115 6347 6115 6358 6116 6354 6116 6356 6116 6359 6117 6337 6117 6336 6117 6359 6118 6360 6118 6337 6118 6359 6119 6336 6119 6344 6119 6361 6120 6360 6120 6359 6120 6362 6121 6360 6121 6361 6121 6362 6122 6363 6122 6360 6122 6364 6123 6363 6123 6362 6123 6364 6124 6351 6124 6363 6124 6364 6125 6348 6125 6351 6125 6365 6126 6344 6126 6343 6126 6365 6127 6343 6127 6366 6127 6365 6128 6359 6128 6344 6128 6367 6129 6348 6129 6364 6129 6367 6130 6358 6130 6356 6130 6367 6131 6356 6131 6348 6131 6368 6132 6357 6132 6369 6132 6368 6133 6369 6133 6370 6133 6368 6134 6353 6134 6357 6134 6371 6135 6358 6135 6367 6135 6371 6136 6367 6136 6372 6136 6373 6137 6353 6137 6368 6137 6373 6138 6374 6138 6353 6138 6375 6139 6376 6139 6371 6139 6377 6140 6373 6140 6378 6140 6379 6141 6371 6141 6372 6141 6379 6142 6375 6142 6371 6142 6380 6143 6373 6143 6377 6143 6380 6144 6374 6144 6373 6144 6381 6145 6365 6145 6366 6145 6382 6146 6383 6146 6381 6146 6384 6147 6381 6147 6366 6147 6384 6148 6382 6148 6381 6148 6384 6149 6366 6149 6385 6149 6386 6150 6374 6150 6380 6150 6386 6151 6387 6151 6374 6151 6388 6152 6384 6152 6385 6152 6389 6153 6387 6153 6386 6153 6389 6154 6385 6154 6390 6154 6389 6155 6390 6155 6387 6155 6391 6156 6392 6156 6388 6156 6393 6157 6388 6157 6385 6157 6393 6158 6391 6158 6388 6158 6393 6159 6385 6159 6389 6159 6394 6160 6372 6160 6395 6160 6394 6161 6379 6161 6372 6161 6396 6162 6395 6162 6397 6162 6396 6163 6394 6163 6395 6163 6398 6164 6396 6164 6397 6164 6399 6165 6397 6165 6400 6165 6399 6166 6398 6166 6397 6166 6401 6167 6399 6167 6400 6167 6402 6168 6400 6168 6403 6168 6402 6169 6403 6169 6404 6169 6402 6170 6404 6170 6405 6170 6402 6171 6405 6171 6406 6171 6407 6172 6408 6172 6401 6172 6409 6173 6400 6173 6402 6173 6409 6174 6401 6174 6400 6174 6409 6175 6407 6175 6401 6175 6410 6176 6411 6176 6412 6176 6410 6177 6412 6177 6413 6177 6414 6178 6415 6178 6416 6178 6417 6179 6415 6179 6414 6179 6418 6180 6419 6180 6420 6180 6421 6181 6418 6181 6420 6181 6422 6182 6421 6182 6420 6182 6423 6183 6422 6183 6420 6183 6423 6184 6420 6184 6411 6184 6423 6185 6410 6185 6415 6185 6423 6186 6411 6186 6410 6186 6424 6187 6425 6187 6426 6187 6424 6188 6426 6188 6427 6188 6428 6189 6415 6189 6417 6189 6428 6190 6423 6190 6415 6190 6429 6191 6428 6191 6417 6191 6429 6192 6425 6192 6424 6192 6429 6193 6417 6193 6425 6193 6430 6194 6431 6194 6432 6194 6430 6195 6432 6195 6433 6195 6434 6196 6435 6196 6436 6196 6434 6197 6436 6197 6437 6197 6438 6198 6439 6198 6440 6198 6438 6199 6440 6199 6441 6199 6442 6200 6443 6200 6444 6200 6445 6201 6442 6201 6444 6201 6446 6202 6429 6202 6424 6202 6446 6203 6439 6203 6438 6203 6446 6204 6424 6204 6439 6204 6447 6205 6446 6205 6438 6205 6448 6206 6449 6206 6450 6206 6451 6207 6447 6207 6438 6207 6452 6208 6448 6208 6450 6208 6453 6209 6454 6209 6431 6209 6453 6210 6430 6210 6435 6210 6453 6211 6431 6211 6430 6211 6455 6212 6454 6212 6453 6212 6456 6213 6454 6213 6455 6213 6456 6214 6457 6214 6454 6214 6458 6215 6457 6215 6456 6215 6458 6216 6444 6216 6457 6216 6458 6217 6445 6217 6444 6217 6459 6218 6434 6218 6460 6218 6459 6219 6453 6219 6435 6219 6459 6220 6435 6220 6434 6220 6461 6221 6450 6221 6445 6221 6461 6222 6452 6222 6450 6222 6461 6223 6445 6223 6458 6223 6462 6224 6451 6224 6463 6224 6462 6225 6463 6225 6464 6225 6462 6226 6447 6226 6451 6226 6465 6227 6452 6227 6461 6227 6465 6228 6461 6228 6466 6228 6467 6229 6468 6229 6447 6229 6467 6230 6447 6230 6462 6230 6469 6231 6470 6231 6465 6231 6471 6232 6465 6232 6466 6232 6471 6233 6469 6233 6465 6233 6472 6234 6467 6234 6473 6234 6472 6235 6473 6235 6474 6235 6472 6236 6468 6236 6467 6236 6475 6237 6459 6237 6460 6237 6476 6238 6477 6238 6475 6238 6478 6239 6460 6239 6479 6239 6478 6240 6475 6240 6460 6240 6478 6241 6476 6241 6475 6241 6480 6242 6481 6242 6468 6242 6480 6243 6468 6243 6472 6243 6482 6244 6478 6244 6479 6244 6483 6245 6479 6245 6484 6245 6483 6246 6484 6246 6481 6246 6483 6247 6481 6247 6480 6247 6485 6248 6486 6248 6482 6248 6487 6249 6482 6249 6479 6249 6487 6250 6485 6250 6482 6250 6487 6251 6479 6251 6483 6251 6488 6252 6471 6252 6466 6252 6488 6253 6466 6253 6489 6253 6490 6254 6488 6254 6489 6254 6490 6255 6489 6255 6491 6255 6492 6256 6493 6256 6494 6256 6495 6257 6490 6257 6491 6257 6496 6258 6495 6258 6491 6258 6496 6259 6491 6259 6497 6259 6498 6260 6496 6260 6497 6260 6499 6261 6493 6261 6492 6261 6499 6262 6497 6262 6493 6262 6499 6263 6492 6263 6500 6263 6501 6264 6502 6264 6498 6264 6503 6265 6498 6265 6497 6265 6503 6266 6501 6266 6498 6266 6503 6267 6497 6267 6499 6267 6504 6268 6505 6268 6506 6268 6504 6269 6506 6269 6507 6269 6508 6270 6509 6270 6510 6270 6508 6271 6510 6271 6511 6271 6512 6272 6513 6272 6505 6272 6512 6273 6504 6273 6509 6273 6512 6274 6505 6274 6504 6274 6514 6275 6513 6275 6512 6275 6514 6276 6515 6276 6516 6276 6514 6277 6516 6277 6517 6277 6514 6278 6517 6278 6513 6278 6518 6279 6519 6279 6520 6279 6518 6280 6520 6280 6521 6280 6522 6281 6512 6281 6509 6281 6522 6282 6509 6282 6508 6282 6523 6283 6522 6283 6508 6283 6523 6284 6519 6284 6518 6284 6523 6285 6508 6285 6519 6285 6524 6286 6525 6286 6526 6286 6524 6287 6526 6287 6527 6287 6528 6288 6529 6288 6530 6288 6528 6289 6530 6289 6531 6289 6532 6290 6533 6290 6534 6290 6532 6291 6534 6291 6535 6291 6536 6292 6537 6292 6538 6292 6536 6293 6538 6293 6539 6293 6540 6294 6523 6294 6518 6294 6540 6295 6533 6295 6532 6295 6540 6296 6518 6296 6533 6296 6541 6297 6540 6297 6532 6297 6542 6298 6543 6298 6544 6298 6545 6299 6541 6299 6532 6299 6546 6300 6542 6300 6544 6300 6547 6301 6525 6301 6524 6301 6547 6302 6548 6302 6525 6302 6547 6303 6524 6303 6529 6303 6549 6304 6548 6304 6547 6304 6550 6305 6548 6305 6549 6305 6550 6306 6551 6306 6548 6306 6552 6307 6551 6307 6550 6307 6552 6308 6539 6308 6551 6308 6552 6309 6536 6309 6539 6309 6553 6310 6528 6310 6554 6310 6553 6311 6529 6311 6528 6311 6553 6312 6547 6312 6529 6312 6555 6313 6536 6313 6552 6313 6555 6314 6546 6314 6544 6314 6555 6315 6544 6315 6536 6315 6556 6316 6541 6316 6545 6316 6556 6317 6545 6317 6557 6317 6556 6318 6557 6318 6558 6318 6559 6319 6546 6319 6555 6319 6559 6320 6555 6320 6560 6320 6561 6321 6562 6321 6541 6321 6561 6322 6541 6322 6556 6322 6563 6323 6564 6323 6559 6323 6565 6324 6561 6324 6566 6324 6567 6325 6559 6325 6560 6325 6567 6326 6563 6326 6559 6326 6568 6327 6561 6327 6565 6327 6568 6328 6562 6328 6561 6328 6569 6329 6553 6329 6554 6329 6570 6330 6571 6330 6569 6330 6572 6331 6570 6331 6569 6331 6572 6332 6569 6332 6554 6332 6572 6333 6554 6333 6573 6333 6574 6334 6562 6334 6568 6334 6574 6335 6575 6335 6562 6335 6576 6336 6572 6336 6573 6336 6577 6337 6575 6337 6574 6337 6577 6338 6573 6338 6578 6338 6577 6339 6578 6339 6575 6339 6579 6340 6580 6340 6576 6340 6581 6341 6576 6341 6573 6341 6581 6342 6579 6342 6576 6342 6581 6343 6573 6343 6577 6343 6582 6344 6560 6344 6583 6344 6582 6345 6567 6345 6560 6345 6584 6346 6582 6346 6583 6346 6585 6347 6583 6347 6586 6347 6585 6348 6584 6348 6583 6348 6587 6349 6586 6349 6588 6349 6587 6350 6585 6350 6586 6350 6589 6351 6587 6351 6588 6351 6590 6352 6588 6352 6591 6352 6590 6353 6591 6353 6592 6353 6590 6354 6592 6354 6593 6354 6590 6355 6593 6355 6594 6355 6595 6356 6596 6356 6589 6356 6597 6357 6589 6357 6588 6357 6597 6358 6588 6358 6590 6358 6597 6359 6595 6359 6589 6359 6598 6360 6599 6360 6600 6360 6598 6361 6600 6361 6601 6361 6602 6362 6603 6362 6604 6362 6605 6363 6603 6363 6602 6363 6606 6364 6607 6364 6599 6364 6606 6365 6598 6365 6603 6365 6606 6366 6599 6366 6598 6366 6608 6367 6607 6367 6606 6367 6608 6368 6609 6368 6610 6368 6608 6369 6610 6369 6611 6369 6608 6370 6611 6370 6607 6370 6612 6371 6613 6371 6614 6371 6612 6372 6614 6372 6615 6372 6616 6373 6606 6373 6603 6373 6616 6374 6603 6374 6605 6374 6617 6375 6616 6375 6605 6375 6617 6376 6613 6376 6612 6376 6617 6377 6605 6377 6613 6377 6618 6378 6619 6378 6620 6378 6618 6379 6620 6379 6621 6379 6622 6380 6623 6380 6624 6380 6622 6381 6624 6381 6625 6381 6626 6382 6627 6382 6628 6382 6626 6383 6628 6383 6629 6383 6630 6384 6631 6384 6632 6384 6633 6385 6630 6385 6632 6385 6634 6386 6617 6386 6612 6386 6634 6387 6627 6387 6626 6387 6634 6388 6612 6388 6627 6388 6635 6389 6634 6389 6626 6389 6636 6390 6637 6390 6638 6390 6639 6391 6635 6391 6626 6391 6640 6392 6636 6392 6638 6392 6641 6393 6619 6393 6618 6393 6641 6394 6642 6394 6619 6394 6641 6395 6618 6395 6623 6395 6643 6396 6642 6396 6641 6396 6644 6397 6642 6397 6643 6397 6644 6398 6645 6398 6642 6398 6646 6399 6645 6399 6644 6399 6646 6400 6632 6400 6645 6400 6646 6401 6633 6401 6632 6401 6647 6402 6622 6402 6648 6402 6647 6403 6623 6403 6622 6403 6647 6404 6641 6404 6623 6404 6649 6405 6633 6405 6646 6405 6649 6406 6640 6406 6638 6406 6649 6407 6638 6407 6633 6407 6650 6408 6635 6408 6639 6408 6650 6409 6639 6409 6651 6409 6650 6410 6651 6410 6652 6410 6653 6411 6640 6411 6649 6411 6653 6412 6649 6412 6654 6412 6655 6413 6656 6413 6635 6413 6655 6414 6635 6414 6650 6414 6657 6415 6658 6415 6653 6415 6659 6416 6655 6416 6660 6416 6661 6417 6653 6417 6654 6417 6661 6418 6657 6418 6653 6418 6662 6419 6655 6419 6659 6419 6662 6420 6656 6420 6655 6420 6663 6421 6647 6421 6648 6421 6664 6422 6665 6422 6663 6422 6666 6423 6664 6423 6663 6423 6666 6424 6663 6424 6648 6424 6666 6425 6648 6425 6667 6425 6668 6426 6656 6426 6662 6426 6668 6427 6669 6427 6656 6427 6670 6428 6666 6428 6667 6428 6671 6429 6669 6429 6668 6429 6671 6430 6667 6430 6672 6430 6671 6431 6672 6431 6669 6431 6673 6432 6674 6432 6670 6432 6675 6433 6670 6433 6667 6433 6675 6434 6673 6434 6670 6434 6675 6435 6667 6435 6671 6435 6676 6436 6654 6436 6677 6436 6676 6437 6661 6437 6654 6437 6678 6438 6677 6438 6679 6438 6678 6439 6676 6439 6677 6439 6680 6440 6678 6440 6679 6440 6681 6441 6679 6441 6682 6441 6681 6442 6680 6442 6679 6442 6683 6443 6681 6443 6682 6443 6684 6444 6682 6444 6685 6444 6684 6445 6685 6445 6686 6445 6684 6446 6686 6446 6687 6446 6684 6447 6687 6447 6688 6447 6689 6448 6690 6448 6683 6448 6691 6449 6683 6449 6682 6449 6691 6450 6682 6450 6684 6450 6691 6451 6689 6451 6683 6451 6692 6452 6693 6452 6694 6452 6692 6453 6694 6453 6695 6453 6696 6454 6693 6454 6692 6454 6697 6455 6696 6455 6692 6455 6698 6456 6696 6456 6697 6456 6699 6457 6697 6457 6700 6457 6699 6458 6700 6458 6701 6458 6699 6459 6698 6459 6697 6459 6702 6460 6693 6460 6696 6460 6703 6461 6698 6461 6699 6461 6704 6462 6702 6462 6703 6462 6704 6463 6705 6463 6702 6463 6706 6464 6707 6464 6705 6464 6708 6465 6709 6465 6707 6465 6710 6466 6708 6466 6707 6466 6710 6467 6707 6467 6706 6467 6711 6468 6706 6468 6712 6468 6711 6469 6710 6469 6706 6469 6713 6470 6712 6470 6704 6470 6713 6471 6711 6471 6712 6471 6714 6472 6715 6472 6711 6472 6714 6473 6711 6473 6713 6473 6699 6474 6713 6474 6703 6474 6703 6475 6713 6475 6704 6475 6707 6476 6693 6476 6705 6476 6705 6477 6693 6477 6702 6477</p>
        </triangles>
      </mesh>
    </geometry>
  </library_geometries>
  <library_materials>
    <material id="mat_BottomSilkscreen_HwOR001_shape001" name="BottomSilkscreen_HwOR001_shape001">
      <instance_effect url="#effect_BottomSilkscreen_HwOR001_shape001"/>
    </material>
  </library_materials>
  <library_visual_scenes>
    <visual_scene id="myscene">
      <node id="node0" name="node0">
        <instance_geometry url="#geometry0">
          <bind_material>
            <technique_common>
              <instance_material symbol="ref_BottomSilkscreen_HwOR001_shape001" target="#mat_BottomSilkscreen_HwOR001_shape001"/>
            </technique_common>
          </bind_material>
        </instance_geometry>
      </node>
    </visual_scene>
  </library_visual_scenes>
  <scene>
    <instance_visual_scene url="#myscene"/>
  </scene>
</COLLADA>
