<COLLADA xmlns="http://www.collada.org/2005/11/COLLADASchema" version="1.4.1">
  <asset>
    <contributor/>
    <created>2026-09-16T16:52:53.246569</created>
    <modified>2026-09-16T16:52:53.246569</modified>
    <unit name="meter" meter="1.0"/>
    <up_axis>Z_UP</up_axis>
  </asset>
  <library_effects>
    <effect id="effect_BRACKET_MAX_1_002_shape002" name="effect_BRACKET_MAX_1_002_shape002">
      <profile_COMMON>
        <technique sid="common">
          <phong>
            <emission>
              <color>0.0 0.0 0.0 1.0</color>
            </emission>
            <ambient>
              <color>0.0 0.0 0.0 1.0</color>
            </ambient>
            <diffuse>
              <color>0.67843097448349 0.7098039984703064 0.7411760091781616 1.0</color>
            </diffuse>
            <specular>
              <color>1 1 1 1.0</color>
            </specular>
            <shininess>
              <float>0.0</float>
            </shininess>
            <reflective>
              <color>0.0 0.0 0.0 1.0</color>
            </reflective>
            <reflectivity>
              <float>0.0</float>
            </reflectivity>
            <transparent>
              <color>0.0 0.0 0.0 1.0</color>
            </transparent>
            <transparency>
              <float>1.0</float>
            </transparency>
          </phong>
        </technique>
        <extra>
          <technique profile="GOOGLEEARTH">
            <double_sided>0</double_sided>
          </technique>
        </extra>
      </profile_COMMON>
    </effect>
  </library_effects>
  <library_geometries>
    <geometry id="geometry0" name="BRACKET_MAX_1_002_shape002">
      <mesh>
        <source id="cubeverts-array0">
          <float_array count="13611" id="cubeverts-array0-array">0.0025 -0.0036 -0.015795 0.002499956 -0.01401113 -0.015795 0.002496892 -0.0036 -0.01567039 0.002493033 -0.01401475 -0.01560899 0.002487577 -0.0036 -0.01554608 0.002472077 -0.0036 -0.01542239 0.002472303 -0.01401838 -0.01542396 0.002450431 -0.0036 -0.01529963 0.002437832 -0.01402197 -0.01524091 0.002422693 -0.0036 -0.01517811 0.002410625 -0.01402409 -0.01513247 0.002388932 -0.0036 -0.01505811 0.002371614 -0.0140266 -0.01500411 0.002349231 -0.0036 -0.01493995 0.00230369 -0.0036 -0.01482391 0.002315777 -0.01402955 -0.01485318 0.002252422 -0.0036 -0.01471029 0.002236283 -0.01403298 -0.01467752 0.002195554 -0.0036 -0.01459937 0.002187474 -0.0140348 -0.0145847 0.002133227 -0.0036 -0.01449141 0.002130051 -0.01403672 -0.01448616 0.002065597 -0.0036 -0.0143867 0.00206252 -0.01403876 -0.01438206 0.001992831 -0.0036 -0.01428549 0.001983026 -0.0140409 -0.01427253 0.001915111 -0.0036 -0.01418803 0.001889362 -0.01404314 -0.01415787 0.00183263 -0.0036 -0.01409457 0.001779153 -0.01404547 -0.01403881 0.001745592 -0.0036 -0.01400533 0.001654215 -0.0036 -0.01392055 0.001650201 -0.01404785 -0.01391705 0.001558725 -0.0036 -0.01384042 0.00150026 -0.01405023 -0.01379516 0.001459359 -0.0036 -0.01376515 0.001418522 -0.01405138 -0.01373638 0.001356366 -0.0036 -0.01369493 0.001330834 -0.01405251 -0.01367865 0.00125 -0.0036 -0.01362994 0.001236869 -0.01405361 -0.01362241 0.001140527 -0.0036 -0.01357032 0.001136309 -0.01405467 -0.01356818 0.001028218 -0.0036 -0.01351624 0.001028867 -0.01405568 -0.01351655 0.0009142812 -0.01405662 -0.01346819 0.0009133525 -0.0036 -0.01346782 0.0007962166 -0.0036 -0.01342518 0.0007923166 -0.01405749 -0.01342387 0.0006771011 -0.0036 -0.01338844 0.0006662763 -0.01405824 -0.01338542 0.0005563023 -0.0036 -0.01335768 0.0005384268 -0.01405886 -0.01335367 0.0004341204 -0.0036 -0.01333298 0.0004091722 -0.01405935 -0.01332871 0.0003108593 -0.0036 -0.0133144 0.0002786361 -0.0140597 -0.01331058 0.0001868252 -0.0036 -0.01330199 0.0001473502 -0.01405992 -0.01329935 6.232672e-05 -0.0036 -0.01329578 1.584883e-05 -0.01406001 -0.01329505 -6.232674e-05 -0.0036 -0.01329578 -0.0001158563 -0.01405995 -0.01329769 -0.0001868252 -0.0036 -0.01330199 -0.0002472869 -0.01405977 -0.01330727 -0.0003108593 -0.0036 -0.0133144 -0.0003779127 -0.01405945 -0.01332373 -0.0004341204 -0.0036 -0.01333298 -0.000507513 -0.01405899 -0.01334706 -0.0005563024 -0.0036 -0.01335768 -0.0006357661 -0.0140584 -0.01337719 -0.0006771012 -0.0036 -0.01338844 -0.0007621507 -0.01405768 -0.01341401 -0.0007962166 -0.0036 -0.01342518 -0.0008863525 -0.01405683 -0.0134574 -0.0009133525 -0.0036 -0.01346782 -0.001008344 -0.01405585 -0.01350739 -0.001028218 -0.0036 -0.01351624 -0.00112758 -0.01405475 -0.01356375 -0.001140527 -0.0036 -0.01357032 -0.001243535 -0.01405353 -0.01362622 -0.00125 -0.0036 -0.01362994 -0.001355981 -0.01405219 -0.01369467 -0.001356366 -0.0036 -0.01369493 -0.001459359 -0.0036 -0.01376515 -0.001464529 -0.01405074 -0.01376885 -0.001558725 -0.0036 -0.01384042 -0.001568815 -0.01404919 -0.01384849 -0.001654215 -0.0036 -0.01392055 -0.001669212 -0.01404752 -0.01393394 -0.001745592 -0.0036 -0.01400533 -0.001765472 -0.01404574 -0.01402505 -0.00183263 -0.0036 -0.01409457 -0.001856797 -0.01404386 -0.01412107 -0.001915111 -0.0036 -0.01418803 -0.001942507 -0.0140419 -0.01422122 -0.001992831 -0.0036 -0.01428549 -0.00202247 -0.01403987 -0.0143253 -0.002065597 -0.0036 -0.0143867 -0.002096781 -0.01403775 -0.01443344 -0.002133227 -0.0036 -0.01449141 -0.002165529 -0.01403555 -0.01454581 -0.002195554 -0.0036 -0.01459937 -0.002228455 -0.01403328 -0.01466199 -0.002252422 -0.0036 -0.01471029 -0.002285187 -0.01403095 -0.01478127 -0.00230369 -0.0036 -0.01482391 -0.002335382 -0.01402857 -0.01490285 -0.002349231 -0.0036 -0.01493995 -0.002379104 -0.01402615 -0.01502693 -0.002388932 -0.0036 -0.01505811 -0.002416268 -0.01402368 -0.01515335 -0.002422693 -0.0036 -0.01517811 -0.00244671 -0.01402117 -0.01528154 -0.002450431 -0.0036 -0.01529963 -0.002470346 -0.01401863 -0.01541113 -0.002472077 -0.0036 -0.01542239 -0.002487134 -0.01401607 -0.01554198 -0.002487577 -0.0036 -0.01554608 -0.00249675 -0.01401359 -0.01566839 -0.002496892 -0.0036 -0.01567039 -0.002499956 -0.01401113 -0.015795 -0.0025 -0.0036 -0.015795 0.002799932 -0.01431109 -0.01580024 0.002796344 -0.01431358 -0.01565751 0.002785514 -0.01431606 -0.01551561 0.002760198 -0.0143193 -0.01532988 0.0027222 -0.01432253 -0.01514488 0.00267186 -0.01432571 -0.01496282 0.00247346 -0.01433399 -0.01448791 0.002379753 -0.01433685 -0.01432464 0.002303657 -0.01433887 -0.01420845 0.002191714 -0.01434151 -0.01405767 0.001834106 -0.01434802 -0.01368452 0.001688238 -0.01435008 -0.0135664 0.001534449 -0.01435197 -0.01345812 0.001373762 -0.01435368 -0.01336042 0.001206665 -0.01435519 -0.01327361 0.0008572879 -0.01435761 -0.01313474 0.0006762872 -0.01435851 -0.01308317 0.0004924875 -0.0143592 -0.01304394 0.0003061989 -0.01435967 -0.01301708 -0.0002574633 -0.01435975 -0.01301215 -0.0004440239 -0.01435934 -0.01303572 -0.0006288257 -0.01435871 -0.0130718 -0.00081066 -0.01435787 -0.01312019 -0.001282263 -0.01435454 -0.01331112 -0.001394167 -0.01435347 -0.01337202 -0.001498746 -0.01435237 -0.01343512 -0.001596337 -0.01435124 -0.01349985 -0.001687288 -0.01435009 -0.01356568 -0.00177195 -0.01434893 -0.01363219 -0.002260321 -0.01433994 -0.01414754 -0.002162319 -0.01434214 -0.01402136 -0.002343435 -0.01433784 -0.0142676 -0.002437402 -0.01433514 -0.01442203 -0.002493829 -0.01433331 -0.01452708 -0.002669326 -0.01432585 -0.01495478 -0.002709015 -0.01432344 -0.01509233 -0.00273669 -0.01432142 -0.01520832 -0.002771769 -0.01431801 -0.01540358 -0.002792889 -0.01431457 -0.01560076 -0.002799932 -0.01431109 -0.01580024 0.002402151 -0.01412982 -0.01480182 0.002494594 -0.01422987 -0.01476528 0.002626959 -0.014328 -0.0148311 0.002556112 -0.01433104 -0.01465731 0.001838594 -0.01414568 -0.01395833 0.001909344 -0.01424572 -0.01388932 0.002069154 -0.01434402 -0.01391385 0.00193703 -0.01434638 -0.01377836 0.0009950597 -0.01415627 -0.01339471 0.001033349 -0.01425632 -0.01330401 0.00103429 -0.01435651 -0.01319829 8.838328e-13 -0.01415999 -0.01319679 1.196588e-12 -0.01426004 -0.01309847 0.0001186215 -0.01435992 -0.0130028 -6.954425e-05 -0.01435995 -0.01300115 -0.0009950597 -0.01415627 -0.01339471 -0.001033349 -0.01425632 -0.01330401 -0.0009889154 -0.01435681 -0.01318071 -0.001162712 -0.01435555 -0.01325308 -0.001838594 -0.01414568 -0.01395833 -0.001909344 -0.01424572 -0.01388932 -0.001911872 -0.0143468 -0.01375454 -0.002046972 -0.01434444 -0.0138898 -0.002402151 -0.01412982 -0.01480182 -0.002541748 -0.01433159 -0.01462571 -0.002494594 -0.01422987 -0.01476528 -0.002612492 -0.01432867 -0.01479277 -0.002796343 -0.0143086 -0.01594296 -0.002493033 -0.01400748 -0.01598101 -0.002785514 -0.01430612 -0.01608486 -0.002472303 -0.01400388 -0.01616604 -0.002760197 -0.01430288 -0.0162706 -0.002437832 -0.01400031 -0.01634909 -0.0027222 -0.01429965 -0.01645559 -0.002410625 -0.01399819 -0.01645753 -0.002671861 -0.01429647 -0.01663765 -0.002371614 -0.01399568 -0.01658589 -0.002236283 -0.01398929 -0.01691248 -0.002473461 -0.01428818 -0.01711256 -0.002187474 -0.01398747 -0.0170053 -0.002130051 -0.01398555 -0.01710384 -0.002379753 -0.01428533 -0.01727583 -0.00206252 -0.01398351 -0.01720794 -0.002303658 -0.0142833 -0.01739202 -0.001983026 -0.01398137 -0.01731747 -0.002191714 -0.01428067 -0.0175428 -0.001889362 -0.01397913 -0.01743213 -0.001650201 -0.01397442 -0.01767295 -0.001834107 -0.01427416 -0.01791595 -0.00150026 -0.01397204 -0.01779484 -0.001688239 -0.0142721 -0.01803407 -0.001418522 -0.01397089 -0.01785362 -0.00153445 -0.01427021 -0.01814235 -0.001330834 -0.01396976 -0.01791135 -0.001236869 -0.01396866 -0.01796759 -0.001373763 -0.0142685 -0.01824005 -0.001136309 -0.0139676 -0.01802182 -0.001206666 -0.01426699 -0.01832686 -0.0007923167 -0.01396478 -0.01816613 -0.0008572891 -0.01426456 -0.01846573 -0.0006662765 -0.01396403 -0.01820458 -0.0006762885 -0.01426366 -0.0185173 -0.0005384269 -0.01396341 -0.01823633 -0.0004924887 -0.01426298 -0.01855654 -0.0004091724 -0.01396292 -0.01826129 -0.0003062002 -0.01426251 -0.01858339 -0.0002786362 -0.01396257 -0.01827942 -0.0001473504 -0.01396235 -0.01829065 0.0002472867 -0.0139625 -0.01828273 0.000257462 -0.01426242 -0.01858833 0.0003779126 -0.01396282 -0.01826627 0.0004440226 -0.01426283 -0.01856475 0.0005075129 -0.01396328 -0.01824294 0.0006288244 -0.01426346 -0.01852867 0.000635766 -0.01396387 -0.01821281 0.0008106588 -0.01426431 -0.01848028 0.0007621506 -0.01396459 -0.01817599 0.00112758 -0.01396751 -0.01802625 0.001282262 -0.01426764 -0.01828935 0.001243535 -0.01396874 -0.01796378 0.001394166 -0.0142687 -0.01822845 0.001498745 -0.0142698 -0.01816535 0.001355981 -0.01397007 -0.01789533 0.001596336 -0.01427094 -0.01810063 0.001464529 -0.01397152 -0.01782115 0.001687287 -0.01427208 -0.01803479 0.001568815 -0.01397308 -0.01774151 0.00177195 -0.01427324 -0.01796828 0.001669212 -0.01397475 -0.01765606 0.001942507 -0.01398037 -0.01736878 0.002260321 -0.01428224 -0.01745294 0.00202247 -0.0139824 -0.0172647 0.002162318 -0.01428004 -0.01757912 0.002096781 -0.01398452 -0.01715656 0.002343435 -0.01428434 -0.01733287 0.002165529 -0.01398671 -0.01704419 0.002437401 -0.01428703 -0.01717844 0.002228455 -0.01398898 -0.01692801 0.002493829 -0.01428887 -0.01707339 0.002379104 -0.01399612 -0.01656307 0.002669326 -0.01429633 -0.01664569 0.002416267 -0.01399859 -0.01643665 0.002709015 -0.01429873 -0.01650815 0.00244671 -0.0140011 -0.01630846 0.00273669 -0.01430076 -0.01639215 0.002470346 -0.01400362 -0.01617887 0.002771769 -0.01430417 -0.01619689 0.002487134 -0.01400617 -0.01604803 0.002792889 -0.01430761 -0.01599971 0.00249675 -0.01400864 -0.01592161 -0.002315777 -0.01399272 -0.01673682 -0.002402159 -0.01409242 -0.01679167 -0.0024946 -0.01419246 -0.01683171 -0.00262696 -0.01429417 -0.01676937 -0.002556113 -0.01429114 -0.01694316 -0.001779154 -0.0139768 -0.01755119 -0.001838598 -0.01407656 -0.01763516 -0.001909346 -0.01417661 -0.01770766 -0.002069155 -0.01427816 -0.01768662 -0.001937031 -0.0142758 -0.01782211 -0.0009142814 -0.01396565 -0.01812181 -0.0009950609 -0.01406597 -0.01819878 -0.001028867 -0.01396659 -0.01807345 -0.001033349 -0.01416601 -0.01829297 -0.001034291 -0.01426567 -0.01840218 0.0001158561 -0.01396231 -0.01829231 2.730033e-12 -0.01406225 -0.01839669 -1.584896e-05 -0.01396226 -0.01829495 2.711007e-12 -0.01416229 -0.0184985 -0.0001186228 -0.01426226 -0.01859767 6.954295e-05 -0.01426223 -0.01859932 0.001008344 -0.01396641 -0.01808261 0.0009950609 -0.01406597 -0.01819878 0.0008863524 -0.01396544 -0.0181326 0.001033349 -0.01416601 -0.01829297 0.0009889141 -0.01426536 -0.01841976 0.001162711 -0.01426663 -0.01834739 0.001856797 -0.01397841 -0.01746893 0.001838598 -0.01407656 -0.01763516 0.001765472 -0.01397653 -0.01756495 0.001909346 -0.01417661 -0.01770766 0.001911871 -0.01427538 -0.01784593 0.002046971 -0.01427774 -0.01771067 0.002335382 -0.01399369 -0.01668715 0.002402159 -0.01409242 -0.01679167 0.002285187 -0.01399131 -0.01680873 0.002541747 -0.01429059 -0.01697476 0.0024946 -0.01419246 -0.01683171 0.002612492 -0.0142935 -0.0168077 -0.002496892 -0.0036 -0.01591961 -0.002487577 -0.0036 -0.01604392 -0.002472077 -0.0036 -0.01616761 -0.002450431 -0.0036 -0.01629037 -0.002422693 -0.0036 -0.01641189 -0.002388932 -0.0036 -0.01653189 -0.002349231 -0.0036 -0.01665005 -0.00230369 -0.0036 -0.01676609 -0.002252422 -0.0036 -0.01687971 -0.002195554 -0.0036 -0.01699063 -0.002133227 -0.0036 -0.01709859 -0.002065597 -0.0036 -0.0172033 -0.001992831 -0.0036 -0.01730451 -0.001915111 -0.0036 -0.01740197 -0.00183263 -0.0036 -0.01749543 -0.001745592 -0.0036 -0.01758467 -0.001654215 -0.0036 -0.01766945 -0.001558725 -0.0036 -0.01774958 -0.001459359 -0.0036 -0.01782484 -0.001356366 -0.0036 -0.01789507 -0.00125 -0.0036 -0.01796006 -0.001140527 -0.0036 -0.01801968 -0.001028218 -0.0036 -0.01807376 -0.0009133525 -0.0036 -0.01812218 -0.0007962166 -0.0036 -0.01816482 -0.0006771012 -0.0036 -0.01820156 -0.0005563023 -0.0036 -0.01823232 -0.0004341204 -0.0036 -0.01825702 -0.0003108593 -0.0036 -0.0182756 -0.0001868252 -0.0036 -0.01828801 -6.232673e-05 -0.0036 -0.01829422 6.232673e-05 -0.0036 -0.01829422 0.0001868252 -0.0036 -0.01828801 0.0003108593 -0.0036 -0.0182756 0.0004341204 -0.0036 -0.01825702 0.0005563023 -0.0036 -0.01823232 0.0006771012 -0.0036 -0.01820156 0.0007962166 -0.0036 -0.01816482 0.0009133525 -0.0036 -0.01812218 0.001028218 -0.0036 -0.01807376 0.001140527 -0.0036 -0.01801968 0.00125 -0.0036 -0.01796006 0.001356366 -0.0036 -0.01789507 0.001459359 -0.0036 -0.01782484 0.001558725 -0.0036 -0.01774958 0.001654215 -0.0036 -0.01766945 0.001745592 -0.0036 -0.01758467 0.00183263 -0.0036 -0.01749543 0.001915111 -0.0036 -0.01740197 0.001992831 -0.0036 -0.01730451 0.002065597 -0.0036 -0.0172033 0.002133227 -0.0036 -0.01709859 0.002195554 -0.0036 -0.01699063 0.002252422 -0.0036 -0.01687971 0.00230369 -0.0036 -0.01676609 0.002349231 -0.0036 -0.01665005 0.002388932 -0.0036 -0.01653189 0.002422693 -0.0036 -0.01641189 0.002450431 -0.0036 -0.01629037 0.002472077 -0.0036 -0.01616761 0.002487577 -0.0036 -0.01604392 0.002496892 -0.0036 -0.01591961 -0.00535 -0.01438362 -0.011645 -0.005349981 -0.01431118 -0.015795 -0.005343657 -0.01430663 -0.01605589 -0.005324702 -0.0143021 -0.01631509 -0.005293992 -0.0142977 -0.01656709 -0.005252373 -0.01429342 -0.01681218 -0.005199368 -0.01428918 -0.01705546 -0.005135076 -0.01428498 -0.01729616 -0.005059621 -0.01428083 -0.01753357 -0.004973254 -0.01427676 -0.01776706 -0.004876261 -0.01427276 -0.01799603 -0.004768905 -0.01426885 -0.01821994 -0.004651327 -0.01426504 -0.01843849 -0.004523628 -0.01426132 -0.01865146 -0.004385941 -0.0142577 -0.01885861 -0.004238585 -0.0142542 -0.01905943 -0.004081956 -0.01425081 -0.01925333 -0.003916453 -0.01424756 -0.01943972 -0.003742472 -0.01424445 -0.01961814 -0.003560412 -0.01424148 -0.01978824 -0.003370674 -0.01423866 -0.01994963 -0.003173686 -0.014236 -0.02010198 0.00535 -0.01438362 -0.011645 -0.002969891 -0.01423351 -0.02024497 -0.002759733 -0.01423118 -0.02037827 -0.002543658 -0.01422903 -0.02050162 -0.002322111 -0.01422705 -0.02061478 -0.002095538 -0.01422526 -0.02071752 -0.001864408 -0.01422365 -0.02080962 -0.001629213 -0.01422223 -0.0208909 -0.001390442 -0.014221 -0.02096115 -0.001148618 -0.01421997 -0.02102024 -0.0009042946 -0.01421914 -0.02106802 -0.0006580241 -0.0142185 -0.02110438 -0.0004103545 -0.01421807 -0.02112923 -0.0001618252 -0.01421784 -0.02114255 0.005349981 -0.01431118 -0.015795 8.7025e-05 -0.01421781 -0.02114429 0.005347115 -0.01430811 -0.01597084 0.0003356624 -0.01421798 -0.02113445 0.005338519 -0.01430506 -0.01614589 0.0005835608 -0.01421835 -0.02111308 0.00531644 -0.01430073 -0.01639361 0.0008301946 -0.01421893 -0.02108019 0.0052828 -0.01429643 -0.01664018 0.001075034 -0.0142197 -0.02103587 0.005237646 -0.01429215 -0.01688545 0.001317544 -0.01422067 -0.02098022 0.005181076 -0.0142879 -0.01712868 0.001557187 -0.01422184 -0.02091337 0.005113194 -0.0142837 -0.01736909 0.001793439 -0.0142232 -0.02083544 0.005034166 -0.01427957 -0.01760594 0.002025799 -0.01422475 -0.02074663 0.004944284 -0.01427551 -0.01783862 0.00225377 -0.01422649 -0.02064712 0.004843849 -0.01427153 -0.0180665 0.002476861 -0.01422841 -0.02053711 0.004733115 -0.01426765 -0.01828908 0.002694601 -0.0142305 -0.02041686 0.004612229 -0.01426386 -0.01850611 0.002906521 -0.01423278 -0.02028662 0.004481327 -0.01426017 -0.01871736 0.003112161 -0.01423522 -0.02014665 0.004340601 -0.01425659 -0.01892251 0.00331108 -0.01423783 -0.01999728 0.00419042 -0.01425312 -0.01912105 0.003502843 -0.01424059 -0.01983883 0.004031176 -0.01424978 -0.0193124 0.003687025 -0.01424351 -0.01967165 0.003863256 -0.01424658 -0.01949606 -0.00535 -0.01395 -0.011645 0.00535 -0.01395 -0.011645 0.00535 -0.01395 -0.011395 -0.00535 -0.01395 -0.011395 -0.00535 -0.01345 -0.011395 -0.00535 -0.01345 -0.015795 -0.003735567 -0.01345 -0.01962489 -0.002897683 -0.01345 -0.01876585 -0.003540019 -0.01345 -0.01980633 -0.003921828 -0.01345 -0.01943392 -0.003042165 -0.01345 -0.01861772 -0.002745996 -0.01345 -0.01890659 -0.00333567 -0.01345 -0.0199778 -0.003179085 -0.01345 -0.01846257 -0.004098338 -0.01345 -0.01923391 -0.002587483 -0.01345 -0.0190396 -0.003123029 -0.01345 -0.02013887 -0.0033081 -0.01345 -0.01830079 -0.004264659 -0.01345 -0.01902535 -0.002422536 -0.01345 -0.01916454 -0.002902622 -0.01345 -0.02028914 -0.004420377 -0.01345 -0.01880876 -0.003428891 -0.01345 -0.01813278 -0.002251567 -0.01345 -0.01928111 -0.002675 -0.01345 -0.02042824 -0.004565106 -0.01345 -0.01858468 -0.003541157 -0.01345 -0.01795896 -0.002075 -0.01345 -0.01938901 -0.002440727 -0.01345 -0.02055581 -0.004698485 -0.01345 -0.01835366 -0.003644619 -0.01345 -0.01777975 -0.001893274 -0.01345 -0.01948797 -0.002200386 -0.01345 -0.02067156 -0.004820183 -0.01345 -0.01811628 -0.003739021 -0.01345 -0.01759562 -0.001706841 -0.01345 -0.01957775 -0.001954574 -0.01345 -0.02077518 -0.004929898 -0.01345 -0.01787313 -0.003824126 -0.01345 -0.01740701 -0.001516165 -0.01345 -0.01965813 -0.001703904 -0.01345 -0.02086641 -0.005027356 -0.01345 -0.01762481 -0.003899724 -0.01345 -0.01721438 -0.00132172 -0.01345 -0.0197289 -0.001448997 -0.01345 -0.02094504 -0.005112315 -0.01345 -0.01737194 -0.003965627 -0.01345 -0.01701823 -0.001123988 -0.01345 -0.01978989 -0.001190487 -0.01345 -0.02101086 -0.005184564 -0.01345 -0.01711515 -0.004021671 -0.01345 -0.01681904 -0.0009234619 -0.01345 -0.01984095 -0.0009290177 -0.01345 -0.02106372 -0.005243923 -0.01345 -0.01685508 -0.004067716 -0.01345 -0.01661731 -0.0007206399 -0.01345 -0.01988195 -0.0006652388 -0.01345 -0.02110348 -0.005290245 -0.01345 -0.01659238 -0.004103648 -0.01345 -0.01641352 -0.0005160264 -0.01345 -0.01991279 -0.000399806 -0.01345 -0.02113004 -0.005323415 -0.01345 -0.01632769 -0.004129378 -0.01345 -0.01620821 -0.0003101299 -0.01345 -0.0199334 -0.0001333792 -0.01345 -0.02114334 -0.005343349 -0.01345 -0.01606168 -0.004144841 -0.01345 -0.01600186 -0.0001034624 -0.01345 -0.01994371 0.0001333792 -0.01345 -0.02114334 -0.00415 -0.01345 -0.015795 0.0001034624 -0.01345 -0.01994371 0.000399806 -0.01345 -0.02113004 0.0003101299 -0.01345 -0.0199334 0.0006652388 -0.01345 -0.02110348 0.0005160264 -0.01345 -0.01991279 0.0009290177 -0.01345 -0.02106372 0.0007206399 -0.01345 -0.01988195 0.001190487 -0.01345 -0.02101086 0.0009234619 -0.01345 -0.01984095 0.001448997 -0.01345 -0.02094504 0.001123988 -0.01345 -0.01978989 0.001703904 -0.01345 -0.02086641 0.00132172 -0.01345 -0.0197289 0.001954574 -0.01345 -0.02077518 0.001516165 -0.01345 -0.01965813 0.002200386 -0.01345 -0.02067156 0.001706841 -0.01345 -0.01957775 0.002440727 -0.01345 -0.02055581 0.001893274 -0.01345 -0.01948797 0.002675 -0.01345 -0.02042824 0.002075 -0.01345 -0.01938901 0.002902622 -0.01345 -0.02028914 0.002251567 -0.01345 -0.01928111 0.003123029 -0.01345 -0.02013887 0.002422536 -0.01345 -0.01916454 0.00333567 -0.01345 -0.0199778 0.002587483 -0.01345 -0.0190396 -0.004345158 -0.01345 -0.01207117 -0.004341753 -0.01345 -0.01198118 0.003540019 -0.01345 -0.01980633 -0.004322262 -0.01345 -0.01189326 0.002745996 -0.01345 -0.01890659 -0.004287317 -0.01345 -0.01181026 -0.004238051 -0.01345 -0.01173488 0.003735567 -0.01345 -0.01962489 0.002897683 -0.01345 -0.01876585 -0.004176062 -0.01345 -0.01166956 -0.004103362 -0.01345 -0.01161642 -0.004022308 -0.01345 -0.01157718 0.003921828 -0.01345 -0.01943392 0.003042165 -0.01345 -0.01861772 -0.00393553 -0.01345 -0.01155311 -0.003845843 -0.01345 -0.011545 0.004098338 -0.01345 -0.01923391 0.003179085 -0.01345 -0.01846257 0.004264659 -0.01345 -0.01902535 0.0033081 -0.01345 -0.01830079 0.004420377 -0.01345 -0.01880876 0.003428891 -0.01345 -0.01813278 0.004565106 -0.01345 -0.01858468 0.003541157 -0.01345 -0.01795896 0.004698485 -0.01345 -0.01835366 0.003644619 -0.01345 -0.01777975 0.003739021 -0.01345 -0.01759562 0.004820183 -0.01345 -0.01811628 0.003824126 -0.01345 -0.01740701 0.004929898 -0.01345 -0.01787313 0.005027356 -0.01345 -0.01762481 0.003899724 -0.01345 -0.01721438 0.005112315 -0.01345 -0.01737194 0.003965627 -0.01345 -0.01701823 0.005184564 -0.01345 -0.01711515 0.004021671 -0.01345 -0.01681904 0.005243923 -0.01345 -0.01685508 0.004067716 -0.01345 -0.01661731 0.005290245 -0.01345 -0.01659238 0.004103648 -0.01345 -0.01641352 0.005323415 -0.01345 -0.01632769 0.004129378 -0.01345 -0.01620821 0.005343349 -0.01345 -0.01606168 0.004144841 -0.01345 -0.01600186 0.00535 -0.01345 -0.015795 0.00415 -0.01345 -0.015795 0.004345158 -0.01345 -0.01207117 0.00535 -0.01345 -0.011395 0.003845843 -0.01345 -0.011545 0.00393553 -0.01345 -0.01155311 0.004022308 -0.01345 -0.01157718 0.004103362 -0.01345 -0.01161642 0.004176062 -0.01345 -0.01166956 0.004238051 -0.01345 -0.01173488 0.004287317 -0.01345 -0.01181026 0.004322262 -0.01345 -0.01189326 0.004341753 -0.01345 -0.01198118 -0.003845843 -0.01225 -0.011545 0.003845843 -0.01225 -0.011545 -0.004345158 -0.01225 -0.01207117 -0.004341753 -0.01225 -0.01198118 -0.004322262 -0.01225 -0.01189326 -0.004287317 -0.01225 -0.01181026 -0.004238051 -0.01225 -0.01173488 -0.004176062 -0.01225 -0.01166956 -0.004103362 -0.01225 -0.01161642 -0.004022308 -0.01225 -0.01157718 -0.00393553 -0.01225 -0.01155311 -0.00415 -0.01225 -0.015795 -0.004144841 -0.01225 -0.01600186 -0.004129378 -0.01225 -0.01620821 -0.004103648 -0.01225 -0.01641352 -0.004067716 -0.01225 -0.01661731 -0.004021671 -0.01225 -0.01681904 -0.003965627 -0.01225 -0.01701823 -0.003899724 -0.01225 -0.01721438 -0.003824126 -0.01225 -0.01740701 -0.003739021 -0.01225 -0.01759562 -0.003644619 -0.01225 -0.01777975 -0.003541157 -0.01225 -0.01795896 -0.003428891 -0.01225 -0.01813278 -0.0033081 -0.01225 -0.01830079 -0.003179085 -0.01225 -0.01846257 -0.003042165 -0.01225 -0.01861772 -0.002897683 -0.01225 -0.01876585 -0.002745996 -0.01225 -0.01890659 -0.002587483 -0.01225 -0.0190396 -0.002422536 -0.01225 -0.01916454 -0.002251567 -0.01225 -0.01928111 -0.002075 -0.01225 -0.01938901 -0.001893274 -0.01225 -0.01948797 -0.001706841 -0.01225 -0.01957775 -0.001516165 -0.01225 -0.01965813 -0.00132172 -0.01225 -0.0197289 -0.001123988 -0.01225 -0.01978989 -0.0009234619 -0.01225 -0.01984095 -0.0007206399 -0.01225 -0.01988195 -0.0005160264 -0.01225 -0.01991279 -0.0003101299 -0.01225 -0.0199334 -0.0001034624 -0.01225 -0.01994371 0.0001034624 -0.01225 -0.01994371 0.0003101299 -0.01225 -0.0199334 0.0005160264 -0.01225 -0.01991279 0.0007206399 -0.01225 -0.01988195 0.0009234619 -0.01225 -0.01984095 0.001123988 -0.01225 -0.01978989 0.00132172 -0.01225 -0.0197289 0.001516165 -0.01225 -0.01965813 0.001706841 -0.01225 -0.01957775 0.001893274 -0.01225 -0.01948797 0.002075 -0.01225 -0.01938901 0.002251567 -0.01225 -0.01928111 0.002422536 -0.01225 -0.01916454 0.002587483 -0.01225 -0.0190396 0.002745996 -0.01225 -0.01890659 0.002897683 -0.01225 -0.01876585 0.003042165 -0.01225 -0.01861772 0.003179085 -0.01225 -0.01846257 0.0033081 -0.01225 -0.01830079 0.003428891 -0.01225 -0.01813278 0.003541157 -0.01225 -0.01795896 0.003644619 -0.01225 -0.01777975 0.003739021 -0.01225 -0.01759562 0.003824126 -0.01225 -0.01740701 0.003899724 -0.01225 -0.01721438 0.003965627 -0.01225 -0.01701823 0.004021671 -0.01225 -0.01681904 0.004067716 -0.01225 -0.01661731 0.004103648 -0.01225 -0.01641352 0.004129378 -0.01225 -0.01620821 0.004144841 -0.01225 -0.01600186 0.00415 -0.01225 -0.015795 0.004345158 -0.01225 -0.01207117 0.00393553 -0.01225 -0.01155311 0.004022308 -0.01225 -0.01157718 0.004103362 -0.01225 -0.01161642 0.004176062 -0.01225 -0.01166956 0.004238051 -0.01225 -0.01173488 0.004287317 -0.01225 -0.01181026 0.004322262 -0.01225 -0.01189326 0.004341753 -0.01225 -0.01198118 -0.003921828 -0.01225 -0.01943392 -0.003735567 -0.01225 -0.01962489 -0.004098338 -0.01225 -0.01923391 -0.003540019 -0.01225 -0.01980633 -0.004264659 -0.01225 -0.01902535 -0.00333567 -0.01225 -0.0199778 -0.004420377 -0.01225 -0.01880876 -0.003123029 -0.01225 -0.02013887 -0.004565106 -0.01225 -0.01858468 -0.002902622 -0.01225 -0.02028914 -0.004698485 -0.01225 -0.01835366 -0.002675 -0.01225 -0.02042824 -0.004820183 -0.01225 -0.01811628 -0.002440727 -0.01225 -0.02055581 -0.004929898 -0.01225 -0.01787313 -0.002200386 -0.01225 -0.02067156 -0.005027356 -0.01225 -0.01762481 -0.001954574 -0.01225 -0.02077518 -0.005112315 -0.01225 -0.01737194 -0.001703904 -0.01225 -0.02086641 -0.005184564 -0.01225 -0.01711515 -0.001448997 -0.01225 -0.02094504 -0.005243923 -0.01225 -0.01685508 -0.001190487 -0.01225 -0.02101086 -0.005290245 -0.01225 -0.01659238 -0.0009290177 -0.01225 -0.02106372 -0.005323415 -0.01225 -0.01632769 -0.0006652388 -0.01225 -0.02110348 -0.005343349 -0.01225 -0.01606168 -0.000399806 -0.01225 -0.02113004 -0.00535 -0.01225 -0.015795 -0.0001333792 -0.01225 -0.02114334 0.0001333792 -0.01225 -0.02114334 0.000399806 -0.01225 -0.02113004 0.0006652388 -0.01225 -0.02110348 0.0009290177 -0.01225 -0.02106372 0.001190487 -0.01225 -0.02101086 0.001448997 -0.01225 -0.02094504 0.001703904 -0.01225 -0.02086641 0.001954574 -0.01225 -0.02077518 0.002200386 -0.01225 -0.02067156 0.002440727 -0.01225 -0.02055581 0.002675 -0.01225 -0.02042824 0.002902622 -0.01225 -0.02028914 0.003123029 -0.01225 -0.02013887 0.00333567 -0.01225 -0.0199778 -0.00535 -0.01225 -0.011395 0.003540019 -0.01225 -0.01980633 0.003735567 -0.01225 -0.01962489 0.003921828 -0.01225 -0.01943392 0.004098338 -0.01225 -0.01923391 0.004264659 -0.01225 -0.01902535 0.004420377 -0.01225 -0.01880876 0.004565106 -0.01225 -0.01858468 0.004698485 -0.01225 -0.01835366 0.004820183 -0.01225 -0.01811628 0.004929898 -0.01225 -0.01787313 0.005027356 -0.01225 -0.01762481 0.005112315 -0.01225 -0.01737194 0.005184564 -0.01225 -0.01711515 0.005243923 -0.01225 -0.01685508 0.005290245 -0.01225 -0.01659238 0.005323415 -0.01225 -0.01632769 0.005343349 -0.01225 -0.01606168 0.00535 -0.01225 -0.015795 0.00535 -0.01225 -0.011395 0.00493 -0.01214 -0.011395 0.00535 -0.01214 -0.011395 -0.00531 -0.01087279 -0.011395 0.00493 -0.01087279 -0.011395 -0.00531 -0.01214 -0.011395 -0.00535 -0.01214 -0.011395 -0.00535 -0.01214 -0.015795 -0.00531 -0.01214 -0.01644799 -0.00533221 -0.01214 -0.01623093 -0.005345551 -0.01214 -0.01601315 -0.00531 -0.01072563 -0.01644799 -0.005275935 -0.01071743 -0.01668254 -0.005232029 -0.01070938 -0.01691312 -0.005178446 -0.01070147 -0.0171398 -0.005115348 -0.01069369 -0.01736264 -0.005042901 -0.01068604 -0.01758171 -0.004961267 -0.01067851 -0.01779708 -0.004870555 -0.01067112 -0.01800879 -0.004770657 -0.01066386 -0.0182168 -0.004661405 -0.01065672 -0.01842104 -0.004542637 -0.01064973 -0.01862144 -0.004414188 -0.01064287 -0.01881794 -0.004275892 -0.01063614 -0.01901047 -0.004113111 -0.01071324 -0.01921623 -0.004202081 -0.01061682 -0.01910634 -0.004134053 -0.01056775 -0.0191909 -0.004061132 -0.01084752 -0.01927777 -0.00397414 -0.01096833 -0.01937672 -0.003912292 -0.01102358 -0.01944417 -0.00384191 -0.01106887 -0.0195182 -0.003711013 -0.01111578 -0.01964868 -0.003637086 -0.01112484 -0.01971853 -0.003560411 -0.01112314 -0.01978824 -0.003458924 -0.01111143 -0.01987646 -0.003357504 -0.01109457 -0.01996031 -0.003258555 -0.01107284 -0.02003814 -0.003160224 -0.01104595 -0.02011188 -0.003025136 -0.01110581 -0.0202076 -0.002852221 -0.01115086 -0.02032129 -0.002755587 -0.01116532 -0.02038077 -0.002941656 -0.0111311 -0.02026369 -0.002590355 -0.0111769 -0.02047608 -0.002390931 -0.01118209 -0.02058101 -0.002187269 -0.01118686 -0.02067745 -0.001979732 -0.01119121 -0.02076523 -0.001768684 -0.01119511 -0.02084418 -0.001554503 -0.01119858 -0.02091418 -0.001337571 -0.01120159 -0.0209751 -0.001118269 -0.01120415 -0.02102682 -0.0008969905 -0.01120625 -0.02106927 -0.0006741297 -0.01120788 -0.02110236 -0.0004500814 -0.01120905 -0.02112603 -0.0002252436 -0.01120976 -0.02114025 -1.482712e-08 -0.01120999 -0.02114499 0.0002252163 -0.01120976 -0.02114025 0.0004500566 -0.01120905 -0.02112603 0.0006741073 -0.01120788 -0.02110236 0.0008969706 -0.01120625 -0.02106927 0.001118252 -0.01120415 -0.02102682 0.001337556 -0.01120159 -0.0209751 0.001554491 -0.01119858 -0.02091418 0.001768674 -0.01119511 -0.02084418 0.001979724 -0.01119121 -0.02076523 0.002187264 -0.01118686 -0.02067745 0.002390929 -0.01118209 -0.02058102 0.002590354 -0.0111769 -0.02047608 0.002681043 -0.01117238 -0.02042474 0.002768287 -0.01116378 -0.02037311 0.002918101 -0.01113698 -0.0202791 0.003046889 -0.01109793 -0.02019261 0.003160224 -0.01104595 -0.02011188 0.003259582 -0.01107309 -0.02003735 0.003359777 -0.011095 -0.01995847 0.003459978 -0.01111158 -0.01987556 0.003560411 -0.01112314 -0.01978824 0.003637034 -0.01112484 -0.01971858 0.003711025 -0.01111577 -0.01964867 0.00384191 -0.01106887 -0.0195182 0.004202078 -0.01061682 -0.01910635 0.004106012 -0.01073849 -0.01922475 0.004134052 -0.01056775 -0.0191909 0.003965524 -0.01097714 -0.01938626 0.004025994 -0.01090493 -0.01931833 0.004072237 -0.01082557 -0.01926478 0.004275892 -0.01063614 -0.01901047 0.004404441 -0.01064237 -0.01883209 0.004525177 -0.01064876 -0.01864922 0.0046381 -0.0106553 -0.01846187 0.004743211 -0.010662 -0.01827003 0.004840511 -0.01066885 -0.0180737 0.00493 -0.01214 -0.01787288 0.00493 -0.01067587 -0.01787288 0.005027434 -0.01214 -0.01762459 0.005112373 -0.01214 -0.01737175 0.005184604 -0.01214 -0.01711499 0.005243949 -0.01214 -0.01685495 0.00529026 -0.01214 -0.01659228 0.005323421 -0.01214 -0.01632762 0.005343351 -0.01214 -0.01606164 0.00535 -0.01214 -0.015795 0.00493 -0.01043293 -0.01175 0.00493 -0.009082821 -0.01175 0.00493 -0.00894389 -0.01180613 0.00493 -0.009007899 -0.01176456 0.00493 -0.008900112 -0.01186865 0.00493 -0.008882942 -0.01194302 0.00493 -0.008799212 -0.01434076 0.004930001 -0.008725638 -0.01575 0.00493 -0.01057528 -0.01918138 0.00493 -0.01050925 -0.01924514 0.00493 -0.01061894 -0.01910064 0.00493 -0.01042704 -0.01928596 0.00493 -0.01033632 -0.0193 0.00493 -0.01063614 -0.01901047 0.00493 -0.006652357 -0.01791613 0.00493 -0.006586524 -0.01785365 0.00493 -0.006696495 -0.01799543 0.00493 -0.006505023 -0.01781373 0.00493 -0.0067149 -0.0180843 0.00493 -0.006415311 -0.0178 0.00493 -0.007063298 -0.0193 0.00493 -0.006763712 -0.0190157 0.00493 -0.006782116 -0.01910457 0.00493 -0.006973587 -0.01928627 0.00493 -0.006892086 -0.01924634 0.00493 -0.006826254 -0.01918387 0.00493 -0.00112 -0.0178 0.00493 -0.00112 -0.01575 0.003627215 -0.01054389 -0.0193 0.003902624 -0.01033632 -0.0193 0.003902624 -0.01054392 -0.0193 0.003528189 -0.01053991 -0.0193 0.003429832 -0.01052775 -0.0193 0.003332817 -0.0105075 -0.0193 0.003237808 -0.0104793 -0.0193 0.003145456 -0.01044334 -0.0193 0.003056393 -0.01039987 -0.0193 0.00297123 -0.01034918 -0.0193 0.002890548 -0.01029163 -0.0193 0.002814901 -0.0102276 -0.0193 0.002744807 -0.01015754 -0.0193 0.002680745 -0.01008192 -0.0193 0.002623155 -0.01000127 -0.0193 0.00257243 -0.009916127 -0.0193 0.002528918 -0.009827084 -0.0193 0.002492917 -0.009734748 -0.0193 0.002464674 -0.009639752 -0.0193 0.002444381 -0.009542747 -0.0193 0.002432178 -0.009444395 -0.0193 0.002428135 -0.009345371 -0.0193 0.004568511 -0.007063286 -0.0193 0.004435934 -0.007056597 -0.0193 0.004305532 -0.007036502 -0.0193 0.004162673 -0.006998388 -0.0193 0.004036156 -0.006949393 -0.0193 0.002428113 -0.007342862 -0.0193 0.003925439 -0.006893153 -0.0193 0.003829161 -0.006832546 -0.0193 0.003745874 -0.006769775 -0.0193 0.003607322 -0.006638178 -0.0193 0.002407964 -0.00716418 -0.0193 0.003507664 -0.006513925 -0.0193 0.002348709 -0.006995286 -0.0193 0.003436753 -0.006401696 -0.0193 0.003386657 -0.006302963 -0.0193 0.002253654 -0.006844251 -0.0193 0.003322395 -0.00612979 -0.0193 0.002181353 -0.006765224 -0.0193 0.003283319 -0.00594975 -0.0193 0.002081644 -0.006684178 -0.0193 0.003270234 -0.00576501 -0.0193 0.00194648 -0.006609511 -0.0193 0.00179059 -0.006560309 -0.0193 0.001629181 -0.00654393 -0.0193 -0.003902624 -0.01033632 -0.0193 -0.003527648 -0.01053987 -0.0193 -0.003626672 -0.01054391 -0.0193 -0.003429296 -0.01052766 -0.0193 -0.00333229 -0.01050737 -0.0193 -0.003237294 -0.01047913 -0.0193 -0.003144958 -0.01044312 -0.0193 -0.003055915 -0.01039961 -0.0193 -0.002970774 -0.01034889 -0.0193 -0.002890119 -0.0102913 -0.0193 -0.002814501 -0.01022724 -0.0193 -0.002744439 -0.01015714 -0.0193 -0.002680411 -0.01008149 -0.0193 -0.002622858 -0.01000081 -0.0193 -0.002572171 -0.009915648 -0.0193 -0.0025287 -0.009826586 -0.0193 -0.002492741 -0.009734234 -0.0193 -0.00246454 -0.009639225 -0.0193 -0.002444292 -0.00954221 -0.0193 -0.002432133 -0.009443852 -0.0193 -0.002428149 -0.009344827 -0.0193 -0.003902624 -0.01054392 -0.0193 0.003270213 -0.003162438 -0.0193 0.003159317 -0.002784273 -0.0193 0.003241977 -0.002965375 -0.0193 0.003263146 -0.003062896 -0.0193 0.00320713 -0.002871865 -0.0193 0.003028934 -0.002633837 -0.0193 0.003099511 -0.002704388 -0.0193 0.002861417 -0.002526281 -0.0193 0.002949026 -0.002574062 -0.0193 0.002670364 -0.002470337 -0.0193 0.002767893 -0.00249147 -0.0193 0.00257082 -0.002463316 -0.0193 -0.001629181 -0.00654393 -0.0193 -0.003695343 -0.006726199 -0.0193 -0.002411734 -0.007181453 -0.0193 -0.002428113 -0.007342862 -0.0193 -0.003563746 -0.006587647 -0.0193 -0.003819596 -0.006825857 -0.0193 -0.003500975 -0.006504359 -0.0193 -0.002362532 -0.007025563 -0.0193 -0.003440368 -0.006408082 -0.0193 -0.002287865 -0.006890399 -0.0193 -0.003931825 -0.006896768 -0.0193 -0.004030558 -0.006946864 -0.0193 -0.003384128 -0.006297365 -0.0193 -0.003335133 -0.006170848 -0.0193 -0.002206819 -0.006790689 -0.0193 -0.004203731 -0.007011126 -0.0193 -0.003297019 -0.006027989 -0.0193 -0.002127792 -0.006718389 -0.0193 -0.004383771 -0.007050201 -0.0193 -0.003276925 -0.005897587 -0.0193 -0.001976756 -0.006623334 -0.0193 -0.004568511 -0.007063286 -0.0193 -0.00531 -0.01033632 -0.0193 -0.003270235 -0.005765009 -0.0193 -0.001807863 -0.006564079 -0.0193 -0.00531 -0.007063298 -0.0193 -0.003270205 -0.003162702 -0.0193 -0.002571083 -0.00246331 -0.0193 -0.002670625 -0.002470375 -0.0193 -0.00320724 -0.002872105 -0.0193 -0.003263184 -0.003063157 -0.0193 -0.003242052 -0.002965628 -0.0193 -0.002861656 -0.002526391 -0.0193 -0.002768146 -0.002491544 -0.0193 -0.003159459 -0.002784496 -0.0193 -0.002949248 -0.002574205 -0.0193 -0.003029134 -0.00263401 -0.0193 -0.003099684 -0.002704587 -0.0193 0.004568439 -0.006782115 -0.01910457 0.004568439 -0.006763712 -0.0190157 0.004568439 -0.006826251 -0.01918387 0.004568439 -0.006892079 -0.01924634 0.004568439 -0.006973577 -0.01928627 0.004617251 -0.006714897 -0.0180843 0.004617251 -0.006505017 -0.01781373 0.004617251 -0.006586521 -0.01785365 0.004617295 -0.006415303 -0.0178 0.004617251 -0.006652355 -0.01791612 0.004617251 -0.006696495 -0.01799543 0.00442029 -0.00638707 -0.0178 0.004517782 -0.006408234 -0.0178 0.004239235 -0.006304441 -0.0178 0.004326805 -0.006352235 -0.0178 0.004029052 -0.006094242 -0.0178 0.004159366 -0.006244662 -0.0178 0.004088825 -0.006174116 -0.0178 0.003918218 -0.005716174 -0.0178 0.003946437 -0.005913182 -0.0178 0.00392528 -0.005815688 -0.0178 0.003981264 -0.006006669 -0.0178 0.003918198 -0.003113602 -0.0178 0.003801773 -0.002575649 -0.0178 0.003751678 -0.002476916 -0.0178 0.003866035 -0.002748822 -0.0178 0.003905111 -0.002928862 -0.0178 0.003680767 -0.002364687 -0.0178 0.003581109 -0.002240434 -0.0178 0.003442557 -0.002108837 -0.0178 0.003359269 -0.002046066 -0.0178 0.003262991 -0.001985459 -0.0178 0.003152275 -0.001929219 -0.0178 0.003025758 -0.001880224 -0.0178 0.002882899 -0.00184211 -0.0178 0.002752493 -0.001822013 -0.0178 0.002619919 -0.001815323 -0.0178 -0.004326793 -0.00635223 -0.0178 -0.004159323 -0.006244624 -0.0178 -0.004239206 -0.006304422 -0.0178 -0.003981213 -0.006006557 -0.0178 -0.004088773 -0.006174056 -0.0178 -0.004028997 -0.006094157 -0.0178 -0.004517812 -0.006408237 -0.0178 -0.004420298 -0.006387072 -0.0178 -0.003925256 -0.005815522 -0.0178 -0.003946396 -0.005913043 -0.0178 -0.003918226 -0.005715985 -0.0178 -0.004617347 -0.006415303 -0.0178 -0.00531 -0.006415311 -0.0178 -0.003918198 -0.003113602 -0.0178 -0.00531 -0.00112 -0.0178 -0.003911508 -0.002981028 -0.0178 -0.003891412 -0.002850622 -0.0178 -0.003853297 -0.002707763 -0.0178 -0.003804302 -0.002581246 -0.0178 -0.003748063 -0.00247053 -0.0178 -0.003687455 -0.002374252 -0.0178 -0.003624684 -0.002290964 -0.0178 -0.003493087 -0.002152412 -0.0178 -0.003368834 -0.002052754 -0.0178 -0.003256605 -0.001981843 -0.0178 -0.003157872 -0.001931748 -0.0178 -0.002984699 -0.001867486 -0.0178 -0.002804659 -0.00182841 -0.0178 -0.002619919 -0.001815323 -0.0178 -0.00531 -0.00112 -0.01575 -0.004538366 -0.001700001 -0.01575 -0.00531 -0.0017 -0.01575 -0.004358284 -0.001723573 -0.01575 -0.004190499 -0.00179252 -0.01575 0.004579128 -0.008571342 -0.01575 0.004356902 -0.008359491 -0.01575 0.004432456 -0.008446886 -0.01575 0.004747013 -0.008665428 -0.01575 0.004210415 -0.008092925 -0.01575 0.004280254 -0.008244006 -0.01575 0.004149756 -0.007749681 -0.01575 0.004164903 -0.007923351 -0.01575 0.004149635 -0.002671707 -0.01575 0.003649534 -0.002171588 -0.01575 -0.003963689 -0.002000243 -0.01575 -0.003876576 -0.002171588 -0.01575 -0.004046266 -0.001902089 -0.01575 0.003820437 -0.002201741 -0.01575 0.003924295 -0.002253843 -0.01575 0.004044686 -0.002365276 -0.01575 0.004122541 -0.002509906 -0.01575 0.001011517 -0.008074308 -0.01175817 0.001117451 -0.007921018 -0.01179828 0.0009505031 -0.00792288 -0.01175532 0.001138523 -0.008194103 -0.01176468 0.001125272 -0.008055716 -0.011791 0.001208279 -0.008054667 -0.01181526 0.001282468 -0.007918857 -0.01184813 0.001287049 -0.008293756 -0.01177309 0.001279 -0.008104294 -0.01182881 0.001377592 -0.008102864 -0.01186196 0.00192641 -0.008592669 -0.01181746 0.001901036 -0.008498106 -0.01189182 0.001734358 -0.00851621 -0.01180293 0.001880733 -0.008395705 -0.01195458 0.002160178 -0.008674026 -0.01183621 0.002012607 -0.008545103 -0.01190532 0.002979864 -0.008858573 -0.01190743 0.002902897 -0.008817843 -0.01200377 0.002792572 -0.008831118 -0.01189074 0.002953074 -0.0088276 -0.01200758 0.003082198 -0.008869458 -0.01191658 0.003002388 -0.008836624 -0.01201055 0.004777844 -0.008694924 -0.01544261 0.004787632 -0.008753936 -0.01476292 0.004525799 -0.008552747 -0.01545885 0.00422822 -0.008177168 -0.01547414 0.004124698 -0.007767647 -0.01533744 0.004156806 -0.007928207 -0.01554284 0.004142366 -0.007758721 -0.01554341 0.004161797 -0.007923731 -0.01564646 0.001399446 -0.008239511 -0.01183152 0.001380939 -0.008347478 -0.01177882 0.001421636 -0.008130148 -0.01187163 0.001499407 -0.008174858 -0.01188873 0.001548644 -0.00843288 -0.01178979 0.001520476 -0.008306 -0.01184844 0.001569685 -0.008305181 -0.01186775 0.001596484 -0.0081732 -0.01192739 0.001657851 -0.008350092 -0.0118813 0.00144767 -0.008021623 -0.01189977 0.00147754 -0.007915875 -0.01191694 0.00148527 -0.008043612 -0.01191111 0.001734997 -0.008285961 -0.01194528 0.001759978 -0.008153668 -0.01200369 0.001533602 -0.008042797 -0.01192994 0.001668936 -0.007912477 -0.01199537 0.00181629 -0.008276215 -0.01198654 0.001854083 -0.00815173 -0.01204881 0.001863735 -0.008275237 -0.01200953 0.001629542 -0.008041092 -0.0119694 0.002383778 -0.008536288 -0.01212106 0.002440886 -0.008667021 -0.0120034 0.002490287 -0.008579947 -0.01214336 0.002390127 -0.008741993 -0.01185554 0.002384924 -0.008648172 -0.01199528 0.001910889 -0.008274235 -0.01203312 0.001947029 -0.008149692 -0.01209627 0.002542604 -0.008700494 -0.01201639 0.002587601 -0.008618755 -0.01216178 0.002602299 -0.008793885 -0.01187394 0.002016334 -0.008353998 -0.01204714 0.00259401 -0.008716173 -0.01202329 0.001711168 -0.008031445 -0.01200631 0.001957742 -0.008273208 -0.01205728 0.001805138 -0.008029548 -0.01205017 0.001856182 -0.007908668 -0.01208325 0.002704472 -0.008695503 -0.01213133 0.00269463 -0.008594459 -0.01226701 0.001851704 -0.008028562 -0.01207298 0.003557413 -0.008877253 -0.01210597 0.003372509 -0.008865639 -0.01213239 0.003378564 -0.008882942 -0.01194302 0.001897982 -0.008027551 -0.01209636 0.002758178 -0.008684831 -0.01218639 0.002827673 -0.008759728 -0.01209738 0.003356795 -0.008825128 -0.01232103 0.003458448 -0.008862843 -0.01221261 0.003533934 -0.008837944 -0.01241567 0.002038758 -0.008147554 -0.01214603 0.001989643 -0.008025455 -0.01214486 0.002038812 -0.007904461 -0.01218034 0.003549154 -0.008864975 -0.01226097 0.003727669 -0.008871301 -0.0122764 0.002035012 -0.008024369 -0.01216995 0.002540211 -0.008482611 -0.01227394 0.002586162 -0.00850446 -0.01228616 0.002592406 -0.008377289 -0.0123942 0.003631663 -0.008862045 -0.01234494 0.002930821 -0.008679366 -0.01232514 0.002638895 -0.008490929 -0.01233688 0.002124791 -0.008022126 -0.01222184 0.002216372 -0.007899864 -0.01228641 0.003672172 -0.008860555 -0.01238764 0.003612818 -0.008835034 -0.01249924 0.003751578 -0.008857527 -0.01247436 0.003889538 -0.008865085 -0.01245442 0.003689627 -0.008832062 -0.01258453 0.00238533 -0.008138258 -0.01236255 0.00248352 -0.008259327 -0.01238393 0.002470257 -0.008135654 -0.01242315 0.003790511 -0.008855989 -0.01251841 0.002525931 -0.008257998 -0.01241521 0.002553642 -0.00813296 -0.01248585 0.003828986 -0.008854434 -0.01256296 0.003764532 -0.008829029 -0.01267169 0.002296769 -0.008017458 -0.01232987 0.002388421 -0.00789489 -0.01240119 0.002567947 -0.008256644 -0.01244702 0.003513684 -0.00879508 -0.01256796 0.003904352 -0.008851277 -0.0126534 0.003837496 -0.008825942 -0.01276066 0.004043112 -0.008858603 -0.01264002 0.00260956 -0.00825527 -0.01247936 0.002635431 -0.008130178 -0.01255061 0.003551578 -0.008793646 -0.01260926 0.003490783 -0.008735968 -0.0127156 0.00238247 -0.008014935 -0.01238823 0.003941297 -0.008849677 -0.01269932 0.00358894 -0.008792197 -0.01265095 0.002650766 -0.008253873 -0.01251221 0.002715575 -0.00812731 -0.01261739 0.002424768 -0.008013638 -0.01241821 0.00362587 -0.008790737 -0.01269312 0.004013554 -0.00884643 -0.01279245 0.004188044 -0.008851871 -0.01283282 0.003662366 -0.008789269 -0.01273577 0.002508223 -0.008010979 -0.01247972 0.002554533 -0.007889551 -0.01252439 0.002549368 -0.008009616 -0.01251126 0.002590116 -0.00800823 -0.0125433 0.004155093 -0.008839314 -0.01299158 0.004323873 -0.008844905 -0.01303229 0.002670395 -0.008005394 -0.0126089 0.002714296 -0.00788386 -0.01265572 0.002709914 -0.008003944 -0.01264245 0.00422048 -0.008835893 -0.01308969 0.004114636 -0.008811741 -0.01314859 0.003405176 -0.008661078 -0.01278925 0.003547588 -0.008654397 -0.01295873 0.003326968 -0.008570716 -0.01285576 0.004252304 -0.008834162 -0.01313932 0.004176351 -0.008808363 -0.01324571 0.00278768 -0.00800098 -0.012711 0.002867312 -0.007877831 -0.01279483 0.004314191 -0.00883066 -0.01323968 0.004450171 -0.008837724 -0.01323793 0.004235766 -0.008804933 -0.01334425 0.004344245 -0.00882889 -0.0132904 0.003011175 -0.008115345 -0.01289597 0.003099948 -0.008236004 -0.01293255 0.003082566 -0.008112079 -0.012972 0.004373693 -0.00882711 -0.01334143 0.004292836 -0.008801462 -0.01344409 0.00313544 -0.008234348 -0.01297147 0.00320141 -0.008353572 -0.01296003 0.003152034 -0.008108736 -0.01304978 0.002934125 -0.007994973 -0.01284998 0.003013204 -0.00787148 -0.01294139 0.004069047 -0.008768018 -0.01330204 0.003170442 -0.008232675 -0.01301083 0.004430782 -0.008823514 -0.01344451 0.004566635 -0.008830349 -0.01344912 0.004347513 -0.008797956 -0.0135451 0.004098384 -0.00876636 -0.01334987 0.004021195 -0.008707706 -0.01345012 0.003204949 -0.008230982 -0.01305062 0.003219536 -0.008105321 -0.01312927 0.004458397 -0.008821703 -0.01349647 0.003006639 -0.007991771 -0.01292405 0.004127157 -0.00876469 -0.01339805 0.003238955 -0.008229271 -0.01309084 0.00328503 -0.008101834 -0.01321041 0.003042197 -0.00799014 -0.01296176 0.004155356 -0.008763015 -0.01344652 0.004511788 -0.008818047 -0.01360135 0.004672989 -0.008822802 -0.01366524 0.004182966 -0.008761335 -0.01349525 0.003111887 -0.007986823 -0.01303848 0.00315161 -0.007864822 -0.01309503 0.003146008 -0.007985137 -0.01307749 0.00317964 -0.007983432 -0.01311692 0.004769009 -0.008815099 -0.0138858 0.00461322 -0.008810104 -0.01382356 0.003245414 -0.007979969 -0.01319702 0.003282186 -0.007857874 -0.01325536 0.004658859 -0.00880633 -0.01393183 0.004545688 -0.008782083 -0.01397848 0.003277546 -0.00797821 -0.01323767 0.004680724 -0.008804427 -0.01398636 0.004587729 -0.008778377 -0.01408513 0.004854671 -0.008807239 -0.0141109 0.003340276 -0.007974643 -0.01332017 0.003404609 -0.007850653 -0.013422 0.00472257 -0.008800591 -0.01409631 0.004627297 -0.008774627 -0.01419287 0.004742524 -0.00879866 -0.01415164 0.004761912 -0.008796713 -0.01420745 0.004664489 -0.008770829 -0.01430198 0.003520382 -0.00808761 -0.01354146 0.003597699 -0.008208019 -0.01359048 0.003575486 -0.008083807 -0.01362995 0.003624923 -0.008206101 -0.01363554 0.003628363 -0.008079946 -0.01371978 0.003689314 -0.008325355 -0.0136328 0.00345651 -0.007967505 -0.01348529 0.003518577 -0.007843177 -0.01359452 0.004473173 -0.008737546 -0.0141286 0.004798712 -0.008792794 -0.01431972 0.003651582 -0.00820417 -0.01368093 0.004492749 -0.008735735 -0.01418094 0.004398972 -0.008676024 -0.01427262 0.00367767 -0.008202225 -0.01372665 0.003678981 -0.008076029 -0.0138109 0.004511727 -0.008733912 -0.01423358 0.003513006 -0.007963748 -0.01357216 0.004530169 -0.008732073 -0.01428666 0.003540437 -0.007961848 -0.01361612 0.004864882 -0.008784374 -0.01455523 0.003593643 -0.007958003 -0.01370503 0.003623808 -0.007835464 -0.0137725 0.00361941 -0.007956059 -0.01374998 0.003644615 -0.007954102 -0.01379525 0.003693321 -0.007950147 -0.0138867 0.003720041 -0.007827534 -0.01395549 0.004482663 -0.008665706 -0.01454027 0.004359026 -0.00859282 -0.0145187 0.004291678 -0.008601151 -0.01430788 0.0041939 -0.008510806 -0.01433924 0.003781624 -0.007942295 -0.01406828 0.003807039 -0.007819406 -0.01414304 0.003854155 -0.008060282 -0.01417727 0.003939225 -0.008178543 -0.01428309 0.003893283 -0.008056129 -0.01427385 0.00395777 -0.008176447 -0.01433232 0.003929991 -0.008051937 -0.01437137 0.004610503 -0.008642061 -0.01515317 0.004701551 -0.008706661 -0.01496253 0.003823478 -0.007938197 -0.01416305 0.003975699 -0.008174341 -0.01438178 0.00403771 -0.008293707 -0.01438678 0.003843516 -0.007936131 -0.01421082 0.003884585 -0.007811101 -0.01433469 0.00399301 -0.008172226 -0.01443146 0.003964253 -0.008047706 -0.01446976 0.004009699 -0.008170101 -0.01448135 0.003996051 -0.008043439 -0.01456898 0.003881796 -0.007931967 -0.01430709 0.003900034 -0.00792987 -0.01435557 0.003917666 -0.007927764 -0.01440427 0.00395249 -0.007802639 -0.01452996 0.003951101 -0.007923523 -0.01450232 0.0044984 -0.008567192 -0.0151669 0.004396382 -0.008476852 -0.01517862 0.0039669 -0.00792139 -0.01455164 0.004647974 -0.008633754 -0.0154514 0.003996646 -0.007917098 -0.01465087 0.004010584 -0.007794041 -0.01472836 0.004678632 -0.008639997 -0.01559997 0.004047558 -0.007908634 -0.01484658 0.004058726 -0.007785329 -0.01492941 0.004096275 -0.008026493 -0.01496308 0.004158168 -0.008144661 -0.01507875 0.004115732 -0.008022091 -0.0150654 0.00442365 -0.008461905 -0.01546389 0.004307454 -0.008373362 -0.01518797 0.004334809 -0.008358008 -0.0154674 0.00416677 -0.008142451 -0.01513062 0.004132632 -0.008017671 -0.01516817 0.00406993 -0.007904259 -0.01494771 0.004174725 -0.008140237 -0.01518259 0.004233896 -0.008259765 -0.01519473 0.004080168 -0.007902063 -0.01499848 0.004096795 -0.007776523 -0.0151326 0.004182031 -0.008138018 -0.01523466 0.004146966 -0.008013233 -0.01527133 0.004276433 -0.008269805 -0.01547128 0.004098744 -0.007897655 -0.01510037 0.00410708 -0.007895444 -0.01515147 0.004114777 -0.007893229 -0.01520268 0.004128254 -0.007888786 -0.01530537 0.004184123 -0.008053182 -0.01550943 0.002012385 -0.008452518 -0.01198147 0.002691216 -0.008781241 -0.01195848 0.002105221 -0.008450423 -0.01203192 0.002197396 -0.008349653 -0.01215034 0.002282715 -0.008508998 -0.01208505 0.002025012 -0.008251644 -0.01210196 0.002287029 -0.008445953 -0.01213956 0.002373167 -0.008344941 -0.01226227 0.002985832 -0.008785976 -0.01215023 0.003009958 -0.00879208 -0.01215226 0.002114769 -0.008249488 -0.01215262 0.002375891 -0.008443582 -0.01219668 0.003190536 -0.008818571 -0.01221097 0.003015103 -0.008734582 -0.01228987 0.002153207 -0.008186592 -0.01219907 0.003184012 -0.008786361 -0.01230337 0.003182392 -0.008728734 -0.01244101 0.002290416 -0.008244898 -0.01226043 0.002240505 -0.008184293 -0.01225281 0.002507581 -0.008373871 -0.01233527 0.003268209 -0.008783381 -0.01238204 0.002376202 -0.008242467 -0.01231752 0.002863344 -0.008588996 -0.01240251 0.00280418 -0.008485469 -0.0124695 0.003019583 -0.008664614 -0.01242163 0.003025223 -0.008583209 -0.01254603 0.003100908 -0.008661665 -0.01249623 0.003254701 -0.008667476 -0.01262693 0.002721778 -0.008372992 -0.01249682 0.002847076 -0.008368488 -0.01260435 0.00338116 -0.008739452 -0.01259835 0.002930547 -0.00848091 -0.01258029 0.003007959 -0.008477933 -0.01265261 0.002998952 -0.008362524 -0.01274666 0.003114327 -0.00847359 -0.01275799 0.003179886 -0.00857711 -0.01269724 0.003258459 -0.008467198 -0.01291318 0.002775438 -0.008249426 -0.01261691 0.003860953 -0.008803899 -0.012892 0.003774194 -0.008783458 -0.01287701 0.003711106 -0.008724046 -0.01298923 0.003603554 -0.008730088 -0.01285037 0.00285191 -0.008246517 -0.01268535 0.003930559 -0.008800378 -0.01298696 0.00384339 -0.008716958 -0.01317335 0.002879896 -0.00818329 -0.01274129 0.003102022 -0.008358121 -0.01285161 0.003997821 -0.008796796 -0.01308357 0.002999734 -0.008240465 -0.01282769 0.003466182 -0.008564037 -0.01302129 0.003394896 -0.008460523 -0.01307523 0.003977273 -0.008772816 -0.0131605 0.00365112 -0.008648135 -0.01309529 0.003597138 -0.008557093 -0.01319337 0.003715802 -0.008644595 -0.01318503 0.003806718 -0.008640254 -0.01331734 0.003310205 -0.008348215 -0.01308785 0.003413886 -0.008342683 -0.01321983 0.003934736 -0.008712393 -0.01331016 0.003922832 -0.008632826 -0.01350561 0.003499057 -0.008454947 -0.0132106 0.003535111 -0.00833559 -0.01338894 0.003560928 -0.008451406 -0.01329654 0.003643238 -0.008446391 -0.01341817 0.003754564 -0.008438968 -0.01359823 0.003719531 -0.008549899 -0.01337157 0.003833075 -0.008542474 -0.01355547 0.003342517 -0.008223783 -0.01321994 0.004345509 -0.008775677 -0.01367844 0.004181951 -0.00869541 -0.01375313 0.004264349 -0.008755248 -0.01365123 0.00410438 -0.008701615 -0.01360017 0.004029633 -0.008625183 -0.01369929 0.003404147 -0.008220294 -0.01330198 0.004395752 -0.008771729 -0.01378487 0.004276371 -0.008687475 -0.01395908 0.003422081 -0.008156647 -0.01336429 0.003614275 -0.008330527 -0.01350958 0.004443383 -0.008767738 -0.01389246 0.003521319 -0.008213129 -0.01347042 0.003937526 -0.008534833 -0.01374467 0.003856992 -0.00843133 -0.01378349 0.004409422 -0.008743343 -0.01396812 0.004103617 -0.008618864 -0.01384936 0.004032622 -0.008526996 -0.01393867 0.004214266 -0.008609326 -0.0141009 0.004149754 -0.008614898 -0.0139498 0.003759934 -0.0083201 -0.01375808 0.003826293 -0.008314748 -0.01388564 0.004340511 -0.008681792 -0.01411475 0.003922463 -0.008425935 -0.01391434 0.003914597 -0.008306846 -0.01407392 0.003967048 -0.008421977 -0.01401031 0.00403417 -0.008415482 -0.01416771 0.003745107 -0.008196918 -0.01385141 0.004118145 -0.00851898 -0.01413702 0.004108513 -0.00840731 -0.01436576 0.004573552 -0.008726918 -0.01442381 0.004672076 -0.008744226 -0.0145467 0.003787728 -0.008130043 -0.0139861 0.00383514 -0.008189075 -0.01403572 0.004634914 -0.008718482 -0.01464821 0.004538451 -0.008657229 -0.01476005 0.003876765 -0.008185085 -0.01412945 0.003979234 -0.008300327 -0.01422916 0.004661471 -0.008714225 -0.01476143 0.004259825 -0.008502478 -0.01454522 0.004173234 -0.008398983 -0.01456751 0.004395482 -0.00858761 -0.01465053 0.004315625 -0.00849403 -0.01475411 0.0044625 -0.008575821 -0.01494872 0.00442205 -0.008583365 -0.01475791 0.00408361 -0.008287861 -0.01452602 0.004124704 -0.008281952 -0.01466672 0.004578703 -0.008649675 -0.01495587 0.00421286 -0.008393049 -0.01471128 0.004174726 -0.008273463 -0.01486879 0.004237995 -0.008388802 -0.01481417 0.004272815 -0.008381989 -0.0149791 0.004052359 -0.00816422 -0.01461952 0.004361177 -0.008485481 -0.01496541 0.004068525 -0.008096809 -0.01476248 0.004104754 -0.008155765 -0.01481808 0.00412731 -0.008151498 -0.01491825 0.00420747 -0.008266638 -0.0150312 0.002129229 -0.008569409 -0.01194183 0.002221819 -0.008595814 -0.01196431 0.00318263 -0.008877138 -0.01192556 0.003188963 -0.008854091 -0.0120689 0.00295765 -0.008737226 -0.0122397 0.003456796 -0.008796934 -0.01250851 0.002303354 -0.008674362 -0.01191283 0.00328423 -0.008874887 -0.01200461 0.00337856 -0.008900111 -0.01186865 0.00337856 -0.008943889 -0.01180613 0.00337856 -0.009007899 -0.01176456 0.00337856 -0.009082821 -0.01175 -0.00337856 -0.009082821 -0.01175 -0.00531 -0.009082821 -0.01175 -0.00531 -0.01043293 -0.01175 -0.003190386 -0.009076661 -0.01175 -0.003007401 -0.009059263 -0.01175 -0.002820705 -0.009030902 -0.01175 -0.002636558 -0.008992729 -0.01175 -0.002451162 -0.008944499 -0.01175 0.001024261 -0.008184224 -0.01175 -0.001023013 -0.008182803 -0.01175 -0.001125838 -0.008284119 -0.01175 0.001127136 -0.008285249 -0.01175 -0.001235394 -0.008371591 -0.01175 0.001236583 -0.008372469 -0.01175 -0.001401048 -0.008483662 -0.01175 0.0009538642 -0.008088473 -0.01175 -0.0009529023 -0.008086817 -0.01175 0.001401872 -0.008484177 -0.01175 -0.001508874 -0.008548182 -0.01175 0.001509342 -0.008548451 -0.01175 -0.001676898 -0.008639056 -0.01175 0.0009046957 -0.00792288 -0.01175 -0.0009046957 -0.00792288 -0.01175 0.001676927 -0.008639072 -0.01175 0.001863055 -0.008728403 -0.01175 -0.001863521 -0.008728616 -0.01175 0.002057975 -0.008810765 -0.01175 -0.002059154 -0.008811222 -0.01175 0.002263583 -0.00888606 -0.01175 -0.002264991 -0.008886545 -0.01175 0.003189145 -0.00907658 -0.01175 0.003005701 -0.009059052 -0.01175 0.002819272 -0.009030643 -0.01175 0.002635427 -0.008992463 -0.01175 0.00244986 -0.008944136 -0.01175 -0.0009046958 -0.002794394 -0.01175 -0.0006395937 -0.002626999 -0.01175 -0.0007727852 -0.002668489 -0.01175 -0.0005062875 -0.002601933 -0.01175 -0.0003817599 -0.002586813 -0.01175 -0.0001948658 -0.002573953 -0.01175 2.457312e-05 -0.002569866 -0.01175 0.0009046959 -0.002794394 -0.01175 0.000227647 -0.002575514 -0.01175 0.0004092439 -0.002589619 -0.01175 0.0006039881 -0.002619138 -0.01175 0.0007880262 -0.002675108 -0.01175 -0.00531 -0.001915224 -0.01537346 -0.00531 -0.0019 -0.01545 -0.00531 -0.001958579 -0.01530858 -0.00531 -0.0021 -0.01525 -0.00531 -0.002023463 -0.01526522 -0.00531 -0.0019 -0.01555 -0.00531 -0.001884776 -0.01562654 -0.00531 -0.001776537 -0.01573478 -0.00531 -0.001841421 -0.01569142 -0.00531 -0.008882942 -0.01194302 -0.00531 -0.008900112 -0.01186865 -0.00531 -0.00894389 -0.01180613 -0.00531 -0.009007899 -0.01176456 -0.00531 -0.006 -0.01525 -0.00531 -0.0062 -0.01545 -0.00531 -0.006076537 -0.01526522 -0.00531 -0.006141421 -0.01530858 -0.00531 -0.006184776 -0.01537346 -0.00531 -0.0062 -0.01555 -0.00531 -0.006215224 -0.01562654 -0.00531 -0.008766851 -0.01526745 -0.00531 -0.006258579 -0.01569142 -0.00531 -0.006323463 -0.01573478 -0.00531 -0.0064 -0.01575 -0.00531 -0.006505023 -0.01781373 -0.00531 -0.006586524 -0.01785365 -0.00531 -0.008267156 -0.01575 -0.00531 -0.006652357 -0.01791613 -0.00531 -0.006696495 -0.01799543 -0.00531 -0.008358184 -0.01574164 -0.00531 -0.0067149 -0.0180843 -0.00531 -0.006782116 -0.01910457 -0.00531 -0.006826254 -0.01918387 -0.00531 -0.006763712 -0.0190157 -0.00531 -0.006892086 -0.01924634 -0.00531 -0.006973587 -0.01928627 -0.00531 -0.008446169 -0.01571686 -0.00531 -0.008528172 -0.01567646 -0.00531 -0.008601449 -0.01562182 -0.00531 -0.008663554 -0.01555474 -0.00531 -0.00871241 -0.01547748 -0.00531 -0.008746384 -0.01539262 -0.00531 -0.00875674 -0.01535153 -0.00531 -0.008763578 -0.0153097 -0.00531 -0.01063614 -0.01901047 -0.00531 -0.01042704 -0.01928596 -0.00531 -0.01050925 -0.01924514 -0.00531 -0.01057528 -0.01918138 -0.00531 -0.01061894 -0.01910064 -0.004568439 -0.006763712 -0.0190157 -0.004568439 -0.006782115 -0.01910457 -0.004568439 -0.006826251 -0.01918387 -0.004568439 -0.006892079 -0.01924634 -0.004568439 -0.006973577 -0.01928627 -0.003359944 -0.005765083 -0.01928627 -0.004394886 -0.006748703 -0.01901818 -0.003428117 -0.005966576 -0.01926518 -0.003478407 -0.006161225 -0.01926608 -0.003561861 -0.006343731 -0.01926668 -0.003765176 -0.006434594 -0.0191615 -0.003882831 -0.00649215 -0.01902217 -0.003790774 -0.006392684 -0.01902205 -0.003724961 -0.006300863 -0.01902164 -0.003662258 -0.006286071 -0.01916093 -0.003676045 -0.006508856 -0.01926699 -0.003892486 -0.006562945 -0.01916151 -0.004009839 -0.006593648 -0.01902177 -0.003817504 -0.006651479 -0.019267 -0.004040127 -0.006667047 -0.01916097 -0.004181497 -0.006686202 -0.01902053 -0.003981648 -0.006766987 -0.0192667 -0.00420396 -0.006743943 -0.01915988 -0.004281795 -0.006722035 -0.01901953 -0.004163776 -0.006852054 -0.01926611 -0.004380254 -0.006791376 -0.01915826 -0.004359625 -0.006904162 -0.01926522 -0.003568378 -0.005859735 -0.01906114 -0.00358734 -0.005952459 -0.01901835 -0.003569809 -0.005765082 -0.0190157 -0.003551406 -0.005765083 -0.01910457 -0.003507271 -0.005765083 -0.01918387 -0.003541005 -0.005946675 -0.01915819 -0.003467237 -0.005861641 -0.01922984 -0.003441442 -0.005765083 -0.01924634 -0.003592716 -0.006033746 -0.01908969 -0.003639659 -0.006133193 -0.01902036 -0.003586804 -0.006121895 -0.01915982 -0.003511361 -0.006048293 -0.01922001 -0.003656421 -0.006205154 -0.01909127 -0.003377252 -0.006064648 -0.01929171 -0.00357491 -0.006226992 -0.01922111 -0.003668645 -0.006391682 -0.01922179 -0.003789799 -0.006537488 -0.01922202 -0.003680136 -0.006616287 -0.01929214 -0.003934591 -0.006659816 -0.01922181 -0.004098629 -0.006754954 -0.01922115 -0.004277704 -0.006820179 -0.01922006 -0.004468347 -0.006866004 -0.01922987 -0.004444258 -0.006699684 -0.01808183 -0.004617251 -0.006714897 -0.0180843 -0.00433151 -0.006672966 -0.01808048 -0.004178699 -0.00661321 -0.01807902 -0.004037707 -0.006529233 -0.01807813 -0.00391235 -0.006423285 -0.01807783 -0.003800048 -0.006289823 -0.01807816 -0.003738859 -0.006190864 -0.01807875 -0.003672747 -0.006040002 -0.01808008 -0.003632307 -0.00588036 -0.01808194 -0.003618624 -0.00571627 -0.0180843 -0.003569806 -0.003162342 -0.0190157 -0.003618621 -0.003113529 -0.0180843 -0.003551403 -0.003162342 -0.01910457 -0.003507263 -0.003162342 -0.01918388 -0.003441427 -0.003162342 -0.01924635 -0.003359921 -0.003162342 -0.01928628 -0.002571179 -0.002373596 -0.01928627 -0.003541546 -0.003023391 -0.01910457 -0.003556124 -0.002998255 -0.01901806 -0.003497852 -0.003029634 -0.01918387 -0.003511909 -0.002886609 -0.01910457 -0.003515686 -0.002838616 -0.01901992 -0.003498537 -0.002844489 -0.01910457 -0.003432682 -0.003038944 -0.01924634 -0.00346955 -0.002899013 -0.01918387 -0.003463087 -0.002755445 -0.01910457 -0.003449576 -0.002687757 -0.01902125 -0.00345678 -0.00285879 -0.01918387 -0.003352 -0.003050469 -0.01928627 -0.003406371 -0.002917513 -0.01924634 -0.003433691 -0.002696337 -0.01910457 -0.003422927 -0.002773757 -0.01918387 -0.0033945 -0.00288012 -0.01924634 -0.003396075 -0.002632575 -0.01910457 -0.00338839 -0.002588799 -0.01902184 -0.003328154 -0.002940416 -0.01928627 -0.003394855 -0.002717311 -0.01918387 -0.003373634 -0.002599153 -0.01910457 -0.003363028 -0.002801069 -0.01924634 -0.003317395 -0.002906527 -0.01928627 -0.003358934 -0.002656421 -0.01918387 -0.003336931 -0.002748595 -0.01924634 -0.003312242 -0.002520505 -0.01910457 -0.003276092 -0.002455339 -0.01902217 -0.003337504 -0.002624506 -0.01918387 -0.003288872 -0.002834883 -0.01928627 -0.003303537 -0.002691989 -0.01924634 -0.003263381 -0.002468088 -0.01910457 -0.00326522 -0.002787325 -0.01928627 -0.003278877 -0.0025494 -0.01918387 -0.003283615 -0.002662319 -0.01924634 -0.003213296 -0.002421522 -0.01910457 -0.003150734 -0.002349386 -0.01902187 -0.003234955 -0.002736023 -0.01928627 -0.003232217 -0.002499344 -0.01918387 -0.003229113 -0.002592497 -0.01924634 -0.003216899 -0.002709132 -0.01928627 -0.003140273 -0.002364064 -0.01910457 -0.003184389 -0.002454876 -0.01918387 -0.003185736 -0.002545964 -0.01924634 -0.003101258 -0.002337646 -0.01910457 -0.003009741 -0.002265406 -0.01902098 -0.003167504 -0.002645853 -0.01928627 -0.003114655 -0.002400006 -0.01918387 -0.003141273 -0.002504624 -0.01924634 -0.003128191 -0.002603679 -0.01928627 -0.003077397 -0.002374778 -0.01918387 -0.003001806 -0.002281641 -0.01910457 -0.002978413 -0.002270588 -0.01910457 -0.002856926 -0.002205647 -0.01901952 -0.003076445 -0.002453614 -0.01924634 -0.003087894 -0.002566212 -0.01928627 -0.003041809 -0.002430161 -0.01924634 -0.002982425 -0.002321296 -0.01918387 -0.002960086 -0.002310741 -0.01918387 -0.00302914 -0.002519982 -0.01928627 -0.002851737 -0.002223038 -0.01910457 -0.002997749 -0.002498727 -0.01928627 -0.002953518 -0.002380442 -0.01924634 -0.002932751 -0.00237063 -0.01924634 -0.002839116 -0.002265333 -0.01918387 -0.002741022 -0.002196892 -0.01910457 -0.002744176 -0.002178928 -0.01901817 -0.002710496 -0.002192027 -0.01910457 -0.002571179 -0.002163715 -0.0190157 -0.002571179 -0.002182117 -0.01910457 -0.002917731 -0.002453666 -0.01928627 -0.002898909 -0.002444773 -0.01928627 -0.002820292 -0.002328416 -0.01924634 -0.002733388 -0.002240365 -0.01918387 -0.002704238 -0.002235719 -0.01918387 -0.002571179 -0.002226257 -0.01918388 -0.002796987 -0.002406515 -0.01928627 -0.002722003 -0.002305205 -0.01924634 -0.002694903 -0.002300886 -0.01924634 -0.002571179 -0.002292092 -0.01924635 -0.002707907 -0.002385478 -0.01928627 -0.002683347 -0.002381564 -0.01928627 -0.002619992 -0.0021149 -0.0180843 -0.002793544 -0.002129909 -0.01808182 -0.002906635 -0.002156576 -0.01808047 -0.003006933 -0.00219241 -0.01807947 -0.003178591 -0.002284964 -0.01807823 -0.003305599 -0.002386461 -0.01807784 -0.003397657 -0.002485928 -0.01807795 -0.003463469 -0.002577749 -0.01807836 -0.003548771 -0.002745419 -0.01807964 -0.00360109 -0.002926153 -0.01808165 0.002571179 -0.002163715 -0.0190157 0.002619992 -0.0021149 -0.0180843 0.002571179 -0.002182118 -0.01910457 0.002571179 -0.002226259 -0.01918388 0.002571179 -0.002292094 -0.01924635 0.002571179 -0.0023736 -0.01928628 0.003359927 -0.003162342 -0.01928627 0.00271013 -0.002191975 -0.01910457 0.002735254 -0.002177395 -0.01901806 0.002703889 -0.002235668 -0.01918387 0.002846913 -0.002221612 -0.01910457 0.002894882 -0.002217827 -0.01901992 0.002889009 -0.002234976 -0.01910457 0.002694579 -0.002300838 -0.01924634 0.002834509 -0.002263971 -0.01918387 0.002978077 -0.002270434 -0.01910457 0.003045732 -0.002283927 -0.01902125 0.00287471 -0.002276732 -0.01918387 0.002683053 -0.00238152 -0.01928627 0.002816009 -0.002327149 -0.01924634 0.003037153 -0.002299813 -0.01910457 0.002959765 -0.002310594 -0.01918387 0.002853382 -0.002339013 -0.01924634 0.003100947 -0.002337446 -0.01910457 0.003144685 -0.002345105 -0.01902184 0.002793106 -0.002405365 -0.01928627 0.00301618 -0.002338649 -0.01918387 0.003134332 -0.002359861 -0.01910457 0.002932453 -0.002370492 -0.01924634 0.002826977 -0.002416118 -0.01928627 0.003077101 -0.002374587 -0.01918387 0.002984899 -0.002396574 -0.01924634 0.003213017 -0.00242128 -0.01910457 0.003278141 -0.002457388 -0.01902217 0.003108981 -0.002395993 -0.01918387 0.00289864 -0.002444647 -0.01928627 0.003041533 -0.002429983 -0.01924634 0.003265393 -0.0024701 -0.01910457 0.002946172 -0.002468285 -0.01928627 0.003184122 -0.002454644 -0.01918387 0.003071171 -0.002449883 -0.01924634 0.003312 -0.002520225 -0.01910457 0.003384108 -0.002582749 -0.01902187 0.0029975 -0.002498564 -0.01928627 0.003234139 -0.002501266 -0.01918387 0.003141025 -0.002504408 -0.01924634 0.003024361 -0.002516599 -0.01928627 0.003369432 -0.002593211 -0.01910457 0.003278646 -0.002549132 -0.01918387 0.003187523 -0.002547749 -0.01924634 0.003395875 -0.002632263 -0.01910457 0.0034681 -0.00272375 -0.01902098 0.00308767 -0.002566016 -0.01928627 0.003333491 -0.002618831 -0.01918387 0.003228899 -0.002592248 -0.01924634 0.003129811 -0.002605296 -0.01928627 0.003358743 -0.002656124 -0.01918387 0.003451866 -0.002731685 -0.01910457 0.003462933 -0.002755108 -0.01910457 0.003527868 -0.002876575 -0.01901952 0.003279885 -0.002657043 -0.01924634 0.00316731 -0.002645626 -0.01928627 0.003303361 -0.002691712 -0.01924634 0.003412212 -0.002751067 -0.01918387 0.003422781 -0.002773435 -0.01918387 0.00321352 -0.00270435 -0.01928627 0.003510477 -0.002881764 -0.01910457 0.003234796 -0.002735771 -0.01928627 0.003353067 -0.002779976 -0.01924634 0.003362893 -0.00280077 -0.01924634 0.003468183 -0.002894386 -0.01918387 0.003536627 -0.002992487 -0.01910457 0.003554591 -0.002989332 -0.01901817 0.003541494 -0.003023025 -0.01910457 0.003569806 -0.003162342 -0.0190157 0.003551404 -0.003162342 -0.01910457 0.003279845 -0.002815765 -0.01928627 0.00328875 -0.002834611 -0.01928627 0.003405101 -0.002913211 -0.01924634 0.003493155 -0.003000121 -0.01918387 0.003497802 -0.003029284 -0.01918387 0.003507265 -0.003162342 -0.01918387 0.003327003 -0.002936517 -0.01928627 0.003428315 -0.003011507 -0.01924634 0.003432636 -0.003038618 -0.01924634 0.003441431 -0.003162342 -0.01924635 0.003348043 -0.003025604 -0.01928627 0.003351959 -0.003050174 -0.01928627 0.003618621 -0.003113529 -0.0180843 0.003603613 -0.002939977 -0.01808182 0.003576945 -0.002826886 -0.01808047 0.003541111 -0.002726588 -0.01807947 0.003448557 -0.00255493 -0.01807823 0.003347059 -0.002427922 -0.01807784 0.003247593 -0.002335864 -0.01807795 0.003155772 -0.002270052 -0.01807836 0.002988102 -0.00218475 -0.01807964 0.002807368 -0.002132431 -0.01808165 0.003618624 -0.00571627 -0.0180843 0.003569809 -0.005765082 -0.0190157 0.003551406 -0.005765083 -0.01910457 0.00350727 -0.005765083 -0.01918387 0.003441441 -0.005765083 -0.01924634 0.003359943 -0.005765083 -0.01928627 0.003584818 -0.005938635 -0.01901818 0.004366976 -0.00690541 -0.01926518 0.004172327 -0.006855126 -0.01926608 0.003989824 -0.00677168 -0.01926668 0.003898956 -0.006568369 -0.0191615 0.003841371 -0.00645069 -0.01902217 0.003940837 -0.006542747 -0.01902205 0.004032659 -0.00660856 -0.01902164 0.00404748 -0.006671281 -0.01916093 0.003824696 -0.006657503 -0.01926699 0.003770602 -0.006441066 -0.01916151 0.003739873 -0.006323682 -0.01902177 0.00368207 -0.006516052 -0.019267 0.003666497 -0.006293433 -0.01916097 0.00364732 -0.006152024 -0.01902053 0.003566558 -0.006351917 -0.0192667 0.003589594 -0.006129604 -0.01915988 0.003611486 -0.006051726 -0.01901953 0.003481484 -0.006169794 -0.01926611 0.003542147 -0.005953277 -0.01915826 0.003429359 -0.005973907 -0.01926522 0.004473785 -0.006765143 -0.01906114 0.004381062 -0.006746181 -0.01901835 0.004386874 -0.006792521 -0.01915819 0.004471895 -0.006866285 -0.01922984 0.004299789 -0.006740808 -0.01908969 0.004200329 -0.006693862 -0.01902036 0.004211654 -0.006746727 -0.01915982 0.004285258 -0.006822168 -0.01922001 0.004128382 -0.006677108 -0.01909127 0.004268889 -0.006956274 -0.01929171 0.00410656 -0.006758626 -0.01922111 0.00394187 -0.006664898 -0.01922179 0.003796062 -0.006543751 -0.01922202 0.00371725 -0.0066534 -0.01929214 0.00367373 -0.006398967 -0.01922181 0.003578587 -0.006234935 -0.01922115 0.003513349 -0.006055845 -0.01922006 0.003467517 -0.00586518 -0.01922987 0.004453169 -0.006701215 -0.01808194 0.004293535 -0.006660779 -0.01808008 0.004142679 -0.006594674 -0.01807875 0.004043723 -0.006533491 -0.01807816 0.003910265 -0.006421199 -0.01807783 0.003804306 -0.00629584 -0.01807813 0.003720321 -0.006154843 -0.01807902 0.003660559 -0.006002025 -0.01808048 0.003633838 -0.005889272 -0.01808183 0.003828504 -0.00571627 -0.01781373 0.004505057 -0.006497045 -0.01781373 0.004493498 -0.006577723 -0.01785366 0.004395045 -0.006473164 -0.01781373 0.004361443 -0.006462489 -0.01781373 0.004484162 -0.006642889 -0.01791613 0.004372113 -0.006551372 -0.01785366 0.004289556 -0.006433856 -0.01781373 0.004335037 -0.006539594 -0.01785366 0.004477902 -0.00668658 -0.01799543 0.004242244 -0.006410317 -0.01781373 0.00435359 -0.006614543 -0.01791613 0.004255718 -0.006508 -0.01785366 0.004313708 -0.006601874 -0.01791613 0.004190741 -0.006379924 -0.01781373 0.004203515 -0.006482028 -0.01785366 0.00434117 -0.006656898 -0.01799543 0.004164053 -0.006361999 -0.01781373 0.004228386 -0.00656789 -0.01791613 0.004299407 -0.006643631 -0.01799543 0.004146688 -0.006448493 -0.01785366 0.004172232 -0.006539952 -0.01791613 0.004100615 -0.006312468 -0.01781373 0.00411724 -0.006428715 -0.01785366 0.004210061 -0.006608044 -0.01799543 0.004111104 -0.00650388 -0.01791613 0.0040586 -0.006273295 -0.01781373 0.004151258 -0.006578788 -0.01799543 0.004047244 -0.006374063 -0.01785366 0.004079428 -0.006482605 -0.01791613 0.004021015 -0.006232862 -0.01781373 0.004087246 -0.006541014 -0.01799543 0.004000886 -0.006330841 -0.01785366 0.004004134 -0.006423817 -0.01791613 0.004054077 -0.006518735 -0.01799543 0.003974899 -0.006174243 -0.01781373 0.003959415 -0.006286228 -0.01785366 0.003954269 -0.006377323 -0.01791613 0.003953565 -0.006142731 -0.01781373 0.003975231 -0.006457174 -0.01799543 0.003908532 -0.006221549 -0.01785366 0.003909659 -0.006329334 -0.01791613 0.003923013 -0.006408487 -0.01799543 0.003884993 -0.006186779 -0.01785366 0.003908579 -0.006062831 -0.01781373 0.003899641 -0.006043912 -0.01781373 0.003854925 -0.00625976 -0.01791613 0.003876299 -0.006358235 -0.01799543 0.003829604 -0.006222359 -0.01791613 0.003835356 -0.006098619 -0.01785366 0.003825494 -0.006077744 -0.01785366 0.003818983 -0.006285378 -0.01799543 0.003861425 -0.005942084 -0.01781373 0.003792468 -0.006246213 -0.01799543 0.003776211 -0.006127527 -0.01791613 0.003765602 -0.006105072 -0.01791613 0.003783327 -0.005965389 -0.01785366 0.003840387 -0.005853002 -0.01781373 0.003836468 -0.005828405 -0.01781373 0.003747 -0.00571627 -0.01785365 0.003736556 -0.006146908 -0.01799543 0.003725447 -0.006123394 -0.01799543 0.003720244 -0.005984214 -0.01791613 0.003760115 -0.005867098 -0.01785366 0.00375579 -0.005839959 -0.01785366 0.003681166 -0.00571627 -0.01791613 0.00367795 -0.005996835 -0.01799543 0.003695275 -0.005878484 -0.01791613 0.003690623 -0.00584929 -0.01791613 0.003637026 -0.00571627 -0.01799543 0.003651803 -0.005886117 -0.01799543 0.003646931 -0.005855547 -0.01799543 0.003828488 -0.003113529 -0.01781373 0.00374699 -0.003113529 -0.01785366 0.00368116 -0.003113529 -0.01791613 0.003637024 -0.003113529 -0.01799543 0.002619992 -0.001905033 -0.01781373 0.002821323 -0.001973178 -0.01783482 0.003016101 -0.002023483 -0.01783392 0.003198705 -0.002106985 -0.01783332 0.003363919 -0.00222126 -0.01783301 0.00328964 -0.00231038 -0.0179385 0.003141038 -0.00220738 -0.01793907 0.003506594 -0.002362834 -0.017833 0.003418038 -0.002437793 -0.01793849 0.003622115 -0.00252711 -0.0178333 0.003522151 -0.002585552 -0.01793903 0.003707155 -0.002709387 -0.01783389 0.003599025 -0.002749519 -0.01794012 0.003759179 -0.002905325 -0.01783478 0.003646382 -0.002925894 -0.01794175 0.002716472 -0.002012321 -0.01787016 0.002619992 -0.001986531 -0.01785366 0.002619992 -0.002052361 -0.01791613 0.002801438 -0.00208607 -0.01794181 0.002919472 -0.001922321 -0.01780829 0.002714645 -0.002113469 -0.01803886 0.002619992 -0.002096497 -0.01799543 0.002903111 -0.002056426 -0.01787999 0.002976774 -0.002131883 -0.01794018 0.00288864 -0.002137803 -0.01801031 0.003081918 -0.002120007 -0.01787889 0.003060092 -0.002201525 -0.01800873 0.003246697 -0.002213807 -0.01787821 0.003471272 -0.002225299 -0.01780786 0.00339257 -0.002335059 -0.01787798 0.00351493 -0.002479969 -0.01787819 0.003610061 -0.00264414 -0.01787885 0.003675233 -0.00282333 -0.01787994 0.003720938 -0.003013732 -0.01787013 -0.002619992 -0.001905033 -0.01781373 -0.002619992 -0.001986531 -0.01785366 -0.002619992 -0.002052361 -0.01791613 -0.002619992 -0.002096497 -0.01799543 -0.003828488 -0.003113529 -0.01781373 -0.003760343 -0.002912198 -0.01783482 -0.003710038 -0.00271742 -0.01783392 -0.003626536 -0.002534816 -0.01783332 -0.003512261 -0.002369602 -0.01783301 -0.003423141 -0.002443881 -0.0179385 -0.003526141 -0.002592483 -0.01793907 -0.003370687 -0.002226927 -0.017833 -0.003295728 -0.002315483 -0.01793849 -0.003206411 -0.002111407 -0.0178333 -0.003147969 -0.00221137 -0.01793903 -0.003024134 -0.002026366 -0.01783389 -0.002984002 -0.002134496 -0.01794012 -0.002828196 -0.001974342 -0.01783478 -0.002807627 -0.002087139 -0.01794175 -0.0037212 -0.003017049 -0.01787016 -0.00374699 -0.003113529 -0.01785366 -0.00368116 -0.003113529 -0.01791613 -0.003647451 -0.002932083 -0.01794181 -0.0038112 -0.002814048 -0.01780829 -0.003620052 -0.003018876 -0.01803886 -0.003637025 -0.003113529 -0.01799543 -0.003677095 -0.00283041 -0.01787999 -0.003601638 -0.002756747 -0.01794018 -0.003595718 -0.002844881 -0.01801031 -0.003613514 -0.002651603 -0.01787889 -0.003531996 -0.002673429 -0.01800873 -0.003519714 -0.002486824 -0.01787821 -0.003508222 -0.002262248 -0.01780786 -0.003398462 -0.002340952 -0.01787798 -0.003253552 -0.002218591 -0.01787819 -0.003089381 -0.00212346 -0.01787885 -0.002910191 -0.002058288 -0.01787994 -0.002719789 -0.002012583 -0.01787013 -0.00382851 -0.00571627 -0.01781372 -0.003747004 -0.00571627 -0.01785365 -0.003681168 -0.00571627 -0.01791612 -0.003637027 -0.00571627 -0.01799543 -0.004617251 -0.006505017 -0.01781373 -0.003836446 -0.005828218 -0.01781373 -0.003755764 -0.005839752 -0.01785365 -0.003860301 -0.005938261 -0.01781373 -0.003871042 -0.005972089 -0.01781373 -0.003690593 -0.005849069 -0.01791613 -0.003782084 -0.005961172 -0.01785365 -0.003899588 -0.006043783 -0.01781373 -0.003793935 -0.005998497 -0.01785365 -0.003646898 -0.005855315 -0.01799543 -0.003718905 -0.005979678 -0.01791613 -0.003923218 -0.006091292 -0.01781373 -0.003825433 -0.006077603 -0.01785365 -0.003731653 -0.006019827 -0.01791613 -0.003953508 -0.006142632 -0.01781373 -0.003676546 -0.005992085 -0.01799543 -0.003851506 -0.006130023 -0.01785365 -0.003971541 -0.006169485 -0.01781373 -0.003765535 -0.006104921 -0.01791613 -0.003689896 -0.006034129 -0.01799543 -0.003884928 -0.006186671 -0.01785365 -0.003793581 -0.006161309 -0.01791613 -0.00402096 -0.006232791 -0.01781373 -0.003904824 -0.0062163 -0.01785365 -0.003725376 -0.006123237 -0.01799543 -0.003829532 -0.006222244 -0.01791613 -0.004060252 -0.006274939 -0.01781373 -0.003754745 -0.006182284 -0.01799543 -0.003959353 -0.006286151 -0.01785365 -0.003850935 -0.006254116 -0.01791613 -0.004100569 -0.006312421 -0.01781373 -0.003792392 -0.006246094 -0.01799543 -0.004002707 -0.006332656 -0.01785365 -0.003909591 -0.006329253 -0.01791613 -0.003814804 -0.006279469 -0.01799543 -0.004159301 -0.006358632 -0.01781373 -0.004047192 -0.006374014 -0.01785365 -0.003956226 -0.006379277 -0.01791613 -0.00419071 -0.006379898 -0.01781373 -0.003876227 -0.00635815 -0.01799543 -0.004111997 -0.006425002 -0.01785365 -0.004004077 -0.006423765 -0.01791613 -0.003925062 -0.006410535 -0.01799543 -0.004146652 -0.006448466 -0.01785365 -0.004270708 -0.006424945 -0.01781373 -0.004289544 -0.006433844 -0.01781373 -0.004073786 -0.006478612 -0.01791613 -0.003975171 -0.006457121 -0.01799543 -0.004111065 -0.006503852 -0.01791613 -0.004234921 -0.006498171 -0.01785365 -0.004255704 -0.00650799 -0.01785365 -0.004048168 -0.006514555 -0.01799543 -0.004391449 -0.006472094 -0.01781373 -0.004087205 -0.006540986 -0.01799543 -0.004206014 -0.006557318 -0.01791613 -0.00422837 -0.006567881 -0.01791613 -0.004368145 -0.006550194 -0.01785365 -0.004480527 -0.006493129 -0.01781373 -0.004505092 -0.006497044 -0.01781373 -0.004617251 -0.006586521 -0.01785365 -0.004186633 -0.006596975 -0.01799543 -0.004210044 -0.006608035 -0.01799543 -0.004349321 -0.006613279 -0.01791613 -0.004466432 -0.006573404 -0.01785365 -0.004493536 -0.006577724 -0.01785365 -0.004617251 -0.006652355 -0.01791612 -0.0043367 -0.006655575 -0.01799543 -0.004455046 -0.006638246 -0.01791613 -0.004484202 -0.006642892 -0.01791613 -0.004617251 -0.006696495 -0.01799543 -0.004447412 -0.006681719 -0.01799543 -0.004477944 -0.006686585 -0.01799543 -0.004538363 -0.001776537 -0.01573478 -0.004538363 -0.001841422 -0.01569142 -0.004538363 -0.001884776 -0.01562654 -0.004538363 -0.0019 -0.01555 -0.004027267 -0.002173621 -0.01569176 -0.004401139 -0.001919189 -0.01555095 -0.004067394 -0.002020871 -0.01572575 -0.004127885 -0.002069584 -0.01565014 -0.004090002 -0.002178464 -0.01555309 -0.004168013 -0.002063972 -0.01555256 -0.004197083 -0.001901745 -0.0157254 -0.004240804 -0.001965597 -0.0156495 -0.004274451 -0.00197528 -0.01555182 -0.004355454 -0.001825291 -0.01572496 -0.004378812 -0.001898708 -0.01564872 -0.004090002 -0.002182171 -0.01544696 -0.004158633 -0.00218716 -0.01530407 -0.003611524 -0.002189048 -0.01525 -0.003580832 -0.002195304 -0.01507085 -0.003541281 -0.002201499 -0.01489345 -0.003492936 -0.002207618 -0.01471823 -0.003435917 -0.002213645 -0.01454564 -0.003370366 -0.002219565 -0.01437611 -0.003296445 -0.002225364 -0.01421004 -0.003214338 -0.002231028 -0.01404787 -0.003124249 -0.002236541 -0.01388998 -0.003026402 -0.002241891 -0.01373677 -0.002808423 -0.002252048 -0.01344591 -0.002688832 -0.00225683 -0.01330898 -0.002921039 -0.002247064 -0.01358863 -0.002562565 -0.002261398 -0.01317817 -0.00184258 -0.002280652 -0.01262679 -0.001997226 -0.002277312 -0.01272244 -0.002146913 -0.002273707 -0.01282566 -0.002291268 -0.002269847 -0.01293622 -0.002429934 -0.00226574 -0.01305382 -0.001683358 -0.002283719 -0.01253896 -0.001519955 -0.002286506 -0.01245917 -0.001352778 -0.002289005 -0.01238761 -0.001182242 -0.00229121 -0.01232447 -0.00100877 -0.002293115 -0.01226989 -0.0006547473 -0.002296011 -0.01218696 -0.0008327927 -0.002294717 -0.01222402 -0.0002942246 -0.002297663 -0.01213965 -0.0001126427 -0.002298017 -0.01212952 -0.0004750759 -0.002296994 -0.01215882 0.003643723 -0.002177932 -0.01556834 0.0002509091 -0.002297777 -0.0121364 6.92191e-05 -0.002298055 -0.01212843 0.0004319761 -0.002297183 -0.01215341 0.003572256 -0.002196793 -0.01502823 0.003628893 -0.002184257 -0.01538719 0.003605051 -0.00219055 -0.015207 0.003530591 -0.002202971 -0.01485131 0.0009669575 -0.002293527 -0.01225812 0.0007904454 -0.002295055 -0.01221434 0.0006119705 -0.002296275 -0.01217941 0.001141069 -0.002291693 -0.01231062 0.001312346 -0.002289559 -0.01237173 0.003353515 -0.002220964 -0.01433604 0.003480159 -0.002209069 -0.01467668 0.003421085 -0.002215071 -0.01450478 0.001480365 -0.00228713 -0.01244129 0.001644708 -0.002284412 -0.01251913 0.003193583 -0.002232361 -0.01400968 0.003277619 -0.002226732 -0.01417087 0.003101616 -0.002237836 -0.01385288 0.001960743 -0.002278136 -0.01269885 0.002111651 -0.002274594 -0.01280029 0.001804966 -0.002281411 -0.01260506 0.002257315 -0.002270793 -0.01290911 0.002780514 -0.002253211 -0.01341261 0.003001948 -0.002243145 -0.01370085 0.002894825 -0.002248274 -0.01355397 0.002397373 -0.002266745 -0.01302505 0.002659298 -0.002257942 -0.01327711 0.002531479 -0.002262458 -0.01314782 -0.004326734 -0.002189048 -0.01525 -0.00454007 -0.0021 -0.01525 -0.004461879 -0.002110365 -0.01525 -0.004389091 -0.002140748 -0.01525 -0.004031784 -0.002413643 -0.01525 -0.003919327 -0.00229319 -0.01525 -0.004083956 -0.002517447 -0.01525 -0.003774132 -0.002215704 -0.01525 -0.004114016 -0.00268706 -0.01525 -0.004394345 -0.006 -0.01525 -0.0042427 -0.006020194 -0.01525 -0.004114058 -0.006081611 -0.01525 -0.00454007 -0.001900002 -0.01545 -0.004540069 -0.001915224 -0.01537346 -0.004540069 -0.001958579 -0.01530858 -0.004540069 -0.002023464 -0.01526522 -0.004167736 -0.002066273 -0.01544748 -0.004401889 -0.001919473 -0.01544907 -0.004275609 -0.001974909 -0.01551938 -0.004274471 -0.001976375 -0.0154482 -0.004179059 -0.002076424 -0.01537346 -0.004195364 -0.002059109 -0.01537346 -0.004211341 -0.002105363 -0.01530858 -0.004226188 -0.002089597 -0.01530858 -0.004282551 -0.001989264 -0.01537346 -0.004259654 -0.002148674 -0.01526522 -0.004272318 -0.002135226 -0.01526522 -0.004305578 -0.002025998 -0.01530858 -0.004406095 -0.0019341 -0.01537346 -0.004340041 -0.002080973 -0.01526522 -0.004418075 -0.001975767 -0.01530858 -0.004436003 -0.002038125 -0.01526522 0.003807496 -0.002202824 -0.01561893 0.003804611 -0.002204877 -0.01556014 0.003800792 -0.002206941 -0.01550104 0.003921049 -0.002258523 -0.01561618 0.003951629 -0.002280368 -0.01561568 0.003918079 -0.002260637 -0.01555564 0.003992137 -0.002315274 -0.01561522 0.003948636 -0.002282498 -0.01555467 0.003914145 -0.002262763 -0.01549478 0.003789126 -0.002211482 -0.01537099 0.004031102 -0.002357188 -0.01561508 0.003989113 -0.002317426 -0.01555359 0.003944672 -0.00228464 -0.01549333 0.003782915 -0.00221338 -0.01531666 0.00406348 -0.002400911 -0.01561527 0.004028048 -0.002359361 -0.01555284 0.003985109 -0.00231959 -0.01549162 0.003902131 -0.002267439 -0.01536085 0.004060402 -0.002403102 -0.01555253 0.004024004 -0.002361546 -0.01549027 0.003932564 -0.002289353 -0.01535836 0.004106885 -0.002482092 -0.01561631 0.003895736 -0.002269393 -0.0153049 0.004056326 -0.002405305 -0.01548946 0.003764231 -0.002218052 -0.01518285 0.003972877 -0.002324351 -0.01535527 0.003926118 -0.002291322 -0.01530197 0.004103774 -0.002484306 -0.0155529 0.004131676 -0.00255687 -0.0156179 0.003756089 -0.00221978 -0.01513337 0.003966365 -0.002326341 -0.0152983 0.004011653 -0.002366354 -0.01535258 0.004099654 -0.002486532 -0.01548915 0.004128547 -0.002559098 -0.0155541 0.003876494 -0.002274205 -0.0151671 0.004043876 -0.002410151 -0.01535066 0.004005078 -0.002368363 -0.01529506 0.004145881 -0.002659409 -0.01562089 0.004146256 -0.002675675 -0.01562144 0.003906727 -0.002296172 -0.01516309 0.004124402 -0.002561337 -0.01548997 0.003868109 -0.002275985 -0.01511614 0.004037248 -0.002412176 -0.01529268 0.003729988 -0.002224571 -0.01499618 0.004142741 -0.002661644 -0.01555688 0.004138911 -0.002679629 -0.01549305 0.003898277 -0.002297966 -0.01511174 0.003946774 -0.00233124 -0.015158 0.00408707 -0.002491431 -0.01534888 0.003720376 -0.002226128 -0.0149516 0.003938238 -0.002333052 -0.01510612 0.004138582 -0.002663892 -0.01549253 0.003985296 -0.00237331 -0.01515339 0.004080371 -0.002493477 -0.01529027 0.004111742 -0.002566265 -0.01534885 0.00384123 -0.002280918 -0.01497486 0.003976676 -0.002375139 -0.015101 0.004017307 -0.002417163 -0.01514987 0.003871188 -0.002302937 -0.01496936 0.004105003 -0.002568324 -0.01528989 0.003831331 -0.002282521 -0.01492895 0.004008618 -0.002419007 -0.01509706 0.003686484 -0.002231022 -0.01481145 0.003861212 -0.002304553 -0.01492309 0.004125879 -0.002668836 -0.01535092 0.004119398 -0.0026858 -0.01529224 0.003910872 -0.002338075 -0.01496228 0.004060218 -0.002498517 -0.01514594 0.003900793 -0.002339707 -0.01491553 0.004119116 -0.002670902 -0.01529176 0.003949043 -0.002380211 -0.01495576 0.004051436 -0.002500381 -0.01509257 0.004084728 -0.002573395 -0.01514469 0.003938866 -0.00238186 -0.01490856 0.003796428 -0.002287562 -0.01478462 0.003980762 -0.00242412 -0.01495065 0.004075892 -0.00257527 -0.01509099 0.003826036 -0.002309633 -0.01477763 0.003970504 -0.002425781 -0.01490307 0.003633825 -0.002237389 -0.01462911 0.004098772 -0.00267599 -0.01514606 0.004090137 -0.002691927 -0.01509263 0.003865257 -0.002344839 -0.01476859 0.004023283 -0.002505548 -0.0149446 0.004089906 -0.002677872 -0.01509218 0.004012915 -0.002507227 -0.01489651 0.003902983 -0.002387041 -0.01476018 0.00404757 -0.002580468 -0.01494213 0.003742198 -0.002294119 -0.01459685 0.003934333 -0.002431005 -0.0147535 0.004037139 -0.002582158 -0.01489375 0.003771384 -0.002316241 -0.0145884 0.003572142 -0.002243657 -0.01444962 0.004061486 -0.002683088 -0.0149428 0.004051175 -0.002698003 -0.01489468 0.003810044 -0.002351515 -0.01457741 0.003976357 -0.002512506 -0.01474534 0.00405102 -0.002684783 -0.01489425 0.003847231 -0.002393782 -0.01456713 0.004000361 -0.002587468 -0.01474167 0.003678676 -0.002300574 -0.014412 0.003878133 -0.0024378 -0.01455891 0.003707366 -0.002322746 -0.01440211 0.003501589 -0.00224981 -0.01427343 0.004014115 -0.002690113 -0.01474165 0.004002628 -0.002704015 -0.01469886 0.00374537 -0.002358086 -0.01438922 0.003919558 -0.002519374 -0.01454866 0.003781926 -0.002400418 -0.0143771 0.003943218 -0.002594378 -0.01454381 0.003944623 -0.002709947 -0.01450564 0.003606019 -0.00230691 -0.01423055 0.003812304 -0.002444489 -0.01436735 0.003634142 -0.002329132 -0.01421925 0.003422341 -0.002255832 -0.01410096 0.003671396 -0.002364538 -0.01420448 0.003853025 -0.002526135 -0.01435506 0.00370723 -0.002406933 -0.01419056 0.003876284 -0.002601179 -0.01434903 0.003877298 -0.002715785 -0.01431548 0.003524407 -0.002313112 -0.01405295 0.003737007 -0.002451056 -0.01417931 0.003551894 -0.002335382 -0.01404025 0.003334594 -0.002261709 -0.01393266 0.003588305 -0.002370852 -0.01402365 0.003776924 -0.002532772 -0.01416501 0.003623327 -0.002413309 -0.01400797 0.003799724 -0.002607856 -0.01415784 0.003800822 -0.002721516 -0.01412881 0.003434044 -0.002319165 -0.01387962 0.003652431 -0.002457483 -0.01399525 0.003460826 -0.002341482 -0.01386558 0.003238567 -0.002267427 -0.01376893 0.003496303 -0.002377014 -0.01384718 0.003691444 -0.002539268 -0.01397899 0.003530428 -0.002419531 -0.01382978 0.003713728 -0.002614391 -0.01397069 0.00371537 -0.002727126 -0.01394607 0.003335153 -0.002325052 -0.01371101 0.003558785 -0.002463756 -0.01381563 0.003361164 -0.002347416 -0.01369565 0.003134498 -0.00227297 -0.01361019 0.003395619 -0.002383009 -0.01367552 0.003596798 -0.002545607 -0.01379745 0.003428761 -0.002425584 -0.01365644 0.00361851 -0.002620769 -0.01378806 0.003621132 -0.002732601 -0.01376772 0.00322798 -0.002330761 -0.01354754 0.003456302 -0.002469857 -0.0136409 0.003253155 -0.002353169 -0.0135309 0.003022645 -0.002278326 -0.01345683 0.003286503 -0.002388821 -0.01350908 0.00349322 -0.002551774 -0.01362085 0.00331858 -0.002431453 -0.01348837 0.003514307 -0.002626973 -0.01361039 0.003518342 -0.002737931 -0.01359415 0.003112791 -0.002336277 -0.0133896 0.003345236 -0.002475774 -0.01347148 0.003137068 -0.002358727 -0.01337173 0.002903292 -0.00228348 -0.01330923 0.003169226 -0.002394437 -0.01334828 0.003380968 -0.002557754 -0.01344962 0.003200158 -0.002437124 -0.013326 0.003401377 -0.002632989 -0.01343813 0.003407243 -0.0027431 -0.01342578 0.002989878 -0.002341584 -0.0132376 0.003225863 -0.002481489 -0.01330781 0.003013196 -0.002364077 -0.01321855 0.00277987 -0.002288304 -0.0131711 0.003044085 -0.002399841 -0.01319352 0.00326032 -0.00256353 -0.0132842 0.003073796 -0.00244258 -0.01316974 0.003280001 -0.0026388 -0.01327171 0.002862775 -0.002346552 -0.01309535 0.003098485 -0.00248699 -0.01315028 0.002885102 -0.002369083 -0.01307519 0.002649879 -0.002292912 -0.01303913 0.003291278 -0.002741621 -0.01326664 0.00328809 -0.002748097 -0.01326302 0.002914677 -0.002404898 -0.01304869 0.003131582 -0.00256909 -0.013125 0.002943125 -0.002447687 -0.01302349 0.003150486 -0.002644393 -0.01311154 0.002728908 -0.002351298 -0.01295945 0.002966765 -0.002492138 -0.01300287 0.002750191 -0.002373866 -0.01293823 0.002513629 -0.002297294 -0.01291364 0.002778383 -0.00240973 -0.01291032 0.003161317 -0.002747233 -0.01310592 0.003026797 -0.00275753 -0.01295581 0.003161176 -0.002752911 -0.01310624 0.002998454 -0.002574293 -0.012976 0.002805501 -0.002452566 -0.01288378 0.003016555 -0.002649628 -0.01296165 0.002588594 -0.002355811 -0.01283021 0.002828035 -0.002497056 -0.01286203 0.002608783 -0.002378414 -0.01280798 0.002371444 -0.00230144 -0.01279492 0.002635525 -0.002414325 -0.01277875 0.003026926 -0.002752486 -0.01295551 0.002885264 -0.002761943 -0.0128121 0.002858243 -0.002579263 -0.01283366 0.002661249 -0.002457206 -0.01275092 0.002875496 -0.002654629 -0.01281845 0.002442168 -0.00236008 -0.01270795 0.002682624 -0.002501733 -0.0127281 0.002461215 -0.002382717 -0.01268477 0.002223659 -0.00230534 -0.01268326 0.002486444 -0.002418672 -0.01265427 0.002885383 -0.002757504 -0.01281182 0.00273692 -0.002766139 -0.01267543 0.002711279 -0.00258399 -0.0126983 0.002510713 -0.002461595 -0.01262523 0.002727646 -0.002659384 -0.01268227 0.002289976 -0.002364096 -0.01259296 0.002530879 -0.002506157 -0.0126014 0.002307835 -0.002386764 -0.01256888 0.002070625 -0.002308984 -0.01257891 0.002331493 -0.00242276 -0.01253719 0.002737023 -0.002762275 -0.01267517 0.002582117 -0.00277011 -0.01254613 0.002557913 -0.002588462 -0.01257025 0.002354249 -0.002465724 -0.012507 0.002573354 -0.002663882 -0.01255345 0.002132378 -0.002367848 -0.01248549 0.002373158 -0.002510319 -0.01248223 0.002149008 -0.002390546 -0.01246058 0.001912705 -0.002312363 -0.01248212 0.002171037 -0.002426581 -0.01242778 0.002582201 -0.002766789 -0.01254591 0.002421212 -0.002773844 -0.01242451 0.002398507 -0.002592668 -0.0124498 0.002192227 -0.002469582 -0.01239652 0.002412986 -0.002668114 -0.01243227 0.001969749 -0.002371329 -0.01238582 0.002209836 -0.002514208 -0.01237086 0.001985111 -0.002394053 -0.01236012 0.001750274 -0.002315471 -0.01239312 0.00200546 -0.002430125 -0.0123263 0.002421282 -0.002771035 -0.01242432 0.002254594 -0.002777334 -0.01231085 0.00223344 -0.002596598 -0.01233724 0.002025033 -0.00247316 -0.01229405 0.002246922 -0.002672068 -0.01231904 0.001802473 -0.00237453 -0.01229416 0.002041299 -0.002517815 -0.01226756 0.00181653 -0.002397279 -0.01226775 0.001583715 -0.0023183 -0.01231211 0.001835151 -0.002433383 -0.01223298 0.002254647 -0.002775003 -0.01231069 0.002082657 -0.002780573 -0.01220543 0.002063103 -0.002600244 -0.01223285 0.001853063 -0.00247645 -0.01219982 0.002075557 -0.002675736 -0.01221401 0.001630947 -0.002377443 -0.01221074 0.001867947 -0.002521132 -0.01217258 0.001643667 -0.002400215 -0.01218368 0.001413426 -0.002320843 -0.0122393 0.001660515 -0.002436349 -0.01214805 0.002082693 -0.002778683 -0.0122053 0.001905802 -0.002783553 -0.01210848 0.001887899 -0.002603597 -0.01213685 0.001370291 -0.002321433 -0.01222239 0.001676722 -0.002479445 -0.01211406 0.001899295 -0.002679108 -0.01211743 0.001455579 -0.002380061 -0.01213576 0.00169019 -0.002524151 -0.01208613 0.001466931 -0.002402854 -0.01210811 0.001411158 -0.00238067 -0.01211834 0.001237619 -0.00232312 -0.01217409 0.001422163 -0.002403467 -0.01209056 0.001481968 -0.002439015 -0.0120717 0.001905825 -0.002782068 -0.01210839 0.001724452 -0.002786264 -0.01202025 0.001708244 -0.002606648 -0.01204947 0.001191451 -0.002323662 -0.01215858 0.001436741 -0.002439635 -0.01205397 0.001496432 -0.002482137 -0.01203697 0.001718555 -0.002682178 -0.01202953 0.001274529 -0.002382406 -0.01206861 0.001450764 -0.002482763 -0.01201906 0.001508452 -0.002526865 -0.01200842 0.001284469 -0.002405217 -0.01204044 0.001226983 -0.002382964 -0.01205263 0.001462417 -0.002527495 -0.01199037 0.001056573 -0.002325115 -0.01211696 0.001236552 -0.002405779 -0.01202434 0.001297636 -0.002441403 -0.01200333 0.001724464 -0.002785148 -0.01202019 0.001539039 -0.002788699 -0.01194093 0.001524564 -0.00260939 -0.01197093 0.001009652 -0.002325576 -0.01210375 0.001249228 -0.002441971 -0.01198707 0.001310301 -0.002484548 -0.01196793 0.001478037 -0.002610027 -0.01195269 0.001533767 -0.002684937 -0.01195051 0.001088083 -0.002384461 -0.01200977 0.001261421 -0.002485122 -0.01195151 0.001320825 -0.002529295 -0.01193883 0.001486959 -0.002685578 -0.01193216 0.001096569 -0.002407288 -0.01198114 0.001039763 -0.002384936 -0.01199617 0.001271552 -0.002529873 -0.01192227 0.0008729141 -0.002326793 -0.01206891 0.001047871 -0.002407766 -0.01196744 0.00153904 -0.002787916 -0.0119409 0.00110781 -0.002443495 -0.01194343 0.001334933 -0.002611846 -0.0119006 0.0008253459 -0.002327172 -0.01205805 0.001492072 -0.00278856 -0.01192248 0.001347612 -0.002790875 -0.01186991 0.001058613 -0.002443978 -0.01192958 0.001118622 -0.00248666 -0.01190745 0.001285134 -0.002612431 -0.01188387 0.001342991 -0.002687408 -0.01187976 0.0008989466 -0.002386189 -0.01196029 0.001068945 -0.002487149 -0.01189346 0.001127607 -0.002531424 -0.01187786 0.001292892 -0.002687996 -0.01186292 0.0009059573 -0.002409029 -0.01193128 0.0008499599 -0.00238658 -0.0119491 0.0007013695 -0.002328057 -0.01203271 0.001077531 -0.002531916 -0.01186376 0.001347609 -0.002790396 -0.0118699 0.0008565884 -0.002409423 -0.01192 0.0009152439 -0.002445254 -0.01189305 0.001139651 -0.002613998 -0.01183898 0.0006389905 -0.002328446 -0.01202157 0.001297337 -0.002790986 -0.011853 0.001150479 -0.002792783 -0.01180767 0.000865369 -0.002445652 -0.01188166 0.0009241767 -0.002488437 -0.01185658 0.00108904 -0.002614496 -0.01182473 0.000584033 -0.002328758 -0.01201265 0.00114653 -0.002689573 -0.01181776 0.0007222859 -0.002387491 -0.01192301 0.0008738149 -0.002488838 -0.01184507 0.0009315996 -0.002533215 -0.01182658 0.0007279187 -0.002410341 -0.01189371 0.001095614 -0.002690073 -0.01180343 0.0006580465 -0.002387891 -0.01191154 0.0008808334 -0.00253362 -0.01181498 0.0007504002 -0.002551021 -0.01177848 0.0008521931 -0.002616505 -0.01176718 0.0007353803 -0.002446579 -0.0118551 0.001150472 -0.002792568 -0.01180769 0.0006631784 -0.002410745 -0.01188215 0.0009415502 -0.002615808 -0.01178715 0.00060145 -0.002388212 -0.01190235 0.0004510483 -0.002329394 -0.01199443 0.0007425575 -0.002489775 -0.01181825 0.001099381 -0.002793071 -0.01179331 0.0009505002 -0.002794399 -0.01175533 0.0006699762 -0.002446987 -0.01184342 0.0006061404 -0.002411068 -0.01187288 0.0008902417 -0.002616217 -0.01177543 0.0009193342 -0.002691619 -0.01175916 0.0009472337 -0.002691394 -0.01176562 0.0007485216 -0.002534564 -0.01178794 0.0006765151 -0.002490187 -0.01180646 0.0006192576 -0.002498162 -0.01179129 0.0006123536 -0.002447314 -0.01183406 0.0004644992 -0.002388868 -0.01188358 0.00061833 -0.002490517 -0.01179701 0.0004628602 -0.002458572 -0.01180372 0.0004681216 -0.002411729 -0.01185397 0.0002842124 -0.0024322 -0.01181379 0.0002722481 -0.002329989 -0.01197739 0.0004729199 -0.002447981 -0.01181495 0.0002803664 -0.00238948 -0.01186604 0.0002825526 -0.002412346 -0.01183629 8.477756e-05 -0.002419149 -0.01181944 8.152581e-05 -0.002330298 -0.01196853 8.395603e-05 -0.002389799 -0.01185691 8.461048e-05 -0.002412667 -0.0118271 -0.000111044 -0.002330272 -0.01196928 -0.0001143569 -0.002389772 -0.01185768 -0.0002662966 -0.002330003 -0.01197697 -0.0001152491 -0.00241264 -0.01182787 -0.0001155164 -0.002420195 -0.01181897 -0.0003864091 -0.002329643 -0.01198729 -0.0002742399 -0.002389495 -0.01186561 -0.000276379 -0.002412361 -0.01183586 -0.0002779519 -0.002431545 -0.01181406 -0.0004960548 -0.002329197 -0.01200007 -0.0003979346 -0.002389124 -0.01187624 -0.0004010384 -0.002411987 -0.01184657 -0.0004051498 -0.002448243 -0.01180748 -0.0005618286 -0.002328875 -0.01200928 -0.0005108503 -0.002388665 -0.01188939 -0.0005148348 -0.002411524 -0.01185983 -0.0005785858 -0.002388333 -0.01189888 -0.0006836596 -0.002328171 -0.01202946 -0.0005201128 -0.002447775 -0.01182087 -0.0005948265 -0.002490641 -0.01179345 -0.0005830986 -0.00241119 -0.01186939 -0.0005890764 -0.002447437 -0.01183053 -0.0007040502 -0.002387608 -0.01191966 -0.000809437 -0.002327293 -0.01205457 -0.0007095416 -0.002410459 -0.01189033 -0.0008695667 -0.002326819 -0.01206815 -0.0007168155 -0.002446699 -0.01185168 -0.0008335789 -0.002386705 -0.01194552 -0.0007238123 -0.002489896 -0.0118148 -0.0007579776 -0.002554928 -0.01177769 -0.0008400803 -0.002409549 -0.0119164 -0.0008955018 -0.002386216 -0.0119595 -0.0008486925 -0.002445779 -0.01187802 -0.0009024862 -0.002409057 -0.01193048 -0.001045756 -0.002325222 -0.01211388 -0.0008569764 -0.002488967 -0.0118414 -0.0009117381 -0.002445282 -0.01189225 -0.0008638603 -0.002533749 -0.01181127 -0.0009206374 -0.002488465 -0.01185577 -0.001076946 -0.002384572 -0.0120066 -0.0009280326 -0.002533243 -0.01182576 -0.001085345 -0.002407399 -0.01197795 -0.0008730882 -0.002616348 -0.01177168 -0.000874795 -0.00263688 -0.01176454 -0.001216318 -0.002323372 -0.01216688 -0.001096472 -0.002443608 -0.0119402 -0.000937946 -0.002615837 -0.01178632 -0.001107174 -0.002486774 -0.01190419 -0.001252595 -0.002382666 -0.01206118 -0.0009436082 -0.002691423 -0.01176479 -0.0009504989 -0.002794394 -0.01175533 -0.001116067 -0.002531539 -0.01187457 -0.001262364 -0.002405478 -0.01203295 -0.001380289 -0.002321297 -0.01222628 -0.001275305 -0.002441667 -0.01199577 -0.001127989 -0.002614115 -0.01183565 -0.001287753 -0.002484815 -0.0119603 -0.001421456 -0.00238053 -0.01212235 -0.001134799 -0.00268969 -0.01181442 -0.001298097 -0.002529564 -0.01193113 -0.001432542 -0.002403326 -0.01209461 -0.001543945 -0.002318923 -0.01229426 -0.001447227 -0.002439492 -0.01205806 -0.001587071 -0.002318245 -0.01231368 -0.0011387 -0.002792685 -0.01180434 -0.001138712 -0.002792882 -0.0118043 -0.001311963 -0.002612118 -0.01189282 -0.001461353 -0.002482619 -0.01202319 -0.001589992 -0.002378085 -0.01219236 -0.001319884 -0.002687681 -0.01187193 -0.001473092 -0.00252735 -0.01199453 -0.001602393 -0.002400862 -0.01216516 -0.001634405 -0.002377387 -0.01221236 -0.001706755 -0.002316243 -0.01237102 -0.001647152 -0.002400158 -0.01218532 -0.00161882 -0.002437003 -0.01212933 -0.001488827 -0.002609881 -0.01195689 -0.001324422 -0.00279067 -0.01186205 -0.001324432 -0.00279111 -0.01186203 -0.001757689 -0.002315336 -0.012397 -0.001664038 -0.002436292 -0.0121497 -0.001634621 -0.002480105 -0.01209516 -0.001757658 -0.002375324 -0.01227141 -0.001497815 -0.002685431 -0.01193639 -0.00168028 -0.002479387 -0.01211572 -0.001647751 -0.002524816 -0.01206708 -0.001771367 -0.00239808 -0.01224482 -0.001860884 -0.002313393 -0.01245265 -0.001810111 -0.00237439 -0.01229816 -0.001693777 -0.002524092 -0.01208781 -0.001789526 -0.002434193 -0.01220981 -0.001824229 -0.002397138 -0.01227178 -0.001502965 -0.002788411 -0.01192673 -0.001502975 -0.002789128 -0.01192673 -0.001665352 -0.00260732 -0.01203022 -0.001923941 -0.002312133 -0.01248871 -0.001806992 -0.002477268 -0.01217643 -0.001842929 -0.002433241 -0.01223705 -0.001711869 -0.002606589 -0.01205117 -0.001916384 -0.002372389 -0.01235547 -0.001675405 -0.002682854 -0.01201016 -0.001821507 -0.002521955 -0.012149 -0.001860917 -0.002476307 -0.01220393 -0.001991962 -0.002310711 -0.01252942 -0.001931331 -0.002395122 -0.01232954 -0.001722204 -0.002682118 -0.01203123 -0.001981322 -0.002371092 -0.0123926 -0.001875865 -0.002520987 -0.01217672 -0.00195113 -0.002431204 -0.0122954 -0.001681166 -0.002785826 -0.01200075 -0.001681171 -0.002786857 -0.01200077 -0.001996775 -0.002393815 -0.01236696 -0.001840964 -0.002604429 -0.01211301 -0.002085416 -0.002308646 -0.01258858 -0.001970174 -0.00247425 -0.01226285 -0.002051372 -0.002369628 -0.01243454 -0.001728125 -0.002785088 -0.0120219 -0.001858441 -0.002784288 -0.01208438 -0.002017244 -0.002429884 -0.01233321 -0.001895903 -0.00260345 -0.01214104 -0.001852078 -0.002679946 -0.01209345 -0.002067371 -0.002392339 -0.01240922 -0.001985999 -0.002518914 -0.01223611 -0.002137883 -0.002307427 -0.01262348 -0.002036934 -0.002472916 -0.01230103 -0.002088564 -0.002428393 -0.0123759 -0.001907348 -0.002678961 -0.01212164 -0.002147613 -0.002367501 -0.01249545 -0.002053295 -0.00251757 -0.0122746 -0.002007213 -0.002601354 -0.01220106 -0.001858446 -0.002782908 -0.01208433 -0.00210895 -0.002471411 -0.01234413 -0.002164362 -0.002390195 -0.01247061 -0.002201644 -0.002366246 -0.0125314 -0.002241712 -0.002304882 -0.01269636 -0.001913906 -0.00278192 -0.01211262 -0.002026261 -0.002781556 -0.01217329 -0.00212589 -0.002516052 -0.01231805 -0.00218655 -0.002426227 -0.01243792 -0.002075228 -0.002599996 -0.01223995 -0.002218815 -0.00238893 -0.01250684 -0.00201933 -0.002676853 -0.01218203 -0.00228133 -0.002303862 -0.01272556 -0.002207892 -0.002469224 -0.01240676 -0.002241561 -0.002424949 -0.01247452 -0.002087756 -0.002675486 -0.01222116 -0.002148598 -0.002598462 -0.01228387 -0.00230857 -0.002363625 -0.01260645 -0.002225626 -0.002513848 -0.01238118 -0.002026273 -0.002779804 -0.01217321 -0.00226344 -0.002467933 -0.01244372 -0.002326575 -0.002386289 -0.01258248 -0.00234937 -0.002362575 -0.01263652 -0.002161569 -0.002673943 -0.01226534 -0.002392442 -0.002300851 -0.01281179 -0.002281621 -0.002512547 -0.01241843 -0.002094934 -0.002778433 -0.01221247 -0.002168979 -0.002778987 -0.01225692 -0.002367693 -0.002385231 -0.01261278 -0.002350425 -0.002422281 -0.01255093 -0.0022494 -0.002596234 -0.01234768 -0.002391965 -0.002421211 -0.01258154 -0.002373367 -0.002465239 -0.01252087 -0.002305993 -0.002594919 -0.01238533 -0.002169001 -0.002776885 -0.01225681 -0.00226298 -0.002671702 -0.01232953 -0.002463795 -0.002359473 -0.01272533 -0.002415312 -0.00246416 -0.01255179 -0.002392431 -0.002509831 -0.01249621 -0.002483011 -0.002382105 -0.01270228 -0.002319914 -0.002670379 -0.01236741 -0.002434713 -0.002508743 -0.01252737 -0.00253723 -0.002296563 -0.01293459 -0.00227076 -0.002774636 -0.01232122 -0.002327854 -0.00277584 -0.01235937 -0.002508464 -0.002418054 -0.01267196 -0.002417986 -0.002592175 -0.01246394 -0.002532948 -0.002460971 -0.01264309 -0.00246072 -0.002591075 -0.01249543 -0.00232789 -0.002773308 -0.01235923 -0.002432583 -0.002667617 -0.01244649 -0.002612901 -0.002355057 -0.01285178 -0.002553294 -0.002505529 -0.0126194 -0.002475574 -0.002666511 -0.01247818 -0.00263328 -0.002377655 -0.01282972 -0.002675717 -0.002292029 -0.01306444 -0.002440947 -0.002770537 -0.01243858 -0.002484039 -0.002772426 -0.01247054 -0.002660274 -0.002413558 -0.01280071 -0.002580568 -0.002587826 -0.01258844 -0.002484086 -0.002769427 -0.01247037 -0.00268624 -0.002456432 -0.01277309 -0.002596146 -0.002663243 -0.01257175 -0.002755519 -0.002350388 -0.0129855 -0.002707817 -0.002500952 -0.01275045 -0.00277701 -0.002372949 -0.01296449 -0.00280756 -0.002287259 -0.01320102 -0.002605072 -0.002766148 -0.01256427 -0.002635132 -0.002768789 -0.01258898 -0.002805478 -0.002408804 -0.01293685 -0.002736741 -0.002583201 -0.01272089 -0.00283286 -0.002451631 -0.01291057 -0.002753262 -0.00265859 -0.012705 -0.002779191 -0.002764979 -0.01271303 -0.002891294 -0.002345476 -0.01312616 -0.002855615 -0.002496113 -0.01288903 -0.00291198 -0.002283119 -0.01331958 -0.002913844 -0.002367999 -0.01310624 -0.002943714 -0.002403803 -0.01308006 -0.002886118 -0.00257831 -0.01286095 -0.002972446 -0.002446581 -0.01305517 -0.002998828 -0.002341213 -0.01324825 -0.002903541 -0.00265367 -0.01284591 -0.003022216 -0.002363702 -0.01322928 -0.002996322 -0.002491023 -0.0130348 -0.003030591 -0.00227796 -0.01346731 -0.003053198 -0.002399462 -0.01320437 -0.002913524 -0.002756541 -0.01283937 -0.002916024 -0.002761014 -0.01284216 -0.003028329 -0.002573166 -0.01300828 -0.003082999 -0.002442198 -0.01318069 -0.003120976 -0.0023359 -0.0134004 -0.003107762 -0.002486604 -0.01316133 -0.00304661 -0.002648494 -0.01299412 -0.003145317 -0.002358347 -0.01338262 -0.003138702 -0.002272754 -0.0136164 -0.003177561 -0.002394053 -0.01335927 -0.003140959 -0.0025687 -0.01313615 -0.003057085 -0.002751348 -0.01298809 -0.003057069 -0.002756521 -0.01298843 -0.003208575 -0.002436736 -0.01333711 -0.00315992 -0.002644001 -0.01312277 -0.003232311 -0.002330538 -0.01355393 -0.003234348 -0.002481098 -0.013319 -0.003257521 -0.002352944 -0.01353734 -0.003241041 -0.002267283 -0.01377306 -0.003290914 -0.002388594 -0.01351558 -0.003170784 -0.00274684 -0.01311718 -0.003170691 -0.002752558 -0.01311746 -0.003268897 -0.002563135 -0.01329551 -0.003323035 -0.002431224 -0.01349495 -0.00328863 -0.002638403 -0.01328309 -0.003337703 -0.002324904 -0.01371526 -0.003349727 -0.002475542 -0.01347811 -0.003320628 -0.002262578 -0.01390779 -0.003363734 -0.002347267 -0.01369993 -0.003398216 -0.002382858 -0.01367984 -0.003299937 -0.002741222 -0.01327806 -0.003299839 -0.002747616 -0.01327835 -0.003385509 -0.00255752 -0.01345632 -0.00335627 -0.002260317 -0.01397253 -0.003431385 -0.002425432 -0.0136608 -0.003419663 -0.002320059 -0.01385401 -0.003405946 -0.002632754 -0.01344487 -0.003446334 -0.002342383 -0.01383977 -0.003458947 -0.002469704 -0.0136453 -0.003408725 -0.002256787 -0.01407362 -0.003456368 -0.002317731 -0.01392068 -0.003481663 -0.002377925 -0.01382111 -0.003483325 -0.002340037 -0.01390696 -0.003417656 -0.002735554 -0.01344039 -0.003417566 -0.00274263 -0.0134407 -0.003495895 -0.002551619 -0.0136253 -0.003442002 -0.002254404 -0.01414187 -0.003515646 -0.002420451 -0.01380345 -0.003519033 -0.002375555 -0.01388899 -0.003510388 -0.002314095 -0.01402479 -0.003543885 -0.002464683 -0.01378909 -0.003516999 -0.002626817 -0.01361486 -0.003553381 -0.002418057 -0.01387199 -0.003537766 -0.002336373 -0.01401188 -0.00348272 -0.002251311 -0.01423043 -0.003544657 -0.002311641 -0.01409507 -0.003581923 -0.00246227 -0.01385818 -0.003574032 -0.002371853 -0.01399498 -0.00358174 -0.002546544 -0.01377063 -0.003572303 -0.0023339 -0.0140827 -0.00352909 -0.002729597 -0.01361097 -0.003529009 -0.002737391 -0.01361129 -0.003519187 -0.002248349 -0.01431526 -0.003608917 -0.00241432 -0.01397902 -0.003608923 -0.002369355 -0.01406654 -0.003620184 -0.002544106 -0.01384045 -0.00358659 -0.002308456 -0.01418628 -0.003603362 -0.002621711 -0.01376107 -0.003637905 -0.002458502 -0.01396607 -0.003614563 -0.00233069 -0.01417462 -0.003644148 -0.002411797 -0.01405127 -0.003554526 -0.002245272 -0.01440338 -0.003642038 -0.002619258 -0.01383132 -0.003651616 -0.002366112 -0.0141594 -0.003624144 -0.002305406 -0.01427364 -0.003673419 -0.002455959 -0.0140389 -0.003615751 -0.002724473 -0.01375768 -0.003615679 -0.002732886 -0.01375802 -0.003676764 -0.002540298 -0.0139495 -0.00365241 -0.002327616 -0.01426266 -0.003687258 -0.002408522 -0.01414504 -0.003587633 -0.002242167 -0.01449229 -0.00365456 -0.002722012 -0.01382817 -0.003711633 -0.00272734 -0.01393859 -0.003689851 -0.002363006 -0.01424834 -0.003660537 -0.002302237 -0.01436438 -0.003712658 -0.002537727 -0.01402311 -0.00369896 -0.002615427 -0.01394102 -0.003716875 -0.002452658 -0.01413342 -0.003689087 -0.002324422 -0.01435412 -0.003725866 -0.002405386 -0.01423485 -0.003613913 -0.002239518 -0.01456815 -0.00373507 -0.002612842 -0.01401507 -0.003726904 -0.00235978 -0.01434073 -0.003694631 -0.00229904 -0.01445594 -0.003756578 -0.002534391 -0.01411864 -0.003755794 -0.002449497 -0.01422396 -0.003711678 -0.002718168 -0.01393825 -0.003723446 -0.0023212 -0.01444639 -0.003763281 -0.002402128 -0.01432815 -0.003647169 -0.002235874 -0.0146725 -0.003779255 -0.002609485 -0.01411118 -0.003721695 -0.002296311 -0.01453407 -0.003747912 -0.002715573 -0.01401256 -0.003792238 -0.002722092 -0.01410935 -0.003761616 -0.002356524 -0.01443395 -0.003795912 -0.002531196 -0.01421014 -0.003793509 -0.002446213 -0.014318 -0.003750721 -0.00231845 -0.01452513 -0.003798331 -0.002398841 -0.01442227 -0.003669463 -0.002233204 -0.01474896 -0.003789171 -0.002353747 -0.01451349 -0.003818827 -0.002606271 -0.01420323 -0.003792249 -0.002712205 -0.014109 -0.003755944 -0.002292559 -0.01464152 -0.00383403 -0.002527877 -0.01430518 -0.003828841 -0.002442899 -0.01441288 -0.003826155 -0.002396036 -0.01450259 -0.003785237 -0.002314669 -0.01463342 -0.003697649 -0.002229485 -0.01485545 -0.003857175 -0.002602932 -0.01429886 -0.003778902 -0.002289809 -0.01472027 -0.003831957 -0.00270898 -0.01420136 -0.003870467 -0.002716304 -0.01429768 -0.003856888 -0.002440072 -0.01449385 -0.00382404 -0.002349926 -0.0146229 -0.00386974 -0.002524528 -0.01440108 -0.003808375 -0.002311897 -0.01471278 -0.003714198 -0.002227071 -0.01492458 -0.003861365 -0.002392179 -0.01461307 -0.003847415 -0.002347126 -0.01470307 -0.0038931 -0.002599563 -0.01439533 -0.003898086 -0.002521671 -0.01448291 -0.003870437 -0.002705629 -0.01429731 -0.003807929 -0.00228598 -0.01482993 -0.003892381 -0.002436183 -0.01460521 -0.003884968 -0.002389352 -0.01469402 -0.003837627 -0.002308038 -0.0148233 -0.003921618 -0.002596688 -0.01447765 -0.003738946 -0.002223017 -0.01504069 -0.003824971 -0.002283493 -0.01490113 -0.003906486 -0.002702249 -0.01439412 -0.003935182 -0.002710792 -0.0144771 -0.003916173 -0.002433334 -0.01468681 -0.003876968 -0.002343228 -0.01481472 -0.003933958 -0.00251774 -0.01459546 -0.003854803 -0.002305532 -0.01489505 -0.003751444 -0.002220691 -0.01510728 -0.003914809 -0.002385415 -0.01480676 -0.003894319 -0.002340696 -0.01488721 -0.003935101 -0.002699364 -0.01447673 -0.003957706 -0.002592734 -0.01459088 -0.003958005 -0.00251486 -0.01467794 -0.003850458 -0.002279318 -0.01502069 -0.003946254 -0.002429365 -0.01480046 -0.00393233 -0.002382859 -0.01487996 -0.003880488 -0.002301325 -0.01501555 -0.003981898 -0.002589836 -0.01467386 -0.003770959 -0.002216484 -0.01522775 -0.003863329 -0.002276923 -0.01508927 -0.003963916 -0.002426788 -0.01487424 -0.003971313 -0.002695396 -0.01459035 -0.003995727 -0.002704753 -0.014674 -0.003920268 -0.002336445 -0.01500894 -0.003988407 -0.002510849 -0.0147928 -0.003893459 -0.002298911 -0.01508466 -0.003958532 -0.002378566 -0.01500288 -0.003933372 -0.002334007 -0.01507876 -0.003995589 -0.002692489 -0.01467361 -0.004006258 -0.002508245 -0.01486737 -0.004012484 -0.002585801 -0.01478941 -0.003883425 -0.002272591 -0.01521334 -0.003990328 -0.002422462 -0.01499815 -0.003971764 -0.002376104 -0.01507338 -0.003913713 -0.002294545 -0.01520969 -0.004030442 -0.002583181 -0.01486443 -0.004003666 -0.00241998 -0.01506922 -0.004026279 -0.00268844 -0.01478956 -0.004044487 -0.002698895 -0.01486525 -0.003953833 -0.002329596 -0.01520508 -0.004032952 -0.002503872 -0.0149926 -0.003992424 -0.00237165 -0.01520093 -0.004044299 -0.002685811 -0.01486484 -0.004046432 -0.002501364 -0.01506443 -0.004057298 -0.002578782 -0.01499042 -0.004024493 -0.00241549 -0.01519779 -0.00407086 -0.002576258 -0.01506268 -0.004071247 -0.002681396 -0.01499126 -0.004085109 -0.00269279 -0.01506421 -0.004067482 -0.002496826 -0.01519437 -0.004084856 -0.002678864 -0.01506377 -0.004092036 -0.002571693 -0.01519341 -0.004106105 -0.002674283 -0.01519495 -0.0009200864 -0.002794394 -0.01175059 -0.0009353858 -0.002794394 -0.01175237 0.000935386 -0.002794394 -0.01175237 0.0009200866 -0.002794394 -0.01175059 -0.0005456421 -0.002551312 -0.01175803 -7.763938e-05 -0.002461721 -0.01178213 -7.678041e-05 -0.002514327 -0.01175803 0.0004232991 -0.002481792 -0.01178213 0.0004176506 -0.002534101 -0.01175803 0.0008295258 -0.002632754 -0.01175803 0.0001577654 -0.002489172 -0.01176816 0.0005172536 -0.002512112 -0.01177163 0.0009353858 -0.00792288 -0.01175237 0.0009200864 -0.00792288 -0.01175059 0.001384403 -0.008455275 -0.01175057 0.002065705 -0.008723668 -0.01176839 0.002483464 -0.008830864 -0.01178864 0.002951003 -0.008900582 -0.01181739 0.002938043 -0.008988251 -0.01175956 0.001626189 -0.008527612 -0.01176462 0.001807011 -0.008608839 -0.01176886 0.001965252 -0.008726184 -0.01175469 0.002214708 -0.008767342 -0.01177453 0.002333044 -0.008797709 -0.01178024 0.00237542 -0.008857006 -0.01175991 0.00245628 -0.008925929 -0.01175093 0.002558398 -0.008909942 -0.01175973 0.002622977 -0.008872312 -0.01178563 0.002720875 -0.008887531 -0.01179088 0.002809769 -0.008906021 -0.0117906 0.003048455 -0.008932674 -0.01179855 0.003136298 -0.008942243 -0.01179796 0.003280447 -0.008887979 -0.01189761 0.003187888 -0.008942827 -0.01180094 0.003279977 -0.008900708 -0.0118634 0.003286191 -0.009008293 -0.01176379 0.00328501 -0.009043705 -0.01175356 -0.0009505031 -0.007922882 -0.01175532 -0.0009353858 -0.00792288 -0.01175237 -0.0009200864 -0.00792288 -0.01175059 -0.001136653 -0.007920783 -0.01180369 -0.001315252 -0.00791839 -0.01185893 -0.001509066 -0.007915349 -0.0119291 -0.001699153 -0.007911896 -0.01200879 -0.001868728 -0.007908396 -0.01208955 -0.002050437 -0.007904176 -0.01218692 -0.00222708 -0.007899571 -0.0122932 -0.002383267 -0.007895048 -0.01239757 -0.002543872 -0.007889912 -0.0125161 -0.002690047 -0.007884763 -0.01263491 -0.002833326 -0.007879224 -0.01276271 -0.002976377 -0.007873145 -0.012903 -0.003114143 -0.007866693 -0.0130519 -0.003235072 -0.007860465 -0.01319561 -0.003353573 -0.007853756 -0.0133504 -0.003466814 -0.007846674 -0.01351384 -0.003573092 -0.007839292 -0.01368419 -0.003671003 -0.007831696 -0.01385948 -0.00376138 -0.007823804 -0.01404157 -0.003837018 -0.007816335 -0.01421393 -0.003907109 -0.007808442 -0.01439607 -0.003970383 -0.007800156 -0.01458729 -0.004024304 -0.007791746 -0.01478135 -0.00406924 -0.007783125 -0.01498027 -0.00410286 -0.007774848 -0.01517127 -0.004116799 -0.006197335 -0.0152711 -0.00412752 -0.007766514 -0.01536363 -0.00412752 -0.0064 -0.01536363 -0.005216203 -0.008760585 -0.0153308 -0.005119194 -0.008763878 -0.01535156 -0.005119178 -0.008766851 -0.01526744 -0.004931869 -0.008744525 -0.01535454 -0.004127522 -0.007768896 -0.01536364 -0.0009957711 -0.008053019 -0.01175742 -0.004729011 -0.00869769 -0.01516266 -0.004752611 -0.008691022 -0.01535734 -0.002713198 -0.008816692 -0.01188371 -0.002911841 -0.008815919 -0.01201559 -0.002904969 -0.008848733 -0.01190074 -0.005088398 -0.008774946 -0.01503565 -0.004910174 -0.008755179 -0.01510103 -0.004892406 -0.008759046 -0.01499013 -0.005047275 -0.008782955 -0.01480627 -0.004586861 -0.008605378 -0.01535985 -0.004608837 -0.008628632 -0.01526513 -0.004496132 -0.008539787 -0.01536117 -0.00482995 -0.00877047 -0.01467473 -0.005000612 -0.008790213 -0.01459846 -0.004467552 -0.008538876 -0.01519386 -0.004397942 -0.008448439 -0.01536251 -0.004371492 -0.0084315 -0.01528707 -0.004297681 -0.008322849 -0.01536371 -0.004265897 -0.008307649 -0.01521412 -0.004804988 -0.008773938 -0.01457511 -0.004939488 -0.008798101 -0.01437256 -0.0047752 -0.008777729 -0.01446627 -0.004607479 -0.008720515 -0.01455626 -0.004861986 -0.00880651 -0.01413177 -0.004740254 -0.008781803 -0.01434941 -0.004205849 -0.008153169 -0.0153645 -0.004209344 -0.008182664 -0.01529148 -0.004170016 -0.008053801 -0.0153646 -0.004636603 -0.008792815 -0.01404526 -0.00478746 -0.008813494 -0.01393177 -0.004143486 -0.00804044 -0.0151982 -0.004143124 -0.007941557 -0.01536443 -0.004126579 -0.007911855 -0.01526862 -0.004598604 -0.00879615 -0.01394957 -0.004710128 -0.008819937 -0.01374727 -0.004561194 -0.008799249 -0.01386062 -0.004408566 -0.008742533 -0.01397077 -0.004522075 -0.008802322 -0.01377243 -0.004625701 -0.008826268 -0.01356595 -0.00438134 -0.008812784 -0.01348335 -0.004534304 -0.00883248 -0.01338806 -0.004334922 -0.008815731 -0.01339873 -0.004436066 -0.008838565 -0.01321383 -0.004286874 -0.008818647 -0.01331503 -0.004135285 -0.0087634 -0.01341538 -0.00423721 -0.008821532 -0.01323226 -0.00433112 -0.008844512 -0.01304353 -0.004219601 -0.008850314 -0.01287739 -0.004185937 -0.008824385 -0.01315044 -0.004005447 -0.008834012 -0.01288432 -0.004101672 -0.008855961 -0.01271568 -0.003947426 -0.008836701 -0.01280707 -0.003977594 -0.008861443 -0.01255869 -0.003887945 -0.008839354 -0.01273097 -0.003792211 -0.008782757 -0.0128998 -0.00381473 -0.008842485 -0.01264126 -0.003820971 -0.008867788 -0.01237699 -0.003601285 -0.008851226 -0.01239957 -0.003660948 -0.008873699 -0.01220772 -0.003522783 -0.008854035 -0.01231902 -0.003456292 -0.008856317 -0.01225356 -0.003383883 -0.008800321 -0.01243163 -0.003522484 -0.008878407 -0.01207293 -0.003025878 -0.008851622 -0.01196803 -0.003025699 -0.008863821 -0.01191153 -0.003141862 -0.008874389 -0.01192191 -0.002060551 -0.008640874 -0.01182809 -0.002211512 -0.008586529 -0.01196865 -0.002282726 -0.008711739 -0.01184642 -0.002316653 -0.008626872 -0.01198213 -0.002105995 -0.008544621 -0.01195363 -0.001391681 -0.008100489 -0.01186736 -0.001293569 -0.008101928 -0.01183396 -0.001135027 -0.008191424 -0.01176449 -0.001283084 -0.008291363 -0.01177286 -0.00122314 -0.008052637 -0.01182006 -0.001133202 -0.008053784 -0.01179349 -0.00459303 -0.008628932 -0.01517937 -0.004646263 -0.008684972 -0.01494681 -0.004570662 -0.00863469 -0.01503082 -0.004357296 -0.008430389 -0.01520556 -0.004335906 -0.008436147 -0.01506468 -0.004511526 -0.008646108 -0.01473621 -0.004616318 -0.008690682 -0.01479661 -0.004193893 -0.008176119 -0.01520761 -0.004474813 -0.008651754 -0.01459045 -0.00418674 -0.008178198 -0.01515863 -0.004128404 -0.008044591 -0.01510152 -0.004433428 -0.008657346 -0.01444608 -0.004494083 -0.008707274 -0.01434605 -0.004163926 -0.00818394 -0.01502333 -0.004074834 -0.008056007 -0.01483565 -0.004106401 -0.007907439 -0.01513797 -0.004336704 -0.008668359 -0.01416165 -0.004444748 -0.008712781 -0.01420113 -0.004089925 -0.007911581 -0.01504218 -0.004105199 -0.008195315 -0.01475524 -0.004050019 -0.008060295 -0.01473576 -0.004092104 -0.008197453 -0.01470484 -0.004154989 -0.008330462 -0.01466746 -0.004281461 -0.008673769 -0.0140219 -0.004078562 -0.008199558 -0.01465523 -0.004023105 -0.008064504 -0.01463774 -0.004063399 -0.00791729 -0.01491012 -0.004064418 -0.008201656 -0.01460577 -0.003993817 -0.008068683 -0.01454039 -0.004040425 -0.007921596 -0.01481053 -0.004221693 -0.008679107 -0.01388395 -0.004273162 -0.008728024 -0.01378822 -0.004028021 -0.007923739 -0.01476095 -0.004015174 -0.007925849 -0.01471213 -0.004163961 -0.008583705 -0.01406823 -0.004060479 -0.00847521 -0.01410802 -0.004113022 -0.008469804 -0.01424051 -0.003974434 -0.00835246 -0.01413997 -0.003987705 -0.007930049 -0.01461499 -0.00397892 -0.008212709 -0.01434519 -0.003904265 -0.008079662 -0.01428459 -0.003973088 -0.007932138 -0.01456667 -0.00400365 -0.008480546 -0.01397727 -0.00408885 -0.008689544 -0.01361416 -0.004205791 -0.00873325 -0.01365061 -0.00392988 -0.008218142 -0.0142171 -0.003867639 -0.008083588 -0.01419313 -0.003942099 -0.007936292 -0.01447058 -0.003911031 -0.008220098 -0.01417094 -0.004015912 -0.008694633 -0.0134826 -0.003892339 -0.008221977 -0.01412664 -0.003830284 -0.008087337 -0.01410575 -0.003897178 -0.007941776 -0.01434372 -0.003871587 -0.008223996 -0.01407903 -0.003787722 -0.008091345 -0.01401236 -0.003879102 -0.00836132 -0.01392743 -0.003938751 -0.008699624 -0.0133535 -0.003905467 -0.008604563 -0.01354388 -0.003861961 -0.007945721 -0.01425245 -0.003843549 -0.00794768 -0.01420713 -0.003808097 -0.008496061 -0.01359688 -0.003877395 -0.008490976 -0.01372156 -0.00372702 -0.008373303 -0.01363988 -0.003825289 -0.00794956 -0.01416362 -0.00375232 -0.008234473 -0.01383189 -0.00366437 -0.008101707 -0.01377089 -0.003787292 -0.007953293 -0.01407726 -0.003734803 -0.00850105 -0.01347453 -0.003765961 -0.007955293 -0.01403098 -0.003686733 -0.008239584 -0.01371132 -0.003614277 -0.008105488 -0.01368274 -0.003721606 -0.007959259 -0.01393923 -0.003661216 -0.008241471 -0.0136668 -0.003682616 -0.008713984 -0.012982 -0.003772018 -0.008709306 -0.01310306 -0.00363516 -0.008243344 -0.0136226 -0.00356206 -0.008109217 -0.01359583 -0.003659584 -0.007964423 -0.01381974 -0.003596588 -0.008766886 -0.01274011 -0.00358909 -0.008718558 -0.01286362 -0.003581141 -0.008623908 -0.0130572 -0.003562862 -0.008248288 -0.01350596 -0.003412222 -0.008118911 -0.01336985 -0.003610704 -0.007968226 -0.01373174 -0.003585468 -0.007970108 -0.01368819 -0.003559706 -0.007971977 -0.01364495 -0.003426495 -0.008870981 -0.01212691 -0.003329953 -0.008851753 -0.01218312 -0.003491591 -0.008515398 -0.01312254 -0.003402811 -0.008519969 -0.01301038 -0.00341693 -0.008392632 -0.01317589 -0.003390673 -0.008727342 -0.01263622 -0.003495188 -0.008771267 -0.0126246 -0.003506621 -0.007975673 -0.01355942 -0.003356178 -0.008873208 -0.01206309 -0.003260325 -0.008880939 -0.01193249 -0.00337857 -0.008882942 -0.01194302 -0.0032717 -0.008844 -0.01217593 -0.003407094 -0.008257864 -0.01327996 -0.003353067 -0.008122392 -0.0132887 -0.00337666 -0.008259589 -0.01323925 -0.003293193 -0.008125745 -0.01321053 -0.00334635 -0.008261265 -0.01319969 -0.003285988 -0.008731542 -0.01252747 -0.00343243 -0.007980527 -0.0134471 -0.003316707 -0.008262865 -0.01316191 -0.003233781 -0.008128917 -0.01313657 -0.003375162 -0.007984054 -0.01336549 -0.00317646 -0.008735657 -0.0124209 -0.003345798 -0.007985794 -0.01332521 -0.003229403 -0.008267371 -0.01305554 -0.003054406 -0.008137678 -0.01293227 -0.003286828 -0.007989162 -0.01324726 -0.003256658 -0.007990824 -0.01320881 -0.003227166 -0.007992411 -0.0131721 -0.003115167 -0.008532941 -0.01269195 -0.003011249 -0.008537052 -0.01259101 -0.003048294 -0.008410165 -0.01275477 -0.003166941 -0.007995539 -0.01309969 -0.003044628 -0.008276011 -0.01285155 -0.002983416 -0.008140847 -0.01285836 -0.003008343 -0.008277582 -0.01281447 -0.002972061 -0.008279115 -0.01277829 -0.002911542 -0.008143904 -0.01278709 -0.003077818 -0.007999918 -0.01299835 -0.002936885 -0.008280565 -0.01274404 -0.002841071 -0.008146761 -0.01272044 -0.002779902 -0.008746946 -0.01209056 -0.002827525 -0.008747134 -0.01212356 -0.002749353 -0.008657044 -0.01222274 -0.002656551 -0.008655864 -0.01215888 -0.002884233 -0.00841666 -0.0125987 -0.003008495 -0.008003135 -0.01292391 -0.002683514 -0.008746478 -0.01202639 -0.002973154 -0.008004715 -0.01288733 -0.002507142 -0.008771926 -0.01186564 -0.002633545 -0.00873253 -0.01202001 -0.002561821 -0.008620448 -0.01214234 -0.002937813 -0.008006257 -0.01285162 -0.002793675 -0.008544845 -0.01239963 -0.002680255 -0.008548518 -0.01230941 -0.00262252 -0.008425732 -0.0123807 -0.00263535 -0.008547624 -0.01227778 -0.002729867 -0.008288465 -0.01255749 -0.002632874 -0.008154482 -0.01254038 -0.002865847 -0.008009287 -0.01278151 -0.002534629 -0.008702573 -0.01200805 -0.00259056 -0.008527397 -0.0122669 -0.002830772 -0.008010712 -0.01274854 -0.002621851 -0.008292193 -0.01246941 -0.002558198 -0.008157012 -0.01248136 -0.002759486 -0.008013507 -0.01268382 -0.002408911 -0.008705759 -0.01192687 -0.002583841 -0.008293447 -0.01243979 -0.002543199 -0.008294756 -0.01240888 -0.002477625 -0.008159613 -0.01242069 -0.002461752 -0.008404595 -0.01228228 -0.002504613 -0.008295968 -0.01238025 -0.002655797 -0.008017351 -0.01259485 -0.00258242 -0.008019921 -0.01253535 -0.002545229 -0.008021179 -0.01250623 -0.002231302 -0.008537108 -0.0120294 -0.002353645 -0.008534033 -0.01210463 -0.002153452 -0.00843878 -0.01206704 -0.002505462 -0.008022492 -0.01247583 -0.002400482 -0.008161983 -0.01236538 -0.002275652 -0.0083026 -0.01222358 -0.002170974 -0.0081684 -0.01221569 -0.002424843 -0.008025057 -0.01241649 -0.002386419 -0.008026234 -0.01238924 -0.002157431 -0.008305675 -0.01215095 -0.002081231 -0.008170669 -0.01216278 -0.002308656 -0.008028531 -0.01233605 -0.002111876 -0.0083068 -0.01212436 -0.002065992 -0.008307901 -0.01209834 -0.001990195 -0.00817284 -0.01211211 -0.002194324 -0.008031713 -0.01226242 -0.001955549 -0.008395478 -0.01199129 -0.001984333 -0.008338856 -0.01203883 -0.001822139 -0.008235482 -0.01200588 -0.002105824 -0.008034021 -0.01220896 -0.001817215 -0.008399723 -0.01192244 -0.001735714 -0.008237204 -0.01196552 -0.002061081 -0.00803514 -0.01218305 -0.001773119 -0.008400577 -0.01190205 -0.00161104 -0.008462026 -0.0117941 -0.001823766 -0.008552938 -0.01180958 -0.00201602 -0.008036235 -0.01215771 -0.001924966 -0.008038351 -0.01210871 -0.001671962 -0.008351552 -0.0118864 -0.001640109 -0.008186604 -0.01194144 -0.001839434 -0.008069176 -0.01206056 -0.001621942 -0.008326689 -0.01187844 -0.001543701 -0.008188301 -0.01190182 -0.001573027 -0.00832753 -0.01185854 -0.001444196 -0.008381051 -0.01178286 -0.001754351 -0.008070931 -0.01201984 -0.001711468 -0.008071778 -0.01200021 -0.001492868 -0.008285414 -0.01184713 -0.001665907 -0.008046911 -0.01198416 -0.001466932 -0.008145785 -0.01188438 -0.001453135 -0.008264214 -0.01184124 -0.001570658 -0.008048649 -0.01194392 -0.001522664 -0.008049479 -0.0119247 -0.001485636 -0.008028687 -0.01191319 -0.004768419 -0.008729767 -0.01496787 -0.004739094 -0.008735488 -0.01481371 -0.004722557 -0.008738335 -0.01473699 -0.004528896 -0.008624848 -0.0149263 -0.004445722 -0.008544633 -0.01504939 -0.004419216 -0.00855036 -0.01490567 -0.004514217 -0.008627704 -0.01485299 -0.004616166 -0.008752222 -0.01434736 -0.004388059 -0.008556049 -0.01476286 -0.00435228 -0.008561695 -0.01462111 -0.004244486 -0.008453206 -0.01464706 -0.004279474 -0.008447561 -0.01478528 -0.004239511 -0.00831469 -0.01504545 -0.004592093 -0.008754991 -0.01427272 -0.004212994 -0.008320407 -0.01490845 -0.004540323 -0.008760482 -0.01412464 -0.004376816 -0.008647156 -0.0143445 -0.004267103 -0.008572822 -0.01434167 -0.00431196 -0.008567286 -0.01448071 -0.004205071 -0.008458796 -0.01451017 -0.004182046 -0.008326084 -0.01477237 -0.004352728 -0.00864991 -0.01427374 -0.004124841 -0.008334872 -0.01456173 -0.00439655 -0.008772795 -0.01377992 -0.004217753 -0.008578297 -0.01420413 -0.004082732 -0.008340417 -0.01442878 -0.004328842 -0.008778044 -0.01363831 -0.004293268 -0.008780638 -0.01356834 -0.004036331 -0.008345902 -0.01429724 -0.004154546 -0.00866821 -0.01379601 -0.00410577 -0.008589042 -0.0139341 -0.004043248 -0.008594301 -0.01380191 -0.004121565 -0.008670821 -0.01372887 -0.003952986 -0.00848494 -0.01386957 -0.004097256 -0.008792763 -0.01322831 -0.003976457 -0.008599476 -0.01367179 -0.004071789 -0.008794141 -0.01318864 -0.003985014 -0.008798988 -0.01305781 -0.003959704 -0.008748811 -0.0132266 -0.003823767 -0.008228408 -0.01397496 -0.003805784 -0.008367372 -0.01378223 -0.003830374 -0.008609553 -0.01341836 -0.003751234 -0.008614445 -0.01329531 -0.003852077 -0.008688599 -0.0132627 -0.003886968 -0.008786126 -0.01299636 -0.003668128 -0.008619231 -0.01317488 -0.003576468 -0.008510724 -0.01323724 -0.003704597 -0.008812176 -0.01269085 -0.003639734 -0.008379317 -0.01349553 -0.003653549 -0.008814395 -0.01263093 -0.003563265 -0.008384183 -0.01337874 -0.003548544 -0.008818739 -0.0125136 -0.003490146 -0.008628481 -0.01294211 -0.003395439 -0.008632933 -0.01283002 -0.003492847 -0.008706827 -0.01278713 -0.003483038 -0.008388943 -0.01326446 -0.003443408 -0.008709021 -0.01273066 -0.003297116 -0.00863726 -0.01272106 -0.003195282 -0.008641459 -0.01261534 -0.003214501 -0.008528745 -0.01279497 -0.003307729 -0.008398321 -0.01303926 -0.003223739 -0.008798537 -0.01230096 -0.003119327 -0.008767548 -0.01229949 -0.003194596 -0.008811162 -0.01223847 -0.003216374 -0.008402738 -0.01293317 -0.003075524 -0.008815033 -0.01213502 -0.002947104 -0.008743458 -0.01221883 -0.003088741 -0.008645573 -0.01251175 -0.003121605 -0.008407029 -0.01283009 -0.003047039 -0.008713452 -0.01235767 -0.002978826 -0.008649544 -0.01241172 -0.002986308 -0.008806249 -0.01209599 -0.002925888 -0.008540234 -0.01251287 -0.002865656 -0.008653369 -0.01231535 -0.002855696 -0.008283789 -0.01266792 -0.002755542 -0.008421304 -0.01248712 -0.002507266 -0.008517725 -0.01221902 -0.002440559 -0.008623741 -0.01206023 -0.002426087 -0.008284766 -0.01233112 -0.002310067 -0.008421875 -0.01217149 -0.002003218 -0.008524756 -0.01191895 -0.004306771 -0.008442511 -0.0149089 -0.00416608 -0.008463747 -0.01438888 -0.004016708 -0.008752095 -0.01329223 -0.003876781 -0.008760036 -0.01308079 -0.003649291 -0.008506443 -0.01334225 -0.003339055 -0.008832719 -0.01227648 -0.003298643 -0.008524966 -0.01288773 -0.00310939 -0.0088506 -0.01202924 -0.00337856 -0.008900111 -0.01186865 -0.00337856 -0.008943889 -0.01180613 -0.00337856 -0.009007899 -0.01176456 -0.002954041 -0.008900847 -0.0118176 -0.002941175 -0.00898845 -0.01175964 -0.001816636 -0.008640275 -0.01175938 -0.00147024 -0.008496975 -0.01175153 -0.003228354 -0.008942745 -0.01180328 -0.003286797 -0.009008318 -0.01176379 -0.003285624 -0.009043728 -0.01175356 -0.003167552 -0.008942739 -0.01179972 -0.003049544 -0.008880767 -0.01186777 -0.003079922 -0.008934103 -0.01180033 -0.00286831 -0.008912477 -0.01179379 -0.002889523 -0.008960308 -0.01176724 -0.002769537 -0.008901146 -0.01178839 -0.002680632 -0.008881613 -0.01178866 -0.002606148 -0.008818655 -0.01183261 -0.002493874 -0.008833012 -0.01178922 -0.002564271 -0.008910994 -0.01175988 -0.002466997 -0.008927973 -0.01175103 -0.002388247 -0.008770054 -0.01181655 -0.002381388 -0.008858382 -0.01176006 -0.002278554 -0.008784194 -0.01177752 -0.00217771 -0.008748235 -0.0117775 -0.001967749 -0.008674822 -0.01177204 -0.001941836 -0.008636289 -0.01178724 -0.001342691 -0.008375341 -0.01175888 -0.005119194 -0.00875113 -0.01537867 -0.005119194 -0.008746313 -0.01539286 -0.005119194 -0.008756995 -0.01536488 -0.005119194 -0.008267156 -0.01575 -0.005119194 -0.008358149 -0.01574165 -0.005119194 -0.008446103 -0.01571688 -0.005119194 -0.008528081 -0.01567652 -0.005119194 -0.008601344 -0.01562191 -0.005119194 -0.008663446 -0.01555488 -0.005119194 -0.008712314 -0.01547767 -0.004617951 -0.007768897 -0.01575 -0.004700521 -0.008043092 -0.01575 -0.004648219 -0.007939628 -0.01575 -0.004812325 -0.008163031 -0.01575 -0.004957078 -0.008240434 -0.01575 -0.004617951 -0.0064 -0.01575 -0.004617951 -0.006323463 -0.01573478 -0.004617951 -0.006258579 -0.01569142 -0.004617951 -0.006215224 -0.01562654 -0.004617951 -0.0062 -0.01555 -0.004534942 -0.0062 -0.01553829 -0.004458415 -0.0062 -0.01550406 -0.004394345 -0.0062 -0.01545 -0.004394345 -0.006184776 -0.01537346 -0.004394345 -0.006141421 -0.01530858 -0.004394345 -0.006076537 -0.01526522 -0.0042143 -0.006249536 -0.01540324 -0.004131785 -0.0064 -0.01537317 -0.004135547 -0.0064 -0.01538292 -0.004138794 -0.0064 -0.01539286 -0.004228356 -0.006188258 -0.01531901 -0.004185341 -0.006108602 -0.0152594 -0.004313457 -0.006194386 -0.01537764 -0.00429496 -0.006109985 -0.01527682 -0.004327835 -0.006077224 -0.01526391 -0.004549427 -0.006215224 -0.01562025 -0.004513764 -0.006215224 -0.01561184 -0.004539377 -0.006249536 -0.01567455 -0.004483191 -0.006215224 -0.0156016 -0.004498485 -0.006249536 -0.0156649 -0.004463427 -0.006249536 -0.01565316 -0.004421455 -0.006215224 -0.0155712 -0.004526958 -0.0064 -0.01574165 -0.004529729 -0.006323463 -0.01572668 -0.004439004 -0.0064 -0.01571688 -0.004483815 -0.006323463 -0.01571585 -0.004392637 -0.006249536 -0.01561831 -0.004366282 -0.006215224 -0.01553008 -0.004444452 -0.006323463 -0.01570267 -0.004337297 -0.006215224 -0.01550102 -0.004329373 -0.006249536 -0.01557115 -0.004319515 -0.006215224 -0.0154796 -0.004357026 -0.0064 -0.01567652 -0.004364971 -0.006323463 -0.01566353 -0.004296137 -0.006249536 -0.01553784 -0.004275747 -0.006249536 -0.01551327 -0.004283762 -0.0064 -0.01562191 -0.004293938 -0.006323463 -0.01561059 -0.00422166 -0.0064 -0.01555488 -0.004256621 -0.006323463 -0.01557318 -0.004233549 -0.006249536 -0.0154466 -0.004233727 -0.006323463 -0.0155456 -0.004186348 -0.006323463 -0.01547074 -0.004172793 -0.0064 -0.01547767 -0.004526958 -0.007768898 -0.01574165 -0.004439004 -0.007768898 -0.01571688 -0.004357026 -0.007768898 -0.01567652 -0.004283762 -0.007768898 -0.01562191 -0.00422166 -0.007768898 -0.01555488 -0.004172793 -0.007768898 -0.01547767 -0.004138794 -0.007768897 -0.01539286 -0.004131787 -0.007768896 -0.01537317 -0.004135548 -0.007768896 -0.01538292 -0.004838202 -0.008705356 -0.01539286 -0.00494907 -0.008731504 -0.01539286 -0.004739861 -0.008670267 -0.01539286 -0.004571491 -0.008579713 -0.01539286 -0.004446834 -0.008480444 -0.01539286 -0.004356413 -0.008383161 -0.01539286 -0.004291722 -0.008293341 -0.01539286 -0.004207781 -0.008129278 -0.01539286 -0.004156193 -0.007952365 -0.01539286 -0.005040732 -0.008748012 -0.01537867 -0.004565075 -0.008581193 -0.01537867 -0.004234418 -0.008201197 -0.01537867 -0.004425994 -0.007898349 -0.01570648 -0.005050904 -0.008467877 -0.01570648 -0.005034046 -0.008642214 -0.01557594 -0.004537453 -0.007927623 -0.0157395 -0.004461298 -0.008022129 -0.01570648 -0.004349026 -0.007840227 -0.01566939 -0.004554473 -0.007979959 -0.0157395 -0.004576232 -0.008030511 -0.0157395 -0.004518654 -0.008137354 -0.01570648 -0.004332834 -0.007915861 -0.01565089 -0.00425386 -0.007930706 -0.01557594 -0.00434964 -0.007987051 -0.01565089 -0.004297993 -0.008085444 -0.01557594 -0.004610454 -0.008091555 -0.0157395 -0.004206467 -0.007853505 -0.01552826 -0.004372917 -0.008056396 -0.01565089 -0.00464224 -0.008136518 -0.0157395 -0.004596129 -0.008240175 -0.01570648 -0.004157924 -0.00785963 -0.01543549 -0.004402468 -0.008123306 -0.01565089 -0.004369688 -0.008229474 -0.01557594 -0.004194385 -0.00794347 -0.01548753 -0.004709336 -0.008209422 -0.0157395 -0.004691101 -0.008327159 -0.01570648 -0.004438034 -0.00818721 -0.01565089 -0.004214314 -0.008027267 -0.01548753 -0.004751536 -0.008244857 -0.0157395 -0.004479327 -0.008247595 -0.01565089 -0.004466498 -0.00835796 -0.01557594 -0.004242736 -0.008111119 -0.01548753 -0.004796837 -0.00827631 -0.0157395 -0.004800366 -0.008395416 -0.01570648 -0.004525972 -0.008303921 -0.01565089 -0.004277865 -0.008189759 -0.01548753 -0.004577604 -0.008355755 -0.01565089 -0.004585118 -0.008466604 -0.01557594 -0.004321347 -0.00826688 -0.01548753 -0.004884762 -0.008321972 -0.0157395 -0.004920179 -0.008442677 -0.01570648 -0.004350877 -0.008311078 -0.01548753 -0.004633743 -0.008402627 -0.01565089 -0.00493655 -0.008340954 -0.0157395 -0.004403891 -0.008378922 -0.01548753 -0.004693959 -0.008444188 -0.01565089 -0.004721519 -0.008551815 -0.01557594 -0.004447052 -0.008425887 -0.01548753 -0.004991692 -0.008355544 -0.0157395 -0.004757694 -0.00848006 -0.01565089 -0.004510174 -0.008484427 -0.01548753 -0.004824421 -0.008509963 -0.01565089 -0.004871011 -0.008610783 -0.01557594 -0.00457059 -0.008531431 -0.01548753 -0.004893569 -0.008533656 -0.01565089 -0.00464283 -0.008578218 -0.01548753 -0.004967013 -0.008551433 -0.01565089 -0.004724312 -0.008620657 -0.01548753 -0.00504178 -0.008562229 -0.01565089 -0.004803976 -0.008653012 -0.01548753 -0.004851665 -0.008668479 -0.01548753 -0.004904569 -0.008682444 -0.01548753 -0.004991924 -0.008698525 -0.01548753 -0.004110222 -0.01054392 -0.01921657 -0.004014364 -0.01044806 -0.01927832 -0.003912899 -0.01077569 -0.01936736 -0.0038183 -0.01070976 -0.01935 -0.003734655 -0.01076492 -0.01939712 -0.00400429 -0.01085533 -0.01933562 -0.004018696 -0.01057549 -0.01927741 -0.004048945 -0.01054392 -0.0192619 -0.003978225 -0.01054392 -0.01929032 -0.004120955 -0.0105872 -0.01920595 -0.003843059 -0.01085211 -0.01944047 -0.00384111 -0.01096584 -0.01949912 -0.003756326 -0.01090607 -0.01952538 -0.003870835 -0.01094534 -0.01946808 -0.003956964 -0.01086669 -0.01937658 -0.003930835 -0.01066074 -0.01931693 -0.003983765 -0.01068894 -0.01930831 -0.004022504 -0.01076219 -0.01930345 -0.003734358 -0.01082293 -0.01945991 -0.003626476 -0.01080639 -0.01945471 -0.003519823 -0.0108287 -0.0195181 -0.003404972 -0.01082696 -0.01958216 -0.003470268 -0.01086037 -0.01965898 -0.003553427 -0.01101877 -0.01976922 -0.003589333 -0.01089166 -0.01961563 -0.003522088 -0.0109272 -0.01972426 -0.003684886 -0.01088633 -0.01954856 -0.003657653 -0.01100987 -0.01966986 -0.003764174 -0.01100652 -0.01957769 -0.003678913 -0.0109464 -0.01960964 -0.003626476 -0.01062286 -0.01931057 -0.00235343 -0.009450289 -0.01931058 -0.00233843 -0.009345567 -0.01931372 -0.002357153 -0.009488665 -0.01931058 -0.002256921 -0.009345567 -0.01935365 -0.002280288 -0.009456271 -0.01934156 -0.00236639 -0.009555131 -0.01931058 -0.002284225 -0.009496853 -0.01934156 -0.002217852 -0.009461378 -0.01939076 -0.002191082 -0.009345567 -0.01941612 -0.002293993 -0.009567141 -0.01934156 -0.002381096 -0.009629891 -0.01931058 -0.002221972 -0.009503842 -0.01939076 -0.002387974 -0.009658544 -0.01931058 -0.002146938 -0.009345567 -0.01949542 -0.002170523 -0.009465249 -0.01945472 -0.002232193 -0.009577392 -0.01939076 -0.002309544 -0.009646198 -0.01934156 -0.002174781 -0.009509141 -0.01945472 -0.002138021 -0.009513268 -0.01958265 -0.002151878 -0.009466774 -0.01949543 -0.002128537 -0.009345567 -0.0195843 -0.002316818 -0.009676497 -0.01934156 -0.00215619 -0.009511229 -0.01949543 -0.002418034 -0.009759816 -0.01931058 -0.002185346 -0.009585162 -0.01945472 -0.002248466 -0.009660117 -0.01939076 -0.002256077 -0.009691822 -0.01939076 -0.002166891 -0.009588223 -0.01949543 -0.002166202 -0.009678864 -0.01958121 -0.002348606 -0.009783591 -0.01934156 -0.002202165 -0.009670669 -0.01945472 -0.002451815 -0.009847739 -0.01931058 -0.002210032 -0.00970344 -0.01945472 -0.002183925 -0.009674826 -0.01949543 -0.00228934 -0.009803886 -0.01939076 -0.002212729 -0.009840284 -0.01958002 -0.002191893 -0.009708015 -0.01949543 -0.002384328 -0.009876568 -0.01934156 -0.002496155 -0.009940921 -0.01931058 -0.002244413 -0.00981927 -0.01945472 -0.00232672 -0.009901177 -0.01939076 -0.002226715 -0.009825332 -0.01949543 -0.002431218 -0.009975106 -0.01934156 -0.002556729 -0.01004397 -0.01931058 -0.00228305 -0.009919832 -0.01945472 -0.002375785 -0.01000429 -0.01939076 -0.002301236 -0.01004353 -0.01957882 -0.002265846 -0.009927181 -0.01949543 -0.002249218 -0.009934285 -0.01957941 -0.002495274 -0.01008408 -0.01934156 -0.002333765 -0.01002641 -0.01945472 -0.002618078 -0.01012997 -0.01931058 -0.002635951 -0.01015243 -0.01931058 -0.002317211 -0.01003512 -0.01949543 -0.002442814 -0.01011832 -0.01939076 -0.002560149 -0.01017503 -0.01934156 -0.00257905 -0.01019877 -0.01934156 -0.002686327 -0.01021061 -0.01931058 -0.002403047 -0.01014427 -0.01945472 -0.002510699 -0.01021348 -0.01939076 -0.002723098 -0.01024894 -0.01931058 -0.00238738 -0.0101545 -0.01949543 -0.002375035 -0.01016857 -0.01957828 -0.002530477 -0.01023833 -0.01939076 -0.002632321 -0.01026029 -0.01934156 -0.002761009 -0.01028532 -0.01931058 -0.002473214 -0.01024264 -0.01945472 -0.002671206 -0.01030083 -0.01934156 -0.002493657 -0.01026832 -0.01945472 -0.00258622 -0.01030271 -0.01939076 -0.002458447 -0.01025412 -0.01949543 -0.002465185 -0.01029151 -0.01957794 -0.002711296 -0.01033931 -0.01934156 -0.002479151 -0.01028014 -0.01949543 -0.002626909 -0.01034513 -0.01939076 -0.002841612 -0.01035361 -0.01931058 -0.002551274 -0.01033486 -0.01945472 -0.00266886 -0.01038539 -0.01939076 -0.002567368 -0.01040467 -0.01957783 -0.002537507 -0.01034753 -0.01949543 -0.002593331 -0.01037871 -0.01945472 -0.002796533 -0.01041152 -0.01934156 -0.002927586 -0.010415 -0.01931058 -0.002580102 -0.01039194 -0.01949543 -0.002636691 -0.01042032 -0.01945472 -0.002758052 -0.01046095 -0.01939076 -0.002714888 -0.01053403 -0.01957801 -0.002624018 -0.01043408 -0.01949543 -0.002988078 -0.01045216 -0.01931058 -0.002887449 -0.01047643 -0.01934156 -0.00301834 -0.01046907 -0.01931058 -0.002728882 -0.01049842 -0.01945472 -0.002951419 -0.01051573 -0.01934156 -0.002853186 -0.01052888 -0.01939076 -0.00271739 -0.01051318 -0.01949543 -0.00298342 -0.01053361 -0.01934156 -0.003113254 -0.01051545 -0.01931058 -0.002920125 -0.01057 -0.01939076 -0.002827214 -0.01056863 -0.01945472 -0.003138174 -0.01052606 -0.01931058 -0.002953611 -0.01058871 -0.01939076 -0.002816982 -0.0105843 -0.01949543 -0.002878042 -0.01064298 -0.01957858 -0.00308379 -0.01058266 -0.01934156 -0.002896403 -0.01061114 -0.01945472 -0.003110142 -0.01059388 -0.01934156 -0.003211678 -0.01055382 -0.01931058 -0.002931014 -0.01063048 -0.01945472 -0.002887057 -0.01062734 -0.01949543 -0.003058638 -0.01064003 -0.01939076 -0.003054021 -0.01072966 -0.01957951 -0.002922112 -0.01064693 -0.01949543 -0.003086213 -0.01065177 -0.01939076 -0.003187871 -0.01062324 -0.01934156 -0.003312937 -0.01058393 -0.01931058 -0.003039572 -0.01068352 -0.01945472 -0.003068074 -0.01069566 -0.01945472 -0.003167549 -0.0106825 -0.01939076 -0.003032061 -0.01070066 -0.01949543 -0.003294951 -0.01065508 -0.01934156 -0.003060929 -0.01071295 -0.01949543 -0.003416339 -0.01060556 -0.01931058 -0.003152144 -0.01072741 -0.01945472 -0.003279598 -0.01071581 -0.01939076 -0.003146076 -0.01074511 -0.01949543 -0.00316451 -0.01077036 -0.01958024 -0.003404297 -0.01067795 -0.01934156 -0.003521175 -0.01061857 -0.01931058 -0.003626476 -0.01069625 -0.01934155 -0.00326796 -0.01076185 -0.01945472 -0.003394018 -0.01073975 -0.01939076 -0.003263375 -0.01077999 -0.01949543 -0.003283575 -0.01080362 -0.01958114 -0.00351516 -0.0106917 -0.01934156 -0.003626476 -0.0107589 -0.01939075 -0.003386226 -0.01078659 -0.01945472 -0.003510025 -0.01075414 -0.01939076 -0.003383157 -0.01080504 -0.01949543 -0.003506133 -0.01080147 -0.01945472 -0.003504599 -0.01082011 -0.01949543 -0.00332659 -0.01081827 -0.01966385 -0.003248364 -0.01080547 -0.0197415 -0.003167492 -0.01078772 -0.01981793 -0.003087394 -0.01076542 -0.01988999 -0.003003645 -0.01072761 -0.01984052 -0.002923075 -0.01068532 -0.01979622 -0.002827235 -0.01062684 -0.01974892 -0.002739703 -0.01056484 -0.01971245 -0.002658165 -0.01049875 -0.01968621 -0.00252787 -0.01037337 -0.01966716 -0.002433486 -0.010262 -0.01966698 -0.002350418 -0.01014195 -0.0196666 -0.002282545 -0.0100206 -0.01966604 -0.002234792 -0.009915004 -0.01966544 -0.002173787 -0.009731822 -0.01966417 -0.002136837 -0.009542297 -0.01966258 -0.002124528 -0.009349571 -0.0196607 -0.003363955 -0.01086911 -0.01980376 -0.003410216 -0.01098352 -0.01988345 -0.003172449 -0.01081316 -0.01992805 -0.003159998 -0.01086763 -0.02003377 -0.003265835 -0.01082299 -0.01981301 -0.003265652 -0.0108713 -0.01992103 -0.003217383 -0.01096766 -0.02005021 -0.003285026 -0.01092881 -0.01996387 -0.003340906 -0.01103008 -0.01996554 -0.003469702 -0.01095525 -0.01980568 -0.003127575 -0.01097612 -0.02012324 -0.003128786 -0.0109173 -0.02009829 -0.003085172 -0.01091099 -0.0201175 -0.003147015 -0.01089531 -0.02007084 -0.003075567 -0.01088105 -0.02010271 -0.003035877 -0.01085497 -0.02009505 -0.003156893 -0.01087132 -0.0200409 -0.003090841 -0.01086682 -0.02008496 -0.003100624 -0.01085081 -0.02006498 -0.003034547 -0.01083853 -0.02008034 -0.002983016 -0.01081184 -0.02005741 -0.003104419 -0.01083384 -0.0200438 -0.003040991 -0.01083076 -0.02007064 -0.00310203 -0.01081677 -0.02002249 -0.003109582 -0.01078003 -0.01992698 -0.003055805 -0.01076649 -0.01995106 -0.003044482 -0.01082228 -0.02006005 -0.003093581 -0.01080047 -0.02000215 -0.003044844 -0.01081352 -0.02004913 -0.003079502 -0.01078576 -0.0199838 -0.003042057 -0.01080494 -0.02003842 -0.003060509 -0.01077341 -0.01996838 -0.003020392 -0.01078223 -0.02000786 -0.003036263 -0.01079697 -0.02002847 -0.003027758 -0.01079001 -0.02001978 -0.003034424 -0.01075708 -0.01993862 -0.002820261 -0.01062417 -0.01976286 -0.002604814 -0.01058219 -0.01989327 -0.002449219 -0.0106456 -0.01995278 -0.002546871 -0.01068584 -0.01996516 -0.002678116 -0.0105337 -0.01976628 -0.002751876 -0.01064928 -0.01989904 -0.002473963 -0.01051557 -0.01990079 -0.002309352 -0.01057772 -0.019945 -0.002389178 -0.01050308 -0.01992438 -0.002458461 -0.01043828 -0.01986483 -0.002553169 -0.01044708 -0.01978727 -0.002506915 -0.01039297 -0.01977474 -0.002935129 -0.01075805 -0.0199882 -0.002835033 -0.01077768 -0.02002135 -0.002922786 -0.0107308 -0.01994619 -0.002883951 -0.0107091 -0.01992528 -0.002650032 -0.0106619 -0.0199433 -0.002689291 -0.0107358 -0.01999002 -0.002840331 -0.010658 -0.0198501 -0.002786946 -0.01071615 -0.01996616 0.00230934 -0.01057773 -0.019945 0.002456497 -0.01064876 -0.01995355 0.002623819 -0.01071409 -0.01997771 0.0027936 -0.01076662 -0.02001198 0.002983016 -0.01081184 -0.02005741 0.002861955 -0.01084056 -0.02010037 -0.002861828 -0.01084058 -0.02010041 0.002723103 -0.01086108 -0.02014645 -0.002723093 -0.01086108 -0.02014646 -0.002589872 -0.0108722 -0.02018766 0.002589728 -0.0108722 -0.02018771 -0.00244508 -0.01087731 -0.0202293 0.002445081 -0.01087731 -0.0202293 -0.00248875 -0.01089527 -0.02030726 -0.002647753 -0.01093027 -0.02030663 -0.002528388 -0.01093921 -0.02037658 -0.002560336 -0.0110051 -0.02043085 -0.002706488 -0.01105452 -0.02038364 -0.0028924 -0.01093121 -0.02020798 -0.002770396 -0.01093425 -0.02025978 -0.0028331 -0.01106629 -0.02031852 -0.003012375 -0.0109186 -0.02015132 -0.002959995 -0.0110685 -0.0202454 -0.00308606 -0.01105724 -0.02016411 -0.002679164 -0.01089175 -0.02022861 -0.002743441 -0.01099127 -0.02032562 -0.002669174 -0.01112761 -0.02042761 -0.002581646 -0.01108685 -0.02046507 -0.002868323 -0.0109963 -0.02026698 -0.00299252 -0.01099169 -0.02020167 0.002581646 -0.01108684 -0.02046507 -0.00229716 -0.01090055 -0.02040808 -0.002229684 -0.01088321 -0.02034182 -0.002333747 -0.01094458 -0.02047901 -0.002363236 -0.01101054 -0.02053457 -0.002101494 -0.01090541 -0.02050075 -0.002009111 -0.01088856 -0.02044385 -0.002382906 -0.01109233 -0.02056966 -0.002044996 -0.01090671 -0.02052565 -0.002134964 -0.01094951 -0.02057314 -0.002077567 -0.01095084 -0.02059844 -0.002161942 -0.01101553 -0.0206299 -0.0019021 -0.01090983 -0.02058508 -0.001783873 -0.01089334 -0.02053515 -0.002103819 -0.01101687 -0.02065552 -0.002179936 -0.01109736 -0.02066578 -0.001932395 -0.010954 -0.02065882 -0.001815734 -0.01091158 -0.02061858 -0.002121329 -0.01109872 -0.02069161 -0.001956813 -0.01102008 -0.02071666 -0.001844653 -0.01095579 -0.02069286 -0.001699333 -0.0109138 -0.02066094 -0.001554491 -0.01089755 -0.02061551 -0.0019731 -0.01110195 -0.02075326 -0.001867963 -0.01102188 -0.02075112 -0.001726398 -0.01095804 -0.02073588 -0.001582255 -0.01091587 -0.02070037 -0.00188351 -0.01110377 -0.02078801 -0.001748213 -0.01102417 -0.0207947 -0.001607456 -0.01096014 -0.02077595 -0.001493552 -0.01091733 -0.02072819 -0.001321498 -0.01090118 -0.02068474 -0.001762764 -0.01110607 -0.02083195 -0.001627768 -0.01102629 -0.02083527 -0.00151734 -0.01096162 -0.0208042 -0.001345101 -0.01091956 -0.02077084 -0.001641316 -0.01110822 -0.02087285 -0.001536514 -0.01102779 -0.02086388 -0.001285126 -0.01092039 -0.02078671 -0.001085437 -0.01090422 -0.02074267 -0.001366525 -0.01096389 -0.02084754 -0.001549302 -0.01110973 -0.0209017 -0.001305594 -0.01096474 -0.02086366 -0.001383792 -0.01103009 -0.02090776 -0.001322091 -0.01103095 -0.02092409 -0.001104823 -0.01092265 -0.02082981 -0.00139531 -0.01111205 -0.02094595 -0.001333095 -0.01111291 -0.02096241 -0.00112242 -0.01096703 -0.02090745 -0.001136603 -0.01103327 -0.02096843 -0.0008619793 -0.01092513 -0.02087715 -0.0008468538 -0.01090666 -0.02078918 -0.001146063 -0.01111525 -0.02100712 -0.0008757082 -0.01096955 -0.02095554 -0.0008867736 -0.01103582 -0.02101713 -0.000647698 -0.0109268 -0.02090896 -0.0006063041 -0.01090849 -0.02082416 -0.0008941544 -0.01111783 -0.02105623 -0.000658014 -0.01097125 -0.02098786 -0.0006663287 -0.01103754 -0.02104986 -0.0004324348 -0.01092799 -0.02093171 -0.0003643463 -0.01090971 -0.02084753 -0.0006718746 -0.01111956 -0.02108923 -0.0003708538 -0.01092824 -0.02093653 -0.0004393223 -0.01097246 -0.02101097 -0.0003767604 -0.01097272 -0.02101587 -0.0004448736 -0.01103877 -0.02107326 -0.0002164125 -0.01092871 -0.02094537 -0.0001215421 -0.01091033 -0.02085922 -0.0003815212 -0.01103903 -0.02107822 -0.0004485763 -0.01112079 -0.02111282 -0.0002198593 -0.01097319 -0.02102485 -0.000123713 -0.01092887 -0.02094844 -0.0003846966 -0.01112105 -0.02111783 -0.0002226375 -0.0110395 -0.02108731 -0.0001256834 -0.01097335 -0.02102797 -1.42463e-08 -0.01092895 -0.02094993 0.0001215443 -0.01091033 -0.02085922 -0.0002244905 -0.01112153 -0.021127 -0.0001272715 -0.01103967 -0.02109047 -1.447307e-08 -0.01097343 -0.02102948 0.0001237151 -0.01092887 -0.02094844 -0.0001283308 -0.0111217 -0.02113018 -1.465582e-08 -0.01103975 -0.021092 0.0001256856 -0.01097335 -0.02102797 0.0002163863 -0.01092871 -0.02094537 0.0003643484 -0.01090971 -0.02084753 -1.477767e-08 -0.01112178 -0.02113172 0.0001272737 -0.01103967 -0.02109047 0.0002198327 -0.01097319 -0.02102485 0.0003708559 -0.01092824 -0.02093653 0.000128333 -0.0111217 -0.02113018 0.0002226105 -0.0110395 -0.02108731 0.000432411 -0.01092799 -0.02093171 0.0006063062 -0.01090849 -0.02082416 0.0003767626 -0.01097272 -0.02101587 0.0002244634 -0.01112153 -0.021127 0.000439298 -0.01097246 -0.02101097 0.0003815234 -0.01103903 -0.02107822 0.000444849 -0.01103877 -0.02107326 0.0006171353 -0.010927 -0.02091275 0.0003846988 -0.01112105 -0.02111783 0.0004485516 -0.01112079 -0.02111283 0.0006269646 -0.01097145 -0.02099171 0.0006348869 -0.01103774 -0.02105376 0.000861802 -0.01092513 -0.02087718 0.0008468559 -0.01090666 -0.02078918 0.0006401712 -0.01111976 -0.02109316 0.000875528 -0.01096956 -0.02095557 0.0008865913 -0.01103583 -0.02101716 0.001074407 -0.010923 -0.0208364 0.001085439 -0.01090422 -0.02074267 0.0008939705 -0.01111783 -0.02105626 0.001091519 -0.01096739 -0.02091415 0.001105311 -0.01103363 -0.02097521 0.001285111 -0.01092039 -0.02078671 0.0013215 -0.01090118 -0.02068474 0.001114511 -0.01111561 -0.02101396 0.001345103 -0.01091956 -0.02077084 0.001305579 -0.01096474 -0.02086366 0.001366527 -0.01096389 -0.02084753 0.001322077 -0.01103095 -0.02092409 0.00149354 -0.01091733 -0.02072819 0.001554493 -0.01089755 -0.02061551 0.001383795 -0.01103009 -0.02090776 0.001333081 -0.01111291 -0.02096242 0.001517328 -0.01096162 -0.02080421 0.001582257 -0.01091587 -0.02070037 0.001395312 -0.01111205 -0.02094595 0.001536501 -0.01102779 -0.02086388 0.001607458 -0.01096014 -0.02077595 0.001699323 -0.0109138 -0.02066094 0.001783875 -0.01089334 -0.02053515 0.00154929 -0.01110973 -0.02090171 0.00162777 -0.01102629 -0.02083527 0.001726388 -0.01095804 -0.02073589 0.001815736 -0.01091158 -0.02061858 0.001641318 -0.01110822 -0.02087285 0.001748203 -0.01102417 -0.0207947 0.001844656 -0.01095579 -0.02069285 0.001902093 -0.01090983 -0.02058508 0.002009113 -0.01088856 -0.02044385 0.001762754 -0.01110607 -0.02083195 0.001867965 -0.01102188 -0.02075112 0.001932388 -0.010954 -0.02065882 0.002044998 -0.01090671 -0.02052565 0.001883512 -0.01110377 -0.02078801 0.001956805 -0.01102008 -0.02071666 0.002101489 -0.01090541 -0.02050075 0.002229686 -0.01088321 -0.02034182 0.002077569 -0.01095084 -0.02059844 0.001973092 -0.01110195 -0.02075326 0.00213496 -0.01094951 -0.02057314 0.002103821 -0.01101687 -0.02065552 0.002161937 -0.01101553 -0.0206299 0.00226951 -0.01090127 -0.0204218 0.002488749 -0.01089527 -0.02030726 0.002528387 -0.01093921 -0.02037658 0.002121331 -0.01109872 -0.02069161 0.002179931 -0.01109736 -0.02066578 0.002305656 -0.01094531 -0.02049294 0.002560336 -0.0110051 -0.02043085 0.002334791 -0.01101128 -0.02054868 0.002354223 -0.01109307 -0.02058388 0.002951546 -0.01092642 -0.02018081 0.003085106 -0.01091091 -0.02011748 0.002847084 -0.01093331 -0.02022787 0.003021957 -0.01106497 -0.02020658 0.002729491 -0.0109336 -0.02027596 0.002912734 -0.01106901 -0.02027361 0.002790781 -0.01106327 -0.02034111 0.002593758 -0.01092678 -0.02032575 0.002650981 -0.01104703 -0.02040992 0.003170241 -0.01095264 -0.02008485 0.003129025 -0.01091001 -0.02009387 0.003160415 -0.01086922 -0.02003503 0.003085406 -0.01089478 -0.02010786 0.003144906 -0.01086418 -0.02004517 0.003111444 -0.0108528 -0.02006007 0.003075969 -0.01084012 -0.02006728 0.003121131 -0.01081622 -0.02000453 0.003131788 -0.01080453 -0.01996769 0.003040047 -0.01082669 -0.02006647 0.00309707 -0.01080783 -0.02001225 0.003113026 -0.01078659 -0.01994616 0.003087394 -0.01076542 -0.01988999 0.003005265 -0.01081312 -0.02005768 0.003020393 -0.01078224 -0.02000786 0.003072151 -0.01079871 -0.02001448 0.00310113 -0.01078254 -0.01995146 0.003047473 -0.01078929 -0.02001113 0.003055805 -0.01076649 -0.01995106 0.003088519 -0.01077804 -0.01995402 0.003075748 -0.01077326 -0.01995373 0.003063383 -0.01076844 -0.01995061 0.002389341 -0.01050292 -0.01992429 0.002653264 -0.0104945 -0.01968493 0.002506993 -0.0103929 -0.01977452 0.00252787 -0.01037337 -0.01966716 0.00250985 -0.01057959 -0.01992211 0.002458722 -0.01043804 -0.01986449 0.002596557 -0.01050507 -0.01981826 0.00264133 -0.01069157 -0.01996446 0.002898886 -0.01072526 -0.01994683 0.002986065 -0.01077112 -0.01999671 0.002620987 -0.01059302 -0.01989598 0.002730098 -0.01061528 -0.01986369 0.002699081 -0.01055059 -0.01977288 0.002798136 -0.01060719 -0.01973599 0.002762255 -0.0106869 -0.01994056 0.00283537 -0.01064872 -0.01983081 0.002937012 -0.01069307 -0.01980362 0.002997923 -0.01072989 -0.01987597 0.003326543 -0.01081826 -0.01966389 0.003213339 -0.01078528 -0.0195806 0.003404973 -0.01082695 -0.01958216 0.003248371 -0.01080547 -0.01974149 0.003167563 -0.01078774 -0.01981786 0.003028772 -0.01071894 -0.01957936 0.002854429 -0.01062907 -0.01957848 0.002755988 -0.01056446 -0.01957813 0.00265843 -0.0104885 -0.0195779 0.002567459 -0.01040476 -0.01957783 0.002455462 -0.01027945 -0.01957796 0.002405389 -0.01022413 -0.01966688 0.002358213 -0.0101424 -0.01957838 0.00230317 -0.01006037 -0.01966624 0.002276943 -0.009995321 -0.01957907 0.002222893 -0.009884789 -0.01966525 0.002236275 -0.009903035 -0.01957961 0.002195813 -0.009788999 -0.01958038 0.002185823 -0.009774984 -0.01966449 0.002159577 -0.009648417 -0.01958146 0.002152702 -0.00963992 -0.01966343 0.002136352 -0.009497779 -0.01958279 0.002131546 -0.00949544 -0.01966215 0.002128537 -0.009345567 -0.0195843 0.002124528 -0.009349571 -0.0196607 0.003470268 -0.01086037 -0.01965898 0.003267229 -0.01085543 -0.01989323 0.00330384 -0.01097187 -0.01997498 0.003371399 -0.01086105 -0.01977806 0.003522088 -0.0109272 -0.01972426 0.003301674 -0.01082889 -0.01977893 0.003505768 -0.01101652 -0.01981265 0.003553428 -0.01101877 -0.01976922 0.003418928 -0.01095233 -0.01985273 0.003384107 -0.01104381 -0.01993197 0.003685511 -0.01088623 -0.0195481 0.003519823 -0.0108287 -0.0195181 0.003626476 -0.01080639 -0.01945471 0.003758219 -0.01090836 -0.01952594 0.003590658 -0.01089172 -0.01961474 0.003764874 -0.01100641 -0.01957706 0.003540213 -0.01088726 -0.01964805 0.003659123 -0.01100999 -0.01966864 0.003603367 -0.01100244 -0.01971383 0.003534773 -0.0106196 -0.01931058 0.003626476 -0.01069625 -0.01934155 0.003626476 -0.01062285 -0.01931057 0.003626476 -0.0107589 -0.01939075 0.00352954 -0.0106928 -0.01934156 0.003437497 -0.01060888 -0.01931058 0.003525072 -0.01075529 -0.01939076 0.003426671 -0.01068147 -0.01934156 0.003521685 -0.01080266 -0.01945472 0.003313501 -0.01058406 -0.01931058 0.00341743 -0.01074343 -0.01939076 0.003274062 -0.01057343 -0.01931058 0.00352035 -0.01082132 -0.01949543 0.003295547 -0.01065522 -0.01934156 0.003410424 -0.0107904 -0.01945472 0.003212229 -0.010554 -0.01931057 0.00325384 -0.01064398 -0.01934156 0.003407664 -0.01080891 -0.01949543 0.00328022 -0.01071596 -0.01939076 0.003188452 -0.01062343 -0.01934156 0.003236578 -0.01070421 -0.01939076 0.003116642 -0.01051692 -0.01931057 0.003268602 -0.01076201 -0.01945472 0.003168156 -0.0106827 -0.01939076 0.003223493 -0.01074986 -0.01945472 0.003264025 -0.01078015 -0.01949543 0.003087371 -0.01058422 -0.01934156 0.003218338 -0.01076784 -0.01949543 0.003018854 -0.01046933 -0.01931057 0.003152771 -0.01072763 -0.01945472 0.003062384 -0.01064166 -0.01939076 0.00314671 -0.01074533 -0.01949543 0.002967944 -0.01044029 -0.01931057 0.002983961 -0.0105339 -0.01934156 0.002928076 -0.0104153 -0.01931057 0.003043443 -0.01068521 -0.01945472 0.002930125 -0.01050318 -0.01934156 0.002954175 -0.01058901 -0.01939076 0.003035981 -0.01070237 -0.01949543 0.002883984 -0.01038519 -0.01931057 0.002887965 -0.01047676 -0.01934156 0.00289784 -0.01055687 -0.01939076 0.002842076 -0.01035396 -0.01931057 0.002931597 -0.01063079 -0.01945472 0.002841338 -0.01044492 -0.01934156 0.002853724 -0.01052923 -0.01939076 0.002800772 -0.01032043 -0.01931057 0.002922702 -0.01064725 -0.01949543 0.002873368 -0.01059757 -0.01945472 0.00279702 -0.01041189 -0.01934156 0.002804934 -0.01049591 -0.01939076 0.002761442 -0.01028571 -0.01931057 0.002863727 -0.01061361 -0.01949543 0.002827769 -0.010569 -0.01945472 0.002753342 -0.01037643 -0.01934156 0.002758559 -0.01046134 -0.01939076 0.002723182 -0.01024901 -0.01931057 0.002817543 -0.01058466 -0.01949543 0.002777338 -0.01053456 -0.01945472 0.002711751 -0.01033972 -0.01934156 0.002712854 -0.01042424 -0.01939076 0.002686727 -0.01021103 -0.01931057 0.002766466 -0.01054978 -0.01949543 0.002729405 -0.01049883 -0.01945472 0.002671293 -0.01030091 -0.01934156 0.002669333 -0.01038582 -0.01939076 0.002717919 -0.0105136 -0.01949543 0.002682163 -0.01046048 -0.01945472 0.002632741 -0.01026074 -0.01934156 0.002627669 -0.01014213 -0.01931057 0.002626997 -0.01034521 -0.01939076 0.002670072 -0.01047476 -0.01949543 0.002637179 -0.01042077 -0.01945472 0.002586656 -0.01030318 -0.01939076 0.002624511 -0.01043454 -0.01949543 0.002570288 -0.01018789 -0.01934156 0.00259342 -0.0103788 -0.01945472 0.002557055 -0.01004445 -0.01931057 0.002580191 -0.01039203 -0.01949543 0.002551723 -0.01033535 -0.01945472 0.002521305 -0.01022695 -0.01939076 0.00253796 -0.01034802 -0.01949543 0.002495615 -0.01008459 -0.01934156 0.002484174 -0.01025655 -0.01945472 0.002502986 -0.009953697 -0.01931057 0.002469546 -0.01026822 -0.01949543 0.002443166 -0.01011885 -0.01939076 0.002475455 -0.009899796 -0.01931057 0.002438437 -0.00998862 -0.01934156 0.002456606 -0.009858785 -0.01931057 0.002403409 -0.01014483 -0.01945472 0.002409324 -0.009931619 -0.01934156 0.002440793 -0.009821082 -0.01931057 0.002383336 -0.01001843 -0.01939076 0.002387746 -0.01015506 -0.01949543 0.002389391 -0.00988825 -0.01934156 0.002352872 -0.009958784 -0.01939076 0.002418231 -0.009760362 -0.01931057 0.002372669 -0.00984838 -0.01934156 0.002341568 -0.01004103 -0.01945472 0.002406312 -0.009723822 -0.01931057 0.002332014 -0.009913403 -0.01939076 0.002325112 -0.01004993 -0.01949543 0.002310079 -0.009979376 -0.01945472 0.00234881 -0.009784169 -0.01934156 0.002314515 -0.009871683 -0.01939076 0.002388126 -0.009659102 -0.01931057 0.002336206 -0.009745529 -0.01934156 0.00229322 -0.009987489 -0.01949543 0.00228852 -0.009932469 -0.01945472 0.00228955 -0.009804492 -0.01939076 0.002270433 -0.009889347 -0.01945472 0.002271384 -0.009939981 -0.01949543 0.002375471 -0.009603922 -0.01931057 0.002316974 -0.00967709 -0.01934156 0.002276361 -0.009764059 -0.01939076 0.002253066 -0.009896307 -0.01949543 0.002366495 -0.009555702 -0.01931057 0.002244629 -0.009819898 -0.01945472 0.002303592 -0.009618736 -0.01934156 0.002256237 -0.009692443 -0.01939076 0.002230996 -0.009778105 -0.01945472 0.002226931 -0.009825967 -0.01949543 0.0022941 -0.009567744 -0.01934156 0.00235575 -0.009475454 -0.01931057 0.002213123 -0.009783639 -0.01949543 0.002242234 -0.009631382 -0.01939076 0.002353488 -0.009450867 -0.01931057 0.002338419 -0.009345567 -0.01931372 0.002210195 -0.009704082 -0.01945472 0.002232301 -0.009578024 -0.01939076 0.002282737 -0.009482883 -0.01934156 0.002192056 -0.009708668 -0.01949543 0.002195721 -0.009640968 -0.01945472 0.002280345 -0.009456882 -0.01934156 0.002256914 -0.009345567 -0.01935365 0.002177397 -0.009644745 -0.01949543 0.002185455 -0.009585816 -0.01945472 0.00222041 -0.009489225 -0.01939076 0.002217907 -0.009462017 -0.01939076 0.002191078 -0.009345567 -0.01941612 0.002166999 -0.009588886 -0.01949543 0.002173165 -0.009494033 -0.01945472 0.002170578 -0.00946591 -0.01945472 0.002146937 -0.009345567 -0.01949542 0.002154551 -0.009495927 -0.01949543 0.002151931 -0.009467443 -0.01949543 0.003829402 -0.01069963 -0.01934357 0.00374231 -0.01076098 -0.01939291 0.004020041 -0.01055687 -0.0192762 0.003978225 -0.01054392 -0.01929032 0.004048945 -0.01054392 -0.0192619 0.003919035 -0.01077035 -0.01936243 0.004010967 -0.01084849 -0.01932862 0.003919585 -0.01063618 -0.01931194 0.003938068 -0.01064666 -0.01931162 0.004076794 -0.01063671 -0.01924762 0.003989793 -0.01067723 -0.01930307 0.004090684 -0.01063252 -0.01923612 0.004110221 -0.01054392 -0.01921657 0.004020434 -0.01076745 -0.01930597 0.003957115 -0.01086846 -0.01937696 0.003847917 -0.01085148 -0.01943761 0.003867356 -0.01094969 -0.01947236 0.003736824 -0.01082271 -0.01945897 0.004014401 -0.0104481 -0.0192783 0.002338403 -0.007342826 -0.01931373 0.002256903 -0.007342826 -0.01935366 0.002191072 -0.007342826 -0.01941613 0.002146936 -0.007342826 -0.01949543 0.002128532 -0.007342826 -0.0195843 0.001629217 -0.00663364 -0.01931373 0.001757703 -0.006696572 -0.01933469 0.001629217 -0.00671514 -0.01935366 0.001629217 -0.006780971 -0.01941613 0.001881894 -0.006732261 -0.01933374 0.001735383 -0.006809107 -0.01944158 0.001629217 -0.006825108 -0.01949543 0.001629217 -0.006843511 -0.0195843 0.001791095 -0.006870131 -0.01958008 0.001996253 -0.006791935 -0.01933316 0.001837804 -0.006838965 -0.01943985 0.002096486 -0.006873363 -0.01933296 0.001932026 -0.00688841 -0.01943879 0.001935494 -0.006947752 -0.019578 0.002178361 -0.006973147 -0.01933315 0.002014619 -0.006955615 -0.01943842 0.002046788 -0.007068078 -0.01957828 0.002238693 -0.007087444 -0.01933372 0.00208219 -0.00703784 -0.01943877 0.002275021 -0.007211885 -0.01933467 0.002132173 -0.00713201 -0.01943982 0.002098702 -0.007171803 -0.0195799 0.002162555 -0.007234634 -0.01944154 -0.001629217 -0.00663364 -0.01931373 -0.001629217 -0.00671514 -0.01935366 -0.001629217 -0.006780971 -0.01941613 -0.001629217 -0.006825108 -0.01949543 -0.001629217 -0.006843511 -0.0195843 -0.002338403 -0.007342826 -0.01931373 -0.002275481 -0.007214395 -0.01933469 -0.002256903 -0.007342826 -0.01935366 -0.002191073 -0.007342826 -0.01941613 -0.002239807 -0.007090212 -0.01933374 -0.002162944 -0.007236706 -0.01944158 -0.002146936 -0.007342826 -0.01949543 -0.002128532 -0.007342826 -0.0195843 -0.002101912 -0.007180948 -0.01958008 -0.002180159 -0.006975868 -0.01933316 -0.002133099 -0.007134291 -0.01943985 -0.002098748 -0.006875625 -0.01933296 -0.002083676 -0.007040082 -0.01943879 -0.002024291 -0.007036549 -0.019578 -0.001998993 -0.006793747 -0.01933315 -0.002016484 -0.00695748 -0.01943842 -0.001903966 -0.006925254 -0.01957828 -0.001884693 -0.006733388 -0.01933372 -0.001934283 -0.006889907 -0.01943877 -0.001760161 -0.006697022 -0.01933467 -0.001840111 -0.006839902 -0.01943982 -0.00180024 -0.006873341 -0.0195799 -0.001737411 -0.006809489 -0.01944154 -0.002124528 -0.00734683 -0.0196607 -0.00191465 -0.00734683 -0.01993127 -0.001824947 -0.009349524 -0.019945 -0.001914657 -0.009349571 -0.01993127 -0.001824937 -0.007346859 -0.019945 -0.001996152 -0.00734683 -0.01989135 -0.001996157 -0.009349571 -0.01989134 -0.002061985 -0.00734683 -0.01982887 -0.002061988 -0.009349571 -0.01982887 -0.002106123 -0.00734683 -0.01974957 -0.002106124 -0.009349571 -0.01974957 0.001625167 -0.007147107 -0.019945 0.001809765 -0.007270393 -0.019945 0.001824937 -0.007346859 -0.019945 0.001766464 -0.007205568 -0.019945 0.001701635 -0.007162271 -0.019945 0.001824946 -0.009349526 -0.019945 -0.002196083 -0.01044416 -0.019945 0.00218493 -0.01042946 -0.019945 -0.002096497 -0.01030018 -0.019945 0.002077924 -0.01026964 -0.019945 -0.002015102 -0.01015476 -0.019945 0.001988235 -0.01009871 -0.019945 -0.001957631 -0.01002796 -0.019945 0.001943323 -0.009991694 -0.019945 -0.001917375 -0.009919103 -0.019945 0.001898734 -0.009859789 -0.019945 -0.001866188 -0.009732903 -0.019945 0.001858911 -0.009697893 -0.019945 -0.001835287 -0.00954298 -0.019945 0.001833433 -0.009524922 -0.019945 -0.001625184 -0.007147106 -0.019945 -0.001701646 -0.007162276 -0.019945 -0.001766469 -0.007205574 -0.019945 -0.001809767 -0.007270397 -0.019945 0.001983896 -0.009596096 -0.01991003 0.002097142 -0.009579098 -0.01980291 0.002226757 -0.0100106 -0.01980549 0.002243479 -0.01027514 -0.01991184 0.002022339 -0.009469282 -0.01987473 0.001996157 -0.009349571 -0.01989134 0.002061988 -0.009349571 -0.01982887 0.002098729 -0.009463583 -0.0197767 0.002106124 -0.009349571 -0.01974957 0.001945948 -0.009769634 -0.01993689 0.002035954 -0.009833403 -0.01991084 0.002068462 -0.009701467 -0.01986471 0.002146095 -0.009799872 -0.01980438 0.002156513 -0.009716944 -0.01973445 0.002135312 -0.00992496 -0.01986575 0.002122262 -0.01006003 -0.01991144 0.002096704 -0.01016293 -0.019937 0.002235265 -0.01013781 -0.01986649 0.002339736 -0.01021058 -0.01980623 0.002286689 -0.01047042 -0.01994006 0.002327459 -0.01013055 -0.01973684 0.00234978 -0.0103611 -0.01989064 0.002395532 -0.01032475 -0.01983682 0.002457369 -0.01030637 -0.0197206 0.00193026 -0.009495784 -0.01992818 0.001914657 -0.009349571 -0.01993127 0.002042859 -0.009957177 -0.01992591 0.00219874 -0.009897234 -0.01977089 0.002262097 -0.01037224 -0.01992922 0.00191465 -0.00734683 -0.01993127 0.001996152 -0.00734683 -0.01989135 0.002061985 -0.00734683 -0.01982887 0.002106123 -0.00734683 -0.01974957 0.002124528 -0.00734683 -0.0196607 0.001625213 -0.006847515 -0.0196607 0.001795864 -0.006877845 -0.0196651 0.001899382 -0.006929926 -0.01966672 0.002019596 -0.007041183 -0.019667 0.00209743 -0.007185301 -0.01966492 0.001625213 -0.00686592 -0.01974957 0.001923725 -0.007179487 -0.01990902 0.002022953 -0.007123877 -0.01980108 0.001792502 -0.007048287 -0.01990902 0.001848094 -0.00694905 -0.01980108 0.002006859 -0.007250792 -0.019874 0.0020585 -0.007237807 -0.0198152 0.002080794 -0.007232196 -0.0197757 0.001912467 -0.007059524 -0.01986261 0.001947604 -0.00702438 -0.01980108 0.001942199 -0.006978302 -0.01973452 0.001721219 -0.006965177 -0.019874 0.001625213 -0.006975892 -0.01989135 0.001625213 -0.006910058 -0.01982887 0.001734199 -0.006913534 -0.0198152 0.001739808 -0.006891239 -0.0197757 0.00171903 -0.007062645 -0.01992801 0.001625213 -0.007057394 -0.01993127 -0.001625213 -0.007057393 -0.01993127 -0.001625213 -0.006975891 -0.01989135 -0.001625213 -0.006910058 -0.01982887 -0.001625213 -0.00686592 -0.01974957 -0.001625213 -0.006847515 -0.0196607 -0.001786742 -0.006874613 -0.01966492 -0.00193086 -0.006952447 -0.019667 -0.002042117 -0.007072661 -0.01966672 -0.002094198 -0.007176178 -0.0196651 -0.001792538 -0.007048307 -0.01990902 -0.001848142 -0.006949077 -0.01980108 -0.001923735 -0.007179505 -0.01990902 -0.002022966 -0.007123901 -0.01980108 -0.001721241 -0.006965182 -0.019874 -0.001734223 -0.00691354 -0.0198152 -0.001739834 -0.006891245 -0.0197757 -0.001912493 -0.00705955 -0.01986261 -0.001947634 -0.007024409 -0.01980108 -0.001993722 -0.007029821 -0.01973452 -0.002006861 -0.007250802 -0.019874 -0.002058503 -0.00723782 -0.0198152 -0.002080797 -0.007232209 -0.0197757 -0.002254251 -0.01029107 -0.01991187 -0.002349766 -0.01022539 -0.01980627 -0.002152519 -0.009820711 -0.0198045 -0.002292375 -0.01047733 -0.01994008 -0.002355492 -0.01036859 -0.01989079 -0.002401069 -0.01033194 -0.01983702 -0.002110751 -0.01018889 -0.01993701 -0.002132456 -0.0100814 -0.01991149 -0.002245512 -0.0101557 -0.01986654 -0.002236267 -0.01003047 -0.01980557 -0.002300393 -0.01008362 -0.01973664 -0.002143533 -0.009946051 -0.01986583 -0.002042814 -0.009855808 -0.01991091 -0.001953273 -0.009798105 -0.0199369 -0.002073044 -0.009721641 -0.01986481 -0.00209988 -0.009597153 -0.01980304 -0.001986788 -0.009615498 -0.0199101 -0.001871771 -0.009444028 -0.01994171 -0.002144403 -0.00966398 -0.01973405 -0.002023009 -0.009478757 -0.01987478 -0.002099392 -0.009472604 -0.01977678 -0.002121847 -0.009446503 -0.01970572 -0.002053957 -0.009985442 -0.01992593 -0.002208714 -0.009922705 -0.01977103 -0.0019275 -0.009532544 -0.01993031 -0.001893426 -0.009630761 -0.01994148</float_array>
          <technique_common>
            <accessor count="4537" source="#cubeverts-array0-array" stride="3">
              <param type="float" name="X"/>
              <param type="float" name="Y"/>
              <param type="float" name="Z"/>
            </accessor>
          </technique_common>
        </source>
        <source id="cubenormals-array0">
          <float_array count="27204" id="cubenormals-array0-array">-0.9996892 4.212355e-06 -0.02493141 -0.9972039 -7.102694e-05 -0.07472928 -0.9993082 0.0001510479 -0.03718964 -0.9848075 4.732895e-06 -0.1736494 -0.9922392 -2.825392e-06 -0.1243436 -0.9937826 0.0001518953 -0.1113373 -0.9749284 -7.524282e-05 -0.222519 -0.9827273 0.000145257 -0.1850595 -0.962624 -7.131779e-05 -0.2708415 -0.9699391 5.751913e-05 -0.2433473 -0.947927 -7.495834e-05 -0.3184876 -0.9567852 8.317102e-05 -0.2907955 -0.9115051 9.769788e-05 -0.4112889 -0.9308745 -5.367554e-05 -0.3653392 -0.9378824 0.0001217754 -0.3469532 -0.8898725 -5.625019e-05 -0.4562094 -0.9110461 0.0001143982 -0.4123044 -0.8660249 -3.231874e-05 -0.5000011 -0.8851067 3.111648e-05 -0.4653881 -0.8400267 -1.735036e-05 -0.5425451 -0.8639915 9.58815e-06 -0.5035064 -0.8119375 -2.025868e-05 -0.5837443 -0.8389437 5.281358e-06 -0.5442181 -0.7818311 -3.93976e-05 -0.6234902 -0.8092972 3.11809e-05 -0.5873994 -0.7497818 -6.221716e-05 -0.6616851 -0.7744557 8.253386e-05 -0.6326282 -0.7158667 -6.255753e-05 -0.6982369 -0.733878 0.0001308445 -0.6792813 -0.6427836 -9.668263e-06 -0.7660478 -0.6801754 1.575155e-05 -0.7330495 -0.6865371 0.0001241554 -0.7270948 -0.603807 -7.451518e-05 -0.7971305 -0.6307827 0.0001680988 -0.7759596 -0.5633213 -7.397672e-05 -0.8262379 -0.5838557 4.585501e-05 -0.8118575 -0.5214347 -5.599982e-05 -0.8532912 -0.5498856 4.162305e-05 -0.8352399 -0.4782545 -3.148666e-05 -0.8782213 -0.5135366 2.733961e-05 -0.8580677 -0.4746605 1.134079e-05 -0.8801689 -0.4338816 -9.369909e-06 -0.9009699 -0.4331587 -1.673788e-07 -0.9013177 -0.3888309 3.176521e-06 -0.9213091 -0.3420203 2.876278e-06 -0.9396926 -0.3884361 -1.890931e-06 -0.9214756 -0.3414758 9.837836e-06 -0.9398906 -0.2947549 -9.547298e-06 -0.955573 -0.2918013 2.606413e-05 -0.956479 -0.2467551 -2.419581e-05 -0.9690778 -0.2410298 3.982797e-05 -0.9705177 -0.1981505 -3.715953e-05 -0.9801716 -0.1895874 5.158814e-05 -0.9818639 -0.1490415 -4.796713e-05 -0.988831 -0.1375707 6.212511e-05 -0.990492 -0.09956499 -5.66164e-05 -0.9950311 -0.08523093 7.029458e-05 -0.9963612 -0.0498437 -6.385872e-05 -0.9987571 -0.03268998 7.581736e-05 -0.9994656 -0 -6.947412e-05 -1 0.02003181 8.025272e-05 -0.9997994 0.0498437 -7.250215e-05 -0.9987571 0.07267326 8.296867e-05 -0.9973558 0.099565 -7.364876e-05 -0.995031 0.125052 8.322142e-05 -0.9921502 0.1490414 -7.353061e-05 -0.988831 0.1771375 8.156172e-05 -0.9841861 0.1981504 -7.129284e-05 -0.9801716 0.2287441 7.821173e-05 -0.9734866 0.2467551 -6.686263e-05 -0.9690779 0.2796613 7.284953e-05 -0.9600987 0.294755 -6.09678e-05 -0.9555729 0.3298455 6.566905e-05 -0.944035 0.3420202 -5.265534e-05 -0.9396926 0.3791673 5.756462e-05 -0.9253282 0.3884361 -4.122412e-05 -0.9214756 0.4338817 -2.889187e-05 -0.9009699 0.4273426 4.743513e-05 -0.9040897 0.4782545 -1.661247e-05 -0.8782213 0.474279 3.407544e-05 -0.8803746 0.5199621 1.77295e-05 -0.8541893 0.5633213 -5.26407e-07 -0.8262379 0.5214347 -2.764156e-06 -0.8532913 0.603807 -1.705534e-05 -0.7971305 0.5642264 1.2592e-05 -0.8256202 0.6427836 -2.915474e-05 -0.7660478 0.6069475 2.760911e-05 -0.7947419 0.6801753 -3.6551e-05 -0.7330495 0.648146 4.592169e-05 -0.7615161 0.6874269 6.29038e-05 -0.7262535 0.7158667 -4.411881e-05 -0.6982369 0.7245876 7.220226e-05 -0.6891826 0.7497818 -5.587502e-05 -0.6616852 0.7597443 7.324738e-05 -0.6502219 0.7818311 -6.966093e-05 -0.6234903 0.7930001 7.199316e-05 -0.6092215 0.8119376 -7.892783e-05 -0.5837443 0.8241679 7.391933e-05 -0.5663455 0.8400267 -8.004361e-05 -0.5425451 0.8530064 7.99374e-05 -0.5219004 0.8660248 -7.450629e-05 -0.500001 0.8793108 8.562762e-05 -0.4762484 0.8898725 -6.795288e-05 -0.4562094 0.9030628 8.596914e-05 -0.4295086 0.911505 -6.452603e-05 -0.4112889 0.9243266 7.958124e-05 -0.3816024 0.9308745 -6.342262e-05 -0.3653392 0.943161 7.029659e-05 -0.3323362 0.9479271 -5.889286e-05 -0.3184876 0.9594036 6.09352e-05 -0.2820368 0.9626239 -4.979979e-05 -0.2708415 0.9729401 5.104077e-05 -0.2310572 0.9749284 -3.82845e-05 -0.222519 0.9837712 3.970361e-05 -0.1794276 0.9848075 -2.411455e-05 -0.1736494 0.9918697 2.720472e-05 -0.1272581 0.9922392 -6.789568e-06 -0.1243436 0.9972038 -7.302813e-07 -0.07472927 0.9971191 1.253136e-05 -0.07585205 0.9996892 4.21235e-06 -0.02493141 0.9996796 8.784443e-06 -0.02531315 -0.7070332 -0.706539 -0.03011094 -0.7045065 -0.7085682 -0.04002173 -0.7056401 -0.7054756 -0.06615385 -0.7000209 -0.7081299 -0.09231912 -0.701286 -0.7046701 -0.1078789 -0.692107 -0.7072442 -0.1441998 -0.6925461 -0.704624 -0.1545474 -0.6835782 -0.705964 -0.1852987 -0.6817893 -0.7034521 -0.2007947 -0.6734671 -0.7061924 -0.218482 -0.6220713 -0.704864 -0.3408726 -0.5896135 -0.7038084 -0.3962445 -0.6077878 -0.7037056 -0.3679571 -0.6119148 -0.7024634 -0.363463 -0.5889211 -0.7034065 -0.397984 -0.5685591 -0.7034955 -0.4264208 -0.5431672 -0.7040604 -0.4574585 -0.5659342 -0.7019579 -0.4324045 -0.4420354 -0.7027016 -0.5575079 -0.4095082 -0.701604 -0.5831422 -0.4417928 -0.702565 -0.5578722 -0.3850013 -0.7025282 -0.5985216 -0.4051905 -0.700302 -0.5877054 -0.3324052 -0.701775 -0.6300942 -0.3599872 -0.7013686 -0.6152166 -0.3654824 -0.700169 -0.61334 -0.3243339 -0.6997953 -0.63647 -0.2040555 -0.7017476 -0.6825773 -0.192638 -0.6993128 -0.6883692 -0.1684269 -0.7020665 -0.6919069 -0.1467752 -0.6991673 -0.6997301 -0.1325276 -0.7016825 -0.7000558 -0.100227 -0.699677 -0.7073942 -0.05962779 -0.7009152 -0.7107477 -0.09629261 -0.7006222 -0.7070051 0.08759013 -0.7001126 -0.7086397 0.1238664 -0.7014049 -0.7019176 0.08799782 -0.700006 -0.7086945 0.1347017 -0.699262 -0.70206 0.1598422 -0.7020221 -0.6939853 0.195502 -0.7019341 -0.6848849 0.1808243 -0.6991968 -0.6916838 0.3319651 -0.702133 -0.6299272 0.33556 -0.7014256 -0.6288097 0.3640884 -0.7021894 -0.6118576 0.3626022 -0.7017822 -0.6132059 0.3949338 -0.7028502 -0.5916324 0.3882687 -0.7014385 -0.5976884 0.4249117 -0.7031351 -0.5701325 0.4121246 -0.7013798 -0.5815665 0.4542301 -0.7028518 -0.5474252 0.4341097 -0.7017847 -0.5648424 0.5570747 -0.7032452 -0.441717 0.5559619 -0.7026412 -0.4440739 0.5999526 -0.7035791 -0.3808324 0.57917 -0.7035813 -0.4117468 0.5787108 -0.7033033 -0.4128659 0.6179629 -0.704758 -0.3484794 0.6021459 -0.7028751 -0.3786649 0.6203821 -0.7040858 -0.3455273 0.6759043 -0.7056952 -0.2124798 0.6782757 -0.7047487 -0.2080175 0.6948088 -0.7053266 -0.1405523 0.686086 -0.7057263 -0.1767382 0.6861091 -0.7058841 -0.1760172 0.6995965 -0.7069832 -0.1036314 0.6962823 -0.7044981 -0.1373803 0.7035909 -0.7074043 -0.06737209 0.704468 -0.7042916 -0.08773983 0.7070132 -0.7064925 -0.03163195 0.7081202 -0.7051056 -0.03730699 -0.6396547 -0.7062966 -0.3032935 -0.6623749 -0.7030643 -0.2587666 -0.640695 -0.703967 -0.3064967 -0.6600012 -0.7048298 -0.2600258 -0.6644624 -0.7022704 -0.2555505 -0.6407091 -0.701462 -0.3121585 -0.6515535 -0.7213855 -0.2346935 -0.6577494 -0.6991245 -0.2803405 -0.6224585 -0.7159345 -0.3162011 -0.4803222 -0.7044953 -0.5224719 -0.5163789 -0.7011492 -0.4916734 -0.479822 -0.7018321 -0.5265003 -0.4791247 -0.702144 -0.5267195 -0.5139726 -0.7027631 -0.4918905 -0.5265813 -0.6970558 -0.486647 -0.5165025 -0.7267384 -0.4528536 -0.5068215 -0.6976337 -0.5063981 -0.468744 -0.7092954 -0.526478 -0.2411721 -0.6949646 -0.6773922 -0.271247 -0.7039089 -0.6564583 -0.3083386 -0.6897779 -0.6550831 -0.2934271 -0.7012916 -0.6496851 -0.2452108 -0.700982 -0.6696982 -0.2824162 -0.697544 -0.6585389 -0.2352191 -0.7065167 -0.6674625 -0.2876471 -0.7039137 -0.6494341 -0.2431964 -0.6997549 -0.6717133 0.03372586 -0.7014819 -0.7118888 0.05243278 -0.6783985 -0.7328208 0.01399222 -0.7019787 -0.7120605 -0.02293544 -0.6988837 -0.7148675 -0.03521582 -0.6949717 -0.7181741 0.03229423 -0.7005477 -0.7128744 -0.02042454 -0.7007672 -0.7130977 -0.05154984 -0.72207 -0.6898968 -0.006182926 -0.6955457 -0.7184553 0.04031147 -0.7114605 -0.701569 0.3026098 -0.6935603 -0.6537594 0.2643239 -0.7043213 -0.6588356 0.2348554 -0.6890087 -0.6856456 0.2921749 -0.7013078 -0.6502317 0.2410617 -0.7008671 -0.6713229 0.2381825 -0.6987329 -0.6745676 0.2948402 -0.7001371 -0.6502902 0.2207862 -0.7155315 -0.6627731 0.2718286 -0.6956518 -0.6649645 0.3002757 -0.7153083 -0.6310061 0.5520846 -0.6776813 -0.4857476 0.5080394 -0.7034999 -0.4969747 0.4824131 -0.7023844 -0.5233869 0.4805079 -0.6968394 -0.5324724 0.5209973 -0.7033494 -0.4835923 0.4717575 -0.7018024 -0.5337773 0.5208184 -0.7026818 -0.4847541 0.4521891 -0.7176179 -0.5296693 0.5014684 -0.6966581 -0.5130272 0.5168409 -0.7183226 -0.4657124 0.6738898 -0.6948799 -0.2510267 0.6478558 -0.7079209 -0.2813019 0.6438194 -0.6951416 -0.3198043 0.6205481 -0.7185383 -0.3140424 0.653603 -0.6994904 -0.2889918 0.6557421 -0.7149727 -0.2425206 0.6397024 -0.7042566 -0.3079017 0.6631796 -0.7036385 -0.255119 0.6397332 -0.7038812 -0.3086951 0.6612296 -0.7048237 -0.2569025 0.7070332 -0.7071596 0.005434421 0.7052668 -0.7088346 0.01234073 0.7065541 -0.7064363 0.04158117 0.7015838 -0.7096362 0.06478145 0.7030958 -0.706176 0.08349753 0.6946617 -0.7097619 0.1169748 0.6952201 -0.7068588 0.1304592 0.6870654 -0.7090937 0.1585153 0.6849318 -0.706769 0.1770481 0.6778398 -0.7096626 0.1921257 0.6284227 -0.7105557 0.3165366 0.596405 -0.7107599 0.3729899 0.6147194 -0.7095968 0.3443726 0.6170887 -0.7087858 0.3417957 0.5947531 -0.709956 0.3771355 0.575624 -0.7110018 0.4038977 0.5505656 -0.7119995 0.4358146 0.5719573 -0.7091687 0.4122432 0.4493538 -0.712553 0.5388408 0.4166375 -0.7118205 0.565442 0.4480061 -0.7118726 0.5408584 0.3920471 -0.7128141 0.5815455 0.4110287 -0.7103481 0.5713677 0.3387438 -0.7127591 0.6141881 0.3668133 -0.7117827 0.5990103 0.3708966 -0.7108369 0.5976174 0.3293859 -0.7107348 0.6215794 0.2083094 -0.7136067 0.6688592 0.1958901 -0.7111874 0.675159 0.1720114 -0.7140341 0.6786511 0.1492903 -0.7112874 0.6868643 0.1353785 -0.7137602 0.6871819 0.1019603 -0.7119579 0.6947805 0.06093223 -0.7132484 0.6982577 0.09838177 -0.7128068 0.6944261 -0.08949289 -0.7123218 0.696124 -0.126546 -0.7135065 0.6891259 -0.08952175 -0.7123144 0.696128 -0.1370152 -0.7114363 0.6892643 -0.1632585 -0.7140142 0.6808307 -0.1995961 -0.7138174 0.6712869 -0.1838799 -0.7111502 0.6785673 -0.3384227 -0.7128728 0.6142332 -0.3406746 -0.7124025 0.6135336 -0.3708192 -0.7128588 0.5952523 -0.3681286 -0.7122115 0.5976922 -0.402029 -0.7130854 0.5743534 -0.3939933 -0.7116492 0.5816568 -0.4323325 -0.7128869 0.5521603 -0.4179842 -0.7113805 0.5650019 -0.4619022 -0.7120699 0.5287749 -0.4400387 -0.7115911 0.5477262 -0.5642594 -0.7110239 0.4195907 -0.5620932 -0.7100205 0.4241723 -0.607062 -0.7096705 0.3575522 -0.5860972 -0.7108314 0.3888559 -0.5846711 -0.7100989 0.3923256 -0.6245689 -0.7104104 0.3243927 -0.6074095 -0.7095458 0.3572095 -0.6253073 -0.7101715 0.3234923 -0.680309 -0.7088999 0.18612 -0.681318 -0.7084261 0.1842238 -0.6979431 -0.7071008 0.1135075 -0.6892624 -0.7088476 0.1498407 -0.6891906 -0.7084439 0.1520644 -0.701726 -0.7083561 0.07623712 -0.6981428 -0.7069722 0.113079 -0.7046857 -0.7084038 0.0397751 -0.7057062 -0.7056748 0.06325956 -0.7070504 -0.7071518 0.004001603 -0.7087426 -0.7053526 0.01271168 0.6450127 -0.711813 0.2779944 0.6677722 -0.7068928 0.2332014 0.6460525 -0.7095445 0.2813586 0.6654617 -0.7086784 0.2343838 0.6683034 -0.7069296 0.2315621 0.6460323 -0.7063375 0.2893607 0.6561429 -0.7245325 0.2110194 0.6621097 -0.7037317 0.2576288 0.6267871 -0.7219137 0.293221 0.4877879 -0.7137245 0.5026533 0.5242685 -0.7091655 0.4714094 0.4870971 -0.7105457 0.5078004 0.4850681 -0.7114841 0.5084283 0.5218621 -0.7108129 0.4715982 0.5327835 -0.7056558 0.4671099 0.5233522 -0.7337856 0.4331988 0.5130275 -0.7061957 0.4879451 0.4746901 -0.7187081 0.5080629 0.245976 -0.706863 0.6632047 0.2767604 -0.7152117 0.6417755 0.3143574 -0.7007303 0.6404346 0.2993381 -0.7122794 0.6348659 0.2501687 -0.7127201 0.655321 0.2869499 -0.7088298 0.6443757 0.2390973 -0.7182642 0.6533981 0.2926547 -0.7153256 0.6345569 0.2475211 -0.711212 0.6579596 -0.05351123 -0.6909765 0.720894 -0.01430341 -0.7142939 0.6996996 0.02343308 -0.7112308 0.7025679 -0.03440648 -0.7138473 0.6994556 0.0358345 -0.7074122 0.7058923 -0.03285733 -0.7128748 0.7005211 0.02085212 -0.713105 0.7007471 0.05250987 -0.7339928 0.6771243 0.006292481 -0.7079893 0.7061951 -0.04104069 -0.7235895 0.6890094 -0.3085812 -0.7045347 0.6390684 -0.2697036 -0.71572 0.6442088 -0.2394597 -0.7010892 0.6716644 -0.2980577 -0.7123169 0.635426 -0.2459339 -0.712664 0.6569828 -0.2424232 -0.7102231 0.6609191 -0.2997636 -0.7115633 0.6354679 -0.2245217 -0.7272742 0.6485848 -0.2761713 -0.7071403 0.6509086 -0.305347 -0.7259207 0.6162812 -0.5599752 -0.6851314 0.465857 -0.5158657 -0.7117543 0.4767477 -0.4898674 -0.7116129 0.5036237 -0.4875698 -0.7056255 0.5141677 -0.5277503 -0.7121003 0.4630255 -0.4776065 -0.7113879 0.5155767 -0.5272779 -0.7105451 0.4659437 -0.4580641 -0.7272524 0.5111567 -0.5075835 -0.7054468 0.4946754 -0.5235354 -0.7257158 0.4463711 -0.6792426 -0.6983558 0.2256743 -0.6532565 -0.7126306 0.2557608 -0.6490867 -0.7011811 0.2950111 -0.6249003 -0.7244561 0.2909688 -0.6579431 -0.7044023 0.2663237 -0.6602818 -0.7183483 0.2190976 -0.6451297 -0.7089859 0.2848625 -0.6669868 -0.7083651 0.2309707 -0.6450876 -0.7095399 0.2835753 -0.666692 -0.7085558 0.2312368 0.9996892 4.212355e-06 0.02493141 0.9972039 -7.107321e-05 0.0747287 0.999308 0.0001511186 0.03719554 0.9848074 4.755614e-06 0.1736507 0.9922392 -2.817931e-06 0.1243436 0.993782 0.0001520474 0.1113432 0.9749284 -7.537918e-05 0.222519 0.9827261 0.0001455389 0.1850659 0.9626234 -7.148e-05 0.2708435 0.9699386 5.767484e-05 0.2433495 0.9479285 -7.521309e-05 0.318483 0.9567855 8.337074e-05 0.2907946 0.9115064 9.799674e-05 0.411286 0.9308724 -5.388232e-05 0.3653444 0.9378802 0.0001221803 0.3469594 0.8898724 -5.644494e-05 0.4562094 0.9110436 0.0001148957 0.41231 0.8660267 -3.245978e-05 0.4999977 0.8851082 3.12633e-05 0.4653854 0.8400244 -1.738848e-05 0.5425486 0.8639914 9.681592e-06 0.5035067 0.8119349 -2.036886e-05 0.583748 0.8389437 5.309365e-06 0.5442183 0.781837 -3.96658e-05 0.6234828 0.8092966 3.130412e-05 0.5874002 0.7497784 -6.262013e-05 0.6616889 0.7744567 8.304833e-05 0.632627 0.7158667 -6.29157e-05 0.6982369 0.7338703 0.0001316813 0.6792895 0.6427881 -9.733674e-06 0.7660441 0.6801712 1.586095e-05 0.7330533 0.6865344 0.0001250532 0.7270974 0.6038021 -7.520081e-05 0.7971342 0.6307857 0.000169315 0.7759571 0.5633265 -7.452695e-05 0.8262343 0.5838425 4.612519e-05 0.8118671 0.5214347 -5.652512e-05 0.8532912 0.549897 4.19181e-05 0.8352325 0.4782545 -3.166931e-05 0.8782213 0.5135238 2.761473e-05 0.8580754 0.4746668 1.143392e-05 0.8801656 0.4338817 -9.453597e-06 0.9009699 0.4331523 -9.043817e-08 0.9013207 0.3888374 3.283617e-06 0.9213064 0.3420135 2.89828e-06 0.9396951 0.3884361 -1.911852e-06 0.9214756 0.3414757 9.835069e-06 0.9398906 0.294762 -9.721047e-06 0.9555708 0.291801 2.629768e-05 0.9564791 0.2467478 -2.442677e-05 0.9690797 0.2410293 4.010204e-05 0.9705178 0.1981505 -3.759427e-05 0.9801716 0.1895871 5.197422e-05 0.9818639 0.1490489 -4.848812e-05 0.9888299 0.1375632 6.277338e-05 0.990493 0.099565 -5.705668e-05 0.9950311 0.08524507 7.0918e-05 0.99636 0.04985132 -6.452336e-05 0.9987567 0.03268989 7.653175e-05 0.9994656 0 -7.012946e-05 1 -0.02003898 8.106408e-05 0.9997991 -0.04985132 -7.313232e-05 0.9987567 -0.07267303 8.374965e-05 0.9973558 -0.099565 -7.433903e-05 0.9950311 -0.1250516 8.400151e-05 0.9921502 -0.1490489 -7.426389e-05 0.9888299 -0.1771439 8.226966e-05 0.9841849 -0.1981505 -7.194967e-05 0.9801716 -0.2287434 7.893204e-05 0.9734867 -0.2467478 -6.741168e-05 0.9690797 -0.2796606 7.360235e-05 0.9600989 -0.294762 -6.148679e-05 0.9555708 -0.3298316 6.621191e-05 0.9440398 -0.3420135 -5.322428e-05 0.9396951 -0.3791667 5.798737e-05 0.9253284 -0.3884361 -4.16598e-05 0.9214756 -0.4338817 -2.921281e-05 0.9009699 -0.4273418 4.776447e-05 0.90409 -0.4782545 -1.666222e-05 0.8782213 -0.4742897 3.430359e-05 0.8803688 -0.5199565 1.795434e-05 0.8541928 -0.5633265 -5.238134e-07 0.8262344 -0.5214347 -2.779922e-06 0.8532913 -0.6038021 -1.732153e-05 0.7971343 -0.5642212 1.254668e-05 0.8256236 -0.6427881 -2.943894e-05 0.766044 -0.6069469 2.774612e-05 0.7947424 -0.6801712 -3.685616e-05 0.7330533 -0.6481494 4.617295e-05 0.7615133 -0.6874253 6.332955e-05 0.7262551 -0.7158667 -4.441306e-05 0.6982369 -0.7245862 7.266468e-05 0.6891842 -0.7497784 -5.620988e-05 0.6616889 -0.7597433 7.375635e-05 0.6502231 -0.781837 -7.004712e-05 0.6234828 -0.7929983 7.235001e-05 0.6092238 -0.8119349 -7.939681e-05 0.5837479 -0.8241689 7.434082e-05 0.5663441 -0.8400244 -8.038162e-05 0.5425486 -0.853005 8.042556e-05 0.5219027 -0.8660267 -7.478819e-05 0.4999977 -0.8793094 8.605661e-05 0.476251 -0.8898725 -6.820075e-05 0.4562094 -0.9030602 8.634324e-05 0.4295141 -0.9115064 -6.479579e-05 0.411286 -0.9243244 7.982457e-05 0.3816077 -0.9308724 -6.365669e-05 0.3653444 -0.9431609 7.053175e-05 0.3323364 -0.9479286 -5.907703e-05 0.318483 -0.9594029 6.107711e-05 0.2820393 -0.9626234 -4.992785e-05 0.2708435 -0.9729397 5.116002e-05 0.2310592 -0.9749283 -3.835839e-05 0.2225189 -0.9837709 3.977753e-05 0.1794291 -0.9848073 -2.413497e-05 0.1736507 -0.9918695 2.725447e-05 0.1272592 -0.9922392 -6.784624e-06 0.1243436 -0.9972039 -7.236246e-07 0.0747287 -0.9971191 1.255026e-05 0.07585198 -0.9996892 4.21235e-06 0.02493141 -0.9996795 8.790835e-06 0.02531368 0 -1 0 0 -1 0 0 -1 -0 0 -1 0 0 -1 -0 0 -1 -0 0 -1 0 0 -1 0 0 -1 0 0 -1 0 0 -1 0 0 -1 0 0 -1 -0 0 -1 -0 0 -1 -0 0 -1 -0 0 -1 0 0 -1 0 0 -1 0 0 -1 0 0 -1 0 0 -1 0 0 -1 0 0 -1 0 0 -1 0 0 -1 -0 0 -1 -0 0 -1 0 0 -1 0 0 -1 0 0 -1 0 0 -1 -0 0 -1 0 0 -1 0 0 -1 0 0 -1 0 0 -1 0 0 -1 0 0 -1 0 0 -1 0 0 -1 0 0 -1 0 0 -1 0 0 -1 0 0 -1 0 0 -1 0 0 -1 0 0 -1 0 0 -1 0 0 -1 0 0 -1 0 0 -1 0 0 -1 0 0 -1 0 0 -1 0 0 -1 0 0 -1 0 0 -1 0 0 -1 0 0 -1 0 0 -1 0 0 -1 0 0 -1 0 0 -1 0 0 -1 0 0 -1 0 0 -1 0 0 -1 0 0 -1 0 0 -1 0 0 -1 0 0 -1 0 0 -1 0 0 -1 0 0 -1 0 0 -1 0 0 -1 0 0 -1 0 0 -1 0 0 -1 0 0 -1 0 0 -1 0 0 -1 0 0 -1 0 0 -1 0 0 -1 0 0 -1 0 0 -1 0 0 -1 0 0 -1 0 0 -1 0 0 -1 0 -0 -1 0 -0 -1 0 0 -1 0 0 -1 0 0 -1 0 -0 -1 0 -0 -1 0 0 -1 0 0 -1 0 -0 -1 0 -0 -1 0 -0 -1 0 0 -1 0 0 -1 0 0 -1 0 0 -1 0 0 -1 0 -0 -1 0 0 -1 0 -0 -1 0 -0 -1 0 0 -1 0 0 -1 0 0 -1 0 0 -1 0 0 -1 0 -0 -1 0 -0 -1 0 0 -1 0 -0 -1 0 0 -1 0 0 -1 0 1.867213e-06 -0.9998478 -0.01744944 -6.982643e-07 -0.9998477 -0.01745321 -1.864138e-06 -0.9998477 -0.01745551 1.393744e-06 -0.9998477 -0.01744965 -1.923611e-06 -0.9998476 -0.01745482 9.18119e-08 -0.9998477 -0.01745213 2.560489e-06 -0.9998478 -0.01744933 -1.598404e-06 -0.9998477 -0.01745555 -3.479259e-07 -0.9998477 -0.01745286 -1.844709e-06 -0.9998477 -0.01745436 2.497777e-06 -0.9998478 -0.01744634 3.993105e-06 -0.9998478 -0.01744826 8.162827e-07 -0.9998478 -0.01745138 -1.917623e-07 -0.9998477 -0.01745234 -2.555644e-06 -0.9998475 -0.01745868 6.940083e-07 -0.9998477 -0.01745446 1.306452e-06 -0.9998478 -0.01744862 1.744126e-06 -0.9998476 -0.01745733 -7.388348e-07 -0.9998477 -0.01745443 1.307759e-06 -0.9998477 -0.01745594 1.89544e-06 -0.9998478 -0.01744633 2.921188e-07 -0.9998477 -0.01745212 -1.655027e-06 -0.9998476 -0.01745807 -1.688609e-06 -0.9998479 -0.0174433 1.467802e-06 -0.9998478 -0.01744706 -2.571115e-06 -0.9998479 -0.0174375 -3.308492e-06 -0.9998475 -0.01746485 -1.805707e-06 -0.9998477 -0.01745255 -1.795767e-06 -0.9998478 -0.0174477 -1.551249e-06 -0.9998477 -0.01745198 -1.305127e-06 -0.9998477 -0.01745753 -6.020013e-07 -0.9998477 -0.01745476 2.627542e-07 -0.9998475 -0.0174643 -9.556552e-08 -0.9998478 -0.01745275 1.2956e-06 -0.9998474 -0.01746463 -8.072617e-08 -0.9998477 -0.01744989 8.052712e-07 -0.9998477 -0.01745354 1.093883e-06 -0.9998476 -0.01745822 -1.693751e-06 -0.9998478 -0.01744637 -3.698427e-07 -0.9998478 -0.01745133 6.16871e-07 -0.9998477 -0.01745412 2.887401e-07 -0.9998477 -0.01745308 1.146758e-07 -0.9998477 -0.01745296 -3.805511e-07 -0.9998478 -0.01745187 8.952715e-08 -0.9998477 -0.01745288 -2.711617e-07 -0.9998477 -0.01745239 -1.252251e-06 -0.9998477 -0.01745035 -3.240158e-08 -0.9998477 -0.01745229 1.540869e-06 -0.9998477 -0.01745536 -1.005768e-06 -0.9998477 -0.01745101 5.98972e-07 -0.9998477 -0.01745328 -2.14257e-06 -0.9998478 -0.01744901 4.982748e-07 -0.9998477 -0.01745317 1.210882e-07 -0.9998477 -0.01745266 -8.200046e-07 -0.9998477 -0.01745162 -1.023717e-06 -0.9998477 -0.01745136 6.76434e-07 -0.9998477 -0.01745315 2.627822e-07 -0.9998477 -0.01745278 -8.282552e-07 -0.9998478 -0.01745169 1.874392e-06 -0.9998477 -0.01745393 2.24768e-07 -0.9998477 -0.0174524 8.57881e-07 -0.9998477 -0.01745288 1.723012e-06 -0.9998477 -0.01745364 4.832181e-07 -0.9998477 -0.01745275 2.296136e-06 -0.9998477 -0.01745483 -2.573828e-06 -0.9998478 -0.01744943 5.458774e-07 -0.9998477 -0.01745314 -6.941302e-07 -0.9998477 -0.01745152 2.126845e-07 -0.9998477 -0.01745283 1.362201e-06 -0.9998477 -0.01745466 5.016632e-07 -0.9998478 -0.01745318 4.107617e-07 -0.9998477 -0.01745301 -3.638532e-07 -0.9998477 -0.01745138 7.737211e-08 -0.9998477 -0.0174524 -1.258249e-06 -0.9998477 -0.017449 -4.768627e-07 -0.9998478 -0.01745117 4.495046e-07 -0.9998477 -0.01745397 -5.368519e-07 -0.9998477 -0.01745076 0 -0.9998477 -0.01745196 1.387739e-06 -0.9998476 -0.01745744 -1.197093e-06 -0.9998478 -0.01744794 4.104953e-06 -0.9998475 -0.01746837 -1.908123e-06 -0.9998478 -0.01745058 -8.522066e-08 -0.9998478 -0.01745228 5.573299e-07 -0.9998477 -0.01745271 -7.43111e-07 -0.9998477 -0.017452 -2.200053e-06 -0.9998478 -0.01745106 2.238292e-07 -0.9998477 -0.01745231 -5.089001e-07 -0.9998477 -0.01745186 2.180919e-06 -0.9998477 -0.01745317 -2.344789e-06 -0.9998477 -0.01745149 8.526317e-07 -0.9998477 -0.01745295 -8.993351e-07 -0.9998477 -0.01745235 -2.060911e-06 -0.9998477 -0.01745185 8.074553e-07 -0.9998477 -0.01745271 2.845189e-07 -0.9998477 -0.0174526 -1.400059e-06 -0.9998477 -0.01745206 -1.012029e-06 -0.9998477 -0.01745214 1.599774e-06 -0.9998477 -0.01745283 -1.883008e-06 -0.9998477 -0.01745226 2.185918e-06 -0.9998477 -0.01745253 2.125291e-07 -0.9998477 -0.01745225 -1.519758e-06 -0.9998477 -0.01745218 1.117545e-06 -0.9998477 -0.01745248 -8.231192e-07 -0.9998477 -0.01745245 -3.854964e-09 -0.9998477 -0.01745234 1.802314e-06 -0.9998477 -0.01745089 2.542894e-06 -0.999848 -0.01743714 2.319321e-06 -0.9998479 -0.01743919 8.2338e-07 -0.9998478 -0.01744752 -1.469307e-06 -0.9998476 -0.01745678 -3.900828e-07 -0.9998477 -0.01745331 -3.345792e-07 -0.9998477 -0.01745315 4.856779e-07 -0.9998477 -0.01745257 1.698744e-06 -0.9998477 -0.01745738 1.812172e-06 -0.9998477 -0.01745569 1.27579e-07 -0.9998477 -0.01745257 9.539814e-07 -0.9998477 -0.01745249 1.587206e-06 -0.9998478 -0.01744752 1.05573e-06 -0.9998477 -0.01745248 2.135592e-06 -0.9998477 -0.01745234 -9.198202e-07 -0.9998475 -0.0174666 1.312287e-06 -0.9998477 -0.0174523 -4.318777e-07 -0.9998477 -0.01745248 1.363996e-07 -0.9998477 -0.01745294 -7.920195e-07 -0.9998475 -0.0174582 7.853687e-07 -0.9998477 -0.0174523 -2.613524e-06 -0.9998477 -0.01745317 -5.350365e-07 -0.9998477 -0.01745556 -1.680343e-06 -0.9998477 -0.017453 3.298758e-06 -0.9998477 -0.0174516 -1.248536e-07 -0.9998477 -0.01745189 7.852173e-07 -0.9998478 -0.01744887 -1.27912e-06 -0.9998477 -0.01745253 -9.806639e-07 -0.9998476 -0.01745528 -9.700541e-07 -0.9998477 -0.01745525 -1.297787e-06 -0.9998477 -0.01745279 9.756867e-07 -0.9998478 -0.01745184 2.507703e-06 -0.9998478 -0.01744583 -4.099538e-08 -0.9998477 -0.01745211 -2.135971e-06 -0.9998477 -0.01745353 2.003607e-06 -0.9998477 -0.01745169 -5.959836e-07 -0.9998477 -0.01745402 9.997843e-07 -0.9998477 -0.01745041 2.080468e-06 -0.9998477 -0.01745151 -2.282922e-06 -0.9998477 -0.01745358 6.491438e-07 -0.9998477 -0.0174511 -1.614969e-07 -0.9998477 -0.01745281 -2.054546e-06 -0.9998477 -0.01745363 1.430908e-06 -0.9998477 -0.01745178 -1.141646e-06 -0.9998477 -0.01745474 -5.883803e-09 -0.9998477 -0.01745265 6.367173e-06 -0.9998477 -0.01744888 -7.94519e-08 -0.9998477 -0.01745271 -1.478306e-06 -0.9998477 -0.0174546 4.652238e-07 -0.9998477 -0.01745141 -2.782942e-06 -0.9998477 -0.01745402 -6.172125e-07 -0.9998477 -0.01745259 -1.256571e-06 -0.9998477 -0.01745416 1.229582e-07 -0.9998477 -0.01745217 -6.503008e-07 -0.9998478 -0.01745275 -2.175689e-07 -0.9998477 -0.01745257 2.500583e-06 -0.9998478 -0.01744916 -2.280409e-07 -0.9998478 -0.01745241 2.070261e-06 -0.9998477 -0.01745051 -1.851974e-06 -0.9998477 -0.0174549 -2.409809e-07 -0.9998477 -0.01745304 -2.642095e-06 -0.9998477 -0.01745449 -2.140559e-07 -0.9998477 -0.01745224 -7.467665e-07 -0.9998477 -0.01745305 9.40535e-07 -0.9998477 -0.01745123 -8.163809e-08 -0.9998477 -0.01745244 2.29507e-06 -0.9998477 -0.0174501 2.154323e-06 -0.9998477 -0.01745027 -1.429023e-06 -0.9998477 -0.0174539 -0 0 1 0 0 1 -0 -1 0 0 -1 -0 -1 0 0 -1 0 0 -1 0 -4.596021e-06 -1 -2.214808e-05 -2.668443e-06 -0 1 0 -0 1 0 0 1 0 -0 1 0 0 1 0 0 1 0 -0 1 0 0 1 0 -0 1 0 0 1 0 -0 1 0 0 1 0 -0 1 0 -0 1 0 0 1 0 0 1 0 -0 1 0 -0 1 0 0 1 0 0 1 0 -0 1 0 -0 1 0 0 1 0 -0 1 0 0 1 0 -0 1 0 0 1 0 -0 1 0 0 1 0 -0 1 0 0 1 0 -0 1 0 0 1 0 -0 1 0 0 1 0 -0 1 0 0 1 0 -0 1 0 0 1 0 -0 1 0 0 1 0 -0 1 0 0 1 0 -0 1 0 0 1 0 -0 1 0 0 1 0 -0 1 0 0 1 0 -0 1 0 0 1 0 -0 1 0 0 1 0 -0 1 0 0 1 0 -0 1 0 0 1 0 -0 1 0 0 1 0 0 1 0 0 1 0 -0 1 0 0 1 0 -0 1 0 0 1 -0 0 1 -0 -0 1 0 0 1 -0 -0 1 0 0 1 -0 -0 1 0 0 1 -0 -0 1 0 0 1 -0 -0 1 0 0 1 -0 -0 1 0 -0 1 0 0 1 -0 -0 1 0 0 1 -0 -0 1 0 0 1 -0 -0 1 0 0 1 -0 -0 1 0 0 1 0 -0 1 0 0 1 0 -0 1 0 0 1 0 0 1 0 0 1 0 0 1 0 0 1 0 -0 1 0 0 1 0 0 1 0 0 1 0 -0 1 0 0 1 0 0 1 0 0 1 0 0 1 0 0 1 0 0 1 0 0 1 0 0 1 0 0 1 0 0 1 0 0 1 0 0 1 0 0 1 0 0 1 0 0 1 0 0 1 0 0 1 0 0 1 0 0 1 0 0 1 0 0 1 0 0 1 0 0 1 0 0 1 0 0 1 0 0 1 0 0 1 0 0 1 0 0 1 0 -0 1 0 0 1 0 -0 1 0 0 1 0 -0 1 0 0 1 0 -0 1 0 -0 1 0 0 1 0 -0 1 0 -0 1 0 -0 1 0 -0 1 0 -0 1 0 -0 1 0 -0 1 0 -0 1 0 -0 1 0 -0 1 0 -0 1 0 0 1 0 1 -2.214808e-05 -2.668443e-06 1 -0 0 1 -0 0 1 0 -4.596021e-06 0 0 1 0 0 1 -0.9997063 -2.214134e-05 -0.0242331 -0.9996892 0.0001903965 -0.02493056 -0.9972038 0.0004015155 -0.07472932 -0.9973367 -0.000134955 -0.07293521 -0.992239 0.0006765953 -0.1243436 -0.9926556 -0.0002892843 -0.1209747 -0.984807 0.001033964 -0.1736495 -0.9858847 -0.0006366388 -0.1674248 -0.9749274 0.001370488 -0.2225193 -0.9770732 -0.001040021 -0.2129012 -0.962623 0.001661302 -0.2708398 -0.9661246 -0.001313951 -0.2580728 -0.9479253 0.001839191 -0.3184872 -0.9530147 -0.001512025 -0.3029202 -0.9308724 0.001946023 -0.3653391 -0.9378817 -0.001676507 -0.3469513 -0.911503 0.002016878 -0.4112885 -0.9207809 -0.001756726 -0.3900761 -0.8898703 0.002027801 -0.4562091 -0.9016976 -0.001731539 -0.4323638 -0.8660245 0.001929869 -0.4999977 -0.880627 -0.001640891 -0.4738073 -0.8400229 0.001711794 -0.5425481 -0.8576315 -0.001516645 -0.5142624 -0.8119395 0.001408124 -0.5837399 -0.8328032 -0.001343463 -0.5535674 -0.7818292 0.00107334 -0.6234917 -0.8062355 -0.001069758 -0.5915938 -0.7497811 0.0007092594 -0.6616855 -0.7779014 -0.000673513 -0.628386 -0.7477492 -0.0002147424 -0.6639813 -0.7159724 0.000247466 -0.6981286 -0.7158674 0.0002961548 -0.6982362 -0.6826906 -0.000267793 -0.7307076 -0.6801733 0.0007728927 -0.7330509 -0.6479098 -0.0007134867 -0.7617167 -0.6427866 0.001172974 -0.7660444 -0.6117672 -0.001096297 -0.7910371 -0.6038038 0.001507785 -0.7971315 -0.574334 -0.001399879 -0.8186198 -0.5633191 0.001784551 -0.8262374 -0.5214342 0.001981999 -0.8532892 -0.5356206 -0.001620657 -0.8444572 -0.4782543 0.002096938 -0.8782188 -0.4957574 -0.00177341 -0.8684593 -0.4338816 0.002139533 -0.9009674 -0.4548606 -0.001852606 -0.8905607 -0.3884351 0.002098999 -0.9214737 -0.4129561 -0.001853135 -0.9107491 -0.3420174 0.001978882 -0.9396915 -0.3701674 -0.001779572 -0.9289634 -0.2947552 0.001788718 -0.9555711 -0.3265994 -0.001621328 -0.9451615 -0.2467567 0.001512704 -0.9690762 -0.2822724 -0.001388174 -0.9593333 -0.1981434 0.001154612 -0.9801724 -0.2373333 -0.001082824 -0.9714277 -0.1490437 0.0007338383 -0.9888303 -0.1919335 -0.0006862778 -0.9814077 -0.1460578 -0.0002147544 -0.989276 -0.09957221 0.0003222903 -0.9950303 -0.09986056 0.0002256391 -0.9950014 -0.04984332 0.0008219017 -0.9987567 -0.05349895 -0.000314187 -0.9985679 0 0.001242073 -0.9999992 -0.006997554 -0.0007666496 -0.9999752 0.04984328 0.001576849 -0.9987559 0.03952867 -0.001145327 -0.9992177 0.09957205 0.001844493 -0.9950286 0.08591405 -0.001449977 -0.9963015 0.1490434 0.002027382 -0.9888286 0.1321601 -0.001667192 -0.991227 0.1981431 0.002124468 -0.9801707 0.17812 -0.001812844 -0.9840071 0.2467565 0.002151572 -0.9690751 0.2236498 -0.001880263 -0.9746677 0.294755 0.002103512 -0.9555706 0.2687124 -0.001860795 -0.9632186 0.3420174 0.001964678 -0.9396915 0.3132355 -0.001768098 -0.9496739 0.3884354 0.001753843 -0.9214743 0.3570237 -0.001598932 -0.934094 0.4000439 -0.001344593 -0.916495 0.4338822 0.001470506 -0.9009684 0.4422432 -0.00102161 -0.8968946 0.4782551 0.001098764 -0.8782203 0.5214351 0.0006584321 -0.8532907 0.4834372 -0.0006177233 -0.8753789 0.5236022 -0.0001364195 -0.8519629 0.5626732 0.0001396304 -0.8266794 0.56332 0.0003922145 -0.8262388 0.600467 -0.0003854087 -0.7996495 0.6038042 0.0008636143 -0.7971321 0.6369488 -0.0008193788 -0.7709057 0.6427864 0.001269519 -0.7660443 0.6721036 -0.001161121 -0.7404562 0.6801727 0.001590745 -0.7330502 0.7058015 -0.001429235 -0.7084083 0.7158662 0.001829374 -0.698235 0.7380038 -0.001626866 -0.6747946 0.7497798 0.001975126 -0.6616845 0.768638 -0.001767888 -0.6396815 0.781828 0.002019756 -0.6234908 0.7975125 -0.001835874 -0.6032997 0.8119386 0.002016439 -0.5837393 0.8246233 -0.00178503 -0.5656794 0.8400225 0.001983214 -0.5425479 0.8660247 0.00187392 -0.4999978 0.850015 -0.001636268 -0.5267559 0.889871 0.001656093 -0.4562094 0.8736097 -0.001434906 -0.4866252 0.911504 0.001334612 -0.411289 0.8953141 -0.001200818 -0.4454339 0.9308738 0.0009493746 -0.3653396 0.9150594 -0.0009139731 -0.403318 0.9479268 0.0005402357 -0.3184877 0.9328138 -0.0005359465 -0.3603586 0.9485904 -8.117326e-05 -0.3165063 0.9626243 0.0003669046 -0.2708402 0.9623719 8.627443e-05 -0.2717355 0.974928 0.000757068 -0.2225195 0.9740034 -0.0003959482 -0.226533 0.9848068 0.001144468 -0.1736495 0.9834698 -0.0008011061 -0.1810705 0.9922381 0.001500615 -0.1243435 0.9908177 -0.001079726 -0.1352004 0.9972024 0.001726606 -0.07472923 0.9960488 -0.001285055 -0.08879814 0.9996877 0.001747272 -0.02493052 0.9987956 -0.0008106921 -0.04905826 0.9998672 -2.214513e-05 -0.01629862 -0 0 1 0 0 1 -0.999285 0 0.03780678 -0.9762967 0 0.2164365 -0.999285 0 0.03780678 -0.9762967 0 0.2164365 -0.9216368 0 0.3880537 -0.9216368 0 0.3880537 -0.8370841 0 0.5470741 -0.8370841 0 0.5470741 -0.7253708 0 0.6883583 -0.7253708 0 0.6883583 -0.5901433 0 0.8072985 -0.5901433 0 0.8072985 -0.4357525 0 0.9000666 -0.4357525 0 0.9000666 -0.267241 0 0.9636297 -0.267241 0 0.9636297 -0.09004804 0 0.9959374 -0.09004804 0 0.9959374 -0.9986296 0 -0.0523359 -0.9986296 0 -0.0523359 -0.9996892 0 -0.02493139 -0.9996892 0 -0.02493139 -0.9972039 0 -0.07472923 -0.9972039 0 -0.07472923 -0.9922389 0 -0.1243456 -0.9922389 0 -0.1243456 -0.9848078 0 -0.173648 -0.9848078 0 -0.173648 -0.9749286 0 -0.222518 -0.9749286 0 -0.222518 -0.962624 0 -0.2708414 -0.962624 0 -0.2708414 -0.9479275 0 -0.3184861 -0.9479275 0 -0.3184861 -0.9308738 0 -0.3653409 -0.9308738 0 -0.3653409 -0.911505 0 -0.4112889 -0.911505 0 -0.4112889 -0.8898725 0 -0.4562094 -0.8898725 0 -0.4562094 -0.8660246 0 -0.5000014 -0.8660246 0 -0.5000014 -0.8400261 0 -0.5425459 -0.8400261 0 -0.5425459 -0.8119392 0 -0.583742 -0.8119392 0 -0.583742 -0.7818299 0 -0.6234918 -0.7818299 0 -0.6234918 -0.7497835 0 -0.6616832 -0.7497835 0 -0.6616832 -0.7158667 0 -0.6982369 -0.7158667 0 -0.6982369 -0.680169 0 -0.7330552 -0.680169 0 -0.7330552 -0.6427884 0 -0.7660437 -0.6427884 0 -0.7660437 -0.6038063 0 -0.7971311 -0.6038063 0 -0.7971311 -0.5633166 0 -0.8262412 -0.5633166 0 -0.8262412 -0.5214386 0 -0.8532888 -0.5214386 0 -0.8532888 -0.4782545 0 -0.8782212 -0.4782545 0 -0.8782212 -0.4338819 0 -0.9009697 -0.4338819 0 -0.9009697 -0.3884381 0 -0.9214748 -0.3884381 0 -0.9214748 -0.3420191 0 -0.939693 -0.3420191 0 -0.939693 -0.2947513 0 -0.955574 -0.2947513 0 -0.955574 -0.2467552 0 -0.9690778 -0.2467552 0 -0.9690778 -0.1981505 0 -0.9801716 -0.1981505 0 -0.9801716 -0.1490394 0 -0.9888313 -0.1490394 0 -0.9888313 -0.09956846 0 -0.9950307 -0.09956846 0 -0.9950307 -0.04984875 0 -0.9987568 -0.04984875 0 -0.9987568 0 0 -1 0 0 -1 0.04984875 0 -0.9987568 0.04984875 0 -0.9987568 0.09956846 0 -0.9950307 0.09956846 0 -0.9950307 0.1490394 0 -0.9888313 0.1490394 0 -0.9888313 0.2467552 0 -0.9690778 0.1981505 0 -0.9801716 0.1981505 0 -0.9801716 0.2467552 0 -0.9690778 0.2947513 0 -0.955574 0.2947513 0 -0.955574 0.3420191 0 -0.939693 0.3884381 0 -0.9214748 0.3420191 0 -0.939693 0.3884381 0 -0.9214748 0.4338819 0 -0.9009697 0.4338819 0 -0.9009697 0.4782545 0 -0.8782212 0.4782545 0 -0.8782212 0.5214386 0 -0.8532888 0.5214386 0 -0.8532888 0.5633166 0 -0.8262412 0.5633166 0 -0.8262412 0.6038063 0 -0.7971311 0.6038063 0 -0.7971311 0.6427884 0 -0.7660437 0.6427884 0 -0.7660437 0.680169 0 -0.7330552 0.680169 0 -0.7330552 0.7158667 0 -0.6982369 0.7158667 0 -0.6982369 0.7497835 0 -0.6616832 0.7818299 0 -0.6234918 0.7497835 0 -0.6616832 0.7818299 0 -0.6234918 0.8119392 0 -0.583742 0.8119392 0 -0.583742 0.8400261 0 -0.5425459 0.8400261 0 -0.5425459 0.8660246 0 -0.5000014 0.8660246 0 -0.5000014 0.8898725 0 -0.4562094 0.8898725 0 -0.4562094 0.911505 0 -0.4112889 0.911505 0 -0.4112889 0.9308738 0 -0.3653409 0.9308738 0 -0.3653409 0.9479275 0 -0.3184861 0.9479275 0 -0.3184861 0.962624 0 -0.2708414 0.962624 0 -0.2708414 0.9749286 0 -0.222518 0.9749286 0 -0.222518 0.9848078 0 -0.173648 0.9848078 0 -0.173648 0.9922389 0 -0.1243456 0.9922389 0 -0.1243456 0.9972039 0 -0.07472923 0.9996892 0 -0.02493139 0.9972039 0 -0.07472923 0.9996892 0 -0.02493139 0.9986296 0 -0.0523359 0.9986296 0 -0.0523359 0.09004804 0 0.9959374 0.09004804 0 0.9959374 0.267241 0 0.9636297 0.267241 0 0.9636297 0.4357525 0 0.9000666 0.4357525 0 0.9000666 0.5901433 0 0.8072985 0.5901433 0 0.8072985 0.7253708 0 0.6883583 0.7253708 0 0.6883583 0.8370841 0 0.5470741 0.8370841 0 0.5470741 0.9216368 0 0.3880537 0.9216368 0 0.3880537 0.9762967 0 0.2164365 0.9762967 0 0.2164365 0.999285 0 0.03780678 0.999285 0 0.03780678 0 -1 0 0 -1 0 0 -1 -0 0 -1 0 -0 -1 0 0 -1 -0 0 -1 0 -0 -1 0 0 -1 0 0 -1 -0 0 -1 0 -0 -1 0 0 -1 0 0 -1 -0 0 -1 0 -0 -1 0 0 -1 0 0 -1 -0 0 -1 0 -0 -1 0 0 -1 0 0 -1 0 0 -1 -0 -0 -1 0 0 -1 0 0 -1 -0 0 -1 0 -0 -1 0 0 -1 0 0 -1 0 0 -1 -0 0 -1 0 -0 -1 0 0 -1 -0 0 -1 0 0 -1 0 -0 -1 0 0 -1 -0 0 -1 0 -0 -1 0 0 -1 0 0 -1 0 0 -1 -0 0 -1 0 -0 -1 0 0 -1 -0 -0 -1 0 0 -1 0 -0 -1 0 -0 -1 0 0 -1 -0 0 -1 0 -0 -1 0 0 -1 -0 -0 -1 0 -0 -1 0 0 -1 0 -0 -1 0 0 -1 -0 0 -1 0 -0 -1 0 -0 -1 -0 0 -1 -0 -0 -1 0 0 -1 -0 0 -1 0 0 -1 -0 0 -1 0 0 -1 -0 0 -1 0 0 -1 0 0 -1 -0 0 -1 0 0 -1 -0 0 -1 0 0 -1 -0 0 -1 -0 0 -1 0 0 -1 -0 0 -1 0 0 -1 0 0 -1 -0 0 -1 -0 0 -1 0 0 -1 -0 0 -1 0 0 -1 0 0 -1 -0 0 -1 0 0 -1 -0 -0 -1 0 0 -1 -0 -0 -1 0 -0 -1 0 0 -1 0 0 -1 -0 -0 -1 0 -0 -1 0 0 -1 0 0 -1 -0 -0 -1 0 -0 -1 0 -0 -1 0 0 -1 -0 -0 -1 0 -0 -1 0 -0 -1 0 0 -1 -0 -0 -1 0 0 -1 -0 -0 -1 0 0 -1 -0 0 -1 0 -0 -1 0 0 -1 0 -0 -1 0 0 -1 0 -0 -1 0 0 -1 0 -0 -1 0 0 -1 0 -0 -1 0 0 -1 0 -0 -1 0 0 -1 0 -0 -1 0 -0 -1 0 0 -1 0 0 -1 0 -0 -1 0 -0 -1 0 0 -1 0 -0 -1 0 0 -1 0 -0 -1 0 0 -1 0 -0 -1 0 0 -1 -0 0 -1 -0 0 -1 0 0 -1 0 0 -1 0 0 -1 0 0 -1 0 0 -1 0 0 -1 0 0 -1 0 0 -1 0 -0 -1 0 0 -1 0 -0 0 1 -0 0 1 0 0 1 0 0 1 0 0 1 0 0 1 0 1 0 0 1 0 0 1 0 0 1 0 -1 0 0 -1 0 0 -0.9997921 0 -0.02039192 -0.9996487 -0.009004656 -0.02492955 -0.9981048 0.007000891 -0.06113918 -0.9971061 -0.01400011 -0.07472201 -0.9896171 0 -0.1437287 -0.9947562 0.009993237 -0.1017859 -0.9906433 0.001221091 -0.1364716 -0.9921278 -0.01498287 -0.1243296 -0.9823523 0.0005381278 -0.1870392 -0.984807 -0.001020617 -0.1736495 -0.9731817 0.0001840096 -0.2300377 -0.9749279 -0.0008557254 -0.2225195 -0.9621707 -0.0002467475 -0.2724471 -0.9494317 2.634071e-05 -0.3139737 -0.9626242 -0.0005070185 -0.2708402 -0.9350865 0.0004718659 -0.3544193 -0.9479268 -0.000645893 -0.3184877 -0.9191884 0.0007088932 -0.3938173 -0.9308739 -0.0009024349 -0.3653396 -0.9115043 -0.001081191 -0.4112891 -0.9014394 0.0007114327 -0.4329047 -0.8898716 -0.001126742 -0.4562097 -0.8817795 0.0005747001 -0.4716615 -0.8602756 0.0003668818 -0.5098292 -0.8660257 -0.0009903281 -0.4999985 -0.8370308 9.880387e-05 -0.5471556 -0.8121819 -0.0002039042 -0.5834041 -0.8400239 -0.000669118 -0.5425489 -0.7783517 -0.002707831 -0.6278226 -0.8119402 -0.0002675855 -0.5837405 -0.7923902 0.0001108244 -0.6100146 -0.7777797 -0.001367461 -0.6285355 -0.763884 8.242406e-05 -0.6453536 -0.7514374 -0.0006996639 -0.659804 -0.7818296 -0.0003416467 -0.6234921 -0.737045 8.19417e-05 -0.6758437 -0.7247646 -0.0001234662 -0.6889966 -0.7497808 -0.001069815 -0.6616853 -0.6868325 -0.0003771446 -0.7268156 -0.7058951 0.00042359 -0.7083163 -0.7158667 -0.001384738 -0.6982356 -0.6726747 -0.0002946428 -0.7399383 -0.6560481 0.0002435073 -0.754719 -0.6801728 -0.00147896 -0.7330503 -0.6182625 0.0002123117 -0.7859717 -0.6371807 -0.0003760757 -0.7707143 -0.6427864 -0.001398584 -0.7660442 -0.599864 -0.0005992022 -0.8001018 -0.5780224 0.000432309 -0.8160208 -0.603804 -0.001306948 -0.7971318 -0.5242185 -0.000875471 -0.8515834 -0.5414768 0.0002338585 -0.8407156 -0.5577794 -0.000578869 -0.8299891 -0.5633194 -0.001439389 -0.826238 -0.4996402 0.0007886637 -0.8662327 -0.5214347 -0.001397005 -0.85329 -0.4656348 0.0008290733 -0.8849766 -0.4782549 -0.001432657 -0.8782199 -0.3895397 -0.0003014496 -0.9210096 -0.4279584 0.0002679919 -0.9037983 -0.4338824 -0.0010289 -0.9009689 -0.3503683 0.000473989 -0.9366118 -0.3884358 -0.0005727223 -0.9214755 -0.3106331 0.0009566827 -0.9505295 -0.3420178 -0.001199044 -0.9396927 -0.270354 0.00113111 -0.9627603 -0.2947553 -0.001528495 -0.9555715 -0.2295457 0.001000675 -0.9732974 -0.2467567 -0.001557897 -0.9690762 -0.1981434 -0.001272602 -0.9801722 -0.1883825 0.0005615306 -0.9820955 -0.1490437 -0.0006813572 -0.9888304 -0.1050622 0.0001738965 -0.9944656 -0.1468721 -0.000188522 -0.9891555 -0.09957217 -0.0009730728 -0.9950299 -0.06311381 0.0007992601 -0.998006 -0.04984329 -0.001435016 -0.998756 -0.02106377 0.001109555 -0.9997775 -0 -0.001591889 -0.9999987 0.02105509 0.001109042 -0.9997777 0.04984329 -0.00143554 -0.998756 0.06311313 0.0007989712 -0.998006 0.09957217 -0.0009725195 -0.9950299 0.1468788 -0.0001890421 -0.9891545 0.1050527 0.0001725976 -0.9944667 0.1490437 -0.0006803182 -0.9888304 0.1883723 0.000563004 -0.9820976 0.1981434 -0.001272882 -0.9801722 0.2295434 0.001000773 -0.973298 0.2467567 -0.001557887 -0.9690762 0.2703512 0.001131166 -0.9627612 0.2947553 -0.001528419 -0.9555715 0.3106301 0.0009565018 -0.9505304 0.3503719 0.0004747683 -0.9366106 0.3420178 -0.001199075 -0.9396927 0.4279543 0.0002683247 -0.9038003 0.3895353 -0.0003013314 -0.9210114 0.3884358 -0.0005715435 -0.9214755 0.4656392 0.0008288989 -0.8849742 0.4338824 -0.001029445 -0.9009689 0.5092938 -6.390229e-05 -0.8605927 0.4926578 6.063194e-05 -0.8702232 0.4782549 -0.001432022 -0.8782199 0.5575836 -0.000270184 -0.8301208 0.5314786 0.0002456743 -0.8470716 0.5214347 -0.001477204 -0.85329 0.5800614 0.000336866 -0.8145728 0.5999524 -0.0006034235 -0.8000354 0.5633196 -0.001313778 -0.8262381 0.6374512 -0.0004128039 -0.7704906 0.6186089 0.0002349244 -0.785699 0.603804 -0.001300757 -0.7971318 0.6561577 0.0002399934 -0.7546238 0.6726724 -0.0002945683 -0.7399404 0.6427864 -0.001394684 -0.7660443 0.705897 0.0004232472 -0.7083144 0.6868249 -0.0003774879 -0.7268229 0.6801728 -0.001478602 -0.7330503 0.7781871 -0.003288667 -0.6280239 0.7295728 0.0005653242 -0.6839029 0.7158667 -0.001384741 -0.6982356 0.749781 -0.0009604099 -0.6616854 0.7476734 -0.001465113 -0.6640651 0.7570689 -0.0002863422 -0.653335 0.7643052 3.003018e-05 -0.6448546 0.7772531 -0.00142002 -0.6291864 0.7818297 -0.0001885068 -0.6234921 0.7923905 0.0001108186 -0.6100141 0.8112835 -0.0002545982 -0.584653 0.8119402 -0.0004214012 -0.5837405 0.8345228 0.0002779136 -0.5509734 0.8400238 -0.0009215085 -0.5425488 0.8564708 0.0005508827 -0.5161952 0.8660256 -0.001133824 -0.4999984 0.8769976 0.0006050875 -0.4804943 0.8898717 -0.001036475 -0.4562097 0.8960067 0.000439109 -0.4440404 0.9116263 -0.0006509787 -0.4110196 0.9134083 0 -0.4070446 0.9115048 6.726947e-05 -0.4112894 0.9308742 -5.26862e-05 -0.3653398 0.9308897 4.993344e-05 -0.3653004 0.947927 -5.395614e-05 -0.3184878 0.94794 4.533031e-05 -0.3184489 0.9626243 -4.41804e-05 -0.2708402 0.9626337 3.973906e-05 -0.2708069 0.9749282 -3.510306e-05 -0.2225196 0.9749339 2.604095e-05 -0.2224949 0.9848076 -3.307195e-05 -0.1736496 0.9848114 2.120141e-05 -0.1736275 0.9922392 -2.339147e-05 -0.1243436 0.9922413 1.738001e-05 -0.1243269 0.9972038 -1.214011e-05 -0.07472933 0.9972044 6.030519e-06 -0.07472187 0.9996892 -9.553367e-06 -0.02493056 0.9996892 0 -0.02492662 1 -0 0 1 0 0 0 1 0 0 1 0 0 1 -0 0 1 -0 0 1 -0 0 1 -0 0 1 -0 0 1 -0 0 1 -0 1 -0 0 1 0 0 1 0 0 1 -0 0 1 0 0 1 4.40524e-08 2.118325e-07 1 2.487334e-08 1.997382e-07 1 -1.427319e-07 0 1 -4.742954e-07 3.136026e-07 1 0 -4.492353e-07 1 -0 -0 1 -0 -0 1 -0 -0 1 -0 -0 1 -0 -0 1 2.189391e-07 -2.307119e-07 1 2.908483e-07 -1.618847e-07 1 1.482408e-07 -3.026019e-07 1 -2.285712e-08 -4.282371e-07 1 0 -0 1 3.823634e-07 -7.918445e-08 1 6.072054e-08 -3.967756e-07 1 0 0 1 0 0 1 0 0 1 0 -0 1 0 0 1 0 -0 1 0 0 1 1.253904e-07 -3.238934e-07 6.925502e-06 0 -1 3.510731e-07 8.723126e-06 -1 9.435946e-07 7.633354e-06 -1 1.37223e-06 6.574693e-06 -1 -8.434412e-06 3.92185e-05 -1 0 0 -1 0 0 -1 0 0 -1 0 0 -1 0 0 -1 0 0 -1 0 0 -1 0 0 -1 0 0 -1 0 0 -1 0 0 -1 0 0 -1 0 0 -1 0 0 -1 0 0 -1 0 0 -1 0 0 -1 0 -0 -1 0 0 -1 0 -0 -1 0 -0 -1 0 -0 -1 0 0 -1 0 0 -1 0 0 -1 0 0 -1 0 0 -1 0 0 -1 0 0 -1 0 0 -1 0 0 -1 0 0 -1 0 0 -1 0 0 -1 0 0 -1 0 0 -1 0 0 -1 0 0 -1 0 0 -1 0 0 -1 0 0 -1 0 0 -1 0 0 -1 0 0 -1 0 0 -1 0 0 -1 0 0 -1 0 0 -1 0 0 -1 0 0 -1 0 0 -1 0 0 -1 0 0 -1 0 0 -1 0 0 -1 0 0 -1 0 0 -1 0 0 -1 0 0 -1 0 0 -1 0 0 -1 0 -0 -1 0 0 -1 0 0 -1 0 0 -1 0 0 -1 0 0 -1 0 0 -1 0 0 -1 0 0 -1 0 -0 -1 0 0 -1 0 0 -1 0 0 -1 0 0 -1 0 -0 -1 0 0 -1 0 -0 -1 0 0 -1 0 -0 -1 0 0 -1 0 0 -1 0 0 -1 0 0 -1 0 -0 -1 0 0 -1 0 -0 -1 0 0 -1 0 -0 -1 0 0 -1 0 0 -1 0 0 -1 0 0 -1 0 -0 -1 0 -0 -1 0 0 -1 0 0 -1 0 0 -1 0 -0 -1 0 0 -1 0 -0 -1 0 -0 -1 0 0 -1 0 -0 -1 0 0 -1 0 0 -1 0 0 -1 0 0 -1 0 0 -1 0 0 -1 0 -0 -1 0 0 -1 0 0 -1 2.199639e-07 0.9792246 -0.2027783 2.804506e-06 0.9792225 -0.2027884 2.935384e-06 0.8737736 -0.4863329 8.940613e-07 0.8737776 -0.4863258 5.056575e-06 0.6883626 -0.7253668 -1.291409e-06 0.688381 -0.7253493 2.129753e-06 0.4399526 -0.898021 -1.348179e-06 0.439965 -0.8980149 5.187478e-06 0.1512541 -0.9884949 -6.439337e-06 0.1512999 -0.988488 9.13545e-06 0.9986295 -0.05233611 1.040917e-06 0.9986294 -0.05233882 3.242746e-06 0.4399231 -0.8980354 -3.03091e-06 0.1512502 -0.9884956 3.921467e-06 0.1512738 -0.9884919 3.97193e-06 0.6883358 -0.7253922 -1.148412e-07 0.4399335 -0.8980303 -6.032206e-07 0.8737696 -0.48634 -4.642804e-06 0.6883574 -0.7253718 2.564318e-07 0.9792285 -0.2027599 -1.632384e-06 0.8737714 -0.4863369 8.95753e-06 0.9792224 -0.2027892 0 0 -1 0 0 -1 0 0 -1 0 0 -1 0 0 -1 0 0 -1 0 0 -1 0 0 -1 0 0 -1 0 0 -1 0 0 -1 0 0 -1 0 0 -1 0 0 -1 0 0 -1 0 0 -1 0 -0 -1 0 0 -1 0 0 -1 0 0 -1 0 0 -1 0 0 -1 0 0 -1 0 0 -1 0 0 -1 0 0 -1 0 0 -1 0 0 -1 0 0 -1 0 0 -1 0 0 -1 0 0 -1 0 0 -1 0 0 -1 0 0 -1 0 0 -1 0 0 -1 0 0 -1 0 0 -1 0 0 -1 0 0 -1 0 0 -1 0 0 -1 0 0 -1 0 0 -1 0 0 -1 0 0 -1 0 0 -1 0 0 -1 0 0 -1 0 0 -1 0 0 -1 0 0 -1 0 0 -1 0 0 -1 0 0 -1 0 1 0 0 1 -0 0 0 1 0 0 1 0 0 1 0 0 1 0 0 1 0 0 1 -8.979021e-06 -1.144948e-05 1 -2.564398e-06 -1.409215e-06 1 0 0 1 -1.569137e-06 -2.773035e-07 1 -9.873906e-07 1.877825e-07 1 1.267154e-07 6.442277e-08 1 1.276831e-07 1.074194e-07 1 -4.72511e-06 4.84664e-06 1 0 0 1 0 0 1 0 0 1 7.875696e-06 -4.575344e-06 1 -1.471418e-06 1.253903e-07 1 0 0 1 0 0 1 8.839383e-08 -1.014523e-06 1 0.2475206 0.08150895 0.965448 0.2405637 0.2034944 0.9490622 0.2663914 0.06743598 0.961503 0.287527 0.07406888 0.9549042 0.2791139 0.06797716 0.957849 0.2722197 0.2048366 0.94018 0.2425302 0.2831647 0.9278991 0.2516265 0.09566072 0.9630852 0.3081634 0.1843591 0.933299 0.3161936 0.09248228 0.9441762 0.3073457 0.6377867 0.7062342 0.3500227 0.5389928 0.7661403 0.2932878 0.6902868 0.6614276 0.3508568 0.6351814 0.6880727 0.1632003 0.9487246 0.2707161 0.2028412 0.9495026 0.2393746 0.12339 0.9647851 0.2323027 0.1887341 0.9513078 0.2437064 0.3431889 0.9361593 0.07633627 0.3119972 0.9482059 0.05969299 0.6454285 0.7606394 0.06964038 0.905523 0.4185857 0.06938348 0.9924282 0.08484903 0.08880868 0.9949322 0.09240754 0.03963112 0.9957639 0.08684873 0.03019035 0.9653869 0.2591011 0.0299121 0.9950485 0.08494749 0.05159865 0.333473 0.2789819 0.9005359 0.2733674 0.3836549 0.882088 0.3050649 0.2533263 0.9180202 0.3563651 0.2571305 0.8982694 0.3475705 0.2598864 0.9009182 0.2862223 0.4536447 0.8439687 0.3246456 0.3693301 0.8707471 0.3033139 0.324047 0.8960994 0.3407091 0.325707 0.881948 0.3447392 0.3275197 0.8797078 0.3187373 0.4550773 0.8314512 0.2877101 0.5137961 0.8082304 0.3090935 0.3387936 0.8886395 0.3529049 0.4444937 0.8233368 0.3608173 0.5286468 0.7683381 0.3312417 0.05935127 0.9416774 0.3096218 0.1683665 0.9358349 0.3622411 0.1177571 0.9246159 0.3150259 0.192388 0.9293791 0.3652415 0.1505697 0.9186552 0.3216583 0.06256313 0.9447867 0.369988 0.3158988 0.8736801 0.4008979 0.3587398 0.842963 0.3593623 0.4059995 0.8402518 0.3613126 0.0642985 0.9302252 0.3771307 0.07198903 0.923358 0.3603015 0.1915689 0.9129535 0.3532608 0.194084 0.9151711 0.4016154 0.3053839 0.8633921 0.3698951 0.4210075 0.828209 0.4062966 0.3071406 0.8605741 0.4101606 0.305366 0.8593718 0.3871288 0.4273117 0.8170288 0.3971131 0.1863717 0.8986472 0.3700088 0.1961548 0.9080841 0.3783634 0.07051282 0.9229675 0.409816 0.7026014 0.5817235 0.339693 0.7866706 0.5155173 0.3289027 0.7070882 0.6259787 0.4274012 0.3071388 0.8502905 0.3972724 0.4266692 0.8124826 0.4208538 0.3046354 0.8544468 0.3979266 0.741594 0.540086 0.248542 0.8545262 0.4560831 0.3266442 0.7930022 0.5142482 0.3206051 0.7493845 0.5793405 0.4218503 0.4160869 0.8055521 0.3158152 0.8487586 0.4241104 0.3112316 0.7840036 0.5370972 0.4054238 0.06004073 0.912155 0.3885355 0.174576 0.9047449 0.4312454 0.3053629 0.8489882 0.4127811 0.4020323 0.8173015 0.4126788 0.1839465 0.8921098 0.4226932 0.06876762 0.90366 0.4209205 0.06622943 0.9046765 0.4223539 0.1790975 0.8885614 0.3682042 0.7683784 0.5234694 0.3588269 0.7609031 0.5406199 0.4293932 0.1818735 0.8846149 0.438 0.06046496 0.8969392 0.04972164 0.9947625 0.08930445 0.4442617 0.1790921 0.8778141 0.4491548 0.05957945 0.8914652 0.440386 0.1810553 0.8793629 0.3944826 0.7504694 0.5302634 0.307058 0.8326313 0.4609127 0.1667393 0.9692773 0.1808304 0.1509716 0.9690095 0.1955203 0.04989498 0.9948583 0.08813336 0.4658833 0.1790868 0.8665337 0.4563488 0.1839401 0.8705814 0.4670758 0.06874465 0.8815409 0.465405 0.06626958 0.8826135 0.1087367 0.9809945 0.1607056 0.06361181 0.9951193 0.07543855 0.04193095 0.9961739 0.07667739 0.4726569 0.1818524 0.862279 0.4820697 0.06045284 0.8740448 0.3857688 0.6629158 0.6416582 0.4686732 0.6531433 0.5947683 0.4520253 0.5645458 0.6906239 0.4432185 0.6626004 0.6037534 0.1266644 0.9791804 0.1586249 0.04186559 0.9962365 0.07589587 0.3993709 0.7505404 0.5264902 0.5047256 0.5444142 0.6699741 0.431568 0.6526058 0.6227797 0.4983682 0.0591479 0.8649454 0.5102085 0.07054786 0.8571524 0.488734 0.1806414 0.8535267 0.1285303 0.9793426 0.1561023 0.128654 0.9794143 0.1555503 0.04246777 0.9962745 0.07505739 0.1310897 0.9793003 0.1542287 0.04379266 0.9962508 0.07460927 0.1314353 0.9795241 0.1525036 0.04344622 0.9962689 0.0745687 0.5468121 0.305832 0.7793993 0.04393872 0.9963177 0.07362416 0.1329031 0.9794566 0.1516626 0.559236 0.3045175 0.7710539 0.5656153 0.307052 0.7653747 0.04431837 0.9963439 0.07304041 0.134151 0.9796376 0.1493778 0.1340505 0.9795638 0.1499506 0.5303268 0.04976281 0.8463315 0.5521779 0.07046347 0.8307434 0.5684925 0.3055489 0.7638429 0.5369514 0.4273436 0.7273656 0.2168488 0.9468312 0.2376705 0.04527733 0.9963398 0.07250505 0.1365172 0.9795275 0.1479494 0.1367872 0.9797578 0.1461646 0.04560203 0.9963233 0.07252808 0.5461459 0.4264323 0.7210271 0.5781215 0.3045139 0.7569985 0.5843409 0.3070482 0.7511772 0.2193856 0.9471171 0.2341773 0.2218058 0.9469052 0.2327504 0.3065125 0.8991249 0.3124493 0.5605424 0.06136108 0.8258493 0.5497038 0.1825397 0.8151718 0.1381577 0.9796947 0.1452954 0.04570533 0.9963933 0.0714951 0.3107853 0.8986014 0.3097227 0.2220134 0.9470758 0.2318566 0.5871985 0.3055377 0.749563 0.6034521 0.3037401 0.7372839 0.5649656 0.1807884 0.8050649 0.5678328 0.1791435 0.8034136 0.5759502 0.0594606 0.8153195 0.3136153 0.8989775 0.3057528 0.2240141 0.9473085 0.2289635 0.2263709 0.9471006 0.2275007 0.1397774 0.9798583 0.1426177 0.04622467 0.9964325 0.07060936 0.04735067 0.9963952 0.07038804 0.2299246 0.9476835 0.2214285 0.2265729 0.9472861 0.2265258 0.5794394 0.1838517 0.7940079 0.5875794 0.1791402 0.7890876 0.5928671 0.0690512 0.8023344 0.5907249 0.06557564 0.8042039 0.5943503 0.1819493 0.7833531 0.6059178 0.06071614 0.7932069 0.6069751 0.1791366 0.7742683 0.6041679 0.1807907 0.7760772 0.6158163 0.05946276 0.7856427 0.04704368 0.9965036 0.06904635 0.0495334 0.9964191 0.06852295 0.6320109 0.06903178 0.7718787 0.61806 0.1838515 0.7643301 0.6259894 0.1791303 0.7589793 0.6299953 0.065597 0.7738236 0.6446288 0.06070026 0.7620821 0.6324294 0.1819368 0.7529489 0.149209 0.9797376 0.1336067 0.04931802 0.9964914 0.06762014 0.4910688 0.7505283 0.4422203 0.04982652 0.9965275 0.06670991 0.1507681 0.9798698 0.1308592 0.1508476 0.9799793 0.1299442 0.6694993 0.07046065 0.7394633 0.6588616 0.05884117 0.7499595 0.6465696 0.1802125 0.7412632 0.05076842 0.9965219 0.0660795 0.05091671 0.9965149 0.06607208 0.1530104 0.9801103 0.1263785 0.1528785 0.9798597 0.1284653 0.1541208 0.9800454 0.1255298 0.05093472 0.9965869 0.06496225 0.6874041 0.3060946 0.658621 0.05125002 0.9966118 0.06432987 0.1551028 0.9802446 0.1227339 0.1550658 0.9801335 0.1236653 0.697366 0.3043869 0.6488677 0.6599252 0.424614 0.61984 0.703258 0.3069018 0.6412796 0.7054358 0.07031258 0.7052776 0.6864423 0.04997544 0.7254649 0.2541403 0.9474184 0.1944506 0.6664792 0.4273793 0.6108621 0.7049645 0.3058274 0.6399177 0.05216031 0.9966078 0.06365682 0.1570499 0.9801289 0.1211715 0.05230064 0.9966013 0.0636432 0.157084 0.9803825 0.119058 0.3579059 0.8994769 0.2506882 0.2564866 0.9476584 0.1901532 0.2582902 0.9474548 0.1887211 0.6744295 0.4261027 0.602977 0.7132028 0.3043809 0.6314222 0.7188979 0.3068991 0.6236976 0.05226595 0.9966747 0.06251259 0.1581107 0.9803221 0.1181927 0.7118583 0.06198449 0.6995825 0.6985644 0.1828388 0.6917931 0.2584256 0.9477173 0.1872113 0.3618413 0.8988435 0.2472875 0.7205878 0.3058148 0.6222785 0.7351079 0.3031637 0.6063894 0.7116877 0.1803994 0.678938 0.7249649 0.0593437 0.6862246 0.7133313 0.1792455 0.677517 0.3641338 0.8991101 0.2429147 0.2600541 0.9478905 0.1840528 0.261804 0.9476907 0.1825951 0.0526824 0.9967116 0.06156743 0.1593964 0.9804553 0.1153261 0.05366007 0.9966813 0.06121273 0.2619054 0.9479568 0.181062 0.2643568 0.9482278 0.17601 0.739692 0.06939536 0.6693578 0.7372865 0.06471457 0.6724735 0.7236696 0.1836985 0.6652497 0.7299238 0.1792405 0.659609 0.7499558 0.06109548 0.6586605 0.7361851 0.1820221 0.6518432 0.7582189 0.05934537 0.6492937 0.7444807 0.1804013 0.6428093 0.7460713 0.1792363 0.6412891 0.05551714 0.9967144 0.05897715 0.05313596 0.9967902 0.05988219 0.7720541 0.06938289 0.6317583 0.7698287 0.06473473 0.6349593 0.7557625 0.1836985 0.6285523 0.7617585 0.1792305 0.6225756 0.1669561 0.9804052 0.1045537 0.05512365 0.9967944 0.05798587 0.7817981 0.06108365 0.6205326 0.7676007 0.1820124 0.6145411 0.1681247 0.9806445 0.1003515 0.05639802 0.9968214 0.05627075 0.1681766 0.9805025 0.1016435 0.05552091 0.9968268 0.05704137 0.8024364 0.07031628 0.5925804 0.7934319 0.05847568 0.6058435 0.7793149 0.1795908 0.6003462 0.1697305 0.9805246 0.09880798 0.1695757 0.9807898 0.0964131 0.05636938 0.9968252 0.05623065 0.1703316 0.9807333 0.09565213 0.0562454 0.9968968 0.05507555 0.1710593 0.9807993 0.09365689 0.05648741 0.9969195 0.05441415 0.170947 0.9809369 0.09241198 0.05733109 0.9969152 0.05360313 0.802104 0.3063175 0.512639 0.8144368 0.3067108 0.4925659 0.7666385 0.4249826 0.4813058 0.8095214 0.3042888 0.502079 0.830925 0.07011823 0.5519484 0.8156642 0.05012357 0.5763502 0.2830981 0.9481362 0.1445445 0.0573135 0.9969174 0.05358089 0.1725037 0.9808173 0.09077497 0.8151359 0.3061514 0.4917567 0.7715095 0.4273832 0.4712927 0.285098 0.9483029 0.1394299 0.3973049 0.8999166 0.1797187 0.2863116 0.9481249 0.1381476 0.8263834 0.3067071 0.4722512 0.7779759 0.4257325 0.4620663 0.8217183 0.3042864 0.4818598 0.4007941 0.8991699 0.1756634 0.2862216 0.948454 0.1360595 0.8354278 0.06265904 0.5460168 0.8205052 0.1831034 0.5415204 0.2886319 0.9483814 0.1313942 0.287438 0.9485604 0.1327119 0.4024917 0.8993151 0.1709759 0.8309907 0.179972 0.5263693 0.8316237 0.1793942 0.525566 0.845712 0.05927594 0.5303373 0.2222535 0.9731439 0.05995383 0.05701247 0.9970357 0.05166601 0.05574125 0.9970874 0.05205555 0.8444251 0.1793856 0.5047444 0.8573749 0.06970122 0.5099511 0.8551334 0.06390166 0.5144544 0.8400186 0.183506 0.5105823 0.8496431 0.1820575 0.4949361 0.8647657 0.06151846 0.4983931 0.8566995 0.1793838 0.4836192 0.8560947 0.1799724 0.4844705 0.8710615 0.05927083 0.4875847 0.8816767 0.06969151 0.4666791 0.8643244 0.1835043 0.4682624 0.8796731 0.06391047 0.471265 0.5231264 0.8295153 0.1955585 0.6203655 0.7504914 0.2278361 0.5163934 0.8331735 0.1978884 0.9037738 0.06997188 0.4222519 0.8972961 0.05049548 0.4385316 0.8789576 0.3019992 0.3690935 0.8864226 0.3065242 0.3468399 0.8864043 0.3064671 0.3469372 0.4409975 0.8927899 0.09190941 0.3376212 0.9381609 0.07659025 0.8972118 0.1784114 0.4039558 0.9122961 0.05796256 0.4054087 0.8913429 0.304245 0.3360697 0.8449021 0.4253369 0.32439 0.9194347 0.06182357 0.3883524 0.9236676 0.06987144 0.3767709 0.9039094 0.1820638 0.3870407 0.9090535 0.1795264 0.3760212 0.8479283 0.4273585 0.3136595 0.8947424 0.3064715 0.3248248 0.8947555 0.3065187 0.3247442 0.8526816 0.4253236 0.303371 0.9025486 0.3064863 0.3024439 0.8994097 0.3042414 0.3138462 0.9264097 0.06339394 0.3711419 0.9107253 0.1833338 0.3700919 0.9181187 0.1795254 0.353311 0.9334762 0.05924973 0.3537113 0.9181589 0.1796244 0.3531563 0.9412668 0.06987744 0.3303544 0.9266188 0.1795216 0.3303779 0.9376201 0.06182612 0.3421201 0.9220173 0.1820576 0.3416709 0.9437366 0.06337791 0.3245683 0.9345455 0.1795243 0.3072387 0.9279897 0.1833255 0.3243867 0.5451624 0.8332238 0.09239032 0.6533734 0.7506059 0.09845798 0.9499241 0.05924676 0.3068129 0.9345738 0.1796108 0.3071022 0.5463703 0.8324929 0.09184203 0.4204877 0.903938 0.07801505 0.9565313 0.06996012 0.2831136 0.9552138 0.06312191 0.2891059 0.9394467 0.1832638 0.2895759 0.4228671 0.9048532 0.04923537 0.430407 0.9015936 0.04334411 0.5240911 0.8506423 0.04166668 0.4875135 0.8699104 0.07474353 0.5476114 0.8330901 0.07799055 0.9694164 0.07017845 0.235174 0.9660391 0.05021416 0.2534702 0.9338775 0.3025684 0.1905917 0.7552402 0.6529194 0.05752066 0.6617118 0.7473856 0.05960095 0.6582562 0.7458516 0.1020006 0.7536396 0.6481214 0.1093897 0.7494423 0.6535485 0.1058805 0.7579111 0.6499636 0.05583951 0.9369934 0.3060605 0.1684346 0.9369954 0.3066877 0.1672788 0.9589565 0.1790394 0.2198803 0.9742043 0.05822597 0.2180268 0.9396028 0.3042437 0.1567878 0.8915754 0.4256632 0.1546099 0.9799649 0.06959487 0.1866154 0.9650312 0.1793114 0.1912127 0.9778962 0.06136525 0.1998833 0.9623305 0.1820197 0.2019628 0.9408648 0.3066879 0.1439303 0.9434499 0.3039864 0.1322664 0.9408915 0.3060634 0.1450805 0.8926423 0.4273217 0.1434782 0.8315604 0.5519083 0.06248751 0.8315204 0.5448718 0.1081141 0.8850226 0.4622966 0.05492577 0.8264672 0.5518872 0.1112317 0.831035 0.5527464 0.06206618 0.8818822 0.461886 0.09457934 0.8978889 0.4227608 0.1227554 0.9656438 0.1835201 0.1839903 0.9812647 0.06414301 0.1816739 0.9694897 0.1793118 0.1671439 0.9695684 0.1800323 0.165908 0.9848154 0.05927581 0.1631715 0.9866337 0.06137154 0.1509551 0.9880381 0.0696016 0.1376095 0.9711844 0.1820172 0.1538523 0.9733497 0.1793085 0.1429646 0.9890929 0.06413753 0.1325951 0.9736016 0.1835162 0.1357269 0.9922675 0.0581558 0.1096495 0.976033 0.1801511 0.1220871 0.9694164 0.2327224 0.07792384 0.9370834 0.3461632 0.04522958 0.9307786 0.3554161 0.08561939 0.9690558 0.2376744 0.06664694 0.9720996 0.2276236 0.05665591 0.3761116 0.5034133 0.7778915 0.3849242 0.5365922 0.7509342 0.3397474 0.5979068 0.7260022 0.2345396 0.8990754 0.3696681 0.2096364 0.9104201 0.356634 0.3163799 0.8399412 0.440911 0.2747785 0.8528023 0.4441 0.229109 0.9153486 0.3311287 0.2867444 0.8562678 0.4296311 0.4060953 0.4955045 0.7678294 0.4183097 0.5047615 0.7551377 0.3980772 0.5221918 0.7542216 0.4014741 0.6861259 0.606671 0.4499296 0.2971108 0.8421927 0.4577593 0.3034633 0.8356832 0.4134556 0.4024526 0.8167535 0.5046365 0.5446692 0.6698338 0.4078846 0.5810645 0.7042686 0.454015 0.5047597 0.7342262 0.264953 0.9000986 0.3458647 0.2042117 0.9261333 0.3171351 0.1891334 0.9301121 0.3148335 0.2575926 0.9177665 0.3022431 0.4646539 0.2924605 0.8358011 0.4446776 0.3933479 0.8046982 0.4491734 0.3888161 0.8044037 0.3922333 0.6012403 0.6961775 0.4486272 0.6258153 0.6380351 0.4237654 0.5939 0.68389 0.4585481 0.5007812 0.7341333 0.1663975 0.966833 0.1937678 0.2542734 0.8889455 0.3809474 0.4845913 0.3084422 0.8185565 0.4158784 0.3620295 0.834254 0.4673348 0.1999417 0.8611745 0.2993864 0.8813654 0.3654624 0.2380744 0.922213 0.3047029 0.3015179 0.9067327 0.2948267 0.4874323 0.388798 0.7818221 0.5546983 0.1874191 0.8106688 0.5160502 0.2096199 0.8305129 0.5092924 0.2037248 0.8361324 0.506884 0.3166134 0.8017634 0.4803282 0.3680954 0.7961096 0.5325403 0.3411581 0.7746044 0.5282024 0.4239391 0.7357159 0.5291309 0.4235044 0.7352989 0.4600237 0.5368872 0.7071989 0.4950603 0.4905049 0.7171612 0.4965824 0.53465 0.6837802 0.309194 0.8785163 0.3641541 0.2376384 0.9272337 0.289423 0.5227738 0.2991241 0.7982683 0.5000329 0.399468 0.76837 0.5358739 0.29489 0.7911251 0.5024645 0.3987433 0.7671592 0.5238079 0.4239038 0.7388713 0.4610448 0.6533924 0.6004299 0.3993655 0.7498233 0.5275152 0.4609656 0.6525786 0.601375 0.3735365 0.8139494 0.4449235 0.4251769 0.7505546 0.5058581 0.3508907 0.8220488 0.4484546 0.4246483 0.7486321 0.5091402 0.3739371 0.8164767 0.4399282 0.4373885 0.7432669 0.506207 0.3889457 0.8193195 0.4212323 0.5546645 0.4223608 0.7169091 0.5159632 0.5396283 0.6652693 0.5335479 0.5475007 0.6446468 0.5558146 0.4237075 0.7152218 0.5100831 0.5445125 0.6658238 0.3867738 0.8349602 0.3914684 0.391906 0.8326969 0.3911849 0.3222785 0.8807001 0.347137 0.3057805 0.899309 0.3126366 0.3759409 0.8267023 0.4186068 0.4856439 0.6533461 0.5807657 0.5434069 0.5408539 0.6420171 0.4914447 0.6492565 0.5804722 0.5597691 0.5492994 0.6204264 0.5806355 0.5410857 0.608349 0.5594721 0.5483909 0.6214969 0.5025908 0.6543795 0.5649689 0.4697837 0.749694 0.4661139 0.4696149 0.7505288 0.464939 0.4448463 0.749604 0.4901078 0.5196217 0.652679 0.551365 0.450334 0.7459211 0.4907147 0.5187616 0.6487483 0.5567872 0.542221 0.6524804 0.5294013 0.5410681 0.6533982 0.5294489 0.6070859 0.3005013 0.735626 0.5812901 0.4230641 0.6950673 0.5713199 0.4308008 0.6985729 0.1471444 0.9708462 0.1892255 0.2298874 0.9477904 0.2210095 0.2699264 0.9054332 0.3276131 0.2578193 0.9442956 0.2045362 0.3267335 0.8988206 0.2921757 0.3145013 0.8997952 0.3024195 0.3165816 0.8992369 0.3019089 0.3269064 0.8975855 0.2957576 0.4056297 0.8332241 0.3757687 0.4216357 0.8310531 0.3627312 0.4053332 0.8343944 0.3734851 0.6114103 0.4207984 0.670154 0.6273746 0.3103624 0.7141962 0.5933388 0.4288511 0.6812018 0.1675338 0.9729796 0.1588808 0.3147024 0.9125355 0.2612303 0.1718789 0.9725394 0.1569226 0.3144027 0.9117641 0.2642672 0.6319679 0.1950549 0.7500468 0.5914395 0.3714007 0.715724 0.7054902 0.1908024 0.6825527 0.6669257 0.2190237 0.7122071 0.6373762 0.3327401 0.6950077 0.6071585 0.5437524 0.5793893 0.6589308 0.4232989 0.6217944 0.5855575 0.5472518 0.5980283 0.6060233 0.5389216 0.5850635 0.3213834 0.9112569 0.2575336 0.1718872 0.9727291 0.1557333 0.1922103 0.9738051 0.1214852 0.683028 0.3007612 0.6655941 0.6495852 0.317568 0.690789 0.6432712 0.4305382 0.6331186 0.6374503 0.4233079 0.6437916 0.6540262 0.4154799 0.6321599 0.5662937 0.6524089 0.5036606 0.4913058 0.7496535 0.4434391 0.5661616 0.6534096 0.5025105 0.3628177 0.9127784 0.187614 0.2471761 0.9418684 0.2275693 0.2516797 0.9478967 0.1953179 0.5093132 0.752264 0.4179701 0.5096283 0.7504774 0.4207883 0.4216274 0.8331658 0.3578619 0.4384686 0.8290828 0.3469394 0.5234613 0.7486509 0.4068293 0.4423544 0.8334084 0.3312902 0.4363851 0.8300399 0.3472778 0.6329181 0.5396912 0.5551109 0.6273088 0.544533 0.5567473 0.6467655 0.5474285 0.5310522 0.6815548 0.4220608 0.5977857 0.6826648 0.4238672 0.5952357 0.3574087 0.8996143 0.2509048 0.3497827 0.898999 0.2635394 0.3558401 0.8973203 0.26114 0.449735 0.8307562 0.3279978 0.4530064 0.8350027 0.3123393 0.4583618 0.8325682 0.311022 0.6557476 0.5407899 0.5268219 0.5923594 0.6492814 0.4770158 0.5867691 0.6533388 0.4783831 0.6859596 0.5410745 0.4865159 0.6679114 0.5480986 0.5034704 0.6680386 0.549367 0.5019166 0.6006739 0.6542992 0.4594383 0.6328574 0.6523348 0.4170742 0.6315473 0.6533997 0.4173929 0.5277282 0.7531055 0.3928552 0.533644 0.7497535 0.3912718 0.614791 0.6525545 0.44295 0.6149588 0.6485612 0.4485467 0.5488379 0.7505144 0.3681102 0.549296 0.7495415 0.369407 0.7377245 0.3004847 0.6045424 0.7038358 0.4230227 0.5706723 0.6949506 0.4307384 0.5757673 0.1735505 0.9717807 0.1597582 0.320098 0.9069747 0.2737407 0.2893108 0.9448447 0.1535178 0.2640568 0.9485365 0.1747931 0.4677542 0.8346255 0.2908716 0.3646319 0.9000421 0.2386794 0.3737333 0.8995745 0.2260291 0.3656935 0.8997369 0.2382053 0.3746573 0.8980468 0.2305296 0.4814832 0.8312312 0.2779002 0.4686341 0.8331679 0.2936211 0.7134578 0.4287825 0.5541872 0.753769 0.3100128 0.5794173 0.7289214 0.4205966 0.5401592 0.3557007 0.9125584 0.2017778 0.3554784 0.9134346 0.1981728 0.1936702 0.9733014 0.1231921 0.1898231 0.9737341 0.1257339 0.7659206 0.1958053 0.6123935 0.7933973 0.2189232 0.567973 0.8251821 0.1900775 0.5319258 0.718245 0.3727486 0.5875224 0.7599992 0.3325031 0.5584289 0.7064717 0.5387282 0.4589876 0.7657954 0.4233122 0.4841118 0.6891052 0.5471413 0.4751531 0.706529 0.5436386 0.4530717 0.3611242 0.9121792 0.1936967 0.193453 0.9735262 0.1217482 0.2084013 0.9743091 0.08538509 0.7710351 0.3179764 0.5517207 0.7642522 0.4147057 0.4939005 0.7531606 0.4304276 0.4974749 0.7492086 0.4233221 0.5093966 0.798803 0.3007955 0.520995 0.5667114 0.7495449 0.3420827 0.6516451 0.6522636 0.3871831 0.6512406 0.6534113 0.3859265 0.5652689 0.7504961 0.342384 0.2807786 0.9486317 0.145812 0.2815845 0.9429473 0.1776532 0.3912648 0.9125997 0.1186331 0.5797425 0.7504347 0.3174058 0.5787458 0.7525963 0.3140896 0.4805472 0.8337175 0.2720102 0.4957656 0.8339356 0.2424207 0.4945578 0.8297468 0.2587136 0.5905563 0.74883 0.3008272 0.4930426 0.8304775 0.2592608 0.7279857 0.5382155 0.4246894 0.7815532 0.4232185 0.4583238 0.7329221 0.547197 0.4042285 0.7206983 0.5444834 0.4291057 0.5036258 0.8350841 0.2213495 0.3970227 0.9000047 0.1799017 0.3971781 0.8978124 0.1902168 0.5030414 0.8309617 0.237596 0.5089974 0.8324691 0.2188994 0.3909813 0.8997347 0.1939361 0.7471347 0.5498183 0.3734829 0.7430246 0.5409509 0.3940642 0.6659783 0.6532747 0.3601461 0.6731831 0.6480561 0.3561572 0.6753209 0.6541012 0.3407247 0.7503839 0.546946 0.3711792 0.7651894 0.5412364 0.3486377 0.8335999 0.3006914 0.4633529 0.7862402 0.4305021 0.4432767 0.7963873 0.4232107 0.4320416 0.6880194 0.6498855 0.3229213 0.6870854 0.6523548 0.319917 0.6087229 0.7504965 0.2573158 0.5982482 0.7496473 0.2830687 0.700812 0.6522253 0.2889025 0.6994686 0.6533893 0.2895273 0.6094987 0.7494165 0.2586233 0.5924178 0.7532041 0.2858754 0.402258 0.9012388 0.161112 0.4017292 0.9016056 0.1603778 0.2883208 0.9490918 0.1268703 0.2062176 0.9762524 0.0663739 0.3819661 0.9067709 0.1785173 0.3060966 0.9453589 0.1122564 0.174854 0.9782308 0.1117612 0.20691 0.9739338 0.09295715 0.8738139 0.2185498 0.434379 0.846037 0.3198362 0.4265279 0.9012447 0.1980113 0.3854212 0.7896977 0.4120774 0.4544993 0.8593959 0.1883395 0.4753598 0.8471925 0.3313504 0.4152973 0.8512754 0.3765135 0.3654691 0.8147377 0.4200116 0.3997407 0.4109058 0.9010119 0.1390463 0.3122086 0.9418114 0.1245677 0.3839867 0.9187009 0.09242751 0.8643464 0.3087049 0.3969969 0.8188356 0.4285679 0.381887 0.8788658 0.3010303 0.3701025 0.7793318 0.5434511 0.3119341 0.829837 0.4235194 0.3633208 0.8411285 0.4246585 0.334915 0.8441534 0.4218158 0.3308723 0.7801832 0.5403584 0.3151619 0.8297747 0.430108 0.3556417 0.7645184 0.5468321 0.3413008 0.299893 0.9491836 0.09547095 0.4179215 0.8988686 0.1318218 0.299687 0.9481371 0.1059421 0.7136083 0.6521562 0.2558426 0.7129089 0.6534111 0.2545875 0.6212183 0.7493936 0.2291225 0.5321644 0.82999 0.1670857 0.6266462 0.7537638 0.1978759 0.6289194 0.7503475 0.2035659 0.5225682 0.8339247 0.1774598 0.5319837 0.8341154 0.1457557 0.6355183 0.7491345 0.1868532 0.5306773 0.8315225 0.1641703 0.7895375 0.5444831 0.2831409 0.7957995 0.538231 0.2775078 0.8551247 0.4230408 0.2996635 0.7969281 0.5472701 0.2557362 0.5371481 0.8313654 0.1424901 0.4231543 0.9001911 0.1029387 0.4184126 0.9001963 0.1207378 0.4231194 0.8983418 0.1181186 0.5412672 0.8323364 0.1193565 0.5377325 0.8343185 0.1214762 0.722582 0.6532606 0.2261101 0.7288556 0.6480518 0.2209036 0.8049427 0.540786 0.2441676 0.8051991 0.5497131 0.2224184 0.728128 0.6541011 0.2048935 0.8076211 0.5471677 0.2198994 0.8180253 0.5411032 0.1950438 0.9076453 0.3005223 0.2930295 0.8570495 0.4305909 0.2829444 0.8648396 0.4230384 0.2703535 0.640989 0.7494912 0.1655177 0.6373258 0.7520981 0.1678221 0.6467223 0.7504857 0.1360941 0.6477946 0.7493425 0.137288 0.7357317 0.6522876 0.1822626 0.737315 0.6496578 0.1852332 0.7432743 0.6521554 0.14912 0.742008 0.653384 0.1500446 0.9593914 0.1970905 0.2018004 0.8626181 0.4128954 0.2922455 0.9355834 0.1889395 0.2983046 0.9420144 0.2187118 0.2545073 0.9129836 0.3194031 0.2538555 0.9066798 0.3750077 0.1931352 0.8766334 0.4200604 0.2346553 0.9117303 0.3316637 0.242378 0.9340492 0.3008912 0.1923971 0.9249132 0.3090355 0.2214329 0.8773413 0.4285987 0.2158137 0.8829256 0.4301973 0.1880762 0.8248307 0.5433957 0.1561265 0.8159382 0.5468927 0.1874922 0.8844687 0.4233825 0.1961184 0.8263767 0.540099 0.1593567 0.8901774 0.4244098 0.1657123 0.8920457 0.4219573 0.161884 0.3687539 0.6072437 0.7037583 0.3504215 0.5954291 0.7229584 0.3400754 0.716058 0.6095979 0.3507232 0.7147045 0.6051371 0.3407547 0.6733942 0.6560689 0.4061384 0.6324405 0.6595988 0.346886 0.6096385 0.7127489 0.08962598 0.9827171 0.1619695 0.1439282 0.959666 0.2415075 0.1825124 0.9351268 0.3036891 0.2165811 0.9465496 0.2390323 0.1548878 0.966206 0.2060482 0.2562771 0.8804116 0.3989957 0.2897672 0.8792025 0.3782035 0.3361725 0.8333433 0.4387792 0.276412 0.8778011 0.3912311 0.3377672 0.8251705 0.4527769 0.3520454 0.822593 0.4465475 0.2021975 0.946835 0.2502389 0.2498184 0.9290226 0.2729611 0.2173898 0.9467322 0.2375707 0.3037747 0.8978531 0.3187173 0.2875704 0.8981683 0.3325611 0.2766061 0.8025764 0.5285454 0.3236518 0.7302771 0.6016185 0.2817401 0.804441 0.5229696 0.3468853 0.7387881 0.5778086 0.03619517 0.9965351 0.07488468 0.02615807 0.9955862 0.09013316 0.1046213 0.9811658 0.1623826 0.1135262 0.9822188 0.1495261 3.600288e-07 0.9993908 0.03489844 -1.419829e-06 0.9993908 0.03489943 2.067156e-07 0.9993908 0.03489883 -2.776166e-06 0.9993908 0.03489956 -4.728062e-06 0.9993908 0.03489985 3.453688e-06 0.9993909 0.03489917 1.120658e-06 0.9993908 0.03489781 -1.800507e-06 0.9993907 0.03490152 9.550845e-09 0.9993908 0.03489784 -7.702957e-07 0.9993907 0.03490065 -2.144971e-08 0.999391 0.03489435 -4.287395e-06 0.9993908 0.03489944 -1.382777e-07 0.9743704 0.2249498 1.509578e-07 0.8191532 0.5735747 4.606619e-07 0.9743676 0.2249617 3.347898e-07 0.544637 0.8386719 5.035333e-07 0.8191491 0.5735806 0 0.1908125 0.9816265 0 0.5446427 0.8386682 0 0.1908125 0.9816265 0 0 1 0 0 1 0 0 1 0 0 1 0 0 1 0 0 1 0 0 1 0 0 1 0 0 1 0 0 1 0 0 1 0 0 1 0 0 1 0 0 1 0 0 1 0 0 1 0 0 1 0 0 1 0 0 1 0 0 1 0 0 1 0 0 1 0 0 1 0 0 1 0 0 1 0 0 1 0 0 1 0 0 1 0 0 1 0 0 1 0 0 1 0 0 1 0 0 1 0 0 1 0 0 1 0 0 1 0 0 1 0 0 1 0 0 1 0 0 1 0 0 1 0 0 1 0 0 1 0 0 1 0 0 1 0 0 1 0 0 1 0 0 1 0 0.6280472 0.7781752 0 0.6280472 0.7781752 -1 -0 -0 -1 0 0 -1 0 0 -1 -0 -0 -1 -0 -0 -1 -0 -0 -1 -0 -0 -1 -0 -0 -1 0 0 -1 0 0 -1 0 0 -1 0 0 -1 0 0 -1 0 0 -1 0 0 -1 0 0 -1 -0 0 -1 0 0 -1 0 0 -1 0 0 -1 -0 -0 -1 -0 0 -1 0 0 -1 0 0 -1 0 0 -1 0 0 -1 -0 0 -1 -0 0 -1 -0 0 -1 -0 0 -1 -0 0 -1 -0 -0 -1 -0 0 -1 -0 0 -1 -0 0 -1 -0 0 -1 -0 0 -1 -0 0 -1 -0 0 -1 -0 0 -1 -0 0 -1 -0 0 -1 -0 0 -1 -0 0 -1 -0 0 -1 -0 0 -1 -0 0 -1 -0 0 -1 -0 0 -1 0 0 -1 -0 0 -1 0 0 -1 -0 0 -1 0 0 -1 0 0 -1 0 0 -1 0 0 -1 0 0 -1 0 0 0 0.9792238 -0.2027825 1.271555e-07 0.8737776 -0.4863258 -7.37729e-07 0.9792226 -0.2027884 1.075453e-06 0.688381 -0.7253494 -8.693461e-07 0.8737736 -0.4863329 9.417248e-07 0.4399671 -0.8980139 -2.022792e-06 0.6883625 -0.7253668 3.139152e-06 0.1512999 -0.9884879 -1.038398e-06 0.4399526 -0.8980211 -2.528985e-06 0.1512541 -0.9884949 -0.1513016 0.007634053 -0.9884582 -0.08724555 0.9754899 -0.2020092 -0.01071633 0.1512997 -0.9884299 -0.2402548 0.03702222 -0.9700035 -0.2108858 -0.03088307 -0.9770227 -0.224006 0.08674836 -0.9707193 -0.2100137 0.1066793 -0.971861 -0.1998449 0.1258036 -0.9717178 -0.2080894 0.09837651 -0.97315 -0.6948947 0.6435131 -0.3209552 -0.7724679 0.5550297 -0.3086023 -0.7847338 0.5449133 -0.295402 -0.1869267 0.1408797 -0.9722198 -0.186933 0.1310857 -0.9735875 -0.5892674 0.7360613 -0.3331331 -0.6783987 0.6729206 -0.2948781 -0.1488623 0.1856006 -0.9712839 -0.4484377 0.8271971 -0.3385982 -0.5518887 0.7811881 -0.2918289 -0.1267348 0.2005807 -0.9714451 -0.1059253 0.2087663 -0.9722122 -0.1325315 0.1858431 -0.9736004 -0.3218423 0.891899 -0.3177007 -0.4078796 0.8648707 -0.2926311 -0.08456992 0.2278979 -0.9700054 -0.1000069 0.2073299 -0.9731459 -0.2220012 0.9260217 -0.3052857 -0.2515556 0.9252589 -0.2839293 -0.03710543 0.9548525 -0.2947542 0.02227423 0.2281117 -0.9733801 -0.05197257 0.2394667 -0.9695125 -0.06380404 0.2232499 -0.9726709 -0.9695569 0.0939136 -0.2261405 -0.8718561 -0.06629997 -0.4852537 -0.9759049 0.0822717 -0.2020913 -0.9486772 0.0498899 -0.3122859 -0.852942 -0.1107535 -0.5101212 -0.8183706 0.2937159 -0.4939639 -0.4396825 -0.03589843 -0.8974356 -0.6871461 0.05984005 -0.7240508 -0.5253175 0.08918793 -0.8462192 -0.6890473 -0.012816 -0.7246031 -0.9317399 0.2723862 -0.2401386 -0.9056523 0.3119555 -0.2871894 -0.9209895 0.2028261 -0.3326259 -0.8415673 0.07953812 -0.5342642 -0.7714151 0.3636508 -0.5221846 -0.6779768 0.0992661 -0.7283499 -0.641577 0.2533234 -0.7240208 -0.8636747 0.4412606 -0.243629 -0.8632998 0.3635862 -0.3500267 -0.8372359 0.4701804 -0.2792246 -0.1167424 0.0311464 -0.9926737 -0.4720971 -0.006391934 -0.8815234 -0.4374684 0.2272467 -0.8700462 -0.2313758 -0.01587233 -0.9727349 -0.1777687 0.1699994 -0.9692773 -0.6945602 0.4974826 -0.5197087 -0.8073339 0.2264409 -0.5449187 -0.5443208 0.2515515 -0.8002729 -0.5838284 0.358707 -0.7283363 -0.6479475 0.2130381 -0.7312856 -0.5105495 0.4522798 -0.731288 -0.6078 0.423752 -0.6715754 -0.600183 0.3206059 -0.7327976 -0.4902228 0.3404896 -0.8023393 -0.525467 0.5212635 -0.672435 -0.535797 0.4193825 -0.7328301 -0.4237099 0.532419 -0.7328028 -0.1219443 0.2306281 -0.9653705 -0.08748641 0.0830944 -0.992694 -0.2033539 0.09780265 -0.9742083 -0.2646044 0.4089239 -0.8733646 -0.4064056 0.2229028 -0.8860862 -0.4285911 0.604339 -0.6716279 -0.3253898 0.5975729 -0.7328221 -0.456357 0.5067656 -0.731387 -0.3444016 0.4873613 -0.8024129 -0.3192882 0.6707844 -0.6694052 -0.2558633 0.5422254 -0.8003284 -0.2183432 0.6460497 -0.7314001 -0.3630691 0.5809022 -0.7285146 -0.1995147 0.718778 -0.6659971 -0.1587887 0.5832428 -0.7966267 -0.2567832 0.6399221 -0.7242666 -0.1050965 0.6768523 -0.7285778 -0.08993817 0.5268107 -0.845211 0.1225813 0.867188 -0.4826581 -0.05987039 0.6871461 -0.7240482 0.03313081 0.4397256 -0.8975209 0.005960335 0.6886972 -0.7250245 -0.1408555 0.7669879 -0.6260106 -0.08682566 0.9946116 -0.05664712 -0.08665541 0.9946252 -0.0566707 -0.2297669 0.9712101 -0.06291404 -0.2294128 0.9712918 -0.06294456 -0.3362879 0.9393808 -0.06689028 -0.3626879 0.9292052 -0.0709599 -0.4739017 0.8780507 -0.0666635 -0.5099918 0.8570278 -0.07356401 -0.6228249 0.7790803 -0.07157533 -0.6435506 0.7616549 -0.07566003 -0.7319475 0.6775154 -0.07228743 -0.8105675 0.5812876 -0.0713105 -0.7629522 0.6418002 -0.07743701 -0.8484253 0.5241656 -0.073655 -0.8891427 0.4528549 -0.06593601 -0.9137813 0.3998142 -0.07178037 -0.9585736 0.2781705 -0.06130061 -0.9674958 0.2443182 -0.06527125 -0.9940746 0.09378365 -0.05495719 -0.9950189 0.08216033 -0.05645536 -0.9986293 1.059373e-06 -0.05233882 -0.9986294 1.058879e-06 -0.05233882 -0.9792247 9.280282e-07 -0.2027783 -0.9792269 5.409221e-07 -0.2027674 -0.873769 5.029003e-07 -0.4863411 -0.8737786 -1.882702e-07 -0.4863238 -0.6883266 1.440473e-06 -0.7254009 -0.6883796 -1.109893e-06 -0.7253506 -0.4399138 1.357022e-06 -0.89804 -0.439966 -6.712636e-07 -0.8980144 -0.1512063 1.773215e-06 -0.9885022 -0.1512999 -1.525373e-06 -0.9884879 -0.1511559 0.01066147 -0.9884524 -0.01073141 0.1512089 -0.9884436 -0.9768725 0.06930361 -0.2022797 -0.9790115 0.0789374 -0.1878971 -0.8720954 0.06186313 -0.4854096 -0.8721056 0.06187935 -0.4853893 -0.9543174 0.2396518 -0.1784526 -0.9532382 0.2065417 -0.2206297 -0.9320031 0.2958839 -0.2093391 -0.687508 0.04875449 -0.7245383 -0.6875361 0.04878594 -0.7245095 -0.8544771 0.1851427 -0.4853773 -0.8544766 0.1851418 -0.4853783 -0.9025507 0.3939839 -0.1737207 -0.908529 0.3617059 -0.2091504 -0.8328655 0.2644105 -0.4862327 -0.8328653 0.2644126 -0.4862318 -0.4397001 0.03116306 -0.8976038 -0.148184 0.03210763 -0.9884385 -0.439742 0.03120434 -0.8975819 -0.1512364 0.01074182 -0.9884393 -0.6736442 0.1459602 -0.7244993 -0.6736443 0.1459604 -0.7244991 -0.875097 0.4352065 -0.2116618 -0.8120357 0.3232897 -0.4858826 -0.8120357 0.3232897 -0.4858826 -0.6561685 0.2083161 -0.7252913 -0.6561684 0.2083165 -0.7252911 -0.8347471 0.5149686 -0.1949478 -0.8417841 0.4965997 -0.2116323 -0.4308601 0.09335557 -0.8975769 -0.148184 0.0321076 -0.9884384 -0.4308606 0.09335623 -0.8975766 -0.7824705 0.3891411 -0.4861165 -0.7824704 0.3891414 -0.4861163 -0.8111821 0.5446787 -0.2128581 -0.6399329 0.2547719 -0.724967 -0.6399329 0.2547717 -0.724967 -0.419412 0.1331513 -0.8979779 -0.1394498 0.05190643 -0.9888678 -0.1441899 0.04577615 -0.9884906 -0.4194121 0.1331524 -0.8979777 -0.7527056 0.4440471 -0.4860621 -0.7527054 0.4440488 -0.4860611 -0.6165213 0.3066109 -0.7251835 -0.6165213 0.3066107 -0.7251837 -0.7541472 0.6341419 -0.170664 -0.7702485 0.6012508 -0.2126375 -0.7254549 0.4871122 -0.4862477 -0.7254537 0.4871152 -0.4862465 -0.1406821 0.0560086 -0.9884694 -0.4091429 0.1628887 -0.8978136 -0.4091431 0.1628892 -0.8978134 -0.5930938 0.3498865 -0.7251339 -0.5930937 0.3498879 -0.7251332 -0.7146466 0.6661642 -0.2133203 -0.1354967 0.06738593 -0.9884836 -0.1302585 0.0710408 -0.9889318 -0.3941051 0.1959985 -0.8979231 -0.394105 0.1959979 -0.8979232 -0.6889885 0.5378199 -0.4858441 -0.6889884 0.5378211 -0.4858431 -0.5715376 0.3837638 -0.7253069 -0.5715379 0.3837633 -0.725307 -0.6352581 0.7521043 -0.1754604 -0.6652402 0.7155031 -0.2133325 -0.1303567 0.07690173 -0.9884803 -0.3791454 0.2236719 -0.8978973 -0.3791454 0.2236704 -0.8978978 -0.6392543 0.5958866 -0.4860792 -0.6392534 0.5958891 -0.4860775 -0.5429793 0.4238458 -0.7249333 -0.5429793 0.423847 -0.7249326 -0.3653135 0.2452929 -0.8979852 -0.1192642 0.08921517 -0.9888462 -0.3653129 0.2452953 -0.8979848 -0.1255898 0.08432934 -0.9884917 -0.6042225 0.767898 -0.2127153 -0.5950537 0.6400128 -0.4861014 -0.5950535 0.6400133 -0.4861011 -0.5036927 0.4695241 -0.7251487 -0.5036927 0.4695243 -0.7251487 -0.5024737 0.8455245 -0.1805784 -0.5478204 0.8090565 -0.2128853 -0.3471657 0.2709947 -0.8977961 -0.1193736 0.09318208 -0.988467 -0.3471657 0.2709951 -0.897796 -0.5404656 0.6868702 -0.4859076 -0.5404667 0.686868 -0.4859095 -0.4688589 0.5042832 -0.7251688 -0.4688593 0.5042822 -0.7251693 -0.1049283 0.1048886 -0.988933 -0.1107047 0.1031953 -0.9884813 -0.3219894 0.3001469 -0.8979057 -0.3219893 0.3001477 -0.8979055 -0.4899363 0.7235695 -0.4862197 -0.4899337 0.7235726 -0.4862179 -0.4796402 0.8517329 -0.2109415 -0.3559847 0.9149467 -0.1901248 -0.4175594 0.8837481 -0.2112666 -0.4259108 0.5412834 -0.7249913 -0.4259112 0.5412818 -0.7249921 -0.385995 0.5700679 -0.7252797 -0.2997172 0.3223611 -0.8979159 -0.1030463 0.1108312 -0.9884826 -0.2997174 0.3223603 -0.8979161 -0.3859942 0.570068 -0.7252799 -0.4289192 0.761661 -0.4856963 -0.4289184 0.7616624 -0.4856948 -0.3732867 0.7900481 -0.4862931 -0.3732873 0.7900478 -0.4862933 -0.08911815 0.1190409 -0.9888818 -0.2723015 0.3460637 -0.8978262 -0.09362848 0.1189912 -0.988471 -0.2723013 0.3460641 -0.897826 -0.2467238 0.364382 -0.8979716 -0.3437209 0.9156976 -0.2082158 -0.2467263 0.3643814 -0.8979712 -0.08482236 0.1252712 -0.9884899 -0.3380635 0.6003209 -0.724795 -0.3380632 0.6003218 -0.7247945 -0.2940753 0.6224056 -0.7253487 -0.2940773 0.6224042 -0.7253492 -0.3072375 0.8185074 -0.4854386 -0.3072385 0.8185059 -0.4854406 -0.2232966 0.9526824 -0.2062401 -0.2247875 0.9518711 -0.2083555 -0.08358389 0.9798971 -0.1811501 -0.1540009 0.9662449 -0.20653 -0.06949316 0.9768606 -0.2022722 -0.2161725 0.3838721 -0.8977258 -0.07433614 0.1320037 -0.988458 -0.07169867 0.1313462 -0.9887403 -0.2161727 0.3838716 -0.8977259 -0.1879594 0.3978129 -0.8980068 -0.06461601 0.136761 -0.9884944 -0.1879571 0.3978146 -0.8980065 -0.2422051 0.6452554 -0.7245565 -0.2422056 0.6452542 -0.7245573 -0.2009017 0.8507251 -0.4857008 -0.2009016 0.8507253 -0.4857006 -0.06203174 0.8720859 -0.4854054 -0.06204867 0.8720964 -0.4853842 -0.1375325 0.862911 -0.4862811 -0.1375315 0.8629115 -0.4862807 -0.1549067 0.4126831 -0.897606 -0.05279649 0.1416776 -0.9885039 -0.1549066 0.4126833 -0.897606 -0.05327495 0.1419286 -0.9884422 -0.1583449 0.6705184 -0.7247978 -0.1583452 0.670518 -0.7247981 -0.04889219 0.6875113 -0.7245259 -0.04891411 0.6875308 -0.724506 -0.10835 0.6798136 -0.7253369 -0.1083445 0.6798159 -0.7253357 -0.03168437 0.1459648 -0.9887822 -0.1012523 0.4287572 -0.8977278 -0.101253 0.428756 -0.8977283 -0.0348888 0.1477367 -0.9884111 -0.03125041 0.4397062 -0.8975978 -0.06925025 0.4345118 -0.8979999 -0.03128551 0.4397418 -0.8975791 -0.023807 0.1493774 -0.9884937 -0.06924961 0.4345121 -0.8979999 -0.0107602 0.1512378 -0.9884388 -0.08665635 0.9946252 -0.05667037 -0.08682381 0.9946119 -0.05664719 -0.22942 0.9712902 -0.06294441 -0.2297688 0.9712096 -0.06291433 -0.3626958 0.929202 -0.07096061 -0.3362859 0.9393815 -0.06688966 -0.510001 0.8570223 -0.07356498 -0.4739017 0.8780507 -0.06666318 -0.6435629 0.7616444 -0.07566135 -0.622824 0.779081 -0.07157446 -0.7629609 0.6417898 -0.0774371 -0.7319476 0.6775156 -0.07228692 -0.8484319 0.5241549 -0.07365439 -0.8105682 0.5812865 -0.07131045 -0.9137851 0.3998054 -0.07178053 -0.8891422 0.452856 -0.06593575 -0.9674973 0.2443129 -0.06527129 -0.9585739 0.2781693 -0.06130041 -0.9950189 0.08215912 -0.05645532 -0.9940746 0.09378376 -0.05495703 0 0.9986294 -0.05233876 0 0.9986294 -0.05233876 0 0.979228 -0.2027624 9.080109e-08 0.9792269 -0.2027674 1.031884e-07 0.8737679 -0.4863431 8.08176e-08 0.8737686 -0.486342 1.139034e-07 0.6883279 -0.7253996 -4.589696e-08 0.6883345 -0.7253934 5.443289e-08 0.4399138 -0.8980401 -8.830072e-08 0.4399211 -0.8980365 1.682664e-07 0.1512063 -0.9885022 -2.334732e-07 0.1512288 -0.9884988 0.01066148 0.151156 -0.9884525 0.15121 0.01073583 -0.9884434 0.06930314 0.9768725 -0.2022799 0.07893018 0.9790101 -0.1879073 0.06186476 0.8720943 -0.4854116 0.06187876 0.872103 -0.485394 0.2396343 0.9543192 -0.1784667 0.2065435 0.9532393 -0.2206234 0.2958702 0.9320078 -0.2093375 0.04874748 0.6875096 -0.7245373 0.0487932 0.6875503 -0.7244955 0.1851435 0.854474 -0.4853823 0.1851431 0.8544738 -0.4853828 0.3939551 0.9025613 -0.1737312 0.3616955 0.9085335 -0.2091485 0.2643975 0.8328674 -0.4862365 0.2643962 0.8328674 -0.4862371 0.03115531 0.4397002 -0.8976041 0.03210731 0.1481809 -0.988439 0.03120006 0.4397456 -0.8975803 0.01073895 0.1512336 -0.9884398 0.1459646 0.6736585 -0.724485 0.145965 0.6736588 -0.7244847 0.4351926 0.8751035 -0.2116629 0.3232794 0.8120372 -0.4858868 0.3232803 0.8120373 -0.4858861 0.2083081 0.6561856 -0.725278 0.208312 0.6561856 -0.7252768 0.5149348 0.8347661 -0.1949559 0.4965818 0.8417945 -0.211633 0.0933572 0.4308639 -0.897575 0.03210676 0.1481804 -0.988439 0.09335664 0.4308635 -0.8975752 0.3891277 0.7824745 -0.4861208 0.3891274 0.7824745 -0.4861209 0.5446609 0.8111952 -0.2128543 0.2547688 0.6399495 -0.7249535 0.2547705 0.63995 -0.7249525 0.1331491 0.4194168 -0.8979759 0.0519056 0.1394476 -0.9888681 0.04577392 0.1441868 -0.9884912 0.1331476 0.4194167 -0.8979763 0.4440318 0.7527122 -0.486066 0.4870967 0.7254615 -0.4862535 0.4440314 0.7527122 -0.4860663 0.3066074 0.6165395 -0.7251695 0.3066077 0.6165395 -0.7251695 0.6341021 0.754178 -0.1706751 0.6012349 0.7702622 -0.2126332 0.4870979 0.7254602 -0.4862541 0.05600537 0.1406797 -0.9884698 0.1628842 0.4091482 -0.897812 0.1628852 0.4091485 -0.8978118 0.349883 0.5931132 -0.7251197 0.3498849 0.5931132 -0.7251188 0.6661474 0.7146621 -0.2133206 0.06738228 0.1354945 -0.9884842 0.07103951 0.1302558 -0.9889321 0.1959938 0.3941108 -0.8979215 0.195993 0.3941108 -0.8979218 0.5378031 0.6889977 -0.4858498 0.5378027 0.6889977 -0.4858502 0.3837592 0.5715582 -0.725293 0.3837624 0.5715573 -0.7252922 0.7520729 0.6352993 -0.1754462 0.715483 0.665262 -0.2133323 0.07689769 0.1303553 -0.9884808 0.2236667 0.3791524 -0.8978956 0.2236652 0.3791524 -0.8978961 0.5958703 0.6392668 -0.4860829 0.5958687 0.6392674 -0.486084 0.4238439 0.5430012 -0.724918 0.423844 0.5430011 -0.7249178 0.2452868 0.3653221 -0.8979834 0.08921442 0.1192624 -0.9888464 0.2452871 0.365322 -0.8979834 0.08432402 0.1255892 -0.9884922 0.7678837 0.6042413 -0.2127137 0.6399935 0.5950722 -0.4861042 0.639994 0.5950719 -0.4861039 0.46952 0.5037164 -0.7251349 0.4695199 0.5037165 -0.725135 0.8455078 0.5025098 -0.1805559 0.8090454 0.5478379 -0.2128832 0.09317734 0.1193726 -0.9884676 0.2709901 0.3471747 -0.8977941 0.2709902 0.3471747 -0.897794 0.6868544 0.54048 -0.4859141 0.6868554 0.5404795 -0.4859132 0.5042788 0.4688832 -0.7251561 0.5042816 0.4688822 -0.7251548 0.1031894 0.1107047 -0.9884819 0.104886 0.1049256 -0.9889336 0.3001402 0.3220003 -0.897904 0.3001409 0.3220001 -0.8979039 0.7235569 0.4899501 -0.4862245 0.723558 0.4899491 -0.4862239 0.8517246 0.4796559 -0.2109393 0.914942 0.3560103 -0.1900996 0.8837434 0.4175704 -0.2112641 0.5412829 0.4259315 -0.7249794 0.5412843 0.4259311 -0.7249786 0.1108258 0.103047 -0.9884831 0.3223571 0.2997284 -0.8979136 0.3223551 0.2997291 -0.8979141 0.5700716 0.3860175 -0.7252647 0.5700691 0.3860194 -0.7252657 0.7616509 0.4289308 -0.4857019 0.7616515 0.4289305 -0.4857012 0.7900393 0.3732975 -0.4862991 0.7900405 0.3732956 -0.4862987 0.1190371 0.08911557 -0.9888825 0.3460598 0.2723118 -0.8978245 0.1189861 0.09362875 -0.9884714 0.3460613 0.2723114 -0.897824 0.3643779 0.2467367 -0.8979697 0.915695 0.343729 -0.2082142 0.1252668 0.08482324 -0.9884904 0.3643783 0.2467353 -0.89797 0.6003296 0.3380797 -0.7247803 0.6003279 0.3380803 -0.7247814 0.6224114 0.2940963 -0.7253353 0.6224135 0.2940935 -0.7253347 0.818501 0.3072454 -0.4854445 0.8185015 0.3072451 -0.4854438 0.9526786 0.2233148 -0.2062379 0.951867 0.2248059 -0.2083537 0.9798983 0.08359005 -0.1811408 0.9662458 0.1539976 -0.2065278 0.9768604 0.06949217 -0.2022737 0.3838802 0.216164 -0.8977244 0.1320107 0.07431938 -0.9884583 0.1313596 0.07170562 -0.9887381 0.3838564 0.2161713 -0.8977329 0.3977961 0.1879631 -0.8980135 0.1367747 0.06462646 -0.9884918 0.3977979 0.1879607 -0.8980131 0.6452658 0.2422172 -0.7245432 0.6452659 0.242217 -0.7245431 0.8507199 0.2009172 -0.4857037 0.8507195 0.2009175 -0.4857042 0.8629097 0.1375282 -0.4862846 0.872087 0.06203038 -0.4854034 0.8720952 0.06204352 -0.4853869 0.8629098 0.1375314 -0.4862837 0.4126689 0.1549055 -0.8976127 0.1416918 0.0528018 -0.9885015 0.1419438 0.05328215 -0.9884397 0.4126686 0.1549057 -0.8976129 0.6705298 0.1583592 -0.7247843 0.6705278 0.1583606 -0.7247857 0.6875263 0.04889193 -0.7245117 0.687546 0.04891405 -0.7244915 0.6798273 0.1083553 -0.7253234 0.6798286 0.1083517 -0.7253225 0.4287423 0.1012562 -0.8977345 0.1459807 0.03168782 -0.9887797 0.1477541 0.03489555 -0.9884083 0.4344977 0.06925311 -0.8980066 0.428741 0.1012571 -0.8977349 0.4397101 0.03126589 -0.8975953 0.4397283 0.0312837 -0.8975859 0.1493939 0.02381152 -0.9884911 0.4344977 0.0692535 -0.8980066 0.1512524 0.01077802 -0.9884364 0.9946247 0.08666219 -0.05667065 0.9946119 0.08682235 -0.05664848 0.9712858 0.2294383 -0.06294452 0.971209 0.2297708 -0.06291585 0.9291926 0.3627196 -0.07096259 0.9393815 0.3362859 -0.06688859 0.8570016 0.5100353 -0.07356852 0.8780509 0.4739017 -0.06666162 0.7616103 0.6436026 -0.07566521 0.7790812 0.6228242 -0.07157177 0.6417509 0.7629936 -0.07743734 0.6775157 0.7319477 -0.07228458 0.5241214 0.8484527 -0.07365268 0.5812851 0.8105692 -0.0713108 0.399777 0.9137976 -0.07178024 0.452857 0.8891418 -0.06593458 0.2442961 0.9675015 -0.06527115 0.2781697 0.958574 -0.0612992 0.08215223 0.9950195 -0.05645499 0.09378375 0.9940746 -0.05495597 0.9986294 1.15085e-06 -0.05233883 0.9986293 1.059373e-06 -0.05233907 0.9792247 9.277972e-07 -0.2027783 0.8737776 -7.245715e-08 -0.4863258 0.9792275 4.204202e-07 -0.202764 0.688377 -6.128461e-07 -0.7253531 0.8737696 4.953509e-07 -0.48634 0.4399639 -8.187571e-07 -0.8980154 0.6883495 7.111673e-07 -0.7253792 0.1512991 -1.258438e-06 -0.988488 0.4399252 6.853946e-07 -0.8980344 0.15123 1.177591e-06 -0.9884986 0.007633751 0.1513015 -0.9884582 0.9754907 0.08724488 -0.2020056 0.1512989 0.01071708 -0.98843 0.03702258 0.2402561 -0.9700032 -0.03089019 0.2108965 -0.9770202 0.08674859 0.2240055 -0.9707194 0.1066806 0.2100176 -0.97186 0.1258027 0.1998434 -0.9717182 0.09836995 0.2080928 -0.9731499 0.6435155 0.694897 -0.3209454 0.5550253 0.7724637 -0.3086207 0.544886 0.7847554 -0.2953952 0.1408822 0.18693 -0.9722188 0.1310795 0.1869379 -0.9735873 0.7360647 0.5892686 -0.3331234 0.6728964 0.6784194 -0.2948857 0.1856005 0.1488616 -0.971284 0.8272 0.4484392 -0.338589 0.781163 0.551921 -0.2918352 0.2005843 0.1267375 -0.9714441 0.2087635 0.1059234 -0.9722129 0.1858397 0.1325406 -0.9735998 0.8918997 0.321844 -0.317697 0.8648496 0.4079156 -0.2926433 0.2278878 0.0845662 -0.9700081 0.2073262 0.1000063 -0.9731467 0.9260196 0.2220028 -0.3052908 0.9252549 0.2515855 -0.2839155 0.9548544 0.03710642 -0.2947477 0.2281084 -0.02227223 -0.973381 0.2394683 0.05197357 -0.9695121 0.2232377 0.06381594 -0.9726728 0.09391356 0.9695557 -0.2261455 -0.06630296 0.8718548 -0.4852557 0.08226905 0.9759052 -0.2020909 0.04987999 0.94867 -0.3123094 -0.1107752 0.8529319 -0.5101333 0.2937438 0.8183714 -0.4939463 -0.03591296 0.4396813 -0.8974357 0.0598362 0.6871476 -0.7240497 0.08918373 0.5253118 -0.8462232 -0.01284581 0.6890465 -0.7246032 0.2723859 0.9317408 -0.2401352 0.3119452 0.9056637 -0.2871648 0.2028118 0.9209836 -0.3326508 0.07952412 0.8415601 -0.5342775 0.3636432 0.7714268 -0.5221726 0.09924582 0.677978 -0.7283516 0.2533075 0.6415826 -0.7240214 0.4412605 0.8636746 -0.2436299 0.363574 0.8632935 -0.3500545 0.4701666 0.8372522 -0.2791988 0.03114661 0.1167425 -0.9926737 -0.006390834 0.4721073 -0.8815179 0.2272394 0.4374607 -0.870052 -0.0158687 0.2313967 -0.97273 0.1699916 0.177741 -0.9692838 0.4974809 0.6945724 -0.5196941 0.2264176 0.8073323 -0.5449308 0.2515329 0.5443265 -0.8002748 0.3586904 0.5838366 -0.7283379 0.2130139 0.6479533 -0.7312877 0.452261 0.5105632 -0.7312901 0.4237288 0.6078138 -0.6715774 0.3205832 0.600194 -0.7327986 0.3404715 0.4902332 -0.8023407 0.5212452 0.5254768 -0.6724415 0.4193577 0.5358036 -0.7328393 0.5324043 0.4237258 -0.7328043 0.2306087 0.1219249 -0.9653776 0.08309469 0.08748672 -0.992694 0.09781966 0.2033773 -0.9742017 0.4089108 0.2646019 -0.8733716 0.2229125 0.4064177 -0.8860782 0.604311 0.4286101 -0.671641 0.597549 0.3254122 -0.7328315 0.506741 0.4563703 -0.7313957 0.4873435 0.3444194 -0.8024161 0.6707702 0.3193172 -0.6694055 0.5422053 0.255875 -0.8003383 0.6460364 0.2183582 -0.7314073 0.5808821 0.3630965 -0.7285169 0.7187543 0.1995367 -0.666016 0.5832524 0.1588153 -0.7966143 0.639922 0.2567743 -0.7242699 0.6768369 0.1051537 -0.7285839 0.5268102 0.08993828 -0.8452112 0.8671881 -0.1225796 -0.4826582 0.6871423 0.05986755 -0.7240521 0.4397224 -0.03312924 -0.8975225 0.688695 -0.005952498 -0.7250267 0.7669845 0.1408537 -0.6260152 0.08215597 0.9950192 -0.05645514 0.09378363 0.9940747 -0.05495654 0.2443061 0.967499 -0.06527124 0.27817 0.9585739 -0.06129987 0.399793 0.9137906 -0.07178018 0.524143 0.8484393 -0.07365377 0.452855 0.8891428 -0.06593509 0.5812865 0.8105682 -0.07131065 0.6417738 0.7629744 -0.07743712 0.6775157 0.7319476 -0.07228582 0.7616314 0.6435781 -0.07566272 0.7790811 0.6228241 -0.07157333 0.8570136 0.5100154 -0.07356627 0.8780509 0.4739018 -0.06666229 0.9291982 0.3627055 -0.0709611 0.9393802 0.3362893 -0.06688943 0.9712889 0.2294252 -0.06294456 0.9712096 0.2297688 -0.06291492 0.994625 0.08665793 -0.05667067 0.9946119 0.08682335 -0.05664779 0.01074337 0.1512362 -0.9884393 0.1512302 0.01073197 -0.9884403 0.03125814 0.4397082 -0.8975966 0.03216946 0.1481901 -0.9884354 0.01076418 0.1512571 -0.9884358 0.04890065 0.6875123 -0.7245244 0.03129084 0.4397414 -0.8975791 0.03216908 0.1481899 -0.9884356 0.05196664 0.1394619 -0.9888629 0.04580794 0.144199 -0.9884879 0.06204556 0.8720862 -0.485403 0.0489252 0.6875343 -0.7245019 0.0935253 0.4308236 -0.8975767 0.09352385 0.4308263 -0.8975756 0.05603814 0.1406917 -0.9884663 0.133228 0.4193893 -0.8979772 0.1332284 0.419389 -0.8979772 0.078926 0.9789599 -0.1881707 0.06950774 0.9768602 -0.2022695 0.06205732 0.8720936 -0.4853882 0.07109144 0.1302564 -0.9889283 0.06741615 0.1355015 -0.9884808 0.1462258 0.673588 -0.7244978 0.1462251 0.6735891 -0.724497 0.1629557 0.4091233 -0.8978105 0.1629563 0.4091222 -0.8978108 0.2084346 0.6561301 -0.7252919 0.2084313 0.6561323 -0.7252908 0.07692923 0.1303638 -0.9884772 0.196059 0.3940762 -0.8979225 0.1960625 0.3940711 -0.8979239 0.2396349 0.9542918 -0.1786121 0.185476 0.8543991 -0.4853874 0.2069222 0.9532077 -0.2204052 0.1854735 0.8544019 -0.4853833 0.08926643 0.1192654 -0.9888413 0.08435737 0.1255936 -0.9884887 0.2548748 0.6398953 -0.724964 0.2548742 0.6398962 -0.7249634 0.2645638 0.8328108 -0.4862429 0.2960573 0.9319481 -0.2093392 0.2645574 0.8328146 -0.4862399 0.2237237 0.3791208 -0.8978949 0.2237264 0.3791155 -0.8978963 0.3067057 0.6164747 -0.7251831 0.3067091 0.6164702 -0.7251854 0.09320854 0.1193787 -0.9884639 0.2453394 0.3652852 -0.897984 0.2453456 0.3652773 -0.8979856 0.3234176 0.8119838 -0.4858841 0.3939677 0.9025455 -0.1737844 0.3618508 0.9084719 -0.2091479 0.3892655 0.7824045 -0.4861229 0.3234185 0.8119828 -0.4858852 0.3499672 0.5930521 -0.7251291 0.3499717 0.5930445 -0.7251331 0.1032199 0.1107072 -0.9884784 0.1049263 0.1049185 -0.98893 0.4353433 0.8750291 -0.2116606 0.3892611 0.7824051 -0.4861256 0.271037 0.3471361 -0.8977948 0.271037 0.3471363 -0.8977947 0.3838417 0.5714827 -0.725309 0.3838349 0.5714908 -0.7253062 0.1108555 0.1030492 -0.9884796 0.5149508 0.834745 -0.1950037 0.4967121 0.8417187 -0.211629 0.4441454 0.7526459 -0.4860649 0.4441473 0.7526435 -0.4860669 0.3001815 0.3219558 -0.8979062 0.3001816 0.3219557 -0.8979062 0.4239109 0.5429327 -0.7249301 0.4239105 0.5429342 -0.7249292 0.5447897 0.8111095 -0.212851 0.4872111 0.7253838 -0.4862548 0.487211 0.7253838 -0.4862548 0.1190688 0.08910469 -0.9888797 0.1190141 0.09362921 -0.9884681 0.3223912 0.2996889 -0.8979145 0.3223916 0.2996871 -0.897915 0.4695796 0.5036413 -0.7251486 0.4695809 0.5036374 -0.7251503 0.1252936 0.08482369 -0.9884869 0.634121 0.7541548 -0.1707076 0.6013421 0.7701798 -0.2126283 0.537898 0.6889267 -0.4858453 0.5378992 0.6889241 -0.4858477 0.346088 0.2722698 -0.8978264 0.3460881 0.2722698 -0.8978264 0.5043294 0.4688118 -0.7251671 0.5043287 0.4688143 -0.7251661 0.6662455 0.7145713 -0.2133186 0.5959595 0.6391815 -0.4860857 0.5959576 0.6391851 -0.4860831 0.3644009 0.2466992 -0.8979708 0.3644007 0.2467002 -0.8979706 0.1313668 0.07168544 -0.9887385 0.1320253 0.07433507 -0.9884552 0.1367814 0.06461755 -0.9884915 0.5413213 0.4258612 -0.724992 0.5413214 0.42586 -0.7249927 0.7520966 0.6352776 -0.1754225 0.7155638 0.6651762 -0.2133288 0.6400661 0.5949931 -0.4861055 0.6869153 0.5403995 -0.4859174 0.6400656 0.5949943 -0.4861046 0.5700975 0.3859575 -0.7252762 0.5700982 0.3859552 -0.725277 0.3838876 0.2161417 -0.8977266 0.3838879 0.2161429 -0.8977262 0.3978253 0.1879385 -0.8980057 0.3978245 0.1879396 -0.8980058 0.7679549 0.6041517 -0.2127111 0.6869167 0.5403988 -0.4859162 0.1416931 0.05278548 -0.9885023 0.1419488 0.05327335 -0.9884394 0.8455278 0.5024953 -0.1805025 0.7236041 0.4898809 -0.486224 0.8090985 0.5477607 -0.2128795 0.7236048 0.4898788 -0.4862249 0.6003479 0.3380179 -0.724794 0.6224224 0.2940437 -0.7253473 0.6003475 0.3380159 -0.7247953 0.6224231 0.2940428 -0.725347 0.4126931 0.1548836 -0.8976054 0.4126925 0.1548825 -0.8976059 0.1459833 0.03167922 -0.9887797 0.1477601 0.03489529 -0.9884074 0.4397073 0.03124156 -0.8975976 0.1493967 0.02380709 -0.9884907 0.1512568 0.01075848 -0.988436 0.851769 0.4795776 -0.2109381 0.7616895 0.4288596 -0.4857042 0.7616895 0.4288592 -0.4857045 0.9149592 0.3560016 -0.1900331 0.7900651 0.3732396 -0.4863016 0.790064 0.3732429 -0.4863008 0.8837715 0.4175122 -0.2112617 0.6452683 0.2421677 -0.7245575 0.8185195 0.3071891 -0.4854488 0.6452686 0.2421682 -0.7245571 0.428758 0.1012562 -0.897727 0.428758 0.1012562 -0.897727 0.4345149 0.06924205 -0.8979991 0.6875254 0.04887913 -0.7245134 0.4397429 0.03127661 -0.8975789 0.4345139 0.06924433 -0.8979993 0.9157184 0.3436674 -0.2082131 0.8185198 0.3071889 -0.4854486 0.6705179 0.1583507 -0.7247971 0.6705177 0.1583503 -0.7247973 0.8720822 0.06200625 -0.4854151 0.6798185 0.1083362 -0.7253345 0.6798185 0.1083359 -0.7253346 0.6875347 0.04888957 -0.7245039 0.9526818 0.2233019 -0.2062369 0.9518707 0.2247924 -0.2083517 0.8507221 0.2009001 -0.4857067 0.8507246 0.2009082 -0.485699 0.862915 0.1375142 -0.4862792 0.9768629 0.06947473 -0.2022674 0.8629161 0.1375112 -0.4862784 0.9799026 0.08358644 -0.1811195 0.8720985 0.06203222 -0.4853826 0.9662492 0.153978 -0.206527 0.1512501 1.191603e-06 -0.9884955 0.1512987 -5.204464e-07 -0.9884881 0.4399799 -8.595189e-07 -0.8980076 0.4399221 1.383772e-06 -0.8980359 0.6883634 -8.082758e-08 -0.725366 0.6883482 6.481037e-07 -0.7253804 0.8737814 -4.28774e-07 -0.4863189 0.8737636 8.517147e-07 -0.486351 0.9792247 1.017726e-06 -0.2027783 0.979229 2.718458e-07 -0.2027574 0.007635115 0.1513002 -0.9884584 0.1512985 0.01071781 -0.9884301 0.9754907 0.0872439 -0.2020053 0.03702774 0.240273 -0.969999 -0.03092356 0.2109469 -0.9770082 0.08674902 0.2240084 -0.9707187 0.1066781 0.2100124 -0.9718614 0.1258089 0.1998525 -0.9717156 0.09837701 0.2080859 -0.9731507 0.1311057 0.1869158 -0.9735881 0.140873 0.1869178 -0.9722224 0.6434991 0.6948793 -0.3210165 0.5550411 0.7724892 -0.3085283 0.5450018 0.7846707 -0.2954063 0.1856242 0.1488808 -0.9712766 0.7360498 0.5892569 -0.3331771 0.6730912 0.678262 -0.2948032 0.2005716 0.1267295 -0.9714478 0.2088151 0.1059495 -0.972199 0.1858898 0.1324723 -0.9735996 0.8271737 0.4484256 -0.3386712 0.7813839 0.5516506 -0.2917544 0.2279081 0.0845734 -0.9700027 0.2073593 0.09990901 -0.9731497 0.8918927 0.3218381 -0.3177225 0.8650874 0.4075281 -0.29248 0.2394509 0.05197047 -0.9695166 0.228365 -0.02238247 -0.9733183 0.2232957 0.06370085 -0.972667 0.9547209 0.03684827 -0.2952122 0.9260836 0.2220174 -0.3050857 0.9253702 0.251082 -0.2839856 -0.03593256 0.4396957 -0.8974277 0.0598528 0.6871299 -0.724065 0.08916155 0.5252716 -0.8462507 -0.01298522 0.6890483 -0.7245991 0.03115334 0.1167674 -0.9926706 0.1699533 0.177642 -0.9693086 -0.0158034 0.2313976 -0.9727309 -0.06629711 0.871859 -0.4852489 0.0822717 0.9759051 -0.2020909 0.2938569 0.8183799 -0.4938647 0.09391373 0.969557 -0.2261403 -0.1108594 0.8528958 -0.5101754 0.04983126 0.9486434 -0.312398 -0.006347223 0.4720937 -0.8815255 0.2271768 0.4374731 -0.8700621 0.2531942 0.6416201 -0.7240279 0.09928815 0.6779638 -0.7283591 0.2723855 0.9317408 -0.2401356 0.07955433 0.8415286 -0.5343227 0.3636073 0.771478 -0.522122 0.2028123 0.9209833 -0.3326513 0.3118555 0.9057285 -0.2870575 0.2515684 0.5443391 -0.8002552 0.3586473 0.5838536 -0.7283455 0.2131124 0.647912 -0.7312956 0.4412617 0.863672 -0.2436368 0.2264883 0.8073088 -0.5449363 0.4974652 0.6945741 -0.5197069 0.3636122 0.863309 -0.3499767 0.4701421 0.8372654 -0.2792009 0.3207429 0.6001056 -0.732801 0.3405633 0.4902058 -0.8023185 0.4237994 0.60773 -0.6716087 0.4522688 0.5105438 -0.7312989 0.08311515 0.08750825 -0.9926903 0.2307129 0.1220547 -0.9653363 0.09773536 0.2031875 -0.9742498 0.2228574 0.4062959 -0.886148 0.5324657 0.4236453 -0.7328061 0.4089572 0.2646665 -0.8733302 0.4195494 0.535646 -0.7328449 0.5213663 0.5253251 -0.6724662 0.5976236 0.3252609 -0.7328379 0.4874967 0.3442581 -0.8023922 0.6044441 0.4283791 -0.6716685 0.5069608 0.4561276 -0.7313948 0.5811001 0.3627536 -0.728514 0.6708981 0.3189938 -0.6694316 0.6461112 0.2181374 -0.7314071 0.5423632 0.2556403 -0.8003063 0.7188702 0.199151 -0.6660064 0.6769013 0.1047985 -0.7285753 0.6400736 0.2564224 -0.7242606 0.5833471 0.1585016 -0.7966075 0.5266878 0.0898695 -0.8452949 0.6887202 -0.006518534 -0.7249978 0.8671274 -0.1231769 -0.4826154 0.6871289 0.05986024 -0.7240653 0.4397351 -0.03334727 -0.8975081 0.7670974 0.1408145 -0.6258857 0 0.1512987 -0.9884881 3.427209e-09 0.1512985 -0.9884881 0 0.4399793 -0.8980079 1.000951e-08 0.4399799 -0.8980076 0 0.688364 -0.7253655 0 0.688364 -0.7253655 0 0.8737814 -0.4863189 0 0.8737814 -0.4863189 0 0.9792246 -0.2027783 0 0.9792246 -0.2027783 -0.1513003 0.007635 -0.9884583 -0.01071765 0.1512985 -0.98843 -0.08724535 0.9754907 -0.2020051 -0.2402727 0.03702747 -0.969999 -0.2109468 -0.03092346 -0.9770083 -0.2240081 0.0867489 -0.9707188 -0.2100119 0.1066777 -0.9718616 -0.1998518 0.1258085 -0.9717157 -0.2080855 0.09837696 -0.9731507 -0.1869154 0.1311052 -0.9735882 -0.1869173 0.1408726 -0.9722226 -0.6948793 0.6434991 -0.3210165 -0.7724882 0.5550424 -0.3085285 -0.7846715 0.5450016 -0.2954045 -0.1488808 0.1856238 -0.9712766 -0.5892569 0.7360498 -0.3331769 -0.678262 0.6730912 -0.2948032 -0.126729 0.2005713 -0.9714478 -0.1059493 0.2088147 -0.9721991 -0.1324719 0.1858894 -0.9735996 -0.4484256 0.8271737 -0.3386712 -0.5516509 0.7813838 -0.2917543 -0.08457328 0.2279078 -0.9700028 -0.09990896 0.2073589 -0.9731498 -0.3218381 0.8918927 -0.3177225 -0.4075281 0.8650874 -0.29248 -0.05197034 0.2394505 -0.9695166 0.02238262 0.2283646 -0.9733184 -0.06370077 0.2232954 -0.9726672 -0.03684871 0.9547204 -0.2952138 -0.2220154 0.9260834 -0.3050875 -0.2510823 0.9253701 -0.2839858 -0.4396957 -0.03593203 -0.8974277 -0.6871306 0.05985394 -0.7240644 -0.5252712 0.08916172 -0.8462507 -0.6890483 -0.01298522 -0.7245991 -0.1167672 0.03115339 -0.9926705 -0.1776416 0.169953 -0.9693088 -0.2313975 -0.01580332 -0.972731 -0.8718591 -0.06629491 -0.485249 -0.9759043 0.08227281 -0.2020936 -0.8183799 0.2938569 -0.4938647 -0.9695569 0.09391373 -0.2261408 -0.852896 -0.1108573 -0.5101755 -0.9486434 0.04983134 -0.312398 -0.4720933 -0.006347608 -0.8815257 -0.4374724 0.2271771 -0.8700624 -0.6416201 0.2531942 -0.7240279 -0.6779638 0.09928815 -0.7283591 -0.9317408 0.2723852 -0.2401361 -0.8415286 0.07955433 -0.5343227 -0.771478 0.3636073 -0.522122 -0.9209833 0.2028123 -0.3326513 -0.9057285 0.311855 -0.2870581 -0.5443392 0.2515688 -0.8002549 -0.5838536 0.3586473 -0.7283455 -0.6479118 0.2131129 -0.7312956 -0.863673 0.441261 -0.2436344 -0.8073085 0.2264885 -0.5449366 -0.6945733 0.4974656 -0.5197074 -0.8633101 0.363611 -0.3499752 -0.8372648 0.4701433 -0.2792006 -0.6001056 0.3207429 -0.732801 -0.4902064 0.3405633 -0.8023182 -0.60773 0.4237988 -0.6716091 -0.5105444 0.4522679 -0.731299 -0.08750807 0.08311512 -0.9926904 -0.1220544 0.2307124 -0.9653364 -0.2031874 0.09773535 -0.9742498 -0.4236444 0.5324667 -0.732806 -0.4062954 0.222857 -0.8861483 -0.2646657 0.4089564 -0.8733308 -0.5356469 0.4195487 -0.7328447 -0.5253258 0.521367 -0.6724651 -0.325261 0.5976232 -0.7328382 -0.3442581 0.487497 -0.8023921 -0.4283792 0.6044438 -0.6716688 -0.4561275 0.5069609 -0.7313948 -0.3627536 0.5811001 -0.728514 -0.3189938 0.6708981 -0.6694316 -0.2181381 0.6461114 -0.7314067 -0.2556408 0.5423634 -0.800306 -0.1991513 0.7188703 -0.6660061 -0.1047985 0.6769013 -0.7285753 -0.2564228 0.6400738 -0.7242602 -0.1585016 0.5833471 -0.7966075 -0.08986903 0.5266867 -0.8452957 0.006520153 0.6887203 -0.7249977 0.1231748 0.8671275 -0.4826155 -0.05986132 0.6871296 -0.7240646 0.03334692 0.4397347 -0.8975084 -0.1408139 0.7670984 -0.6258845 -0.1512268 1.607147e-06 -0.988499 -0.4398969 1.652292e-06 -0.8980483 -0.1512987 -9.260595e-07 -0.9884881 -0.6883377 5.306723e-07 -0.7253904 -0.4399799 -1.570199e-06 -0.8980076 -0.873769 6.19183e-07 -0.4863411 -0.6883646 -7.668778e-07 -0.7253648 -0.9792269 4.512221e-07 -0.2027674 -0.8737814 -2.68107e-07 -0.4863189 -0.9792241 9.280276e-07 -0.2027808 -0.1511851 0.01067923 -0.9884477 -0.01073473 0.1512302 -0.9884403 -0.1481882 0.03212296 -0.9884373 -0.4396829 0.03118618 -0.8976114 -0.1512453 0.01073923 -0.988438 -0.6875177 0.04879438 -0.7245263 -0.4397182 0.03122101 -0.897593 -0.1481884 0.03212324 -0.9884374 -0.139455 0.05192167 -0.9888662 -0.1441951 0.04578481 -0.9884896 -0.872093 0.06190905 -0.4854082 -0.6875383 0.04881752 -0.7245052 -0.4308275 0.09339175 -0.8975888 -0.4308286 0.09339117 -0.8975883 -0.1406869 0.0560178 -0.9884681 -0.4193835 0.1331626 -0.8979896 -0.4193825 0.133164 -0.8979899 -0.9789993 0.07893671 -0.187961 -0.9768693 0.06935202 -0.2022792 -0.8720986 0.0619181 -0.4853969 -0.6736335 0.1460243 -0.7244963 -0.6736332 0.1460244 -0.7244965 -0.1302606 0.07105406 -0.9889305 -0.1355004 0.06739523 -0.9884825 -0.4091131 0.162898 -0.8978255 -0.4091146 0.1628972 -0.897825 -0.6561616 0.2083469 -0.7252886 -0.6561615 0.208347 -0.7252886 -0.1303606 0.07691079 -0.9884791 -0.9543099 0.2396537 -0.17849 -0.8544546 0.185221 -0.4853869 -0.9532298 0.2066326 -0.2205809 -0.8544543 0.1852213 -0.4853874 -0.3940728 0.1960058 -0.8979356 -0.3940742 0.1960048 -0.8979352 -0.1192662 0.08922897 -0.9888448 -0.1255928 0.08433884 -0.9884905 -0.6399271 0.2547998 -0.7249624 -0.6399255 0.2548008 -0.7249634 -0.8328468 0.2644514 -0.4862423 -0.9319867 0.2959311 -0.2093452 -0.8328483 0.2644491 -0.4862413 -0.379117 0.2236733 -0.897909 -0.3791159 0.2236739 -0.8979093 -0.6165115 0.3066396 -0.7251798 -0.6165084 0.3066419 -0.7251814 -0.1193763 0.09319094 -0.9884658 -0.3652822 0.2452966 -0.8979969 -0.3652828 0.2452962 -0.8979968 -0.8120171 0.323323 -0.4858915 -0.9085128 0.3617434 -0.2091558 -0.9025443 0.3939926 -0.1737344 -0.8120182 0.323322 -0.4858904 -0.5930829 0.3499119 -0.7251305 -0.5930832 0.3499117 -0.7251304 -0.1049277 0.1048993 -0.988932 -0.1107064 0.1032041 -0.9884802 -0.7824481 0.3891736 -0.4861265 -0.7824485 0.3891731 -0.486126 -0.8750774 0.4352455 -0.2116623 -0.3471375 0.2709925 -0.8978077 -0.3471379 0.2709924 -0.8978075 -0.5715253 0.3837873 -0.7253041 -0.5715215 0.3837905 -0.7253055 -0.1030472 0.1108408 -0.9884814 -0.8347391 0.5149783 -0.1949562 -0.7526839 0.4440744 -0.4860709 -0.7526841 0.4440742 -0.4860707 -0.8417655 0.4966315 -0.211632 -0.321962 0.3001436 -0.8979167 -0.3219588 0.3001445 -0.8979175 -0.5429677 0.4238665 -0.7249298 -0.5429653 0.4238671 -0.7249312 -0.7254323 0.487138 -0.4862557 -0.8111596 0.5447133 -0.2128559 -0.7254277 0.4871424 -0.4862581 -0.08911673 0.1190499 -0.9888809 -0.09362992 0.1189996 -0.9884698 -0.2996883 0.3223542 -0.8979279 -0.2996929 0.3223531 -0.8979268 -0.503674 0.4695477 -0.7251465 -0.5036737 0.4695479 -0.7251467 -0.08482277 0.1252799 -0.9884887 -0.7702272 0.6012792 -0.2126345 -0.7541379 0.6341514 -0.1706696 -0.6889654 0.5378424 -0.485852 -0.6889657 0.5378423 -0.4858518 -0.2722776 0.3460531 -0.8978375 -0.2722744 0.3460531 -0.8978384 -0.2467021 0.3643692 -0.8979828 -0.468848 0.5042983 -0.7251654 -0.4688455 0.504299 -0.7251664 -0.714617 0.6661943 -0.2133252 -0.6392229 0.5959131 -0.4860882 -0.6392257 0.5959117 -0.4860862 -0.5950316 0.6400271 -0.4861097 -0.2467025 0.3643685 -0.897983 -0.07169716 0.131354 -0.9887394 -0.07433681 0.1320117 -0.9884568 -0.06461459 0.1367702 -0.9884933 -0.4258936 0.5412987 -0.7249899 -0.4258963 0.5412986 -0.7249884 -0.6352459 0.7521146 -0.1754599 -0.665218 0.7155223 -0.2133373 -0.5950311 0.6400279 -0.4861092 -0.3859837 0.5700805 -0.7252757 -0.3859802 0.5700814 -0.7252768 -0.2161511 0.383856 -0.8977379 -0.2161524 0.3838563 -0.8977374 -0.1879414 0.3977966 -0.8980177 -0.1879327 0.3977986 -0.8980187 -0.6041979 0.767917 -0.2127168 -0.5404424 0.6868824 -0.4859163 -0.5404401 0.6868829 -0.4859182 -0.05279469 0.1416842 -0.988503 -0.1548921 0.4126626 -0.8976179 -0.05327558 0.1419365 -0.9884411 -0.4899141 0.7235799 -0.4862265 -0.5024651 0.8455309 -0.1805723 -0.5477979 0.8090715 -0.2128864 -0.4899094 0.7235817 -0.4862287 -0.3380501 0.6003331 -0.7247912 -0.3380504 0.6003331 -0.724791 -0.2940637 0.6224147 -0.7253457 -0.294068 0.6224136 -0.725345 -0.1548909 0.4126656 -0.8976168 -0.0316839 0.1459724 -0.9887812 -0.03488912 0.1477445 -0.9884099 -0.1012438 0.428736 -0.8977389 -0.0312563 0.4397082 -0.8975967 -0.01075125 0.1512468 -0.9884375 -0.02380677 0.1493853 -0.9884924 -0.4796232 0.851743 -0.2109395 -0.4289 0.7616657 -0.4857059 -0.3732692 0.7900481 -0.4863065 -0.4288971 0.7616656 -0.4857085 -0.417527 0.8837639 -0.2112642 -0.3559776 0.9149513 -0.1901159 -0.3732558 0.7900568 -0.4863027 -0.2421937 0.6452606 -0.7245557 -0.2421956 0.6452614 -0.7245544 -0.1012459 0.4287329 -0.8977401 -0.04888527 0.6875128 -0.7245249 -0.03126594 0.439718 -0.8975916 -0.06924196 0.4344869 -0.8980126 -0.06924491 0.4344871 -0.8980123 -0.3437046 0.9157034 -0.2082175 -0.3072225 0.8185073 -0.4854485 -0.3072226 0.8185072 -0.4854485 -0.1583414 0.6705202 -0.7247969 -0.1583447 0.6705219 -0.7247947 -0.1083439 0.6798196 -0.7253324 -0.06203232 0.8720869 -0.4854034 -0.04890985 0.6875347 -0.7245024 -0.1083479 0.6798179 -0.7253333 -0.200896 0.8507221 -0.4857085 -0.2232896 0.9526842 -0.2062389 -0.2247823 0.951872 -0.2083566 -0.2008955 0.8507218 -0.4857091 -0.1539863 0.9662474 -0.2065285 -0.06949197 0.9768612 -0.2022697 -0.08358296 0.9798974 -0.181149 -0.06204317 0.8720937 -0.4853898 -0.1375286 0.8629088 -0.4862861 -0.1375177 0.8629089 -0.4862892 -1.770106e-06 0.1512501 -0.9884955 1.368361e-06 0.1512738 -0.988492 5.18463e-08 0.4399335 -0.8980303 -1.463972e-06 0.4399231 -0.8980354 2.096043e-06 0.6883573 -0.7253717 -1.79317e-06 0.6883358 -0.7253922 7.369573e-07 0.8737714 -0.4863369 2.723304e-07 0.8737697 -0.48634 -4.043972e-06 0.9792224 -0.2027892 -1.157688e-07 0.9792284 -0.2027599 0 0.9986293 -0.05233917 -4.124296e-06 0.9986295 -0.05233612 9.086578e-08 0.1950955 0.9807843 1.507005e-07 0.1950949 0.9807844 1.701321e-07 0.5555664 0.8314722 2.574861e-07 0.5555657 0.8314726 1.314645e-07 0.8314724 0.5555661 2.569062e-07 0.8314717 0.5555671 0 0.9807853 0.1950902 1.515203e-07 0.980785 0.1950916 0.3525746 0.1792507 0.9184554 0.02552924 0.1950328 0.9804644 0.1371821 0.9715129 0.1932458 0.1937779 0.1630252 0.9674053 0.1713511 0.2566994 0.9511804 0.7390027 0.5729786 0.3543595 0.7904831 0.5372256 0.2941518 0.6268138 0.3225141 0.7092878 0.1579513 0.207922 0.9653082 0.159036 0.1702415 0.9724841 0.614835 0.7354849 0.2846753 0.4772373 0.5138458 0.7128863 0.4772376 0.5174388 0.7102826 0.65992 0.7151914 0.2302324 0.09880792 0.240453 0.9656187 0.1029165 0.5526164 0.8270571 0.1052529 0.2124888 0.9714784 0.01169181 0.2393223 0.9708698 0.3909968 0.8788532 0.2733833 0.1481882 0.8222923 0.5494322 0.06634408 0.7085045 0.7025808 0.3102655 0.6318092 0.7103185 0.4252054 0.874554 0.2331428 0.3089842 0.6360164 0.7071152 0.1162258 0.966465 0.2289908 4.47398e-06 0.9993905 0.03490753 -2.42166e-06 0.9993908 0.03490006 7.82154e-07 0.999391 0.03489392 -1.899731e-06 0.9993908 0.03490043 -1.701887e-05 0.9993907 0.03490312 1.017417e-05 0.999391 0.03489612 -6.571112e-06 0.9993907 0.03490241 4.070187e-06 0.9993909 0.03489797 -1.642676e-05 0.9993905 0.03490809 5.32691e-06 0.999391 0.0348964 3.462057e-06 0.999391 0.0348963 3.959927e-06 0.9993909 0.03489587 2.171201e-06 0.999391 0.03489728 -3.644061e-07 0.9993909 0.03489965 7.56398e-07 0.9993909 0.03489845 -7.276562e-06 0.9993904 0.03491104 3.688912e-06 0.999391 0.03489424 5.88833e-06 0.9993911 0.03489107 -3.992706e-06 0.9993907 0.03490466 -2.273351e-07 0.9993908 0.03489952 1.254056e-06 0.9993909 0.03489691 1.518998e-06 0.9993909 0.03489601 -5.580326e-06 0.9993903 0.03491379 7.655533e-08 0.9993908 0.03489929 2.155818e-07 0.9993908 0.03489892 1.798227e-06 0.999391 0.03489391 3.51525e-06 0.9993913 0.03488657 -2.018106e-06 0.9993901 0.03491937 -3.837488e-07 0.9993908 0.03489917 4.452125e-09 0.9993908 0.03489941 2.687271e-08 0.9993908 0.03489975 2.818055e-08 0.9993908 0.03489976 -1.017538e-07 0.999391 0.03489652 3.081602e-07 0.9993902 0.03491813 -1.151838e-07 0.9993909 0.03489676 -1.522687e-05 0.9993909 0.03489757 1.059813e-05 0.9993907 0.03490162 4.814428e-06 0.9993907 0.03490021 -2.015669e-08 0.9993908 0.03489939 -4.945653e-07 0.999391 0.03489581 6.039866e-07 0.9993908 0.03490074 -8.808905e-09 0.9993908 0.03489938 -1.236462e-07 0.9993909 0.03489704 -7.733005e-06 0.9993917 0.034876 1.885713e-06 0.9993908 0.03489992 -2.628293e-05 0.9993912 0.03488946 1.002923e-06 0.9993909 0.03489961 -5.140474e-06 0.9993912 0.03488886 1.2122e-06 0.9993907 0.03490315 -1.412982e-05 0.9993911 0.03489261 -5.818725e-07 0.9993908 0.03489924 3.274785e-06 0.9993908 0.03490033 2.154982e-06 0.9993907 0.03490245 1.298039e-06 0.9993907 0.03490106 -9.716758e-07 0.999391 0.03489751 9.899776e-07 0.9993908 0.0349006 9.522711e-06 0.9993905 0.0349066 -3.716575e-05 0.9993919 0.03487073 -8.587075e-07 0.9993909 0.03489905 1.27841e-06 0.9993907 0.03490195 2.991894e-06 0.9993908 0.0349006 -2.338371e-06 0.9993908 0.03489829 -5.323576e-09 0.9993908 0.03489938 -1.819689e-06 0.9993909 0.03489619 -0 0.9993908 0.03490182 0 0 1 0 0 1 0 0 1 5.059463e-06 6.644352e-06 1 0 -0 1 -4.024361e-12 -6.497974e-06 1 -3.890984e-06 -9.321826e-06 1 -3.384319e-05 -2.211546e-05 1 3.189588e-06 0 1 -0 1.151454e-06 1 1.516234e-07 1.138624e-06 1 5.365186e-07 1.123764e-06 1 0 0 1 1.97413e-06 0.980785 0.1950916 -5.594147e-07 0.8314717 0.5555671 -8.976863e-08 0.980789 0.1950717 1.720377e-07 0.5555657 0.8314726 2.574739e-07 0.8314673 0.5555738 -1.09402e-06 0.1950949 0.9807844 -6.858169e-07 0.5555727 0.8314679 1.208199e-07 0.1950831 0.9807867 2.012806e-06 1 0 0 1 1.549715e-05 0.8262827 0.5629125 0.0196577 0.8304327 0.5570291 0.01000629 0.1385119 0.9903536 0.003781258 0.1395166 0.9902168 0.002396327 0.4048619 0.914369 0.004008291 0.6401563 0.7681156 0.01407922 0.4076616 0.9130505 0.0122819 0.6441741 0.7648595 0.005447962 0.6403375 0.7679448 0.01512544 0.4045395 0.9145039 0.005528356 0.1356229 0.9717274 0.1932677 0.02585085 0.1950174 0.980459 0.8181426 0.4060511 0.4071428 0.8134047 0.5464667 0.1993662 0.6348467 0.7550577 0.1638824 0.7131212 0.6715541 0.2011794 0.6864891 0.4728124 0.552432 0.6053693 0.570083 0.5554578 0.6053678 0.5700853 0.5554571 0.6128168 0.7649724 0.1981738 0.3042322 -0.1507938 0.940587 0.4463361 0.3333877 0.8304437 0.1420705 0.1337893 0.9807734 0.404541 0.3809605 0.8313938 0.4045399 0.3809623 0.8313935 0.5209173 0.6502517 0.5530081 0.5209165 0.6502544 0.5530056 0.3987875 0.8959554 0.1955312 0.3996761 0.895111 0.1975737 0.1368253 0.9711121 0.1954997 0.1183455 0.1527853 0.9811478 0.1227622 0.1532426 0.9805336 0.3489558 0.4355953 0.8297509 0.3489556 0.4355972 0.82975 0.1163512 0.82582 0.5518004 0.1163576 0.8258244 0.5517924 0.3400243 0.761514 0.5517969 0.3400226 0.7615181 0.5517924 0.07505967 0.1798232 0.9808311 0.07804231 0.5538783 0.828932 0.08154833 0.1826355 0.9797929 0.2280518 0.5107417 0.8289363 0.02771121 0.1966261 0.9800869 0.07803608 0.5538726 0.8289364 0.2280513 0.5107432 0.8289354 0.1736948 0.9844748 0.025286 0.1621009 0.9859787 0.03961639 0.162927 0.985726 0.04241504 0.161633 0.9856997 0.04765379 0.1627834 0.9856377 0.04494228 0.438827 0.8971378 0.05074083 0.4480074 0.8930381 0.04209903 0.5802791 0.813307 0.04251884 0.4387375 0.8970596 0.05285407 0.4387387 0.8970591 0.05285174 0.6525782 0.7575352 0.01679247 0.679255 0.7338648 -0.007424802 0.579705 0.8128424 0.05682902 0.5797103 0.8128387 0.05682518 0.4383509 0.8968225 0.05964874 0.4383526 0.8968219 0.05964529 0.16249 0.9854933 0.04898885 0.7319552 0.6805581 0.03289973 0.6512892 0.7565811 0.0583742 0.6512907 0.7565798 0.05837248 0.5791946 0.8125291 0.06580377 0.5791949 0.8125288 0.06580351 0.1620678 0.9853587 0.05293813 0.1608171 0.9854118 0.05569136 0.802911 0.594382 0.04520986 0.8805259 0.4739912 0.002540994 0.7310032 0.679766 0.05960283 0.7310032 0.6797659 0.05960273 0.6507173 0.7562274 0.06846332 0.650721 0.7562245 0.06845948 0.4375529 0.8964205 0.07055362 0.4375508 0.8964213 0.07055546 0.8023108 0.5938733 0.06009901 0.8023086 0.593876 0.060102 0.7303598 0.6793704 0.07092522 0.7303588 0.6793715 0.07092655 0.5781273 0.8119937 0.08021823 0.5781278 0.8119935 0.08021812 0.8818793 0.4714466 0.005192778 0.4364228 0.896072 0.08117981 0.4364268 0.8960707 0.08117212 0.8016025 0.593442 0.07252636 0.8016009 0.5934439 0.07252841 0.1615771 0.9852146 0.05696523 0.6495121 0.7556241 0.08465357 0.6495154 0.7556214 0.08465211 0.57665 0.8115367 0.09424928 0.6478586 0.7551127 0.1004183 0.5766521 0.8115354 0.0942479 0.8806151 0.4700668 0.05961731 0.8806124 0.470071 0.05962468 0.9484875 0.3134781 0.04585802 0.9862241 0.1651424 -0.009486123 0.1609592 0.9850813 0.06088571 0.1596055 0.9851249 0.06367937 0.6478605 0.7551109 0.1004211 0.7289978 0.678693 0.08909596 0.7289966 0.6786943 0.08909663 0.8798393 0.4695916 0.07325748 0.8798401 0.4695904 0.0732554 0.9479894 0.3130748 0.05744856 0.9479921 0.313068 0.05743917 0.4350919 0.8956701 0.09203249 0.4350938 0.8956694 0.09203106 0.8000953 0.5927024 0.0924726 0.8000964 0.5927011 0.09247198 0.7271517 0.6781191 0.1067939 0.7271502 0.6781204 0.1067956 0.9993917 0.02214163 0.02694643 0.9904796 0.1367531 0.01577079 0.5748846 0.8109961 0.1085959 0.5748813 0.8109983 0.1085966 0.9471566 0.3125583 0.07212171 0.9471551 0.312562 0.07212678 0.4334402 0.8953246 0.1025848 0.4334405 0.8953244 0.1025841 0.7980806 0.5920696 0.1118968 0.7980812 0.5920689 0.1118959 0.1602729 0.9849377 0.06488715 0.9893445 0.1354995 0.05326668 0.9893442 0.135501 0.05326933 0.9983251 -0.0111075 0.05677618 0.9985343 0.0213483 0.04973419 0.9884732 0.1349642 0.06859539 0.57271 0.8105477 0.1225386 0.5727122 0.8105464 0.1225372 0.6458646 0.7545056 0.1165343 0.6458616 0.754508 0.1165354 0.8781731 0.4687842 0.09514987 0.8781734 0.4687836 0.09514938 0.1594608 0.9848061 0.06877002 0.1580028 0.9848393 0.07160079 0.6434295 0.7540041 0.1321983 0.6434284 0.7540048 0.1321994 0.9884731 0.134968 0.06858959 0.9977029 0.01864988 0.06512392 0.7221793 0.6768761 0.1424635 0.7248993 0.6774409 0.1248794 0.7248994 0.6774407 0.1248793 0.8759748 0.4680833 0.116474 0.8759761 0.4680815 0.1164708 0.9453493 0.3117023 0.09568905 0.9453483 0.311705 0.09569064 0.4315809 0.8949226 0.1133634 0.4315824 0.8949221 0.1133624 0.7221785 0.6768772 0.1424619 0.795601 0.5913225 0.1317448 0.795599 0.5913251 0.1317458 0.6406476 0.7533981 0.148196 0.5702412 0.8100104 0.1367775 0.5702354 0.8100144 0.1367784 0.9429953 0.3109377 0.1186488 0.9429959 0.3109365 0.1186472 0.4294054 0.8945836 0.1238187 0.5673739 0.8095734 0.150592 0.4294075 0.8945831 0.1238151 0.7926261 0.5907027 0.1510433 0.792628 0.5907009 0.1510411 0.1585806 0.9846634 0.07273476 0.5673783 0.8095691 0.1505984 0.9865774 0.1340933 0.09318771 0.9957874 0.01777937 0.08995233 0.986578 0.1340904 0.09318544 0.9941623 -0.05108907 0.0950328 0.6406479 0.7533977 0.1481963 0.8732368 0.4672726 0.1382522 0.8732344 0.4672764 0.1382549 0.6374404 0.7529039 0.163724 0.63744 0.7529041 0.1637243 0.9841324 0.1332702 0.1171432 0.9933585 0.01506701 0.1140698 0.9841318 0.1332721 0.1171467 0.7190446 0.6761964 0.1604158 0.7190441 0.6761968 0.1604159 0.8699862 0.4665866 0.1594398 0.8699883 0.4665841 0.1594351 0.9400321 0.3100807 0.1420905 0.9400323 0.3100801 0.1420902 0.7154546 0.6756446 0.1778456 0.715457 0.6756427 0.1778426 0.4270225 0.8941829 0.1344942 0.4270233 0.8941826 0.1344938 0.785248 0.5893493 0.1898761 0.7891735 0.5899582 0.1707465 0.7891725 0.5899596 0.170747 0.9365523 0.3093181 0.1649002 0.9365501 0.3093218 0.1649061 0.5642174 0.8090324 0.1646972 0.564212 0.8090361 0.1646977 0.7852492 0.5893463 0.1898804 0.1567679 0.9844183 0.07965152 0.156768 0.9844183 0.07965147 0.9810282 0.1324016 0.1416104 0.9810286 0.1324 0.1416092 0.9902234 0.01420146 0.1387656 0.9881476 -0.05544004 0.1431459 0.6338791 0.752299 0.1795646 0.6338837 0.7522953 0.1795635 0.8661821 0.4657739 0.1810613 0.8661813 0.4657753 0.1810622 0.9866111 0.01101168 0.1627184 0.977406 0.1315886 0.1654145 0.9774043 0.1315922 0.1654217 0.8618917 0.4650955 0.2020619 0.86189 0.465097 0.2020652 0.7114451 0.6749651 0.1956221 0.7114452 0.674965 0.1956221 0.9324369 0.3084665 0.1881745 0.9324381 0.3084638 0.1881731 0.4221333 0.8935096 0.1531145 0.4221337 0.8935094 0.1531143 0.780832 0.5886075 0.2093865 0.7808356 0.5886031 0.2093852 0.9278355 0.3077197 0.2107839 0.9278355 0.3077197 0.210784 0.5577408 0.8081409 0.1892969 0.5577403 0.8081414 0.1892969 0.1543205 0.9841475 0.08739945 0.1543194 0.9841477 0.08739997 0.982262 0.01015316 0.1872386 0.9730996 0.1307246 0.1897058 0.9731008 0.13072 0.1897026 0.9683101 0.1299162 0.2133011 0.9796894 -0.06119496 0.1909555 0.6266035 0.7512898 0.2071995 0.6266061 0.7512878 0.2071993 0.8570275 0.4642899 0.2234699 0.8570271 0.4642904 0.2234702 0.9683108 0.1299185 0.2132967 0.9774957 0.004678037 0.2109037 0.7032664 0.6738345 0.2266352 0.7718448 0.5873684 0.2434212 0.7032689 0.6738319 0.2266348 0.9225816 0.3068693 0.233826 0.9225816 0.3068692 0.233826 0.4155389 0.8927813 0.1739798 0.4155402 0.8927808 0.1739794 0.7718457 0.5873669 0.243422 0.6168162 0.7502083 0.2381711 0.5490311 0.8071768 0.2168652 0.5490289 0.8071783 0.2168651 0.1514874 0.9838817 0.09501786 0.1514883 0.9838815 0.09501751 0.9628145 0.129055 0.2373463 0.9719437 0.003828188 0.2351824 0.9468817 0.1269303 0.2954724 0.9688701 -0.0677202 0.2381273 0.9628137 0.129057 0.2373476 0.6168147 0.7502097 0.2381701 0.8471485 0.4629373 0.2608227 0.8471465 0.4629404 0.2608239 0.6922827 0.6726193 0.2613957 0.692284 0.6726182 0.2613956 0.9119321 0.3054279 0.2740322 0.9525298 0.1211082 0.2793201 0.9119323 0.3054276 0.2740321 0.9513707 0.1069499 0.2888868 0.4079134 0.892065 0.1944908 0.4079145 0.8920646 0.1944905 0.7597896 0.5860347 0.2815727 0.7597939 0.5860294 0.2815721 0.538955 0.8062305 0.2439668 0.5389592 0.8062276 0.2439672 0.1482797 0.9836209 0.1024838 0.1482799 0.9836209 0.1024837 0.6054943 0.7491472 0.2686175 0.6054952 0.7491463 0.2686174 0.8339146 0.4614772 0.3026967 0.8339138 0.4614784 0.3026971 0.6795781 0.6714262 0.2955681 0.6795782 0.6714261 0.2955681 0.7458504 0.5847195 0.3190774 0.8976876 0.3038535 0.3191082 0.9362959 0.106298 0.3347397 0.9376873 0.1191725 0.3264054 0.8976868 0.3038554 0.3191088 0.3992758 0.8913624 0.2145967 0.3992759 0.8913624 0.2145966 0.7458469 0.5847257 0.319074 0.5275459 0.8052998 0.270532 0.5926721 0.748105 0.2984607 0.5275443 0.805301 0.2705317 0.1447022 0.9833662 0.1097824 0.1447033 0.9833661 0.1097821 0.5926735 0.7481033 0.298462 0.6651865 0.6702565 0.3290639 0.8186129 0.4600384 0.343857 0.8186119 0.4600397 0.3438574 0.6651855 0.6702581 0.3290628 0.9205146 0.1172717 0.3726931 0.8812135 0.3023084 0.3634175 0.9190095 0.1058818 0.3797507 0.8812144 0.3023064 0.363417 0.3896455 0.8906763 0.2342483 0.3896454 0.8906762 0.2342483 0.7300535 0.5834389 0.3558383 0.730051 0.583442 0.3558384 0.5148174 0.8043967 0.2964945 0.5148207 0.8043943 0.2964953 0.1407669 0.9831179 0.1168925 0.1407689 0.9831177 0.1168921 0.5783778 0.7470862 0.3276298 0.5783797 0.7470847 0.32763 0.8012763 0.4586293 0.3842078 0.8012754 0.4586304 0.3842081 0.6491417 0.6691152 0.3618009 0.6491446 0.6691122 0.3618011 0.9010437 0.1154954 0.4180682 0.8625527 0.3007894 0.4068519 0.8625516 0.300792 0.4068526 0.8995264 0.1056586 0.4238968 0.3790486 0.8900077 0.2533939 0.3790467 0.8900084 0.2533941 0.7124459 0.5821841 0.3917686 0.7124444 0.5821859 0.3917686 0.5008148 0.8035136 0.3217926 0.5008225 0.803508 0.3217947 0.5626466 0.7460935 0.3560525 0.1364827 0.9828765 0.1237996 0.1364823 0.9828765 0.1237997 0.5626464 0.7460938 0.3560523 0.7819496 0.4572533 0.4236441 0.7819519 0.45725 0.4236434 0.6314886 0.6679987 0.3937005 0.6314856 0.6680015 0.3937002 0.8417473 0.2993095 0.4493053 0.8793305 0.1137761 0.4624207 0.8417481 0.299308 0.4493049 0.8778899 0.1055263 0.4670903 0.3675055 0.8893601 0.2719896 0.367508 0.8893591 0.2719895 0.6930671 0.5809633 0.4267783 0.6930684 0.5809615 0.4267784 0.4855765 0.8026499 0.3463649 0.4855748 0.8026511 0.3463643 0.1318595 0.9826432 0.1304818 0.1318589 0.9826432 0.1304819 0.5455193 0.7451298 0.383654 0.6122627 0.6669199 0.4246789 0.5455199 0.7451293 0.3836541 0.7606851 0.4559081 0.4620671 0.7606816 0.4559129 0.462068 0.6719701 0.579774 0.46078 0.6122641 0.6669174 0.4246809 0.8542004 0.1055789 0.5091118 0.8188576 0.2978569 0.4906664 0.8188543 0.2978635 0.4906679 0.8554438 0.1120108 0.5056377 0.3550572 0.8887307 0.2899866 0.3550547 0.8887316 0.2899866 0.7375243 0.4546098 0.4993874 0.671972 0.5797696 0.4607828 0.4691254 0.8018185 0.3701465 0.4691227 0.8018206 0.3701455 0.3417237 0.8881246 0.3073429 0.1269067 0.9824182 0.1369281 0.1269053 0.9824184 0.1369282 0.5270365 0.7441962 0.4103711 0.5270356 0.7441971 0.4103708 0.737524 0.454612 0.499386 0.7939287 0.2964537 0.5308411 0.5915202 0.66587 0.4546657 0.5915198 0.6658704 0.4546657 0.7939287 0.2964554 0.5308403 0.8284811 0.1058138 0.5499296 0.8294281 0.1103132 0.547613 0.3417238 0.8881243 0.3073435 0.6492031 0.5786247 0.4936891 0.6492066 0.5786202 0.4936897 0.4515051 0.8010215 0.3930748 0.45151 0.8010175 0.393077 0.121703 0.982205 0.1430442 0.3277139 0.8875517 0.3238141 0.1215594 0.9822226 0.1430463 0.5072451 0.7432975 0.4361322 0.5072486 0.7432944 0.4361333 0.7125366 0.453351 0.535504 0.7125372 0.4533501 0.5355039 0.5693069 0.6648605 0.4835805 0.5693111 0.664856 0.4835817 0.8013504 0.1086652 0.5882426 0.7670305 0.2950955 0.5697216 0.7670296 0.2950974 0.569722 0.3277139 0.8875517 0.3238144 0.4329953 0.8002656 0.4148373 0.6248203 0.5775226 0.525421 0.6248252 0.5775163 0.525422 0.4329936 0.8002679 0.4148348 0.1163524 0.9819832 0.1488997 0.1159173 0.9820361 0.1488903 0.8031704 0.116908 0.5841658 0.6420394 0.1078634 0.7590461 0.8060014 -0.0683824 0.5879502 0.4864555 0.7424453 0.4605824 0.4864501 0.74245 0.4605804 0.5459756 0.6639032 0.5110217 0.6857792 0.452134 0.5703347 0.6857812 0.4521313 0.5703346 0.5459757 0.6639028 0.511022 0.7382277 0.2937859 0.6072147 0.7712924 0.1069666 0.6274282 0.7382258 0.2937896 0.6072152 0.3131026 0.8870077 0.3393877 0.3131038 0.8870073 0.3393879 0.5992115 0.5764769 0.5555358 0.5992109 0.5764776 0.5555357 0.4136864 0.7995492 0.4354132 0.4136922 0.7995443 0.4354166 0.110711 0.9817722 0.1544879 0.1100026 0.9818583 0.1544467 0.4647592 0.7416427 0.4836993 0.4647595 0.7416425 0.4836994 0.7733195 0.1155407 0.6233997 0.7454594 -0.05582602 0.6642091 0.7769165 -0.05453517 0.6272374 0.6576739 0.4509825 0.6033903 0.6576737 0.4509828 0.6033903 0.5216307 0.6629965 0.5369702 0.5216262 0.6630014 0.5369686 0.7079715 0.2925494 0.6427996 0.7079706 0.2925509 0.6427998 0.2977496 0.8864891 0.3542347 0.2977503 0.8864889 0.3542348 0.5724941 0.575479 0.5840157 0.5724908 0.5754834 0.5840146 0.3934072 0.7988593 0.4550327 0.3934059 0.7988604 0.4550318 0.1048018 0.9815713 0.159795 0.2816938 0.8859974 0.3683169 0.1038224 0.9816903 0.1597026 0.4419711 0.740873 0.5057358 0.441972 0.7408722 0.5057362 0.7121474 -0.05934072 0.6995175 0.7388359 0.1141371 0.6641493 0.7454399 -0.05810573 0.6640353 0.7388366 0.1141353 0.6641487 0.6283481 0.4498869 0.6346498 0.628345 0.4498911 0.6346499 0.4960515 0.6621347 0.5617033 0.4960487 0.6621378 0.5617021 0.7058914 0.1129091 0.699263 0.676398 0.2913818 0.6764483 0.6764021 0.2913741 0.6764476 0.2816939 0.8859965 0.3683189 0.5444219 0.5745291 0.6111637 0.5444206 0.5745309 0.6111633 0.3721855 0.7982162 0.4736336 0.3721921 0.7982104 0.4736383 0.09863228 0.9813818 0.1648072 0.09739736 0.9815322 0.1646462 0.4693016 0.6613154 0.585165 0.4181379 0.7401423 0.5266404 0.4181409 0.7401395 0.5266419 0.6771661 -0.06393981 0.7330469 0.7058911 0.1129076 0.6992637 0.7121111 -0.06276198 0.6992559 0.5975395 0.4488463 0.6644421 0.5975342 0.4488536 0.6644422 0.469301 0.6613173 0.5851632 0.5150652 0.57363 0.6369116 0.6432328 0.2902621 0.7085193 0.6432363 0.2902554 0.7085188 0.2649737 0.8855326 0.3816033 0.2649716 0.8855335 0.3816027 0.5150644 0.5736342 0.6369086 0.3500989 0.7975976 0.4911912 0.3933185 0.7394509 0.5463635 0.3500925 0.7976036 0.4911861 0.09222315 0.9812036 0.169512 0.09073935 0.9813846 0.1692651 0.3933176 0.7394534 0.5463606 0.6771428 -0.06580316 0.7329035 0.6712775 0.1117387 0.7327353 0.671278 0.1117377 0.732735 0.6406237 -0.06691672 0.7649335 0.5653118 0.4478667 0.6927034 0.5653182 0.447858 0.6927037 0.6085468 0.2891928 0.7389441 0.4414439 0.6605444 0.607296 0.441441 0.6605479 0.6072944 0.6085472 0.289197 0.738942 0.2476262 0.8850985 0.3940583 0.2476257 0.8850986 0.3940582 0.4844876 0.5727858 0.6612021 0.4844933 0.5727778 0.6612048 0.3271805 0.7970228 0.5076492 0.3271759 0.7970272 0.5076452 0.08558565 0.9810376 0.1738971 0.08386604 0.9812478 0.1735491 0.3675713 0.738807 0.56485 0.3675705 0.7388077 0.5648496 0.6025655 -0.06852602 0.795122 0.6350818 0.1106291 0.7644817 0.6406164 -0.06747015 0.7648911 0.6350791 0.1106346 0.7644831 0.5317617 0.446927 0.7193649 0.5317552 0.4469357 0.7193642 0.4125415 0.6598233 0.6280468 0.4125468 0.659817 0.6280499 0.5724254 0.2881948 0.7676412 0.5724279 0.2881901 0.7676411 0.2296931 0.8846936 0.4056579 0.3034825 0.7964922 0.522971 0.2296949 0.8846928 0.4056586 0.4527713 0.57199 0.6839778 0.4527766 0.5719823 0.6839808 0.3034817 0.7964941 0.5229685 0.211221 0.8843186 0.4163726 0.07873658 0.980884 0.1779528 0.07679446 0.9811218 0.1774898 0.3409506 0.7382079 0.5820668 0.3409526 0.7382058 0.5820682 0.5973828 0.1095835 0.7944339 0.5631005 -0.07141073 0.8232972 0.6025388 -0.07042694 0.7949762 0.5973802 0.1095887 0.7944351 0.4969476 0.4460598 0.7443614 0.4969452 0.4460629 0.744361 0.3826724 0.6591421 0.6473743 0.3826704 0.6591445 0.647373 0.5349519 0.2872478 0.7945534 0.5582732 0.1086026 0.8225185 0.5349506 0.2872502 0.7945535 0.2112216 0.8843204 0.4163687 0.4199869 0.5712473 0.7051862 0.4199854 0.5712494 0.7051854 0.2790795 0.7959948 0.5371283 0.2790748 0.7959999 0.5371233 0.06953835 0.9810078 0.1810754 0.07169577 0.9807428 0.1816677 0.3135308 0.7376521 0.5979698 0.3135303 0.7376526 0.5979694 0.5631079 -0.07089648 0.8233367 0.5582746 0.1086066 0.822517 0.5223647 -0.07181352 0.8496929 0.4609574 0.4452468 0.7676415 0.4609629 0.4452394 0.7676426 0.4962113 0.2863724 0.8196129 0.3518942 0.6585213 0.6652219 0.3518938 0.6585218 0.6652217 0.3862086 0.5705632 0.7247762 0.4962133 0.2863835 0.8196078 0.1922496 0.8839781 0.4261723 0.2540128 0.7955425 0.5500815 0.1922505 0.8839777 0.4261728 0.386209 0.5705565 0.7247813 0.2540139 0.7955385 0.5500866 0.06211903 0.9809052 0.1842991 0.06447522 0.9806153 0.1850315 0.1728252 0.8836679 0.435043 0.2853683 0.737144 0.6125225 0.285372 0.7371395 0.6125259 0.5178462 0.1076935 0.848668 0.5224211 -0.0674356 0.8500168 0.480431 -0.06828256 0.8743703 0.5178486 0.1076889 0.8486671 0.4238913 0.4444885 0.7891427 0.4238853 0.4444968 0.7891412 0.05957926 0.9807056 0.1861904 0.3202884 0.6579515 0.6815535 0.3515233 0.5699304 0.742705 0.3202826 0.6579592 0.6815488 0.4563041 0.2855753 0.8427534 0.4761992 0.1068454 0.8728221 0.4563073 0.285569 0.8427537 0.1728252 0.8836679 0.4350432 0.3515232 0.5699374 0.7426997 0.2283497 0.7951292 0.5618059 0.2283496 0.7951294 0.5618058 0.160436 0.8835416 0.4400166 0.1604317 0.8835422 0.4400168 0.05456265 0.9808093 0.1871791 0.05583262 0.9806512 0.1876325 0.150347 0.8833798 0.4438872 0.2119822 0.7949793 0.5683937 0.2119894 0.7949752 0.5683968 0.2565408 0.7366797 0.6256913 0.2565376 0.7366837 0.625688 0.4373591 -0.06567264 0.8968858 0.4804679 -0.06489502 0.874608 0.4762017 0.106852 0.8728199 0.3858138 0.4438098 0.8088143 0.3858204 0.4438005 0.8088163 0.05198994 0.9806089 0.1889524 0.2381629 0.7365174 0.6331038 0.2381695 0.7365142 0.6331053 0.28793 0.6574317 0.6963332 0.2879217 0.6574432 0.6963257 0.4334303 0.1060803 0.8949219 0.4153231 0.2848294 0.8639323 0.4153187 0.2848379 0.8639315 0.1503473 0.8833801 0.4438866 0.2673197 0.657246 0.7046758 0.267328 0.6572414 0.7046769 0.3159992 0.5693781 0.7589157 0.3160034 0.569371 0.7589193 0.2231774 0.7362682 0.6388279 0.1986502 0.7947614 0.5734915 0.1986521 0.7947592 0.5734939 0.1400034 0.8832818 0.4474507 0.1399973 0.8832828 0.4474507 0.1849868 0.794638 0.578213 0.2933907 0.569164 0.7680977 0.2934043 0.5691552 0.7680991 0.04688059 0.9807212 0.1897054 0.1295983 0.8831378 0.450857 0.04812798 0.9805607 0.190222 0.1849829 0.7946327 0.5782216 0.2231768 0.7362628 0.6388342 0.4374371 -0.05578838 0.8975168 0.3933197 -0.05649376 0.9176645 0.4334275 0.1060731 0.8949241 0.3468377 0.4431788 0.8266173 0.346834 0.4431843 0.826616 0.04422503 0.9805254 0.1913476 0.2078202 0.7361259 0.6441501 0.2078245 0.7361237 0.6441514 0.2504851 0.656966 0.7110928 0.2749155 0.5688506 0.7751325 0.2504875 0.6569629 0.7110947 0.3220267 0.4429328 0.8367254 0.3220293 0.4429317 0.8367251 0.3733591 0.2841689 0.8830917 0.37336 0.2841672 0.8830919 0.1712377 0.7944343 0.5827106 0.1295982 0.8831376 0.4508572 0.2332545 0.6568148 0.7170682 0.2332634 0.6568095 0.71707 0.2749161 0.5688549 0.7751291 0.3017439 0.4426066 0.8444229 0.3466573 0.2838647 0.8940076 0.3466652 0.2838599 0.8940059 0.1712378 0.794439 0.5827044 0.1190879 0.8830565 0.4539047 0.1190817 0.8830575 0.4539043 0.2560123 0.5686835 0.7817012 0.2560173 0.5686801 0.781702 0.03908328 0.9806466 0.1918454 0.04030379 0.980484 0.1924235 0.1573449 0.7943394 0.5867431 0.1573458 0.7943388 0.5867437 0.3896387 0.1053748 0.9149196 0.393359 -0.03513018 0.9187135 0.3896382 0.1053757 0.9149197 0.1923803 0.7358991 0.6491859 0.1923826 0.7358965 0.6491882 0.3017464 0.442612 0.8444192 0.03634221 0.980455 0.193358 0.3652333 -0.03553478 0.9302375 0.3617799 0.105013 0.9263302 0.2091265 -0.816166 0.5386456 0.3617767 0.1050145 0.9263312 0.1767748 0.7357931 0.6537272 0.1767868 0.7357865 0.6537313 0.1984219 0.6564345 0.7278203 0.2159177 0.6565626 0.7227068 0.2159214 0.6565577 0.7227101 0.280993 0.4424149 0.8516525 0.2810004 0.4424114 0.8516518 0.3389899 0.1046914 0.9349469 0.3024936 0.2832904 0.9100792 0.3248242 0.2835277 0.9022756 0.324829 0.28352 0.9022763 0.1085287 0.8829294 0.4567899 0.1085303 0.8829288 0.4567909 0.1984243 0.6564366 0.7278178 0.2369753 0.5684144 0.7878754 0.2369805 0.5684063 0.7878798 0.3025094 0.2833021 0.9100703 0.1433953 0.7941647 0.5905423 0.1433981 0.7941609 0.5905467 0.09787229 0.8828669 0.4593113 0.09786823 0.8828676 0.4593109 0.03116014 0.9806143 0.1934544 0.03268584 0.9804236 0.194168 0.217769 0.5682762 0.7934978 0.2177802 0.5682685 0.7935003 0.3421659 -0.01267256 0.9395542 0.3389957 0.1047012 0.9349436 0.1293194 0.7940894 0.5938843 0.129325 0.7940856 0.593888 0.1611018 0.7355956 0.6579858 0.1452926 0.7355162 0.6617447 0.1610992 0.7355988 0.6579828 0.2601031 0.4421197 0.8584151 0.2601058 0.4421165 0.858416 0.2390256 0.4419558 0.864605 0.02868457 0.9804003 0.1949166 0.315706 0.1044308 0.9430928 0.318647 -0.01296165 0.9477848 0.1164443 -0.9330975 0.3402496 0.3156939 0.104437 0.9430961 0.1452902 0.7355142 0.6617474 0.1808162 0.6562148 0.7325897 0.1808162 0.6562148 0.7325897 0.2390274 0.4419569 0.864604 0.02320486 0.9805532 0.1948768 0.02617955 0.9803856 0.1953425 0.2799985 0.2830046 0.9173381 0.279998 0.2830054 0.917338 0.1162871 0.7939572 0.5967489 0.08801273 0.8827705 0.4614866 0.08801078 0.8827713 0.4614855 0.1630793 0.6561221 0.7368234 0.1630722 0.6561264 0.7368213 0.1984483 0.5680279 0.7987255 0.1984526 0.5680211 0.7987295 0.2178135 0.4417017 0.87032 0.1789885 0.5679163 0.8033892 0.1162863 0.7939531 0.5967546 0.2573112 0.2828142 0.9240168 0.2573148 0.282812 0.9240165 0.07724822 0.8827178 0.4635105 0.07724807 0.8827178 0.4635104 0.1020694 0.7938877 0.5994364 0.1866948 0.4415801 0.8775831 0.178989 0.5679166 0.8033888 0.1306424 0.7353659 0.6649583 0.1306438 0.7353641 0.66496 0.2685357 0.1039243 0.9576473 0.2932166 0.07664093 0.9529691 0.2922099 0.1041459 0.9506665 0.2922087 0.1041476 0.9506668 0.1020711 0.7938901 0.5994329 0.2178153 0.4417053 0.8703178 0.07048552 0.882679 0.4646606 0.07049144 0.8826779 0.4646619 0.02215764 0.9803606 0.1959648 0.1466326 0.6559498 0.7404248 0.1466265 0.6559579 0.7404187 0.2694662 0.0764176 0.9599731 0.04085361 -0.9912559 0.1254695 0.2685405 0.1039269 0.9576457 0.1146742 0.7352926 0.667978 0.1146725 0.7352938 0.6679769 0.0931315 0.7938482 0.6009423 0.09314281 0.7938393 0.6009522 0.1868806 0.4415126 0.8775775 0.1964576 0.4415835 0.8754475 0.1964617 0.4415815 0.8754476 0.2114217 0.2833744 0.9354142 0.2013294 0.280168 0.9386013 0.2344775 0.2825549 0.9301522 0.2142011 0.2824317 0.9350669 0.244703 0.1036833 0.9640385 0.2449553 0.1040902 0.9639306 0.2235325 0.1039314 0.9691396 0.2344765 0.2825564 0.9301519 0.1692483 0.5058256 0.8458697 0.1609305 0.5677339 0.8073286 0.1609292 0.5677359 0.8073275 0.08990156 0.5042443 0.8588687 0.1287128 0.6558689 0.7438205 0.1287078 0.6558729 0.7438179 0.1414019 0.5502635 0.8229311 0.1412682 0.5676451 0.8110625 0.1046442 0.7352303 0.669691 0.1046363 0.7352355 0.6696865 0.0596689 0.8825975 0.4663275 0.05966711 0.8825983 0.4663262 0.1174427 0.6558113 0.7457338 0.1174461 0.6558087 0.7457354 0.0897532 0.6034324 0.792347 0.1244938 0.6038723 0.7872989 0.08857059 0.7351032 0.6721447 0.07883846 0.7937305 0.6031387 0.07883478 0.7937363 0.6031315 0.06864429 0.7261274 0.6841249 0.01524643 0.9803754 0.1965491 0.04170309 0.8825027 0.4684549 0.01548687 0.9803296 0.1967587 0.09941278 0.6556686 0.7484757 0.0885734 0.7351101 0.6721368 0.1068574 0.6738045 0.7311423 -0.009978283 0.7319324 0.6813042 0.04170387 0.8825033 0.4684536 0.03042561 0.7505652 0.6600955 0.05509987 0.793599 0.6059411 0.06020014 0.7506392 0.6579641 0.05510192 0.7935945 0.6059468 0.007146573 0.9803516 0.1971285 0.02039634 0.8824438 0.4699754 0.007585672 0.9802626 0.1975543 0.02039602 0.8824437 0.4699759 0.02873853 0.76328 0.6454283 0.026949 0.7935145 0.6079543 0.02694825 0.7935165 0.6079518 -0.0009712486 0.980334 0.1973435 -0.0006353467 0.9802605 0.197709 -0.001705839 0.8824262 0.4704478 -0.002253966 0.7934932 0.6085749 -0.001707491 0.8824274 0.4704456 -0.009057082 0.9804686 0.1964668 -0.008087924 0.9802886 0.1974053 -0.00246608 0.7624871 0.6469986 -0.002402645 0.7632582 0.6460891 -0.002252984 0.7934964 0.6085708 -0.01708534 0.9805595 0.1954769 -0.01400871 0.9802485 0.1972731 -0.02176115 0.8824667 0.4698712 -0.02176211 0.8824673 0.46987 -0.03260674 0.7513502 0.6590977 -0.03070756 0.762548 0.6462024 -0.02875194 0.7935542 0.60782 -0.02875161 0.7935531 0.6078213 -0.01889359 0.9803476 0.1963713 -0.03763014 0.8825198 0.4687673 -0.03763112 0.8825203 0.4687664 -0.04972371 0.7936276 0.6063686 -0.06151726 0.7350249 0.6752437 -0.05425195 0.7514167 0.6575938 -0.04972211 0.7936233 0.6063741 -0.02510384 0.9805816 0.1944982 -0.02264376 0.9803665 0.1958795 -0.05087524 0.8825698 0.4674209 -0.05087648 0.8825703 0.4674197 -0.06722292 0.793691 0.6045954 -0.06721696 0.7936996 0.6045849 -0.06097799 0.8826275 0.4661012 -0.06097778 0.8826274 0.4661014 -0.02666362 0.9803854 0.1952776 -0.0718018 0.882668 0.4644802 -0.075519 0.7350589 0.6737843 -0.0864135 0.6394123 0.7639925 -0.07551405 0.7350499 0.6737947 -0.08057468 0.7937787 0.6028458 -0.08057028 0.7937725 0.6028547 -0.09051741 0.7351486 0.6718356 -0.09052512 0.7351565 0.6718259 -0.1015941 0.6557246 0.7481336 -0.07180271 0.8826675 0.4644807 -0.03305743 0.9806249 0.1930854 -0.03196688 0.980419 0.194311 -0.09487193 0.7938217 0.600705 -0.09487198 0.7938219 0.6007047 -0.03594076 0.9804517 0.1934495 -0.1065915 0.7352109 0.669405 -0.1065878 0.7352022 0.6694152 -0.08608066 0.8827567 0.4618774 -0.08608112 0.8827569 0.4618768 -0.1196345 0.6557857 0.7454077 -0.1196353 0.6557876 0.7454059 -0.1340752 0.5434006 0.8286976 -0.1137378 0.7939391 0.5972643 -0.1137372 0.793936 0.5972684 -0.127783 0.7353339 0.665549 -0.0967767 0.8828566 0.4595633 -0.09678165 0.882858 0.4595596 -0.1434166 0.6559353 0.7410671 -0.1277818 0.7353354 0.6655477 -0.1278733 0.7940723 0.5942201 -0.1278732 0.7940722 0.5942202 -0.04113483 0.980524 0.1920431 -0.04101783 0.9804866 0.1922589 -0.1596925 0.5512686 0.8189025 -0.1434193 0.6559317 0.7410699 -0.1436627 0.7354951 0.6621239 -0.1436577 0.7354898 0.6621308 -0.1436776 0.5674533 0.8107734 -0.1612428 0.6561051 0.7372428 -0.161239 0.656101 0.7372471 -0.1104488 0.8829257 0.4563368 -0.1104498 0.8829268 0.4563345 -0.176982 0.5679085 0.8038391 -0.1769729 0.5678974 0.803849 -0.1459334 0.7941525 0.5899366 -0.1459334 0.7941546 0.5899339 -0.1302227 0.3352727 0.9330778 -0.1898495 0.4415334 0.8769296 -0.04886964 0.9806495 0.1895734 -0.04849138 0.9805277 0.1902997 -0.1304419 0.8831267 0.4506353 -0.1639521 0.7355821 0.6572964 -0.1639513 0.7355753 0.6573043 -0.2048214 0.336613 0.9190973 -0.1942568 0.4415584 0.8759512 -0.1942549 0.441557 0.8759523 -0.1840113 0.6562067 0.7318009 -0.18401 0.6561988 0.7318084 -0.1304445 0.8831254 0.4506371 -0.08002416 0.09646817 0.9921139 -0.2272778 0.2825206 0.9319479 -0.2019549 0.5680073 0.7978608 -0.2019552 0.5680095 0.7978592 -0.1723483 0.7944258 0.5823949 -0.1723487 0.7944204 0.582402 -0.1497313 0.8833542 0.4441462 -0.05644748 0.9807944 0.1866974 -0.05573132 0.9805724 0.1880739 -0.2173168 0.6565421 0.722306 -0.1936289 0.7358749 0.648842 -0.1936288 0.7358743 0.6488426 -0.2216551 0.4416961 0.8693523 -0.2216572 0.4417014 0.8693492 -0.238513 0.5683754 0.7874395 -0.2173177 0.6565406 0.7223071 -0.1497282 0.8833557 0.4441443 -0.1978283 0.7947286 0.5738209 -0.2489604 0.1050806 0.9627963 -0.2386053 0.282558 0.9291009 -0.2386063 0.282561 0.9290997 -0.2385103 0.5683804 0.7874368 -0.1978331 0.7947225 0.5738277 -0.06389837 0.9809338 0.1835371 -0.06285668 0.9806187 0.1855693 -0.2222569 0.7362155 0.6392094 -0.2494483 0.6569226 0.7114971 -0.2222571 0.7362218 0.639202 -0.06701691 0.9808148 0.1830601 -0.2497268 0.1037038 0.9627472 -0.2462755 0.1808263 0.9521818 -0.2617799 0.4421011 0.8579149 -0.2617811 0.4421046 0.8579127 -0.2818022 0.2829939 0.916789 -0.2494531 0.6569159 0.7115017 -0.2737792 0.5687996 0.7755721 -0.1804692 0.8838348 0.4315866 -0.168624 0.8836105 0.4368049 -0.1686229 0.8836088 0.4368086 -0.2818027 0.282993 0.9167891 -0.2737799 0.5687983 0.7755727 -0.2227967 0.7950588 0.5641305 -0.2227963 0.7950606 0.564128 -0.1804609 0.8838361 0.4315874 -0.07120368 0.9810724 0.1800744 -0.07051915 0.9808674 0.1814559 -0.1898935 0.8839644 0.4272557 -0.2384437 0.7953696 0.5572538 -0.2384437 0.7953696 0.557254 -0.250301 0.7366025 0.6283041 -0.2503011 0.7365994 0.6283076 -0.3004905 0.4425605 0.8448939 -0.3004907 0.4425611 0.8448935 -0.2961331 0.0445124 0.954109 -0.2940886 0.1041451 0.9500872 -0.2900237 0.1812616 0.939697 -0.2940899 0.1041478 0.9500865 -0.07415332 0.9809343 0.1796368 -0.2678889 0.7369493 0.6205975 -0.2678924 0.7369528 0.6205918 -0.2809294 0.6573398 0.6992732 -0.2809293 0.6573372 0.6992756 -0.1898921 0.8839648 0.4272552 -0.1996825 0.8841571 0.4223662 -0.3234714 0.2834911 0.902773 -0.3234699 0.283486 0.9027751 -0.3006827 0.6577324 0.690636 -0.3006811 0.6577308 0.6906382 -0.3083216 0.5692638 0.7621526 -0.3083221 0.569275 0.762144 -0.2509033 0.7955335 0.5515198 -0.2818834 0.7371318 0.6141486 -0.2509038 0.7955307 0.5515236 -0.07831816 0.9812257 0.1762457 -0.0774679 0.980992 0.1779141 -0.1996889 0.8841559 0.4223656 -0.3300156 0.5697019 0.7526816 -0.3300093 0.5696949 0.7526895 -0.3163813 0.6579372 0.6833898 -0.2818866 0.7371286 0.6141509 -0.2638503 0.79579 0.5450701 -0.2638502 0.7957898 0.5450704 -0.3375739 0.1046638 0.9354621 -0.3406013 0.007544304 0.9401776 -0.339765 0.04501181 0.9394327 -0.3375722 0.1046602 0.9354631 -0.3384025 0.4430697 0.8301644 -0.3622286 0.4435238 0.8198031 -0.3384033 0.4430725 0.8301626 -0.08101438 0.9810631 0.1759317 -0.3163794 0.6579393 0.6833886 -0.2964318 0.7374213 0.6069085 -0.2964318 0.7374213 0.6069085 -0.3327102 0.658268 0.6752682 -0.362227 0.4435245 0.8198034 -0.2086053 0.8843019 0.4177247 -0.2086056 0.8843023 0.4177238 -0.3899416 0.2844939 0.8757904 -0.3642846 0.284034 0.8869168 -0.3642868 0.2840424 0.8869132 -0.3472347 0.5699263 0.7447228 -0.381119 0.4437815 0.8110526 -0.3472343 0.5699221 0.7447263 -0.3326994 0.6582748 0.6752669 -0.08527178 0.9813742 0.172143 -0.08382028 0.9811201 0.1742914 -0.3096608 0.7376333 0.6000061 -0.2756275 0.7959795 0.5389306 -0.2756267 0.7959836 0.5389248 -0.3899317 0.2845 0.8757928 -0.2181552 0.8845009 0.4123912 -0.2181596 0.8845029 0.4123845 -0.3651563 0.5702798 0.7358272 -0.3651593 0.5702845 0.7358221 -0.3096538 0.7376397 0.6000019 -0.3801715 0.1052407 0.9189091 -0.3801711 0.1052398 0.9189094 -0.3834908 0.00813348 0.9235089 -0.3838669 -0.01945504 0.9231835 -0.4069422 0.1056783 0.9073203 -0.2882501 0.7962496 0.5318819 -0.2882499 0.7962453 0.5318884 -0.3811238 0.443776 0.8110533 -0.08728801 0.9811929 0.1721666 -0.3475523 0.6585128 0.6675091 -0.3475513 0.6585041 0.6675181 -0.2257148 0.8846548 0.407969 -0.2257163 0.8846557 0.4079663 -0.3333915 -0.6456558 0.687007 -0.4107975 -0.01905105 0.9115276 -0.4069416 0.1056786 0.9073204 -0.323847 0.7379335 0.5920957 -0.3238491 0.7379395 0.592087 -0.4008012 0.4441669 0.8012953 -0.4007952 0.444162 0.8013011 -0.4102728 0.2847919 0.8663543 -0.4102748 0.2847975 0.8663515 -0.2982424 0.7964473 0.5260448 -0.2982424 0.7964471 0.5260453 -0.4186785 0.4444606 0.7919363 -0.3814531 0.5705426 0.7273064 -0.3814533 0.5705445 0.7273048 -0.09208695 0.9815093 0.167808 -0.09039792 0.9812657 0.1701348 -0.3634849 0.6588408 0.6586407 -0.3634857 0.6588426 0.6586383 -0.3350692 0.7381613 0.5855311 -0.3350689 0.7381598 0.5855329 -0.431459 0.2851911 0.8558674 -0.4314668 0.2851988 0.855861 -0.2350455 0.8848459 0.4022456 -0.2350459 0.8848462 0.4022444 -0.3989423 0.5709126 0.717568 -0.3989408 0.5709085 0.7175722 -0.4186768 0.4444623 0.7919362 -0.4281659 0.1060071 0.8974612 -0.4322448 -0.03865059 0.9009277 -0.4281646 0.106005 0.897462 -0.3760758 0.6590967 0.6512746 -0.3760754 0.6590952 0.6512763 -0.3105648 0.7966975 0.5184811 -0.3105644 0.7966986 0.5184795 -0.2434298 0.8850496 0.3967733 -0.2434272 0.8850484 0.3967775 -0.09376331 0.9813424 0.1678551 -0.252484 0.885245 0.3906317 -0.4502895 0.106403 0.88652 -0.3922969 -0.5686475 0.7230098 -0.4545861 -0.03826057 0.8898807 -0.4502935 0.1064059 0.8865177 -0.4127606 0.5711865 0.709489 -0.4127609 0.5711875 0.709488 -0.391612 0.6594099 0.641731 -0.3489125 0.7384402 0.5770322 -0.3489125 0.7384415 0.5770304 -0.4378793 0.4448621 0.781255 -0.4378793 0.4448621 0.7812551 -0.3216458 0.7969704 0.5112554 -0.3216458 0.7969708 0.5112547 -0.3613648 0.7387464 0.5689193 -0.4507055 0.2855178 0.8457803 -0.450705 0.2855166 0.8457808 -0.09680965 0.9814229 0.1656411 -0.09870405 0.9816489 0.1631654 -0.3916125 0.6594093 0.6417313 -0.3613565 0.7387514 0.5689181 -0.4713807 0.2859401 0.8342893 -0.4713796 0.2859386 0.8342904 -0.4530423 0.4451745 0.7723809 -0.4530379 0.4451686 0.7723869 -0.4876987 0.286271 0.8247417 -0.2524818 0.8852457 0.3906315 -0.4717492 0.4455574 0.7608753 -0.4298072 0.5715328 0.6990107 -0.4298076 0.5715377 0.6990066 -0.4703639 0.1067586 0.8759911 -0.4703629 0.106757 0.8759918 -0.4748104 -0.04497424 0.8789383 -0.4919416 0.1071855 0.8640051 -0.4055829 0.659757 0.632632 -0.4055811 0.659753 0.6326373 -0.4451421 0.5719134 0.6890309 -0.3336007 0.7972258 0.5031317 -0.3747898 0.7390368 0.5597833 -0.3335996 0.7972285 0.5031282 -0.2606971 0.8854731 0.3846742 -0.2607006 0.8854744 0.3846692 -0.4877076 0.2862621 0.8247395 -0.1000662 0.9815042 0.1632063 -0.4451528 0.5719047 0.6890312 -0.461183 -0.4343553 0.7737219 -0.4965836 -0.04455559 0.8668445 -0.4919325 0.1071927 0.8640094 -0.3444588 0.7975354 0.4952631 -0.3444596 0.7975402 0.4952547 -0.3747966 0.7390308 0.5597865 -0.471756 0.4455509 0.760875 -0.3869959 0.7393772 0.5509587 -0.3869974 0.7393798 0.5509541 -0.4206587 0.6600774 0.6223698 -0.4206586 0.6600772 0.62237 -0.4885955 0.4459623 0.749928 -0.4885926 0.4459592 0.7499318 -0.5089768 0.1075398 0.8540363 -0.5137376 -0.0500451 0.8564864 -0.5089796 0.1075427 0.8540342 -0.5299891 0.1079874 0.8411006 -0.5078415 0.2866803 0.8123493 -0.5078451 0.2866894 0.8123439 -0.2694565 0.8856775 0.378112 -0.2694561 0.8856763 0.3781149 -0.3560205 0.797802 0.4865814 -0.4343642 0.6604663 0.612464 -0.4343601 0.6604598 0.6124739 -0.461687 0.572258 0.6777654 -0.4616869 0.5722678 0.6777572 -0.3560306 0.7977934 0.4865881 -0.3999887 0.7396723 0.5411968 -0.525974 0.2871231 0.8005697 -0.5259721 0.2871206 0.8005717 -0.4767305 0.5726922 0.6668971 -0.4767331 0.5726968 0.6668912 -0.1055747 0.9816557 0.1587643 -0.1055747 0.9816556 0.1587649 -0.4949832 -0.4312423 0.7543353 -0.5349499 -0.04958465 0.8434275 -0.5299931 0.1079826 0.8410988 -0.399987 0.7396737 0.541196 -0.506742 0.4463563 0.737549 -0.5067394 0.4463478 0.737556 -0.5455058 0.2875591 0.7872313 -0.4489349 0.6607881 0.601512 -0.4489343 0.6607922 0.6015079 -0.5232632 0.4468082 0.7256433 -0.5232618 0.446807 0.7256449 -0.5539874 -0.05450349 0.830739 -0.5489208 0.1084212 0.8288129 -0.5489165 0.1084175 0.8288162 -0.5455078 0.2875563 0.787231 -0.5632957 0.2880369 0.7744242 -0.2842824 0.886071 0.3661443 -0.2842825 0.8860707 0.3661452 -0.4927176 0.5730595 0.6548529 -0.4927186 0.5730486 0.6548616 -0.5632922 0.2880392 0.7744257 -0.3756108 0.7983075 0.4707671 -0.4219806 0.7402493 0.523415 -0.3756095 0.7983094 0.4707648 -0.1116415 0.9818442 0.1533563 -0.1174315 0.9820434 0.1476498 -0.1116414 0.9818447 0.1533536 -0.5745519 -0.05400632 0.8166844 -0.5491388 -0.345715 0.7608729 -0.5692984 0.1088898 0.814888 -0.569299 0.1088909 0.8148874 -0.5878648 0.1093732 0.8015314 -0.4219845 0.7402457 0.5234171 -0.5408 0.4472213 0.7124103 -0.5407988 0.4472153 0.712415 -0.593276 -0.0543357 0.8031633 -0.5878621 0.1093748 0.8015331 -0.47361 0.6614434 0.5815378 -0.4736115 0.6614383 0.5815424 -0.5821646 0.2884946 0.7601679 -0.5821639 0.2884916 0.7601695 -0.3006171 0.8865794 0.351577 -0.3971911 0.7989816 0.451517 -0.3006167 0.8865808 0.3515737 -0.5197966 0.5737603 0.632938 -0.5197967 0.5737594 0.6329387 -0.3971977 0.798976 0.4515212 -0.1174307 0.9820436 0.1476497 -0.6075553 0.1098747 0.786641 -0.6367944 0.1106922 0.7630466 -0.6000544 -0.2567752 0.7576286 -0.6131493 -0.05380828 0.7881324 -0.6075535 0.1098707 0.7866429 -0.4462262 0.7410073 0.5017871 -0.4462293 0.7410008 0.501794 -0.6141347 0.2893572 0.7342418 -0.5705058 0.4480093 0.6883392 -0.5705058 0.4480104 0.6883383 -0.5008246 0.6622851 0.5572729 -0.5008227 0.6622908 0.5572678 -0.640734 0.1127357 0.759441 -0.6476552 0.1008784 0.7552259 -0.6141319 0.2893625 0.734242 -0.4177952 0.7996849 0.4312206 -0.3162062 0.8871158 0.3362129 -0.3162056 0.8871173 0.3362097 -0.5496645 0.5746896 0.6063008 -0.549664 0.5746919 0.6062992 -0.1224402 0.9823745 0.1412395 -0.122468 0.9822376 0.1421649 -0.4177907 0.7996886 0.431218 -0.4693669 0.7418019 0.478983 -0.469366 0.7418036 0.4789812 -0.6032876 0.4490295 0.6591029 -0.6032876 0.4490303 0.6591023 -0.5267983 0.6631792 0.5316738 -0.5267991 0.6631771 0.5316755 -0.3297746 0.887648 0.3214495 -0.3297743 0.8876488 0.3214476 -0.6778842 0.1103875 0.7268339 -0.6494229 0.2904615 0.7027674 -0.6494226 0.2904577 0.7027692 -0.4357228 0.8003959 0.4117183 -0.4895171 0.7425975 0.4570799 -0.4357212 0.800398 0.411716 -0.5781654 0.5756793 0.5782025 -0.5781672 0.5756732 0.5782068 -0.1276072 0.9825933 0.1350071 -0.1277543 0.9823165 0.1368693 -0.48952 0.7425951 0.4570807 -0.685784 -0.06861176 0.7245638 -0.6770713 0.1119202 0.727357 -0.8244303 0.1152121 0.5541126 -0.6345723 0.4501057 0.6282697 -0.6345723 0.4501062 0.6282693 -0.6830996 0.2916168 0.669578 -0.5494204 0.6640703 0.5070974 -0.5494199 0.6640718 0.507096 -0.342691 0.8881669 0.3061411 -0.3426911 0.8881668 0.3061413 -0.6030021 0.5766507 0.5512372 -0.603 0.5766575 0.5512322 -0.6831023 0.2916116 0.6695775 -0.7134684 0.1071375 0.692448 -0.4527829 0.8010786 0.3914854 -0.4527847 0.8010765 0.3914876 -0.5086838 0.7433584 0.434349 -0.1323904 0.9828357 0.1284785 -0.1326107 0.9825428 0.1304759 -0.5709226 0.6649285 0.481578 -0.5086831 0.7433591 0.4343487 -0.6618376 0.4511797 0.5986717 -0.6618375 0.4511742 0.598676 -0.7124593 0.2927508 0.6377294 -0.7197642 -0.04755034 0.6925883 -0.7106423 0.1130659 0.6944089 -0.5709217 0.6649295 0.4815778 -0.7124559 0.2927566 0.6377304 -0.3557549 0.8887677 0.2890161 -0.3557557 0.8887666 0.2890187 -0.6265935 0.5775965 0.5232235 -0.6265948 0.5775928 0.5232261 -0.470042 0.8018753 0.3688585 -0.4700455 0.8018713 0.3688626 -0.1368807 0.983077 0.121751 -0.1372154 0.9827546 0.1239564 -0.5280736 0.744254 0.4089307 -0.5280748 0.7442521 0.4089324 -0.7504402 -0.04547191 0.6593722 -0.7435249 0.1143317 0.6588619 -0.750437 -0.04452448 0.6594406 -0.7435241 0.1143288 0.6588634 -0.6877232 0.4522187 0.5679218 -0.6877235 0.4522149 0.5679243 -0.5926872 0.6659318 0.4530526 -0.5926867 0.6659328 0.4530519 -0.6504827 0.5786962 0.4919177 -0.7403182 0.2938862 0.6046154 -0.7403182 0.2938815 0.6046177 -0.7725955 0.115523 0.6243001 -0.3678979 0.8893806 0.2713917 -0.3678976 0.8893809 0.271391 -0.6504874 0.5786903 0.4919184 -0.1410015 0.9829982 0.117614 -0.1407847 0.9833772 0.1146697 -0.546096 0.7451646 0.3827648 -0.4860851 0.802684 0.3455713 -0.4860834 0.8026858 0.3455696 -0.5460957 0.7451649 0.3827647 -0.7797916 -0.04084307 0.6247055 -0.7797955 -0.04329916 0.6245352 -0.7725949 0.1155243 0.6243005 -0.7139469 0.4534212 0.5335626 -0.7139469 0.4534213 0.5335625 -0.1429173 0.9832599 0.113025 -0.6129145 0.6669543 0.4236837 -0.6129141 0.6669549 0.4236832 -0.3783256 0.8899853 0.2545505 -0.3783261 0.8899846 0.254552 -0.7685456 0.2951846 0.5676299 -0.7685457 0.295178 0.5676332 -0.4998708 0.8034856 0.3233267 -0.4998708 0.8034856 0.3233266 -0.6726855 0.5798123 0.4596868 -0.7383096 0.4546533 0.498186 -0.672685 0.5798135 0.459686 -0.1448222 0.9833818 0.1094837 -0.1445994 0.9836273 0.1075569 -0.3848555 0.8904175 0.2429876 -0.3848554 0.8904169 0.2429895 -0.5615878 0.7460669 0.3577755 -0.5615896 0.7460644 0.357778 -0.5085117 0.8040637 0.3080541 -0.5085116 0.8040639 0.3080539 -0.5713053 0.7467163 0.3406245 -0.8095533 -0.03586781 0.5859497 -0.8095707 -0.03948581 0.585693 -0.802054 0.116869 0.5857056 -0.8020549 0.1168745 0.5857031 -0.7383088 0.4546545 0.4981862 -0.1466401 0.9835103 0.1058503 -0.6303078 0.6679676 0.3956404 -0.6303083 0.6679667 0.3956412 -0.5713017 0.7467186 0.3406255 -0.3899795 0.8907388 0.2334531 -0.3899796 0.8907388 0.2334533 -0.5152758 0.804486 0.2954543 -0.3948768 0.8910912 0.2236713 -0.6917813 0.5809233 0.4289137 -0.6917807 0.5809245 0.4289127 -0.7947719 0.2965115 0.5295457 -0.7947721 0.296505 0.5295488 -0.6412264 0.6686941 0.3764 -0.6412246 0.6686997 0.376393 -0.5788994 0.7471921 0.3264648 -0.515278 0.8044845 0.2954545 -0.1480238 0.9838898 0.1002489 -0.1482334 0.9836264 0.1024982 -0.3948764 0.8910913 0.2236716 -0.7037725 0.5817291 0.4077935 -0.7037734 0.581725 0.4077978 -0.6497496 0.6692257 0.360503 -0.5789014 0.7471907 0.3264647 -0.7592784 0.4558661 0.4644163 -0.8173542 0.2978004 0.4932009 -0.7592782 0.4558668 0.4644158 -0.5217526 0.8049528 0.2825338 -0.5217506 0.8049551 0.2825309 -0.8294242 0.1182596 0.5459581 -0.8372239 -0.03133513 0.5459617 -0.8372471 -0.03446343 0.5457375 -0.8294235 0.1182559 0.5459598 -0.1498831 0.9837562 0.09878569 -0.6497435 0.6692311 0.360504 -0.5861797 0.7477177 0.3119481 -0.5861816 0.7477143 0.3119526 -0.7724588 0.4567341 0.4412499 -0.772459 0.4567353 0.4412483 -0.3991655 0.8914007 0.214643 -0.3991654 0.8914009 0.2146421 -0.8173549 0.2977992 0.4932005 -0.8529959 0.1195963 0.5080302 -0.7131184 0.5823131 0.3903504 -0.7131194 0.5823105 0.3903526 -0.7827119 0.457379 0.4220975 -0.5274152 0.8053628 0.2705995 -0.5925445 0.7481723 0.2985453 -0.5274155 0.8053623 0.2705999 -0.6579178 0.6698226 0.3442117 -0.657917 0.6698248 0.3442092 -0.151119 0.9841502 0.09279779 -0.1514209 0.9838854 0.09508549 -0.8315585 0.2987211 0.4682694 -0.8315575 0.2987163 0.4682741 -0.5925395 0.7481759 0.2985463 -0.5332866 0.8058258 0.257391 -0.4036085 0.8917517 0.204644 -0.4036087 0.8917513 0.204645 -0.7220955 0.5829597 0.3724731 -0.7220958 0.5829588 0.372474 -0.8610452 -0.02744458 0.5077872 -0.8610805 -0.02999767 0.5075829 -0.8678292 0.120528 0.4820222 -0.8529953 0.1195977 0.508031 -0.7827089 0.4573825 0.4220995 -0.5332875 0.8058254 0.2573909 -0.6650552 0.6703383 0.3291627 -0.6650581 0.6703326 0.3291684 -0.1528876 0.9840177 0.09129378 -0.8760843 -0.02652624 0.4814278 -0.8736487 -0.1605568 0.4593033 -0.8678312 0.1205255 0.4820194 -0.5991371 0.7486968 0.2837038 -0.6724635 0.6709177 0.3125097 -0.5991369 0.7486971 0.2837035 -0.4077509 0.8920981 0.1946796 -0.4077503 0.892099 0.1946769 -0.7925705 0.4580857 0.4024792 -0.7925709 0.4580907 0.4024727 -0.842589 0.2994227 0.4476491 -0.842589 0.2994169 0.4476531 -0.7299269 0.5835239 0.3559586 -0.7299252 0.5835284 0.3559548 -0.5387592 0.8062845 0.2442206 -0.5387597 0.8062841 0.2442211 -0.6724609 0.6709199 0.3125106 -0.1538673 0.9844106 0.08520982 -0.1541515 0.9841415 0.08776642 -0.8532102 0.3001774 0.4265277 -0.8532095 0.3001722 0.4265327 -0.6052852 0.7492123 0.2689064 -0.6052864 0.7492108 0.2689081 -0.4116965 0.8924545 0.1844745 -0.4116961 0.8924551 0.1844726 -0.8011627 0.4587071 0.3843518 -0.8011626 0.4587087 0.38435 -0.7380523 0.5841696 0.3376752 -0.7380539 0.5841658 0.3376787 -0.8793388 0.1212708 0.4604962 -0.8877285 -0.02143545 0.4598682 -0.8793381 0.1212684 0.460498 -0.543972 0.8067552 0.2307391 -0.6111428 0.7497399 0.2537611 -0.5439718 0.8067554 0.2307389 -0.6793637 0.6714966 0.2959007 -0.6793626 0.6714986 0.2958987 -0.1554413 0.9842747 0.08391222 -0.8624539 0.3008494 0.407017 -0.8624539 0.3008484 0.4070178 -0.4151022 0.8927908 0.1749709 -0.4151021 0.8927907 0.174971 -0.8982776 -0.1289804 0.4200729 -0.890425 0.122049 0.4384602 -0.8989221 -0.02065898 0.437621 -0.8904248 0.1220487 0.4384606 -0.611142 0.7497405 0.2537614 -0.8100851 0.4594118 0.3642843 -0.8100849 0.4594126 0.3642834 -0.7456278 0.5848005 0.3194487 -0.7456263 0.5848041 0.3194458 -0.5484749 0.8071997 0.218183 -0.5484743 0.8072004 0.2181822 -0.6162023 0.75024 0.2396552 -0.6859351 0.6720902 0.2789046 -0.685933 0.6720939 0.278901 -0.1566149 0.9844112 0.08003865 -0.1562096 0.9846798 0.07748641 -0.6162018 0.7502404 0.2396554 -0.8720598 0.3016051 0.3854169 -0.8720598 0.3016078 0.3854145 -0.9000723 0.1227535 0.4180926 -0.900073 0.1227561 0.4180903 -0.9086745 -0.01575518 0.417208 -0.9100972 0.123542 0.3955508 -0.4185701 0.8931451 0.1645932 -0.4185703 0.8931449 0.1645938 -0.8183958 0.4601089 0.3442791 -0.8183956 0.4601104 0.3442775 -0.7528394 0.5854555 0.3007899 -0.7528417 0.5854506 0.300794 -0.8263138 0.4608256 0.3237985 -0.691615 0.6726549 0.2630664 -0.6916171 0.6726515 0.2630701 -0.7590808 0.5860661 0.283413 -0.5530529 0.8076661 0.2044702 -0.5530536 0.8076655 0.2044708 -0.1577098 0.9845468 0.07612627 -0.8810067 0.3023551 0.3638801 -0.8810067 0.3023587 0.3638771 -0.4217358 0.8935173 0.1541614 -0.4217353 0.893518 0.1541593 -0.5572398 0.8081601 0.1906858 -0.9194348 0.1243283 0.3730712 -0.9166971 -0.1333315 0.3766819 -0.9187936 -0.01496076 0.3944547 -0.9100962 0.1235439 0.3955526 -0.7590801 0.5860668 0.2834134 -0.6213446 0.7507619 0.2242486 -0.6213436 0.7507631 0.2242475 -0.8263139 0.4608254 0.3237983 -0.5572394 0.8081603 0.1906859 -0.1582024 0.9849461 0.0696652 -0.1586485 0.9846799 0.07236154 -0.6973832 0.6732394 0.2457753 -0.6973841 0.6732379 0.2457766 -0.6260502 0.7513183 0.2087629 -0.6260501 0.7513185 0.2087628 -0.8895316 0.3031251 0.3418314 -0.8895316 0.303124 0.3418323 -0.8331626 0.4614995 0.3047266 -0.8331625 0.4615001 0.3047258 -0.928218 -0.009926416 0.3719042 -0.9283305 0.1251308 0.3500639 -0.9194353 0.1243274 0.3730703 -0.4246847 0.8938761 0.1436261 -0.4246841 0.8938766 0.1436247 -0.7654045 0.5867113 0.2644349 -0.7654038 0.5867125 0.264434 -0.7026676 0.6738645 0.2283961 -0.7026678 0.6738641 0.2283965 -0.5611304 0.8086329 0.1767641 -0.6304189 0.7518485 0.1931212 -0.5611301 0.8086331 0.1767639 -0.8969063 0.3038484 0.3213026 -0.8969062 0.303847 0.3213038 -0.1595579 0.984816 0.06840103 -0.4272165 0.8942406 0.1334907 -0.4272165 0.8942406 0.1334908 -0.9365895 -0.1040927 0.3346112 -0.9371977 -0.009116492 0.3486794 -0.9283298 0.1251322 0.3500653 -0.936028 0.1258834 0.3286411 -0.7712089 0.5873974 0.2453594 -0.7712095 0.5873958 0.2453608 -0.6304182 0.751849 0.1931214 -0.8401002 0.4622076 0.2838938 -0.8400998 0.4622099 0.2838916 -0.5644791 0.8091181 0.1633749 -0.5644798 0.8091174 0.1633756 -0.6341851 0.7523939 0.1780805 -0.1597911 0.9852157 0.06178063 -0.1603295 0.984955 0.06448435 -0.7075671 0.6744593 0.2108398 -0.7075669 0.6744597 0.2108395 -0.7765828 0.5880497 0.2260901 -0.6341822 0.7523959 0.1780822 -0.9449486 -0.003985293 0.3271947 -0.9360287 0.1258822 0.3286397 -0.9043684 0.3046181 0.298874 -0.9043681 0.3046211 0.2988718 -0.9438124 0.1266932 0.3052324 -0.8464767 0.4629564 0.2629607 -0.8464765 0.4629581 0.2629587 -0.4296571 0.8945994 0.1228276 -0.5676976 0.8095886 0.1492838 -0.4296555 0.8946006 0.1228247 -0.7765815 0.5880512 0.2260908 -0.7117994 0.6750714 0.1939591 -0.711801 0.6750689 0.193962 -0.6377946 0.7529238 0.1622462 -0.5676999 0.8095871 0.1492834 -0.9112372 0.3054223 0.2763404 -0.9112372 0.3054216 0.2763411 -0.161075 0.9850864 0.06049323 -0.161501 0.9851919 0.05757077 -0.433652 0.8953441 0.101513 -0.4317378 0.8949835 0.1122808 -0.4317385 0.8949829 0.112283 -0.7812323 0.5887218 0.2075638 -0.7812324 0.5887216 0.2075641 -0.9514996 -0.1044476 0.2893773 -0.9438125 0.1266932 0.3052324 -0.9528058 -0.003160831 0.303564 -0.6377971 0.7529219 0.1622453 -0.85748 0.4644102 0.2214745 -0.8523683 0.4636784 0.2418071 -0.8523685 0.4636778 0.2418076 -0.5704597 0.810096 0.1353522 -0.5704628 0.8100935 0.1353551 -0.7158492 0.6756612 0.1761871 -0.7158466 0.6756646 0.1761845 -0.7856679 0.5893731 0.1880566 -0.6409017 0.7534949 0.1465965 -0.6409014 0.7534952 0.1465959 -0.9509863 0.1275211 0.2817152 -0.9600095 0.001939079 0.2799605 -0.9509859 0.1275193 0.2817172 -0.8574786 0.4644119 0.2214768 -0.9175745 0.3062033 0.2535678 -0.9175744 0.3062035 0.2535676 -0.9575958 0.1283425 0.2579503 -0.4705369 0.8817006 -0.03462719 -0.4348438 0.8956479 0.09341143 -0.4336538 0.8953433 0.1015114 -0.5729854 0.8105662 0.1211203 -0.78567 0.5893706 0.1880556 -0.7193391 0.6763062 0.1586223 -0.7193382 0.6763077 0.1586206 -0.572982 0.8105685 0.121121 -0.5750058 0.811076 0.1073502 -0.9230856 0.3069781 0.2316839 -0.9230852 0.3069852 0.2316764 -0.7895092 0.5900753 0.1687793 -0.7895091 0.5900755 0.1687789 -0.966302 -0.08250907 0.2438292 -0.9575962 0.1283416 0.2579496 -0.9666809 0.002777386 0.2559694 -0.7309254 0.6824055 -0.008407564 -0.6437301 0.7540249 0.1306061 -0.645982 0.754589 0.1153376 -0.6437312 0.7540239 0.1306069 -0.8623399 0.4651313 0.2000573 -0.862341 0.4651277 0.2000604 -0.722506 0.6769018 0.1406735 -0.7225071 0.6769005 0.1406744 -0.7361779 0.6766922 0.01139573 -0.9724531 0.006557142 0.2330062 -0.9633515 0.1291508 0.2351043 -0.9633508 0.1291476 0.2351083 -0.866563 0.4658989 0.1789044 -0.8665636 0.4658965 0.1789078 -0.9283077 0.3077681 0.2086235 -0.9283089 0.3077612 0.208628 -0.7929779 0.5907293 0.1490806 -0.7929778 0.5907295 0.1490805 -0.7955226 0.5913692 0.1320089 -0.8703603 0.4666214 0.1572815 -0.9328615 0.3085878 0.1858576 -0.9328617 0.3085862 0.1858593 -0.9775382 -0.07405559 0.1973191 -0.9779478 0.007404103 0.2087185 -0.9687951 0.1299804 0.2110478 -0.968795 0.1299777 0.2110498 -0.973555 0.1308185 0.1872889 -0.8892228 0.4469263 0.09767164 -0.8731776 0.4673203 0.138465 -0.87036 0.4666216 0.1572817 -0.9826921 0.01201901 0.1848555 -0.973555 0.1308188 0.1872894 -0.9843059 0.1744411 0.02668556 -0.9369404 0.3093758 0.1625707 -0.9369074 0.3093593 0.162792 -0.9369422 0.3093679 0.1625757 -0.9873326 -0.04471678 0.1522323 -0.984876 0.1334162 0.1105404 -0.98698 0.01287298 0.1603276 -0.9778044 0.1316554 0.1629892 -0.9778043 0.131662 0.1629843 -0.0383238 0.09909036 0.9943402 -0.1144557 0.1202535 0.9861233 -0.1904563 0.1482759 0.9704332 -0.06234784 0.2440817 0.9677483 -0.1063509 0.1114246 0.9880658 -0.03157478 0.3128283 0.9492847 -0.07650241 0.2455867 0.9663511 -0.002402211 0.382788 0.9238331 -0.0456723 0.376148 0.9254332 -0.001096744 0.4097338 0.9122044 -0.02730546 0.3968205 0.9174899 0.03594513 0.3187328 0.9471628 0.07433708 0.244428 0.9668138 0.1914396 0.09449098 0.9769454 0.1148903 0.08338974 0.9898719 0.07908724 0.07735317 0.993862 0.03837931 0.08332258 0.9957833 -0.04197614 0.4781073 0.8772978 -0.02576547 0.137028 0.9902321 -0.211606 0.3590966 0.9089953 0.1431634 0.2626454 0.9542126 -0.001706896 0.6627797 0.7488125 -0.2539347 0.501909 0.8268038 0.1118185 0.3786223 0.9187719 -0.002578729 0.1384661 0.9903638 0.1555126 0.4134902 0.8971297 -0.1458267 0.4100382 0.9003351 0.04996357 0.6332505 0.7723324 0.01099006 0.14149 0.9898787 -0.05522356 0.4226875 0.9045915 -0.05416914 0.4238144 0.9041278 0.1884183 0.2692527 0.9444584 0.1230107 0.3513075 0.928144 -0.03038627 0.2148233 0.9761801 0.08259163 0.1069038 0.990833 0.01679361 0.6020387 0.7982903 0.005851474 0.2103935 0.9775993 -0.1637467 0.4659983 0.8695015 0.1799638 0.3398487 0.9231012 0.07949065 0.5707241 0.8172853 0.03400669 0.2243572 0.9739134 0.09804305 0.5830887 0.8064708 0.1067164 0.1264651 0.9862141 0.03242598 0.4153021 0.9091054 0.1400821 0.3039412 0.9423358 0.1922639 -8.938172e-09 0.9813433 0.1152918 -5.359809e-09 0.9933316 0.1913911 2.662038e-06 0.9815139 0.03851323 -1.342833e-09 0.9992582 0.1152923 -4.019873e-09 0.9933316 0.03851338 -8.952256e-10 0.999258 0.9996548 2.384807e-05 0.02627056 0.998367 0.0001129166 0.0571241 0.9993612 -0.0002161864 0.03573638 0.9953116 0.0001778655 0.09671987 0.9963416 -0.0001693881 0.08546 0.9894258 0.0001551621 0.1450397 0.9908499 -0.0001669598 0.1349692 0.9811732 0.000137843 0.1931303 0.9828996 -0.000160822 0.1841423 0.9706138 0.0001225425 0.2406423 0.9725086 -0.0001463058 0.232867 0.9577722 0.0001066477 0.2875283 0.9597061 -0.0001284405 0.2810058 0.9426671 8.958486e-05 0.3337347 0.9445203 -0.0001092328 0.3284529 0.925355 6.949239e-05 0.3791018 0.9269909 -8.878048e-05 0.3750838 0.905845 4.747122e-05 0.4236093 0.9071594 -6.912032e-05 0.4207871 0.8841683 2.607153e-05 0.4671686 0.8850768 -4.878566e-05 0.4654448 0.8607951 -2.533291e-05 0.5089517 0.8346635 -1.588054e-06 0.5507603 0.860434 2.592342e-06 0.5095618 0.8343793 -2.202946e-05 0.5511907 0.8068903 2.1413e-05 0.5907012 0.7772542 4.46753e-05 0.6291866 0.8058883 -4.403659e-05 0.5920675 0.7457704 6.552847e-05 0.6662031 0.7753984 -6.608647e-05 0.6314723 0.7124913 8.501058e-05 0.7016809 0.7429825 -8.731661e-05 0.6693109 0.6775731 0.0001044636 0.7354553 0.7087173 -0.0001059397 0.7054926 0.6410484 0.0001218754 0.7675005 0.6726952 -0.00012425 0.7399198 0.6029692 0.000137781 0.7977644 0.6349974 -0.000141974 0.7725142 0.5635166 0.0001536764 0.8261048 0.5957251 -0.0001569142 0.8031884 0.5227292 0.0001674574 0.8524988 0.5549712 -0.0001715502 0.8318695 0.4806662 0.0001797819 0.8769037 0.5128365 -0.0001856571 0.8584863 0.4375075 0.0001916273 0.8992147 0.4694249 -0.0001973575 0.8829724 0.3933187 0.0002017694 0.9194022 0.424849 -0.0002083031 0.9052643 0.34785 0.0002148585 0.9375502 0.3792128 -0.0002186125 0.9253095 0.3010388 0.0002249455 0.9536119 0.332638 -0.0002213049 0.9430546 0.2532138 0.0001420021 0.9674104 0.2892115 -0.000108426 0.9572653 0.2492027 2.66028e-06 0.9684513 0.1319969 0.03448625 0.9906501 0.03851087 0.01143477 0.9991928 0.11525 0.02706579 0.9929677 0.1912713 0.03537633 0.9808995 0.1187886 0.08733422 0.9890712 0.134505 0.08899558 0.9869084 0.1381326 0.1406634 0.980374 0.1487789 0.1391178 0.9790358 0.1501752 0.188445 0.9705338 0.1624601 0.1804348 0.9700773 0.1623417 0.271441 0.9486648 0.1916455 0.2545779 0.9478724 0.02260226 0.03344351 0.999185 0.1466497 0.2551855 0.9557062 0.2108165 0.1465592 0.9664764 0.2606488 0.5692258 0.7797719 0.234157 0.7296172 0.642518 0.1687898 0.8713749 0.4606687 0.02378157 0.1560674 0.9874601 0.2582259 0.4399051 0.860118 0.09232751 0.1707412 0.9809807 0.06447899 0.3052149 0.9500981 0.2985133 0.2565043 0.9192907 0.264554 0.5088356 0.8192054 0.09527344 0.1985098 0.9754573 0.04653928 0.3768007 0.9251245 0.3258317 0.294429 0.8984126 0.04338691 0.1026803 0.9937678 0.1278124 0.1940597 0.9726278 0.03195494 0.4328377 0.9009053 0.1097297 0.4488529 0.886843 0.2482822 0.6309254 0.7350436 0.08625837 0.235548 0.9680272 0.09801507 0.1972965 0.9754317 0.2134626 0.6224425 0.7529933 0.2127891 0.7014179 0.6802453 0.1090771 0.2440301 0.9636137 0.04769536 0.1529812 0.9870775 0.1701311 0.3209095 0.931704 0.4196905 0.5479998 0.7235719 -0.05156591 0.06922135 0.9962677 0.05152051 0.6346114 0.7711123 -0.0003882268 0.3240737 0.9460317 0.04005513 0.153803 0.9872893 0.02345763 0.3627981 0.9315724 0.08239588 0.02198564 0.9963571 0.1085258 0.4304319 0.896075 0.21086 0.7548978 0.6210212 0.2008857 0.2975653 0.9333273 0.2049741 0.7818205 0.5888483 0.06551425 0.3154629 0.9466736 0.1517358 0.7564325 0.6362279 0.09647027 0.2921346 0.9514993 0.08059238 0.8047663 0.5880953 0.138169 0.5310531 0.8359976 0.1652241 0.8031754 0.5723724 -0.03311877 0.3072724 0.9510451 0.06214931 0.3134089 0.9475824 0.1944472 0.8635599 0.4652468 0.1356137 0.8567109 0.4976498 0.01907471 0.5485808 0.8358799 0.1804474 0.2989696 0.9370464 0.1096097 0.8687054 0.4830494 0.03321406 0.3476005 0.9370542 0.03168134 0.3491061 0.9365475 0.09109077 0.8667744 0.4903107 0.04777019 0.976212 0.2114902 0.05401633 0.9729472 0.2246242 0.05788141 0.3557773 0.9327766 0.03685641 0.8846624 0.4647731 0.004232096 0.9372016 0.3487625 -0.08540603 0.8798999 0.4674207 0.01291938 0.9370927 0.3488413 0.02560414 0.8188847 0.5733867 -0.1161261 0.3525377 0.9285645 0.1779696 0.6740537 0.7169228 -0.1315431 0.6693801 0.7311817 0.004708643 0.5446309 0.8386626 0.003235981 0.09821488 0.9951599 -0.06010882 0.2789575 0.9584204 0.006871532 0.2773928 0.960732 0.04242999 0.1906406 0.9807425 -0.1913904 3.625786e-06 0.981514 -0.192576 -2.238169e-09 0.9812821 -0.1152923 -1.339958e-09 0.9933316 -0.1152923 -1.33564e-09 0.9933316 -0.03851323 -8.952222e-10 0.9992582 -0.03851338 -4.490521e-10 0.999258 -0.2515317 3.627548e-06 0.9678491 -0.2517874 1.354019e-05 0.9677826 -0.2968142 4.473137e-05 0.9549353 -0.295484 -5.480266e-06 0.9553477 -0.3837277 2.901469e-05 0.9234463 -0.3406853 -2.986133e-05 0.9401774 -0.3403846 -4.212202e-05 0.9402863 -0.4265936 8.176295e-05 0.9044435 -0.3866526 -8.620298e-05 0.9222255 -0.4681444 4.895101e-05 0.883652 -0.4299778 -4.701605e-05 0.9028394 -0.505554 8.994341e-05 0.862795 -0.4723374 -0.0001163773 0.8814178 -0.5419459 0.0001948543 0.8404134 -0.5155255 -0.0002215526 0.8568742 -0.5798885 0.0001979806 0.8146958 -0.555611 -0.0001897717 0.8314424 -0.6169149 0.0002072217 0.7870299 -0.5938047 -0.0002194631 0.8046092 -0.6525141 0.000200125 0.7577766 -0.6307604 -0.0001968039 0.7759776 -0.6656504 -0.0002042558 0.7462636 -0.6863472 0.0001993121 0.7272739 -0.7001727 -0.0002305268 0.7139735 -0.7198454 0.0002378267 0.6941344 -0.7505007 0.0001744233 0.6608696 -0.7340221 -0.0002363508 0.6791255 -0.7651665 -0.0002061691 0.6438324 -0.7798264 0.0002515056 0.6259957 -0.8095475 0.0002352575 0.5870544 -0.7940346 -0.0002217528 0.6078725 -0.8371913 0.0002408721 0.5469101 -0.8219742 -0.0002300139 0.5695246 -0.8609984 0.0001723551 0.5086076 -0.8484343 -0.0002318722 0.5293007 -0.883067 0.0002436735 0.4692469 -0.8730428 -0.0002311792 0.4876436 -0.9043046 0.0002014466 0.4268877 -0.8957405 -0.0002395677 0.4445771 -0.9234948 0.0002425154 0.3836111 -0.9157081 -0.000200239 0.4018442 -0.9406814 0.0002127606 0.3392911 -0.9332882 -0.0002237533 0.3591283 -0.95583 0.0002472775 0.2939198 -0.9493786 -0.0002350157 0.314134 -0.9690022 0.0002297026 0.247052 -0.9635016 -0.0002370076 0.2677026 -0.9797841 0.0002443935 0.2000578 -0.9754224 -0.0002357386 0.2203424 -0.9881124 1.252609e-05 0.153733 -0.9868958 -0.0004159181 0.1613582 -0.9913505 -0.0004539545 0.1312407 -0.9848465 0.001550297 0.1734211 -0.9933541 0 0.1150978 -0.9918866 -0.0007191789 0.1271246 0.06205709 0.9891609 0.1330777 0.04144737 0.9985173 0.03528907 -0.1021478 0.9941475 0.03516228 -0.9918776 0.0008856984 0.127193 -0.2501347 0.07142812 0.9655727 -0.2843909 0.9563484 0.06722869 -0.1823597 0.9424623 0.280196 -0.09303139 0.9945493 0.04708474 -0.09528323 0.9941969 0.04993762 -0.2818896 0.9572861 0.0643555 -0.0921648 0.9945158 0.04943667 -0.09259146 0.9943807 0.05132113 -0.5840975 0.809224 0.06314025 -0.4548595 0.8835717 0.1113731 -0.4415879 0.8932656 0.08412345 -0.08969029 0.9945165 0.05378253 -0.0904393 0.9943803 0.0550329 -0.5667059 0.8187292 0.09234225 -0.7740146 0.6191782 0.1323619 -0.6787355 0.7306529 0.07392183 -0.7864972 0.6085547 0.1052777 -0.6892901 0.7154849 0.1138444 -0.08953239 0.9943484 0.05705393 -0.08975415 0.9942145 0.05900527 -0.2691045 0.9571502 0.1069874 -0.08955529 0.9942245 0.05913854 -0.08866599 0.994051 0.06325252 -0.08842958 0.9942062 0.0611081 -0.9367179 0.3378763 0.09164695 -0.8693892 0.4712124 0.1487317 -0.8682795 0.4770641 0.1360169 -0.08539867 0.9942179 0.06509894 -0.0860287 0.9940529 0.06676639 -0.9285348 0.3513727 0.1198347 -0.9857908 0.08841815 0.1428248 -0.9680829 0.2317973 0.09531833 -0.9884427 0.07933197 0.12918 -0.969338 0.2031581 0.1382416 -0.08484548 0.9940479 0.06833824 -0.08465979 0.9939341 0.07019696 -0.2543254 0.9568879 0.1402999 -0.08462486 0.9939358 0.07021642 -0.08350703 0.9939256 0.07168327 -0.08325773 0.9938161 0.07346998 -0.08020619 0.9939514 0.07501713 -0.08056521 0.9938403 0.07609731 -0.0793023 0.9937854 0.07811327 -0.07922681 0.9936914 0.07937568 -0.07858434 0.993714 0.07972992 -0.2366814 0.9567425 0.1691912 -0.0775895 0.9936741 0.08118876 -0.07746629 0.9935813 0.08243298 -0.2337424 0.9566762 0.1735944 -0.07507594 0.9935405 0.08509237 -0.07679527 0.9936054 0.0827698 -0.07288125 0.9936796 0.08537615 -0.07278845 0.9934778 0.08777066 -0.07166639 0.9935023 0.08841409 -0.07070946 0.9933761 0.09057605 -0.2130086 0.9563988 0.1998214 -0.07076005 0.9934314 0.08992887 -0.0693553 0.9934068 0.09128468 -0.06822044 0.9932798 0.09349415 -0.0652812 0.9934691 0.0935817 -0.06500217 0.9932439 0.0961315 -0.06356383 0.993293 0.09658456 -0.06240753 0.993227 0.09800832 -0.187964 0.9562308 0.2242597 -0.06226043 0.9931731 0.09864465 -0.1396528 0.967805 0.2094051 -0.1071942 0.971773 0.2101589 -0.1784491 0.9432161 0.2801774 -0.2878687 0.7477787 0.5982965 -0.358735 0.7484908 0.5577372 -0.359368 0.6732076 0.6462554 -0.3197208 0.09056987 0.9431732 -0.2449315 0.2853234 0.9266062 -0.2937546 0.07440957 0.9529803 -0.2595916 0.1000345 0.9605234 -0.308927 0.1779243 0.9342949 -0.2819109 0.06612228 0.9571594 -0.2536586 0.06745219 0.9649392 -0.2751181 0.2016803 0.9400187 -0.2496672 0.2027842 0.9468606 -0.4413387 0.8933554 0.08447608 -0.5713817 0.8135251 0.1081657 -0.4525806 0.8834143 0.1214496 -0.4390584 0.8927946 0.1007248 -0.6910622 0.7142789 0.1106291 -0.7909394 0.5980101 0.12961 -0.7888331 0.5974574 0.1441772 -0.6878315 0.7134726 0.1335838 -0.4490424 0.8845385 0.1263039 -0.9307012 0.335701 0.1452591 -0.872968 0.4717515 0.1240058 -0.4264007 0.8933178 0.1420065 -0.930136 0.3351586 0.1500522 -0.8706763 0.4693557 0.147065 -0.9279121 0.3370915 0.1592117 -0.4226136 0.8928317 0.1557217 -0.433394 0.8834212 0.178148 -0.9276825 0.3321586 0.1705168 -0.9168695 0.3457121 0.1995836 -0.9865772 0.06407319 0.1502001 -0.968236 0.205395 0.1425908 -0.9672578 0.1975295 0.1593567 -0.4300023 0.8843425 0.1817588 -0.9816656 0.07326496 0.1759689 -0.9826415 0.06944926 0.172025 -0.9639212 0.2010174 0.1744932 -0.9101514 0.3372488 0.2405987 -0.9208006 0.3250886 0.2155078 -0.9083392 0.3351185 0.2502308 -0.8495992 0.4693219 0.2406617 -0.4050019 0.8933512 0.1946715 -0.846002 0.4704843 0.2508488 -0.9040395 0.3372056 0.262688 -0.9047399 0.3364859 0.2611955 -0.9780431 0.0615265 0.1991134 -0.9720377 0.07417399 0.2228024 -0.9613106 0.1875633 0.2017471 -0.9612707 0.1883255 0.2012265 -0.9019926 0.3351326 0.2722051 -0.8976122 0.3366784 0.2844997 -0.8440247 0.4683551 0.2612773 -0.9525508 0.2011658 0.2284282 -0.9713863 0.06957955 0.2270841 -0.9493877 0.197382 0.2443426 -0.3995281 0.8928909 0.2076612 -0.407597 0.8831634 0.232136 -0.9488062 0.1981997 0.2459342 -0.9673792 0.06509597 0.2448264 -0.9454113 0.1997786 0.2574606 -0.9641892 0.06683505 0.2566562 -0.9600269 0.07398213 0.2699535 -0.9431352 0.1974379 0.2674215 -0.6400787 0.7142906 0.2829988 -0.7361303 0.5983542 0.3163612 -0.9591585 0.06944208 0.274213 -0.9402995 0.201113 0.2745731 -0.9363812 0.1974397 0.2901862 -0.8947694 0.3239475 0.3073204 -0.8804928 0.3468626 0.3231392 -0.9357609 0.1982059 0.291661 -0.9543436 0.06510782 0.2915294 -0.7261879 0.5975374 0.3400002 -0.6314166 0.7135639 0.3035453 -0.403589 0.8844245 0.2343268 -0.8760205 0.3323629 0.349461 -0.8688302 0.3373404 0.3624024 -0.9457647 0.07456341 0.3161795 -0.9486862 0.06770371 0.308886 -0.9298261 0.2005554 0.3085465 -0.9247781 0.1863477 0.3317531 -0.8099801 0.4700444 0.3507 -0.8670682 0.3354734 0.3683075 -0.37738 0.8933951 0.2437821 -0.8058191 0.4702128 0.3599383 -0.8626978 0.3356973 0.3782326 -0.8603115 0.337221 0.3822905 -0.9297746 0.07246787 0.3609263 -0.9226608 0.1910584 0.3349536 -0.9400133 0.06172476 0.335507 -0.8029643 0.467405 0.3698392 -0.8583156 0.3353585 0.3883672 -0.8515059 0.3360624 0.4024919 -0.7172709 0.6042926 0.3469192 -0.8017771 0.4621568 0.3788991 -0.4850221 0.8133304 0.3213212 -0.9109155 0.2012691 0.3601719 -0.9295307 0.07150286 0.3617459 -0.9071323 0.1973004 0.3717305 -0.9234837 0.06549643 0.3780053 -0.9048752 0.1991406 0.3762232 -0.5989146 0.7143145 0.3620168 -0.6897107 0.5983615 0.4077531 -0.9121752 0.07201449 0.4034232 -0.9190387 0.06582561 0.3886322 -0.9004306 0.1994212 0.3865952 -0.8982964 0.1974403 0.3925314 -0.8288454 0.3476939 0.4383198 -0.9118823 0.07105963 0.4042538 -0.8933928 0.2011307 0.4017408 -0.8888713 0.1971678 0.413561 -0.6768396 0.5975983 0.4298423 -0.8867071 0.1989382 0.4173417 -0.9051386 0.0653527 0.4200633 -0.8223766 0.3327699 0.4614768 -0.8121489 0.337389 0.4760073 -0.8718476 0.1854178 0.4533233 -0.8971974 0.06640788 0.4366083 -0.8919148 0.07500851 0.4459393 -0.8787341 0.1998675 0.4334505 -0.7568263 0.4704389 0.4537633 -0.8109011 0.3360637 0.4790623 -0.3441405 0.8934424 0.2886659 -0.800471 0.3373939 0.4953903 -0.8053353 0.3352944 0.4888893 -0.7516729 0.4697439 0.4629562 -0.8847501 0.06218877 0.461898 -0.8673713 0.1933914 0.4585485 -0.3371731 0.8834826 0.3252273 -0.4407412 0.8134121 0.3796155 -0.3356443 0.8930524 0.299667 -0.775004 0.3461541 0.5287214 -0.7953107 0.3322573 0.5070364 -0.8706867 0.07082849 0.4867114 -0.8525667 0.2013213 0.482286 -0.8693308 0.07334259 0.4887584 -0.8486727 0.1972725 0.4907527 -0.8440382 0.1996448 0.4977362 -0.8620828 0.06618742 0.5024266 -0.8381462 0.1988011 0.5079262 -0.8365897 0.1972727 0.5110784 -0.8560187 0.06529617 0.5128045 -0.1139611 0.9834726 0.1406928 -0.01072916 0.9930139 0.1175087 -0.6166063 0.5976734 0.5124288 -0.335146 0.8838261 0.3263871 -0.8447148 0.07333609 0.5301685 -0.8283404 0.2013265 0.5227998 -0.8461501 0.07084892 0.5282145 -0.1070584 0.9825302 0.1522263 -0.02368503 0.9967963 0.07639539 -0.03552743 0.9966317 0.0739124 -0.03554201 0.9966121 0.0741692 -0.147881 0.9786683 0.142617 -0.7722579 0.3247284 0.5460486 -0.7538838 0.3370113 0.563988 -0.7404196 0.336943 0.5815911 -0.7477732 0.3351649 0.573149 -0.6906644 0.4705804 0.5491236 -0.7404215 0.336945 0.5815874 -0.3058136 0.8934921 0.3288615 -0.8149983 0.1871245 0.5484179 -0.8182046 0.07408866 0.5701334 -0.8315938 0.06158757 0.551959 -0.8155098 0.1894397 0.5468604 -0.6850379 0.469059 0.5574108 -0.7269651 0.3368246 0.5983903 -0.7342421 0.3352222 0.5903512 -0.7977616 0.2008693 0.5685314 -0.8152327 0.0684736 0.5750713 -0.2959637 0.8931439 0.3386733 -0.8050326 0.06509523 0.5896483 -0.7880786 0.1977671 0.5829412 -0.7880462 0.1977323 0.5829967 -0.6978685 0.3451927 0.6275521 -0.7221285 0.3322491 0.6067461 -0.7903228 0.07374442 0.6082365 -0.7740737 0.1978067 0.6014004 -0.7942134 0.06842729 0.6037738 -0.7770676 0.200812 0.5965236 -0.7666688 0.1998165 0.6101576 -0.7835537 0.0672343 0.6176756 -0.7765409 0.06516083 0.6266884 -0.7599651 0.197887 0.6191072 -0.7600359 0.1979532 0.6189992 -0.5462759 0.5977528 0.586749 -0.7489027 0.2006836 0.6315622 -0.7615446 0.07319787 0.6439657 -0.7655877 0.06813837 0.6397129 -0.6938213 0.3257537 0.6422589 -0.6716394 0.3374281 0.6595777 -0.6661772 0.3352871 0.6661761 -0.6209079 0.4697159 0.6275671 -0.6130083 0.4705375 0.6346773 -0.6578296 0.3362567 0.6739374 -0.655575 0.3373861 0.6755679 -0.7304225 0.07375615 0.6790015 -0.7481769 0.06153517 0.6606396 -0.7336473 0.1870329 0.6532842 -0.7339962 0.1882494 0.6525425 -0.6501282 0.3353547 0.6818143 -0.6064945 0.4681764 0.6426316 -0.6398673 0.3363379 0.6909752 -0.2492442 0.8905035 0.3806323 -0.3333017 0.8136405 0.4763392 -0.2582202 0.8934417 0.3675384 -0.33719 0.8128698 0.4749165 -0.6012302 0.4629319 0.6513188 -0.5366794 0.6038797 0.5893254 -0.7124833 0.2013276 0.6721864 -0.7284888 0.07038005 0.6814328 -0.7027876 0.1973163 0.683488 -0.2589698 0.886898 0.3825528 -0.3280621 0.8095031 0.4869086 -0.7162582 0.065211 0.6947817 -0.7005672 0.1986241 0.6853861 -0.2278035 0.8823774 0.411723 -0.2933791 0.8805382 0.372265 -0.2915902 0.8161479 0.4988764 -0.3787866 0.7822351 0.4945998 -0.6966742 0.07357847 0.7136045 -0.707688 0.06644674 0.7033936 -0.6920461 0.1997436 0.6936675 -0.6860372 0.1973763 0.7002825 -0.4868336 0.598381 0.6363437 -0.4125224 0.7141925 0.5654683 -0.4694946 0.5979483 0.6496406 -0.4048007 0.7109612 0.5750397 -0.6060259 0.3473296 0.7156079 -0.6791952 0.201278 0.7058194 -0.6693581 0.1975081 0.7162055 -0.6945968 0.07021824 0.7159641 -0.3076595 0.8307307 0.4639312 -0.30298 0.7844812 0.5411027 -0.4355555 0.6070575 0.6646598 -0.4504955 0.6987151 0.5557438 -0.3687826 0.7018673 0.6094109 -0.6820554 0.06528806 0.7283804 -0.6669592 0.1987775 0.7180898 -0.589099 0.3324047 0.7365253 -0.5766613 0.3373047 0.7441016 -0.662231 0.07393596 0.7456431 -0.6387949 0.1859181 0.7465758 -0.6542604 0.2001327 0.7293081 -0.6692346 0.06679457 0.740043 -0.2779223 0.8414362 0.463405 -0.2654447 0.8369574 0.4785829 -0.3198155 0.7653405 0.5585445 -0.5327729 0.4701317 0.7036541 -0.5720922 0.3355345 0.7484164 -0.5592371 0.3375106 0.7571925 -0.5245529 0.4703968 0.7096273 -0.5633156 0.3358601 0.7548997 -0.4783279 0.583878 0.6559641 -0.5173158 0.4675539 0.7167829 -0.5545973 0.3356294 0.7614295 -0.5071136 0.458238 0.7299683 -0.6275833 0.0721133 0.7752025 -0.6486176 0.06166693 0.7586122 -0.6350777 0.1911394 0.7484263 -0.6127017 0.2011775 0.7642802 -0.6267551 0.07090308 0.7759838 -0.6037185 0.1975079 0.7723436 -0.5999857 0.1991458 0.7748277 -0.6138222 0.06547768 0.7867243 -0.3572624 0.6641639 0.6566961 -0.3699448 0.6832361 0.6295468 -0.3419364 0.671349 0.6575485 -0.3941814 0.583804 0.7097844 -0.5908872 0.1995334 0.7816897 -0.6045708 0.06591538 0.7938194 -0.59071 0.07289648 0.8035843 -0.585616 0.197281 0.7862151 -0.5053611 0.3477606 0.7897294 -0.5898235 0.07157387 0.804354 -0.5765101 0.2014071 0.7918784 -0.5671827 0.1975083 0.7995588 -0.5758915 0.06558528 0.8148912 -0.5628036 0.1992769 0.80221 -0.4873634 0.3326868 0.807339 -0.4717496 0.3376203 0.8145335 -0.5331795 0.185459 0.8254239 -0.5526202 0.07369753 0.8301684 -0.5491629 0.1995055 0.8115527 -0.5619821 0.06586285 0.824523 -0.4685577 0.3360371 0.8170268 -0.4360904 0.4705278 0.767091 -0.4516013 0.3376253 0.8258725 -0.4585973 0.3354517 0.8228977 -0.4268413 0.4700044 0.7725946 -0.52753 0.192712 0.82739 -0.5392145 0.06198907 0.839884 -0.3986824 0.5812968 0.7093282 -0.4644229 0.3438293 0.8161451 -0.4380527 0.4369072 0.7856346 -0.4031405 0.4587686 0.7918391 -0.4034011 0.4593408 0.7913744 -0.399737 0.3582798 0.8437096 -0.5127153 0.07356998 0.8554008 -0.4942457 0.1971822 0.8466642 -0.5143595 0.07157436 0.8545825 -0.5025888 0.2015257 0.8407091 -0.3791948 0.4100733 0.8294885 -0.3971621 0.4062143 0.8229533 -0.4871668 0.1996453 0.8501824 -0.4986638 0.06607065 0.8642738 -0.3763812 0.4091256 0.8312359 -0.2977296 0.5656731 0.7690066 -0.3363635 0.5677822 0.7513208 -0.4731758 0.1971845 0.8586169 -0.4879554 0.06538178 0.8704165 -0.4767298 0.1989984 0.8562291 -0.4697281 0.07355503 0.8797415 -0.46051 0.201534 0.8644735 -0.4713617 0.07161146 0.8790278 -0.4020787 0.3587267 0.842406 -0.3288628 0.4064777 0.8524231 -0.3552224 0.4761988 0.8043953 -0.4691236 0.07324204 0.8800901 -0.4301729 0.186345 0.8833045 -0.4552369 0.2349802 0.8588036 -0.3514797 0.3456833 0.8700374 -0.3163134 0.3546628 0.8798637 -0.3624092 0.471748 0.8038118 -0.3487076 0.3443908 0.8716639 -0.2882612 0.4787996 0.8292505 -0.323138 0.481645 0.8146164 -0.4065642 0.2421921 0.8809362 -0.4143954 0.245041 0.8764881 -0.4287328 0.08410332 0.8995081 -0.4269555 0.08565375 0.9002069 -0.3552581 0.2413902 0.9030629 -0.3997338 0.2438298 0.8836062 -0.4136143 0.08055972 0.9068811 -0.3056485 0.340737 0.8890879 -0.3332165 0.4031799 0.8522984 -0.4184163 0.1940627 0.887281 -0.3688568 0.07814944 0.926195 -0.3689274 0.2798629 0.8863235 -0.3585255 0.2823409 0.8897995 -0.320679 0.2746444 0.9064962 -0.3075936 0.261401 0.9149075 -0.2827694 0.4113584 0.866502 -0.3115502 0.337244 0.888371 -0.339355 0.3995705 0.851576 -0.3692271 0.2022091 0.9070737 -0.3843913 0.07526168 0.9200972 -0.3775598 0.2063253 0.9027062 -0.3869858 0.07241602 0.9192377 -0.3700151 0.06790231 0.9265409 -0.3216485 0.201218 0.9252316 -0.3609644 0.204641 0.9098498 -0.3758002 0.1643461 0.9120113 -0.3179447 0.1783061 0.9311918 -0.3388784 0.06173315 0.9388027 -0.3289658 0.06425274 0.9421534 -0.3659722 0.110869 0.923998 -0.2687465 0.9576519 0.1033346 -0.355489 0.9311277 0.08141715 -0.241515 0.9676903 0.07242909 -0.3580107 0.9280699 0.1025402 -0.244406 0.9660807 0.08338963 -0.3538761 0.9292795 0.1058831 -0.2429799 0.9665518 0.08208749 -0.235705 0.9673893 0.09274136 -0.345149 0.9297652 0.1280969 -0.2387568 0.9671428 0.08735008 -0.2670513 0.9607347 0.07531606 -0.3542953 0.9285436 0.110822 -0.4678158 0.8776512 0.104292 -0.4697126 0.8736567 0.1268624 -0.5698981 0.8131235 0.1185174 -0.5740865 0.8070745 0.138041 -0.5691786 0.8138099 0.1172569 -0.5636019 0.8125529 0.1486963 -0.6872222 0.7142973 0.1323071 -0.6833811 0.7135328 0.154471 -0.4685698 0.8741233 0.1278695 -0.5744712 0.8053269 0.1463953 -0.4583905 0.8762304 0.148656 -0.2543701 0.9576693 0.1347792 -0.2322669 0.9671639 0.1031803 -0.3439054 0.9303879 0.126915 -0.5699465 0.8066429 0.1564871 -0.563306 0.8140802 0.1412791 -0.5549676 0.8137928 0.172488 -0.5561224 0.8131971 0.1715762 -0.6712757 0.7143049 0.1978821 -0.6717477 0.7134993 0.1991827 -0.8710426 0.4658779 0.1557003 -0.8656448 0.4723361 0.1660052 -0.7859403 0.600328 0.1480004 -0.2340952 0.9654204 0.1147299 -0.2321966 0.9663445 0.1107388 -0.3432135 0.9279782 0.1451236 -0.3392578 0.9285322 0.1507713 -0.8638778 0.4678062 0.1867416 -0.8521016 0.4806754 0.2070603 -0.2236902 0.9669276 0.1225299 -0.2585789 0.9597687 0.1094571 -0.229009 0.9664993 0.1159046 -0.3402911 0.9277278 0.1533721 -0.3267489 0.9294454 0.171366 -0.4517592 0.8769749 0.1637946 -0.5520848 0.8068485 0.210233 -0.5500354 0.8131606 0.1903441 -0.5399384 0.8126087 0.2193937 -0.549499 0.8138286 0.1890339 -0.665325 0.7135598 0.2194881 -0.6642436 0.7142795 0.2204203 -0.7744718 0.5997758 0.2011525 -0.8541619 0.4739207 0.214025 -0.7722803 0.5960337 0.2198338 -0.7695394 0.5982362 0.2234337 -0.8505313 0.4685277 0.2389104 -0.5511608 0.8051522 0.2189784 -0.4500991 0.8731322 0.1872192 -0.4356497 0.876115 0.206475 -0.4497773 0.8734939 0.1863033 -0.8440571 0.4688808 0.2602276 -0.7644035 0.5965982 0.2444541 -0.7641802 0.597551 0.2428197 -0.2195934 0.9667426 0.1311009 -0.2355286 0.9574732 0.1666477 -0.3262252 0.9302365 0.1680393 -0.5285203 0.813818 0.241592 -0.5297262 0.8132473 0.2408714 -0.6491887 0.7143142 0.2613604 -0.641203 0.7135952 0.2822067 -0.545448 0.8065906 0.2278118 -0.5409214 0.8140942 0.2113163 -0.8267084 0.4811335 0.2916566 -0.7556828 0.5992245 0.2643359 -0.834407 0.4723566 0.2839791 -0.2187754 0.9656217 0.1403994 -0.2197757 0.9651718 0.1419221 -0.3188009 0.9283083 0.1913365 -0.3236614 0.9270794 0.1891212 -0.3180572 0.9275711 0.1960905 -0.3051428 0.9287503 0.210501 -0.2094193 0.9664776 0.1485414 -0.2134082 0.9662447 0.1443197 -0.2401503 0.960619 0.139782 -0.8163098 0.4664166 0.3407256 -0.7358928 0.5995595 0.314627 -0.8268586 0.4684549 0.3112149 -0.8165945 0.4717378 0.3326212 -0.4279659 0.8770894 0.2180814 -0.4243393 0.8728697 0.2409035 -0.5213716 0.8132173 0.2585521 -0.5210172 0.8068266 0.2785177 -0.5073574 0.8126513 0.2866816 -0.6311744 0.7143253 0.302255 -0.5210256 0.8138531 0.2572461 -0.5194291 0.805069 0.2864566 -0.4079879 0.8754044 0.2592548 -0.4228351 0.8733889 0.2416659 -0.6222515 0.713222 0.3226727 -0.7161696 0.5971368 0.3612877 -0.6221907 0.7136562 0.3218285 -0.6105244 0.7148516 0.3409503 -0.2030801 0.9658444 0.1609449 -0.2027988 0.9602241 0.1919435 -0.4937315 0.8138519 0.3063892 -0.4949453 0.8133118 0.3058644 -0.6000585 0.7136582 0.3614164 -0.5125518 0.8063337 0.2951552 -0.5097237 0.8140952 0.2782638 -0.610633 0.7143333 0.341841 -0.2014095 0.9658732 0.1628592 -0.1995202 0.9653666 0.168104 -0.2965285 0.9266629 0.2310124 -0.2007895 0.9645816 0.1710725 -0.8362681 0.3377882 0.43192 -0.7949684 0.4686967 0.3851607 -0.780757 0.471617 0.4098732 -0.8509126 0.3343405 0.4051717 -0.7652514 0.4671653 0.4428847 -0.7661629 0.4714057 0.4367734 -0.6897039 0.5991641 0.4065844 -0.7043732 0.5991437 0.3806379 -0.7045221 0.5967304 0.3841374 -0.7805816 0.4685768 0.4136764 -0.5871111 0.7143216 0.380848 -0.4838139 0.8138614 0.3217976 -0.5758657 0.7136955 0.3987698 -0.5882536 0.713676 0.380295 -0.4807886 0.8058372 0.3456426 -0.4822846 0.8063855 0.3422631 -0.4674983 0.812794 0.3475793 -0.3980586 0.875589 0.2736663 -0.2301107 0.9588228 0.1664567 -0.3292826 0.898014 0.2917939 -0.2223211 0.9573067 0.1847626 -0.2082702 0.9594731 0.189829 -0.4625967 0.8138783 0.351577 -0.4524881 0.813389 0.3655858 -0.4513139 0.8138907 0.3659205 -0.5488799 0.7143574 0.4340787 -0.5488315 0.7136995 0.4352206 -0.2768409 0.9286733 0.24683 -0.1889134 0.9583606 0.2141418 -0.1832696 0.9658242 0.1832916 -0.6731148 0.6002152 0.4320395 -0.74831 0.4661742 0.4719256 -0.7401024 0.4722769 0.4787516 -0.268561 0.9266329 0.2631091 -0.1803509 0.9651969 0.1893899 -0.2631773 0.9272931 0.2662052 -0.18049 0.9642004 0.1942703 -0.7302932 0.4680227 0.497621 -0.7122958 0.4808055 0.5113323 -0.2071989 0.9574074 0.2010967 -0.2630507 0.926312 0.269723 -0.1762321 0.9651507 0.1934597 -0.2433413 0.9285945 0.2801736 -0.1680392 0.9658064 0.1974359 -0.5207412 0.7137737 0.4683542 -0.4395922 0.8139002 0.3799014 -0.5342435 0.7143453 0.4519897 -0.5353422 0.7137522 0.4516266 -0.3615122 0.8755037 0.3206277 -0.4198487 0.8128976 0.4036391 -0.4355681 0.8063679 0.4000641 -0.630002 0.5982962 0.4951153 -0.6429375 0.5997601 0.4763604 -0.7114373 0.4735952 0.519196 -0.6335045 0.5962641 0.4930935 -0.698007 0.4684634 0.5415979 -0.6983605 0.4689201 0.5407463 -0.350549 0.8723448 0.3407786 -0.3505461 0.8723304 0.3408182 -0.4307338 0.8048072 0.4083548 -0.3287475 0.8757721 0.3534804 -0.4895877 0.7143781 0.4999679 -0.4894121 0.7137899 0.5009788 -0.4227159 0.8064415 0.4134771 -0.4252902 0.814104 0.3954275 -0.4019314 0.8139297 0.4194874 -0.4030122 0.8134767 0.4193289 -0.6713318 0.47252 0.5709978 -0.6121672 0.6006125 0.5143112 -0.6816887 0.4657346 0.5642622 -0.2699586 0.8924447 0.361476 -0.2952749 0.8890972 0.3497412 -0.274378 0.9096887 0.3117421 -0.179569 0.9446457 0.2745897 -0.6600191 0.467841 0.5877921 -0.6397013 0.48065 0.5997981 -0.282539 0.8989413 0.3347778 -0.2578626 0.9078007 0.3307637 -0.1936043 0.9464798 0.2582507 -0.4738276 0.7138351 0.5156808 -0.4728135 0.7143723 0.5158679 -0.388988 0.8134722 0.4323787 -0.3891163 0.8139538 0.4313556 -0.5616001 0.5983071 0.5715189 -0.565693 0.596145 0.569739 -0.6381707 0.4742867 0.6064572 -0.5763432 0.5999767 0.5548481 -0.6231882 0.4686963 0.6260672 -0.311802 0.8572783 0.4096991 -0.3351012 0.8604948 0.3837394 -0.3874325 0.8003901 0.4574623 -0.3622907 0.8128254 0.4561361 -0.2520781 0.8919072 0.375444 -0.2671389 0.8899472 0.3696359 -0.1789209 0.9434173 0.2791972 -0.2705272 0.8936488 0.3580598 -0.5294132 0.5970679 0.6026869 -0.4399722 0.7153919 0.5428064 -0.4576105 0.7131057 0.5311052 -0.4581374 0.713904 0.5295765 -0.3734483 0.8140913 0.4447377 -0.3468297 0.8135663 0.4667108 -0.3458835 0.8139651 0.4667177 -0.4395176 0.714394 0.5444865 -0.4219039 0.7143961 0.5582432 -0.3744941 0.798421 0.4714639 -0.4216415 0.7138839 0.5590958 -0.6375764 0.3341369 0.6941534 -0.5944133 0.468214 0.6537955 -0.5714213 0.4723024 0.6711245 -0.6134235 0.3389127 0.7133371 -0.569207 0.4680869 0.6759424 -0.4876008 0.5997877 0.634429 -0.5100766 0.5963717 0.6198086 -0.5117403 0.5997643 0.615146 -0.5430357 0.4665435 0.6981757 -0.5473102 0.4719287 0.6911837 -0.4590022 0.5671048 0.6838925 -0.4248841 0.6754899 0.6026499 -0.3792382 0.6787044 0.6289187 -0.3444962 0.7682337 0.5395732 -0.3884071 0.6826602 0.6189629 -0.4009497 0.6751413 0.619212 -0.335772 0.7647101 0.5499778 -0.3273277 0.7682421 0.550146 -0.533542 0.3358527 0.7762319 -0.5188111 0.4505293 0.7265386 -0.5231609 0.328556 0.7863547 -0.4834313 0.4499298 0.7509044 -0.543568 0.328876 0.7722528 -0.4162988 0.579427 0.7006851 -0.4038791 0.5880358 0.7007821 -0.4875025 0.4637639 0.7397732 -0.4550985 0.4634042 0.7603565 -0.4559828 0.4648114 0.7589664 -0.4428976 0.5667022 0.6947592 -0.4461212 0.5797588 0.6818033 -0.3034224 0.675598 0.6719391 -0.360339 0.5531691 0.7511057 -0.3641329 0.5623852 0.7423815 -0.3576155 0.5529731 0.7525502 -0.3492276 0.6783004 0.6464894 -0.7847505 0.595725 0.1711094 -0.7780284 0.596814 0.1961755 -0.6813107 0.7150387 0.1566374 -0.6786926 0.7129038 0.1764783 -0.7809979 0.5991682 0.176181 -0.6767319 0.7142366 0.1786058 -0.7477614 0.5964327 0.2917547 -0.6491766 0.7143425 0.2613131 -0.7473695 0.5984573 0.2885962 -0.6579562 0.7135737 0.240637 -0.756009 0.5974436 0.2674164 -0.6579656 0.7135518 0.2406765 -0.3632426 0.8923671 0.2678353 -0.374198 0.8838157 0.2807947 -0.3863313 0.8834572 0.2650495 -0.3022823 0.9284003 0.2160978 -0.3044373 0.9295904 0.2077971 -0.2940409 0.9298734 0.2210779 -0.2849862 0.9296252 0.2336237 -0.2797702 0.9262668 0.2525044 -0.3914103 0.8733873 0.2898149 -0.3840829 0.8941913 0.2300047 -0.3642128 0.8826413 0.2971422 -0.5611178 0.7143097 0.4182208 -0.6581779 0.5991533 0.4558697 -0.6476514 0.5969909 0.4734441 -0.663073 0.5959769 0.4529301 -0.5634285 0.7131132 0.4171543 -0.5734433 0.7150434 0.3998446 -0.1456677 0.9591817 0.2423866 -0.1528977 0.9652986 0.2117095 -0.2244266 0.9403161 0.255809 -0.2231089 0.9393102 0.2606125 -0.1546119 0.9650021 0.2118162 -0.5180362 0.7152188 0.4691488 -0.6000089 0.5957625 0.5339067 -0.5941167 0.5993105 0.5365188 -0.5819915 0.5969729 0.5521859 -0.5061675 0.7130905 0.4850735 -0.5036263 0.7143341 0.4858881 -0.2037306 0.9458245 0.2528039 -0.1128684 0.9791404 0.1689521 -0.07152024 0.9781603 0.1951596 -0.1200483 0.9763016 0.1800659 -0.1933235 0.9470043 0.2565326 -0.1091536 0.9843445 0.1383891 -0.1902736 0.9423394 0.2753041 -0.01423645 0.9695845 0.2443425 0.00480508 0.9868827 0.1613676 -2.45792e-06 0.9951439 0.09843068 -0.01444438 0.9969091 0.07722361 -8.732618e-07 0.9993908 0.0349004 4.9077e-06 0.999391 0.03489489 -9.397772e-06 0.9993907 0.03490302 -8.906589e-06 0.9993907 0.0349028 1.556249e-06 0.9993908 0.03489953 -4.301631e-06 0.999391 0.03489833 3.154614e-06 0.9993908 0.03490027 -2.167393e-06 0.9993908 0.03489852 -2.757132e-08 0.9993909 0.03489942 2.176557e-06 0.9993908 0.03490059 1.055423e-07 0.9993909 0.03489918 2.061397e-06 0.9993908 0.03490091 -9.680429e-07 0.999391 0.03489738 -4.498013e-07 0.9993909 0.03489819 1.239989e-06 0.9993907 0.03490184 -7.961285e-08 0.9993909 0.03489732 6.937807e-07 0.9993908 0.03490213 1.722889e-08 0.999391 0.03489283 -2.901665e-07 0.9993908 0.03489924 1.105605e-07 0.9743704 0.2249499 -3.700292e-07 0.9743676 0.2249617 -4.044659e-07 0.8191491 0.5735806 -1.216155e-07 0.8191533 0.5735747 0 0.5446426 0.8386682 -2.700817e-07 0.5446369 0.8386719 0 0.1908125 0.9816266 0 0.1908125 0.9816266 -0.03650858 0.9737197 0.2248046 -0.1984729 0.3057956 0.9311808 -0.1589641 0.2939218 0.9425182 -0.148701 0.1383627 0.9791546 -0.1497488 0.1875548 0.9707721 -0.1376327 0.1396835 0.9805844 -0.134266 0.08460487 0.987327 -0.1087858 0.07945982 0.9908844 -0.1911506 0.05067362 0.9802518 -0.1152793 0.01496566 0.9932203 -0.1389674 0.04086427 0.9894536 -0.03849592 -0.02998238 0.9988089 -0.1504415 0.875204 0.4597665 -0.02380873 0.1567272 0.987355 -0.06754642 0.1407519 0.987738 -0.06254885 0.4935273 0.8674782 -0.03252099 0.05434871 0.9979923 -0.2075941 0.2983781 0.9315982 -0.2358889 0.2063396 0.9496212 -0.07422721 0.2756544 0.9583867 -0.01711469 0.8190333 0.5734907 0.07688219 0.9067094 0.4146892 -0.004610022 0.5446312 0.838663 0.1568868 0.403197 0.9015645 -0.02012203 0.528948 0.8484157 -0.04267295 0.1906387 0.9807323 -0.003212641 0.09814246 0.9951672 -0.006862012 0.2773844 0.9607345 0.0606809 0.2789435 0.9583884 -0.09062245 0.8771517 0.471585 -0.02569272 0.8993201 0.4365356 -0.05476495 0.3556954 0.932996 -0.1132652 0.9457355 0.3045577 0.004907081 0.9315891 0.36348 -0.03384276 0.3559472 0.933893 -0.02812424 0.3520978 0.9355406 -0.1337286 0.8057343 0.5769826 -0.08311461 0.8770699 0.4731176 -0.1658387 0.2837137 0.9444597 -0.03026368 0.54839 0.8356749 -0.2532254 0.8110364 0.5273488 -0.02820694 0.8543916 0.5188637 -0.1588333 0.532002 0.8317126 0.1953512 0.4082294 0.8917324 0.008882418 0.2454148 0.9693775 -0.1646571 0.5272725 0.8335897 -0.06344585 0.3060656 0.949894 -0.1838215 0.7871171 0.5887752 -0.1249936 0.8328514 0.5391986 -0.08767448 0.314255 0.9452814 -0.06419636 0.3050867 0.9501584 -0.1707841 0.7854009 0.5949607 -0.2749514 0.7474594 0.6047364 -0.2253353 0.8337286 0.5041037 -0.1474861 0.7599297 0.6330519 -0.0957404 -0.02983921 0.9949591 -0.04031226 0.1549592 0.987098 -0.02033673 0.3680671 0.9295768 -0.1683232 0.2636652 0.9498147 -0.04344974 0.6059297 0.7943307 -0.2464908 0.528202 0.8125546 -0.255836 0.7653923 0.5905274 -0.271246 0.7283167 0.6292698 0.03072119 0.09135371 0.9953445 -0.04798002 0.1541314 0.9868847 -0.1674436 0.3266765 0.9301856 -0.09849599 0.5307615 0.8417784 -0.1689978 0.6740898 0.7190568 -0.02131979 0.2569293 0.966195 -0.2286986 0.5118757 0.8280581 -0.09121523 0.2492655 0.9641299 -0.08845671 0.2476581 0.964801 -0.2612237 0.6297808 0.7315315 -0.236319 0.6624301 0.7108725 0.01058132 0.4167751 0.908948 -0.09241083 0.2188532 0.9713721 -0.3700992 0.3846259 0.8456297 -0.281128 0.599221 0.7496007 -0.2964618 0.5162953 0.803461 -0.2058821 0.2107588 0.9556115 -0.005400836 0.3700761 0.9289857 -0.1759563 0.4797339 0.8595899 -0.08624554 0.1274812 0.9880841 -0.234795 0.3194315 0.9180604 -0.2358811 0.2049677 0.9499202 -0.08817325 0.2240996 0.9705694 4.977637e-05 0.9469382 0.3214155 -0.0057315 0.9202127 0.3913767 -0.01737482 0.8881659 0.4591943 0 0.09137511 0.9958165 -1.645339e-05 0.2710759 0.962558 1.793444e-05 0.09141241 0.9958131 -3.575002e-05 0.4417196 0.8971532 3.155743e-05 0.2711725 0.9625308 -5.133161e-05 0.5976161 0.8017824 5.024563e-05 0.4418808 0.8970738 -6.700381e-05 0.7335461 0.6796396 6.797387e-05 0.5978161 0.8016334 -8.431246e-05 0.8449838 0.5347918 8.473978e-05 0.7337618 0.6794068 -0.0001021962 0.9281979 0.372087 9.958452e-05 0.8451896 0.5344667 0.0001191796 0.9283702 0.3716569 0 0 1 0 0 1 0 0 1 0 0 1 0 0 1 0 0 1 0 0 1 0 -0.1950949 0.9807844 0 -0.5555657 0.8314726 0 -0.1950949 0.9807844 0 -0.8314717 0.5555671 0 -0.5555657 0.8314726 0 -0.9807841 0.195096 0 -0.8314717 0.5555671 0 -0.9807841 0.195096 0 -1 0 0 -1 0 0 -1 0 0 -1 0 0 -0.9807853 0.1950902 0 -0.9807853 0.1950902 0 -0.8314717 0.5555671 0 -0.8314717 0.5555671 0 -0.5555657 0.8314726 0 -0.5555657 0.8314726 0 -0.1950949 0.9807844 0 -0.1950949 0.9807844 -0.8419627 -0.3865116 0.3764407 -0.8540596 -0.4025314 0.3294704 -0.8649989 -0.4145755 0.2826732 -0.7283014 -0.25234 0.6371041 -0.2924447 -0.7958397 0.530203 -0.0623119 -0.1776284 0.982123 -0.07252597 -0.1519091 0.9857299 -0.3880157 -0.4086489 0.8261052 -0.1058617 -0.9752741 0.1939939 -0.3434548 -0.8254597 0.4479457 -0.3054457 -0.7935154 0.5263423 0.08516306 -0.828451 0.5535488 -0.1512373 -0.2010728 0.9678311 -0.1242038 -0.550626 0.8254601 -0.056966 -0.7603512 0.6470092 -0.3874531 -0.6706452 0.6325466 -0.02653712 -0.1992819 0.9795828 -0.02219104 -0.5554289 0.8312679 -0.02141945 -0.1950501 0.9805593 0.05701006 -0.3160603 0.9470246 -0.1289281 -0.4729244 0.8716192 -0.01789839 -0.980627 0.1950648 -0.02639665 -0.9819917 0.1870708 -0.0448476 -0.9807401 0.190099 -0.02359629 -0.8312402 0.5554124 -0.04836809 -0.8484025 0.5271373 -0.07732981 -0.9818968 0.172913 -0.06201218 -0.98075 0.1851587 -0.1212836 -0.8491155 0.5140944 -0.1212848 -0.849116 0.5140935 -0.1677144 -0.8491774 0.500769 -0.1677186 -0.8491789 0.500765 -0.08615623 -0.9807945 0.1749831 -0.08963314 -0.194305 0.9768375 -0.08962891 -0.1943097 0.976837 -0.07607008 -0.5539559 0.8290635 -0.1060746 -0.5822517 0.8060591 -0.2671683 -0.1692121 0.9486772 -0.2252099 -0.1948686 0.9546239 -0.1866686 -0.5823209 0.7912378 -0.1866652 -0.5823194 0.7912397 -0.2338291 -0.8484032 0.4749064 -0.2338269 -0.8484004 0.4749124 -0.1215951 -0.9820638 0.144102 -0.1175071 -0.9804783 0.1576526 -0.2581608 -0.582423 0.7708024 -0.3114974 -0.1949148 0.9300418 -0.2581631 -0.582424 0.770801 -0.1383088 -0.9807289 0.137991 -0.3163489 -0.8484031 0.4244238 -0.3163484 -0.8484018 0.4244267 -0.2382003 -0.9654573 -0.1056065 -0.1502227 -0.9807589 0.1246797 -0.4333006 -0.1943091 0.8800537 -0.4333076 -0.1943012 0.8800521 -0.3594677 -0.5811589 0.730094 -0.3594711 -0.5811628 0.7300894 -0.3740057 -0.8490474 0.3731463 -0.3740028 -0.849044 0.373157 -0.4063025 -0.8492368 0.3372169 -0.4063034 -0.8492374 0.337214 -0.5862236 -0.1943062 0.786503 -0.5862217 -0.1943085 0.7865039 -0.4863331 -0.5811625 0.6524801 -0.4863307 -0.5811588 0.6524852 -0.7228627 -0.1700476 0.6697412 -0.5755684 -0.5822033 0.5742476 -0.5755619 -0.5821973 0.5742602 -0.6943551 -0.194813 0.6927617 -0.4257286 -0.8848968 0.1889783 -0.447291 -0.8484042 0.2830918 -0.6254653 -0.5825112 0.5191087 -0.7547209 -0.1949617 0.6264074 -0.6254586 -0.582507 0.5191216 -0.8912072 -0.4394825 0.1122722 -0.9105067 -0.1943091 0.3649951 -0.828881 -0.194309 0.5245953 -0.7431267 -0.5821872 0.3298799 -0.8288838 -0.1943048 0.5245926 -0.6876413 -0.5811555 0.4352101 -0.6876418 -0.5811608 0.4352019 -0.09137464 0 0.9958165 -0.09137464 0 0.9958165 -0.2710773 0 0.9625576 -0.2710773 0 0.9625576 -0.4417196 0 0.8971531 -0.4417196 0 0.8971531 -0.5976136 0 0.8017843 -0.5976136 0 0.8017843 -0.7335461 0 0.6796396 -0.7335461 0 0.6796396 -0.8449861 0 0.5347881 -0.8449861 0 0.5347881 -0.9281979 0 0.372087 -0.9281979 0 0.372087 -0.9129382 0.0001161839 0.4080979 -0.9505285 0 0.3106374 -0.9329912 -1.764697e-07 0.3598993 -0.9505326 -1.017027e-07 0.3106247 -0.9129273 -1.832931e-07 0.4081221 -0.9329842 -2.800184e-08 0.3599175 -0.9129176 0 0.4081439 -0.210594 0.8928949 0.3979809 -0.3087457 0.865307 0.3948669 -0.2705178 0.9210231 0.280244 -0.42962 0.7988077 0.4211092 -0.4282674 0.8386999 0.3364068 -0.5581116 0.7008472 0.4442123 -0.6466717 0.699558 0.3040304 -0.6649308 0.6180248 0.419419 -0.7465929 0.5377192 0.3917361 -0.7517408 0.6026933 0.2676688 -0.8877546 0.3204629 0.3304471 -0.8463992 0.2468107 0.4719035 -0.9154748 0.2188286 0.3376685 -0.9172808 0.0869884 0.3886245 -0.9478687 0.07477187 0.3097645 -0.9300575 0.07923901 0.3587677 -0.9099862 0.08035254 0.4067783 -0.07439465 0.8546546 0.5138395 -0.02094528 0.8881051 0.4591629 -0.03651722 0.919614 0.3911222 -0.0375826 0.9462693 0.3211885 -0.09396407 0.9535698 0.286139 -0.1102647 0.9249199 0.36382 -0.5460402 0.7622786 0.3475217 -0.5579439 0.7607004 0.3317128 -0.5461876 0.7710008 0.3274705 -0.7506399 0.3840598 0.5376223 -0.8684756 0.470749 0.1553883 -0.8290741 0.4686555 0.3049559 -0.8392661 0.3863122 0.3826163 -0.2707382 0.05000196 0.9613535 0.004253441 0.4417156 0.8971451 -0.06000594 0.2705874 0.9608235 -0.01487925 0.733465 0.6795644 -0.09617971 0.01705107 0.9952179 -0.09135712 0.01952392 0.9956268 -0.3038144 0.08665296 0.9487824 -0.291653 0.03223027 0.9559811 -0.4413639 0.04012203 0.8964308 -0.597562 0.01313302 0.8017151 -0.4501614 0.02644422 0.8925555 -0.2937801 0.09554358 0.951086 -0.09772775 0.03178314 0.9947056 -0.09399962 0.04046023 0.9947497 -0.08858889 0.04478193 0.9950611 -0.2822317 0.1214809 0.9516237 -0.2828236 0.1407833 0.9487839 -0.6266041 0.05593709 0.7773277 -0.4949806 0.1049523 0.8625423 -0.6778994 0.08229256 0.7305343 -0.6642343 0.1568034 0.7308937 -0.6723398 0.1917612 0.7149733 -0.4753813 0.1355867 0.8692692 -0.4927396 0.1163192 0.8623674 -0.08908671 0.04994208 0.994771 -0.2675146 0.1499689 0.9518115 -0.7310855 0.08183922 0.6773598 -0.8448708 0.01652419 0.5347151 -0.7476177 0.05000455 0.6622441 -0.6470105 0.2171858 0.7308951 -0.479964 0.1611124 0.8623673 -0.2528223 0.1787324 0.9508604 -0.08399823 0.05938242 0.9946949 -0.2522038 0.1900323 0.9488314 -0.9667645 0.09168107 0.2386649 -0.8817501 0.07219461 0.4661594 -0.9279962 0.02084813 0.3720059 -0.4631279 0.2045365 0.8623673 -0.6243149 0.2757233 0.7308951 -0.6258845 0.3115518 0.7149853 -0.4425499 0.2202915 0.8692648 -0.8106012 0.1476886 0.566669 -0.910367 0.1587074 0.3821571 -0.8796485 0.09303775 0.4664359 -0.07145227 0.0666066 0.9952177 -0.07242347 0.06665344 0.9951443 -0.2224063 0.2046871 0.9532254 -0.2134122 0.2330105 0.9487683 -0.5963522 0.3319016 0.7308934 -0.4423835 0.2462098 0.8623675 -0.9009842 0.2627278 0.345256 -0.8988172 0.2137552 0.38267 -0.7767975 0.221554 0.5894908 -0.8015269 0.1906178 0.5667623 -0.1982286 0.2360727 0.9513018 -0.06599933 0.07859935 0.9947193 -0.4179103 0.2857846 0.8623677 -0.3948243 0.2974952 0.8692585 -0.5583616 0.4207098 0.7150073 -0.5633621 0.3852505 0.7308936 -0.8758998 0.296891 0.3803358 -0.7812614 0.2648128 0.5652475 -0.04596327 0.08595652 0.9952381 -0.1673973 0.2679671 0.9487738 -0.1755273 0.2528065 0.9514614 -0.05846181 0.08420072 0.9947323 -0.525646 0.4353032 0.730895 -0.3899308 0.3229133 0.8623694 -0.8354582 0.4274565 0.3453846 -0.8432073 0.376667 0.3835666 -0.7518007 0.335835 0.5674598 -0.7231746 0.3599808 0.5894338 -0.4835375 0.481647 0.7308952 -0.3586941 0.3572917 0.8623695 -0.3339088 0.3645726 0.8692478 -0.4721715 0.5155249 0.7150443 -0.7189337 0.4053497 0.5646468 -0.8060172 0.4544493 0.3792259 -0.04555832 0.08772547 0.9951023 -0.1393666 0.2683592 0.9531843 -0.1157849 0.2935358 0.9489102 -0.7540525 0.5430919 0.3693997 -0.6464749 0.4871006 0.5871994 -0.6844628 0.4573103 0.5677834 -0.7678587 0.5130296 0.3836582 -0.3244785 0.3886294 0.8623694 -0.4374107 0.523889 0.7308982 -0.1067951 0.2913687 0.9506309 -0.03542757 0.09665694 0.994687 -0.7257839 0.5671325 0.3893564 -0.6442996 0.5034602 0.5756786 -0.2619375 0.4193057 0.8692362 -0.3876756 0.5616894 0.7308984 -0.2875841 0.4166703 0.8623695 -0.3703647 0.5928612 0.7150842 -0.6814831 0.6334094 0.3665696 -0.6837484 0.6283579 0.371018 -0.6083286 0.5590479 0.5633843 -0.01865188 0.09135922 0.9956433 -0.01574377 0.09551388 0.9953036 -0.02608287 0.09857579 0.9947877 -0.07840957 0.2963358 0.9518598 -0.02209434 0.2926267 0.9559715 -0.05983645 0.310391 0.9487239 -0.2483172 0.4411965 0.8623713 -0.3347436 0.5947542 0.7308995 -0.5815737 0.7303095 0.3583575 -0.5477952 0.5980923 0.5849838 -0.6260269 0.6750258 0.3904238 -0.5536763 0.5970123 0.5805332 -0.2070433 0.4620045 0.8623716 -0.1814251 0.4599458 0.8692151 -0.2564805 0.6502169 0.7151473 -0.2791045 0.6228046 0.7309002 -0.5078476 0.6527563 0.5621387 -0.5707886 0.7336568 0.3687113 -0.1641055 0.4789404 0.862372 -0.2212224 0.6456358 0.7309002 -0.4441137 0.8257565 0.3476914 -0.5006726 0.7730681 0.3894774 -0.4443189 0.6860546 0.5761161 -0.4289682 0.6866707 0.5869153 -0.1191076 0.4920921 0.8623566 -0.1605607 0.6633551 0.7308764 -0.1325303 0.6874399 0.7140462 -0.09345198 0.4847656 0.8696373 -0.4305345 0.8266076 0.3624361 -0.3826905 0.7347492 0.5600818 -0.001796827 0.5976151 0.8017811 -0.09754354 0.6755026 0.7308772 -0.07235956 0.5011002 0.8623587 -0.06912105 0.6785994 0.731249 -0.06408079 0.5019838 0.8624998 -0.3121011 0.874711 0.3707742 -0.3464824 0.853088 0.3901164 -0.3068843 0.7555921 0.5787076 -0.2974129 0.7539868 0.5857043 -0.2541218 0.7835423 0.5669953 -0.2850048 0.8787649 0.3828113 -0.2103714 0.7969777 0.5661894 -0.2133976 0.9047819 0.3685529 -0.1533264 0.7953103 0.5864918 -0.2359019 0.8936983 0.3816459 -0.08089319 0.9293105 0.3603306 -0.07154612 0.9258192 0.3711334 -0.05004534 0.8439251 0.5341218 -0.166657 0.9052725 0.3907775 -0.1474376 0.8008741 0.5803989 -0.06792713 0.8264934 0.5588332 1.926565e-06 -0.9993909 -0.03489982 1.143164e-06 -0.9993908 -0.03489973 -1.811697e-06 -0.9993908 -0.03489918 -1.983999e-06 -0.9993909 -0.03489913 1.254137e-06 -0.9993908 -0.03490055 1.248166e-06 -0.9993908 -0.03490053 -1.210076e-07 -0.9993908 -0.03489904 -3.141054e-07 -0.9993909 -0.03489866 0 -0.9993908 -0.03490011 1.492788e-05 -0.9993908 -0.03489971 -1.454501e-06 -0.9993908 -0.03489947 -4.980931e-06 -0.9993908 -0.03489934 0 -0.9822884 -0.1873752 0.000859911 -0.9804267 -0.1968823 -0.0007690225 -0.8796472 -0.4756262 0.001487749 -0.8654082 -0.5010654 -0.002941832 -0.6946586 -0.7193335 -0.0008162244 -0.7325899 -0.6806698 -0.001933142 -0.4446301 -0.8957121 0.004241417 -0.5444881 -0.8387578 -0 -0.1529768 -0.9882298 0.002653493 -0.1930551 -0.9811844 -0.1727571 0.4750583 -0.8628294 -0.7071125 0.06732357 -0.7038888 -0.3710911 0.09827118 -0.923382 -0.749626 0.007347526 -0.6618208 -0.7417123 0.01934426 -0.6704392 -0.5939324 -0.04983979 -0.8029697 -0.5576946 -0.1315662 -0.819553 -0.5749477 0.03093157 -0.8176053 -0.1670385 0.5975867 -0.7842119 -0.3988708 0.1699703 -0.9011173 -0.6735674 0.1396405 -0.725815 -0.6730818 0.1344294 -0.727248 -0.5161041 0.3992206 -0.757799 -0.6707618 0.1324346 -0.7297531 -0.5149063 0.3808332 -0.7680089 -0.5639719 0.3488885 -0.7484735 -0.6355244 0.1084416 -0.7644274 -0.6723016 0.1146125 -0.7313512 -0.4942437 0.3211367 -0.8078331 -0.4892124 0.3784415 -0.785782 -0.1251365 0.1718556 -0.977142 -0.2007374 0.18784 -0.9614679 -0.3520806 0.0698195 -0.9333619 -0.1010958 0.3864394 -0.9167574 -0.5845332 0.04072524 -0.8103471 -0.2515224 0.1814835 -0.9506841 -0.3236795 0.3373338 -0.8839895 -0.6684943 0.0801075 -0.7393903 -0.4744447 0.203069 -0.8565427 -0.7020904 0.1059192 -0.7041664 -0.5918548 0.2624559 -0.7621186 -0.4760444 0.1948811 -0.8575565 -0.05880685 0.6271855 -0.7766467 -0.07968069 0.7319342 -0.6767002 -0.2981661 0.6379556 -0.7100068 -0.3033974 0.6991214 -0.6474407 -0.1657759 0.9480709 -0.2714401 -0.6642214 0.1767913 -0.7263296 -0.3846046 0.780198 -0.4933258 -0.3481708 0.8809378 -0.3205084 -0.3715748 0.8080861 -0.4570877 -0.1735518 0.8004017 -0.5737917 -0.2341924 0.8843113 -0.4039153 -0.5698898 0.5110106 -0.6435012 -0.6621684 0.1886244 -0.7252267 -0.5839746 0.5921832 -0.5552412 -0.6698654 0.1846741 -0.7191494 -0.6719853 0.144914 -0.7262477 -0.7315096 0.3590082 -0.579661 -0.6412413 0.1736398 -0.7474349 -0.4252388 0.6242037 -0.6553944 -0.3914797 0.636682 -0.6643641 -0.5749794 0.4534343 -0.6810257 -0.5615453 0.4162695 -0.715113 -0.3914956 0.560865 -0.729494 -0.005418562 0.1327273 -0.9911379 -0.1327768 0.005343116 -0.9911315 -0.1512408 -0.008005837 -0.9884645 -0.132167 0.01282092 -0.9911445 -0.130237 0.01609921 -0.9913521 -0.4398775 -0.005184203 -0.8980429 -0.3879605 0.0279192 -0.921253 -0.1315531 0.01828285 -0.9911405 -0.3871681 0.03755858 -0.9212438 -0.3871688 0.03755749 -0.9212436 -0.6161243 0.04420481 -0.7864075 -0.6883206 0.000298003 -0.7254065 -0.3853588 0.05355532 -0.9212114 -0.3853582 0.05355592 -0.9212117 -0.1286723 0.02685595 -0.9913235 -0.1303332 0.0256366 -0.9911388 -0.6148462 0.05964534 -0.7863883 -0.6148462 0.05964527 -0.7863883 -0.1291127 0.03099539 -0.9911454 -0.8737367 0.006774902 -0.486352 -0.8010417 0.05466148 -0.5961077 -0.6119397 0.08504409 -0.7863188 -0.6119394 0.0850444 -0.786319 -0.3817798 0.07509629 -0.9211975 -0.3817789 0.0750969 -0.9211977 -0.7991598 0.07752533 -0.5960985 -0.7991595 0.07752581 -0.5960987 -0.9813603 0.0536836 -0.1845262 -0.9784514 0.03987927 -0.2025894 -0.9080169 0.03701574 -0.4172952 -0.3782248 0.09079836 -0.9212502 -0.3782237 0.0907999 -0.9212503 -0.9741593 0.09450269 -0.2051414 -0.9044113 0.08773618 -0.4175434 -0.9044112 0.08773647 -0.4175437 -0.1273913 0.03781209 -0.9911316 -0.1273908 0.03781226 -0.9911316 -0.7953351 0.1105314 -0.5960075 -0.7953331 0.1105339 -0.5960096 -0.6062431 0.1192496 -0.786288 -0.6062415 0.1192509 -0.786289 -0.6006498 0.1441957 -0.7864016 -0.6006488 0.1441973 -0.786402 -0.9000418 0.1250861 -0.4174664 -0.9698864 0.1634948 -0.1805267 -0.9000432 0.1250847 -0.4174639 -0.9694247 0.134727 -0.2050959 -0.373141 0.110756 -0.9211401 -0.3731414 0.1107558 -0.9211398 -0.787907 0.1549854 -0.5959717 -0.7879094 0.1549829 -0.5959691 -0.12318 0.04796283 -0.9912246 -0.1240226 0.04765059 -0.9911346 -0.7807148 0.1874232 -0.5961182 -0.7807163 0.1874203 -0.5961171 -0.8916228 0.1753834 -0.417432 -0.9599051 0.1888146 -0.2071985 -0.8916227 0.1753835 -0.4174321 -0.5924691 0.1758555 -0.7861649 -0.5924675 0.1758562 -0.7861659 -0.9436325 0.2705741 -0.19065 -0.8835481 0.2121063 -0.4175567 -0.8835432 0.2121144 -0.4175629 -0.9512544 0.22837 -0.2072735 -0.3632825 0.1395766 -0.9211646 -0.3632829 0.1395765 -0.9211644 -0.1186793 0.05792716 -0.9912415 -0.1205667 0.05737185 -0.991046 -0.7699241 0.2285274 -0.595812 -0.7699217 0.228529 -0.5958147 -0.5768377 0.2216271 -0.7862187 -0.5768382 0.2216268 -0.7862183 -0.9384241 0.2785406 -0.2043901 -0.8712093 0.2585901 -0.4172836 -0.8712051 0.2585921 -0.4172911 -0.3514563 0.1672415 -0.9211454 -0.351457 0.1672413 -0.9211451 -0.1141906 0.06796151 -0.9911315 -0.1153608 0.06781036 -0.9910063 -0.7496475 0.2880218 -0.5958793 -0.7496469 0.2880222 -0.5958799 -0.5580418 0.2655458 -0.7861774 -0.5580418 0.2655458 -0.7861773 -0.8831259 0.4193502 -0.2103189 -0.9118251 0.3525986 -0.210355 -0.8482878 0.3259208 -0.4173529 -0.9121024 0.3504391 -0.2127476 -0.8482885 0.3259206 -0.4173518 -0.3356238 0.1972819 -0.9211062 -0.3356217 0.1972821 -0.9211069 -0.7251925 0.3450851 -0.595829 -0.7251942 0.3450843 -0.5958275 -0.316871 0.2260375 -0.9211405 -0.1081807 0.07716991 -0.9911315 -0.1081807 0.07716991 -0.9911315 -0.1038904 0.08268943 -0.9911455 -0.1003494 0.08493494 -0.9913204 -0.8205982 0.3904825 -0.4173033 -0.8825672 0.4199711 -0.2114223 -0.8205974 0.3904827 -0.4173046 -0.5328676 0.3132232 -0.7860937 -0.5328684 0.313223 -0.7860932 -0.316871 0.2260377 -0.9211404 -0.3043375 0.2422311 -0.9212507 -0.3043344 0.2422331 -0.9212512 -0.2941532 0.254699 -0.9211962 -0.1004192 0.08695018 -0.9911386 -0.6924274 0.4070133 -0.5957218 -0.6924282 0.4070131 -0.5957211 -0.5031267 0.3589017 -0.7861635 -0.5031225 0.3589022 -0.786166 -0.09583777 0.09193057 -0.9911427 -0.09272277 0.09268083 -0.9913691 -0.8426177 0.4952978 -0.2113656 -0.783484 0.4605369 -0.4172033 -0.8424124 0.4963077 -0.2098096 -0.7834818 0.4605372 -0.4172071 -0.4833084 0.3846864 -0.7864028 -0.483313 0.3846833 -0.7864016 -0.2941533 0.2547013 -0.9211955 -0.09195197 0.09581635 -0.9911428 -0.6538162 0.4663994 -0.5958153 -0.6282009 0.5000039 -0.5961204 -0.6538181 0.466399 -0.5958136 -0.2807425 0.2692969 -0.921229 -0.2807441 0.2692965 -0.9212286 -0.6282029 0.5 -0.5961218 -0.4670962 0.4044459 -0.7862853 -0.4670933 0.4044465 -0.7862869 -0.4458247 0.4276459 -0.7863582 -0.7398265 0.5277528 -0.4172935 -0.7398311 0.5277522 -0.4172857 -0.7907375 0.5792819 -0.1979059 -0.7950953 0.5671744 -0.2147947 -0.2693596 0.2806803 -0.9212296 -0.2693601 0.2806802 -0.9212295 -0.7109337 0.565872 -0.4175669 -0.7109504 0.5658606 -0.4175539 -0.7644098 0.6084367 -0.2132661 -0.4458258 0.4276415 -0.78636 -0.08589647 0.1013908 -0.9911314 -0.08589472 0.1013904 -0.9911317 -0.607062 0.5256385 -0.5959698 -0.6070594 0.5256392 -0.5959717 -0.427746 0.4457233 -0.7863614 -0.4277454 0.4457235 -0.7863616 -0.7284713 0.6576105 -0.1920366 -0.7386058 0.6395412 -0.2131866 -0.6869732 0.5948348 -0.4174198 -0.6869741 0.5948346 -0.4174185 -0.579452 0.5558292 -0.5960615 -0.5794607 0.5558257 -0.5960563 -0.5559615 0.5793285 -0.5960581 -0.655759 0.6290253 -0.4175012 -0.2515996 0.2969841 -0.9211396 -0.2515997 0.2969842 -0.9211395 -0.07721914 0.1081452 -0.9911317 -0.07721794 0.1081449 -0.9911317 -0.7050335 0.6762804 -0.2134772 -0.655761 0.6290174 -0.41751 -0.5559611 0.5793295 -0.5960575 -0.3994817 0.4715447 -0.7861679 -0.3994845 0.4715451 -0.7861663 -0.6482003 0.7394711 -0.1817107 -0.6764457 0.7048746 -0.2134782 -0.6291707 0.6556128 -0.4175118 -0.629168 0.6556135 -0.4175148 -0.06720638 0.1128047 -0.9913418 -0.06952582 0.1131726 -0.9911398 -0.2261837 0.3167694 -0.9211395 -0.2261799 0.3167683 -0.9211409 -0.06476285 0.1159196 -0.991145 -0.5191361 0.6127837 -0.5958135 -0.5191406 0.6127838 -0.5958096 -0.203656 0.3315162 -0.9212064 -0.2036624 0.3315171 -0.9212047 -0.3591279 0.5029609 -0.7861663 -0.3233996 0.5264376 -0.7863053 -0.3591311 0.5029616 -0.7861644 -0.5874323 0.693394 -0.4172866 -0.6323225 0.7463858 -0.2075487 -0.5874287 0.6933935 -0.4172925 -0.1897189 0.3395777 -0.9212458 -0.189718 0.3395778 -0.9212458 -0.05834271 0.1193915 -0.9911315 -0.05834216 0.1193913 -0.9911317 -0.1708916 0.3497122 -0.9211392 -0.3234019 0.5264319 -0.7863083 -0.4666919 0.6536093 -0.5958134 -0.4666953 0.6536096 -0.5958104 -0.5280859 0.7395926 -0.4172865 -0.04777567 0.1225351 -0.9913136 -0.05201686 0.1221667 -0.9911456 -0.3012832 0.5392668 -0.7863967 -0.3012829 0.5392668 -0.7863967 -0.5280867 0.7395859 -0.4172975 -0.5671669 0.7943176 -0.2176725 -0.5461634 0.8188078 -0.1768028 -0.1708919 0.3497111 -0.9211396 -0.4203221 0.6841981 -0.5959886 -0.4203188 0.6841981 -0.5959909 -0.1523803 0.3578799 -0.9212503 -0.1523736 0.3578805 -0.9212512 -0.04693716 0.1242665 -0.9911381 -0.3916117 0.7009302 -0.5961016 -0.3916036 0.700932 -0.5961047 -0.4756486 0.7742646 -0.41746 -0.5115407 0.8326899 -0.2120226 -0.4756487 0.7742645 -0.4174598 -0.4431852 0.7932397 -0.4175616 -0.2713363 0.5552636 -0.7861673 -0.2713389 0.5552647 -0.7861657 -0.2419806 0.5683408 -0.7864059 -0.433213 0.8815256 -0.187721 -0.4766342 0.853136 -0.2120822 -0.4431767 0.7932498 -0.4175515 -0.2419815 0.56834 -0.786406 -0.1374966 0.3640051 -0.9211922 -0.1374884 0.3640017 -0.9211947 -0.0378691 0.1273733 -0.9911317 -0.03787116 0.1273748 -0.9911314 -0.1109265 0.3730871 -0.9211413 -0.3526086 0.7215794 -0.5958108 -0.3526084 0.7215793 -0.5958109 -0.3145241 0.7387204 -0.5961264 -0.3145506 0.7387157 -0.5961183 -0.2183285 0.5780097 -0.7862808 -0.2183338 0.5780116 -0.7862779 -0.4309118 0.8818154 -0.191616 -0.398995 0.816501 -0.4172878 -0.3989925 0.8164999 -0.4172922 -0.1109252 0.3730904 -0.9211401 -0.3830127 0.8995034 -0.2102262 -0.3559802 0.8360121 -0.4175668 -0.3559779 0.8360124 -0.4175681 -0.02720993 0.1300694 -0.9911315 -0.02720851 0.1300682 -0.9911316 -0.2837429 0.7512088 -0.5959659 -0.2837507 0.7512105 -0.59596 -0.1761261 0.5923912 -0.786163 -0.1761266 0.5923914 -0.7861627 -0.3210919 0.8500901 -0.417429 -0.3374775 0.9197425 -0.2004559 -0.3454626 0.9146015 -0.2101422 -0.3210959 0.8500915 -0.417423 -0.07969747 0.3809845 -0.9211401 -0.0796967 0.3809838 -0.9211405 -0.01636248 0.1318733 -0.9911315 -0.005455385 0.1327704 -0.9911318 -0.01590524 0.3888404 -0.9211679 -0.0163629 0.1318737 -0.9911314 -0.2288784 0.7698207 -0.5958109 -0.2288766 0.76982 -0.5958127 -0.1265485 0.6049245 -0.7861628 -0.1265421 0.6049197 -0.7861674 -0.2589833 0.8710828 -0.4173036 -0.2623223 0.944321 -0.1986072 -0.2589866 0.871085 -0.4172972 -0.2781292 0.9354699 -0.2180369 -0.04792799 0.3862683 -0.9211405 -0.04792823 0.3862685 -0.9211404 -0.01595582 0.3888988 -0.9211423 -0.02528641 0.617447 -0.786206 -0.1644469 0.7861086 -0.5958108 -0.1644523 0.7861117 -0.5958052 -0.07609276 0.6133114 -0.7861673 -0.03288811 0.8024669 -0.5957896 -0.07610022 0.6133179 -0.7861614 -0.02533416 0.6174964 -0.7861656 -0.1860757 0.889513 -0.417304 -0.199903 0.9556128 -0.2164321 -0.1834918 0.9630297 -0.1972422 -0.1860787 0.8895151 -0.417298 -0.09888386 0.7970087 -0.595818 -0.03286013 0.802444 -0.5958219 -0.09889553 0.7970167 -0.5958053 -0.01074917 0.9373986 -0.3480924 -0.1572323 0.953813 -0.2559666 -0.03717102 0.9080145 -0.4172865 -0.1202593 0.9692442 -0.2147171 -0.1118979 0.9018543 -0.4172981 -0.1119047 0.9018604 -0.4172831 -0.1876461 0.9793078 -0.07579654 -0.2180484 0.9741486 -0.059072 -0.2735149 0.9595545 -0.06666915 -0.321515 0.9446723 -0.06497964 -0.2679222 0.9609036 -0.06987112 -0.3781242 0.9234196 -0.06571338 -0.3443788 0.9361568 -0.07080772 -0.4302756 0.8994954 -0.07596733 -0.4958443 0.8659092 -0.06587612 -0.4399933 0.8941635 -0.0829302 -0.5517576 0.8295591 -0.08599608 -0.5529788 0.8285514 -0.08784603 -0.6152846 0.7854972 -0.06647545 -0.6559338 0.748171 -0.09995522 -0.6886089 0.7233356 -0.05102399 -0.7390209 0.667237 -0.09296677 -0.7615969 0.6455233 -0.05718316 -0.8208802 0.5681933 -0.05755188 -0.8032132 0.5887275 -0.09082182 -0.8711591 0.4875052 -0.05848414 -0.8581109 0.5061013 -0.08664376 -0.9093722 0.4115979 -0.06024417 -0.9001298 0.4281571 -0.08029852 -0.929758 0.3604239 -0.07513245 -0.9482338 0.3160059 -0.03151005 -0.95731 0.2752778 -0.08820259 -0.9809476 0.1915218 -0.03257198 -0.9831504 0.1666641 -0.0750891 -0.9972209 0.06406064 -0.0380356 -0.9969111 0.05583503 -0.05523338 -0.2824345 0.9440113 -0.1705091 -0.6572089 0.1774503 -0.7325215 -0.3728637 0.8996079 -0.2273285 -0.2796211 0.9239342 -0.2610702 -0.6437066 0.204827 -0.7373518 -0.4159445 0.889982 -0.1868745 -0.2651894 0.8440405 -0.4661225 -0.3403835 0.9291199 -0.1444829 -0.4314072 0.8949417 -0.1138735 -0.3396265 0.9196626 -0.1971663 -0.4235202 0.8266805 -0.3704456 -0.5144743 0.7824582 -0.3508209 -0.4983002 0.7454228 -0.4427662 -0.4010722 0.3680004 -0.8388783 -0.6194319 0.1541496 -0.7697676 -0.5935121 0.5997164 -0.5367342 -0.6001706 0.6061577 -0.5218889 -0.6104258 0.595033 -0.5227963 -0.5933343 0.4501045 -0.6673532 -0.6285483 0.09918792 -0.77142 -0.720047 0.1300217 -0.6816353 -0.6096241 0.3481822 -0.7121289 -0.6092011 0.1491003 -0.778873 -0.6449309 0.3669717 -0.6703699 -0.3685403 0.7799495 -0.5058228 -0.6366495 0.504334 -0.5833735 -0.72642 0.2414603 -0.6434367 -0.495932 0.6223236 -0.605611 -0.5584134 0.6956025 -0.4520084 -0.5662636 0.3074767 -0.7647245 -0.7627544 0.2603029 -0.5919865 -0.4197212 0.3471856 -0.8386276 -0.9491339 -0.02477145 -0.313897 -0.6869184 0.271826 -0.6739835 -0.1447748 0.475201 -0.8678849 -0.8083975 0.2995537 -0.5067158 -0.4488786 0.527828 -0.7210448 -0.410152 0.5063204 -0.7585611 -0.4078959 0.5071149 -0.7592466 -0.4599522 0.5692915 -0.6814331 -0.4896147 0.5944777 -0.6378666 -0.01439663 0.6674548 -0.7445111 -0.2923656 0.6507736 -0.7007253 -0.258359 0.633166 -0.7296242 -0.5020298 0.6596673 -0.55929 -0.4876613 0.6365978 -0.597436 -0.09293067 0.7459756 -0.6594576 -0.2906708 0.6721608 -0.6809629 -0.2713817 0.6550906 -0.70513 -0.5139121 0.6966302 -0.5006004 -0.3150203 0.9320093 -0.1792229 -0.7889196 -0.2370768 0.5669218 -0.1013578 0.7597647 -0.6422494 -0.3081899 0.7147022 -0.6278692 -0.295998 0.6953712 -0.6548619 -0.578403 0.7367792 -0.350152 -0.5908277 0.7378533 -0.3263359 -0.1046197 0.7743551 -0.6240425 -0.3100192 0.7585821 -0.5730981 -0.3055663 0.7380458 -0.6015961 -0.4499248 0.832925 -0.3221856 -0.1025502 0.7891501 -0.6055786 -0.2960294 0.8016314 -0.5193782 -0.2995453 0.7810966 -0.5478692 -0.1275087 0.9324611 -0.3380201 -0.3456942 0.8999239 -0.2657681 -0.3549759 0.8926037 -0.2779399 -0.09529278 0.8031531 -0.5881023 -0.2669939 0.8415959 -0.4695003 -0.2783011 0.8220827 -0.4967178 -0.03355835 0.8466113 -0.5311527 -0.08313547 0.8158485 -0.5722586 -0.229152 0.8741164 -0.4282638 -0.2243394 0.8764859 -0.4259627 -0.2428361 0.8591111 -0.4505095 -0.3087554 0.9347106 -0.1760294 -0.1861849 0.9107582 -0.3685847 -0.3135194 0.9320404 -0.1816765 -0.4904757 0.8678524 -0.07915768 -0.5428156 0.8323286 -0.1121618 -0.1091477 0.5245944 -0.8443267 -0.5766928 0.7916292 -0.2018631 -0.342789 0.7945296 -0.501217 -0.5346751 0.8352194 -0.1285734 -0.500348 0.7712727 -0.3934339 -0.1177824 0.3492623 -0.929593 -0.2655801 -0.01775825 -0.9639252 -0.300311 0.4512816 -0.8403322 -0.2188674 0.3260565 -0.9196653 -0.6381558 0.7088165 -0.3005601 -0.5400453 0.5986274 -0.5916049 -0.7041694 0.6616196 -0.2576917 -0.5807312 0.7891977 -0.1997954 -0.5355153 0.6384162 -0.5528545 -0.372093 0.6567817 -0.6558846 -0.5945227 0.4341856 -0.6767759 -0.03999356 0.8021243 -0.5958163 -0.1017387 0.8183238 -0.5656814 -0.1745049 0.913605 -0.3672518 -0.0142941 0.8408186 -0.5411282 -0.2375232 0.9483193 -0.2104121 -0.2317194 0.8458292 -0.4804987 -0.328839 0.9059659 -0.2666286 -0.3431832 0.8935066 -0.2896052 -0.1070239 0.7826924 -0.6131383 -0.04830098 0.5520177 -0.8324322 -0.04879345 0.5506787 -0.83329 -0.2513833 0.6091529 -0.7521564 -0.2499945 0.6124836 -0.7499111 -0.4393546 0.8669966 -0.2351265 -0.2555409 0.9197664 -0.2978735 -0.4673733 0.833305 -0.2952373 -0.04018672 0.6844094 -0.7279895 -0.02678404 0.7151473 -0.6984605 -0.2149673 0.7398418 -0.6375134 -0.3766595 0.7471868 -0.5475761 -0.1470394 0.8556219 -0.4962767 1.410819e-07 0.1138778 -0.9934948 3.929703e-05 0.293951 -0.9558205 -7.903572e-05 0.1193554 -0.9928516 0.0002574461 0.4449906 -0.8955352 -0.0003870716 0.3459755 -0.9382434 0.0001580752 0.5986402 -0.801018 -0.0002875304 0.5457053 -0.8379771 0 0.7259259 -0.6877729 -0.0002157242 0.7083139 -0.7058975 7.962386e-07 0.8313813 -0.5557024 0 0.8313313 -0.5557773 -1.777012e-07 0.9135771 -0.4066655 -2.469186e-07 0.965489 -0.2604437 -6.881011e-07 0.9135541 -0.4067172 6.561555e-07 0.9925272 -0.1220234 -5.098507e-07 0.9654976 -0.2604122 9.515312e-08 0.9925355 -0.1219565 -0.02597759 0.977253 -0.2104795 -0.08020033 0.7094258 -0.700202 -0.1943783 0.8749135 -0.4435578 -0.3266467 0.6902276 -0.6456684 -0.2028786 0.9152456 -0.3480887 -0.4228655 0.613352 -0.6670713 -0.0933223 0.7743298 -0.6258628 -0.1818513 0.8589389 -0.4787005 -0.5033584 0.1417875 -0.8523654 -0.5132273 0.1438135 -0.8461178 -0.4630639 0.1827064 -0.867289 -0.2969326 0.5686979 -0.7670813 -0.3717114 0.3188562 -0.8718722 -0.2004226 0.776565 -0.5973087 -0.07669404 0.6444734 -0.7607707 -0.5370666 0.08769968 -0.8389685 -0.4978277 0.1055777 -0.8608257 -0.5744463 0.0123857 -0.8184486 -0.5580053 0.1274913 -0.8199854 -0.3532755 0.2703481 -0.895605 -0.03570609 0.9298285 -0.3662566 -0.2453655 0.8578717 -0.4514997 -0.2186889 0.8371587 -0.5013387 0.005577385 0.8975534 -0.4408705 -0.2856977 0.6634956 -0.6914842 -0.2193506 0.5867981 -0.7794571 -0.4406669 0.4532596 -0.7748344 -0.4956604 0.05954192 -0.866473 -0.5189536 0.4416585 -0.731864 -0.4476025 0.1510511 -0.8813828 -0.5366099 0.2166369 -0.8155478 -0.3877898 0.3216378 -0.8638102 -0.4710027 0.3569769 -0.8066746 -0.3078659 0.5739468 -0.7588173 -0.3499666 0.6325196 -0.6909721 -0.4022831 0.402912 -0.822089 -0.5554006 0.3641211 -0.747627 -0.5767053 0.2059312 -0.7905715 -0.3357976 0.4707693 -0.815853 -0.4725321 0.1799112 -0.8627545 -0.4354005 0.2990932 -0.8490994 -0.3751045 0.5425509 -0.7516217 -0.4571977 0.1513685 -0.876389 0.4572029 0.15136 -0.8763878 -0.06994545 0.9801966 -0.1852627 -0.07084357 0.9799963 -0.1859797 -0.2059649 0.8754321 -0.4372607 -0.205955 0.8754382 -0.4372535 -0.3220559 0.6900585 -0.6481506 -0.3220621 0.6900522 -0.6481543 -0.06310453 0.9801795 -0.1877919 -0.06549899 0.9796644 -0.1896514 -0.4201832 0.1507872 -0.8948236 -0.4084125 0.4410127 -0.7991916 -0.4084054 0.4410234 -0.7991893 -0.457022 0.1517514 -0.8764145 -0.06135345 0.9797657 -0.1905128 -0.1892924 0.8750018 -0.4455784 -0.189297 0.874999 -0.4455821 -0.1783782 0.8747767 -0.4504964 -0.1783757 0.8747773 -0.4504961 -0.2959929 0.6893761 -0.6611724 -0.2959974 0.6893713 -0.6611753 -0.05629927 0.9801188 -0.1902566 -0.05840701 0.9796965 -0.1917901 -0.2789392 0.6890373 -0.668895 -0.2789356 0.6890388 -0.6688949 -0.4200123 0.1511605 -0.8948408 -0.3753637 0.4401474 -0.8157036 -0.3753546 0.4401614 -0.8157003 -0.1698312 0.8745663 -0.454193 -0.1698246 0.8745698 -0.4541887 -0.05500988 0.9796264 -0.1931474 -0.3958508 0.1506209 -0.9058783 -0.3832098 0.1400229 -0.9129863 -0.3537565 0.4397221 -0.8255307 -0.3537463 0.4397279 -0.8255319 -0.2655703 0.6887037 -0.6746551 -0.2655701 0.6887039 -0.674655 -0.1599422 0.8743739 -0.4581363 -0.1599372 0.8743758 -0.4581345 -0.04950108 0.9800153 -0.1926651 -0.05201154 0.9795664 -0.1942794 -0.3367765 0.4393106 -0.8328191 -0.3768168 0.1505892 -0.9139649 -0.3367864 0.4392983 -0.8328216 -0.2501085 0.6884047 -0.6808411 -0.2501113 0.688403 -0.6808419 -0.1512322 0.874193 -0.4614277 -0.151226 0.8741959 -0.4614241 -0.04855822 0.9795032 -0.1954882 -0.3448119 0.1375486 -0.9285393 -0.3171775 0.4389132 -0.8406864 -0.3548902 0.1501415 -0.9227733 -0.3171858 0.4389062 -0.8406869 -0.2364871 0.6881229 -0.6859744 -0.2364756 0.6881317 -0.6859694 -0.1411841 0.8740096 -0.4649455 -0.1411862 0.8740086 -0.4649467 -0.04268713 0.9798703 -0.1950177 -0.04551404 0.9794523 -0.1964732 -0.335548 0.1500863 -0.9299901 -0.2999161 0.4385538 -0.8471841 -0.2999038 0.4385669 -0.8471817 -0.2207717 0.6878436 -0.6914702 -0.2207786 0.6878382 -0.6914734 -0.2799807 0.4382014 -0.8541605 -0.1323202 0.8738647 -0.4678161 -0.1323302 0.8738607 -0.4678208 -0.04200556 0.9793945 -0.1975398 -0.1221367 0.8736862 -0.4709088 -0.3057063 0.1371718 -0.9421929 -0.3132492 0.1496769 -0.9378016 -0.2799817 0.4382032 -0.8541594 -0.2069196 0.6876135 -0.6959684 -0.2069173 0.6876149 -0.6959676 -0.03583205 0.9796802 -0.1973394 -0.03891623 0.9793527 -0.1983778 -0.1221403 0.8736918 -0.4708974 -0.2935696 0.1497224 -0.9441398 -0.2624112 0.4379138 -0.8598674 -0.2624089 0.4379157 -0.8598671 -0.1131451 0.8735819 -0.473342 -0.113151 0.8735803 -0.4733438 -0.190993 0.6873379 -0.7007769 -0.1909934 0.6873376 -0.7007771 -0.1769404 0.6871718 -0.7046184 -0.1769465 0.687169 -0.7046195 -0.03536979 0.9793007 -0.1992963 -0.2422105 0.4375612 -0.8659527 -0.2422051 0.4375683 -0.8659507 -0.2244018 0.4373399 -0.8708487 -0.2659514 0.1390461 -0.9539056 -0.2709602 0.1493525 -0.9509334 -0.224393 0.4373335 -0.8708543 -0.2510173 0.1494788 -0.9563715 -0.1028375 0.8734179 -0.4759892 -0.102839 0.8734168 -0.4759908 -0.1608051 0.6869061 -0.7087325 -0.2039274 0.4370082 -0.876035 -0.1608085 0.6869023 -0.7087355 -0.02911381 0.9792274 -0.2006637 -0.02911855 0.9792258 -0.2006714 -0.2039312 0.4370179 -0.8760293 -0.2281218 0.1491487 -0.962141 -0.2256157 0.1430261 -0.9636603 -0.08464978 0.8731853 -0.479981 -0.1323631 0.6865325 -0.7149497 -0.08465429 0.8731812 -0.4799878 -0.1323649 0.6865386 -0.7149435 -0.02234617 0.9791687 -0.2018151 -0.02174295 0.9793811 -0.2008479 -0.1678493 0.4365594 -0.8838792 -0.1678531 0.4365517 -0.8838823 -0.1874533 0.1563092 -0.9697571 -0.1849149 0.1491702 -0.9713675 -0.06497139 0.8730173 -0.483342 -0.06497037 0.8730183 -0.4833405 -0.1015917 0.6862866 -0.7202013 -0.1015899 0.6862822 -0.7202057 -0.01445092 0.9794887 -0.2009807 -0.01608092 0.9789395 -0.2035163 -0.1288313 0.4362266 -0.8905666 -0.1031251 0.1487862 -0.9834775 -0.1441583 0.149059 -0.9782636 -0.1288298 0.4362294 -0.8905654 -0.1440938 0.1488831 -0.9782999 -0.01187871 0.979111 -0.2029792 -0.04648056 0.8728952 -0.4856886 -0.04648057 0.8728953 -0.4856886 -0.07268067 0.6860899 -0.7238772 -0.03457085 0.8728774 -0.4867135 -0.03455854 0.8728813 -0.4867074 -0.07268043 0.6860893 -0.7238777 -0.008692347 0.9790968 -0.2032092 -0.007209352 0.9795532 -0.2010556 -0.05405602 0.6860653 -0.7255291 -0.05403856 0.6860737 -0.7255225 -0.1030814 0.1488899 -0.9834663 -0.09216907 0.4359856 -0.8952215 -0.09216847 0.4359868 -0.8952209 -0.02526655 0.8728251 -0.4873784 -0.02526068 0.8728297 -0.4873707 -0.005030082 0.9790917 -0.203357 -0.01463277 0.8728141 -0.4878334 -0.06207969 0.138208 -0.9884557 -0.07665946 0.1488021 -0.9858911 -0.06853282 0.4359531 -0.8973562 -0.06853712 0.4359504 -0.8973572 -0.03951432 0.685979 -0.7265477 -0.03950388 0.6859912 -0.7265366 -0.01464227 0.872819 -0.4878243 0 0.9795746 -0.201081 -0.001830877 0.9790869 -0.2034339 -0.05010846 0.4358576 -0.8986197 -0.05604526 0.1487594 -0.9872839 -0.05011258 0.4358513 -0.8986225 -0.02901748 0.4358353 -0.8995585 -0.02287913 0.6859783 -0.7272622 -0.02289486 0.6859666 -0.7272726 -0.005325516 0.8728011 -0.488047 -0.005324274 0.8728019 -0.4880456 0.001830424 0.979087 -0.2034339 -0.0324415 0.1487176 -0.9883474 -0.0290058 0.435824 -0.8995643 -0.02072735 0.1360694 -0.9904824 -0.008325334 0.685938 -0.7276123 -0.008325386 0.685938 -0.7276124 0.005322975 0.8728011 -0.4880471 0.005324187 0.8728019 -0.4880456 0.008323294 0.685938 -0.7276123 0.007210762 0.979554 -0.2010521 0.005027437 0.9790917 -0.2033571 -0.01056072 0.4357901 -0.8999864 -0.01181145 0.1487457 -0.988805 -0.01055745 0.4357943 -0.8999844 0.008323322 0.6859379 -0.7276124 0.01055482 0.4357943 -0.8999844 0.01463687 0.8728191 -0.4878245 0.01462722 0.8728141 -0.4878337 0.008693016 0.9790976 -0.203205 0.01180853 0.1487457 -0.988805 0.01055811 0.4357902 -0.8999864 0.02071873 0.1360744 -0.990482 0.02287196 0.6859667 -0.7272733 0.02288678 0.6859783 -0.727262 0.01444866 0.97949 -0.2009736 0.01187087 0.9791118 -0.2029756 0.02526244 0.8728251 -0.4873788 0.02526746 0.8728298 -0.4873702 0.02900866 0.4358183 -0.8995671 0.02901466 0.435824 -0.899564 0.03245127 0.1487385 -0.988344 0.03454437 0.8728722 -0.4867247 0.03457004 0.8728813 -0.4867065 0.03950613 0.6859788 -0.7265482 0.03951509 0.6859911 -0.7265362 0.05401848 0.6860652 -0.7255319 0.05405514 0.6860847 -0.7255107 0.01553868 0.9791238 -0.2026697 0.04516989 0.8728944 -0.4858139 0.05011024 0.4358514 -0.8986226 0.062079 0.1382098 -0.9884555 0.05010375 0.4358405 -0.8986282 0.05603478 0.1487802 -0.9872814 0.06850788 0.4359531 -0.8973582 0.07663562 0.1487826 -0.9858959 0.06851926 0.435946 -0.8973606 0.04516005 0.8729027 -0.4857999 0.07062304 0.6861103 -0.7240615 0.07061628 0.686098 -0.7240738 0.02189577 0.979164 -0.2018874 0.02189282 0.9791613 -0.2019008 0.1032446 0.1425419 -0.9843893 0.1001674 0.148866 -0.983771 0.08956136 0.4359905 -0.8954837 0.08956239 0.4359927 -0.8954825 0.06365499 0.8729983 -0.4835514 0.06365246 0.8729929 -0.4835615 0.1262171 0.4361826 -0.8909623 0.09953246 0.68624 -0.7205332 0.0995339 0.6862441 -0.720529 0.02890861 0.9794464 -0.1996226 0.02865838 0.9792231 -0.2007511 0.1262112 0.4361953 -0.890957 0.144172 0.1488183 -0.9782982 0.1409398 0.156349 -0.9775945 0.08332088 0.8731798 -0.4802235 0.08332275 0.8731836 -0.4802163 0.1652257 0.4365655 -0.8843704 0.1302917 0.6865404 -0.7153226 0.1302879 0.6865299 -0.7153332 0.03583164 0.9796805 -0.1973377 0.03513464 0.9791069 -0.2002874 0.1849133 0.1489442 -0.9714024 0.1652346 0.4365492 -0.8843768 0.1848107 0.1491802 -0.9713858 0.03891804 0.9793528 -0.1983773 0.1015445 0.8733853 -0.4763264 0.1015455 0.8733878 -0.4763218 0.1131511 0.8735771 -0.4733498 0.1131473 0.8735754 -0.4733536 0.1587761 0.6868491 -0.7092449 0.1587812 0.6868648 -0.7092286 0.04200457 0.9793945 -0.1975401 0.04268671 0.9798707 -0.1950163 0.1769298 0.6871771 -0.704616 0.176934 0.6871796 -0.7046124 0.2013449 0.4369537 -0.8766594 0.201346 0.4369574 -0.8766573 0.2243887 0.4373373 -0.8708535 0.2253402 0.1491028 -0.9628032 0.2252115 0.1493951 -0.9627881 0.122137 0.873687 -0.4709071 0.1221364 0.8736861 -0.470909 0.0455151 0.9794524 -0.1964728 0.1323293 0.8738606 -0.4678212 0.2510352 0.1494787 -0.9563668 0.2659481 0.1390579 -0.9539048 0.2244118 0.4373237 -0.8708544 0.1909909 0.6873482 -0.7007674 0.1909857 0.6873374 -0.7007793 0.1323191 0.8738646 -0.4678165 0.04950186 0.9800147 -0.1926673 0.04855981 0.9795032 -0.1954877 0.2422001 0.4375449 -0.8659639 0.2422109 0.4375685 -0.865949 0.2709514 0.149352 -0.950936 0.2069155 0.6876146 -0.6959686 0.2069146 0.6876136 -0.6959698 0.2624055 0.4379137 -0.8598691 0.1411851 0.8740096 -0.4649451 0.1411881 0.8740132 -0.4649374 0.05200965 0.9795663 -0.1942801 0.1512224 0.8741974 -0.4614226 0.3057026 0.1371851 -0.9421922 0.2935808 0.1497222 -0.9441364 0.2624225 0.4378994 -0.8598712 0.2207739 0.6878384 -0.6914747 0.2207772 0.6878437 -0.6914684 0.151235 0.8741913 -0.4614297 0.0562985 0.9801192 -0.1902546 0.1599429 0.8743691 -0.4581451 0.05500767 0.9796264 -0.1931483 0.2799849 0.4381847 -0.8541678 0.3132502 0.1496965 -0.937798 0.2799861 0.4381869 -0.8541663 0.2364819 0.6881319 -0.6859671 0.2364829 0.6881334 -0.6859652 0.1599384 0.8743708 -0.4581434 0.05840813 0.9796965 -0.1917896 0.3448164 0.1375351 -0.9285396 0.3355293 0.1501054 -0.9299938 0.299903 0.4385532 -0.847189 0.2999014 0.4385502 -0.8471912 0.2501168 0.6884136 -0.680829 0.250109 0.6884044 -0.6808411 0.3172009 0.4389061 -0.8406813 0.06310575 0.9801797 -0.1877911 0.06135413 0.9797657 -0.1905125 0.1698274 0.8745649 -0.454197 0.169828 0.8745663 -0.454194 0.317192 0.4389135 -0.8406807 0.3549067 0.1501419 -0.9227669 0.1783826 0.8747775 -0.4504931 0.1783815 0.874777 -0.4504944 0.2655628 0.6887032 -0.6746587 0.2655629 0.6887034 -0.6746585 0.2789482 0.6890385 -0.66889 0.278946 0.6890369 -0.6688926 0.07043664 0.979986 -0.186188 0.07043815 0.9799858 -0.1861894 0.2047953 0.8753915 -0.4378911 0.06468625 0.9798407 -0.1890186 0.1880833 0.8749806 -0.4461319 0.3367774 0.4392949 -0.8328271 0.3832057 0.1400276 -0.9129872 0.3768159 0.1505892 -0.9139653 0.3367786 0.4392982 -0.8328249 0.3958406 0.1506191 -0.905883 0.3537485 0.4397124 -0.8255393 0.3537602 0.4397222 -0.825529 0.3202305 0.6899782 -0.6491398 0.2047954 0.875391 -0.4378921 0.1880817 0.8749814 -0.4461308 0.294108 0.6893456 -0.6620446 0.294108 0.6893457 -0.6620445 0.3202305 0.6899782 -0.6491398 0.3729691 0.4401193 -0.8168164 0.3729705 0.4401249 -0.8168128 0.4060818 0.4409314 -0.8004231 0.4060798 0.4409345 -0.8004223 0.4206883 0.1446524 -0.8955987 0.453734 0.1588801 -0.8768595 0.4173436 0.1511043 -0.8960981 -9.24179e-06 0.9986309 -0.05231109 2.04158e-06 0.9986294 -0.05234032 4.719885e-06 0.9986289 -0.05234797 4.163628e-06 0.9986284 -0.05235872 2.022111e-06 0.998629 -0.05234619 -2.325944e-06 0.99863 -0.05232739 -3.665311e-07 0.9986296 -0.05233397 -1.673521e-06 0.9986302 -0.05232332 2.903916e-06 0.9986311 -0.05230635 0 0.9986294 -0.05233829 -9.826189e-08 0.9986296 -0.05233425 -2.934098e-07 0.9986292 -0.05234234 2.338452e-06 0.9986308 -0.05231415 8.291237e-06 0.9986312 -0.05230427 9.241819e-06 0.9986308 -0.05231107 1.69558e-05 0.9986314 -0.05230033 9.929449e-07 0.9986297 -0.05233236 4.076297e-08 0.9986296 -0.05233507 -1.986116e-07 0.9986295 -0.0523355 1.264853e-06 0.9986297 -0.05233216 0.02598858 0.9772575 -0.2104578 0.4811791 0.1520817 -0.8633295 0.0731945 0.7214534 -0.6885839 0.2495849 0.6770434 -0.6923291 0.07814182 0.8018382 -0.59241 0.2148923 0.7776827 -0.5907884 0.5218931 0.2565641 -0.8135124 0.5570367 0.07059367 -0.8274821 0.5445913 0.05725357 -0.8367451 0.3684054 0.3476466 -0.8622177 0.07707246 0.8715255 -0.4842552 0.1910661 0.8604189 -0.4724118 0.3433045 0.4449026 -0.8271661 0.5169218 0.1095022 -0.849 0.4717826 0.3871528 -0.7921703 0.5045384 0.1573394 -0.8489318 0.3171446 0.5412266 -0.7787765 0.4853443 0.1085106 -0.8675634 0.4439452 0.4715963 -0.7619117 0.1832714 0.8742803 -0.4494949 0.3572869 0.6909208 -0.6284699 0.2111214 0.9110816 -0.3540595 0.1771525 0.9169997 -0.3573911 0.4814259 0.2158914 -0.8494822 0.3903557 0.4402505 -0.8085802 0.2932558 0.6379675 -0.7120382 0.4424365 0.6459805 -0.6220604 0.4510972 0.1774858 -0.8746486 0.4177685 0.5578215 -0.7171503 0.5251721 0.2230437 -0.8212465 0.436922 0.2067325 -0.8754204 0.6135772 0.4568964 -0.6440254 0.4534423 0.2578224 -0.8531809 -0.007691397 0.5127023 -0.858532 0.4128385 0.4612236 -0.7853898 0.583308 0.4879124 -0.6493791 0.4232292 0.5537236 -0.7171243 0.4886465 0.5501996 -0.6771299 0.3588631 0.5954935 -0.7187523 0.6147834 0.6828382 -0.3946812 0.4764231 0.6938365 -0.540011 0.5420424 0.6832947 -0.4891813 0.2091365 0.6058854 -0.7675707 -0.0005897207 0.5191337 -0.8546929 0.3766546 0.7286463 -0.5720191 0.426855 0.7192772 -0.5481197 0.7370669 0.6706296 0.08359704 0.04194242 0.8434479 -0.5355712 0.02369209 0.5853569 -0.8104296 0.2733259 0.7664311 -0.5812714 0.326954 0.7549853 -0.5684174 0.397451 0.835163 -0.3801782 0.4101827 0.8320554 -0.3734086 0.3834247 0.9082835 -0.1673516 0.4311163 0.8416036 -0.3253338 0.1918074 0.908421 -0.3714581 0.2258558 0.7927693 -0.5661326 0.1468663 0.8201455 -0.5529844 0.1710078 0.8055042 -0.5673793 0.3626092 0.9155485 -0.1740272 0.347068 0.8546197 -0.3862239 0.3787015 0.8453321 -0.3768273 0.3411022 0.9234118 -0.1759543 0.2831974 0.8784871 -0.3847854 0.3158542 0.8683106 -0.3824561 0.254982 0.9554635 -0.1485723 0.252159 0.8925697 -0.3738115 0.3198317 0.9315338 -0.1730676 0.2536776 0.8920475 -0.3740307 0.04854078 0.2179056 -0.9747619 0.6524727 0.7130589 -0.2565666 0.02331003 0.3987302 -0.916772 0.3021107 0.4509697 -0.8398545 0.1939374 0.2780439 -0.9407868 0.5046507 0.6321943 -0.587927 0.478396 0.4737529 -0.7393886 0.667518 0.6641989 -0.3365406 -0.01368199 0.5149145 -0.8571324 0.0956836 0.4484407 -0.8886763 0.05013624 0.8045633 -0.5917467 0.08613456 0.8253108 -0.5580708 0.1778213 0.9141378 -0.3643235 0.1135129 0.8223892 -0.5574862 0.3377087 0.583111 -0.7388737 0.2447264 0.6793494 -0.6918045 0.2518265 0.5867456 -0.7696188 0.5459354 0.8057996 -0.2294374 0.5303116 0.6393517 -0.5567755 0.4888446 0.8283668 -0.2735679 0.5593122 0.7534148 -0.3457398 0.3094923 0.8212234 -0.4793814 0.1624035 0.6930402 -0.7023677 0.1151541 0.687536 -0.7169615 0.1006158 0.7486258 -0.6553136 0.4377747 0.8740057 -0.2108725 0.4485019 0.8390285 -0.3080215 0.2223835 0.8653296 -0.4491663 0.363238 0.8974189 -0.2503949 0.4024469 0.7476948 -0.5281941 0.337447 0.9228815 -0.1855242 0.336487 0.9222899 -0.190152 0.23887 0.9318626 -0.273081 0.1561835 0.9299474 -0.3328733 0.281445 0.8993087 -0.3347126 0.2106713 0.9725605 -0.09870889 0.2299813 0.9705522 -0.07167164 0.2693234 0.9610575 -0.06191454 0.3368598 0.938586 -0.07471143 0.3319293 0.9400731 -0.07800957 0.4044634 0.9125704 -0.06020593 0.4562355 0.8858405 -0.08447392 0.5467647 0.833489 -0.07965204 0.5035852 0.8618398 -0.06028236 0.6125444 0.7869956 -0.07367024 0.6007804 0.7974863 -0.05548369 0.6753961 0.7337611 -0.07372081 0.6900042 0.7219278 -0.05210174 0.7422292 0.6632546 -0.09586059 0.7723212 0.6339359 -0.04056108 0.8116756 0.5756618 -0.09897576 0.8476731 0.5292336 -0.03690911 0.8713529 0.4810216 -0.09675919 0.9137196 0.4023204 -0.05705259 0.9087551 0.4157066 -0.0367707 0.9398761 0.3329715 -0.07591395 0.9456851 0.3196753 -0.05905377 0.9658795 0.2483944 -0.07332797 0.9695627 0.238204 -0.05662936 0.9861891 0.1514591 -0.06701653 0.9878509 0.1451403 -0.05554158 0.9969816 0.05060419 -0.05888146 0.9973134 0.04852874 -0.05487292 0.2824353 0.9439927 -0.170611 0.4260578 0.8821869 -0.2005519 0.6196499 0.1563295 -0.7691522 0.5236012 0.7145681 -0.4639331 0.4403395 0.8745562 -0.2031073 0.6024717 0.4603513 -0.6520005 0.6325791 0.1866361 -0.7516719 0.6290811 0.5693269 -0.5292673 0.64013 0.1803334 -0.7468021 0.4850775 0.7739087 -0.4071426 0.2805884 0.929788 -0.2382529 0.3241127 0.9376825 -0.1253093 0.3056233 0.9397877 -0.1529489 0.4143125 0.8936988 -0.1721852 0.3604325 0.8788392 -0.3126182 0.4000783 0.8588296 -0.3199205 0.5926958 0.5092478 -0.6240019 0.6675315 0.1764698 -0.7233671 0.6577101 0.1689854 -0.7340717 0.5380437 0.5910441 -0.6009791 0.6348276 0.4817958 -0.6040419 0.492315 0.6901656 -0.5303746 0.5604532 0.6793141 -0.4737346 0.6436116 0.08770714 -0.7603102 0.5676215 0.149358 -0.8096284 0.6741599 0.153392 -0.7224813 0.6594557 0.3328862 -0.6740215 0.6035053 0.3783273 -0.7018902 0.6642172 0.1767887 -0.7263341 0.1738203 0.8000965 -0.574136 0.3825538 0.8076812 -0.4486686 0.2335096 0.8839101 -0.4051867 0.7317666 0.3534426 -0.5827487 0.6720788 0.1446023 -0.7262232 0.3825242 0.4473749 -0.8084126 0.2210165 0.901701 -0.3716008 0.3693649 0.9250624 -0.08848258 0.3777471 0.7801279 -0.4987059 0.3092549 0.8842688 -0.3499004 0.6622799 0.1880488 -0.7252744 0.4488942 0.5724921 -0.6861099 0.6413252 0.1735953 -0.7473732 0.5489721 0.520149 -0.6542742 0.5576252 0.5117634 -0.6535689 0.63056 0.6156446 -0.4726265 0.6329897 0.2031449 -0.7470316 0.5555204 0.5890101 -0.5869107 0.4706071 0.6177954 -0.6299666 0.6923168 0.2171747 -0.6881371 0.005311229 0.1319683 -0.9912397 0.01385471 0.3888351 -0.9212031 0.004767682 0.1326202 -0.9911555 0.02200469 0.6174922 -0.7862691 0.01389121 0.3888722 -0.9211869 0.01461893 0.1327117 -0.9910469 0.01615931 0.1307232 -0.9912872 0.02861706 0.8025636 -0.5958797 0.02205026 0.6175337 -0.7862352 0.04260962 0.3868133 -0.9211731 0.04260977 0.3868131 -0.9211732 0.02859011 0.8025444 -0.595907 0.02714369 0.1300521 -0.9911355 0.02635686 0.1316423 -0.9909469 0.06766114 0.6142495 -0.7862059 0.06766298 0.6142471 -0.7862075 0.03730667 0.1257523 -0.9913598 0.03453407 0.1281892 -0.9911483 -0.01513381 0.9508511 -0.3092782 0.03233877 0.9081659 -0.4173594 0.07642988 0.3817376 -0.9211053 0.07642892 0.3817399 -0.9211043 0.08793648 0.7982517 -0.5958703 0.08793017 0.7982582 -0.5958626 0.0397877 0.1266837 -0.9911448 0.1011764 0.3755631 -0.9212576 0.1011803 0.3755597 -0.9212586 0.09950284 0.9032925 -0.417327 0.1040944 0.9449747 -0.3101407 0.09950727 0.9032867 -0.4173386 0.1295916 0.9699702 -0.2058246 0.1213535 0.606125 -0.7860571 0.1213551 0.6061216 -0.7860596 0.1166265 0.371143 -0.9212226 0.1166441 0.3711177 -0.9212306 0.1606858 0.5964686 -0.7863875 0.1606941 0.596462 -0.7863908 0.04812893 0.1236066 -0.9911634 0.04805003 0.1238532 -0.9911365 0.1576874 0.7875963 -0.5956734 0.1576888 0.7875941 -0.5956759 0.1852314 0.5893813 -0.7863326 0.1852414 0.5893684 -0.78634 0.2088539 0.7752692 -0.5961022 0.2088474 0.7752736 -0.5960987 0.2075357 0.9612501 -0.1814587 0.1921261 0.9595905 -0.2056056 0.1784198 0.8911475 -0.4171602 0.1784218 0.8911431 -0.4171686 0.1407703 0.3628477 -0.9211544 0.1407712 0.362845 -0.9211553 0.2544186 0.9443854 -0.2083446 0.2363553 0.8773869 -0.4175267 0.2363666 0.8773777 -0.4175394 0.0582746 0.1193915 -0.9911355 0.05821992 0.1196466 -0.9911081 0.2407722 0.7660158 -0.5960274 0.2407601 0.7660282 -0.5960162 0.2235208 0.5761393 -0.7861947 0.2235214 0.5761379 -0.7861956 0.3319835 0.9268871 -0.1751211 0.2932688 0.9330606 -0.2083059 0.272469 0.866884 -0.4174599 0.2724745 0.8668768 -0.4174713 0.06579151 0.1153307 -0.991146 0.06704391 0.1126487 -0.9913705 0.170306 0.3499951 -0.9211403 0.1703064 0.3499933 -0.9211408 0.07050289 0.1124981 -0.9911476 0.290485 0.7487356 -0.59583 0.2904832 0.748739 -0.5958266 0.1927614 0.337901 -0.9212307 0.1927603 0.3379034 -0.9212301 0.2704077 0.5557192 -0.7861652 0.2704087 0.5557156 -0.7861674 0.3061094 0.5365945 -0.7863609 0.3287011 0.8472389 -0.417303 0.3287013 0.8472382 -0.4173043 0.3536067 0.9114326 -0.2103638 0.07611617 0.1067023 -0.9913732 0.07487414 0.109645 -0.9911467 0.2065656 0.3296085 -0.9212432 0.2065661 0.3296077 -0.9212433 0.3061155 0.5365947 -0.7863583 0.07934775 0.10645 -0.9911469 0.3514079 0.7221837 -0.5957879 0.3514079 0.7221838 -0.5957877 0.2193738 0.321249 -0.9212351 0.2193761 0.3212436 -0.9212365 0.3280363 0.5234343 -0.7863896 0.3280317 0.523442 -0.7863865 0.08467741 0.1000453 -0.9913731 0.08367609 0.1030837 -0.9911468 0.3976297 0.8171747 -0.4172721 0.450138 0.8749344 -0.1785091 0.4277513 0.8790816 -0.2103436 0.3976292 0.8171769 -0.4172686 0.3978707 0.6974531 -0.5960354 0.3978767 0.6974442 -0.5960418 0.2324806 0.3118875 -0.9212378 0.2324786 0.3118926 -0.9212365 0.348376 0.5101448 -0.7863755 0.3483754 0.5101461 -0.786375 0.08786773 0.0995339 -0.9911469 0.4842241 0.8488093 -0.2122495 0.4502589 0.7892877 -0.4174829 0.4502635 0.789279 -0.4174944 0.4263743 0.6803678 -0.5960743 0.4825309 0.769964 -0.4175155 0.4263782 0.6803625 -0.5960777 0.452814 0.6630815 -0.5960556 0.245162 0.3020243 -0.9212367 0.2451619 0.3020242 -0.9212366 0.3691839 0.4952906 -0.7863781 0.3691823 0.4952941 -0.7863767 0.09190516 0.09581923 -0.9911469 0.09265907 0.09270101 -0.9913732 0.5189161 0.8280507 -0.2122685 0.5371642 0.8195202 -0.1996027 0.4825158 0.7699655 -0.4175304 0.4798633 0.6437763 -0.5960565 0.4528188 0.6630807 -0.596053 0.2692721 0.2807399 -0.9212371 0.2574428 0.2916242 -0.9212375 0.257443 0.2916237 -0.9212376 0.389324 0.479627 -0.7863744 0.3893251 0.4796243 -0.7863756 0.09579037 0.09193458 -0.9911469 0.5510091 0.8068574 -0.2130023 0.5124456 0.7503879 -0.4175136 0.5124437 0.7503918 -0.4175088 0.4798576 0.6437775 -0.5960597 0.2692732 0.2807397 -0.9212368 0.40883 0.4631114 -0.7863751 0.4088319 0.4631059 -0.7863774 0.6017812 0.7735415 -0.1987286 0.5430453 0.7285502 -0.4175123 0.5839106 0.7833757 -0.2130041 0.5430451 0.7285505 -0.4175119 0.5060383 0.623413 -0.5960549 0.5060399 0.62341 -0.5960568 0.2806562 0.2693592 -0.9212371 0.2806563 0.2693588 -0.9212372 0.1007036 0.08531374 -0.9912519 0.1008425 0.08644705 -0.9911396 0.4276175 0.4458268 -0.7863724 0.4276186 0.4458235 -0.7863738 0.4456946 0.4277536 -0.7863734 0.6157208 0.758531 -0.2133508 0.572674 0.7054999 -0.4175098 0.5726742 0.7054994 -0.4175103 0.5313981 0.6019432 -0.596054 0.5314006 0.6019379 -0.5960572 0.5558136 0.5794761 -0.5960525 0.4456913 0.4277546 -0.7863747 0.6636468 0.7211089 -0.1989346 0.6465731 0.7324098 -0.2133521 0.6013687 0.6812043 -0.4175122 0.6013714 0.6811966 -0.4175209 0.2954404 0.2532685 -0.9211786 0.2954401 0.2532654 -0.9211795 0.5558013 0.5794806 -0.5960597 0.1081211 0.07720088 -0.9911356 0.1084779 0.07841662 -0.9910012 0.6289912 0.6557887 -0.417506 0.6762602 0.7050552 -0.2134697 0.6289946 0.6557772 -0.4175189 0.5793034 0.5559849 -0.5960608 0.5793021 0.5559883 -0.5960588 0.6096944 0.5226651 -0.5958977 0.4691254 0.4021614 -0.786249 0.4691255 0.4021613 -0.786249 0.6555901 0.6291974 -0.4175071 0.7323654 0.654336 -0.1883754 0.6555894 0.6292002 -0.4175041 0.7048498 0.6764741 -0.2134703 0.3154984 0.2280679 -0.9211111 0.3154977 0.2280658 -0.9211119 0.6096982 0.5226643 -0.5958945 0.1141335 0.06799833 -0.9911356 0.3343699 0.1992096 -0.9211472 0.1141334 0.06799792 -0.9911356 0.6899288 0.5914465 -0.41736 0.741774 0.6358912 -0.213105 0.6899285 0.5914418 -0.417367 0.5009195 0.3621053 -0.786104 0.5009185 0.3621021 -0.7861061 0.1177946 0.05756124 -0.9913684 0.1182478 0.06039643 -0.9911457 0.3343683 0.1992099 -0.9211478 0.1206304 0.05544405 -0.9911479 0.6509341 0.4705484 -0.5957088 0.650934 0.470548 -0.5957092 0.3464498 0.1769505 -0.9212281 0.3464502 0.1769535 -0.9212273 0.1221996 0.04764469 -0.9913613 0.1224263 0.05134772 -0.9911484 0.5309132 0.3163073 -0.7861812 0.5309119 0.3163033 -0.7861837 0.6899582 0.4110589 -0.5958088 0.7918261 0.5723981 -0.2130066 0.7365259 0.5324224 -0.4172002 0.7996446 0.5668236 -0.1981905 0.7365254 0.5324208 -0.4172031 0.3534378 0.1624468 -0.9212452 0.353438 0.1624493 -0.9212447 0.3587008 0.1504454 -0.9212492 0.5501679 0.2810003 -0.786355 0.550168 0.2810019 -0.7863542 0.5612789 0.2579784 -0.7863926 0.1244698 0.04624757 -0.991145 0.3587013 0.1504449 -0.921249 0.6899544 0.4110601 -0.5958124 0.1257598 0.03739023 -0.9913559 0.1262115 0.04117067 -0.9911487 0.5612836 0.2579744 -0.7863904 0.5696447 0.2389178 -0.7863989 0.8604144 0.4745623 -0.1856817 0.8376405 0.4990456 -0.2220626 0.7807172 0.4651321 -0.4172921 0.7807182 0.4651353 -0.4172868 0.7150887 0.3652363 -0.596029 0.7150887 0.3652293 -0.5960333 0.3646778 0.1354984 -0.9212221 0.364678 0.135499 -0.921222 0.56964 0.2389223 -0.786401 0.1278365 0.03592204 -0.9911445 0.36979 0.1206269 -0.9212515 0.3697902 0.1206288 -0.9212512 0.8705048 0.4446122 -0.2110484 0.8092411 0.4133217 -0.4174853 0.8092406 0.4133171 -0.4174907 0.7295566 0.3353153 -0.5960795 0.7295563 0.33532 -0.5960772 0.8256288 0.379477 -0.4175336 0.5791085 0.2151724 -0.7863423 0.5791082 0.2151713 -0.7863428 0.7404283 0.3105518 -0.5960903 0.740428 0.3105554 -0.5960886 0.8256296 0.3794764 -0.4175327 0.8968232 0.3940319 -0.2011146 0.8881503 0.4082121 -0.2110735 0.1283012 0.02683947 -0.991372 0.1294149 0.02967869 -0.9911463 0.3745383 0.1052456 -0.9212191 0.3745381 0.1052452 -0.9212192 0.5872556 0.1915676 -0.786405 0.5872555 0.1915679 -0.7864049 0.9015933 0.3781511 -0.2100745 0.8379378 0.3514523 -0.4175421 0.8379378 0.3514494 -0.4175446 0.1305241 0.02429676 -0.9911473 0.752696 0.2796705 -0.5960144 0.7526957 0.2796689 -0.5960155 0.379169 0.08695474 -0.9212327 0.3791684 0.08695319 -0.9212331 0.5947663 0.1671299 -0.7863337 0.5947654 0.1671275 -0.7863348 0.7633274 0.2490037 -0.5960944 0.7633274 0.2490007 -0.5960956 0.9164771 0.3405212 -0.2100358 0.8517914 0.316487 -0.4174773 0.9244792 0.3266957 -0.1964896 0.8638569 0.2817938 -0.4175446 0.8517924 0.3164907 -0.4174726 0.3824226 0.07118615 -0.9212412 0.382423 0.07118716 -0.921241 0.1305698 0.01620047 -0.9913067 0.1316328 0.01762658 -0.9911418 0.9297788 0.3033031 -0.2086115 0.8638537 0.2817976 -0.4175487 0.6021326 0.1380865 -0.7863641 0.6073067 0.1130473 -0.7863835 0.6021318 0.1380845 -0.7863649 0.1327423 0.005419815 -0.9911358 0.1512394 -0.007936146 -0.9884652 0.1321899 0.01216047 -0.9911498 0.7730398 0.2172222 -0.5960068 0.7730404 0.217225 -0.5960049 0.8748096 0.2458222 -0.417468 0.6073055 0.1130489 -0.7863842 0.3856551 0.05164214 -0.9211966 0.3856549 0.05164194 -0.9211967 0.9513516 0.2437579 -0.1884467 0.9415421 0.2645733 -0.208565 0.8748103 0.2458217 -0.4174669 0.7826343 0.1794808 -0.5960456 0.7826343 0.1794806 -0.5960457 0.4399104 -0.004973517 -0.8980278 0.3879434 0.02794695 -0.9212593 0.3873119 0.03562978 -0.9212601 0.3873114 0.03562725 -0.9212603 0.9536168 0.218689 -0.2068576 0.8856857 0.2031106 -0.4175009 0.8856866 0.2031134 -0.4174975 0.7893741 0.1469407 -0.5960679 0.7893737 0.1469386 -0.596069 0.8933232 0.1662884 -0.4175186 0.6123928 0.08200405 -0.786289 0.6123932 0.08200473 -0.7862886 0.6883278 0.0006001181 -0.7253996 0.6161017 0.04423963 -0.7864232 0.6150884 0.05657956 -0.7864254 0.615088 0.05657711 -0.7864259 0.9712703 0.148108 -0.1862737 0.9618453 0.1790487 -0.2068699 0.8933199 0.1662926 -0.4175241 0.7959207 0.1065795 -0.5959455 0.7959213 0.1065807 -0.5959445 0.8737418 0.007139172 -0.4863376 0.8010406 0.05472832 -0.596103 0.7995188 0.07354144 -0.596122 0.7995197 0.07354936 -0.5961198 0.9701331 0.1299068 -0.2048562 0.9006779 0.1206073 -0.4174125 0.9006772 0.1206062 -0.4174144 0.9784449 0.04009952 -0.2025775 0.9802714 0.04843212 -0.1916308 0.974658 0.0896599 -0.2049456 0.9080086 0.0372236 -0.4172945 0.9048246 0.08323655 -0.4175694 0.9048244 0.08323585 -0.4175697 2.018651e-05 0.1326654 -0.9911609 -0.00269715 0.388871 -0.9212882 -0.04606773 0.2892188 -0.9561539 -0.003555368 0.6176379 -0.7864546 0.002619484 0.6244244 -0.7810808 0.003301849 0.8028881 -0.5961205 0.3661627 0.1888665 -0.9111829 0.1747078 0.4544352 -0.8734791 0.7091094 0.060815 -0.7024708 0.125589 0.150031 -0.9806723 0.2209812 0.1650493 -0.9612107 0.3367792 0.0631474 -0.9394638 0.1084406 0.1610026 -0.9809784 0.1587294 0.2504507 -0.9550285 0.4449546 -0.004264713 -0.895543 0.5473581 -0.03081443 -0.8363311 0.1615484 0.4403436 -0.8831759 0.2476925 0.1513731 -0.9569402 0.228034 0.1153552 -0.9667956 0.5160761 0.06102781 -0.8543658 0.5940566 0.04616199 -0.8030977 0.7284822 -0.009533674 -0.6849982 0.7030404 0.02544156 -0.7106947 0.6241907 0.06756087 -0.7783454 0.636142 0.009239457 -0.7715167 0.672374 0.07764867 -0.7361277 0.6951687 0.1170006 -0.7092611 0.474066 0.1851769 -0.8607966 0.625614 0.2363974 -0.7434536 0.4736801 0.1885499 -0.8602768 0.6783895 0.1145616 -0.7257158 0.6595338 0.03883588 -0.750671 0.5599795 0.3298712 -0.7600052 0.1676959 0.5869687 -0.7920517 0.4979066 0.3130017 -0.8087762 0.6744448 0.1351834 -0.7258441 0.4953372 0.2177104 -0.8409776 0.6729749 0.1145721 -0.7307379 0.5190582 0.374556 -0.768301 0.4940017 0.3752607 -0.7843097 0.06233515 0.6244259 -0.7785927 0.08084029 0.7248785 -0.684117 0.3044786 0.6831924 -0.6637326 0.3009978 0.6329668 -0.7132695 0 -0.1529768 -0.9882298 0.002737271 -0.4446293 -0.8957105 -0.003736469 -0.1941703 -0.9809607 0.004305466 -0.6946552 -0.71933 -0.006118745 -0.545848 -0.8378619 0.001209805 -0.7324092 -0.6808635 0.001171816 -0.8796468 -0.4756261 -0.002206163 -0.8656483 -0.5006478 0 -0.9822885 -0.1873752 -0.001311868 -0.980493 -0.1965496 0.2257963 0.03682776 -0.9734782 0.1270268 0 -0.9918993 0.3727623 -0.02440674 -0.9276059 0.5929462 0.07653645 -0.8015965 0 -0.9993908 -0.03490062 3.936022e-07 -0.9993908 -0.03489946 1.39846e-06 -0.9993908 -0.03489833 -1.944823e-06 -0.9993908 -0.03490011 1.583835e-07 -0.9993908 -0.03489958 1.901712e-06 -0.9993908 -0.03489941 0.1512273 1.62046e-06 -0.988499 0.1512971 -1.581375e-06 -0.9884884 0.4399408 -2.088025e-07 -0.8980268 0.4399159 1.047756e-06 -0.898039 0.6883678 -8.787507e-07 -0.7253618 0.6883279 1.61488e-06 -0.7253997 0.873777 -6.62268e-07 -0.4863269 0.873764 5.396805e-07 -0.4863501 0.9792232 2.332045e-06 -0.2027859 0.9792325 2.367653e-07 -0.2027406 0.01535249 0.1512858 -0.9883708 0.1512818 0.0170598 -0.9883435 0.06883594 0.4388962 -0.8958972 0.007607174 0.6883479 -0.7253408 -0.03321537 0.2540908 -0.9666098 0.07222714 0.2288422 -0.9707804 0.07332703 0.229385 -0.9705697 0.114231 0.8680563 -0.4831455 -0.04468083 0.9782457 -0.2025808 0.161113 0.9254381 -0.3429384 0.008278077 0.6878109 -0.7258427 0.1148618 0.2079268 -0.971377 0.1479075 0.1819679 -0.9721168 0.1132008 0.2075247 -0.9716579 0.2026918 0.6529697 -0.729758 0.1926165 0.6507624 -0.7344435 0.2720614 0.9161921 -0.2942357 0.1742741 0.1594416 -0.9717031 0.148231 0.1800974 -0.9724159 0.448924 0.825985 -0.3409047 0.4412201 0.833635 -0.3322312 0.3218159 0.5974402 -0.7345065 0.3154179 0.5973169 -0.7373766 0.205609 0.1294008 -0.9700414 0.1768938 0.146985 -0.9731927 0.6863668 0.635682 -0.3532831 0.6028484 0.7392642 -0.3001036 0.4282307 0.5222911 -0.7374486 0.4260709 0.522677 -0.7384256 0.2297788 0.08061575 -0.9698984 0.2038902 0.1124771 -0.9725111 0.519379 0.4299249 -0.7385188 0.521334 0.4291562 -0.7375879 0.7322263 0.6030534 -0.3164985 0.6883338 0.009945665 -0.7253259 0.4388863 0.06919501 -0.8958744 0.2268429 0.0735906 -0.9711471 0.2615263 -0.02767657 -0.9647995 0.8442403 0.4275632 -0.3231842 0.8383622 0.4484397 -0.3099203 0.5982659 0.3194649 -0.7348606 0.5929064 0.3229216 -0.7376881 0.9218609 0.1697566 -0.3483605 0.9784265 -0.04032958 -0.2026209 0.8679488 0.115307 -0.483083 0.6876782 0.01074562 -0.7259362 0.6542448 0.1965351 -0.7302998 0.9142945 0.2756653 -0.2967728 0.6467476 0.2038294 -0.7349633 0 0.1512975 -0.9884883 0 0.4399397 -0.8980273 0 0.1512975 -0.9884883 0 0.6883679 -0.7253618 0 0.4399397 -0.8980273 0 0.8737759 -0.4863289 0 0.6883679 -0.7253618 0 0.9792236 -0.2027833 0 0.8737759 -0.4863289 0 0.9792236 -0.2027833 -0.1512853 0.01535244 -0.9883709 -0.01705981 0.1512822 -0.9883434 -0.4388974 0.06883191 -0.8958969 -0.6883495 0.007557676 -0.7253398 -0.2541241 -0.03323161 -0.9666005 -0.2288497 0.0722295 -0.9707783 -0.2293785 0.07330183 -0.9705732 -0.8680587 0.1142073 -0.4831468 -0.9782411 -0.04477464 -0.2025825 -0.9254364 0.1611127 -0.3429435 -0.6878186 0.008221268 -0.725836 -0.2079369 0.1148674 -0.9713741 -0.181956 0.1478975 -0.9721205 -0.2075262 0.1131687 -0.9716613 -0.652993 0.2026419 -0.729751 -0.6507826 0.1925549 -0.7344417 -0.9162139 0.2719742 -0.2942484 -0.1594358 0.1742694 -0.9717049 -0.1801302 0.1482126 -0.9724125 -0.8259719 0.4489187 -0.3409435 -0.8337061 0.4411265 -0.332177 -0.5974803 0.3217444 -0.7345052 -0.5973566 0.3153427 -0.7373765 -0.1293981 0.2056047 -0.9700427 -0.147018 0.1768747 -0.9731911 -0.6356886 0.686371 -0.3532632 -0.7393551 0.6027429 -0.3000917 -0.5223539 0.4281547 -0.7374484 -0.5227399 0.425992 -0.7384266 -0.08060903 0.229759 -0.9699036 -0.1125003 0.2038799 -0.9725105 -0.4300101 0.519306 -0.7385205 -0.4292407 0.5212634 -0.7375886 -0.6031626 0.7321109 -0.3165572 -0.00994919 0.6883337 -0.7253259 -0.06919598 0.4388852 -0.8958748 -0.07361688 0.2268338 -0.9711472 0.02767522 0.2615241 -0.9648001 -0.4275582 0.8442292 -0.32322 -0.4485836 0.8383033 -0.3098714 -0.3195576 0.5982146 -0.7348621 -0.3230101 0.592859 -0.7376874 -0.1697551 0.9218612 -0.3483607 0.04033001 0.9784269 -0.2026183 -0.1153056 0.8679478 -0.4830851 -0.01074755 0.6876795 -0.7259349 -0.1965944 0.6542309 -0.7302962 -0.2757453 0.9142835 -0.2967325 -0.2038869 0.6467298 -0.7349631 -0.1511811 2.646662e-06 -0.9885061 -0.4398834 1.641006e-06 -0.898055 -0.1512971 -2.672133e-06 -0.9884884 -0.6883206 1.918573e-06 -0.7254066 -0.4399408 -1.255377e-06 -0.8980268 -0.8737568 1.069459e-06 -0.4863632 -0.6883691 -1.114453e-06 -0.7253605 -0.9792304 5.099357e-07 -0.2027507 -0.8737759 -7.083824e-07 -0.4863289 -0.9792232 2.138616e-06 -0.2027859 -0.9986264 -0 -0.05239691 -0.9986295 2.327798e-06 -0.05233617 -0.1512764 -3.831337e-07 -0.9884915 -0.1512525 7.116019e-07 -0.9884952 -0.4399577 -6.36797e-07 -0.8980185 -0.4399299 7.672979e-07 -0.8980322 -0.6883686 -4.801993e-07 -0.7253612 -0.688356 2.997436e-07 -0.725373 -0.873778 -6.142617e-07 -0.4863248 -0.8737692 2.17765e-07 -0.4863409 -0.9792231 -0 -0.2027859 -0.9792233 -3.650669e-08 -0.202785 0 0 -1 0 0 -1 0 0 -1 0 0 -1 0 0 -1 0 -0 -1 0 0 -1 0 -0 -1 0 0 -1 0 -0 -1 0 0 -1 0 -0 -1 0 0 -1 0 -0 -1 0 0 -1 0 -0 -1 0 0 -1 0 -0 -1 0 0 -1 0 0 -1 0 -0 -1 0 0 -1 0 -0 -1 0 -0 -1 0 0 -1 0 -0 -1 0.2422021 0.03567638 -0.9695697 0.9393357 0.1403271 -0.3129805 0.8578237 0.3940757 -0.3299135 0.1988674 0.1331524 -0.9709389 0.6875135 0.04980624 -0.7244616 0.6876802 -0.006341705 -0.725986 0.9791098 -0.01524831 -0.2027598 0.8722562 0.05897256 -0.4854804 0.963703 0.04896899 -0.2624473 0.9636415 0.04645193 -0.2631297 0.7785643 0.1286453 -0.6142376 0.7892274 -0.02637339 -0.6135345 0.1160658 0.02854974 -0.9928311 0.2492069 -0.04345748 -0.9674748 0.1827154 0.1112158 -0.9768552 0.6543438 0.2130661 -0.7255598 0.6783372 0.08791383 -0.7294723 0.4968199 0.02560291 -0.8674759 0.4065405 0.2106623 -0.8890142 0.9505265 0.2346892 -0.20352 0.9480055 0.1269754 -0.2918265 0.8301519 0.08380501 -0.5512029 0.9282501 0.2759235 -0.2494352 0.8012843 0.3236366 -0.5031927 0.612211 0.3050939 -0.7294624 0.6553996 0.1844747 -0.7324075 0.1062125 0.05572927 -0.9927804 0.18546 0.1932247 -0.9634671 0.1974559 0.03867915 -0.9795485 0.6183839 0.2795658 -0.7344686 0.558917 0.388656 -0.7325014 0.4340655 0.1141304 -0.8936226 0.3859418 0.3100494 -0.8688603 0.1767618 0.08244666 -0.9807944 0.07294688 0.06120794 -0.9954558 0.8253593 0.516058 -0.2290545 0.831731 0.4310097 -0.3499346 0.6700883 0.5422834 -0.5068632 0.8073483 0.5333499 -0.2524416 0.763544 0.3200373 -0.5608714 0.4287907 0.3200731 -0.8448028 0.5081958 0.4468047 -0.7362762 0.2332169 0.2856241 -0.9295315 0.5101697 0.4463314 -0.7351974 0.6347651 0.4983109 -0.5905586 0.5000507 0.4583826 -0.7347344 0.634319 0.6368687 -0.438221 0.7541361 0.6193452 -0.2183809 0.760862 0.5961203 -0.2563779 0.7373233 0.4860448 -0.4691638 0.7199495 0.6362214 -0.2772994 0.4397845 0.02797291 -0.8976675 0.1512722 -0.00473363 -0.9884808 0.1687284 0.008163787 -0.9856287 0.5041237 -0.009613703 -0.863578 0.1922916 -0.07423619 -0.9785258 0.4784375 0.09792142 -0.8726448 0.1688887 0.05709074 -0.9839803 0.1647039 0.06912373 -0.983918 0.2312858 0.04181711 -0.9719867 0.215935 0.1298996 -0.9677283 0.5079591 0.1319994 -0.8512072 0.4685231 0.242182 -0.8496081 0.9177037 0.3115214 -0.2465243 0.920752 0.3026742 -0.246179 0.8761652 0.3657797 -0.3139107 0.7241188 0.3587194 -0.5890437 0.7799215 0.2201895 -0.5858661 0.3743227 0.1939128 -0.9067968 0.06167769 0.1872292 -0.980378 0.101934 0.1343946 -0.9856712 0.366969 0.2315506 -0.9009539 0.1512525 6.75251e-07 -0.9884952 0.4399299 6.897145e-07 -0.8980321 0.1512762 -4.101477e-07 -0.9884915 0.688356 2.572769e-07 -0.725373 0.4399567 -6.62988e-07 -0.898019 0.8737692 2.178551e-07 -0.4863409 0.6883678 -4.802013e-07 -0.7253618 0.9792233 8.003851e-08 -0.2027851 0.873777 -5.102462e-07 -0.4863269 0.9792236 0 -0.2027833 0.9986295 2.37766e-06 -0.05233618 0.9986263 0 -0.05239822 0.1634964 0.9847071 -0.06017493 0.1724498 0.9818121 -0.07941037 0.4735939 0.880601 -0.01583243 0.4480405 0.8922686 -0.05582562 0.7339616 0.6789208 -0.01915534 0.6735013 0.7280437 -0.1278605 0.8905452 0.4470173 -0.08428943 0.8736982 0.470053 -0.125306 0.9840676 0.1727282 -0.04214203 0.9846864 0.1636185 -0.06018023 0.1511748 0.0299949 -0.9880518 0.9670786 0.1570056 -0.2002701 0.1664508 0.9655628 -0.1999562 0.1999317 0.1335503 -0.9706656 0.2125686 0.1174688 -0.9700596 0.8512036 0.4559627 -0.2599045 0.1335358 0.1999461 -0.9706646 0.1890923 0.1891263 -0.9635742 0.4272184 0.8579888 -0.2852011 0.4371422 0.1123969 -0.8923416 0.6873456 0.05416232 -0.7243082 0.4533711 0.09328798 -0.8864266 0.5979804 0.3409773 -0.7253647 0.7351361 0.1074186 -0.669355 0.6842901 0.2961344 -0.666372 0.8708301 0.08195172 -0.484705 0.8071245 0.3138359 -0.5000571 0.8618172 0.0901298 -0.4991471 0.9629624 0.1639954 -0.2140301 0.8693736 0.3945211 -0.2975613 0.3368351 0.6003136 -0.7253729 0.6002502 0.3369456 -0.725374 0.3654099 0.3654756 -0.8560976 0.4713067 0.6225928 -0.6246985 0.6225055 0.471422 -0.6246985 0.468835 0.8317314 -0.2973494 0.6760833 0.7307494 -0.0944278 0.7516828 0.5692477 -0.3330616 0.7521778 0.5691147 -0.3321701 0.5392037 0.7122842 -0.4493445 0.0541204 0.6873432 -0.7243136 0.3409274 0.5980107 -0.7253632 0.1073929 0.7351363 -0.6693589 0.296051 0.6843227 -0.6663755 0.08190725 0.8708332 -0.4847068 0.0900869 0.8618225 -0.4991455 0.1672575 0.9650699 -0.2016554 0.3922591 0.8681803 -0.3039667 0.3137273 0.8071667 -0.5000571 0.1037195 0.4802794 -0.8709615 0.1310307 0.478245 -0.8683966 0.2252636 0.1254097 -0.966193 -0.192945 0.1975648 -0.9611141 6.669379e-08 0.1512517 -0.9884953 4.437745e-08 0.1512525 -0.9884951 1.290752e-07 0.4399294 -0.8980324 1.29439e-07 0.4399294 -0.8980324 0 0.6883574 -0.7253717 2.020487e-07 0.6883521 -0.7253767 0 0.8737692 -0.4863409 0 0.8737692 -0.4863409 1.189966e-07 0.9792224 -0.2027892 0 0.9792232 -0.202785 3.071001e-08 0.9986296 -0.05233475 0 0.9986295 -0.05233605 -0.1636176 0.9846866 -0.06017871 -0.1727266 0.9840679 -0.04214179 -0.4700551 0.8736967 -0.1253096 -0.4470173 0.8905452 -0.08428941 -0.7280427 0.673503 -0.1278576 -0.6789223 0.7339602 -0.01915839 -0.8922694 0.4480388 -0.05582641 -0.8806006 0.4735948 -0.01582922 -0.9818121 0.1724498 -0.07941062 -0.984707 0.1634962 -0.06017489 -0.02999376 0.1511748 -0.9880519 -0.157006 0.9670777 -0.2002742 -0.1511748 0.02999333 -0.9880519 -0.9655628 0.1664508 -0.1999562 -0.1335444 0.1999375 -0.9706652 -0.1174686 0.2125672 -0.9700599 -0.4559651 0.8512029 -0.2599025 -0.1999377 0.1335447 -0.9706651 -0.1891059 0.1891056 -0.9635757 -0.2125675 0.1174688 -0.9700599 -0.8579848 0.4272141 -0.2852193 -0.1123986 0.4371416 -0.8923417 -0.0541509 0.6873474 -0.7243074 -0.340961 0.597991 -0.7253636 -0.09326895 0.4533859 -0.886421 -0.1074101 0.7351364 -0.6693561 -0.2961068 0.6843014 -0.6663725 -0.0819356 0.8708312 -0.4847057 -0.3944865 0.8693861 -0.2975705 -0.1639886 0.9629658 -0.2140201 -0.3137996 0.8071364 -0.5000607 -0.09011584 0.8618171 -0.4991496 -0.3368923 0.6002813 -0.7253731 -0.6002815 0.3368912 -0.7253733 -0.3654537 0.365453 -0.8560887 -0.6225407 0.4713714 -0.6247015 -0.4713712 0.6225404 -0.624702 -0.7307492 0.6760859 -0.09441205 -0.5690669 0.7522154 -0.3321666 -0.5691955 0.7517369 -0.3330286 -0.8316913 0.468895 -0.2973669 -0.7122245 0.5392776 -0.4493505 -0.6873461 0.0541495 -0.7243088 -0.4371422 0.1123972 -0.8923416 -0.4533851 0.09326915 -0.8864213 -0.59799 0.3409623 -0.7253639 -0.7351365 0.1074101 -0.669356 -0.6843015 0.2961074 -0.6663721 -0.870831 0.08193747 -0.4847056 -0.8681518 0.3923294 -0.3039577 -0.8618196 0.0901154 -0.4991454 -0.9650638 0.1672677 -0.2016769 -0.8071387 0.3138004 -0.5000563 -0.7369806 0.6249805 -0.2574084 -0.1961325 0.1356616 -0.9711478 -0.7770653 0.5387354 -0.3254743 -0.8961611 0.3007116 -0.326294 -0.07182147 0.06090797 -0.9955561 -0.1799072 0.0784509 -0.9805503 -0.1087888 0.1706172 -0.9793134 -0.4287696 0.3185644 -0.8453836 -0.2277379 0.2892871 -0.9297572 -0.3508371 0.2100503 -0.9125745 -0.5013428 0.4545853 -0.7362117 -0.6347237 0.4972216 -0.5915205 -0.6223524 0.6749947 -0.3963075 -0.4971449 0.4605719 -0.735337 -0.7993227 0.4866099 -0.3525536 -0.5025215 0.4542722 -0.7356011 -0.1035975 0.05798393 -0.9929277 -0.2028954 0.04420959 -0.9782019 -0.1519199 0.1991847 -0.9681146 -0.6155759 0.2856794 -0.734475 -0.5525149 0.3974519 -0.7326386 -0.3774456 0.3158552 -0.8705 -0.4357733 0.123683 -0.8915179 -0.8526997 0.477881 -0.2110284 -0.6593737 0.5037292 -0.5581068 -0.778119 0.5533346 -0.2972398 -0.8032491 0.3076104 -0.5100655 -0.8649154 0.429094 -0.2603835 -0.607533 0.3135258 -0.729798 -0.6524451 0.1937684 -0.7326453 -0.1162718 0.03196389 -0.992703 -0.2695259 -0.01550072 -0.9628684 -0.6764613 0.09833391 -0.7298839 -0.651644 0.2197669 -0.7259909 -0.4985718 0.03558119 -0.8661179 -0.3982668 0.2164885 -0.8913565 -0.07847382 0.00419436 -0.9969074 -0.1511731 0.04053608 -0.9876758 -0.9572275 0.1884647 -0.2195373 -0.9060357 0.2548001 -0.3378999 -0.9558407 0.1602363 -0.2463596 -0.780842 0.2893267 -0.553693 -0.8645839 0.06111059 -0.4987586 -0.4398345 -0.02367165 -0.8977668 -0.6875066 0.05002674 -0.7244529 -0.6869848 0.005741468 -0.726649 -0.3890658 -0.07516092 -0.9181387 -0.8722224 0.05964416 -0.485459 -0.9589892 0.06206764 -0.2765633 -0.7777044 0.1326063 -0.6144847 -0.789174 -0.01995835 -0.6138452 -0.9522279 0.01156074 -0.3051694 -0.9783055 0.06440282 -0.1969025 -0.9770254 0.06695963 -0.2023307 -0.9517282 0.0157204 -0.3065394 -0.1623213 0.07357457 -0.9839911 -0.1674537 0.06192213 -0.9839334 -0.5076473 0.1421218 -0.849762 -0.1986148 0.1296624 -0.9714627 -0.2432472 0.05325856 -0.968501 -0.4615146 0.2494386 -0.8513429 -0.8823658 0.4004479 -0.2471276 -0.8890153 0.3292801 -0.3181612 -0.7736438 0.2328631 -0.5892793 -0.8807013 0.4041804 -0.2469887 -0.7196032 0.3719387 -0.5863726 -0.4532571 0.1084955 -0.8847523 -0.4294431 0.1557471 -0.8895625 -0.1602104 -0.02628047 -0.986733 -0.0800186 0.01301936 -0.9967083 -0.1504479 0.06006407 -0.9867917 -0.09856585 0.008017915 -0.9950982 -0.3051914 0.08318385 -0.948651 -0.3189569 -0.002835608 -0.9477651 -6.881244e-06 0.1327424 -0.9911506 0.05315281 0.3129597 -0.9482779 0.01320636 0.3888557 -0.921204 0.007892621 0.6563724 -0.7543957 -0.008839755 0.6176203 -0.7864268 -0.009572146 0.8028644 -0.5960848 -0.1270264 -0 -0.9918994 -0.3727849 -0.02440977 -0.9275967 -0.2256938 0.03678954 -0.9735034 -0.5929249 0.07658596 -0.8016076</float_array>
          <technique_common>
            <accessor count="9068" source="#cubenormals-array0-array" stride="3">
              <param type="float" name="X"/>
              <param type="float" name="Y"/>
              <param type="float" name="Z"/>
            </accessor>
          </technique_common>
        </source>
        <vertices id="cubeverts-array0-vertices">
          <input semantic="POSITION" source="#cubeverts-array0"/>
        </vertices>
        <triangles count="9068" material="ref_BRACKET_MAX_1_002_shape002">
          <input offset="0" semantic="VERTEX" source="#cubeverts-array0-vertices"/>
          <input offset="1" semantic="NORMAL" source="#cubenormals-array0"/>
          <p>0 0 1 0 2 0 2 1 3 1 4 1 1 2 3 2 2 2 5 3 6 3 7 3 4 4 6 4 5 4 3 5 6 5 4 5 7 6 8 6 9 6 6 7 8 7 7 7 9 8 10 8 11 8 8 9 10 9 9 9 11 10 12 10 13 10 10 11 12 11 11 11 14 12 15 12 16 12 13 13 15 13 14 13 12 14 15 14 13 14 16 15 17 15 18 15 15 16 17 16 16 16 18 17 19 17 20 17 17 18 19 18 18 18 20 19 21 19 22 19 19 20 21 20 20 20 22 21 23 21 24 21 21 22 23 22 22 22 24 23 25 23 26 23 23 24 25 24 24 24 26 25 27 25 28 25 25 26 27 26 26 26 28 27 29 27 30 27 27 28 29 28 28 28 31 29 32 29 33 29 30 30 32 30 31 30 29 31 32 31 30 31 33 32 34 32 35 32 32 33 34 33 33 33 35 34 36 34 37 34 34 35 36 35 35 35 37 36 38 36 39 36 36 37 38 37 37 37 39 38 40 38 41 38 38 39 40 39 39 39 40 40 42 40 41 40 41 41 42 41 43 41 42 42 44 42 43 42 44 43 45 43 43 43 46 44 45 44 47 44 43 45 45 45 46 45 45 46 48 46 47 46 47 47 48 47 49 47 48 48 50 48 49 48 49 49 50 49 51 49 50 50 52 50 51 50 51 51 52 51 53 51 52 52 54 52 53 52 53 53 54 53 55 53 54 54 56 54 55 54 55 55 56 55 57 55 56 56 58 56 57 56 57 57 58 57 59 57 58 58 60 58 59 58 59 59 60 59 61 59 60 60 62 60 61 60 61 61 62 61 63 61 62 62 64 62 63 62 63 63 64 63 65 63 64 64 66 64 65 64 65 65 66 65 67 65 66 66 68 66 67 66 67 67 68 67 69 67 68 68 70 68 69 68 69 69 70 69 71 69 70 70 72 70 71 70 71 71 72 71 73 71 72 72 74 72 73 72 73 73 74 73 75 73 74 74 76 74 75 74 75 75 76 75 77 75 77 76 78 76 79 76 76 77 78 77 77 77 79 78 80 78 81 78 78 79 80 79 79 79 80 80 82 80 81 80 83 81 82 81 84 81 81 82 82 82 83 82 84 83 85 83 86 83 82 84 85 84 84 84 86 85 87 85 88 85 85 86 87 86 86 86 88 87 89 87 90 87 87 88 89 88 88 88 89 89 91 89 90 89 90 90 91 90 92 90 91 91 93 91 92 91 92 92 93 92 94 92 93 93 95 93 94 93 94 94 95 94 96 94 95 95 97 95 96 95 96 96 97 96 98 96 97 97 99 97 98 97 98 98 99 98 100 98 99 99 101 99 100 99 100 100 101 100 102 100 101 101 103 101 102 101 102 102 103 102 104 102 103 103 105 103 104 103 104 104 105 104 106 104 105 105 107 105 106 105 106 106 107 106 108 106 107 107 109 107 108 107 108 108 109 108 110 108 109 109 111 109 110 109 110 110 111 110 112 110 111 111 113 111 112 111 112 112 113 112 114 112 113 113 115 113 114 113 114 114 115 114 116 114 115 115 117 115 116 115 116 116 117 116 118 116 118 117 119 117 120 117 117 118 119 118 118 118 120 119 121 119 122 119 119 120 121 120 120 120 123 121 124 121 1 121 1 122 124 122 3 122 124 123 125 123 3 123 3 124 125 124 6 124 125 125 126 125 6 125 6 126 126 126 8 126 126 127 127 127 8 127 8 128 127 128 10 128 127 129 128 129 10 129 10 130 128 130 12 130 17 131 129 131 19 131 21 132 130 132 23 132 19 133 130 133 21 133 129 134 130 134 19 134 130 135 131 135 23 135 23 136 131 136 25 136 25 137 132 137 27 137 131 138 132 138 25 138 32 139 133 139 34 139 34 140 134 140 36 140 133 141 134 141 34 141 36 142 135 142 38 142 134 143 135 143 36 143 40 144 136 144 42 144 38 145 136 145 40 145 135 146 136 146 38 146 136 147 137 147 42 147 48 148 138 148 50 148 138 149 139 149 50 149 50 150 139 150 52 150 139 151 140 151 52 151 52 152 140 152 54 152 140 153 141 153 54 153 56 154 141 154 58 154 54 155 141 155 56 155 64 156 142 156 66 156 66 157 143 157 68 157 142 158 143 158 66 158 143 159 144 159 68 159 68 160 144 160 70 160 70 161 145 161 72 161 144 162 145 162 70 162 78 163 146 163 80 163 146 164 147 164 80 164 80 165 148 165 82 165 147 166 148 166 80 166 82 167 149 167 85 167 148 168 149 168 82 168 85 169 150 169 87 169 149 170 150 170 85 170 87 171 151 171 89 171 150 172 151 172 87 172 95 173 152 173 97 173 153 174 152 174 95 174 99 175 154 175 101 175 97 176 154 176 99 176 152 177 154 177 97 177 101 178 155 178 103 178 154 179 155 179 101 179 155 180 156 180 103 180 109 181 157 181 111 181 157 182 158 182 111 182 113 183 159 183 115 183 111 184 159 184 113 184 158 185 159 185 111 185 115 186 160 186 117 186 159 187 160 187 115 187 117 188 161 188 119 188 160 189 161 189 117 189 119 190 162 190 121 190 161 191 162 191 119 191 15 192 163 192 17 192 12 193 163 193 15 193 163 194 164 194 17 194 12 195 164 195 163 195 128 196 164 196 12 196 17 197 164 197 129 197 165 198 164 198 128 198 166 199 164 199 165 199 129 200 164 200 166 200 29 201 167 201 32 201 27 202 167 202 29 202 32 203 167 203 133 203 167 204 168 204 133 204 27 205 168 205 167 205 132 206 168 206 27 206 169 207 168 207 132 207 170 208 168 208 169 208 133 209 168 209 170 209 45 210 171 210 48 210 44 211 171 211 45 211 42 212 171 212 44 212 42 213 172 213 171 213 171 214 172 214 48 214 173 215 172 215 137 215 138 216 172 216 173 216 137 217 172 217 42 217 48 218 172 218 138 218 64 219 174 219 142 219 62 220 174 220 64 220 60 221 174 221 62 221 58 222 174 222 60 222 141 223 175 223 58 223 174 224 175 224 142 224 58 225 175 225 174 225 176 226 175 226 141 226 177 227 175 227 176 227 142 228 175 228 177 228 76 229 178 229 78 229 74 230 178 230 76 230 72 231 178 231 74 231 178 232 179 232 78 232 72 233 179 233 178 233 145 234 179 234 72 234 78 235 179 235 146 235 180 236 179 236 145 236 181 237 179 237 180 237 146 238 179 238 181 238 93 239 182 239 95 239 91 240 182 240 93 240 89 241 182 241 91 241 151 242 182 242 89 242 95 243 182 243 153 243 151 244 183 244 182 244 182 245 183 245 153 245 184 246 183 246 151 246 185 247 183 247 184 247 153 248 183 248 185 248 107 249 186 249 109 249 105 250 186 250 107 250 103 251 186 251 105 251 187 252 188 252 156 252 189 253 188 253 187 253 157 254 188 254 189 254 156 255 188 255 103 255 109 256 188 256 157 256 103 257 188 257 186 257 186 258 188 258 109 258 162 259 190 259 121 259 121 260 190 260 191 260 190 261 192 261 191 261 191 262 192 262 193 262 192 263 194 263 193 263 193 264 194 264 195 264 194 265 196 265 195 265 195 266 196 266 197 266 196 267 198 267 197 267 197 268 198 268 199 268 200 269 201 269 202 269 203 270 204 270 205 270 202 271 204 271 203 271 201 272 204 272 202 272 204 273 206 273 205 273 205 274 206 274 207 274 207 275 208 275 209 275 206 276 208 276 207 276 210 277 211 277 212 277 212 278 213 278 214 278 211 279 213 279 212 279 214 280 215 280 216 280 213 281 215 281 214 281 217 282 218 282 219 282 216 283 218 283 217 283 215 284 218 284 216 284 218 285 220 285 219 285 221 286 222 286 223 286 222 287 224 287 223 287 223 288 224 288 225 288 224 289 226 289 225 289 225 290 226 290 227 290 226 291 228 291 227 291 229 292 228 292 230 292 227 293 228 293 229 293 231 294 232 294 233 294 233 295 234 295 235 295 232 296 234 296 233 296 234 297 236 297 235 297 235 298 236 298 237 298 237 299 238 299 239 299 236 300 238 300 237 300 240 301 241 301 242 301 241 302 243 302 242 302 242 303 244 303 245 303 243 304 244 304 242 304 245 305 246 305 247 305 244 306 246 306 245 306 247 307 248 307 249 307 246 308 248 308 247 308 249 309 250 309 251 309 248 310 250 310 249 310 252 311 253 311 254 311 255 312 253 312 252 312 256 313 257 313 258 313 254 314 257 314 256 314 253 315 257 315 254 315 258 316 259 316 260 316 257 317 259 317 258 317 259 318 261 318 260 318 262 319 263 319 264 319 263 320 265 320 264 320 266 321 267 321 268 321 264 322 267 322 266 322 265 323 267 323 264 323 268 324 269 324 270 324 267 325 269 325 268 325 270 326 271 326 272 326 269 327 271 327 270 327 272 328 123 328 1 328 271 329 123 329 272 329 273 330 274 330 200 330 199 331 274 331 273 331 274 332 275 332 200 332 199 333 275 333 274 333 198 334 275 334 199 334 200 335 275 335 201 335 276 336 275 336 198 336 277 337 275 337 276 337 201 338 275 338 277 338 278 339 279 339 210 339 209 340 279 340 278 340 210 341 279 341 211 341 279 342 280 342 211 342 209 343 280 343 279 343 208 344 280 344 209 344 281 345 280 345 208 345 282 346 280 346 281 346 211 347 280 347 282 347 283 348 284 348 221 348 285 349 284 349 283 349 219 350 284 350 285 350 219 351 286 351 284 351 284 352 286 352 221 352 287 353 286 353 220 353 222 354 286 354 287 354 220 355 286 355 219 355 221 356 286 356 222 356 288 357 289 357 231 357 290 358 289 358 288 358 230 359 289 359 290 359 231 360 289 360 232 360 228 361 291 361 230 361 289 362 291 362 232 362 230 363 291 363 289 363 292 364 291 364 228 364 293 365 291 365 292 365 232 366 291 366 293 366 294 367 295 367 240 367 296 368 295 368 294 368 239 369 295 369 296 369 295 370 297 370 240 370 239 371 297 371 295 371 238 372 297 372 239 372 240 373 297 373 241 373 298 374 297 374 238 374 299 375 297 375 298 375 241 376 297 376 299 376 300 377 301 377 252 377 302 378 301 378 300 378 251 379 301 379 302 379 250 380 301 380 251 380 252 381 301 381 255 381 250 382 303 382 301 382 301 383 303 383 255 383 304 384 303 384 250 384 305 385 303 385 304 385 255 386 303 386 305 386 306 387 307 387 262 387 308 388 307 388 306 388 260 389 307 389 308 389 309 390 310 390 261 390 311 391 310 391 309 391 263 392 310 392 311 392 261 393 310 393 260 393 262 394 310 394 263 394 260 395 310 395 307 395 307 396 310 396 262 396 122 397 121 397 312 397 312 398 191 398 313 398 121 399 191 399 312 399 314 400 193 400 315 400 313 401 193 401 314 401 191 402 193 402 313 402 315 403 195 403 316 403 193 404 195 404 315 404 316 405 197 405 317 405 195 406 197 406 316 406 317 407 199 407 318 407 197 408 199 408 317 408 319 409 273 409 320 409 318 410 273 410 319 410 199 411 273 411 318 411 320 412 200 412 321 412 273 413 200 413 320 413 321 414 202 414 322 414 200 415 202 415 321 415 322 416 203 416 323 416 202 417 203 417 322 417 323 418 205 418 324 418 203 419 205 419 323 419 324 420 207 420 325 420 205 421 207 421 324 421 325 422 209 422 326 422 207 423 209 423 325 423 326 424 278 424 327 424 209 425 278 425 326 425 328 426 210 426 329 426 327 427 210 427 328 427 278 428 210 428 327 428 329 429 212 429 330 429 210 430 212 430 329 430 330 431 214 431 331 431 212 432 214 432 330 432 331 433 216 433 332 433 214 434 216 434 331 434 332 435 217 435 333 435 216 436 217 436 332 436 217 437 219 437 333 437 333 438 219 438 334 438 219 439 285 439 334 439 285 440 283 440 334 440 335 441 283 441 336 441 334 442 283 442 335 442 283 443 221 443 336 443 336 444 221 444 337 444 221 445 223 445 337 445 337 446 223 446 338 446 223 447 225 447 338 447 338 448 225 448 339 448 225 449 227 449 339 449 339 450 227 450 340 450 227 451 229 451 340 451 340 452 229 452 341 452 229 453 230 453 341 453 341 454 230 454 342 454 230 455 290 455 342 455 342 456 290 456 343 456 290 457 288 457 343 457 343 458 288 458 344 458 288 459 231 459 344 459 344 460 231 460 345 460 231 461 233 461 345 461 345 462 233 462 346 462 233 463 235 463 346 463 346 464 235 464 347 464 235 465 237 465 347 465 347 466 237 466 348 466 237 467 239 467 348 467 348 468 239 468 349 468 239 469 296 469 349 469 349 470 296 470 350 470 296 471 294 471 350 471 350 472 294 472 351 472 351 473 240 473 352 473 294 474 240 474 351 474 352 475 242 475 353 475 240 476 242 476 352 476 242 477 245 477 353 477 354 478 245 478 355 478 353 479 245 479 354 479 355 480 247 480 356 480 245 481 247 481 355 481 356 482 249 482 357 482 247 483 249 483 356 483 357 484 251 484 358 484 249 485 251 485 357 485 251 486 302 486 358 486 358 487 302 487 359 487 302 488 300 488 359 488 359 489 300 489 360 489 300 490 252 490 360 490 360 491 252 491 361 491 252 492 254 492 361 492 361 493 254 493 362 493 254 494 256 494 362 494 362 495 256 495 363 495 256 496 258 496 363 496 363 497 258 497 364 497 258 498 260 498 364 498 364 499 260 499 365 499 260 500 308 500 365 500 365 501 308 501 366 501 308 502 306 502 366 502 366 503 306 503 367 503 306 504 262 504 367 504 367 505 262 505 368 505 262 506 264 506 368 506 368 507 264 507 369 507 264 508 266 508 369 508 369 509 266 509 370 509 266 510 268 510 370 510 370 511 268 511 371 511 268 512 270 512 371 512 371 513 270 513 372 513 372 514 272 514 373 514 270 515 272 515 372 515 373 516 1 516 0 516 272 517 1 517 373 517 92 518 86 518 90 518 90 519 86 519 88 519 94 520 96 520 92 520 86 521 83 521 84 521 100 522 102 522 98 522 98 523 102 523 96 523 92 524 79 524 86 524 96 525 79 525 92 525 86 526 79 526 83 526 83 527 79 527 81 527 79 528 73 528 77 528 77 529 73 529 75 529 108 530 110 530 106 530 106 531 110 531 104 531 104 532 110 532 102 532 112 533 114 533 110 533 73 534 67 534 71 534 71 535 67 535 69 535 96 536 63 536 79 536 79 537 63 537 73 537 73 538 63 538 67 538 67 539 63 539 65 539 63 540 59 540 61 540 122 541 312 541 120 541 120 542 312 542 118 542 118 543 312 543 116 543 116 544 312 544 114 544 63 545 57 545 59 545 313 546 314 546 312 546 57 547 53 547 55 547 53 548 49 548 51 548 102 549 317 549 96 549 110 550 317 550 102 550 316 551 317 551 315 551 315 552 317 552 314 552 312 553 317 553 114 553 114 554 317 554 110 554 314 555 317 555 312 555 49 556 46 556 47 556 57 557 46 557 53 557 53 558 46 558 49 558 63 559 46 559 57 559 318 560 319 560 317 560 319 561 320 561 317 561 46 562 41 562 43 562 63 563 39 563 46 563 46 564 39 564 41 564 322 565 323 565 321 565 321 566 323 566 320 566 39 567 33 567 37 567 37 568 33 568 35 568 324 569 325 569 323 569 326 570 327 570 325 570 33 571 26 571 31 571 31 572 26 572 30 572 30 573 26 573 28 573 39 574 26 574 33 574 325 575 329 575 323 575 327 576 329 576 325 576 328 577 329 577 327 577 320 578 331 578 317 578 323 579 331 579 320 579 330 580 331 580 329 580 329 581 331 581 323 581 26 582 20 582 24 582 24 583 20 583 22 583 39 584 18 584 26 584 26 585 18 585 20 585 332 586 333 586 331 586 335 587 336 587 334 587 334 588 336 588 333 588 14 589 11 589 13 589 333 590 337 590 331 590 336 591 337 591 333 591 18 592 9 592 16 592 16 593 9 593 14 593 14 594 9 594 11 594 39 595 9 595 18 595 338 596 339 596 337 596 9 597 2 597 7 597 7 598 2 598 5 598 5 599 2 599 4 599 341 600 342 600 340 600 340 601 342 601 339 601 9 602 0 602 2 602 342 603 343 603 339 603 9 604 373 604 0 604 63 605 373 605 39 605 96 606 373 606 63 606 39 607 373 607 9 607 373 608 371 608 372 608 343 609 346 609 339 609 345 610 346 610 344 610 344 611 346 611 343 611 371 612 369 612 370 612 373 613 369 613 371 613 373 614 368 614 369 614 348 615 349 615 347 615 347 616 349 616 346 616 373 617 367 617 368 617 373 618 366 618 367 618 350 619 351 619 349 619 349 620 351 620 346 620 352 621 353 621 351 621 366 622 363 622 365 622 365 623 363 623 364 623 96 624 363 624 373 624 373 625 363 625 366 625 317 626 363 626 96 626 353 627 354 627 351 627 317 628 362 628 363 628 351 629 355 629 346 629 354 630 355 630 351 630 339 631 355 631 337 631 337 632 355 632 331 632 346 633 355 633 339 633 362 634 360 634 361 634 360 635 358 635 359 635 357 636 358 636 356 636 356 637 358 637 355 637 362 638 358 638 360 638 355 639 358 639 331 639 331 640 358 640 317 640 317 641 358 641 362 641 374 642 185 642 184 642 374 643 153 643 185 643 184 644 151 644 374 644 151 645 150 645 374 645 374 646 152 646 153 646 150 647 149 647 374 647 374 648 154 648 152 648 149 649 148 649 374 649 148 650 147 650 374 650 374 651 155 651 154 651 147 652 146 652 374 652 374 653 156 653 155 653 374 654 187 654 156 654 375 655 187 655 374 655 146 656 181 656 374 656 375 657 189 657 187 657 181 658 180 658 374 658 375 659 157 659 189 659 180 660 145 660 374 660 375 661 158 661 157 661 145 662 144 662 374 662 375 663 159 663 158 663 144 664 143 664 374 664 375 665 160 665 159 665 143 666 142 666 374 666 375 667 161 667 160 667 142 668 177 668 374 668 376 669 162 669 375 669 375 670 162 670 161 670 377 671 190 671 376 671 376 672 190 672 162 672 378 673 192 673 377 673 377 674 192 674 190 674 379 675 194 675 378 675 378 676 194 676 192 676 380 677 196 677 379 677 381 678 196 678 380 678 379 679 196 679 194 679 381 680 198 680 196 680 382 681 198 681 381 681 383 682 276 682 382 682 382 683 276 683 198 683 384 684 277 684 383 684 385 685 277 685 384 685 383 686 277 686 276 686 386 687 201 687 385 687 385 688 201 688 277 688 387 689 204 689 386 689 386 690 204 690 201 690 388 691 206 691 387 691 389 692 206 692 388 692 387 693 206 693 204 693 389 694 208 694 206 694 390 695 208 695 389 695 390 696 281 696 208 696 391 697 281 697 390 697 391 698 392 698 281 698 392 699 282 699 281 699 392 700 393 700 282 700 282 701 393 701 211 701 393 702 394 702 211 702 211 703 394 703 213 703 394 704 395 704 213 704 213 705 395 705 215 705 129 706 396 706 130 706 130 707 396 707 131 707 131 708 396 708 132 708 132 709 396 709 169 709 169 710 396 710 170 710 170 711 396 711 133 711 133 712 396 712 134 712 134 713 396 713 135 713 135 714 396 714 136 714 136 715 396 715 137 715 137 716 396 716 173 716 173 717 396 717 138 717 138 718 396 718 139 718 139 719 396 719 140 719 177 720 396 720 374 720 140 721 396 721 141 721 141 722 396 722 176 722 176 723 396 723 177 723 129 724 166 724 396 724 395 725 397 725 215 725 397 726 398 726 215 726 215 727 398 727 218 727 398 728 399 728 218 728 218 729 399 729 220 729 399 730 400 730 220 730 400 731 401 731 220 731 220 732 401 732 287 732 401 733 402 733 287 733 287 734 402 734 222 734 402 735 403 735 222 735 222 736 404 736 224 736 403 737 404 737 222 737 404 738 405 738 224 738 224 739 405 739 226 739 405 740 406 740 226 740 406 741 407 741 226 741 226 742 407 742 228 742 407 743 408 743 228 743 228 744 408 744 292 744 408 745 409 745 292 745 292 746 409 746 293 746 166 747 410 747 396 747 123 748 410 748 124 748 124 749 410 749 125 749 125 750 410 750 126 750 126 751 410 751 127 751 127 752 410 752 128 752 128 753 410 753 165 753 165 754 410 754 166 754 409 755 411 755 293 755 271 756 412 756 123 756 123 757 412 757 410 757 411 758 413 758 293 758 293 759 413 759 232 759 271 760 414 760 412 760 413 761 415 761 232 761 232 762 415 762 234 762 269 763 416 763 271 763 271 764 416 764 414 764 415 765 417 765 234 765 269 766 418 766 416 766 267 767 418 767 269 767 417 768 419 768 234 768 234 769 419 769 236 769 267 770 420 770 418 770 419 771 421 771 236 771 236 772 421 772 238 772 265 773 422 773 267 773 267 774 422 774 420 774 421 775 423 775 238 775 263 776 424 776 265 776 265 777 424 777 422 777 238 778 425 778 298 778 423 779 425 779 238 779 311 780 426 780 263 780 263 781 426 781 424 781 298 782 427 782 299 782 425 783 427 783 298 783 309 784 428 784 311 784 311 785 428 785 426 785 299 786 429 786 241 786 427 787 429 787 299 787 261 788 430 788 309 788 309 789 430 789 428 789 241 790 431 790 243 790 429 791 431 791 241 791 259 792 432 792 261 792 261 793 432 793 430 793 243 794 433 794 244 794 431 795 433 795 243 795 257 796 434 796 259 796 259 797 434 797 432 797 244 798 435 798 246 798 433 799 435 799 244 799 257 800 436 800 434 800 246 801 437 801 248 801 435 802 437 802 246 802 257 803 438 803 436 803 253 804 438 804 257 804 437 805 439 805 248 805 248 806 439 806 250 806 255 807 440 807 253 807 253 808 440 808 438 808 250 809 441 809 304 809 439 810 441 810 250 810 305 811 442 811 255 811 255 812 442 812 440 812 441 813 443 813 304 813 304 814 444 814 305 814 443 815 444 815 304 815 305 816 444 816 442 816 445 817 396 817 446 817 374 818 396 818 445 818 447 819 448 819 445 819 447 820 445 820 446 820 445 821 448 821 449 821 450 822 445 822 449 822 375 823 374 823 445 823 375 824 445 824 450 824 451 825 452 825 453 825 454 826 455 826 451 826 451 827 455 827 452 827 453 828 456 828 457 828 452 829 456 829 453 829 454 830 458 830 455 830 459 831 458 831 454 831 456 832 460 832 457 832 457 833 460 833 461 833 459 834 462 834 458 834 463 835 462 835 459 835 460 836 464 836 461 836 461 837 464 837 465 837 466 838 467 838 463 838 463 839 467 839 462 839 464 840 468 840 465 840 465 841 468 841 469 841 470 842 471 842 466 842 466 843 471 843 467 843 468 844 472 844 469 844 469 845 472 845 473 845 474 846 475 846 470 846 470 847 475 847 471 847 473 848 476 848 477 848 472 849 476 849 473 849 478 850 479 850 474 850 474 851 479 851 475 851 477 852 480 852 481 852 476 853 480 853 477 853 482 854 483 854 478 854 478 855 483 855 479 855 481 856 484 856 485 856 480 857 484 857 481 857 486 858 487 858 482 858 482 859 487 859 483 859 485 860 488 860 489 860 484 861 488 861 485 861 490 862 491 862 486 862 486 863 491 863 487 863 489 864 492 864 493 864 488 865 492 865 489 865 494 866 495 866 490 866 490 867 495 867 491 867 493 868 496 868 497 868 492 869 496 869 493 869 498 870 499 870 494 870 494 871 499 871 495 871 497 872 500 872 501 872 496 873 500 873 497 873 502 874 503 874 498 874 498 875 503 875 499 875 501 876 504 876 505 876 500 877 504 877 501 877 506 878 507 878 502 878 502 879 507 879 503 879 505 880 508 880 509 880 504 881 508 881 505 881 510 882 511 882 506 882 506 883 511 883 507 883 509 884 512 884 513 884 508 885 512 885 509 885 450 886 514 886 510 886 510 887 514 887 511 887 512 888 515 888 513 888 513 889 515 889 516 889 516 890 517 890 518 890 515 891 517 891 516 891 518 892 519 892 520 892 517 893 519 893 518 893 520 894 521 894 522 894 519 895 521 895 520 895 522 896 523 896 524 896 521 897 523 897 522 897 524 898 525 898 526 898 523 899 525 899 524 899 526 900 527 900 528 900 525 901 527 901 526 901 527 902 529 902 528 902 528 903 529 903 530 903 529 904 531 904 530 904 530 905 531 905 532 905 531 906 533 906 532 906 532 907 533 907 534 907 533 908 535 908 534 908 534 909 535 909 536 909 535 910 537 910 536 910 537 911 538 911 536 911 537 912 539 912 538 912 539 913 540 913 538 913 539 914 541 914 540 914 449 915 542 915 450 915 450 916 542 916 514 916 449 917 543 917 542 917 541 918 544 918 540 918 449 919 545 919 543 919 541 920 546 920 544 920 449 921 547 921 545 921 449 922 548 922 547 922 546 923 549 923 544 923 546 924 550 924 549 924 449 925 551 925 548 925 449 926 552 926 551 926 449 927 553 927 552 927 550 928 554 928 549 928 555 929 554 929 550 929 449 930 556 930 553 930 449 931 557 931 556 931 555 932 558 932 554 932 559 933 558 933 555 933 559 934 560 934 558 934 561 935 560 935 559 935 561 936 562 936 560 936 563 937 562 937 561 937 563 938 564 938 562 938 565 939 564 939 563 939 565 940 566 940 564 940 567 941 566 941 565 941 568 942 569 942 567 942 567 943 569 943 566 943 570 944 571 944 568 944 568 945 571 945 569 945 570 946 572 946 571 946 573 947 572 947 570 947 573 948 574 948 572 948 575 949 574 949 573 949 575 950 576 950 574 950 577 951 576 951 575 951 577 952 578 952 576 952 579 953 578 953 577 953 579 954 580 954 578 954 581 955 580 955 579 955 581 956 582 956 580 956 583 957 582 957 581 957 583 958 584 958 582 958 585 959 584 959 583 959 585 960 586 960 584 960 587 961 586 961 585 961 587 962 588 962 586 962 588 963 589 963 586 963 590 964 589 964 591 964 591 965 589 965 592 965 592 966 589 966 593 966 593 967 589 967 594 967 594 968 589 968 595 968 595 969 589 969 596 969 596 970 589 970 597 970 597 971 589 971 598 971 598 972 589 972 588 972 449 973 589 973 557 973 557 974 589 974 590 974 446 975 410 975 586 975 446 976 586 976 589 976 447 977 446 977 589 977 396 978 410 978 446 978 589 979 448 979 447 979 589 980 449 980 448 980 376 981 375 981 450 981 376 982 450 982 510 982 377 983 510 983 506 983 377 984 376 984 510 984 378 985 506 985 502 985 378 986 377 986 506 986 379 987 502 987 498 987 379 988 378 988 502 988 380 989 498 989 494 989 380 990 379 990 498 990 381 991 494 991 490 991 381 992 380 992 494 992 382 993 490 993 486 993 382 994 381 994 490 994 383 995 486 995 482 995 383 996 382 996 486 996 384 997 482 997 478 997 384 998 383 998 482 998 385 999 478 999 474 999 385 1000 384 1000 478 1000 386 1001 474 1001 470 1001 386 1002 385 1002 474 1002 387 1003 470 1003 466 1003 387 1004 386 1004 470 1004 388 1005 466 1005 463 1005 388 1006 387 1006 466 1006 389 1007 463 1007 459 1007 389 1008 388 1008 463 1008 390 1009 459 1009 454 1009 390 1010 389 1010 459 1010 391 1011 390 1011 454 1011 392 1012 391 1012 454 1012 392 1013 454 1013 451 1013 393 1014 392 1014 451 1014 393 1015 451 1015 453 1015 394 1016 393 1016 453 1016 394 1017 453 1017 457 1017 395 1018 394 1018 457 1018 395 1019 457 1019 461 1019 397 1020 395 1020 461 1020 397 1021 461 1021 465 1021 398 1022 465 1022 469 1022 398 1023 397 1023 465 1023 399 1024 469 1024 473 1024 399 1025 398 1025 469 1025 400 1026 473 1026 477 1026 400 1027 399 1027 473 1027 401 1028 477 1028 481 1028 401 1029 400 1029 477 1029 402 1030 481 1030 485 1030 402 1031 401 1031 481 1031 403 1032 485 1032 489 1032 403 1033 402 1033 485 1033 404 1034 489 1034 493 1034 404 1035 403 1035 489 1035 405 1036 493 1036 497 1036 405 1037 404 1037 493 1037 406 1038 497 1038 501 1038 406 1039 405 1039 497 1039 407 1040 406 1040 501 1040 408 1041 501 1041 505 1041 408 1042 407 1042 501 1042 409 1043 505 1043 509 1043 409 1044 408 1044 505 1044 411 1045 509 1045 513 1045 411 1046 409 1046 509 1046 413 1047 513 1047 516 1047 413 1048 411 1048 513 1048 415 1049 516 1049 518 1049 415 1050 413 1050 516 1050 417 1051 518 1051 520 1051 417 1052 415 1052 518 1052 419 1053 520 1053 522 1053 419 1054 417 1054 520 1054 421 1055 522 1055 524 1055 421 1056 419 1056 522 1056 423 1057 524 1057 526 1057 423 1058 421 1058 524 1058 425 1059 526 1059 528 1059 425 1060 423 1060 526 1060 427 1061 528 1061 530 1061 427 1062 425 1062 528 1062 429 1063 427 1063 530 1063 429 1064 530 1064 532 1064 431 1065 429 1065 532 1065 431 1066 532 1066 534 1066 433 1067 534 1067 536 1067 433 1068 431 1068 534 1068 435 1069 433 1069 536 1069 437 1070 435 1070 536 1070 437 1071 536 1071 538 1071 439 1072 437 1072 538 1072 439 1073 538 1073 540 1073 441 1074 439 1074 540 1074 441 1075 540 1075 544 1075 443 1076 441 1076 544 1076 443 1077 544 1077 549 1077 444 1078 443 1078 549 1078 444 1079 549 1079 554 1079 442 1080 444 1080 554 1080 442 1081 554 1081 558 1081 440 1082 442 1082 558 1082 440 1083 558 1083 560 1083 438 1084 440 1084 560 1084 438 1085 560 1085 562 1085 436 1086 438 1086 562 1086 436 1087 562 1087 564 1087 434 1088 564 1088 566 1088 434 1089 436 1089 564 1089 432 1090 566 1090 569 1090 432 1091 434 1091 566 1091 430 1092 569 1092 571 1092 430 1093 432 1093 569 1093 428 1094 571 1094 572 1094 428 1095 430 1095 571 1095 426 1096 572 1096 574 1096 426 1097 428 1097 572 1097 424 1098 426 1098 574 1098 422 1099 574 1099 576 1099 422 1100 424 1100 574 1100 420 1101 576 1101 578 1101 420 1102 422 1102 576 1102 418 1103 578 1103 580 1103 418 1104 420 1104 578 1104 416 1105 580 1105 582 1105 416 1106 418 1106 580 1106 414 1107 582 1107 584 1107 414 1108 416 1108 582 1108 412 1109 584 1109 586 1109 412 1110 414 1110 584 1110 410 1111 412 1111 586 1111 599 1112 590 1112 600 1112 557 1113 590 1113 599 1113 601 1114 542 1114 543 1114 602 1115 543 1115 545 1115 602 1116 601 1116 543 1116 603 1117 602 1117 545 1117 604 1118 545 1118 547 1118 604 1119 603 1119 545 1119 605 1120 547 1120 548 1120 605 1121 604 1121 547 1121 606 1122 548 1122 551 1122 606 1123 605 1123 548 1123 607 1124 551 1124 552 1124 607 1125 606 1125 551 1125 608 1126 552 1126 553 1126 608 1127 607 1127 552 1127 609 1128 553 1128 556 1128 609 1129 608 1129 553 1129 599 1130 556 1130 557 1130 599 1131 609 1131 556 1131 610 1132 542 1132 601 1132 514 1133 542 1133 610 1133 511 1134 514 1134 610 1134 511 1135 610 1135 611 1135 507 1136 511 1136 611 1136 507 1137 611 1137 612 1137 503 1138 507 1138 612 1138 503 1139 612 1139 613 1139 499 1140 503 1140 613 1140 499 1141 613 1141 614 1141 495 1142 499 1142 614 1142 495 1143 614 1143 615 1143 491 1144 495 1144 615 1144 491 1145 615 1145 616 1145 487 1146 491 1146 616 1146 487 1147 616 1147 617 1147 483 1148 487 1148 617 1148 483 1149 617 1149 618 1149 479 1150 483 1150 618 1150 479 1151 618 1151 619 1151 475 1152 619 1152 620 1152 475 1153 479 1153 619 1153 471 1154 620 1154 621 1154 471 1155 475 1155 620 1155 467 1156 621 1156 622 1156 467 1157 471 1157 621 1157 462 1158 622 1158 623 1158 462 1159 467 1159 622 1159 458 1160 623 1160 624 1160 458 1161 462 1161 623 1161 455 1162 624 1162 625 1162 455 1163 458 1163 624 1163 452 1164 625 1164 626 1164 452 1165 455 1165 625 1165 456 1166 626 1166 627 1166 456 1167 452 1167 626 1167 460 1168 456 1168 627 1168 460 1169 627 1169 628 1169 464 1170 460 1170 628 1170 464 1171 628 1171 629 1171 468 1172 464 1172 629 1172 468 1173 629 1173 630 1173 472 1174 468 1174 630 1174 472 1175 630 1175 631 1175 476 1176 472 1176 631 1176 476 1177 631 1177 632 1177 480 1178 476 1178 632 1178 480 1179 632 1179 633 1179 484 1180 480 1180 633 1180 484 1181 633 1181 634 1181 488 1182 484 1182 634 1182 488 1183 634 1183 635 1183 492 1184 488 1184 635 1184 492 1185 635 1185 636 1185 496 1186 492 1186 636 1186 496 1187 636 1187 637 1187 500 1188 496 1188 637 1188 500 1189 637 1189 638 1189 504 1190 500 1190 638 1190 504 1191 638 1191 639 1191 508 1192 504 1192 639 1192 508 1193 639 1193 640 1193 512 1194 508 1194 640 1194 512 1195 640 1195 641 1195 515 1196 512 1196 641 1196 515 1197 641 1197 642 1197 517 1198 515 1198 642 1198 517 1199 642 1199 643 1199 519 1200 517 1200 643 1200 519 1201 643 1201 644 1201 521 1202 519 1202 644 1202 521 1203 644 1203 645 1203 523 1204 646 1204 647 1204 523 1205 521 1205 645 1205 523 1206 645 1206 646 1206 525 1207 523 1207 647 1207 527 1208 647 1208 648 1208 527 1209 525 1209 647 1209 529 1210 648 1210 649 1210 529 1211 649 1211 650 1211 529 1212 527 1212 648 1212 531 1213 529 1213 650 1213 533 1214 650 1214 651 1214 533 1215 531 1215 650 1215 535 1216 651 1216 652 1216 535 1217 533 1217 651 1217 537 1218 535 1218 652 1218 537 1219 652 1219 653 1219 539 1220 537 1220 653 1220 539 1221 653 1221 654 1221 541 1222 654 1222 655 1222 541 1223 539 1223 654 1223 546 1224 655 1224 656 1224 546 1225 541 1225 655 1225 550 1226 656 1226 657 1226 550 1227 546 1227 656 1227 555 1228 657 1228 658 1228 555 1229 550 1229 657 1229 559 1230 658 1230 659 1230 559 1231 659 1231 660 1231 559 1232 555 1232 658 1232 561 1233 559 1233 660 1233 563 1234 660 1234 661 1234 563 1235 561 1235 660 1235 565 1236 661 1236 662 1236 565 1237 563 1237 661 1237 567 1238 662 1238 663 1238 567 1239 565 1239 662 1239 568 1240 663 1240 664 1240 568 1241 567 1241 663 1241 570 1242 664 1242 665 1242 570 1243 568 1243 664 1243 573 1244 665 1244 666 1244 573 1245 570 1245 665 1245 575 1246 666 1246 667 1246 575 1247 573 1247 666 1247 577 1248 667 1248 668 1248 577 1249 575 1249 667 1249 579 1250 668 1250 669 1250 579 1251 577 1251 668 1251 581 1252 669 1252 670 1252 581 1253 579 1253 669 1253 583 1254 670 1254 671 1254 583 1255 581 1255 670 1255 585 1256 671 1256 672 1256 585 1257 672 1257 673 1257 585 1258 583 1258 671 1258 587 1259 585 1259 673 1259 674 1260 587 1260 673 1260 588 1261 587 1261 674 1261 675 1262 600 1262 590 1262 675 1263 590 1263 591 1263 676 1264 591 1264 592 1264 676 1265 675 1265 591 1265 677 1266 592 1266 593 1266 677 1267 676 1267 592 1267 678 1268 593 1268 594 1268 678 1269 677 1269 593 1269 679 1270 594 1270 595 1270 679 1271 678 1271 594 1271 680 1272 595 1272 596 1272 680 1273 679 1273 595 1273 681 1274 596 1274 597 1274 681 1275 680 1275 596 1275 682 1276 597 1276 598 1276 682 1277 681 1277 597 1277 674 1278 598 1278 588 1278 674 1279 682 1279 598 1279 626 1280 683 1280 684 1280 625 1281 685 1281 683 1281 625 1282 683 1282 626 1282 627 1283 684 1283 686 1283 627 1284 626 1284 684 1284 624 1285 685 1285 625 1285 624 1286 687 1286 685 1286 628 1287 627 1287 686 1287 628 1288 686 1288 688 1288 623 1289 687 1289 624 1289 623 1290 689 1290 687 1290 629 1291 628 1291 688 1291 629 1292 688 1292 690 1292 622 1293 689 1293 623 1293 622 1294 691 1294 689 1294 630 1295 629 1295 690 1295 630 1296 690 1296 692 1296 621 1297 691 1297 622 1297 621 1298 693 1298 691 1298 631 1299 630 1299 692 1299 631 1300 692 1300 694 1300 620 1301 695 1301 693 1301 620 1302 693 1302 621 1302 632 1303 631 1303 694 1303 632 1304 694 1304 696 1304 619 1305 695 1305 620 1305 619 1306 697 1306 695 1306 633 1307 632 1307 696 1307 633 1308 696 1308 698 1308 618 1309 699 1309 697 1309 618 1310 697 1310 619 1310 634 1311 698 1311 700 1311 634 1312 633 1312 698 1312 617 1313 699 1313 618 1313 617 1314 701 1314 699 1314 635 1315 700 1315 702 1315 635 1316 634 1316 700 1316 616 1317 701 1317 617 1317 616 1318 703 1318 701 1318 636 1319 635 1319 702 1319 636 1320 702 1320 704 1320 615 1321 705 1321 703 1321 615 1322 703 1322 616 1322 637 1323 704 1323 706 1323 637 1324 636 1324 704 1324 614 1325 705 1325 615 1325 614 1326 707 1326 705 1326 638 1327 706 1327 708 1327 638 1328 637 1328 706 1328 613 1329 709 1329 707 1329 613 1330 707 1330 614 1330 639 1331 708 1331 710 1331 639 1332 638 1332 708 1332 612 1333 709 1333 613 1333 612 1334 711 1334 709 1334 640 1335 639 1335 710 1335 640 1336 710 1336 712 1336 611 1337 713 1337 711 1337 611 1338 711 1338 612 1338 641 1339 712 1339 714 1339 641 1340 640 1340 712 1340 610 1341 713 1341 611 1341 642 1342 714 1342 715 1342 642 1343 641 1343 714 1343 643 1344 715 1344 716 1344 643 1345 642 1345 715 1345 644 1346 716 1346 717 1346 644 1347 643 1347 716 1347 645 1348 717 1348 718 1348 645 1349 644 1349 717 1349 646 1350 718 1350 719 1350 646 1351 645 1351 718 1351 647 1352 719 1352 720 1352 647 1353 646 1353 719 1353 648 1354 720 1354 721 1354 648 1355 647 1355 720 1355 649 1356 648 1356 721 1356 649 1357 721 1357 722 1357 650 1358 649 1358 722 1358 650 1359 722 1359 723 1359 651 1360 723 1360 724 1360 651 1361 650 1361 723 1361 652 1362 651 1362 724 1362 652 1363 724 1363 725 1363 653 1364 652 1364 725 1364 653 1365 725 1365 726 1365 654 1366 726 1366 727 1366 654 1367 653 1367 726 1367 655 1368 727 1368 728 1368 655 1369 654 1369 727 1369 601 1370 729 1370 713 1370 601 1371 713 1371 610 1371 602 1372 729 1372 601 1372 603 1373 729 1373 602 1373 656 1374 728 1374 730 1374 656 1375 655 1375 728 1375 604 1376 729 1376 603 1376 605 1377 729 1377 604 1377 657 1378 730 1378 731 1378 657 1379 656 1379 730 1379 606 1380 729 1380 605 1380 607 1381 729 1381 606 1381 608 1382 729 1382 607 1382 658 1383 657 1383 731 1383 732 1384 658 1384 731 1384 609 1385 729 1385 608 1385 599 1386 729 1386 609 1386 659 1387 658 1387 732 1387 733 1388 659 1388 732 1388 660 1389 659 1389 733 1389 734 1390 660 1390 733 1390 661 1391 660 1391 734 1391 735 1392 662 1392 661 1392 735 1393 661 1393 734 1393 736 1394 663 1394 662 1394 736 1395 662 1395 735 1395 737 1396 664 1396 663 1396 737 1397 663 1397 736 1397 738 1398 665 1398 664 1398 738 1399 664 1399 737 1399 739 1400 666 1400 665 1400 739 1401 665 1401 738 1401 740 1402 667 1402 666 1402 740 1403 666 1403 739 1403 741 1404 668 1404 667 1404 741 1405 667 1405 740 1405 742 1406 668 1406 741 1406 742 1407 669 1407 668 1407 743 1408 670 1408 669 1408 743 1409 669 1409 742 1409 744 1410 670 1410 743 1410 744 1411 671 1411 670 1411 745 1412 671 1412 744 1412 745 1413 672 1413 671 1413 746 1414 672 1414 745 1414 746 1415 673 1415 672 1415 747 1416 673 1416 746 1416 674 1417 673 1417 747 1417 748 1418 674 1418 747 1418 748 1419 682 1419 674 1419 748 1420 681 1420 682 1420 748 1421 680 1421 681 1421 748 1422 679 1422 680 1422 748 1423 678 1423 679 1423 748 1424 677 1424 678 1424 748 1425 676 1425 677 1425 748 1426 675 1426 676 1426 748 1427 600 1427 675 1427 748 1428 729 1428 599 1428 748 1429 599 1429 600 1429 749 1430 748 1430 750 1430 751 1431 749 1431 752 1431 753 1432 749 1432 751 1432 729 1433 753 1433 754 1433 729 1434 749 1434 753 1434 729 1435 748 1435 749 1435 753 1436 755 1436 754 1436 753 1437 756 1437 757 1437 753 1438 757 1438 758 1438 753 1439 758 1439 755 1439 713 1440 729 1440 754 1440 713 1441 754 1441 755 1441 758 1442 713 1442 755 1442 711 1443 713 1443 758 1443 757 1444 711 1444 758 1444 709 1445 711 1445 757 1445 756 1446 759 1446 760 1446 756 1447 709 1447 757 1447 707 1448 756 1448 760 1448 707 1449 709 1449 756 1449 705 1450 760 1450 761 1450 705 1451 707 1451 760 1451 703 1452 761 1452 762 1452 703 1453 705 1453 761 1453 701 1454 762 1454 763 1454 701 1455 763 1455 764 1455 701 1456 703 1456 762 1456 699 1457 764 1457 765 1457 699 1458 701 1458 764 1458 697 1459 765 1459 766 1459 697 1460 699 1460 765 1460 695 1461 697 1461 766 1461 695 1462 766 1462 767 1462 693 1463 695 1463 767 1463 693 1464 767 1464 768 1464 691 1465 768 1465 769 1465 691 1466 693 1466 768 1466 689 1467 769 1467 770 1467 689 1468 770 1468 771 1468 689 1469 691 1469 769 1469 772 1470 773 1470 774 1470 687 1471 689 1471 771 1471 687 1472 771 1472 773 1472 687 1473 773 1473 772 1473 685 1474 772 1474 775 1474 685 1475 775 1475 776 1475 685 1476 687 1476 772 1476 683 1477 776 1477 777 1477 683 1478 777 1478 778 1478 683 1479 685 1479 776 1479 684 1480 779 1480 780 1480 684 1481 778 1481 779 1481 684 1482 683 1482 778 1482 686 1483 780 1483 781 1483 686 1484 781 1484 782 1484 686 1485 684 1485 780 1485 688 1486 783 1486 784 1486 688 1487 782 1487 783 1487 688 1488 686 1488 782 1488 690 1489 784 1489 785 1489 690 1490 785 1490 786 1490 690 1491 688 1491 784 1491 692 1492 787 1492 788 1492 692 1493 789 1493 787 1493 692 1494 786 1494 789 1494 692 1495 690 1495 786 1495 694 1496 788 1496 790 1496 694 1497 692 1497 788 1497 696 1498 790 1498 791 1498 696 1499 694 1499 790 1499 698 1500 792 1500 793 1500 698 1501 791 1501 792 1501 698 1502 696 1502 791 1502 700 1503 793 1503 794 1503 700 1504 698 1504 793 1504 702 1505 794 1505 795 1505 702 1506 700 1506 794 1506 704 1507 795 1507 796 1507 704 1508 702 1508 795 1508 706 1509 796 1509 797 1509 706 1510 704 1510 796 1510 708 1511 706 1511 797 1511 708 1512 797 1512 798 1512 710 1513 708 1513 798 1513 710 1514 799 1514 800 1514 710 1515 798 1515 799 1515 712 1516 710 1516 800 1516 712 1517 800 1517 801 1517 714 1518 712 1518 801 1518 714 1519 801 1519 802 1519 715 1520 714 1520 802 1520 715 1521 802 1521 803 1521 716 1522 715 1522 803 1522 716 1523 803 1523 804 1523 717 1524 716 1524 804 1524 717 1525 805 1525 806 1525 717 1526 804 1526 805 1526 718 1527 717 1527 806 1527 718 1528 806 1528 807 1528 719 1529 718 1529 807 1529 719 1530 807 1530 808 1530 720 1531 719 1531 808 1531 720 1532 808 1532 809 1532 721 1533 720 1533 809 1533 721 1534 809 1534 810 1534 722 1535 810 1535 811 1535 722 1536 721 1536 810 1536 723 1537 812 1537 813 1537 723 1538 811 1538 812 1538 723 1539 722 1539 811 1539 724 1540 813 1540 814 1540 724 1541 723 1541 813 1541 725 1542 815 1542 816 1542 725 1543 814 1543 815 1543 725 1544 724 1544 814 1544 726 1545 817 1545 818 1545 726 1546 816 1546 817 1546 726 1547 725 1547 816 1547 727 1548 818 1548 819 1548 727 1549 819 1549 820 1549 727 1550 726 1550 818 1550 728 1551 821 1551 822 1551 728 1552 820 1552 821 1552 728 1553 727 1553 820 1553 730 1554 822 1554 823 1554 730 1555 823 1555 824 1555 730 1556 728 1556 822 1556 731 1557 825 1557 826 1557 731 1558 824 1558 825 1558 731 1559 730 1559 824 1559 827 1560 828 1560 829 1560 732 1561 826 1561 830 1561 732 1562 731 1562 826 1562 733 1563 732 1563 830 1563 733 1564 830 1564 831 1564 733 1565 831 1565 832 1565 733 1566 832 1566 828 1566 734 1567 828 1567 827 1567 734 1568 733 1568 828 1568 734 1569 827 1569 833 1569 734 1570 833 1570 834 1570 735 1571 734 1571 834 1571 735 1572 834 1572 835 1572 736 1573 735 1573 835 1573 736 1574 835 1574 836 1574 737 1575 736 1575 836 1575 737 1576 836 1576 837 1576 738 1577 737 1577 837 1577 738 1578 837 1578 838 1578 839 1579 738 1579 838 1579 839 1580 838 1580 840 1580 739 1581 738 1581 839 1581 740 1582 739 1582 839 1582 740 1583 839 1583 841 1583 741 1584 740 1584 841 1584 741 1585 841 1585 842 1585 742 1586 741 1586 842 1586 742 1587 842 1587 843 1587 743 1588 742 1588 843 1588 743 1589 843 1589 844 1589 744 1590 743 1590 844 1590 744 1591 844 1591 845 1591 745 1592 744 1592 845 1592 745 1593 845 1593 846 1593 746 1594 745 1594 846 1594 746 1595 846 1595 847 1595 747 1596 746 1596 847 1596 747 1597 847 1597 848 1597 748 1598 848 1598 750 1598 748 1599 747 1599 848 1599 750 1600 848 1600 749 1600 839 1601 749 1601 841 1601 841 1602 749 1602 842 1602 842 1603 749 1603 843 1603 843 1604 749 1604 844 1604 844 1605 749 1605 845 1605 845 1606 749 1606 846 1606 846 1607 749 1607 847 1607 847 1608 749 1608 848 1608 749 1609 849 1609 752 1609 850 1610 851 1610 852 1610 850 1611 853 1611 851 1611 849 1612 854 1612 850 1612 850 1613 854 1613 853 1613 749 1614 855 1614 849 1614 849 1615 855 1615 854 1615 749 1616 839 1616 855 1616 839 1617 856 1617 855 1617 839 1618 840 1618 856 1618 857 1619 858 1619 859 1619 860 1620 861 1620 858 1620 859 1621 861 1621 862 1621 862 1622 861 1622 840 1622 858 1623 861 1623 859 1623 863 1624 864 1624 856 1624 856 1625 865 1625 863 1625 864 1626 866 1626 856 1626 840 1627 867 1627 856 1627 861 1628 867 1628 840 1628 856 1629 867 1629 865 1629 866 1630 868 1630 856 1630 861 1631 869 1631 867 1631 869 1632 870 1632 867 1632 869 1633 871 1633 870 1633 872 1634 873 1634 869 1634 869 1635 874 1635 871 1635 873 1636 874 1636 869 1636 868 1637 875 1637 876 1637 876 1638 856 1638 868 1638 877 1639 878 1639 879 1639 880 1640 878 1640 877 1640 881 1641 878 1641 880 1641 882 1642 878 1642 881 1642 883 1643 878 1643 882 1643 884 1644 878 1644 883 1644 885 1645 878 1645 884 1645 886 1646 878 1646 885 1646 887 1647 878 1647 886 1647 888 1648 878 1648 887 1648 889 1649 878 1649 888 1649 890 1650 878 1650 889 1650 891 1651 878 1651 890 1651 892 1652 878 1652 891 1652 893 1653 878 1653 892 1653 894 1654 878 1654 893 1654 895 1655 878 1655 894 1655 896 1656 878 1656 895 1656 897 1657 878 1657 896 1657 898 1658 878 1658 897 1658 899 1659 869 1659 861 1659 900 1660 899 1660 861 1660 900 1661 861 1661 878 1661 901 1662 878 1662 898 1662 901 1663 900 1663 878 1663 902 1664 901 1664 898 1664 903 1665 902 1665 898 1665 904 1666 905 1666 903 1666 904 1667 906 1667 905 1667 904 1668 907 1668 906 1668 904 1669 908 1669 907 1669 904 1670 903 1670 898 1670 909 1671 910 1671 908 1671 909 1672 908 1672 904 1672 911 1673 912 1673 910 1673 911 1674 913 1674 912 1674 911 1675 910 1675 909 1675 914 1676 913 1676 911 1676 914 1677 915 1677 913 1677 916 1678 915 1678 914 1678 916 1679 917 1679 915 1679 918 1680 917 1680 916 1680 918 1681 919 1681 917 1681 920 1682 919 1682 918 1682 921 1683 919 1683 920 1683 922 1684 919 1684 921 1684 923 1685 924 1685 925 1685 923 1686 926 1686 924 1686 923 1687 927 1687 926 1687 923 1688 928 1688 927 1688 923 1689 929 1689 928 1689 923 1690 930 1690 929 1690 923 1691 931 1691 930 1691 923 1692 932 1692 931 1692 923 1693 933 1693 932 1693 923 1694 934 1694 933 1694 923 1695 935 1695 934 1695 923 1696 936 1696 935 1696 923 1697 937 1697 936 1697 923 1698 938 1698 937 1698 923 1699 939 1699 938 1699 923 1700 940 1700 939 1700 923 1701 941 1701 940 1701 923 1702 942 1702 941 1702 923 1703 943 1703 942 1703 923 1704 925 1704 944 1704 945 1705 919 1705 922 1705 946 1706 947 1706 948 1706 946 1707 949 1707 947 1707 950 1708 951 1708 946 1708 952 1709 953 1709 950 1709 952 1710 946 1710 948 1710 952 1711 950 1711 946 1711 954 1712 955 1712 952 1712 956 1713 948 1713 945 1713 956 1714 945 1714 922 1714 956 1715 952 1715 948 1715 956 1716 954 1716 952 1716 957 1717 956 1717 922 1717 958 1718 959 1718 960 1718 961 1719 959 1719 958 1719 962 1720 958 1720 960 1720 963 1721 959 1721 961 1721 963 1722 964 1722 959 1722 965 1723 964 1723 963 1723 965 1724 966 1724 964 1724 967 1725 962 1725 960 1725 968 1726 967 1726 960 1726 968 1727 960 1727 943 1727 969 1728 966 1728 965 1728 970 1729 971 1729 966 1729 970 1730 966 1730 969 1730 972 1731 968 1731 943 1731 973 1732 971 1732 970 1732 973 1733 974 1733 971 1733 975 1734 972 1734 943 1734 975 1735 943 1735 923 1735 976 1736 977 1736 974 1736 976 1737 974 1737 973 1737 978 1738 923 1738 979 1738 978 1739 975 1739 923 1739 980 1740 981 1740 977 1740 980 1741 957 1741 981 1741 980 1742 977 1742 976 1742 982 1743 978 1743 979 1743 983 1744 957 1744 980 1744 984 1745 957 1745 983 1745 984 1746 956 1746 957 1746 985 1747 984 1747 983 1747 986 1748 987 1748 988 1748 986 1749 983 1749 987 1749 989 1750 990 1750 985 1750 991 1751 983 1751 986 1751 992 1752 989 1752 985 1752 993 1753 983 1753 991 1753 993 1754 985 1754 983 1754 993 1755 991 1755 994 1755 993 1756 992 1756 985 1756 995 1757 996 1757 870 1757 995 1758 870 1758 871 1758 997 1759 871 1759 874 1759 997 1760 995 1760 871 1760 998 1761 874 1761 873 1761 998 1762 997 1762 874 1762 999 1763 873 1763 872 1763 999 1764 998 1764 873 1764 899 1765 872 1765 869 1765 899 1766 999 1766 872 1766 867 1767 870 1767 1000 1767 870 1768 996 1768 1000 1768 1001 1769 866 1769 1002 1769 1003 1770 866 1770 1001 1770 868 1771 866 1771 1003 1771 1002 1772 864 1772 1004 1772 866 1773 864 1773 1002 1773 1004 1774 863 1774 1005 1774 864 1775 863 1775 1004 1775 1005 1776 865 1776 1000 1776 863 1777 865 1777 1005 1777 865 1778 867 1778 1000 1778 1006 1779 1003 1779 1007 1779 1008 1780 1006 1780 1009 1780 1010 1781 1011 1781 1012 1781 1010 1782 1008 1782 1011 1782 1010 1783 1006 1783 1008 1783 1013 1784 868 1784 1003 1784 1013 1785 1014 1785 1015 1785 1013 1786 1016 1786 1014 1786 1013 1787 1010 1787 1016 1787 1013 1788 1003 1788 1006 1788 1013 1789 1006 1789 1010 1789 1017 1790 868 1790 1013 1790 875 1791 1018 1791 1019 1791 875 1792 1020 1792 1018 1792 875 1793 1021 1793 1020 1793 875 1794 1017 1794 1021 1794 875 1795 868 1795 1017 1795 1022 1796 875 1796 1019 1796 1023 1797 875 1797 1022 1797 1024 1798 875 1798 1023 1798 1025 1799 875 1799 1024 1799 1026 1800 875 1800 1025 1800 1027 1801 875 1801 1026 1801 1028 1802 875 1802 1027 1802 1029 1803 875 1803 1028 1803 1030 1804 875 1804 1029 1804 1031 1805 875 1805 1030 1805 1032 1806 1033 1806 1034 1806 1035 1807 1036 1807 1033 1807 1035 1808 1037 1808 1036 1808 1038 1809 1032 1809 1039 1809 1040 1810 1032 1810 1038 1810 1040 1811 1035 1811 1033 1811 1040 1812 1041 1812 1035 1812 1040 1813 1033 1813 1032 1813 1042 1814 1038 1814 1043 1814 1042 1815 1040 1815 1038 1815 1044 1816 1042 1816 1043 1816 1045 1817 1042 1817 1044 1817 1046 1818 1047 1818 1045 1818 1046 1819 1048 1819 1047 1819 1046 1820 1049 1820 1048 1820 1046 1821 1050 1821 1049 1821 1046 1822 1051 1822 1050 1822 1046 1823 1052 1823 1051 1823 1046 1824 1053 1824 1052 1824 1046 1825 1054 1825 1053 1825 1046 1826 1055 1826 1054 1826 1046 1827 1056 1827 1055 1827 1046 1828 1057 1828 1056 1828 1046 1829 1058 1829 1057 1829 1046 1830 1059 1830 1058 1830 1046 1831 1060 1831 1059 1831 1046 1832 1045 1832 1044 1832 1046 1833 875 1833 1060 1833 1060 1834 875 1834 1031 1834 876 1835 1046 1835 1061 1835 875 1836 1046 1836 876 1836 1062 1837 1061 1837 1063 1837 1064 1838 1061 1838 1062 1838 1065 1839 1061 1839 1064 1839 1066 1840 1067 1840 1068 1840 1069 1841 1067 1841 1066 1841 1070 1842 1071 1842 1067 1842 856 1843 1067 1843 1069 1843 856 1844 1070 1844 1067 1844 1072 1845 1073 1845 1070 1845 1072 1846 1070 1846 856 1846 1074 1847 1072 1847 856 1847 1075 1848 1076 1848 1077 1848 1075 1849 1078 1849 1076 1849 876 1850 1075 1850 1079 1850 876 1851 1079 1851 1080 1851 876 1852 1080 1852 1081 1852 876 1853 1081 1853 1082 1853 876 1854 1082 1854 1074 1854 876 1855 1074 1855 856 1855 876 1856 1061 1856 1065 1856 876 1857 1065 1857 1078 1857 876 1858 1078 1858 1075 1858 1083 1859 1084 1859 1085 1859 1086 1860 1087 1860 1083 1860 1083 1861 1087 1861 1084 1861 1084 1862 1088 1862 1089 1862 1087 1863 1088 1863 1084 1863 1086 1864 1088 1864 1087 1864 1090 1865 1091 1865 1086 1865 1088 1866 1091 1866 1089 1866 1086 1867 1091 1867 1088 1867 1091 1868 1092 1868 1089 1868 1093 1869 1094 1869 1095 1869 1095 1870 1094 1870 1096 1870 1097 1871 1098 1871 1093 1871 1093 1872 1098 1872 1094 1872 1099 1873 1100 1873 1101 1873 1099 1874 1102 1874 1100 1874 1103 1875 1104 1875 1099 1875 1099 1876 1104 1876 1102 1876 856 1877 1105 1877 1106 1877 1069 1878 1105 1878 856 1878 1068 1879 1107 1879 1066 1879 1070 1880 1108 1880 1071 1880 1109 1881 1110 1881 1111 1881 1111 1882 1112 1882 1072 1882 1072 1883 1112 1883 1073 1883 1073 1884 1112 1884 1070 1884 1110 1885 1112 1885 1111 1885 1090 1886 1113 1886 1091 1886 1114 1887 1113 1887 1090 1887 1091 1888 1113 1888 1092 1888 1092 1889 1113 1889 1115 1889 1115 1890 1113 1890 1116 1890 1117 1891 1118 1891 1114 1891 1114 1892 1118 1892 1113 1892 1113 1893 1118 1893 1116 1893 1118 1894 1119 1894 1116 1894 1116 1895 1119 1895 1120 1895 1117 1896 1119 1896 1118 1896 1095 1897 1121 1897 1117 1897 1119 1898 1121 1898 1120 1898 1117 1899 1121 1899 1119 1899 1096 1900 1121 1900 1095 1900 1089 1901 1122 1901 1123 1901 1115 1902 1122 1902 1092 1902 1092 1903 1122 1903 1089 1903 1116 1904 1124 1904 1115 1904 1115 1905 1124 1905 1122 1905 1122 1906 1124 1906 1123 1906 1120 1907 1125 1907 1126 1907 1121 1908 1125 1908 1120 1908 1096 1909 1125 1909 1121 1909 1124 1910 1127 1910 1123 1910 1123 1911 1127 1911 1128 1911 1120 1912 1127 1912 1116 1912 1116 1913 1127 1913 1124 1913 1125 1914 1129 1914 1126 1914 1096 1915 1129 1915 1125 1915 1126 1916 1129 1916 1130 1916 1129 1917 1131 1917 1130 1917 1096 1918 1131 1918 1129 1918 1126 1919 1132 1919 1120 1919 1120 1920 1132 1920 1127 1920 1127 1921 1132 1921 1128 1921 1133 1922 1134 1922 1135 1922 1136 1923 1134 1923 1137 1923 1137 1924 1134 1924 1133 1924 1130 1925 1138 1925 1139 1925 1096 1926 1138 1926 1131 1926 1131 1927 1138 1927 1130 1927 1135 1928 1140 1928 1141 1928 1142 1929 1140 1929 1136 1929 1136 1930 1140 1930 1134 1930 1134 1931 1140 1931 1135 1931 1096 1932 1143 1932 1138 1932 1142 1933 1144 1933 1140 1933 1140 1934 1144 1934 1141 1934 1132 1935 1145 1935 1128 1935 1126 1936 1145 1936 1132 1936 1138 1937 1146 1937 1139 1937 1143 1938 1146 1938 1138 1938 1126 1939 1147 1939 1145 1939 1128 1940 1147 1940 1148 1940 1145 1941 1147 1941 1128 1941 1130 1942 1147 1942 1126 1942 1144 1943 1149 1943 1141 1943 1141 1944 1149 1944 1150 1944 1130 1945 1151 1945 1147 1945 1147 1946 1151 1946 1148 1946 1152 1947 1153 1947 1154 1947 1139 1948 1155 1948 1130 1948 1151 1949 1155 1949 1148 1949 1130 1950 1155 1950 1151 1950 1149 1951 1156 1951 1150 1951 1157 1952 1156 1952 1149 1952 1158 1953 1159 1953 1160 1953 1153 1954 1159 1954 1158 1954 1152 1955 1159 1955 1153 1955 1161 1956 1162 1956 1139 1956 1139 1957 1162 1957 1155 1957 1148 1958 1162 1958 1163 1958 1155 1959 1162 1959 1148 1959 1159 1960 1164 1960 1160 1960 1152 1961 1164 1961 1159 1961 1165 1962 1164 1962 1152 1962 1161 1963 1166 1963 1162 1963 1162 1964 1166 1964 1163 1964 1141 1965 1167 1965 1135 1965 1141 1966 1168 1966 1167 1966 1167 1967 1168 1967 1169 1967 1150 1968 1168 1968 1141 1968 1164 1969 1170 1969 1160 1969 1165 1970 1170 1970 1164 1970 1156 1971 1171 1971 1150 1971 1168 1972 1172 1972 1169 1972 1150 1973 1172 1973 1168 1973 1166 1974 1173 1974 1163 1974 1163 1975 1173 1975 1174 1975 1161 1976 1173 1976 1166 1976 1170 1977 1175 1977 1160 1977 1160 1978 1175 1978 1176 1978 1165 1979 1175 1979 1170 1979 1175 1980 1177 1980 1176 1980 1178 1981 1177 1981 1165 1981 1176 1982 1177 1982 1179 1982 1165 1983 1177 1983 1175 1983 1180 1984 1181 1984 1182 1984 1178 1985 1183 1985 1177 1985 1177 1986 1183 1986 1179 1986 1181 1987 1184 1987 1182 1987 1182 1988 1184 1988 1185 1988 1178 1989 1186 1989 1183 1989 1179 1990 1186 1990 1187 1990 1183 1991 1186 1991 1179 1991 1173 1992 1188 1992 1174 1992 1174 1993 1188 1993 1189 1993 1184 1994 1190 1994 1185 1994 1169 1995 1190 1995 1184 1995 1176 1996 1191 1996 1160 1996 1178 1997 1192 1997 1186 1997 1186 1998 1192 1998 1187 1998 1187 1999 1192 1999 1193 1999 1194 2000 1192 2000 1178 2000 1169 2001 1195 2001 1190 2001 1190 2002 1195 2002 1185 2002 1185 2003 1195 2003 1196 2003 1176 2004 1197 2004 1191 2004 1179 2005 1197 2005 1176 2005 1191 2006 1197 2006 1198 2006 1188 2007 1199 2007 1189 2007 1180 2008 1199 2008 1188 2008 1192 2009 1200 2009 1193 2009 1194 2010 1200 2010 1192 2010 1197 2011 1201 2011 1198 2011 1179 2012 1201 2012 1197 2012 1195 2013 1202 2013 1196 2013 1196 2014 1202 2014 1203 2014 1180 2015 1204 2015 1199 2015 1182 2016 1204 2016 1180 2016 1199 2017 1204 2017 1189 2017 1201 2018 1205 2018 1198 2018 1179 2019 1205 2019 1201 2019 1187 2020 1205 2020 1179 2020 1200 2021 1206 2021 1193 2021 1194 2022 1206 2022 1200 2022 1207 2023 1206 2023 1194 2023 1193 2024 1208 2024 1187 2024 1187 2025 1208 2025 1205 2025 1182 2026 1209 2026 1204 2026 1185 2027 1209 2027 1182 2027 1189 2028 1209 2028 1210 2028 1204 2029 1209 2029 1189 2029 1185 2030 1211 2030 1209 2030 1209 2031 1211 2031 1210 2031 1196 2032 1212 2032 1185 2032 1185 2033 1212 2033 1211 2033 1211 2034 1212 2034 1210 2034 1207 2035 1213 2035 1206 2035 1214 2036 1213 2036 1207 2036 1210 2037 1215 2037 1216 2037 1196 2038 1215 2038 1212 2038 1203 2039 1215 2039 1196 2039 1212 2040 1215 2040 1210 2040 1215 2041 1217 2041 1216 2041 1203 2042 1217 2042 1215 2042 1213 2043 1218 2043 1219 2043 1214 2044 1218 2044 1213 2044 1220 2045 1221 2045 1222 2045 1214 2046 1223 2046 1218 2046 1218 2047 1223 2047 1219 2047 1219 2048 1223 2048 1224 2048 1216 2049 1225 2049 1226 2049 1217 2050 1225 2050 1216 2050 1203 2051 1225 2051 1217 2051 1214 2052 1227 2052 1223 2052 1228 2053 1227 2053 1214 2053 1224 2054 1227 2054 1229 2054 1223 2055 1227 2055 1224 2055 1227 2056 1230 2056 1229 2056 1228 2057 1230 2057 1227 2057 1231 2058 1232 2058 1233 2058 1228 2059 1234 2059 1230 2059 1229 2060 1234 2060 1235 2060 1230 2061 1234 2061 1229 2061 1232 2062 1236 2062 1233 2062 1237 2063 1236 2063 1232 2063 1233 2064 1236 2064 1238 2064 1226 2065 1239 2065 1240 2065 1225 2066 1239 2066 1226 2066 1224 2067 1241 2067 1219 2067 1237 2068 1242 2068 1236 2068 1236 2069 1242 2069 1238 2069 1228 2070 1243 2070 1234 2070 1234 2071 1243 2071 1235 2071 1244 2072 1243 2072 1228 2072 1235 2073 1243 2073 1245 2073 1241 2074 1246 2074 1247 2074 1224 2075 1246 2075 1241 2075 1229 2076 1246 2076 1224 2076 1237 2077 1248 2077 1242 2077 1242 2078 1248 2078 1238 2078 1238 2079 1248 2079 1249 2079 1244 2080 1250 2080 1243 2080 1243 2081 1250 2081 1245 2081 1239 2082 1251 2082 1240 2082 1231 2083 1251 2083 1239 2083 1229 2084 1252 2084 1246 2084 1246 2085 1252 2085 1247 2085 1248 2086 1253 2086 1249 2086 1249 2087 1253 2087 1254 2087 1231 2088 1255 2088 1251 2088 1251 2089 1255 2089 1240 2089 1233 2090 1255 2090 1231 2090 1252 2091 1256 2091 1247 2091 1229 2092 1256 2092 1252 2092 1235 2093 1256 2093 1229 2093 1244 2094 1257 2094 1250 2094 1250 2095 1257 2095 1245 2095 1258 2096 1257 2096 1244 2096 1235 2097 1259 2097 1256 2097 1245 2098 1259 2098 1235 2098 1240 2099 1260 2099 1261 2099 1255 2100 1260 2100 1240 2100 1233 2101 1260 2101 1255 2101 1238 2102 1260 2102 1233 2102 1260 2103 1262 2103 1261 2103 1238 2104 1262 2104 1260 2104 1262 2105 1263 2105 1261 2105 1238 2106 1263 2106 1262 2106 1249 2107 1263 2107 1238 2107 1264 2108 1265 2108 1258 2108 1258 2109 1265 2109 1257 2109 1261 2110 1266 2110 1267 2110 1263 2111 1266 2111 1261 2111 1249 2112 1266 2112 1263 2112 1254 2113 1266 2113 1249 2113 1265 2114 1268 2114 1269 2114 1264 2115 1268 2115 1265 2115 1266 2116 1270 2116 1267 2116 1254 2117 1270 2117 1266 2117 1269 2118 1271 2118 1272 2118 1273 2119 1271 2119 1264 2119 1268 2120 1271 2120 1269 2120 1264 2121 1271 2121 1268 2121 1267 2122 1274 2122 1275 2122 1270 2123 1274 2123 1267 2123 1254 2124 1274 2124 1270 2124 1271 2125 1276 2125 1272 2125 1272 2126 1276 2126 1277 2126 1273 2127 1276 2127 1271 2127 1276 2128 1278 2128 1277 2128 1273 2129 1278 2129 1276 2129 1278 2130 1279 2130 1277 2130 1273 2131 1279 2131 1278 2131 1277 2132 1279 2132 1280 2132 855 2133 1279 2133 1273 2133 1281 2134 1282 2134 1283 2134 1283 2135 1284 2135 1285 2135 1286 2136 1284 2136 1282 2136 1282 2137 1284 2137 1283 2137 1275 2138 1287 2138 1288 2138 1274 2139 1287 2139 1275 2139 1272 2140 1289 2140 1269 2140 855 2141 1290 2141 1279 2141 1279 2142 1290 2142 1280 2142 1284 2143 1291 2143 1285 2143 1286 2144 1291 2144 1284 2144 1272 2145 1292 2145 1289 2145 1289 2146 1292 2146 1293 2146 1277 2147 1292 2147 1272 2147 1285 2148 1294 2148 1295 2148 1286 2149 1294 2149 1291 2149 1291 2150 1294 2150 1285 2150 1292 2151 1296 2151 1293 2151 1277 2152 1296 2152 1292 2152 1287 2153 1297 2153 1288 2153 1281 2154 1297 2154 1287 2154 1280 2155 1298 2155 1277 2155 1277 2156 1298 2156 1296 2156 1296 2157 1298 2157 1293 2157 1281 2158 1299 2158 1297 2158 1283 2159 1299 2159 1281 2159 1297 2160 1299 2160 1288 2160 1106 2161 1300 2161 856 2161 855 2162 1300 2162 1290 2162 856 2163 1300 2163 855 2163 1285 2164 1301 2164 1283 2164 1288 2165 1301 2165 1302 2165 1299 2166 1301 2166 1288 2166 1283 2167 1301 2167 1299 2167 1285 2168 1303 2168 1301 2168 1301 2169 1303 2169 1302 2169 1295 2170 1304 2170 1285 2170 1285 2171 1304 2171 1303 2171 1303 2172 1304 2172 1302 2172 1302 2173 1305 2173 1306 2173 1295 2174 1305 2174 1304 2174 1304 2175 1305 2175 1302 2175 1307 2176 1308 2176 1293 2176 1309 2177 1308 2177 1310 2177 1293 2178 1308 2178 1309 2178 1306 2179 1311 2179 1312 2179 1305 2180 1311 2180 1306 2180 1313 2181 1314 2181 1315 2181 1315 2182 1316 2182 1317 2182 1314 2183 1316 2183 1315 2183 1318 2184 1319 2184 1105 2184 1105 2185 1319 2185 1106 2185 1313 2186 1320 2186 1311 2186 1311 2187 1320 2187 1312 2187 1316 2188 1321 2188 1317 2188 1322 2189 1321 2189 1316 2189 1320 2190 1323 2190 1312 2190 1312 2191 1323 2191 1324 2191 1313 2192 1323 2192 1320 2192 1315 2193 1323 2193 1313 2193 1322 2194 1325 2194 1321 2194 1321 2195 1325 2195 1317 2195 1317 2196 1325 2196 1326 2196 1322 2197 1327 2197 1325 2197 1326 2198 1327 2198 1328 2198 1325 2199 1327 2199 1326 2199 1323 2200 1329 2200 1324 2200 1315 2201 1329 2201 1323 2201 1317 2202 1329 2202 1315 2202 1329 2203 1330 2203 1324 2203 1317 2204 1330 2204 1329 2204 1324 2205 1331 2205 1332 2205 1326 2206 1331 2206 1317 2206 1330 2207 1331 2207 1324 2207 1317 2208 1331 2208 1330 2208 1331 2209 1333 2209 1332 2209 1328 2210 1333 2210 1326 2210 1326 2211 1333 2211 1331 2211 1107 2212 1334 2212 1318 2212 1335 2213 1334 2213 1107 2213 1333 2214 1336 2214 1332 2214 1328 2215 1336 2215 1333 2215 1318 2216 1337 2216 1107 2216 1105 2217 1337 2217 1318 2217 1332 2218 1338 2218 1339 2218 1336 2219 1338 2219 1332 2219 1328 2220 1338 2220 1336 2220 1105 2221 1340 2221 1337 2221 1069 2222 1340 2222 1105 2222 1107 2223 1340 2223 1066 2223 1066 2224 1340 2224 1069 2224 1337 2225 1340 2225 1107 2225 1339 2226 1341 2226 1342 2226 1338 2227 1341 2227 1339 2227 1343 2228 1344 2228 1345 2228 1067 2229 1346 2229 1068 2229 1068 2230 1346 2230 1107 2230 1107 2231 1346 2231 1335 2231 1347 2232 1346 2232 1348 2232 1335 2233 1346 2233 1347 2233 1348 2234 1346 2234 1067 2234 1344 2235 1349 2235 1345 2235 1345 2236 1349 2236 1350 2236 1343 2237 1351 2237 1341 2237 1341 2238 1351 2238 1342 2238 1349 2239 1352 2239 1350 2239 1353 2240 1352 2240 1349 2240 1342 2241 1354 2241 1355 2241 1345 2242 1354 2242 1343 2242 1351 2243 1354 2243 1342 2243 1343 2244 1354 2244 1351 2244 1350 2245 1356 2245 1357 2245 1357 2246 1356 2246 1108 2246 1352 2247 1356 2247 1350 2247 1353 2248 1356 2248 1352 2248 1071 2249 1358 2249 1067 2249 1347 2250 1358 2250 1353 2250 1108 2251 1358 2251 1071 2251 1348 2252 1358 2252 1347 2252 1067 2253 1358 2253 1348 2253 1356 2254 1358 2254 1108 2254 1353 2255 1358 2255 1356 2255 1345 2256 1359 2256 1354 2256 1354 2257 1359 2257 1355 2257 1350 2258 1359 2258 1345 2258 1350 2259 1360 2259 1359 2259 1359 2260 1360 2260 1355 2260 1360 2261 1361 2261 1355 2261 1355 2262 1361 2262 1109 2262 1350 2263 1361 2263 1360 2263 1357 2264 1361 2264 1350 2264 1361 2265 1362 2265 1109 2265 1357 2266 1362 2266 1361 2266 1109 2267 1362 2267 1110 2267 1357 2268 1363 2268 1362 2268 1362 2269 1363 2269 1110 2269 1070 2270 1363 2270 1108 2270 1108 2271 1363 2271 1357 2271 1112 2272 1363 2272 1070 2272 1110 2273 1363 2273 1112 2273 1096 2274 1364 2274 1143 2274 1094 2275 1364 2275 1096 2275 1098 2276 1364 2276 1094 2276 1157 2277 1365 2277 1100 2277 1101 2278 1365 2278 1142 2278 1149 2279 1365 2279 1157 2279 1144 2280 1365 2280 1149 2280 1100 2281 1365 2281 1101 2281 1142 2282 1365 2282 1144 2282 1364 2283 1366 2283 1143 2283 1143 2284 1366 2284 1367 2284 1366 2285 1368 2285 1367 2285 1133 2286 1368 2286 1137 2286 1139 2287 1369 2287 1161 2287 1146 2288 1369 2288 1139 2288 1143 2289 1369 2289 1146 2289 1368 2290 1370 2290 1367 2290 1133 2291 1370 2291 1368 2291 1367 2292 1370 2292 1371 2292 1100 2293 1372 2293 1157 2293 1102 2294 1372 2294 1100 2294 1104 2295 1372 2295 1102 2295 1104 2296 1373 2296 1372 2296 1369 2297 1374 2297 1161 2297 1143 2298 1374 2298 1369 2298 1367 2299 1374 2299 1143 2299 1135 2300 1375 2300 1133 2300 1167 2301 1375 2301 1135 2301 1133 2302 1375 2302 1370 2302 1370 2303 1375 2303 1371 2303 1158 2304 1376 2304 1153 2304 1373 2305 1376 2305 1377 2305 1374 2306 1378 2306 1161 2306 1367 2307 1378 2307 1374 2307 1161 2308 1378 2308 1173 2308 1377 2309 1379 2309 1380 2309 1158 2310 1379 2310 1376 2310 1376 2311 1379 2311 1377 2311 1371 2312 1381 2312 1367 2312 1188 2313 1382 2313 1180 2313 1173 2314 1382 2314 1188 2314 1378 2315 1382 2315 1173 2315 1180 2316 1382 2316 1381 2316 1367 2317 1382 2317 1378 2317 1381 2318 1382 2318 1367 2318 1184 2319 1383 2319 1169 2319 1181 2320 1383 2320 1184 2320 1167 2321 1383 2321 1375 2321 1375 2322 1383 2322 1371 2322 1169 2323 1383 2323 1167 2323 1379 2324 1384 2324 1380 2324 1158 2325 1384 2325 1379 2325 1381 2326 1385 2326 1180 2326 1371 2327 1385 2327 1381 2327 1180 2328 1385 2328 1181 2328 1383 2329 1385 2329 1371 2329 1181 2330 1385 2330 1383 2330 1150 2331 1386 2331 1172 2331 1171 2332 1386 2332 1150 2332 1172 2333 1386 2333 1387 2333 1380 2334 1388 2334 1377 2334 1171 2335 1388 2335 1386 2335 1377 2336 1388 2336 1171 2336 1386 2337 1388 2337 1389 2337 1380 2338 1390 2338 1388 2338 1388 2339 1390 2339 1389 2339 1391 2340 1390 2340 1380 2340 1169 2341 1392 2341 1195 2341 1387 2342 1392 2342 1172 2342 1393 2343 1392 2343 1387 2343 1195 2344 1392 2344 1202 2344 1172 2345 1392 2345 1169 2345 1391 2346 1394 2346 1220 2346 1220 2347 1394 2347 1198 2347 1384 2348 1394 2348 1380 2348 1198 2349 1394 2349 1191 2349 1380 2350 1394 2350 1391 2350 1386 2351 1395 2351 1387 2351 1387 2352 1395 2352 1393 2352 1389 2353 1395 2353 1386 2353 1393 2354 1396 2354 1397 2354 1397 2355 1396 2355 1398 2355 1395 2356 1396 2356 1393 2356 1389 2357 1396 2357 1395 2357 1222 2358 1399 2358 1220 2358 1220 2359 1399 2359 1391 2359 1391 2360 1399 2360 1390 2360 1396 2361 1399 2361 1398 2361 1390 2362 1399 2362 1389 2362 1389 2363 1399 2363 1396 2363 1400 2364 1399 2364 1222 2364 1398 2365 1399 2365 1400 2365 1202 2366 1401 2366 1203 2366 1393 2367 1401 2367 1392 2367 1392 2368 1401 2368 1202 2368 1206 2369 1402 2369 1193 2369 1193 2370 1403 2370 1208 2370 1404 2371 1403 2371 1402 2371 1402 2372 1403 2372 1193 2372 1404 2373 1405 2373 1403 2373 1205 2374 1405 2374 1198 2374 1208 2375 1405 2375 1205 2375 1403 2376 1405 2376 1208 2376 1198 2377 1405 2377 1220 2377 1221 2378 1405 2378 1404 2378 1220 2379 1405 2379 1221 2379 1397 2380 1406 2380 1393 2380 1401 2381 1406 2381 1203 2381 1393 2382 1406 2382 1401 2382 1206 2383 1407 2383 1402 2383 1404 2384 1407 2384 1408 2384 1213 2385 1407 2385 1206 2385 1402 2386 1407 2386 1404 2386 1203 2387 1409 2387 1225 2387 1397 2388 1409 2388 1406 2388 1239 2389 1409 2389 1231 2389 1225 2390 1409 2390 1239 2390 1406 2391 1409 2391 1203 2391 1237 2392 1410 2392 1400 2392 1232 2393 1410 2393 1237 2393 1398 2394 1410 2394 1397 2394 1400 2395 1410 2395 1398 2395 1407 2396 1411 2396 1408 2396 1213 2397 1411 2397 1407 2397 1219 2398 1411 2398 1213 2398 1231 2399 1412 2399 1232 2399 1409 2400 1412 2400 1231 2400 1232 2401 1412 2401 1410 2401 1410 2402 1412 2402 1397 2402 1397 2403 1412 2403 1409 2403 1400 2404 1413 2404 1414 2404 1221 2405 1413 2405 1222 2405 1222 2406 1413 2406 1400 2406 1411 2407 1415 2407 1408 2407 1219 2408 1415 2408 1411 2408 1241 2409 1415 2409 1219 2409 1413 2410 1416 2410 1417 2410 1221 2411 1416 2411 1413 2411 1404 2412 1416 2412 1221 2412 1408 2413 1418 2413 1404 2413 1416 2414 1418 2414 1417 2414 1419 2415 1418 2415 1408 2415 1404 2416 1418 2416 1416 2416 1414 2417 1420 2417 1400 2417 1400 2418 1420 2418 1237 2418 1421 2419 1420 2419 1414 2419 1237 2420 1420 2420 1248 2420 1248 2421 1420 2421 1253 2421 1247 2422 1422 2422 1241 2422 1415 2423 1422 2423 1408 2423 1241 2424 1422 2424 1415 2424 1408 2425 1422 2425 1419 2425 1419 2426 1422 2426 1423 2426 1423 2427 1422 2427 1247 2427 1414 2428 1424 2428 1421 2428 1417 2429 1424 2429 1413 2429 1413 2430 1424 2430 1414 2430 1425 2431 1426 2431 1427 2431 1424 2432 1426 2432 1421 2432 1421 2433 1426 2433 1425 2433 1417 2434 1426 2434 1424 2434 1428 2435 1429 2435 1430 2435 1427 2436 1429 2436 1428 2436 1418 2437 1429 2437 1417 2437 1419 2438 1429 2438 1418 2438 1426 2439 1429 2439 1427 2439 1417 2440 1429 2440 1426 2440 1423 2441 1429 2441 1419 2441 1430 2442 1429 2442 1423 2442 1253 2443 1431 2443 1254 2443 1421 2444 1431 2444 1420 2444 1420 2445 1431 2445 1253 2445 1257 2446 1432 2446 1245 2446 1433 2447 1434 2447 1432 2447 1432 2448 1434 2448 1245 2448 1245 2449 1434 2449 1259 2449 1423 2450 1435 2450 1436 2450 1256 2451 1435 2451 1247 2451 1433 2452 1435 2452 1434 2452 1259 2453 1435 2453 1256 2453 1434 2454 1435 2454 1259 2454 1436 2455 1435 2455 1433 2455 1247 2456 1435 2456 1423 2456 1421 2457 1437 2457 1431 2457 1431 2458 1437 2458 1254 2458 1425 2459 1437 2459 1421 2459 1432 2460 1438 2460 1433 2460 1433 2461 1438 2461 1439 2461 1265 2462 1438 2462 1257 2462 1257 2463 1438 2463 1432 2463 1254 2464 1440 2464 1274 2464 1274 2465 1440 2465 1287 2465 1287 2466 1440 2466 1281 2466 1425 2467 1440 2467 1437 2467 1437 2468 1440 2468 1254 2468 1428 2469 1441 2469 1427 2469 1282 2470 1441 2470 1286 2470 1427 2471 1441 2471 1425 2471 1286 2472 1441 2472 1428 2472 1438 2473 1442 2473 1439 2473 1265 2474 1442 2474 1438 2474 1269 2475 1442 2475 1265 2475 1440 2476 1443 2476 1281 2476 1425 2477 1443 2477 1440 2477 1282 2478 1443 2478 1441 2478 1441 2479 1443 2479 1425 2479 1281 2480 1443 2480 1282 2480 1436 2481 1444 2481 1423 2481 1428 2482 1444 2482 1445 2482 1430 2483 1444 2483 1428 2483 1423 2484 1444 2484 1430 2484 1289 2485 1446 2485 1269 2485 1269 2486 1446 2486 1442 2486 1442 2487 1446 2487 1439 2487 1436 2488 1447 2488 1444 2488 1444 2489 1447 2489 1448 2489 1433 2490 1447 2490 1436 2490 1449 2491 1450 2491 1439 2491 1439 2492 1450 2492 1433 2492 1447 2493 1450 2493 1448 2493 1433 2494 1450 2494 1447 2494 1445 2495 1451 2495 1428 2495 1286 2496 1451 2496 1294 2496 1452 2497 1451 2497 1445 2497 1428 2498 1451 2498 1286 2498 1449 2499 1453 2499 1309 2499 1293 2500 1453 2500 1289 2500 1289 2501 1453 2501 1446 2501 1439 2502 1453 2502 1449 2502 1309 2503 1453 2503 1293 2503 1446 2504 1453 2504 1439 2504 1452 2505 1454 2505 1455 2505 1445 2506 1454 2506 1452 2506 1444 2507 1454 2507 1445 2507 1448 2508 1454 2508 1444 2508 1448 2509 1456 2509 1454 2509 1454 2510 1456 2510 1455 2510 1455 2511 1456 2511 1457 2511 1294 2512 1458 2512 1295 2512 1451 2513 1458 2513 1294 2513 1452 2514 1458 2514 1451 2514 1448 2515 1459 2515 1456 2515 1456 2516 1459 2516 1457 2516 1309 2517 1459 2517 1449 2517 1449 2518 1459 2518 1450 2518 1460 2519 1459 2519 1310 2519 1457 2520 1459 2520 1460 2520 1310 2521 1459 2521 1309 2521 1450 2522 1459 2522 1448 2522 1298 2523 1461 2523 1293 2523 1293 2524 1461 2524 1307 2524 1280 2525 1461 2525 1298 2525 1106 2526 1462 2526 1300 2526 1461 2527 1462 2527 1307 2527 1280 2528 1462 2528 1461 2528 1290 2529 1462 2529 1280 2529 1300 2530 1462 2530 1290 2530 1305 2531 1463 2531 1311 2531 1458 2532 1463 2532 1295 2532 1311 2533 1463 2533 1313 2533 1452 2534 1463 2534 1458 2534 1295 2535 1463 2535 1305 2535 1463 2536 1464 2536 1313 2536 1452 2537 1464 2537 1463 2537 1455 2538 1464 2538 1452 2538 1307 2539 1465 2539 1466 2539 1106 2540 1465 2540 1462 2540 1462 2541 1465 2541 1307 2541 1464 2542 1467 2542 1313 2542 1455 2543 1467 2543 1464 2543 1313 2544 1467 2544 1314 2544 1322 2545 1468 2545 1460 2545 1455 2546 1468 2546 1467 2546 1314 2547 1468 2547 1316 2547 1316 2548 1468 2548 1322 2548 1460 2549 1468 2549 1457 2549 1467 2550 1468 2550 1314 2550 1457 2551 1468 2551 1455 2551 1319 2552 1469 2552 1106 2552 1465 2553 1469 2553 1466 2553 1106 2554 1469 2554 1465 2554 1460 2555 1470 2555 1471 2555 1310 2556 1470 2556 1460 2556 1308 2557 1470 2557 1310 2557 1466 2558 1472 2558 1307 2558 1470 2559 1472 2559 1473 2559 1308 2560 1472 2560 1470 2560 1307 2561 1472 2561 1308 2561 1474 2562 1475 2562 1466 2562 1472 2563 1475 2563 1473 2563 1466 2564 1475 2564 1472 2564 1460 2565 1476 2565 1322 2565 1471 2566 1476 2566 1460 2566 1322 2567 1476 2567 1327 2567 1477 2568 1476 2568 1471 2568 1466 2569 1478 2569 1474 2569 1318 2570 1478 2570 1319 2570 1469 2571 1478 2571 1466 2571 1319 2572 1478 2572 1469 2572 1334 2573 1478 2573 1318 2573 1474 2574 1478 2574 1334 2574 1470 2575 1479 2575 1471 2575 1473 2576 1479 2576 1470 2576 1471 2577 1479 2577 1477 2577 1477 2578 1479 2578 1480 2578 1473 2579 1481 2579 1479 2579 1479 2580 1481 2580 1480 2580 1480 2581 1481 2581 1482 2581 1327 2582 1483 2582 1328 2582 1476 2583 1483 2583 1327 2583 1477 2584 1483 2584 1476 2584 1474 2585 1484 2585 1475 2585 1475 2586 1484 2586 1473 2586 1334 2587 1484 2587 1474 2587 1335 2588 1484 2588 1334 2588 1481 2589 1484 2589 1482 2589 1473 2590 1484 2590 1481 2590 1347 2591 1484 2591 1335 2591 1482 2592 1484 2592 1347 2592 1341 2593 1485 2593 1343 2593 1477 2594 1485 2594 1483 2594 1328 2595 1485 2595 1338 2595 1338 2596 1485 2596 1341 2596 1483 2597 1485 2597 1328 2597 1477 2598 1486 2598 1485 2598 1480 2599 1486 2599 1477 2599 1485 2600 1486 2600 1343 2600 1343 2601 1487 2601 1344 2601 1486 2602 1487 2602 1343 2602 1480 2603 1487 2603 1486 2603 1487 2604 1488 2604 1344 2604 1353 2605 1488 2605 1347 2605 1482 2606 1488 2606 1480 2606 1480 2607 1488 2607 1487 2607 1347 2608 1488 2608 1482 2608 1344 2609 1488 2609 1349 2609 1349 2610 1488 2610 1353 2610 1364 2611 1489 2611 1366 2611 1098 2612 1489 2612 1364 2612 1097 2613 1489 2613 1098 2613 1097 2614 1490 2614 1489 2614 1368 2615 1490 2615 1137 2615 1366 2616 1490 2616 1368 2616 1489 2617 1490 2617 1366 2617 1491 2618 1492 2618 1103 2618 1376 2619 1492 2619 1153 2619 1104 2620 1492 2620 1373 2620 1373 2621 1492 2621 1376 2621 1103 2622 1492 2622 1104 2622 1373 2623 1493 2623 1372 2623 1377 2624 1493 2624 1373 2624 1157 2625 1493 2625 1156 2625 1372 2626 1493 2626 1157 2626 1156 2627 1493 2627 1171 2627 1171 2628 1493 2628 1377 2628 1160 2629 1494 2629 1158 2629 1158 2630 1494 2630 1384 2630 1191 2631 1494 2631 1160 2631 1394 2632 1494 2632 1191 2632 1384 2633 1494 2633 1394 2633 1137 2634 1495 2634 1136 2634 1097 2635 1495 2635 1490 2635 1136 2636 1495 2636 1097 2636 1490 2637 1495 2637 1137 2637 1154 2638 1496 2638 1491 2638 1153 2639 1496 2639 1154 2639 1491 2640 1496 2640 1492 2640 1492 2641 1496 2641 1153 2641 854 2642 1214 2642 1207 2642 854 2643 1228 2643 1214 2643 854 2644 1244 2644 1228 2644 854 2645 1258 2645 1244 2645 854 2646 1264 2646 1258 2646 854 2647 1273 2647 1264 2647 1194 2648 854 2648 1207 2648 1178 2649 854 2649 1194 2649 1165 2650 854 2650 1178 2650 1152 2651 854 2651 1165 2651 1154 2652 854 2652 1152 2652 854 2653 855 2653 1273 2653 854 2654 1154 2654 1497 2654 853 2655 1497 2655 1498 2655 853 2656 854 2656 1497 2656 851 2657 1498 2657 1499 2657 851 2658 853 2658 1498 2658 852 2659 1499 2659 1500 2659 852 2660 851 2660 1499 2660 850 2661 852 2661 1500 2661 1501 2662 1502 2662 1503 2662 1504 2663 1501 2663 1503 2663 1505 2664 1504 2664 1503 2664 1506 2665 1505 2665 1503 2665 1507 2666 1506 2666 1503 2666 1508 2667 1507 2667 1503 2667 1509 2668 1510 2668 1511 2668 1512 2669 1511 2669 1513 2669 1512 2670 1509 2670 1511 2670 1514 2671 1513 2671 1515 2671 1514 2672 1512 2672 1513 2672 1516 2673 1517 2673 1510 2673 1516 2674 1510 2674 1509 2674 1518 2675 1515 2675 1519 2675 1518 2676 1514 2676 1515 2676 1520 2677 1519 2677 1521 2677 1520 2678 1518 2678 1519 2678 1522 2679 1523 2679 1517 2679 1522 2680 1517 2680 1516 2680 1524 2681 1520 2681 1521 2681 1525 2682 1521 2682 1526 2682 1525 2683 1524 2683 1521 2683 1527 2684 1526 2684 1528 2684 1527 2685 1525 2685 1526 2685 1529 2686 1528 2686 1530 2686 1529 2687 1527 2687 1528 2687 849 2688 1500 2688 1531 2688 849 2689 1531 2689 1532 2689 849 2690 1532 2690 1533 2690 849 2691 1533 2691 1534 2691 849 2692 1534 2692 1535 2692 849 2693 1535 2693 1529 2693 849 2694 1530 2694 1508 2694 849 2695 1508 2695 1503 2695 849 2696 1529 2696 1530 2696 850 2697 1500 2697 849 2697 1536 2698 1523 2698 1522 2698 1537 2699 1538 2699 1536 2699 1539 2700 1537 2700 1536 2700 1540 2701 1539 2701 1536 2701 1541 2702 1540 2702 1536 2702 1542 2703 1541 2703 1536 2703 1543 2704 1544 2704 1542 2704 1543 2705 1545 2705 1544 2705 1543 2706 1546 2706 1545 2706 1543 2707 1542 2707 1536 2707 1543 2708 1536 2708 1522 2708 1547 2709 1546 2709 1543 2709 752 2710 849 2710 1503 2710 752 2711 1503 2711 751 2711 1548 2712 1549 2712 1550 2712 1550 2713 1551 2713 1552 2713 1549 2714 1551 2714 1550 2714 1549 2715 1553 2715 1551 2715 1553 2716 1554 2716 1551 2716 1061 2717 1046 2717 1063 2717 1063 2718 1046 2718 1555 2718 1555 2719 1046 2719 1556 2719 1557 2720 1502 2720 1558 2720 1558 2721 1502 2721 1559 2721 1559 2722 1502 2722 1560 2722 1561 2723 1562 2723 1563 2723 1563 2724 1562 2724 1564 2724 1564 2725 1562 2725 1565 2725 1561 2726 1566 2726 1562 2726 1561 2727 1567 2727 1566 2727 1551 2728 1567 2728 1561 2728 1554 2729 1567 2729 1551 2729 1557 2730 1503 2730 1502 2730 1503 2731 753 2731 751 2731 1557 2732 1568 2732 1503 2732 1556 2733 1044 2733 1554 2733 1567 2734 1044 2734 1569 2734 1569 2735 1044 2735 1570 2735 1570 2736 1044 2736 1571 2736 1046 2737 1044 2737 1556 2737 1554 2738 1044 2738 1567 2738 1044 2739 1572 2739 1571 2739 1571 2740 1573 2740 1574 2740 1572 2741 1573 2741 1571 2741 1573 2742 1575 2742 1574 2742 1574 2743 1576 2743 1577 2743 1575 2744 1576 2744 1574 2744 1576 2745 1578 2745 1577 2745 1579 2746 1580 2746 1581 2746 1580 2747 1582 2747 1581 2747 1582 2748 1583 2748 1581 2748 1581 2749 982 2749 1578 2749 1583 2750 982 2750 1581 2750 1568 2751 759 2751 1503 2751 1584 2752 759 2752 1585 2752 1585 2753 759 2753 1586 2753 1586 2754 759 2754 1587 2754 1587 2755 759 2755 1588 2755 1588 2756 759 2756 1589 2756 1589 2757 759 2757 1590 2757 1590 2758 759 2758 1591 2758 1591 2759 759 2759 1568 2759 1503 2760 756 2760 753 2760 759 2761 756 2761 1503 2761 1577 2762 979 2762 1584 2762 982 2763 979 2763 1578 2763 1578 2764 979 2764 1577 2764 1584 2765 1592 2765 759 2765 979 2766 1592 2766 1584 2766 1593 2767 1594 2767 979 2767 1592 2768 1595 2768 1596 2768 979 2769 1595 2769 1592 2769 1594 2770 1595 2770 979 2770 1581 2771 1597 2771 1598 2771 1579 2772 1598 2772 1599 2772 1579 2773 1581 2773 1598 2773 1580 2774 1599 2774 1600 2774 1580 2775 1579 2775 1599 2775 1582 2776 1600 2776 1601 2776 1582 2777 1580 2777 1600 2777 1583 2778 1601 2778 978 2778 1583 2779 1582 2779 1601 2779 982 2780 1583 2780 978 2780 976 2781 1602 2781 980 2781 1598 2782 1597 2782 1603 2782 978 2783 1601 2783 975 2783 1604 2784 976 2784 973 2784 1604 2785 1602 2785 976 2785 1605 2786 970 2786 969 2786 1606 2787 969 2787 965 2787 1606 2788 965 2788 963 2788 1606 2789 1605 2789 969 2789 1607 2790 1608 2790 1609 2790 1607 2791 1609 2791 1610 2791 1607 2792 1610 2792 1611 2792 1612 2793 963 2793 961 2793 1612 2794 1606 2794 963 2794 1613 2795 1614 2795 1608 2795 1613 2796 1608 2796 1607 2796 1615 2797 958 2797 962 2797 1616 2798 1617 2798 1614 2798 1616 2799 1614 2799 1613 2799 1618 2800 962 2800 967 2800 1618 2801 967 2801 968 2801 1618 2802 1615 2802 962 2802 1619 2803 1620 2803 1617 2803 1619 2804 1617 2804 1616 2804 1621 2805 968 2805 972 2805 1621 2806 1618 2806 968 2806 1622 2807 1603 2807 1620 2807 1622 2808 1620 2808 1619 2808 1622 2809 1598 2809 1603 2809 1623 2810 975 2810 1601 2810 1623 2811 972 2811 975 2811 1623 2812 1621 2812 972 2812 1624 2813 1625 2813 1626 2813 1624 2814 1627 2814 1628 2814 1624 2815 1626 2815 1627 2815 1624 2816 1629 2816 1625 2816 1630 2817 1624 2817 1628 2817 1630 2818 1629 2818 1624 2818 1630 2819 1631 2819 1602 2819 1630 2820 1628 2820 1631 2820 1630 2821 1602 2821 1604 2821 1630 2822 1604 2822 1629 2822 1632 2823 1633 2823 1625 2823 1632 2824 1625 2824 1629 2824 1632 2825 1634 2825 1633 2825 1635 2826 1632 2826 1629 2826 1635 2827 1634 2827 1632 2827 1635 2828 1605 2828 1634 2828 1635 2829 1629 2829 1604 2829 1636 2830 1610 2830 1633 2830 1636 2831 1611 2831 1610 2831 1636 2832 1633 2832 1634 2832 1637 2833 973 2833 970 2833 1637 2834 1635 2834 1604 2834 1637 2835 1605 2835 1635 2835 1637 2836 970 2836 1605 2836 1637 2837 1604 2837 973 2837 1638 2838 1611 2838 1636 2838 1638 2839 1636 2839 1634 2839 1638 2840 1605 2840 1606 2840 1638 2841 1634 2841 1605 2841 1638 2842 1606 2842 1611 2842 1639 2843 1611 2843 1606 2843 1639 2844 1607 2844 1611 2844 1639 2845 1612 2845 1607 2845 1639 2846 1606 2846 1612 2846 1640 2847 1613 2847 1607 2847 1640 2848 1615 2848 1613 2848 1640 2849 1607 2849 1612 2849 1641 2850 1612 2850 961 2850 1641 2851 961 2851 958 2851 1641 2852 958 2852 1615 2852 1641 2853 1615 2853 1640 2853 1641 2854 1640 2854 1612 2854 1642 2855 1616 2855 1613 2855 1642 2856 1613 2856 1615 2856 1642 2857 1618 2857 1616 2857 1642 2858 1615 2858 1618 2858 1643 2859 1619 2859 1616 2859 1643 2860 1618 2860 1621 2860 1643 2861 1616 2861 1618 2861 1643 2862 1621 2862 1619 2862 1644 2863 1622 2863 1619 2863 1644 2864 1621 2864 1623 2864 1644 2865 1623 2865 1622 2865 1644 2866 1619 2866 1621 2866 1645 2867 1623 2867 1601 2867 1645 2868 1599 2868 1598 2868 1645 2869 1600 2869 1599 2869 1645 2870 1601 2870 1600 2870 1645 2871 1622 2871 1623 2871 1645 2872 1598 2872 1622 2872 1597 2873 1646 2873 1603 2873 1647 2874 1646 2874 1597 2874 1603 2875 1648 2875 1620 2875 1646 2876 1648 2876 1603 2876 1648 2877 1617 2877 1620 2877 1648 2878 1649 2878 1617 2878 1649 2879 1614 2879 1617 2879 1649 2880 1650 2880 1614 2880 1650 2881 1608 2881 1614 2881 1650 2882 1651 2882 1608 2882 1651 2883 1609 2883 1608 2883 1609 2884 1652 2884 1610 2884 1651 2885 1652 2885 1609 2885 1652 2886 1653 2886 1610 2886 1653 2887 1633 2887 1610 2887 1653 2888 1654 2888 1633 2888 1654 2889 1625 2889 1633 2889 1654 2890 1655 2890 1625 2890 1655 2891 1626 2891 1625 2891 1655 2892 1656 2892 1626 2892 1657 2893 1626 2893 1656 2893 1657 2894 1656 2894 1658 2894 1627 2895 1626 2895 1657 2895 1627 2896 1657 2896 1659 2896 1628 2897 1659 2897 1660 2897 1628 2898 1627 2898 1659 2898 1631 2899 1660 2899 1661 2899 1631 2900 1628 2900 1660 2900 1602 2901 1661 2901 1662 2901 1602 2902 1631 2902 1661 2902 980 2903 1662 2903 983 2903 980 2904 1602 2904 1662 2904 987 2905 983 2905 1662 2905 984 2906 985 2906 1663 2906 1664 2907 1659 2907 1657 2907 1664 2908 1657 2908 1665 2908 1666 2909 1660 2909 1659 2909 1666 2910 1659 2910 1664 2910 1667 2911 1665 2911 1668 2911 1667 2912 1664 2912 1665 2912 1669 2913 1667 2913 1668 2913 1670 2914 1661 2914 1660 2914 1670 2915 1660 2915 1666 2915 1671 2916 1664 2916 1667 2916 1671 2917 1666 2917 1664 2917 1672 2918 1668 2918 1673 2918 1672 2919 1669 2919 1668 2919 1674 2920 1667 2920 1669 2920 1674 2921 1671 2921 1667 2921 1675 2922 1662 2922 1661 2922 1675 2923 988 2923 987 2923 1675 2924 1661 2924 1670 2924 1675 2925 987 2925 1662 2925 1676 2926 1670 2926 1666 2926 1676 2927 1666 2927 1671 2927 1677 2928 1672 2928 1673 2928 1678 2929 1669 2929 1672 2929 1678 2930 1674 2930 1669 2930 1679 2931 1671 2931 1674 2931 1679 2932 1676 2932 1671 2932 1680 2933 1673 2933 1681 2933 1680 2934 1677 2934 1673 2934 1682 2935 1670 2935 1676 2935 1682 2936 988 2936 1675 2936 1682 2937 1675 2937 1670 2937 1683 2938 1672 2938 1677 2938 1683 2939 1678 2939 1672 2939 1684 2940 1680 2940 1681 2940 1685 2941 1679 2941 1674 2941 1685 2942 1674 2942 1678 2942 1686 2943 1682 2943 1676 2943 1686 2944 986 2944 988 2944 1686 2945 988 2945 1682 2945 1686 2946 1676 2946 1679 2946 1687 2947 1683 2947 1677 2947 1687 2948 1677 2948 1680 2948 1688 2949 1678 2949 1683 2949 1688 2950 1685 2950 1678 2950 1689 2951 1681 2951 1690 2951 1689 2952 1684 2952 1681 2952 1691 2953 1687 2953 1680 2953 1691 2954 1680 2954 1684 2954 1692 2955 986 2955 1686 2955 1692 2956 1686 2956 1679 2956 1692 2957 1679 2957 1685 2957 1693 2958 1683 2958 1687 2958 1693 2959 1688 2959 1683 2959 1694 2960 1689 2960 1690 2960 1695 2961 986 2961 1692 2961 1695 2962 991 2962 986 2962 1695 2963 1692 2963 1685 2963 1695 2964 1685 2964 1688 2964 1696 2965 1684 2965 1689 2965 1696 2966 1691 2966 1684 2966 1697 2967 1693 2967 1687 2967 1697 2968 1687 2968 1691 2968 1698 2969 1690 2969 1699 2969 1698 2970 1694 2970 1690 2970 1700 2971 991 2971 1695 2971 1700 2972 1688 2972 1693 2972 1700 2973 1695 2973 1688 2973 1701 2974 1689 2974 1694 2974 1701 2975 1696 2975 1689 2975 1702 2976 1697 2976 1691 2976 1702 2977 1691 2977 1696 2977 1703 2978 1693 2978 1697 2978 1703 2979 994 2979 991 2979 1703 2980 1700 2980 1693 2980 1703 2981 991 2981 1700 2981 1704 2982 1698 2982 1699 2982 1705 2983 1701 2983 1694 2983 1705 2984 1694 2984 1698 2984 1706 2985 1702 2985 1696 2985 1706 2986 1696 2986 1701 2986 1707 2987 1699 2987 1708 2987 1707 2988 1704 2988 1699 2988 1709 2989 1703 2989 1697 2989 1709 2990 994 2990 1703 2990 1709 2991 1697 2991 1702 2991 1710 2992 1698 2992 1704 2992 1710 2993 1705 2993 1698 2993 1711 2994 1701 2994 1705 2994 1711 2995 1706 2995 1701 2995 1712 2996 993 2996 994 2996 1712 2997 994 2997 1709 2997 1712 2998 1702 2998 1706 2998 1712 2999 1709 2999 1702 2999 1713 3000 1704 3000 1707 3000 1713 3001 1710 3001 1704 3001 1714 3002 1707 3002 1708 3002 1715 3003 1708 3003 1716 3003 1715 3004 1714 3004 1708 3004 1717 3005 1711 3005 1705 3005 1717 3006 1705 3006 1710 3006 1717 3007 1710 3007 1713 3007 1718 3008 1706 3008 1711 3008 1718 3009 993 3009 1712 3009 1718 3010 1712 3010 1706 3010 1719 3011 1717 3011 1713 3011 1720 3012 1713 3012 1707 3012 1720 3013 1707 3013 1714 3013 1721 3014 1720 3014 1714 3014 1721 3015 1714 3015 1715 3015 1722 3016 992 3016 993 3016 1722 3017 1711 3017 1717 3017 1722 3018 993 3018 1718 3018 1722 3019 1718 3019 1711 3019 1722 3020 1717 3020 1719 3020 1723 3021 1715 3021 1716 3021 1724 3022 1722 3022 1719 3022 1724 3023 992 3023 1722 3023 1725 3024 1719 3024 1713 3024 1725 3025 1713 3025 1720 3025 1726 3026 1725 3026 1720 3026 1726 3027 1720 3027 1721 3027 1727 3028 1721 3028 1715 3028 1727 3029 1715 3029 1723 3029 1728 3030 1716 3030 1729 3030 1728 3031 1723 3031 1716 3031 1730 3032 1729 3032 1731 3032 1730 3033 1728 3033 1729 3033 1730 3034 1731 3034 1732 3034 1733 3035 1724 3035 1719 3035 1733 3036 992 3036 1724 3036 1733 3037 989 3037 992 3037 1733 3038 1719 3038 1725 3038 1734 3039 1725 3039 1726 3039 1734 3040 989 3040 1733 3040 1734 3041 1733 3041 1725 3041 1735 3042 1721 3042 1727 3042 1735 3043 1726 3043 1721 3043 1736 3044 1727 3044 1723 3044 1736 3045 1723 3045 1728 3045 1737 3046 1732 3046 1738 3046 1737 3047 1730 3047 1732 3047 1737 3048 1736 3048 1728 3048 1737 3049 1728 3049 1730 3049 1739 3050 1726 3050 1735 3050 1739 3051 990 3051 989 3051 1739 3052 1734 3052 1726 3052 1739 3053 989 3053 1734 3053 1740 3054 1735 3054 1727 3054 1740 3055 1727 3055 1736 3055 1741 3056 1738 3056 1742 3056 1741 3057 1737 3057 1738 3057 1741 3058 1736 3058 1737 3058 1741 3059 1740 3059 1736 3059 1743 3060 985 3060 990 3060 1743 3061 1735 3061 1740 3061 1743 3062 1739 3062 1735 3062 1743 3063 990 3063 1739 3063 1744 3064 1742 3064 1663 3064 1744 3065 1743 3065 1740 3065 1744 3066 1741 3066 1742 3066 1744 3067 985 3067 1743 3067 1744 3068 1740 3068 1741 3068 1744 3069 1663 3069 985 3069 1729 3070 1745 3070 1731 3070 1746 3071 1745 3071 1729 3071 1716 3072 1746 3072 1729 3072 1747 3073 1746 3073 1716 3073 1748 3074 1716 3074 1708 3074 1748 3075 1747 3075 1716 3075 1749 3076 1708 3076 1699 3076 1749 3077 1748 3077 1708 3077 1750 3078 1699 3078 1690 3078 1750 3079 1749 3079 1699 3079 1751 3080 1690 3080 1681 3080 1751 3081 1750 3081 1690 3081 1752 3082 1681 3082 1673 3082 1752 3083 1751 3083 1681 3083 1753 3084 1673 3084 1668 3084 1753 3085 1752 3085 1673 3085 1754 3086 1668 3086 1665 3086 1754 3087 1753 3087 1668 3087 1658 3088 1665 3088 1657 3088 1658 3089 1754 3089 1665 3089 1745 3090 1755 3090 1731 3090 1745 3091 1756 3091 1755 3091 1732 3092 1731 3092 1755 3092 1732 3093 1755 3093 1757 3093 1738 3094 1757 3094 1758 3094 1738 3095 1732 3095 1757 3095 1742 3096 1758 3096 1759 3096 1742 3097 1738 3097 1758 3097 1663 3098 1759 3098 1760 3098 1663 3099 1742 3099 1759 3099 984 3100 1760 3100 956 3100 984 3101 1663 3101 1760 3101 954 3102 956 3102 1760 3102 945 3103 948 3103 1761 3103 1762 3104 1757 3104 1755 3104 1762 3105 1755 3105 1763 3105 1764 3106 1758 3106 1757 3106 1764 3107 1757 3107 1762 3107 1765 3108 1763 3108 1766 3108 1765 3109 1762 3109 1763 3109 1767 3110 1765 3110 1766 3110 1768 3111 1759 3111 1758 3111 1768 3112 1758 3112 1764 3112 1769 3113 1762 3113 1765 3113 1769 3114 1764 3114 1762 3114 1770 3115 1766 3115 1771 3115 1770 3116 1767 3116 1766 3116 1772 3117 1765 3117 1767 3117 1772 3118 1769 3118 1765 3118 1773 3119 1760 3119 1759 3119 1773 3120 955 3120 954 3120 1773 3121 1759 3121 1768 3121 1773 3122 954 3122 1760 3122 1774 3123 1768 3123 1764 3123 1774 3124 1764 3124 1769 3124 1775 3125 1770 3125 1771 3125 1776 3126 1767 3126 1770 3126 1776 3127 1772 3127 1767 3127 1777 3128 1769 3128 1772 3128 1777 3129 1774 3129 1769 3129 1778 3130 1771 3130 1779 3130 1778 3131 1775 3131 1771 3131 1780 3132 1768 3132 1774 3132 1780 3133 955 3133 1773 3133 1780 3134 1773 3134 1768 3134 1781 3135 1770 3135 1775 3135 1781 3136 1776 3136 1770 3136 1782 3137 1778 3137 1779 3137 1783 3138 1777 3138 1772 3138 1783 3139 1772 3139 1776 3139 1784 3140 1780 3140 1774 3140 1784 3141 952 3141 955 3141 1784 3142 955 3142 1780 3142 1784 3143 1774 3143 1777 3143 1785 3144 1781 3144 1775 3144 1785 3145 1778 3145 1782 3145 1785 3146 1775 3146 1778 3146 1786 3147 1776 3147 1781 3147 1786 3148 1783 3148 1776 3148 1787 3149 1779 3149 1788 3149 1787 3150 1782 3150 1779 3150 1789 3151 1785 3151 1782 3151 1790 3152 952 3152 1784 3152 1790 3153 1784 3153 1777 3153 1790 3154 1777 3154 1783 3154 1791 3155 1781 3155 1785 3155 1791 3156 1786 3156 1781 3156 1792 3157 1787 3157 1788 3157 1793 3158 952 3158 1790 3158 1793 3159 953 3159 952 3159 1793 3160 1790 3160 1783 3160 1793 3161 1783 3161 1786 3161 1794 3162 1782 3162 1787 3162 1794 3163 1789 3163 1782 3163 1795 3164 1791 3164 1785 3164 1795 3165 1785 3165 1789 3165 1796 3166 1788 3166 1797 3166 1796 3167 1792 3167 1788 3167 1798 3168 953 3168 1793 3168 1798 3169 1786 3169 1791 3169 1798 3170 1793 3170 1786 3170 1799 3171 1787 3171 1792 3171 1799 3172 1794 3172 1787 3172 1800 3173 1789 3173 1794 3173 1800 3174 1795 3174 1789 3174 1801 3175 1791 3175 1795 3175 1801 3176 950 3176 953 3176 1801 3177 1798 3177 1791 3177 1801 3178 953 3178 1798 3178 1802 3179 1796 3179 1797 3179 1803 3180 1799 3180 1792 3180 1803 3181 1792 3181 1796 3181 1804 3182 1794 3182 1799 3182 1804 3183 1800 3183 1794 3183 1805 3184 1797 3184 1806 3184 1805 3185 1802 3185 1797 3185 1807 3186 950 3186 1801 3186 1807 3187 1795 3187 1800 3187 1807 3188 1801 3188 1795 3188 1808 3189 1796 3189 1802 3189 1808 3190 1803 3190 1796 3190 1809 3191 1799 3191 1803 3191 1809 3192 1804 3192 1799 3192 1810 3193 950 3193 1807 3193 1810 3194 951 3194 950 3194 1810 3195 1800 3195 1804 3195 1810 3196 1807 3196 1800 3196 1811 3197 1802 3197 1805 3197 1811 3198 1808 3198 1802 3198 1812 3199 1805 3199 1806 3199 1813 3200 1806 3200 1814 3200 1813 3201 1812 3201 1806 3201 1815 3202 1809 3202 1803 3202 1815 3203 1803 3203 1808 3203 1816 3204 951 3204 1810 3204 1816 3205 1804 3205 1809 3205 1816 3206 1810 3206 1804 3206 1817 3207 1808 3207 1811 3207 1817 3208 1815 3208 1808 3208 1818 3209 1811 3209 1805 3209 1818 3210 1805 3210 1812 3210 1819 3211 1818 3211 1812 3211 1819 3212 1812 3212 1813 3212 1820 3213 946 3213 951 3213 1820 3214 1809 3214 1815 3214 1820 3215 951 3215 1816 3215 1820 3216 1816 3216 1809 3216 1820 3217 1815 3217 1817 3217 1821 3218 1813 3218 1814 3218 1822 3219 946 3219 1820 3219 1822 3220 1820 3220 1817 3220 1823 3221 1817 3221 1811 3221 1823 3222 1811 3222 1818 3222 1824 3223 1823 3223 1818 3223 1824 3224 1818 3224 1819 3224 1825 3225 1819 3225 1813 3225 1825 3226 1813 3226 1821 3226 1826 3227 1814 3227 1827 3227 1826 3228 1821 3228 1814 3228 1828 3229 1827 3229 1829 3229 1828 3230 1826 3230 1827 3230 1828 3231 1829 3231 1830 3231 1831 3232 1822 3232 1817 3232 1831 3233 946 3233 1822 3233 1831 3234 949 3234 946 3234 1831 3235 1817 3235 1823 3235 1832 3236 1823 3236 1824 3236 1832 3237 949 3237 1831 3237 1832 3238 1831 3238 1823 3238 1833 3239 1819 3239 1825 3239 1833 3240 1824 3240 1819 3240 1834 3241 1825 3241 1821 3241 1834 3242 1821 3242 1826 3242 1834 3243 1826 3243 1828 3243 1835 3244 1830 3244 1836 3244 1835 3245 1828 3245 1830 3245 1835 3246 1834 3246 1828 3246 1837 3247 1832 3247 1824 3247 1837 3248 947 3248 949 3248 1837 3249 949 3249 1832 3249 1837 3250 1824 3250 1833 3250 1838 3251 1833 3251 1825 3251 1838 3252 1825 3252 1834 3252 1839 3253 1836 3253 1840 3253 1839 3254 1835 3254 1836 3254 1839 3255 1838 3255 1834 3255 1839 3256 1834 3256 1835 3256 1841 3257 1833 3257 1838 3257 1841 3258 948 3258 947 3258 1841 3259 947 3259 1837 3259 1841 3260 1838 3260 1839 3260 1841 3261 1837 3261 1833 3261 1842 3262 1840 3262 1761 3262 1842 3263 1839 3263 1840 3263 1842 3264 948 3264 1841 3264 1842 3265 1841 3265 1839 3265 1842 3266 1761 3266 948 3266 1827 3267 1843 3267 1829 3267 1844 3268 1843 3268 1827 3268 1814 3269 1844 3269 1827 3269 1845 3270 1844 3270 1814 3270 1846 3271 1814 3271 1806 3271 1846 3272 1845 3272 1814 3272 1847 3273 1806 3273 1797 3273 1847 3274 1846 3274 1806 3274 1848 3275 1797 3275 1788 3275 1848 3276 1847 3276 1797 3276 1849 3277 1788 3277 1779 3277 1849 3278 1848 3278 1788 3278 1850 3279 1779 3279 1771 3279 1850 3280 1849 3280 1779 3280 1851 3281 1771 3281 1766 3281 1851 3282 1850 3282 1771 3282 1852 3283 1766 3283 1763 3283 1852 3284 1851 3284 1766 3284 1756 3285 1763 3285 1755 3285 1756 3286 1852 3286 1763 3286 1853 3287 1829 3287 1843 3287 1854 3288 1829 3288 1853 3288 1829 3289 1854 3289 1855 3289 1830 3290 1855 3290 1856 3290 1830 3291 1829 3291 1855 3291 1836 3292 1856 3292 1857 3292 1836 3293 1830 3293 1856 3293 1840 3294 1857 3294 1858 3294 1840 3295 1836 3295 1857 3295 1761 3296 1858 3296 919 3296 1761 3297 1840 3297 1858 3297 945 3298 1761 3298 919 3298 900 3299 999 3299 899 3299 1855 3300 1854 3300 1859 3300 919 3301 1858 3301 917 3301 1860 3302 900 3302 901 3302 1860 3303 999 3303 900 3303 1861 3304 902 3304 903 3304 1862 3305 903 3305 905 3305 1862 3306 905 3306 906 3306 1862 3307 1861 3307 903 3307 1863 3308 1864 3308 1865 3308 1863 3309 1865 3309 1866 3309 1863 3310 1866 3310 1867 3310 1868 3311 906 3311 907 3311 1868 3312 1862 3312 906 3312 1869 3313 1870 3313 1864 3313 1869 3314 1864 3314 1863 3314 1871 3315 908 3315 910 3315 1872 3316 1873 3316 1870 3316 1872 3317 1870 3317 1869 3317 1874 3318 910 3318 912 3318 1874 3319 912 3319 913 3319 1874 3320 1871 3320 910 3320 1875 3321 1876 3321 1873 3321 1875 3322 1873 3322 1872 3322 1877 3323 913 3323 915 3323 1877 3324 1874 3324 913 3324 1878 3325 1859 3325 1876 3325 1878 3326 1876 3326 1875 3326 1878 3327 1855 3327 1859 3327 1879 3328 917 3328 1858 3328 1879 3329 915 3329 917 3329 1879 3330 1877 3330 915 3330 1880 3331 1881 3331 996 3331 1880 3332 995 3332 997 3332 1880 3333 996 3333 995 3333 1880 3334 1882 3334 1881 3334 1883 3335 1880 3335 997 3335 1883 3336 1882 3336 1880 3336 1883 3337 998 3337 999 3337 1883 3338 997 3338 998 3338 1883 3339 999 3339 1860 3339 1883 3340 1860 3340 1882 3340 1884 3341 1885 3341 1881 3341 1884 3342 1881 3342 1882 3342 1884 3343 1886 3343 1885 3343 1887 3344 1884 3344 1882 3344 1887 3345 1886 3345 1884 3345 1887 3346 1861 3346 1886 3346 1887 3347 1882 3347 1860 3347 1888 3348 1866 3348 1885 3348 1888 3349 1867 3349 1866 3349 1888 3350 1885 3350 1886 3350 1889 3351 901 3351 902 3351 1889 3352 1887 3352 1860 3352 1889 3353 1861 3353 1887 3353 1889 3354 902 3354 1861 3354 1889 3355 1860 3355 901 3355 1890 3356 1867 3356 1888 3356 1890 3357 1888 3357 1886 3357 1890 3358 1861 3358 1862 3358 1890 3359 1886 3359 1861 3359 1890 3360 1862 3360 1867 3360 1891 3361 1867 3361 1862 3361 1891 3362 1863 3362 1867 3362 1891 3363 1868 3363 1863 3363 1891 3364 1862 3364 1868 3364 1892 3365 1869 3365 1863 3365 1892 3366 1871 3366 1869 3366 1892 3367 1863 3367 1868 3367 1893 3368 1868 3368 907 3368 1893 3369 907 3369 908 3369 1893 3370 908 3370 1871 3370 1893 3371 1871 3371 1892 3371 1893 3372 1892 3372 1868 3372 1894 3373 1872 3373 1869 3373 1894 3374 1869 3374 1871 3374 1894 3375 1874 3375 1872 3375 1894 3376 1871 3376 1874 3376 1895 3377 1875 3377 1872 3377 1895 3378 1874 3378 1877 3378 1895 3379 1872 3379 1874 3379 1895 3380 1877 3380 1875 3380 1896 3381 1878 3381 1875 3381 1896 3382 1877 3382 1879 3382 1896 3383 1879 3383 1878 3383 1896 3384 1875 3384 1877 3384 1897 3385 1879 3385 1858 3385 1897 3386 1856 3386 1855 3386 1897 3387 1857 3387 1856 3387 1897 3388 1858 3388 1857 3388 1897 3389 1878 3389 1879 3389 1897 3390 1855 3390 1878 3390 996 3391 1898 3391 1000 3391 996 3392 1881 3392 1898 3392 1881 3393 1899 3393 1898 3393 1881 3394 1885 3394 1899 3394 1885 3395 1900 3395 1899 3395 1900 3396 1866 3396 1901 3396 1885 3397 1866 3397 1900 3397 1866 3398 1865 3398 1901 3398 1865 3399 1902 3399 1901 3399 1865 3400 1864 3400 1902 3400 1864 3401 1903 3401 1902 3401 1864 3402 1870 3402 1903 3402 1870 3403 1904 3403 1903 3403 1870 3404 1873 3404 1904 3404 1873 3405 1905 3405 1904 3405 1873 3406 1876 3406 1905 3406 1905 3407 1859 3407 1906 3407 1876 3408 1859 3408 1905 3408 1906 3409 1854 3409 1853 3409 1859 3410 1854 3410 1906 3410 1001 3411 1007 3411 1003 3411 1015 3412 1907 3412 1013 3412 1002 3413 1908 3413 1001 3413 1007 3414 1908 3414 1006 3414 1001 3415 1908 3415 1007 3415 1004 3416 1909 3416 1002 3416 1002 3417 1909 3417 1908 3417 1908 3418 1910 3418 1006 3418 1006 3419 1911 3419 1009 3419 1910 3420 1911 3420 1006 3420 1005 3421 1912 3421 1004 3421 1004 3422 1912 3422 1909 3422 1909 3423 1913 3423 1908 3423 1908 3424 1913 3424 1910 3424 1911 3425 1914 3425 1009 3425 1910 3426 1915 3426 1911 3426 1913 3427 1915 3427 1910 3427 1898 3428 1916 3428 1000 3428 1000 3429 1916 3429 1005 3429 1005 3430 1916 3430 1912 3430 1009 3431 1917 3431 1008 3431 1914 3432 1917 3432 1009 3432 1909 3433 1918 3433 1913 3433 1912 3434 1918 3434 1909 3434 1911 3435 1919 3435 1914 3435 1915 3436 1919 3436 1911 3436 1913 3437 1920 3437 1915 3437 1918 3438 1920 3438 1913 3438 1917 3439 1921 3439 1008 3439 1919 3440 1922 3440 1914 3440 1914 3441 1922 3441 1917 3441 1899 3442 1923 3442 1898 3442 1912 3443 1923 3443 1918 3443 1898 3444 1923 3444 1916 3444 1916 3445 1923 3445 1912 3445 1008 3446 1924 3446 1011 3446 1921 3447 1924 3447 1008 3447 1915 3448 1925 3448 1919 3448 1920 3449 1925 3449 1915 3449 1923 3450 1926 3450 1918 3450 1899 3451 1926 3451 1923 3451 1918 3452 1926 3452 1920 3452 1917 3453 1927 3453 1921 3453 1922 3454 1927 3454 1917 3454 1919 3455 1928 3455 1922 3455 1925 3456 1928 3456 1919 3456 1924 3457 1929 3457 1011 3457 1927 3458 1930 3458 1921 3458 1921 3459 1930 3459 1924 3459 1920 3460 1931 3460 1925 3460 1900 3461 1931 3461 1899 3461 1899 3462 1931 3462 1926 3462 1925 3463 1931 3463 1928 3463 1926 3464 1931 3464 1920 3464 1928 3465 1932 3465 1922 3465 1922 3466 1932 3466 1927 3466 1929 3467 1933 3467 1011 3467 1011 3468 1933 3468 1012 3468 1900 3469 1934 3469 1931 3469 1931 3470 1934 3470 1928 3470 1924 3471 1935 3471 1929 3471 1930 3472 1935 3472 1924 3472 1932 3473 1936 3473 1927 3473 1927 3474 1936 3474 1930 3474 1933 3475 1937 3475 1012 3475 1901 3476 1938 3476 1900 3476 1900 3477 1938 3477 1934 3477 1928 3478 1938 3478 1932 3478 1934 3479 1938 3479 1928 3479 1929 3480 1939 3480 1933 3480 1935 3481 1939 3481 1929 3481 1930 3482 1940 3482 1935 3482 1936 3483 1940 3483 1930 3483 1901 3484 1941 3484 1938 3484 1938 3485 1941 3485 1932 3485 1932 3486 1941 3486 1936 3486 1012 3487 1942 3487 1010 3487 1937 3488 1942 3488 1012 3488 1933 3489 1943 3489 1937 3489 1939 3490 1943 3490 1933 3490 1935 3491 1944 3491 1939 3491 1940 3492 1944 3492 1935 3492 1942 3493 1945 3493 1010 3493 1902 3494 1946 3494 1901 3494 1901 3495 1946 3495 1941 3495 1936 3496 1946 3496 1940 3496 1941 3497 1946 3497 1936 3497 1937 3498 1947 3498 1942 3498 1943 3499 1947 3499 1937 3499 1939 3500 1948 3500 1943 3500 1944 3501 1948 3501 1939 3501 1902 3502 1949 3502 1946 3502 1940 3503 1949 3503 1944 3503 1946 3504 1949 3504 1940 3504 1942 3505 1950 3505 1945 3505 1947 3506 1950 3506 1942 3506 1010 3507 1951 3507 1016 3507 1945 3508 1951 3508 1010 3508 1951 3509 1952 3509 1016 3509 1943 3510 1953 3510 1947 3510 1948 3511 1953 3511 1943 3511 1903 3512 1954 3512 1902 3512 1902 3513 1954 3513 1949 3513 1944 3514 1954 3514 1948 3514 1948 3515 1954 3515 1953 3515 1949 3516 1954 3516 1944 3516 1947 3517 1955 3517 1950 3517 1953 3518 1955 3518 1947 3518 1950 3519 1956 3519 1945 3519 1945 3520 1956 3520 1951 3520 1951 3521 1956 3521 1952 3521 1956 3522 1957 3522 1952 3522 1903 3523 1958 3523 1954 3523 1954 3524 1958 3524 1953 3524 1016 3525 1959 3525 1014 3525 1952 3526 1959 3526 1016 3526 1904 3527 1960 3527 1903 3527 1958 3528 1960 3528 1953 3528 1903 3529 1960 3529 1958 3529 1953 3530 1960 3530 1955 3530 1955 3531 1961 3531 1950 3531 1956 3532 1961 3532 1957 3532 1950 3533 1961 3533 1956 3533 1961 3534 1962 3534 1957 3534 1952 3535 1963 3535 1959 3535 1957 3536 1963 3536 1952 3536 1014 3537 1964 3537 1015 3537 1959 3538 1964 3538 1014 3538 1907 3539 1965 3539 1966 3539 1964 3540 1965 3540 1015 3540 1015 3541 1965 3541 1907 3541 1904 3542 1967 3542 1960 3542 1960 3543 1967 3543 1955 3543 1955 3544 1967 3544 1961 3544 1905 3545 1968 3545 1904 3545 1961 3546 1968 3546 1962 3546 1967 3547 1968 3547 1961 3547 1904 3548 1968 3548 1967 3548 1957 3549 1969 3549 1963 3549 1968 3550 1969 3550 1962 3550 1962 3551 1969 3551 1957 3551 1963 3552 1970 3552 1959 3552 1959 3553 1970 3553 1964 3553 1964 3554 1970 3554 1965 3554 1966 3555 1971 3555 1972 3555 1965 3556 1971 3556 1966 3556 1970 3557 1971 3557 1965 3557 1905 3558 1973 3558 1968 3558 1968 3559 1973 3559 1969 3559 1963 3560 1974 3560 1970 3560 1969 3561 1974 3561 1963 3561 1972 3562 1975 3562 1976 3562 1970 3563 1975 3563 1971 3563 1974 3564 1975 3564 1970 3564 1971 3565 1975 3565 1972 3565 1906 3566 1977 3566 1905 3566 1905 3567 1977 3567 1973 3567 1973 3568 1977 3568 1969 3568 1969 3569 1977 3569 1974 3569 1974 3570 1977 3570 1975 3570 1976 3571 1978 3571 1853 3571 1977 3572 1978 3572 1975 3572 1853 3573 1978 3573 1906 3573 1975 3574 1978 3574 1976 3574 1906 3575 1978 3575 1977 3575 1013 3576 1907 3576 1017 3576 1017 3577 1907 3577 1979 3577 1979 3578 1966 3578 1980 3578 1907 3579 1966 3579 1979 3579 1980 3580 1972 3580 1981 3580 1966 3581 1972 3581 1980 3581 1981 3582 1976 3582 1982 3582 1972 3583 1976 3583 1981 3583 1982 3584 1853 3584 1843 3584 1976 3585 1853 3585 1982 3585 1031 3586 1030 3586 1983 3586 1017 3587 1979 3587 1021 3587 1982 3588 1843 3588 1844 3588 1029 3589 1984 3589 1030 3589 1030 3590 1984 3590 1983 3590 1027 3591 1985 3591 1028 3591 1026 3592 1986 3592 1027 3592 1025 3593 1986 3593 1026 3593 1027 3594 1986 3594 1985 3594 1025 3595 1987 3595 1986 3595 1024 3596 1987 3596 1025 3596 1849 3597 1988 3597 1848 3597 1850 3598 1988 3598 1849 3598 1989 3599 1988 3599 1850 3599 1022 3600 1990 3600 1023 3600 1848 3601 1991 3601 1847 3601 1988 3602 1991 3602 1848 3602 1019 3603 1992 3603 1022 3603 1018 3604 1992 3604 1019 3604 1022 3605 1992 3605 1990 3605 1847 3606 1993 3606 1846 3606 1991 3607 1993 3607 1847 3607 1020 3608 1994 3608 1018 3608 1018 3609 1994 3609 1992 3609 1846 3610 1995 3610 1845 3610 1993 3611 1995 3611 1846 3611 1021 3612 1996 3612 1020 3612 1979 3613 1996 3613 1021 3613 1020 3614 1996 3614 1994 3614 1844 3615 1997 3615 1982 3615 1845 3616 1997 3616 1844 3616 1995 3617 1997 3617 1845 3617 1983 3618 1998 3618 1999 3618 1999 3619 1998 3619 2000 3619 1984 3620 1998 3620 1983 3620 2001 3621 1998 3621 1984 3621 1028 3622 2002 3622 1029 3622 1029 3623 2002 3623 1984 3623 1985 3624 2002 3624 1028 3624 2000 3625 2003 3625 2004 3625 2004 3626 2003 3626 1756 3626 2001 3627 2003 3627 1998 3627 1756 3628 2003 3628 1852 3628 1998 3629 2003 3629 2000 3629 1852 3630 2003 3630 2001 3630 2002 3631 2005 3631 1984 3631 1985 3632 2005 3632 2002 3632 1984 3633 2005 3633 2001 3633 2006 3634 2005 3634 1985 3634 1852 3635 2007 3635 1851 3635 2005 3636 2007 3636 2001 3636 2006 3637 2007 3637 2005 3637 1851 3638 2007 3638 2006 3638 2001 3639 2007 3639 1852 3639 1986 3640 2008 3640 1985 3640 1985 3641 2008 3641 2006 3641 1989 3642 2008 3642 1986 3642 1851 3643 2009 3643 1850 3643 2008 3644 2009 3644 2006 3644 1989 3645 2009 3645 2008 3645 1850 3646 2009 3646 1989 3646 2006 3647 2009 3647 1851 3647 1988 3648 2010 3648 1987 3648 1987 3649 2010 3649 1986 3649 1989 3650 2010 3650 1988 3650 1986 3651 2010 3651 1989 3651 1023 3652 2011 3652 1024 3652 1024 3653 2011 3653 1987 3653 1990 3654 2011 3654 1023 3654 2011 3655 2012 3655 1987 3655 1987 3656 2012 3656 1988 3656 1990 3657 2012 3657 2011 3657 1991 3658 2012 3658 1990 3658 1988 3659 2012 3659 1991 3659 1990 3660 2013 3660 1991 3660 1992 3661 2013 3661 1990 3661 1991 3662 2013 3662 1993 3662 1993 3663 2013 3663 1992 3663 1995 3664 2014 3664 1994 3664 1993 3665 2014 3665 1995 3665 1992 3666 2014 3666 1993 3666 1994 3667 2014 3667 1992 3667 1995 3668 2015 3668 1997 3668 1994 3669 2015 3669 1995 3669 1997 3670 2015 3670 1996 3670 1996 3671 2015 3671 1994 3671 1979 3672 2016 3672 1996 3672 1996 3673 2016 3673 1997 3673 1982 3674 2016 3674 1981 3674 1981 3675 2016 3675 1980 3675 1980 3676 2016 3676 1979 3676 1997 3677 2016 3677 1982 3677 1060 3678 1031 3678 2017 3678 1031 3679 1983 3679 2017 3679 2017 3680 1999 3680 2018 3680 1983 3681 1999 3681 2017 3681 2018 3682 2000 3682 2019 3682 1999 3683 2000 3683 2018 3683 2019 3684 2004 3684 2020 3684 2000 3685 2004 3685 2019 3685 2020 3686 1756 3686 1745 3686 2004 3687 1756 3687 2020 3687 1045 3688 1047 3688 2021 3688 1060 3689 2017 3689 1059 3689 2020 3690 1745 3690 1746 3690 1048 3691 2022 3691 1047 3691 1047 3692 2022 3692 2021 3692 1050 3693 2023 3693 1049 3693 1051 3694 2024 3694 1050 3694 1052 3695 2024 3695 1051 3695 1050 3696 2024 3696 2023 3696 1052 3697 2025 3697 2024 3697 1053 3698 2025 3698 1052 3698 1751 3699 2026 3699 1750 3699 1752 3700 2026 3700 1751 3700 2027 3701 2026 3701 1752 3701 1055 3702 2028 3702 1054 3702 1750 3703 2029 3703 1749 3703 2026 3704 2029 3704 1750 3704 1056 3705 2030 3705 1055 3705 1057 3706 2030 3706 1056 3706 1055 3707 2030 3707 2028 3707 1749 3708 2031 3708 1748 3708 2029 3709 2031 3709 1749 3709 1058 3710 2032 3710 1057 3710 1057 3711 2032 3711 2030 3711 1748 3712 2033 3712 1747 3712 2031 3713 2033 3713 1748 3713 1059 3714 2034 3714 1058 3714 2017 3715 2034 3715 1059 3715 1058 3716 2034 3716 2032 3716 1746 3717 2035 3717 2020 3717 1747 3718 2035 3718 1746 3718 2033 3719 2035 3719 1747 3719 2021 3720 2036 3720 2037 3720 2037 3721 2036 3721 2038 3721 2022 3722 2036 3722 2021 3722 2039 3723 2036 3723 2022 3723 1049 3724 2040 3724 1048 3724 1048 3725 2040 3725 2022 3725 2023 3726 2040 3726 1049 3726 2038 3727 2041 3727 2042 3727 2042 3728 2041 3728 1658 3728 2039 3729 2041 3729 2036 3729 1658 3730 2041 3730 1754 3730 2036 3731 2041 3731 2038 3731 1754 3732 2041 3732 2039 3732 2040 3733 2043 3733 2022 3733 2023 3734 2043 3734 2040 3734 2022 3735 2043 3735 2039 3735 2044 3736 2043 3736 2023 3736 1754 3737 2045 3737 1753 3737 2043 3738 2045 3738 2039 3738 2044 3739 2045 3739 2043 3739 1753 3740 2045 3740 2044 3740 2039 3741 2045 3741 1754 3741 2024 3742 2046 3742 2023 3742 2023 3743 2046 3743 2044 3743 2027 3744 2046 3744 2024 3744 1753 3745 2047 3745 1752 3745 2046 3746 2047 3746 2044 3746 2027 3747 2047 3747 2046 3747 1752 3748 2047 3748 2027 3748 2044 3749 2047 3749 1753 3749 2026 3750 2048 3750 2025 3750 2025 3751 2048 3751 2024 3751 2027 3752 2048 3752 2026 3752 2024 3753 2048 3753 2027 3753 1054 3754 2049 3754 1053 3754 1053 3755 2049 3755 2025 3755 2028 3756 2049 3756 1054 3756 2025 3757 2050 3757 2026 3757 2049 3758 2050 3758 2025 3758 2028 3759 2050 3759 2049 3759 2029 3760 2050 3760 2028 3760 2026 3761 2050 3761 2029 3761 2028 3762 2051 3762 2029 3762 2030 3763 2051 3763 2028 3763 2029 3764 2051 3764 2031 3764 2031 3765 2051 3765 2030 3765 2033 3766 2052 3766 2032 3766 2031 3767 2052 3767 2033 3767 2030 3768 2052 3768 2031 3768 2032 3769 2052 3769 2030 3769 2033 3770 2053 3770 2035 3770 2032 3771 2053 3771 2033 3771 2035 3772 2053 3772 2034 3772 2034 3773 2053 3773 2032 3773 2017 3774 2054 3774 2034 3774 2034 3775 2054 3775 2035 3775 2020 3776 2054 3776 2019 3776 2019 3777 2054 3777 2018 3777 2018 3778 2054 3778 2017 3778 2035 3779 2054 3779 2020 3779 1042 3780 1045 3780 2055 3780 2055 3781 2021 3781 2056 3781 1045 3782 2021 3782 2055 3782 2056 3783 2037 3783 2057 3783 2021 3784 2037 3784 2056 3784 2057 3785 2038 3785 2058 3785 2037 3786 2038 3786 2057 3786 2058 3787 2042 3787 1656 3787 2038 3788 2042 3788 2058 3788 2042 3789 1658 3789 1656 3789 2055 3790 1040 3790 1042 3790 1038 3791 2059 3791 1043 3791 1040 3792 2060 3792 1041 3792 2056 3793 2060 3793 2055 3793 2055 3794 2060 3794 1040 3794 2057 3795 2061 3795 2056 3795 2056 3796 2061 3796 2060 3796 2060 3797 2062 3797 1041 3797 1041 3798 2063 3798 1035 3798 2062 3799 2063 3799 1041 3799 2058 3800 2064 3800 2057 3800 2057 3801 2064 3801 2061 3801 2060 3802 2065 3802 2062 3802 2061 3803 2065 3803 2060 3803 2063 3804 2066 3804 1035 3804 2062 3805 2067 3805 2063 3805 2065 3806 2067 3806 2062 3806 1655 3807 2068 3807 1656 3807 1656 3808 2068 3808 2058 3808 2058 3809 2068 3809 2064 3809 2061 3810 2069 3810 2065 3810 2064 3811 2069 3811 2061 3811 1035 3812 2070 3812 1037 3812 2066 3813 2070 3813 1035 3813 2063 3814 2071 3814 2066 3814 2067 3815 2071 3815 2063 3815 2069 3816 2072 3816 2065 3816 2065 3817 2072 3817 2067 3817 2070 3818 2073 3818 1037 3818 1654 3819 2074 3819 1655 3819 2068 3820 2074 3820 2064 3820 1655 3821 2074 3821 2068 3821 2064 3822 2074 3822 2069 3822 2071 3823 2075 3823 2066 3823 2066 3824 2075 3824 2070 3824 1037 3825 2076 3825 1036 3825 2073 3826 2076 3826 1037 3826 2067 3827 2077 3827 2071 3827 2072 3828 2077 3828 2067 3828 2074 3829 2078 3829 2069 3829 1654 3830 2078 3830 2074 3830 2069 3831 2078 3831 2072 3831 2070 3832 2079 3832 2073 3832 2075 3833 2079 3833 2070 3833 2077 3834 2080 3834 2071 3834 2071 3835 2080 3835 2075 3835 2076 3836 2081 3836 1036 3836 2073 3837 2082 3837 2076 3837 2079 3838 2082 3838 2073 3838 2072 3839 2083 3839 2077 3839 1654 3840 2083 3840 2078 3840 1653 3841 2083 3841 1654 3841 2078 3842 2083 3842 2072 3842 2075 3843 2084 3843 2079 3843 2080 3844 2084 3844 2075 3844 1036 3845 2085 3845 1033 3845 2081 3846 2085 3846 1036 3846 2083 3847 2086 3847 2077 3847 2077 3848 2086 3848 2080 3848 1653 3849 2086 3849 2083 3849 2076 3850 2087 3850 2081 3850 2082 3851 2087 3851 2076 3851 2084 3852 2088 3852 2079 3852 2079 3853 2088 3853 2082 3853 2085 3854 2089 3854 1033 3854 1652 3855 2090 3855 1653 3855 2086 3856 2090 3856 2080 3856 2080 3857 2090 3857 2084 3857 1653 3858 2090 3858 2086 3858 2081 3859 2091 3859 2085 3859 2087 3860 2091 3860 2081 3860 2082 3861 2092 3861 2087 3861 2088 3862 2092 3862 2082 3862 2084 3863 2093 3863 2088 3863 1652 3864 2093 3864 2090 3864 2090 3865 2093 3865 2084 3865 1033 3866 2094 3866 1034 3866 2089 3867 2094 3867 1033 3867 2085 3868 2095 3868 2089 3868 2091 3869 2095 3869 2085 3869 2087 3870 2096 3870 2091 3870 2092 3871 2096 3871 2087 3871 2094 3872 2097 3872 1034 3872 1652 3873 2098 3873 2093 3873 1651 3874 2098 3874 1652 3874 2088 3875 2098 3875 2092 3875 2093 3876 2098 3876 2088 3876 2089 3877 2099 3877 2094 3877 2095 3878 2099 3878 2089 3878 2094 3879 2099 3879 2097 3879 2091 3880 2100 3880 2095 3880 2096 3881 2100 3881 2091 3881 1651 3882 2101 3882 2098 3882 2092 3883 2101 3883 2096 3883 2098 3884 2101 3884 2092 3884 2096 3885 2101 3885 2100 3885 2099 3886 2102 3886 2097 3886 1034 3887 2103 3887 1032 3887 2097 3888 2103 3888 1034 3888 2103 3889 2104 3889 1032 3889 2095 3890 2105 3890 2099 3890 2100 3891 2105 3891 2095 3891 1650 3892 2106 3892 1651 3892 1651 3893 2106 3893 2101 3893 2101 3894 2106 3894 2100 3894 2099 3895 2107 3895 2102 3895 2105 3896 2107 3896 2099 3896 2102 3897 2108 3897 2097 3897 2097 3898 2108 3898 2103 3898 2108 3899 2109 3899 2103 3899 2103 3900 2109 3900 2104 3900 1650 3901 2110 3901 2106 3901 2100 3902 2110 3902 2105 3902 2106 3903 2110 3903 2100 3903 1032 3904 2111 3904 1039 3904 2109 3905 2111 3905 2104 3905 2104 3906 2111 3906 1032 3906 2110 3907 2112 3907 2105 3907 1649 3908 2112 3908 1650 3908 1650 3909 2112 3909 2110 3909 2105 3910 2112 3910 2107 3910 2107 3911 2113 3911 2102 3911 2102 3912 2113 3912 2108 3912 2108 3913 2114 3913 2109 3913 2113 3914 2114 3914 2108 3914 2109 3915 2115 3915 2111 3915 1039 3916 2116 3916 1038 3916 2111 3917 2116 3917 1039 3917 2115 3918 2116 3918 2111 3918 2059 3919 2117 3919 2118 3919 1038 3920 2117 3920 2059 3920 2116 3921 2117 3921 1038 3921 1649 3922 2119 3922 2112 3922 2112 3923 2119 3923 2107 3923 2113 3924 2119 3924 2114 3924 2107 3925 2119 3925 2113 3925 1649 3926 2120 3926 2119 3926 1648 3927 2120 3927 1649 3927 2119 3928 2120 3928 2114 3928 2109 3929 2121 3929 2115 3929 2114 3930 2121 3930 2109 3930 2115 3931 2122 3931 2116 3931 2118 3932 2123 3932 2124 3932 2117 3933 2123 3933 2118 3933 2116 3934 2123 3934 2117 3934 2122 3935 2123 3935 2116 3935 1648 3936 2125 3936 2120 3936 2120 3937 2125 3937 2114 3937 2114 3938 2125 3938 2121 3938 2121 3939 2126 3939 2115 3939 2115 3940 2126 3940 2122 3940 2122 3941 2126 3941 2123 3941 2124 3942 2127 3942 2128 3942 2123 3943 2127 3943 2124 3943 2126 3944 2127 3944 2123 3944 2125 3945 2129 3945 2121 3945 1646 3946 2129 3946 1648 3946 1648 3947 2129 3947 2125 3947 2121 3948 2129 3948 2126 3948 1646 3949 2130 3949 2129 3949 2128 3950 2130 3950 1647 3950 1647 3951 2130 3951 1646 3951 2127 3952 2130 3952 2128 3952 2126 3953 2130 3953 2127 3953 2129 3954 2130 3954 2126 3954 1043 3955 2059 3955 1044 3955 1044 3956 2059 3956 1572 3956 1572 3957 2118 3957 1573 3957 2059 3958 2118 3958 1572 3958 1573 3959 2124 3959 1575 3959 2118 3960 2124 3960 1573 3960 1575 3961 2128 3961 1576 3961 2124 3962 2128 3962 1575 3962 1576 3963 1647 3963 1578 3963 2128 3964 1647 3964 1576 3964 1597 3965 1581 3965 1647 3965 1647 3966 1581 3966 1578 3966 1062 3967 1555 3967 2131 3967 1063 3968 1555 3968 1062 3968 2131 3969 1556 3969 2132 3969 1555 3970 1556 3970 2131 3970 2132 3971 1554 3971 2133 3971 1556 3972 1554 3972 2132 3972 2133 3973 1553 3973 2134 3973 1554 3974 1553 3974 2133 3974 1076 3975 2135 3975 1077 3975 1062 3976 2131 3976 1064 3976 2133 3977 2134 3977 2136 3977 1078 3978 2137 3978 1076 3978 1076 3979 2137 3979 2135 3979 2135 3980 2138 3980 2139 3980 2139 3981 2138 3981 2140 3981 2137 3982 2138 3982 2135 3982 1065 3983 2141 3983 1078 3983 1078 3984 2141 3984 2137 3984 2140 3985 2142 3985 2143 3985 2137 3986 2142 3986 2138 3986 2141 3987 2142 3987 2137 3987 2138 3988 2142 3988 2140 3988 1064 3989 2144 3989 1065 3989 2132 3990 2144 3990 2131 3990 1065 3991 2144 3991 2141 3991 2131 3992 2144 3992 1064 3992 2143 3993 2145 3993 2136 3993 2133 3994 2145 3994 2132 3994 2132 3995 2145 3995 2144 3995 2141 3996 2145 3996 2142 3996 2142 3997 2145 3997 2143 3997 2144 3998 2145 3998 2141 3998 2136 3999 2145 3999 2133 3999 2139 4000 1077 4000 2135 4000 2139 4001 2146 4001 1077 4001 2147 4002 2148 4002 2146 4002 2146 4003 2148 4003 1077 4003 2149 4004 2150 4004 2148 4004 2151 4005 2152 4005 2150 4005 2153 4006 2154 4006 2152 4006 2152 4007 2154 4007 2150 4007 2155 4008 2156 4008 2154 4008 2156 4009 2157 4009 2154 4009 2158 4010 2159 4010 2160 4010 2160 4011 2159 4011 2157 4011 2159 4012 2161 4012 2157 4012 2157 4013 2162 4013 2154 4013 2161 4014 2162 4014 2157 4014 2163 4015 2162 4015 2164 4015 2164 4016 2162 4016 2165 4016 2165 4017 2162 4017 2166 4017 2166 4018 2162 4018 2161 4018 2154 4019 2162 4019 2150 4019 2167 4020 2168 4020 2162 4020 2169 4021 2170 4021 2168 4021 2170 4022 2171 4022 2168 4022 2162 4023 2172 4023 2150 4023 2168 4024 2172 4024 2162 4024 2171 4025 2172 4025 2168 4025 2173 4026 2172 4026 2171 4026 2174 4027 2175 4027 2176 4027 2176 4028 2175 4028 2172 4028 2148 4029 1075 4029 1077 4029 2148 4030 2177 4030 1075 4030 2150 4031 2177 4031 2148 4031 2175 4032 2178 4032 2172 4032 2179 4033 2178 4033 2175 4033 2178 4034 2180 4034 2172 4034 2177 4035 2181 4035 2182 4035 2182 4036 2181 4036 2183 4036 2177 4037 2184 4037 2181 4037 2172 4038 2185 4038 2150 4038 2186 4039 2185 4039 2187 4039 2187 4040 2185 4040 2180 4040 2150 4041 2185 4041 2177 4041 2180 4042 2185 4042 2172 4042 2188 4043 2189 4043 2185 4043 2184 4044 2190 4044 2191 4044 2191 4045 2190 4045 2192 4045 2177 4046 2190 4046 2184 4046 2193 4047 2194 4047 2189 4047 2189 4048 2194 4048 2185 4048 2190 4049 2195 4049 2196 4049 2177 4050 2195 4050 2190 4050 2177 4051 2197 4051 2195 4051 2198 4052 2199 4052 2200 4052 2200 4053 2201 4053 2194 4053 2194 4054 2201 4054 2185 4054 2199 4055 2201 4055 2200 4055 2197 4056 2202 4056 2203 4056 2203 4057 2202 4057 2204 4057 2177 4058 2202 4058 2197 4058 2201 4059 2205 4059 2185 4059 2177 4060 2206 4060 2202 4060 2177 4061 2207 4061 2206 4061 2185 4062 2207 4062 2177 4062 2205 4063 2207 4063 2185 4063 2208 4064 2148 4064 2147 4064 2209 4065 2208 4065 2210 4065 2210 4066 2208 4066 2211 4066 2208 4067 2212 4067 2213 4067 2208 4068 2214 4068 2212 4068 2213 4069 2215 4069 2208 4069 1551 4070 2216 4070 2209 4070 2209 4071 2216 4071 2208 4071 2208 4072 2216 4072 2214 4072 1551 4073 1561 4073 2216 4073 1561 4074 2217 4074 2216 4074 2217 4075 2218 4075 2216 4075 2218 4076 2219 4076 2216 4076 2148 4077 2208 4077 2215 4077 2220 4078 1549 4078 1548 4078 2221 4079 1548 4079 1550 4079 2221 4080 2220 4080 1548 4080 2222 4081 1550 4081 1552 4081 2222 4082 2221 4082 1550 4082 2223 4083 1552 4083 1551 4083 2223 4084 2222 4084 1552 4084 2209 4085 2223 4085 1551 4085 2220 4086 1553 4086 1549 4086 2134 4087 1553 4087 2220 4087 2140 4088 2146 4088 2139 4088 2224 4089 2146 4089 2140 4089 2134 4090 2225 4090 2136 4090 2220 4091 2225 4091 2134 4091 2226 4092 2143 4092 2136 4092 2226 4093 2140 4093 2143 4093 2226 4094 2225 4094 2227 4094 2226 4095 2227 4095 2224 4095 2226 4096 2224 4096 2140 4096 2226 4097 2136 4097 2225 4097 2221 4098 2225 4098 2220 4098 2209 4099 2210 4099 2223 4099 2228 4100 2147 4100 2146 4100 2228 4101 2146 4101 2224 4101 2229 4102 2224 4102 2227 4102 2229 4103 2228 4103 2224 4103 2230 4104 2147 4104 2228 4104 2231 4105 2228 4105 2229 4105 2231 4106 2230 4106 2228 4106 2232 4107 2229 4107 2227 4107 2233 4108 2208 4108 2147 4108 2233 4109 2147 4109 2230 4109 2234 4110 2208 4110 2233 4110 2234 4111 2233 4111 2230 4111 2234 4112 2230 4112 2231 4112 2235 4113 2231 4113 2229 4113 2235 4114 2229 4114 2232 4114 2236 4115 2227 4115 2225 4115 2236 4116 2232 4116 2227 4116 2236 4117 2225 4117 2221 4117 2237 4118 2211 4118 2208 4118 2237 4119 2208 4119 2234 4119 2237 4120 2231 4120 2235 4120 2237 4121 2234 4121 2231 4121 2238 4122 2221 4122 2222 4122 2238 4123 2236 4123 2221 4123 2238 4124 2235 4124 2232 4124 2238 4125 2232 4125 2236 4125 2239 4126 2210 4126 2211 4126 2239 4127 2222 4127 2223 4127 2239 4128 2211 4128 2237 4128 2239 4129 2235 4129 2238 4129 2239 4130 2223 4130 2210 4130 2239 4131 2238 4131 2222 4131 2239 4132 2237 4132 2235 4132 2240 4133 1079 4133 1075 4133 2240 4134 1075 4134 2177 4134 2241 4135 2240 4135 2177 4135 2242 4136 2177 4136 2182 4136 2242 4137 2241 4137 2177 4137 2243 4138 1079 4138 2240 4138 2243 4139 1080 4139 1079 4139 2244 4140 1080 4140 2243 4140 2245 4141 2243 4141 2240 4141 2245 4142 2240 4142 2241 4142 2246 4143 1080 4143 2244 4143 2246 4144 1081 4144 1080 4144 2247 4145 2243 4145 2245 4145 2247 4146 2244 4146 2243 4146 2248 4147 2241 4147 2242 4147 2248 4148 2245 4148 2241 4148 2249 4149 2242 4149 2182 4149 2250 4150 1081 4150 2246 4150 2251 4151 2246 4151 2244 4151 2251 4152 2244 4152 2247 4152 2252 4153 2245 4153 2248 4153 2252 4154 2247 4154 2245 4154 2253 4155 2249 4155 2182 4155 2253 4156 2182 4156 2183 4156 2254 4157 1081 4157 2250 4157 2254 4158 1082 4158 1081 4158 2255 4159 2250 4159 2246 4159 2255 4160 2246 4160 2251 4160 2256 4161 2251 4161 2247 4161 2256 4162 2247 4162 2252 4162 2257 4163 2242 4163 2249 4163 2257 4164 2248 4164 2242 4164 2258 4165 2254 4165 2250 4165 2258 4166 2250 4166 2255 4166 2259 4167 2255 4167 2251 4167 2259 4168 2251 4168 2256 4168 2260 4169 2252 4169 2248 4169 2260 4170 2248 4170 2257 4170 2261 4171 1082 4171 2254 4171 2262 4172 2249 4172 2253 4172 2262 4173 2257 4173 2249 4173 2263 4174 2258 4174 2255 4174 2263 4175 2255 4175 2259 4175 2264 4176 2253 4176 2183 4176 2265 4177 2252 4177 2260 4177 2265 4178 2256 4178 2252 4178 2266 4179 2260 4179 2257 4179 2266 4180 2265 4180 2260 4180 2266 4181 2257 4181 2262 4181 2267 4182 2254 4182 2258 4182 2267 4183 2261 4183 2254 4183 2268 4184 1082 4184 2261 4184 2268 4185 1074 4185 1082 4185 2269 4186 2264 4186 2183 4186 2269 4187 2183 4187 2181 4187 2270 4188 2265 4188 2266 4188 2271 4189 2256 4189 2265 4189 2271 4190 2259 4190 2256 4190 2272 4191 2258 4191 2263 4191 2272 4192 2267 4192 2258 4192 2273 4193 2261 4193 2267 4193 2273 4194 2268 4194 2261 4194 2274 4195 2262 4195 2253 4195 2274 4196 2253 4196 2264 4196 2275 4197 2263 4197 2259 4197 2275 4198 2259 4198 2271 4198 2276 4199 2271 4199 2265 4199 2276 4200 2265 4200 2270 4200 2277 4201 2278 4201 1074 4201 2277 4202 1074 4202 2268 4202 2279 4203 2262 4203 2274 4203 2279 4204 2266 4204 2262 4204 2280 4205 2267 4205 2272 4205 2280 4206 2273 4206 2267 4206 2281 4207 2264 4207 2269 4207 2281 4208 2274 4208 2264 4208 2282 4209 2275 4209 2271 4209 2282 4210 2271 4210 2276 4210 2283 4211 2269 4211 2181 4211 2284 4212 2268 4212 2273 4212 2284 4213 2277 4213 2268 4213 2284 4214 2285 4214 2278 4214 2284 4215 2278 4215 2277 4215 2284 4216 2273 4216 2280 4216 2286 4217 2274 4217 2281 4217 2286 4218 2279 4218 2274 4218 2287 4219 2270 4219 2266 4219 2287 4220 2266 4220 2279 4220 2288 4221 2272 4221 2263 4221 2288 4222 2263 4222 2275 4222 2289 4223 2283 4223 2181 4223 2289 4224 2181 4224 2184 4224 2290 4225 2279 4225 2286 4225 2290 4226 2287 4226 2279 4226 2291 4227 2284 4227 2280 4227 2291 4228 2285 4228 2284 4228 2292 4229 2287 4229 2290 4229 2292 4230 2276 4230 2270 4230 2292 4231 2270 4231 2287 4231 2293 4232 2288 4232 2275 4232 2293 4233 2275 4233 2282 4233 2294 4234 2280 4234 2272 4234 2294 4235 2272 4235 2288 4235 2295 4236 2281 4236 2269 4236 2295 4237 2269 4237 2283 4237 2296 4238 2292 4238 2290 4238 2297 4239 2276 4239 2292 4239 2297 4240 2282 4240 2276 4240 2298 4241 2290 4241 2286 4241 2298 4242 2286 4242 2281 4242 2298 4243 2281 4243 2295 4243 2299 4244 2294 4244 2288 4244 2299 4245 2288 4245 2293 4245 2300 4246 2283 4246 2289 4246 2300 4247 2298 4247 2295 4247 2300 4248 2295 4248 2283 4248 2301 4249 2292 4249 2296 4249 2301 4250 2297 4250 2292 4250 2302 4251 2289 4251 2184 4251 2303 4252 2298 4252 2300 4252 2304 4253 2291 4253 2280 4253 2304 4254 2285 4254 2291 4254 2304 4255 2280 4255 2294 4255 2304 4256 2305 4256 2285 4256 2306 4257 2290 4257 2298 4257 2307 4258 2293 4258 2282 4258 2307 4259 2282 4259 2297 4259 2308 4260 2306 4260 2298 4260 2308 4261 2298 4261 2303 4261 2309 4262 2304 4262 2294 4262 2309 4263 2305 4263 2304 4263 2309 4264 2294 4264 2299 4264 2310 4265 2290 4265 2306 4265 2310 4266 2296 4266 2290 4266 2311 4267 2307 4267 2297 4267 2311 4268 2297 4268 2301 4268 2312 4269 2299 4269 2293 4269 2312 4270 2293 4270 2307 4270 2313 4271 2306 4271 2308 4271 2313 4272 2310 4272 2306 4272 2314 4273 2300 4273 2289 4273 2314 4274 2289 4274 2302 4274 2315 4275 2310 4275 2313 4275 2315 4276 2301 4276 2296 4276 2315 4277 2296 4277 2310 4277 2316 4278 2307 4278 2311 4278 2316 4279 2312 4279 2307 4279 2317 4280 2303 4280 2300 4280 2317 4281 2300 4281 2314 4281 2318 4282 2315 4282 2313 4282 2319 4283 2302 4283 2184 4283 2319 4284 2184 4284 2191 4284 2320 4285 2299 4285 2312 4285 2320 4286 2309 4286 2299 4286 2320 4287 2305 4287 2309 4287 2320 4288 2321 4288 2305 4288 2322 4289 2308 4289 2303 4289 2322 4290 2303 4290 2317 4290 2323 4291 2301 4291 2315 4291 2323 4292 2311 4292 2301 4292 2324 4293 2321 4293 2320 4293 2324 4294 2320 4294 2312 4294 2324 4295 2312 4295 2316 4295 2325 4296 2323 4296 2315 4296 2325 4297 2315 4297 2318 4297 2326 4298 2308 4298 2322 4298 2326 4299 2313 4299 2308 4299 2327 4300 2311 4300 2323 4300 2327 4301 2316 4301 2311 4301 2328 4302 2314 4302 2302 4302 2328 4303 2302 4303 2319 4303 2329 4304 2313 4304 2326 4304 2329 4305 2318 4305 2313 4305 2330 4306 2323 4306 2325 4306 2330 4307 2327 4307 2323 4307 2331 4308 2314 4308 2328 4308 2331 4309 2317 4309 2314 4309 2332 4310 2191 4310 2192 4310 2332 4311 2319 4311 2191 4311 2333 4312 2321 4312 2324 4312 2333 4313 2324 4313 2316 4313 2333 4314 2316 4314 2327 4314 2333 4315 2327 4315 2330 4315 2333 4316 2334 4316 2321 4316 2335 4317 2317 4317 2331 4317 2335 4318 2322 4318 2317 4318 2336 4319 2318 4319 2329 4319 2336 4320 2325 4320 2318 4320 2337 4321 2333 4321 2330 4321 2337 4322 2334 4322 2333 4322 2338 4323 2326 4323 2322 4323 2338 4324 2329 4324 2326 4324 2338 4325 2322 4325 2335 4325 2339 4326 2330 4326 2325 4326 2339 4327 2325 4327 2336 4327 2340 4328 2319 4328 2332 4328 2340 4329 2328 4329 2319 4329 2341 4330 2329 4330 2338 4330 2342 4331 2335 4331 2331 4331 2342 4332 2328 4332 2340 4332 2342 4333 2331 4333 2328 4333 2343 4334 2192 4334 2190 4334 2343 4335 2332 4335 2192 4335 2344 4336 2330 4336 2339 4336 2344 4337 2334 4337 2337 4337 2344 4338 2339 4338 2345 4338 2344 4339 2345 4339 2334 4339 2344 4340 2337 4340 2330 4340 2346 4341 2335 4341 2342 4341 2347 4342 2336 4342 2329 4342 2347 4343 2329 4343 2341 4343 2348 4344 2335 4344 2346 4344 2348 4345 2338 4345 2335 4345 2349 4346 2339 4346 2336 4346 2349 4347 2345 4347 2339 4347 2349 4348 2336 4348 2347 4348 2349 4349 2350 4349 2345 4349 2351 4350 2340 4350 2332 4350 2351 4351 2332 4351 2343 4351 2352 4352 2341 4352 2338 4352 2352 4353 2338 4353 2348 4353 2353 4354 2342 4354 2340 4354 2353 4355 2340 4355 2351 4355 2354 4356 2343 4356 2190 4356 2354 4357 2190 4357 2196 4357 2355 4358 2342 4358 2353 4358 2355 4359 2346 4359 2342 4359 2356 4360 2341 4360 2352 4360 2356 4361 2347 4361 2341 4361 2357 4362 2348 4362 2346 4362 2357 4363 2346 4363 2355 4363 2357 4364 2352 4364 2348 4364 2358 4365 2349 4365 2347 4365 2358 4366 2359 4366 2350 4366 2358 4367 2350 4367 2349 4367 2358 4368 2347 4368 2356 4368 2360 4369 2343 4369 2354 4369 2360 4370 2351 4370 2343 4370 2361 4371 2352 4371 2357 4371 2362 4372 2353 4372 2351 4372 2362 4373 2355 4373 2353 4373 2362 4374 2351 4374 2360 4374 2363 4375 2196 4375 2195 4375 2363 4376 2354 4376 2196 4376 2364 4377 2355 4377 2362 4377 2364 4378 2357 4378 2355 4378 2365 4379 2352 4379 2361 4379 2365 4380 2356 4380 2352 4380 2366 4381 2357 4381 2364 4381 2367 4382 2359 4382 2358 4382 2367 4383 2358 4383 2356 4383 2367 4384 2368 4384 2359 4384 2367 4385 2356 4385 2365 4385 2369 4386 2360 4386 2354 4386 2369 4387 2354 4387 2363 4387 2370 4388 2357 4388 2366 4388 2370 4389 2361 4389 2357 4389 2371 4390 2360 4390 2369 4390 2371 4391 2362 4391 2360 4391 2372 4392 2363 4392 2195 4392 2372 4393 2195 4393 2197 4393 2373 4394 2362 4394 2371 4394 2373 4395 2364 4395 2362 4395 2374 4396 2365 4396 2361 4396 2374 4397 2361 4397 2370 4397 2375 4398 2366 4398 2364 4398 2375 4399 2364 4399 2373 4399 2376 4400 2368 4400 2367 4400 2376 4401 2367 4401 2365 4401 2376 4402 2365 4402 2374 4402 2376 4403 2377 4403 2368 4403 2378 4404 2369 4404 2363 4404 2378 4405 2363 4405 2372 4405 2379 4406 2370 4406 2366 4406 2379 4407 2366 4407 2375 4407 2380 4408 2371 4408 2369 4408 2380 4409 2369 4409 2378 4409 2380 4410 2373 4410 2371 4410 2381 4411 2372 4411 2197 4411 2381 4412 2197 4412 2203 4412 2382 4413 2373 4413 2380 4413 2383 4414 2374 4414 2370 4414 2383 4415 2370 4415 2379 4415 2384 4416 2375 4416 2373 4416 2384 4417 2373 4417 2382 4417 2385 4418 2376 4418 2374 4418 2385 4419 2377 4419 2376 4419 2385 4420 2374 4420 2383 4420 2385 4421 2386 4421 2377 4421 2387 4422 2372 4422 2381 4422 2387 4423 2378 4423 2372 4423 2388 4424 2379 4424 2375 4424 2388 4425 2375 4425 2384 4425 2389 4426 2380 4426 2378 4426 2389 4427 2378 4427 2387 4427 2390 4428 2381 4428 2203 4428 2390 4429 2203 4429 2204 4429 2391 4430 2382 4430 2380 4430 2391 4431 2384 4431 2382 4431 2391 4432 2380 4432 2389 4432 2392 4433 2383 4433 2379 4433 2392 4434 2379 4434 2388 4434 2393 4435 2388 4435 2384 4435 2393 4436 2384 4436 2391 4436 2394 4437 2395 4437 2386 4437 2394 4438 2383 4438 2392 4438 2394 4439 2385 4439 2383 4439 2394 4440 2386 4440 2385 4440 2396 4441 2381 4441 2390 4441 2396 4442 2387 4442 2381 4442 2397 4443 2392 4443 2388 4443 2397 4444 2388 4444 2393 4444 2398 4445 2387 4445 2396 4445 2398 4446 2389 4446 2387 4446 2399 4447 2396 4447 2390 4447 2399 4448 2390 4448 2204 4448 2399 4449 2204 4449 2202 4449 2400 4450 2391 4450 2389 4450 2400 4451 2389 4451 2398 4451 2401 4452 2392 4452 2397 4452 2401 4453 2394 4453 2392 4453 2402 4454 2391 4454 2400 4454 2402 4455 2393 4455 2391 4455 2403 4456 2394 4456 2401 4456 2403 4457 2404 4457 2395 4457 2403 4458 2395 4458 2394 4458 2405 4459 2396 4459 2399 4459 2406 4460 2393 4460 2402 4460 2406 4461 2397 4461 2393 4461 2407 4462 2396 4462 2405 4462 2407 4463 2398 4463 2396 4463 2408 4464 2399 4464 2202 4464 2408 4465 2405 4465 2399 4465 2408 4466 2202 4466 2206 4466 2409 4467 2400 4467 2398 4467 2409 4468 2398 4468 2407 4468 2410 4469 2401 4469 2397 4469 2410 4470 2397 4470 2406 4470 2411 4471 2402 4471 2400 4471 2411 4472 2400 4472 2409 4472 2412 4473 2404 4473 2403 4473 2412 4474 2401 4474 2410 4474 2412 4475 2403 4475 2401 4475 2413 4476 2405 4476 2408 4476 2413 4477 2407 4477 2405 4477 2414 4478 2402 4478 2411 4478 2414 4479 2406 4479 2402 4479 2415 4480 2407 4480 2413 4480 2416 4481 2408 4481 2206 4481 2416 4482 2206 4482 2207 4482 2417 4483 2404 4483 2412 4483 2417 4484 2412 4484 2418 4484 2417 4485 2418 4485 2404 4485 2419 4486 2409 4486 2407 4486 2419 4487 2407 4487 2415 4487 2419 4488 2411 4488 2409 4488 2420 4489 2410 4489 2406 4489 2420 4490 2406 4490 2414 4490 2421 4491 2411 4491 2419 4491 2422 4492 2412 4492 2410 4492 2422 4493 2418 4493 2412 4493 2422 4494 2410 4494 2420 4494 2423 4495 2413 4495 2408 4495 2423 4496 2408 4496 2416 4496 2424 4497 2414 4497 2411 4497 2424 4498 2411 4498 2421 4498 2425 4499 2415 4499 2413 4499 2425 4500 2413 4500 2423 4500 2426 4501 2416 4501 2207 4501 2426 4502 2207 4502 2205 4502 2427 4503 2419 4503 2415 4503 2427 4504 2415 4504 2425 4504 2428 4505 2418 4505 2422 4505 2428 4506 2429 4506 2430 4506 2428 4507 2430 4507 2418 4507 2431 4508 2420 4508 2414 4508 2431 4509 2414 4509 2424 4509 2432 4510 2421 4510 2419 4510 2432 4511 2419 4511 2427 4511 2433 4512 2420 4512 2431 4512 2433 4513 2422 4513 2420 4513 2434 4514 2416 4514 2426 4514 2434 4515 2423 4515 2416 4515 2435 4516 2421 4516 2432 4516 2435 4517 2424 4517 2421 4517 2436 4518 2425 4518 2423 4518 2436 4519 2423 4519 2434 4519 2437 4520 2426 4520 2205 4520 2437 4521 2434 4521 2426 4521 2437 4522 2205 4522 2201 4522 2438 4523 2427 4523 2425 4523 2438 4524 2425 4524 2436 4524 2439 4525 2440 4525 2429 4525 2439 4526 2428 4526 2422 4526 2439 4527 2429 4527 2428 4527 2439 4528 2422 4528 2433 4528 2441 4529 2424 4529 2435 4529 2441 4530 2431 4530 2424 4530 2442 4531 2427 4531 2438 4531 2442 4532 2432 4532 2427 4532 2443 4533 2439 4533 2433 4533 2443 4534 2431 4534 2441 4534 2443 4535 2433 4535 2431 4535 2444 4536 2434 4536 2437 4536 2445 4537 2432 4537 2442 4537 2445 4538 2435 4538 2432 4538 2446 4539 2434 4539 2444 4539 2446 4540 2436 4540 2434 4540 2447 4541 2437 4541 2201 4541 2447 4542 2201 4542 2199 4542 2448 4543 2442 4543 2438 4543 2448 4544 2438 4544 2436 4544 2448 4545 2436 4545 2446 4545 2449 4546 2450 4546 2440 4546 2449 4547 2439 4547 2443 4547 2449 4548 2440 4548 2439 4548 2451 4549 2441 4549 2435 4549 2451 4550 2435 4550 2445 4550 2452 4551 2442 4551 2448 4551 2452 4552 2445 4552 2442 4552 2453 4553 2443 4553 2441 4553 2453 4554 2441 4554 2451 4554 2454 4555 2444 4555 2437 4555 2454 4556 2437 4556 2447 4556 2455 4557 2445 4557 2452 4557 2456 4558 2444 4558 2454 4558 2456 4559 2448 4559 2446 4559 2456 4560 2446 4560 2444 4560 2457 4561 2447 4561 2199 4561 2457 4562 2199 4562 2198 4562 2458 4563 2448 4563 2456 4563 2459 4564 2450 4564 2449 4564 2459 4565 2449 4565 2443 4565 2459 4566 2443 4566 2453 4566 2459 4567 2460 4567 2450 4567 2461 4568 2451 4568 2445 4568 2461 4569 2445 4569 2455 4569 2461 4570 2453 4570 2451 4570 2462 4571 2452 4571 2448 4571 2462 4572 2448 4572 2458 4572 2463 4573 2453 4573 2461 4573 2464 4574 2454 4574 2447 4574 2464 4575 2447 4575 2457 4575 2465 4576 2455 4576 2452 4576 2465 4577 2452 4577 2462 4577 2466 4578 2456 4578 2454 4578 2466 4579 2454 4579 2464 4579 2467 4580 2457 4580 2198 4580 2467 4581 2198 4581 2200 4581 2468 4582 2456 4582 2466 4582 2468 4583 2458 4583 2456 4583 2469 4584 2470 4584 2460 4584 2469 4585 2459 4585 2453 4585 2469 4586 2460 4586 2459 4586 2469 4587 2453 4587 2463 4587 2471 4588 2461 4588 2455 4588 2471 4589 2455 4589 2465 4589 2472 4590 2462 4590 2458 4590 2472 4591 2458 4591 2468 4591 2473 4592 2463 4592 2461 4592 2473 4593 2461 4593 2471 4593 2474 4594 2464 4594 2457 4594 2474 4595 2466 4595 2464 4595 2474 4596 2457 4596 2467 4596 2475 4597 2462 4597 2472 4597 2475 4598 2465 4598 2462 4598 2476 4599 2466 4599 2474 4599 2477 4600 2474 4600 2467 4600 2477 4601 2467 4601 2200 4601 2477 4602 2200 4602 2194 4602 2478 4603 2466 4603 2476 4603 2478 4604 2468 4604 2466 4604 2479 4605 2463 4605 2473 4605 2479 4606 2480 4606 2470 4606 2479 4607 2470 4607 2469 4607 2479 4608 2469 4608 2463 4608 2481 4609 2465 4609 2475 4609 2481 4610 2471 4610 2465 4610 2482 4611 2472 4611 2468 4611 2482 4612 2468 4612 2478 4612 2483 4613 2471 4613 2481 4613 2483 4614 2479 4614 2473 4614 2483 4615 2473 4615 2471 4615 2484 4616 2474 4616 2477 4616 2485 4617 2472 4617 2482 4617 2485 4618 2475 4618 2472 4618 2486 4619 2474 4619 2484 4619 2486 4620 2476 4620 2474 4620 2487 4621 2194 4621 2193 4621 2487 4622 2477 4622 2194 4622 2488 4623 2476 4623 2486 4623 2488 4624 2478 4624 2476 4624 2489 4625 2480 4625 2479 4625 2489 4626 2479 4626 2483 4626 2489 4627 2490 4627 2480 4627 2491 4628 2481 4628 2475 4628 2491 4629 2475 4629 2485 4629 2491 4630 2483 4630 2481 4630 2492 4631 2482 4631 2478 4631 2492 4632 2478 4632 2488 4632 2492 4633 2485 4633 2482 4633 2493 4634 2483 4634 2491 4634 2494 4635 2484 4635 2477 4635 2494 4636 2486 4636 2484 4636 2494 4637 2477 4637 2487 4637 2495 4638 2485 4638 2492 4638 2496 4639 2486 4639 2494 4639 2497 4640 2193 4640 2189 4640 2497 4641 2487 4641 2193 4641 2497 4642 2494 4642 2487 4642 2498 4643 2488 4643 2486 4643 2498 4644 2486 4644 2496 4644 2499 4645 2489 4645 2483 4645 2499 4646 2490 4646 2489 4646 2499 4647 2500 4647 2490 4647 2499 4648 2483 4648 2493 4648 2501 4649 2491 4649 2485 4649 2501 4650 2485 4650 2495 4650 2502 4651 2497 4651 2189 4651 2503 4652 2492 4652 2488 4652 2503 4653 2495 4653 2492 4653 2503 4654 2488 4654 2498 4654 2504 4655 2493 4655 2491 4655 2504 4656 2499 4656 2493 4656 2504 4657 2491 4657 2501 4657 2505 4658 2494 4658 2497 4658 2506 4659 2495 4659 2503 4659 2507 4660 2496 4660 2494 4660 2507 4661 2494 4661 2505 4661 2508 4662 2497 4662 2502 4662 2508 4663 2505 4663 2497 4663 2509 4664 2189 4664 2188 4664 2509 4665 2502 4665 2189 4665 2509 4666 2508 4666 2502 4666 2510 4667 2505 4667 2508 4667 2510 4668 2507 4668 2505 4668 2511 4669 2498 4669 2496 4669 2511 4670 2496 4670 2507 4670 2512 4671 2513 4671 2500 4671 2512 4672 2500 4672 2499 4672 2512 4673 2499 4673 2504 4673 2514 4674 2501 4674 2495 4674 2514 4675 2495 4675 2506 4675 2515 4676 2509 4676 2188 4676 2516 4677 2507 4677 2510 4677 2516 4678 2511 4678 2507 4678 2517 4679 2498 4679 2511 4679 2517 4680 2503 4680 2498 4680 2518 4681 2512 4681 2504 4681 2518 4682 2504 4682 2501 4682 2518 4683 2501 4683 2514 4683 2519 4684 2508 4684 2509 4684 2520 4685 2511 4685 2516 4685 2520 4686 2517 4686 2511 4686 2521 4687 2503 4687 2517 4687 2521 4688 2506 4688 2503 4688 2522 4689 2516 4689 2510 4689 2522 4690 2508 4690 2519 4690 2522 4691 2510 4691 2508 4691 2523 4692 2519 4692 2509 4692 2523 4693 2509 4693 2515 4693 2523 4694 2522 4694 2519 4694 2524 4695 2521 4695 2517 4695 2524 4696 2517 4696 2520 4696 2525 4697 2188 4697 2185 4697 2525 4698 2523 4698 2515 4698 2525 4699 2515 4699 2188 4699 2526 4700 2522 4700 2523 4700 2527 4701 2516 4701 2522 4701 2528 4702 2513 4702 2512 4702 2528 4703 2529 4703 2513 4703 2528 4704 2512 4704 2518 4704 2530 4705 2514 4705 2506 4705 2530 4706 2506 4706 2521 4706 2531 4707 2525 4707 2185 4707 2532 4708 2527 4708 2522 4708 2532 4709 2522 4709 2526 4709 2533 4710 2520 4710 2516 4710 2533 4711 2524 4711 2520 4711 2533 4712 2516 4712 2527 4712 2534 4713 2530 4713 2521 4713 2534 4714 2521 4714 2524 4714 2535 4715 2518 4715 2514 4715 2535 4716 2514 4716 2530 4716 2536 4717 2526 4717 2523 4717 2536 4718 2523 4718 2525 4718 2537 4719 2527 4719 2532 4719 2537 4720 2533 4720 2527 4720 2538 4721 2524 4721 2533 4721 2538 4722 2534 4722 2524 4722 2539 4723 2535 4723 2530 4723 2539 4724 2530 4724 2534 4724 2540 4725 2526 4725 2536 4725 2541 4726 2525 4726 2531 4726 2541 4727 2536 4727 2525 4727 2542 4728 2538 4728 2533 4728 2542 4729 2533 4729 2537 4729 2543 4730 2185 4730 2186 4730 2543 4731 2531 4731 2185 4731 2544 4732 2540 4732 2536 4732 2544 4733 2536 4733 2541 4733 2545 4734 2528 4734 2518 4734 2545 4735 2529 4735 2528 4735 2545 4736 2518 4736 2535 4736 2546 4737 2532 4737 2526 4737 2546 4738 2526 4738 2540 4738 2547 4739 2534 4739 2538 4739 2548 4740 2543 4740 2186 4740 2549 4741 2529 4741 2545 4741 2549 4742 2535 4742 2539 4742 2549 4743 2550 4743 2529 4743 2549 4744 2545 4744 2535 4744 2551 4745 2540 4745 2544 4745 2551 4746 2546 4746 2540 4746 2552 4747 2546 4747 2551 4747 2552 4748 2537 4748 2532 4748 2552 4749 2532 4749 2546 4749 2553 4750 2547 4750 2538 4750 2553 4751 2538 4751 2542 4751 2554 4752 2549 4752 2539 4752 2554 4753 2547 4753 2553 4753 2554 4754 2539 4754 2534 4754 2554 4755 2534 4755 2547 4755 2555 4756 2541 4756 2531 4756 2555 4757 2531 4757 2543 4757 2556 4758 2552 4758 2551 4758 2557 4759 2537 4759 2552 4759 2557 4760 2542 4760 2537 4760 2558 4761 2554 4761 2553 4761 2559 4762 2544 4762 2541 4762 2559 4763 2541 4763 2555 4763 2560 4764 2555 4764 2543 4764 2560 4765 2543 4765 2548 4765 2561 4766 2186 4766 2187 4766 2561 4767 2548 4767 2186 4767 2562 4768 2557 4768 2552 4768 2562 4769 2552 4769 2556 4769 2563 4770 2550 4770 2549 4770 2563 4771 2549 4771 2554 4771 2564 4772 2555 4772 2560 4772 2564 4773 2559 4773 2555 4773 2565 4774 2551 4774 2544 4774 2565 4775 2559 4775 2564 4775 2565 4776 2544 4776 2559 4776 2566 4777 2553 4777 2542 4777 2566 4778 2542 4778 2557 4778 2566 4779 2557 4779 2562 4779 2567 4780 2561 4780 2187 4780 2568 4781 2554 4781 2558 4781 2568 4782 2550 4782 2563 4782 2568 4783 2569 4783 2550 4783 2568 4784 2563 4784 2554 4784 2570 4785 2565 4785 2564 4785 2571 4786 2551 4786 2565 4786 2571 4787 2556 4787 2551 4787 2572 4788 2566 4788 2562 4788 2573 4789 2187 4789 2180 4789 2573 4790 2567 4790 2187 4790 2574 4791 2553 4791 2566 4791 2574 4792 2558 4792 2553 4792 2575 4793 2564 4793 2560 4793 2575 4794 2548 4794 2561 4794 2575 4795 2560 4795 2548 4795 2576 4796 2571 4796 2565 4796 2576 4797 2565 4797 2570 4797 2577 4798 2562 4798 2556 4798 2577 4799 2556 4799 2571 4799 2577 4800 2572 4800 2562 4800 2577 4801 2571 4801 2576 4801 2578 4802 2564 4802 2575 4802 2579 4803 2574 4803 2566 4803 2579 4804 2566 4804 2572 4804 2580 4805 2575 4805 2561 4805 2580 4806 2561 4806 2567 4806 2580 4807 2578 4807 2575 4807 2581 4808 2582 4808 2583 4808 2581 4809 2577 4809 2576 4809 2584 4810 2564 4810 2578 4810 2584 4811 2570 4811 2564 4811 2585 4812 2574 4812 2579 4812 2585 4813 2569 4813 2568 4813 2585 4814 2568 4814 2558 4814 2585 4815 2558 4815 2574 4815 2586 4816 2578 4816 2580 4816 2587 4817 2572 4817 2577 4817 2588 4818 2580 4818 2567 4818 2588 4819 2567 4819 2573 4819 2589 4820 2573 4820 2180 4820 2590 4821 2570 4821 2584 4821 2590 4822 2576 4822 2570 4822 2591 4823 2569 4823 2585 4823 2591 4824 2592 4824 2569 4824 2591 4825 2585 4825 2579 4825 2593 4826 2578 4826 2586 4826 2593 4827 2584 4827 2578 4827 2594 4828 2580 4828 2588 4828 2594 4829 2586 4829 2580 4829 2595 4830 2581 4830 2583 4830 2595 4831 2577 4831 2581 4831 2595 4832 2587 4832 2577 4832 2595 4833 2596 4833 2587 4833 2595 4834 2583 4834 2596 4834 2597 4835 2579 4835 2572 4835 2597 4836 2587 4836 2596 4836 2597 4837 2591 4837 2579 4837 2597 4838 2592 4838 2591 4838 2597 4839 2596 4839 2592 4839 2597 4840 2572 4840 2587 4840 2598 4841 2582 4841 2581 4841 2598 4842 2581 4842 2576 4842 2598 4843 2576 4843 2590 4843 2599 4844 2582 4844 2598 4844 2599 4845 2590 4845 2584 4845 2599 4846 2584 4846 2593 4846 2599 4847 2600 4847 2582 4847 2599 4848 2598 4848 2590 4848 2601 4849 2586 4849 2594 4849 2601 4850 2593 4850 2586 4850 2602 4851 2588 4851 2573 4851 2602 4852 2573 4852 2589 4852 2603 4853 2593 4853 2601 4853 2603 4854 2599 4854 2593 4854 2603 4855 2604 4855 2600 4855 2603 4856 2600 4856 2599 4856 2605 4857 2601 4857 2594 4857 2605 4858 2588 4858 2602 4858 2605 4859 2594 4859 2588 4859 2605 4860 2606 4860 2604 4860 2607 4861 2180 4861 2178 4861 2607 4862 2602 4862 2589 4862 2607 4863 2589 4863 2180 4863 2608 4864 2603 4864 2601 4864 2608 4865 2601 4865 2605 4865 2608 4866 2604 4866 2603 4866 2608 4867 2605 4867 2604 4867 2609 4868 2602 4868 2607 4868 2610 4869 2611 4869 2606 4869 2610 4870 2605 4870 2602 4870 2610 4871 2606 4871 2605 4871 2610 4872 2602 4872 2609 4872 2612 4873 2178 4873 2179 4873 2612 4874 2609 4874 2607 4874 2612 4875 2607 4875 2178 4875 2613 4876 2609 4876 2612 4876 2614 4877 2611 4877 2610 4877 2614 4878 2610 4878 2609 4878 2614 4879 2609 4879 2613 4879 2615 4880 2179 4880 2175 4880 2615 4881 2612 4881 2179 4881 2616 4882 2613 4882 2612 4882 2616 4883 2614 4883 2613 4883 2616 4884 2612 4884 2615 4884 2617 4885 2175 4885 2174 4885 2617 4886 2615 4886 2175 4886 2618 4887 2619 4887 2611 4887 2618 4888 2611 4888 2614 4888 2618 4889 2614 4889 2616 4889 2620 4890 2174 4890 2176 4890 2620 4891 2617 4891 2174 4891 2621 4892 2616 4892 2615 4892 2621 4893 2615 4893 2617 4893 2622 4894 2623 4894 2619 4894 2622 4895 2619 4895 2618 4895 2622 4896 2616 4896 2621 4896 2622 4897 2618 4897 2616 4897 2624 4898 2620 4898 2176 4898 2625 4899 2617 4899 2620 4899 2625 4900 2621 4900 2617 4900 2626 4901 2622 4901 2621 4901 2626 4902 2627 4902 2623 4902 2626 4903 2623 4903 2622 4903 2626 4904 2621 4904 2625 4904 2628 4905 2176 4905 2172 4905 2628 4906 2624 4906 2176 4906 2629 4907 2620 4907 2624 4907 2629 4908 2625 4908 2620 4908 2629 4909 2626 4909 2625 4909 2630 4910 2626 4910 2629 4910 2631 4911 2624 4911 2628 4911 2631 4912 2629 4912 2624 4912 2632 4913 2628 4913 2172 4913 2632 4914 2631 4914 2628 4914 2633 4915 2626 4915 2630 4915 2633 4916 2634 4916 2627 4916 2633 4917 2627 4917 2626 4917 2635 4918 2630 4918 2629 4918 2635 4919 2629 4919 2631 4919 2636 4920 2633 4920 2630 4920 2636 4921 2630 4921 2635 4921 2636 4922 2634 4922 2633 4922 2637 4923 2631 4923 2632 4923 2638 4924 2172 4924 2173 4924 2638 4925 2632 4925 2172 4925 2639 4926 2631 4926 2637 4926 2639 4927 2635 4927 2631 4927 2640 4928 2638 4928 2173 4928 2641 4929 2636 4929 2635 4929 2641 4930 2635 4930 2639 4930 2642 4931 2637 4931 2632 4931 2642 4932 2632 4932 2638 4932 2643 4933 2634 4933 2636 4933 2643 4934 2636 4934 2641 4934 2643 4935 2644 4935 2634 4935 2645 4936 2639 4936 2637 4936 2645 4937 2637 4937 2642 4937 2645 4938 2641 4938 2639 4938 2646 4939 2642 4939 2638 4939 2646 4940 2638 4940 2640 4940 2647 4941 2643 4941 2641 4941 2647 4942 2641 4942 2645 4942 2648 4943 2645 4943 2642 4943 2648 4944 2642 4944 2646 4944 2649 4945 2173 4945 2171 4945 2649 4946 2640 4946 2173 4946 2650 4947 2644 4947 2643 4947 2650 4948 2643 4948 2647 4948 2651 4949 2645 4949 2648 4949 2651 4950 2647 4950 2645 4950 2652 4951 2644 4951 2650 4951 2653 4952 2650 4952 2647 4952 2653 4953 2647 4953 2651 4953 2654 4954 2640 4954 2649 4954 2654 4955 2646 4955 2640 4955 2655 4956 2652 4956 2650 4956 2655 4957 2650 4957 2653 4957 2656 4958 2648 4958 2646 4958 2656 4959 2646 4959 2654 4959 2657 4960 2658 4960 2644 4960 2657 4961 2644 4961 2652 4961 2659 4962 2171 4962 2170 4962 2659 4963 2649 4963 2171 4963 2659 4964 2654 4964 2649 4964 2660 4965 2651 4965 2648 4965 2660 4966 2648 4966 2656 4966 2661 4967 2658 4967 2657 4967 2661 4968 2652 4968 2655 4968 2661 4969 2657 4969 2652 4969 2662 4970 2651 4970 2660 4970 2662 4971 2653 4971 2651 4971 2663 4972 2654 4972 2659 4972 2664 4973 2665 4973 2658 4973 2664 4974 2658 4974 2661 4974 2666 4975 2653 4975 2662 4975 2666 4976 2655 4976 2653 4976 2667 4977 2654 4977 2663 4977 2667 4978 2656 4978 2654 4978 2668 4979 2663 4979 2659 4979 2668 4980 2170 4980 2169 4980 2668 4981 2659 4981 2170 4981 2669 4982 2662 4982 2660 4982 2669 4983 2656 4983 2667 4983 2669 4984 2660 4984 2656 4984 2670 4985 2661 4985 2655 4985 2670 4986 2655 4986 2666 4986 2671 4987 2666 4987 2662 4987 2671 4988 2662 4988 2669 4988 2672 4989 2663 4989 2668 4989 2672 4990 2667 4990 2663 4990 2673 4991 2665 4991 2664 4991 2673 4992 2664 4992 2661 4992 2673 4993 2661 4993 2670 4993 2674 4994 2666 4994 2671 4994 2675 4995 2667 4995 2672 4995 2676 4996 2169 4996 2168 4996 2676 4997 2668 4997 2169 4997 2677 4998 2669 4998 2667 4998 2677 4999 2671 4999 2669 4999 2677 5000 2667 5000 2675 5000 2678 5001 2676 5001 2168 5001 2679 5002 2665 5002 2673 5002 2679 5003 2680 5003 2665 5003 2681 5004 2666 5004 2674 5004 2681 5005 2670 5005 2666 5005 2681 5006 2673 5006 2670 5006 2682 5007 2671 5007 2677 5007 2682 5008 2674 5008 2671 5008 2683 5009 2676 5009 2678 5009 2683 5010 2672 5010 2668 5010 2683 5011 2668 5011 2676 5011 2684 5012 2673 5012 2681 5012 2685 5013 2674 5013 2682 5013 2686 5014 2675 5014 2672 5014 2686 5015 2672 5015 2683 5015 2687 5016 2683 5016 2678 5016 2688 5017 2168 5017 2167 5017 2688 5018 2678 5018 2168 5018 2688 5019 2687 5019 2678 5019 2689 5020 2686 5020 2683 5020 2689 5021 2683 5021 2687 5021 2690 5022 2675 5022 2686 5022 2690 5023 2677 5023 2675 5023 2691 5024 2681 5024 2674 5024 2691 5025 2674 5025 2685 5025 2692 5026 2693 5026 2680 5026 2692 5027 2679 5027 2673 5027 2692 5028 2680 5028 2679 5028 2692 5029 2673 5029 2684 5029 2694 5030 2688 5030 2167 5030 2695 5031 2686 5031 2689 5031 2695 5032 2690 5032 2686 5032 2696 5033 2682 5033 2677 5033 2696 5034 2677 5034 2690 5034 2697 5035 2687 5035 2688 5035 2697 5036 2688 5036 2694 5036 2698 5037 2681 5037 2691 5037 2698 5038 2684 5038 2681 5038 2699 5039 2690 5039 2695 5039 2699 5040 2696 5040 2690 5040 2700 5041 2685 5041 2682 5041 2700 5042 2682 5042 2696 5042 2701 5043 2689 5043 2687 5043 2701 5044 2695 5044 2689 5044 2701 5045 2687 5045 2697 5045 2702 5046 2167 5046 2162 5046 2702 5047 2694 5047 2167 5047 2703 5048 2697 5048 2694 5048 2704 5049 2700 5049 2696 5049 2704 5050 2696 5050 2699 5050 2705 5051 2699 5051 2695 5051 2705 5052 2695 5052 2701 5052 2706 5053 2701 5053 2697 5053 2706 5054 2697 5054 2703 5054 2707 5055 2684 5055 2698 5055 2707 5056 2708 5056 2693 5056 2707 5057 2693 5057 2692 5057 2707 5058 2692 5058 2684 5058 2709 5059 2685 5059 2700 5059 2709 5060 2700 5060 2704 5060 2709 5061 2691 5061 2685 5061 2710 5062 2702 5062 2162 5062 2711 5063 2699 5063 2705 5063 2712 5064 2701 5064 2706 5064 2712 5065 2705 5065 2701 5065 2712 5066 2711 5066 2705 5066 2713 5067 2709 5067 2704 5067 2714 5068 2694 5068 2702 5068 2714 5069 2703 5069 2694 5069 2715 5070 2709 5070 2713 5070 2715 5071 2691 5071 2709 5071 2715 5072 2698 5072 2691 5072 2716 5073 2699 5073 2711 5073 2716 5074 2713 5074 2704 5074 2716 5075 2704 5075 2699 5075 2717 5076 2711 5076 2712 5076 2718 5077 2162 5077 2163 5077 2718 5078 2710 5078 2162 5078 2719 5079 2712 5079 2706 5079 2719 5080 2706 5080 2703 5080 2719 5081 2703 5081 2714 5081 2720 5082 2715 5082 2713 5082 2721 5083 2714 5083 2702 5083 2721 5084 2702 5084 2710 5084 2722 5085 2711 5085 2717 5085 2722 5086 2716 5086 2711 5086 2723 5087 2712 5087 2719 5087 2724 5088 2707 5088 2698 5088 2724 5089 2698 5089 2715 5089 2724 5090 2708 5090 2707 5090 2724 5091 2725 5091 2708 5091 2724 5092 2715 5092 2720 5092 2726 5093 2719 5093 2714 5093 2726 5094 2714 5094 2721 5094 2727 5095 2713 5095 2716 5095 2728 5096 2718 5096 2163 5096 2729 5097 2717 5097 2712 5097 2729 5098 2712 5098 2723 5098 2730 5099 2710 5099 2718 5099 2730 5100 2721 5100 2710 5100 2731 5101 2732 5101 2725 5101 2731 5102 2725 5102 2724 5102 2731 5103 2724 5103 2720 5103 2733 5104 2719 5104 2726 5104 2733 5105 2723 5105 2719 5105 2734 5106 2716 5106 2722 5106 2734 5107 2727 5107 2716 5107 2735 5108 2720 5108 2713 5108 2735 5109 2713 5109 2727 5109 2736 5110 2721 5110 2730 5110 2736 5111 2726 5111 2721 5111 2737 5112 2734 5112 2722 5112 2737 5113 2722 5113 2717 5113 2737 5114 2717 5114 2729 5114 2738 5115 2163 5115 2164 5115 2738 5116 2728 5116 2163 5116 2739 5117 2729 5117 2723 5117 2739 5118 2723 5118 2733 5118 2740 5119 2726 5119 2736 5119 2740 5120 2733 5120 2726 5120 2741 5121 2727 5121 2734 5121 2741 5122 2735 5122 2727 5122 2742 5123 2730 5123 2718 5123 2742 5124 2718 5124 2728 5124 2743 5125 2737 5125 2729 5125 2743 5126 2729 5126 2739 5126 2744 5127 2734 5127 2737 5127 2745 5128 2720 5128 2735 5128 2745 5129 2732 5129 2731 5129 2745 5130 2731 5130 2720 5130 2746 5131 2739 5131 2733 5131 2746 5132 2733 5132 2740 5132 2747 5133 2736 5133 2730 5133 2747 5134 2730 5134 2742 5134 2748 5135 2742 5135 2728 5135 2748 5136 2728 5136 2738 5136 2749 5137 2738 5137 2164 5137 2749 5138 2748 5138 2738 5138 2750 5139 2735 5139 2741 5139 2750 5140 2751 5140 2732 5140 2750 5141 2732 5141 2745 5141 2750 5142 2745 5142 2735 5142 2752 5143 2739 5143 2746 5143 2752 5144 2743 5144 2739 5144 2753 5145 2746 5145 2740 5145 2753 5146 2736 5146 2747 5146 2753 5147 2740 5147 2736 5147 2754 5148 2737 5148 2743 5148 2754 5149 2744 5149 2737 5149 2755 5150 2747 5150 2742 5150 2755 5151 2742 5151 2748 5151 2755 5152 2753 5152 2747 5152 2756 5153 2741 5153 2734 5153 2756 5154 2734 5154 2744 5154 2757 5155 2749 5155 2164 5155 2757 5156 2164 5156 2165 5156 2758 5157 2746 5157 2753 5157 2759 5158 2753 5158 2755 5158 2760 5159 2744 5159 2754 5159 2760 5160 2756 5160 2744 5160 2761 5161 2743 5161 2752 5161 2761 5162 2754 5162 2743 5162 2761 5163 2760 5163 2754 5163 2762 5164 2748 5164 2749 5164 2763 5165 2761 5165 2752 5165 2763 5166 2752 5166 2746 5166 2763 5167 2746 5167 2758 5167 2764 5168 2750 5168 2741 5168 2764 5169 2741 5169 2756 5169 2764 5170 2751 5170 2750 5170 2764 5171 2756 5171 2760 5171 2765 5172 2753 5172 2759 5172 2765 5173 2758 5173 2753 5173 2765 5174 2763 5174 2758 5174 2766 5175 2755 5175 2748 5175 2766 5176 2759 5176 2755 5176 2766 5177 2748 5177 2762 5177 2767 5178 2749 5178 2757 5178 2767 5179 2762 5179 2749 5179 2768 5180 2760 5180 2761 5180 2769 5181 2757 5181 2165 5181 2770 5182 2763 5182 2765 5182 2771 5183 2772 5183 2751 5183 2771 5184 2751 5184 2764 5184 2771 5185 2764 5185 2760 5185 2773 5186 2766 5186 2762 5186 2773 5187 2762 5187 2767 5187 2774 5188 2759 5188 2766 5188 2775 5189 2761 5189 2763 5189 2776 5190 2774 5190 2766 5190 2776 5191 2766 5191 2773 5191 2777 5192 2759 5192 2774 5192 2777 5193 2765 5193 2759 5193 2778 5194 2763 5194 2770 5194 2778 5195 2775 5195 2763 5195 2779 5196 2771 5196 2760 5196 2779 5197 2772 5197 2771 5197 2779 5198 2760 5198 2768 5198 2780 5199 2779 5199 2768 5199 2780 5200 2768 5200 2761 5200 2780 5201 2761 5201 2775 5201 2781 5202 2757 5202 2769 5202 2781 5203 2767 5203 2757 5203 2781 5204 2773 5204 2767 5204 2782 5205 2777 5205 2774 5205 2782 5206 2774 5206 2776 5206 2783 5207 2770 5207 2765 5207 2783 5208 2765 5208 2777 5208 2784 5209 2773 5209 2781 5209 2784 5210 2776 5210 2773 5210 2785 5211 2775 5211 2778 5211 2785 5212 2780 5212 2775 5212 2786 5213 2783 5213 2777 5213 2786 5214 2777 5214 2782 5214 2787 5215 2165 5215 2166 5215 2787 5216 2769 5216 2165 5216 2788 5217 2789 5217 2772 5217 2788 5218 2772 5218 2779 5218 2788 5219 2779 5219 2780 5219 2790 5220 2776 5220 2784 5220 2791 5221 2778 5221 2770 5221 2791 5222 2770 5222 2783 5222 2791 5223 2785 5223 2778 5223 2792 5224 2782 5224 2776 5224 2792 5225 2776 5225 2790 5225 2793 5226 2783 5226 2786 5226 2793 5227 2791 5227 2783 5227 2794 5228 2789 5228 2788 5228 2794 5229 2788 5229 2780 5229 2794 5230 2780 5230 2785 5230 2795 5231 2785 5231 2791 5231 2795 5232 2791 5232 2793 5232 2796 5233 2781 5233 2769 5233 2796 5234 2769 5234 2787 5234 2797 5235 2786 5235 2782 5235 2797 5236 2782 5236 2792 5236 2798 5237 2795 5237 2793 5237 2799 5238 2784 5238 2781 5238 2799 5239 2790 5239 2784 5239 2799 5240 2781 5240 2796 5240 2800 5241 2166 5241 2161 5241 2800 5242 2161 5242 2159 5242 2800 5243 2787 5243 2166 5243 2801 5244 2789 5244 2794 5244 2801 5245 2802 5245 2789 5245 2801 5246 2794 5246 2785 5246 2801 5247 2785 5247 2795 5247 2801 5248 2795 5248 2798 5248 2803 5249 2790 5249 2799 5249 2804 5250 2786 5250 2797 5250 2804 5251 2793 5251 2786 5251 2805 5252 2802 5252 2801 5252 2805 5253 2801 5253 2798 5253 2806 5254 2790 5254 2803 5254 2806 5255 2792 5255 2790 5255 2807 5256 2798 5256 2793 5256 2807 5257 2793 5257 2804 5257 2808 5258 2796 5258 2787 5258 2808 5259 2799 5259 2796 5259 2808 5260 2787 5260 2800 5260 2809 5261 2797 5261 2792 5261 2809 5262 2792 5262 2806 5262 2810 5263 2799 5263 2808 5263 2811 5264 2800 5264 2159 5264 2812 5265 2805 5265 2798 5265 2812 5266 2807 5266 2813 5266 2812 5267 2813 5267 2802 5267 2812 5268 2802 5268 2805 5268 2812 5269 2798 5269 2807 5269 2814 5270 2799 5270 2810 5270 2814 5271 2803 5271 2799 5271 2815 5272 2807 5272 2804 5272 2815 5273 2797 5273 2809 5273 2815 5274 2804 5274 2797 5274 2816 5275 2803 5275 2814 5275 2816 5276 2806 5276 2803 5276 2817 5277 2813 5277 2807 5277 2817 5278 2818 5278 2813 5278 2817 5279 2807 5279 2815 5279 2819 5280 2810 5280 2808 5280 2819 5281 2800 5281 2811 5281 2819 5282 2808 5282 2800 5282 2820 5283 2809 5283 2806 5283 2820 5284 2806 5284 2816 5284 2821 5285 2159 5285 2158 5285 2821 5286 2811 5286 2159 5286 2822 5287 2810 5287 2819 5287 2823 5288 2810 5288 2822 5288 2823 5289 2814 5289 2810 5289 2824 5290 2809 5290 2820 5290 2824 5291 2815 5291 2809 5291 2825 5292 2816 5292 2814 5292 2825 5293 2814 5293 2823 5293 2826 5294 2819 5294 2811 5294 2826 5295 2811 5295 2821 5295 2827 5296 2818 5296 2817 5296 2827 5297 2817 5297 2815 5297 2827 5298 2815 5298 2824 5298 2828 5299 2822 5299 2819 5299 2828 5300 2823 5300 2822 5300 2828 5301 2819 5301 2826 5301 2829 5302 2816 5302 2825 5302 2829 5303 2820 5303 2816 5303 2830 5304 2158 5304 2160 5304 2830 5305 2821 5305 2158 5305 2831 5306 2823 5306 2828 5306 2832 5307 2833 5307 2818 5307 2832 5308 2818 5308 2827 5308 2832 5309 2827 5309 2833 5309 2834 5310 2820 5310 2829 5310 2834 5311 2824 5311 2820 5311 2834 5312 2827 5312 2824 5312 2835 5313 2825 5313 2823 5313 2835 5314 2823 5314 2831 5314 2836 5315 2826 5315 2821 5315 2836 5316 2821 5316 2830 5316 2837 5317 2825 5317 2835 5317 2837 5318 2829 5318 2825 5318 2838 5319 2827 5319 2834 5319 2838 5320 2833 5320 2827 5320 2839 5321 2828 5321 2826 5321 2839 5322 2826 5322 2836 5322 2839 5323 2831 5323 2828 5323 2840 5324 2160 5324 2157 5324 2840 5325 2830 5325 2160 5325 2841 5326 2835 5326 2831 5326 2841 5327 2831 5327 2839 5327 2842 5328 2829 5328 2837 5328 2842 5329 2834 5329 2829 5329 2842 5330 2838 5330 2834 5330 2843 5331 2844 5331 2833 5331 2843 5332 2833 5332 2838 5332 2845 5333 2835 5333 2841 5333 2846 5334 2838 5334 2842 5334 2847 5335 2836 5335 2830 5335 2847 5336 2830 5336 2840 5336 2848 5337 2835 5337 2845 5337 2848 5338 2837 5338 2835 5338 2849 5339 2836 5339 2847 5339 2849 5340 2839 5340 2836 5340 2850 5341 2157 5341 2156 5341 2850 5342 2840 5342 2157 5342 2851 5343 2839 5343 2849 5343 2851 5344 2841 5344 2839 5344 2852 5345 2844 5345 2843 5345 2852 5346 2843 5346 2838 5346 2852 5347 2853 5347 2844 5347 2852 5348 2838 5348 2846 5348 2854 5349 2842 5349 2837 5349 2854 5350 2837 5350 2848 5350 2855 5351 2845 5351 2841 5351 2855 5352 2841 5352 2851 5352 2855 5353 2848 5353 2845 5353 2856 5354 2846 5354 2842 5354 2856 5355 2842 5355 2854 5355 2856 5356 2852 5356 2846 5356 2857 5357 2847 5357 2840 5357 2857 5358 2840 5358 2850 5358 2858 5359 2848 5359 2855 5359 2859 5360 2850 5360 2156 5360 2859 5361 2156 5361 2155 5361 2860 5362 2851 5362 2849 5362 2860 5363 2847 5363 2857 5363 2860 5364 2849 5364 2847 5364 2861 5365 2851 5365 2860 5365 2862 5366 2863 5366 2853 5366 2862 5367 2853 5367 2852 5367 2862 5368 2852 5368 2856 5368 2864 5369 2854 5369 2848 5369 2864 5370 2848 5370 2858 5370 2865 5371 2859 5371 2155 5371 2866 5372 2851 5372 2861 5372 2866 5373 2855 5373 2851 5373 2867 5374 2850 5374 2859 5374 2867 5375 2857 5375 2850 5375 2868 5376 2854 5376 2864 5376 2868 5377 2856 5377 2854 5377 2869 5378 2860 5378 2857 5378 2869 5379 2857 5379 2867 5379 2870 5380 2858 5380 2855 5380 2870 5381 2864 5381 2858 5381 2870 5382 2855 5382 2866 5382 2871 5383 2865 5383 2155 5383 2871 5384 2155 5384 2154 5384 2872 5385 2867 5385 2859 5385 2872 5386 2859 5386 2865 5386 2873 5387 2861 5387 2860 5387 2873 5388 2860 5388 2869 5388 2874 5389 2867 5389 2872 5389 2874 5390 2869 5390 2867 5390 2874 5391 2873 5391 2869 5391 2875 5392 2876 5392 2863 5392 2875 5393 2863 5393 2862 5393 2875 5394 2856 5394 2868 5394 2875 5395 2862 5395 2856 5395 2877 5396 2864 5396 2870 5396 2878 5397 2871 5397 2154 5397 2879 5398 2861 5398 2873 5398 2879 5399 2866 5399 2861 5399 2880 5400 2873 5400 2874 5400 2881 5401 2865 5401 2871 5401 2881 5402 2872 5402 2865 5402 2881 5403 2874 5403 2872 5403 2881 5404 2871 5404 2878 5404 2882 5405 2870 5405 2866 5405 2882 5406 2866 5406 2879 5406 2883 5407 2868 5407 2864 5407 2883 5408 2864 5408 2877 5408 2884 5409 2873 5409 2880 5409 2884 5410 2879 5410 2873 5410 2885 5411 2880 5411 2874 5411 2885 5412 2874 5412 2881 5412 2886 5413 2154 5413 2153 5413 2886 5414 2878 5414 2154 5414 2887 5415 2881 5415 2878 5415 2888 5416 2879 5416 2884 5416 2888 5417 2882 5417 2879 5417 2889 5418 2884 5418 2880 5418 2889 5419 2880 5419 2885 5419 2890 5420 2870 5420 2882 5420 2890 5421 2883 5421 2877 5421 2890 5422 2877 5422 2870 5422 2891 5423 2885 5423 2881 5423 2891 5424 2881 5424 2887 5424 2892 5425 2868 5425 2883 5425 2892 5426 2893 5426 2876 5426 2892 5427 2876 5427 2875 5427 2892 5428 2875 5428 2868 5428 2894 5429 2886 5429 2153 5429 2895 5430 2884 5430 2889 5430 2896 5431 2889 5431 2885 5431 2896 5432 2885 5432 2891 5432 2897 5433 2882 5433 2888 5433 2897 5434 2890 5434 2882 5434 2898 5435 2878 5435 2886 5435 2898 5436 2887 5436 2878 5436 2899 5437 2883 5437 2890 5437 2899 5438 2892 5438 2883 5438 2900 5439 2888 5439 2884 5439 2900 5440 2884 5440 2895 5440 2900 5441 2897 5441 2888 5441 2901 5442 2891 5442 2887 5442 2901 5443 2896 5443 2891 5443 2901 5444 2887 5444 2898 5444 2902 5445 2895 5445 2889 5445 2902 5446 2889 5446 2896 5446 2903 5447 2153 5447 2152 5447 2903 5448 2894 5448 2153 5448 2904 5449 2890 5449 2897 5449 2904 5450 2899 5450 2890 5450 2905 5451 2896 5451 2901 5451 2906 5452 2901 5452 2898 5452 2906 5453 2886 5453 2894 5453 2906 5454 2898 5454 2886 5454 2907 5455 2895 5455 2902 5455 2907 5456 2900 5456 2895 5456 2908 5457 2909 5457 2893 5457 2908 5458 2893 5458 2892 5458 2908 5459 2899 5459 2904 5459 2908 5460 2892 5460 2899 5460 2910 5461 2897 5461 2900 5461 2911 5462 2901 5462 2906 5462 2912 5463 2902 5463 2896 5463 2912 5464 2896 5464 2905 5464 2913 5465 2903 5465 2152 5465 2914 5466 2909 5466 2908 5466 2914 5467 2915 5467 2909 5467 2914 5468 2908 5468 2904 5468 2916 5469 2905 5469 2901 5469 2916 5470 2912 5470 2905 5470 2916 5471 2901 5471 2911 5471 2917 5472 2894 5472 2903 5472 2917 5473 2906 5473 2894 5473 2918 5474 2900 5474 2907 5474 2918 5475 2910 5475 2900 5475 2919 5476 2904 5476 2897 5476 2919 5477 2897 5477 2910 5477 2920 5478 2907 5478 2902 5478 2920 5479 2902 5479 2912 5479 2921 5480 2906 5480 2917 5480 2921 5481 2911 5481 2906 5481 2922 5482 2912 5482 2916 5482 2923 5483 2152 5483 2151 5483 2923 5484 2913 5484 2152 5484 2924 5485 2910 5485 2918 5485 2924 5486 2919 5486 2910 5486 2925 5487 2916 5487 2911 5487 2925 5488 2911 5488 2921 5488 2926 5489 2917 5489 2903 5489 2926 5490 2903 5490 2913 5490 2927 5491 2918 5491 2907 5491 2927 5492 2907 5492 2920 5492 2928 5493 2920 5493 2912 5493 2928 5494 2912 5494 2922 5494 2929 5495 2904 5495 2919 5495 2929 5496 2915 5496 2914 5496 2929 5497 2914 5497 2904 5497 2930 5498 2917 5498 2926 5498 2930 5499 2925 5499 2921 5499 2930 5500 2921 5500 2917 5500 2931 5501 2916 5501 2925 5501 2931 5502 2922 5502 2916 5502 2932 5503 2923 5503 2151 5503 2933 5504 2924 5504 2918 5504 2933 5505 2918 5505 2927 5505 2934 5506 2913 5506 2923 5506 2934 5507 2926 5507 2913 5507 2935 5508 2936 5508 2915 5508 2935 5509 2919 5509 2924 5509 2935 5510 2915 5510 2929 5510 2935 5511 2929 5511 2919 5511 2937 5512 2925 5512 2930 5512 2938 5513 2920 5513 2928 5513 2938 5514 2927 5514 2920 5514 2939 5515 2928 5515 2922 5515 2939 5516 2922 5516 2931 5516 2940 5517 2930 5517 2926 5517 2940 5518 2926 5518 2934 5518 2940 5519 2937 5519 2930 5519 2941 5520 2931 5520 2925 5520 2941 5521 2925 5521 2937 5521 2942 5522 2932 5522 2151 5522 2942 5523 2151 5523 2150 5523 2943 5524 2937 5524 2940 5524 2944 5525 2933 5525 2927 5525 2944 5526 2927 5526 2938 5526 2945 5527 2924 5527 2933 5527 2945 5528 2935 5528 2924 5528 2945 5529 2936 5529 2935 5529 2945 5530 2933 5530 2944 5530 2946 5531 2923 5531 2932 5531 2946 5532 2934 5532 2923 5532 2947 5533 2938 5533 2928 5533 2947 5534 2928 5534 2939 5534 2948 5535 2939 5535 2931 5535 2948 5536 2931 5536 2941 5536 2948 5537 2947 5537 2939 5537 2949 5538 2941 5538 2937 5538 2949 5539 2937 5539 2943 5539 2949 5540 2948 5540 2941 5540 2950 5541 2940 5541 2934 5541 2950 5542 2934 5542 2946 5542 2951 5543 2942 5543 2150 5543 2952 5544 2938 5544 2947 5544 2952 5545 2944 5545 2938 5545 2953 5546 2932 5546 2942 5546 2953 5547 2946 5547 2932 5547 2953 5548 2950 5548 2946 5548 2954 5549 2944 5549 2952 5549 2954 5550 2955 5550 2936 5550 2954 5551 2936 5551 2945 5551 2954 5552 2945 5552 2944 5552 2956 5553 2948 5553 2949 5553 2957 5554 2940 5554 2950 5554 2957 5555 2943 5555 2940 5555 2958 5556 2947 5556 2948 5556 2959 5557 2950 5557 2953 5557 2960 5558 2150 5558 2149 5558 2960 5559 2951 5559 2150 5559 2961 5560 2943 5560 2957 5560 2961 5561 2949 5561 2943 5561 2962 5562 2957 5562 2950 5562 2962 5563 2950 5563 2959 5563 2963 5564 2952 5564 2947 5564 2963 5565 2947 5565 2958 5565 2964 5566 2958 5566 2948 5566 2964 5567 2948 5567 2956 5567 2965 5568 2955 5568 2954 5568 2965 5569 2952 5569 2963 5569 2965 5570 2954 5570 2952 5570 2966 5571 2942 5571 2951 5571 2966 5572 2953 5572 2942 5572 2967 5573 2956 5573 2949 5573 2967 5574 2949 5574 2961 5574 2968 5575 2957 5575 2962 5575 2968 5576 2961 5576 2957 5576 2969 5577 2959 5577 2953 5577 2969 5578 2962 5578 2959 5578 2969 5579 2953 5579 2966 5579 2970 5580 2958 5580 2964 5580 2970 5581 2963 5581 2958 5581 2971 5582 2960 5582 2149 5582 2972 5583 2966 5583 2951 5583 2972 5584 2951 5584 2960 5584 2973 5585 2974 5585 2955 5585 2973 5586 2955 5586 2965 5586 2973 5587 2965 5587 2963 5587 2973 5588 2963 5588 2970 5588 2975 5589 2967 5589 2961 5589 2975 5590 2961 5590 2968 5590 2976 5591 2962 5591 2969 5591 2977 5592 2956 5592 2967 5592 2977 5593 2964 5593 2956 5593 2978 5594 2966 5594 2972 5594 2978 5595 2969 5595 2966 5595 2978 5596 2976 5596 2969 5596 2979 5597 2149 5597 2148 5597 2979 5598 2971 5598 2149 5598 2980 5599 2968 5599 2962 5599 2980 5600 2962 5600 2976 5600 2980 5601 2975 5601 2968 5601 2981 5602 2976 5602 2978 5602 2982 5603 2974 5603 2973 5603 2982 5604 2973 5604 2970 5604 2983 5605 2970 5605 2964 5605 2983 5606 2964 5606 2977 5606 2983 5607 2982 5607 2970 5607 2984 5608 2977 5608 2967 5608 2984 5609 2967 5609 2975 5609 2985 5610 2972 5610 2960 5610 2985 5611 2978 5611 2972 5611 2985 5612 2960 5612 2971 5612 2986 5613 2975 5613 2980 5613 2987 5614 2980 5614 2976 5614 2987 5615 2976 5615 2981 5615 2988 5616 2981 5616 2978 5616 2988 5617 2978 5617 2985 5617 2989 5618 2977 5618 2984 5618 2989 5619 2983 5619 2977 5619 2990 5620 2979 5620 2148 5620 2990 5621 2148 5621 2215 5621 2991 5622 2979 5622 2990 5622 2991 5623 2971 5623 2979 5623 2991 5624 2985 5624 2971 5624 2992 5625 2980 5625 2987 5625 2992 5626 2986 5626 2980 5626 2993 5627 2994 5627 2974 5627 2993 5628 2982 5628 2983 5628 2993 5629 2974 5629 2982 5629 2995 5630 2981 5630 2988 5630 2996 5631 2986 5631 2992 5631 2996 5632 2984 5632 2975 5632 2996 5633 2975 5633 2986 5633 2997 5634 2988 5634 2985 5634 2997 5635 2985 5635 2991 5635 2998 5636 2987 5636 2981 5636 2998 5637 2981 5637 2995 5637 2998 5638 2992 5638 2987 5638 2999 5639 2995 5639 2988 5639 2999 5640 2988 5640 2997 5640 3000 5641 2993 5641 2983 5641 3000 5642 2994 5642 2993 5642 3000 5643 2983 5643 2989 5643 3001 5644 2996 5644 2992 5644 3002 5645 2989 5645 2984 5645 3002 5646 2984 5646 2996 5646 3002 5647 3000 5647 2989 5647 3003 5648 2215 5648 2213 5648 3003 5649 2990 5649 2215 5649 3003 5650 2991 5650 2990 5650 3003 5651 2997 5651 2991 5651 3004 5652 2992 5652 2998 5652 3005 5653 2995 5653 2999 5653 3005 5654 2998 5654 2995 5654 3006 5655 2997 5655 3003 5655 3006 5656 3003 5656 2213 5656 3007 5657 2996 5657 3001 5657 3007 5658 3002 5658 2996 5658 3008 5659 3004 5659 2998 5659 3008 5660 2998 5660 3005 5660 3009 5661 3010 5661 2994 5661 3009 5662 3000 5662 3002 5662 3009 5663 2994 5663 3000 5663 3011 5664 2213 5664 2212 5664 3011 5665 2999 5665 2997 5665 3011 5666 3006 5666 2213 5666 3011 5667 2997 5667 3006 5667 3012 5668 3001 5668 2992 5668 3012 5669 2992 5669 3004 5669 3013 5670 2999 5670 3011 5670 3013 5671 3005 5671 2999 5671 3013 5672 3011 5672 2212 5672 3014 5673 3010 5673 3009 5673 3014 5674 3002 5674 3007 5674 3014 5675 3009 5675 3002 5675 3015 5676 3004 5676 3008 5676 3015 5677 3012 5677 3004 5677 3016 5678 3001 5678 3012 5678 3016 5679 3007 5679 3001 5679 3017 5680 3008 5680 3005 5680 3017 5681 3005 5681 3013 5681 3017 5682 3013 5682 2212 5682 3017 5683 3015 5683 3008 5683 3018 5684 3012 5684 3015 5684 3018 5685 3016 5685 3012 5685 3019 5686 3020 5686 3010 5686 3019 5687 3010 5687 3014 5687 3019 5688 3014 5688 3007 5688 3019 5689 3007 5689 3016 5689 3019 5690 3016 5690 3018 5690 3021 5691 2212 5691 2214 5691 3021 5692 3017 5692 2212 5692 3021 5693 3015 5693 3017 5693 3022 5694 3020 5694 3019 5694 3022 5695 3019 5695 3018 5695 3023 5696 2214 5696 2216 5696 3023 5697 3018 5697 3015 5697 3023 5698 3021 5698 2214 5698 3023 5699 3015 5699 3021 5699 3024 5700 2216 5700 3020 5700 3024 5701 3023 5701 2216 5701 3024 5702 3020 5702 3022 5702 3024 5703 3022 5703 3018 5703 3024 5704 3018 5704 3023 5704 2658 5705 3025 5705 1536 5705 2658 5706 3026 5706 3025 5706 2658 5707 2665 5707 3026 5707 1538 5708 2644 5708 2658 5708 1538 5709 2658 5709 1536 5709 1537 5710 2634 5710 2644 5710 1537 5711 2644 5711 1538 5711 1540 5712 2623 5712 2627 5712 1540 5713 2627 5713 1539 5713 1541 5714 2619 5714 2623 5714 1541 5715 2623 5715 1540 5715 2582 5716 2600 5716 1546 5716 1547 5717 2582 5717 1546 5717 3027 5718 2592 5718 2596 5718 3028 5719 3027 5719 2596 5719 1543 5720 2596 5720 1547 5720 1543 5721 3028 5721 2596 5721 3029 5722 2627 5722 2634 5722 3029 5723 1537 5723 1539 5723 3029 5724 2634 5724 1537 5724 3029 5725 1539 5725 2627 5725 3030 5726 2611 5726 2619 5726 3030 5727 2619 5727 1541 5727 3030 5728 1542 5728 2611 5728 3031 5729 1541 5729 1542 5729 3031 5730 1542 5730 3030 5730 3031 5731 3030 5731 1541 5731 3032 5732 2604 5732 2606 5732 3033 5733 1544 5733 1545 5733 3033 5734 3032 5734 2606 5734 3033 5735 2606 5735 1544 5735 3034 5736 2596 5736 2583 5736 3034 5737 2583 5737 2582 5737 3034 5738 2582 5738 1547 5738 3034 5739 1547 5739 2596 5739 3035 5740 2606 5740 2611 5740 3035 5741 1542 5741 1544 5741 3035 5742 2611 5742 1542 5742 3035 5743 1544 5743 2606 5743 3036 5744 2600 5744 2604 5744 3036 5745 1545 5745 1546 5745 3036 5746 2604 5746 3032 5746 3036 5747 3033 5747 1545 5747 3036 5748 3032 5748 3033 5748 3036 5749 1546 5749 2600 5749 3037 5750 2592 5750 3027 5750 3037 5751 3027 5751 3028 5751 3037 5752 1085 5752 2592 5752 3038 5753 3028 5753 1543 5753 3038 5754 3037 5754 3028 5754 1522 5755 3038 5755 1543 5755 1072 5756 1074 5756 2278 5756 1111 5757 2278 5757 2285 5757 1111 5758 1072 5758 2278 5758 1109 5759 2285 5759 2305 5759 1109 5760 1111 5760 2285 5760 1355 5761 2305 5761 2321 5761 1355 5762 1109 5762 2305 5762 1342 5763 2321 5763 2334 5763 1342 5764 1355 5764 2321 5764 1339 5765 2334 5765 2345 5765 1339 5766 1342 5766 2334 5766 1332 5767 2345 5767 2350 5767 1332 5768 1339 5768 2345 5768 1324 5769 2350 5769 2359 5769 1324 5770 1332 5770 2350 5770 1312 5771 2359 5771 2368 5771 1312 5772 1324 5772 2359 5772 1306 5773 2368 5773 2377 5773 1306 5774 1312 5774 2368 5774 1302 5775 2377 5775 2386 5775 1302 5776 1306 5776 2377 5776 1288 5777 1302 5777 2386 5777 1288 5778 2395 5778 2404 5778 1288 5779 2386 5779 2395 5779 1275 5780 1288 5780 2404 5780 1275 5781 2404 5781 2418 5781 1267 5782 2418 5782 2430 5782 1267 5783 1275 5783 2418 5783 1261 5784 2430 5784 2429 5784 1261 5785 1267 5785 2430 5785 1240 5786 2429 5786 2440 5786 1240 5787 1261 5787 2429 5787 1226 5788 2440 5788 2450 5788 1226 5789 1240 5789 2440 5789 1216 5790 2450 5790 2460 5790 1216 5791 1226 5791 2450 5791 1210 5792 2460 5792 2470 5792 1210 5793 1216 5793 2460 5793 1189 5794 2470 5794 2480 5794 1189 5795 1210 5795 2470 5795 1174 5796 2480 5796 2490 5796 1174 5797 1189 5797 2480 5797 1163 5798 2490 5798 2500 5798 1163 5799 1174 5799 2490 5799 1148 5800 2500 5800 2513 5800 1148 5801 1163 5801 2500 5801 1128 5802 2513 5802 2529 5802 1128 5803 1148 5803 2513 5803 1123 5804 2529 5804 2550 5804 1123 5805 1128 5805 2529 5805 1089 5806 2550 5806 2569 5806 1089 5807 1123 5807 2550 5807 1084 5808 2569 5808 2592 5808 1084 5809 1089 5809 2569 5809 1085 5810 1084 5810 2592 5810 1516 5811 1083 5811 1085 5811 1516 5812 3038 5812 1522 5812 1516 5813 3037 5813 3038 5813 1516 5814 1085 5814 3037 5814 1509 5815 1083 5815 1516 5815 1086 5816 1083 5816 1509 5816 1512 5817 1086 5817 1509 5817 1090 5818 1086 5818 1512 5818 1514 5819 1090 5819 1512 5819 1114 5820 1090 5820 1514 5820 1520 5821 1117 5821 1518 5821 3039 5822 1117 5822 1114 5822 3039 5823 1514 5823 1518 5823 3039 5824 1114 5824 1514 5824 3039 5825 1518 5825 1117 5825 3040 5826 1097 5826 1093 5826 3041 5827 1142 5827 1136 5827 3042 5828 1099 5828 1101 5828 3043 5829 1533 5829 1532 5829 3044 5830 1095 5830 1117 5830 3044 5831 1520 5831 1524 5831 3044 5832 1117 5832 1520 5832 3044 5833 1524 5833 1095 5833 3045 5834 1093 5834 1095 5834 3045 5835 1524 5835 1525 5835 3045 5836 1095 5836 1524 5836 3045 5837 1525 5837 1093 5837 3046 5838 1525 5838 1527 5838 3046 5839 1527 5839 3040 5839 3046 5840 1093 5840 1525 5840 3046 5841 3040 5841 1093 5841 3047 5842 1136 5842 1097 5842 3047 5843 1527 5843 1529 5843 3047 5844 3040 5844 1527 5844 3047 5845 1097 5845 3040 5845 3048 5846 1136 5846 3047 5846 3048 5847 3047 5847 1529 5847 3049 5848 1529 5848 1535 5848 3049 5849 3050 5849 3041 5849 3049 5850 1136 5850 3048 5850 3049 5851 1535 5851 3050 5851 3049 5852 3041 5852 1136 5852 3049 5853 3048 5853 1529 5853 3051 5854 1535 5854 1534 5854 3051 5855 3041 5855 3050 5855 3051 5856 3050 5856 1535 5856 3052 5857 3041 5857 3051 5857 3052 5858 1142 5858 3041 5858 3052 5859 3051 5859 1534 5859 3053 5860 1101 5860 1142 5860 3053 5861 1534 5861 1533 5861 3053 5862 1142 5862 3052 5862 3053 5863 3052 5863 1534 5863 3054 5864 3042 5864 1101 5864 3054 5865 3043 5865 3042 5865 3054 5866 1101 5866 3053 5866 3054 5867 1533 5867 3043 5867 3054 5868 3053 5868 1533 5868 3055 5869 1099 5869 3042 5869 3055 5870 1103 5870 1099 5870 3055 5871 3042 5871 3043 5871 3055 5872 3043 5872 1532 5872 3056 5873 1491 5873 1103 5873 3056 5874 1532 5874 1531 5874 3056 5875 3055 5875 1532 5875 3056 5876 1103 5876 3055 5876 3057 5877 1154 5877 1491 5877 3057 5878 1497 5878 1154 5878 3058 5879 3056 5879 1531 5879 3058 5880 1491 5880 3056 5880 3059 5881 3057 5881 1491 5881 3059 5882 1491 5882 3058 5882 3059 5883 1497 5883 3057 5883 3059 5884 1498 5884 1497 5884 3060 5885 3058 5885 1531 5885 3060 5886 3059 5886 3058 5886 3060 5887 1498 5887 3059 5887 3060 5888 1499 5888 1498 5888 3061 5889 1531 5889 1500 5889 3061 5890 3060 5890 1531 5890 3061 5891 1499 5891 3060 5891 3061 5892 1500 5892 1499 5892 2665 5893 3062 5893 3063 5893 3026 5894 2665 5894 3063 5894 3025 5895 3063 5895 3064 5895 3025 5896 3026 5896 3063 5896 1536 5897 3064 5897 1523 5897 1536 5898 3025 5898 3064 5898 3065 5899 3062 5899 2665 5899 3065 5900 2665 5900 2680 5900 3066 5901 2680 5901 2693 5901 3066 5902 3065 5902 2680 5902 3067 5903 2708 5903 2725 5903 3067 5904 2693 5904 2708 5904 3067 5905 3066 5905 2693 5905 3068 5906 2725 5906 2732 5906 3068 5907 3067 5907 2725 5907 3069 5908 2732 5908 2751 5908 3069 5909 3068 5909 2732 5909 3070 5910 2751 5910 2772 5910 3070 5911 3069 5911 2751 5911 3071 5912 2772 5912 2789 5912 3071 5913 3070 5913 2772 5913 3072 5914 2789 5914 2802 5914 3072 5915 3071 5915 2789 5915 3073 5916 2802 5916 2813 5916 3073 5917 3072 5917 2802 5917 3074 5918 2813 5918 2818 5918 3074 5919 3073 5919 2813 5919 3075 5920 3074 5920 2818 5920 3075 5921 2818 5921 2833 5921 3076 5922 3075 5922 2833 5922 3076 5923 2833 5923 2844 5923 3077 5924 2844 5924 2853 5924 3077 5925 3076 5925 2844 5925 3078 5926 3077 5926 2853 5926 3078 5927 2853 5927 2863 5927 3079 5928 2863 5928 2876 5928 3079 5929 3078 5929 2863 5929 3080 5930 2876 5930 2893 5930 3080 5931 3079 5931 2876 5931 3081 5932 2893 5932 2909 5932 3081 5933 3080 5933 2893 5933 3082 5934 2909 5934 2915 5934 3082 5935 3081 5935 2909 5935 3083 5936 2915 5936 2936 5936 3083 5937 3082 5937 2915 5937 3084 5938 2936 5938 2955 5938 3084 5939 3083 5939 2936 5939 3085 5940 2955 5940 2974 5940 3085 5941 3084 5941 2955 5941 3086 5942 2974 5942 2994 5942 3086 5943 3085 5943 2974 5943 3087 5944 2994 5944 3010 5944 3087 5945 3086 5945 2994 5945 3088 5946 3010 5946 3020 5946 3088 5947 3087 5947 3010 5947 2219 5948 3020 5948 2216 5948 2219 5949 3088 5949 3020 5949 3089 5950 2219 5950 3090 5950 3089 5951 3088 5951 2219 5951 3091 5952 3090 5952 3092 5952 3091 5953 3089 5953 3090 5953 3093 5954 3094 5954 1589 5954 3093 5955 3095 5955 3094 5955 3095 5956 3096 5956 3094 5956 3097 5957 3089 5957 3091 5957 3098 5958 3062 5958 3065 5958 3096 5959 3099 5959 3100 5959 3101 5960 3102 5960 3103 5960 3104 5961 3105 5961 3095 5961 3095 5962 3105 5962 3096 5962 3096 5963 3105 5963 3099 5963 3104 5964 3106 5964 3105 5964 3107 5965 3106 5965 3104 5965 3108 5966 3109 5966 3110 5966 3100 5967 3109 5967 3108 5967 3099 5968 3109 5968 3100 5968 3107 5969 3111 5969 3106 5969 3112 5970 3111 5970 3107 5970 3109 5971 3113 5971 3110 5971 3114 5972 3115 5972 3116 5972 3110 5973 3115 5973 3114 5973 3116 5974 3115 5974 3117 5974 3113 5975 3115 5975 3110 5975 3112 5976 3118 5976 3111 5976 3119 5977 3118 5977 3112 5977 3118 5978 3120 5978 3121 5978 3119 5979 3120 5979 3118 5979 3122 5980 3123 5980 3119 5980 3119 5981 3123 5981 3120 5981 3124 5982 3125 5982 3126 5982 3116 5983 3125 5983 3124 5983 3117 5984 3125 5984 3116 5984 3122 5985 3127 5985 3123 5985 3128 5986 3127 5986 3122 5986 3125 5987 3129 5987 3126 5987 3130 5988 3131 5988 3097 5988 3126 5989 3131 5989 3130 5989 3097 5990 3131 5990 3089 5990 3129 5991 3131 5991 3126 5991 3128 5992 3132 5992 3127 5992 3133 5993 3132 5993 3128 5993 3132 5994 3134 5994 3135 5994 3133 5995 3134 5995 3132 5995 3133 5996 3136 5996 3134 5996 3137 5997 3136 5997 3133 5997 3137 5998 3138 5998 3136 5998 3139 5999 3138 5999 3137 5999 3139 6000 3140 6000 3138 6000 3141 6001 3140 6001 3139 6001 3141 6002 3142 6002 3140 6002 3140 6003 3142 6003 3143 6003 3141 6004 3144 6004 3142 6004 3145 6005 3144 6005 3141 6005 3142 6006 3144 6006 3143 6006 3146 6007 3147 6007 3145 6007 3145 6008 3147 6008 3144 6008 3146 6009 3148 6009 3147 6009 3149 6010 3148 6010 3146 6010 3149 6011 3150 6011 3148 6011 3151 6012 3152 6012 3149 6012 3150 6013 3152 6013 3153 6013 3149 6014 3152 6014 3150 6014 3151 6015 3154 6015 3152 6015 3155 6016 3154 6016 3151 6016 3155 6017 3156 6017 3154 6017 3157 6018 3156 6018 3155 6018 3157 6019 3158 6019 3156 6019 3157 6020 3159 6020 3158 6020 3158 6021 3159 6021 3160 6021 3161 6022 3159 6022 3157 6022 3103 6023 3162 6023 3163 6023 3163 6024 3162 6024 3164 6024 3102 6025 3162 6025 3103 6025 3165 6026 3166 6026 3167 6026 3167 6027 3166 6027 3168 6027 3165 6028 3169 6028 3166 6028 3170 6029 3171 6029 3066 6029 3172 6030 3171 6030 3173 6030 3066 6031 3174 6031 3065 6031 3171 6032 3174 6032 3066 6032 3172 6033 3174 6033 3171 6033 3174 6034 3175 6034 3065 6034 3065 6035 3175 6035 3098 6035 3172 6036 3175 6036 3174 6036 3098 6037 3175 6037 3172 6037 3099 6038 3176 6038 3109 6038 3109 6039 3176 6039 3113 6039 3177 6040 3178 6040 3099 6040 3099 6041 3178 6041 3176 6041 3113 6042 3179 6042 3115 6042 3115 6043 3179 6043 3117 6043 3179 6044 3180 6044 3117 6044 3113 6045 3180 6045 3179 6045 3121 6046 3181 6046 3182 6046 3125 6047 3183 6047 3129 6047 3117 6048 3183 6048 3125 6048 3121 6049 3184 6049 3181 6049 3183 6050 3185 6050 3129 6050 3117 6051 3185 6051 3183 6051 3129 6052 3185 6052 3186 6052 3121 6053 3187 6053 3184 6053 3188 6054 3187 6054 3121 6054 3185 6055 3189 6055 3186 6055 3186 6056 3189 6056 3190 6056 3131 6057 3191 6057 3089 6057 3129 6058 3191 6058 3131 6058 3186 6059 3191 6059 3129 6059 3135 6060 3192 6060 3193 6060 3089 6061 3194 6061 3088 6061 3191 6062 3194 6062 3089 6062 3186 6063 3194 6063 3191 6063 3190 6064 3195 6064 3196 6064 3189 6065 3195 6065 3190 6065 3195 6066 3197 6066 3196 6066 3198 6067 3197 6067 3195 6067 3135 6068 3199 6068 3192 6068 3198 6069 3200 6069 3197 6069 3196 6070 3200 6070 3201 6070 3197 6071 3200 6071 3196 6071 3194 6072 3202 6072 3088 6072 3088 6073 3202 6073 3087 6073 3190 6074 3202 6074 3186 6074 3186 6075 3202 6075 3194 6075 3200 6076 3203 6076 3201 6076 3201 6077 3203 6077 3204 6077 3198 6078 3203 6078 3200 6078 3190 6079 3205 6079 3202 6079 3202 6080 3205 6080 3087 6080 3196 6081 3205 6081 3190 6081 3135 6082 3206 6082 3199 6082 3207 6083 3206 6083 3135 6083 3196 6084 3208 6084 3205 6084 3205 6085 3208 6085 3087 6085 3196 6086 3209 6086 3208 6086 3208 6087 3209 6087 3087 6087 3087 6088 3209 6088 3086 6088 3201 6089 3209 6089 3196 6089 3210 6090 3211 6090 3212 6090 3212 6091 3211 6091 3213 6091 3209 6092 3214 6092 3086 6092 3201 6093 3214 6093 3209 6093 3204 6094 3214 6094 3201 6094 3203 6095 3215 6095 3204 6095 3204 6096 3215 6096 3216 6096 3204 6097 3217 6097 3214 6097 3214 6098 3217 6098 3086 6098 3211 6099 3218 6099 3213 6099 3210 6100 3218 6100 3211 6100 3143 6101 3219 6101 3220 6101 3215 6102 3221 6102 3216 6102 3216 6103 3221 6103 3222 6103 3086 6104 3223 6104 3085 6104 3217 6105 3223 6105 3086 6105 3204 6106 3223 6106 3217 6106 3216 6107 3223 6107 3204 6107 3213 6108 3224 6108 3221 6108 3221 6109 3224 6109 3222 6109 3143 6110 3225 6110 3219 6110 3213 6111 3226 6111 3224 6111 3224 6112 3226 6112 3222 6112 3222 6113 3226 6113 3227 6113 3085 6114 3228 6114 3084 6114 3216 6115 3228 6115 3223 6115 3223 6116 3228 6116 3085 6116 3213 6117 3229 6117 3226 6117 3226 6118 3229 6118 3227 6118 3227 6119 3229 6119 3230 6119 3218 6120 3231 6120 3213 6120 3213 6121 3231 6121 3229 6121 3225 6122 3232 6122 3233 6122 3216 6123 3234 6123 3228 6123 3228 6124 3234 6124 3084 6124 3222 6125 3234 6125 3216 6125 3234 6126 3235 6126 3084 6126 3222 6127 3235 6127 3234 6127 3233 6128 3236 6128 3237 6128 3237 6129 3236 6129 3238 6129 3084 6130 3239 6130 3083 6130 3235 6131 3239 6131 3084 6131 3222 6132 3239 6132 3235 6132 3227 6133 3239 6133 3222 6133 3230 6134 3240 6134 3241 6134 3239 6135 3242 6135 3083 6135 3227 6136 3242 6136 3239 6136 3230 6137 3242 6137 3227 6137 3236 6138 3243 6138 3238 6138 3230 6139 3244 6139 3242 6139 3242 6140 3244 6140 3083 6140 3240 6141 3245 6141 3241 6141 3241 6142 3245 6142 3246 6142 3241 6143 3247 6143 3230 6143 3244 6144 3247 6144 3083 6144 3083 6145 3247 6145 3082 6145 3230 6146 3247 6146 3244 6146 3238 6147 3248 6147 3245 6147 3245 6148 3248 6148 3246 6148 3153 6149 3249 6149 3250 6149 3246 6150 3251 6150 3252 6150 3248 6151 3251 6151 3246 6151 3238 6152 3251 6152 3248 6152 3247 6153 3253 6153 3082 6153 3241 6154 3253 6154 3247 6154 3254 6155 3255 6155 3153 6155 3249 6156 3255 6156 3256 6156 3153 6157 3255 6157 3249 6157 3252 6158 3257 6158 3258 6158 3251 6159 3257 6159 3252 6159 3253 6160 3259 6160 3082 6160 3241 6161 3259 6161 3253 6161 3082 6162 3259 6162 3081 6162 3246 6163 3259 6163 3241 6163 3246 6164 3260 6164 3259 6164 3259 6165 3260 6165 3081 6165 3246 6166 3261 6166 3260 6166 3252 6167 3261 6167 3246 6167 3260 6168 3261 6168 3081 6168 3159 6169 3262 6169 3263 6169 3161 6170 3262 6170 3159 6170 3264 6171 3265 6171 3266 6171 3160 6172 3267 6172 3268 6172 3081 6173 3269 6173 3080 6173 3252 6174 3269 6174 3261 6174 3261 6175 3269 6175 3081 6175 3262 6176 3270 6176 3263 6176 3271 6177 3270 6177 3272 6177 3161 6178 3270 6178 3262 6178 3272 6179 3270 6179 3161 6179 3263 6180 3270 6180 3273 6180 3257 6181 3274 6181 3258 6181 3258 6182 3274 6182 3275 6182 3275 6183 3276 6183 3277 6183 3274 6184 3276 6184 3275 6184 3266 6185 3278 6185 3276 6185 3276 6186 3278 6186 3277 6186 3160 6187 3279 6187 3267 6187 3258 6188 3280 6188 3252 6188 3080 6189 3280 6189 3079 6189 3269 6190 3280 6190 3080 6190 3252 6191 3280 6191 3269 6191 3266 6192 3281 6192 3278 6192 3277 6193 3281 6193 3282 6193 3278 6194 3281 6194 3277 6194 3258 6195 3283 6195 3280 6195 3280 6196 3283 6196 3079 6196 3160 6197 3284 6197 3279 6197 3283 6198 3285 6198 3079 6198 3275 6199 3285 6199 3258 6199 3258 6200 3285 6200 3283 6200 3282 6201 3286 6201 3287 6201 3281 6202 3286 6202 3282 6202 3079 6203 3288 6203 3078 6203 3277 6204 3288 6204 3275 6204 3285 6205 3288 6205 3079 6205 3275 6206 3288 6206 3285 6206 3277 6207 3289 6207 3288 6207 3288 6208 3289 6208 3078 6208 3289 6209 3290 6209 3078 6209 3277 6210 3290 6210 3289 6210 3282 6211 3290 6211 3277 6211 3291 6212 3292 6212 3293 6212 3282 6213 3294 6213 3290 6213 3078 6214 3294 6214 3077 6214 3290 6215 3294 6215 3078 6215 3286 6216 3295 6216 3287 6216 3287 6217 3295 6217 3296 6217 3295 6218 3297 6218 3296 6218 3293 6219 3297 6219 3295 6219 3293 6220 3298 6220 3297 6220 3297 6221 3298 6221 3296 6221 3296 6222 3298 6222 3299 6222 3077 6223 3300 6223 3076 6223 3294 6224 3300 6224 3077 6224 3282 6225 3300 6225 3294 6225 3287 6226 3300 6226 3282 6226 3298 6227 3301 6227 3299 6227 3293 6228 3301 6228 3298 6228 3299 6229 3301 6229 3302 6229 3101 6230 3303 6230 3102 6230 3304 6231 3303 6231 3305 6231 3102 6232 3303 6232 3304 6232 3305 6233 3303 6233 3306 6233 3293 6234 3307 6234 3301 6234 3292 6235 3307 6235 3293 6235 3287 6236 3308 6236 3300 6236 3300 6237 3308 6237 3076 6237 3296 6238 3308 6238 3287 6238 3101 6239 3309 6239 3303 6239 3303 6240 3309 6240 3306 6240 3308 6241 3310 6241 3076 6241 3296 6242 3310 6242 3308 6242 3311 6243 3312 6243 3101 6243 3101 6244 3312 6244 3309 6244 3309 6245 3312 6245 3306 6245 3306 6246 3312 6246 3313 6246 3076 6247 3314 6247 3075 6247 3310 6248 3314 6248 3076 6248 3296 6249 3314 6249 3310 6249 3299 6250 3314 6250 3296 6250 3315 6251 3316 6251 3317 6251 3305 6252 3318 6252 3316 6252 3316 6253 3318 6253 3317 6253 3306 6254 3318 6254 3305 6254 3302 6255 3319 6255 3320 6255 3299 6256 3321 6256 3314 6256 3302 6257 3321 6257 3299 6257 3314 6258 3321 6258 3075 6258 3311 6259 3322 6259 3312 6259 3312 6260 3322 6260 3313 6260 3318 6261 3323 6261 3317 6261 3306 6262 3323 6262 3318 6262 3313 6263 3323 6263 3306 6263 3321 6264 3324 6264 3075 6264 3302 6265 3324 6265 3321 6265 3319 6266 3325 6266 3320 6266 3320 6267 3325 6267 3326 6267 3075 6268 3327 6268 3074 6268 3320 6269 3327 6269 3302 6269 3302 6270 3327 6270 3324 6270 3324 6271 3327 6271 3075 6271 3311 6272 3328 6272 3322 6272 3167 6273 3328 6273 3311 6273 3168 6274 3328 6274 3167 6274 3317 6275 3329 6275 3325 6275 3325 6276 3329 6276 3326 6276 3326 6277 3330 6277 3331 6277 3317 6278 3330 6278 3329 6278 3329 6279 3330 6279 3326 6279 3323 6280 3332 6280 3317 6280 3317 6281 3333 6281 3330 6281 3330 6282 3333 6282 3331 6282 3332 6283 3333 6283 3317 6283 3074 6284 3334 6284 3073 6284 3327 6285 3334 6285 3074 6285 3320 6286 3334 6286 3327 6286 3320 6287 3335 6287 3334 6287 3334 6288 3335 6288 3073 6288 3326 6289 3335 6289 3320 6289 3326 6290 3336 6290 3335 6290 3335 6291 3336 6291 3073 6291 3169 6292 3337 6292 3166 6292 3168 6293 3337 6293 3338 6293 3166 6294 3337 6294 3168 6294 3339 6295 3337 6295 3169 6295 3326 6296 3340 6296 3336 6296 3336 6297 3340 6297 3073 6297 3073 6298 3340 6298 3072 6298 3331 6299 3340 6299 3326 6299 3341 6300 3342 6300 3343 6300 3340 6301 3344 6301 3072 6301 3331 6302 3344 6302 3340 6302 3341 6303 3344 6303 3331 6303 3344 6304 3345 6304 3072 6304 3341 6305 3345 6305 3344 6305 3342 6306 3346 6306 3343 6306 3343 6307 3346 6307 3347 6307 3343 6308 3348 6308 3341 6308 3072 6309 3348 6309 3071 6309 3341 6310 3348 6310 3345 6310 3345 6311 3348 6311 3072 6311 3346 6312 3349 6312 3347 6312 3339 6313 3349 6313 3346 6313 3347 6314 3350 6314 3351 6314 3349 6315 3350 6315 3347 6315 3339 6316 3350 6316 3349 6316 3343 6317 3352 6317 3348 6317 3348 6318 3352 6318 3071 6318 3169 6319 3353 6319 3339 6319 3350 6320 3354 6320 3351 6320 3355 6321 3354 6321 3353 6321 3339 6322 3354 6322 3350 6322 3353 6323 3354 6323 3339 6323 3351 6324 3354 6324 3355 6324 3071 6325 3356 6325 3070 6325 3347 6326 3356 6326 3343 6326 3352 6327 3356 6327 3071 6327 3343 6328 3356 6328 3352 6328 3355 6329 3357 6329 3358 6329 3353 6330 3357 6330 3355 6330 3347 6331 3359 6331 3356 6331 3356 6332 3359 6332 3070 6332 3357 6333 3360 6333 3358 6333 3361 6334 3360 6334 3362 6334 3362 6335 3360 6335 3357 6335 3351 6336 3363 6336 3347 6336 3359 6337 3363 6337 3070 6337 3347 6338 3363 6338 3359 6338 3070 6339 3364 6339 3069 6339 3351 6340 3364 6340 3363 6340 3363 6341 3364 6341 3070 6341 3358 6342 3365 6342 3366 6342 3360 6343 3365 6343 3358 6343 3361 6344 3365 6344 3360 6344 3364 6345 3367 6345 3069 6345 3351 6346 3367 6346 3364 6346 3355 6347 3367 6347 3351 6347 3366 6348 3368 6348 3369 6348 3365 6349 3368 6349 3366 6349 3361 6350 3368 6350 3365 6350 3368 6351 3370 6351 3369 6351 3371 6352 3370 6352 3361 6352 3361 6353 3370 6353 3368 6353 3358 6354 3372 6354 3355 6354 3355 6355 3372 6355 3367 6355 3367 6356 3372 6356 3069 6356 3069 6357 3372 6357 3068 6357 3366 6358 3373 6358 3358 6358 3358 6359 3373 6359 3372 6359 3372 6360 3373 6360 3068 6360 3370 6361 3374 6361 3369 6361 3371 6362 3374 6362 3370 6362 3366 6363 3375 6363 3373 6363 3373 6364 3375 6364 3068 6364 3376 6365 3377 6365 3170 6365 3369 6366 3377 6366 3376 6366 3171 6367 3377 6367 3173 6367 3170 6368 3377 6368 3171 6368 3173 6369 3377 6369 3371 6369 3374 6370 3377 6370 3369 6370 3371 6371 3377 6371 3374 6371 3369 6372 3378 6372 3366 6372 3068 6373 3378 6373 3067 6373 3366 6374 3378 6374 3375 6374 3375 6375 3378 6375 3068 6375 3378 6376 3379 6376 3067 6376 3376 6377 3379 6377 3369 6377 3369 6378 3379 6378 3378 6378 3376 6379 3380 6379 3379 6379 3170 6380 3380 6380 3376 6380 3067 6381 3380 6381 3066 6381 3379 6382 3380 6382 3067 6382 3066 6383 3380 6383 3170 6383 3105 6384 3381 6384 3099 6384 3099 6385 3381 6385 3177 6385 3106 6386 3381 6386 3105 6386 3381 6387 3382 6387 3177 6387 3111 6388 3382 6388 3106 6388 3177 6389 3382 6389 3182 6389 3106 6390 3382 6390 3381 6390 3118 6391 3383 6391 3111 6391 3182 6392 3383 6392 3121 6392 3111 6393 3383 6393 3382 6393 3121 6394 3383 6394 3118 6394 3382 6395 3383 6395 3182 6395 3177 6396 3384 6396 3178 6396 3182 6397 3384 6397 3177 6397 3176 6398 3385 6398 3113 6398 3386 6399 3385 6399 3384 6399 3178 6400 3385 6400 3176 6400 3384 6401 3385 6401 3178 6401 3113 6402 3385 6402 3180 6402 3180 6403 3385 6403 3386 6403 3182 6404 3387 6404 3384 6404 3384 6405 3387 6405 3386 6405 3181 6406 3387 6406 3182 6406 3120 6407 3388 6407 3121 6407 3123 6408 3388 6408 3120 6408 3121 6409 3388 6409 3188 6409 3387 6410 3389 6410 3386 6410 3181 6411 3389 6411 3387 6411 3390 6412 3389 6412 3184 6412 3184 6413 3389 6413 3181 6413 3391 6414 3389 6414 3390 6414 3392 6415 3389 6415 3391 6415 3117 6416 3393 6416 3185 6416 3185 6417 3393 6417 3189 6417 3180 6418 3393 6418 3117 6418 3127 6419 3394 6419 3123 6419 3123 6420 3394 6420 3388 6420 3388 6421 3394 6421 3188 6421 3188 6422 3394 6422 3193 6422 3393 6423 3395 6423 3189 6423 3189 6424 3395 6424 3195 6424 3132 6425 3396 6425 3127 6425 3135 6426 3396 6426 3132 6426 3127 6427 3396 6427 3394 6427 3394 6428 3396 6428 3193 6428 3193 6429 3396 6429 3135 6429 3188 6430 3397 6430 3187 6430 3398 6431 3399 6431 3397 6431 3184 6432 3399 6432 3390 6432 3397 6433 3399 6433 3187 6433 3187 6434 3399 6434 3184 6434 3390 6435 3399 6435 3391 6435 3391 6436 3399 6436 3400 6436 3392 6437 3401 6437 3395 6437 3395 6438 3401 6438 3195 6438 3391 6439 3401 6439 3392 6439 3198 6440 3401 6440 3391 6440 3195 6441 3401 6441 3198 6441 3397 6442 3402 6442 3398 6442 3188 6443 3402 6443 3397 6443 3192 6444 3402 6444 3193 6444 3193 6445 3402 6445 3188 6445 3198 6446 3403 6446 3203 6446 3400 6447 3403 6447 3391 6447 3391 6448 3403 6448 3198 6448 3136 6449 3404 6449 3134 6449 3134 6450 3404 6450 3135 6450 3135 6451 3404 6451 3207 6451 3210 6452 3405 6452 3199 6452 3199 6453 3405 6453 3192 6453 3398 6454 3405 6454 3212 6454 3212 6455 3405 6455 3210 6455 3402 6456 3405 6456 3398 6456 3192 6457 3405 6457 3402 6457 3203 6458 3406 6458 3215 6458 3400 6459 3406 6459 3403 6459 3403 6460 3406 6460 3203 6460 3136 6461 3407 6461 3404 6461 3138 6462 3407 6462 3136 6462 3207 6463 3407 6463 3220 6463 3404 6464 3407 6464 3207 6464 3407 6465 3408 6465 3220 6465 3220 6466 3408 6466 3143 6466 3140 6467 3408 6467 3138 6467 3138 6468 3408 6468 3407 6468 3143 6469 3408 6469 3140 6469 3221 6470 3409 6470 3213 6470 3213 6471 3409 6471 3212 6471 3406 6472 3409 6472 3215 6472 3215 6473 3409 6473 3221 6473 3207 6474 3410 6474 3206 6474 3220 6475 3410 6475 3207 6475 3199 6476 3411 6476 3210 6476 3412 6477 3411 6477 3410 6477 3410 6478 3411 6478 3206 6478 3210 6479 3411 6479 3218 6479 3206 6480 3411 6480 3199 6480 3410 6481 3413 6481 3412 6481 3219 6482 3413 6482 3220 6482 3220 6483 3413 6483 3410 6483 3412 6484 3414 6484 3411 6484 3218 6485 3414 6485 3231 6485 3411 6486 3414 6486 3218 6486 3237 6487 3414 6487 3412 6487 3147 6488 3415 6488 3144 6488 3144 6489 3415 6489 3143 6489 3233 6490 3416 6490 3225 6490 3225 6491 3416 6491 3219 6491 3237 6492 3416 6492 3233 6492 3413 6493 3416 6493 3412 6493 3219 6494 3416 6494 3413 6494 3412 6495 3416 6495 3237 6495 3147 6496 3417 6496 3415 6496 3147 6497 3418 6497 3417 6497 3417 6498 3418 6498 3419 6498 3148 6499 3418 6499 3147 6499 3230 6500 3420 6500 3240 6500 3231 6501 3420 6501 3229 6501 3240 6502 3420 6502 3231 6502 3229 6503 3420 6503 3230 6503 3245 6504 3421 6504 3238 6504 3240 6505 3421 6505 3245 6505 3238 6506 3421 6506 3237 6506 3414 6507 3421 6507 3231 6507 3237 6508 3421 6508 3414 6508 3231 6509 3421 6509 3240 6509 3236 6510 3422 6510 3243 6510 3232 6511 3422 6511 3233 6511 3243 6512 3422 6512 3423 6512 3233 6513 3422 6513 3236 6513 3423 6514 3424 6514 3250 6514 3422 6515 3424 6515 3423 6515 3232 6516 3424 6516 3422 6516 3419 6517 3424 6517 3232 6517 3148 6518 3425 6518 3418 6518 3250 6519 3425 6519 3153 6519 3153 6520 3425 6520 3150 6520 3150 6521 3425 6521 3148 6521 3250 6522 3426 6522 3423 6522 3249 6523 3426 6523 3250 6523 3256 6524 3426 6524 3249 6524 3264 6525 3426 6525 3256 6525 3427 6526 3426 6526 3264 6526 3153 6527 3428 6527 3254 6527 3152 6528 3428 6528 3153 6528 3154 6529 3428 6529 3152 6529 3243 6530 3429 6530 3238 6530 3238 6531 3429 6531 3251 6531 3251 6532 3429 6532 3257 6532 3428 6533 3430 6533 3254 6533 3154 6534 3430 6534 3428 6534 3254 6535 3430 6535 3268 6535 3156 6536 3430 6536 3154 6536 3429 6537 3431 6537 3257 6537 3257 6538 3431 6538 3274 6538 3160 6539 3432 6539 3158 6539 3430 6540 3432 6540 3268 6540 3156 6541 3432 6541 3430 6541 3268 6542 3432 6542 3160 6542 3158 6543 3432 6543 3156 6543 3265 6544 3433 6544 3434 6544 3255 6545 3433 6545 3256 6545 3264 6546 3433 6546 3265 6546 3256 6547 3433 6547 3264 6547 3254 6548 3435 6548 3255 6548 3255 6549 3435 6549 3433 6549 3433 6550 3435 6550 3434 6550 3266 6551 3436 6551 3264 6551 3427 6552 3436 6552 3431 6552 3431 6553 3436 6553 3274 6553 3264 6554 3436 6554 3427 6554 3274 6555 3436 6555 3276 6555 3276 6556 3436 6556 3266 6556 3254 6557 3437 6557 3435 6557 3268 6558 3437 6558 3254 6558 3435 6559 3437 6559 3434 6559 3267 6560 3437 6560 3268 6560 3291 6561 3438 6561 3439 6561 3440 6562 3438 6562 3291 6562 3437 6563 3438 6563 3434 6563 3267 6564 3438 6564 3437 6564 3439 6565 3438 6565 3279 6565 3279 6566 3438 6566 3267 6566 3281 6567 3441 6567 3286 6567 3265 6568 3441 6568 3266 6568 3266 6569 3441 6569 3281 6569 3284 6570 3442 6570 3443 6570 3160 6571 3442 6571 3284 6571 3442 6572 3444 6572 3443 6572 3273 6573 3444 6573 3442 6573 3441 6574 3445 6574 3286 6574 3286 6575 3445 6575 3295 6575 3443 6576 3446 6576 3447 6576 3444 6577 3446 6577 3443 6577 3273 6578 3446 6578 3444 6578 3439 6579 3448 6579 3291 6579 3291 6580 3448 6580 3292 6580 3279 6581 3448 6581 3439 6581 3284 6582 3448 6582 3279 6582 3293 6583 3449 6583 3291 6583 3291 6584 3449 6584 3440 6584 3445 6585 3449 6585 3295 6585 3440 6586 3449 6586 3445 6586 3295 6587 3449 6587 3293 6587 3447 6588 3450 6588 3443 6588 3443 6589 3450 6589 3284 6589 3448 6590 3450 6590 3451 6590 3284 6591 3450 6591 3448 6591 3446 6592 3452 6592 3447 6592 3447 6593 3452 6593 3304 6593 3102 6594 3452 6594 3162 6594 3304 6595 3452 6595 3102 6595 3292 6596 3453 6596 3307 6596 3315 6597 3453 6597 3451 6597 3451 6598 3453 6598 3448 6598 3448 6599 3453 6599 3292 6599 3447 6600 3454 6600 3450 6600 3304 6601 3454 6601 3447 6601 3305 6602 3454 6602 3304 6602 3451 6603 3454 6603 3315 6603 3316 6604 3454 6604 3305 6604 3450 6605 3454 6605 3451 6605 3315 6606 3454 6606 3316 6606 3301 6607 3455 6607 3302 6607 3307 6608 3455 6608 3301 6608 3319 6609 3455 6609 3307 6609 3302 6610 3455 6610 3319 6610 3307 6611 3456 6611 3319 6611 3317 6612 3456 6612 3315 6612 3315 6613 3456 6613 3453 6613 3453 6614 3456 6614 3307 6614 3325 6615 3456 6615 3317 6615 3319 6616 3456 6616 3325 6616 3323 6617 3457 6617 3332 6617 3313 6618 3457 6618 3323 6618 3338 6619 3458 6619 3168 6619 3322 6620 3458 6620 3313 6620 3457 6621 3458 6621 3338 6621 3313 6622 3458 6622 3457 6622 3328 6623 3458 6623 3322 6623 3168 6624 3458 6624 3328 6624 3333 6625 3459 6625 3331 6625 3332 6626 3459 6626 3333 6626 3341 6627 3459 6627 3342 6627 3342 6628 3459 6628 3332 6628 3331 6629 3459 6629 3341 6629 3337 6630 3460 6630 3338 6630 3339 6631 3460 6631 3337 6631 3332 6632 3460 6632 3342 6632 3342 6633 3460 6633 3346 6633 3346 6634 3460 6634 3339 6634 3457 6635 3460 6635 3332 6635 3338 6636 3460 6636 3457 6636 3362 6637 3461 6637 3165 6637 3169 6638 3461 6638 3353 6638 3357 6639 3461 6639 3362 6639 3353 6640 3461 6640 3357 6640 3165 6641 3461 6641 3169 6641 3180 6642 3462 6642 3393 6642 3395 6643 3462 6643 3392 6643 3386 6644 3462 6644 3180 6644 3389 6645 3462 6645 3386 6645 3393 6646 3462 6646 3395 6646 3392 6647 3462 6647 3389 6647 3409 6648 3463 6648 3212 6648 3212 6649 3463 6649 3398 6649 3406 6650 3463 6650 3409 6650 3399 6651 3463 6651 3400 6651 3400 6652 3463 6652 3406 6652 3398 6653 3463 6653 3399 6653 3143 6654 3464 6654 3225 6654 3232 6655 3464 6655 3419 6655 3225 6656 3464 6656 3232 6656 3419 6657 3464 6657 3417 6657 3415 6658 3464 6658 3143 6658 3417 6659 3464 6659 3415 6659 3418 6660 3465 6660 3419 6660 3425 6661 3465 6661 3418 6661 3419 6662 3465 6662 3424 6662 3250 6663 3465 6663 3425 6663 3424 6664 3465 6664 3250 6664 3427 6665 3466 6665 3426 6665 3429 6666 3466 6666 3431 6666 3431 6667 3466 6667 3427 6667 3243 6668 3466 6668 3429 6668 3426 6669 3466 6669 3423 6669 3423 6670 3466 6670 3243 6670 3159 6671 3467 6671 3160 6671 3263 6672 3467 6672 3159 6672 3442 6673 3467 6673 3273 6673 3160 6674 3467 6674 3442 6674 3273 6675 3467 6675 3263 6675 3434 6676 3468 6676 3265 6676 3265 6677 3468 6677 3441 6677 3441 6678 3468 6678 3445 6678 3445 6679 3468 6679 3440 6679 3438 6680 3468 6680 3434 6680 3440 6681 3468 6681 3438 6681 3446 6682 3469 6682 3452 6682 3270 6683 3469 6683 3273 6683 3164 6684 3469 6684 3271 6684 3162 6685 3469 6685 3164 6685 3273 6686 3469 6686 3446 6686 3271 6687 3469 6687 3270 6687 3452 6688 3469 6688 3162 6688 1589 6689 1590 6689 3093 6689 1590 6690 1591 6690 3093 6690 3093 6691 1568 6691 3095 6691 1591 6692 1568 6692 3093 6692 3104 6693 3095 6693 1568 6693 3107 6694 3104 6694 1568 6694 3112 6695 3107 6695 1568 6695 3119 6696 3112 6696 1568 6696 1557 6697 3122 6697 3119 6697 1557 6698 3128 6698 3122 6698 1557 6699 3133 6699 3128 6699 1557 6700 3137 6700 3133 6700 1557 6701 3139 6701 3137 6701 1557 6702 3141 6702 3139 6702 1557 6703 3145 6703 3141 6703 1557 6704 3146 6704 3145 6704 1557 6705 3149 6705 3146 6705 1557 6706 3151 6706 3149 6706 1557 6707 3155 6707 3151 6707 1557 6708 3157 6708 3155 6708 1557 6709 3161 6709 3157 6709 1557 6710 3272 6710 3161 6710 1557 6711 3119 6711 1568 6711 3470 6712 3272 6712 1557 6712 3470 6713 1557 6713 1558 6713 3471 6714 1558 6714 1559 6714 3471 6715 3470 6715 1558 6715 3472 6716 1559 6716 1560 6716 3472 6717 3471 6717 1559 6717 1501 6718 1560 6718 1502 6718 1501 6719 3472 6719 1560 6719 3271 6720 3272 6720 3470 6720 1521 6721 3361 6721 3362 6721 1519 6722 3361 6722 1521 6722 1511 6723 3172 6723 3173 6723 1511 6724 3173 6724 1513 6724 1510 6725 3172 6725 1511 6725 3098 6726 3172 6726 1510 6726 1517 6727 3098 6727 1510 6727 3063 6728 3062 6728 3098 6728 3064 6729 3063 6729 3098 6729 1523 6730 3098 6730 1517 6730 1523 6731 3064 6731 3098 6731 3473 6732 3103 6732 3163 6732 3474 6733 1505 6733 1506 6733 3475 6734 1526 6734 1521 6734 3475 6735 1521 6735 3362 6735 3476 6736 1519 6736 1515 6736 3476 6737 3371 6737 3361 6737 3476 6738 3361 6738 1519 6738 3476 6739 1515 6739 3371 6739 3477 6740 3470 6740 3471 6740 3477 6741 3271 6741 3470 6741 3478 6742 3471 6742 3472 6742 3478 6743 1504 6743 3477 6743 3478 6744 3477 6744 3471 6744 3479 6745 3472 6745 1501 6745 3479 6746 1501 6746 1504 6746 3479 6747 3478 6747 3472 6747 3479 6748 1504 6748 3478 6748 3480 6749 3164 6749 3271 6749 3480 6750 3271 6750 3477 6750 3480 6751 3477 6751 1504 6751 3481 6752 3163 6752 3164 6752 3481 6753 3473 6753 3163 6753 3482 6754 1504 6754 1505 6754 3482 6755 3480 6755 1504 6755 3482 6756 3473 6756 3481 6756 3482 6757 3164 6757 3480 6757 3482 6758 1505 6758 3474 6758 3482 6759 3474 6759 3473 6759 3482 6760 3481 6760 3164 6760 3483 6761 3103 6761 3473 6761 3484 6762 3483 6762 3473 6762 3484 6763 1506 6763 3483 6763 3484 6764 3474 6764 1506 6764 3484 6765 3473 6765 3474 6765 3485 6766 1506 6766 1507 6766 3485 6767 3101 6767 3103 6767 3485 6768 3103 6768 3483 6768 3485 6769 3483 6769 1506 6769 3486 6770 3485 6770 1507 6770 3486 6771 3101 6771 3485 6771 3487 6772 3101 6772 3486 6772 3487 6773 3311 6773 3101 6773 3487 6774 3488 6774 3311 6774 3489 6775 1508 6775 3490 6775 3489 6776 1507 6776 1508 6776 3489 6777 3490 6777 3488 6777 3489 6778 3486 6778 1507 6778 3489 6779 3487 6779 3486 6779 3489 6780 3488 6780 3487 6780 3491 6781 3167 6781 3311 6781 3491 6782 3311 6782 3488 6782 3492 6783 3490 6783 1508 6783 3492 6784 1508 6784 1530 6784 3492 6785 3488 6785 3490 6785 3492 6786 3491 6786 3488 6786 3493 6787 3167 6787 3491 6787 3493 6788 3492 6788 1530 6788 3493 6789 3491 6789 3492 6789 3494 6790 1530 6790 1528 6790 3494 6791 3493 6791 1530 6791 3494 6792 3165 6792 3167 6792 3494 6793 3167 6793 3493 6793 3494 6794 1528 6794 3165 6794 3495 6795 1528 6795 1526 6795 3495 6796 3165 6796 1528 6796 3496 6797 3362 6797 3165 6797 3496 6798 3165 6798 3495 6798 3496 6799 1526 6799 3475 6799 3496 6800 3495 6800 1526 6800 3496 6801 3475 6801 3362 6801 3497 6802 1515 6802 1513 6802 3497 6803 3173 6803 3371 6803 3497 6804 3371 6804 1515 6804 3497 6805 1513 6805 3173 6805 3498 6806 3499 6806 1589 6806 3500 6807 3498 6807 1589 6807 3094 6808 3500 6808 1589 6808 3501 6809 1574 6809 3502 6809 3502 6810 1577 6810 3503 6810 1574 6811 1577 6811 3502 6811 3503 6812 1584 6812 3504 6812 1577 6813 1584 6813 3503 6813 3504 6814 1585 6814 3505 6814 1584 6815 1585 6815 3504 6815 3505 6816 1586 6816 3506 6816 1585 6817 1586 6817 3505 6817 3506 6818 1587 6818 3507 6818 1586 6819 1587 6819 3506 6819 3507 6820 1588 6820 3499 6820 1587 6821 1588 6821 3507 6821 1588 6822 1589 6822 3499 6822 3508 6823 1574 6823 3501 6823 3508 6824 3509 6824 3510 6824 3508 6825 3511 6825 3509 6825 3508 6826 3512 6826 3511 6826 3508 6827 3501 6827 3512 6827 1571 6828 1574 6828 3508 6828 3513 6829 1571 6829 3508 6829 1571 6830 3513 6830 1570 6830 1570 6831 3514 6831 1569 6831 3513 6832 3514 6832 1570 6832 1569 6833 3515 6833 1567 6833 3514 6834 3515 6834 1569 6834 1567 6835 3516 6835 1566 6835 3515 6836 3516 6836 1567 6836 3516 6837 3517 6837 1566 6837 3518 6838 3519 6838 3520 6838 3517 6839 3518 6839 3520 6839 1562 6840 3517 6840 3520 6840 1566 6841 3517 6841 1562 6841 1565 6842 3520 6842 3521 6842 1565 6843 1562 6843 3520 6843 1564 6844 3521 6844 3522 6844 1564 6845 1565 6845 3521 6845 1563 6846 3522 6846 3523 6846 1563 6847 1564 6847 3522 6847 1561 6848 3523 6848 2217 6848 1561 6849 1563 6849 3523 6849 3524 6850 3525 6850 3092 6850 3524 6851 3526 6851 3525 6851 3524 6852 3527 6852 3526 6852 3090 6853 3524 6853 3092 6853 3528 6854 3524 6854 3090 6854 3529 6855 3090 6855 2219 6855 3529 6856 2219 6856 2218 6856 3529 6857 3528 6857 3090 6857 3530 6858 3521 6858 3520 6858 3530 6859 3520 6859 3524 6859 3530 6860 3524 6860 3528 6860 3531 6861 3522 6861 3521 6861 3531 6862 3529 6862 2218 6862 3531 6863 3528 6863 3529 6863 3531 6864 3521 6864 3530 6864 3531 6865 3530 6865 3528 6865 3532 6866 2218 6866 2217 6866 3532 6867 3523 6867 3522 6867 3532 6868 2217 6868 3523 6868 3532 6869 3531 6869 2218 6869 3532 6870 3522 6870 3531 6870 3516 6871 3533 6871 3517 6871 3517 6872 3533 6872 3518 6872 3533 6873 3534 6873 3518 6873 3515 6874 3535 6874 3516 6874 3516 6875 3535 6875 3533 6875 3518 6876 3536 6876 3519 6876 3534 6877 3536 6877 3518 6877 3533 6878 3537 6878 3534 6878 3535 6879 3537 6879 3533 6879 3534 6880 3538 6880 3536 6880 3537 6881 3538 6881 3534 6881 3536 6882 3539 6882 3519 6882 3540 6883 3541 6883 3513 6883 3513 6884 3541 6884 3514 6884 3514 6885 3541 6885 3515 6885 3515 6886 3541 6886 3535 6886 3542 6887 3543 6887 3540 6887 3540 6888 3543 6888 3541 6888 3535 6889 3543 6889 3537 6889 3541 6890 3543 6890 3535 6890 3536 6891 3544 6891 3539 6891 3538 6892 3544 6892 3536 6892 3519 6893 3545 6893 3520 6893 3539 6894 3545 6894 3519 6894 3537 6895 3546 6895 3538 6895 3542 6896 3546 6896 3543 6896 3543 6897 3546 6897 3537 6897 3545 6898 3547 6898 3520 6898 3544 6899 3548 6899 3539 6899 3539 6900 3548 6900 3545 6900 3520 6901 3549 6901 3524 6901 3547 6902 3549 6902 3520 6902 3550 6903 3551 6903 3542 6903 3542 6904 3551 6904 3546 6904 3538 6905 3551 6905 3544 6905 3546 6906 3551 6906 3538 6906 3545 6907 3552 6907 3547 6907 3548 6908 3552 6908 3545 6908 3547 6909 3553 6909 3549 6909 3552 6910 3553 6910 3547 6910 3554 6911 3555 6911 3550 6911 3550 6912 3555 6912 3551 6912 3544 6913 3555 6913 3548 6913 3551 6914 3555 6914 3544 6914 3556 6915 3557 6915 3554 6915 3555 6916 3557 6916 3548 6916 3548 6917 3557 6917 3552 6917 3554 6918 3557 6918 3555 6918 3549 6919 3558 6919 3524 6919 3553 6920 3558 6920 3549 6920 3552 6921 3559 6921 3553 6921 3556 6922 3559 6922 3557 6922 3557 6923 3559 6923 3552 6923 3524 6924 3560 6924 3527 6924 3527 6925 3560 6925 3561 6925 3561 6926 3560 6926 3556 6926 3558 6927 3560 6927 3524 6927 3556 6928 3560 6928 3559 6928 3553 6929 3560 6929 3558 6929 3559 6930 3560 6930 3553 6930 3508 6931 3562 6931 3513 6931 3513 6932 3562 6932 3540 6932 3540 6933 3563 6933 3542 6933 3562 6934 3563 6934 3540 6934 3542 6935 3564 6935 3550 6935 3563 6936 3564 6936 3542 6936 3550 6937 3565 6937 3554 6937 3564 6938 3565 6938 3550 6938 3554 6939 3566 6939 3556 6939 3565 6940 3566 6940 3554 6940 3556 6941 3567 6941 3561 6941 3566 6942 3567 6942 3556 6942 3561 6943 3568 6943 3527 6943 3567 6944 3568 6944 3561 6944 3091 6945 3569 6945 3097 6945 3527 6946 3568 6946 3570 6946 3526 6947 3570 6947 3569 6947 3526 6948 3527 6948 3570 6948 3525 6949 3569 6949 3091 6949 3525 6950 3526 6950 3569 6950 3092 6951 3525 6951 3091 6951 3571 6952 3572 6952 3096 6952 3100 6953 3573 6953 3571 6953 3100 6954 3571 6954 3096 6954 3108 6955 3574 6955 3573 6955 3108 6956 3573 6956 3100 6956 3575 6957 3574 6957 3110 6957 3114 6958 3575 6958 3110 6958 3576 6959 3575 6959 3114 6959 3116 6960 3577 6960 3576 6960 3116 6961 3576 6961 3114 6961 3126 6962 3578 6962 3124 6962 3579 6963 3578 6963 3126 6963 3130 6964 3579 6964 3126 6964 3568 6965 3579 6965 3130 6965 3570 6966 3568 6966 3130 6966 3569 6967 3570 6967 3130 6967 3097 6968 3569 6968 3130 6968 3580 6969 3572 6969 3499 6969 3580 6970 3500 6970 3094 6970 3580 6971 3498 6971 3500 6971 3580 6972 3499 6972 3498 6972 3580 6973 3094 6973 3096 6973 3580 6974 3096 6974 3572 6974 3581 6975 3108 6975 3110 6975 3581 6976 3574 6976 3108 6976 3581 6977 3110 6977 3574 6977 3582 6978 3578 6978 3577 6978 3582 6979 3116 6979 3124 6979 3582 6980 3577 6980 3116 6980 3582 6981 3124 6981 3578 6981 3562 6982 3583 6982 3563 6982 3504 6983 3584 6983 3503 6983 3503 6984 3584 6984 3502 6984 3506 6985 3585 6985 3505 6985 3510 6986 3586 6986 3508 6986 3508 6987 3586 6987 3562 6987 3583 6988 3586 6988 3587 6988 3562 6989 3586 6989 3583 6989 3563 6990 3588 6990 3564 6990 3564 6991 3588 6991 3565 6991 3583 6992 3588 6992 3563 6992 3586 6993 3589 6993 3587 6993 3510 6994 3589 6994 3586 6994 3510 6995 3590 6995 3589 6995 3509 6996 3590 6996 3510 6996 3589 6997 3590 6997 3587 6997 3587 6998 3590 6998 3591 6998 3588 6999 3592 6999 3565 6999 3583 7000 3592 7000 3588 7000 3565 7001 3592 7001 3593 7001 3592 7002 3594 7002 3593 7002 3593 7003 3594 7003 3595 7003 3587 7004 3594 7004 3583 7004 3583 7005 3594 7005 3592 7005 3509 7006 3596 7006 3590 7006 3590 7007 3596 7007 3591 7007 3565 7008 3597 7008 3566 7008 3566 7009 3597 7009 3567 7009 3593 7010 3597 7010 3565 7010 3594 7011 3598 7011 3595 7011 3587 7012 3598 7012 3594 7012 3596 7013 3599 7013 3591 7013 3509 7014 3599 7014 3596 7014 3591 7015 3599 7015 3600 7015 3568 7016 3601 7016 3579 7016 3597 7017 3601 7017 3567 7017 3567 7018 3601 7018 3568 7018 3587 7019 3602 7019 3598 7019 3598 7020 3602 7020 3595 7020 3595 7021 3602 7021 3603 7021 3591 7022 3602 7022 3587 7022 3593 7023 3604 7023 3597 7023 3601 7024 3604 7024 3579 7024 3597 7025 3604 7025 3601 7025 3511 7026 3605 7026 3509 7026 3509 7027 3605 7027 3599 7027 3599 7028 3605 7028 3600 7028 3600 7029 3605 7029 3606 7029 3602 7030 3607 7030 3603 7030 3591 7031 3607 7031 3602 7031 3579 7032 3608 7032 3578 7032 3604 7033 3608 7033 3579 7033 3595 7034 3608 7034 3593 7034 3593 7035 3608 7035 3604 7035 3605 7036 3609 7036 3606 7036 3511 7037 3609 7037 3605 7037 3591 7038 3610 7038 3607 7038 3600 7039 3610 7039 3591 7039 3603 7040 3610 7040 3611 7040 3607 7041 3610 7041 3603 7041 3608 7042 3612 7042 3578 7042 3595 7043 3612 7043 3608 7043 3512 7044 3613 7044 3511 7044 3606 7045 3613 7045 3614 7045 3609 7046 3613 7046 3606 7046 3511 7047 3613 7047 3609 7047 3610 7048 3615 7048 3611 7048 3600 7049 3615 7049 3610 7049 3578 7050 3616 7050 3577 7050 3612 7051 3616 7051 3578 7051 3595 7052 3616 7052 3612 7052 3603 7053 3616 7053 3595 7053 3615 7054 3617 7054 3611 7054 3600 7055 3617 7055 3615 7055 3606 7056 3617 7056 3600 7056 3611 7057 3617 7057 3618 7057 3603 7058 3619 7058 3616 7058 3616 7059 3619 7059 3577 7059 3512 7060 3620 7060 3613 7060 3613 7061 3620 7061 3614 7061 3614 7062 3620 7062 3621 7062 3577 7063 3622 7063 3576 7063 3611 7064 3622 7064 3603 7064 3603 7065 3622 7065 3619 7065 3619 7066 3622 7066 3577 7066 3606 7067 3623 7067 3617 7067 3617 7068 3623 7068 3618 7068 3620 7069 3624 7069 3621 7069 3512 7070 3624 7070 3620 7070 3622 7071 3625 7071 3576 7071 3611 7072 3625 7072 3622 7072 3614 7073 3626 7073 3606 7073 3623 7074 3626 7074 3618 7074 3606 7075 3626 7075 3623 7075 3618 7076 3626 7076 3627 7076 3576 7077 3628 7077 3575 7077 3625 7078 3628 7078 3576 7078 3611 7079 3628 7079 3625 7079 3502 7080 3629 7080 3501 7080 3501 7081 3629 7081 3512 7081 3512 7082 3629 7082 3624 7082 3624 7083 3629 7083 3621 7083 3584 7084 3629 7084 3502 7084 3621 7085 3629 7085 3584 7085 3614 7086 3630 7086 3626 7086 3626 7087 3630 7087 3627 7087 3575 7088 3631 7088 3574 7088 3618 7089 3631 7089 3611 7089 3628 7090 3631 7090 3575 7090 3611 7091 3631 7091 3628 7091 3614 7092 3632 7092 3630 7092 3621 7093 3632 7093 3614 7093 3627 7094 3632 7094 3633 7094 3630 7095 3632 7095 3627 7095 3618 7096 3634 7096 3631 7096 3631 7097 3634 7097 3574 7097 3621 7098 3635 7098 3632 7098 3632 7099 3635 7099 3633 7099 3574 7100 3636 7100 3573 7100 3634 7101 3636 7101 3574 7101 3618 7102 3636 7102 3634 7102 3627 7103 3636 7103 3618 7103 3621 7104 3637 7104 3635 7104 3635 7105 3637 7105 3633 7105 3633 7106 3637 7106 3585 7106 3584 7107 3637 7107 3621 7107 3636 7108 3638 7108 3573 7108 3627 7109 3638 7109 3636 7109 3505 7110 3639 7110 3504 7110 3637 7111 3639 7111 3585 7111 3584 7112 3639 7112 3637 7112 3585 7113 3639 7113 3505 7113 3504 7114 3639 7114 3584 7114 3573 7115 3640 7115 3571 7115 3638 7116 3640 7116 3573 7116 3627 7117 3640 7117 3638 7117 3633 7118 3640 7118 3627 7118 3633 7119 3641 7119 3640 7119 3640 7120 3641 7120 3571 7120 3633 7121 3642 7121 3641 7121 3571 7122 3642 7122 3572 7122 3585 7123 3642 7123 3633 7123 3641 7124 3642 7124 3571 7124 3572 7125 3643 7125 3499 7125 3499 7126 3643 7126 3507 7126 3507 7127 3643 7127 3506 7127 3642 7128 3643 7128 3572 7128 3585 7129 3643 7129 3642 7129 3506 7130 3643 7130 3585 7130 762 7131 1592 7131 763 7131 763 7132 1592 7132 764 7132 764 7133 1592 7133 765 7133 765 7134 1592 7134 766 7134 766 7135 1592 7135 767 7135 1592 7136 768 7136 767 7136 1592 7137 769 7137 768 7137 1592 7138 770 7138 769 7138 1592 7139 771 7139 770 7139 759 7140 1592 7140 760 7140 760 7141 1592 7141 761 7141 761 7142 1592 7142 762 7142 1596 7143 771 7143 1592 7143 773 7144 771 7144 1596 7144 1595 7145 773 7145 1596 7145 774 7146 773 7146 1595 7146 3644 7147 1595 7147 1594 7147 3644 7148 774 7148 1595 7148 3645 7149 1594 7149 1593 7149 3645 7150 3644 7150 1594 7150 923 7151 1593 7151 979 7151 923 7152 3645 7152 1593 7152 3646 7153 3647 7153 3648 7153 3649 7154 776 7154 775 7154 3650 7155 3651 7155 3652 7155 3653 7156 772 7156 774 7156 3653 7157 774 7157 3644 7157 3653 7158 3644 7158 3651 7158 3653 7159 3651 7159 3650 7159 3653 7160 3650 7160 772 7160 3654 7161 3646 7161 3648 7161 3655 7162 3656 7162 778 7162 3655 7163 778 7163 777 7163 3657 7164 777 7164 776 7164 3657 7165 3656 7165 3655 7165 3657 7166 3655 7166 777 7166 3657 7167 3654 7167 3656 7167 3658 7168 3649 7168 3646 7168 3658 7169 776 7169 3649 7169 3658 7170 3657 7170 776 7170 3658 7171 3646 7171 3654 7171 3658 7172 3654 7172 3657 7172 3659 7173 3652 7173 944 7173 3659 7174 944 7174 3647 7174 3659 7175 3650 7175 3652 7175 3659 7176 3647 7176 3646 7176 3660 7177 772 7177 3650 7177 3660 7178 3650 7178 3659 7178 3660 7179 3659 7179 3646 7179 3661 7180 775 7180 772 7180 3661 7181 3646 7181 3649 7181 3661 7182 3649 7182 775 7182 3661 7183 772 7183 3660 7183 3661 7184 3660 7184 3646 7184 3662 7185 3663 7185 3656 7185 3662 7186 3648 7186 3663 7186 3662 7187 3656 7187 3654 7187 3662 7188 3654 7188 3648 7188 3664 7189 3665 7189 3666 7189 780 7190 3667 7190 781 7190 3668 7191 3666 7191 3669 7191 3668 7192 3664 7192 3666 7192 3670 7193 3656 7193 3663 7193 3670 7194 3663 7194 3664 7194 3670 7195 3664 7195 3668 7195 3671 7196 3669 7196 3667 7196 3671 7197 780 7197 779 7197 3671 7198 3668 7198 3669 7198 3671 7199 3667 7199 780 7199 3672 7200 779 7200 778 7200 3672 7201 778 7201 3656 7201 3672 7202 3671 7202 779 7202 3673 7203 3670 7203 3668 7203 3673 7204 3656 7204 3670 7204 3673 7205 3671 7205 3672 7205 3673 7206 3672 7206 3656 7206 3673 7207 3668 7207 3671 7207 924 7208 3674 7208 925 7208 943 7209 3675 7209 942 7209 3676 7210 3675 7210 943 7210 3675 7211 3677 7211 942 7211 942 7212 3677 7212 941 7212 3678 7213 3679 7213 3676 7213 3676 7214 3679 7214 3675 7214 3677 7215 3680 7215 941 7215 3679 7216 3681 7216 3675 7216 3675 7217 3681 7217 3677 7217 3678 7218 3682 7218 3679 7218 3683 7219 3682 7219 3678 7219 3681 7220 3684 7220 3677 7220 3677 7221 3684 7221 3680 7221 941 7222 3685 7222 940 7222 3680 7223 3685 7223 941 7223 3682 7224 3686 7224 3679 7224 3679 7225 3686 7225 3681 7225 3685 7226 3687 7226 940 7226 3688 7227 3689 7227 3683 7227 3683 7228 3689 7228 3682 7228 3686 7229 3690 7229 3681 7229 3681 7230 3690 7230 3684 7230 3680 7231 3691 7231 3685 7231 3684 7232 3691 7232 3680 7232 3682 7233 3692 7233 3686 7233 3689 7234 3692 7234 3682 7234 3693 7235 3694 7235 3695 7235 3695 7236 3694 7236 3688 7236 3688 7237 3694 7237 3689 7237 3685 7238 3696 7238 3687 7238 3691 7239 3696 7239 3685 7239 3693 7240 3697 7240 3694 7240 3689 7241 3697 7241 3692 7241 3694 7242 3697 7242 3689 7242 940 7243 3698 7243 939 7243 3687 7244 3698 7244 940 7244 3686 7245 3699 7245 3690 7245 3692 7246 3699 7246 3686 7246 3684 7247 3700 7247 3691 7247 3690 7248 3700 7248 3684 7248 3700 7249 3701 7249 3691 7249 3691 7250 3701 7250 3696 7250 3692 7251 3702 7251 3699 7251 3703 7252 3702 7252 3693 7252 3697 7253 3702 7253 3692 7253 3693 7254 3702 7254 3697 7254 3687 7255 3704 7255 3698 7255 3696 7256 3704 7256 3687 7256 3690 7257 3705 7257 3700 7257 3699 7258 3705 7258 3690 7258 939 7259 3706 7259 938 7259 3698 7260 3706 7260 939 7260 3700 7261 3707 7261 3701 7261 3705 7262 3707 7262 3700 7262 3702 7263 3708 7263 3699 7263 3703 7264 3708 7264 3702 7264 3699 7265 3708 7265 3705 7265 3701 7266 3709 7266 3696 7266 3696 7267 3709 7267 3704 7267 3710 7268 3711 7268 3703 7268 3705 7269 3711 7269 3707 7269 3708 7270 3711 7270 3705 7270 3703 7271 3711 7271 3708 7271 3704 7272 3712 7272 3698 7272 3698 7273 3712 7273 3706 7273 938 7274 3713 7274 937 7274 3706 7275 3713 7275 938 7275 3701 7276 3714 7276 3709 7276 3707 7277 3714 7277 3701 7277 3709 7278 3715 7278 3704 7278 3704 7279 3715 7279 3712 7279 3710 7280 3716 7280 3711 7280 3711 7281 3716 7281 3707 7281 3707 7282 3716 7282 3714 7282 3712 7283 3717 7283 3706 7283 3706 7284 3717 7284 3713 7284 937 7285 3718 7285 936 7285 3713 7286 3718 7286 937 7286 3714 7287 3719 7287 3709 7287 3709 7288 3719 7288 3715 7288 3715 7289 3720 7289 3712 7289 3712 7290 3720 7290 3717 7290 3721 7291 3722 7291 3723 7291 3723 7292 3722 7292 3710 7292 3716 7293 3722 7293 3714 7293 3710 7294 3722 7294 3716 7294 3714 7295 3722 7295 3719 7295 3717 7296 3724 7296 3713 7296 3713 7297 3724 7297 3718 7297 3715 7298 3725 7298 3720 7298 3719 7299 3725 7299 3715 7299 3724 7300 3726 7300 3718 7300 936 7301 3726 7301 935 7301 3718 7302 3726 7302 936 7302 3726 7303 3727 7303 935 7303 935 7304 3727 7304 934 7304 3719 7305 3728 7305 3725 7305 3721 7306 3728 7306 3722 7306 3722 7307 3728 7307 3719 7307 3717 7308 3729 7308 3724 7308 3720 7309 3729 7309 3717 7309 3724 7310 3730 7310 3726 7310 3726 7311 3731 7311 3727 7311 3730 7312 3731 7312 3726 7312 3731 7313 3732 7313 3727 7313 3727 7314 3732 7314 934 7314 3725 7315 3733 7315 3720 7315 3720 7316 3733 7316 3729 7316 3724 7317 3734 7317 3730 7317 3729 7318 3734 7318 3724 7318 3732 7319 3735 7319 934 7319 934 7320 3735 7320 933 7320 3721 7321 3736 7321 3728 7321 3725 7322 3736 7322 3733 7322 3737 7323 3736 7323 3721 7323 3728 7324 3736 7324 3725 7324 3730 7325 3738 7325 3731 7325 3734 7326 3738 7326 3730 7326 3731 7327 3739 7327 3732 7327 3735 7328 3740 7328 933 7328 3729 7329 3741 7329 3734 7329 3734 7330 3741 7330 3738 7330 3733 7331 3741 7331 3729 7331 3732 7332 3742 7332 3735 7332 3739 7333 3742 7333 3732 7333 3741 7334 3743 7334 3738 7334 3738 7335 3744 7335 3731 7335 3731 7336 3744 7336 3739 7336 3739 7337 3744 7337 3742 7337 3733 7338 3745 7338 3741 7338 3736 7339 3745 7339 3733 7339 3746 7340 3745 7340 3737 7340 3737 7341 3745 7341 3736 7341 3742 7342 3747 7342 3735 7342 3735 7343 3747 7343 3740 7343 3745 7344 3748 7344 3741 7344 3741 7345 3748 7345 3743 7345 3746 7346 3748 7346 3745 7346 3744 7347 3749 7347 3742 7347 3740 7348 3750 7348 933 7348 933 7349 3750 7349 932 7349 3738 7350 3751 7350 3744 7350 3743 7351 3751 7351 3738 7351 3742 7352 3752 7352 3747 7352 3749 7353 3752 7353 3742 7353 3753 7354 3754 7354 3746 7354 3746 7355 3754 7355 3748 7355 3743 7356 3754 7356 3751 7356 3748 7357 3754 7357 3743 7357 3751 7358 3755 7358 3744 7358 3744 7359 3755 7359 3749 7359 3749 7360 3755 7360 3752 7360 3754 7361 3755 7361 3751 7361 3747 7362 3756 7362 3740 7362 3740 7363 3756 7363 3750 7363 932 7364 3757 7364 931 7364 3750 7365 3757 7365 932 7365 3753 7366 3758 7366 3754 7366 3754 7367 3758 7367 3755 7367 3755 7368 3759 7368 3752 7368 3752 7369 3760 7369 3747 7369 3747 7370 3760 7370 3756 7370 3761 7371 3762 7371 3753 7371 3753 7372 3762 7372 3758 7372 3758 7373 3762 7373 3755 7373 3755 7374 3762 7374 3759 7374 931 7375 3763 7375 930 7375 3757 7376 3763 7376 931 7376 3756 7377 3764 7377 3750 7377 3750 7378 3764 7378 3757 7378 3763 7379 3765 7379 930 7379 3752 7380 3766 7380 3760 7380 3759 7381 3766 7381 3752 7381 3764 7382 3767 7382 3757 7382 3757 7383 3767 7383 3763 7383 3760 7384 3768 7384 3756 7384 3764 7385 3768 7385 3767 7385 3756 7386 3768 7386 3764 7386 3759 7387 3769 7387 3766 7387 3761 7388 3769 7388 3762 7388 3762 7389 3769 7389 3759 7389 3767 7390 3770 7390 3763 7390 3763 7391 3770 7391 3765 7391 930 7392 3771 7392 929 7392 3765 7393 3771 7393 930 7393 3770 7394 3771 7394 3765 7394 3768 7395 3772 7395 3767 7395 3766 7396 3773 7396 3760 7396 3760 7397 3773 7397 3768 7397 3769 7398 3773 7398 3766 7398 929 7399 3774 7399 928 7399 3771 7400 3774 7400 929 7400 3767 7401 3775 7401 3770 7401 3772 7402 3775 7402 3767 7402 3769 7403 3776 7403 3773 7403 3761 7404 3776 7404 3769 7404 3777 7405 3776 7405 3761 7405 3770 7406 3778 7406 3771 7406 3768 7407 3779 7407 3772 7407 3773 7408 3779 7408 3768 7408 3771 7409 3780 7409 3774 7409 3778 7410 3780 7410 3771 7410 3774 7411 3781 7411 928 7411 3779 7412 3782 7412 3772 7412 3772 7413 3782 7413 3775 7413 3776 7414 3783 7414 3773 7414 3777 7415 3783 7415 3776 7415 3773 7416 3783 7416 3779 7416 3779 7417 3783 7417 3782 7417 3775 7418 3784 7418 3770 7418 3770 7419 3784 7419 3778 7419 3778 7420 3784 7420 3780 7420 3785 7421 3786 7421 3777 7421 3777 7422 3786 7422 3783 7422 3783 7423 3786 7423 3782 7423 3784 7424 3787 7424 3780 7424 3780 7425 3788 7425 3774 7425 3774 7426 3788 7426 3781 7426 928 7427 3789 7427 927 7427 3781 7428 3789 7428 928 7428 3788 7429 3789 7429 3781 7429 3775 7430 3790 7430 3784 7430 3782 7431 3790 7431 3775 7431 3784 7432 3791 7432 3787 7432 3790 7433 3791 7433 3784 7433 3787 7434 3792 7434 3780 7434 3780 7435 3792 7435 3788 7435 3785 7436 3793 7436 3786 7436 3786 7437 3793 7437 3782 7437 3782 7438 3793 7438 3790 7438 3788 7439 3794 7439 3789 7439 3785 7440 3795 7440 3793 7440 3790 7441 3795 7441 3791 7441 3793 7442 3795 7442 3790 7442 927 7443 3796 7443 926 7443 3789 7444 3796 7444 927 7444 3791 7445 3797 7445 3787 7445 3787 7446 3797 7446 3792 7446 3792 7447 3798 7447 3788 7447 3788 7448 3798 7448 3794 7448 3791 7449 3799 7449 3797 7449 3800 7450 3799 7450 3785 7450 3785 7451 3799 7451 3795 7451 3795 7452 3799 7452 3791 7452 3794 7453 3801 7453 3789 7453 3789 7454 3801 7454 3796 7454 926 7455 3802 7455 924 7455 924 7456 3802 7456 3674 7456 3674 7457 3802 7457 3803 7457 3796 7458 3802 7458 926 7458 3792 7459 3804 7459 3798 7459 3797 7460 3804 7460 3792 7460 3798 7461 3805 7461 3794 7461 3794 7462 3805 7462 3801 7462 3797 7463 3806 7463 3804 7463 3807 7464 3806 7464 3800 7464 3799 7465 3806 7465 3797 7465 3800 7466 3806 7466 3799 7466 3801 7467 3808 7467 3796 7467 3796 7468 3808 7468 3802 7468 3802 7469 3808 7469 3803 7469 3803 7470 3808 7470 3809 7470 3804 7471 3810 7471 3798 7471 3798 7472 3810 7472 3805 7472 3805 7473 3811 7473 3801 7473 3809 7474 3811 7474 3663 7474 3801 7475 3811 7475 3808 7475 3808 7476 3811 7476 3809 7476 3806 7477 3812 7477 3804 7477 3807 7478 3812 7478 3806 7478 3665 7479 3812 7479 3807 7479 3804 7480 3812 7480 3810 7480 3805 7481 3813 7481 3811 7481 3811 7482 3813 7482 3663 7482 3810 7483 3813 7483 3805 7483 3663 7484 3814 7484 3664 7484 3664 7485 3814 7485 3665 7485 3813 7486 3814 7486 3663 7486 3665 7487 3814 7487 3812 7487 3812 7488 3814 7488 3810 7488 3810 7489 3814 7489 3813 7489 3665 7490 3807 7490 3815 7490 3815 7491 3807 7491 3816 7491 3816 7492 3800 7492 3817 7492 3817 7493 3800 7493 3818 7493 3807 7494 3800 7494 3816 7494 3818 7495 3785 7495 3819 7495 3800 7496 3785 7496 3818 7496 3785 7497 3820 7497 3819 7497 3820 7498 3777 7498 3821 7498 3785 7499 3777 7499 3820 7499 3777 7500 3822 7500 3821 7500 3777 7501 3761 7501 3822 7501 3761 7502 3823 7502 3822 7502 3761 7503 3753 7503 3823 7503 3753 7504 3824 7504 3823 7504 3753 7505 3746 7505 3824 7505 3746 7506 3825 7506 3824 7506 3825 7507 3737 7507 3826 7507 3746 7508 3737 7508 3825 7508 3826 7509 3721 7509 3827 7509 3737 7510 3721 7510 3826 7510 3827 7511 3723 7511 3828 7511 3721 7512 3723 7512 3827 7512 3723 7513 3710 7513 3828 7513 3710 7514 3829 7514 3828 7514 3710 7515 3703 7515 3829 7515 3703 7516 3830 7516 3829 7516 3703 7517 3693 7517 3830 7517 3693 7518 3831 7518 3830 7518 3693 7519 3695 7519 3831 7519 3666 7520 3665 7520 3815 7520 781 7521 3667 7521 782 7521 3832 7522 3815 7522 3816 7522 3832 7523 3666 7523 3815 7523 3833 7524 783 7524 782 7524 3834 7525 3817 7525 3818 7525 3834 7526 3818 7526 3835 7526 3836 7527 3816 7527 3817 7527 3836 7528 3832 7528 3816 7528 3836 7529 3817 7529 3834 7529 3837 7530 3832 7530 3836 7530 3837 7531 3836 7531 3834 7531 3837 7532 3834 7532 3835 7532 3838 7533 3835 7533 785 7533 3838 7534 785 7534 784 7534 3839 7535 3837 7535 3835 7535 3839 7536 3833 7536 3832 7536 3839 7537 3832 7537 3837 7537 3839 7538 3835 7538 3838 7538 3840 7539 784 7539 783 7539 3840 7540 783 7540 3833 7540 3840 7541 3833 7541 3839 7541 3840 7542 3838 7542 784 7542 3840 7543 3839 7543 3838 7543 3841 7544 3669 7544 3666 7544 3841 7545 3667 7545 3669 7545 3841 7546 3833 7546 782 7546 3841 7547 3832 7547 3833 7547 3841 7548 3666 7548 3832 7548 3841 7549 782 7549 3667 7549 3835 7550 3842 7550 785 7550 3843 7551 3844 7551 3842 7551 3845 7552 3842 7552 3835 7552 3845 7553 3843 7553 3842 7553 3846 7554 3847 7554 3844 7554 3848 7555 3845 7555 3835 7555 3849 7556 3843 7556 3845 7556 3849 7557 3846 7557 3844 7557 3849 7558 3844 7558 3843 7558 3850 7559 3849 7559 3845 7559 3850 7560 3845 7560 3848 7560 3851 7561 3852 7561 3847 7561 3851 7562 3847 7562 3846 7562 3851 7563 3846 7563 3849 7563 3853 7564 3848 7564 3835 7564 3853 7565 3850 7565 3848 7565 3854 7566 3852 7566 3851 7566 3854 7567 3849 7567 3850 7567 3854 7568 3851 7568 3849 7568 3855 7569 3853 7569 3835 7569 3856 7570 3818 7570 3857 7570 3856 7571 3835 7571 3818 7571 3858 7572 3852 7572 3854 7572 3858 7573 3850 7573 3853 7573 3858 7574 3854 7574 3850 7574 3859 7575 3855 7575 3835 7575 3859 7576 3835 7576 3856 7576 3860 7577 3852 7577 3858 7577 3860 7578 3853 7578 3855 7578 3860 7579 3858 7579 3853 7579 3861 7580 3859 7580 3856 7580 3862 7581 3852 7581 3860 7581 3862 7582 3855 7582 3859 7582 3862 7583 3860 7583 3855 7583 3863 7584 3857 7584 3864 7584 3863 7585 3856 7585 3857 7585 3863 7586 3861 7586 3856 7586 3865 7587 3852 7587 3862 7587 3865 7588 3859 7588 3861 7588 3865 7589 3862 7589 3859 7589 3866 7590 3864 7590 3852 7590 3866 7591 3852 7591 3865 7591 3866 7592 3863 7592 3864 7592 3866 7593 3861 7593 3863 7593 3866 7594 3865 7594 3861 7594 3867 7595 3857 7595 3818 7595 3867 7596 3864 7596 3857 7596 3867 7597 3818 7597 3819 7597 3868 7598 3820 7598 3821 7598 3868 7599 3821 7599 3822 7599 3869 7600 3870 7600 3871 7600 3872 7601 3822 7601 3823 7601 3872 7602 3869 7602 3873 7602 3872 7603 3868 7603 3822 7603 3872 7604 3873 7604 3868 7604 3874 7605 3875 7605 3870 7605 3874 7606 3876 7606 3875 7606 3874 7607 3877 7607 3876 7607 3874 7608 3870 7608 3869 7608 3878 7609 3823 7609 3824 7609 3878 7610 3879 7610 3877 7610 3878 7611 3824 7611 3879 7611 3878 7612 3872 7612 3823 7612 3878 7613 3869 7613 3872 7613 3878 7614 3874 7614 3869 7614 3878 7615 3877 7615 3874 7615 3880 7616 3881 7616 3852 7616 3880 7617 3852 7617 3864 7617 3880 7618 3864 7618 3867 7618 3882 7619 3881 7619 3880 7619 3882 7620 3867 7620 3819 7620 3882 7621 3880 7621 3867 7621 3883 7622 3819 7622 3820 7622 3883 7623 3882 7623 3819 7623 3883 7624 3881 7624 3882 7624 3884 7625 3871 7625 3885 7625 3884 7626 3869 7626 3871 7626 3884 7627 3885 7627 3873 7627 3884 7628 3873 7628 3869 7628 3886 7629 3820 7629 3868 7629 3886 7630 3868 7630 3873 7630 3886 7631 3883 7631 3820 7631 3887 7632 3885 7632 3881 7632 3887 7633 3873 7633 3885 7633 3887 7634 3881 7634 3883 7634 3887 7635 3886 7635 3873 7635 3887 7636 3883 7636 3886 7636 3875 7637 3888 7637 3870 7637 3870 7638 3889 7638 3871 7638 3888 7639 3889 7639 3870 7639 3871 7640 3890 7640 3885 7640 3889 7641 3890 7641 3871 7641 3885 7642 3891 7642 3881 7642 3890 7643 3891 7643 3885 7643 3881 7644 3892 7644 3852 7644 3891 7645 3892 7645 3881 7645 3852 7646 3893 7646 3894 7646 3892 7647 3893 7647 3852 7647 3894 7648 3895 7648 3896 7648 3896 7649 3895 7649 3897 7649 3893 7650 3895 7650 3894 7650 3897 7651 3898 7651 3899 7651 3895 7652 3898 7652 3897 7652 3898 7653 3900 7653 3899 7653 3897 7654 3899 7654 3901 7654 3847 7655 3852 7655 3894 7655 3902 7656 3901 7656 3903 7656 3902 7657 3903 7657 3904 7657 3902 7658 3897 7658 3901 7658 3905 7659 3902 7659 3904 7659 3906 7660 3894 7660 3896 7660 3906 7661 3896 7661 3907 7661 3908 7662 788 7662 787 7662 3908 7663 787 7663 789 7663 3908 7664 3905 7664 788 7664 3909 7665 3844 7665 3847 7665 3909 7666 3842 7666 3844 7666 3909 7667 3894 7667 3906 7667 3909 7668 3847 7668 3894 7668 3910 7669 789 7669 786 7669 3910 7670 3908 7670 789 7670 3911 7671 786 7671 785 7671 3911 7672 785 7672 3842 7672 3911 7673 3842 7673 3909 7673 3912 7674 3896 7674 3897 7674 3912 7675 3907 7675 3896 7675 3912 7676 3902 7676 3907 7676 3912 7677 3897 7677 3902 7677 3913 7678 3907 7678 3902 7678 3913 7679 3902 7679 3905 7679 3913 7680 3905 7680 3908 7680 3914 7681 790 7681 788 7681 3914 7682 3904 7682 3915 7682 3914 7683 3915 7683 790 7683 3914 7684 788 7684 3905 7684 3914 7685 3905 7685 3904 7685 3916 7686 3908 7686 3910 7686 3916 7687 3906 7687 3907 7687 3916 7688 3907 7688 3913 7688 3916 7689 3913 7689 3908 7689 3917 7690 3911 7690 3909 7690 3917 7691 3910 7691 786 7691 3917 7692 3909 7692 3906 7692 3917 7693 786 7693 3911 7693 3917 7694 3916 7694 3910 7694 3917 7695 3906 7695 3916 7695 791 7696 790 7696 3915 7696 814 7697 813 7697 3918 7697 3919 7698 3899 7698 3920 7698 3919 7699 3901 7699 3899 7699 3921 7700 3903 7700 3901 7700 3921 7701 3901 7701 3919 7701 3922 7702 3903 7702 3921 7702 3922 7703 3904 7703 3903 7703 3923 7704 3920 7704 3924 7704 3923 7705 3919 7705 3920 7705 3925 7706 792 7706 791 7706 3925 7707 3904 7707 3922 7707 3925 7708 3915 7708 3904 7708 3925 7709 791 7709 3915 7709 3926 7710 3923 7710 3924 7710 3927 7711 3921 7711 3919 7711 3927 7712 3919 7712 3923 7712 3928 7713 3923 7713 3926 7713 3928 7714 3927 7714 3923 7714 3929 7715 3922 7715 3921 7715 3929 7716 3921 7716 3927 7716 3930 7717 3924 7717 3931 7717 3930 7718 3926 7718 3924 7718 3932 7719 3929 7719 3927 7719 3932 7720 3927 7720 3928 7720 3933 7721 792 7721 3925 7721 3933 7722 3925 7722 3922 7722 3933 7723 3922 7723 3929 7723 3934 7724 3928 7724 3926 7724 3934 7725 3926 7725 3930 7725 3935 7726 3930 7726 3931 7726 3936 7727 792 7727 3933 7727 3936 7728 793 7728 792 7728 3936 7729 3933 7729 3929 7729 3936 7730 3929 7730 3932 7730 3937 7731 3928 7731 3934 7731 3937 7732 3932 7732 3928 7732 3938 7733 3930 7733 3935 7733 3938 7734 3934 7734 3930 7734 3939 7735 3931 7735 3940 7735 3939 7736 3935 7736 3931 7736 3941 7737 3936 7737 3932 7737 3941 7738 793 7738 3936 7738 3941 7739 3932 7739 3937 7739 3942 7740 3937 7740 3934 7740 3942 7741 3934 7741 3938 7741 3943 7742 3935 7742 3939 7742 3943 7743 3938 7743 3935 7743 3944 7744 3939 7744 3940 7744 3945 7745 794 7745 793 7745 3945 7746 3941 7746 3937 7746 3945 7747 793 7747 3941 7747 3945 7748 3937 7748 3942 7748 3946 7749 3942 7749 3938 7749 3946 7750 3938 7750 3943 7750 3947 7751 3939 7751 3944 7751 3947 7752 3943 7752 3939 7752 3948 7753 3940 7753 3949 7753 3948 7754 3944 7754 3940 7754 3950 7755 794 7755 3945 7755 3950 7756 3945 7756 3942 7756 3950 7757 3942 7757 3946 7757 3951 7758 3946 7758 3943 7758 3951 7759 3943 7759 3947 7759 3951 7760 3950 7760 3946 7760 3952 7761 3947 7761 3944 7761 3952 7762 3944 7762 3948 7762 3953 7763 3948 7763 3949 7763 3953 7764 3952 7764 3948 7764 3954 7765 795 7765 794 7765 3954 7766 794 7766 3950 7766 3954 7767 3950 7767 3951 7767 3955 7768 3951 7768 3947 7768 3955 7769 3947 7769 3952 7769 3956 7770 3949 7770 3957 7770 3956 7771 3953 7771 3949 7771 3958 7772 3952 7772 3953 7772 3959 7773 795 7773 3954 7773 3959 7774 3951 7774 3955 7774 3959 7775 3954 7775 3951 7775 3960 7776 3953 7776 3956 7776 3960 7777 3958 7777 3953 7777 3961 7778 3955 7778 3952 7778 3961 7779 3952 7779 3958 7779 3962 7780 3958 7780 3960 7780 3962 7781 3961 7781 3958 7781 3963 7782 3956 7782 3957 7782 3964 7783 3955 7783 3961 7783 3964 7784 3959 7784 3955 7784 3964 7785 3961 7785 3962 7785 3964 7786 796 7786 795 7786 3964 7787 795 7787 3959 7787 3965 7788 3964 7788 3962 7788 3965 7789 796 7789 3964 7789 3966 7790 3960 7790 3956 7790 3966 7791 3956 7791 3963 7791 3967 7792 3962 7792 3960 7792 3967 7793 3965 7793 3962 7793 3967 7794 3960 7794 3966 7794 3968 7795 3957 7795 3969 7795 3968 7796 3963 7796 3957 7796 3970 7797 3965 7797 3967 7797 3970 7798 796 7798 3965 7798 3970 7799 797 7799 796 7799 3971 7800 3966 7800 3963 7800 3971 7801 3967 7801 3966 7801 3971 7802 3963 7802 3968 7802 3972 7803 3967 7803 3971 7803 3973 7804 3968 7804 3969 7804 3973 7805 3969 7805 3974 7805 3975 7806 3970 7806 3967 7806 3975 7807 3967 7807 3972 7807 3975 7808 797 7808 3970 7808 3975 7809 798 7809 797 7809 3976 7810 3971 7810 3968 7810 3976 7811 3968 7811 3973 7811 3976 7812 3972 7812 3971 7812 3977 7813 3972 7813 3976 7813 3978 7814 3974 7814 3979 7814 3978 7815 3973 7815 3974 7815 3980 7816 3975 7816 3972 7816 3980 7817 800 7817 799 7817 3980 7818 799 7818 798 7818 3980 7819 3972 7819 3977 7819 3980 7820 798 7820 3975 7820 3981 7821 3978 7821 3979 7821 3982 7822 3973 7822 3978 7822 3982 7823 3976 7823 3973 7823 3982 7824 3977 7824 3976 7824 3983 7825 3982 7825 3978 7825 3983 7826 3978 7826 3981 7826 3984 7827 3977 7827 3982 7827 3985 7828 3981 7828 3979 7828 3985 7829 3979 7829 3986 7829 3987 7830 3982 7830 3983 7830 3987 7831 3984 7831 3982 7831 3988 7832 800 7832 3980 7832 3988 7833 3980 7833 3977 7833 3988 7834 3977 7834 3984 7834 3989 7835 3981 7835 3985 7835 3989 7836 3983 7836 3981 7836 3990 7837 3985 7837 3986 7837 3990 7838 3989 7838 3985 7838 3991 7839 801 7839 800 7839 3991 7840 800 7840 3988 7840 3991 7841 3984 7841 3987 7841 3991 7842 3988 7842 3984 7842 3992 7843 3987 7843 3983 7843 3992 7844 3983 7844 3989 7844 3993 7845 3989 7845 3990 7845 3994 7846 3986 7846 3995 7846 3994 7847 3990 7847 3986 7847 3996 7848 3987 7848 3992 7848 3996 7849 801 7849 3991 7849 3996 7850 3991 7850 3987 7850 3997 7851 3996 7851 3992 7851 3997 7852 3992 7852 3989 7852 3997 7853 3989 7853 3993 7853 3998 7854 3990 7854 3994 7854 3998 7855 3993 7855 3990 7855 3999 7856 3994 7856 3995 7856 4000 7857 801 7857 3996 7857 4000 7858 3996 7858 3997 7858 4000 7859 802 7859 801 7859 4001 7860 3993 7860 3998 7860 4001 7861 3997 7861 3993 7861 4002 7862 3998 7862 3994 7862 4002 7863 3994 7863 3999 7863 4002 7864 4001 7864 3998 7864 4003 7865 3995 7865 4004 7865 4003 7866 3999 7866 3995 7866 4005 7867 4000 7867 3997 7867 4005 7868 802 7868 4000 7868 4005 7869 3997 7869 4001 7869 4006 7870 4001 7870 4002 7870 4006 7871 4005 7871 4001 7871 4007 7872 4002 7872 3999 7872 4007 7873 3999 7873 4003 7873 4008 7874 4003 7874 4004 7874 4009 7875 802 7875 4005 7875 4009 7876 4005 7876 4006 7876 4009 7877 803 7877 802 7877 4010 7878 4006 7878 4002 7878 4010 7879 4002 7879 4007 7879 4011 7880 4004 7880 4012 7880 4011 7881 4008 7881 4004 7881 4013 7882 4007 7882 4003 7882 4013 7883 4003 7883 4008 7883 4014 7884 4006 7884 4010 7884 4014 7885 4009 7885 4006 7885 4014 7886 803 7886 4009 7886 4015 7887 4008 7887 4011 7887 4015 7888 4013 7888 4008 7888 4016 7889 4007 7889 4013 7889 4016 7890 4010 7890 4007 7890 4017 7891 4016 7891 4013 7891 4017 7892 4013 7892 4015 7892 4018 7893 4011 7893 4012 7893 4018 7894 4015 7894 4011 7894 4019 7895 4010 7895 4016 7895 4019 7896 804 7896 803 7896 4019 7897 4014 7897 4010 7897 4019 7898 803 7898 4014 7898 4019 7899 4016 7899 4017 7899 4020 7900 804 7900 4019 7900 4020 7901 4019 7901 4017 7901 4021 7902 4015 7902 4018 7902 4022 7903 4017 7903 4015 7903 4022 7904 4015 7904 4021 7904 4023 7905 4012 7905 4024 7905 4023 7906 4018 7906 4012 7906 4025 7907 805 7907 804 7907 4025 7908 804 7908 4020 7908 4025 7909 4020 7909 4017 7909 4025 7910 4017 7910 4022 7910 4026 7911 4021 7911 4018 7911 4026 7912 4018 7912 4023 7912 4027 7913 4025 7913 4022 7913 4027 7914 4022 7914 4021 7914 4027 7915 4021 7915 4026 7915 4028 7916 4024 7916 4029 7916 4028 7917 4023 7917 4024 7917 4030 7918 4025 7918 4027 7918 4030 7919 806 7919 805 7919 4030 7920 805 7920 4025 7920 4031 7921 4026 7921 4023 7921 4031 7922 4023 7922 4028 7922 4032 7923 4030 7923 4027 7923 4032 7924 4027 7924 4026 7924 4032 7925 4026 7925 4031 7925 4033 7926 4029 7926 4034 7926 4033 7927 4028 7927 4029 7927 4035 7928 807 7928 806 7928 4035 7929 4030 7929 4032 7929 4035 7930 806 7930 4030 7930 4036 7931 4033 7931 4034 7931 4037 7932 4028 7932 4033 7932 4037 7933 4031 7933 4028 7933 4038 7934 4037 7934 4033 7934 4038 7935 4033 7935 4036 7935 4039 7936 4032 7936 4031 7936 4039 7937 4031 7937 4037 7937 4040 7938 4036 7938 4034 7938 4040 7939 4034 7939 4041 7939 4042 7940 4039 7940 4037 7940 4042 7941 4037 7941 4038 7941 4043 7942 4035 7942 4032 7942 4043 7943 4032 7943 4039 7943 4043 7944 4039 7944 4042 7944 4043 7945 808 7945 807 7945 4043 7946 807 7946 4035 7946 4044 7947 4038 7947 4036 7947 4044 7948 4036 7948 4040 7948 4045 7949 4040 7949 4041 7949 4045 7950 4044 7950 4040 7950 4046 7951 808 7951 4043 7951 4046 7952 809 7952 808 7952 4046 7953 4043 7953 4042 7953 4047 7954 4042 7954 4038 7954 4047 7955 4038 7955 4044 7955 4048 7956 4044 7956 4045 7956 4049 7957 4041 7957 4050 7957 4049 7958 4045 7958 4041 7958 4051 7959 4046 7959 4042 7959 4051 7960 4042 7960 4047 7960 4051 7961 809 7961 4046 7961 4052 7962 4047 7962 4044 7962 4052 7963 4044 7963 4048 7963 4052 7964 4051 7964 4047 7964 4053 7965 4048 7965 4045 7965 4053 7966 4045 7966 4049 7966 4054 7967 4049 7967 4050 7967 4054 7968 4053 7968 4049 7968 4055 7969 810 7969 809 7969 4055 7970 809 7970 4051 7970 4055 7971 4051 7971 4052 7971 4056 7972 4052 7972 4048 7972 4056 7973 4048 7973 4053 7973 4057 7974 4053 7974 4054 7974 4058 7975 4050 7975 4059 7975 4058 7976 4057 7976 4054 7976 4058 7977 4054 7977 4050 7977 4060 7978 4052 7978 4056 7978 4060 7979 810 7979 4055 7979 4060 7980 4055 7980 4052 7980 4061 7981 4056 7981 4053 7981 4061 7982 4053 7982 4057 7982 4062 7983 4057 7983 4058 7983 4063 7984 4058 7984 4059 7984 4064 7985 811 7985 810 7985 4064 7986 810 7986 4060 7986 4064 7987 4056 7987 4061 7987 4064 7988 4060 7988 4056 7988 4065 7989 4061 7989 4057 7989 4065 7990 4057 7990 4062 7990 4065 7991 4064 7991 4061 7991 4066 7992 4059 7992 4067 7992 4066 7993 4063 7993 4059 7993 4068 7994 4062 7994 4058 7994 4068 7995 4058 7995 4063 7995 4069 7996 4064 7996 4065 7996 4069 7997 811 7997 4064 7997 4070 7998 4063 7998 4066 7998 4070 7999 4068 7999 4063 7999 4071 8000 4062 8000 4068 8000 4071 8001 4065 8001 4062 8001 4072 8002 4071 8002 4068 8002 4072 8003 4068 8003 4070 8003 4073 8004 4067 8004 3900 8004 4073 8005 3900 8005 4074 8005 4073 8006 4074 8006 4075 8006 4073 8007 4066 8007 4067 8007 4073 8008 4070 8008 4066 8008 4076 8009 4065 8009 4071 8009 4076 8010 812 8010 811 8010 4076 8011 811 8011 4069 8011 4076 8012 4069 8012 4065 8012 4077 8013 812 8013 4076 8013 4077 8014 4076 8014 4071 8014 4077 8015 4071 8015 4072 8015 4078 8016 4075 8016 4079 8016 4078 8017 4073 8017 4075 8017 4078 8018 4070 8018 4073 8018 4080 8019 4072 8019 4070 8019 4080 8020 4070 8020 4078 8020 4080 8021 4078 8021 4079 8021 4081 8022 4072 8022 4080 8022 4081 8023 4077 8023 4072 8023 4081 8024 4080 8024 4079 8024 4081 8025 4079 8025 3918 8025 4081 8026 813 8026 812 8026 4081 8027 3918 8027 813 8027 4081 8028 812 8028 4077 8028 4050 8029 4041 8029 4059 8029 4059 8030 4034 8030 4067 8030 4041 8031 4034 8031 4059 8031 4024 8032 4012 8032 4029 8032 4029 8033 4012 8033 4034 8033 4067 8034 4012 8034 3900 8034 4034 8035 4012 8035 4067 8035 4004 8036 3995 8036 4012 8036 3979 8037 3974 8037 3986 8037 3986 8038 3969 8038 3995 8038 4012 8039 3969 8039 3900 8039 3995 8040 3969 8040 4012 8040 3974 8041 3969 8041 3986 8041 3949 8042 3940 8042 3957 8042 3931 8043 3924 8043 3940 8043 3920 8044 3899 8044 3924 8044 3957 8045 3899 8045 3969 8045 3969 8046 3899 8046 3900 8046 3940 8047 3899 8047 3957 8047 3924 8048 3899 8048 3940 8048 4074 8049 3900 8049 3898 8049 814 8050 3918 8050 815 8050 4082 8051 3893 8051 3892 8051 4082 8052 3892 8052 4083 8052 4084 8053 3895 8053 3893 8053 4084 8054 3893 8054 4082 8054 4085 8055 4083 8055 819 8055 4085 8056 819 8056 818 8056 4085 8057 818 8057 817 8057 4085 8058 4082 8058 4083 8058 4086 8059 3898 8059 3895 8059 4086 8060 3895 8060 4084 8060 4087 8061 4084 8061 4082 8061 4087 8062 4085 8062 817 8062 4087 8063 4082 8063 4085 8063 4088 8064 817 8064 816 8064 4088 8065 4086 8065 4084 8065 4088 8066 4087 8066 817 8066 4088 8067 4084 8067 4087 8067 4089 8068 4075 8068 4074 8068 4089 8069 4079 8069 4075 8069 4089 8070 4074 8070 3898 8070 4089 8071 3898 8071 4086 8071 4090 8072 816 8072 815 8072 4090 8073 3918 8073 4079 8073 4090 8074 4089 8074 4086 8074 4090 8075 4079 8075 4089 8075 4090 8076 4088 8076 816 8076 4090 8077 4086 8077 4088 8077 4090 8078 815 8078 3918 8078 4083 8079 4091 8079 819 8079 4092 8080 4093 8080 4091 8080 4092 8081 4091 8081 4083 8081 4094 8082 4083 8082 3892 8082 4094 8083 4092 8083 4083 8083 4095 8084 4093 8084 4092 8084 4096 8085 4092 8085 4094 8085 4096 8086 4095 8086 4092 8086 4097 8087 4096 8087 4094 8087 4098 8088 4099 8088 4093 8088 4098 8089 4095 8089 4096 8089 4098 8090 4093 8090 4095 8090 4100 8091 4097 8091 4094 8091 4100 8092 4094 8092 3892 8092 4101 8093 4096 8093 4097 8093 4101 8094 4098 8094 4096 8094 4102 8095 4103 8095 4099 8095 4104 8096 3892 8096 4105 8096 4104 8097 4100 8097 3892 8097 4106 8098 4097 8098 4100 8098 4106 8099 4101 8099 4097 8099 4107 8100 4099 8100 4098 8100 4107 8101 4098 8101 4101 8101 4107 8102 4103 8102 4102 8102 4107 8103 4102 8103 4099 8103 4108 8104 4105 8104 4109 8104 4108 8105 4106 8105 4100 8105 4108 8106 4104 8106 4105 8106 4108 8107 4100 8107 4104 8107 4110 8108 4103 8108 4107 8108 4110 8109 4101 8109 4106 8109 4110 8110 4107 8110 4101 8110 4111 8111 4103 8111 4110 8111 4111 8112 4106 8112 4108 8112 4111 8113 4110 8113 4106 8113 4112 8114 4109 8114 4103 8114 4112 8115 4108 8115 4109 8115 4112 8116 4103 8116 4111 8116 4112 8117 4111 8117 4108 8117 3889 8118 3888 8118 4113 8118 4114 8119 4115 8119 4116 8119 4117 8120 3890 8120 3889 8120 4117 8121 4113 8121 4118 8121 4117 8122 3889 8122 4113 8122 4119 8123 4118 8123 4115 8123 4119 8124 4117 8124 4118 8124 4119 8125 4115 8125 4114 8125 4120 8126 3891 8126 3890 8126 4120 8127 3890 8127 4117 8127 4121 8128 3892 8128 3891 8128 4122 8129 4105 8129 3892 8129 4122 8130 4109 8130 4105 8130 4122 8131 3892 8131 4121 8131 4123 8132 4124 8132 4120 8132 4123 8133 4117 8133 4119 8133 4123 8134 4120 8134 4117 8134 4125 8135 4114 8135 4126 8135 4125 8136 4123 8136 4119 8136 4125 8137 4119 8137 4114 8137 4125 8138 4126 8138 4124 8138 4125 8139 4124 8139 4123 8139 4127 8140 4121 8140 3891 8140 4127 8141 3891 8141 4120 8141 4127 8142 4120 8142 4124 8142 4128 8143 4126 8143 4129 8143 4128 8144 4129 8144 4121 8144 4128 8145 4121 8145 4127 8145 4128 8146 4124 8146 4126 8146 4128 8147 4127 8147 4124 8147 4130 8148 4129 8148 4103 8148 4130 8149 4103 8149 4109 8149 4130 8150 4121 8150 4129 8150 4130 8151 4109 8151 4122 8151 4130 8152 4122 8152 4121 8152 4131 8153 4132 8153 4133 8153 4131 8154 4134 8154 4132 8154 4134 8155 4135 8155 4132 8155 4135 8156 4136 8156 4132 8156 4135 8157 4103 8157 4136 8157 4103 8158 4129 8158 4136 8158 4129 8159 4137 8159 4136 8159 4137 8160 4126 8160 4138 8160 4129 8161 4126 8161 4137 8161 4138 8162 4114 8162 4139 8162 4126 8163 4114 8163 4138 8163 4114 8164 4140 8164 4139 8164 4114 8165 4116 8165 4140 8165 4116 8166 4141 8166 4140 8166 4116 8167 4142 8167 4141 8167 4142 8168 4143 8168 4141 8168 4142 8169 4144 8169 4143 8169 4144 8170 4145 8170 4143 8170 4145 8171 4146 8171 4147 8171 4144 8172 4146 8172 4145 8172 4146 8173 4148 8173 4147 8173 4146 8174 4149 8174 4148 8174 4149 8175 4150 8175 4148 8175 4149 8176 4151 8176 4150 8176 4151 8177 4152 8177 4150 8177 4151 8178 4153 8178 4152 8178 4153 8179 4154 8179 4152 8179 4153 8180 4155 8180 4154 8180 4131 8181 4133 8181 4156 8181 4099 8182 4103 8182 4135 8182 819 8183 4091 8183 820 8183 4157 8184 4093 8184 4099 8184 4157 8185 4099 8185 4135 8185 4158 8186 4091 8186 4093 8186 4158 8187 821 8187 820 8187 4158 8188 4093 8188 4157 8188 4158 8189 820 8189 4091 8189 4159 8190 4156 8190 4160 8190 4159 8191 4131 8191 4156 8191 4161 8192 4135 8192 4134 8192 4161 8193 4134 8193 4131 8193 4161 8194 4131 8194 4159 8194 4161 8195 4157 8195 4135 8195 4161 8196 4159 8196 4157 8196 4162 8197 4160 8197 4163 8197 4162 8198 4163 8198 823 8198 4162 8199 823 8199 822 8199 4164 8200 4158 8200 4157 8200 4164 8201 4160 8201 4162 8201 4164 8202 4159 8202 4160 8202 4164 8203 4157 8203 4159 8203 4165 8204 822 8204 821 8204 4165 8205 821 8205 4158 8205 4165 8206 4162 8206 822 8206 4165 8207 4158 8207 4164 8207 4165 8208 4164 8208 4162 8208 823 8209 4163 8209 824 8209 4166 8210 4167 8210 4168 8210 4166 8211 4168 8211 4169 8211 4170 8212 4167 8212 4166 8212 4171 8213 4169 8213 826 8213 4171 8214 826 8214 825 8214 4171 8215 4166 8215 4169 8215 4172 8216 4133 8216 4167 8216 4172 8217 4156 8217 4133 8217 4172 8218 4160 8218 4156 8218 4172 8219 4167 8219 4170 8219 4173 8220 825 8220 824 8220 4173 8221 4170 8221 4166 8221 4173 8222 4171 8222 825 8222 4173 8223 4166 8223 4171 8223 4174 8224 4163 8224 4160 8224 4174 8225 4160 8225 4172 8225 4174 8226 4173 8226 824 8226 4174 8227 4170 8227 4173 8227 4174 8228 4172 8228 4170 8228 4174 8229 824 8229 4163 8229 877 8230 4175 8230 880 8230 4176 8231 4175 8231 4177 8231 4177 8232 4175 8232 877 8232 4178 8233 4179 8233 4176 8233 4176 8234 4179 8234 4175 8234 4175 8235 4180 8235 880 8235 880 8236 4180 8236 881 8236 4168 8237 4181 8237 4178 8237 4178 8238 4181 8238 4179 8238 4175 8239 4182 8239 4180 8239 4179 8240 4182 8240 4175 8240 4168 8241 4183 8241 4181 8241 881 8242 4184 8242 882 8242 4180 8243 4184 8243 881 8243 4181 8244 4185 8244 4179 8244 4179 8245 4185 8245 4182 8245 882 8246 4186 8246 883 8246 4184 8247 4186 8247 882 8247 4167 8248 4187 8248 4168 8248 4168 8249 4187 8249 4183 8249 4180 8250 4188 8250 4184 8250 4182 8251 4188 8251 4180 8251 4183 8252 4189 8252 4181 8252 4181 8253 4189 8253 4185 8253 4186 8254 4190 8254 883 8254 4184 8255 4191 8255 4186 8255 4188 8256 4191 8256 4184 8256 4187 8257 4192 8257 4183 8257 4167 8258 4192 8258 4187 8258 4183 8259 4192 8259 4189 8259 4133 8260 4192 8260 4167 8260 4182 8261 4193 8261 4188 8261 4185 8262 4193 8262 4182 8262 4186 8263 4194 8263 4190 8263 4191 8264 4194 8264 4186 8264 4193 8265 4195 8265 4188 8265 4188 8266 4195 8266 4191 8266 883 8267 4196 8267 884 8267 4190 8268 4196 8268 883 8268 4189 8269 4197 8269 4185 8269 4185 8270 4197 8270 4193 8270 4195 8271 4198 8271 4191 8271 4191 8272 4198 8272 4194 8272 4193 8273 4199 8273 4195 8273 4197 8274 4199 8274 4193 8274 4132 8275 4200 8275 4133 8275 4133 8276 4200 8276 4192 8276 4189 8277 4200 8277 4197 8277 4192 8278 4200 8278 4189 8278 4190 8279 4201 8279 4196 8279 4194 8280 4201 8280 4190 8280 4132 8281 4202 8281 4200 8281 4197 8282 4202 8282 4199 8282 4200 8283 4202 8283 4197 8283 884 8284 4203 8284 885 8284 4196 8285 4203 8285 884 8285 4199 8286 4204 8286 4195 8286 4195 8287 4204 8287 4198 8287 4198 8288 4205 8288 4194 8288 4194 8289 4205 8289 4201 8289 4136 8290 4206 8290 4132 8290 4132 8291 4206 8291 4202 8291 4202 8292 4206 8292 4199 8292 4199 8293 4206 8293 4204 8293 4203 8294 4207 8294 885 8294 885 8295 4207 8295 886 8295 4201 8296 4208 8296 4196 8296 4196 8297 4208 8297 4203 8297 4207 8298 4209 8298 886 8298 4204 8299 4210 8299 4198 8299 4198 8300 4210 8300 4205 8300 4208 8301 4211 8301 4203 8301 4203 8302 4211 8302 4207 8302 4205 8303 4212 8303 4201 8303 4201 8304 4212 8304 4208 8304 4208 8305 4212 8305 4211 8305 4204 8306 4213 8306 4210 8306 4206 8307 4213 8307 4204 8307 4136 8308 4213 8308 4206 8308 886 8309 4214 8309 887 8309 4209 8310 4214 8310 886 8310 4211 8311 4215 8311 4207 8311 4207 8312 4215 8312 4209 8312 4212 8313 4216 8313 4211 8313 4214 8314 4217 8314 887 8314 4210 8315 4218 8315 4205 8315 4205 8316 4218 8316 4212 8316 4209 8317 4219 8317 4214 8317 4215 8318 4219 8318 4209 8318 4211 8319 4220 8319 4215 8319 4216 8320 4220 8320 4211 8320 887 8321 4221 8321 888 8321 4217 8322 4221 8322 887 8322 4210 8323 4222 8323 4218 8323 4137 8324 4222 8324 4136 8324 4136 8325 4222 8325 4213 8325 4213 8326 4222 8326 4210 8326 4218 8327 4223 8327 4212 8327 4212 8328 4223 8328 4216 8328 4214 8329 4224 8329 4217 8329 4219 8330 4224 8330 4214 8330 4215 8331 4225 8331 4219 8331 4220 8332 4225 8332 4215 8332 4221 8333 4226 8333 888 8333 4137 8334 4227 8334 4222 8334 4218 8335 4227 8335 4223 8335 4222 8336 4227 8336 4218 8336 4216 8337 4228 8337 4220 8337 4227 8338 4228 8338 4223 8338 4223 8339 4228 8339 4216 8339 4220 8340 4228 8340 4225 8340 4217 8341 4229 8341 4221 8341 4224 8342 4229 8342 4217 8342 4225 8343 4230 8343 4219 8343 4219 8344 4230 8344 4224 8344 4226 8345 4231 8345 888 8345 888 8346 4231 8346 889 8346 4137 8347 4232 8347 4227 8347 4138 8348 4232 8348 4137 8348 4227 8349 4232 8349 4228 8349 4225 8350 4233 8350 4230 8350 4228 8351 4233 8351 4225 8351 4226 8352 4234 8352 4231 8352 4229 8353 4234 8353 4221 8353 4221 8354 4234 8354 4226 8354 4230 8355 4235 8355 4224 8355 4224 8356 4235 8356 4229 8356 4231 8357 4236 8357 889 8357 4138 8358 4237 8358 4232 8358 4232 8359 4237 8359 4228 8359 4228 8360 4237 8360 4233 8360 4233 8361 4238 8361 4230 8361 4234 8362 4239 8362 4231 8362 4229 8363 4240 8363 4234 8363 4235 8364 4240 8364 4229 8364 4139 8365 4241 8365 4138 8365 4233 8366 4241 8366 4238 8366 4138 8367 4241 8367 4237 8367 4237 8368 4241 8368 4233 8368 4230 8369 4242 8369 4235 8369 4238 8370 4242 8370 4230 8370 4231 8371 4243 8371 4236 8371 4239 8372 4243 8372 4231 8372 889 8373 4244 8373 890 8373 4236 8374 4244 8374 889 8374 4234 8375 4245 8375 4239 8375 4240 8376 4245 8376 4234 8376 4239 8377 4245 8377 4243 8377 4139 8378 4246 8378 4241 8378 4241 8379 4246 8379 4238 8379 4238 8380 4246 8380 4242 8380 4235 8381 4247 8381 4240 8381 4242 8382 4247 8382 4235 8382 4240 8383 4247 8383 4245 8383 4245 8384 4248 8384 4243 8384 4140 8385 4249 8385 4139 8385 4139 8386 4249 8386 4246 8386 4246 8387 4249 8387 4242 8387 4242 8388 4249 8388 4247 8388 4243 8389 4250 8389 4236 8389 4236 8390 4250 8390 4244 8390 4247 8391 4251 8391 4245 8391 890 8392 4252 8392 891 8392 4244 8393 4252 8393 890 8393 4247 8394 4253 8394 4251 8394 4140 8395 4253 8395 4249 8395 4249 8396 4253 8396 4247 8396 4251 8397 4254 8397 4245 8397 4245 8398 4254 8398 4248 8398 4254 8399 4255 8399 4248 8399 4248 8400 4255 8400 4243 8400 4243 8401 4255 8401 4250 8401 4253 8402 4256 8402 4251 8402 4141 8403 4256 8403 4140 8403 4251 8404 4256 8404 4254 8404 4140 8405 4256 8405 4253 8405 4244 8406 4257 8406 4252 8406 4250 8407 4257 8407 4244 8407 4254 8408 4258 8408 4255 8408 891 8409 4259 8409 892 8409 4257 8410 4259 8410 4252 8410 4252 8411 4259 8411 891 8411 4256 8412 4260 8412 4254 8412 4141 8413 4260 8413 4256 8413 4254 8414 4260 8414 4258 8414 4255 8415 4261 8415 4250 8415 4250 8416 4261 8416 4257 8416 892 8417 4262 8417 893 8417 4259 8418 4262 8418 892 8418 4257 8419 4263 8419 4259 8419 4262 8420 4264 8420 893 8420 4258 8421 4265 8421 4255 8421 4255 8422 4265 8422 4261 8422 4263 8423 4266 8423 4259 8423 4259 8424 4266 8424 4262 8424 893 8425 4267 8425 894 8425 4264 8426 4267 8426 893 8426 4257 8427 4268 8427 4263 8427 4261 8428 4268 8428 4257 8428 4265 8429 4268 8429 4261 8429 4141 8430 4269 8430 4260 8430 4260 8431 4269 8431 4258 8431 4143 8432 4269 8432 4141 8432 4258 8433 4269 8433 4265 8433 4262 8434 4270 8434 4264 8434 4266 8435 4270 8435 4262 8435 4264 8436 4270 8436 4267 8436 4263 8437 4271 8437 4266 8437 4268 8438 4271 8438 4263 8438 4266 8439 4271 8439 4270 8439 4267 8440 4272 8440 894 8440 4270 8441 4273 8441 4267 8441 4265 8442 4274 8442 4268 8442 894 8443 4275 8443 895 8443 4272 8444 4275 8444 894 8444 4271 8445 4276 8445 4270 8445 4270 8446 4276 8446 4273 8446 4145 8447 4277 8447 4143 8447 4143 8448 4277 8448 4269 8448 4269 8449 4277 8449 4265 8449 4265 8450 4277 8450 4274 8450 4268 8451 4278 8451 4271 8451 4274 8452 4278 8452 4268 8452 4267 8453 4279 8453 4272 8453 4273 8454 4279 8454 4267 8454 4276 8455 4280 8455 4273 8455 4275 8456 4281 8456 895 8456 4272 8457 4282 8457 4275 8457 4279 8458 4282 8458 4272 8458 4145 8459 4283 8459 4277 8459 4277 8460 4283 8460 4274 8460 4274 8461 4283 8461 4278 8461 4271 8462 4284 8462 4276 8462 4278 8463 4284 8463 4271 8463 4283 8464 4284 8464 4278 8464 4273 8465 4285 8465 4279 8465 4280 8466 4285 8466 4273 8466 4284 8467 4286 8467 4276 8467 4276 8468 4286 8468 4280 8468 4283 8469 4287 8469 4284 8469 4147 8470 4287 8470 4145 8470 4145 8471 4287 8471 4283 8471 895 8472 4288 8472 896 8472 4281 8473 4288 8473 895 8473 4282 8474 4289 8474 4275 8474 4275 8475 4289 8475 4281 8475 4285 8476 4290 8476 4279 8476 4279 8477 4290 8477 4282 8477 4147 8478 4291 8478 4287 8478 4287 8479 4291 8479 4284 8479 4284 8480 4291 8480 4286 8480 4288 8481 4292 8481 896 8481 4286 8482 4293 8482 4280 8482 4280 8483 4293 8483 4285 8483 4281 8484 4294 8484 4288 8484 4289 8485 4294 8485 4281 8485 4282 8486 4295 8486 4289 8486 4290 8487 4295 8487 4282 8487 4285 8488 4296 8488 4290 8488 4293 8489 4296 8489 4285 8489 4147 8490 4297 8490 4291 8490 4291 8491 4297 8491 4286 8491 4148 8492 4297 8492 4147 8492 4293 8493 4297 8493 4296 8493 4286 8494 4297 8494 4293 8494 4294 8495 4298 8495 4288 8495 4288 8496 4298 8496 4292 8496 896 8497 4299 8497 897 8497 4292 8498 4299 8498 896 8498 4148 8499 4300 8499 4297 8499 4297 8500 4300 8500 4296 8500 4295 8501 4301 8501 4289 8501 4294 8502 4301 8502 4298 8502 4289 8503 4301 8503 4294 8503 897 8504 4302 8504 898 8504 898 8505 4302 8505 4303 8505 4299 8506 4302 8506 897 8506 4290 8507 4304 8507 4295 8507 4296 8508 4304 8508 4290 8508 4300 8509 4304 8509 4296 8509 4301 8510 4305 8510 4298 8510 4298 8511 4306 8511 4292 8511 4292 8512 4306 8512 4299 8512 4150 8513 4307 8513 4148 8513 4148 8514 4307 8514 4300 8514 4300 8515 4307 8515 4304 8515 4295 8516 4308 8516 4301 8516 4304 8517 4308 8517 4295 8517 4303 8518 4309 8518 4310 8518 4302 8519 4309 8519 4303 8519 4299 8520 4309 8520 4302 8520 4306 8521 4309 8521 4299 8521 4150 8522 4311 8522 4307 8522 4307 8523 4311 8523 4304 8523 4304 8524 4311 8524 4308 8524 4301 8525 4312 8525 4305 8525 4308 8526 4312 8526 4301 8526 4311 8527 4312 8527 4308 8527 4298 8528 4313 8528 4306 8528 4305 8529 4313 8529 4298 8529 4310 8530 4314 8530 4315 8530 4309 8531 4314 8531 4310 8531 4306 8532 4314 8532 4309 8532 4313 8533 4314 8533 4306 8533 4152 8534 4316 8534 4150 8534 4150 8535 4316 8535 4311 8535 4311 8536 4316 8536 4312 8536 4312 8537 4317 8537 4305 8537 4305 8538 4317 8538 4313 8538 4315 8539 4318 8539 4319 8539 4314 8540 4318 8540 4315 8540 4313 8541 4318 8541 4314 8541 4317 8542 4318 8542 4313 8542 4152 8543 4320 8543 4316 8543 4312 8544 4320 8544 4317 8544 4316 8545 4320 8545 4312 8545 4319 8546 4321 8546 4154 8546 4154 8547 4321 8547 4152 8547 4152 8548 4321 8548 4320 8548 4318 8549 4321 8549 4319 8549 4317 8550 4321 8550 4318 8550 4320 8551 4321 8551 4317 8551 877 8552 879 8552 4177 8552 4177 8553 4322 8553 4176 8553 879 8554 4322 8554 4177 8554 4176 8555 4323 8555 4178 8555 4322 8556 4323 8556 4176 8556 4323 8557 4168 8557 4178 8557 4324 8558 4325 8558 4326 8558 4327 8559 4323 8559 4322 8559 4328 8560 832 8560 831 8560 4329 8561 879 8561 4325 8561 4329 8562 4322 8562 879 8562 4330 8563 4325 8563 4324 8563 4330 8564 4329 8564 4325 8564 4330 8565 4322 8565 4329 8565 4331 8566 4324 8566 4326 8566 4332 8567 4331 8567 828 8567 4332 8568 4327 8568 4322 8568 4332 8569 4330 8569 4324 8569 4332 8570 4322 8570 4330 8570 4332 8571 4324 8571 4331 8571 4333 8572 4326 8572 4334 8572 4333 8573 4334 8573 829 8573 4333 8574 829 8574 828 8574 4333 8575 4331 8575 4326 8575 4333 8576 828 8576 4331 8576 4335 8577 828 8577 832 8577 4335 8578 832 8578 4328 8578 4335 8579 4328 8579 4327 8579 4335 8580 4332 8580 828 8580 4335 8581 4327 8581 4332 8581 4336 8582 831 8582 830 8582 4336 8583 4328 8583 831 8583 4336 8584 4327 8584 4328 8584 4337 8585 4323 8585 4327 8585 4337 8586 4327 8586 4336 8586 4338 8587 830 8587 826 8587 4338 8588 826 8588 4169 8588 4338 8589 4336 8589 830 8589 4338 8590 4169 8590 4337 8590 4338 8591 4337 8591 4336 8591 4339 8592 4169 8592 4168 8592 4339 8593 4168 8593 4323 8593 4339 8594 4323 8594 4337 8594 4339 8595 4337 8595 4169 8595 878 8596 861 8596 860 8596 4340 8597 860 8597 858 8597 4340 8598 878 8598 860 8598 4334 8599 858 8599 857 8599 4334 8600 4340 8600 858 8600 829 8601 4334 8601 857 8601 827 8602 857 8602 859 8602 827 8603 829 8603 857 8603 833 8604 859 8604 862 8604 833 8605 827 8605 859 8605 4325 8606 878 8606 4340 8606 4325 8607 879 8607 878 8607 4326 8608 4325 8608 4340 8608 4334 8609 4326 8609 4340 8609 833 8610 862 8610 834 8610 834 8611 862 8611 835 8611 835 8612 862 8612 836 8612 836 8613 862 8613 837 8613 837 8614 862 8614 838 8614 838 8615 862 8615 840 8615 898 8616 4303 8616 904 8616 904 8617 4303 8617 4341 8617 4341 8618 4310 8618 4342 8618 4303 8619 4310 8619 4341 8619 4342 8620 4315 8620 4343 8620 4310 8621 4315 8621 4342 8621 4343 8622 4319 8622 4344 8622 4315 8623 4319 8623 4343 8623 4344 8624 4154 8624 4345 8624 4319 8625 4154 8625 4344 8625 922 8626 921 8626 4346 8626 904 8627 4341 8627 909 8627 4346 8628 4347 8628 4348 8628 4348 8629 4347 8629 4349 8629 921 8630 4347 8630 4346 8630 920 8631 4350 8631 921 8631 921 8632 4350 8632 4347 8632 4349 8633 4351 8633 4352 8633 4352 8634 4351 8634 4353 8634 4353 8635 4351 8635 4354 8635 4347 8636 4351 8636 4349 8636 918 8637 4355 8637 920 8637 916 8638 4355 8638 918 8638 920 8639 4355 8639 4350 8639 4347 8640 4356 8640 4351 8640 4350 8641 4356 8641 4347 8641 4351 8642 4356 8642 4354 8642 914 8643 4357 8643 916 8643 916 8644 4357 8644 4355 8644 4354 8645 4358 8645 4359 8645 4356 8646 4358 8646 4354 8646 4350 8647 4358 8647 4356 8647 4355 8648 4358 8648 4350 8648 911 8649 4360 8649 914 8649 914 8650 4360 8650 4357 8650 4359 8651 4361 8651 4362 8651 4358 8652 4361 8652 4359 8652 4355 8653 4361 8653 4358 8653 4357 8654 4361 8654 4355 8654 909 8655 4363 8655 911 8655 911 8656 4363 8656 4360 8656 4357 8657 4364 8657 4361 8657 4360 8658 4364 8658 4357 8658 4361 8659 4364 8659 4362 8659 4343 8660 4365 8660 4342 8660 4342 8661 4365 8661 4341 8661 909 8662 4365 8662 4363 8662 4341 8663 4365 8663 909 8663 4362 8664 4366 8664 4367 8664 4364 8665 4366 8665 4362 8665 4363 8666 4366 8666 4360 8666 4360 8667 4366 8667 4364 8667 4367 8668 4368 8668 4345 8668 4345 8669 4368 8669 4344 8669 4344 8670 4368 8670 4343 8670 4343 8671 4368 8671 4365 8671 4365 8672 4368 8672 4363 8672 4366 8673 4368 8673 4367 8673 4363 8674 4368 8674 4366 8674 957 8675 922 8675 4369 8675 4369 8676 4346 8676 4370 8676 922 8677 4346 8677 4369 8677 4370 8678 4348 8678 4371 8678 4346 8679 4348 8679 4370 8679 4371 8680 4349 8680 4372 8680 4348 8681 4349 8681 4371 8681 4372 8682 4352 8682 4373 8682 4349 8683 4352 8683 4372 8683 4352 8684 4353 8684 4373 8684 960 8685 959 8685 4374 8685 957 8686 4369 8686 981 8686 4374 8687 4375 8687 4376 8687 4376 8688 4375 8688 4377 8688 959 8689 4375 8689 4374 8689 964 8690 4378 8690 959 8690 959 8691 4378 8691 4375 8691 4377 8692 4379 8692 4380 8692 4380 8693 4379 8693 4381 8693 4381 8694 4379 8694 4382 8694 4375 8695 4379 8695 4377 8695 966 8696 4383 8696 964 8696 971 8697 4383 8697 966 8697 964 8698 4383 8698 4378 8698 4375 8699 4384 8699 4379 8699 4378 8700 4384 8700 4375 8700 4379 8701 4384 8701 4382 8701 974 8702 4385 8702 971 8702 971 8703 4385 8703 4383 8703 4382 8704 4386 8704 4387 8704 4384 8705 4386 8705 4382 8705 4378 8706 4386 8706 4384 8706 4383 8707 4386 8707 4378 8707 977 8708 4388 8708 974 8708 974 8709 4388 8709 4385 8709 4387 8710 4389 8710 4390 8710 4386 8711 4389 8711 4387 8711 4383 8712 4389 8712 4386 8712 4385 8713 4389 8713 4383 8713 981 8714 4391 8714 977 8714 977 8715 4391 8715 4388 8715 4385 8716 4392 8716 4389 8716 4388 8717 4392 8717 4385 8717 4389 8718 4392 8718 4390 8718 4371 8719 4393 8719 4370 8719 4370 8720 4393 8720 4369 8720 981 8721 4393 8721 4391 8721 4369 8722 4393 8722 981 8722 4390 8723 4394 8723 4395 8723 4392 8724 4394 8724 4390 8724 4391 8725 4394 8725 4388 8725 4388 8726 4394 8726 4392 8726 4395 8727 4396 8727 4373 8727 4373 8728 4396 8728 4372 8728 4372 8729 4396 8729 4371 8729 4371 8730 4396 8730 4393 8730 4393 8731 4396 8731 4391 8731 4394 8732 4396 8732 4395 8732 4391 8733 4396 8733 4394 8733 943 8734 960 8734 3676 8734 3676 8735 4374 8735 3678 8735 960 8736 4374 8736 3676 8736 3678 8737 4376 8737 3683 8737 4374 8738 4376 8738 3678 8738 3683 8739 4377 8739 3688 8739 4376 8740 4377 8740 3683 8740 3688 8741 4380 8741 3695 8741 4377 8742 4380 8742 3688 8742 4380 8743 4381 8743 3695 8743 4397 8744 3831 8744 3695 8744 4397 8745 3695 8745 4381 8745 4398 8746 4399 8746 4400 8746 4398 8747 4401 8747 4399 8747 4402 8748 4400 8748 4403 8748 4402 8749 4398 8749 4400 8749 4404 8750 4403 8750 4405 8750 4404 8751 4402 8751 4403 8751 4406 8752 4405 8752 4407 8752 4406 8753 4404 8753 4405 8753 4397 8754 4407 8754 3831 8754 4397 8755 4406 8755 4407 8755 4408 8756 4409 8756 4410 8756 4408 8757 4411 8757 4409 8757 4408 8758 4412 8758 4411 8758 4408 8759 4410 8759 4413 8759 4414 8760 4415 8760 3888 8760 4414 8761 3888 8761 3875 8761 4416 8762 4417 8762 4415 8762 4416 8763 4415 8763 4414 8763 4418 8764 4419 8764 4417 8764 4418 8765 4417 8765 4416 8765 4420 8766 4421 8766 4419 8766 4420 8767 4419 8767 4418 8767 4422 8768 4423 8768 4421 8768 4422 8769 4421 8769 4420 8769 4424 8770 4425 8770 4423 8770 4424 8771 4423 8771 4422 8771 4426 8772 4427 8772 4425 8772 4426 8773 4425 8773 4424 8773 4399 8774 4413 8774 4427 8774 4399 8775 4408 8775 4413 8775 4399 8776 4427 8776 4426 8776 4428 8777 4399 8777 4401 8777 4428 8778 4408 8778 4399 8778 4429 8779 4428 8779 4401 8779 4430 8780 4401 8780 4431 8780 4430 8781 4429 8781 4401 8781 4432 8782 4425 8782 4427 8782 4433 8783 4153 8783 4151 8783 4434 8784 4146 8784 4144 8784 4435 8785 4415 8785 4417 8785 4436 8786 4437 8786 4438 8786 4436 8787 4433 8787 4432 8787 4439 8788 4440 8788 4155 8788 4439 8789 4438 8789 4440 8789 4439 8790 4155 8790 4153 8790 4439 8791 4153 8791 4433 8791 4439 8792 4433 8792 4436 8792 4439 8793 4436 8793 4438 8793 4441 8794 4423 8794 4425 8794 4441 8795 4442 8795 4423 8795 4441 8796 4425 8796 4432 8796 4443 8797 4432 8797 4433 8797 4443 8798 4444 8798 4442 8798 4443 8799 4441 8799 4432 8799 4443 8800 4442 8800 4441 8800 4445 8801 4151 8801 4149 8801 4445 8802 4149 8802 4444 8802 4445 8803 4443 8803 4433 8803 4445 8804 4433 8804 4151 8804 4445 8805 4444 8805 4443 8805 4446 8806 4442 8806 4444 8806 4446 8807 4434 8807 4447 8807 4448 8808 4417 8808 4419 8808 4448 8809 4419 8809 4447 8809 4448 8810 4435 8810 4417 8810 4449 8811 4450 8811 4435 8811 4449 8812 4447 8812 4434 8812 4449 8813 4448 8813 4447 8813 4449 8814 4435 8814 4448 8814 4451 8815 4113 8815 3888 8815 4451 8816 3888 8816 4415 8816 4452 8817 4144 8817 4142 8817 4452 8818 4142 8818 4450 8818 4452 8819 4450 8819 4449 8819 4452 8820 4434 8820 4144 8820 4452 8821 4449 8821 4434 8821 4453 8822 4118 8822 4113 8822 4453 8823 4435 8823 4450 8823 4453 8824 4113 8824 4451 8824 4454 8825 4453 8825 4450 8825 4454 8826 4115 8826 4118 8826 4454 8827 4118 8827 4453 8827 4455 8828 4115 8828 4454 8828 4455 8829 4142 8829 4116 8829 4455 8830 4116 8830 4115 8830 4455 8831 4454 8831 4450 8831 4455 8832 4450 8832 4142 8832 4456 8833 4457 8833 4437 8833 4456 8834 4413 8834 4457 8834 4456 8835 4427 8835 4413 8835 4456 8836 4437 8836 4436 8836 4456 8837 4432 8837 4427 8837 4456 8838 4436 8838 4432 8838 4458 8839 4421 8839 4423 8839 4458 8840 4419 8840 4421 8840 4458 8841 4447 8841 4419 8841 4458 8842 4423 8842 4442 8842 4458 8843 4442 8843 4446 8843 4458 8844 4446 8844 4447 8844 4459 8845 4149 8845 4146 8845 4459 8846 4146 8846 4434 8846 4459 8847 4444 8847 4149 8847 4459 8848 4434 8848 4446 8848 4459 8849 4446 8849 4444 8849 4460 8850 4453 8850 4451 8850 4460 8851 4415 8851 4435 8851 4460 8852 4451 8852 4415 8852 4460 8853 4435 8853 4453 8853 4413 8854 4410 8854 4461 8854 4457 8855 4461 8855 4462 8855 4457 8856 4413 8856 4461 8856 4437 8857 4462 8857 4463 8857 4437 8858 4457 8858 4462 8858 4438 8859 4463 8859 4464 8859 4438 8860 4437 8860 4463 8860 4440 8861 4464 8861 4465 8861 4440 8862 4438 8862 4464 8862 4155 8863 4440 8863 4465 8863 4154 8864 4465 8864 4345 8864 4155 8865 4465 8865 4154 8865 4354 8866 4466 8866 4353 8866 4467 8867 4466 8867 4354 8867 4468 8868 4354 8868 4359 8868 4468 8869 4467 8869 4354 8869 4469 8870 4359 8870 4362 8870 4469 8871 4468 8871 4359 8871 4470 8872 4362 8872 4367 8872 4470 8873 4469 8873 4362 8873 4345 8874 4470 8874 4367 8874 4465 8875 4470 8875 4345 8875 4409 8876 4461 8876 4410 8876 4470 8877 4465 8877 4464 8877 4466 8878 4467 8878 4471 8878 4472 8879 4409 8879 4411 8879 4472 8880 4461 8880 4409 8880 4473 8881 4469 8881 4470 8881 4474 8882 4411 8882 4412 8882 4474 8883 4472 8883 4411 8883 4475 8884 4467 8884 4468 8884 4476 8885 4462 8885 4461 8885 4476 8886 4463 8886 4462 8886 4476 8887 4461 8887 4472 8887 4476 8888 4472 8888 4473 8888 4477 8889 4463 8889 4476 8889 4477 8890 4476 8890 4473 8890 4478 8891 4464 8891 4463 8891 4478 8892 4477 8892 4473 8892 4478 8893 4463 8893 4477 8893 4478 8894 4470 8894 4464 8894 4478 8895 4473 8895 4470 8895 4479 8896 4474 8896 4475 8896 4479 8897 4473 8897 4472 8897 4479 8898 4472 8898 4474 8898 4480 8899 4479 8899 4475 8899 4480 8900 4473 8900 4479 8900 4481 8901 4475 8901 4468 8901 4481 8902 4468 8902 4469 8902 4481 8903 4473 8903 4480 8903 4481 8904 4469 8904 4473 8904 4481 8905 4480 8905 4475 8905 4482 8906 4483 8906 4484 8906 4482 8907 4475 8907 4474 8907 4485 8908 4482 8908 4484 8908 4485 8909 4475 8909 4482 8909 4486 8910 4484 8910 4471 8910 4486 8911 4485 8911 4484 8911 4486 8912 4471 8912 4467 8912 4486 8913 4467 8913 4475 8913 4486 8914 4475 8914 4485 8914 4487 8915 4483 8915 4482 8915 4487 8916 4482 8916 4474 8916 4487 8917 4474 8917 4412 8917 4487 8918 4412 8918 4483 8918 4488 8919 4408 8919 4428 8919 4488 8920 4428 8920 4489 8920 4483 8921 4489 8921 4490 8921 4483 8922 4488 8922 4489 8922 4484 8923 4490 8923 4491 8923 4484 8924 4483 8924 4490 8924 4471 8925 4491 8925 4492 8925 4471 8926 4484 8926 4491 8926 4466 8927 4492 8927 4493 8927 4466 8928 4471 8928 4492 8928 4466 8929 4493 8929 4373 8929 4466 8930 4373 8930 4353 8930 4494 8931 4373 8931 4493 8931 4395 8932 4373 8932 4494 8932 4390 8933 4494 8933 4495 8933 4390 8934 4395 8934 4494 8934 4387 8935 4495 8935 4496 8935 4387 8936 4390 8936 4495 8936 4382 8937 4496 8937 4497 8937 4382 8938 4387 8938 4496 8938 4397 8939 4382 8939 4497 8939 4381 8940 4382 8940 4397 8940 4429 8941 4489 8941 4428 8941 4494 8942 4493 8942 4492 8942 4398 8943 4431 8943 4401 8943 4397 8944 4497 8944 4406 8944 4498 8945 4429 8945 4430 8945 4498 8946 4489 8946 4429 8946 4499 8947 4495 8947 4494 8947 4500 8948 4430 8948 4431 8948 4500 8949 4498 8949 4430 8949 4500 8950 4431 8950 4398 8950 4501 8951 4497 8951 4496 8951 4502 8952 4490 8952 4489 8952 4502 8953 4491 8953 4490 8953 4502 8954 4498 8954 4499 8954 4502 8955 4489 8955 4498 8955 4503 8956 4491 8956 4502 8956 4503 8957 4502 8957 4499 8957 4504 8958 4492 8958 4491 8958 4504 8959 4499 8959 4494 8959 4504 8960 4494 8960 4492 8960 4504 8961 4503 8961 4499 8961 4504 8962 4491 8962 4503 8962 4505 8963 4499 8963 4498 8963 4505 8964 4500 8964 4501 8964 4505 8965 4498 8965 4500 8965 4506 8966 4505 8966 4501 8966 4506 8967 4499 8967 4505 8967 4507 8968 4496 8968 4495 8968 4507 8969 4495 8969 4499 8969 4507 8970 4499 8970 4506 8970 4507 8971 4501 8971 4496 8971 4507 8972 4506 8972 4501 8972 4508 8973 4402 8973 4404 8973 4508 8974 4398 8974 4402 8974 4508 8975 4500 8975 4398 8975 4508 8976 4501 8976 4500 8976 4509 8977 4508 8977 4404 8977 4509 8978 4501 8978 4508 8978 4510 8979 4404 8979 4406 8979 4510 8980 4497 8980 4501 8980 4510 8981 4509 8981 4404 8981 4510 8982 4406 8982 4497 8982 4510 8983 4501 8983 4509 8983 3825 8984 3879 8984 3824 8984 4511 8985 4416 8985 4414 8985 4512 8986 3825 8986 3826 8986 4513 8987 3828 8987 3829 8987 4514 8988 4414 8988 3875 8988 4514 8989 3875 8989 3876 8989 4514 8990 4511 8990 4414 8990 4515 8991 3876 8991 3877 8991 4515 8992 4514 8992 3876 8992 4515 8993 4511 8993 4514 8993 4515 8994 4512 8994 4511 8994 4516 8995 3877 8995 3879 8995 4516 8996 3879 8996 3825 8996 4516 8997 4515 8997 3877 8997 4516 8998 3825 8998 4512 8998 4516 8999 4512 8999 4515 8999 4517 9000 4418 9000 4416 9000 4517 9001 4416 9001 4511 9001 4517 9002 4518 9002 4418 9002 4519 9003 4511 9003 4512 9003 4519 9004 4520 9004 4518 9004 4519 9005 4517 9005 4511 9005 4519 9006 4518 9006 4517 9006 4521 9007 3826 9007 3827 9007 4521 9008 4519 9008 4512 9008 4521 9009 3827 9009 4520 9009 4521 9010 4520 9010 4519 9010 4521 9011 4512 9011 3826 9011 4522 9012 4513 9012 4523 9012 4522 9013 4518 9013 4520 9013 4524 9014 4424 9014 4422 9014 4524 9015 4422 9015 4523 9015 4525 9016 4523 9016 4513 9016 4525 9017 4526 9017 4527 9017 4525 9018 4527 9018 4524 9018 4525 9019 4524 9019 4523 9019 4528 9020 4399 9020 4426 9020 4528 9021 4400 9021 4399 9021 4529 9022 3829 9022 3830 9022 4529 9023 3830 9023 4526 9023 4529 9024 4513 9024 3829 9024 4529 9025 4525 9025 4513 9025 4529 9026 4526 9026 4525 9026 4530 9027 4403 9027 4400 9027 4530 9028 4405 9028 4403 9028 4530 9029 4527 9029 4526 9029 4530 9030 4400 9030 4528 9030 4531 9031 4407 9031 4405 9031 4531 9032 4526 9032 3830 9032 4531 9033 4530 9033 4526 9033 4531 9034 4405 9034 4530 9034 4532 9035 4531 9035 3830 9035 4532 9036 3830 9036 3831 9036 4532 9037 3831 9037 4407 9037 4532 9038 4407 9038 4531 9038 4533 9039 4420 9039 4418 9039 4533 9040 4422 9040 4420 9040 4533 9041 4522 9041 4523 9041 4533 9042 4523 9042 4422 9042 4533 9043 4418 9043 4518 9043 4533 9044 4518 9044 4522 9044 4534 9045 3827 9045 3828 9045 4534 9046 4520 9046 3827 9046 4534 9047 4513 9047 4522 9047 4534 9048 3828 9048 4513 9048 4534 9049 4522 9049 4520 9049 4535 9050 4527 9050 4530 9050 4535 9051 4530 9051 4528 9051 4535 9052 4528 9052 4426 9052 4536 9053 4426 9053 4424 9053 4536 9054 4535 9054 4426 9054 4536 9055 4424 9055 4524 9055 4536 9056 4524 9056 4527 9056 4536 9057 4527 9057 4535 9057 925 9058 3674 9058 944 9058 3674 9059 3647 9059 944 9059 3674 9060 3803 9060 3647 9060 3647 9061 3809 9061 3648 9061 3803 9062 3809 9062 3647 9062 3809 9063 3663 9063 3648 9063 923 9064 944 9064 3652 9064 3645 9065 3652 9065 3651 9065 3645 9066 923 9066 3652 9066 3644 9067 3645 9067 3651 9067</p>
        </triangles>
      </mesh>
    </geometry>
  </library_geometries>
  <library_materials>
    <material id="mat_BRACKET_MAX_1_002_shape002" name="BRACKET_MAX_1_002_shape002">
      <instance_effect url="#effect_BRACKET_MAX_1_002_shape002"/>
    </material>
  </library_materials>
  <library_visual_scenes>
    <visual_scene id="myscene">
      <node id="node0" name="node0">
        <instance_geometry url="#geometry0">
          <bind_material>
            <technique_common>
              <instance_material symbol="ref_BRACKET_MAX_1_002_shape002" target="#mat_BRACKET_MAX_1_002_shape002"/>
            </technique_common>
          </bind_material>
        </instance_geometry>
      </node>
    </visual_scene>
  </library_visual_scenes>
  <scene>
    <instance_visual_scene url="#myscene"/>
  </scene>
</COLLADA>
