<COLLADA xmlns="http://www.collada.org/2005/11/COLLADASchema" version="1.4.1">
  <asset>
    <contributor/>
    <created>2026-09-17T08:47:02.757369</created>
    <modified>2026-09-17T08:47:02.757369</modified>
    <unit name="meter" meter="1.0"/>
    <up_axis>Z_UP</up_axis>
  </asset>
  <library_effects>
    <effect id="effect_CasterWheel1_shape001" name="effect_CasterWheel1_shape001">
      <profile_COMMON>
        <technique sid="common">
          <phong>
            <emission>
              <color>0.0 0.0 0.0 1.0</color>
            </emission>
            <ambient>
              <color>0.0 0.0 0.0 1.0</color>
            </ambient>
            <diffuse>
              <color>0.67843097448349 0.7098039984703064 0.7411760091781616 1.0</color>
            </diffuse>
            <specular>
              <color>1 1 1 1.0</color>
            </specular>
            <shininess>
              <float>0.0</float>
            </shininess>
            <reflective>
              <color>0.0 0.0 0.0 1.0</color>
            </reflective>
            <reflectivity>
              <float>0.0</float>
            </reflectivity>
            <transparent>
              <color>0.0 0.0 0.0 1.0</color>
            </transparent>
            <transparency>
              <float>1.0</float>
            </transparency>
          </phong>
        </technique>
        <extra>
          <technique profile="GOOGLEEARTH">
            <double_sided>0</double_sided>
          </technique>
        </extra>
      </profile_COMMON>
    </effect>
  </library_effects>
  <library_geometries>
    <geometry id="geometry0" name="CasterWheel1_shape001">
      <mesh>
        <source id="cubeverts-array0">
          <float_array count="9000" id="cubeverts-array0-array">0.0014 0.005858475 -0.005714195 0.0014 0.002720691 -0.002932208 0.0014 0.005566363 -0.005999113 0.0014 0.002863467 -0.002792947 0.0014 0.006136021 -0.005415071 0.0014 0.002999125 -0.002646743 0.0014 0.002571151 -0.003064178 0.0014 0.005260413 -0.006269115 0.0014 0.003127326 -0.002493959 0.0014 0.006398313 -0.005102484 0.0014 0.002415218 -0.00318853 0.0014 0.004941384 -0.006523532 0.0014 0.006644697 -0.004777212 0.0014 0.003247752 -0.002334975 0.0014 0.00225328 -0.003304955 0.0014 0.00461007 -0.006761731 0.0014 0.003360104 -0.002170185 0.0014 0.006874561 -0.004440063 0.0014 0.002085741 -0.003413163 0.0014 0.004267295 -0.006983119 0.0014 0.003913911 -0.007187145 0.0014 0.007087335 -0.004091875 0.0014 0.003464102 -0.002 0.0014 0.001913016 -0.003512886 0.0014 0.003559487 -0.001824843 0.0014 0.007282487 -0.003733514 0.0014 0.001735535 -0.003603875 0.0014 0.003550796 -0.007373303 0.0014 0.003178853 -0.00754113 0.0014 0.003646024 -0.001645148 0.0014 0.007459535 -0.00336587 0.0014 0.007618037 -0.002989859 0.0014 0.001553739 -0.003685905 0.0014 0.003723495 -0.001461364 0.0014 0.001368081 -0.00375877 0.0014 0.002799007 -0.007690208 0.0014 0.003791709 -0.001273947 0.0014 0.007757599 -0.002606415 0.0014 0.002412202 -0.007820168 0.0014 0.001179021 -0.003822291 0.0014 0.002019401 -0.007930686 0.0014 0.003850497 -0.001083362 0.0014 0.007877875 -0.002216491 0.0014 0.0009870296 -0.003876309 0.0014 0.003899712 -0.0008900837 0.0014 0.007978565 -0.001821056 0.0014 0.0007925846 -0.00392069 0.0014 0.001621578 -0.008021485 0.0014 0.003939231 -0.0006945927 0.0014 0.00805942 -0.001421093 0.0014 0.0005961691 -0.003955323 0.0014 0.001219725 -0.008092343 0.0014 0.003968957 -0.0004973748 0.0014 0.008120236 -0.001017598 0.0014 0.0003982714 -0.003980123 0.0014 0.0008148383 -0.008143083 0.0014 0.003988815 -0.0002989204 0.0014 0.008160866 -0.0006115723 0.0014 0.0001993835 -0.003995028 0.0014 0.0004079262 -0.008173576 0.0014 0.003998757 -9.972277e-05 0.0014 0.008181206 -0.0002040265 0.0014 -8.881784e-19 -0.004 0.0014 -1.817157e-18 -0.008183749 0.0014 0.003998757 9.972277e-05 0.0014 0.008181206 0.0002040265 0.0014 -0.0001993835 -0.003995028 0.0014 -0.0004079262 -0.008173576 0.0014 0.003988815 0.0002989204 0.0014 0.008160866 0.0006115723 0.0014 -0.0003982714 -0.003980123 0.0014 -0.0008148383 -0.008143083 0.0014 -0.001219725 -0.008092343 0.0014 0.003968957 0.0004973748 0.0014 0.008120236 0.001017598 0.0014 -0.0005961691 -0.003955323 0.0014 0.003939231 0.0006945927 0.0014 0.00805942 0.001421093 0.0014 -0.0007925846 -0.00392069 0.0014 -0.001621578 -0.008021485 0.0014 0.003899712 0.0008900837 0.0014 0.007978565 0.001821056 0.0014 0.007877875 0.002216491 0.0014 -0.0009870296 -0.003876309 0.0014 -0.002019401 -0.007930686 0.0014 0.003850497 0.001083362 0.0014 -0.001179021 -0.003822291 0.0014 -0.002412202 -0.007820168 0.0014 0.007757599 0.002606415 0.0014 0.003791709 0.001273947 0.0014 -0.001368081 -0.00375877 0.0014 -0.002799007 -0.007690208 0.0014 0.007618037 0.002989859 0.0014 0.003723495 0.001461364 0.0014 -0.001553739 -0.003685905 0.0014 -0.003178853 -0.00754113 0.0014 -0.003550796 -0.007373303 0.0014 0.007459535 0.00336587 0.0014 0.003646024 0.001645148 0.0014 -0.001735535 -0.003603875 0.0014 0.007282487 0.003733514 0.0014 0.003559487 0.001824843 0.0014 -0.001913016 -0.003512886 0.0014 -0.003913911 -0.007187145 0.0014 0.007087335 0.004091875 0.0014 0.003464102 0.002 0.0014 -0.002085741 -0.003413163 0.0014 -0.004267295 -0.006983119 0.0014 0.006874561 0.004440063 0.0014 0.003360104 0.002170185 0.0014 -0.00225328 -0.003304955 0.0014 -0.00461007 -0.006761731 0.0014 0.006644697 0.004777212 0.0014 0.003247752 0.002334975 0.0014 0.006398313 0.005102484 0.0014 -0.002415218 -0.00318853 0.0014 -0.004941384 -0.006523532 0.0014 0.003127326 0.002493959 0.0014 -0.002571151 -0.003064178 0.0014 -0.005260413 -0.006269115 0.0014 -0.005566363 -0.005999113 0.0014 0.006136021 0.005415071 0.0014 0.002999125 0.002646743 0.0014 -0.002720691 -0.002932208 0.0014 0.005858475 0.005714195 0.0014 0.002863467 0.002792947 0.0014 -0.005858475 -0.005714195 0.0014 -0.002863467 -0.002792947 0.0014 0.005566363 0.005999113 0.0014 0.002720691 0.002932208 0.0014 -0.006136021 -0.005415071 0.0014 -0.003127326 -0.002493959 0.0014 -0.002999125 -0.002646743 0.0014 0.005260413 0.006269115 0.0014 0.002571151 0.003064178 0.0014 0.002415218 0.00318853 0.0014 -0.006398313 -0.005102484 0.0014 0.004941384 0.006523532 0.0014 -0.006644697 -0.004777212 0.0014 -0.003247752 -0.002334975 0.0014 0.00461007 0.006761731 0.0014 0.00225328 0.003304955 0.0014 0.002085741 0.003413163 0.0014 -0.006874561 -0.004440063 0.0014 -0.003360104 -0.002170185 0.0014 0.004267295 0.006983119 0.0014 -0.007087335 -0.004091875 0.0014 -0.003464102 -0.002 0.0014 0.003913911 0.007187145 0.0014 0.001913016 0.003512886 0.0014 0.001735535 0.003603875 0.0014 -0.003559487 -0.001824843 0.0014 -0.007282487 -0.003733514 0.0014 0.003550796 0.007373303 0.0014 -0.003723495 -0.001461364 0.0014 -0.007459535 -0.00336587 0.0014 -0.003646024 -0.001645148 0.0014 0.003178853 0.00754113 0.0014 0.001553739 0.003685905 0.0014 0.001368081 0.00375877 0.0014 -0.007618037 -0.002989859 0.0014 0.002799007 0.007690208 0.0014 -0.007757599 -0.002606415 0.0014 -0.003791709 -0.001273947 0.0014 0.002412202 0.007820168 0.0014 0.001179021 0.003822291 0.0014 -0.007877875 -0.002216491 0.0014 -0.003850497 -0.001083362 0.0014 0.002019401 0.007930686 0.0014 0.0009870296 0.003876309 0.0014 -0.003939231 -0.0006945927 0.0014 -0.007978565 -0.001821056 0.0014 -0.003899712 -0.0008900837 0.0014 0.001621578 0.008021485 0.0014 0.0007925846 0.00392069 0.0014 -0.003968957 -0.0004973748 0.0014 -0.00805942 -0.001421093 0.0014 0.001219725 0.008092343 0.0014 0.0005961691 0.003955323 0.0014 -0.008120236 -0.001017598 0.0014 0.0008148383 0.008143083 0.0014 0.0003982714 0.003980123 0.0014 -0.003988815 -0.0002989204 0.0014 -0.008160866 -0.0006115723 0.0014 0.0004079262 0.008173576 0.0014 0.0001993835 0.003995028 0.0014 -0.003998757 -9.972277e-05 0.0014 -0.008181206 -0.0002040265 0.0014 8.881784e-19 0.004 0.0014 8.171574e-19 0.008183749 0.0014 -0.0001993835 0.003995028 0.0014 -0.003988815 0.0002989204 0.0014 -0.008181206 0.0002040265 0.0014 -0.003998757 9.972277e-05 0.0014 -0.0004079262 0.008173576 0.0014 -0.003968957 0.0004973748 0.0014 -0.008160866 0.0006115723 0.0014 -0.0008148383 0.008143083 0.0014 -0.0003982714 0.003980123 0.0014 -0.008120236 0.001017598 0.0014 -0.001219725 0.008092343 0.0014 -0.0005961691 0.003955323 0.0014 -0.0007925846 0.00392069 0.0014 -0.00805942 0.001421093 0.0014 -0.003939231 0.0006945927 0.0014 -0.001621578 0.008021485 0.0014 -0.007978565 0.001821056 0.0014 -0.003850497 0.001083362 0.0014 -0.003899712 0.0008900837 0.0014 -0.002019401 0.007930686 0.0014 -0.0009870296 0.003876309 0.0014 -0.001179021 0.003822291 0.0014 -0.007877875 0.002216491 0.0014 -0.002412202 0.007820168 0.0014 -0.007757599 0.002606415 0.0014 -0.003791709 0.001273947 0.0014 -0.002799007 0.007690208 0.0014 -0.001368081 0.00375877 0.0014 -0.001553739 0.003685905 0.0014 -0.007618037 0.002989859 0.0014 -0.003646024 0.001645148 0.0014 -0.003723495 0.001461364 0.0014 -0.003178853 0.00754113 0.0014 -0.007459535 0.00336587 0.0014 -0.003550796 0.007373303 0.0014 -0.001735535 0.003603875 0.0014 -0.001913016 0.003512886 0.0014 -0.007282487 0.003733514 0.0014 -0.003559487 0.001824843 0.0014 -0.003913911 0.007187145 0.0014 -0.007087335 0.004091875 0.0014 -0.003464102 0.002 0.0014 -0.004267295 0.006983119 0.0014 -0.002085741 0.003413163 0.0014 -0.00225328 0.003304955 0.0014 -0.006874561 0.004440063 0.0014 -0.003360104 0.002170185 0.0014 -0.00461007 0.006761731 0.0014 -0.006644697 0.004777212 0.0014 -0.003247752 0.002334975 0.0014 -0.004941384 0.006523532 0.0014 -0.002415218 0.00318853 0.0014 -0.006398313 0.005102484 0.0014 -0.003127326 0.002493959 0.0014 -0.005260413 0.006269115 0.0014 -0.002571151 0.003064178 0.0014 -0.002999125 0.002646743 0.0014 -0.006136021 0.005415071 0.0014 -0.005566363 0.005999113 0.0014 -0.002720691 0.002932208 0.0014 -0.005858475 0.005714195 0.0014 -0.002863467 0.002792947 0.0064 8.171574e-19 0.008183749 0.0064 -0.0004079262 0.008173576 0.0064 -0.0008148383 0.008143083 0.0064 -0.001219725 0.008092343 0.0064 -0.001621578 0.008021485 0.0064 -0.002019401 0.007930686 0.0064 -0.002412202 0.007820168 0.0064 -0.002799007 0.007690208 0.0064 -0.003178853 0.00754113 0.0064 -0.003550796 0.007373303 0.0064 -0.003913911 0.007187145 0.0064 -0.004267295 0.006983119 0.0064 -0.00461007 0.006761731 0.0064 -0.004941384 0.006523532 0.0064 -0.005260413 0.006269115 0.0064 -0.005566363 0.005999113 0.0064 -0.005858475 0.005714195 0.0064 -0.006136021 0.005415071 0.0064 -0.006398313 0.005102484 0.0064 -0.006644697 0.004777212 0.0064 -0.006874561 0.004440063 0.0064 -0.007087335 0.004091875 0.0064 -0.007282487 0.003733514 0.0064 -0.007459535 0.00336587 0.0064 -0.007618037 0.002989859 0.0064 -0.007757599 0.002606415 0.0064 -0.007877875 0.002216491 0.0064 -0.007978565 0.001821056 0.0064 -0.00805942 0.001421093 0.0064 -0.008120236 0.001017598 0.0064 -0.008160866 0.0006115723 0.0064 -0.008181206 0.0002040265 0.0064 -0.008181206 -0.0002040265 0.0064 -0.008160866 -0.0006115723 0.0064 -0.008120236 -0.001017598 0.0064 -0.00805942 -0.001421093 0.0064 -0.007978565 -0.001821056 0.0064 -0.007877875 -0.002216491 0.0064 -0.007757599 -0.002606415 0.0064 -0.007618037 -0.002989859 0.0064 -0.007459535 -0.00336587 0.0064 -0.007282487 -0.003733514 0.0064 -0.007087335 -0.004091875 0.0064 -0.006874561 -0.004440063 0.0064 -0.006644697 -0.004777212 0.0064 -0.006398313 -0.005102484 0.0064 -0.006136021 -0.005415071 0.0064 -0.005858475 -0.005714195 0.0064 -0.005566363 -0.005999113 0.0064 -0.005260413 -0.006269115 0.0064 -0.004941384 -0.006523532 0.0064 -0.00461007 -0.006761731 0.0064 -0.004267295 -0.006983119 0.0064 -0.003913911 -0.007187145 0.0064 -0.003550796 -0.007373303 0.0064 -0.003178853 -0.00754113 0.0064 -0.002799007 -0.007690208 0.0064 -0.002412202 -0.007820168 0.0064 -0.002019401 -0.007930686 0.0064 -0.001621578 -0.008021485 0.0064 -0.001219725 -0.008092343 0.0064 -0.0008148383 -0.008143083 0.0064 -0.0004079262 -0.008173576 0.0064 -1.817157e-18 -0.008183749 0.0064 0.0004079262 -0.008173576 0.0064 0.0008148383 -0.008143083 0.0064 0.001219725 -0.008092343 0.0064 0.001621578 -0.008021485 0.0064 0.002019401 -0.007930686 0.0064 0.002412202 -0.007820168 0.0064 0.002799007 -0.007690208 0.0064 0.003178853 -0.00754113 0.0064 0.003550796 -0.007373303 0.0064 0.003913911 -0.007187145 0.0064 0.004267295 -0.006983119 0.0064 0.00461007 -0.006761731 0.0064 0.004941384 -0.006523532 0.0064 0.005260413 -0.006269115 0.0064 0.005566363 -0.005999113 0.0064 0.005858475 -0.005714195 0.0064 0.006136021 -0.005415071 0.0064 0.006398313 -0.005102484 0.0064 0.006644697 -0.004777212 0.0064 0.006874561 -0.004440063 0.0064 0.007087335 -0.004091875 0.0064 0.007282487 -0.003733514 0.0064 0.007459535 -0.00336587 0.0064 0.007618037 -0.002989859 0.0064 0.007757599 -0.002606415 0.0064 0.007877875 -0.002216491 0.0064 0.007978565 -0.001821056 0.0064 0.00805942 -0.001421093 0.0064 0.008120236 -0.001017598 0.0064 0.008160866 -0.0006115723 0.0064 0.008181206 -0.0002040265 0.0064 0.008181206 0.0002040265 0.0064 0.008160866 0.0006115723 0.0064 0.008120236 0.001017598 0.0064 0.00805942 0.001421093 0.0064 0.007978565 0.001821056 0.0064 0.007877875 0.002216491 0.0064 0.007757599 0.002606415 0.0064 0.007618037 0.002989859 0.0064 0.007459535 0.00336587 0.0064 0.007282487 0.003733514 0.0064 0.007087335 0.004091875 0.0064 0.006874561 0.004440063 0.0064 0.006644697 0.004777212 0.0064 0.006398313 0.005102484 0.0064 0.006136021 0.005415071 0.0064 0.005858475 0.005714195 0.0064 0.005566363 0.005999113 0.0064 0.005260413 0.006269115 0.0064 0.004941384 0.006523532 0.0064 0.00461007 0.006761731 0.0064 0.004267295 0.006983119 0.0064 0.003913911 0.007187145 0.0064 0.003550796 0.007373303 0.0064 0.003178853 0.00754113 0.0064 0.002799007 0.007690208 0.0064 0.002412202 0.007820168 0.0064 0.002019401 0.007930686 0.0064 0.001621578 0.008021485 0.0064 0.001219725 0.008092343 0.0064 0.0008148383 0.008143083 0.0064 0.0004079262 0.008173576 -0.0014 8.171574e-19 0.008183749 -0.0014 -0.0004079262 0.008173576 -0.0064 8.171574e-19 0.008183749 -0.0064 -0.0004079262 0.008173576 -0.0014 -0.0008148383 0.008143083 -0.0064 -0.0008148383 0.008143083 -0.0014 -0.001219725 0.008092343 -0.0064 -0.001219725 0.008092343 -0.0014 -0.001621578 0.008021485 -0.0064 -0.001621578 0.008021485 -0.0014 -0.002019401 0.007930686 -0.0064 -0.002019401 0.007930686 -0.0014 -0.002412202 0.007820168 -0.0064 -0.002412202 0.007820168 -0.0014 -0.002799007 0.007690208 -0.0064 -0.002799007 0.007690208 -0.0014 -0.003178853 0.00754113 -0.0064 -0.003178853 0.00754113 -0.0014 -0.003550796 0.007373303 -0.0064 -0.003550796 0.007373303 -0.0014 -0.003913911 0.007187145 -0.0064 -0.003913911 0.007187145 -0.0014 -0.004267295 0.006983119 -0.0064 -0.004267295 0.006983119 -0.0014 -0.00461007 0.006761731 -0.0064 -0.00461007 0.006761731 -0.0014 -0.004941384 0.006523532 -0.0064 -0.004941384 0.006523532 -0.0014 -0.005260413 0.006269115 -0.0064 -0.005260413 0.006269115 -0.0014 -0.005566363 0.005999113 -0.0064 -0.005566363 0.005999113 -0.0014 -0.005858475 0.005714195 -0.0064 -0.005858475 0.005714195 -0.0014 -0.006136021 0.005415071 -0.0064 -0.006136021 0.005415071 -0.0014 -0.006398313 0.005102484 -0.0064 -0.006398313 0.005102484 -0.0014 -0.006644697 0.004777212 -0.0064 -0.006644697 0.004777212 -0.0014 -0.006874561 0.004440063 -0.0064 -0.006874561 0.004440063 -0.0014 -0.007087335 0.004091875 -0.0064 -0.007087335 0.004091875 -0.0014 -0.007282487 0.003733514 -0.0064 -0.007282487 0.003733514 -0.0014 -0.007459535 0.00336587 -0.0064 -0.007459535 0.00336587 -0.0014 -0.007618037 0.002989859 -0.0064 -0.007618037 0.002989859 -0.0014 -0.007757599 0.002606415 -0.0064 -0.007757599 0.002606415 -0.0014 -0.007877875 0.002216491 -0.0064 -0.007877875 0.002216491 -0.0014 -0.007978565 0.001821056 -0.0064 -0.007978565 0.001821056 -0.0014 -0.00805942 0.001421093 -0.0064 -0.00805942 0.001421093 -0.0014 -0.008120236 0.001017598 -0.0064 -0.008120236 0.001017598 -0.0014 -0.008160866 0.0006115723 -0.0064 -0.008160866 0.0006115723 -0.0014 -0.008181206 0.0002040265 -0.0064 -0.008181206 0.0002040265 -0.0064 -0.008181206 -0.0002040265 -0.0014 -0.008181206 -0.0002040265 -0.0064 -0.008160866 -0.0006115723 -0.0014 -0.008160866 -0.0006115723 -0.0014 -0.008120236 -0.001017598 -0.0064 -0.008120236 -0.001017598 -0.0014 -0.00805942 -0.001421093 -0.0064 -0.00805942 -0.001421093 -0.0064 -0.007978565 -0.001821056 -0.0014 -0.007978565 -0.001821056 -0.0014 -0.007877875 -0.002216491 -0.0064 -0.007877875 -0.002216491 -0.0064 -0.007757599 -0.002606415 -0.0014 -0.007757599 -0.002606415 -0.0014 -0.007618037 -0.002989859 -0.0064 -0.007618037 -0.002989859 -0.0064 -0.007459535 -0.00336587 -0.0014 -0.007459535 -0.00336587 -0.0014 -0.007282487 -0.003733514 -0.0064 -0.007282487 -0.003733514 -0.0014 -0.007087335 -0.004091875 -0.0064 -0.007087335 -0.004091875 -0.0014 -0.006874561 -0.004440063 -0.0064 -0.006874561 -0.004440063 -0.0014 -0.006644697 -0.004777212 -0.0064 -0.006644697 -0.004777212 -0.0014 -0.006398313 -0.005102484 -0.0064 -0.006398313 -0.005102484 -0.0064 -0.006136021 -0.005415071 -0.0014 -0.006136021 -0.005415071 -0.0014 -0.005858475 -0.005714195 -0.0064 -0.005858475 -0.005714195 -0.0014 -0.005566363 -0.005999113 -0.0064 -0.005566363 -0.005999113 -0.0064 -0.005260413 -0.006269115 -0.0014 -0.005260413 -0.006269115 -0.0014 -0.004941384 -0.006523532 -0.0064 -0.004941384 -0.006523532 -0.0014 -0.00461007 -0.006761731 -0.0064 -0.00461007 -0.006761731 -0.0064 -0.004267295 -0.006983119 -0.0014 -0.004267295 -0.006983119 -0.0014 -0.003913911 -0.007187145 -0.0064 -0.003913911 -0.007187145 -0.0014 -0.003550796 -0.007373303 -0.0064 -0.003550796 -0.007373303 -0.0014 -0.003178853 -0.00754113 -0.0064 -0.003178853 -0.00754113 -0.0014 -0.002799007 -0.007690208 -0.0064 -0.002799007 -0.007690208 -0.0014 -0.002412202 -0.007820168 -0.0064 -0.002412202 -0.007820168 -0.0014 -0.002019401 -0.007930686 -0.0064 -0.002019401 -0.007930686 -0.0014 -0.001621578 -0.008021485 -0.0064 -0.001621578 -0.008021485 -0.0014 -0.001219725 -0.008092343 -0.0064 -0.001219725 -0.008092343 -0.0014 -0.0008148383 -0.008143083 -0.0064 -0.0008148383 -0.008143083 -0.0014 -0.0004079262 -0.008173576 -0.0064 -0.0004079262 -0.008173576 -0.0064 -1.817157e-18 -0.008183749 -0.0014 -1.817157e-18 -0.008183749 -0.0014 0.0004079262 -0.008173576 -0.0064 0.0004079262 -0.008173576 -0.0014 0.0008148383 -0.008143083 -0.0064 0.0008148383 -0.008143083 -0.0064 0.001219725 -0.008092343 -0.0014 0.001219725 -0.008092343 -0.0064 0.001621578 -0.008021485 -0.0014 0.001621578 -0.008021485 -0.0014 0.002019401 -0.007930686 -0.0064 0.002019401 -0.007930686 -0.0014 0.002412202 -0.007820168 -0.0064 0.002412202 -0.007820168 -0.0014 0.002799007 -0.007690208 -0.0064 0.002799007 -0.007690208 -0.0014 0.003178853 -0.00754113 -0.0064 0.003178853 -0.00754113 -0.0014 0.003550796 -0.007373303 -0.0064 0.003550796 -0.007373303 -0.0064 0.003913911 -0.007187145 -0.0014 0.003913911 -0.007187145 -0.0064 0.004267295 -0.006983119 -0.0014 0.004267295 -0.006983119 -0.0014 0.00461007 -0.006761731 -0.0064 0.00461007 -0.006761731 -0.0014 0.004941384 -0.006523532 -0.0064 0.004941384 -0.006523532 -0.0014 0.005260413 -0.006269115 -0.0064 0.005260413 -0.006269115 -0.0014 0.005566363 -0.005999113 -0.0064 0.005566363 -0.005999113 -0.0014 0.005858475 -0.005714195 -0.0064 0.005858475 -0.005714195 -0.0014 0.006136021 -0.005415071 -0.0064 0.006136021 -0.005415071 -0.0014 0.006398313 -0.005102484 -0.0064 0.006398313 -0.005102484 -0.0064 0.006644697 -0.004777212 -0.0014 0.006644697 -0.004777212 -0.0064 0.006874561 -0.004440063 -0.0014 0.006874561 -0.004440063 -0.0064 0.007087335 -0.004091875 -0.0014 0.007087335 -0.004091875 -0.0014 0.007282487 -0.003733514 -0.0064 0.007282487 -0.003733514 -0.0064 0.007459535 -0.00336587 -0.0014 0.007459535 -0.00336587 -0.0014 0.007618037 -0.002989859 -0.0064 0.007618037 -0.002989859 -0.0014 0.007757599 -0.002606415 -0.0064 0.007757599 -0.002606415 -0.0064 0.007877875 -0.002216491 -0.0014 0.007877875 -0.002216491 -0.0014 0.007978565 -0.001821056 -0.0064 0.007978565 -0.001821056 -0.0064 0.00805942 -0.001421093 -0.0014 0.00805942 -0.001421093 -0.0064 0.008120236 -0.001017598 -0.0014 0.008120236 -0.001017598 -0.0014 0.008160866 -0.0006115723 -0.0064 0.008160866 -0.0006115723 -0.0014 0.008181206 -0.0002040265 -0.0064 0.008181206 -0.0002040265 -0.0014 0.008181206 0.0002040265 -0.0064 0.008181206 0.0002040265 -0.0064 0.008160866 0.0006115723 -0.0014 0.008160866 0.0006115723 -0.0064 0.008120236 0.001017598 -0.0014 0.008120236 0.001017598 -0.0014 0.00805942 0.001421093 -0.0064 0.00805942 0.001421093 -0.0064 0.007978565 0.001821056 -0.0014 0.007978565 0.001821056 -0.0014 0.007877875 0.002216491 -0.0064 0.007877875 0.002216491 -0.0014 0.007757599 0.002606415 -0.0064 0.007757599 0.002606415 -0.0014 0.007618037 0.002989859 -0.0064 0.007618037 0.002989859 -0.0064 0.007459535 0.00336587 -0.0014 0.007459535 0.00336587 -0.0014 0.007282487 0.003733514 -0.0064 0.007282487 0.003733514 -0.0064 0.007087335 0.004091875 -0.0014 0.007087335 0.004091875 -0.0064 0.006874561 0.004440063 -0.0014 0.006874561 0.004440063 -0.0014 0.006644697 0.004777212 -0.0064 0.006644697 0.004777212 -0.0014 0.006398313 0.005102484 -0.0064 0.006398313 0.005102484 -0.0014 0.006136021 0.005415071 -0.0064 0.006136021 0.005415071 -0.0064 0.005858475 0.005714195 -0.0014 0.005858475 0.005714195 -0.0064 0.005566363 0.005999113 -0.0014 0.005566363 0.005999113 -0.0014 0.005260413 0.006269115 -0.0064 0.005260413 0.006269115 -0.0064 0.004941384 0.006523532 -0.0014 0.004941384 0.006523532 -0.0014 0.00461007 0.006761731 -0.0064 0.00461007 0.006761731 -0.0014 0.004267295 0.006983119 -0.0064 0.004267295 0.006983119 -0.0064 0.003913911 0.007187145 -0.0014 0.003913911 0.007187145 -0.0014 0.003550796 0.007373303 -0.0064 0.003550796 0.007373303 -0.0064 0.003178853 0.00754113 -0.0014 0.003178853 0.00754113 -0.0064 0.002799007 0.007690208 -0.0014 0.002799007 0.007690208 -0.0014 0.002412202 0.007820168 -0.0064 0.002412202 0.007820168 -0.0064 0.002019401 0.007930686 -0.0014 0.002019401 0.007930686 -0.0014 0.001621578 0.008021485 -0.0064 0.001621578 0.008021485 -0.0014 0.001219725 0.008092343 -0.0064 0.001219725 0.008092343 -0.0064 0.0008148383 0.008143083 -0.0014 0.0008148383 0.008143083 -0.0014 0.0004079262 0.008173576 -0.0064 0.0004079262 0.008173576 -0.0014 -0.002863467 -0.002792947 -0.0014 -0.002720691 -0.002932208 -0.0014 -0.002999125 -0.002646743 -0.0014 -0.002571151 -0.003064178 -0.0014 -0.003127326 -0.002493959 -0.0014 -0.002415218 -0.00318853 -0.0014 -0.003247752 -0.002334975 -0.0014 -0.00225328 -0.003304955 -0.0014 -0.003360104 -0.002170185 -0.0014 -0.002085741 -0.003413163 -0.0014 -0.003464102 -0.002 -0.0014 -0.001913016 -0.003512886 -0.0014 -0.003559487 -0.001824843 -0.0014 -0.001735535 -0.003603875 -0.0014 -0.003646024 -0.001645148 -0.0014 -0.001553739 -0.003685905 -0.0014 -0.003723495 -0.001461364 -0.0014 -0.001368081 -0.00375877 -0.0014 -0.003791709 -0.001273947 -0.0014 -0.001179021 -0.003822291 -0.0014 -0.003850497 -0.001083362 -0.0014 -0.0009870296 -0.003876309 -0.0014 -0.003899712 -0.0008900837 -0.0014 -0.0007925846 -0.00392069 -0.0014 -0.003939231 -0.0006945927 -0.0014 -0.0005961691 -0.003955323 -0.0014 -0.003968957 -0.0004973748 -0.0014 -0.0003982714 -0.003980123 -0.0014 -0.003988815 -0.0002989204 -0.0014 -0.0001993835 -0.003995028 -0.0014 -0.003998757 -9.972277e-05 -0.0014 -8.881784e-19 -0.004 -0.0014 -0.003998757 9.972277e-05 -0.0014 0.0001993835 -0.003995028 -0.0014 -0.003988815 0.0002989204 -0.0014 0.0003982714 -0.003980123 -0.0014 -0.003968957 0.0004973748 -0.0014 0.0005961691 -0.003955323 -0.0014 -0.003939231 0.0006945927 -0.0014 0.0007925846 -0.00392069 -0.0014 -0.003899712 0.0008900837 -0.0014 0.0009870296 -0.003876309 -0.0014 -0.003850497 0.001083362 -0.0014 0.001179021 -0.003822291 -0.0014 -0.003791709 0.001273947 -0.0014 0.001368081 -0.00375877 -0.0014 -0.003723495 0.001461364 -0.0014 0.001553739 -0.003685905 -0.0014 -0.003646024 0.001645148 -0.0014 0.001735535 -0.003603875 -0.0014 -0.003559487 0.001824843 -0.0014 0.001913016 -0.003512886 -0.0014 -0.003464102 0.002 -0.0014 0.002085741 -0.003413163 -0.0014 -0.003360104 0.002170185 -0.0014 0.00225328 -0.003304955 -0.0014 -0.003247752 0.002334975 -0.0014 0.002415218 -0.00318853 -0.0014 -0.003127326 0.002493959 -0.0014 0.002571151 -0.003064178 -0.0014 -0.002999125 0.002646743 -0.0014 0.002720691 -0.002932208 -0.0014 -0.002863467 0.002792947 -0.0014 0.002863467 -0.002792947 -0.0014 -0.002720691 0.002932208 -0.0014 0.002999125 -0.002646743 -0.0014 -0.002571151 0.003064178 -0.0014 -0.002415218 0.00318853 -0.0014 0.003127326 -0.002493959 -0.0014 0.003247752 -0.002334975 -0.0014 -0.00225328 0.003304955 -0.0014 -0.002085741 0.003413163 -0.0014 0.003360104 -0.002170185 -0.0014 0.003464102 -0.002 -0.0014 -0.001913016 0.003512886 -0.0014 0.003559487 -0.001824843 -0.0014 -0.001735535 0.003603875 -0.0014 0.003646024 -0.001645148 -0.0014 -0.001553739 0.003685905 -0.0014 -0.001368081 0.00375877 -0.0014 0.003723495 -0.001461364 -0.0014 0.003791709 -0.001273947 -0.0014 -0.001179021 0.003822291 -0.0014 0.003850497 -0.001083362 -0.0014 0.003899712 -0.0008900837 -0.0014 -0.0009870296 0.003876309 -0.0014 -0.0007925846 0.00392069 -0.0014 0.003939231 -0.0006945927 -0.0014 -0.0005961691 0.003955323 -0.0014 0.003968957 -0.0004973748 -0.0014 0.003988815 -0.0002989204 -0.0014 -0.0003982714 0.003980123 -0.0014 -0.0001993835 0.003995028 -0.0014 8.881784e-19 0.004 -0.0014 0.003998757 -9.972277e-05 -0.0014 0.003998757 9.972277e-05 -0.0014 0.003988815 0.0002989204 -0.0014 0.0001993835 0.003995028 -0.0014 0.0003982714 0.003980123 -0.0014 0.003968957 0.0004973748 -0.0014 0.0005961691 0.003955323 -0.0014 0.0007925846 0.00392069 -0.0014 0.003939231 0.0006945927 -0.0014 0.003899712 0.0008900837 -0.0014 0.0009870296 0.003876309 -0.0014 0.001179021 0.003822291 -0.0014 0.003850497 0.001083362 -0.0014 0.003791709 0.001273947 -0.0014 0.003723495 0.001461364 -0.0014 0.001368081 0.00375877 -0.0014 0.001553739 0.003685905 -0.0014 0.003646024 0.001645148 -0.0014 0.001735535 0.003603875 -0.0014 0.001913016 0.003512886 -0.0014 0.003559487 0.001824843 -0.0014 0.002085741 0.003413163 -0.0014 0.003464102 0.002 -0.0014 0.00225328 0.003304955 -0.0014 0.003360104 0.002170185 -0.0014 0.003247752 0.002334975 -0.0014 0.002415218 0.00318853 -0.0014 0.002571151 0.003064178 -0.0014 0.003127326 0.002493959 -0.0014 0.002999125 0.002646743 -0.0014 0.002720691 0.002932208 -0.0014 0.002863467 0.002792947 0.0064 -0.00754566 -0.006838988 0.0064 -0.007200998 -0.007200998 0.0064 -0.006838988 -0.00754566 0.0064 -0.007872145 -0.006460502 0.0064 -0.006460502 -0.007872145 0.0064 -0.008179664 -0.006066452 0.0064 -0.006066452 -0.008179664 0.0064 -0.008467478 -0.005657788 0.0064 -0.005657788 -0.008467478 0.0064 -0.008734893 -0.005235493 0.0064 -0.005235493 -0.008734893 0.0064 -0.008981265 -0.004800586 0.0064 -0.004800586 -0.008981265 0.0064 -0.009206 -0.004354114 0.0064 -0.004354114 -0.009206 0.0064 -0.009408557 -0.003897152 0.0064 -0.003897152 -0.009408557 0.0064 -0.009588449 -0.003430802 0.0064 -0.003430802 -0.009588449 0.0064 -0.00974524 -0.002956186 0.0064 -0.002956186 -0.00974524 0.0064 -0.009878555 -0.002474449 0.0064 -0.002474449 -0.009878555 0.0064 -0.009988071 -0.001986751 0.0064 -0.001986751 -0.009988071 0.0064 -0.01007353 -0.001494266 0.0064 -0.001494266 -0.01007353 0.0064 -0.01013471 -0.0009981819 0.0064 -0.0009981819 -0.01013471 0.0064 -0.01017148 -0.0004996929 0.0064 -0.0004996929 -0.01017148 0.0064 -0.01018375 1.261247e-18 0.0064 -2.261247e-18 -0.01018375 0.0064 0.0005049485 -0.01017122 0.0064 -0.01017122 0.0005049485 0.0064 0.001008655 -0.01013367 0.0064 -0.01013367 0.001008655 0.0064 0.00150988 -0.0100712 0.0064 -0.0100712 0.00150988 0.0064 0.00200739 -0.009983944 0.0064 -0.009983944 0.00200739 0.0064 0.002499963 -0.009872129 0.0064 -0.009872129 0.002499963 0.0064 0.002986385 -0.009736029 0.0064 -0.009736029 0.002986385 0.0064 0.00346546 -0.009575976 0.0064 -0.009575976 0.00346546 0.0064 0.003936011 -0.009392367 0.0064 -0.009392367 0.003936011 0.0064 0.004396878 -0.009185653 0.0064 -0.009185653 0.004396878 0.0064 0.004846929 -0.00895634 0.0064 -0.00895634 0.004846929 0.0064 0.005285056 -0.008704994 0.0064 -0.008704994 0.005285056 0.0064 0.005710181 -0.008432234 0.0064 -0.008432234 0.005710181 0.0064 0.00612126 -0.00813873 0.0064 -0.00813873 0.00612126 0.0064 0.006517279 -0.007825204 0.0064 -0.007825204 0.006517279 0.0064 -0.007492428 0.006897265 0.0064 0.006897265 -0.007492428 0.0064 -0.00714122 0.007260284 0.0064 0.007260284 -0.00714122 0.0064 -0.006772443 0.007605443 0.0064 0.007605443 -0.006772443 0.0064 -0.006387007 0.007931891 0.0064 0.007931891 -0.006387007 0.0064 -0.005985857 0.008238826 0.0064 0.008238826 -0.005985857 0.0064 -0.005569983 0.008525494 0.0064 0.008525494 -0.005569983 0.0064 -0.005140406 0.008791187 0.0064 0.008791187 -0.005140406 0.0064 -0.004698183 0.009035254 0.0064 0.009035254 -0.004698183 0.0064 -0.004244402 0.009257094 0.0064 0.009257094 -0.004244402 0.0064 -0.00378018 0.009456161 0.0064 0.009456161 -0.00378018 0.0064 -0.003306658 0.009631966 0.0064 0.009631966 -0.003306658 0.0064 -0.002825002 0.009784075 0.0064 0.009784075 -0.002825002 0.0064 -0.002336396 0.009912114 0.0064 0.009912114 -0.002336396 0.0064 -0.001842042 0.01001577 0.0064 0.01001577 -0.001842042 0.0064 -0.001343157 0.01009478 0.0064 0.01009478 -0.001343157 0.0064 -0.0008409674 0.01014897 0.0064 0.01014897 -0.0008409674 0.0064 -0.0003367091 0.01017818 0.0064 0.01017818 -0.0003367091 0.0064 0.0001683775 0.01018236 0.0064 0.01018236 0.0001683775 0.0064 0.0006730499 0.01016148 0.0064 0.01016148 0.0006730499 0.0064 0.001176067 0.01011561 0.0064 0.01011561 0.001176067 0.0064 0.00167619 0.01004486 0.0064 0.01004486 0.00167619 0.0064 0.00217219 0.009949389 0.0064 0.009949389 0.00217219 0.0064 0.002662846 0.009829445 0.0064 0.009829445 0.002662846 0.0064 0.003146951 0.009685321 0.0064 0.009685321 0.003146951 0.0064 0.003623315 0.00951737 0.0064 0.00951737 0.003623315 0.0064 0.004090765 0.009326006 0.0064 0.009326006 0.004090765 0.0064 0.004548152 0.009111699 0.0064 0.009111699 0.004548152 0.0064 0.00499435 0.008874977 0.0064 0.008874977 0.00499435 0.0064 0.005428261 0.008616422 0.0064 0.008616422 0.005428261 0.0064 0.005848819 0.00833667 0.0064 0.00833667 0.005848819 0.0064 0.006254988 0.008036409 0.0064 0.008036409 0.006254988 0.0064 0.00664577 0.007716378 0.0064 0.007716378 0.00664577 0.0064 0.007377365 0.007020202 0.0064 0.007020202 0.007377365 -0.0064 0.007605443 -0.006772443 -0.0064 0.007260284 -0.00714122 -0.0064 0.006897265 -0.007492428 -0.0064 0.007931891 -0.006387007 -0.0064 0.006517279 -0.007825204 -0.0064 0.008238826 -0.005985857 -0.0064 0.00612126 -0.00813873 -0.0064 0.008525494 -0.005569983 -0.0064 0.005710181 -0.008432234 -0.0064 0.008791187 -0.005140406 -0.0064 0.005285056 -0.008704994 -0.0064 0.009035254 -0.004698183 -0.0064 0.004846929 -0.00895634 -0.0064 0.009257094 -0.004244402 -0.0064 0.004396878 -0.009185653 -0.0064 0.009456161 -0.00378018 -0.0064 0.003936011 -0.009392367 -0.0064 0.009631966 -0.003306658 -0.0064 0.00346546 -0.009575976 -0.0064 0.009784075 -0.002825002 -0.0064 0.002986385 -0.009736029 -0.0064 0.009912114 -0.002336396 -0.0064 0.002499963 -0.009872129 -0.0064 0.01001577 -0.001842042 -0.0064 0.00200739 -0.009983944 -0.0064 0.01009478 -0.001343157 -0.0064 0.00150988 -0.0100712 -0.0064 0.01014897 -0.0008409674 -0.0064 0.001008655 -0.01013367 -0.0064 0.01017818 -0.0003367091 -0.0064 0.0005049485 -0.01017122 -0.0064 0.01018236 0.0001683775 -0.0064 -2.261247e-18 -0.01018375 -0.0064 -0.0004996929 -0.01017148 -0.0064 0.01016148 0.0006730499 -0.0064 -0.0009981819 -0.01013471 -0.0064 0.01011561 0.001176067 -0.0064 -0.001494266 -0.01007353 -0.0064 0.01004486 0.00167619 -0.0064 -0.001986751 -0.009988071 -0.0064 0.009949389 0.00217219 -0.0064 -0.002474449 -0.009878555 -0.0064 0.009829445 0.002662846 -0.0064 -0.002956186 -0.00974524 -0.0064 0.009685321 0.003146951 -0.0064 -0.003430802 -0.009588449 -0.0064 0.00951737 0.003623315 -0.0064 -0.003897152 -0.009408557 -0.0064 0.009326006 0.004090765 -0.0064 -0.004354114 -0.009206 -0.0064 0.009111699 0.004548152 -0.0064 -0.004800586 -0.008981265 -0.0064 0.008874977 0.00499435 -0.0064 -0.005235493 -0.008734893 -0.0064 0.008616422 0.005428261 -0.0064 -0.005657788 -0.008467478 -0.0064 0.00833667 0.005848819 -0.0064 -0.006066452 -0.008179664 -0.0064 0.008036409 0.006254988 -0.0064 -0.006460502 -0.007872145 -0.0064 0.007716378 0.00664577 -0.0064 -0.006838988 -0.00754566 -0.0064 0.007377365 0.007020202 -0.0064 -0.007200998 -0.007200998 -0.0064 0.007020202 0.007377365 -0.0064 -0.00754566 -0.006838988 -0.0064 0.00664577 0.007716378 -0.0064 -0.007872145 -0.006460502 -0.0064 0.006254988 0.008036409 -0.0064 -0.008179664 -0.006066452 -0.0064 0.005848819 0.00833667 -0.0064 -0.008467478 -0.005657788 -0.0064 0.005428261 0.008616422 -0.0064 -0.008734893 -0.005235493 -0.0064 0.00499435 0.008874977 -0.0064 -0.008981265 -0.004800586 -0.0064 0.004548152 0.009111699 -0.0064 -0.009206 -0.004354114 -0.0064 0.004090765 0.009326006 -0.0064 -0.009408557 -0.003897152 -0.0064 0.003623315 0.00951737 -0.0064 -0.009588449 -0.003430802 -0.0064 0.003146951 0.009685321 -0.0064 -0.00974524 -0.002956186 -0.0064 0.002662846 0.009829445 -0.0064 -0.009878555 -0.002474449 -0.0064 0.00217219 0.009949389 -0.0064 -0.009988071 -0.001986751 -0.0064 0.00167619 0.01004486 -0.0064 -0.01007353 -0.001494266 -0.0064 0.001176067 0.01011561 -0.0064 -0.01013471 -0.0009981819 -0.0064 0.0006730499 0.01016148 -0.0064 -0.01017148 -0.0004996929 -0.0064 0.0001683775 0.01018236 -0.0064 -0.01018375 1.261247e-18 -0.0064 -0.0003367091 0.01017818 -0.0064 -0.01017122 0.0005049485 -0.0064 -0.0008409674 0.01014897 -0.0064 -0.01013367 0.001008655 -0.0064 -0.001343157 0.01009478 -0.0064 -0.0100712 0.00150988 -0.0064 -0.001842042 0.01001577 -0.0064 -0.009983944 0.00200739 -0.0064 -0.002336396 0.009912114 -0.0064 -0.009872129 0.002499963 -0.0064 -0.002825002 0.009784075 -0.0064 -0.009736029 0.002986385 -0.0064 -0.003306658 0.009631966 -0.0064 -0.009575976 0.00346546 -0.0064 -0.00378018 0.009456161 -0.0064 -0.009392367 0.003936011 -0.0064 -0.004244402 0.009257094 -0.0064 -0.009185653 0.004396878 -0.0064 -0.004698183 0.009035254 -0.0064 -0.00895634 0.004846929 -0.0064 -0.005140406 0.008791187 -0.0064 -0.008704994 0.005285056 -0.0064 -0.005569983 0.008525494 -0.0064 -0.008432234 0.005710181 -0.0064 -0.005985857 0.008238826 -0.0064 -0.00813873 0.00612126 -0.0064 -0.006387007 0.007931891 -0.0064 -0.007825204 0.006517279 -0.0064 -0.006772443 0.007605443 -0.0064 -0.007492428 0.006897265 -0.0064 -0.00714122 0.007260284 -0.006011115 -0.01049165 1.060616e-18 0.006011115 -0.01049165 1.060616e-18 -0.005619956 -0.01074301 -0.0007815591 -0.005607441 -0.01077989 1.09003e-18 -0.00518997 -0.01104776 1.117364e-18 -0.005619956 -0.01072134 -0.001037267 -0.005419381 -0.01085351 -0.001050053 -0.004759731 -0.0112946 1.142553e-18 -0.005419381 -0.01082561 -0.001306679 -0.00521653 -0.01095208 -0.001321945 -0.00521653 -0.01091793 -0.001579428 -0.005011357 -0.01103878 -0.001596911 -0.001971285 -0.01230378 1.245534e-18 -0.001490917 -0.01233812 -0.001113138 -0.001482723 -0.01238947 1.254278e-18 -0.001241749 -0.01237235 -0.001116226 -0.0009905135 -0.01245082 1.260539e-18 -0.0009929489 -0.01240022 -0.00111874 -0.0007444474 -0.0124218 -0.001120687 -0.0004958667 -0.0124877 1.264302e-18 -8.384993e-19 -0.01229132 -0.002274538 -0.0004961717 -0.01243717 -0.001122074 -6.012491e-18 -0.0125 1.265558e-18 -0.001490917 -0.01218142 -0.002254201 -0.00174052 -0.01214123 -0.002246764 0.0004961717 -0.01243717 -0.001122074 0.0004958667 -0.0124877 1.264302e-18 0.0007444474 -0.0124218 -0.001120687 0.0009905135 -0.01245082 1.260539e-18 0.0009929489 -0.01240022 -0.00111874 0.001241749 -0.01237235 -0.001116226 0.001482723 -0.01238947 1.254278e-18 0.001490917 -0.01233812 -0.001113138 0.001971285 -0.01230378 1.245534e-18 0.001490917 -0.01218142 -0.002254201 0.00174052 -0.01214123 -0.002246764 0.005619956 -0.01074301 -0.0007815591 0.005607441 -0.01077989 1.09003e-18 0.00518997 -0.01104776 1.117364e-18 0.004759731 -0.0112946 1.142553e-18 0.005419381 -0.01085351 -0.001050053 0.005619956 -0.01072134 -0.001037267 0.00521653 -0.01095208 -0.001321945 0.005419381 -0.01082561 -0.001306679 0.005011357 -0.01103878 -0.001596911 0.00521653 -0.01091793 -0.001579428 -0.005419381 -0.01082397 0.00132018 -0.005619956 -0.0107203 0.001047952 -0.004593816 -0.01111798 0.002439124 -0.004381311 -0.01122222 0.002461994 -0.004166209 -0.01126007 0.002749115 -0.004803807 -0.01106257 0.002155447 -0.004593816 -0.0111723 0.002176826 -0.005011357 -0.01099509 0.001874225 -0.004803807 -0.01111034 0.00189387 -0.00521653 -0.01091556 0.001595709 -0.005011357 -0.01103638 0.001613372 -0.00521653 -0.01095043 0.001335604 -0.005419381 -0.01085246 0.00106087 -0.005619956 -0.01074243 0.00078952 -0.003727849 -0.01129925 0.003328061 -0.003504389 -0.0113824 0.003352551 -0.003504389 -0.0113004 0.003619321 -0.003948421 -0.01128577 0.003037899 -0.003727849 -0.01137431 0.003061731 -0.003948421 -0.01135399 0.002772047 -0.004166209 -0.01132155 0.002483785 0.003504389 -0.0113824 0.003352551 0.003727849 -0.01129925 0.003328061 0.003504389 -0.0113004 0.003619321 0.003727849 -0.01137431 0.003061731 0.003948421 -0.01128577 0.003037899 0.003948421 -0.01135399 0.002772047 0.004166209 -0.01126007 0.002749115 0.004166209 -0.01132155 0.002483785 0.004381311 -0.01122222 0.002461994 0.004593816 -0.01111798 0.002439124 0.004593816 -0.0111723 0.002176826 0.004803807 -0.01106257 0.002155447 0.004803807 -0.01111034 0.00189387 0.005011357 -0.01099509 0.001874225 0.005011357 -0.01103638 0.001613372 0.00521653 -0.01091556 0.001595709 0.00521653 -0.01095043 0.001335604 0.005419381 -0.01082397 0.00132018 0.005419381 -0.01085246 0.00106087 0.005619956 -0.0107203 0.001047952 0.005619956 -0.01074243 0.00078952 -0.005735533 -0.01043801 -0.002315158 -0.004231827 -0.01153142 -0.0008186153 -0.003865207 -0.01172281 1.186249e-18 -0.003403124 -0.01190312 1.20465e-18 -0.004317781 -0.0115198 1.165533e-18 -0.005056187 -0.0105801 -0.003447351 -0.004279805 -0.01121178 -0.002723721 -0.003504389 -0.0112041 -0.003907261 -0.003453831 -0.01172658 -0.001931706 -0.002586109 -0.01211063 -0.001092613 -0.002932668 -0.01206031 1.220689e-18 -0.002454997 -0.01219397 1.234328e-18 -0.005056187 -0.01049214 -0.00370647 -0.002343171 -0.01217216 -0.001098165 -0.005056187 -0.01044557 -0.003835744 -0.003504389 -0.01110415 -0.004182871 -0.005056187 -0.01034837 -0.004090733 -0.003504389 -0.01099805 -0.004454381 -0.005056187 -0.01029723 -0.004217802 -0.005056187 -0.01024492 -0.004343315 -0.003504389 -0.01088586 -0.004721926 -0.005056187 -0.01013533 -0.004593254 -0.003504389 -0.01076764 -0.004985629 -0.005056187 -0.01007854 -0.004716563 -0.005056187 -0.009960073 -0.004961831 -0.003504389 -0.01020886 -0.006047945 -0.002638908 -0.01174204 -0.003104541 -0.005056187 -0.00969618 -0.005459571 -0.005056187 -0.009559089 -0.005696196 -0.005056187 -0.009488206 -0.005813499 -0.003504389 -0.01005673 -0.006297674 -0.005056187 -0.009342714 -0.006044545 -0.003504389 -0.009899016 -0.006542784 -0.005056187 -0.009267702 -0.006158938 -0.005056187 -0.009191568 -0.006271993 -0.003504389 -0.009735721 -0.006783382 -0.005056187 -0.009034906 -0.006495636 -0.003504389 -0.009566828 -0.007019568 -0.005056187 -0.008954699 -0.00660577 -0.005056187 -0.008790044 -0.006823339 -0.003504389 -0.008792255 -0.007968362 -0.001794878 -0.01156313 -0.004302385 -0.0008752698 -0.01198059 -0.003428917 -7.052862e-19 -0.01162235 -0.004601184 -0.001794878 -0.01150892 -0.004445357 -0.0007485961 -0.01199051 -0.003431757 -0.001794878 -0.01145342 -0.004586457 -0.005056187 -0.008426083 -0.007268009 -0.001794878 -0.01139661 -0.004725851 -0.001794878 -0.01133847 -0.0048637 -6.553662e-19 -0.01110355 -0.005741182 -0.005056187 -0.008245096 -0.007472698 -0.005056187 -0.008152687 -0.007573409 -0.003504389 -0.008593842 -0.008181957 -0.005056187 -0.007964363 -0.007771213 -0.003504389 -0.008390428 -0.008390428 0.002343171 -0.01217216 -0.001098165 0.002454997 -0.01219397 1.234328e-18 -0.005056187 -0.007868381 -0.007868381 -0.001794878 -0.01108035 -0.005426067 -0.005056187 -0.007771213 -0.007964363 -0.003504389 -0.008181957 -0.008593842 0.002586109 -0.01211063 -0.001092613 0.002932668 -0.01206031 1.220689e-18 0.003403124 -0.01190312 1.20465e-18 -0.005056187 -0.007573409 -0.008152687 -0.003504389 -0.007968362 -0.008792255 -0.005056187 -0.007472698 -0.008245096 -0.001794878 -0.01079184 -0.005979345 -6.185742e-19 -0.01046244 -0.006840122 0.0007485961 -0.01199051 -0.003431757 0.0008752698 -0.01198059 -0.003428917 -0.005056187 -0.007268009 -0.008426083 -0.001794878 -0.01047337 -0.006521122 -0.001794878 -0.01039207 -0.006649916 -0.005056187 -0.006823339 -0.008790044 -0.003504389 -0.007019568 -0.009566828 -0.001794878 -0.01030958 -0.006777097 -0.001794878 -0.01022583 -0.006902806 -0.005056187 -0.00660577 -0.008954699 -0.001794878 -0.01014077 -0.007027177 -5.960269e-19 -0.009704415 -0.007878726 -0.005056187 -0.006495636 -0.009034906 -0.003504389 -0.006783382 -0.009735721 0.004231827 -0.01153142 -0.0008186153 0.004317781 -0.0115198 1.165533e-18 0.003865207 -0.01172281 1.186249e-18 -0.005056187 -0.006271993 -0.009191568 -0.003504389 -0.006542784 -0.009899016 0.003453831 -0.01172658 -0.001931706 -0.005056187 -0.006158938 -0.009267702 -0.001794878 -0.009765821 -0.007539574 -0.005056187 -0.006044545 -0.009342714 -0.003504389 -0.006297674 -0.01005673 0.002638908 -0.01174204 -0.003104541 0.001794878 -0.01156313 -0.004302385 0.003504389 -0.0112041 -0.003907261 0.003504389 -0.01110415 -0.004182871 -0.005056187 -0.005813499 -0.009488206 -0.003504389 -0.006047945 -0.01020886 0.001794878 -0.01150892 -0.004445357 0.003504389 -0.01099805 -0.004454381 -0.005056187 -0.005696196 -0.009559089 -0.001794878 -0.009363641 -0.008033596 -5.884305e-19 -0.008838835 -0.008838835 0.001794878 -0.01145342 -0.004586457 0.001794878 -0.01139661 -0.004725851 0.003504389 -0.01088586 -0.004721926 -0.005056187 -0.005459571 -0.00969618 0.001794878 -0.01133847 -0.0048637 0.003504389 -0.01076764 -0.004985629 -0.001794878 -0.00893563 -0.008507112 -0.001794878 -0.008830422 -0.008616268 -0.005056187 -0.004961831 -0.009960073 -0.003504389 -0.004985629 -0.01076764 -0.001794878 -0.008724002 -0.008724002 0.001794878 -0.01108035 -0.005426067 -0.001794878 -0.008616268 -0.008830422 -0.005056187 -0.004716563 -0.01007854 0.004279805 -0.01121178 -0.002723721 -0.001794878 -0.008507112 -0.00893563 -0.005056187 -0.004593254 -0.01013533 -0.003504389 -0.004721926 -0.01088586 -0.005056187 -0.004343315 -0.01024492 -0.003504389 -0.004454381 -0.01099805 0.001794878 -0.01079184 -0.005979345 0.003504389 -0.01020886 -0.006047945 -0.005056187 -0.004217802 -0.01029723 -0.001794878 -0.008033596 -0.009363641 -5.960269e-19 -0.007878726 -0.009704415 -0.005056187 -0.004090733 -0.01034837 -0.003504389 -0.004182871 -0.01110415 -0.005056187 -0.003835744 -0.01044557 -0.003504389 -0.003907261 -0.0112041 0.001794878 -0.01047337 -0.006521122 0.003504389 -0.01005673 -0.006297674 -0.005056187 -0.00370647 -0.01049214 0.001794878 -0.01039207 -0.006649916 0.003504389 -0.009899016 -0.006542784 -0.001794878 -0.007539574 -0.009765821 0.001794878 -0.01030958 -0.006777097 0.001794878 -0.01022583 -0.006902806 0.003504389 -0.009735721 -0.006783382 -0.005056187 -0.003447351 -0.0105801 0.001794878 -0.01014077 -0.007027177 0.003504389 -0.009566828 -0.007019568 0.005735533 -0.01043801 -0.002315158 -0.001794878 -0.007027177 -0.01014077 -6.185742e-19 -0.006840122 -0.01046244 0.005056187 -0.0105801 -0.003447351 -0.001794878 -0.006902806 -0.01022583 -0.005056187 -0.002928543 -0.01073529 -0.003504389 -0.002801145 -0.01153049 -0.001794878 -0.006777097 -0.01030958 0.001794878 -0.009765821 -0.007539574 -0.001794878 -0.006649916 -0.01039207 0.005056187 -0.01049214 -0.00370647 -0.005056187 -0.002665318 -0.01080365 -0.001794878 -0.006521122 -0.01047337 0.005056187 -0.01044557 -0.003835744 -0.005056187 -0.002533766 -0.01083526 -0.003504389 -0.002520727 -0.01159502 0.005056187 -0.01034837 -0.004090733 0.001794878 -0.009363641 -0.008033596 0.003504389 -0.008792255 -0.007968362 -0.005056187 -0.002267347 -0.01089412 -0.003504389 -0.002237 -0.01165308 0.005056187 -0.01029723 -0.004217802 -0.005056187 -0.002134342 -0.01092096 -0.001794878 -0.005979345 -0.01079184 -6.553662e-19 -0.005741182 -0.01110355 0.005056187 -0.01024492 -0.004343315 -0.005056187 -0.001999523 -0.01094645 -0.003504389 -0.001949828 -0.01170456 0.005056187 -0.01013533 -0.004593254 0.001794878 -0.00893563 -0.008507112 0.003504389 -0.008593842 -0.008181957 -0.005056187 -0.001730559 -0.01099218 -0.003504389 -0.001659069 -0.0117493 0.005056187 -0.01007854 -0.004716563 0.001794878 -0.008830422 -0.008616268 0.003504389 -0.008390428 -0.008390428 -0.005056187 -0.001594285 -0.01101277 -0.001794878 -0.005426067 -0.01108035 0.001794878 -0.008724002 -0.008724002 0.005056187 -0.009960073 -0.004961831 0.001794878 -0.008616268 -0.008830422 0.003504389 -0.008181957 -0.008593842 -0.005056187 -0.001322716 -0.01104868 0.001794878 -0.008507112 -0.00893563 0.003504389 -0.007968362 -0.008792255 -0.001794878 -0.0048637 -0.01133847 -7.052862e-19 -0.004601184 -0.01162235 0.005056187 -0.00969618 -0.005459571 -0.001794878 -0.004725851 -0.01139661 -0.005056187 -0.000814751 -0.0110977 -0.003504389 -0.0005767216 -0.01185183 -0.001794878 -0.004586457 -0.01145342 0.001794878 -0.008033596 -0.009363641 0.003504389 -0.007019568 -0.009566828 0.005056187 -0.009559089 -0.005696196 -0.001794878 -0.004445357 -0.01150892 0.005056187 -0.009488206 -0.005813499 -0.001794878 -0.004302385 -0.01156313 -0.005056187 -0.000543418 -0.01111429 -0.005056187 -0.0004085685 -0.01112007 -0.003504389 -0.0002897705 -0.01186232 0.005056187 -0.009342714 -0.006044545 0.001794878 -0.007539574 -0.009765821 0.005056187 -0.009267702 -0.006158938 -0.005056187 -0.000135543 -0.01112675 -0.003504389 -4.54968e-18 -0.01186586 0.005056187 -0.009191568 -0.006271993 -0.001794878 -0.003729044 -0.01176056 -0.005056187 -7.017163e-18 -0.01112757 -0.005056187 0.0001368454 -0.01112673 -0.003504389 0.0002925612 -0.01186225 0.005056187 -0.009034906 -0.006495636 0.001794878 -0.007027177 -0.01014077 0.003504389 -0.006783382 -0.009735721 0.005056187 -0.008954699 -0.00660577 0.001794878 -0.006902806 -0.01022583 0.003504389 -0.006542784 -0.009899016 -0.005056187 0.0004125119 -0.01111992 -0.003504389 0.0005824671 -0.01185155 0.001794878 -0.006777097 -0.01030958 0.005056187 -0.008790044 -0.006823339 -0.005056187 0.0005487523 -0.01111403 0.001794878 -0.006649916 -0.01039207 0.003504389 -0.006297674 -0.01005673 0.001794878 -0.006521122 -0.01047337 0.003504389 -0.006047945 -0.01020886 -0.005056187 0.0008228969 -0.0110971 -0.003504389 0.001664956 -0.01174847 -0.001794878 -0.002578371 -0.01206517 0.005056187 -0.008426083 -0.007268009 -0.001794878 -0.002432818 -0.01209536 0.001794878 -0.005979345 -0.01079184 0.003504389 -0.004985629 -0.01076764 -0.001794878 -0.002285454 -0.01212407 0.005056187 -0.008245096 -0.007472698 -0.005056187 0.00133096 -0.01104769 -0.001794878 -0.002136099 -0.01215128 0.005056187 -0.008152687 -0.007573409 -0.001794878 -0.001984565 -0.01217694 -0.005056187 0.001605415 -0.01101115 0.005056187 -0.007964363 -0.007771213 0.001794878 -0.005426067 -0.01108035 0.005056187 -0.007868381 -0.007868381 -0.005056187 0.001743138 -0.01099019 -0.003504389 0.001958783 -0.01170306 0.005056187 -0.007771213 -0.007964363 -0.001794878 -0.001415906 -0.01225609 -0.005056187 0.002014953 -0.01094362 -0.003504389 0.002248979 -0.01165078 0.005056187 -0.007573409 -0.008152687 -0.005056187 0.002151198 -0.01091765 0.005056187 -0.007472698 -0.008245096 0.001794878 -0.0048637 -0.01133847 0.003504389 -0.004721926 -0.01088586 -0.005056187 0.002285579 -0.01089032 -0.003504389 0.002535627 -0.01159177 0.001794878 -0.004725851 -0.01139661 0.003504389 -0.004454381 -0.01099805 0.005056187 -0.007268009 -0.008426083 0.001794878 -0.004586457 -0.01145342 -0.005056187 0.002554745 -0.01083033 -0.003504389 0.002818843 -0.01152617 0.001794878 -0.004445357 -0.01150892 0.003504389 -0.004182871 -0.01110415 -0.005056187 0.00268761 -0.01079813 0.001794878 -0.004302385 -0.01156313 0.003504389 -0.003907261 -0.0112041 -0.005056187 0.002953447 -0.01072847 -0.003504389 0.003924886 -0.01119794 0.005056187 -0.006823339 -0.008790044 -0.001794878 -0.0002984554 -0.01233399 -0.001794878 -0.0001502822 -0.01233669 0.005056187 -0.00660577 -0.008954699 0.001794878 -0.003729044 -0.01176056 0.003504389 -0.002801145 -0.01153049 -0.001794878 -7.705715e-18 -0.0123376 0.005056187 -0.006495636 -0.009034906 -0.001794878 0.0001517261 -0.01233667 -0.005056187 0.003472196 -0.01057198 -0.001794878 0.0003014164 -0.01233392 0.005056187 -0.006271993 -0.009191568 -0.005056187 0.003733748 -0.01048246 0.005056187 -0.006158938 -0.009267702 0.005056187 -0.006044545 -0.009342714 -0.005056187 0.003864221 -0.01043507 -0.003504389 0.004203091 -0.01109651 0.005056187 -0.005813499 -0.009488206 -0.005056187 0.004121514 -0.01033615 -0.003504389 0.00447709 -0.01098882 0.005056187 -0.005696196 -0.009559089 -0.005056187 0.004249716 -0.0102841 0.001794878 -0.002578371 -0.01206517 0.003504389 -0.002520727 -0.01159502 -0.005056187 0.004376341 -0.01023086 -0.003504389 0.004747062 -0.01087492 0.001794878 -0.002432818 -0.01209536 0.003504389 -0.002237 -0.01165308 0.005056187 -0.005459571 -0.00969618 0.001794878 -0.002285454 -0.01212407 -0.001794878 0.00141895 -0.01225573 -0.005056187 0.004628458 -0.0101193 -0.003504389 0.005013154 -0.01075485 0.001794878 -0.002136099 -0.01215128 0.003504389 -0.001949828 -0.01170456 -0.005056187 0.004752839 -0.01006148 0.001794878 -0.001984565 -0.01217694 0.003504389 -0.001659069 -0.0117493 0.005056187 -0.004961831 -0.009960073 -0.005056187 0.005000196 -0.009940868 -0.003504389 0.006074439 -0.01019312 -0.001794878 0.001987637 -0.01217644 0.005056187 -0.004716563 -0.01007854 -0.001794878 0.00214076 -0.01215046 0.001794878 -0.001415906 -0.01225609 0.003504389 -0.0005767216 -0.01185183 0.005056187 -0.004593254 -0.01013533 -0.001794878 0.002291678 -0.0121229 -0.005056187 0.005497198 -0.009674897 -0.001794878 0.002440553 -0.01209381 0.005056187 -0.004343315 -0.01024492 -0.001794878 0.002587556 -0.01206321 0.005056187 -0.004217802 -0.01029723 -0.005056187 0.005735711 -0.009535431 0.005056187 -0.004090733 -0.01034837 -0.005056187 0.005853924 -0.009463319 -0.003504389 0.006326281 -0.01003876 0.005056187 -0.003835744 -0.01044557 -0.005056187 0.006086722 -0.00931529 -0.003504389 0.00657342 -0.009878699 0.005056187 -0.00370647 -0.01049214 -0.005056187 0.006201952 -0.009238973 0.001794878 -0.0002984554 -0.01233399 0.003504389 -0.0002897705 -0.01186232 -0.005056187 0.006315824 -0.009161506 -0.003504389 0.006815961 -0.00971294 0.001794878 -0.0001502822 -0.01233669 0.003504389 -7.437275e-18 -0.01186586 0.005056187 -0.003447351 -0.0105801 -0.005056187 0.006541017 -0.009002107 -0.003504389 0.007054007 -0.009541464 0.001794878 -4.724428e-18 -0.0123376 -0.001794878 0.003738233 -0.01175764 -0.005056187 0.006651893 -0.00892049 0.001794878 0.0001517261 -0.01233667 0.003504389 0.0002925612 -0.01186225 0.001794878 0.0003014164 -0.01233392 0.003504389 0.0005824671 -0.01185155 -0.005056187 0.006870857 -0.008752952 -0.003504389 0.008000164 -0.008763328 0.005056187 -0.002928543 -0.01073529 -0.001794878 0.004311523 -0.01155972 -7.052862e-19 0.004601184 -0.01162235 0.005056187 -0.002665318 -0.01080365 -0.001794878 0.004455855 -0.01150486 0.005056187 -0.002533766 -0.01083526 -0.001794878 0.004598273 -0.01144868 -0.005056187 0.007313662 -0.008386488 -0.001794878 0.004738969 -0.01139116 0.005056187 -0.002267347 -0.01089412 -0.001794878 0.004878119 -0.01133227 -6.553662e-19 0.005741182 -0.01110355 -0.005056187 0.007519464 -0.008202469 0.005056187 -0.002134342 -0.01092096 -0.005056187 0.007620681 -0.008108518 -0.003504389 0.008215211 -0.008562058 0.005056187 -0.001999523 -0.01094645 0.001794878 0.00141895 -0.01225573 0.003504389 0.001664956 -0.01174847 -0.005056187 0.007819427 -0.007917032 -0.003504389 0.008425035 -0.008355675 0.005056187 -0.001730559 -0.01099218 -0.001794878 0.005440285 -0.01107338 -0.005056187 0.007917013 -0.007819446 0.005056187 -0.001594285 -0.01101277 -0.005056187 0.008013399 -0.007720639 -0.003504389 0.008629712 -0.008144114 0.001794878 0.001987637 -0.01217644 0.003504389 0.001958783 -0.01170306 0.001794878 0.00214076 -0.01215046 0.003504389 0.002248979 -0.01165078 0.005056187 -0.001322716 -0.01104868 -0.005056187 0.008202417 -0.00751952 -0.003504389 0.008829294 -0.0079273 0.001794878 0.002291678 -0.0121229 -0.001794878 0.005993299 -0.0107841 -6.185742e-19 0.006840122 -0.01046244 -0.005056187 0.008295142 -0.007417105 0.001794878 0.002440553 -0.01209381 0.003504389 0.002535627 -0.01159177 -0.005056187 0.008476642 -0.007208979 -0.003504389 0.009599265 -0.006975145 0.001794878 0.002587556 -0.01206321 0.003504389 0.002818843 -0.01152617 0.005056187 -0.000814751 -0.0110977 -0.001794878 0.006534752 -0.01046487 -0.001794878 0.006664718 -0.01038258 0.005056187 -0.000543418 -0.01111429 -0.005056187 0.008837362 -0.006761942 -0.001794878 0.006793054 -0.01029907 0.005056187 -0.0004085685 -0.01112007 -0.001794878 0.006919901 -0.01021427 -0.005056187 0.009002213 -0.006540872 -0.001794878 0.0070454 -0.01012812 -5.960269e-19 0.007878726 -0.009704415 0.005056187 -0.000135543 -0.01112675 -0.005056187 0.009082457 -0.006428981 -0.003504389 0.00976884 -0.0067356 0.005056187 -4.276199e-18 -0.01112757 0.001794878 0.003738233 -0.01175764 0.003504389 0.003924886 -0.01119794 0.005056187 0.0001368454 -0.01112673 -0.005056187 0.009239111 -0.006201746 -0.003504389 0.009932701 -0.006491532 -0.005056187 0.009315179 -0.006086893 -0.001794878 0.007557191 -0.009752194 -0.005056187 0.0093901 -0.005970665 -0.003504389 0.01009085 -0.006242853 0.005056187 0.0004125119 -0.01111992 0.005056187 0.0005487523 -0.01111403 0.001794878 0.004311523 -0.01155972 0.003504389 0.004203091 -0.01109651 -0.005056187 0.009535284 -0.005735956 -0.003504389 0.01024328 -0.005989465 0.001794878 0.004455855 -0.01150486 0.003504389 0.00447709 -0.01098882 -0.005056187 0.009605962 -0.00561679 -0.001794878 0.00805053 -0.009349085 -5.884305e-19 0.008838835 -0.008838835 0.001794878 0.004598273 -0.01144868 0.005056187 0.0008228969 -0.0110971 0.001794878 0.004738969 -0.01139116 0.003504389 0.004747062 -0.01087492 -0.005056187 0.009742512 -0.005376457 0.001794878 0.004878119 -0.01133227 0.003504389 0.005013154 -0.01075485 -0.001794878 0.008523292 -0.008920197 0.005056187 0.00133096 -0.01104769 -0.001794878 0.008633369 -0.008813703 -0.005056187 0.01000182 -0.004877136 -0.003504389 0.01079554 -0.004924921 -0.001794878 0.008742013 -0.008705954 0.001794878 0.005440285 -0.01107338 0.005056187 0.001605415 -0.01101115 -0.001794878 0.008849334 -0.008596843 0.005056187 0.001743138 -0.01099019 -0.005056187 0.01011941 -0.004628222 -0.001794878 0.008955439 -0.008486257 -5.960269e-19 0.009704415 -0.007878726 -0.005056187 0.0101757 -0.004503108 -0.003504389 0.01091354 -0.004657604 0.005056187 0.002014953 -0.01094362 0.001794878 0.005993299 -0.0107841 0.003504389 0.006074439 -0.01019312 0.005056187 0.002151198 -0.01091765 -0.005056187 0.01028421 -0.004249443 -0.003504389 0.01102537 -0.004386308 -0.005056187 0.01033592 -0.00412209 0.005056187 0.002285579 -0.01089032 -0.001794878 0.009382319 -0.008011773 -0.005056187 0.01038644 -0.00399309 -0.003504389 0.01113101 -0.004110857 0.005056187 0.002554745 -0.01083033 0.001794878 0.006534752 -0.01046487 0.003504389 0.006326281 -0.01003876 -0.005056187 0.01048226 -0.003734295 -0.003504389 0.01123038 -0.003831081 0.005056187 0.00268761 -0.01079813 0.001794878 0.006664718 -0.01038258 0.003504389 0.00657342 -0.009878699 -0.005056187 0.01052811 -0.003603021 -0.001794878 0.009783301 -0.007516877 -6.185742e-19 0.01046244 -0.006840122 0.001794878 0.006793054 -0.01029907 0.005056187 0.002953447 -0.01072847 0.001794878 0.006919901 -0.01021427 0.003504389 0.006815961 -0.00971294 -0.005056187 0.01061449 -0.003339962 0.001794878 0.0070454 -0.01012812 0.003504389 0.007054007 -0.009541464 -0.001794878 0.01015699 -0.007003706 0.005056187 0.003472196 -0.01057198 -0.001794878 0.01024269 -0.006877766 -0.005056187 0.01076406 -0.002820954 -0.003504389 0.01154879 -0.002724704 -0.001794878 0.01032705 -0.006750435 0.001794878 0.007557191 -0.009752194 -0.001794878 0.01041014 -0.00662158 0.005056187 0.003733748 -0.01048246 -0.001794878 0.01049202 -0.006491063 -0.005056187 0.01083055 -0.002553835 0.005056187 0.003864221 -0.01043507 -0.005056187 0.01086115 -0.002420379 -0.003504389 0.01161223 -0.002440199 0.005056187 0.004121514 -0.01033615 0.001794878 0.00805053 -0.009349085 0.003504389 0.008000164 -0.008763328 0.005056187 0.004249716 -0.0102841 -0.005056187 0.01091788 -0.002150074 -0.003504389 0.01166902 -0.0021523 -0.001794878 0.01080883 -0.005948576 -6.553662e-19 0.01110355 -0.005741182 0.005056187 0.004376341 -0.01023086 -0.005056187 0.01094358 -0.002015174 -0.005056187 0.01096787 -0.001878471 -0.003504389 0.01171901 -0.001861007 0.005056187 0.004628458 -0.0101193 0.001794878 0.008523292 -0.008920197 0.003504389 0.008215211 -0.008562058 0.005056187 0.004752839 -0.01006148 0.001794878 0.008633369 -0.008813703 0.003504389 0.008425035 -0.008355675 -0.005056187 0.01101109 -0.001605845 -0.003504389 0.01176202 -0.001566342 -0.001794878 0.01109565 -0.005394725 0.001794878 0.008742013 -0.008705954 -0.005056187 0.01103033 -0.001467843 0.005056187 0.005000196 -0.009940868 0.001794878 0.008849334 -0.008596843 0.003504389 0.008629712 -0.008144114 0.001794878 0.008955439 -0.008486257 0.003504389 0.008829294 -0.0079273 -0.005056187 0.01106344 -0.001192932 -0.003504389 0.01185589 -0.0004862689 -0.001794878 0.01135205 -0.004831919 -7.052862e-19 0.01162235 -0.004601184 -0.001794878 0.01141047 -0.0046923 0.005056187 0.005497198 -0.009674897 -0.001794878 0.01146754 -0.00455105 0.001794878 0.009382319 -0.008011773 -0.005056187 0.01110637 -0.0006865708 0.005056187 0.005735711 -0.009535431 -0.001794878 0.01152329 -0.004407979 0.005056187 0.005853924 -0.009463319 -0.001794878 0.01157774 -0.004262898 -0.005056187 0.01111991 -0.0004127911 -0.005056187 0.01112413 -0.0002767787 -0.003504389 0.01186423 -0.0001964411 0.005056187 0.006086722 -0.00931529 0.001794878 0.009783301 -0.007516877 0.003504389 0.009599265 -0.006975145 0.005056187 0.006201952 -0.009238973 0.005056187 0.006315824 -0.009161506 -0.001794878 0.01177307 -0.003689342 -0.005056187 0.01112757 -4.102096e-06 -0.003504389 0.01186549 9.366911e-05 -0.005056187 0.01112679 0.0001318668 0.005056187 0.006541017 -0.009002107 0.001794878 0.01015699 -0.007003706 0.003504389 0.00976884 -0.0067356 -0.005056187 0.01112433 0.0002685389 -0.003504389 0.0118596 0.0003853853 0.005056187 0.006651893 -0.00892049 0.001794878 0.01024269 -0.006877766 0.003504389 0.009932701 -0.006491532 0.001794878 0.01032705 -0.006750435 -0.005056187 0.01111428 0.0005437587 0.005056187 0.006870857 -0.008752952 0.001794878 0.01041014 -0.00662158 0.003504389 0.01009085 -0.006242853 0.001794878 0.01049202 -0.006491063 0.003504389 0.01024328 -0.005989465 -0.001794878 0.01207358 -0.002538697 -0.005056187 0.01107809 0.001048215 -0.003504389 0.01177534 0.001462808 0.005056187 0.007313662 -0.008386488 -0.001794878 0.0121037 -0.002391007 0.001794878 0.01080883 -0.005948576 0.003504389 0.01079554 -0.004924921 -0.001794878 0.01213229 -0.002241428 0.005056187 0.007519464 -0.008202469 -0.005056187 0.01104818 0.001326874 -0.001794878 0.01215932 -0.002089847 0.005056187 0.007620681 -0.008108518 -0.005056187 0.01103047 0.001466818 -0.003504389 0.01173432 0.001761903 -0.001794878 0.01218473 -0.001936156 0.005056187 0.007819427 -0.007917032 -0.005056187 0.01099025 0.001742773 -0.003504389 0.0116862 0.002057028 0.001794878 0.01109565 -0.005394725 0.005056187 0.007917013 -0.007819446 -0.005056187 0.0109674 0.001881201 0.005056187 0.008013399 -0.007720639 -0.005056187 0.01094326 0.002016915 -0.003504389 0.01163146 0.00234685 0.005056187 0.008202417 -0.00751952 0.001794878 0.01135205 -0.004831919 0.003504389 0.01091354 -0.004657604 -0.005056187 0.01088961 0.002288953 -0.003504389 0.01157027 0.002631986 0.005056187 0.008295142 -0.007417105 0.001794878 0.01141047 -0.0046923 0.003504389 0.01102537 -0.004386308 -0.005056187 0.01086064 0.002422676 0.001794878 0.01146754 -0.00455105 0.005056187 0.008476642 -0.007208979 -0.001794878 0.01231125 -0.0008059471 0.001794878 0.01152329 -0.004407979 0.003504389 0.01113101 -0.004110857 -0.005056187 0.01079743 0.002690422 0.001794878 0.01157774 -0.004262898 0.003504389 0.01123038 -0.003831081 0.005056187 0.008837362 -0.006761942 -0.001794878 0.01233503 -0.0002518115 -0.005056187 0.01065465 0.00320956 -0.003504389 0.01126151 0.003738572 -0.001794878 0.01233718 -0.0001019559 -1.004514e-18 0.0125 -2.775558e-18 0.001794878 0.01177307 -0.003689342 0.003504389 0.01154879 -0.002724704 0.005056187 0.009002213 -0.006540872 -0.001794878 0.01233751 4.865733e-05 0.005056187 0.009082457 -0.006428981 -0.005056187 0.01057171 0.00347301 -0.001794878 0.01233599 0.0001997213 -0.005056187 0.01052759 0.003604529 -0.003504389 0.01116459 0.004018771 0.005056187 0.009239111 -0.006201746 0.005056187 0.009315179 -0.006086893 -0.005056187 0.01043518 0.003863903 -0.003504389 0.01106137 0.00429473 0.005056187 0.0093901 -0.005970665 -0.005056187 0.01038638 0.003993242 -0.001794878 0.0123146 0.000753032 -0.005056187 0.01033629 0.004121158 -0.003504389 0.01095175 0.004567034 0.005056187 0.009535284 -0.005735956 0.005056187 0.009605962 -0.00561679 0.001794878 0.01207358 -0.002538697 0.003504389 0.01161223 -0.002440199 -0.005056187 0.01023099 0.004376042 -0.003504389 0.01083579 0.00483572 0.001794878 0.0121037 -0.002391007 0.003504389 0.01166902 -0.0021523 -0.005056187 0.01017622 0.004501941 0.005056187 0.009742512 -0.005376457 0.001794878 0.01213229 -0.002241428 0.001794878 0.01215932 -0.002089847 0.003504389 0.01171901 -0.001861007 -0.005056187 0.01006163 0.004752514 0.001794878 0.01218473 -0.001936156 0.003504389 0.01176202 -0.001566342 -0.001794878 0.01219321 0.001882048 0.005056187 0.01000182 -0.004877136 -0.001794878 0.01216808 0.002038202 -0.005056187 0.00980907 0.005254044 -0.003504389 0.01029311 0.005903428 -0.001794878 0.01214134 0.002191882 0.005056187 0.01011941 -0.004628222 0.005056187 0.0101757 -0.004503108 -0.001794878 0.01211317 0.002342526 -0.005056187 0.009675323 0.005496451 -0.001794878 0.0120836 0.002490573 -0.005056187 0.009606017 0.005616694 -0.003504389 0.01014246 0.00615866 0.005056187 0.01028421 -0.004249443 0.005056187 0.01033592 -0.00412209 0.001794878 0.01231125 -0.0008059471 0.003504389 0.01185589 -0.0004862689 -0.005056187 0.009463557 0.005853538 -0.003504389 0.009986058 0.006409149 0.005056187 0.01038644 -0.00399309 -0.005056187 0.009389969 0.005970872 -0.001794878 0.01195066 0.003065631 -8.384993e-19 0.01229132 0.002274538 -0.005056187 0.009315267 0.006086759 -0.003504389 0.009824003 0.006654885 0.005056187 0.01048226 -0.003734295 0.005056187 0.01052811 -0.003603021 -0.005056187 0.009161288 0.006316141 -0.003504389 0.009656308 0.006895959 0.001794878 0.01233503 -0.0002518115 0.003504389 0.01186423 -0.0001964411 -0.005056187 0.009082414 0.006429042 0.001794878 0.01233718 -0.0001019559 0.003504389 0.01186549 9.366911e-05 0.005056187 0.01061449 -0.003339962 0.001794878 0.01233751 4.865733e-05 -0.005056187 0.00892025 0.006652215 0.001794878 0.01233599 0.0001997213 0.003504389 0.0118596 0.0003853853 -0.001794878 0.01159528 0.00421496 0.005056187 0.01076406 -0.002820954 -0.001794878 0.01154145 0.004360207 -0.005056187 0.008565337 0.007103367 -0.003504389 0.008894562 0.007853999 0.001794878 0.0123146 0.000753032 0.003504389 0.01177534 0.001462808 -0.001794878 0.01148631 0.004503451 0.005056187 0.01083055 -0.002553835 -0.001794878 0.01142976 0.004645101 -0.005056187 0.008386408 0.007313754 0.005056187 0.01086115 -0.002420379 -0.001794878 0.01137179 0.004785274 -0.005056187 0.008294936 0.007417335 -0.003504389 0.008696699 0.008072544 0.005056187 0.01091788 -0.002150074 -0.005056187 0.008108466 0.007620736 -0.003504389 0.008493793 0.008285771 0.005056187 0.01094358 -0.002015174 -0.005056187 0.008013322 0.007720719 0.005056187 0.01096787 -0.001878471 -0.005056187 0.007917 0.007819458 -0.003504389 0.008285771 0.008493793 -0.001794878 0.0111179 0.00534871 -7.052862e-19 0.01162235 0.004601184 -6.553662e-19 0.01110355 0.005741182 0.005056187 0.01101109 -0.001605845 0.001794878 0.01219321 0.001882048 0.003504389 0.01173432 0.001761903 -0.005056187 0.007720719 0.008013322 0.005056187 0.01103033 -0.001467843 -0.005056187 0.007620736 0.008108466 -0.003504389 0.008072544 0.008696699 0.001794878 0.01216808 0.002038202 0.003504389 0.0116862 0.002057028 0.001794878 0.01214134 0.002191882 -0.001794878 0.01083358 0.005903389 0.005056187 0.01106344 -0.001192932 -0.005056187 0.007417335 0.008294936 -0.003504389 0.007853999 0.008894562 0.001794878 0.01211317 0.002342526 0.003504389 0.01163146 0.00234685 -0.005056187 0.007313754 0.008386408 0.001794878 0.0120836 0.002490573 0.003504389 0.01157027 0.002631986 -0.005056187 0.007103367 0.008565337 -0.003504389 0.006895959 0.009656308 -0.001794878 0.01051921 0.006446902 -6.185742e-19 0.01046244 0.006840122 0.005056187 0.01110637 -0.0006865708 -0.001794878 0.01043765 0.006578133 0.001794878 0.01195066 0.003065631 0.003504389 0.01126151 0.003738572 -0.001794878 0.01035489 0.006707655 0.005056187 0.01111991 -0.0004127911 -0.001794878 0.01027091 0.006835553 -0.005056187 0.006652215 0.00892025 -0.001794878 0.01018565 0.006961959 0.005056187 0.01112413 -0.0002767787 -0.005056187 0.006429042 0.009082414 0.005056187 0.01112757 -4.102096e-06 -0.005056187 0.006316141 0.009161288 -0.003504389 0.006654885 0.009824003 0.005056187 0.01112679 0.0001318668 -0.001794878 0.009814196 0.007476495 -5.960269e-19 0.009704415 0.007878726 0.005056187 0.01112433 0.0002685389 -0.005056187 0.006086759 0.009315267 -0.003504389 0.006409149 0.009986058 -0.005056187 0.005970872 0.009389969 0.001794878 0.01159528 0.00421496 0.003504389 0.01116459 0.004018771 -0.005056187 0.005853538 0.009463557 -0.003504389 0.00615866 0.01014246 0.005056187 0.01111428 0.0005437587 0.001794878 0.01154145 0.004360207 0.003504389 0.01106137 0.00429473 -0.001794878 0.009415347 0.007972933 0.001794878 0.01148631 0.004503451 -0.005056187 0.005616694 0.009606017 -0.003504389 0.005903428 0.01029311 0.001794878 0.01142976 0.004645101 0.003504389 0.01095175 0.004567034 -0.005056187 0.005496451 0.009675323 0.001794878 0.01137179 0.004785274 0.003504389 0.01083579 0.00483572 0.005056187 0.01107809 0.001048215 -0.005056187 0.005254044 0.00980907 -0.003504389 0.00483572 0.01083579 -0.001794878 0.00899048 0.008449123 -5.884305e-19 0.008838835 0.008838835 0.005056187 0.01104818 0.001326874 -0.001794878 0.008884777 0.008560208 -0.001794878 0.008777909 0.00866976 0.005056187 0.01103047 0.001466818 0.001794878 0.0111179 0.00534871 0.003504389 0.01029311 0.005903428 -0.001794878 0.00866976 0.008777909 -0.005056187 0.004752514 0.01006163 -0.001794878 0.008560208 0.008884777 0.005056187 0.01099025 0.001742773 -0.001794878 0.008449123 0.00899048 -5.960269e-19 0.007878726 0.009704415 0.005056187 0.0109674 0.001881201 -0.005056187 0.004501941 0.01017622 0.001794878 0.01083358 0.005903389 0.005056187 0.01094326 0.002016915 -0.005056187 0.004376042 0.01023099 -0.003504389 0.004567034 0.01095175 -0.005056187 0.004121158 0.01033629 -0.003504389 0.00429473 0.01106137 0.005056187 0.01088961 0.002288953 -0.001794878 0.007972933 0.009415347 -0.005056187 0.003993242 0.01038638 0.005056187 0.01086064 0.002422676 0.001794878 0.01051921 0.006446902 0.003504389 0.01014246 0.00615866 -0.005056187 0.003863903 0.01043518 -0.003504389 0.004018771 0.01116459 0.001794878 0.01043765 0.006578133 0.003504389 0.009986058 0.006409149 0.005056187 0.01079743 0.002690422 0.001794878 0.01035489 0.006707655 -0.005056187 0.003604529 0.01052759 -0.003504389 0.003738572 0.01126151 -0.001794878 0.007476495 0.009814196 -6.185742e-19 0.006840122 0.01046244 0.001794878 0.01027091 0.006835553 0.003504389 0.009824003 0.006654885 -0.005056187 0.00347301 0.01057171 0.001794878 0.01018565 0.006961959 0.003504389 0.009656308 0.006895959 -0.005056187 0.00320956 0.01065465 -0.003504389 0.002631986 0.01157027 0.005056187 0.01065465 0.00320956 -0.001794878 0.006961959 0.01018565 0.005056187 0.01057171 0.00347301 -0.001794878 0.006835553 0.01027091 0.001794878 0.009814196 0.007476495 0.003504389 0.008894562 0.007853999 0.005056187 0.01052759 0.003604529 -0.001794878 0.006707655 0.01035489 -0.005056187 0.002690422 0.01079743 -0.001794878 0.006578133 0.01043765 0.005056187 0.01043518 0.003863903 -0.001794878 0.006446902 0.01051921 -6.553662e-19 0.005741182 0.01110355 -0.005056187 0.002422676 0.01086064 0.005056187 0.01038638 0.003993242 0.001794878 0.009415347 0.007972933 -0.005056187 0.002288953 0.01088961 -0.003504389 0.00234685 0.01163146 0.005056187 0.01033629 0.004121158 0.005056187 0.01023099 0.004376042 -0.005056187 0.002016915 0.01094326 -0.003504389 0.002057028 0.0116862 -0.001794878 0.005903389 0.01083358 0.005056187 0.01017622 0.004501941 -0.005056187 0.001881201 0.0109674 0.001794878 0.00899048 0.008449123 0.003504389 0.008696699 0.008072544 -0.005056187 0.001742773 0.01099025 -0.003504389 0.001761903 0.01173432 0.001794878 0.008884777 0.008560208 0.003504389 0.008493793 0.008285771 0.005056187 0.01006163 0.004752514 0.001794878 0.008777909 0.00866976 -0.001794878 0.00534871 0.0111179 -7.052862e-19 0.004601184 0.01162235 -0.005056187 0.001466818 0.01103047 -0.003504389 0.001462808 0.01177534 0.001794878 0.00866976 0.008777909 0.003504389 0.008285771 0.008493793 0.001794878 0.008560208 0.008884777 0.003504389 0.008072544 0.008696699 -0.005056187 0.001326874 0.01104818 0.001794878 0.008449123 0.00899048 0.003504389 0.007853999 0.008894562 0.005056187 0.00980907 0.005254044 -0.005056187 0.001048215 0.01107809 -0.003504389 0.0003853853 0.0118596 -0.001794878 0.004785274 0.01137179 0.005056187 0.009675323 0.005496451 -0.001794878 0.004645101 0.01142976 0.005056187 0.009606017 0.005616694 -0.001794878 0.004503451 0.01148631 0.001794878 0.007972933 0.009415347 -0.001794878 0.004360207 0.01154145 -0.005056187 0.0005437587 0.01111428 0.005056187 0.009463557 0.005853538 -0.001794878 0.00421496 0.01159528 0.005056187 0.009389969 0.005970872 0.005056187 0.009315267 0.006086759 -0.005056187 0.0002685389 0.01112433 -0.003504389 9.366911e-05 0.01186549 0.001794878 0.007476495 0.009814196 0.003504389 0.006895959 0.009656308 -0.005056187 0.0001318668 0.01112679 0.005056187 0.009161288 0.006316141 -0.005056187 -4.102096e-06 0.01112757 -0.003504389 -0.0001964411 0.01186423 0.005056187 0.009082414 0.006429042 -0.005056187 -0.0002767787 0.01112413 -0.003504389 -0.0004862689 0.01185589 0.001794878 0.006961959 0.01018565 0.003504389 0.006654885 0.009824003 0.005056187 0.00892025 0.006652215 0.001794878 0.006835553 0.01027091 0.003504389 0.006409149 0.009986058 -0.005056187 -0.0004127911 0.01111991 0.001794878 0.006707655 0.01035489 -0.001794878 0.003065631 0.01195066 -0.005056187 -0.0005472729 0.0111141 -0.003504389 -0.0007740381 0.01184058 0.001794878 0.006578133 0.01043765 0.003504389 0.00615866 0.01014246 0.001794878 0.006446902 0.01051921 0.003504389 0.005903428 0.01029311 -0.005056187 -0.0008221412 0.01109716 -0.003504389 -0.001059478 0.01181846 0.005056187 0.008565337 0.007103367 -0.005056187 -0.000956088 0.01108642 -0.001794878 0.002490573 0.0120836 -8.384993e-19 0.002274538 0.01229132 0.005056187 0.008386408 0.007313754 -0.005056187 -0.001088502 0.0110742 -0.003504389 -0.001342562 0.01178966 -0.001794878 0.002342526 0.01211317 0.005056187 0.008294936 0.007417335 0.001794878 0.005903389 0.01083358 -0.001794878 0.002191882 0.01214134 -0.005056187 -0.001362807 0.0110438 -0.003504389 -0.001623282 0.0117543 -0.001794878 0.002038202 0.01216808 0.005056187 0.008108466 0.007620736 -0.005056187 -0.001494534 0.01102675 0.005056187 0.008013322 0.007720719 -0.001794878 0.001882048 0.01219321 -0.005056187 -0.001624862 0.0110083 -0.003504389 -0.00190166 0.01171248 0.001794878 0.00534871 0.0111179 0.003504389 0.00483572 0.01083579 0.005056187 0.007819458 0.007917 -0.005056187 -0.001897566 0.01096458 -0.003504389 -0.002177809 0.01166429 0.005056187 0.007720719 0.008013322 -0.005056187 -0.002027134 0.01094137 0.005056187 0.007620736 0.008108466 -0.005056187 -0.002155545 0.0109168 -0.003504389 -0.002451883 0.01160977 0.005056187 0.007417335 0.008294936 0.001794878 0.004785274 0.01137179 0.003504389 0.004567034 0.01095175 0.005056187 0.007313754 0.008386408 -0.005056187 -0.002425862 0.01085993 -0.003504389 -0.002724046 0.01154894 0.001794878 0.004645101 0.01142976 0.003504389 0.00429473 0.01106137 -0.005056187 -0.002553526 0.01083062 0.001794878 0.004503451 0.01148631 -0.001794878 0.000753032 0.0123146 0.005056187 0.007103367 0.008565337 -0.005056187 -0.002680301 0.01079994 -0.003504389 -0.002994467 0.0114818 0.001794878 0.004360207 0.01154145 0.003504389 0.004018771 0.01116459 0.001794878 0.00421496 0.01159528 0.003504389 0.003738572 0.01126151 -0.005056187 -0.00294748 0.01073011 -0.003504389 -0.003263269 0.01140831 -0.005056187 -0.00307351 0.01069469 -0.001794878 0.0001997213 0.01233599 -1.004514e-18 1.771044e-18 0.0125 0.005056187 0.006652215 0.00892025 -0.005056187 -0.003198859 0.01065787 -0.003504389 -0.003530539 0.01132845 -0.001794878 4.865733e-05 0.01233751 -0.001794878 -0.0001019559 0.01233718 0.005056187 0.006429042 0.009082414 -0.005056187 -0.003462195 0.01057526 -0.001794878 -0.0002518115 0.01233503 0.005056187 0.006316141 0.009161288 -0.001794878 -0.0004000237 0.01233112 -0.005056187 -0.003721864 0.01048668 0.005056187 0.006086759 0.009315267 -0.001794878 -0.0005465671 0.01232549 0.001794878 0.003065631 0.01195066 0.003504389 0.002631986 0.01157027 0.005056187 0.005970872 0.009389969 -0.001794878 -0.0006915382 0.01231821 -0.005056187 -0.003978019 0.01039222 0.005056187 0.005853538 0.009463557 -0.001794878 -0.0008350374 0.01230931 -0.001794878 -0.0009771771 0.01229884 -0.005056187 -0.004230823 0.01029189 0.005056187 0.005616694 0.009606017 0.001794878 0.002490573 0.0120836 0.003504389 0.00234685 0.01163146 0.005056187 0.005496451 0.009675323 -0.005056187 -0.004480436 0.0101857 0.001794878 0.002342526 0.01211317 0.003504389 0.002057028 0.0116862 0.001794878 0.002191882 0.01214134 0.005056187 0.005254044 0.00980907 0.001794878 0.002038202 0.01216808 0.003504389 0.001761903 0.01173432 0.001794878 0.001882048 0.01219321 0.003504389 0.001462808 0.01177534 0.005056187 0.004752514 0.01006163 0.005056187 0.004501941 0.01017622 0.005056187 0.004376042 0.01023099 0.005056187 0.004121158 0.01033629 0.001794878 0.000753032 0.0123146 0.003504389 0.0003853853 0.0118596 0.005056187 0.003993242 0.01038638 0.005056187 0.003863903 0.01043518 0.005056187 0.003604529 0.01052759 0.001794878 0.0001997213 0.01233599 0.003504389 9.366911e-05 0.01186549 0.005056187 0.00347301 0.01057171 0.001794878 4.865733e-05 0.01233751 0.001794878 -0.0001019559 0.01233718 0.003504389 -0.0001964411 0.01186423 0.005056187 0.00320956 0.01065465 0.001794878 -0.0002518115 0.01233503 0.001794878 -0.0004000237 0.01233112 0.003504389 -0.0004862689 0.01185589 0.001794878 -0.0005465671 0.01232549 -0.001794878 -0.004290294 0.01156762 -0.001794878 -0.004152109 0.01161794 0.005056187 0.002690422 0.01079743 0.001794878 -0.0006915382 0.01231821 0.003504389 -0.0007740381 0.01184058 -0.002948894 -0.005558962 0.01069713 0.001794878 -0.0008350374 0.01230931 0.005056187 0.002422676 0.01086064 0.001794878 -0.0009771771 0.01229884 0.003504389 -0.001059478 0.01181846 0.005056187 0.002288953 0.01088961 0.005056187 0.002016915 0.01094326 0.005056187 0.001881201 0.0109674 0.005056187 0.001742773 0.01099025 0.005056187 0.001466818 0.01103047 0.005056187 0.001326874 0.01104818 0.005056187 0.001048215 0.01107809 0.005056187 0.0005437587 0.01111428 -0.001202007 -0.00632636 0.01069672 -0.002378151 -0.007501252 0.009638005 0.005056187 0.0002685389 0.01112433 0.005056187 0.0001318668 0.01112679 0.005056187 -4.102096e-06 0.01112757 0.005056187 -0.0002767787 0.01112413 0.005056187 -0.0004127911 0.01111991 -6.390051e-19 -0.006186722 0.01086161 -1.073671e-18 -0.004969216 0.01146982 -1.184476e-18 -0.007347276 0.01011274 0.001794878 -0.004152109 0.01161794 0.001794878 -0.004290294 0.01156762 0.003504389 -0.003530539 0.01132845 0.005056187 -0.0005472729 0.0111141 -0.001202007 -0.007469719 0.009932067 -1.1794e-18 -0.007595618 0.009927567 -0.001202007 -0.007592305 0.009838677 0.005056187 -0.0008221412 0.01109716 -0.002378151 -0.007815885 0.009384661 -0.001202007 -0.007713819 0.009743698 -1.175183e-18 -0.007839691 0.009735977 0.005056187 -0.000956088 0.01108642 0.005056187 -0.001088502 0.0110742 0.003504389 -0.001342562 0.01178966 -0.001202007 -0.007873905 0.009614795 -5.932841e-19 -0.008078614 0.009538658 -0.001202007 -0.007992486 0.00951645 -0.001202007 -0.008109901 0.009416589 -0.002378151 -0.008419114 0.00884751 -5.908087e-19 -0.00831281 0.009335266 0.005056187 -0.001362807 0.0110438 0.003504389 -0.001623282 0.0117543 0.005056187 -0.001494534 0.01102675 0.005056187 -0.001624862 0.0110083 0.003504389 -0.00190166 0.01171248 -0.001202007 -0.008416874 0.009143244 -5.892074e-19 -0.008541718 0.009126283 0.001202007 -0.00623876 0.01074805 -0.001202007 -0.008529612 0.009038163 -0.005056187 -0.01013055 0.00460377 0.005056187 -0.001897566 0.01096458 0.003504389 -0.002177809 0.01166429 -0.001202007 -0.008641057 0.008931673 -0.002378151 -0.008707091 0.008564257 -5.884791e-19 -0.008765467 0.008911599 0.005056187 -0.002027134 0.01094137 -0.005056187 -0.01023979 0.004355404 -0.001202007 -0.00878758 0.008787553 -5.886248e-19 -0.008983794 0.008691458 0.003504389 -0.002451883 0.01160977 0.005056187 -0.002155545 0.0109168 -0.001202007 -0.008895887 0.008677894 -0.005056187 -0.01034318 0.004103832 -0.001202007 -0.009002818 0.008566909 -5.89644e-19 -0.009196552 0.008466016 0.003504389 -0.002724046 0.01154894 0.005056187 -0.002425862 0.01085993 0.005056187 -0.002553526 0.01083062 -0.005155366 -0.01043026 0.003704763 -0.005056187 -0.01044071 0.003848959 -0.005253667 -0.01041699 0.003560777 -0.002378151 -0.009254127 0.00797001 -0.001202007 -0.009281195 0.008264507 -5.915374e-19 -0.009403759 0.008235249 0.003504389 -0.002994467 0.0114818 0.005056187 -0.002680301 0.01079994 -0.005544324 -0.01039768 0.003001703 -0.001202007 -0.009382977 0.008148767 0.001202007 -0.007387416 0.009993435 0.002378151 -0.007340857 0.009760725 0.002948894 -0.005472066 0.01074184 -0.005253667 -0.01050108 0.003304564 -0.001202007 -0.009483274 0.008031823 -5.943008e-19 -0.009605014 0.007999607 0.005056187 -0.00294748 0.01073011 0.003504389 -0.003263269 0.01140831 0.001202007 -0.007510698 0.009901114 -0.005544324 -0.01046801 0.002746384 -0.005640122 -0.01043732 0.002605713 0.005056187 -0.00307351 0.01069469 0.001202007 -0.00763293 0.009807193 0.002378151 -0.007969995 0.00925414 -0.001202007 -0.009679615 0.007794082 -0.002378151 -0.009637977 0.007501288 -5.979382e-19 -0.009800584 0.007758772 0.005056187 -0.003198859 0.01065787 -0.001202007 -0.009775538 0.007673429 -0.001202007 -0.009869888 0.007551686 -6.024379e-19 -0.00998985 0.007513515 0.001202007 -0.007953087 0.009549401 0.005056187 -0.003462195 0.01057526 0.001202007 -0.008070894 0.009450044 0.001202007 -0.008187517 0.009349183 0.002378151 -0.00827167 0.00898551 0.005056187 -0.003721864 0.01048668 0.001202007 -0.00834101 0.009212502 0.001202007 -0.008454595 0.009108375 0.005056187 -0.003978019 0.01039222 0.001202007 -0.008566905 0.009002822 0.002378151 -0.008847507 0.008419118 0.005056187 -0.004230823 0.01029189 0.001202007 -0.008859938 0.008714595 0.005056187 -0.004480436 0.0101857 0.001202007 -0.008967329 0.00860405 -0.001202007 -0.01066202 0.006384672 -0.002948894 -0.01067445 0.00560239 0.001202007 -0.009073328 0.008492195 0.001202007 -0.009212524 0.008340986 0.002378151 -0.009121081 0.008121933 0.001202007 -0.009315286 0.008226063 0.001202007 -0.009416575 0.008109918 0.002378151 -0.009512628 0.007659624 0.001202007 -0.0096148 0.007873898 0.001202007 -0.009711763 0.007753987 0.001202007 -0.009807164 0.007632967 -1.212569e-18 -0.01077631 0.006334127 -2.225263e-18 -0.01141595 0.005091765 -0.001794878 -0.01152736 0.004397322 -0.001794878 -0.01157898 0.004259531 -0.00401651 -0.01159259 0.001232549 -0.003789435 -0.01168832 0.001242728 0.001202007 -0.01060947 0.006471618 -0.003448035 -0.01180514 0.001390501 -0.003560943 -0.01177812 0.001252275 -0.002986411 -0.01192616 0.001678182 -0.003101762 -0.01190775 0.001539035 -0.003216579 -0.01188639 0.001400071 -0.002750871 -0.01199601 0.001688011 -0.002514022 -0.01206001 0.001697017 -0.002275793 -0.01211821 0.001705206 0.002948894 -0.01062865 0.005688803 0.001794878 -0.01152736 0.004397322 0.001794878 -0.01157898 0.004259531 0.005056187 -0.01013055 0.00460377 0.002275793 -0.01211821 0.001705206 0.005056187 -0.01023979 0.004355404 0.002514022 -0.01206001 0.001697017 0.005056187 -0.01034318 0.004103832 0.002986411 -0.01192616 0.001678182 0.005056187 -0.01044071 0.003848959 0.005155366 -0.01043026 0.003704763 0.002750871 -0.01199601 0.001688011 0.003101762 -0.01190775 0.001539035 0.005253667 -0.01041699 0.003560777 0.003216579 -0.01188639 0.001400071 0.005253667 -0.01050108 0.003304564 0.003448035 -0.01180514 0.001390501 0.003560943 -0.01177812 0.001252275 0.003789435 -0.01168832 0.001242728 0.005544324 -0.01039768 0.003001703 0.00401651 -0.01159259 0.001232549 0.005544324 -0.01046801 0.002746384 0.005640122 -0.01043732 0.002605713 -0.0009029376 -0.003015811 -0.01208864 -8.384993e-19 -0.002274538 -0.01229132 0.0009029376 -0.003015811 -0.01208864 -0.0009029376 -0.0007082723 -0.012439 -8.384993e-19 0.002274538 -0.01229132 -0.0009029376 0.0007097846 -0.01243892 -1.004514e-18 -2.775558e-18 -0.0125 0.0009029376 -0.0007082723 -0.012439 0.0009029376 0.0007097846 -0.01243892 -0.0009029376 0.003020458 -0.01208749 0.0009029376 0.003020458 -0.01208749 -0.0009029376 0.01209363 -0.002995739 -0.0009029376 0.01236413 -0.001535823 -8.384993e-19 0.01229132 -0.002274538 0.0009029376 0.01209363 -0.002995739 0.0009029376 0.01236413 -0.001535823 -0.0009029376 0.01236747 0.001508677 0.0009029376 0.01236747 0.001508677 -0.0009029376 0.01185167 0.00384297 0.0009029376 0.01185167 0.00384297 -0.0009029376 0.00384297 0.01185167 0.0009029376 0.00384297 0.01185167 -0.0009029376 0.001508677 0.01236747 -0.002665264 -0.001870073 0.01199336 -0.001794878 -0.001118112 0.01228683 -0.001794878 -0.001258016 0.0122733 0.0009029376 0.001508677 0.01236747 -0.0009029376 -0.0005601741 0.01244655 -0.0009029376 -0.0006297901 0.01244322 -0.002665264 -0.003089567 0.0117385 -0.001794878 -0.00373144 0.0117598 -0.001794878 -0.003872831 0.01171399 -0.001794878 -0.004013001 0.01166672 -0.005528988 -0.00577247 0.009166313 -0.004560062 -0.006389937 0.009440517 -0.001794878 -0.002488887 0.01208395 -0.005528988 -0.005998527 0.00902 -0.0009029376 -0.001858867 0.0123197 -0.005528988 -0.006220303 0.008868514 -0.004560062 -0.006623364 0.009278238 -0.004042172 -0.005031672 0.01050363 -0.005528988 -0.006330503 0.00879019 -0.005528988 -0.006439275 0.008710823 -0.004560062 -0.006851988 0.009110703 0.0009029376 -0.0005601741 0.01244655 0.0009029376 -0.0006297901 0.01244322 0.001794878 -0.001118112 0.01228683 0.001794878 -0.001258016 0.0122733 -0.005528988 -0.006653278 0.008548485 -0.004560062 -0.007075901 0.008937913 -0.005528988 -0.00675888 0.008465238 -0.004560062 -0.007222748 0.00881967 -0.005528988 -0.00682865 0.008409057 -0.005528988 -0.006932345 0.008323779 -0.004560062 -0.007439228 0.008637856 -0.0009029376 -0.003110017 0.01206475 -8.26444e-19 -0.002460405 0.01225546 -0.005528988 -0.007136687 0.008149258 -0.004560062 -0.007720814 0.008387115 -0.003775638 -0.006015204 0.010105 -0.005528988 -0.00727048 0.00803012 -0.005528988 -0.007467382 0.007847351 -0.004560062 -0.007926458 0.008193041 0.0009029376 -0.001858867 0.0123197 -0.005528988 -0.007564144 0.007754124 -0.004560062 -0.008060864 0.008060839 -0.005528988 -0.007628004 0.007691311 -0.005528988 -0.007722805 0.007596117 -0.004560062 -0.008258302 0.007858441 -0.005528988 -0.007908808 0.00740226 -0.0009029376 -0.004362953 0.01167027 -0.0009029376 -0.004433931 0.01164348 -0.005528988 -0.008030139 0.007270459 -0.004560062 -0.008513658 0.007581048 -0.003504389 -0.006973004 0.009600821 -7.511274e-19 -0.003719221 0.01193388 -0.005528988 -0.008208001 0.007069046 -0.004560062 -0.008699025 0.007367606 -0.003504389 -0.007092441 0.009512929 -0.005528988 -0.008294989 0.006966768 -0.003504389 -0.00721028 0.009423926 0.0009029376 -0.003110017 0.01206475 -0.005528988 -0.008380785 0.006863319 -0.004560062 -0.008879128 0.007149527 -0.003504389 -0.007326647 0.009333744 -0.003504389 -0.007479971 0.009211328 -0.005528988 -0.008548459 0.006653311 -0.004560062 -0.009053668 0.006927176 0.001794878 -0.00373144 0.0117598 0.001794878 -0.002488887 0.01208395 -0.003504389 -0.00755592 0.009149132 -0.005528988 -0.008630239 0.006546883 -0.003504389 -0.007668774 0.009054748 -0.005528988 -0.008710907 0.006439162 -0.004560062 -0.009222948 0.00670014 0.002665264 -0.001870073 0.01199336 -0.005528988 -0.008867975 0.00622107 -0.004560062 -0.009386986 0.006468319 -0.003504389 -0.007963946 0.008796255 -0.005528988 -0.008944709 0.006110229 -0.003504389 -0.008108384 0.008663293 -0.003504389 -0.008215208 0.008562061 0.0009029376 -0.004362953 0.01167027 0.001794878 -0.003872831 0.01171399 0.001794878 -0.004013001 0.01166672 -0.005528988 -0.009093746 0.005886126 0.0009029376 -0.004433931 0.01164348 -0.003504389 -0.008355675 0.008425036 -0.003504389 -0.008425056 0.008355655 -0.003504389 -0.008528032 0.008250527 -0.003504389 -0.008663343 0.008108331 0.002665264 -0.003089567 0.0117385 -0.003504389 -0.008926692 0.007817462 -0.003504389 -0.00902293 0.007706183 -0.003504389 -0.009117879 0.007593604 -0.003504389 -0.009303386 0.007365158 -0.003504389 -0.009393974 0.00724926 -0.003504389 -0.009483359 0.00713193 -0.003504389 -0.009571617 0.007013037 -0.003775638 -0.0100676 0.00607759 -0.004042172 -0.0104624 0.005116851 -0.004303728 -0.01075525 0.004145497 0.004042172 -0.004989271 0.01052384 0.004560062 -0.006312062 0.009492762 0.003775638 -0.005932419 0.01015382 0.003504389 -0.006853676 0.009686365 0.004560062 -0.006546641 0.009332532 0.003504389 -0.006974074 0.009600042 0.004560062 -0.006776491 0.009166997 0.003504389 -0.0070929 0.009512587 0.003504389 -0.00721028 0.009423926 0.004560062 -0.007001701 0.008996157 0.003504389 -0.007517853 0.009180437 0.004560062 -0.007295382 0.008759684 0.003504389 -0.007668774 0.009054748 0.004560062 -0.007510425 0.008576023 0.003504389 -0.007780506 0.008958921 0.003504389 -0.007927583 0.008829041 0.004560062 -0.007651225 0.008450646 0.003504389 -0.008000337 0.00876317 0.003504389 -0.008108384 0.008663293 0.004560062 -0.007858438 0.008258306 0.005528988 -0.005734842 0.009189901 0.003504389 -0.008390426 0.008390429 0.004560062 -0.008127237 0.007993915 0.003504389 -0.008528032 0.008250527 0.004560062 -0.008322982 0.007789907 0.005528988 -0.005961398 0.00904458 -0.002036253 -0.0119247 0.002976173 -0.0004961717 -0.01223074 0.002520183 0.003504389 -0.008629687 0.008144141 0.005528988 -0.006073521 0.008969674 0.003504389 -0.008696745 0.008072494 0.004560062 -0.008450665 0.007651203 0.003504389 -0.008829041 0.007927584 0.005528988 -0.006294193 0.008816226 0.003504389 -0.008926692 0.007817462 0.004560062 -0.008637843 0.007439242 0.005528988 -0.006403256 0.008737334 0.005528988 -0.006511015 0.008657331 0.003504389 -0.009117879 0.007593604 0.004560062 -0.008819674 0.007222742 0.003504389 -0.0092113 0.007480006 0.005528988 -0.006723785 0.008493139 0.003504389 -0.009303386 0.007365158 0.004560062 -0.00899613 0.007001735 0.005528988 -0.006863325 0.00838078 -0.0002482005 -0.01190139 0.003811807 -0.0002480478 -0.01223979 0.002522047 0.003504389 -0.00939429 0.007248852 -0.0001240382 -0.01190359 0.003812512 -3.715233e-18 -0.0122428 0.002522668 0.003504389 -0.009484091 0.007130958 0.004560062 -0.009167379 0.006775974 0.004560062 -0.009333434 0.006545354 -2.481651e-18 -0.01190433 0.003812747 0.005528988 -0.007069033 0.008208013 0.0002480478 -0.01223979 0.002522047 0.0001240382 -0.01190359 0.003812512 0.005528988 -0.007170338 0.008119665 0.005528988 -0.007237235 0.008060095 0.0004961717 -0.01223074 0.002520183 0.0002482005 -0.01190139 0.003811807 0.005528988 -0.007336607 0.00796975 0.005528988 -0.007532017 0.007785334 0.005528988 -0.007659735 0.00765971 0.005528988 -0.007847348 0.007467385 0.005528988 -0.007939333 0.007369511 0.003775638 -0.01001756 0.006159723 0.005528988 -0.007999999 0.00730361 0.005528988 -0.008089995 0.007203796 0.005528988 -0.008266139 0.007000975 -0.0007436851 -0.01241029 0.00124223 0.005528988 -0.008352313 0.00689794 0.005528988 -0.008437281 0.006793747 -0.0004960192 -0.0124256 0.001243762 -0.0003720002 -0.01243096 0.001244299 0.005528988 -0.008603133 0.006582461 -0.0001240382 -0.01243708 0.001244912 0.005528988 -0.008684268 0.006475044 -4.38079e-18 -0.01243785 0.001244988 0.005528988 -0.008764366 0.006366207 0.004042172 -0.01044166 0.005159045 0.0001240382 -0.01243708 0.001244912 0.005528988 -0.008919503 0.006146964 0.002036253 -0.0119247 0.002976173 0.0003720002 -0.01243096 0.001244299 0.0004960192 -0.0124256 0.001243762 0.005528988 -0.009069521 0.005923385 0.0007436851 -0.01241029 0.00124223 0.004303728 -0.01075525 0.004145497 -3.309411e-19 -0.001244487 0.0124379 0.0079 5.551115e-19 0.0025 0.0079 -0.0001246147 0.002496892 -0.0079 5.551115e-19 0.0025 -0.0079 -0.0001246147 0.002496892 0.0079 -0.0002489196 0.002487577 -0.0079 -0.0002489196 0.002487577 -0.0079 -0.0003726057 0.002472077 0.0079 -0.0003726057 0.002472077 -0.0079 -0.0004953654 0.002450431 0.0079 -0.0004953654 0.002450431 0.0079 -0.0006168935 0.002422693 -0.0079 -0.0006168935 0.002422693 0.0079 -0.0007368879 0.002388932 -0.0079 -0.0007368879 0.002388932 -0.0079 -0.0008550504 0.002349231 0.0079 -0.0008550504 0.002349231 -0.0079 -0.000971087 0.00230369 0.0079 -0.000971087 0.00230369 0.0079 -0.001084709 0.002252422 -0.0079 -0.001084709 0.002252422 0.0079 -0.001195635 0.002195554 -0.0079 -0.001195635 0.002195554 0.0079 -0.001303588 0.002133227 -0.0079 -0.001303588 0.002133227 0.0079 -0.0014083 0.002065597 -0.0079 -0.0014083 0.002065597 -0.0079 -0.001509511 0.001992831 0.0079 -0.001509511 0.001992831 -0.0079 -0.001606969 0.001915111 0.0079 -0.001606969 0.001915111 -0.0079 -0.001700432 0.00183263 0.0079 -0.001700432 0.00183263 0.0079 -0.001789667 0.001745592 -0.0079 -0.001789667 0.001745592 0.0079 -0.001874453 0.001654215 -0.0079 -0.001874453 0.001654215 0.0079 -0.001954579 0.001558725 -0.0079 -0.001954579 0.001558725 0.0079 -0.002029845 0.001459359 -0.0079 -0.002029845 0.001459359 0.0079 -0.002100065 0.001356366 -0.0079 -0.002100065 0.001356366 0.0079 -0.002165064 0.00125 -0.0079 -0.002165064 0.00125 0.0079 -0.002224679 0.001140527 -0.0079 -0.002224679 0.001140527 -0.0079 -0.002278765 0.001028218 0.0079 -0.002278765 0.001028218 -0.0079 -0.002327184 0.0009133525 0.0079 -0.002327184 0.0009133525 -0.0079 -0.002369818 0.0007962166 0.0079 -0.002369818 0.0007962166 0.0079 -0.002406561 0.0006771012 -0.0079 -0.002406561 0.0006771012 0.0079 -0.00243732 0.0005563023 -0.0079 -0.00243732 0.0005563023 0.0079 -0.002462019 0.0004341204 -0.0079 -0.002462019 0.0004341204 0.0079 -0.002480598 0.0003108593 -0.0079 -0.002480598 0.0003108593 -0.0079 -0.00249301 0.0001868252 0.0079 -0.00249301 0.0001868252 0.0079 -0.002499223 6.232673e-05 -0.0079 -0.002499223 6.232673e-05 0.0079 -0.002499223 -6.232673e-05 -0.0079 -0.002499223 -6.232673e-05 0.0079 -0.00249301 -0.0001868252 -0.0079 -0.00249301 -0.0001868252 0.0079 -0.002480598 -0.0003108593 -0.0079 -0.002480598 -0.0003108593 -0.0079 -0.002462019 -0.0004341204 0.0079 -0.002462019 -0.0004341204 0.0079 -0.00243732 -0.0005563023 -0.0079 -0.00243732 -0.0005563023 0.0079 -0.002406561 -0.0006771012 -0.0079 -0.002406561 -0.0006771012 0.0079 -0.002369818 -0.0007962166 -0.0079 -0.002369818 -0.0007962166 0.0079 -0.002327184 -0.0009133525 -0.0079 -0.002327184 -0.0009133525 0.0079 -0.002278765 -0.001028218 -0.0079 -0.002278765 -0.001028218 -0.0079 -0.002224679 -0.001140527 0.0079 -0.002224679 -0.001140527 0.0079 -0.002165064 -0.00125 -0.0079 -0.002165064 -0.00125 0.0079 -0.002100065 -0.001356366 -0.0079 -0.002100065 -0.001356366 0.0079 -0.002029845 -0.001459359 -0.0079 -0.002029845 -0.001459359 -0.0079 -0.001954579 -0.001558725 0.0079 -0.001954579 -0.001558725 -0.0079 -0.001874453 -0.001654215 0.0079 -0.001874453 -0.001654215 0.0079 -0.001789667 -0.001745592 -0.0079 -0.001789667 -0.001745592 0.0079 -0.001700432 -0.00183263 -0.0079 -0.001700432 -0.00183263 0.0079 -0.001606969 -0.001915111 -0.0079 -0.001606969 -0.001915111 0.0079 -0.001509511 -0.001992831 -0.0079 -0.001509511 -0.001992831 0.0079 -0.0014083 -0.002065597 -0.0079 -0.0014083 -0.002065597 0.0079 -0.001303588 -0.002133227 -0.0079 -0.001303588 -0.002133227 -0.0079 -0.001195635 -0.002195554 0.0079 -0.001195635 -0.002195554 0.0079 -0.001084709 -0.002252422 -0.0079 -0.001084709 -0.002252422 0.0079 -0.000971087 -0.00230369 -0.0079 -0.000971087 -0.00230369 0.0079 -0.0008550504 -0.002349231 -0.0079 -0.0008550504 -0.002349231 0.0079 -0.0007368879 -0.002388932 -0.0079 -0.0007368879 -0.002388932 -0.0079 -0.0006168935 -0.002422693 0.0079 -0.0006168935 -0.002422693 0.0079 -0.0004953654 -0.002450431 -0.0079 -0.0004953654 -0.002450431 -0.0079 -0.0003726057 -0.002472077 0.0079 -0.0003726057 -0.002472077 0.0079 -0.0002489196 -0.002487577 -0.0079 -0.0002489196 -0.002487577 0.0079 -0.0001246147 -0.002496892 -0.0079 -0.0001246147 -0.002496892 0.0079 -5.551115e-19 -0.0025 -0.0079 -5.551115e-19 -0.0025 0.0079 0.0001246147 -0.002496892 -0.0079 0.0001246147 -0.002496892 0.0079 0.0002489196 -0.002487577 -0.0079 0.0002489196 -0.002487577 0.0079 0.0003726057 -0.002472077 -0.0079 0.0003726057 -0.002472077 0.0079 0.0004953654 -0.002450431 -0.0079 0.0004953654 -0.002450431 0.0079 0.0006168935 -0.002422693 -0.0079 0.0006168935 -0.002422693 0.0079 0.0007368879 -0.002388932 -0.0079 0.0007368879 -0.002388932 0.0079 0.0008550504 -0.002349231 -0.0079 0.0008550504 -0.002349231 0.0079 0.000971087 -0.00230369 -0.0079 0.000971087 -0.00230369 0.0079 0.001084709 -0.002252422 -0.0079 0.001084709 -0.002252422 0.0079 0.001195635 -0.002195554 -0.0079 0.001195635 -0.002195554 0.0079 0.001303588 -0.002133227 -0.0079 0.001303588 -0.002133227 0.0079 0.0014083 -0.002065597 -0.0079 0.0014083 -0.002065597 0.0079 0.001509511 -0.001992831 -0.0079 0.001509511 -0.001992831 0.0079 0.001606969 -0.001915111 -0.0079 0.001606969 -0.001915111 0.0079 0.001700432 -0.00183263 -0.0079 0.001700432 -0.00183263 0.0079 0.001789667 -0.001745592 -0.0079 0.001789667 -0.001745592 0.0079 0.001874453 -0.001654215 -0.0079 0.001874453 -0.001654215 0.0079 0.001954579 -0.001558725 -0.0079 0.001954579 -0.001558725 0.0079 0.002029845 -0.001459359 -0.0079 0.002029845 -0.001459359 0.0079 0.002100065 -0.001356366 -0.0079 0.002100065 -0.001356366 0.0079 0.002165064 -0.00125 -0.0079 0.002165064 -0.00125 0.0079 0.002224679 -0.001140527 -0.0079 0.002224679 -0.001140527 0.0079 0.002278765 -0.001028218 -0.0079 0.002278765 -0.001028218 0.0079 0.002327184 -0.0009133525 -0.0079 0.002327184 -0.0009133525 0.0079 0.002369818 -0.0007962166 -0.0079 0.002369818 -0.0007962166 0.0079 0.002406561 -0.0006771012 -0.0079 0.002406561 -0.0006771012 0.0079 0.00243732 -0.0005563023 -0.0079 0.00243732 -0.0005563023 0.0079 0.002462019 -0.0004341204 -0.0079 0.002462019 -0.0004341204 0.0079 0.002480598 -0.0003108593 -0.0079 0.002480598 -0.0003108593 0.0079 0.00249301 -0.0001868252 -0.0079 0.00249301 -0.0001868252 0.0079 0.002499223 -6.232673e-05 -0.0079 0.002499223 -6.232673e-05 0.0079 0.002499223 6.232673e-05 -0.0079 0.002499223 6.232673e-05 0.0079 0.00249301 0.0001868252 -0.0079 0.00249301 0.0001868252 0.0079 0.002480598 0.0003108593 -0.0079 0.002480598 0.0003108593 0.0079 0.002462019 0.0004341204 -0.0079 0.002462019 0.0004341204 0.0079 0.00243732 0.0005563023 -0.0079 0.00243732 0.0005563023 0.0079 0.002406561 0.0006771012 -0.0079 0.002406561 0.0006771012 0.0079 0.002369818 0.0007962166 -0.0079 0.002369818 0.0007962166 0.0079 0.002327184 0.0009133525 -0.0079 0.002327184 0.0009133525 0.0079 0.002278765 0.001028218 -0.0079 0.002278765 0.001028218 0.0079 0.002224679 0.001140527 -0.0079 0.002224679 0.001140527 0.0079 0.002165064 0.00125 -0.0079 0.002165064 0.00125 0.0079 0.002100065 0.001356366 -0.0079 0.002100065 0.001356366 0.0079 0.002029845 0.001459359 -0.0079 0.002029845 0.001459359 0.0079 0.001954579 0.001558725 -0.0079 0.001954579 0.001558725 -0.0079 0.001874453 0.001654215 0.0079 0.001874453 0.001654215 0.0079 0.001789667 0.001745592 -0.0079 0.001789667 0.001745592 0.0079 0.001700432 0.00183263 -0.0079 0.001700432 0.00183263 0.0079 0.001606969 0.001915111 -0.0079 0.001606969 0.001915111 0.0079 0.001509511 0.001992831 -0.0079 0.001509511 0.001992831 0.0079 0.0014083 0.002065597 -0.0079 0.0014083 0.002065597 0.0079 0.001303588 0.002133227 -0.0079 0.001303588 0.002133227 0.0079 0.001195635 0.002195554 -0.0079 0.001195635 0.002195554 0.0079 0.001084709 0.002252422 -0.0079 0.001084709 0.002252422 0.0079 0.000971087 0.00230369 -0.0079 0.000971087 0.00230369 0.0079 0.0008550504 0.002349231 -0.0079 0.0008550504 0.002349231 0.0079 0.0007368879 0.002388932 -0.0079 0.0007368879 0.002388932 0.0079 0.0006168935 0.002422693 -0.0079 0.0006168935 0.002422693 0.0079 0.0004953654 0.002450431 -0.0079 0.0004953654 0.002450431 -0.0079 0.0003726057 0.002472077 0.0079 0.0003726057 0.002472077 0.0079 0.0002489196 0.002487577 -0.0079 0.0002489196 0.002487577 0.0079 0.0001246147 0.002496892 -0.0079 0.0001246147 0.002496892 -0.0079 0.002863467 -0.002792947 -0.0079 0.002720691 -0.002932208 -0.0079 0.002999125 -0.002646743 -0.0079 0.002571151 -0.003064178 -0.0079 0.003127326 -0.002493959 -0.0079 0.002415218 -0.00318853 -0.0079 0.003247752 -0.002334975 -0.0079 0.00225328 -0.003304955 -0.0079 0.003360104 -0.002170185 -0.0079 0.002085741 -0.003413163 -0.0079 0.001913016 -0.003512886 -0.0079 0.003464102 -0.002 -0.0079 0.003559487 -0.001824843 -0.0079 0.001735535 -0.003603875 -0.0079 0.003646024 -0.001645148 -0.0079 0.001553739 -0.003685905 -0.0079 0.003723495 -0.001461364 -0.0079 0.001368081 -0.00375877 -0.0079 0.003791709 -0.001273947 -0.0079 0.001179021 -0.003822291 -0.0079 0.003850497 -0.001083362 -0.0079 0.0009870296 -0.003876309 -0.0079 0.0007925846 -0.00392069 -0.0079 0.003899712 -0.0008900837 -0.0079 0.003939231 -0.0006945927 -0.0079 0.0005961691 -0.003955323 -0.0079 0.0003982714 -0.003980123 -0.0079 0.003968957 -0.0004973748 -0.0079 0.0001993835 -0.003995028 -0.0079 0.003988815 -0.0002989204 -0.0079 0.003998757 -9.972277e-05 -0.0079 -8.881784e-19 -0.004 -0.0079 0.003998757 9.972277e-05 -0.0079 -0.0001993835 -0.003995028 -0.0079 0.003988815 0.0002989204 -0.0079 0.003968957 0.0004973748 -0.0079 -0.0003982714 -0.003980123 -0.0079 -0.0005961691 -0.003955323 -0.0079 0.003939231 0.0006945927 -0.0079 -0.0007925846 -0.00392069 -0.0079 0.003899712 0.0008900837 -0.0079 -0.0009870296 -0.003876309 -0.0079 0.003850497 0.001083362 -0.0079 -0.001179021 -0.003822291 -0.0079 0.003791709 0.001273947 -0.0079 -0.001368081 -0.00375877 -0.0079 0.003723495 0.001461364 -0.0079 -0.001553739 -0.003685905 -0.0079 0.003646024 0.001645148 -0.0079 -0.001735535 -0.003603875 -0.0079 0.003559487 0.001824843 -0.0079 -0.001913016 -0.003512886 -0.0079 0.003464102 0.002 -0.0079 0.003360104 0.002170185 -0.0079 -0.002085741 -0.003413163 -0.0079 -0.00225328 -0.003304955 -0.0079 -0.002415218 -0.00318853 -0.0079 0.003247752 0.002334975 -0.0079 0.003127326 0.002493959 -0.0079 -0.002571151 -0.003064178 -0.0079 0.002999125 0.002646743 -0.0079 -0.002720691 -0.002932208 -0.0079 0.002863467 0.002792947 -0.0079 -0.002863467 -0.002792947 -0.0079 0.002720691 0.002932208 -0.0079 -0.002999125 -0.002646743 -0.0079 0.002571151 0.003064178 -0.0079 -0.003127326 -0.002493959 -0.0079 0.002415218 0.00318853 -0.0079 -0.003247752 -0.002334975 -0.0079 0.00225328 0.003304955 -0.0079 -0.003360104 -0.002170185 -0.0079 0.002085741 0.003413163 -0.0079 -0.003464102 -0.002 -0.0079 0.001913016 0.003512886 -0.0079 -0.003559487 -0.001824843 -0.0079 0.001735535 0.003603875 -0.0079 -0.003646024 -0.001645148 -0.0079 0.001553739 0.003685905 -0.0079 -0.003723495 -0.001461364 -0.0079 0.001368081 0.00375877 -0.0079 -0.003791709 -0.001273947 -0.0079 0.001179021 0.003822291 -0.0079 -0.003850497 -0.001083362 -0.0079 0.0009870296 0.003876309 -0.0079 -0.003899712 -0.0008900837 -0.0079 0.0007925846 0.00392069 -0.0079 -0.003939231 -0.0006945927 -0.0079 0.0005961691 0.003955323 -0.0079 -0.003968957 -0.0004973748 -0.0079 0.0003982714 0.003980123 -0.0079 -0.003988815 -0.0002989204 -0.0079 0.0001993835 0.003995028 -0.0079 -0.003998757 -9.972277e-05 -0.0079 8.881784e-19 0.004 -0.0079 -0.003998757 9.972277e-05 -0.0079 -0.0001993835 0.003995028 -0.0079 -0.003988815 0.0002989204 -0.0079 -0.0003982714 0.003980123 -0.0079 -0.003968957 0.0004973748 -0.0079 -0.0005961691 0.003955323 -0.0079 -0.003939231 0.0006945927 -0.0079 -0.0007925846 0.00392069 -0.0079 -0.003899712 0.0008900837 -0.0079 -0.0009870296 0.003876309 -0.0079 -0.003850497 0.001083362 -0.0079 -0.001179021 0.003822291 -0.0079 -0.003791709 0.001273947 -0.0079 -0.001368081 0.00375877 -0.0079 -0.003723495 0.001461364 -0.0079 -0.001553739 0.003685905 -0.0079 -0.003646024 0.001645148 -0.0079 -0.001735535 0.003603875 -0.0079 -0.003559487 0.001824843 -0.0079 -0.001913016 0.003512886 -0.0079 -0.003464102 0.002 -0.0079 -0.002085741 0.003413163 -0.0079 -0.003360104 0.002170185 -0.0079 -0.00225328 0.003304955 -0.0079 -0.003247752 0.002334975 -0.0079 -0.002415218 0.00318853 -0.0079 -0.003127326 0.002493959 -0.0079 -0.002571151 0.003064178 -0.0079 -0.002999125 0.002646743 -0.0079 -0.002720691 0.002932208 -0.0079 -0.002863467 0.002792947 0.0079 -0.0001993835 0.003995028 0.0079 8.881784e-19 0.004 0.0079 -0.0003982714 0.003980123 0.0079 -0.0005961691 0.003955323 0.0079 -0.0007925846 0.00392069 0.0079 -0.0009870296 0.003876309 0.0079 -0.001179021 0.003822291 0.0079 -0.001368081 0.00375877 0.0079 -0.001553739 0.003685905 0.0079 -0.001735535 0.003603875 0.0079 -0.001913016 0.003512886 0.0079 -0.002085741 0.003413163 0.0079 -0.00225328 0.003304955 0.0079 -0.002415218 0.00318853 0.0079 -0.002571151 0.003064178 0.0079 -0.002720691 0.002932208 0.0079 -0.002863467 0.002792947 0.0079 -0.002999125 0.002646743 0.0079 -0.003127326 0.002493959 0.0079 -0.003247752 0.002334975 0.0079 -0.003360104 0.002170185 0.0079 -0.003464102 0.002 0.0079 -0.003559487 0.001824843 0.0079 -0.003646024 0.001645148 0.0079 -0.003723495 0.001461364 0.0079 -0.003791709 0.001273947 0.0079 -0.003850497 0.001083362 0.0079 -0.003899712 0.0008900837 0.0079 -0.003939231 0.0006945927 0.0079 -0.003968957 0.0004973748 0.0079 -0.003988815 0.0002989204 0.0079 -0.003998757 9.972277e-05 0.0079 -0.003998757 -9.972277e-05 0.0079 -0.003988815 -0.0002989204 0.0079 -0.003968957 -0.0004973748 0.0079 -0.003939231 -0.0006945927 0.0079 -0.003899712 -0.0008900837 0.0079 -0.003850497 -0.001083362 0.0079 -0.003791709 -0.001273947 0.0079 -0.003723495 -0.001461364 0.0079 -0.003646024 -0.001645148 0.0079 -0.003559487 -0.001824843 0.0079 -0.003464102 -0.002 0.0079 -0.003360104 -0.002170185 0.0079 -0.003247752 -0.002334975 0.0079 -0.003127326 -0.002493959 0.0079 -0.002999125 -0.002646743 0.0079 -0.002863467 -0.002792947 0.0079 -0.002720691 -0.002932208 0.0079 -0.002571151 -0.003064178 0.0079 -0.002415218 -0.00318853 0.0079 -0.00225328 -0.003304955 0.0079 -0.002085741 -0.003413163 0.0079 -0.001913016 -0.003512886 0.0079 -0.001735535 -0.003603875 0.0079 -0.001553739 -0.003685905 0.0079 -0.001368081 -0.00375877 0.0079 -0.001179021 -0.003822291 0.0079 -0.0009870296 -0.003876309 0.0079 -0.0007925846 -0.00392069 0.0079 -0.0005961691 -0.003955323 0.0079 -0.0003982714 -0.003980123 0.0079 -0.0001993835 -0.003995028 0.0079 -8.881784e-19 -0.004 0.0079 0.0001993835 -0.003995028 0.0079 0.0003982714 -0.003980123 0.0079 0.0005961691 -0.003955323 0.0079 0.0007925846 -0.00392069 0.0079 0.0009870296 -0.003876309 0.0079 0.001179021 -0.003822291 0.0079 0.001368081 -0.00375877 0.0079 0.001553739 -0.003685905 0.0079 0.001735535 -0.003603875 0.0079 0.001913016 -0.003512886 0.0079 0.002085741 -0.003413163 0.0079 0.00225328 -0.003304955 0.0079 0.002415218 -0.00318853 0.0079 0.002571151 -0.003064178 0.0079 0.002720691 -0.002932208 0.0079 0.002863467 -0.002792947 0.0079 0.002999125 -0.002646743 0.0079 0.003127326 -0.002493959 0.0079 0.003247752 -0.002334975 0.0079 0.003360104 -0.002170185 0.0079 0.003464102 -0.002 0.0079 0.003559487 -0.001824843 0.0079 0.003646024 -0.001645148 0.0079 0.003723495 -0.001461364 0.0079 0.003791709 -0.001273947 0.0079 0.003850497 -0.001083362 0.0079 0.003899712 -0.0008900837 0.0079 0.003939231 -0.0006945927 0.0079 0.003968957 -0.0004973748 0.0079 0.003988815 -0.0002989204 0.0079 0.003998757 -9.972277e-05 0.0079 0.003998757 9.972277e-05 0.0079 0.003988815 0.0002989204 0.0079 0.003968957 0.0004973748 0.0079 0.003939231 0.0006945927 0.0079 0.003899712 0.0008900837 0.0079 0.003850497 0.001083362 0.0079 0.003791709 0.001273947 0.0079 0.003723495 0.001461364 0.0079 0.003646024 0.001645148 0.0079 0.003559487 0.001824843 0.0079 0.003464102 0.002 0.0079 0.003360104 0.002170185 0.0079 0.003247752 0.002334975 0.0079 0.003127326 0.002493959 0.0079 0.002999125 0.002646743 0.0079 0.002863467 0.002792947 0.0079 0.002720691 0.002932208 0.0079 0.002571151 0.003064178 0.0079 0.002415218 0.00318853 0.0079 0.00225328 0.003304955 0.0079 0.002085741 0.003413163 0.0079 0.001913016 0.003512886 0.0079 0.001735535 0.003603875 0.0079 0.001553739 0.003685905 0.0079 0.001368081 0.00375877 0.0079 0.001179021 0.003822291 0.0079 0.0009870296 0.003876309 0.0079 0.0007925846 0.00392069 0.0079 0.0005961691 0.003955323 0.0079 0.0003982714 0.003980123 0.0079 0.0001993835 0.003995028</float_array>
          <technique_common>
            <accessor count="3000" source="#cubeverts-array0-array" stride="3">
              <param type="float" name="X"/>
              <param type="float" name="Y"/>
              <param type="float" name="Z"/>
            </accessor>
          </technique_common>
        </source>
        <source id="cubenormals-array0">
          <float_array count="18000" id="cubenormals-array0-array">1 0 0 1 0 0 1 0 0 1 0 0 1 0 0 1 0 0 1 0 0 1 0 0 1 0 0 1 0 0 1 0 0 1 0 0 1 0 0 1 0 0 1 0 0 1 0 0 1 0 0 1 0 0 1 0 0 1 0 0 1 0 0 1 0 0 1 0 0 1 0 0 1 0 0 1 0 0 1 0 0 1 0 0 1 0 0 1 0 0 1 0 0 1 0 0 1 0 0 1 0 0 1 0 0 1 0 0 1 0 0 1 0 0 1 0 0 1 0 0 1 0 0 1 0 0 1 0 0 1 0 0 1 0 0 1 0 0 1 0 0 1 0 0 1 0 0 1 0 0 1 0 0 1 0 0 1 0 0 1 0 0 1 0 0 1 0 0 1 0 0 1 0 0 1 0 0 1 0 0 1 0 0 1 0 0 1 0 0 1 0 0 1 0 0 1 0 0 1 0 0 1 0 0 1 0 0 1 0 -0 1 0 -0 1 0 0 1 0 0 1 0 0 1 0 0 1 0 0 1 0 -0 1 0 0 1 0 0 1 0 0 1 0 0 1 0 0 1 0 -0 1 0 0 1 0 0 1 0 -0 1 0 0 1 0 0 1 0 0 1 0 -0 1 0 0 1 0 0 1 0 0 1 0 -0 1 0 -0 1 0 0 1 0 0 1 0 0 1 0 0 1 0 0 1 0 0 1 0 -0 1 0 0 1 0 0 1 0 -0 1 0 0 1 0 0 1 0 0 1 0 -0 1 0 0 1 0 0 1 0 0 1 0 0 1 0 0 1 0 -0 1 0 0 1 0 -0 1 0 0 1 0 0 1 0 0 1 0 0 1 0 0 1 0 0 1 0 0 1 0 0 1 0 0 1 0 0 1 0 -0 1 0 0 1 0 0 1 0 0 1 0 0 1 0 -0 1 0 -0 1 0 0 1 0 0 1 0 0 1 0 0 1 0 0 1 0 -0 1 0 -0 1 0 0 1 0 0 1 0 0 1 0 0 1 0 0 1 0 -0 1 0 -0 1 0 0 1 0 0 1 0 0 1 0 0 1 0 0 1 0 0 1 0 0 1 0 -0 1 0 -0 1 0 0 1 0 0 1 0 0 1 0 0 1 0 0 1 0 -0 1 0 0 1 0 0 1 0 0 1 0 -0 1 0 0 1 0 0 1 0 0 1 0 0 1 0 -0 1 0 0 1 0 0 1 0 0 1 0 -0 1 0 0 1 0 0 1 0 -0 1 0 0 1 0 0 1 0 0 1 0 -0 1 0 0 1 0 0 1 0 0 1 0 0 1 0 0 1 0 0 1 0 0 1 0 0 1 0 0 1 0 0 1 0 0 1 0 0 1 0 0 1 0 0 1 0 0 1 0 0 1 0 0 1 0 0 1 0 0 1 0 0 1 0 0 1 0 0 1 0 0 1 0 0 1 0 0 1 0 0 1 0 0 1 0 0 1 0 0 1 0 0 1 0 0 1 0 0 1 0 0 1 0 0 1 0 0 1 0 0 1 0 0 1 0 0 1 0 0 1 0 0 1 0 0 1 0 0 1 0 0 1 0 0 1 0 0 1 0 0 1 0 0 1 0 0 1 0 0 1 0 0 1 0 0 1 0 0 1 0 0 1 0 0 1 0 0 1 0 0 1 0 0 1 0 0 1 0 0 1 0 0 1 0 0 1 0 0 1 0 0 1 0 0 1 0 0 1 0 0 1 0 0 1 0 0 1 0 0 0 0.0249302 -0.9996892 0 0.0249302 -0.9996892 0 0.07472984 -0.9972038 0 0.07472984 -0.9972038 0 0.1243448 -0.9922391 0 0.1243448 -0.9922391 0 0.173649 -0.9848077 0 0.173649 -0.9848077 0 0.2225197 -0.9749282 0 0.2225197 -0.9749282 0 0.270841 -0.9626241 0 0.270841 -0.9626241 0 0.318487 -0.9479273 0 0.318487 -0.9479273 0 0.3653407 -0.9308739 0 0.3653407 -0.9308739 0 0.4112875 -0.9115058 0 0.4112875 -0.9115058 0 0.4562097 -0.8898724 0 0.4562097 -0.8898724 0 0.5000004 -0.8660253 0 0.5000004 -0.8660253 0 0.5425464 -0.8400258 0 0.5425464 -0.8400258 0 0.5837437 -0.8119379 0 0.5837437 -0.8119379 0 0.6234897 -0.7818316 0 0.6234897 -0.7818316 0 0.6616862 -0.749781 0 0.6616862 -0.749781 0 0.6982367 -0.7158669 0 0.6982367 -0.7158669 0 0.7330517 -0.6801729 0 0.7330517 -0.6801729 0 0.7660444 -0.6427876 0 0.7660444 -0.6427876 0 0.7971328 -0.6038041 0 0.7971328 -0.6038041 0 0.8262386 -0.5633204 0 0.8262386 -0.5633204 0 0.8532908 -0.5214354 0 0.8532908 -0.5214354 0 0.8782219 -0.4782535 0 0.8782219 -0.4782535 0 0.9009688 -0.433884 0 0.9009688 -0.433884 0 0.9214762 -0.3884351 0 0.9214762 -0.3884351 0 0.9396929 -0.3420196 0 0.9396929 -0.3420196 0 0.9555726 -0.2947558 0 0.9555726 -0.2947558 0 0.9690775 -0.2467569 0 0.9690775 -0.2467569 0 0.9801723 -0.1981468 0 0.988831 -0.1490414 0 0.9801723 -0.1981468 0 0.988831 -0.1490414 0 0.9950307 -0.09956887 0 0.9950307 -0.09956887 0 0.9987569 -0.04984637 0 0.9987569 -0.04984637 0 1 0 0 1 0 0 0.9987569 0.04984637 0 0.9987569 0.04984637 0 0.9950307 0.09956887 0 0.9950307 0.09956887 0 0.988831 0.1490414 0 0.988831 0.1490414 0 0.9801723 0.1981468 0 0.9801723 0.1981468 0 0.9690775 0.2467569 0 0.9690775 0.2467569 0 0.9555726 0.2947558 0 0.9555726 0.2947558 0 0.9396929 0.3420196 0 0.9396929 0.3420196 0 0.9214762 0.3884351 0 0.9214762 0.3884351 0 0.9009688 0.433884 0 0.9009688 0.433884 0 0.8782219 0.4782535 0 0.8782219 0.4782535 0 0.8532908 0.5214354 0 0.8532908 0.5214354 0 0.8262386 0.5633204 0 0.8262386 0.5633204 0 0.7971328 0.6038041 0 0.7971328 0.6038041 0 0.7660444 0.6427876 0 0.7660444 0.6427876 0 0.7330517 0.6801729 0 0.7330517 0.6801729 0 0.6982367 0.7158669 0 0.6982367 0.7158669 0 0.6616862 0.749781 0 0.6616862 0.749781 0 0.6234897 0.7818316 0 0.6234897 0.7818316 0 0.5837437 0.8119379 0 0.5837437 0.8119379 0 0.5425464 0.8400258 0 0.5425464 0.8400258 0 0.5000004 0.8660253 0 0.5000004 0.8660253 0 0.4562097 0.8898724 0 0.4562097 0.8898724 0 0.4112875 0.9115058 0 0.4112875 0.9115058 0 0.3653407 0.9308739 0 0.3653407 0.9308739 0 0.318487 0.9479273 0 0.318487 0.9479273 0 0.270841 0.9626241 0 0.270841 0.9626241 0 0.2225197 0.9749282 0 0.2225197 0.9749282 0 0.173649 0.9848077 0 0.173649 0.9848077 0 0.1243448 0.9922391 0 0.1243448 0.9922391 0 0.07472984 0.9972038 0 0.07472984 0.9972038 0 0.0249302 0.9996892 0 0.0249302 0.9996892 0 -0.0249302 0.9996892 0 -0.0249302 0.9996892 0 -0.07472984 0.9972038 0 -0.07472984 0.9972038 0 -0.1243448 0.9922391 0 -0.1243448 0.9922391 0 -0.173649 0.9848077 0 -0.173649 0.9848077 0 -0.2225197 0.9749282 0 -0.2225197 0.9749282 0 -0.270841 0.9626241 0 -0.270841 0.9626241 0 -0.318487 0.9479273 0 -0.318487 0.9479273 0 -0.3653407 0.9308739 0 -0.3653407 0.9308739 0 -0.4112875 0.9115058 0 -0.4112875 0.9115058 0 -0.4562097 0.8898724 0 -0.4562097 0.8898724 0 -0.5000004 0.8660253 0 -0.5000004 0.8660253 0 -0.5425464 0.8400258 0 -0.5425464 0.8400258 0 -0.5837437 0.8119379 0 -0.5837437 0.8119379 0 -0.6234897 0.7818316 0 -0.6234897 0.7818316 0 -0.6616862 0.749781 0 -0.6616862 0.749781 0 -0.6982367 0.7158669 0 -0.6982367 0.7158669 0 -0.7330517 0.6801729 0 -0.7330517 0.6801729 0 -0.7660444 0.6427876 0 -0.7660444 0.6427876 0 -0.7971328 0.6038041 0 -0.7971328 0.6038041 0 -0.8262386 0.5633204 0 -0.8262386 0.5633204 0 -0.8532908 0.5214354 0 -0.8532908 0.5214354 0 -0.8782219 0.4782535 0 -0.8782219 0.4782535 0 -0.9009688 0.433884 0 -0.9009688 0.433884 0 -0.9214762 0.3884351 0 -0.9214762 0.3884351 0 -0.9396929 0.3420196 0 -0.9396929 0.3420196 0 -0.9555726 0.2947558 0 -0.9555726 0.2947558 0 -0.9690775 0.2467569 0 -0.9690775 0.2467569 0 -0.9801723 0.1981468 0 -0.9801723 0.1981468 0 -0.988831 0.1490414 0 -0.988831 0.1490414 0 -0.9950307 0.09956887 0 -0.9950307 0.09956887 0 -0.9987569 0.04984637 0 -0.9987569 0.04984637 0 -1 0 0 -1 0 0 -0.9987569 -0.04984637 -0 -0.9987569 -0.04984637 0 -0.9950307 -0.09956887 -0 -0.9950307 -0.09956887 0 -0.988831 -0.1490414 -0 -0.988831 -0.1490414 0 -0.9801723 -0.1981468 -0 -0.9801723 -0.1981468 0 -0.9690775 -0.2467569 -0 -0.9690775 -0.2467569 0 -0.9555726 -0.2947558 -0 -0.9555726 -0.2947558 0 -0.9396929 -0.3420196 -0 -0.9396929 -0.3420196 0 -0.9214762 -0.3884351 0 -0.9009688 -0.433884 -0 -0.9214762 -0.3884351 0 -0.9009688 -0.433884 0 -0.8782219 -0.4782535 0 -0.8782219 -0.4782535 0 -0.8532908 -0.5214354 -0 -0.8532908 -0.5214354 0 -0.8262386 -0.5633204 -0 -0.8262386 -0.5633204 0 -0.7971328 -0.6038041 -0 -0.7971328 -0.6038041 0 -0.7660444 -0.6427876 0 -0.7330517 -0.6801729 -0 -0.7660444 -0.6427876 0 -0.7330517 -0.6801729 0 -0.6982367 -0.7158669 -0 -0.6982367 -0.7158669 0 -0.6616862 -0.749781 -0 -0.6616862 -0.749781 -0 -0.6234897 -0.7818316 0 -0.6234897 -0.7818316 -0 -0.5837437 -0.8119379 0 -0.5837437 -0.8119379 0 -0.5425464 -0.8400258 0 -0.5425464 -0.8400258 -0 -0.5000004 -0.8660253 0 -0.5000004 -0.8660253 0 -0.4562097 -0.8898724 0 -0.4562097 -0.8898724 -0 -0.4112875 -0.9115058 0 -0.4112875 -0.9115058 -0 -0.3653407 -0.9308739 0 -0.3653407 -0.9308739 -0 -0.318487 -0.9479273 0 -0.318487 -0.9479273 -0 -0.270841 -0.9626241 0 -0.270841 -0.9626241 -0 -0.2225197 -0.9749282 0 -0.2225197 -0.9749282 0 -0.173649 -0.9848077 0 -0.173649 -0.9848077 -0 -0.1243448 -0.9922391 0 -0.1243448 -0.9922391 -0 -0.07472984 -0.9972038 0 -0.07472984 -0.9972038 -0 -0.0249302 -0.9996892 0 -0.0249302 -0.9996892 0 0.0249302 -0.9996892 0 0.0249302 -0.9996892 0 0.07472984 -0.9972038 0 0.07472984 -0.9972038 0 0.1243448 -0.9922391 0 0.1243448 -0.9922391 0 0.173649 -0.9848077 0 0.173649 -0.9848077 0 0.2225197 -0.9749282 0 0.2225197 -0.9749282 0 0.270841 -0.9626241 0 0.270841 -0.9626241 0 0.318487 -0.9479273 0 0.318487 -0.9479273 0 0.3653407 -0.9308739 0 0.3653407 -0.9308739 0 0.4112875 -0.9115058 0 0.4112875 -0.9115058 0 0.4562097 -0.8898724 0 0.4562097 -0.8898724 0 0.5000004 -0.8660253 0 0.5000004 -0.8660253 0 0.5425464 -0.8400258 0 0.5425464 -0.8400258 0 0.5837437 -0.8119379 0 0.5837437 -0.8119379 0 0.6234897 -0.7818316 0 0.6234897 -0.7818316 0 0.6616862 -0.749781 0 0.6616862 -0.749781 0 0.6982367 -0.7158669 0 0.6982367 -0.7158669 0 0.7330517 -0.6801729 0 0.7330517 -0.6801729 0 0.7660444 -0.6427876 0 0.7660444 -0.6427876 0 0.7971328 -0.6038041 0 0.7971328 -0.6038041 0 0.8262386 -0.5633204 0 0.8262386 -0.5633204 0 0.8532908 -0.5214354 0 0.8532908 -0.5214354 0 0.8782219 -0.4782535 0 0.8782219 -0.4782535 0 0.9009688 -0.433884 0 0.9009688 -0.433884 0 0.9214762 -0.3884351 0 0.9214762 -0.3884351 0 0.9396929 -0.3420196 0 0.9396929 -0.3420196 0 0.9555726 -0.2947558 0 0.9555726 -0.2947558 0 0.9690775 -0.2467569 0 0.9690775 -0.2467569 0 0.9801723 -0.1981468 0 0.9801723 -0.1981468 0 0.988831 -0.1490414 0 0.988831 -0.1490414 0 0.9950307 -0.09956887 0 0.9950307 -0.09956887 0 0.9987569 -0.04984637 -0 1 0 0 0.9987569 -0.04984637 -0 0.9987569 0.04984637 0 1 0 0 0.9987569 0.04984637 0 0.9950307 0.09956887 0 0.9950307 0.09956887 0 0.988831 0.1490414 -0 0.9801723 0.1981468 0 0.988831 0.1490414 0 0.9801723 0.1981468 0 0.9690775 0.2467569 0 0.9690775 0.2467569 -0 0.9555726 0.2947558 0 0.9555726 0.2947558 0 0.9396929 0.3420196 0 0.9396929 0.3420196 -0 0.9214762 0.3884351 0 0.9214762 0.3884351 0 0.9009688 0.433884 0 0.9009688 0.433884 0 0.8782219 0.4782535 0 0.8782219 0.4782535 0 0.8532908 0.5214354 0 0.8532908 0.5214354 0 0.8262386 0.5633204 0 0.8262386 0.5633204 0 0.7971328 0.6038041 0 0.7971328 0.6038041 -0 0.7660444 0.6427876 0 0.7660444 0.6427876 0 0.7330517 0.6801729 0 0.7330517 0.6801729 0 0.6982367 0.7158669 0 0.6982367 0.7158669 -0 0.6616862 0.749781 0 0.6616862 0.749781 0 0.6234897 0.7818316 0 0.6234897 0.7818316 0 0.5837437 0.8119379 0 0.5837437 0.8119379 -0 0.5425464 0.8400258 0 0.5425464 0.8400258 0 0.5000004 0.8660253 0 0.5000004 0.8660253 0 0.4562097 0.8898724 0 0.4562097 0.8898724 0 0.4112875 0.9115058 0 0.4112875 0.9115058 0 0.3653407 0.9308739 0 0.3653407 0.9308739 0 0.318487 0.9479273 0 0.318487 0.9479273 0 0.270841 0.9626241 0 0.270841 0.9626241 0 0.2225197 0.9749282 0 0.2225197 0.9749282 0 0.173649 0.9848077 0 0.173649 0.9848077 0 0.1243448 0.9922391 0 0.1243448 0.9922391 0 0.07472984 0.9972038 0 0.07472984 0.9972038 -0 0.0249302 0.9996892 0 0.0249302 0.9996892 0 -0.0249302 0.9996892 0 -0.0249302 0.9996892 0 -0.07472984 0.9972038 0 -0.07472984 0.9972038 0 -0.1243448 0.9922391 0 -0.1243448 0.9922391 0 -0.173649 0.9848077 0 -0.173649 0.9848077 0 -0.2225197 0.9749282 0 -0.2225197 0.9749282 0 -0.270841 0.9626241 0 -0.270841 0.9626241 0 -0.318487 0.9479273 0 -0.318487 0.9479273 0 -0.3653407 0.9308739 0 -0.3653407 0.9308739 0 -0.4112875 0.9115058 0 -0.4112875 0.9115058 0 -0.5000004 0.8660253 0 -0.4562097 0.8898724 0 -0.4562097 0.8898724 0 -0.5000004 0.8660253 0 -0.5425464 0.8400258 0 -0.5425464 0.8400258 0 -0.5837437 0.8119379 0 -0.5837437 0.8119379 0 -0.6234897 0.7818316 0 -0.6234897 0.7818316 0 -0.6616862 0.749781 0 -0.6616862 0.749781 0 -0.6982367 0.7158669 0 -0.6982367 0.7158669 0 -0.7330517 0.6801729 0 -0.7330517 0.6801729 0 -0.7660444 0.6427876 0 -0.7971328 0.6038041 0 -0.7660444 0.6427876 0 -0.8262386 0.5633204 0 -0.7971328 0.6038041 0 -0.8532908 0.5214354 0 -0.8262386 0.5633204 0 -0.8532908 0.5214354 0 -0.8782219 0.4782535 0 -0.9009688 0.433884 0 -0.8782219 0.4782535 0 -0.9009688 0.433884 0 -0.9214762 0.3884351 0 -0.9214762 0.3884351 0 -0.9396929 0.3420196 0 -0.9396929 0.3420196 0 -0.9555726 0.2947558 0 -0.9555726 0.2947558 0 -0.9690775 0.2467569 0 -0.9690775 0.2467569 0 -0.9801723 0.1981468 0 -0.9801723 0.1981468 0 -0.988831 0.1490414 0 -0.988831 0.1490414 0 -0.9950307 0.09956887 0 -0.9950307 0.09956887 0 -0.9987569 0.04984637 0 -0.9987569 0.04984637 0 -1 0 0 -0.9987569 -0.04984637 0 -1 0 0 -0.9987569 -0.04984637 0 -0.9950307 -0.09956887 0 -0.9950307 -0.09956887 0 -0.988831 -0.1490414 0 -0.9801723 -0.1981468 -0 -0.988831 -0.1490414 0 -0.9801723 -0.1981468 0 -0.9690775 -0.2467569 -0 -0.9690775 -0.2467569 0 -0.9555726 -0.2947558 -0 -0.9555726 -0.2947558 0 -0.9396929 -0.3420196 0 -0.9214762 -0.3884351 -0 -0.9396929 -0.3420196 0 -0.9214762 -0.3884351 0 -0.9009688 -0.433884 0 -0.8782219 -0.4782535 -0 -0.9009688 -0.433884 0 -0.8532908 -0.5214354 0 -0.8782219 -0.4782535 0 -0.8532908 -0.5214354 0 -0.8262386 -0.5633204 -0 -0.8262386 -0.5633204 0 -0.7971328 -0.6038041 -0 -0.7971328 -0.6038041 0 -0.7660444 -0.6427876 0 -0.7330517 -0.6801729 -0 -0.7660444 -0.6427876 0 -0.6982367 -0.7158669 0 -0.7330517 -0.6801729 0 -0.6982367 -0.7158669 -0 -0.6616862 -0.749781 0 -0.6616862 -0.749781 0 -0.6234897 -0.7818316 0 -0.6234897 -0.7818316 -0 -0.5837437 -0.8119379 0 -0.5837437 -0.8119379 -0 -0.5425464 -0.8400258 0 -0.5425464 -0.8400258 0 -0.5000004 -0.8660253 0 -0.5000004 -0.8660253 -0 -0.4562097 -0.8898724 0 -0.4562097 -0.8898724 0 -0.4112875 -0.9115058 0 -0.4112875 -0.9115058 0 -0.3653407 -0.9308739 0 -0.3653407 -0.9308739 -0 -0.318487 -0.9479273 0 -0.318487 -0.9479273 0 -0.270841 -0.9626241 0 -0.270841 -0.9626241 -0 -0.2225197 -0.9749282 0 -0.2225197 -0.9749282 -0 -0.173649 -0.9848077 0 -0.173649 -0.9848077 0 -0.1243448 -0.9922391 0 -0.1243448 -0.9922391 0 -0.07472984 -0.9972038 0 -0.0249302 -0.9996892 -0 -0.07472984 -0.9972038 0 -0.0249302 -0.9996892 -1 0 -0 -1 0 0 -1 0 0 -1 0 0 -1 0 -0 -1 0 0 -1 0 0 -1 0 0 -1 0 -0 -1 0 0 -1 0 0 -1 0 0 -1 0 0 -1 0 -0 -1 0 0 -1 0 0 -1 0 0 -1 0 0 -1 0 -0 -1 0 0 -1 0 0 -1 0 -0 -1 0 0 -1 0 0 -1 0 0 -1 0 0 -1 0 -0 -1 0 0 -1 0 0 -1 0 -0 -1 0 0 -1 0 0 -1 0 0 -1 0 0 -1 0 -0 -1 0 0 -1 0 0 -1 0 -0 -1 0 0 -1 0 0 -1 0 0 -1 0 0 -1 0 -0 -1 0 0 -1 0 0 -1 0 0 -1 0 -0 -1 0 0 -1 0 0 -1 0 0 -1 0 -0 -1 0 0 -1 0 0 -1 0 -0 -1 0 0 -1 0 0 -1 0 -0 -1 0 0 -1 0 0 -1 0 0 -1 0 0 -1 0 -0 -1 0 0 -1 0 0 -1 0 -0 -1 0 0 -1 0 -0 -1 0 0 -1 0 0 -1 0 0 -1 0 0 -1 0 -0 -1 0 0 -1 0 0 -1 0 0 -1 0 -0 -1 0 0 -1 0 0 -1 0 -0 -1 0 0 -1 0 0 -1 0 0 -1 0 -0 -1 0 -0 -1 0 0 -1 0 0 -1 0 0 -1 0 0 -1 0 0 -1 0 0 -1 0 -0 -1 0 0 -1 0 0 -1 0 0 -1 0 -0 -1 0 0 -1 0 0 -1 0 0 -1 0 -0 -1 0 0 -1 0 0 -1 0 0 -1 0 -0 -1 0 0 -1 0 0 -1 0 0 -1 0 -0 -1 0 0 -1 0 0 -1 0 0 -1 0 -0 -1 0 0 -1 0 0 -1 0 0 -1 0 -0 -1 0 0 -1 0 0 -1 0 0 -1 0 -0 -1 0 0 -1 0 0 -1 0 0 -1 0 0 -1 0 0 -1 0 0 -1 0 0 -1 0 0 -1 0 0 -1 0 0 -1 0 0 -1 0 0 -1 0 0 -1 0 0 -1 0 -0 -1 0 -0 -1 0 0 -1 0 0 -1 0 0 -1 0 0 -1 0 0 -1 0 0 -1 0 -0 -1 0 0 -1 0 0 -1 0 -0 -1 0 0 -1 0 0 -1 0 0 -1 0 -0 -1 0 0 -1 0 0 -1 0 0 -1 0 -0 -1 0 0 -1 0 0 -1 0 0 -1 0 0 -1 0 -0 -1 0 0 -1 0 0 -1 0 0 -1 0 -0 -1 0 0 -1 0 0 -1 0 -0 -1 0 -0 -1 0 0 -1 0 0 -1 0 0 -1 0 0 -1 0 0 -1 0 0 -1 0 -0 -1 0 0 -1 0 0 -1 0 0 -1 0 -0 -1 0 -0 -1 0 0 -1 0 0 -1 0 0 -1 0 0 -1 0 0 -1 0 0 -1 0 0 -1 0 -0 -1 0 0 -1 0 0 -1 0 0 -1 0 0 -1 0 0 -1 0 0 -1 0 0 -1 0 0 -1 0 0 -1 0 -0 -1 0 0 -1 0 0 -1 0 0 -1 0 0 -1 0 -0 -1 0 0 -1 0 0 -1 0 -0 -1 0 0 -1 0 0 -1 0 -0 -1 0 0 -1 0 0 -1 0 0 -1 0 0 -1 0 -0 -1 0 0 -1 0 0 -1 0 0 -1 0 -0 -1 0 0 -1 0 0 -1 0 0 -1 0 -0 -1 0 0 -1 0 0 -1 0 -0 -1 0 0 -1 0 0 -1 0 0 -1 0 0 -1 0 -0 -1 0 0 -1 0 0 -1 0 0 -1 0 -0 -1 0 0 -1 0 0 -1 0 0 -1 0 -0 -1 0 0 -1 0 0 -1 0 -0 -1 0 0 -1 0 0 -1 0 0 -1 0 0 -1 0 -0 -1 0 0 -1 0 0 -1 0 0 -1 0 -0 -1 0 0 -1 0 0 -1 0 0 -1 0 -0 1 0 0 1 0 0 1 0 0 1 0 0 1 0 0 1 0 0 1 0 0 1 0 0 1 0 0 1 0 0 1 0 0 1 0 0 1 0 0 1 0 0 1 0 0 1 0 0 1 0 0 1 0 0 1 0 0 1 0 0 1 0 0 1 0 0 1 0 0 1 0 0 1 0 0 1 0 0 1 0 0 1 0 0 1 0 0 1 0 0 1 0 0 1 0 0 1 0 0 1 0 0 1 0 0 1 0 0 1 0 0 1 0 0 1 0 0 1 0 0 1 0 0 1 0 0 1 0 0 1 0 0 1 0 0 1 0 0 1 0 0 1 0 0 1 0 0 1 0 0 1 0 0 1 0 0 1 0 0 1 0 0 1 0 0 1 0 0 1 0 0 1 0 0 1 0 0 1 0 0 1 0 0 1 0 0 1 0 0 1 0 0 1 0 0 1 0 0 1 0 0 1 0 0 1 0 0 1 0 0 1 0 0 1 0 0 1 0 0 1 0 0 1 0 0 1 0 0 1 0 0 1 0 0 1 0 0 1 0 0 1 0 0 1 0 0 1 0 0 1 0 0 1 0 0 1 0 0 1 0 0 1 0 0 1 0 0 1 0 0 1 0 0 1 0 0 1 0 0 1 0 0 1 0 0 1 0 0 1 0 0 1 0 0 1 0 0 1 0 0 1 0 0 1 0 0 1 0 0 1 0 0 1 0 0 1 0 0 1 0 0 1 0 0 1 0 0 1 0 0 1 0 0 1 0 0 1 0 0 1 0 0 1 0 0 1 0 0 1 0 0 1 0 0 1 0 0 1 0 0 1 0 0 1 0 0 1 0 0 1 0 0 1 0 0 1 0 0 1 0 0 1 0 0 1 0 0 1 0 0 1 0 0 1 0 0 1 0 0 1 0 0 1 0 0 1 0 0 1 0 0 1 0 0 1 0 0 1 0 0 1 0 0 1 0 0 1 0 0 1 0 0 1 0 0 1 0 0 1 0 0 1 0 0 1 0 0 1 0 0 1 0 0 1 0 0 1 0 0 1 0 0 1 0 0 1 0 0 1 0 0 1 0 0 1 0 0 1 0 0 1 0 0 1 0 0 1 0 0 1 0 0 1 0 0 1 0 0 1 0 0 1 0 0 1 0 0 1 0 0 1 0 0 1 0 0 1 0 0 1 0 0 1 0 0 1 0 0 1 0 0 1 0 0 1 0 0 1 0 0 1 0 0 1 0 0 1 0 0 1 0 0 1 0 0 1 0 0 1 0 0 1 0 0 1 0 0 1 0 0 1 0 0 1 0 0 1 0 0 1 0 0 1 0 0 1 0 0 1 0 0 1 0 0 1 0 0 1 0 0 1 0 0 1 0 0 1 0 0 1 0 0 1 0 0 1 0 0 1 0 0 1 0 0 1 0 0 1 0 0 1 0 0 1 0 0 1 0 0 1 0 0 1 0 0 1 0 0 1 0 0 1 0 0 1 0 0 1 0 0 1 0 0 1 0 0 1 0 0 1 0 0 1 0 0 1 0 0 1 0 0 1 0 0 1 0 0 1 0 0 1 0 0 1 0 0 1 0 0 1 0 0 1 0 0 1 0 0 1 0 0 1 0 0 1 0 0 1 0 0 1 0 0 1 0 0 1 0 0 1 0 0 1 0 0 1 0 0 1 0 0 1 0 0 1 0 0 1 0 0 1 0 0 1 0 0 1 0 0 -1 0 0 -1 0 0 -1 0 0 -1 0 0 -1 0 -0 -1 0 0 -1 0 0 -1 0 -0 -1 0 0 -1 0 0 -1 0 0 -1 0 -0 -1 0 0 -1 0 0 -1 0 0 -1 0 -0 -1 0 0 -1 0 0 -1 0 0 -1 0 0 -1 0 -0 -1 0 0 -1 0 0 -1 0 0 -1 0 -0 -1 0 0 -1 0 0 -1 0 0 -1 0 -0 -1 0 0 -1 0 0 -1 0 0 -1 0 -0 -1 0 0 -1 0 0 -1 0 0 -1 0 -0 -1 0 0 -1 0 0 -1 0 0 -1 0 -0 -1 0 0 -1 0 0 -1 0 0 -1 0 -0 -1 0 0 -1 0 0 -1 0 0 -1 0 -0 -1 0 0 -1 0 0 -1 0 0 -1 0 -0 -1 0 0 -1 0 0 -1 0 0 -1 0 -0 -1 0 0 -1 0 0 -1 0 0 -1 0 -0 -1 0 -0 -1 0 0 -1 0 0 -1 0 0 -1 0 0 -1 0 0 -1 0 -0 -1 0 0 -1 0 0 -1 0 -0 -1 0 0 -1 0 0 -1 0 0 -1 0 -0 -1 0 0 -1 0 0 -1 0 0 -1 0 0 -1 0 -0 -1 0 0 -1 0 0 -1 0 0 -1 0 -0 -1 0 0 -1 0 0 -1 0 0 -1 0 -0 -1 0 0 -1 0 0 -1 0 0 -1 0 -0 -1 0 0 -1 0 0 -1 0 0 -1 0 -0 -1 0 0 -1 0 0 -1 0 0 -1 0 -0 -1 0 0 -1 0 0 -1 0 -0 -1 0 0 -1 0 0 -1 0 0 -1 0 0 -1 0 -0 -1 0 0 -1 0 0 -1 0 -0 -1 0 0 -1 0 0 -1 0 -0 -1 0 -0 -1 0 0 -1 0 0 -1 0 -0 -1 0 -0 -1 0 0 -1 0 0 -1 0 -0 -1 0 -0 -1 0 0 -1 0 0 -1 0 -0 -1 0 -0 -1 0 0 -1 0 0 -1 0 -0 -1 0 0 -1 0 -0 -1 0 0 -1 0 0 -1 0 -0 -1 0 0 -1 0 0 -1 0 0 -1 0 0 -1 0 -0 -1 0 0 -1 0 0 -1 0 -0 -1 0 0 -1 0 0 -1 0 0 -1 0 -0 -1 0 0 -1 0 0 -1 0 0 -1 0 -0 -1 0 0 -1 0 0 -1 0 0 -1 0 -0 -1 0 0 -1 0 0 -1 0 0 -1 0 -0 -1 0 0 -1 0 0 -1 0 0 -1 0 0 -1 0 -0 -1 0 0 -1 0 0 -1 0 0 -1 0 -0 -1 0 0 -1 0 0 -1 0 -0 -1 0 0 -1 0 0 -1 0 0 -1 0 0 -1 0 -0 -1 0 0 -1 0 0 -1 0 0 -1 0 -0 -1 0 0 -1 0 0 -1 0 0 -1 0 -0 -1 0 0 -1 0 0 -1 0 0 -1 0 -0 -1 0 0 -1 0 0 -1 0 0 -1 0 -0 -1 0 -0 -1 0 0 -1 0 0 -1 0 0 -1 0 0 -1 0 -0 -1 0 0 -1 0 0 -1 0 0 -1 0 -0 -1 0 0 -1 0 0 -1 0 0 -1 0 -0 -1 0 0 -1 0 0 -1 0 -0 -1 0 0 -1 0 0 -1 0 0 -1 0 -0 -1 0 0 -1 0 0 -1 0 0 -1 0 0 -1 0 -0 -1 0 0 -1 0 0 -1 0 0 -1 0 -0 -1 0 0 -1 0 0 -1 0 0 -1 0 -0 -1 0 0 -1 0 0 -1 0 0 -1 0 -0 -1 0 0 -1 0 0 -1 0 0 -1 0 -0 -1 0 0 -1 0 0 -1 0 0 -1 0 -0 -1 0 0 -1 0 0 -1 0 0 -1 0 -0 -1 0 0 -1 0 0 -1 0 0 -1 0 -0 -1 0 0 -1 0 0 -1 0 0 -1 0 -0 -1 0 0 -1 0 -0 -1 0 0 -0.6206314 -0.7838663 -0.01924337 0.6206314 -0.7838663 -0.01924337 -0.620629 -0.7838632 0.01944569 0.620629 -0.7838632 0.01944567 -0.600736 -0.7982393 -0.04393616 -0.6037102 -0.7950439 -0.05864605 -0.5397754 -0.8412361 -0.03105418 -0.5808612 -0.8134828 -0.02908661 -0.6018351 -0.7957684 -0.06743265 -0.6012909 -0.7930211 -0.09780927 -0.5251389 -0.8499544 -0.04250614 -0.4969744 -0.8662256 -0.05166943 -0.5519804 -0.8308793 -0.07040793 -0.5519808 -0.8289729 -0.09011777 -0.5879109 -0.7986369 -0.128608 -0.531806 -0.841906 -0.09152371 -0.5318063 -0.8395107 -0.1113727 -0.5114052 -0.851876 -0.1130132 -0.1725843 -0.9840062 -0.04411643 -0.1235913 -0.9914491 -0.04188105 -0.1365071 -0.9896327 -0.04464152 -0.1116342 -0.9927452 -0.04466343 -0.08678688 -0.9952177 -0.04482936 -0.07427736 -0.996348 -0.04211196 -0.06191607 -0.9865151 -0.1515069 -0.02477525 -0.9986812 -0.04496611 -0.06197383 -0.997068 -0.04488334 -0.1364973 -0.9814286 -0.1347827 -0.07473657 -0.9843593 -0.1595347 -0.08670352 -0.9846152 -0.1517082 -0.1614152 -0.9777097 -0.134272 -0.1115967 -0.9837534 -0.140625 0 -0.998436 -0.05590778 0 -0.9920866 -0.1255552 0.02477525 -0.9986812 -0.04496611 0.06197383 -0.997068 -0.04488335 0.06191607 -0.9865151 -0.1515069 0.07427736 -0.996348 -0.04211195 0.08678688 -0.9952177 -0.04482936 0.1235913 -0.9914491 -0.04188105 0.1116342 -0.9927452 -0.04466343 0.1365071 -0.9896327 -0.04464152 0.1725843 -0.9840062 -0.04411643 0.08670352 -0.9846152 -0.1517082 0.1364973 -0.9814286 -0.1347827 0.07473657 -0.9843593 -0.1595347 0.1115967 -0.9837534 -0.140625 0.1614151 -0.9777097 -0.134272 0.600736 -0.7982393 -0.04393617 0.5808612 -0.8134828 -0.02908661 0.5397754 -0.8412361 -0.03105418 0.6037101 -0.7950439 -0.05864606 0.4969744 -0.8662256 -0.05166942 0.5251389 -0.8499544 -0.04250614 0.5519804 -0.8308793 -0.07040793 0.601291 -0.7930211 -0.09780927 0.6018351 -0.7957684 -0.06743267 0.531806 -0.8419061 -0.09152369 0.587911 -0.7986368 -0.128608 0.5519808 -0.8289729 -0.09011776 0.5114052 -0.851876 -0.1130132 0.5318063 -0.8395107 -0.1113727 -0.5857425 -0.7983131 0.1400069 -0.5879843 -0.7984961 0.1291452 -0.6012787 -0.7929031 0.09883596 -0.4485675 -0.8657538 0.2219402 -0.469889 -0.8643861 0.1789997 -0.448762 -0.875085 0.1812152 -0.4907679 -0.8571143 0.1565306 -0.469889 -0.8683636 0.158585 -0.5114033 -0.8487719 0.1343611 -0.4907677 -0.8605746 0.1362295 -0.5114031 -0.8517216 0.1141801 -0.5318087 -0.8393558 0.1125224 -0.5519786 -0.8288726 0.09104896 -0.4969659 -0.8662106 0.0520006 -0.4935392 -0.8679908 0.05487324 -0.5318085 -0.8418012 0.09246911 -0.6037521 -0.7949665 0.05925963 -0.600637 -0.7983097 0.04400989 -0.5397702 -0.8412281 0.0313606 -0.580856 -0.8134755 0.02939246 -0.5519783 -0.8308192 0.07112935 -0.5246594 -0.8502222 0.0430685 -0.6018395 -0.7957063 0.06812312 -0.3616153 -0.8911816 0.2739154 -0.3838182 -0.8887889 0.2504753 -0.3616153 -0.8973733 0.2528945 -0.3838181 -0.8944257 0.2295344 -0.4057383 -0.8853021 0.227193 -0.4273814 -0.880733 0.2040938 -0.4271902 -0.8894154 0.1626312 -0.4057383 -0.890395 0.2063328 0.3616153 -0.8911816 0.2739154 0.3616153 -0.8973733 0.2528944 0.3838182 -0.8887889 0.2504752 0.3838182 -0.8944258 0.2295344 0.4057383 -0.8853021 0.227193 0.4057382 -0.890395 0.2063328 0.4273814 -0.880733 0.2040938 0.4485676 -0.8657539 0.2219402 0.4271902 -0.8894153 0.1626312 0.448762 -0.875085 0.1812152 0.469889 -0.8643861 0.1789996 0.4698889 -0.8683635 0.158585 0.4907679 -0.8571143 0.1565306 0.4907677 -0.8605746 0.1362295 0.5114033 -0.8487718 0.1343611 0.5114031 -0.8517216 0.1141801 0.5318087 -0.8393558 0.1125224 0.5857425 -0.7983131 0.1400069 0.4969659 -0.8662106 0.05200062 0.5318084 -0.8418012 0.09246913 0.4935392 -0.8679908 0.05487322 0.6012787 -0.7929031 0.09883596 0.5879842 -0.7984961 0.1291452 0.5519786 -0.8288726 0.09104895 0.580856 -0.8134755 0.02939246 0.5397702 -0.8412281 0.0313606 0.6037521 -0.7949665 0.05925963 0.600637 -0.7983097 0.04400989 0.6018395 -0.7957063 0.06812321 0.5246594 -0.8502222 0.04306849 0.5519783 -0.8308192 0.07112937 -0.5891736 -0.798702 -0.1222687 -0.6008561 -0.7875889 -0.1366594 -0.6095871 -0.7734578 -0.1736855 -0.5987315 -0.7719361 -0.2136242 -0.5103376 -0.8392936 -0.1874612 -0.5589097 -0.8174989 -0.1389805 -0.47542 -0.8762518 -0.07847657 -0.4880854 -0.8714646 -0.04818809 -0.4858347 -0.8719155 -0.06105764 -0.3629799 -0.9301781 -0.0549037 -0.4090913 -0.9120001 -0.03000268 -0.453736 -0.8904487 -0.03499639 -0.5759609 -0.7762176 -0.2564276 -0.5749056 -0.780027 -0.2470654 -0.5027084 -0.8416756 -0.1971457 -0.5025566 -0.8420644 -0.1958682 -0.4293707 -0.8563578 -0.2868662 -0.424826 -0.8946248 -0.1384531 -0.4250499 -0.8942298 -0.1403062 -0.3421267 -0.9366633 -0.0749072 -0.3425452 -0.9362296 -0.07833793 -0.2692384 -0.9621969 -0.04108297 -0.3163776 -0.946935 -0.05673767 -0.2606619 -0.9510942 -0.1657565 -0.4298246 -0.8549855 -0.2902596 -0.5749604 -0.7747518 -0.263021 -0.2462578 -0.9681915 -0.04429785 -0.2459106 -0.9568521 -0.1547963 -0.2211882 -0.9743321 -0.04186694 -0.1917404 -0.9732181 -0.1268148 -0.1917626 -0.9800353 -0.05251522 -0.4292307 -0.8490846 -0.3079228 -0.5746728 -0.7699522 -0.277353 -0.4294253 -0.8496579 -0.3060644 -0.429233 -0.84124 -0.3287461 -0.5758432 -0.7627776 -0.2942365 -0.429971 -0.8436284 -0.3215837 -0.5752874 -0.7643048 -0.2913461 -0.5748758 -0.7590787 -0.3054785 -0.4297036 -0.8376819 -0.337111 -0.5746751 -0.7554033 -0.3148241 -0.4292378 -0.8329298 -0.3492604 -0.4294317 -0.8336016 -0.3474145 -0.5758441 -0.7474213 -0.3313081 -0.4292436 -0.824156 -0.3694817 -0.5752847 -0.7491007 -0.3284748 -0.4299705 -0.8268446 -0.3625648 -0.5748807 -0.7432025 -0.3422897 -0.4297043 -0.8201647 -0.3777354 -0.5759598 -0.7301913 -0.3675471 -0.5745482 -0.737009 -0.3559663 -0.4292633 -0.8132867 -0.3928075 -0.4236662 -0.8016806 -0.4216813 -0.3470653 -0.9094127 -0.2291599 -0.3476668 -0.9080337 -0.2336719 -0.2610744 -0.9504331 -0.1688697 -0.5733167 -0.7238864 -0.3837922 -0.5759834 -0.7112622 -0.4029258 -0.4249884 -0.7997485 -0.424013 -0.5748654 -0.7080055 -0.4101925 -0.4297503 -0.7812938 -0.4526528 -0.4295036 -0.7729133 -0.4670457 -0.4292073 -0.7713468 -0.4698992 -0.5746906 -0.7004254 -0.4232435 -0.4299969 -0.7639773 -0.4810835 -0.5754145 -0.6920769 -0.435807 -0.4292091 -0.7595544 -0.4887296 -0.5757841 -0.6907538 -0.4374149 -0.4296804 -0.7551112 -0.4951585 -0.5748194 -0.6842807 -0.4487121 -0.4292115 -0.7473328 -0.5072192 -0.4295075 -0.749051 -0.5044264 -0.5746918 -0.6788015 -0.4571192 -0.5754139 -0.6698619 -0.4692377 -0.4299972 -0.7394539 -0.517987 -0.5757843 -0.6684585 -0.4707821 -0.4292133 -0.7346886 -0.5253652 -0.5748215 -0.6614556 -0.4817226 -0.4296808 -0.7299243 -0.5315872 -0.5746043 -0.6526113 -0.4938912 -0.5759837 -0.6444433 -0.5029271 -0.429396 -0.7201385 -0.544995 -0.4236774 -0.7016814 -0.5728357 -0.2662625 -0.9061533 -0.328619 -0.2653952 -0.908529 -0.322708 -0.1611909 -0.955309 -0.2477945 -0.1759259 -0.9500301 -0.2578621 -0.1771372 -0.9474641 -0.2663347 -0.08925738 -0.9319459 -0.3514398 -0.2664302 -0.8977396 -0.3508254 -0.2659014 -0.9013874 -0.3417561 -0.08951153 -0.9312955 -0.3530954 -0.08096385 -0.9347016 -0.3460895 -0.07473295 -0.9758387 -0.2053141 -0.08101235 -0.9745409 -0.2090622 -0.2662051 -0.8970217 -0.3528272 -0.09022156 -0.9268058 -0.3645421 -0.5732374 -0.6340738 -0.5189887 -0.5759985 -0.6189808 -0.5339369 -0.4242167 -0.7007565 -0.5735683 -0.2664249 -0.8888748 -0.372719 -0.08989039 -0.9222989 -0.3758782 -0.2659056 -0.8927093 -0.363819 -0.08854116 -0.9177731 -0.3871085 -0.2656202 -0.8797171 -0.3943906 -0.2662107 -0.8881433 -0.3746109 -0.08308724 -0.907032 -0.4127825 -0.4295926 -0.6764998 -0.5981624 -0.5747215 -0.6130664 -0.5420746 -0.4291927 -0.6617523 -0.6147174 -0.5747423 -0.602969 -0.5532628 -0.4296109 -0.665363 -0.6105133 -0.5756581 -0.5922096 -0.5638312 -0.4300152 -0.6538669 -0.6225311 -0.5756577 -0.592211 -0.56383 -0.4291937 -0.6464594 -0.6307797 0.1917626 -0.9800353 -0.05251522 0.1917404 -0.9732181 -0.1268148 0.2211882 -0.9743321 -0.04186693 -0.5747429 -0.5821899 -0.5750875 -0.4296114 -0.6424339 -0.6345965 -0.2640112 -0.8765963 -0.4023396 -0.0846753 -0.9055783 -0.4156417 -0.5747429 -0.5750875 -0.5821899 -0.4291937 -0.6307797 -0.6464594 -0.4296114 -0.6345964 -0.6424339 0.2462578 -0.9681915 -0.04429785 0.3163776 -0.946935 -0.05673767 0.2692384 -0.9621969 -0.04108297 0.2459106 -0.9568521 -0.1547963 -0.5756583 -0.5638297 -0.5922109 -0.5756578 -0.5638313 -0.5922097 -0.4300152 -0.6225311 -0.6538669 -0.4291927 -0.6147174 -0.6617523 -0.5747423 -0.5532628 -0.602969 -0.4296109 -0.6105133 -0.665363 -0.09223988 -0.8829074 -0.460398 -0.2708108 -0.8535543 -0.4450917 -0.0828557 -0.8607892 -0.5021722 -0.2724253 -0.8515598 -0.4479177 0 -0.9538482 -0.3002892 0 -0.9678369 -0.2515783 0.07473295 -0.9758387 -0.2053141 0.1611909 -0.955309 -0.2477945 0.08101235 -0.9745409 -0.2090622 0.08096385 -0.9347016 -0.3460895 -0.5759984 -0.5339369 -0.6189808 -0.4295926 -0.5981624 -0.6764998 -0.5747215 -0.5420746 -0.6130664 -0.2661763 -0.8232009 -0.5014883 -0.084517 -0.8589999 -0.5049515 -0.2639484 -0.8315122 -0.4887933 -0.2659286 -0.8151697 -0.514568 -0.2664596 -0.8105507 -0.5215427 -0.08936451 -0.8422348 -0.5316526 -0.4236774 -0.5728357 -0.7016814 -0.4242167 -0.5735683 -0.7007565 -0.5759837 -0.5029271 -0.6444433 -0.5732374 -0.5189887 -0.6340738 -0.2661214 -0.8087276 -0.5245368 -0.09019322 -0.8355623 -0.5419417 -0.2664574 -0.79751 -0.5412748 -0.08998193 -0.8288693 -0.5521583 -0.2659305 -0.8022783 -0.5344442 -0.429396 -0.544995 -0.7201385 -0.5746043 -0.4938912 -0.6526113 -0.08303531 -0.804954 -0.5874982 -0.2657697 -0.7841721 -0.5607501 -0.088741 -0.822147 -0.5623161 -0.2661241 -0.7956384 -0.5441852 -0.5748215 -0.4817226 -0.6614556 -0.4296808 -0.5315872 -0.7299243 -0.5757843 -0.4707821 -0.6684585 -0.4292133 -0.5253652 -0.7346886 0.47542 -0.8762518 -0.07847657 0.4880854 -0.8714646 -0.04818809 0.4858347 -0.8719155 -0.06105763 0.453736 -0.8904487 -0.03499638 0.4090913 -0.9120001 -0.03000269 0.3629799 -0.9301781 -0.0549037 0.3425452 -0.9362296 -0.07833792 -0.5754139 -0.4692377 -0.6698619 -0.4292115 -0.5072192 -0.7473328 -0.4299971 -0.517987 -0.7394539 0.3421267 -0.9366633 -0.07490721 0.4250498 -0.8942297 -0.1403062 0.2606619 -0.9510942 -0.1657565 -0.4295075 -0.5044264 -0.749051 -0.5746918 -0.4571192 -0.6788015 -0.08368181 -0.8041808 -0.5884647 -0.2638741 -0.7784085 -0.5696056 -0.4296804 -0.4951585 -0.7551112 -0.5748194 -0.4487121 -0.6842807 -0.5757841 -0.4374149 -0.6907538 -0.4292091 -0.4887296 -0.7595544 0.2610744 -0.9504331 -0.1688697 0.1759259 -0.9500301 -0.2578621 0.2653952 -0.908529 -0.3227079 0.1771372 -0.9474642 -0.2663347 0.2662625 -0.9061533 -0.328619 0.08925738 -0.9319459 -0.3514398 -0.5754145 -0.435807 -0.6920769 -0.4292073 -0.4698992 -0.7713468 -0.429997 -0.4810835 -0.7639773 0.2664302 -0.8977396 -0.3508254 0.2659014 -0.9013874 -0.341756 0.08951156 -0.9312955 -0.3530955 -0.5746906 -0.4232435 -0.7004254 -0.4295036 -0.4670457 -0.7729133 -0.2716944 -0.7463375 -0.6075875 -0.2723482 -0.7453601 -0.6084939 -0.08295047 -0.7401637 -0.6672907 -0.09236694 -0.7721941 -0.6286371 0.09022156 -0.9268058 -0.3645421 0.2662051 -0.8970217 -0.3528271 0.08989038 -0.9222989 -0.3758782 0.2659056 -0.8927093 -0.3638191 0.2664249 -0.8888748 -0.372719 -0.5748654 -0.4101925 -0.7080055 -0.5759834 -0.4029258 -0.7112622 -0.4297503 -0.4526528 -0.7812938 0.2656202 -0.8797171 -0.3943906 0.08854116 -0.9177731 -0.3871084 0.2662107 -0.8881432 -0.3746109 0.08308723 -0.907032 -0.4127825 -0.2659937 -0.7062703 -0.6560714 -0.2638512 -0.7155648 -0.6467995 -0.08362994 -0.7392548 -0.6682128 -0.266006 -0.6940705 -0.6689597 -0.2664794 -0.689853 -0.6731207 -0.08907116 -0.7171496 -0.6912039 -0.5733167 -0.3837922 -0.7238864 -0.5759598 -0.3675471 -0.7301913 -0.4236662 -0.4216813 -0.8016806 -0.4249884 -0.424013 -0.7997486 -0.266006 -0.6857977 -0.677438 -0.09010894 -0.7085353 -0.6998987 0.2640112 -0.8765963 -0.4023396 0.0846753 -0.9055783 -0.4156417 -0.266006 -0.677438 -0.6857977 -0.2664794 -0.6731209 -0.689853 -0.09010895 -0.6998987 -0.7085353 -0.4292633 -0.3928075 -0.8132867 -0.5745482 -0.3559663 -0.737009 0.424826 -0.8946248 -0.1384531 0.3476668 -0.9080337 -0.2336719 0.3470653 -0.9094127 -0.2291598 -0.08907116 -0.6912039 -0.7171496 -0.2659937 -0.6560714 -0.7062703 -0.266006 -0.6689597 -0.6940705 -0.4292437 -0.3694817 -0.824156 -0.5758441 -0.3313081 -0.7474213 -0.5748807 -0.3422897 -0.7432025 -0.4297043 -0.3777354 -0.8201647 -0.5752847 -0.3284748 -0.7491007 -0.4292378 -0.3492604 -0.8329298 -0.4299705 -0.3625649 -0.8268447 0.2724253 -0.8515598 -0.4479177 0.2708108 -0.8535542 -0.4450917 0.09223988 -0.8829074 -0.460398 0.08285572 -0.8607892 -0.5021722 -0.4294317 -0.3474145 -0.8336016 -0.5746752 -0.3148241 -0.7554033 -0.2723482 -0.6084939 -0.7453601 -0.08362994 -0.6682128 -0.7392548 -0.2638512 -0.6467995 -0.7155648 -0.08295048 -0.6672907 -0.7401637 -0.429233 -0.3287461 -0.84124 -0.5758432 -0.2942365 -0.7627776 -0.5748758 -0.3054785 -0.7590787 -0.4297036 -0.337111 -0.8376819 -0.5752874 -0.2913461 -0.7643048 -0.4292307 -0.3079228 -0.8490846 -0.429971 -0.3215837 -0.8436284 0.08451699 -0.8589999 -0.5049515 0.2639484 -0.8315122 -0.4887933 0.2661763 -0.8232009 -0.5014883 -0.5746728 -0.277353 -0.7699523 -0.4294253 -0.3060644 -0.8496579 0.2664596 -0.8105507 -0.5215427 0.08936451 -0.8422348 -0.5316526 0.2659286 -0.8151698 -0.514568 -0.09236694 -0.6286371 -0.7721941 -0.2716944 -0.6075875 -0.7463375 0.09019322 -0.8355623 -0.5419417 0.2661214 -0.8087276 -0.5245368 0.2659305 -0.8022781 -0.5344443 0.2664574 -0.79751 -0.5412748 0.08998193 -0.8288694 -0.5521582 -0.5749604 -0.263021 -0.7747518 -0.4298246 -0.2902596 -0.8549855 -0.5759609 -0.2564276 -0.7762176 0.08303532 -0.804954 -0.5874982 0.2661242 -0.7956384 -0.5441852 0.2657697 -0.7841721 -0.5607501 0.088741 -0.822147 -0.5623161 0.5891736 -0.798702 -0.1222686 0.5027084 -0.8416756 -0.1971457 0.5589097 -0.8174989 -0.1389806 0.5103376 -0.8392936 -0.1874612 0.6008561 -0.7875888 -0.1366594 0.6095871 -0.7734578 -0.1736855 0.5987315 -0.7719361 -0.2136242 -0.2638741 -0.5696056 -0.7784085 -0.2657697 -0.5607501 -0.7841721 -0.08368181 -0.5884647 -0.8041808 -0.08303532 -0.5874982 -0.804954 0.5749056 -0.7800271 -0.2470654 0.4293707 -0.8563578 -0.2868662 0.5025566 -0.8420644 -0.1958682 0.5759609 -0.7762177 -0.2564276 -0.2661241 -0.5441852 -0.7956384 -0.2664574 -0.5412748 -0.79751 -0.088741 -0.5623161 -0.822147 -0.5734352 -0.2347775 -0.7848895 -0.5759682 -0.2180309 -0.7878599 -0.4240633 -0.2563039 -0.8686073 -0.425494 -0.25934 -0.867005 -0.08998194 -0.5521584 -0.8288694 -0.2659305 -0.5344442 -0.8022783 0.0836818 -0.8041808 -0.5884647 0.2638741 -0.7784085 -0.5696056 -0.09019322 -0.5419417 -0.8355623 -0.2661214 -0.5245368 -0.8087276 -0.2664597 -0.5215428 -0.8105508 0.5749604 -0.7747519 -0.2630211 0.4298246 -0.8549855 -0.2902596 -0.4293107 -0.2270275 -0.8741572 -0.5745666 -0.2057365 -0.7921779 -0.2661763 -0.5014883 -0.8232009 -0.2659286 -0.514568 -0.8151697 -0.08936451 -0.5316526 -0.8422348 0.4292307 -0.8490846 -0.3079228 0.5746729 -0.7699523 -0.2773528 0.4294252 -0.8496579 -0.3060645 -0.5758222 -0.1791314 -0.7977096 -0.574859 -0.1911546 -0.7956112 -0.4292366 -0.2025591 -0.8801851 -0.4296972 -0.210946 -0.8779875 0.5752874 -0.7643048 -0.2913463 0.429233 -0.84124 -0.3287461 0.4299709 -0.8436283 -0.3215837 0.5758432 -0.7627776 -0.2942365 0.2723482 -0.7453601 -0.6084939 0.09236693 -0.7721941 -0.6286371 0.2716944 -0.7463375 -0.6075875 0.08295048 -0.7401637 -0.6672907 -0.4292278 -0.1810852 -0.8848569 -0.4299823 -0.1947846 -0.8815748 -0.5753332 -0.1764639 -0.7986565 0.4297036 -0.8376819 -0.3371108 0.5748758 -0.7590788 -0.3054785 -0.4294646 -0.1786217 -0.8852426 -0.5746812 -0.1618675 -0.8022097 -0.08285572 -0.5021722 -0.8607892 -0.08451699 -0.5049515 -0.8589999 -0.2724253 -0.4479177 -0.8515599 -0.2639484 -0.4887933 -0.8315122 0.4294316 -0.8336015 -0.3474146 0.4292378 -0.8329298 -0.3492604 0.5746752 -0.7554033 -0.3148243 -0.4296955 -0.1677264 -0.8872596 -0.5758207 -0.1397741 -0.8055394 -0.5748516 -0.1519902 -0.8040178 -0.429221 -0.159358 -0.88903 0.5752847 -0.7491007 -0.3284747 0.4292436 -0.824156 -0.3694817 0.4299705 -0.8268446 -0.3625648 0.5758441 -0.7474213 -0.3313081 0.2638512 -0.7155648 -0.6467994 0.2659937 -0.7062703 -0.6560714 0.08362994 -0.7392548 -0.6682128 -0.5753375 -0.1370984 -0.8063442 -0.4292168 -0.1373611 -0.8926952 -0.429983 -0.1513329 -0.8900635 0.4297042 -0.8201647 -0.3777355 0.5748808 -0.7432024 -0.3422896 0.2664794 -0.689853 -0.6731207 0.266006 -0.6940705 -0.6689598 0.08907117 -0.7171496 -0.691204 -0.5746779 -0.1222633 -0.8091953 -0.4294552 -0.1349181 -0.8929532 -0.2708108 -0.4450917 -0.8535543 -0.09223987 -0.460398 -0.8829074 0.09010894 -0.7085353 -0.6998987 0.266006 -0.6857976 -0.6774381 0.4236662 -0.8016806 -0.4216814 0.5745482 -0.7370089 -0.3559663 0.5759598 -0.7301913 -0.3675471 0.4292634 -0.8132867 -0.3928074 0.266006 -0.6774381 -0.6857976 0.2664795 -0.6731209 -0.689853 0.09010894 -0.6998987 -0.7085353 -0.5749245 -0.1072521 -0.8111466 -0.57597 -0.1000666 -0.8113232 -0.4297988 -0.1183572 -0.8951338 0.266006 -0.6689598 -0.6940705 0.08907117 -0.691204 -0.7171496 0.2659937 -0.6560714 -0.7062703 -0.0846753 -0.4156417 -0.9055783 -0.2640112 -0.4023396 -0.8765963 -0.08308723 -0.4127825 -0.907032 -0.2656202 -0.3943906 -0.8797169 0.5733167 -0.7238864 -0.3837922 0.5759834 -0.7112622 -0.4029258 0.4249884 -0.7997485 -0.424013 -0.08854116 -0.3871085 -0.9177731 -0.2662107 -0.3746109 -0.8881433 -0.2664249 -0.372719 -0.8888748 -0.4248712 -0.08537461 -0.901219 -0.573563 -0.07869612 -0.8153725 -0.5759986 -0.0601355 -0.8152358 -0.4255285 -0.08693729 -0.9007594 -0.08989039 -0.3758782 -0.9222989 -0.2659056 -0.363819 -0.8927093 0.2638512 -0.6467994 -0.7155648 0.2723482 -0.6084939 -0.7453601 0.08362994 -0.6682128 -0.7392548 0.08295047 -0.6672907 -0.7401637 0.4297503 -0.7812939 -0.4526527 0.5748655 -0.7080057 -0.4101923 -0.09022156 -0.3645421 -0.9268058 -0.2664302 -0.3508254 -0.8977396 -0.2662051 -0.3528272 -0.8970217 0.4295036 -0.7729133 -0.4670457 0.5746906 -0.7004253 -0.4232436 0.4292073 -0.7713468 -0.4698992 -0.08951153 -0.3530954 -0.9312955 -0.2659014 -0.3417561 -0.9013874 -0.2662625 -0.328619 -0.9061533 -0.5747098 -0.04994656 -0.8168318 -0.4295754 -0.0551143 -0.9013476 -0.4292054 -0.0329796 -0.9026046 -0.4296189 -0.03862673 -0.9021838 -0.5756631 -0.0200676 -0.8174407 -0.574749 -0.03500471 -0.8175807 0.5754145 -0.6920768 -0.435807 0.4292091 -0.7595544 -0.4887296 0.5757841 -0.6907538 -0.4374149 0.4299969 -0.7639773 -0.4810835 0.2716944 -0.6075875 -0.7463375 0.09236693 -0.6286371 -0.7721941 0.5748194 -0.6842807 -0.448712 0.4296804 -0.7551111 -0.4951586 -0.5756488 -0.01999315 -0.8174526 -0.430015 -0.02207451 -0.9025519 -0.4291978 -0.01103046 -0.9031432 0.4295075 -0.7490509 -0.5044265 0.4292115 -0.7473328 -0.5072192 0.5746919 -0.6788015 -0.457119 -0.08509121 -0.3244043 -0.9420835 -0.2641049 -0.3140249 -0.9119413 -0.272033 -0.272338 -0.9229464 -0.5747426 -0.004980271 -0.8183191 -0.4296116 -0.005495731 -0.9029971 -0.4296114 0.005550407 -0.9029968 -0.4291897 0.01113724 -0.9031457 -0.5756713 0.02027839 -0.8174297 -0.5747424 0.005029949 -0.818319 0.5754139 -0.6698617 -0.4692377 0.4299972 -0.7394539 -0.5179869 0.4292133 -0.7346886 -0.5253652 0.5757843 -0.6684585 -0.4707821 0.2638741 -0.5696056 -0.7784085 0.2657697 -0.5607501 -0.7841721 0.0836818 -0.5884647 -0.8041808 0.08303531 -0.5874982 -0.804954 0.4296809 -0.7299243 -0.5315872 0.5748215 -0.6614554 -0.4817229 0.2664574 -0.5412748 -0.79751 0.2661242 -0.5441852 -0.7956384 0.088741 -0.5623161 -0.822147 -0.4300228 0.02228745 -0.9025429 -0.4291969 0.03330531 -0.9025967 -0.5756893 0.02018538 -0.8174193 0.08998193 -0.5521582 -0.8288694 0.2659305 -0.5344443 -0.8022781 0.4236774 -0.7016814 -0.5728357 0.4293959 -0.7201385 -0.5449951 0.5759837 -0.6444433 -0.5029271 0.5746043 -0.6526114 -0.4938911 -0.5747498 0.0353446 -0.8175656 -0.4296186 0.03900215 -0.9021678 0.2661214 -0.5245368 -0.8087276 0.2664597 -0.5215428 -0.8105508 0.09019322 -0.5419417 -0.8355623 0.2659286 -0.514568 -0.8151698 0.08936451 -0.5316526 -0.8422348 0.2661763 -0.5014883 -0.8232009 -0.574707 0.05044117 -0.8168032 -0.5760249 0.06076571 -0.8151705 -0.4248419 0.0858197 -0.9011905 -0.4295749 0.0556601 -0.9013143 -0.2597722 -0.2471296 -0.9335124 -0.2656757 -0.2162105 -0.9395048 0.5732375 -0.6340738 -0.5189886 0.4242167 -0.7007564 -0.5735683 0.5759985 -0.6189808 -0.5339369 -0.2664372 -0.1932463 -0.9442813 -0.2661774 -0.1957636 -0.9438359 0.08451699 -0.5049515 -0.8589999 0.2724253 -0.4479177 -0.8515599 0.2639484 -0.4887933 -0.8315122 0.0828557 -0.5021722 -0.8607892 -0.2659149 -0.1843338 -0.9462084 0.5747216 -0.6130664 -0.5420744 0.4295926 -0.6764998 -0.5981624 -0.5735649 0.07929949 -0.8153127 -0.4255888 0.08760127 -0.9006665 -0.5759869 0.1011143 -0.8111812 -0.266169 -0.1727281 -0.9483243 -0.2664445 -0.1700591 -0.9487293 0.5747421 -0.6029691 -0.5532629 0.4296108 -0.6653631 -0.6105133 0.4291927 -0.6617523 -0.6147174 0.5756578 -0.5922097 -0.5638313 -0.2659088 -0.1609916 -0.95046 -0.266234 -0.1465936 -0.9526961 -0.5749625 0.1079601 -0.8110257 -0.4298257 0.1191407 -0.895017 0.4291937 -0.6464594 -0.6307797 0.5756582 -0.5922108 -0.5638298 0.4300152 -0.6538669 -0.6225311 0.09223988 -0.460398 -0.8829074 0.2708108 -0.4450917 -0.8535542 0.4296114 -0.6424341 -0.6345963 0.5747427 -0.58219 -0.5750875 -0.5746714 0.123142 -0.8090667 -0.4294247 0.1358896 -0.8928205 -0.429218 0.1379268 -0.8926075 0.4291937 -0.6307797 -0.6464594 0.4296114 -0.6345963 -0.6424341 0.5747427 -0.5750875 -0.58219 -0.2711602 -0.09077674 -0.9582441 -0.2642719 -0.1329447 -0.9552413 -0.5758628 0.1412246 -0.8052563 -0.4299813 0.1524673 -0.8898706 -0.4292214 0.1601553 -0.8888865 -0.5753061 0.1381298 -0.8061904 0.4300152 -0.6225311 -0.6538669 0.4291927 -0.6147174 -0.6617523 0.5756582 -0.5638298 -0.5922108 0.5756578 -0.5638313 -0.5922097 -0.4297043 0.1690393 -0.8870062 -0.5748734 0.1531784 -0.8037767 0.4296108 -0.6105133 -0.6653631 0.5747422 -0.5532629 -0.6029691 0.08308724 -0.4127825 -0.907032 0.2640112 -0.4023396 -0.8765963 0.0846753 -0.4156417 -0.9055783 0.2656202 -0.3943906 -0.8797169 -0.5746745 0.1631529 -0.801954 -0.4292285 0.1821082 -0.8846467 -0.4294353 0.1800417 -0.8849691 0.2662107 -0.3746109 -0.8881432 0.08854116 -0.3871084 -0.9177731 0.2664249 -0.372719 -0.8888748 0.4295926 -0.5981624 -0.6764998 0.5747215 -0.5420744 -0.6130664 0.5759984 -0.5339369 -0.6189808 0.2659056 -0.3638191 -0.8927093 0.08989038 -0.3758782 -0.9222989 -0.5758641 0.1809795 -0.7972622 -0.4292383 0.2037987 -0.8798981 -0.5753034 0.1779095 -0.7983572 -0.4299798 0.196376 -0.8812229 0.2664302 -0.3508254 -0.8977396 0.2662051 -0.3528271 -0.8970217 0.09022156 -0.3645421 -0.9268058 -0.4297054 0.2127084 -0.8775582 -0.574881 0.1927485 -0.7952106 0.2659014 -0.341756 -0.9013874 0.2662625 -0.328619 -0.9061533 0.08951156 -0.3530955 -0.9312955 -0.5745456 0.2074739 -0.7917398 -0.5759854 0.2202654 -0.7872255 -0.4292599 0.2289465 -0.8736816 -0.4239752 0.257666 -0.8682473 0.5759837 -0.5029271 -0.6444433 0.4236774 -0.5728357 -0.7016814 0.4242167 -0.5735683 -0.7007565 0.5732375 -0.5189886 -0.6340738 -0.2659751 -0.03519867 -0.9633371 -0.2607031 -0.06714427 -0.9630812 -0.2660157 -0.01753041 -0.9638093 -0.2664748 -0.01177092 -0.9637701 0.429396 -0.5449951 -0.7201385 0.5746043 -0.4938911 -0.6526114 0.08509122 -0.3244043 -0.9420835 0.272033 -0.272338 -0.9229464 0.2641049 -0.3140249 -0.9119413 -0.2660062 -0.005866397 -0.9639534 0.5757843 -0.4707821 -0.6684585 0.4292133 -0.5253652 -0.7346886 0.5748215 -0.4817229 -0.6614554 0.4296809 -0.5315872 -0.7299243 -0.2660061 0.005925753 -0.9639531 -0.2664835 0.01188479 -0.9637662 -0.5759666 0.2590328 -0.775348 -0.4256873 0.2613371 -0.8663101 -0.5734474 0.2366067 -0.7843311 -0.2660153 0.01770291 -0.9638062 -0.2659748 0.03554612 -0.9633243 0.5754139 -0.4692377 -0.6698617 0.4299972 -0.5179869 -0.7394539 0.4292115 -0.5072192 -0.7473328 -0.5750335 0.2649227 -0.7740493 -0.4298722 0.2923693 -0.8542424 0.5746919 -0.457119 -0.6788015 0.4295075 -0.5044265 -0.7490509 0.5757841 -0.4374149 -0.6907538 0.5748194 -0.448712 -0.6842807 0.4292091 -0.4887296 -0.7595544 0.4296804 -0.4951586 -0.7551111 -0.5746648 0.2794026 -0.7692169 -0.4293612 0.3083349 -0.848869 -0.4292464 0.3093607 -0.8485538 0.5754145 -0.435807 -0.6920768 0.4292073 -0.4698992 -0.7713468 0.4299969 -0.4810835 -0.7639773 -0.5759013 0.2971744 -0.7615939 -0.5752167 0.2935451 -0.7635162 -0.4292491 0.3303754 -0.8405935 -0.429953 0.323994 -0.8427148 0.4295036 -0.4670457 -0.7729133 0.5746906 -0.4232436 -0.7004253 -0.5749221 0.3077708 -0.7581171 -0.4297156 0.3396521 -0.8366486 0.2597722 -0.2471296 -0.9335124 0.2656757 -0.2162105 -0.9395048 -0.4293687 0.3500572 -0.8325277 -0.5746665 0.3172109 -0.7544108 -0.4292536 0.3510808 -0.832156 0.2661774 -0.1957635 -0.9438359 0.2664372 -0.1932463 -0.9442813 0.5759834 -0.4029258 -0.7112622 0.4297503 -0.4526527 -0.7812939 0.5748655 -0.4101923 -0.7080057 0.2659149 -0.1843338 -0.9462084 -0.2606705 0.06737956 -0.9630737 -0.2711947 0.09124767 -0.9581896 -0.5759029 0.3345709 -0.745921 -0.5752122 0.3310036 -0.7480425 -0.4299521 0.3653369 -0.8256332 -0.4292601 0.3714826 -0.8232475 0.266169 -0.1727281 -0.9483243 0.2664445 -0.1700591 -0.9487293 -0.5749283 0.3449083 -0.741954 -0.4297149 0.3806383 -0.8188159 0.266234 -0.1465936 -0.9526961 0.2659087 -0.1609917 -0.95046 0.5759598 -0.3675471 -0.7301913 0.4236662 -0.4216813 -0.8016806 0.5733167 -0.3837922 -0.7238864 0.4249884 -0.424013 -0.7997486 -0.5759639 0.3711266 -0.7283753 -0.5745116 0.3587227 -0.7357 -0.4235149 0.4237792 -0.8006537 -0.4291603 0.3958584 -0.8118605 -0.2642747 0.133185 -0.9552071 -0.2662653 0.147196 -0.9525944 0.4292634 -0.3928074 -0.8132867 0.5745483 -0.3559663 -0.737009 -0.2664427 0.1709101 -0.9485768 -0.265899 0.1612892 -0.9504123 0.2711602 -0.09077674 -0.9582441 0.264272 -0.1329447 -0.9552414 0.5758441 -0.3313081 -0.7474213 0.5748808 -0.3422896 -0.7432024 0.4292437 -0.3694817 -0.824156 0.4297042 -0.3777355 -0.8201647 -0.2662017 0.1731526 -0.9482378 -0.5733368 0.3865847 -0.722383 -0.5759862 0.4067771 -0.7090644 -0.4253278 0.4270303 -0.7979608 -0.2664349 0.1943382 -0.9440577 -0.2659054 0.1848804 -0.9461044 0.4299705 -0.3625649 -0.8268447 0.5752847 -0.3284747 -0.7491007 0.4292378 -0.3492604 -0.8329298 -0.2656184 0.2175374 -0.9392148 -0.266211 0.1964219 -0.9436897 0.5746752 -0.3148243 -0.7554033 0.4294316 -0.3474146 -0.8336015 -0.5749674 0.4129919 -0.7062933 -0.4298306 0.4557627 -0.7794396 0.5758432 -0.2942365 -0.7627776 0.5748758 -0.3054785 -0.7590788 0.4297036 -0.3371108 -0.8376819 0.429233 -0.3287461 -0.84124 -0.5746712 0.42619 -0.6986523 -0.4292259 0.471992 -0.7700576 -0.4294198 0.4703099 -0.7709781 0.5752874 -0.2913463 -0.7643048 0.4292307 -0.3079228 -0.8490846 0.429971 -0.3215837 -0.8436284 -0.5752933 0.4388919 -0.6902257 -0.4292277 0.490982 -0.75809 -0.5758684 0.4414802 -0.6880922 -0.4299771 0.4844433 -0.7618625 0.4294252 -0.3060645 -0.8496579 0.5746728 -0.2773528 -0.7699524 -0.4297066 0.4986013 -0.7528272 -0.5748816 0.4518144 -0.682184 0.2659751 -0.03519867 -0.9633371 0.260703 -0.06714425 -0.9630813 -0.4292298 0.5096208 -0.7456866 -0.4294234 0.5079778 -0.7466955 -0.5746726 0.4603244 -0.6766483 0.2664748 -0.01177092 -0.9637701 0.2660157 -0.01753047 -0.9638093 0.5759609 -0.2564276 -0.7762176 0.4298246 -0.2902596 -0.8549855 0.5749604 -0.2630211 -0.7747518 -0.4292319 0.5279106 -0.7328508 -0.4299768 0.5216115 -0.7369134 -0.5752919 0.4725657 -0.6676233 -0.5758689 0.4750541 -0.6653561 0.2660062 -0.005866341 -0.9639534 -0.259673 0.2478571 -0.9333471 -0.2721367 0.2737645 -0.9224938 -0.4297068 0.5352924 -0.727196 -0.5748835 0.4850613 -0.6589572 0.2664835 0.01188479 -0.9637662 0.2660061 0.005925629 -0.9639531 0.2659748 0.03554612 -0.9633243 0.2660153 0.01770276 -0.9638062 -0.4234474 0.5754365 -0.6996893 -0.5759864 0.5074101 -0.6409171 -0.4292559 0.5488367 -0.7172988 -0.5745437 0.4973616 -0.6500238 0.5759681 -0.2180309 -0.7878599 0.5734352 -0.2347775 -0.7848895 0.4240633 -0.2563039 -0.8686073 0.425494 -0.25934 -0.8670049 -0.2663184 0.3301509 -0.9055799 -0.08533473 0.3251362 -0.9418091 -0.2641255 0.3147382 -0.9116894 0.5745666 -0.2057366 -0.7921777 0.4293106 -0.2270276 -0.8741572 -0.265889 0.3425283 -0.9010979 -0.2664097 0.3525691 -0.8970624 -0.0895973 0.3538894 -0.9309857 0.5758222 -0.1791314 -0.7977096 0.4292366 -0.2025591 -0.8801851 0.574859 -0.1911542 -0.7956112 0.4296972 -0.2109459 -0.8779876 -0.2662746 0.3536904 -0.8966609 -0.09023573 0.3654409 -0.9264505 -0.5760152 0.5385513 -0.6149544 -0.5732536 0.5224128 -0.631241 -0.4247226 0.5772093 -0.6974526 -0.08981354 0.3768854 -0.9218953 -0.2658927 0.3647926 -0.8923157 -0.2664042 0.374667 -0.8880616 0.5753332 -0.1764637 -0.7986565 0.4292278 -0.1810852 -0.8848569 0.4299823 -0.1947847 -0.8815748 -0.08835319 0.3882285 -0.917318 -0.2662812 0.3756808 -0.8876702 -0.08290356 0.4127889 -0.9070459 -0.2655033 0.3965431 -0.8787842 -0.5748364 0.5454205 -0.6099834 -0.4297237 0.6018723 -0.6731176 0.4294646 -0.1786217 -0.8852426 0.5746812 -0.1618676 -0.8022097 -0.4295262 0.6143571 -0.6618706 -0.4291951 0.617193 -0.6594425 -0.5746979 0.5567424 -0.5998002 0.5758207 -0.1397741 -0.8055394 0.4296955 -0.1677265 -0.8872596 0.5748516 -0.1519905 -0.8040178 0.429221 -0.159358 -0.88903 0.2711947 0.09124767 -0.9581896 0.2606705 0.06737955 -0.9630737 -0.5754735 0.5674291 -0.5889435 -0.4300114 0.6264068 -0.6501574 -0.4291956 0.6333654 -0.643925 -0.5757836 0.568494 -0.5876119 0.5753375 -0.1370985 -0.8063441 0.4292168 -0.1373611 -0.8926952 0.429983 -0.1513328 -0.8900635 -0.08508317 0.4167835 -0.9050151 -0.2640418 0.4034554 -0.876074 -0.5748045 0.5786188 -0.5786191 -0.4296709 0.6385072 -0.6385072 0.4294552 -0.1349184 -0.8929531 0.5746779 -0.122263 -0.8091953 -0.574698 0.5858024 -0.5714522 -0.4295265 0.6464242 -0.6305891 -0.4291954 0.6491404 -0.6280192 0.2662653 0.147196 -0.9525944 0.2642747 0.1331849 -0.9552071 0.265899 0.1612893 -0.9504123 0.2664428 0.1709101 -0.9485768 0.4297989 -0.1183571 -0.8951338 0.5749245 -0.1072521 -0.8111466 0.57597 -0.1000666 -0.8113232 -0.5757834 0.5969312 -0.5587009 -0.575474 0.5959359 -0.5600804 -0.4291943 0.664529 -0.6117136 -0.4300114 0.657877 -0.6182946 0.2662017 0.1731526 -0.9482378 -0.09220417 0.4615368 -0.8823164 -0.2704454 0.4462387 -0.853071 -0.2726054 0.450087 -0.8503575 -0.08266624 0.5021801 -0.8608028 -0.5748039 0.606605 -0.5492094 -0.4296704 0.6693896 -0.6060535 0.2664349 0.1943382 -0.9440577 0.2659054 0.1848802 -0.9461044 -0.5760157 0.6237741 -0.5283103 -0.4237081 0.7043244 -0.5695599 -0.5746236 0.6168191 -0.5379051 -0.4294356 0.6806398 -0.5935609 0.266211 0.1964218 -0.9436897 0.2656184 0.2175374 -0.9392147 0.4248712 -0.08537461 -0.901219 0.5759985 -0.0601355 -0.8152358 0.4255284 -0.08693723 -0.9007594 0.573563 -0.07869612 -0.8153725 -0.2662684 0.5037134 -0.8218114 -0.2639802 0.4898683 -0.8308692 -0.08493759 0.5060485 -0.8583125 -0.2664363 0.5239549 -0.8090011 -0.2658993 0.5156808 -0.8144758 -0.0895101 0.532791 -0.8414996 0.5747098 -0.04994645 -0.8168318 0.4295753 -0.05511431 -0.9013476 -0.5760251 0.6491979 -0.4967265 -0.5732373 0.637679 -0.5145527 -0.424157 0.7047625 -0.5686833 -0.2662137 0.5257249 -0.8079254 -0.09022536 0.543182 -0.8347532 0.4292055 -0.0329796 -0.9026046 0.4296189 -0.03862639 -0.9021838 0.5747491 -0.03500447 -0.8175807 -0.08987983 0.5535019 -0.8279839 -0.2664337 0.5438465 -0.7957664 -0.2659014 0.5357443 -0.8014203 -0.4295931 0.7239124 -0.5398154 -0.5747219 0.6560333 -0.4891984 -0.2656095 0.5634983 -0.782254 -0.2662165 0.5455491 -0.7946728 -0.08274689 0.5875124 -0.8049734 -0.08848479 0.5637532 -0.8211898 0.575653 -0.02006778 -0.8174478 0.430015 -0.02207439 -0.9025518 0.4291978 -0.01103046 -0.9031432 0.5756673 -0.01999285 -0.8174396 -0.574742 0.6649988 -0.4769153 -0.4291873 0.7371958 -0.5218627 -0.42961 0.7338117 -0.5262657 0.4296116 -0.005496019 -0.9029971 0.5747426 -0.004980372 -0.8183191 0.2721366 0.2737645 -0.9224938 0.259673 0.2478571 -0.9333471 0.4296114 0.00555067 -0.9029968 0.5747424 0.005029921 -0.818319 0.4291897 0.01113724 -0.9031457 -0.5756798 0.6732282 -0.4640652 -0.4291859 0.7498872 -0.5034566 -0.4300239 0.7433026 -0.5124263 -0.5756714 0.6732086 -0.464104 -0.574744 0.682264 -0.4518685 -0.4296141 0.7528632 -0.4986268 -0.08429402 0.5898811 -0.8030782 -0.2638979 0.5710025 -0.7773764 -0.5747404 0.6878173 -0.4433744 -0.4296085 0.7589909 -0.4892539 -0.4291835 0.7621459 -0.4847012 0.4291969 0.03330531 -0.9025967 0.575684 0.02027817 -0.8174208 0.4300229 0.0222875 -0.9025429 0.575666 0.02018581 -0.8174357 0.4296186 0.03900205 -0.9021678 0.5747498 0.03534467 -0.8175656 0.2663184 0.3301509 -0.9055799 0.2641255 0.3147382 -0.9116894 0.08533474 0.3251363 -0.9418091 -0.575672 0.6953946 -0.4301488 -0.4300236 0.7677993 -0.4749358 -0.5756798 0.6954111 -0.4301119 -0.4291803 0.7739694 -0.4655917 0.08959728 0.3538893 -0.9309858 0.2658891 0.3425283 -0.9010979 0.2664097 0.3525691 -0.8970624 -0.5747425 0.7038475 -0.4174562 -0.4296106 0.7766805 -0.4606541 -0.2711453 0.6090342 -0.7453573 -0.09233945 0.6300342 -0.7710579 -0.2726241 0.6111345 -0.7430954 -0.08265921 0.6673069 -0.7401817 0.09023574 0.365441 -0.9264505 0.2662746 0.3536904 -0.8966609 0.5760249 0.06076571 -0.8151705 0.4248419 0.0858197 -0.9011905 0.574707 0.05044117 -0.8168032 0.4295749 0.05566008 -0.9013143 0.08981353 0.3768853 -0.9218954 0.2658928 0.3647927 -0.8923157 0.2664042 0.374667 -0.8880616 -0.5747204 0.7115234 -0.4042659 -0.5760251 0.7156691 -0.3949847 -0.4295902 0.7851442 -0.446095 0.08290356 0.4127889 -0.9070459 0.08835319 0.3882286 -0.917318 0.2662812 0.3756809 -0.8876701 0.2655033 0.3965431 -0.8787842 -0.2661449 0.6586857 -0.7037755 -0.08424807 0.6695156 -0.7380049 -0.2638762 0.6480896 -0.7143872 0.575987 0.1011143 -0.8111812 0.4255888 0.08760121 -0.9006666 0.5735649 0.07929954 -0.8153127 -0.2664754 0.6758815 -0.6871499 -0.2659395 0.6702749 -0.6928259 -0.08929996 0.6925354 -0.7158353 -0.5760228 0.7343749 -0.3590141 -0.42421 0.8036555 -0.4173532 -0.5732974 0.7271414 -0.377618 -0.4240302 0.8039091 -0.4170474 -0.2660995 0.6787889 -0.6844244 -0.09018236 0.7013083 -0.7071307 0.08508317 0.4167835 -0.9050151 0.2640418 0.4034554 -0.876074 0.4298257 0.1191408 -0.895017 0.5749625 0.1079602 -0.8110257 -0.2664755 0.6927154 -0.6701762 -0.2659401 0.6872578 -0.6759827 -0.09000599 0.7100371 -0.6983884 0.4294247 0.1358896 -0.8928205 0.429218 0.1379268 -0.8926075 0.5746714 0.1231421 -0.8090666 -0.4295214 0.8165302 -0.3857328 -0.5746739 0.7399691 -0.349565 -0.2660988 0.6955601 -0.6673736 -0.2658143 0.7092708 -0.6528994 -0.08299488 0.740161 -0.6672882 -0.08877055 0.7187272 -0.6896021 -0.5747688 0.7462595 -0.3357645 -0.429193 0.8262954 -0.3647318 -0.5757245 0.7514659 -0.3222426 -0.4296419 0.8234861 -0.3705111 0.5758628 0.1412246 -0.8052563 0.4292214 0.1601553 -0.8888865 0.4299814 0.1524673 -0.8898706 0.5753061 0.1381298 -0.8061905 0.09220417 0.4615368 -0.8823164 0.2704454 0.4462387 -0.853071 0.08266624 0.5021801 -0.8608028 0.2726054 0.450087 -0.8503575 0.5748734 0.153178 -0.8037767 0.4297043 0.1690394 -0.8870062 -0.5755894 0.7518337 -0.3216254 -0.4300213 0.8300567 -0.3550881 -0.429189 0.8350459 -0.3442312 -0.5747231 0.7582403 -0.3078394 -0.4295796 0.8367014 -0.3396943 0.5746745 0.1631528 -0.8019541 0.4294353 0.1800417 -0.8849691 0.4292285 0.1821082 -0.8846467 -0.2638496 0.7170706 -0.6451303 -0.08353719 0.7408159 -0.6664934 -0.429184 0.8433263 -0.3234218 -0.574765 0.761973 -0.2983996 -0.4296382 0.8408248 -0.329279 -0.575724 0.76652 -0.2845854 0.5758641 0.1809795 -0.7972621 0.4299799 0.196376 -0.8812229 0.5753034 0.1779098 -0.7983572 0.4292383 0.2037987 -0.8798981 0.2662684 0.5037134 -0.8218114 0.0849376 0.5060485 -0.8583125 0.2639802 0.4898682 -0.8308692 -0.4291791 0.8511315 -0.3022917 -0.4300212 0.8466406 -0.3134988 -0.5755898 0.7668545 -0.2839553 0.574881 0.1927484 -0.7952106 0.4297054 0.2127083 -0.8775582 0.2664363 0.5239549 -0.8090011 0.08951009 0.532791 -0.8414997 0.2658993 0.5156809 -0.8144757 -0.4295737 0.8525406 -0.2977264 -0.5747195 0.7725942 -0.269807 -0.2718226 0.7477198 -0.605828 -0.08306202 0.8049522 -0.5874969 -0.2722778 0.7481951 -0.6050363 -0.09236928 0.7736532 -0.6268402 0.2662137 0.5257249 -0.8079255 0.09022536 0.543182 -0.8347532 0.5759854 0.2202654 -0.7872255 0.4292599 0.2289465 -0.8736815 0.5745456 0.2074738 -0.7917399 0.4239752 0.257666 -0.8682472 0.2664337 0.5438465 -0.7957664 0.2659014 0.5357444 -0.8014203 0.08987983 0.553502 -0.8279839 -0.4296564 0.8579177 -0.2817315 -0.5747715 0.7774661 -0.2553121 -0.5760226 0.7794873 -0.2461654 0.2662165 0.5455491 -0.7946728 0.0884848 0.5637532 -0.8211899 0.08274688 0.5875124 -0.8049734 0.2656095 0.5634983 -0.782254 -0.2659948 0.7867866 -0.5569682 -0.08362415 0.8055463 -0.5866023 -0.2638726 0.7797269 -0.5678004 0.5759666 0.2590328 -0.775348 0.5734473 0.2366068 -0.7843311 0.4256873 0.2613372 -0.8663101 -0.08906636 0.8234606 -0.5603392 -0.2660053 0.7969599 -0.5423063 -0.2664878 0.8002182 -0.5372477 -0.4244777 0.8701202 -0.2504185 -0.4246203 0.8699672 -0.2507083 -0.5760249 0.7907329 -0.2072118 -0.5734114 0.7872303 -0.2268651 -0.2660091 0.8036011 -0.5324137 -0.09011245 0.830245 -0.5500662 0.2638978 0.5710025 -0.7773764 0.08429401 0.5898811 -0.8030782 -0.09010567 0.8370017 -0.5397307 -0.2664905 0.8132979 -0.5172324 -0.266003 0.8101418 -0.5224105 0.5750335 0.2649227 -0.7740493 0.4298722 0.2923692 -0.8542424 -0.08903293 0.8437464 -0.5293063 -0.2659916 0.8260317 -0.4969105 -0.2660062 0.8165902 -0.5122705 -0.5747246 0.7941192 -0.197652 -0.4295996 0.8762851 -0.2181026 0.4292464 0.3093607 -0.8485538 0.4293612 0.3083349 -0.848869 0.5746647 0.2794029 -0.7692168 -0.4291928 0.8815595 -0.1965865 -0.4296068 0.8801706 -0.2018356 -0.5747404 0.7976327 -0.1829086 0.4299531 0.3239939 -0.8427148 0.5759013 0.2971744 -0.7615939 0.4292491 0.3303754 -0.8405935 0.5752168 0.293545 -0.7635162 0.2726241 0.6111345 -0.7430954 0.08265921 0.6673069 -0.7401817 0.2711453 0.6090342 -0.7453573 0.09233943 0.6300341 -0.7710578 0.4297155 0.3396524 -0.8366486 0.5749222 0.3077708 -0.7581171 -0.430024 0.8835714 -0.1854211 -0.4291874 0.8861393 -0.1748005 -0.5756592 0.8002585 -0.1679375 -0.5756859 0.8002684 -0.1677983 -0.08331254 0.8607563 -0.502153 -0.08355065 0.8605093 -0.5025365 -0.2639149 0.8329132 -0.4864203 -0.2719913 0.8541966 -0.4431353 0.4293688 0.350057 -0.8325278 0.4292536 0.3510808 -0.832156 0.5746665 0.3172109 -0.7544108 -0.4296209 0.8870521 -0.1690104 -0.5747482 0.8038694 -0.1531616 -0.5747367 0.8057163 -0.1431748 -0.4296002 0.889091 -0.1579903 -0.4291811 0.8902072 -0.1527568 0.5752123 0.3310035 -0.7480424 0.5759029 0.3345709 -0.745921 0.4299521 0.365337 -0.8256331 0.4292602 0.3714826 -0.8232475 0.2661449 0.6586857 -0.7037755 0.2638762 0.6480897 -0.7143872 0.08424807 0.6695156 -0.7380049 0.5749283 0.344908 -0.7419541 0.4297149 0.3806384 -0.8188159 0.08929997 0.6925353 -0.7158353 0.2664754 0.6758815 -0.6871499 0.2659395 0.6702749 -0.6928259 -0.5756623 0.8076022 -0.1280295 -0.4291744 0.8937508 -0.1304562 -0.5756848 0.8076047 -0.1279122 -0.4300235 0.8916824 -0.1413589 -0.09227794 0.8842077 -0.4578881 -0.2716489 0.8546047 -0.4425582 0.2660995 0.678789 -0.6844243 0.09018234 0.7013083 -0.7071307 -0.4296145 0.8943585 -0.1247172 -0.5747426 0.8104918 -0.1130218 0.5745115 0.358723 -0.7356999 0.5759639 0.3711266 -0.7283753 0.4291603 0.3958584 -0.8118606 0.4235149 0.4237792 -0.8006537 0.2659401 0.6872577 -0.6759827 0.09000599 0.7100371 -0.6983884 0.2664755 0.6927154 -0.6701762 0.2660988 0.69556 -0.6673736 0.2658143 0.7092708 -0.6528994 0.08877055 0.7187272 -0.689602 0.08299488 0.740161 -0.6672882 -0.4295843 0.8965486 -0.1079722 -0.4248553 0.9018617 -0.07838004 -0.5760248 0.8127156 -0.08768523 -0.5747189 0.8124801 -0.09784786 -0.08373695 0.9068167 -0.4131244 -0.2639789 0.8777332 -0.3998746 -0.265913 0.8819033 -0.3892775 -0.08353084 0.9069983 -0.4127672 -0.2660454 0.8892559 -0.3720805 -0.08895379 0.9188454 -0.3844613 -0.2664838 0.891095 -0.3673364 0.5759862 0.4067771 -0.7090644 0.5733368 0.3865847 -0.722383 0.4253278 0.4270303 -0.7979608 -0.2659761 0.8937862 -0.3611134 -0.0900708 0.9234151 -0.3730844 0.2638496 0.7170706 -0.6451303 0.0835372 0.7408159 -0.6664934 -0.4256352 0.9016603 -0.07644162 -0.5735723 0.816227 -0.06919864 -0.5759911 0.8160874 -0.04728108 0.5749673 0.4129919 -0.7062934 0.4298306 0.4557627 -0.7794396 -0.2664891 0.8999276 -0.3451288 -0.2660408 0.8981761 -0.3500025 -0.09014246 0.9279618 -0.3616094 0.4292259 0.471992 -0.7700576 0.5746714 0.42619 -0.6986523 0.4294198 0.4703099 -0.7709781 -0.2660685 0.9083639 -0.3226185 -0.2659711 0.9025005 -0.3387512 -0.08914401 0.9324949 -0.3500093 -0.5749605 0.8171822 -0.04041795 -0.4298185 0.9018129 -0.04460393 -0.4292375 0.9028178 -0.02598479 -0.4294352 0.9026638 -0.02798764 -0.5746738 0.8179894 -0.02536239 0.4292277 0.490982 -0.75809 0.5758684 0.4414802 -0.6880922 0.5752932 0.4388919 -0.6902257 0.4299771 0.4844432 -0.7618625 0.083062 0.8049522 -0.5874969 0.2718225 0.7477198 -0.605828 0.09236928 0.7736533 -0.6268402 0.2722778 0.7481951 -0.6050363 0.4297066 0.4986015 -0.7528272 0.5748816 0.4518141 -0.6821842 0.4294234 0.5079776 -0.7466956 0.4292298 0.5096208 -0.7456866 0.5746726 0.4603245 -0.6766482 -0.2640611 0.9130133 -0.3109315 -0.2715406 0.9248859 -0.26618 -0.4299704 0.9027711 -0.01139507 -0.575884 0.8175035 -0.006757711 -0.4292382 0.9031829 -0.003910196 -0.575277 0.8178936 -0.01032383 -0.4297032 0.9029553 0.005186932 -0.5749071 0.8182052 0.004700272 0.4299768 0.5216116 -0.7369133 0.5758689 0.4750541 -0.6653561 0.4292319 0.5279106 -0.7328508 0.5752919 0.4725657 -0.6676233 0.2638726 0.7797268 -0.5678004 0.2659949 0.7867866 -0.5569682 0.08362415 0.8055462 -0.5866023 -0.4294302 0.9029539 0.01624939 -0.4292334 0.9030095 0.01823221 -0.5746688 0.8182537 0.01472485 0.4297068 0.5352924 -0.727196 0.5748835 0.4850614 -0.6589571 0.08906636 0.8234605 -0.5603392 0.2660053 0.7969598 -0.5423063 0.2664878 0.8002182 -0.5372477 0.09011246 0.830245 -0.5500662 0.2660091 0.8036011 -0.5324137 -0.5752306 0.8174462 0.02985802 -0.4299766 0.9022384 0.03295517 -0.5758961 0.8168246 0.03378357 0.4234474 0.5754365 -0.6996893 0.5745437 0.4973616 -0.6500238 0.4292559 0.5488367 -0.7172988 0.5759864 0.5074101 -0.6409171 0.09010567 0.8370016 -0.5397307 0.266003 0.8101418 -0.5224104 0.2664905 0.8132979 -0.5172324 0.08903294 0.8437464 -0.5293063 0.2660062 0.8165903 -0.5122705 0.2659916 0.8260317 -0.4969105 -0.2660023 0.9408624 -0.209811 -0.2602409 0.9342082 -0.2439874 -0.4266651 0.9020916 0.06471159 -0.575999 0.8140724 0.07423794 -0.5736385 0.8170091 0.05860819 -0.4244572 0.9026923 0.07058878 0.5760152 0.5385514 -0.6149545 0.4247226 0.5772093 -0.6974526 0.5732536 0.5224128 -0.631241 -0.266002 0.9445375 -0.1925923 -0.2664865 0.9456164 -0.186533 0.08331253 0.8607563 -0.502153 0.08355064 0.8605093 -0.5025365 0.2639149 0.8329132 -0.4864203 0.2719913 0.8541966 -0.4431353 -0.2660183 0.9468275 -0.1809746 0.5748364 0.5454204 -0.6099834 0.4297237 0.6018721 -0.6731177 -0.5745513 0.8137937 0.08735448 -0.4292549 0.8980246 0.09639621 -0.2664933 0.9499522 -0.1630089 -0.2659956 0.949007 -0.1692099 0.4295263 0.6143571 -0.6618705 0.4291951 0.617193 -0.6594425 0.5746979 0.5567425 -0.5998001 -0.4297092 0.8958242 0.1133532 -0.5748716 0.8117707 0.1027178 -0.5758676 0.8094819 0.114523 -0.4292067 0.8948278 0.1227382 -0.2659841 0.9538695 -0.1392314 -0.2660102 0.9510522 -0.157284 0.5757836 0.568494 -0.5876119 0.4291956 0.6333654 -0.643925 0.4300115 0.6264068 -0.6501574 0.5754735 0.5674291 -0.5889435 -0.4292213 0.8914264 0.1453544 -0.5752754 0.8094075 0.1179734 -0.4299802 0.8933986 0.1302152 0.09227794 0.8842077 -0.4578881 0.2716489 0.8546047 -0.4425582 0.5748045 0.5786189 -0.5786189 0.4296709 0.6385072 -0.6385072 -0.4294023 0.8910593 0.1470614 -0.5746663 0.8074647 0.1332648 0.5746982 0.5858024 -0.5714522 0.4291953 0.6491404 -0.6280192 0.4295266 0.6464243 -0.630589 -0.429234 0.887503 0.1676207 -0.5758843 0.802796 0.1545181 -0.5749016 0.8055727 0.1433206 -0.4297097 0.8890072 0.1581641 0.5757834 0.5969312 -0.5587009 0.4291942 0.664529 -0.6117136 0.4300114 0.6578769 -0.6182946 0.575474 0.595936 -0.5600804 0.08353085 0.9069983 -0.4127672 0.08373696 0.9068167 -0.4131244 0.2639789 0.8777332 -0.3998747 0.2659129 0.8819033 -0.3892775 -0.4299732 0.8857797 0.1746919 -0.5752475 0.8025212 0.1582718 -0.4292387 0.8830876 0.1895001 0.5748041 0.6066048 -0.5492092 0.4296704 0.6693898 -0.6060534 0.2664838 0.891095 -0.3673364 0.08895379 0.9188454 -0.3844613 0.2660454 0.8892558 -0.3720805 -0.4294162 0.8826343 0.1912024 -0.5746698 0.7998335 0.1732657 0.2659761 0.8937862 -0.3611135 0.0900708 0.9234151 -0.3730843 0.5746236 0.6168191 -0.5379052 0.4294356 0.6806399 -0.5935609 0.5760157 0.6237741 -0.5283103 0.4237081 0.7043244 -0.5695599 -0.271022 0.9589584 -0.08334227 -0.2604877 0.9594844 -0.1074054 0.2664892 0.8999276 -0.3451288 0.09014246 0.9279618 -0.3616094 0.2660408 0.8981761 -0.3500025 -0.5749954 0.7962674 0.1879853 -0.5759805 0.7940812 0.1941175 -0.4298333 0.8787516 0.2074585 0.2659711 0.9025005 -0.338751 0.08914401 0.9324949 -0.3500093 0.2660685 0.9083639 -0.3226185 0.5760251 0.6491979 -0.4967265 0.424157 0.7047625 -0.5686833 0.5732373 0.637679 -0.5145527 -0.2643877 0.9635295 -0.04135335 -0.2662491 0.9635053 -0.02773149 -0.4255199 0.8725498 0.2399787 -0.4241007 0.8722959 0.2433894 -0.5760013 0.7834654 0.2332472 -0.5734503 0.7899097 0.21725 -0.2659071 0.9638995 -0.0138205 -0.2664257 0.9638464 -0.00417283 -0.08952843 0.995882 -0.01427895 0.2715406 0.9248859 -0.26618 0.2640611 0.9130133 -0.3109315 0.574722 0.6560332 -0.4891984 0.429593 0.7239125 -0.5398154 -0.09022079 0.9959194 -0.002150381 -0.266205 0.9639142 -0.002081255 0.574742 0.6649988 -0.4769153 0.42961 0.7338118 -0.5262657 0.4291873 0.7371958 -0.5218627 -0.4293454 0.8614575 0.2712074 -0.5745745 0.7806782 0.2457762 -0.2659047 0.9639505 0.009706379 -0.089889 0.9959013 0.01002804 -0.2664291 0.9636582 0.01945673 -0.4296929 0.8560966 0.2871632 -0.429204 0.8535843 0.2952588 -0.5758386 0.7710446 0.2718456 -0.5748485 0.7757795 0.2602218 0.5756714 0.6732086 -0.4641041 0.5756798 0.6732282 -0.4640652 0.4300239 0.7433026 -0.5124263 0.4291858 0.7498872 -0.5034566 0.5747441 0.682264 -0.4518684 0.4296142 0.7528633 -0.4986267 -0.4292128 0.8459612 0.3164271 -0.5753628 0.770461 0.274495 -0.4299918 0.8504694 0.3029999 0.5747403 0.6878173 -0.4433746 0.4296085 0.758991 -0.4892539 0.4291835 0.7621459 -0.4847012 -0.5746801 0.7656776 0.2889304 -0.4294647 0.8449283 0.3188357 -0.08668624 0.9954924 0.0384753 -0.2644994 0.9636663 0.03724527 -0.2715179 0.9595042 0.07503136 -0.4292159 0.8378577 0.3372952 -0.4296951 0.8408124 0.3292364 -0.5758348 0.7566193 0.3097441 -0.5748491 0.7619297 0.2983481 0.5756798 0.6954111 -0.4301119 0.5756721 0.6953947 -0.4301487 0.4291803 0.7739694 -0.4655917 0.4300236 0.7677993 -0.4749358 0.5747425 0.7038474 -0.4174563 0.4296107 0.7766805 -0.4606541 0.2602409 0.9342082 -0.2439874 0.2660023 0.9408624 -0.209811 -0.4292171 0.8292708 0.3578865 -0.5753683 0.7559218 0.3123035 -0.4299921 0.8344241 0.3447362 0.2664865 0.9456164 -0.186533 0.266002 0.9445376 -0.1925923 -0.5746825 0.7504366 0.3264735 -0.4294691 0.8281097 0.3602648 0.4295902 0.7851443 -0.446095 0.5760251 0.715669 -0.3949847 0.5747205 0.7115233 -0.4042659 0.2660183 0.9468276 -0.1809745 0.2664932 0.9499522 -0.1630089 0.2659956 0.949007 -0.1692099 -0.5749027 0.7441122 0.3402703 -0.4297868 0.8211485 0.3754978 -0.5760033 0.7402229 0.3468289 0.2659841 0.9538695 -0.1392314 0.2660102 0.9510522 -0.1572839 -0.2655985 0.9551405 0.131011 -0.2599917 0.9600772 0.1032279 0.5732974 0.7271414 -0.377618 0.5760228 0.7343749 -0.3590141 0.42421 0.8036555 -0.4173532 0.4240302 0.8039091 -0.4170474 -0.2662219 0.9516686 0.153143 -0.2664439 0.951287 0.1551151 -0.5733286 0.731775 0.3685101 -0.4236352 0.8075132 0.4104333 -0.5759893 0.7221243 0.3831095 -0.4251282 0.8084134 0.407104 -0.2658935 0.949731 0.165263 0.4295214 0.8165302 -0.3857328 0.5746739 0.7399691 -0.3495649 0.5757245 0.7514659 -0.3222426 0.5747687 0.7462594 -0.3357646 0.4296419 0.823486 -0.3705114 0.4291931 0.8262954 -0.3647318 -0.2664298 0.9471102 0.1788785 -0.2662341 0.9474928 0.177135 -0.4292551 0.7907997 0.4363208 -0.574545 0.71663 0.395398 -0.2659023 0.9453274 0.1888176 -0.266268 0.9424444 0.2022374 -0.4297073 0.7823235 0.450912 -0.5748816 0.7089127 0.4086 -0.4292234 0.7778121 0.459103 -0.5758699 0.7023119 0.4184877 0.429189 0.8350459 -0.3442312 0.5755894 0.7518337 -0.3216253 0.4300213 0.8300567 -0.3550881 0.5747231 0.7582402 -0.3078396 0.4295796 0.8367014 -0.3396943 0.271022 0.9589584 -0.08334227 0.2604877 0.9594843 -0.1074054 -0.4292287 0.7661235 0.4783488 -0.4299754 0.7736692 0.465357 -0.575286 0.7009261 0.4216025 0.429184 0.8433263 -0.3234218 0.574765 0.7619731 -0.2983995 0.575724 0.76652 -0.2845854 0.4296383 0.8408248 -0.3292788 -0.5746707 0.6933126 0.4348233 -0.4294133 0.7650877 0.4798386 -0.2718621 0.9269302 0.2586336 -0.2641988 0.939685 0.2172351 -0.08532939 0.9707503 0.2244167 -0.5748876 0.6877291 0.4433203 -0.4292317 0.753999 0.497238 -0.5758727 0.6806966 0.4527944 -0.4297081 0.7589498 0.4892302 0.4300212 0.8466405 -0.3134987 0.5755898 0.7668545 -0.2839552 0.4291791 0.8511315 -0.3022917 0.5747194 0.7725941 -0.2698072 0.4295737 0.8525406 -0.2977265 -0.4299742 0.7496107 0.5031958 -0.4292323 0.7414492 0.5157641 -0.5752809 0.6791323 0.4558851 0.2662491 0.9635053 -0.02773149 0.2643877 0.9635295 -0.04135334 -0.4294167 0.7403358 0.5172082 -0.5746712 0.6708834 0.4686882 0.2664257 0.9638464 -0.00417283 0.08952844 0.995882 -0.01427901 0.2659071 0.9638995 -0.01382038 0.5760227 0.7794873 -0.2461654 0.5747715 0.7774661 -0.255312 0.4296564 0.8579176 -0.2817315 0.0902208 0.9959194 -0.002150305 0.266205 0.9639142 -0.002081276 -0.5749727 0.6618884 0.4809472 -0.5759853 0.6573445 0.4859416 -0.4298332 0.7304382 0.5307576 0.089889 0.9959013 0.01002798 0.2664291 0.9636582 0.01945673 0.2659047 0.9639505 0.009706321 -0.2596315 0.9226092 0.2852785 -0.2657061 0.9110879 0.3151496 0.5734115 0.7872303 -0.2268651 0.4244777 0.8701202 -0.2504185 0.5760249 0.7907329 -0.2072118 0.4246204 0.8699672 -0.2507083 -0.2664551 0.9027617 0.337673 -0.2661591 0.9038466 0.3349934 -0.573293 0.6439676 0.5065974 -0.4232138 0.7091793 0.5638748 -0.4252963 0.7113264 0.5595872 -0.5759387 0.6324658 0.5179591 0.08668622 0.9954924 0.03847531 0.2644994 0.9636663 0.03724524 0.2715179 0.9595042 0.07503136 -0.2659124 0.8996549 0.3462825 0.5747247 0.7941192 -0.197652 0.4295995 0.8762851 -0.2181026 -0.2664513 0.8941166 0.3599432 -0.2661675 0.8952224 0.3573957 -0.4290524 0.6880819 0.5851986 -0.5744806 0.6235141 0.5302851 0.4291928 0.8815595 -0.1965865 0.5747404 0.7976327 -0.1829085 0.4296068 0.8801705 -0.2018359 -0.2659156 0.8908159 0.3684235 -0.2662158 0.8850133 0.3819431 -0.4297195 0.6768267 0.5977013 -0.5749819 0.6132666 0.5415716 -0.4292839 0.6695322 0.60617 -0.5759381 0.6060063 0.5486819 0.5756592 0.8002585 -0.1679375 0.430024 0.8835714 -0.185421 0.4291874 0.8861393 -0.1748005 0.5756859 0.8002684 -0.1677983 -0.575119 0.6030153 0.5528206 -0.4299156 0.6655226 0.6101246 -0.4292859 0.654276 0.6226047 0.4296209 0.8870521 -0.1690104 0.5747482 0.8038695 -0.1531616 -0.5746626 0.5928582 0.5641651 -0.4292864 0.6542728 0.6226076 0.4291811 0.8902072 -0.1527568 0.4296002 0.889091 -0.1579903 0.5747367 0.8057163 -0.1431748 -0.5749822 0.5856574 0.5713151 -0.4297191 0.6463562 0.6305276 -0.575938 0.5780551 0.5780551 -0.4292865 0.6386365 0.6386365 -0.2640224 0.879364 0.3962462 -0.0848325 0.9084283 0.4093428 -0.2723763 0.8577541 0.4359691 -0.08300806 0.907038 0.4127853 0.4291744 0.8937508 -0.1304562 0.5756848 0.8076047 -0.1279122 0.5756623 0.8076022 -0.1280296 0.4300235 0.8916824 -0.1413588 0.2599917 0.9600772 0.1032279 0.2655985 0.9551405 0.131011 -0.5751197 0.5748661 0.5820364 -0.4299152 0.634456 0.6423694 0.5747427 0.8104918 -0.1130221 0.4296145 0.8943585 -0.1247168 -0.4292864 0.6226076 0.6542728 -0.5746626 0.5641651 0.5928582 -0.4292859 0.6226047 0.654276 0.2662219 0.9516686 0.153143 0.2664439 0.951287 0.1551151 0.2658935 0.949731 0.1652631 -0.09223359 0.8861071 0.4542106 -0.2708221 0.8566442 0.4391082 0.4248553 0.9018618 -0.07838005 0.5760248 0.8127156 -0.08768523 0.574719 0.8124801 -0.09784776 0.4295842 0.8965486 -0.1079723 -0.575119 0.5528206 0.6030153 -0.5759381 0.5486818 0.6060062 -0.4299156 0.6101247 0.6655227 -0.4292838 0.6061699 0.6695321 0.2662341 0.9474928 0.1771349 0.2664298 0.9471102 0.1788785 -0.4297195 0.5977013 0.6768267 -0.5749819 0.5415716 0.6132666 0.266268 0.9424444 0.2022374 0.2659023 0.9453274 0.1888177 -0.4290524 0.5851986 0.6880819 -0.5744806 0.5302851 0.6235141 -0.4232138 0.5638748 0.7091793 -0.5759387 0.5179591 0.6324658 -0.08278987 0.8607939 0.502175 -0.08465017 0.8625277 0.4988791 -0.2656043 0.8302438 0.4900508 -0.2639575 0.8349343 0.4829193 0.5759912 0.8160874 -0.04728108 0.4256352 0.9016603 -0.07644164 0.5735723 0.816227 -0.06919869 -0.2664352 0.8175749 0.5104738 -0.08843385 0.845998 0.5258012 -0.2662194 0.8186756 0.5088198 0.08532939 0.9707503 0.2244166 0.2718621 0.9269302 0.2586336 0.2641988 0.939685 0.217235 -0.08986699 0.8392568 0.5362575 -0.265898 0.8123313 0.519053 0.4298184 0.901813 -0.04460399 0.5749606 0.8171822 -0.04041807 -0.09022761 0.8324983 0.5466311 -0.2662239 0.805741 0.5290618 -0.266432 0.8046383 0.5306329 -0.573293 0.5065974 0.6439676 -0.5759853 0.4859416 0.6573445 -0.4252962 0.5595872 0.7113264 -0.2659004 0.7992049 0.539044 -0.0895306 0.825721 0.5569283 -0.2662696 0.7912827 0.550429 0.5746738 0.8179894 -0.02536226 0.4294352 0.9026638 -0.02798744 0.4292375 0.9028178 -0.02598479 -0.4298331 0.5307576 0.7304382 -0.5749727 0.4809472 0.6618884 0.575277 0.8178935 -0.01032371 0.4299704 0.9027711 -0.01139494 0.575884 0.8175035 -0.006757711 0.4292382 0.9031829 -0.003910196 -0.4292323 0.5157641 0.7414492 -0.4294167 0.5172082 0.7403357 -0.5746712 0.4686882 0.6708834 0.4297032 0.9029553 0.00518725 0.574907 0.8182052 0.004700094 -0.263953 0.7820376 0.564576 -0.08499151 0.8078582 0.5832167 -0.2728752 0.7530276 0.598739 -0.08242876 0.8049947 0.587528 0.4294302 0.9029539 0.01624905 0.5746688 0.8182537 0.01472515 0.4292334 0.9030095 0.01823221 -0.5752808 0.4558851 0.6791323 -0.4292317 0.497238 0.753999 -0.4299742 0.5031958 0.7496107 -0.5758727 0.4527944 0.6806966 -0.4297081 0.4892302 0.7589498 -0.5748876 0.4433203 0.6877291 0.2596315 0.9226092 0.2852785 0.2657061 0.9110879 0.3151496 -0.4292287 0.4783488 0.7661235 -0.4294133 0.4798386 0.7650877 -0.5746707 0.4348233 0.6933126 0.4299766 0.9022384 0.03295518 0.5758961 0.8168246 0.03378357 0.5752306 0.8174462 0.02985805 0.2661591 0.9038467 0.3349934 0.2664551 0.9027617 0.337673 -0.09228177 0.7762399 0.6236471 -0.2705772 0.7504872 0.6029569 0.2659124 0.899655 0.3462824 -0.4292234 0.459103 0.7778121 -0.4299754 0.465357 0.7736692 -0.575286 0.4216025 0.7009261 -0.5758698 0.4184877 0.7023119 0.2664513 0.8941166 0.3599432 0.2661675 0.8952224 0.3573959 -0.4297073 0.450912 0.7823235 -0.5748816 0.4086 0.7089127 0.2662158 0.8850133 0.3819431 0.2659155 0.8908159 0.3684235 0.575999 0.8140724 0.07423794 0.4266651 0.9020916 0.06471163 0.4244572 0.9026923 0.07058878 0.5736385 0.8170091 0.05860819 -0.4236352 0.4104333 0.8075134 -0.4292551 0.4363208 0.7907997 -0.5759893 0.3831095 0.7221243 -0.574545 0.395398 0.71663 -0.08492175 0.7434781 0.6633466 -0.2653729 0.7147347 0.6470947 -0.2639294 0.7197157 0.6421453 -0.08235408 0.7402005 0.6673238 0.5745513 0.8137935 0.08735465 0.4292549 0.8980245 0.09639621 -0.2663629 0.6982651 0.6644371 -0.2663653 0.6982509 0.6644509 -0.08812223 0.7216186 0.6866593 -0.08971212 0.7129337 0.6954692 -0.2658869 0.6900535 0.6731496 0.4297092 0.8958243 0.1133531 0.5758676 0.8094819 0.114523 0.5748715 0.8117708 0.1027175 0.4292067 0.8948278 0.1227382 0.2723763 0.8577542 0.4359691 0.08300807 0.907038 0.4127853 0.2640224 0.879364 0.3962463 0.0848325 0.9084283 0.4093428 -0.2663647 0.6815606 0.6815606 -0.2663646 0.6815607 0.6815606 -0.0902409 0.7042218 0.7042218 -0.5733287 0.3685101 0.731775 -0.5760033 0.3468289 0.7402229 -0.4251283 0.407104 0.8084134 -0.08971213 0.6954692 0.7129337 -0.2658869 0.6731496 0.6900535 -0.2663653 0.6644509 0.6982509 0.5752754 0.8094075 0.1179733 0.4299802 0.8933986 0.1302152 0.4292213 0.8914264 0.1453544 -0.08812223 0.6866593 0.7216186 -0.2663629 0.6644371 0.6982651 -0.08235409 0.6673238 0.7402005 -0.2653729 0.6470947 0.7147347 0.5746663 0.8074647 0.1332648 0.4294023 0.8910593 0.1470615 -0.5749027 0.3402703 0.7441122 -0.4297868 0.3754978 0.8211485 0.09223358 0.8861071 0.4542105 0.2708222 0.8566442 0.4391082 0.4297097 0.8890072 0.158164 0.5758844 0.802796 0.1545181 0.5749015 0.8055728 0.1433202 0.429234 0.887503 0.1676207 -0.5746825 0.3264735 0.7504366 -0.4292171 0.3578864 0.8292707 -0.429469 0.3602648 0.8281097 -0.4292159 0.3372952 0.8378577 -0.5753683 0.3123035 0.7559218 -0.4299921 0.3447362 0.8344241 -0.5758348 0.3097441 0.7566193 0.4292387 0.8830876 0.1895001 0.4299732 0.8857797 0.174692 0.5752475 0.8025212 0.1582718 -0.2639294 0.6421453 0.7197157 -0.08492173 0.6633466 0.7434781 -0.4296951 0.3292364 0.8408124 -0.5748491 0.2983481 0.7619297 0.4294161 0.8826343 0.1912025 0.5746698 0.7998335 0.1732655 0.08278985 0.8607939 0.502175 0.08465016 0.8625277 0.4988791 0.2656043 0.8302438 0.4900508 0.2639575 0.8349343 0.4829193 -0.4294647 0.3188357 0.8449283 -0.4292128 0.3164271 0.8459612 -0.57468 0.2889304 0.7656775 0.08843385 0.8459979 0.5258012 0.2664352 0.8175749 0.5104738 0.2662194 0.8186755 0.5088198 0.5759805 0.7940812 0.1941175 0.5749953 0.7962674 0.1879853 0.4298333 0.8787516 0.2074586 0.08986698 0.8392568 0.5362574 0.2658981 0.8123313 0.519053 -0.429204 0.2952588 0.8535843 -0.4299918 0.3029999 0.8504694 -0.5753628 0.274495 0.770461 -0.5758386 0.2718456 0.7710446 -0.2728752 0.598739 0.7530276 -0.2705772 0.6029569 0.7504872 -0.08242875 0.587528 0.8049947 -0.09228177 0.6236471 0.7762399 0.266432 0.8046383 0.5306329 0.09022761 0.8324983 0.5466311 0.2662239 0.805741 0.5290618 -0.4296929 0.2871632 0.8560966 -0.5748485 0.2602218 0.7757795 0.2662696 0.7912827 0.550429 0.2659005 0.7992049 0.5390439 0.0895306 0.825721 0.5569283 -0.4241007 0.2433894 0.8722959 -0.4293454 0.2712074 0.8614575 -0.5760014 0.2332472 0.7834655 -0.5745744 0.2457761 0.7806781 0.4241007 0.8722959 0.2433894 0.5734503 0.7899097 0.2172501 0.5760013 0.7834654 0.2332472 0.4255199 0.8725498 0.2399786 -0.2662696 0.550429 0.7912827 -0.263953 0.564576 0.7820376 -0.08499151 0.5832167 0.8078582 0.4293454 0.8614575 0.2712074 0.5745745 0.7806782 0.2457761 -0.266432 0.5306329 0.8046383 -0.2659004 0.539044 0.7992049 -0.08953061 0.5569283 0.825721 0.2728752 0.7530276 0.598739 0.08242875 0.8049947 0.587528 0.263953 0.7820376 0.564576 0.08499151 0.8078581 0.5832167 0.5748484 0.7757794 0.2602221 0.429204 0.8535843 0.2952588 0.5758386 0.7710446 0.2718456 0.4296929 0.8560966 0.2871633 -0.2662239 0.5290618 0.805741 -0.09022761 0.5466311 0.8324983 -0.5734503 0.21725 0.7899097 -0.5759805 0.1941175 0.7940811 -0.4255199 0.2399787 0.8725497 -0.08986699 0.5362575 0.8392568 -0.265898 0.519053 0.8123313 -0.2664352 0.5104738 0.8175749 0.5753628 0.770461 0.274495 0.4299918 0.8504694 0.3029999 0.4292128 0.8459612 0.3164271 -0.08843385 0.5258012 0.845998 -0.2662194 0.5088197 0.8186755 -0.08278985 0.502175 0.8607939 -0.2656042 0.4900507 0.8302437 -0.5749954 0.1879853 0.7962674 -0.4298333 0.2074585 0.8787516 0.4294647 0.8449283 0.3188356 0.5746801 0.7656775 0.2889302 0.09228177 0.7762399 0.6236471 0.2705772 0.7504872 0.6029568 -0.5746698 0.1732657 0.7998335 -0.4294162 0.1912024 0.8826343 -0.4292387 0.1895001 0.8830876 0.5748491 0.7619296 0.2983483 0.4296951 0.8408124 0.3292365 0.4292159 0.8378577 0.3372952 0.5758348 0.7566193 0.3097441 0.4292171 0.8292708 0.3578865 0.4299922 0.8344241 0.3447363 0.5753683 0.7559218 0.3123036 -0.4299732 0.1746919 0.8857797 -0.429234 0.1676207 0.887503 -0.5752475 0.1582718 0.8025212 -0.5758844 0.1545181 0.802796 -0.2639575 0.4829193 0.8349344 -0.08465017 0.4988791 0.8625277 0.5746825 0.7504366 0.3264735 0.4294692 0.8281097 0.3602645 -0.4297097 0.1581641 0.8890072 -0.5749016 0.1433206 0.8055727 0.2653729 0.7147347 0.6470947 0.2639294 0.7197157 0.6421453 0.08235409 0.7402005 0.6673238 0.08492173 0.7434781 0.6633465 -0.5746663 0.1332648 0.8074647 -0.4294023 0.1470614 0.8910593 -0.4292213 0.1453544 0.8914264 0.08812226 0.7216187 0.6866593 0.2663629 0.6982651 0.6644371 0.2663653 0.6982509 0.6644509 0.5749026 0.7441123 0.3402704 0.4297867 0.8211484 0.3754979 0.5760033 0.7402229 0.3468289 0.08971214 0.7129336 0.6954693 0.2658868 0.6900535 0.6731495 -0.09223358 0.4542106 0.8861071 -0.2708221 0.4391082 0.8566442 -0.2723763 0.4359691 0.8577542 -0.08300807 0.4127853 0.907038 -0.5752754 0.1179734 0.8094075 -0.4299802 0.1302152 0.8933986 -0.5758676 0.114523 0.8094819 -0.4292067 0.1227382 0.8948278 0.0902409 0.7042218 0.7042218 0.2663646 0.6815606 0.6815606 0.2663647 0.6815606 0.6815606 0.08971214 0.6954693 0.7129336 0.2663653 0.6644509 0.6982509 0.2658868 0.6731495 0.6900535 -0.4297092 0.1133532 0.8958243 -0.5748716 0.1027178 0.8117707 0.2653729 0.6470947 0.7147347 0.08812226 0.6866593 0.7216187 0.08235408 0.6673238 0.7402005 0.2663629 0.6644371 0.6982651 0.4251283 0.8084134 0.407104 0.4236352 0.8075132 0.4104333 0.5759893 0.7221243 0.3831095 0.5733286 0.731775 0.3685101 -0.4244572 0.07058878 0.9026923 -0.4292549 0.09639621 0.8980246 -0.5745512 0.08735447 0.8137936 -0.575999 0.07423794 0.8140724 -0.08483251 0.4093428 0.9084283 -0.2662158 0.3819431 0.8850133 -0.2640224 0.3962462 0.879364 0.4292551 0.7907997 0.4363209 0.5745449 0.71663 0.395398 -0.2664513 0.3599432 0.8941166 -0.2659156 0.3684235 0.8908159 0.4292234 0.7778121 0.459103 0.5758698 0.7023119 0.4184877 0.5748816 0.7089128 0.4085999 0.4297074 0.7823235 0.4509119 -0.2661675 0.3573957 0.8952224 0.2639294 0.6421453 0.7197157 0.08492173 0.6633465 0.7434781 -0.2659124 0.3462825 0.8996549 -0.2664551 0.337673 0.9027617 -0.4266651 0.06471159 0.9020917 -0.5758961 0.03378357 0.8168246 -0.5736385 0.05860819 0.8170091 0.4299754 0.7736692 0.4653569 0.4292287 0.7661235 0.4783488 0.575286 0.7009261 0.4216024 -0.2661591 0.3349934 0.9038466 -0.2657061 0.3151496 0.9110879 0.4294133 0.7650878 0.4798384 0.5746706 0.6933125 0.4348235 0.5748875 0.6877292 0.4433204 0.4297082 0.7589498 0.4892301 0.4292317 0.753999 0.497238 0.5758727 0.6806966 0.4527944 -0.4292334 0.01823221 0.9030095 -0.5752306 0.02985802 0.8174462 -0.4299766 0.03295517 0.9022384 0.2728752 0.598739 0.7530276 0.09228177 0.6236471 0.7762399 0.08242876 0.587528 0.8049947 0.2705772 0.6029568 0.7504872 -0.4294302 0.01624939 0.9029539 -0.5746687 0.01472485 0.8182536 0.5752808 0.6791323 0.4558852 0.4292324 0.7414492 0.5157641 0.4299742 0.7496107 0.5031958 -0.4292382 -0.003910196 0.9031829 -0.4297032 0.005186932 0.9029553 -0.5749071 0.004700272 0.8182052 -0.575884 -0.006757711 0.8175035 0.5746712 0.6708835 0.4686879 0.4294166 0.7403356 0.5172083 -0.4292375 -0.02598479 0.9028178 -0.4299705 -0.01139507 0.9027711 -0.575277 -0.01032383 0.8178936 0.2662696 0.550429 0.7912827 0.08499151 0.5832167 0.8078581 0.263953 0.564576 0.7820376 0.5749727 0.6618883 0.4809473 0.4298332 0.7304382 0.5307575 0.5759853 0.6573445 0.4859416 0.266432 0.5306329 0.8046383 0.2659005 0.539044 0.799205 0.0895306 0.5569283 0.825721 -0.5746738 -0.02536239 0.8179895 -0.4294352 -0.02798764 0.9026638 0.09022761 0.5466311 0.8324983 0.2662239 0.5290618 0.805741 -0.2596315 0.2852785 0.9226092 -0.2718621 0.2586336 0.9269302 -0.4292436 -0.04796991 0.901914 -0.4297015 -0.03895398 0.9021304 -0.5748778 -0.03529876 0.8174775 -0.5758547 -0.04728664 0.8161833 0.08986698 0.5362574 0.8392568 0.2658981 0.519053 0.8123313 0.2664352 0.5104738 0.8175749 0.08278987 0.502175 0.8607939 0.2656042 0.4900507 0.8302437 0.08843385 0.5258012 0.8459979 0.2662194 0.5088198 0.8186755 -0.4292385 -0.06978456 0.9004912 -0.4299834 -0.05555822 0.9011257 -0.575326 -0.05033279 0.8163741 0.573293 0.6439677 0.5065973 0.4252962 0.7113264 0.5595873 0.5759387 0.6324658 0.5179591 0.4232138 0.7091793 0.5638748 -0.4294642 -0.07215498 0.9001968 -0.5746821 -0.06538691 0.8157604 -0.08532938 0.2244166 0.9707502 -0.2641988 0.2172351 0.939685 -0.266268 0.2022374 0.9424444 0.4290524 0.6880819 0.5851986 0.5744807 0.623514 0.5302851 -0.4292441 -0.09142446 0.8985494 -0.4296931 -0.0829632 0.8991556 -0.5748495 -0.07517984 0.8147981 -0.5758207 -0.08770066 0.8128586 -0.2664298 0.1788785 0.9471102 -0.2659023 0.1888176 0.9453274 0.4292839 0.6695322 0.60617 0.5759381 0.6060063 0.5486819 0.4297195 0.6768267 0.5977013 0.5749817 0.6132666 0.5415718 0.08465016 0.4988791 0.8625277 0.2639575 0.4829193 0.8349343 -0.2662341 0.177135 0.9474928 -0.4292342 -0.112886 0.8961109 -0.4299983 -0.0994485 0.8973358 -0.5753962 -0.09009056 0.8128977 -0.2664439 0.1551151 0.951287 -0.2658935 0.165263 0.949731 0.4299156 0.6655226 0.6101248 0.4292859 0.654276 0.6226047 0.575119 0.6030154 0.5528206 -0.5746948 -0.1050756 0.8115941 -0.4295091 -0.1159503 0.8955877 0.4292865 0.6542727 0.6226077 0.5746626 0.592858 0.5641651 -0.2662219 0.153143 0.9516686 -0.2655985 0.131011 0.9551405 -0.4292386 -0.1341622 0.8931712 -0.5748152 -0.1146964 0.810205 -0.4296775 -0.1265686 0.894068 -0.5757738 -0.1279024 0.8075429 0.2723763 0.4359691 0.8577542 0.08300806 0.4127853 0.907038 0.09223358 0.4542105 0.8861071 0.2708222 0.4391082 0.8566442 0.575938 0.5780551 0.5780551 0.4292865 0.6386365 0.6386365 0.5751197 0.5820364 0.5748661 0.4299152 0.6423696 0.6344559 -0.5754911 -0.1294477 0.8074982 -0.4292299 -0.1552706 0.8897488 -0.4300129 -0.1429044 0.891441 0.5749822 0.5713151 0.5856573 0.4297191 0.6305275 0.6463563 -0.5747145 -0.1443179 0.8055282 -0.4295597 -0.1592522 0.8888854 0.5746626 0.5641651 0.592858 0.4292865 0.6226078 0.6542727 0.4292859 0.6226047 0.654276 -0.5747789 -0.1537989 0.8037258 -0.4296519 -0.1697151 0.8869025 -0.4292324 -0.1762107 0.8858382 -0.5757132 -0.1677943 0.8002496 0.4292838 0.6061699 0.6695321 0.575119 0.5528206 0.6030154 0.5759381 0.5486818 0.6060062 0.4299156 0.6101248 0.6655226 0.2662158 0.3819431 0.8850133 0.0848325 0.4093428 0.9084283 0.2640224 0.3962463 0.879364 0.4297196 0.5977013 0.6768267 0.5749817 0.5415718 0.6132666 -0.4292289 -0.1970004 0.8814496 -0.4300226 -0.185867 0.8834784 -0.5756081 -0.1683486 0.8002087 0.2664513 0.3599432 0.8941166 0.2659156 0.3684235 0.8908159 -0.5747417 -0.1830997 0.7975879 -0.4296088 -0.2020465 0.8801214 0.2661675 0.3573959 0.8952224 -0.2715179 0.07503137 0.9595042 -0.2599917 0.1032279 0.9600772 0.4232138 0.5638748 0.7091793 0.4290524 0.5851986 0.6880819 0.5744807 0.5302851 0.623514 0.5759387 0.5179591 0.6324658 -0.4296151 -0.2123674 0.877685 -0.4292297 -0.217654 0.8765777 -0.5747443 -0.1924528 0.7953809 0.2664551 0.337673 0.9027617 0.2659124 0.3462824 0.899655 0.2657061 0.3151496 0.9110879 0.2661591 0.3349934 0.9038467 -0.575614 -0.2067981 0.7911404 -0.4292336 -0.2381759 0.8712237 -0.4300234 -0.2283184 0.8734704 -0.5757102 -0.207268 0.7909474 -0.4296485 -0.2443009 0.8693212 -0.5747768 -0.2213899 0.7877932 -0.2644994 0.03724527 0.9636663 -0.2664291 0.01945673 0.9636582 -0.08668623 0.0384753 0.9954924 0.5732929 0.5065973 0.6439677 0.4252962 0.5595873 0.7113264 0.5759853 0.4859416 0.6573445 -0.4292324 -0.2585816 0.8653873 -0.4295664 -0.2545139 0.8664268 -0.5747162 -0.2306468 0.7851774 -0.2659047 0.009706379 0.9639505 -0.266205 -0.002081255 0.9639142 -0.2664257 -0.00417283 0.9638464 0.4298332 0.5307575 0.7304382 0.5749727 0.4809473 0.6618883 -0.5754891 -0.2447949 0.7803126 -0.4300136 -0.270242 0.8614276 -0.5757756 -0.2462179 0.7796533 -0.2659071 -0.0138205 0.9638995 0.4294166 0.5172083 0.7403356 0.4292323 0.5157641 0.7414492 0.5746712 0.4686879 0.6708835 -0.2664319 -0.02773004 0.9634548 -0.2661969 -0.02546408 0.9635823 -0.4280247 -0.2917612 0.8553773 -0.5744128 -0.2642558 0.7747379 0.4292317 0.497238 0.753999 0.5758727 0.4527944 0.6806966 0.4299742 0.5031958 0.7496107 0.5752808 0.4558852 0.6791323 -0.265918 -0.03698631 0.9632859 0.2718621 0.2586336 0.9269302 0.2596315 0.2852785 0.9226092 0.5748875 0.4433204 0.6877292 0.4297082 0.4892301 0.7589498 -0.2664412 -0.0511918 0.9624907 -0.2661623 -0.04836595 0.9627141 -0.4225979 -0.3135935 0.8503353 -0.57547 -0.2829736 0.767307 -0.5757948 -0.2845681 0.7664732 0.5746706 0.4348235 0.6933125 0.4294133 0.4798384 0.7650878 0.4292287 0.4783488 0.7661235 -0.2659366 -0.05963934 0.9621438 -0.2664511 -0.07447121 0.9609672 -0.2661138 -0.07079525 0.9613383 -0.5744237 -0.3019485 0.7608314 0.575286 0.4216024 0.7009261 0.4299754 0.4653569 0.7736692 0.4292234 0.459103 0.7778121 0.5758699 0.4184877 0.7023119 0.266268 0.2022374 0.9424444 0.2641988 0.217235 0.939685 0.08532939 0.2244166 0.9707503 0.4297073 0.4509118 0.7823235 0.5748815 0.4085999 0.7089128 -0.5723349 -0.3601501 0.7366985 -0.5754094 -0.320159 0.752597 -0.5758292 -0.3222135 0.7513981 0.2664298 0.1788785 0.9471102 0.2659023 0.1888177 0.9453274 0.2662341 0.1771349 0.9474928 0.4292551 0.4363209 0.7907997 0.4236352 0.4104333 0.8075134 0.5759893 0.3831095 0.7221243 0.574545 0.395398 0.7166299 0.2658935 0.1652631 0.9497309 0.2664439 0.1551151 0.951287 0.2662219 0.153143 0.9516686 0.2655985 0.131011 0.9551405 0.5733287 0.3685101 0.731775 0.4251283 0.407104 0.8084134 0.5760033 0.3468289 0.7402229 0.4297867 0.3754979 0.8211484 0.5749026 0.3402704 0.7441123 0.4292171 0.3578864 0.8292707 0.5746825 0.3264735 0.7504366 0.4294692 0.3602645 0.8281097 0.4292159 0.3372952 0.8378577 0.5758348 0.3097441 0.7566193 0.5753683 0.3123036 0.7559218 0.4299922 0.3447363 0.8344241 0.2715179 0.07503137 0.9595042 0.2599917 0.1032279 0.9600772 0.5748491 0.2983483 0.7619296 0.4296951 0.3292365 0.8408124 0.5746801 0.2889302 0.7656775 0.4292128 0.3164271 0.8459612 0.4294647 0.3188356 0.8449283 0.5753628 0.274495 0.770461 0.4299918 0.3029999 0.8504694 0.429204 0.2952588 0.8535843 0.5758386 0.2718456 0.7710446 0.2664291 0.01945673 0.9636582 0.08668622 0.03847531 0.9954924 0.2644994 0.03724524 0.9636663 0.5748484 0.2602221 0.7757794 0.4296929 0.2871633 0.8560966 0.2659047 0.009706321 0.9639505 0.2664257 -0.00417283 0.9638464 0.266205 -0.002081276 0.9639142 0.4293454 0.2712074 0.8614575 0.5745745 0.2457761 0.7806782 0.5760014 0.2332472 0.7834655 0.4241007 0.2433894 0.8722959 0.2659071 -0.01382038 0.9638995 0.2664319 -0.02773004 0.9634548 0.2661969 -0.02546418 0.9635823 0.265918 -0.03698629 0.9632859 -0.2727694 -0.3291762 0.9040132 0.5734503 0.2172501 0.7899097 0.4255199 0.2399786 0.8725498 0.5759805 0.1941175 0.7940812 0.2664412 -0.0511918 0.9624907 0.2661623 -0.04836588 0.9627141 -0.282352 -0.3547356 0.8913137 0.2659366 -0.05963931 0.9621438 0.4298333 0.2074586 0.8787516 0.5749953 0.1879853 0.7962674 0.2664511 -0.07447121 0.9609672 0.2661138 -0.07079539 0.9613383 0.4294161 0.1912025 0.8826343 0.4292387 0.1895001 0.8830876 0.5746698 0.1732655 0.7998335 0.5752475 0.1582718 0.8025212 0.5758843 0.1545181 0.802796 0.4299732 0.174692 0.8857797 0.429234 0.1676207 0.887503 0.5749015 0.1433202 0.8055728 0.4297097 0.158164 0.8890072 0.4294023 0.1470615 0.8910593 0.5746663 0.1332648 0.8074647 0.4292213 0.1453544 0.8914264 0.4299802 0.1302152 0.8933986 0.5752755 0.1179733 0.8094075 0.5758676 0.114523 0.8094819 0.4292067 0.1227382 0.8948278 0.4297092 0.1133531 0.8958243 0.5748715 0.1027175 0.8117708 0.4244572 0.07058878 0.9026923 0.5745512 0.08735465 0.8137935 0.4292549 0.09639622 0.8980245 0.575999 0.07423794 0.8140724 0.4266651 0.06471163 0.9020916 0.5736385 0.05860819 0.8170091 0.5758961 0.03378357 0.8168246 -0.1897049 -0.4323075 0.8815454 -0.2268355 -0.5168012 0.8255072 0.4292334 0.01823221 0.9030095 0.4299766 0.03295518 0.9022384 0.5752306 0.02985805 0.8174462 0.4294302 0.01624905 0.9029539 0.5746687 0.01472515 0.8182537 0.4292382 -0.003910196 0.9031829 0.574907 0.004700094 0.8182052 0.4297032 0.00518725 0.9029553 0.575884 -0.006757711 0.8175035 0.4292375 -0.02598479 0.9028178 0.4299704 -0.01139494 0.9027711 0.575277 -0.01032371 0.8178935 0.4294353 -0.02798744 0.9026639 0.5746738 -0.02536226 0.8179895 -0.07062147 -0.4457839 0.8923505 -0.05220498 -0.5414488 0.8391114 0.2727694 -0.3291762 0.9040132 0.4292436 -0.04796991 0.901914 0.4297015 -0.0389539 0.9021304 0.5748777 -0.03529867 0.8174776 0.5758547 -0.04728664 0.8161833 -0.0681568 -0.5546216 0.8293067 -0.189431 -0.545849 0.8161892 -0.05950314 -0.5967027 0.8002532 -0.1796634 -0.5961462 0.7825156 -0.06038522 -0.6049012 0.7940077 0.4292385 -0.06978456 0.9004912 0.4299835 -0.05555809 0.9011257 0.575326 -0.05033292 0.8163741 -0.1803368 -0.6168818 0.7661172 -0.05950088 -0.6163663 0.7852084 -0.1791561 -0.6058664 0.7751316 -0.05985461 -0.614726 0.7864663 0.4294642 -0.07215494 0.9001967 0.5746821 -0.06538701 0.8157604 0.5748496 -0.07517971 0.8147982 0.4292441 -0.09142446 0.8985494 0.4296931 -0.08296289 0.8991557 0.5758207 -0.08770066 0.8128586 -0.059503 -0.6356522 0.7696789 -0.06056122 -0.6260163 0.7774547 -0.1803358 -0.6168852 0.7661146 -0.1791564 -0.6280439 0.757274 -0.05985566 -0.6372278 0.7683476 -0.06038576 -0.6466847 0.7603634 -0.179663 -0.637325 0.7493584 -0.1833551 -0.6537442 0.7341658 -0.05950209 -0.6545461 0.753677 0.5753962 -0.09009054 0.8128977 0.4299983 -0.09944871 0.8973358 0.4292342 -0.112886 0.8961109 0.5746948 -0.1050758 0.8115941 0.4295091 -0.1159501 0.8955878 0.4296775 -0.1265688 0.894068 0.5748152 -0.1146965 0.810205 0.4292386 -0.1341622 0.8931712 0.5757738 -0.1279024 0.8075429 -0.06161565 -0.6637531 0.7454095 -0.1833563 -0.6537424 0.7341672 -0.05950167 -0.6730396 0.7372092 0.0650292 -0.4459539 0.8926905 0.05582223 -0.5413427 0.8389469 -0.1796633 -0.6707337 0.7196091 -0.06038451 -0.6805842 0.7301773 -0.5714816 -0.7311729 0.3725521 -0.5759705 -0.7458775 0.3345515 0.4300129 -0.1429044 0.891441 0.5754911 -0.1294478 0.8074982 0.4292299 -0.1552706 0.8897487 -0.1791563 -0.679673 0.7113001 -0.180336 -0.689739 0.7012411 -0.05950213 -0.6911126 0.7202937 -0.05985408 -0.6896119 0.7217015 0.5747145 -0.1443179 0.8055281 0.4295597 -0.159252 0.8888854 -0.5750498 -0.7488874 0.3293711 -0.06056153 -0.6999487 0.7116207 -0.1803359 -0.6897392 0.7012408 -0.05950219 -0.7087679 0.7029279 0.4292324 -0.1762107 0.8858382 0.574779 -0.1537987 0.8037258 0.4296518 -0.1697152 0.8869025 0.5757132 -0.1677943 0.8002496 -0.1791557 -0.6999689 0.6913369 -0.05985515 -0.7102045 0.7014462 -0.5745096 -0.7570556 0.3111358 -0.06038523 -0.718823 0.6925657 -0.1796623 -0.7084192 0.6825421 -0.05950207 -0.7259811 0.6851357 0.4292289 -0.1970004 0.8814496 0.4300226 -0.1858669 0.8834784 0.5756081 -0.1683487 0.8002087 0.4296088 -0.2020464 0.8801214 0.5747417 -0.1830996 0.797588 -0.5256845 -0.7945014 0.3040119 -0.5809177 -0.7582802 0.2958814 -0.5744422 -0.7568502 0.3117594 -0.5535477 -0.7743503 0.3065397 -0.1833551 -0.7232556 0.6657944 -0.183355 -0.7232555 0.6657947 -0.06161547 -0.7343305 0.6759899 -0.05950178 -0.742751 0.6669187 0.4292297 -0.217654 0.8765777 0.4296152 -0.2123671 0.8776851 0.5747443 -0.1924528 0.7953809 -0.5943612 -0.7627571 0.2548263 -0.5832687 -0.7636406 0.2768585 -0.1796634 -0.7387167 0.6496297 -0.06038523 -0.7495654 0.6591702 0.18391 -0.5397017 0.8215225 0.06448613 -0.5479242 0.8340387 0.0595038 -0.5967027 0.8002532 0.1916452 -0.4295099 0.8824927 0.2249948 -0.505899 0.8327326 0.2806989 -0.3503003 0.8935871 -0.4643663 -0.8492416 0.2513019 -0.4555796 -0.8488884 0.2680221 -0.4737131 -0.8398704 0.2649786 -0.5049679 -0.8200987 0.269157 -0.5525461 -0.7919217 0.2599093 -0.05950293 -0.7590618 0.6482936 -0.05985502 -0.7577068 0.6498443 -0.1791567 -0.7467865 0.6404786 0.4300234 -0.2283185 0.8734704 0.4292336 -0.2381759 0.8712237 0.575614 -0.206798 0.7911404 0.5757102 -0.207268 0.7909474 0.05985539 -0.5983377 0.7990053 0.1791561 -0.5897142 0.7874898 -0.5046945 -0.837356 0.2100438 -0.5037544 -0.8372465 0.2127204 -0.5267612 -0.8194866 0.2257526 -0.5222661 -0.8323119 0.1857287 -0.5728558 -0.7902197 0.2176902 -0.5414796 -0.8246828 0.163396 -0.5658181 -0.8113436 0.1468724 -0.6019287 -0.7690147 0.21517 -0.5860352 -0.7981963 0.1394465 -0.6031309 -0.7778528 0.1765735 -0.5264117 -0.8315949 0.1770331 -0.5989351 -0.7694342 0.2219185 0.5747768 -0.2213895 0.7877933 0.4296485 -0.2443008 0.8693212 0.1796627 -0.599377 0.780044 0.05950134 -0.6163663 0.7852084 0.0603855 -0.6081793 0.7914996 0.1833553 -0.6165314 0.7656825 -0.06091206 -0.7696148 0.6355965 -0.1806661 -0.7583585 0.6263004 -0.1820245 -0.7607487 0.6229995 -0.05950099 -0.7749093 0.6292657 0.5747161 -0.2306468 0.7851774 0.4292324 -0.2585816 0.8653873 0.4295664 -0.2545139 0.8664268 -0.1796631 -0.7700254 0.6121944 -0.06038493 -0.781334 0.621185 -0.1791566 -0.7776289 0.6026576 -0.05985492 -0.7890003 0.6114703 -0.05950352 -0.7902744 0.6098571 0.1833559 -0.6165306 0.7656831 0.05950271 -0.6356523 0.769679 0.0616157 -0.6259715 0.7774079 0.4300137 -0.2702421 0.8614276 0.575489 -0.244795 0.7803126 0.5757756 -0.2462179 0.7796533 0.1796633 -0.6342211 0.7519871 0.06038537 -0.6435353 0.7630308 0.1803368 -0.6541157 0.7345824 0.05985502 -0.6529699 0.755015 0.05950131 -0.6545461 0.753677 0.1791563 -0.6435592 0.7441335 0.4280247 -0.2917612 0.8553773 0.5744129 -0.2642558 0.7747378 0.06056131 -0.6638018 0.7454525 0.1803356 -0.6541196 0.7345792 0.05950268 -0.6730395 0.7372091 0.05985465 -0.6745439 0.7358043 0.1791563 -0.6648222 0.7251996 0.422598 -0.3135933 0.8503354 0.5757948 -0.2845681 0.7664732 0.57547 -0.2829737 0.7673071 0.1833554 -0.6893474 0.700843 0.1796631 -0.6737005 0.7168325 0.06038484 -0.6835943 0.7273598 0.05950154 -0.6911126 0.7202937 0.5744237 -0.3019486 0.7608314 0.1833546 -0.6893486 0.700842 0.06161565 -0.6999044 0.7115738 0.059502 -0.708768 0.7029279 0.5754094 -0.3201589 0.752597 0.5758292 -0.3222135 0.7513981 0.5723348 -0.3601501 0.7366985 0.06038501 -0.7159554 0.6955296 0.1796627 -0.7055932 0.6854631 -0.1840149 -0.8132718 0.5520212 -0.06460564 -0.8256724 0.5604384 -0.2261844 -0.824815 0.5181899 0.1791559 -0.7141068 0.6767235 0.05985479 -0.7245492 0.6866192 0.05950221 -0.7259811 0.6851357 0.1803364 -0.7236667 0.6661721 0.1803356 -0.7236646 0.6661746 0.06056106 -0.7343763 0.6760353 0.0595015 -0.742751 0.6669187 0.05985501 -0.7441142 0.6653655 0.1791561 -0.7333899 0.6557761 0.05950277 -0.7590618 0.6482936 0.1820241 -0.7503439 0.6354929 0.06038534 -0.7522848 0.6560649 0.1796631 -0.7413968 0.6465694 0.06091243 -0.7643332 0.641938 0.1806675 -0.753154 0.632549 0.05950101 -0.7749093 0.6292657 0.1791563 -0.7650053 0.6186032 0.0598541 -0.7761921 0.6276491 0.05950274 -0.7902744 0.6098571 0.1796637 -0.7725493 0.6090062 0.06038469 -0.783895 0.6179501 -0.05569215 -0.8306938 0.5539371 -0.06514969 -0.8871915 0.4567789 -0.281793 -0.8894973 0.3597043 -0.1903939 -0.8780264 0.4391127 -0.1081633 -0.8992613 0.4238277 -0.2731863 -0.9008158 0.3374909 -0.4658622 -0.88199 0.07117497 -0.4088403 -0.9114404 0.04610607 -0.4532431 -0.8894813 0.05825626 -0.4367679 -0.8902459 0.1292135 -0.4549306 -0.8845032 0.1034032 -0.4661936 -0.8820766 0.06785562 -0.4169508 -0.8973694 0.1444997 -0.3897747 -0.9085822 0.15018 -0.3898753 -0.9195476 0.04929064 0.0519502 -0.8308615 0.554049 0.189652 -0.8078257 0.5580767 0.0708674 -0.8868448 0.4566004 0.06839978 -0.8208308 0.5670611 -0.3790848 -0.9123656 0.1545434 -0.3603874 -0.9173594 0.1690345 -0.3164144 -0.9470449 0.05466267 -0.3670807 -0.9289414 0.0481615 -0.3631242 -0.930548 0.04712922 -0.3674601 -0.9222853 0.1198452 -0.3041407 -0.9296793 0.2078334 -0.3497373 -0.9205595 0.1739369 -0.3338159 -0.9234086 0.1894294 -0.3437978 -0.9248595 0.1625972 -0.2688988 -0.960983 0.06484653 -0.3200027 -0.9459544 0.05261666 -0.3331767 -0.938689 0.08863463 -0.3331775 -0.9336073 0.1317953 -0.2749453 -0.958133 0.07991242 -0.2868168 -0.9514343 0.1118433 -0.2658489 -0.9617069 0.06666453 -0.2624826 -0.9632025 0.05782542 -0.1722514 -0.9821078 0.07611682 -0.2208931 -0.9730322 0.06644298 -0.2389622 -0.9686347 0.06814654 0.2280541 -0.8174444 0.5289387 0.1884163 -0.8770314 0.4419448 0.2834731 -0.887184 0.3640708 0.1100547 -0.8968924 0.4283363 0.2731864 -0.9008158 0.3374911 0.5714816 -0.7311729 0.3725521 0.5759705 -0.7458775 0.3345515 0.2208931 -0.9730322 0.06644298 0.1722514 -0.9821078 0.07611683 0.5750498 -0.7488874 0.3293712 0.2389622 -0.9686347 0.06814654 0.5745096 -0.7570556 0.3111357 0.3338159 -0.9234086 0.1894294 0.3041407 -0.9296793 0.2078334 0.5256845 -0.7945014 0.3040119 0.2868169 -0.9514343 0.1118433 0.5809177 -0.7582802 0.2958814 0.5744422 -0.7568502 0.3117594 0.5535478 -0.7743503 0.3065397 0.2688988 -0.960983 0.06484652 0.2624826 -0.9632025 0.05782547 0.2749453 -0.9581332 0.07991248 0.2658489 -0.9617069 0.06666453 0.4555795 -0.8488884 0.2680221 0.4643663 -0.8492416 0.2513019 0.473713 -0.8398703 0.2649786 0.5049679 -0.8200988 0.269157 0.3497373 -0.9205595 0.1739369 0.3603874 -0.9173594 0.1690345 0.3437978 -0.9248595 0.1625972 0.3331775 -0.9336073 0.1317953 0.3631242 -0.930548 0.04712922 0.3164144 -0.9470449 0.05466267 0.3200027 -0.9459544 0.05261666 0.3331768 -0.9386889 0.08863464 0.3670807 -0.9289414 0.0481615 0.3790848 -0.9123657 0.1545434 0.3674601 -0.9222853 0.1198453 0.5943611 -0.7627571 0.2548263 0.5832687 -0.7636406 0.2768585 0.5525461 -0.7919217 0.2599093 0.4532431 -0.8894813 0.05825627 0.4088403 -0.9114404 0.04610608 0.4169508 -0.8973694 0.1444997 0.3898753 -0.9195476 0.04929064 0.4367678 -0.8902459 0.1292134 0.4549306 -0.8845032 0.1034032 0.4658623 -0.8819901 0.07117498 0.3897747 -0.9085822 0.15018 0.4661936 -0.8820766 0.06785562 0.5046945 -0.837356 0.2100438 0.5037543 -0.8372464 0.2127204 0.5267612 -0.8194866 0.2257526 0.5860353 -0.7981963 0.1394465 0.6019287 -0.7690147 0.21517 0.603131 -0.7778528 0.1765735 0.5264117 -0.8315948 0.1770331 0.5728558 -0.7902197 0.2176902 0.5222661 -0.8323119 0.1857287 0.5414796 -0.8246827 0.163396 0.5658181 -0.8113436 0.1468724 0.5989351 -0.7694342 0.2219185 -0.1167866 -0.1899098 -0.9748308 -0.09505015 -0.1662481 -0.9814923 -0.08581091 -0.3257988 -0.9415368 -0.08861975 -0.1608153 -0.982998 -0.1243953 -0.2015128 -0.9715547 -0.1070354 -0.1781628 -0.9781622 -0.1492576 -0.2530485 -0.9558706 0.08581091 -0.3257988 -0.9415368 0.1070354 -0.1781628 -0.9781622 0 -0.2821694 -0.9593647 0 -0.2637309 -0.9645963 0.1243953 -0.2015128 -0.9715547 0.1167866 -0.1899098 -0.9748308 0.08861975 -0.1608153 -0.9829979 0.09505014 -0.1662481 -0.9814923 0.1492576 -0.2530485 -0.9558706 -0.1250805 -0.01804291 -0.9919826 -0.1477648 -0.06878587 -0.9866276 -0.0858519 -0.1424716 -0.9860686 -0.117694 -0.006043301 -0.9930316 -0.09335062 -0.1372434 -0.9861287 -0.08589976 0.1425803 -0.9860488 -0.1176567 0.006104405 -0.9930356 -0.1251155 0.01822015 -0.9919749 -0.1477457 0.06902649 -0.9866138 -0.112912 6.080627e-05 -0.993605 -0.06744698 6.106013e-05 -0.9977229 -0.09320499 0.1374934 -0.9861077 0.09335061 -0.1372434 -0.9861287 0.1477648 -0.06878587 -0.9866276 0.1250805 -0.01804291 -0.9919826 0.117694 -0.006043301 -0.9930316 0 -0.08580191 -0.9963123 0 -0.093876 -0.9955839 0.08585189 -0.1424716 -0.9860686 0.06744697 6.106061e-05 -0.9977229 0 0.0939112 -0.9955806 0.1477457 0.06902649 -0.9866138 0.093205 0.1374934 -0.9861077 0.08589976 0.1425804 -0.9860488 0.112912 6.080812e-05 -0.993605 0 0.08574136 -0.9963174 0.1176567 0.006104405 -0.9930356 0.1251155 0.01822015 -0.9919749 -0.09498062 0.166556 -0.9814468 -0.08868299 0.1612445 -0.9829219 -0.1070984 0.1786011 -0.9780755 -0.1169292 0.1904691 -0.9747046 -0.1491888 0.2537891 -0.9556849 -0.1245717 0.2021878 -0.9713918 -0.0857916 0.3260315 -0.9414581 0 0.2635977 -0.9646327 0.1491888 0.2537891 -0.9556849 0.09498063 0.166556 -0.9814468 0.1070984 0.1786011 -0.9780755 0.08868299 0.1612445 -0.9829219 0.1245717 0.2021878 -0.9713918 0.1169292 0.1904691 -0.9747046 0.0857916 0.3260315 -0.9414581 0 0.2822849 -0.9593306 -0.1495333 0.9566678 -0.2498531 -0.08916822 0.9428416 -0.3210897 -0.115427 0.9756536 -0.1864842 -0.1234497 0.9723438 -0.198262 -0.08450713 0.942233 -0.3241228 -0.09390357 0.9946656 -0.04268966 -0.1107718 0.9772139 -0.1810596 -0.116237 0.9778003 -0.1743438 -0.08626168 0.9955717 -0.03736069 -0.1242327 0.9789562 -0.1618986 -0.1482935 0.982805 -0.1100159 -0.0695868 0.9808816 -0.1817391 0.1234497 0.9723438 -0.198262 0.115427 0.9756536 -0.1864842 0.08916822 0.9428416 -0.3210897 0.08450714 0.9422329 -0.3241228 0.1495333 0.9566678 -0.2498531 0 0.9595124 -0.2816665 0 0.9644265 -0.2643508 0.1107718 0.9772139 -0.1810596 0.1242327 0.9789562 -0.1618986 0.1482935 0.982805 -0.1100159 0.0695868 0.9808816 -0.1817391 0.09390357 0.9946656 -0.04268966 0.08626168 0.9955717 -0.03736069 0.116237 0.9778003 -0.1743438 0 0.9951773 -0.09809174 0 0.9961095 -0.08812305 -0.1478626 0.9833402 0.1057291 -0.1176402 0.9783546 0.1702439 -0.1078194 0.9772395 0.1826961 -0.09602541 0.9760985 0.1949638 -0.08863442 0.9754707 0.2014962 -0.1253906 0.9795061 0.1576226 -0.08831561 0.9954917 0.03459146 0.1078194 0.9772395 0.1826961 0.08863441 0.9754707 0.2014962 0.1478626 0.9833402 0.1057291 0.09602542 0.9760985 0.1949638 0.08831561 0.9954917 0.03459147 -0 0.9961639 0.08750707 0 0.9950925 0.09894875 0.1253906 0.9795061 0.1576226 0.1176402 0.9783546 0.1702439 -0.10528 0.9235631 0.3687102 -0.09300587 0.9200811 0.380527 -0.149712 0.9446036 0.2920794 -0.08893279 0.919091 0.3838782 -0.08620362 0.9710954 0.2225817 -0.1236371 0.9304749 0.3448627 -0.1155027 0.9270087 0.356811 0.08620363 0.9710954 0.2225817 0 0.9571809 0.2894904 -0 0.9628862 0.2699076 0.1236371 0.9304749 0.3448627 0.149712 0.9446036 0.2920794 0.1155027 0.9270087 0.356811 0.10528 0.9235631 0.3687102 0.08893279 0.919091 0.3838782 0.0930059 0.9200811 0.380527 -0.0930059 0.380527 0.9200811 -0.1155027 0.356811 0.9270086 -0.10528 0.3687102 0.9235631 -0.1236371 0.3448627 0.9304749 -0.08620363 0.2225817 0.9710954 -0.08893279 0.3838782 0.919091 -0.149712 0.2920794 0.9446036 0 0.2699076 0.9628862 0.08893279 0.3838782 0.919091 -0 0.2894904 0.9571809 0.09300587 0.380527 0.9200811 0.1155027 0.356811 0.9270086 0.10528 0.3687102 0.9235631 0.1236371 0.3448627 0.9304749 0.08620362 0.2225817 0.9710954 0.149712 0.2920794 0.9446036 -0.1478626 0.1057291 0.9833402 -0.1253906 0.1576226 0.9795061 -0.08863441 0.2014962 0.9754707 -0.09602541 0.1949638 0.9760984 -0.08831561 0.03459147 0.9954917 -0.1078194 0.1826961 0.9772395 -0.1176402 0.1702439 0.9783546 -0.3042713 -0.1190593 0.9451158 -0.3094455 -0.1412515 0.9403678 -0.291851 -0.0968172 0.9515511 -0.3075954 -0.1635778 0.9373512 -0.2987691 -0.1861863 0.9359871 -0.2668147 -0.06879859 0.961289 -0.2539913 -0.08212808 0.9637133 -0.2447399 -0.09337089 0.9650825 0.08831561 0.03459146 0.9954917 0.1478626 0.1057291 0.9833402 0 0.08750707 0.9961639 0.09602539 0.1949638 0.9760984 0.1078194 0.1826961 0.9772395 0.1176402 0.1702439 0.9783546 0.1253906 0.1576226 0.9795061 0.08863442 0.2014962 0.9754707 -0 0.09894875 0.9950925 -0.1227943 -0.002142847 0.9924298 -0.1288901 -0.01421694 0.991557 -0.1329298 -0.02618291 0.9907795 -0.1349692 -0.03801662 0.9901202 -0.1146176 0.01000245 0.9933593 -0.08608018 0.04378486 0.9953256 -0.1350551 -0.04731765 0.9897075 -0.1352596 -0.0497147 0.9895622 -0.1316745 -0.07280418 0.9886159 -0.02948589 -0.04773447 0.9984248 -0.1343827 -0.06130596 0.9890313 -0.1271756 -0.08422319 0.9882979 -0.1209074 -0.09559301 0.9880503 -0.3008503 -0.2080099 0.93071 -0.2430339 -0.2989378 0.9228059 -0.2524703 -0.3092378 0.9168591 -0.2716538 -0.3252986 0.9057511 -0.3090605 -0.2507938 0.9173788 -0.2635901 -0.3192081 0.9102892 -0.3084046 -0.2292356 0.9232213 -0.2922744 -0.1956347 0.9361104 -0.3028305 -0.2728536 0.913151 -0.5884008 -0.3907022 0.7079098 -0.5989714 -0.4212196 0.6810339 -0.5684035 -0.3712799 0.7342131 -0.4865744 -0.424423 0.7636167 -0.2064289 -0.1487679 0.967086 -0.2053608 -0.2470502 0.9469917 -0.2400908 -0.1985837 0.9502215 -0.5042001 -0.4692384 0.7249811 -0.59689 -0.43595 0.6735502 -0.1182921 -0.0992931 0.988002 -0.152057 -0.1502747 0.9768808 -0.5989693 -0.4544719 0.6593111 -0.5047233 -0.4927752 0.7088208 -0.59811 -0.4520244 0.6617692 -0.5057336 -0.486586 0.7123677 -0.4727792 -0.4242407 0.7723339 -0.4216743 -0.3159392 0.8499254 -0.4366925 -0.3318472 0.8361681 -0.3288012 -0.3615812 0.8724385 -0.4481556 -0.3499449 0.8226148 -0.5975332 -0.4645299 0.6535795 -0.5053729 -0.4999018 0.7033466 -0.5972193 -0.4727716 0.6479321 -0.50498 -0.5087584 0.6972519 -0.5047274 -0.5102686 0.6963304 0.1329298 -0.02618291 0.9907795 0.1227943 -0.002142847 0.9924298 0.1349692 -0.03801662 0.9901202 0.1146176 0.01000245 0.9933593 0.1288901 -0.01421694 0.991557 0.08608018 0.04378485 0.9953256 0.1350551 -0.04731769 0.9897075 0.1352596 -0.0497147 0.9895622 0.1343827 -0.06130596 0.9890313 0.1316744 -0.07280418 0.9886159 0.1271756 -0.08422319 0.9882979 0.02948585 -0.04773448 0.9984248 0.1209074 -0.09559301 0.9880503 -0.5989636 -0.4866053 0.63597 -0.5981226 -0.4843405 0.6384855 -0.5057367 -0.521378 0.6873102 -0.5047287 -0.5274032 0.6834434 -0.5975298 -0.4964104 0.6297101 -0.5053717 -0.5342087 0.6776581 -0.5050523 -0.5413011 0.6722464 -0.5972755 -0.5030162 0.6246893 -0.5050531 -0.5413067 0.6722412 -0.5047294 -0.5552017 0.6610592 -0.5989619 -0.5175422 0.6110603 -0.5053716 -0.5480999 0.6664728 -0.5975283 -0.5093195 0.6193169 -0.1531328 -0.2494531 0.9562026 -0.06318238 -0.1992707 0.9779055 -0.1171431 -0.1982949 0.9731169 -0.5981254 -0.5204642 0.6093956 -0.5044605 -0.5742003 0.6448361 -0.5057375 -0.5602651 0.6559975 -0.4503239 -0.4374987 0.7783337 -0.3551546 -0.432201 0.8288953 -0.5971113 -0.5334509 0.5990729 -0.5044607 -0.5742009 0.6448355 -0.5989628 -0.5472034 0.584647 -0.504729 -0.5925116 0.6278365 -0.5981244 -0.5452067 0.5873643 -0.505737 -0.5868994 0.6322809 0.1182921 -0.0992931 0.988002 -0.5050523 -0.6052302 0.6153199 -0.5053715 -0.5987079 0.6214085 -0.5975293 -0.5563461 0.5774406 -0.5050519 -0.605228 0.6153223 -0.5972758 -0.5624155 0.5717958 -0.5989627 -0.5755196 0.5567952 -0.5975296 -0.5681641 0.5658162 -0.5047289 -0.6179547 0.6028107 -0.5053712 -0.6114259 0.6088992 -0.5981245 -0.5782692 0.554844 -0.5057366 -0.6224905 0.5972738 -0.1217928 -0.3058834 0.9442466 -0.1280989 -0.3169581 0.9397491 -0.1324125 -0.3279971 0.9353527 -0.1160977 -0.2982853 0.9473897 -0.1347693 -0.3390293 0.9310727 -0.1443755 -0.4243907 0.893895 -0.08545062 -0.4349513 0.8963903 -0.1351799 -0.3497917 0.9270233 -0.02933088 -0.3528802 0.9352086 -0.5971113 -0.5901688 0.5432853 -0.5044602 -0.6352524 0.5847858 -0.5044604 -0.6352514 0.5847865 -0.3987861 -0.5130486 0.7600992 -0.4027017 -0.5224863 0.751558 -0.2710918 -0.5210018 0.8093616 -0.4044568 -0.5405784 0.7376921 -0.2973359 -0.5093135 0.8075836 -0.06423324 -0.2996959 0.95187 -0.02556334 -0.3479194 0.9371758 -0.02655501 -0.2474323 0.9685413 -0.598962 -0.6024201 0.5275743 -0.5981255 -0.6007071 0.5304685 -0.5057373 -0.6466447 0.5710347 -0.5047294 -0.6517884 0.5660566 -0.4041771 -0.5421288 0.7367071 -0.2913733 -0.5669797 0.7704775 -0.5975289 -0.6108087 0.5194921 -0.5053714 -0.6573172 0.5590473 -0.4037463 -0.5513901 0.7300397 -0.2938232 -0.5760939 0.7627475 -0.4044576 -0.558731 0.7240399 0.02655501 -0.2474324 0.9685413 0.06318238 -0.1992707 0.9779055 -0.5049841 -0.6643714 0.5510006 -0.5972201 -0.6173789 0.5120269 -0.5047286 -0.6656284 0.5497162 -0.2947959 -0.5853424 0.7552944 -0.4041717 -0.5603026 0.7229843 -0.2934229 -0.5995581 0.7446026 -0.2942253 -0.596321 0.7468821 -0.4036716 -0.5708442 0.7149728 -0.4041044 -0.5736781 0.7124557 -0.5989615 -0.6278382 0.4970556 -0.5057373 -0.674166 0.5382656 -0.598126 -0.6262732 0.5000272 -0.5047297 -0.6790553 0.53304 0.1531328 -0.2494531 0.9562026 0.1171431 -0.1982949 0.9731169 0.152057 -0.1502747 0.9768809 -0.4038214 -0.5796242 0.7077882 -0.294394 -0.6055036 0.73939 -0.5975289 -0.6358156 0.4885669 -0.5053713 -0.6842281 0.5257676 -0.4044574 -0.588181 0.7003264 -0.4041708 -0.5868098 0.7016411 -0.2947953 -0.6130341 0.7329972 -0.5047271 -0.6920782 0.5160218 -0.5972199 -0.6420141 0.4807767 -0.5049838 -0.690882 0.5173717 0.3094454 -0.1412515 0.9403678 0.3075954 -0.1635778 0.9373512 0.2987691 -0.1861863 0.935987 0.2918511 -0.0968172 0.9515511 0.2064289 -0.1487679 0.967086 0.2668147 -0.06879856 0.961289 0.3042713 -0.1190593 0.9451158 0.2539913 -0.08212808 0.9637133 0.2447399 -0.09337089 0.9650825 -0.5989607 -0.6517131 0.4653132 -0.5981284 -0.650304 0.4683453 -0.505738 -0.7000358 0.5041618 -0.5047219 -0.7047012 0.49865 -0.4030012 -0.6029494 0.6885071 -0.2929839 -0.6299069 0.7192898 -0.2897658 -0.6364875 0.7147863 -0.4047319 -0.6081166 0.6829247 -0.5053706 -0.7094806 0.4911596 -0.5975251 -0.6592833 0.4564091 -0.4044575 -0.6277069 0.6651301 -0.4036009 -0.6196622 0.6731457 -0.2936586 -0.6474137 0.7032923 -0.4041716 -0.6291665 0.6639238 -0.2947956 -0.657284 0.6935945 0.1160977 -0.2982853 0.9473897 0.1280989 -0.3169581 0.9397491 0.06423324 -0.299696 0.95187 0.1217929 -0.3058834 0.9442466 0.02556334 -0.3479194 0.9371758 0.1324125 -0.3279971 0.9353527 0.1347693 -0.3390293 0.9310727 -0.5991296 -0.6738763 0.4323592 -0.5898922 -0.70041 0.4018122 -0.4890226 -0.7576337 0.4322592 -0.504777 -0.7188061 0.4780356 -0.5970472 -0.6679766 0.4442318 -0.5686311 -0.7294836 0.3801478 0.13518 -0.3497917 0.9270233 0.1439203 -0.4205735 0.8957706 0.08324599 -0.4317943 0.8981223 0.02933083 -0.3528802 0.9352087 -0.4041047 -0.6414308 0.6521242 -0.293423 -0.6703692 0.6815483 -0.403672 -0.6388614 0.6549085 -0.2942254 -0.6673739 0.6841371 -0.294395 -0.6757752 0.6757659 -0.403822 -0.6468922 0.6468835 -0.4044578 -0.6546612 0.6386177 -0.4041712 -0.6534277 0.6400608 -0.2947961 -0.6826291 0.6686649 -0.2936593 -0.6924886 0.6589565 -0.4036017 -0.662805 0.6307102 -0.2897662 -0.704164 0.6482196 -0.4047323 -0.6727746 0.6193271 0.3008503 -0.2080099 0.93071 0.2053608 -0.2470502 0.9469917 0.2922744 -0.1956347 0.9361104 0.3084046 -0.2292356 0.9232213 0.3028305 -0.2728536 0.9131509 0.3090605 -0.2507938 0.9173788 0.2524703 -0.3092378 0.9168591 0.2430339 -0.2989378 0.9228059 0.2716538 -0.3252986 0.9057511 0.2635901 -0.3192081 0.9102892 0.2400908 -0.1985837 0.9502215 -0.4030012 -0.6784423 0.6142523 -0.4044576 -0.690505 0.5996807 -0.2929839 -0.708775 0.6417152 -0.2947953 -0.7227596 0.6250715 -0.4041711 -0.6918415 0.598332 -0.2943103 -0.7305691 0.6161577 -0.4044583 -0.7051664 0.5823691 -0.4037475 -0.6993502 0.589828 -0.292038 -0.7399468 0.6059641 -0.4033045 -0.710356 0.576836 -0.293324 -0.7421429 0.6026482 -0.4044575 -0.7193918 0.564703 -0.4041707 -0.7206617 0.5632875 -0.2947953 -0.7528677 0.5884606 -0.4037469 -0.7277449 0.5544147 -0.2943101 -0.7602311 0.5791634 -0.4044599 -0.733186 0.5466723 -0.4041673 -0.7344435 0.5451986 -0.2923559 -0.7678658 0.5700088 -0.2742582 -0.8070426 0.5229385 -0.403363 -0.7469517 0.5285466 -0.2963927 -0.8055561 0.51306 -0.3992592 -0.7570515 0.5171702 -0.3546938 -0.8261095 0.4378762 -0.451134 -0.7745019 0.443424 -0.4704131 -0.769459 0.4320234 -0.3316269 -0.8690159 0.3671988 -0.3950295 -0.8684278 0.2996413 -0.45175 -0.8132433 0.3668206 -0.4576772 -0.8138793 0.3579555 -0.4198159 -0.8636606 0.2790069 -0.355026 -0.8643443 0.3561818 -0.4578663 -0.8500639 0.260288 -0.4691556 -0.8247953 0.3156037 -0.4666126 -0.818068 0.3362107 -0.4579284 -0.8500034 0.2603765 0.4699214 -0.4208359 0.7759324 0.4495599 -0.3496687 0.8219657 0.4227461 -0.3132164 0.8504006 0.4389433 -0.3314429 0.8351493 0.3323188 -0.3586432 0.8723183 0.3543182 -0.4265981 0.8321494 0.4488133 -0.4334238 0.7814796 0.403363 -0.5161119 0.7555969 0.3996408 -0.5056378 0.7646029 0.274977 -0.5114104 0.8141542 0.2992419 -0.5003609 0.8124612 0.4041665 -0.5329732 0.7433633 0.2923556 -0.557227 0.7771913 0.4044599 -0.5344716 0.7421268 0.4037471 -0.5422976 0.7368185 0.2943099 -0.5665056 0.7697097 0.4044573 -0.5527269 0.7286338 0.2947956 -0.5759318 0.7624947 0.4041712 -0.5512946 0.7298766 0.4047329 -0.5735006 0.7122418 0.4030013 -0.5680585 0.717565 0.2929852 -0.5934558 0.7496465 0.289765 -0.6002573 0.7454713 0.404458 -0.5939503 0.6954401 0.2936578 -0.6117364 0.7345363 0.4036011 -0.5855141 0.7030501 0.404172 -0.5954679 0.6943076 0.2947954 -0.6220796 0.7253364 0.2934225 -0.6357465 0.7139535 0.4041048 -0.6083023 0.6831307 0.2942249 -0.6326262 0.7163908 0.4036722 -0.6055981 0.6857841 0.403822 -0.6140139 0.6781701 0.2943939 -0.6414289 0.7084498 0.2947953 -0.6486327 0.7016918 0.4041714 -0.6208853 0.6716747 0.4044575 -0.6221868 0.6702968 0.4896416 -0.4214081 0.7633259 0.5693138 -0.3687283 0.7347934 0.5898968 -0.3901752 0.7069548 0.5991296 -0.4211574 0.6809333 0.4047314 -0.6412356 0.6519275 0.289767 -0.6711507 0.6823429 0.2929837 -0.664805 0.6871644 0.403001 -0.6363541 0.6577566 0.4044574 -0.6599166 0.6331859 0.2936594 -0.6814961 0.6703187 0.4036013 -0.6522837 0.6415855 0.5047778 -0.4660766 0.7266168 0.5970472 -0.4331188 0.6752354 -0.2607693 -0.9187293 0.2965397 -0.289944 -0.9329726 0.2132948 -0.2860088 -0.934839 0.2104163 -0.262715 -0.9443353 0.1980195 -0.2676307 -0.9209992 0.2830802 -0.2391389 -0.9522053 0.1900463 -0.1417735 -0.9742969 0.1750593 0.4041712 -0.6613166 0.6319067 0.2947959 -0.6908706 0.6601464 0.5047212 -0.4869189 0.7128579 0.5053705 -0.4793521 0.7175112 0.5975237 -0.4454372 0.6667466 0.5989601 -0.4544758 0.6593167 0.2934235 -0.7033441 0.6474641 0.2943942 -0.6977513 0.6530507 0.4041041 -0.6729806 0.6195136 0.4038214 -0.6679292 0.625139 0.4036722 -0.6756732 0.6168586 0.2942247 -0.7058288 0.6443893 0.5057382 -0.492513 0.7082794 0.5981296 -0.4575236 0.6579613 0.5047268 -0.5045053 0.7005178 0.2947953 -0.7149516 0.6339874 0.4044577 -0.685523 0.6053694 0.4041722 -0.684367 0.6068663 0.5972201 -0.4700939 0.6498768 0.5049838 -0.5058759 0.6993432 0.5975286 -0.4779823 0.6438109 0.5047294 -0.5217355 0.6877792 0.5053712 -0.5143769 0.6928321 0.5989615 -0.4866063 0.6359713 0.2933231 -0.7269676 0.6208701 0.2920391 -0.7298262 0.6181157 0.403304 -0.6958305 0.5942774 0.4044573 -0.7003273 0.5881802 0.2943104 -0.7381576 0.6070459 0.4037479 -0.7066146 0.5811055 0.5044599 -0.5415152 0.6725186 0.5981264 -0.4896018 0.6344565 0.5057374 -0.5270432 0.6829752 0.4041718 -0.7136174 0.5721846 0.2947956 -0.7455091 0.5977556 0.404458 -0.7146999 0.5706294 0.5044608 -0.5415179 0.672516 0.5971112 -0.5030875 0.6247889 -0.08476988 -0.9260856 0.3676678 -0.1179258 -0.9530468 0.2789182 -0.09323689 -0.9323576 0.3493082 -0.03716256 -0.9665947 0.2536016 -0.1116453 -0.9575951 0.2656063 0.293823 -0.7531142 0.5886316 0.4037468 -0.7208192 0.5633899 -0.01859213 -0.9670951 0.2537351 -0.01238619 -0.9673343 0.253201 -0.01858947 -0.9336502 0.3577035 0.404177 -0.7276365 0.5542437 0.2913747 -0.7609909 0.5796497 0.4044565 -0.7286475 0.5527093 0.2702803 -0.8021231 0.5324913 0.4027003 -0.7428099 0.5348513 -0.006190917 -0.934195 0.356709 -0.006191292 -0.967244 0.253773 0.5057368 -0.5548238 0.6606065 0.5981236 -0.5154099 0.6136781 0.5047291 -0.5606477 0.6564471 0.5989629 -0.5175418 0.6110597 0.01238619 -0.9673343 0.253201 0.006191292 -0.967244 0.253773 0.006190917 -0.934195 0.356709 0.5053716 -0.5671534 0.6503357 0.5050521 -0.5739714 0.6445767 0.5975297 -0.5270242 0.6043208 0.5050527 -0.573975 0.6445732 0.5972758 -0.5333735 0.5989778 0.03716256 -0.9665946 0.2536016 0.01859213 -0.9670951 0.2537351 0.01858947 -0.9336502 0.3577035 0.08476987 -0.9260856 0.3676678 0.0932369 -0.9323576 0.3493082 0.5053715 -0.5804762 0.6384726 0.5975291 -0.5394045 0.5932974 0.5047292 -0.587301 0.6327134 0.5989625 -0.5472035 0.5846471 0.5044605 -0.6054721 0.6155674 0.5057371 -0.5921069 0.6274068 0.5981247 -0.5500441 0.5828363 0.5044603 -0.6054718 0.6155677 0.5971112 -0.5625024 0.5718821 0.5047292 -0.6229151 0.5976832 0.5057369 -0.6175311 0.6023997 0.5981249 -0.5736622 0.5596056 0.5989625 -0.5755197 0.5567952 0.5053716 -0.628787 0.5909538 0.5975291 -0.5842972 0.549141 0.2944207 -0.8005543 0.5219476 0.398358 -0.7524375 0.5245464 0.5972757 -0.5900785 0.5432026 0.5050523 -0.634999 0.5845496 0.5050528 -0.6349963 0.5845523 0.5053715 -0.6408667 0.5778318 0.504729 -0.647086 0.5714266 0.5975295 -0.5955219 0.536947 0.598963 -0.6024195 0.5275738 0.5057369 -0.6513423 0.5656708 0.5047291 -0.66106 0.555201 0.598124 -0.6050717 0.5254863 -0.07426026 -0.9961186 0.04725644 -0.1234997 -0.9907141 0.05686386 -0.1631164 -0.9833125 0.08055706 -0.1367667 -0.9769743 0.1637565 0.5972202 -0.6152581 0.514573 0.5049832 -0.6620899 0.553741 0.5047284 -0.6746273 0.5386347 0.5053714 -0.6687311 0.5453425 0.5975298 -0.6214145 0.5067565 0.5989636 -0.627837 0.4970547 -0.06191163 -0.9968402 0.04976489 -0.06190589 -0.986652 0.1506173 -0.03716701 -0.9877747 0.1513932 -0.04335288 -0.9978171 0.04981594 -0.04334872 -0.9876184 0.150767 0.5047276 -0.6877928 0.5217194 0.5057365 -0.6785937 0.5326736 0.5981229 -0.6303878 0.4948335 -0.02477175 -0.9985402 0.04799949 -0.01238732 -0.988382 0.1514843 -0.02477037 -0.9985402 0.04799908 -0.02477113 -0.9883339 0.1502743 0.5972192 -0.6400239 0.4834238 0.5049807 -0.6887413 0.520221 -0.00618874 -0.988529 0.1509049 -0.006189245 -0.998737 0.04986092 0.5975323 -0.6458064 0.475278 0.5053733 -0.6949809 0.5114679 0.504724 -0.7005693 0.5044365 0.5989684 -0.6517083 0.4653098 0.3280165 -0.8691273 0.370166 0.3555786 -0.8227712 0.4434088 0.4526878 -0.7712737 0.4474489 0.4733412 -0.7657831 0.4353441 0.01238732 -0.988382 0.1514842 0.006189245 -0.998737 0.04986092 0.00618874 -0.988529 0.1509049 0.5057337 -0.7042179 0.4983077 0.598112 -0.654197 0.4629128 0.239139 -0.9522053 0.1900463 0.1417735 -0.9742969 0.1750593 0.262715 -0.9443353 0.1980196 0.2676307 -0.9209992 0.2830802 0.2860088 -0.934839 0.2104163 0.289944 -0.9329726 0.2132948 0.1116453 -0.9575951 0.2656063 0.1179258 -0.9530468 0.2789182 0.2607693 -0.9187293 0.2965397 0.037167 -0.9877747 0.1513932 0.02477113 -0.9883339 0.1502744 0.02477175 -0.9985402 0.04799921 0.02477038 -0.9985402 0.04799962 0.04334872 -0.9876184 0.1507671 0.04335288 -0.9978171 0.04981594 0.5676671 -0.7289064 0.3826873 0.59689 -0.6662428 0.4470378 0.5041988 -0.7171164 0.4811732 0.4858728 -0.7579109 0.4353143 0.5989709 -0.6739762 0.4324233 0.5883946 -0.7013571 0.4023555 0.1631164 -0.9833125 0.08055706 0.1234997 -0.9907141 0.05686386 0.07426026 -0.9961186 0.04725644 0.1367667 -0.9769743 0.1637566 0.06191163 -0.9968402 0.04976489 0.06190589 -0.986652 0.1506173 0.4198159 -0.8636606 0.2790069 0.3533091 -0.8640819 0.358518 0.4576772 -0.8138793 0.3579555 0.4666125 -0.818068 0.3362107 0.4691556 -0.8247953 0.3156037 0.4579284 -0.8500034 0.2603765 0.4578663 -0.8500638 0.260288 0.4509785 -0.8131541 0.3679657 0.3950295 -0.8684278 0.2996413 0.06208284 -0.09980228 0.9930685 -0.02802618 -0.04982186 0.9983649 -0.06208284 -0.09980228 0.9930685 -0.02847967 -0.1483149 0.98853 0.02847967 -0.1483149 0.98853 0.02802618 -0.04982186 0.9983648 0 0.02493141 -0.9996892 0 0.02493141 -0.9996892 0 0.0747292 -0.9972038 0 0.0747292 -0.9972038 0 0.1243434 -0.9922392 0 0.1736495 -0.9848075 0 0.1243434 -0.9922392 0 0.1736495 -0.9848075 0 0.2225198 -0.9749281 0 0.2225198 -0.9749281 0 0.2708409 -0.9626241 0 0.3184869 -0.9479273 0 0.2708409 -0.9626241 0 0.3653413 -0.9308736 0 0.3184869 -0.9479273 0 0.3653413 -0.9308736 0 0.4112868 -0.911506 0 0.4112868 -0.911506 0 0.4562098 -0.8898723 0 0.4562098 -0.8898723 0 0.5000011 -0.8660249 0 0.5000011 -0.8660249 0 0.5425465 -0.8400258 0 0.5425465 -0.8400258 0 0.5837435 -0.8119382 0 0.5837435 -0.8119382 0 0.6234898 -0.7818315 0 0.6234898 -0.7818315 0 0.6616856 -0.7497814 0 0.6616856 -0.7497814 0 0.6982369 -0.7158667 0 0.6982369 -0.7158667 0 0.7330518 -0.6801727 0 0.7330518 -0.6801727 0 0.766044 -0.6427881 0 0.766044 -0.6427881 0 0.7971328 -0.6038039 0 0.7971328 -0.6038039 0 0.8262389 -0.56332 0 0.8262389 -0.56332 0 0.8532904 -0.5214361 0 0.8532904 -0.5214361 0 0.8782221 -0.478253 0 0.8782221 -0.478253 0 0.9009684 -0.4338848 0 0.9009684 -0.4338848 0 0.9214763 -0.3884345 0 0.9214763 -0.3884345 0 0.9396926 -0.3420202 0 0.9396926 -0.3420202 0 0.9555728 -0.294755 0 0.9555728 -0.294755 0 0.9690775 -0.2467568 0 0.9690775 -0.2467568 0 0.9801723 -0.1981468 0 0.9801723 -0.1981468 0 0.988831 -0.1490415 0 0.988831 -0.1490415 0 0.9950307 -0.09956878 0 0.9950307 -0.09956878 0 0.9987569 -0.04984561 0 0.9987569 -0.04984561 0 1 0 0 1 0 0 0.9987569 0.04984561 0 0.9987569 0.04984561 0 0.9950307 0.09956878 0 0.9950307 0.09956878 -0 0.988831 0.1490415 0 0.988831 0.1490415 0 0.9801723 0.1981468 0 0.9801723 0.1981468 0 0.9690775 0.2467568 0 0.9690775 0.2467568 0 0.9555728 0.294755 0 0.9555728 0.294755 0 0.9396926 0.3420202 0 0.9396926 0.3420202 0 0.9214763 0.3884345 -0 0.9009684 0.4338848 0 0.9214763 0.3884345 0 0.9009684 0.4338848 0 0.8782221 0.478253 0 0.8782221 0.478253 0 0.8532904 0.5214361 0 0.8532904 0.5214361 0 0.8262389 0.56332 -0 0.7971328 0.6038039 0 0.8262389 0.56332 -0 0.766044 0.6427881 0 0.7971328 0.6038039 0 0.766044 0.6427881 0 0.7330518 0.6801727 0 0.7330518 0.6801727 0 0.6982369 0.7158667 0 0.6982369 0.7158667 0 0.6616856 0.7497814 0 0.6616856 0.7497814 0 0.6234898 0.7818315 0 0.6234898 0.7818315 0 0.5837435 0.8119382 0 0.5837435 0.8119382 0 0.5425465 0.8400258 -0 0.5000011 0.8660249 0 0.5425465 0.8400258 0 0.5000011 0.8660249 0 0.4562098 0.8898723 0 0.4562098 0.8898723 0 0.4112868 0.911506 0 0.4112868 0.911506 0 0.3653413 0.9308736 0 0.3653413 0.9308736 0 0.3184869 0.9479273 -0 0.2708409 0.9626241 0 0.3184869 0.9479273 0 0.2708409 0.9626241 0 0.2225198 0.9749281 -0 0.1736495 0.9848075 0 0.2225198 0.9749281 0 0.1736495 0.9848075 0 0.1243434 0.9922392 0 0.1243434 0.9922392 0 0.0747292 0.9972038 0 0.0747292 0.9972038 0 0.02493141 0.9996892 0 0.02493141 0.9996892 0 -0.02493141 0.9996892 0 -0.02493141 0.9996892 0 -0.0747292 0.9972038 0 -0.0747292 0.9972038 0 -0.1243434 0.9922392 0 -0.1243434 0.9922392 0 -0.1736495 0.9848075 0 -0.1736495 0.9848075 0 -0.2225198 0.9749281 0 -0.2225198 0.9749281 0 -0.2708409 0.9626241 0 -0.2708409 0.9626241 0 -0.3184869 0.9479273 0 -0.3184869 0.9479273 0 -0.3653413 0.9308736 0 -0.3653413 0.9308736 0 -0.4112868 0.911506 0 -0.4112868 0.911506 0 -0.4562098 0.8898723 0 -0.4562098 0.8898723 0 -0.5000011 0.8660249 0 -0.5000011 0.8660249 0 -0.5425465 0.8400258 0 -0.5425465 0.8400258 0 -0.5837435 0.8119382 0 -0.5837435 0.8119382 0 -0.6234898 0.7818315 0 -0.6234898 0.7818315 0 -0.6616856 0.7497814 0 -0.6616856 0.7497814 0 -0.6982369 0.7158667 0 -0.6982369 0.7158667 0 -0.7330518 0.6801727 0 -0.7330518 0.6801727 0 -0.766044 0.6427881 0 -0.766044 0.6427881 0 -0.7971328 0.6038039 0 -0.7971328 0.6038039 0 -0.8262389 0.56332 0 -0.8262389 0.56332 0 -0.8532904 0.5214361 0 -0.8532904 0.5214361 0 -0.8782221 0.478253 0 -0.8782221 0.478253 0 -0.9009684 0.4338848 0 -0.9009684 0.4338848 0 -0.9214763 0.3884345 0 -0.9214763 0.3884345 0 -0.9396926 0.3420202 0 -0.9396926 0.3420202 0 -0.9555728 0.294755 0 -0.9555728 0.294755 0 -0.9690775 0.2467568 0 -0.9690775 0.2467568 0 -0.9801723 0.1981468 0 -0.9801723 0.1981468 0 -0.988831 0.1490415 0 -0.988831 0.1490415 0 -0.9950307 0.09956878 0 -0.9950307 0.09956878 0 -0.9987569 0.04984561 0 -0.9987569 0.04984561 0 -1 0 0 -1 0 -0 -0.9987569 -0.04984561 0 -0.9987569 -0.04984561 -0 -0.9950307 -0.09956878 0 -0.9950307 -0.09956878 -0 -0.988831 -0.1490415 0 -0.988831 -0.1490415 -0 -0.9801723 -0.1981468 0 -0.9801723 -0.1981468 -0 -0.9690775 -0.2467568 0 -0.9690775 -0.2467568 -0 -0.9555728 -0.294755 0 -0.9555728 -0.294755 -0 -0.9396926 -0.3420202 0 -0.9396926 -0.3420202 0 -0.9214763 -0.3884345 -0 -0.9214763 -0.3884345 0 -0.9009684 -0.4338848 -0 -0.9009684 -0.4338848 0 -0.8782221 -0.478253 -0 -0.8782221 -0.478253 0 -0.8532904 -0.5214361 -0 -0.8532904 -0.5214361 0 -0.8262389 -0.56332 -0 -0.8262389 -0.56332 0 -0.7971328 -0.6038039 0 -0.766044 -0.6427881 -0 -0.7971328 -0.6038039 0 -0.766044 -0.6427881 0 -0.7330518 -0.6801727 -0 -0.7330518 -0.6801727 0 -0.6982369 -0.7158667 -0 -0.6982369 -0.7158667 0 -0.6616856 -0.7497814 -0 -0.6616856 -0.7497814 -0 -0.6234898 -0.7818315 0 -0.6234898 -0.7818315 -0 -0.5837435 -0.8119382 0 -0.5837435 -0.8119382 -0 -0.5425465 -0.8400258 0 -0.5425465 -0.8400258 -0 -0.5000011 -0.8660249 0 -0.5000011 -0.8660249 -0 -0.4562098 -0.8898723 0 -0.4562098 -0.8898723 -0 -0.4112868 -0.911506 0 -0.4112868 -0.911506 -0 -0.3653413 -0.9308736 0 -0.3653413 -0.9308736 -0 -0.3184869 -0.9479273 0 -0.3184869 -0.9479273 -0 -0.2708409 -0.9626241 0 -0.2708409 -0.9626241 -0 -0.2225198 -0.9749281 0 -0.2225198 -0.9749281 0 -0.1736495 -0.9848075 0 -0.1736495 -0.9848075 -0 -0.1243434 -0.9922392 0 -0.1243434 -0.9922392 -0 -0.0747292 -0.9972038 0 -0.0747292 -0.9972038 0 -0.02493141 -0.9996892 0 -0.02493141 -0.9996892 -1 0 0 -1 0 0 -1 0 0 -1 0 -0 -1 0 0 -1 0 0 -1 0 0 -1 0 -0 -1 0 0 -1 0 0 -1 0 0 -1 0 -0 -1 0 0 -1 0 0 -1 0 0 -1 0 -0 -1 0 0 -1 0 0 -1 0 0 -1 0 0 -1 0 -0 -1 0 0 -1 0 0 -1 0 -0 -1 0 0 -1 0 0 -1 0 0 -1 0 -0 -1 0 0 -1 0 0 -1 0 0 -1 0 -0 -1 0 0 -1 0 0 -1 0 0 -1 0 -0 -1 0 0 -1 0 0 -1 0 0 -1 0 -0 -1 0 0 -1 0 0 -1 0 0 -1 0 0 -1 0 -0 -1 0 0 -1 0 0 -1 0 -0 -1 0 0 -1 0 0 -1 0 0 -1 0 -0 -1 0 0 -1 0 -0 -1 0 0 -1 0 0 -1 0 -0 -1 0 0 -1 0 0 -1 0 -0 -1 0 -0 -1 0 0 -1 0 0 -1 0 0 -1 0 -0 -1 0 0 -1 0 0 -1 0 0 -1 0 0 -1 0 0 -1 0 -0 -1 0 0 -1 0 0 -1 0 -0 -1 0 0 -1 0 0 -1 0 -0 -1 0 0 -1 0 0 -1 0 0 -1 0 -0 -1 0 0 -1 0 0 -1 0 0 -1 0 0 -1 0 -0 -1 0 0 -1 0 0 -1 0 0 -1 0 -0 -1 0 0 -1 0 0 -1 0 0 -1 0 -0 -1 0 0 -1 0 0 -1 0 0 -1 0 -0 -1 0 0 -1 0 0 -1 0 0 -1 0 -0 -1 0 0 -1 0 0 -1 0 0 -1 0 0 -1 0 -0 -1 0 0 -1 0 0 -1 0 0 -1 0 -0 -1 0 0 -1 0 0 -1 0 -0 -1 0 0 -1 0 0 -1 0 0 -1 0 -0 -1 0 0 -1 0 0 -1 0 0 -1 0 -0 -1 0 0 -1 0 0 -1 0 0 -1 0 0 -1 0 -0 -1 0 0 -1 0 0 -1 0 0 -1 0 -0 -1 0 -0 -1 0 0 -1 0 0 -1 0 -0 -1 0 0 -1 0 0 -1 0 0 -1 0 0 -1 0 -0 -1 0 0 -1 0 0 -1 0 0 -1 0 0 -1 0 -0 -1 0 0 -1 0 -0 -1 0 0 -1 0 0 -1 0 0 -1 0 -0 -1 0 0 -1 0 0 -1 0 0 -1 0 0 -1 0 -0 -1 0 0 -1 0 0 -1 0 -0 -1 0 0 -1 0 0 -1 0 0 -1 0 0 -1 0 -0 -1 0 0 -1 0 0 -1 0 0 -1 0 -0 -1 0 0 -1 0 0 -1 0 -0 -1 0 0 -1 0 0 -1 0 0 -1 0 -0 -1 0 0 -1 0 0 -1 0 0 -1 0 0 -1 0 -0 -1 0 0 -1 0 0 -1 0 0 -1 0 -0 -1 0 0 -1 0 0 -1 0 0 -1 0 0 -1 0 -0 -1 0 0 -1 0 0 -1 0 0 -1 0 0 -1 0 -0 -1 0 0 -1 0 0 -1 0 0 -1 0 0 -1 0 -0 -1 0 0 -1 0 0 -1 0 0 -1 0 -0 -1 0 0 -1 0 0 -1 0 -0 -1 0 0 -1 0 0 -1 0 0 -1 0 0 -1 0 -0 -1 0 0 -1 0 0 -1 0 -0 -1 0 0 -1 0 0 -1 0 0 -1 0 -0 -1 0 0 -1 0 0 -1 0 0 -1 0 0 -1 0 -0 -1 0 0 -1 0 0 -1 0 -0 -1 0 0 -1 0 0 -1 0 0 -1 0 0 -1 0 -0 -1 0 0 -1 0 0 -1 0 -0 -1 0 0 -1 0 0 -1 0 0 -1 0 0 -1 0 -0 -1 0 0 -1 0 0 -1 0 -0 -1 0 0 -1 0 0 -1 0 0 -1 0 -0 -1 0 0 -1 0 0 -1 0 0 -1 0 0 -1 0 0 -1 0 -0 0 -0.02493021 0.9996892 0 -0.02493021 0.9996892 0 -0.07473087 0.9972038 0 -0.1243438 0.9922391 0 -0.07473087 0.9972038 0 -0.1243438 0.9922391 0 -0.1736472 0.9848078 0 -0.1736472 0.9848078 0 -0.2225214 0.9749278 0 -0.270841 0.962624 0 -0.2225214 0.9749278 0 -0.270841 0.962624 0 -0.3184862 0.9479275 0 -0.3653415 0.9308736 0 -0.3184862 0.9479275 0 -0.3653415 0.9308736 0 -0.4112871 0.9115058 0 -0.4562102 0.8898721 0 -0.4112871 0.9115058 0 -0.5000005 0.8660251 0 -0.4562102 0.8898721 0 -0.5000005 0.8660251 0 -0.5425464 0.8400259 0 -0.5425464 0.8400259 0 -0.5837435 0.8119382 0 -0.5837435 0.8119382 0 -0.6234894 0.7818317 0 -0.6234894 0.7818317 0 -0.6616858 0.7497814 0 -0.6616858 0.7497814 0 -0.6982369 0.7158668 0 -0.6982369 0.7158668 0 -0.7330523 0.6801723 0 -0.7330523 0.6801723 0 -0.766044 0.6427881 0 -0.766044 0.6427881 0 -0.7971327 0.6038042 0 -0.7971327 0.6038042 0 -0.8262389 0.5633199 0 -0.8262389 0.5633199 0 -0.8532909 0.5214352 0 -0.8532909 0.5214352 0 -0.8782213 0.4782545 0 -0.8782213 0.4782545 0 -0.9009688 0.4338838 0 -0.9009688 0.4338838 0 -0.9214762 0.3884345 0 -0.9396926 0.3420202 0 -0.9214762 0.3884345 0 -0.9396926 0.3420202 0 -0.9555729 0.294755 0 -0.9555729 0.294755 0 -0.9690774 0.2467571 0 -0.9690774 0.2467571 0 -0.9801725 0.1981459 0 -0.9888309 0.1490422 0 -0.9801725 0.1981459 0 -0.9888309 0.1490422 0 -0.9950307 0.09956901 0 -0.9987569 0.04984489 0 -0.9950307 0.09956901 0 -0.9987569 0.04984489 0 -1 0 -0 -0.9987569 -0.04984489 0 -1 0 -0 -0.9987569 -0.04984489 -0 -0.9950307 -0.09956901 -0 -0.9888309 -0.1490422 0 -0.9950307 -0.09956901 -0 -0.9888309 -0.1490422 0 -0.9801725 -0.1981459 -0 -0.9801725 -0.1981459 0 -0.9690774 -0.2467571 -0 -0.9690774 -0.2467571 -0 -0.9555729 -0.294755 -0 -0.9555729 -0.294755 0 -0.9396926 -0.3420202 -0 -0.9396926 -0.3420202 0 -0.9214762 -0.3884345 -0 -0.9214762 -0.3884345 0 -0.9009688 -0.4338838 -0 -0.9009688 -0.4338838 0 -0.8782213 -0.4782545 -0 -0.8782213 -0.4782545 0 -0.8532909 -0.5214352 -0 -0.8532909 -0.5214352 0 -0.8262389 -0.5633199 -0 -0.8262389 -0.5633199 0 -0.7971327 -0.6038042 -0 -0.7971327 -0.6038042 0 -0.766044 -0.6427881 -0 -0.766044 -0.6427881 0 -0.7330523 -0.6801723 -0 -0.7330523 -0.6801723 0 -0.6982369 -0.7158668 -0 -0.6982369 -0.7158668 -0 -0.6616858 -0.7497814 -0 -0.6616858 -0.7497814 0 -0.6234894 -0.7818317 -0 -0.6234894 -0.7818317 -0 -0.5837435 -0.8119382 -0 -0.5837435 -0.8119382 0 -0.5425464 -0.8400259 -0 -0.5425464 -0.8400259 0 -0.5000005 -0.8660251 -0 -0.5000005 -0.8660251 -0 -0.4562102 -0.8898721 -0 -0.4562102 -0.8898721 0 -0.4112871 -0.9115058 -0 -0.4112871 -0.9115058 -0 -0.3653415 -0.9308736 -0 -0.3653415 -0.9308736 -0 -0.3184862 -0.9479275 -0 -0.3184862 -0.9479275 -0 -0.270841 -0.962624 -0 -0.2225214 -0.9749278 0 -0.270841 -0.962624 -0 -0.2225214 -0.9749278 -0 -0.1736472 -0.9848078 0 -0.1736472 -0.9848078 -0 -0.1243438 -0.9922391 -0 -0.07473087 -0.9972038 0 -0.1243438 -0.9922391 -0 -0.07473087 -0.9972038 -0 -0.02493021 -0.9996892 -0 -0.02493021 -0.9996892 0 0.02493021 -0.9996892 0 0.02493021 -0.9996892 0 0.07473087 -0.9972038 0 0.07473087 -0.9972038 0 0.1243438 -0.9922391 0 0.1243438 -0.9922391 0 0.1736472 -0.9848078 0 0.1736472 -0.9848078 0 0.2225214 -0.9749278 0 0.2225214 -0.9749278 0 0.270841 -0.962624 0 0.270841 -0.962624 0 0.3184862 -0.9479275 0 0.3184862 -0.9479275 0 0.3653415 -0.9308736 0 0.3653415 -0.9308736 0 0.4112871 -0.9115058 0 0.4112871 -0.9115058 0 0.4562102 -0.8898721 0 0.4562102 -0.8898721 0 0.5425464 -0.8400259 0 0.5000005 -0.8660251 0 0.5000005 -0.8660251 0 0.5425464 -0.8400259 0 0.5837435 -0.8119382 0 0.5837435 -0.8119382 0 0.6234894 -0.7818317 0 0.6616858 -0.7497814 0 0.6234894 -0.7818317 0 0.6616858 -0.7497814 0 0.6982369 -0.7158668 0 0.7330523 -0.6801723 0 0.6982369 -0.7158668 0 0.766044 -0.6427881 0 0.7330523 -0.6801723 0 0.766044 -0.6427881 0 0.7971327 -0.6038042 0 0.8262389 -0.5633199 0 0.7971327 -0.6038042 0 0.8262389 -0.5633199 0 0.8532909 -0.5214352 0 0.8532909 -0.5214352 0 0.8782213 -0.4782545 0 0.8782213 -0.4782545 0 0.9009688 -0.4338838 0 0.9214762 -0.3884345 0 0.9009688 -0.4338838 0 0.9214762 -0.3884345 0 0.9396926 -0.3420202 0 0.9396926 -0.3420202 0 0.9555729 -0.294755 0 0.9555729 -0.294755 0 0.9690774 -0.2467571 0 0.9690774 -0.2467571 0 0.9801725 -0.1981459 0 0.9801725 -0.1981459 0 0.9888309 -0.1490422 0 0.9888309 -0.1490422 0 0.9950307 -0.09956901 0 0.9950307 -0.09956901 0 0.9987569 -0.04984489 0 0.9987569 -0.04984489 0 1 0 0 1 0 0 0.9987569 0.04984489 0 0.9950307 0.09956901 0 0.9987569 0.04984489 0 0.9950307 0.09956901 0 0.9888309 0.1490422 0 0.9888309 0.1490422 0 0.9801725 0.1981459 0 0.9690774 0.2467571 0 0.9801725 0.1981459 0 0.9690774 0.2467571 0 0.9555729 0.294755 0 0.9396926 0.3420202 0 0.9555729 0.294755 0 0.9396926 0.3420202 0 0.9214762 0.3884345 0 0.9214762 0.3884345 0 0.9009688 0.4338838 0 0.8782213 0.4782545 0 0.9009688 0.4338838 0 0.8782213 0.4782545 0 0.8532909 0.5214352 0 0.8262389 0.5633199 0 0.8532909 0.5214352 0 0.7971327 0.6038042 0 0.8262389 0.5633199 0 0.7971327 0.6038042 0 0.766044 0.6427881 0 0.7330523 0.6801723 0 0.766044 0.6427881 0 0.6982369 0.7158668 0 0.7330523 0.6801723 0 0.6982369 0.7158668 0 0.6616858 0.7497814 0 0.6616858 0.7497814 0 0.6234894 0.7818317 0 0.6234894 0.7818317 0 0.5837435 0.8119382 0 0.5837435 0.8119382 0 0.5425464 0.8400259 0 0.5425464 0.8400259 0 0.5000005 0.8660251 0 0.5000005 0.8660251 0 0.4562102 0.8898721 0 0.4562102 0.8898721 0 0.4112871 0.9115058 0 0.4112871 0.9115058 0 0.3653415 0.9308736 0 0.3653415 0.9308736 0 0.3184862 0.9479275 0 0.3184862 0.9479275 0 0.270841 0.962624 0 0.270841 0.962624 0 0.2225214 0.9749278 0 0.2225214 0.9749278 0 0.1736472 0.9848078 0 0.1736472 0.9848078 0 0.1243438 0.9922391 0 0.1243438 0.9922391 0 0.07473087 0.9972038 0 0.07473087 0.9972038 0 0.02493021 0.9996892 0 0.02493021 0.9996892 0 -0.02493021 0.9996892 0 -0.02493021 0.9996892 0 -0.07473087 0.9972038 0 -0.1243438 0.9922391 0 -0.07473087 0.9972038 0 -0.1243438 0.9922391 0 -0.1736472 0.9848078 0 -0.1736472 0.9848078 0 -0.2225214 0.9749278 0 -0.270841 0.962624 0 -0.2225214 0.9749278 0 -0.270841 0.962624 0 -0.3184862 0.9479275 0 -0.3653415 0.9308736 0 -0.3184862 0.9479275 0 -0.3653415 0.9308736 0 -0.4112871 0.9115058 0 -0.4562102 0.8898721 0 -0.4112871 0.9115058 0 -0.5000005 0.8660251 0 -0.4562102 0.8898721 0 -0.5000005 0.8660251 0 -0.5425464 0.8400259 0 -0.5425464 0.8400259 0 -0.5837435 0.8119382 0 -0.5837435 0.8119382 0 -0.6234894 0.7818317 0 -0.6234894 0.7818317 0 -0.6616858 0.7497814 0 -0.6616858 0.7497814 0 -0.6982369 0.7158668 0 -0.6982369 0.7158668 0 -0.7330523 0.6801723 0 -0.7330523 0.6801723 0 -0.766044 0.6427881 0 -0.766044 0.6427881 0 -0.7971327 0.6038042 0 -0.7971327 0.6038042 0 -0.8262389 0.5633199 0 -0.8262389 0.5633199 0 -0.8532909 0.5214352 0 -0.8532909 0.5214352 0 -0.8782213 0.4782545 0 -0.8782213 0.4782545 0 -0.9009688 0.4338838 0 -0.9009688 0.4338838 0 -0.9214762 0.3884345 0 -0.9396926 0.3420202 0 -0.9214762 0.3884345 0 -0.9396926 0.3420202 0 -0.9555729 0.294755 0 -0.9555729 0.294755 0 -0.9690774 0.2467571 0 -0.9690774 0.2467571 0 -0.9801725 0.1981459 0 -0.9888309 0.1490422 0 -0.9801725 0.1981459 0 -0.9888309 0.1490422 0 -0.9950307 0.09956901 0 -0.9987569 0.04984489 0 -0.9950307 0.09956901 0 -0.9987569 0.04984489 0 -1 0 -0 -0.9987569 -0.04984489 0 -1 0 -0 -0.9987569 -0.04984489 -0 -0.9950307 -0.09956901 -0 -0.9888309 -0.1490422 0 -0.9950307 -0.09956901 -0 -0.9888309 -0.1490422 0 -0.9801725 -0.1981459 -0 -0.9801725 -0.1981459 0 -0.9690774 -0.2467571 -0 -0.9690774 -0.2467571 -0 -0.9555729 -0.294755 -0 -0.9555729 -0.294755 0 -0.9396926 -0.3420202 -0 -0.9396926 -0.3420202 0 -0.9214762 -0.3884345 -0 -0.9214762 -0.3884345 0 -0.9009688 -0.4338838 -0 -0.9009688 -0.4338838 0 -0.8782213 -0.4782545 -0 -0.8782213 -0.4782545 0 -0.8532909 -0.5214352 -0 -0.8532909 -0.5214352 0 -0.8262389 -0.5633199 -0 -0.8262389 -0.5633199 0 -0.7971327 -0.6038042 -0 -0.7971327 -0.6038042 0 -0.766044 -0.6427881 -0 -0.766044 -0.6427881 0 -0.7330523 -0.6801723 -0 -0.7330523 -0.6801723 0 -0.6982369 -0.7158668 -0 -0.6982369 -0.7158668 -0 -0.6616858 -0.7497814 -0 -0.6616858 -0.7497814 0 -0.6234894 -0.7818317 -0 -0.6234894 -0.7818317 -0 -0.5837435 -0.8119382 -0 -0.5837435 -0.8119382 0 -0.5425464 -0.8400259 -0 -0.5425464 -0.8400259 0 -0.5000005 -0.8660251 -0 -0.5000005 -0.8660251 -0 -0.4562102 -0.8898721 -0 -0.4562102 -0.8898721 0 -0.4112871 -0.9115058 -0 -0.4112871 -0.9115058 -0 -0.3653415 -0.9308736 -0 -0.3653415 -0.9308736 -0 -0.3184862 -0.9479275 -0 -0.3184862 -0.9479275 -0 -0.270841 -0.962624 -0 -0.2225214 -0.9749278 0 -0.270841 -0.962624 -0 -0.2225214 -0.9749278 -0 -0.1736472 -0.9848078 0 -0.1736472 -0.9848078 -0 -0.1243438 -0.9922391 -0 -0.07473087 -0.9972038 0 -0.1243438 -0.9922391 -0 -0.07473087 -0.9972038 -0 -0.02493021 -0.9996892 -0 -0.02493021 -0.9996892 0 0.02493021 -0.9996892 0 0.02493021 -0.9996892 0 0.07473087 -0.9972038 0 0.07473087 -0.9972038 0 0.1243438 -0.9922391 0 0.1243438 -0.9922391 0 0.1736472 -0.9848078 0 0.1736472 -0.9848078 0 0.2225214 -0.9749278 0 0.2225214 -0.9749278 0 0.270841 -0.962624 0 0.270841 -0.962624 0 0.3184862 -0.9479275 0 0.3184862 -0.9479275 0 0.3653415 -0.9308736 0 0.3653415 -0.9308736 0 0.4112871 -0.9115058 0 0.4112871 -0.9115058 0 0.4562102 -0.8898721 0 0.4562102 -0.8898721 0 0.5425464 -0.8400259 0 0.5000005 -0.8660251 0 0.5000005 -0.8660251 0 0.5425464 -0.8400259 0 0.5837435 -0.8119382 0 0.5837435 -0.8119382 0 0.6234894 -0.7818317 0 0.6616858 -0.7497814 0 0.6234894 -0.7818317 0 0.6616858 -0.7497814 0 0.6982369 -0.7158668 0 0.7330523 -0.6801723 0 0.6982369 -0.7158668 0 0.766044 -0.6427881 0 0.7330523 -0.6801723 0 0.766044 -0.6427881 0 0.7971327 -0.6038042 0 0.8262389 -0.5633199 0 0.7971327 -0.6038042 0 0.8262389 -0.5633199 0 0.8532909 -0.5214352 0 0.8532909 -0.5214352 0 0.8782213 -0.4782545 0 0.8782213 -0.4782545 0 0.9009688 -0.4338838 0 0.9214762 -0.3884345 0 0.9009688 -0.4338838 0 0.9214762 -0.3884345 0 0.9396926 -0.3420202 0 0.9396926 -0.3420202 0 0.9555729 -0.294755 0 0.9555729 -0.294755 0 0.9690774 -0.2467571 0 0.9690774 -0.2467571 0 0.9801725 -0.1981459 0 0.9801725 -0.1981459 0 0.9888309 -0.1490422 0 0.9888309 -0.1490422 0 0.9950307 -0.09956901 0 0.9950307 -0.09956901 0 0.9987569 -0.04984489 0 0.9987569 -0.04984489 0 1 0 0 1 0 0 0.9987569 0.04984489 0 0.9950307 0.09956901 0 0.9987569 0.04984489 0 0.9950307 0.09956901 0 0.9888309 0.1490422 0 0.9888309 0.1490422 0 0.9801725 0.1981459 0 0.9690774 0.2467571 0 0.9801725 0.1981459 0 0.9690774 0.2467571 0 0.9555729 0.294755 0 0.9396926 0.3420202 0 0.9555729 0.294755 0 0.9396926 0.3420202 0 0.9214762 0.3884345 0 0.9214762 0.3884345 0 0.9009688 0.4338838 0 0.8782213 0.4782545 0 0.9009688 0.4338838 0 0.8782213 0.4782545 0 0.8532909 0.5214352 0 0.8262389 0.5633199 0 0.8532909 0.5214352 0 0.7971327 0.6038042 0 0.8262389 0.5633199 0 0.7971327 0.6038042 0 0.766044 0.6427881 0 0.7330523 0.6801723 0 0.766044 0.6427881 0 0.6982369 0.7158668 0 0.7330523 0.6801723 0 0.6982369 0.7158668 0 0.6616858 0.7497814 0 0.6616858 0.7497814 0 0.6234894 0.7818317 0 0.6234894 0.7818317 0 0.5837435 0.8119382 0 0.5837435 0.8119382 0 0.5425464 0.8400259 0 0.5425464 0.8400259 0 0.5000005 0.8660251 0 0.5000005 0.8660251 0 0.4562102 0.8898721 0 0.4562102 0.8898721 0 0.4112871 0.9115058 0 0.4112871 0.9115058 0 0.3653415 0.9308736 0 0.3653415 0.9308736 0 0.3184862 0.9479275 0 0.3184862 0.9479275 0 0.270841 0.962624 0 0.270841 0.962624 0 0.2225214 0.9749278 0 0.2225214 0.9749278 0 0.1736472 0.9848078 0 0.1736472 0.9848078 0 0.1243438 0.9922391 0 0.1243438 0.9922391 0 0.07473087 0.9972038 0 0.07473087 0.9972038 0 0.02493021 0.9996892 0 0.02493021 0.9996892 1 0 0 1 0 0 1 0 0 1 0 0 1 0 0 1 0 0 1 0 0 1 0 0 1 0 0 1 0 0 1 0 0 1 0 0 1 0 0 1 0 0 1 0 0 1 0 0 1 0 0 1 0 0 1 0 0 1 0 0 1 0 0 1 0 0 1 0 0 1 0 0 1 0 0 1 0 0 1 0 0 1 0 0 1 0 0 1 0 0 1 0 0 1 0 0 1 0 0 1 0 0 1 0 0 1 0 0 1 0 0 1 0 0 1 0 0 1 0 0 1 0 0 1 0 0 1 0 0 1 0 0 1 0 0 1 0 0 1 0 0 1 0 0 1 0 0 1 0 0 1 0 0 1 0 0 1 0 0 1 0 0 1 0 0 1 0 0 1 0 0 1 0 0 1 0 0 1 0 0 1 0 0 1 0 0 1 0 0 1 0 0 1 0 0 1 0 0 1 0 0 1 0 0 1 0 0 1 0 0 1 0 0 1 0 0 1 0 0 1 0 0 1 0 0 1 0 0 1 0 0 1 0 0 1 0 0 1 0 0 1 0 0 1 0 0 1 0 0 1 0 0 1 0 0 1 0 0 1 0 0 1 0 0 1 0 0 1 0 0 1 0 0 1 0 0 1 0 0 1 0 0 1 0 0 1 0 0 1 0 0 1 0 0 1 0 0 1 0 0 1 0 0 1 0 0 1 0 0 1 0 0 1 0 0 1 0 0 1 0 0 1 0 0 1 0 0 1 0 0 1 0 0 1 0 0 1 0 0 1 0 0 1 0 0 1 0 0 1 0 0 1 0 0 1 0 0 1 0 0 1 0 0 1 0 0 1 0 0 1 0 0 1 0 0 1 0 0 1 0 0 1 0 0 1 0 0 1 0 0 1 0 0 1 0 0 1 0 0 1 0 0 1 0 0 1 0 0 1 0 0 1 0 0 1 0 0 1 0 0 1 0 0 1 0 0 1 0 0 1 0 0 1 0 0 1 0 0 1 0 0 1 0 0 1 0 0 1 0 0 1 0 0 1 0 0 1 0 0 1 0 0 1 0 0 1 0 0 1 0 0 1 0 0 1 0 0 1 0 0 1 0 0 1 0 0 1 0 0 1 0 0 1 0 0 1 0 0 1 0 0 1 0 0 1 0 0 1 0 0 1 0 0 1 0 0 1 0 0 1 0 0 1 0 0 1 0 0 1 0 0 1 0 0 1 0 0 1 0 0 1 0 0 1 0 0 1 0 0 1 0 0 1 0 0 1 0 0 1 0 0 1 0 0 1 0 0 1 0 0 1 0 0 1 0 0 1 0 0 1 0 0 1 0 0 1 0 0 1 0 0 1 0 0 1 0 0 1 0 0 1 0 0 1 0 0 1 0 0 1 0 0 1 0 0 1 0 0 1 0 0 1 0 0 1 0 0 1 0 0 1 0 0 1 0 0 1 0 0 1 0 0 1 0 0 1 0 0 1 0 0 1 0 0 1 0 0 1 0 0 1 0 0 1 0 0 1 0 0 1 0 0 1 0 0 1 0 0 1 0 0 1 0 0 1 0 0 1 0 0 1 0 0 1 0 0 1 0 0 1 0 0 1 0 0 1 0 0 1 0 0 1 0 0 1 0 0 1 0 0 1 0 0 1 0 0 1 0 0 1 0 0 1 0 0 1 0 0 1 0 0 1 0 0 1 0 0 1 0 0 1 0 0 1 0 0</float_array>
          <technique_common>
            <accessor count="6000" source="#cubenormals-array0-array" stride="3">
              <param type="float" name="X"/>
              <param type="float" name="Y"/>
              <param type="float" name="Z"/>
            </accessor>
          </technique_common>
        </source>
        <vertices id="cubeverts-array0-vertices">
          <input semantic="POSITION" source="#cubeverts-array0"/>
        </vertices>
        <triangles count="6000" material="ref_CasterWheel1_shape001">
          <input offset="0" semantic="VERTEX" source="#cubeverts-array0-vertices"/>
          <input offset="1" semantic="NORMAL" source="#cubenormals-array0"/>
          <p>0 0 1 0 2 0 3 1 1 1 0 1 4 2 5 2 0 2 0 3 5 3 3 3 1 4 6 4 2 4 2 5 6 5 7 5 4 6 8 6 5 6 9 7 8 7 4 7 6 8 10 8 7 8 7 9 10 9 11 9 12 10 13 10 9 10 9 11 13 11 8 11 10 12 14 12 11 12 11 13 14 13 15 13 12 14 16 14 13 14 17 15 16 15 12 15 14 16 18 16 15 16 19 17 18 17 20 17 15 18 18 18 19 18 21 19 22 19 17 19 17 20 22 20 16 20 18 21 23 21 20 21 21 22 24 22 22 22 25 23 24 23 21 23 23 24 26 24 20 24 27 25 26 25 28 25 20 26 26 26 27 26 25 27 29 27 24 27 30 28 29 28 25 28 31 29 29 29 30 29 26 30 32 30 28 30 31 31 33 31 29 31 32 32 34 32 28 32 28 33 34 33 35 33 31 34 36 34 33 34 37 35 36 35 31 35 38 36 39 36 40 36 35 37 39 37 38 37 34 38 39 38 35 38 37 39 41 39 36 39 42 40 41 40 37 40 39 41 43 41 40 41 42 42 44 42 41 42 45 43 44 43 42 43 43 44 46 44 40 44 40 45 46 45 47 45 45 46 48 46 44 46 49 47 48 47 45 47 47 48 50 48 51 48 46 49 50 49 47 49 49 50 52 50 48 50 53 51 52 51 49 51 51 52 54 52 55 52 50 53 54 53 51 53 53 54 56 54 52 54 57 55 56 55 53 55 54 56 58 56 55 56 55 57 58 57 59 57 57 58 60 58 56 58 61 59 60 59 57 59 59 60 62 60 63 60 58 61 62 61 59 61 61 62 64 62 60 62 65 63 64 63 61 63 62 64 66 64 63 64 63 65 66 65 67 65 65 66 68 66 64 66 69 67 68 67 65 67 66 68 70 68 67 68 71 69 70 69 72 69 67 70 70 70 71 70 69 71 73 71 68 71 74 72 73 72 69 72 70 73 75 73 72 73 74 74 76 74 73 74 77 75 76 75 74 75 72 76 78 76 79 76 75 77 78 77 72 77 77 78 80 78 76 78 81 79 80 79 77 79 82 80 80 80 81 80 78 81 83 81 79 81 79 82 83 82 84 82 82 83 85 83 80 83 83 84 86 84 84 84 84 85 86 85 87 85 88 86 89 86 82 86 82 87 89 87 85 87 86 88 90 88 87 88 87 89 90 89 91 89 92 90 93 90 88 90 88 91 93 91 89 91 90 92 94 92 91 92 95 93 94 93 96 93 91 94 94 94 95 94 97 95 98 95 92 95 92 96 98 96 93 96 94 97 99 97 96 97 100 98 101 98 97 98 97 99 101 99 98 99 99 100 102 100 96 100 96 101 102 101 103 101 104 102 105 102 100 102 100 103 105 103 101 103 103 104 106 104 107 104 102 105 106 105 103 105 108 106 109 106 104 106 104 107 109 107 105 107 107 108 110 108 111 108 106 109 110 109 107 109 112 110 113 110 108 110 114 111 113 111 112 111 108 112 113 112 109 112 110 113 115 113 111 113 111 114 115 114 116 114 114 115 117 115 113 115 116 116 118 116 119 116 115 117 118 117 116 117 118 118 120 118 119 118 121 119 122 119 114 119 114 120 122 120 117 120 118 121 123 121 120 121 124 122 125 122 121 122 121 123 125 123 122 123 123 124 126 124 120 124 127 125 126 125 123 125 124 126 128 126 125 126 125 127 128 127 129 127 127 128 130 128 126 128 131 129 130 129 132 129 132 130 130 130 127 130 128 131 133 131 129 131 129 132 133 132 134 132 134 133 133 133 135 133 131 134 136 134 130 134 133 135 137 135 135 135 131 136 138 136 136 136 139 137 138 137 131 137 137 138 140 138 135 138 135 139 140 139 141 139 141 140 140 140 142 140 139 141 143 141 138 141 144 142 143 142 139 142 140 143 145 143 142 143 144 144 146 144 143 144 147 145 146 145 144 145 142 146 148 146 149 146 149 147 148 147 150 147 145 148 148 148 142 148 151 149 152 149 147 149 147 150 152 150 146 150 148 151 153 151 150 151 154 152 155 152 156 152 156 153 155 153 151 153 151 154 155 154 152 154 150 155 157 155 158 155 158 156 157 156 159 156 153 157 157 157 150 157 154 158 160 158 155 158 157 159 161 159 159 159 154 160 162 160 160 160 163 161 162 161 154 161 159 162 164 162 165 162 161 163 164 163 159 163 163 164 166 164 162 164 167 165 166 165 163 165 165 166 168 166 169 166 164 167 168 167 165 167 170 168 171 168 172 168 172 169 171 169 167 169 167 170 171 170 166 170 169 171 173 171 174 171 168 172 173 172 169 172 175 173 176 173 170 173 170 174 176 174 171 174 174 175 177 175 178 175 173 176 177 176 174 176 175 177 179 177 176 177 178 178 180 178 181 178 177 179 180 179 178 179 182 180 183 180 175 180 175 181 183 181 179 181 181 182 184 182 185 182 180 183 184 183 181 183 186 184 187 184 182 184 182 185 187 185 183 185 188 186 189 186 190 186 185 187 189 187 188 187 184 188 189 188 185 188 191 189 192 189 193 189 193 190 192 190 186 190 186 191 192 191 187 191 189 192 194 192 190 192 195 193 196 193 191 193 191 194 196 194 192 194 190 195 197 195 198 195 194 196 197 196 190 196 195 197 199 197 196 197 198 198 200 198 201 198 201 199 200 199 202 199 197 200 200 200 198 200 195 201 203 201 199 201 204 202 203 202 195 202 200 203 205 203 202 203 204 204 206 204 203 204 207 205 206 205 208 205 208 206 206 206 204 206 205 207 209 207 202 207 202 208 209 208 210 208 210 209 209 209 211 209 207 210 212 210 206 210 209 211 213 211 211 211 207 212 214 212 212 212 215 213 214 213 207 213 213 214 216 214 211 214 211 215 216 215 217 215 217 216 216 216 218 216 215 217 219 217 214 217 220 218 219 218 221 218 221 219 219 219 215 219 216 220 222 220 218 220 220 221 223 221 219 221 222 222 224 222 218 222 218 223 224 223 225 223 225 224 224 224 226 224 220 225 227 225 223 225 228 226 227 226 220 226 224 227 229 227 226 227 228 228 230 228 227 228 231 229 230 229 228 229 229 230 232 230 226 230 226 231 232 231 233 231 233 232 232 232 234 232 231 233 235 233 230 233 236 234 235 234 231 234 232 235 237 235 234 235 236 236 238 236 235 236 239 237 238 237 236 237 237 238 240 238 234 238 234 239 240 239 241 239 239 240 242 240 238 240 243 241 242 241 239 241 240 242 244 242 241 242 241 243 244 243 245 243 246 244 247 244 243 244 243 245 247 245 242 245 245 246 248 246 249 246 244 247 248 247 245 247 249 248 250 248 251 248 251 249 250 249 246 249 246 250 250 250 247 250 248 251 250 251 249 251 252 252 253 252 189 252 189 253 253 253 194 253 194 254 254 254 197 254 253 255 254 255 194 255 197 256 255 256 200 256 254 257 255 257 197 257 200 258 256 258 205 258 255 259 256 259 200 259 205 260 257 260 209 260 256 261 257 261 205 261 209 262 258 262 213 262 257 263 258 263 209 263 213 264 259 264 216 264 258 265 259 265 213 265 216 266 260 266 222 266 259 267 260 267 216 267 222 268 261 268 224 268 260 269 261 269 222 269 224 270 262 270 229 270 261 271 262 271 224 271 262 272 263 272 229 272 229 273 263 273 232 273 263 274 264 274 232 274 232 275 264 275 237 275 264 276 265 276 237 276 237 277 265 277 240 277 265 278 266 278 240 278 240 279 266 279 244 279 266 280 267 280 244 280 244 281 267 281 248 281 267 282 268 282 248 282 248 283 268 283 250 283 268 284 269 284 250 284 250 285 269 285 247 285 269 286 270 286 247 286 247 287 270 287 242 287 270 288 271 288 242 288 242 289 271 289 238 289 271 290 272 290 238 290 238 291 272 291 235 291 272 292 273 292 235 292 235 293 273 293 230 293 273 294 274 294 230 294 230 295 274 295 227 295 227 296 275 296 223 296 274 297 275 297 227 297 223 298 276 298 219 298 275 299 276 299 223 299 219 300 277 300 214 300 276 301 277 301 219 301 214 302 278 302 212 302 277 303 278 303 214 303 212 304 279 304 206 304 278 305 279 305 212 305 206 306 280 306 203 306 203 307 280 307 199 307 279 308 280 308 206 308 280 309 281 309 199 309 199 310 282 310 196 310 281 311 282 311 199 311 196 312 283 312 192 312 282 313 283 313 196 313 192 314 284 314 187 314 283 315 284 315 192 315 187 316 285 316 183 316 284 317 285 317 187 317 183 318 286 318 179 318 285 319 286 319 183 319 179 320 287 320 176 320 286 321 287 321 179 321 176 322 288 322 171 322 287 323 288 323 176 323 288 324 289 324 171 324 171 325 289 325 166 325 289 326 290 326 166 326 166 327 290 327 162 327 290 328 291 328 162 328 162 329 291 329 160 329 291 330 292 330 160 330 160 331 292 331 155 331 292 332 293 332 155 332 155 333 293 333 152 333 293 334 294 334 152 334 152 335 294 335 146 335 294 336 295 336 146 336 146 337 295 337 143 337 295 338 296 338 143 338 143 339 296 339 138 339 296 340 297 340 138 340 138 341 297 341 136 341 297 342 298 342 136 342 136 343 298 343 130 343 298 344 299 344 130 344 130 345 299 345 126 345 299 346 300 346 126 346 126 347 300 347 120 347 300 348 301 348 120 348 120 349 301 349 119 349 301 350 302 350 119 350 119 351 302 351 116 351 302 352 303 352 116 352 116 353 303 353 111 353 303 354 304 354 111 354 111 355 304 355 107 355 304 356 305 356 107 356 107 357 305 357 103 357 305 358 306 358 103 358 103 359 306 359 96 359 306 360 307 360 96 360 96 361 307 361 95 361 307 362 308 362 95 362 95 363 308 363 91 363 308 364 309 364 91 364 91 365 309 365 87 365 87 366 310 366 84 366 309 367 310 367 87 367 84 368 311 368 79 368 310 369 311 369 84 369 79 370 312 370 72 370 311 371 312 371 79 371 72 372 313 372 71 372 312 373 313 373 72 373 313 374 314 374 71 374 71 375 314 375 67 375 314 376 315 376 67 376 67 377 315 377 63 377 315 378 316 378 63 378 63 379 316 379 59 379 316 380 317 380 59 380 59 381 317 381 55 381 317 382 318 382 55 382 55 383 318 383 51 383 318 384 319 384 51 384 51 385 319 385 47 385 47 386 319 386 40 386 319 387 320 387 40 387 320 388 321 388 40 388 40 389 321 389 38 389 321 390 322 390 38 390 38 391 322 391 35 391 322 392 323 392 35 392 35 393 323 393 28 393 323 394 324 394 28 394 28 395 324 395 27 395 324 396 325 396 27 396 27 397 325 397 20 397 20 398 326 398 19 398 325 399 326 399 20 399 19 400 327 400 15 400 326 401 327 401 19 401 15 402 328 402 11 402 327 403 328 403 15 403 11 404 329 404 7 404 328 405 329 405 11 405 7 406 330 406 2 406 329 407 330 407 7 407 2 408 331 408 0 408 330 409 331 409 2 409 0 410 332 410 4 410 331 411 332 411 0 411 4 412 333 412 9 412 332 413 333 413 4 413 9 414 334 414 12 414 333 415 334 415 9 415 12 416 335 416 17 416 334 417 335 417 12 417 17 418 336 418 21 418 335 419 336 419 17 419 21 420 337 420 25 420 336 421 337 421 21 421 25 422 338 422 30 422 337 423 338 423 25 423 30 424 339 424 31 424 338 425 339 425 30 425 339 426 340 426 31 426 31 427 340 427 37 427 340 428 341 428 37 428 37 429 341 429 42 429 341 430 342 430 42 430 42 431 342 431 45 431 342 432 343 432 45 432 45 433 343 433 49 433 49 434 344 434 53 434 343 435 344 435 49 435 53 436 345 436 57 436 344 437 345 437 53 437 57 438 346 438 61 438 345 439 346 439 57 439 61 440 347 440 65 440 346 441 347 441 61 441 65 442 348 442 69 442 347 443 348 443 65 443 69 444 349 444 74 444 348 445 349 445 69 445 74 446 350 446 77 446 349 447 350 447 74 447 77 448 351 448 81 448 350 449 351 449 77 449 81 450 352 450 82 450 351 451 352 451 81 451 82 452 353 452 88 452 352 453 353 453 82 453 88 454 354 454 92 454 353 455 354 455 88 455 92 456 355 456 97 456 97 457 355 457 100 457 354 458 355 458 92 458 355 459 356 459 100 459 100 460 356 460 104 460 356 461 357 461 104 461 104 462 358 462 108 462 357 463 358 463 104 463 108 464 359 464 112 464 358 465 359 465 108 465 112 466 360 466 114 466 359 467 360 467 112 467 114 468 361 468 121 468 121 469 361 469 124 469 360 470 361 470 114 470 361 471 362 471 124 471 124 472 363 472 128 472 362 473 363 473 124 473 128 474 364 474 133 474 363 475 364 475 128 475 364 476 365 476 133 476 133 477 365 477 137 477 365 478 366 478 137 478 137 479 366 479 140 479 140 480 366 480 145 480 366 481 367 481 145 481 367 482 368 482 145 482 145 483 368 483 148 483 148 484 368 484 153 484 368 485 369 485 153 485 369 486 370 486 153 486 153 487 370 487 157 487 370 488 371 488 157 488 157 489 371 489 161 489 371 490 372 490 161 490 161 491 372 491 164 491 372 492 373 492 164 492 164 493 373 493 168 493 373 494 374 494 168 494 168 495 374 495 173 495 173 496 374 496 177 496 374 497 375 497 177 497 375 498 376 498 177 498 177 499 376 499 180 499 376 500 377 500 180 500 180 501 377 501 184 501 377 502 252 502 184 502 184 503 252 503 189 503 378 504 379 504 380 504 380 505 379 505 381 505 381 506 382 506 383 506 379 507 382 507 381 507 383 508 384 508 385 508 382 509 384 509 383 509 385 510 386 510 387 510 384 511 386 511 385 511 387 512 388 512 389 512 386 513 388 513 387 513 389 514 390 514 391 514 388 515 390 515 389 515 391 516 392 516 393 516 390 517 392 517 391 517 393 518 394 518 395 518 392 519 394 519 393 519 395 520 396 520 397 520 394 521 396 521 395 521 397 522 398 522 399 522 396 523 398 523 397 523 398 524 400 524 399 524 399 525 400 525 401 525 400 526 402 526 401 526 401 527 402 527 403 527 402 528 404 528 403 528 403 529 404 529 405 529 404 530 406 530 405 530 405 531 406 531 407 531 406 532 408 532 407 532 407 533 408 533 409 533 408 534 410 534 409 534 409 535 410 535 411 535 410 536 412 536 411 536 411 537 412 537 413 537 412 538 414 538 413 538 413 539 414 539 415 539 414 540 416 540 415 540 415 541 416 541 417 541 416 542 418 542 417 542 417 543 418 543 419 543 418 544 420 544 419 544 419 545 420 545 421 545 420 546 422 546 421 546 421 547 422 547 423 547 423 548 424 548 425 548 422 549 424 549 423 549 425 550 426 550 427 550 424 551 426 551 425 551 427 552 428 552 429 552 426 553 428 553 427 553 429 554 430 554 431 554 428 555 430 555 429 555 431 556 432 556 433 556 430 557 432 557 431 557 433 558 434 558 435 558 432 559 434 559 433 559 435 560 436 560 437 560 434 561 436 561 435 561 437 562 438 562 439 562 436 563 438 563 437 563 439 564 440 564 441 564 441 565 440 565 442 565 438 566 440 566 439 566 442 567 443 567 444 567 440 568 443 568 442 568 443 569 445 569 444 569 444 570 446 570 447 570 445 571 446 571 444 571 447 572 448 572 449 572 449 573 448 573 450 573 446 574 448 574 447 574 448 575 451 575 450 575 451 576 452 576 450 576 450 577 452 577 453 577 453 578 452 578 454 578 452 579 455 579 454 579 455 580 456 580 454 580 454 581 456 581 457 581 457 582 456 582 458 582 456 583 459 583 458 583 459 584 460 584 458 584 458 585 460 585 461 585 460 586 462 586 461 586 461 587 462 587 463 587 462 588 464 588 463 588 463 589 464 589 465 589 464 590 466 590 465 590 465 591 466 591 467 591 466 592 468 592 467 592 467 593 468 593 469 593 469 594 468 594 470 594 468 595 471 595 470 595 471 596 472 596 470 596 470 597 472 597 473 597 472 598 474 598 473 598 473 599 474 599 475 599 475 600 474 600 476 600 474 601 477 601 476 601 477 602 478 602 476 602 476 603 478 603 479 603 478 604 480 604 479 604 479 605 480 605 481 605 481 606 480 606 482 606 480 607 483 607 482 607 483 608 484 608 482 608 482 609 484 609 485 609 484 610 486 610 485 610 485 611 486 611 487 611 486 612 488 612 487 612 487 613 488 613 489 613 488 614 490 614 489 614 489 615 490 615 491 615 490 616 492 616 491 616 491 617 492 617 493 617 493 618 494 618 495 618 492 619 494 619 493 619 495 620 496 620 497 620 494 621 496 621 495 621 497 622 498 622 499 622 496 623 498 623 497 623 499 624 500 624 501 624 498 625 500 625 499 625 500 626 502 626 501 626 501 627 502 627 503 627 503 628 502 628 504 628 502 629 505 629 504 629 505 630 506 630 504 630 504 631 506 631 507 631 506 632 508 632 507 632 507 633 508 633 509 633 509 634 508 634 510 634 508 635 511 635 510 635 510 636 511 636 512 636 511 637 513 637 512 637 513 638 514 638 512 638 512 639 514 639 515 639 514 640 516 640 515 640 515 641 516 641 517 641 516 642 518 642 517 642 517 643 518 643 519 643 518 644 520 644 519 644 519 645 520 645 521 645 520 646 522 646 521 646 521 647 522 647 523 647 524 648 525 648 526 648 522 649 525 649 523 649 523 650 525 650 524 650 525 651 527 651 526 651 526 652 528 652 529 652 527 653 528 653 526 653 529 654 530 654 531 654 528 655 530 655 529 655 531 656 532 656 533 656 530 657 532 657 531 657 533 658 534 658 535 658 532 659 534 659 533 659 535 660 536 660 537 660 534 661 536 661 535 661 537 662 538 662 539 662 536 663 538 663 537 663 539 664 540 664 541 664 541 665 540 665 542 665 538 666 540 666 539 666 542 667 543 667 544 667 540 668 543 668 542 668 544 669 545 669 546 669 543 670 545 670 544 670 545 671 547 671 546 671 546 672 548 672 549 672 549 673 548 673 550 673 547 674 548 674 546 674 548 675 551 675 550 675 550 676 552 676 553 676 551 677 552 677 550 677 552 678 554 678 553 678 553 679 554 679 555 679 555 680 554 680 556 680 554 681 557 681 556 681 557 682 558 682 556 682 556 683 558 683 559 683 559 684 558 684 560 684 558 685 561 685 560 685 560 686 561 686 562 686 561 687 563 687 562 687 562 688 564 688 565 688 563 689 564 689 562 689 565 690 566 690 567 690 564 691 566 691 565 691 567 692 568 692 569 692 569 693 568 693 570 693 566 694 568 694 567 694 568 695 571 695 570 695 570 696 571 696 572 696 571 697 573 697 572 697 572 698 574 698 575 698 575 699 574 699 576 699 573 700 574 700 572 700 574 701 577 701 576 701 576 702 578 702 579 702 577 703 578 703 576 703 579 704 580 704 581 704 578 705 580 705 579 705 581 706 582 706 583 706 583 707 582 707 584 707 580 708 582 708 581 708 582 709 585 709 584 709 584 710 586 710 587 710 587 711 586 711 588 711 585 712 586 712 584 712 588 713 589 713 590 713 586 714 589 714 588 714 589 715 591 715 590 715 590 716 592 716 593 716 591 717 592 717 590 717 593 718 594 718 595 718 592 719 594 719 593 719 595 720 596 720 597 720 597 721 596 721 598 721 594 722 596 722 595 722 598 723 599 723 600 723 596 724 599 724 598 724 599 725 601 725 600 725 601 726 602 726 600 726 600 727 602 727 603 727 603 728 602 728 604 728 602 729 605 729 604 729 605 730 606 730 604 730 604 731 606 731 607 731 606 732 608 732 607 732 607 733 608 733 609 733 609 734 608 734 610 734 608 735 611 735 610 735 611 736 612 736 610 736 610 737 612 737 613 737 613 738 612 738 614 738 612 739 615 739 614 739 614 740 615 740 616 740 615 741 617 741 616 741 617 742 618 742 616 742 616 743 618 743 619 743 619 744 618 744 620 744 618 745 621 745 620 745 621 746 622 746 620 746 620 747 622 747 623 747 622 748 624 748 623 748 623 749 624 749 625 749 625 750 624 750 626 750 624 751 627 751 626 751 626 752 628 752 629 752 629 753 628 753 380 753 627 754 628 754 626 754 628 755 378 755 380 755 630 756 631 756 472 756 472 757 631 757 474 757 472 758 632 758 630 758 471 759 632 759 472 759 631 760 633 760 474 760 474 761 633 761 477 761 471 762 634 762 632 762 468 763 634 763 471 763 633 764 635 764 477 764 477 765 635 765 478 765 468 766 636 766 634 766 466 767 636 767 468 767 478 768 637 768 480 768 635 769 637 769 478 769 462 770 638 770 464 770 464 771 638 771 466 771 466 772 638 772 636 772 480 773 639 773 483 773 637 774 639 774 480 774 462 775 640 775 638 775 483 776 641 776 484 776 639 777 641 777 483 777 462 778 642 778 640 778 459 779 642 779 460 779 460 780 642 780 462 780 484 781 643 781 486 781 641 782 643 782 484 782 459 783 644 783 642 783 486 784 645 784 488 784 643 785 645 785 486 785 459 786 646 786 644 786 455 787 646 787 456 787 456 788 646 788 459 788 488 789 647 789 490 789 645 790 647 790 488 790 455 791 648 791 646 791 490 792 649 792 492 792 647 793 649 793 490 793 452 794 650 794 455 794 455 795 650 795 648 795 492 796 651 796 494 796 494 797 651 797 496 797 649 798 651 798 492 798 451 799 652 799 452 799 452 800 652 800 650 800 496 801 653 801 498 801 651 802 653 802 496 802 451 803 654 803 652 803 446 804 654 804 448 804 448 805 654 805 451 805 653 806 655 806 498 806 446 807 656 807 654 807 498 808 657 808 500 808 655 809 657 809 498 809 445 810 658 810 446 810 446 811 658 811 656 811 657 812 659 812 500 812 500 813 659 813 502 813 445 814 660 814 658 814 443 815 660 815 445 815 502 816 661 816 505 816 659 817 661 817 502 817 440 818 662 818 443 818 443 819 662 819 660 819 661 820 663 820 505 820 505 821 663 821 506 821 438 822 664 822 440 822 440 823 664 823 662 823 663 824 665 824 506 824 506 825 665 825 508 825 438 826 666 826 664 826 436 827 666 827 438 827 508 828 667 828 511 828 665 829 667 829 508 829 436 830 668 830 666 830 434 831 668 831 436 831 511 832 669 832 513 832 667 833 669 833 511 833 432 834 670 834 434 834 434 835 670 835 668 835 669 836 671 836 513 836 513 837 671 837 514 837 428 838 672 838 430 838 430 839 672 839 432 839 432 840 672 840 670 840 671 841 673 841 514 841 514 842 673 842 516 842 428 843 674 843 672 843 673 844 675 844 516 844 516 845 675 845 518 845 426 846 676 846 428 846 428 847 676 847 674 847 518 848 677 848 520 848 675 849 677 849 518 849 424 850 678 850 426 850 426 851 678 851 676 851 677 852 679 852 520 852 520 853 679 853 522 853 422 854 680 854 424 854 424 855 680 855 678 855 679 856 681 856 522 856 522 857 681 857 525 857 420 858 682 858 422 858 422 859 682 859 680 859 681 860 683 860 525 860 525 861 683 861 527 861 418 862 684 862 420 862 420 863 684 863 682 863 683 864 685 864 527 864 527 865 685 865 528 865 416 866 686 866 418 866 418 867 686 867 684 867 528 868 687 868 530 868 685 869 687 869 528 869 414 870 688 870 416 870 416 871 688 871 686 871 530 872 689 872 532 872 687 873 689 873 530 873 412 874 690 874 414 874 414 875 690 875 688 875 689 876 691 876 532 876 532 877 691 877 534 877 412 878 410 878 690 878 410 879 692 879 690 879 691 880 693 880 534 880 693 881 536 881 534 881 410 882 694 882 692 882 693 883 695 883 536 883 410 884 408 884 694 884 695 885 538 885 536 885 408 886 406 886 694 886 696 887 406 887 697 887 694 888 406 888 696 888 698 889 540 889 695 889 699 890 540 890 698 890 695 891 540 891 538 891 406 892 404 892 697 892 699 893 543 893 540 893 404 894 402 894 697 894 700 895 402 895 701 895 697 896 402 896 700 896 702 897 545 897 699 897 699 898 545 898 543 898 402 899 400 899 701 899 703 900 547 900 702 900 702 901 547 901 545 901 701 902 398 902 704 902 400 903 398 903 701 903 705 904 548 904 703 904 703 905 548 905 547 905 398 906 396 906 704 906 704 907 396 907 706 907 707 908 551 908 705 908 705 909 551 909 548 909 708 910 394 910 709 910 706 911 394 911 708 911 396 912 394 912 706 912 710 913 552 913 707 913 707 914 552 914 551 914 394 915 392 915 709 915 710 916 554 916 552 916 711 917 554 917 710 917 709 918 390 918 712 918 392 919 390 919 709 919 713 920 557 920 711 920 714 921 557 921 713 921 711 922 557 922 554 922 390 923 388 923 712 923 715 924 388 924 716 924 712 925 388 925 715 925 714 926 558 926 557 926 388 927 386 927 716 927 717 928 561 928 714 928 714 929 561 929 558 929 716 930 384 930 718 930 386 931 384 931 716 931 719 932 563 932 717 932 720 933 563 933 719 933 717 934 563 934 561 934 721 935 382 935 722 935 718 936 382 936 721 936 384 937 382 937 718 937 720 938 564 938 563 938 722 939 379 939 723 939 382 940 379 940 722 940 724 941 566 941 720 941 725 942 566 942 724 942 720 943 566 943 564 943 379 944 378 944 723 944 726 945 568 945 725 945 725 946 568 946 566 946 727 947 628 947 728 947 723 948 628 948 727 948 378 949 628 949 723 949 726 950 571 950 568 950 628 951 627 951 728 951 729 952 573 952 726 952 726 953 573 953 571 953 730 954 624 954 731 954 728 955 624 955 730 955 627 956 624 956 728 956 732 957 574 957 729 957 729 958 574 958 573 958 624 959 622 959 731 959 733 960 577 960 732 960 732 961 577 961 574 961 622 962 621 962 731 962 734 963 621 963 735 963 731 964 621 964 734 964 733 965 578 965 577 965 736 966 578 966 733 966 621 967 618 967 735 967 736 968 580 968 578 968 737 969 580 969 736 969 738 970 580 970 737 970 618 971 617 971 735 971 739 972 617 972 740 972 735 973 617 973 739 973 738 974 582 974 580 974 617 975 615 975 740 975 738 976 585 976 582 976 741 977 585 977 738 977 615 978 612 978 740 978 742 979 612 979 743 979 740 980 612 980 742 980 741 981 586 981 585 981 744 982 586 982 741 982 612 983 611 983 743 983 743 984 611 984 745 984 744 985 589 985 586 985 746 986 589 986 744 986 611 987 608 987 745 987 745 988 608 988 747 988 748 989 591 989 746 989 746 990 591 990 589 990 608 991 606 991 747 991 749 992 592 992 748 992 748 993 592 993 591 993 606 994 605 994 747 994 750 995 605 995 751 995 747 996 605 996 750 996 752 997 594 997 749 997 749 998 594 998 592 998 605 999 602 999 751 999 752 1000 596 1000 594 1000 753 1001 596 1001 752 1001 751 1002 601 1002 754 1002 602 1003 601 1003 751 1003 755 1004 599 1004 753 1004 754 1005 599 1005 755 1005 753 1006 599 1006 596 1006 601 1007 599 1007 754 1007 299 1008 756 1008 757 1008 300 1009 757 1009 758 1009 300 1010 299 1010 757 1010 298 1011 759 1011 756 1011 298 1012 756 1012 299 1012 301 1013 300 1013 758 1013 301 1014 758 1014 760 1014 297 1015 761 1015 759 1015 297 1016 759 1016 298 1016 302 1017 760 1017 762 1017 302 1018 301 1018 760 1018 296 1019 763 1019 761 1019 296 1020 761 1020 297 1020 303 1021 762 1021 764 1021 303 1022 302 1022 762 1022 295 1023 765 1023 763 1023 295 1024 763 1024 296 1024 304 1025 764 1025 766 1025 304 1026 303 1026 764 1026 294 1027 767 1027 765 1027 294 1028 765 1028 295 1028 305 1029 766 1029 768 1029 305 1030 304 1030 766 1030 293 1031 769 1031 767 1031 293 1032 767 1032 294 1032 306 1033 768 1033 770 1033 306 1034 305 1034 768 1034 292 1035 771 1035 769 1035 292 1036 769 1036 293 1036 307 1037 770 1037 772 1037 307 1038 306 1038 770 1038 291 1039 773 1039 771 1039 291 1040 771 1040 292 1040 308 1041 772 1041 774 1041 308 1042 307 1042 772 1042 290 1043 775 1043 773 1043 290 1044 773 1044 291 1044 309 1045 774 1045 776 1045 309 1046 308 1046 774 1046 289 1047 777 1047 775 1047 289 1048 775 1048 290 1048 310 1049 309 1049 776 1049 310 1050 776 1050 778 1050 288 1051 777 1051 289 1051 288 1052 779 1052 777 1052 311 1053 778 1053 780 1053 311 1054 310 1054 778 1054 287 1055 779 1055 288 1055 287 1056 781 1056 779 1056 312 1057 780 1057 782 1057 312 1058 311 1058 780 1058 286 1059 781 1059 287 1059 286 1060 783 1060 781 1060 313 1061 782 1061 784 1061 313 1062 312 1062 782 1062 285 1063 783 1063 286 1063 285 1064 785 1064 783 1064 314 1065 784 1065 786 1065 314 1066 313 1066 784 1066 284 1067 785 1067 285 1067 284 1068 787 1068 785 1068 315 1069 788 1069 789 1069 315 1070 786 1070 788 1070 315 1071 314 1071 786 1071 283 1072 787 1072 284 1072 283 1073 790 1073 787 1073 316 1074 789 1074 791 1074 316 1075 315 1075 789 1075 282 1076 792 1076 790 1076 282 1077 790 1077 283 1077 317 1078 791 1078 793 1078 317 1079 316 1079 791 1079 281 1080 792 1080 282 1080 281 1081 794 1081 792 1081 318 1082 793 1082 795 1082 318 1083 317 1083 793 1083 280 1084 794 1084 281 1084 280 1085 796 1085 794 1085 319 1086 318 1086 795 1086 319 1087 795 1087 797 1087 279 1088 796 1088 280 1088 279 1089 798 1089 796 1089 320 1090 797 1090 799 1090 320 1091 319 1091 797 1091 278 1092 798 1092 279 1092 278 1093 800 1093 798 1093 321 1094 799 1094 801 1094 321 1095 320 1095 799 1095 277 1096 800 1096 278 1096 277 1097 802 1097 800 1097 322 1098 801 1098 803 1098 322 1099 321 1099 801 1099 276 1100 802 1100 277 1100 276 1101 804 1101 802 1101 323 1102 803 1102 805 1102 323 1103 322 1103 803 1103 275 1104 804 1104 276 1104 275 1105 806 1105 804 1105 324 1106 805 1106 807 1106 324 1107 323 1107 805 1107 274 1108 806 1108 275 1108 274 1109 808 1109 806 1109 325 1110 807 1110 809 1110 325 1111 324 1111 807 1111 273 1112 808 1112 274 1112 273 1113 810 1113 808 1113 326 1114 809 1114 811 1114 326 1115 325 1115 809 1115 272 1116 810 1116 273 1116 272 1117 812 1117 810 1117 327 1118 326 1118 811 1118 813 1119 327 1119 811 1119 271 1120 812 1120 272 1120 271 1121 814 1121 812 1121 328 1122 327 1122 813 1122 815 1123 328 1123 813 1123 270 1124 816 1124 814 1124 270 1125 814 1125 271 1125 329 1126 328 1126 815 1126 269 1127 816 1127 270 1127 817 1128 816 1128 269 1128 818 1129 329 1129 815 1129 330 1130 329 1130 818 1130 268 1131 817 1131 269 1131 819 1132 817 1132 268 1132 820 1133 330 1133 818 1133 331 1134 330 1134 820 1134 267 1135 819 1135 268 1135 821 1136 819 1136 267 1136 822 1137 332 1137 331 1137 822 1138 331 1138 820 1138 266 1139 821 1139 267 1139 823 1140 821 1140 266 1140 824 1141 332 1141 822 1141 824 1142 333 1142 332 1142 265 1143 823 1143 266 1143 825 1144 823 1144 265 1144 825 1145 265 1145 264 1145 826 1146 333 1146 824 1146 826 1147 334 1147 333 1147 827 1148 825 1148 264 1148 827 1149 264 1149 263 1149 828 1150 334 1150 826 1150 828 1151 335 1151 334 1151 829 1152 827 1152 263 1152 829 1153 263 1153 262 1153 830 1154 336 1154 335 1154 830 1155 335 1155 828 1155 831 1156 829 1156 262 1156 831 1157 262 1157 261 1157 832 1158 337 1158 336 1158 832 1159 336 1159 830 1159 833 1160 831 1160 261 1160 833 1161 261 1161 260 1161 834 1162 338 1162 337 1162 834 1163 337 1163 832 1163 835 1164 833 1164 260 1164 835 1165 260 1165 259 1165 836 1166 339 1166 338 1166 836 1167 338 1167 834 1167 837 1168 835 1168 259 1168 837 1169 259 1169 258 1169 838 1170 340 1170 339 1170 838 1171 339 1171 836 1171 839 1172 258 1172 257 1172 839 1173 837 1173 258 1173 840 1174 341 1174 340 1174 840 1175 340 1175 838 1175 841 1176 257 1176 256 1176 841 1177 839 1177 257 1177 842 1178 342 1178 341 1178 842 1179 341 1179 840 1179 843 1180 841 1180 256 1180 843 1181 256 1181 255 1181 844 1182 343 1182 342 1182 844 1183 342 1183 842 1183 845 1184 843 1184 255 1184 845 1185 255 1185 254 1185 846 1186 343 1186 844 1186 846 1187 344 1187 343 1187 847 1188 845 1188 254 1188 847 1189 254 1189 253 1189 848 1190 345 1190 344 1190 848 1191 344 1191 846 1191 849 1192 847 1192 253 1192 849 1193 253 1193 252 1193 850 1194 346 1194 345 1194 850 1195 345 1195 848 1195 851 1196 849 1196 252 1196 851 1197 252 1197 377 1197 852 1198 346 1198 850 1198 852 1199 347 1199 346 1199 853 1200 851 1200 377 1200 853 1201 377 1201 376 1201 854 1202 348 1202 347 1202 854 1203 347 1203 852 1203 855 1204 853 1204 376 1204 855 1205 376 1205 375 1205 856 1206 349 1206 348 1206 856 1207 348 1207 854 1207 857 1208 855 1208 375 1208 857 1209 375 1209 374 1209 858 1210 350 1210 349 1210 858 1211 349 1211 856 1211 859 1212 857 1212 374 1212 859 1213 374 1213 373 1213 860 1214 351 1214 350 1214 860 1215 350 1215 858 1215 861 1216 859 1216 373 1216 861 1217 373 1217 372 1217 862 1218 351 1218 860 1218 862 1219 352 1219 351 1219 863 1220 861 1220 372 1220 863 1221 372 1221 371 1221 864 1222 353 1222 352 1222 864 1223 352 1223 862 1223 865 1224 863 1224 371 1224 865 1225 371 1225 370 1225 866 1226 354 1226 353 1226 866 1227 353 1227 864 1227 867 1228 865 1228 370 1228 867 1229 370 1229 369 1229 868 1230 355 1230 354 1230 868 1231 354 1231 866 1231 869 1232 867 1232 369 1232 869 1233 369 1233 368 1233 870 1234 356 1234 355 1234 870 1235 355 1235 868 1235 871 1236 869 1236 368 1236 871 1237 368 1237 367 1237 872 1238 357 1238 356 1238 872 1239 356 1239 870 1239 873 1240 367 1240 366 1240 873 1241 871 1241 367 1241 874 1242 358 1242 357 1242 874 1243 357 1243 872 1243 875 1244 366 1244 365 1244 875 1245 873 1245 366 1245 876 1246 359 1246 358 1246 876 1247 358 1247 874 1247 877 1248 365 1248 364 1248 877 1249 875 1249 365 1249 878 1250 359 1250 876 1250 878 1251 360 1251 359 1251 879 1252 364 1252 363 1252 879 1253 877 1253 364 1253 880 1254 361 1254 360 1254 880 1255 360 1255 878 1255 881 1256 362 1256 361 1256 881 1257 361 1257 880 1257 882 1258 363 1258 362 1258 882 1259 362 1259 881 1259 882 1260 879 1260 363 1260 537 1261 883 1261 884 1261 535 1262 884 1262 885 1262 535 1263 537 1263 884 1263 539 1264 886 1264 883 1264 539 1265 883 1265 537 1265 533 1266 535 1266 885 1266 533 1267 885 1267 887 1267 541 1268 886 1268 539 1268 541 1269 888 1269 886 1269 531 1270 887 1270 889 1270 531 1271 533 1271 887 1271 542 1272 888 1272 541 1272 542 1273 890 1273 888 1273 529 1274 889 1274 891 1274 529 1275 531 1275 889 1275 544 1276 890 1276 542 1276 544 1277 892 1277 890 1277 526 1278 891 1278 893 1278 526 1279 529 1279 891 1279 546 1280 894 1280 892 1280 546 1281 892 1281 544 1281 524 1282 893 1282 895 1282 524 1283 526 1283 893 1283 549 1284 896 1284 894 1284 549 1285 894 1285 546 1285 523 1286 895 1286 897 1286 523 1287 524 1287 895 1287 550 1288 898 1288 896 1288 550 1289 896 1289 549 1289 521 1290 523 1290 897 1290 521 1291 897 1291 899 1291 553 1292 900 1292 898 1292 553 1293 898 1293 550 1293 519 1294 899 1294 901 1294 519 1295 521 1295 899 1295 555 1296 902 1296 900 1296 555 1297 900 1297 553 1297 517 1298 901 1298 903 1298 517 1299 519 1299 901 1299 556 1300 904 1300 902 1300 556 1301 902 1301 555 1301 515 1302 903 1302 905 1302 515 1303 517 1303 903 1303 559 1304 906 1304 904 1304 559 1305 904 1305 556 1305 512 1306 905 1306 907 1306 512 1307 515 1307 905 1307 560 1308 908 1308 906 1308 560 1309 906 1309 559 1309 510 1310 907 1310 909 1310 510 1311 512 1311 907 1311 562 1312 910 1312 908 1312 562 1313 908 1313 560 1313 509 1314 909 1314 911 1314 509 1315 510 1315 909 1315 565 1316 912 1316 910 1316 565 1317 910 1317 562 1317 507 1318 911 1318 913 1318 507 1319 509 1319 911 1319 567 1320 914 1320 912 1320 567 1321 912 1321 565 1321 504 1322 913 1322 915 1322 504 1323 915 1323 916 1323 504 1324 507 1324 913 1324 569 1325 917 1325 914 1325 569 1326 914 1326 567 1326 503 1327 916 1327 918 1327 503 1328 504 1328 916 1328 570 1329 919 1329 917 1329 570 1330 917 1330 569 1330 501 1331 503 1331 918 1331 501 1332 918 1332 920 1332 572 1333 921 1333 919 1333 572 1334 919 1334 570 1334 499 1335 501 1335 920 1335 499 1336 920 1336 922 1336 575 1337 923 1337 921 1337 575 1338 921 1338 572 1338 497 1339 922 1339 924 1339 497 1340 499 1340 922 1340 576 1341 923 1341 575 1341 576 1342 925 1342 923 1342 495 1343 924 1343 926 1343 495 1344 497 1344 924 1344 579 1345 925 1345 576 1345 579 1346 927 1346 925 1346 493 1347 926 1347 928 1347 493 1348 495 1348 926 1348 581 1349 927 1349 579 1349 581 1350 929 1350 927 1350 491 1351 928 1351 930 1351 491 1352 493 1352 928 1352 583 1353 931 1353 929 1353 583 1354 929 1354 581 1354 489 1355 930 1355 932 1355 489 1356 491 1356 930 1356 584 1357 933 1357 931 1357 584 1358 931 1358 583 1358 487 1359 932 1359 934 1359 487 1360 489 1360 932 1360 587 1361 933 1361 584 1361 587 1362 935 1362 933 1362 485 1363 487 1363 934 1363 485 1364 934 1364 936 1364 588 1365 935 1365 587 1365 588 1366 937 1366 935 1366 482 1367 936 1367 938 1367 482 1368 485 1368 936 1368 590 1369 939 1369 937 1369 590 1370 937 1370 588 1370 481 1371 482 1371 938 1371 940 1372 481 1372 938 1372 593 1373 939 1373 590 1373 941 1374 939 1374 593 1374 479 1375 481 1375 940 1375 942 1376 479 1376 940 1376 595 1377 941 1377 593 1377 943 1378 941 1378 595 1378 476 1379 479 1379 942 1379 597 1380 943 1380 595 1380 944 1381 476 1381 942 1381 475 1382 476 1382 944 1382 945 1383 943 1383 597 1383 598 1384 945 1384 597 1384 946 1385 475 1385 944 1385 473 1386 475 1386 946 1386 947 1387 945 1387 598 1387 600 1388 947 1388 598 1388 948 1389 473 1389 946 1389 470 1390 473 1390 948 1390 949 1391 600 1391 603 1391 949 1392 947 1392 600 1392 950 1393 470 1393 948 1393 950 1394 469 1394 470 1394 951 1395 949 1395 603 1395 951 1396 603 1396 604 1396 952 1397 467 1397 469 1397 952 1398 469 1398 950 1398 953 1399 604 1399 607 1399 953 1400 951 1400 604 1400 954 1401 467 1401 952 1401 954 1402 465 1402 467 1402 955 1403 953 1403 607 1403 955 1404 607 1404 609 1404 956 1405 463 1405 465 1405 956 1406 465 1406 954 1406 957 1407 955 1407 609 1407 957 1408 609 1408 610 1408 958 1409 463 1409 956 1409 958 1410 461 1410 463 1410 959 1411 957 1411 610 1411 959 1412 610 1412 613 1412 960 1413 458 1413 461 1413 960 1414 461 1414 958 1414 961 1415 959 1415 613 1415 961 1416 613 1416 614 1416 962 1417 457 1417 458 1417 962 1418 458 1418 960 1418 963 1419 961 1419 614 1419 963 1420 614 1420 616 1420 964 1421 454 1421 457 1421 964 1422 457 1422 962 1422 965 1423 616 1423 619 1423 965 1424 963 1424 616 1424 966 1425 453 1425 454 1425 966 1426 454 1426 964 1426 967 1427 619 1427 620 1427 967 1428 965 1428 619 1428 968 1429 450 1429 453 1429 968 1430 453 1430 966 1430 969 1431 967 1431 620 1431 969 1432 620 1432 623 1432 970 1433 449 1433 450 1433 970 1434 450 1434 968 1434 971 1435 623 1435 625 1435 971 1436 969 1436 623 1436 972 1437 447 1437 449 1437 972 1438 449 1438 970 1438 973 1439 971 1439 625 1439 973 1440 625 1440 626 1440 974 1441 447 1441 972 1441 974 1442 444 1442 447 1442 975 1443 973 1443 626 1443 975 1444 626 1444 629 1444 976 1445 444 1445 974 1445 976 1446 442 1446 444 1446 977 1447 975 1447 629 1447 977 1448 629 1448 380 1448 978 1449 442 1449 976 1449 978 1450 441 1450 442 1450 979 1451 977 1451 380 1451 979 1452 380 1452 381 1452 980 1453 441 1453 978 1453 980 1454 439 1454 441 1454 981 1455 979 1455 381 1455 981 1456 381 1456 383 1456 982 1457 437 1457 439 1457 982 1458 439 1458 980 1458 983 1459 981 1459 383 1459 983 1460 383 1460 385 1460 984 1461 435 1461 437 1461 984 1462 437 1462 982 1462 985 1463 983 1463 385 1463 985 1464 385 1464 387 1464 986 1465 433 1465 435 1465 986 1466 435 1466 984 1466 987 1467 985 1467 387 1467 987 1468 387 1468 389 1468 988 1469 433 1469 986 1469 988 1470 431 1470 433 1470 989 1471 987 1471 389 1471 989 1472 389 1472 391 1472 990 1473 431 1473 988 1473 990 1474 429 1474 431 1474 991 1475 989 1475 391 1475 991 1476 391 1476 393 1476 992 1477 427 1477 429 1477 992 1478 429 1478 990 1478 993 1479 393 1479 395 1479 993 1480 991 1480 393 1480 994 1481 425 1481 427 1481 994 1482 427 1482 992 1482 995 1483 993 1483 395 1483 995 1484 395 1484 397 1484 996 1485 423 1485 425 1485 996 1486 425 1486 994 1486 997 1487 995 1487 397 1487 997 1488 397 1488 399 1488 998 1489 421 1489 423 1489 998 1490 423 1490 996 1490 999 1491 997 1491 399 1491 999 1492 399 1492 401 1492 1000 1493 419 1493 421 1493 1000 1494 421 1494 998 1494 1001 1495 401 1495 403 1495 1001 1496 999 1496 401 1496 1002 1497 417 1497 419 1497 1002 1498 419 1498 1000 1498 1003 1499 403 1499 405 1499 1003 1500 1001 1500 403 1500 1004 1501 415 1501 417 1501 1004 1502 417 1502 1002 1502 1005 1503 405 1503 407 1503 1005 1504 1003 1504 405 1504 1006 1505 413 1505 415 1505 1006 1506 415 1506 1004 1506 1007 1507 407 1507 409 1507 1007 1508 1005 1508 407 1508 1008 1509 411 1509 413 1509 1008 1510 413 1510 1006 1510 1009 1511 409 1511 411 1511 1009 1512 411 1512 1008 1512 1009 1513 1007 1513 409 1513 978 1514 976 1514 1010 1514 1011 1515 785 1515 787 1515 978 1516 1010 1516 980 1516 1011 1517 787 1517 790 1517 976 1518 1012 1518 1010 1518 974 1519 1012 1519 976 1519 1013 1520 1012 1520 1014 1520 1010 1521 1012 1521 1013 1521 974 1522 1015 1522 1012 1522 972 1523 1015 1523 974 1523 1012 1524 1016 1524 1014 1524 1014 1525 1016 1525 1017 1525 1015 1526 1016 1526 1012 1526 1015 1527 1018 1527 1016 1527 972 1528 1018 1528 1015 1528 1018 1529 1019 1529 1016 1529 1018 1530 1020 1530 1019 1530 1020 1531 1021 1531 1019 1531 1022 1532 1023 1532 1024 1532 1024 1533 1025 1533 1026 1533 1023 1534 1025 1534 1024 1534 1025 1535 1027 1535 1026 1535 1027 1536 1028 1536 1026 1536 1026 1537 1028 1537 1029 1537 1030 1538 1031 1538 1028 1538 1029 1539 1031 1539 1032 1539 1028 1540 1031 1540 1029 1540 1023 1541 1033 1541 1025 1541 1028 1542 1033 1542 1030 1542 1027 1543 1033 1543 1028 1543 1034 1544 1033 1544 1023 1544 1025 1545 1033 1545 1027 1545 1031 1546 1035 1546 1032 1546 1030 1547 1035 1547 1031 1547 1032 1548 1035 1548 1036 1548 1035 1549 1037 1549 1036 1549 1030 1550 1037 1550 1035 1550 1036 1551 1037 1551 1038 1551 1037 1552 1039 1552 1038 1552 1038 1553 1040 1553 1041 1553 1039 1554 1040 1554 1038 1554 1040 1555 1042 1555 1041 1555 1041 1556 1042 1556 1043 1556 1037 1557 1044 1557 1039 1557 1040 1558 1044 1558 1042 1558 1030 1559 1044 1559 1037 1559 1039 1560 1044 1560 1040 1560 1044 1561 1045 1561 1042 1561 1011 1562 1046 1562 785 1562 1047 1563 1046 1563 1011 1563 1048 1564 1046 1564 1047 1564 785 1565 1046 1565 783 1565 1049 1566 1050 1566 1048 1566 1048 1567 1050 1567 1046 1567 1050 1568 1051 1568 1046 1568 783 1569 1051 1569 781 1569 1046 1570 1051 1570 783 1570 1052 1571 1053 1571 1050 1571 1051 1572 1053 1572 781 1572 1050 1573 1053 1573 1051 1573 1054 1574 1055 1574 1052 1574 1052 1575 1055 1575 1053 1575 984 1576 1056 1576 986 1576 984 1577 1057 1577 1056 1577 982 1578 1057 1578 984 1578 1058 1579 1059 1579 1060 1579 1061 1580 1062 1580 1058 1580 1058 1581 1062 1581 1059 1581 1063 1582 1064 1582 1061 1582 1061 1583 1064 1583 1062 1583 1065 1584 1066 1584 1063 1584 1063 1585 1066 1585 1064 1585 1065 1586 1067 1586 1066 1586 1056 1587 1067 1587 1065 1587 1057 1588 1068 1588 1056 1588 1017 1589 1068 1589 1014 1589 1067 1590 1068 1590 1017 1590 1056 1591 1068 1591 1067 1591 980 1592 1069 1592 982 1592 1010 1593 1069 1593 980 1593 1014 1594 1069 1594 1013 1594 1013 1595 1069 1595 1010 1595 1057 1596 1069 1596 1068 1596 1068 1597 1069 1597 1014 1597 982 1598 1069 1598 1057 1598 1070 1599 1071 1599 1072 1599 1073 1600 1074 1600 1070 1600 1070 1601 1074 1601 1071 1601 1073 1602 1075 1602 1074 1602 1060 1603 1075 1603 1073 1603 1059 1604 1076 1604 1060 1604 1062 1605 1076 1605 1059 1605 1060 1606 1076 1606 1075 1606 1077 1607 1078 1607 1079 1607 1077 1608 1080 1608 1078 1608 1080 1609 1081 1609 1078 1609 1080 1610 1082 1610 1081 1610 1082 1611 1083 1611 1081 1611 1082 1612 1084 1612 1083 1612 1084 1613 1085 1613 1083 1613 1085 1614 1086 1614 1083 1614 1084 1615 1087 1615 1085 1615 1085 1616 1087 1616 1086 1616 1087 1617 1088 1617 1086 1617 1087 1618 1089 1618 1088 1618 1089 1619 1090 1619 1088 1619 1089 1620 1091 1620 1090 1620 1091 1621 1092 1621 1090 1621 1091 1622 1093 1622 1092 1622 1093 1623 1094 1623 1092 1623 796 1624 1094 1624 794 1624 1048 1625 1095 1625 1049 1625 1093 1626 1095 1626 1094 1626 1049 1627 1095 1627 1093 1627 794 1628 1096 1628 792 1628 1094 1629 1096 1629 794 1629 1095 1630 1096 1630 1094 1630 1011 1631 1097 1631 1047 1631 1047 1632 1097 1632 1048 1632 792 1633 1097 1633 790 1633 790 1634 1097 1634 1011 1634 1096 1635 1097 1635 792 1635 1048 1636 1097 1636 1095 1636 1095 1637 1097 1637 1096 1637 972 1638 1098 1638 1018 1638 970 1639 1098 1639 972 1639 968 1640 1098 1640 970 1640 966 1641 1098 1641 968 1641 1020 1642 1098 1642 1021 1642 1018 1643 1098 1643 1020 1643 1021 1644 1099 1644 1019 1644 1019 1645 1099 1645 1016 1645 1016 1646 1099 1646 1017 1646 1100 1647 1099 1647 1101 1647 1102 1648 1099 1648 1100 1648 1017 1649 1099 1649 1102 1649 964 1650 1103 1650 966 1650 966 1651 1103 1651 1098 1651 1098 1652 1104 1652 1021 1652 1103 1653 1104 1653 1098 1653 1105 1654 1104 1654 1103 1654 1104 1655 1106 1655 1021 1655 1021 1656 1106 1656 1099 1656 1106 1657 1107 1657 1099 1657 1099 1658 1107 1658 1101 1658 1108 1659 1107 1659 1109 1659 1101 1660 1107 1660 1108 1660 1034 1661 1107 1661 1106 1661 1103 1662 1110 1662 1105 1662 964 1663 1110 1663 1103 1663 1107 1664 1111 1664 1109 1664 1034 1665 1111 1665 1107 1665 1109 1666 1111 1666 1022 1666 1023 1667 1111 1667 1034 1667 1022 1668 1111 1668 1023 1668 1105 1669 1112 1669 1113 1669 964 1670 1112 1670 1110 1670 1110 1671 1112 1671 1105 1671 1113 1672 1114 1672 1115 1672 962 1673 1114 1673 964 1673 1112 1674 1114 1674 1113 1674 964 1675 1114 1675 1112 1675 962 1676 1116 1676 1114 1676 1114 1677 1116 1677 1115 1677 962 1678 1117 1678 1116 1678 1115 1679 1117 1679 1118 1679 1116 1680 1117 1680 1115 1680 960 1681 1119 1681 962 1681 1118 1682 1119 1682 1120 1682 962 1683 1119 1683 1117 1683 1117 1684 1119 1684 1118 1684 960 1685 1121 1685 1119 1685 1119 1686 1121 1686 1120 1686 958 1687 1122 1687 960 1687 960 1688 1122 1688 1121 1688 1121 1689 1122 1689 1120 1689 1120 1690 1122 1690 1123 1690 1104 1691 1124 1691 1106 1691 1105 1692 1124 1692 1104 1692 1106 1693 1124 1693 1034 1693 958 1694 1125 1694 1122 1694 956 1695 1125 1695 958 1695 1122 1696 1125 1696 1123 1696 956 1697 1126 1697 1125 1697 1125 1698 1126 1698 1123 1698 1126 1699 1127 1699 1123 1699 1123 1700 1127 1700 1128 1700 956 1701 1127 1701 1126 1701 1127 1702 1129 1702 1128 1702 956 1703 1129 1703 1127 1703 1128 1704 1129 1704 1130 1704 954 1705 1129 1705 956 1705 1129 1706 1131 1706 1130 1706 954 1707 1131 1707 1129 1707 1130 1708 1132 1708 1133 1708 1131 1709 1132 1709 1130 1709 954 1710 1132 1710 1131 1710 954 1711 1134 1711 1132 1711 1132 1712 1134 1712 1133 1712 952 1713 1134 1713 954 1713 1133 1714 1134 1714 1135 1714 952 1715 1136 1715 1134 1715 1134 1716 1136 1716 1135 1716 952 1717 1137 1717 1136 1717 950 1718 1137 1718 952 1718 1136 1719 1137 1719 1135 1719 1135 1720 1137 1720 1138 1720 1113 1721 1139 1721 1105 1721 1105 1722 1139 1722 1124 1722 1034 1723 1140 1723 1033 1723 1124 1724 1140 1724 1034 1724 1139 1725 1140 1725 1124 1725 1141 1726 1140 1726 1139 1726 1115 1727 1142 1727 1113 1727 1113 1728 1142 1728 1139 1728 1139 1729 1142 1729 1141 1729 1141 1730 1143 1730 1140 1730 1033 1731 1143 1731 1030 1731 1140 1732 1143 1732 1033 1732 1115 1733 1144 1733 1142 1733 1142 1734 1144 1734 1141 1734 950 1735 1145 1735 1137 1735 948 1736 1145 1736 950 1736 1137 1737 1145 1737 1138 1737 1118 1738 1146 1738 1115 1738 1144 1739 1146 1739 1141 1739 1115 1740 1146 1740 1144 1740 1146 1741 1147 1741 1141 1741 1120 1742 1147 1742 1118 1742 1118 1743 1147 1743 1146 1743 1141 1744 1147 1744 1148 1744 1145 1745 1149 1745 1138 1745 948 1746 1149 1746 1145 1746 1138 1747 1150 1747 1151 1747 948 1748 1150 1748 1149 1748 1149 1749 1150 1749 1138 1749 946 1750 1152 1750 948 1750 1150 1751 1152 1751 1151 1751 948 1752 1152 1752 1150 1752 1151 1753 1152 1753 1153 1753 1042 1754 1154 1754 1043 1754 1045 1755 1154 1755 1042 1755 1043 1756 1154 1756 1155 1756 946 1757 1156 1757 1152 1757 1152 1758 1156 1758 1153 1758 1120 1759 1157 1759 1147 1759 1147 1760 1157 1760 1148 1760 946 1761 1158 1761 1156 1761 1153 1762 1158 1762 1159 1762 1156 1763 1158 1763 1153 1763 1154 1764 1160 1764 1155 1764 1161 1765 1160 1765 1162 1765 1155 1766 1160 1766 1161 1766 1045 1767 1160 1767 1154 1767 946 1768 1163 1768 1158 1768 944 1769 1163 1769 946 1769 1158 1770 1163 1770 1159 1770 1159 1771 1163 1771 1164 1771 944 1772 1165 1772 1163 1772 1163 1773 1165 1773 1164 1773 1157 1774 1166 1774 1148 1774 1120 1775 1166 1775 1157 1775 1148 1776 1166 1776 1167 1776 1123 1777 1166 1777 1120 1777 1141 1778 1168 1778 1143 1778 1143 1779 1168 1779 1030 1779 1030 1780 1168 1780 1044 1780 1044 1781 1169 1781 1045 1781 1168 1782 1169 1782 1044 1782 1141 1783 1169 1783 1168 1783 942 1784 1170 1784 944 1784 1165 1785 1170 1785 1164 1785 944 1786 1170 1786 1165 1786 1128 1787 1171 1787 1123 1787 1166 1788 1171 1788 1167 1788 1123 1789 1171 1789 1166 1789 1128 1790 1172 1790 1171 1790 1130 1791 1172 1791 1128 1791 1171 1792 1172 1792 1167 1792 1164 1793 1173 1793 1174 1793 1170 1794 1173 1794 1164 1794 940 1795 1173 1795 942 1795 942 1796 1173 1796 1170 1796 1130 1797 1175 1797 1172 1797 1172 1798 1175 1798 1167 1798 1133 1799 1176 1799 1130 1799 1175 1800 1176 1800 1167 1800 1130 1801 1176 1801 1175 1801 1173 1802 1177 1802 1174 1802 940 1803 1177 1803 1173 1803 1167 1804 1178 1804 1179 1804 1135 1805 1178 1805 1133 1805 1176 1806 1178 1806 1167 1806 1133 1807 1178 1807 1176 1807 940 1808 1180 1808 1177 1808 1177 1809 1180 1809 1174 1809 938 1810 1180 1810 940 1810 1174 1811 1180 1811 1181 1811 1052 1812 1182 1812 1054 1812 1050 1813 1182 1813 1052 1813 1049 1814 1182 1814 1050 1814 1183 1815 1182 1815 1049 1815 1184 1816 1182 1816 1183 1816 1162 1817 1182 1817 1184 1817 1160 1818 1182 1818 1162 1818 938 1819 1185 1819 1180 1819 1181 1820 1185 1820 1186 1820 1180 1821 1185 1821 1181 1821 1160 1822 1187 1822 1182 1822 1182 1823 1187 1823 1054 1823 1045 1824 1187 1824 1160 1824 1185 1825 1188 1825 1186 1825 938 1826 1188 1826 1185 1826 1178 1827 1189 1827 1179 1827 1135 1828 1189 1828 1178 1828 1188 1829 1190 1829 1186 1829 938 1830 1190 1830 1188 1830 936 1831 1190 1831 938 1831 1186 1832 1190 1832 1191 1832 1045 1833 1192 1833 1187 1833 1169 1834 1192 1834 1045 1834 1192 1835 1193 1835 1194 1835 1169 1836 1193 1836 1192 1836 1194 1837 1193 1837 1195 1837 1141 1838 1193 1838 1169 1838 936 1839 1196 1839 1190 1839 1191 1840 1196 1840 1197 1840 1190 1841 1196 1841 1191 1841 1195 1842 1198 1842 1199 1842 1193 1843 1198 1843 1195 1843 1141 1844 1198 1844 1193 1844 936 1845 1200 1845 1196 1845 1196 1846 1200 1846 1197 1846 1135 1847 1201 1847 1189 1847 1138 1848 1201 1848 1135 1848 1179 1849 1201 1849 1202 1849 1189 1850 1201 1850 1179 1850 1141 1851 1203 1851 1198 1851 1198 1852 1203 1852 1199 1852 1141 1853 1204 1853 1203 1853 1203 1854 1204 1854 1199 1854 1199 1855 1204 1855 1205 1855 936 1856 1206 1856 1200 1856 934 1857 1206 1857 936 1857 1200 1858 1206 1858 1197 1858 1205 1859 1207 1859 1208 1859 1141 1860 1207 1860 1204 1860 1204 1861 1207 1861 1205 1861 1148 1862 1207 1862 1141 1862 1151 1863 1209 1863 1138 1863 1138 1864 1209 1864 1201 1864 1201 1865 1209 1865 1202 1865 1151 1866 1210 1866 1209 1866 1153 1867 1210 1867 1151 1867 1209 1868 1210 1868 1202 1868 934 1869 1211 1869 1206 1869 932 1870 1211 1870 934 1870 1197 1871 1211 1871 1212 1871 1206 1872 1211 1872 1197 1872 1153 1873 1213 1873 1210 1873 1210 1874 1213 1874 1202 1874 1207 1875 1214 1875 1208 1875 1148 1876 1214 1876 1207 1876 1153 1877 1215 1877 1213 1877 1159 1878 1215 1878 1153 1878 1213 1879 1215 1879 1202 1879 1211 1880 1216 1880 1212 1880 932 1881 1216 1881 1211 1881 1187 1882 1217 1882 1054 1882 1194 1883 1217 1883 1192 1883 1192 1884 1217 1884 1187 1884 1215 1885 1218 1885 1202 1885 1164 1886 1218 1886 1159 1886 1159 1887 1218 1887 1215 1887 1212 1888 1219 1888 1220 1888 930 1889 1219 1889 932 1889 932 1890 1219 1890 1216 1890 1216 1891 1219 1891 1212 1891 930 1892 1221 1892 1219 1892 1220 1893 1221 1893 1222 1893 1219 1894 1221 1894 1220 1894 1208 1895 1223 1895 1224 1895 1214 1896 1223 1896 1208 1896 1148 1897 1223 1897 1214 1897 1167 1898 1223 1898 1148 1898 1221 1899 1225 1899 1222 1899 930 1900 1225 1900 1221 1900 1174 1901 1226 1901 1164 1901 1218 1902 1226 1902 1202 1902 1164 1903 1226 1903 1218 1903 1202 1904 1226 1904 1227 1904 1222 1905 1228 1905 1229 1905 928 1906 1228 1906 930 1906 930 1907 1228 1907 1225 1907 1225 1908 1228 1908 1222 1908 928 1909 1230 1909 1228 1909 1229 1910 1230 1910 1231 1910 1228 1911 1230 1911 1229 1911 1167 1912 1232 1912 1223 1912 1223 1913 1232 1913 1224 1913 1224 1914 1232 1914 1233 1914 928 1915 1234 1915 1230 1915 1230 1916 1234 1916 1231 1916 1233 1917 1235 1917 1236 1917 1167 1918 1235 1918 1232 1918 1232 1919 1235 1919 1233 1919 1226 1920 1237 1920 1227 1920 1174 1921 1237 1921 1226 1921 1167 1922 1238 1922 1235 1922 1235 1923 1238 1923 1236 1923 1238 1924 1239 1924 1236 1924 1236 1925 1239 1925 1240 1925 1167 1926 1239 1926 1238 1926 928 1927 1241 1927 1234 1927 1234 1928 1241 1928 1231 1928 926 1929 1241 1929 928 1929 1179 1930 1242 1930 1167 1930 1239 1931 1242 1931 1240 1931 1240 1932 1242 1932 1243 1932 1167 1933 1242 1933 1239 1933 1053 1934 1244 1934 781 1934 1217 1935 1244 1935 1054 1935 1055 1936 1244 1936 1053 1936 1054 1937 1244 1937 1055 1937 781 1938 1244 1938 779 1938 779 1939 1244 1939 777 1939 777 1940 1244 1940 775 1940 1174 1941 1245 1941 1237 1941 1181 1942 1245 1942 1174 1942 1237 1943 1245 1943 1227 1943 1227 1944 1245 1944 1246 1944 1244 1945 1247 1945 775 1945 1194 1946 1247 1946 1217 1946 1217 1947 1247 1947 1244 1947 775 1948 1247 1948 773 1948 1181 1949 1248 1949 1245 1949 1186 1950 1248 1950 1181 1950 1245 1951 1248 1951 1246 1951 926 1952 1249 1952 1241 1952 924 1953 1249 1953 926 1953 1231 1954 1249 1954 1250 1954 1241 1955 1249 1955 1231 1955 1248 1956 1251 1956 1246 1956 1186 1957 1251 1957 1248 1957 1179 1958 1252 1958 1242 1958 1242 1959 1252 1959 1243 1959 1251 1960 1253 1960 1246 1960 1186 1961 1253 1961 1251 1961 1191 1962 1253 1962 1186 1962 1247 1963 1254 1963 773 1963 1194 1964 1254 1964 1247 1964 1249 1965 1255 1965 1250 1965 924 1966 1255 1966 1249 1966 1197 1967 1256 1967 1191 1967 1191 1968 1256 1968 1253 1968 1253 1969 1256 1969 1246 1969 1195 1970 1257 1970 1194 1970 1254 1971 1257 1971 773 1971 1194 1972 1257 1972 1254 1972 922 1973 1258 1973 924 1973 924 1974 1258 1974 1255 1974 1250 1975 1258 1975 1259 1975 1255 1976 1258 1976 1250 1976 1257 1977 1260 1977 773 1977 1199 1978 1260 1978 1195 1978 1195 1979 1260 1979 1257 1979 773 1980 1260 1980 771 1980 1243 1981 1261 1981 1262 1981 1179 1982 1261 1982 1252 1982 1252 1983 1261 1983 1243 1983 1202 1984 1261 1984 1179 1984 1259 1985 1263 1985 1264 1985 1258 1986 1263 1986 1259 1986 922 1987 1263 1987 1258 1987 1199 1988 1265 1988 1260 1988 1260 1989 1265 1989 771 1989 1263 1990 1266 1990 1264 1990 922 1991 1266 1991 1263 1991 1246 1992 1267 1992 1268 1992 1256 1993 1267 1993 1246 1993 1212 1994 1267 1994 1197 1994 1197 1995 1267 1995 1256 1995 1199 1996 1269 1996 1265 1996 1205 1997 1269 1997 1199 1997 1265 1998 1269 1998 771 1998 1266 1999 1270 1999 1264 1999 920 2000 1270 2000 922 2000 922 2001 1270 2001 1266 2001 1264 2002 1270 2002 1271 2002 1269 2003 1272 2003 771 2003 1208 2004 1272 2004 1205 2004 1205 2005 1272 2005 1269 2005 771 2006 1272 2006 769 2006 1261 2007 1273 2007 1262 2007 1262 2008 1273 2008 1274 2008 1202 2009 1273 2009 1261 2009 920 2010 1275 2010 1270 2010 1271 2011 1275 2011 1276 2011 1270 2012 1275 2012 1271 2012 1208 2013 1277 2013 1272 2013 1272 2014 1277 2014 769 2014 1274 2015 1278 2015 1279 2015 1273 2016 1278 2016 1274 2016 1202 2017 1278 2017 1273 2017 920 2018 1280 2018 1275 2018 1275 2019 1280 2019 1276 2019 1212 2020 1281 2020 1267 2020 1267 2021 1281 2021 1268 2021 1202 2022 1282 2022 1278 2022 1278 2023 1282 2023 1279 2023 1224 2024 1283 2024 1208 2024 1277 2025 1283 2025 769 2025 769 2026 1283 2026 767 2026 1208 2027 1283 2027 1277 2027 1282 2028 1284 2028 1279 2028 1279 2029 1284 2029 1285 2029 1202 2030 1284 2030 1282 2030 920 2031 1286 2031 1280 2031 918 2032 1286 2032 920 2032 1280 2033 1286 2033 1276 2033 1284 2034 1287 2034 1285 2034 1202 2035 1287 2035 1284 2035 1285 2036 1287 2036 1288 2036 1281 2037 1289 2037 1268 2037 1212 2038 1289 2038 1281 2038 1268 2039 1289 2039 1290 2039 1220 2040 1289 2040 1212 2040 1283 2041 1291 2041 767 2041 767 2042 1291 2042 765 2042 1224 2043 1291 2043 1283 2043 1289 2044 1292 2044 1290 2044 1220 2045 1292 2045 1289 2045 1222 2046 1292 2046 1220 2046 1276 2047 1293 2047 1294 2047 918 2048 1293 2048 1286 2048 916 2049 1293 2049 918 2049 1286 2050 1293 2050 1276 2050 1292 2051 1295 2051 1290 2051 1222 2052 1295 2052 1292 2052 1287 2053 1296 2053 1288 2053 1288 2054 1296 2054 1297 2054 1202 2055 1296 2055 1287 2055 1227 2056 1296 2056 1202 2056 1224 2057 1298 2057 1291 2057 1291 2058 1298 2058 765 2058 1295 2059 1299 2059 1290 2059 1229 2060 1299 2060 1222 2060 1222 2061 1299 2061 1295 2061 1224 2062 1300 2062 1298 2062 1298 2063 1300 2063 765 2063 1233 2064 1300 2064 1224 2064 1299 2065 1301 2065 1290 2065 1229 2066 1301 2066 1299 2066 1231 2067 1301 2067 1229 2067 916 2068 1302 2068 1293 2068 1293 2069 1302 2069 1294 2069 1294 2070 1303 2070 1304 2070 1302 2071 1303 2071 1294 2071 915 2072 1303 2072 916 2072 916 2073 1303 2073 1302 2073 1300 2074 1305 2074 765 2074 1236 2075 1305 2075 1233 2075 765 2076 1305 2076 763 2076 1233 2077 1305 2077 1300 2077 1296 2078 1306 2078 1297 2078 1227 2079 1306 2079 1296 2079 1305 2080 1307 2080 763 2080 1236 2081 1307 2081 1305 2081 915 2082 1308 2082 1303 2082 1303 2083 1308 2083 1304 2083 1304 2084 1308 2084 1309 2084 1236 2085 1310 2085 1307 2085 1240 2086 1310 2086 1236 2086 1307 2087 1310 2087 763 2087 1301 2088 1311 2088 1290 2088 1231 2089 1311 2089 1301 2089 1250 2090 1311 2090 1231 2090 915 2091 1312 2091 1308 2091 1308 2092 1312 2092 1309 2092 1312 2093 1313 2093 1309 2093 1309 2094 1313 2094 1314 2094 913 2095 1313 2095 915 2095 915 2096 1313 2096 1312 2096 1310 2097 1315 2097 763 2097 1240 2098 1315 2098 1310 2098 1243 2099 1315 2099 1240 2099 763 2100 1315 2100 761 2100 1306 2101 1316 2101 1297 2101 1297 2102 1316 2102 1317 2102 1227 2103 1316 2103 1306 2103 1246 2104 1316 2104 1227 2104 1243 2105 1318 2105 1315 2105 1315 2106 1318 2106 761 2106 1317 2107 1319 2107 1320 2107 1316 2108 1319 2108 1317 2108 1246 2109 1319 2109 1316 2109 1313 2110 1321 2110 1314 2110 1314 2111 1321 2111 1322 2111 913 2112 1321 2112 1313 2112 1246 2113 1323 2113 1319 2113 1319 2114 1323 2114 1320 2114 1262 2115 1324 2115 1243 2115 1243 2116 1324 2116 1318 2116 761 2117 1324 2117 759 2117 1318 2118 1324 2118 761 2118 913 2119 1325 2119 1321 2119 1321 2120 1325 2120 1322 2120 1323 2121 1326 2121 1320 2121 1320 2122 1326 2122 1327 2122 1246 2123 1326 2123 1323 2123 1326 2124 1328 2124 1327 2124 1246 2125 1328 2125 1326 2125 1327 2126 1328 2126 1329 2126 913 2127 1330 2127 1325 2127 911 2128 1330 2128 913 2128 1322 2129 1330 2129 1331 2129 1325 2130 1330 2130 1322 2130 1250 2131 1332 2131 1311 2131 1259 2132 1332 2132 1250 2132 1324 2133 1333 2133 759 2133 1262 2134 1333 2134 1324 2134 759 2135 1333 2135 756 2135 1264 2136 1334 2136 1259 2136 1259 2137 1334 2137 1332 2137 1246 2138 1335 2138 1328 2138 1329 2139 1335 2139 1336 2139 1328 2140 1335 2140 1329 2140 1268 2141 1335 2141 1246 2141 1264 2142 1337 2142 1334 2142 1333 2143 1338 2143 756 2143 1262 2144 1338 2144 1333 2144 911 2145 1339 2145 1330 2145 1330 2146 1339 2146 1331 2146 909 2147 1339 2147 911 2147 1264 2148 1340 2148 1337 2148 1271 2149 1340 2149 1264 2149 1338 2150 1341 2150 756 2150 1262 2151 1341 2151 1338 2151 1274 2152 1341 2152 1262 2152 756 2153 1341 2153 757 2153 1271 2154 1342 2154 1340 2154 1276 2155 1342 2155 1271 2155 909 2156 1343 2156 1339 2156 1339 2157 1343 2157 1331 2157 1279 2158 1344 2158 1274 2158 1341 2159 1344 2159 757 2159 1274 2160 1344 2160 1341 2160 1268 2161 1345 2161 1335 2161 1335 2162 1345 2162 1336 2162 1279 2163 1346 2163 1344 2163 1344 2164 1346 2164 757 2164 909 2165 1347 2165 1343 2165 1343 2166 1347 2166 1331 2166 1331 2167 1347 2167 1348 2167 1285 2168 1349 2168 1279 2168 1279 2169 1349 2169 1346 2169 1346 2170 1349 2170 757 2170 1294 2171 1350 2171 1276 2171 1276 2172 1350 2172 1342 2172 907 2173 1351 2173 909 2173 1347 2174 1351 2174 1348 2174 1348 2175 1351 2175 1352 2175 909 2176 1351 2176 1347 2176 1285 2177 1353 2177 1349 2177 1288 2178 1353 2178 1285 2178 1349 2179 1353 2179 757 2179 757 2180 1353 2180 758 2180 1351 2181 1354 2181 1352 2181 907 2182 1354 2182 1351 2182 1288 2183 1355 2183 1353 2183 1353 2184 1355 2184 758 2184 1290 2185 1356 2185 1268 2185 1345 2186 1356 2186 1336 2186 1268 2187 1356 2187 1345 2187 1336 2188 1356 2188 1357 2188 907 2189 1358 2189 1354 2189 1352 2190 1358 2190 1359 2190 1354 2191 1358 2191 1352 2191 1356 2192 1360 2192 1357 2192 1290 2193 1360 2193 1356 2193 1357 2194 1360 2194 1361 2194 1288 2195 1362 2195 1355 2195 1355 2196 1362 2196 758 2196 758 2197 1362 2197 760 2197 1360 2198 1363 2198 1361 2198 1290 2199 1363 2199 1360 2199 905 2200 1364 2200 907 2200 1359 2201 1364 2201 1365 2201 907 2202 1364 2202 1358 2202 1358 2203 1364 2203 1359 2203 1361 2204 1366 2204 1367 2204 1363 2205 1366 2205 1361 2205 1290 2206 1366 2206 1363 2206 1364 2207 1368 2207 1365 2207 905 2208 1368 2208 1364 2208 1366 2209 1369 2209 1367 2209 1367 2210 1369 2210 1370 2210 1290 2211 1369 2211 1366 2211 905 2212 1371 2212 1368 2212 903 2213 1371 2213 905 2213 1368 2214 1371 2214 1365 2214 1365 2215 1371 2215 1372 2215 760 2216 1373 2216 762 2216 1297 2217 1373 2217 1288 2217 1288 2218 1373 2218 1362 2218 1362 2219 1373 2219 760 2219 1304 2220 1374 2220 1294 2220 1294 2221 1374 2221 1350 2221 1304 2222 1375 2222 1374 2222 1309 2223 1375 2223 1304 2223 1297 2224 1376 2224 1373 2224 1373 2225 1376 2225 762 2225 1290 2226 1377 2226 1369 2226 1370 2227 1377 2227 1378 2227 1369 2228 1377 2228 1370 2228 1309 2229 1379 2229 1375 2229 762 2230 1380 2230 764 2230 1317 2231 1380 2231 1297 2231 1376 2232 1380 2232 762 2232 1297 2233 1380 2233 1376 2233 1309 2234 1381 2234 1379 2234 1314 2235 1381 2235 1309 2235 901 2236 1382 2236 903 2236 1371 2237 1382 2237 1372 2237 903 2238 1382 2238 1371 2238 1314 2239 1383 2239 1381 2239 1322 2240 1383 2240 1314 2240 1380 2241 1384 2241 764 2241 1317 2242 1384 2242 1380 2242 1320 2243 1384 2243 1317 2243 901 2244 1385 2244 1382 2244 1382 2245 1385 2245 1372 2245 1384 2246 1386 2246 764 2246 1320 2247 1386 2247 1384 2247 764 2248 1387 2248 766 2248 1386 2249 1387 2249 764 2249 1327 2250 1387 2250 1320 2250 1320 2251 1387 2251 1386 2251 901 2252 1388 2252 1385 2252 1385 2253 1388 2253 1372 2253 1372 2254 1388 2254 1389 2254 1387 2255 1390 2255 766 2255 1329 2256 1390 2256 1327 2256 1327 2257 1390 2257 1387 2257 899 2258 1391 2258 901 2258 901 2259 1391 2259 1388 2259 1389 2260 1391 2260 1392 2260 1388 2261 1391 2261 1389 2261 1329 2262 1393 2262 1390 2262 1390 2263 1393 2263 766 2263 899 2264 1394 2264 1391 2264 1391 2265 1394 2265 1392 2265 1377 2266 1395 2266 1378 2266 1378 2267 1395 2267 1396 2267 1394 2268 1397 2268 1392 2268 899 2269 1397 2269 1394 2269 1392 2270 1397 2270 1398 2270 1395 2271 1399 2271 1396 2271 1396 2272 1399 2272 1400 2272 766 2273 1401 2273 768 2273 1329 2274 1401 2274 1393 2274 1393 2275 1401 2275 766 2275 1399 2276 1402 2276 1400 2276 1322 2277 1403 2277 1383 2277 1331 2278 1403 2278 1322 2278 897 2279 1404 2279 899 2279 899 2280 1404 2280 1397 2280 1397 2281 1404 2281 1398 2281 1398 2282 1404 2282 1405 2282 1402 2283 1406 2283 1400 2283 1400 2284 1406 2284 1407 2284 897 2285 1408 2285 1404 2285 1404 2286 1408 2286 1405 2286 1407 2287 1409 2287 1410 2287 1406 2288 1409 2288 1407 2288 768 2289 1411 2289 770 2289 1336 2290 1411 2290 1329 2290 1401 2291 1411 2291 768 2291 1329 2292 1411 2292 1401 2292 895 2293 1412 2293 897 2293 897 2294 1412 2294 1408 2294 1405 2295 1412 2295 1413 2295 1408 2296 1412 2296 1405 2296 1331 2297 1414 2297 1403 2297 1348 2298 1414 2298 1331 2298 1336 2299 1415 2299 1411 2299 1411 2300 1415 2300 770 2300 1352 2301 1416 2301 1348 2301 1348 2302 1416 2302 1414 2302 1410 2303 1417 2303 1418 2303 1409 2304 1417 2304 1410 2304 770 2305 1419 2305 772 2305 1415 2306 1419 2306 770 2306 1357 2307 1419 2307 1336 2307 1336 2308 1419 2308 1415 2308 1352 2309 1420 2309 1416 2309 895 2310 1421 2310 1412 2310 893 2311 1421 2311 895 2311 1412 2312 1421 2312 1413 2312 1359 2313 1422 2313 1352 2313 1352 2314 1422 2314 1420 2314 1357 2315 1423 2315 1419 2315 1419 2316 1423 2316 772 2316 1361 2317 1423 2317 1357 2317 1365 2318 1424 2318 1359 2318 1359 2319 1424 2319 1422 2319 1423 2320 1425 2320 772 2320 1361 2321 1425 2321 1423 2321 893 2322 1426 2322 1421 2322 1421 2323 1426 2323 1413 2323 772 2324 1427 2324 774 2324 1425 2325 1427 2325 772 2325 1361 2326 1427 2326 1425 2326 1367 2327 1427 2327 1361 2327 893 2328 1428 2328 1426 2328 1413 2329 1428 2329 1429 2329 1426 2330 1428 2330 1413 2330 1427 2331 1430 2331 774 2331 1370 2332 1430 2332 1367 2332 1367 2333 1430 2333 1427 2333 893 2334 1431 2334 1428 2334 1429 2335 1431 2335 1432 2335 891 2336 1431 2336 893 2336 1428 2337 1431 2337 1429 2337 1370 2338 1433 2338 1430 2338 1430 2339 1433 2339 774 2339 1431 2340 1434 2340 1432 2340 891 2341 1434 2341 1431 2341 1418 2342 1435 2342 1436 2342 1417 2343 1435 2343 1418 2343 1432 2344 1437 2344 1438 2344 1434 2345 1437 2345 1432 2345 891 2346 1437 2346 1434 2346 1436 2347 1439 2347 1440 2347 1435 2348 1439 2348 1436 2348 774 2349 1441 2349 776 2349 1370 2350 1441 2350 1433 2350 1433 2351 1441 2351 774 2351 1438 2352 1442 2352 1443 2352 1437 2353 1442 2353 1438 2353 891 2354 1442 2354 1437 2354 889 2355 1442 2355 891 2355 1439 2356 1444 2356 1440 2356 1365 2357 1445 2357 1424 2357 1372 2358 1445 2358 1365 2358 1442 2359 1446 2359 1443 2359 889 2360 1446 2360 1442 2360 1440 2361 1447 2361 1448 2361 1444 2362 1447 2362 1440 2362 1448 2363 1449 2363 1450 2363 1447 2364 1449 2364 1448 2364 1443 2365 1451 2365 1452 2365 887 2366 1451 2366 889 2366 1446 2367 1451 2367 1443 2367 889 2368 1451 2368 1446 2368 776 2369 1453 2369 778 2369 1441 2370 1453 2370 776 2370 1378 2371 1453 2371 1370 2371 1370 2372 1453 2372 1441 2372 1389 2373 1454 2373 1372 2373 1445 2374 1454 2374 1455 2374 1372 2375 1454 2375 1445 2375 1453 2376 1456 2376 778 2376 1378 2377 1456 2377 1453 2377 1389 2378 1457 2378 1454 2378 1392 2379 1457 2379 1389 2379 1454 2380 1457 2380 1455 2380 778 2381 1458 2381 780 2381 1396 2382 1458 2382 1378 2382 1456 2383 1458 2383 778 2383 1378 2384 1458 2384 1456 2384 1392 2385 1459 2385 1457 2385 1457 2386 1459 2386 1455 2386 885 2387 1460 2387 887 2387 887 2388 1460 2388 1451 2388 1451 2389 1460 2389 1452 2389 1459 2390 1461 2390 1455 2390 1392 2391 1461 2391 1459 2391 1398 2392 1461 2392 1392 2392 1458 2393 1462 2393 780 2393 1400 2394 1462 2394 1396 2394 1396 2395 1462 2395 1458 2395 1461 2396 1463 2396 1455 2396 1398 2397 1463 2397 1461 2397 1455 2398 1463 2398 1464 2398 1405 2399 1463 2399 1398 2399 885 2400 1465 2400 1460 2400 1460 2401 1465 2401 1452 2401 1400 2402 1466 2402 1462 2402 1462 2403 1466 2403 780 2403 1465 2404 1467 2404 1452 2404 1452 2405 1467 2405 1468 2405 885 2406 1467 2406 1465 2406 780 2407 1469 2407 782 2407 1400 2408 1469 2408 1466 2408 1466 2409 1469 2409 780 2409 1407 2410 1469 2410 1400 2410 1450 2411 1470 2411 1471 2411 1449 2412 1470 2412 1450 2412 885 2413 1472 2413 1467 2413 1467 2414 1472 2414 1468 2414 1468 2415 1472 2415 1473 2415 884 2416 1472 2416 885 2416 1469 2417 1474 2417 782 2417 1410 2418 1474 2418 1407 2418 1407 2419 1474 2419 1469 2419 1463 2420 1475 2420 1464 2420 1405 2421 1475 2421 1463 2421 884 2422 1476 2422 1472 2422 1472 2423 1476 2423 1473 2423 1410 2424 1477 2424 1474 2424 1474 2425 1477 2425 782 2425 884 2426 1478 2426 1476 2426 1476 2427 1478 2427 1473 2427 1473 2428 1478 2428 1479 2428 1471 2429 1480 2429 1481 2429 1470 2430 1480 2430 1471 2430 1480 2431 1482 2431 1481 2431 1481 2432 1482 2432 1483 2432 1410 2433 1484 2433 1477 2433 1477 2434 1484 2434 782 2434 782 2435 1484 2435 784 2435 883 2436 1485 2436 884 2436 884 2437 1485 2437 1478 2437 1479 2438 1485 2438 1486 2438 1478 2439 1485 2439 1479 2439 1482 2440 1487 2440 1483 2440 1475 2441 1488 2441 1464 2441 1405 2442 1488 2442 1475 2442 1413 2443 1488 2443 1405 2443 1464 2444 1488 2444 1489 2444 883 2445 1490 2445 1485 2445 1485 2446 1490 2446 1486 2446 1483 2447 1491 2447 1492 2447 1487 2448 1491 2448 1483 2448 886 2449 1493 2449 883 2449 1486 2450 1493 2450 1494 2450 883 2451 1493 2451 1490 2451 1490 2452 1493 2452 1486 2452 1491 2453 1495 2453 1492 2453 1492 2454 1495 2454 1496 2454 1418 2455 1497 2455 1410 2455 784 2456 1497 2456 786 2456 1410 2457 1497 2457 1484 2457 1484 2458 1497 2458 784 2458 1429 2459 1498 2459 1413 2459 1413 2460 1498 2460 1488 2460 1488 2461 1498 2461 1489 2461 1432 2462 1499 2462 1429 2462 1429 2463 1499 2463 1498 2463 1498 2464 1499 2464 1489 2464 1497 2465 1500 2465 786 2465 1418 2466 1500 2466 1497 2466 888 2467 1501 2467 886 2467 886 2468 1501 2468 1493 2468 1493 2469 1501 2469 1494 2469 1432 2470 1502 2470 1499 2470 1499 2471 1502 2471 1489 2471 1436 2472 1503 2472 1418 2472 1418 2473 1503 2473 1500 2473 1500 2474 1503 2474 786 2474 1502 2475 1504 2475 1489 2475 1438 2476 1504 2476 1432 2476 1432 2477 1504 2477 1502 2477 1501 2478 1505 2478 1494 2478 888 2479 1505 2479 1501 2479 1443 2480 1506 2480 1438 2480 1438 2481 1506 2481 1504 2481 1489 2482 1506 2482 1507 2482 1504 2483 1506 2483 1489 2483 786 2484 1508 2484 788 2484 1436 2485 1508 2485 1503 2485 1440 2486 1508 2486 1436 2486 1503 2487 1508 2487 786 2487 888 2488 1509 2488 1505 2488 1494 2489 1509 2489 1510 2489 1505 2490 1509 2490 1494 2490 1440 2491 1511 2491 1508 2491 1508 2492 1511 2492 788 2492 1496 2493 1512 2493 1513 2493 1495 2494 1512 2494 1496 2494 1440 2495 1514 2495 1511 2495 1511 2496 1514 2496 788 2496 1448 2497 1514 2497 1440 2497 890 2498 1515 2498 888 2498 1510 2499 1515 2499 1516 2499 1509 2500 1515 2500 1510 2500 888 2501 1515 2501 1509 2501 890 2502 1517 2502 1515 2502 1515 2503 1517 2503 1516 2503 1506 2504 1518 2504 1507 2504 1443 2505 1518 2505 1506 2505 890 2506 1519 2506 1517 2506 1517 2507 1519 2507 1516 2507 1516 2508 1519 2508 1520 2508 1450 2509 1521 2509 1448 2509 788 2510 1521 2510 789 2510 1448 2511 1521 2511 1514 2511 1514 2512 1521 2512 788 2512 1450 2513 1522 2513 1521 2513 1521 2514 1522 2514 789 2514 1513 2515 1523 2515 1524 2515 1512 2516 1523 2516 1513 2516 1455 2517 1523 2517 1512 2517 890 2518 1525 2518 1519 2518 1519 2519 1525 2519 1520 2519 892 2520 1525 2520 890 2520 1520 2521 1525 2521 1526 2521 1455 2522 1527 2522 1523 2522 1523 2523 1527 2523 1524 2523 1524 2524 1527 2524 1528 2524 892 2525 1529 2525 1525 2525 1525 2526 1529 2526 1526 2526 1443 2527 1530 2527 1518 2527 1518 2528 1530 2528 1507 2528 1452 2529 1530 2529 1443 2529 1507 2530 1530 2530 1531 2530 1455 2531 1532 2531 1527 2531 1527 2532 1532 2532 1528 2532 789 2533 1533 2533 791 2533 1471 2534 1533 2534 1450 2534 1522 2535 1533 2535 789 2535 1450 2536 1533 2536 1522 2536 1455 2537 1534 2537 1532 2537 1532 2538 1534 2538 1528 2538 1528 2539 1534 2539 1535 2539 892 2540 1536 2540 1529 2540 894 2541 1536 2541 892 2541 1529 2542 1536 2542 1526 2542 1464 2543 1537 2543 1455 2543 1455 2544 1537 2544 1534 2544 1534 2545 1537 2545 1535 2545 1535 2546 1537 2546 1538 2546 1468 2547 1539 2547 1452 2547 1530 2548 1539 2548 1531 2548 1452 2549 1539 2549 1530 2549 791 2550 1540 2550 793 2550 1471 2551 1540 2551 1533 2551 1533 2552 1540 2552 791 2552 1473 2553 1541 2553 1468 2553 1468 2554 1541 2554 1539 2554 1539 2555 1541 2555 1531 2555 896 2556 1542 2556 894 2556 1536 2557 1542 2557 1526 2557 894 2558 1542 2558 1536 2558 1526 2559 1542 2559 1543 2559 1473 2560 1544 2560 1541 2560 1541 2561 1544 2561 1531 2561 1464 2562 1545 2562 1537 2562 1537 2563 1545 2563 1538 2563 1471 2564 1546 2564 1540 2564 1540 2565 1546 2565 793 2565 1479 2566 1547 2566 1473 2566 1473 2567 1547 2567 1544 2567 1544 2568 1547 2568 1531 2568 1471 2569 1548 2569 1546 2569 1481 2570 1548 2570 1471 2570 1546 2571 1548 2571 793 2571 1542 2572 1549 2572 1543 2572 896 2573 1549 2573 1542 2573 1479 2574 1550 2574 1547 2574 1486 2575 1550 2575 1479 2575 1531 2576 1550 2576 1551 2576 1547 2577 1550 2577 1531 2577 896 2578 1552 2578 1549 2578 1543 2579 1552 2579 1553 2579 898 2580 1552 2580 896 2580 1549 2581 1552 2581 1543 2581 793 2582 1554 2582 795 2582 1483 2583 1554 2583 1481 2583 1481 2584 1554 2584 1548 2584 1548 2585 1554 2585 793 2585 1464 2586 1555 2586 1545 2586 1545 2587 1555 2587 1538 2587 1489 2588 1555 2588 1464 2588 1538 2589 1555 2589 1556 2589 1554 2590 1557 2590 795 2590 1483 2591 1557 2591 1554 2591 898 2592 1558 2592 1552 2592 1552 2593 1558 2593 1553 2593 1553 2594 1558 2594 1559 2594 898 2595 1560 2595 1558 2595 1558 2596 1560 2596 1559 2596 1557 2597 1561 2597 795 2597 1483 2598 1561 2598 1557 2598 1492 2599 1561 2599 1483 2599 1486 2600 1562 2600 1550 2600 1550 2601 1562 2601 1551 2601 1559 2602 1563 2602 1564 2602 898 2603 1563 2603 1560 2603 1560 2604 1563 2604 1559 2604 900 2605 1563 2605 898 2605 795 2606 1565 2606 797 2606 1492 2607 1565 2607 1561 2607 1561 2608 1565 2608 795 2608 1496 2609 1565 2609 1492 2609 1556 2610 1566 2610 1567 2610 1489 2611 1566 2611 1555 2611 1555 2612 1566 2612 1556 2612 1564 2613 1568 2613 1569 2613 1563 2614 1568 2614 1564 2614 900 2615 1568 2615 1563 2615 1565 2616 1570 2616 797 2616 1496 2617 1570 2617 1565 2617 1567 2618 1571 2618 1572 2618 1489 2619 1571 2619 1566 2619 1566 2620 1571 2620 1567 2620 1568 2621 1573 2621 1569 2621 900 2622 1573 2622 1568 2622 1486 2623 1574 2623 1562 2623 1551 2624 1574 2624 1575 2624 1494 2625 1574 2625 1486 2625 1562 2626 1574 2626 1551 2626 1571 2627 1576 2627 1572 2627 1489 2628 1576 2628 1571 2628 797 2629 1577 2629 799 2629 1496 2630 1577 2630 1570 2630 1570 2631 1577 2631 797 2631 1513 2632 1577 2632 1496 2632 1572 2633 1578 2633 1579 2633 1576 2634 1578 2634 1572 2634 1489 2635 1578 2635 1576 2635 1573 2636 1580 2636 1569 2636 900 2637 1580 2637 1573 2637 902 2638 1580 2638 900 2638 1578 2639 1581 2639 1579 2639 1489 2640 1581 2640 1578 2640 1507 2641 1581 2641 1489 2641 1579 2642 1581 2642 1582 2642 1510 2643 1583 2643 1494 2643 1574 2644 1583 2644 1575 2644 1494 2645 1583 2645 1574 2645 799 2646 1584 2646 801 2646 1577 2647 1584 2647 799 2647 1513 2648 1584 2648 1577 2648 1583 2649 1585 2649 1575 2649 1510 2650 1585 2650 1583 2650 1516 2651 1585 2651 1510 2651 1569 2652 1586 2652 1587 2652 1580 2653 1586 2653 1569 2653 904 2654 1586 2654 902 2654 902 2655 1586 2655 1580 2655 1516 2656 1588 2656 1585 2656 1585 2657 1588 2657 1575 2657 1581 2658 1589 2658 1582 2658 1507 2659 1589 2659 1581 2659 1588 2660 1590 2660 1575 2660 1520 2661 1590 2661 1516 2661 1516 2662 1590 2662 1588 2662 1584 2663 1591 2663 801 2663 1513 2664 1591 2664 1584 2664 1590 2665 1592 2665 1575 2665 1526 2666 1592 2666 1520 2666 1520 2667 1592 2667 1590 2667 904 2668 1593 2668 1586 2668 1586 2669 1593 2669 1587 2669 1524 2670 1594 2670 1513 2670 1513 2671 1594 2671 1591 2671 1591 2672 1594 2672 801 2672 1587 2673 1595 2673 1596 2673 1593 2674 1595 2674 1587 2674 904 2675 1595 2675 1593 2675 1524 2676 1597 2676 1594 2676 801 2677 1597 2677 803 2677 1528 2678 1597 2678 1524 2678 1594 2679 1597 2679 801 2679 1582 2680 1598 2680 1599 2680 1531 2681 1598 2681 1507 2681 1589 2682 1598 2682 1582 2682 1507 2683 1598 2683 1589 2683 1528 2684 1600 2684 1597 2684 1597 2685 1600 2685 803 2685 1595 2686 1601 2686 1596 2686 1596 2687 1601 2687 1602 2687 904 2688 1601 2688 1595 2688 906 2689 1601 2689 904 2689 1575 2690 1603 2690 1604 2690 1592 2691 1603 2691 1575 2691 1526 2692 1603 2692 1592 2692 1543 2693 1603 2693 1526 2693 1528 2694 1605 2694 1600 2694 1535 2695 1605 2695 1528 2695 1600 2696 1605 2696 803 2696 1601 2697 1606 2697 1602 2697 906 2698 1606 2698 1601 2698 906 2699 1607 2699 1606 2699 1606 2700 1607 2700 1602 2700 1602 2701 1607 2701 1608 2701 1605 2702 1609 2702 803 2702 803 2703 1609 2703 805 2703 1535 2704 1609 2704 1605 2704 1538 2705 1609 2705 1535 2705 1599 2706 1610 2706 1611 2706 1598 2707 1610 2707 1599 2707 1531 2708 1610 2708 1598 2708 1609 2709 1612 2709 805 2709 1538 2710 1612 2710 1609 2710 1531 2711 1613 2711 1610 2711 1611 2712 1613 2712 1614 2712 1610 2713 1613 2713 1611 2713 906 2714 1615 2714 1607 2714 1608 2715 1615 2715 1616 2715 908 2716 1615 2716 906 2716 1607 2717 1615 2717 1608 2717 1603 2718 1617 2718 1604 2718 1543 2719 1617 2719 1603 2719 1613 2720 1618 2720 1614 2720 1531 2721 1618 2721 1613 2721 1615 2722 1619 2722 1616 2722 908 2723 1619 2723 1615 2723 1612 2724 1620 2724 805 2724 805 2725 1620 2725 807 2725 1538 2726 1620 2726 1612 2726 1556 2727 1620 2727 1538 2727 1618 2728 1621 2728 1614 2728 1531 2729 1621 2729 1618 2729 1614 2730 1621 2730 1622 2730 1621 2731 1623 2731 1622 2731 1622 2732 1623 2732 1624 2732 1531 2733 1623 2733 1621 2733 1551 2734 1623 2734 1531 2734 1619 2735 1625 2735 1616 2735 1616 2736 1625 2736 1626 2736 910 2737 1625 2737 908 2737 908 2738 1625 2738 1619 2738 1617 2739 1627 2739 1604 2739 1543 2740 1627 2740 1617 2740 1553 2741 1627 2741 1543 2741 1604 2742 1627 2742 1628 2742 1553 2743 1629 2743 1627 2743 1627 2744 1629 2744 1628 2744 1559 2745 1629 2745 1553 2745 807 2746 1630 2746 809 2746 1620 2747 1630 2747 807 2747 1556 2748 1630 2748 1620 2748 1559 2749 1631 2749 1629 2749 1629 2750 1631 2750 1628 2750 1623 2751 1632 2751 1624 2751 1551 2752 1632 2752 1623 2752 1625 2753 1633 2753 1626 2753 910 2754 1633 2754 1625 2754 912 2755 1633 2755 910 2755 1630 2756 1634 2756 809 2756 1556 2757 1634 2757 1630 2757 1564 2758 1635 2758 1559 2758 1559 2759 1635 2759 1631 2759 1631 2760 1635 2760 1628 2760 1567 2761 1636 2761 1556 2761 1634 2762 1636 2762 809 2762 1556 2763 1636 2763 1634 2763 1569 2764 1637 2764 1564 2764 1564 2765 1637 2765 1635 2765 1635 2766 1637 2766 1628 2766 912 2767 1638 2767 1633 2767 1633 2768 1638 2768 1626 2768 1626 2769 1639 2769 1640 2769 1638 2770 1639 2770 1626 2770 912 2771 1639 2771 1638 2771 1572 2772 1641 2772 1567 2772 809 2773 1641 2773 811 2773 1636 2774 1641 2774 809 2774 1567 2775 1641 2775 1636 2775 1575 2776 1642 2776 1551 2776 1632 2777 1642 2777 1624 2777 1551 2778 1642 2778 1632 2778 1624 2779 1642 2779 1643 2779 1572 2780 1644 2780 1641 2780 1641 2781 1644 2781 811 2781 1572 2782 1645 2782 1644 2782 1579 2783 1645 2783 1572 2783 1644 2784 1645 2784 811 2784 1569 2785 1646 2785 1637 2785 1587 2786 1646 2786 1569 2786 1639 2787 1647 2787 1640 2787 914 2788 1647 2788 912 2788 1640 2789 1647 2789 1648 2789 912 2790 1647 2790 1639 2790 1647 2791 1649 2791 1648 2791 914 2792 1649 2792 1647 2792 1579 2793 1650 2793 1645 2793 811 2794 1650 2794 813 2794 1582 2795 1650 2795 1579 2795 1645 2796 1650 2796 811 2796 1642 2797 1651 2797 1643 2797 1643 2798 1651 2798 1652 2798 1575 2799 1651 2799 1642 2799 1649 2800 1653 2800 1648 2800 1648 2801 1653 2801 1654 2801 914 2802 1653 2802 1649 2802 1582 2803 1655 2803 1650 2803 1650 2804 1655 2804 813 2804 1575 2805 1656 2805 1651 2805 1651 2806 1656 2806 1652 2806 1652 2807 1656 2807 1657 2807 1575 2808 1658 2808 1656 2808 1656 2809 1658 2809 1657 2809 914 2810 1659 2810 1653 2810 1653 2811 1659 2811 1654 2811 917 2812 1659 2812 914 2812 1599 2813 1660 2813 1582 2813 1655 2814 1660 2814 813 2814 1582 2815 1660 2815 1655 2815 813 2816 1660 2816 815 2816 1575 2817 1661 2817 1658 2817 1658 2818 1661 2818 1657 2818 1657 2819 1661 2819 1662 2819 1575 2820 1663 2820 1661 2820 1661 2821 1663 2821 1662 2821 1662 2822 1663 2822 1664 2822 1596 2823 1665 2823 1587 2823 1587 2824 1665 2824 1646 2824 1659 2825 1666 2825 1654 2825 919 2826 1666 2826 917 2826 917 2827 1666 2827 1659 2827 1654 2828 1666 2828 1667 2828 815 2829 1668 2829 818 2829 1599 2830 1668 2830 1660 2830 1660 2831 1668 2831 815 2831 1596 2832 1669 2832 1665 2832 1602 2833 1669 2833 1596 2833 1604 2834 1670 2834 1575 2834 1575 2835 1670 2835 1663 2835 1663 2836 1670 2836 1664 2836 1664 2837 1670 2837 1671 2837 1602 2838 1672 2838 1669 2838 1668 2839 1673 2839 818 2839 1599 2840 1673 2840 1668 2840 919 2841 1674 2841 1666 2841 1666 2842 1674 2842 1667 2842 1608 2843 1675 2843 1602 2843 1602 2844 1675 2844 1672 2844 1599 2845 1676 2845 1673 2845 1611 2846 1676 2846 1599 2846 1673 2847 1676 2847 818 2847 1674 2848 1677 2848 1667 2848 919 2849 1677 2849 1674 2849 921 2850 1677 2850 919 2850 1667 2851 1677 2851 1678 2851 1616 2852 1679 2852 1608 2852 1608 2853 1679 2853 1675 2853 818 2854 1680 2854 820 2854 1614 2855 1680 2855 1611 2855 1611 2856 1680 2856 1676 2856 1676 2857 1680 2857 818 2857 1678 2858 1681 2858 1682 2858 921 2859 1681 2859 1677 2859 1677 2860 1681 2860 1678 2860 1604 2861 1683 2861 1670 2861 1670 2862 1683 2862 1671 2862 1680 2863 1684 2863 820 2863 1614 2864 1684 2864 1680 2864 1681 2865 1685 2865 1682 2865 921 2866 1685 2866 1681 2866 1684 2867 1686 2867 820 2867 1622 2868 1686 2868 1614 2868 1614 2869 1686 2869 1684 2869 1682 2870 1687 2870 1688 2870 923 2871 1687 2871 921 2871 921 2872 1687 2872 1685 2872 1685 2873 1687 2873 1682 2873 820 2874 1689 2874 822 2874 1624 2875 1689 2875 1622 2875 1622 2876 1689 2876 1686 2876 1686 2877 1689 2877 820 2877 1628 2878 1690 2878 1604 2878 1604 2879 1690 2879 1683 2879 1683 2880 1690 2880 1671 2880 1671 2881 1690 2881 1691 2881 1687 2882 1692 2882 1688 2882 923 2883 1692 2883 1687 2883 1688 2884 1692 2884 1693 2884 1689 2885 1694 2885 822 2885 1624 2886 1694 2886 1689 2886 1691 2887 1695 2887 1696 2887 1628 2888 1695 2888 1690 2888 1690 2889 1695 2889 1691 2889 1692 2890 1697 2890 1693 2890 923 2891 1697 2891 1692 2891 1695 2892 1698 2892 1696 2892 1628 2893 1698 2893 1695 2893 1694 2894 1699 2894 822 2894 1624 2895 1699 2895 1694 2895 822 2896 1699 2896 824 2896 1643 2897 1699 2897 1624 2897 1626 2898 1700 2898 1616 2898 1616 2899 1700 2899 1679 2899 1696 2900 1701 2900 1702 2900 1628 2901 1701 2901 1698 2901 1698 2902 1701 2902 1696 2902 923 2903 1703 2903 1697 2903 925 2904 1703 2904 923 2904 1697 2905 1703 2905 1693 2905 1701 2906 1704 2906 1702 2906 1628 2907 1704 2907 1701 2907 1702 2908 1704 2908 1705 2908 824 2909 1706 2909 826 2909 1643 2910 1706 2910 1699 2910 1699 2911 1706 2911 824 2911 1626 2912 1707 2912 1700 2912 1640 2913 1707 2913 1626 2913 1703 2914 1708 2914 1693 2914 1693 2915 1708 2915 1709 2915 927 2916 1708 2916 925 2916 925 2917 1708 2917 1703 2917 1640 2918 1710 2918 1707 2918 1648 2919 1710 2919 1640 2919 1707 2920 1710 2920 1711 2920 1705 2921 1712 2921 1713 2921 1704 2922 1712 2922 1705 2922 1706 2923 1714 2923 826 2923 1643 2924 1714 2924 1706 2924 1710 2925 1715 2925 1711 2925 1648 2926 1715 2926 1710 2926 1714 2927 1716 2927 826 2927 1643 2928 1716 2928 1714 2928 1652 2929 1716 2929 1643 2929 1708 2930 1717 2930 1709 2930 927 2931 1717 2931 1708 2931 1648 2932 1718 2932 1715 2932 1715 2933 1718 2933 1711 2933 1654 2934 1718 2934 1648 2934 1717 2935 1719 2935 1709 2935 1709 2936 1719 2936 1720 2936 929 2937 1719 2937 927 2937 927 2938 1719 2938 1717 2938 1716 2939 1721 2939 826 2939 826 2940 1721 2940 828 2940 1652 2941 1721 2941 1716 2941 1657 2942 1721 2942 1652 2942 1721 2943 1722 2943 828 2943 1657 2944 1722 2944 1721 2944 1720 2945 1723 2945 1724 2945 929 2946 1723 2946 1719 2946 1719 2947 1723 2947 1720 2947 1722 2948 1725 2948 828 2948 1657 2949 1725 2949 1722 2949 1662 2950 1725 2950 1657 2950 929 2951 1726 2951 1723 2951 1723 2952 1726 2952 1724 2952 1718 2953 1727 2953 1711 2953 1654 2954 1727 2954 1718 2954 1667 2955 1727 2955 1654 2955 1724 2956 1728 2956 1729 2956 1726 2957 1728 2957 1724 2957 931 2958 1728 2958 929 2958 929 2959 1728 2959 1726 2959 828 2960 1730 2960 830 2960 1725 2961 1730 2961 828 2961 1664 2962 1730 2962 1662 2962 1662 2963 1730 2963 1725 2963 1730 2964 1731 2964 830 2964 1664 2965 1731 2965 1730 2965 1712 2966 1732 2966 1713 2966 1713 2967 1732 2967 1733 2967 1729 2968 1734 2968 1735 2968 931 2969 1734 2969 1728 2969 1728 2970 1734 2970 1729 2970 1733 2971 1736 2971 1737 2971 1732 2972 1736 2972 1733 2972 931 2973 1738 2973 1734 2973 1734 2974 1738 2974 1735 2974 1664 2975 1739 2975 1731 2975 830 2976 1739 2976 832 2976 1731 2977 1739 2977 830 2977 1736 2978 1740 2978 1737 2978 1737 2979 1741 2979 1742 2979 1740 2980 1741 2980 1737 2980 931 2981 1743 2981 1738 2981 1738 2982 1743 2982 1735 2982 933 2983 1743 2983 931 2983 1742 2984 1744 2984 1745 2984 1741 2985 1744 2985 1742 2985 1678 2986 1746 2986 1667 2986 1667 2987 1746 2987 1727 2987 1739 2988 1747 2988 832 2988 832 2989 1747 2989 834 2989 1664 2990 1747 2990 1739 2990 1671 2991 1747 2991 1664 2991 1678 2992 1748 2992 1746 2992 1682 2993 1748 2993 1678 2993 933 2994 1749 2994 1743 2994 1735 2995 1749 2995 1750 2995 935 2996 1749 2996 933 2996 1743 2997 1749 2997 1735 2997 1682 2998 1751 2998 1748 2998 1671 2999 1752 2999 1747 2999 1747 3000 1752 3000 834 3000 834 3001 1753 3001 836 3001 1752 3002 1753 3002 834 3002 1671 3003 1753 3003 1752 3003 1691 3004 1753 3004 1671 3004 1688 3005 1754 3005 1682 3005 1682 3006 1754 3006 1751 3006 1749 3007 1755 3007 1750 3007 935 3008 1755 3008 1749 3008 1688 3009 1756 3009 1754 3009 1693 3010 1756 3010 1688 3010 1755 3011 1757 3011 1750 3011 935 3012 1757 3012 1755 3012 1750 3013 1757 3013 1758 3013 937 3014 1757 3014 935 3014 1696 3015 1759 3015 1691 3015 1753 3016 1759 3016 836 3016 1691 3017 1759 3017 1753 3017 1759 3018 1760 3018 836 3018 1696 3019 1760 3019 1759 3019 1745 3020 1761 3020 1762 3020 1744 3021 1761 3021 1745 3021 1758 3022 1763 3022 1764 3022 1757 3023 1763 3023 1758 3023 937 3024 1763 3024 1757 3024 1702 3025 1765 3025 1696 3025 1760 3026 1765 3026 836 3026 836 3027 1765 3027 838 3027 1696 3028 1765 3028 1760 3028 937 3029 1766 3029 1763 3029 1763 3030 1766 3030 1764 3030 1709 3031 1767 3031 1693 3031 1693 3032 1767 3032 1756 3032 1756 3033 1767 3033 1768 3033 937 3034 1769 3034 1766 3034 1764 3035 1769 3035 1770 3035 939 3036 1769 3036 937 3036 1766 3037 1769 3037 1764 3037 1702 3038 1771 3038 1765 3038 1765 3039 1771 3039 838 3039 1705 3040 1771 3040 1702 3040 1771 3041 1772 3041 838 3041 1705 3042 1772 3042 1771 3042 1769 3043 1773 3043 1770 3043 1770 3044 1773 3044 1774 3044 939 3045 1773 3045 1769 3045 1762 3046 1775 3046 1776 3046 1761 3047 1775 3047 1762 3047 1773 3048 1777 3048 1774 3048 939 3049 1777 3049 1773 3049 1776 3050 1778 3050 1779 3050 1711 3051 1778 3051 1775 3051 1775 3052 1778 3052 1776 3052 838 3053 1780 3053 840 3053 1772 3054 1780 3054 838 3054 1705 3055 1780 3055 1772 3055 1711 3056 1781 3056 1778 3056 1778 3057 1781 3057 1779 3057 939 3058 1782 3058 1777 3058 941 3059 1782 3059 939 3059 1777 3060 1782 3060 1774 3060 1711 3061 1783 3061 1781 3061 1779 3062 1783 3062 1784 3062 1781 3063 1783 3063 1779 3063 1709 3064 1785 3064 1767 3064 1720 3065 1785 3065 1709 3065 1780 3066 1786 3066 840 3066 1713 3067 1786 3067 1705 3067 840 3068 1786 3068 842 3068 1705 3069 1786 3069 1780 3069 1724 3070 1787 3070 1720 3070 1720 3071 1787 3071 1785 3071 941 3072 1788 3072 1782 3072 1774 3073 1788 3073 1789 3073 1782 3074 1788 3074 1774 3074 943 3075 1788 3075 941 3075 1711 3076 1790 3076 1783 3076 1783 3077 1790 3077 1784 3077 1784 3078 1790 3078 1791 3078 1724 3079 1792 3079 1787 3079 1786 3080 1793 3080 842 3080 1713 3081 1793 3081 1786 3081 1729 3082 1794 3082 1724 3082 1724 3083 1794 3083 1792 3083 1788 3084 1795 3084 1789 3084 943 3085 1795 3085 1788 3085 1733 3086 1796 3086 1713 3086 1793 3087 1796 3087 842 3087 1713 3088 1796 3088 1793 3088 1729 3089 1797 3089 1794 3089 1735 3090 1797 3090 1729 3090 1795 3091 1798 3091 1789 3091 943 3092 1798 3092 1795 3092 1789 3093 1798 3093 1799 3093 945 3094 1798 3094 943 3094 1796 3095 1800 3095 842 3095 1733 3096 1800 3096 1796 3096 1737 3097 1800 3097 1733 3097 842 3098 1800 3098 844 3098 945 3099 1801 3099 1798 3099 1798 3100 1801 3100 1799 3100 1799 3101 1801 3101 1802 3101 1737 3102 1803 3102 1800 3102 1800 3103 1803 3103 844 3103 945 3104 1804 3104 1801 3104 1801 3105 1804 3105 1802 3105 1742 3106 1805 3106 1737 3106 1737 3107 1805 3107 1803 3107 1803 3108 1805 3108 844 3108 945 3109 1806 3109 1804 3109 1804 3110 1806 3110 1802 3110 947 3111 1806 3111 945 3111 1802 3112 1806 3112 1807 3112 1735 3113 1808 3113 1797 3113 1797 3114 1808 3114 1809 3114 1750 3115 1808 3115 1735 3115 1809 3116 1808 3116 1810 3116 1745 3117 1811 3117 1742 3117 844 3118 1811 3118 846 3118 1805 3119 1811 3119 844 3119 1742 3120 1811 3120 1805 3120 1790 3121 1812 3121 1791 3121 1791 3122 1812 3122 1813 3122 947 3123 1814 3123 1806 3123 1806 3124 1814 3124 1807 3124 1811 3125 1815 3125 846 3125 1745 3126 1815 3126 1811 3126 1814 3127 1816 3127 1807 3127 947 3128 1816 3128 1814 3128 1807 3129 1816 3129 1817 3129 1812 3130 1818 3130 1813 3130 1813 3131 1818 3131 1819 3131 1818 3132 1820 3132 1819 3132 1808 3133 1821 3133 1810 3133 1750 3134 1821 3134 1808 3134 1762 3135 1822 3135 1745 3135 846 3136 1822 3136 848 3136 1815 3137 1822 3137 846 3137 1745 3138 1822 3138 1815 3138 947 3139 1823 3139 1816 3139 949 3140 1823 3140 947 3140 1816 3141 1823 3141 1817 3141 1817 3142 1823 3142 1824 3142 1820 3143 1825 3143 1819 3143 1819 3144 1825 3144 1826 3144 1823 3145 1827 3145 1824 3145 949 3146 1827 3146 1823 3146 1826 3147 1828 3147 1829 3147 1825 3148 1828 3148 1826 3148 1827 3149 1830 3149 1824 3149 949 3150 1830 3150 1827 3150 1824 3151 1830 3151 1831 3151 951 3152 1830 3152 949 3152 1810 3153 1832 3153 1833 3153 1821 3154 1832 3154 1810 3154 1758 3155 1832 3155 1750 3155 1750 3156 1832 3156 1821 3156 848 3157 1834 3157 850 3157 1762 3158 1834 3158 1822 3158 1822 3159 1834 3159 848 3159 1764 3160 1835 3160 1758 3160 1832 3161 1835 3161 1833 3161 1758 3162 1835 3162 1832 3162 1768 3163 1836 3163 1828 3163 1829 3164 1836 3164 1837 3164 1828 3165 1836 3165 1829 3165 1835 3166 1838 3166 1833 3166 1764 3167 1838 3167 1835 3167 1762 3168 1839 3168 1834 3168 1834 3169 1839 3169 850 3169 1838 3170 1840 3170 1833 3170 1764 3171 1840 3171 1838 3171 1770 3172 1840 3172 1764 3172 951 3173 1841 3173 1830 3173 953 3174 1841 3174 951 3174 1830 3175 1841 3175 1831 3175 1770 3176 1842 3176 1840 3176 1840 3177 1842 3177 1833 3177 1774 3178 1842 3178 1770 3178 1839 3179 1843 3179 850 3179 1762 3180 1843 3180 1839 3180 1776 3181 1843 3181 1762 3181 1841 3182 1844 3182 1831 3182 953 3183 1844 3183 1841 3183 1843 3184 1845 3184 850 3184 1776 3185 1845 3185 1843 3185 850 3186 1845 3186 852 3186 1779 3187 1845 3187 1776 3187 1831 3188 1846 3188 1847 3188 1844 3189 1846 3189 1831 3189 953 3190 1846 3190 1844 3190 1779 3191 1848 3191 1845 3191 1845 3192 1848 3192 852 3192 1774 3193 1849 3193 1842 3193 1842 3194 1849 3194 1833 3194 1789 3195 1849 3195 1774 3195 1833 3196 1849 3196 1850 3196 1779 3197 1851 3197 1848 3197 1848 3198 1851 3198 852 3198 1784 3199 1851 3199 1779 3199 953 3200 1852 3200 1846 3200 1847 3201 1852 3201 1853 3201 1846 3202 1852 3202 1847 3202 955 3203 1852 3203 953 3203 1852 3204 1854 3204 1853 3204 955 3205 1854 3205 1852 3205 1836 3206 1855 3206 1837 3206 1837 3207 1855 3207 1856 3207 1853 3208 1857 3208 1858 3208 1854 3209 1857 3209 1853 3209 955 3210 1857 3210 1854 3210 1784 3211 1859 3211 1851 3211 852 3212 1859 3212 854 3212 1851 3213 1859 3213 852 3213 1855 3214 1860 3214 1856 3214 1856 3215 1860 3215 1861 3215 1849 3216 1862 3216 1850 3216 1789 3217 1862 3217 1849 3217 1860 3218 1863 3218 1861 3218 1858 3219 1864 3219 1865 3219 1857 3220 1864 3220 1858 3220 955 3221 1864 3221 1857 3221 957 3222 1864 3222 955 3222 1861 3223 1866 3223 1867 3223 1863 3224 1866 3224 1861 3224 1864 3225 1868 3225 1865 3225 957 3226 1868 3226 1864 3226 1867 3227 1869 3227 1870 3227 1866 3228 1869 3228 1867 3228 854 3229 1871 3229 856 3229 1784 3230 1871 3230 1859 3230 1791 3231 1871 3231 1784 3231 1859 3232 1871 3232 854 3232 1865 3233 1872 3233 1873 3233 1868 3234 1872 3234 1865 3234 959 3235 1872 3235 957 3235 957 3236 1872 3236 1868 3236 1862 3237 1874 3237 1850 3237 1799 3238 1874 3238 1789 3238 1789 3239 1874 3239 1862 3239 1850 3240 1874 3240 1875 3240 1871 3241 1876 3241 856 3241 1791 3242 1876 3242 1871 3242 1799 3243 1877 3243 1874 3243 1802 3244 1877 3244 1799 3244 1874 3245 1877 3245 1875 3245 1877 3246 1878 3246 1875 3246 1802 3247 1878 3247 1877 3247 1791 3248 1879 3248 1876 3248 856 3249 1879 3249 858 3249 1876 3250 1879 3250 856 3250 1813 3251 1879 3251 1791 3251 1870 3252 1880 3252 1881 3252 1810 3253 1880 3253 1809 3253 1869 3254 1880 3254 1870 3254 1809 3255 1880 3255 1869 3255 1807 3256 1882 3256 1802 3256 1802 3257 1882 3257 1878 3257 1878 3258 1882 3258 1875 3258 959 3259 1883 3259 1872 3259 961 3260 1883 3260 959 3260 1872 3261 1883 3261 1873 3261 1882 3262 1884 3262 1875 3262 1807 3263 1884 3263 1882 3263 1817 3264 1884 3264 1807 3264 1879 3265 1885 3265 858 3265 1813 3266 1885 3266 1879 3266 1819 3267 1885 3267 1813 3267 1884 3268 1886 3268 1875 3268 1817 3269 1886 3269 1884 3269 1875 3270 1886 3270 1887 3270 1824 3271 1886 3271 1817 3271 1885 3272 1888 3272 858 3272 1819 3273 1888 3273 1885 3273 961 3274 1889 3274 1883 3274 1883 3275 1889 3275 1873 3275 1810 3276 1890 3276 1880 3276 1880 3277 1890 3277 1881 3277 1819 3278 1891 3278 1888 3278 858 3279 1891 3279 860 3279 1888 3280 1891 3280 858 3280 1826 3281 1891 3281 1819 3281 961 3282 1892 3282 1889 3282 1873 3283 1892 3283 1893 3283 1889 3284 1892 3284 1873 3284 1893 3285 1894 3285 1895 3285 961 3286 1894 3286 1892 3286 1892 3287 1894 3287 1893 3287 963 3288 1894 3288 961 3288 1829 3289 1896 3289 1826 3289 1826 3290 1896 3290 1891 3290 1891 3291 1896 3291 860 3291 1824 3292 1897 3292 1886 3292 1886 3293 1897 3293 1887 3293 1894 3294 1898 3294 1895 3294 963 3295 1898 3295 1894 3295 1829 3296 1899 3296 1896 3296 1896 3297 1899 3297 860 3297 1833 3298 1900 3298 1810 3298 1810 3299 1900 3299 1890 3299 1881 3300 1900 3300 1901 3300 1890 3301 1900 3301 1881 3301 1898 3302 1902 3302 1895 3302 1895 3303 1902 3303 1903 3303 963 3304 1902 3304 1898 3304 1833 3305 1904 3305 1900 3305 1901 3306 1904 3306 1905 3306 1900 3307 1904 3307 1901 3307 860 3308 1906 3308 862 3308 1899 3309 1906 3309 860 3309 1829 3310 1906 3310 1899 3310 1833 3311 1907 3311 1904 3311 1904 3312 1907 3312 1905 3312 1903 3313 1908 3313 1909 3313 1902 3314 1908 3314 1903 3314 963 3315 1908 3315 1902 3315 965 3316 1908 3316 963 3316 1831 3317 1910 3317 1824 3317 1824 3318 1910 3318 1897 3318 1887 3319 1910 3319 1911 3319 1897 3320 1910 3320 1887 3320 1905 3321 1912 3321 1913 3321 1833 3322 1912 3322 1907 3322 1907 3323 1912 3323 1905 3323 1908 3324 1914 3324 1909 3324 965 3325 1914 3325 1908 3325 1913 3326 1915 3326 1916 3326 1912 3327 1915 3327 1913 3327 1833 3328 1915 3328 1912 3328 1909 3329 1917 3329 1918 3329 1914 3330 1917 3330 1909 3330 967 3331 1917 3331 965 3331 965 3332 1917 3332 1914 3332 1837 3333 1919 3333 1829 3333 1906 3334 1919 3334 862 3334 862 3335 1919 3335 864 3335 1829 3336 1919 3336 1906 3336 1847 3337 1920 3337 1831 3337 1831 3338 1920 3338 1910 3338 1910 3339 1920 3339 1911 3339 1837 3340 1921 3340 1919 3340 1919 3341 1921 3341 864 3341 1853 3342 1922 3342 1847 3342 1847 3343 1922 3343 1920 3343 1920 3344 1922 3344 1911 3344 1916 3345 1923 3345 1924 3345 1850 3346 1923 3346 1833 3346 1915 3347 1923 3347 1916 3347 1833 3348 1923 3348 1915 3348 1921 3349 1925 3349 864 3349 1856 3350 1925 3350 1837 3350 864 3351 1925 3351 866 3351 1837 3352 1925 3352 1921 3352 1853 3353 1926 3353 1922 3353 1922 3354 1926 3354 1911 3354 967 3355 1927 3355 1917 3355 969 3356 1927 3356 967 3356 1917 3357 1927 3357 1918 3357 1926 3358 1928 3358 1911 3358 1853 3359 1928 3359 1926 3359 1858 3360 1928 3360 1853 3360 1925 3361 1929 3361 866 3361 1856 3362 1929 3362 1925 3362 1861 3363 1929 3363 1856 3363 1928 3364 1930 3364 1911 3364 1858 3365 1930 3365 1928 3365 1911 3366 1930 3366 1931 3366 1865 3367 1930 3367 1858 3367 969 3368 1932 3368 1927 3368 1927 3369 1932 3369 1918 3369 1861 3370 1933 3370 1929 3370 1929 3371 1933 3371 866 3371 1850 3372 1934 3372 1923 3372 1923 3373 1934 3373 1924 3373 969 3374 1935 3374 1932 3374 1932 3375 1935 3375 1918 3375 1918 3376 1935 3376 1936 3376 1933 3377 1937 3377 866 3377 1861 3378 1937 3378 1933 3378 1867 3379 1937 3379 1861 3379 866 3380 1937 3380 868 3380 1870 3381 1938 3381 1867 3381 1867 3382 1938 3382 1937 3382 1937 3383 1938 3383 868 3383 1935 3384 1939 3384 1936 3384 1936 3385 1939 3385 1940 3385 969 3386 1939 3386 1935 3386 971 3387 1939 3387 969 3387 1865 3388 1941 3388 1930 3388 1930 3389 1941 3389 1931 3389 1938 3390 1942 3390 868 3390 1870 3391 1942 3391 1938 3391 1939 3392 1943 3392 1940 3392 971 3393 1943 3393 1939 3393 1924 3394 1944 3394 1945 3394 1934 3395 1944 3395 1924 3395 1875 3396 1944 3396 1850 3396 1850 3397 1944 3397 1934 3397 971 3398 1946 3398 1943 3398 1943 3399 1946 3399 1940 3399 1940 3400 1946 3400 1947 3400 1875 3401 1948 3401 1944 3401 1944 3402 1948 3402 1945 3402 1945 3403 1948 3403 1949 3403 1942 3404 1950 3404 868 3404 1870 3405 1950 3405 1942 3405 868 3406 1950 3406 870 3406 1875 3407 1951 3407 1948 3407 1948 3408 1951 3408 1949 3408 1941 3409 1952 3409 1931 3409 1865 3410 1952 3410 1941 3410 1873 3411 1952 3411 1865 3411 1931 3412 1952 3412 1953 3412 971 3413 1954 3413 1946 3413 1946 3414 1954 3414 1947 3414 973 3415 1954 3415 971 3415 1947 3416 1954 3416 1955 3416 1875 3417 1956 3417 1951 3417 1951 3418 1956 3418 1949 3418 1949 3419 1956 3419 1957 3419 1875 3420 1958 3420 1956 3420 1957 3421 1958 3421 1959 3421 1956 3422 1958 3422 1957 3422 1954 3423 1960 3423 1955 3423 973 3424 1960 3424 1954 3424 1959 3425 1961 3425 1962 3425 1875 3426 1961 3426 1958 3426 1887 3427 1961 3427 1875 3427 1958 3428 1961 3428 1959 3428 1870 3429 1963 3429 1950 3429 1881 3430 1963 3430 1870 3430 870 3431 1963 3431 872 3431 1950 3432 1963 3432 870 3432 1955 3433 1964 3433 1965 3433 1960 3434 1964 3434 1955 3434 973 3435 1964 3435 1960 3435 975 3436 1964 3436 973 3436 1952 3437 1966 3437 1953 3437 1893 3438 1966 3438 1873 3438 1873 3439 1966 3439 1952 3439 1881 3440 1967 3440 1963 3440 1963 3441 1967 3441 872 3441 1895 3442 1968 3442 1893 3442 1893 3443 1968 3443 1966 3443 1901 3444 1969 3444 1881 3444 872 3445 1969 3445 874 3445 1967 3446 1969 3446 872 3446 1881 3447 1969 3447 1967 3447 1895 3448 1970 3448 1968 3448 1961 3449 1971 3449 1962 3449 1887 3450 1971 3450 1961 3450 1895 3451 1972 3451 1970 3451 1903 3452 1972 3452 1895 3452 1964 3453 1973 3453 1965 3453 977 3454 1973 3454 975 3454 975 3455 1973 3455 1964 3455 1901 3456 1974 3456 1969 3456 1905 3457 1974 3457 1901 3457 1969 3458 1974 3458 874 3458 1903 3459 1975 3459 1972 3459 1909 3460 1975 3460 1903 3460 1905 3461 1976 3461 1974 3461 1974 3462 1976 3462 874 3462 1976 3463 1977 3463 874 3463 1905 3464 1977 3464 1976 3464 1913 3465 1977 3465 1905 3465 874 3466 1977 3466 876 3466 1965 3467 1978 3467 1979 3467 977 3468 1978 3468 1973 3468 1973 3469 1978 3469 1965 3469 1962 3470 1980 3470 1981 3470 1887 3471 1980 3471 1971 3471 1911 3472 1980 3472 1887 3472 1971 3473 1980 3473 1962 3473 1978 3474 1982 3474 1979 3474 977 3475 1982 3475 1978 3475 1977 3476 1983 3476 876 3476 1916 3477 1983 3477 1913 3477 1913 3478 1983 3478 1977 3478 1979 3479 1984 3479 1985 3479 1982 3480 1984 3480 1979 3480 977 3481 1984 3481 1982 3481 979 3482 1984 3482 977 3482 1983 3483 1986 3483 876 3483 1916 3484 1986 3484 1983 3484 1985 3485 1987 3485 1988 3485 1984 3486 1987 3486 1985 3486 979 3487 1987 3487 1984 3487 1981 3488 1989 3488 1990 3488 1911 3489 1989 3489 1980 3489 1980 3490 1989 3490 1981 3490 1986 3491 1991 3491 876 3491 1916 3492 1991 3492 1986 3492 876 3493 1991 3493 878 3493 1990 3494 1992 3494 1993 3494 1989 3495 1992 3495 1990 3495 1911 3496 1992 3496 1989 3496 979 3497 1994 3497 1987 3497 1987 3498 1994 3498 1988 3498 1911 3499 1995 3499 1992 3499 1992 3500 1995 3500 1993 3500 1909 3501 1996 3501 1975 3501 1918 3502 1996 3502 1909 3502 1988 3503 1997 3503 1998 3503 1994 3504 1997 3504 1988 3504 979 3505 1997 3505 1994 3505 981 3506 1997 3506 979 3506 1911 3507 1999 3507 1995 3507 1995 3508 1999 3508 1993 3508 1993 3509 1999 3509 2000 3509 1931 3510 2001 3510 1911 3510 2000 3511 2001 3511 2002 3511 1911 3512 2001 3512 1999 3512 1999 3513 2001 3513 2000 3513 1998 3514 2003 3514 2004 3514 1997 3515 2003 3515 1998 3515 981 3516 2003 3516 1997 3516 1991 3517 2005 3517 878 3517 1916 3518 2005 3518 1991 3518 878 3519 2005 3519 880 3519 1924 3520 2005 3520 1916 3520 2003 3521 2006 3521 2004 3521 981 3522 2006 3522 2003 3522 1996 3523 2007 3523 2008 3523 1918 3524 2007 3524 1996 3524 1936 3525 2007 3525 1918 3525 1924 3526 2009 3526 2005 3526 2005 3527 2009 3527 880 3527 2004 3528 2010 3528 2011 3528 2006 3529 2010 3529 2004 3529 981 3530 2010 3530 2006 3530 983 3531 2010 3531 981 3531 1940 3532 2012 3532 1936 3532 1936 3533 2012 3533 2007 3533 1945 3534 2013 3534 1924 3534 880 3535 2013 3535 881 3535 1924 3536 2013 3536 2009 3536 2009 3537 2013 3537 880 3537 1931 3538 2014 3538 2001 3538 2001 3539 2014 3539 2002 3539 1940 3540 2015 3540 2012 3540 2011 3541 2016 3541 2017 3541 2010 3542 2016 3542 2011 3542 983 3543 2016 3543 2010 3543 1947 3544 2018 3544 1940 3544 1940 3545 2018 3545 2015 3545 1945 3546 2019 3546 2013 3546 1949 3547 2019 3547 1945 3547 2013 3548 2019 3548 881 3548 983 3549 2020 3549 2016 3549 2016 3550 2020 3550 2017 3550 1949 3551 2021 3551 2019 3551 2019 3552 2021 3552 881 3552 1947 3553 2022 3553 2018 3553 1955 3554 2022 3554 1947 3554 2017 3555 2023 3555 2024 3555 983 3556 2023 3556 2020 3556 2020 3557 2023 3557 2017 3557 985 3558 2023 3558 983 3558 2002 3559 2025 3559 2026 3559 1953 3560 2025 3560 1931 3560 1931 3561 2025 3561 2014 3561 2014 3562 2025 3562 2002 3562 881 3563 2027 3563 882 3563 1957 3564 2027 3564 1949 3564 2021 3565 2027 3565 881 3565 1949 3566 2027 3566 2021 3566 985 3567 2028 3567 2023 3567 2024 3568 2028 3568 2029 3568 2023 3569 2028 3569 2024 3569 2027 3570 2030 3570 882 3570 1957 3571 2030 3571 2027 3571 985 3572 2031 3572 2028 3572 2028 3573 2031 3573 2029 3573 2030 3574 2032 3574 882 3574 1957 3575 2032 3575 2030 3575 1959 3576 2032 3576 1957 3576 985 3577 2033 3577 2031 3577 2031 3578 2033 3578 2029 3578 2029 3579 2033 3579 2034 3579 987 3580 2033 3580 985 3580 1962 3581 2035 3581 1959 3581 2032 3582 2035 3582 882 3582 882 3583 2035 3583 879 3583 1959 3584 2035 3584 2032 3584 2026 3585 2036 3585 2037 3585 1953 3586 2036 3586 2025 3586 2025 3587 2036 3587 2026 3587 1962 3588 2038 3588 2035 3588 2035 3589 2038 3589 879 3589 2034 3590 2039 3590 2040 3590 2033 3591 2039 3591 2034 3591 987 3592 2039 3592 2033 3592 2037 3593 2041 3593 2042 3593 2036 3594 2041 3594 2037 3594 987 3595 2043 3595 2039 3595 2039 3596 2043 3596 2040 3596 2041 3597 2044 3597 2042 3597 1965 3598 2045 3598 1955 3598 1955 3599 2045 3599 2022 3599 1981 3600 2046 3600 1962 3600 1962 3601 2046 3601 2038 3601 2038 3602 2046 3602 879 3602 879 3603 2046 3603 877 3603 2043 3604 2047 3604 2040 3604 2040 3605 2047 3605 2048 3605 987 3606 2047 3606 2043 3606 2042 3607 2049 3607 2050 3607 2044 3608 2049 3608 2042 3608 2050 3609 2051 3609 2052 3609 2049 3610 2051 3610 2050 3610 987 3611 2053 3611 2047 3611 2048 3612 2053 3612 2054 3612 2047 3613 2053 3613 2048 3613 989 3614 2053 3614 987 3614 2053 3615 2055 3615 2054 3615 989 3616 2055 3616 2053 3616 1965 3617 2056 3617 2045 3617 1979 3618 2056 3618 1965 3618 2045 3619 2056 3619 2057 3619 2046 3620 2058 3620 877 3620 1981 3621 2058 3621 2046 3621 877 3622 2058 3622 875 3622 2054 3623 2059 3623 2060 3623 2055 3624 2059 3624 2054 3624 989 3625 2059 3625 2055 3625 1979 3626 2061 3626 2056 3626 1979 3627 2062 3627 2061 3627 1985 3628 2062 3628 1979 3628 1981 3629 2063 3629 2058 3629 2058 3630 2063 3630 875 3630 989 3631 2064 3631 2059 3631 2059 3632 2064 3632 2060 3632 991 3633 2064 3633 989 3633 1985 3634 2065 3634 2062 3634 1981 3635 2066 3635 2063 3635 1990 3636 2066 3636 1981 3636 2063 3637 2066 3637 875 3637 1988 3638 2067 3638 1985 3638 1985 3639 2067 3639 2065 3639 2064 3640 2068 3640 2060 3640 991 3641 2068 3641 2064 3641 1993 3642 2069 3642 1990 3642 875 3643 2069 3643 873 3643 1990 3644 2069 3644 2066 3644 2066 3645 2069 3645 875 3645 1988 3646 2070 3646 2067 3646 2052 3647 2071 3647 2072 3647 2051 3648 2071 3648 2052 3648 2069 3649 2073 3649 873 3649 1993 3650 2073 3650 2069 3650 1998 3651 2074 3651 1988 3651 1988 3652 2074 3652 2070 3652 2068 3653 2075 3653 2060 3653 991 3654 2075 3654 2068 3654 993 3655 2075 3655 991 3655 2073 3656 2076 3656 873 3656 1993 3657 2076 3657 2073 3657 2000 3658 2076 3658 1993 3658 1998 3659 2077 3659 2074 3659 2004 3660 2078 3660 1998 3660 1998 3661 2078 3661 2077 3661 993 3662 2079 3662 2075 3662 2076 3663 2080 3663 873 3663 2000 3664 2080 3664 2076 3664 2002 3665 2080 3665 2000 3665 873 3666 2080 3666 871 3666 2072 3667 2081 3667 2082 3667 2071 3668 2081 3668 2072 3668 2008 3669 2081 3669 2071 3669 2002 3670 2083 3670 2080 3670 2080 3671 2083 3671 871 3671 997 3672 2084 3672 995 3672 993 3673 2084 3673 2079 3673 995 3674 2084 3674 993 3674 2082 3675 2085 3675 2086 3675 2081 3676 2085 3676 2082 3676 2085 3677 2087 3677 2086 3677 2002 3678 2088 3678 2083 3678 2026 3679 2088 3679 2002 3679 871 3680 2088 3680 869 3680 2083 3681 2088 3681 871 3681 2087 3682 2089 3682 2086 3682 2086 3683 2089 3683 2090 3683 2089 3684 2091 3684 2090 3684 2090 3685 2091 3685 2092 3685 2088 3686 2093 3686 869 3686 2026 3687 2093 3687 2088 3687 869 3688 2093 3688 867 3688 2026 3689 2094 3689 2093 3689 2093 3690 2094 3690 867 3690 2037 3691 2095 3691 2026 3691 2094 3692 2095 3692 867 3692 2026 3693 2095 3693 2094 3693 2042 3694 2096 3694 2037 3694 867 3695 2096 3695 865 3695 2095 3696 2096 3696 867 3696 2037 3697 2096 3697 2095 3697 2092 3698 2097 3698 2098 3698 2091 3699 2097 3699 2092 3699 2096 3700 2099 3700 865 3700 2042 3701 2099 3701 2096 3701 2099 3702 2100 3702 865 3702 2050 3703 2100 3703 2042 3703 2042 3704 2100 3704 2099 3704 2100 3705 2101 3705 865 3705 2050 3706 2101 3706 2100 3706 2052 3707 2101 3707 2050 3707 865 3708 2101 3708 863 3708 2098 3709 2102 3709 2103 3709 2057 3710 2102 3710 2097 3710 2097 3711 2102 3711 2098 3711 2101 3712 2104 3712 863 3712 2052 3713 2104 3713 2101 3713 2102 3714 2105 3714 2103 3714 2103 3715 2106 3715 2107 3715 2105 3716 2106 3716 2103 3716 2052 3717 2108 3717 2104 3717 2104 3718 2108 3718 863 3718 863 3719 2108 3719 861 3719 2072 3720 2108 3720 2052 3720 2106 3721 2109 3721 2107 3721 2107 3722 2110 3722 2111 3722 2109 3723 2110 3723 2107 3723 2110 3724 2112 3724 2111 3724 2060 3725 2113 3725 2114 3725 2108 3726 2115 3726 861 3726 2072 3727 2115 3727 2108 3727 861 3728 2115 3728 859 3728 2111 3729 2116 3729 2117 3729 2112 3730 2116 3730 2111 3730 2060 3731 2118 3731 2113 3731 2116 3732 2119 3732 2117 3732 2072 3733 2120 3733 2115 3733 2115 3734 2120 3734 859 3734 2117 3735 2121 3735 2122 3735 2119 3736 2121 3736 2117 3736 2072 3737 2123 3737 2120 3737 2082 3738 2123 3738 2072 3738 2120 3739 2123 3739 859 3739 2123 3740 2124 3740 859 3740 859 3741 2124 3741 857 3741 2082 3742 2124 3742 2123 3742 2086 3743 2124 3743 2082 3743 2124 3744 2125 3744 857 3744 2086 3745 2125 3745 2124 3745 2086 3746 2126 3746 2125 3746 2125 3747 2126 3747 857 3747 2090 3748 2126 3748 2086 3748 2090 3749 2127 3749 2126 3749 2126 3750 2127 3750 857 3750 857 3751 2127 3751 855 3751 2092 3752 2127 3752 2090 3752 2092 3753 2128 3753 2127 3753 2127 3754 2128 3754 855 3754 2098 3755 2129 3755 2092 3755 2128 3756 2129 3756 855 3756 2092 3757 2129 3757 2128 3757 855 3758 2129 3758 853 3758 2098 3759 2130 3759 2129 3759 2129 3760 2130 3760 853 3760 853 3761 2130 3761 851 3761 2118 3762 2131 3762 2113 3762 2132 3763 2131 3763 2118 3763 2103 3764 2133 3764 2098 3764 2098 3765 2133 3765 2130 3765 2130 3766 2133 3766 851 3766 2103 3767 2134 3767 2133 3767 2133 3768 2134 3768 851 3768 2107 3769 2135 3769 2103 3769 2134 3770 2135 3770 851 3770 2103 3771 2135 3771 2134 3771 851 3772 2135 3772 849 3772 2111 3773 2136 3773 2107 3773 2107 3774 2136 3774 2135 3774 2135 3775 2136 3775 849 3775 2111 3776 2137 3776 2136 3776 2136 3777 2137 3777 849 3777 2131 3778 2138 3778 2139 3778 2140 3779 2138 3779 2131 3779 2141 3780 2142 3780 2143 3780 2117 3781 2144 3781 2111 3781 2111 3782 2144 3782 2137 3782 2137 3783 2144 3783 849 3783 849 3784 2144 3784 847 3784 2131 3785 2145 3785 2140 3785 2132 3786 2145 3786 2131 3786 2140 3787 2145 3787 2146 3787 2132 3788 2147 3788 2145 3788 2145 3789 2147 3789 2146 3789 2122 3790 2148 3790 2117 3790 2117 3791 2148 3791 2144 3791 2144 3792 2148 3792 847 3792 2149 3793 2150 3793 2132 3793 2146 3794 2150 3794 2151 3794 2132 3795 2150 3795 2147 3795 2147 3796 2150 3796 2146 3796 2122 3797 2152 3797 2148 3797 2148 3798 2152 3798 847 3798 2152 3799 2153 3799 847 3799 2154 3800 2153 3800 2122 3800 2122 3801 2153 3801 2152 3801 847 3802 2153 3802 845 3802 2151 3803 2155 3803 2156 3803 2150 3804 2155 3804 2151 3804 2149 3805 2155 3805 2150 3805 2149 3806 2157 3806 2155 3806 2155 3807 2157 3807 2156 3807 2157 3808 2158 3808 2156 3808 2149 3809 2158 3809 2157 3809 2159 3810 2158 3810 2149 3810 2156 3811 2158 3811 2160 3811 2153 3812 2161 3812 845 3812 2154 3813 2161 3813 2153 3813 2162 3814 2161 3814 2154 3814 2161 3815 2163 3815 845 3815 2162 3816 2163 3816 2161 3816 2162 3817 2164 3817 2163 3817 2163 3818 2164 3818 845 3818 2165 3819 2164 3819 2162 3819 845 3820 2164 3820 843 3820 2158 3821 2166 3821 2160 3821 2159 3822 2166 3822 2158 3822 2160 3823 2166 3823 2167 3823 2138 3824 2168 3824 2139 3824 2140 3825 2168 3825 2138 3825 2159 3826 2169 3826 2166 3826 2166 3827 2169 3827 2167 3827 996 3828 2170 3828 998 3828 994 3829 2170 3829 996 3829 2165 3830 2171 3830 2164 3830 2164 3831 2171 3831 843 3831 2172 3832 2171 3832 2165 3832 2159 3833 2173 3833 2169 3833 2174 3834 2173 3834 2159 3834 2167 3835 2173 3835 2175 3835 2169 3836 2173 3836 2167 3836 2171 3837 2176 3837 843 3837 2172 3838 2176 3838 2171 3838 994 3839 2177 3839 2170 3839 2173 3840 2178 3840 2175 3840 2174 3841 2178 3841 2173 3841 2175 3842 2178 3842 2179 3842 2180 3843 2181 3843 2172 3843 2176 3844 2181 3844 843 3844 2172 3845 2181 3845 2176 3845 843 3846 2181 3846 841 3846 2174 3847 2182 3847 2178 3847 2178 3848 2182 3848 2179 3848 994 3849 2183 3849 2177 3849 2182 3850 2184 3850 2179 3850 2174 3851 2184 3851 2182 3851 2179 3852 2184 3852 2185 3852 2186 3853 2187 3853 2180 3853 2180 3854 2187 3854 2181 3854 2181 3855 2187 3855 841 3855 2186 3856 2188 3856 2187 3856 2187 3857 2188 3857 841 3857 2183 3858 2189 3858 2190 3858 992 3859 2191 3859 994 3859 994 3860 2191 3860 2183 3860 2183 3861 2191 3861 2189 3861 2192 3862 2193 3862 2174 3862 2174 3863 2193 3863 2184 3863 2184 3864 2193 3864 2185 3864 2185 3865 2193 3865 2194 3865 2195 3866 2196 3866 2186 3866 2186 3867 2196 3867 2188 3867 2188 3868 2196 3868 841 3868 990 3869 2197 3869 992 3869 992 3870 2197 3870 2191 3870 2192 3871 2198 3871 2193 3871 2193 3872 2198 3872 2194 3872 2168 3873 2199 3873 2200 3873 2140 3874 2199 3874 2168 3874 2146 3875 2199 3875 2140 3875 2168 3876 2201 3876 2142 3876 2200 3877 2201 3877 2168 3877 2142 3878 2201 3878 2143 3878 1060 3879 2202 3879 1058 3879 1073 3880 2202 3880 1060 3880 2189 3881 2202 3881 2190 3881 2191 3882 2202 3882 2189 3882 2197 3883 2202 3883 2191 3883 2194 3884 2203 3884 2204 3884 2198 3885 2203 3885 2194 3885 2192 3886 2203 3886 2198 3886 2195 3887 2205 3887 2196 3887 2206 3888 2205 3888 2195 3888 2196 3889 2205 3889 841 3889 841 3890 2205 3890 839 3890 2146 3891 2207 3891 2199 3891 2199 3892 2207 3892 2200 3892 1058 3893 2208 3893 1061 3893 2202 3894 2208 3894 1058 3894 2197 3895 2208 3895 2202 3895 1061 3896 2209 3896 1063 3896 2197 3897 2209 3897 2208 3897 1063 3898 2209 3898 1065 3898 1065 3899 2209 3899 1056 3899 988 3900 2209 3900 990 3900 1056 3901 2209 3901 986 3901 986 3902 2209 3902 988 3902 2208 3903 2209 3903 1061 3903 990 3904 2209 3904 2197 3904 2205 3905 2210 3905 839 3905 2206 3906 2210 3906 2205 3906 2207 3907 2211 3907 2200 3907 2151 3908 2211 3908 2146 3908 2146 3909 2211 3909 2207 3909 2200 3910 2211 3910 2212 3910 2203 3911 2213 3911 2204 3911 2192 3912 2213 3912 2203 3912 2214 3913 2213 3913 2192 3913 2204 3914 2213 3914 2215 3914 2210 3915 2216 3915 839 3915 2143 3916 2216 3916 2206 3916 2206 3917 2216 3917 2210 3917 2214 3918 2217 3918 2213 3918 2213 3919 2217 3919 2215 3919 2214 3920 2218 3920 2217 3920 2217 3921 2218 3921 2215 3921 2215 3922 2218 3922 2219 3922 2211 3923 2220 3923 2212 3923 2156 3924 2220 3924 2151 3924 2151 3925 2220 3925 2211 3925 2143 3926 2221 3926 2216 3926 2216 3927 2221 3927 839 3927 839 3928 2221 3928 837 3928 2220 3929 2222 3929 2212 3929 2156 3930 2222 3930 2220 3930 2212 3931 2223 3931 2224 3931 2156 3932 2223 3932 2222 3932 2160 3933 2223 3933 2156 3933 2222 3934 2223 3934 2212 3934 2143 3935 2225 3935 2221 3935 2221 3936 2225 3936 837 3936 2160 3937 2226 3937 2223 3937 2223 3938 2226 3938 2224 3938 2167 3939 2226 3939 2160 3939 2167 3940 2227 3940 2226 3940 2226 3941 2227 3941 2224 3941 2143 3942 2228 3942 2225 3942 837 3943 2228 3943 835 3943 2225 3944 2228 3944 837 3944 2224 3945 2229 3945 2230 3945 2227 3946 2229 3946 2224 3946 2167 3947 2229 3947 2227 3947 2175 3948 2229 3948 2167 3948 2228 3949 2231 3949 835 3949 2229 3950 2232 3950 2230 3950 2175 3951 2232 3951 2229 3951 2179 3952 2232 3952 2175 3952 2231 3953 2233 3953 835 3953 835 3954 2233 3954 833 3954 833 3955 2233 3955 831 3955 2179 3956 2234 3956 2232 3956 2232 3957 2234 3957 2230 3957 2214 3958 2235 3958 2218 3958 2218 3959 2235 3959 2219 3959 2236 3960 2235 3960 2214 3960 2234 3961 2237 3961 2230 3961 2179 3962 2237 3962 2234 3962 2185 3963 2237 3963 2179 3963 2230 3964 2238 3964 2239 3964 2237 3965 2238 3965 2230 3965 2185 3966 2238 3966 2237 3966 2194 3967 2238 3967 2185 3967 2194 3968 2240 3968 2238 3968 2238 3969 2240 3969 2239 3969 2204 3970 2241 3970 2194 3970 2239 3971 2241 3971 2242 3971 2194 3972 2241 3972 2240 3972 2240 3973 2241 3973 2239 3973 2204 3974 2243 3974 2241 3974 2241 3975 2243 3975 2242 3975 2215 3976 2243 3976 2204 3976 2243 3977 2244 3977 2242 3977 2215 3978 2244 3978 2243 3978 2219 3979 2245 3979 2215 3979 2244 3980 2245 3980 2242 3980 2215 3981 2245 3981 2244 3981 2235 3982 2246 3982 2219 3982 2247 3983 2246 3983 2235 3983 1072 3984 2248 3984 2236 3984 2236 3985 2248 3985 2235 3985 2235 3986 2248 3986 2247 3986 1072 3987 2249 3987 2248 3987 1067 3988 2250 3988 1066 3988 1100 3989 2250 3989 1102 3989 1102 3990 2250 3990 1017 3990 1064 3991 2250 3991 1062 3991 1066 3992 2250 3992 1064 3992 1017 3993 2250 3993 1067 3993 1062 3994 2250 3994 1076 3994 2250 3995 2251 3995 1076 3995 1100 3996 2251 3996 2250 3996 2246 3997 2252 3997 2219 3997 2245 3998 2252 3998 2242 3998 2247 3999 2252 3999 2246 3999 2219 4000 2252 4000 2245 4000 2251 4001 2253 4001 1076 4001 1076 4002 2253 4002 1075 4002 1108 4003 2254 4003 1101 4003 1100 4004 2254 4004 2251 4004 1101 4005 2254 4005 1100 4005 2251 4006 2254 4006 2253 4006 1074 4007 2255 4007 1071 4007 2253 4008 2255 4008 1075 4008 1075 4009 2255 4009 1074 4009 2253 4010 2256 4010 2255 4010 1109 4011 2257 4011 1108 4011 1108 4012 2257 4012 2254 4012 2254 4013 2257 4013 2253 4013 2253 4014 2257 4014 2256 4014 2257 4015 2258 4015 2256 4015 2256 4016 2258 4016 2255 4016 1109 4017 2259 4017 2257 4017 2257 4018 2259 4018 2258 4018 1024 4019 2260 4019 1022 4019 1022 4020 2260 4020 1109 4020 1109 4021 2260 4021 2259 4021 2252 4022 2261 4022 2242 4022 2252 4023 2262 4023 2261 4023 2261 4024 2262 4024 1079 4024 2247 4025 2262 4025 2252 4025 2262 4026 2263 4026 1079 4026 808 4027 2264 4027 806 4027 806 4028 2264 4028 804 4028 1155 4029 2265 4029 1043 4029 1043 4030 2265 4030 1041 4030 2264 4031 2266 4031 804 4031 1155 4032 2267 4032 2265 4032 2266 4033 2268 4033 804 4033 1080 4034 2269 4034 1082 4034 1077 4035 2269 4035 1080 4035 2270 4036 2271 4036 2268 4036 2272 4037 2273 4037 2269 4037 804 4038 2274 4038 802 4038 2268 4039 2274 4039 804 4039 2271 4040 2274 4040 2268 4040 1161 4041 2275 4041 1155 4041 2267 4042 2275 4042 2272 4042 2272 4043 2275 4043 2273 4043 1155 4044 2275 4044 2267 4044 1083 4045 2276 4045 1081 4045 1086 4046 2276 4046 1083 4046 2270 4047 2276 4047 2271 4047 2271 4048 2276 4048 2274 4048 2269 4049 2277 4049 1082 4049 1082 4050 2277 4050 1084 4050 2273 4051 2277 4051 2269 4051 2275 4052 2277 4052 2273 4052 1184 4053 2278 4053 1162 4053 1162 4054 2278 4054 1161 4054 1161 4055 2278 4055 2275 4055 2275 4056 2278 4056 2277 4056 1184 4057 2279 4057 2278 4057 2277 4058 2279 4058 1084 4058 2278 4059 2279 4059 2277 4059 802 4060 2280 4060 800 4060 2274 4061 2280 4061 802 4061 2276 4062 2280 4062 2274 4062 1049 4063 2281 4063 1183 4063 1183 4064 2281 4064 1184 4064 1084 4065 2281 4065 1087 4065 1184 4066 2281 4066 2279 4066 1087 4067 2281 4067 1089 4067 1089 4068 2281 4068 1091 4068 1091 4069 2281 4069 1093 4069 2279 4070 2281 4070 1084 4070 1093 4071 2281 4071 1049 4071 1088 4072 2282 4072 1086 4072 1086 4073 2282 4073 2276 4073 2276 4074 2282 4074 2280 4074 796 4075 2283 4075 1094 4075 800 4076 2283 4076 798 4076 798 4077 2283 4077 796 4077 1088 4078 2283 4078 2282 4078 2282 4079 2283 4079 2280 4079 1090 4080 2283 4080 1088 4080 1092 4081 2283 4081 1090 4081 1094 4082 2283 4082 1092 4082 2280 4083 2283 4083 800 4083 1337 4084 2284 4084 1334 4084 1342 4085 2284 4085 1340 4085 1311 4086 2284 4086 1290 4086 2285 4087 2284 4087 1342 4087 1334 4088 2284 4088 1332 4088 1340 4089 2284 4089 1337 4089 1332 4090 2284 4090 1311 4090 1290 4091 2286 4091 1377 4091 1402 4092 2286 4092 1406 4092 2284 4093 2286 4093 1290 4093 2285 4094 2286 4094 2284 4094 1395 4095 2286 4095 1399 4095 1399 4096 2286 4096 1402 4096 1409 4097 2286 4097 2285 4097 1406 4098 2286 4098 1409 4098 1377 4099 2286 4099 1395 4099 1375 4100 2287 4100 1374 4100 1374 4101 2287 4101 1350 4101 1342 4102 2287 4102 2285 4102 1379 4103 2287 4103 1375 4103 1350 4104 2287 4104 1342 4104 2288 4105 2289 4105 1414 4105 1381 4106 2289 4106 1379 4106 1383 4107 2289 4107 1381 4107 1403 4108 2289 4108 1383 4108 1379 4109 2289 4109 2287 4109 2287 4110 2289 4110 2290 4110 1414 4111 2289 4111 1403 4111 1409 4112 2291 4112 1417 4112 1417 4113 2291 4113 1435 4113 1435 4114 2291 4114 1439 4114 1439 4115 2291 4115 1444 4115 2290 4116 2291 4116 2287 4116 2287 4117 2291 4117 2285 4117 2285 4118 2291 4118 1409 4118 2290 4119 2292 4119 2291 4119 2288 4120 2292 4120 2289 4120 1449 4121 2292 4121 1470 4121 1470 4122 2292 4122 1480 4122 1480 4123 2292 4123 2288 4123 2291 4124 2292 4124 1444 4124 2289 4125 2292 4125 2290 4125 1444 4126 2292 4126 1447 4126 1447 4127 2292 4127 1449 4127 1416 4128 2293 4128 1414 4128 1414 4129 2293 4129 2288 4129 1420 4130 2293 4130 1416 4130 1422 4131 2293 4131 1420 4131 1445 4132 2293 4132 1424 4132 1424 4133 2293 4133 1422 4133 1455 4134 2293 4134 1445 4134 2293 4135 2294 4135 2288 4135 1495 4136 2294 4136 1512 4136 1480 4137 2294 4137 1482 4137 1482 4138 2294 4138 1487 4138 2288 4139 2294 4139 1480 4139 1491 4140 2294 4140 1495 4140 1487 4141 2294 4141 1491 4141 1512 4142 2294 4142 1455 4142 1455 4143 2294 4143 2293 4143 1665 4144 2295 4144 1646 4144 1646 4145 2295 4145 1637 4145 1672 4146 2295 4146 1669 4146 1669 4147 2295 4147 1665 4147 1637 4148 2295 4148 1628 4148 1707 4149 2296 4149 1700 4149 1672 4150 2296 4150 2295 4150 1675 4151 2296 4151 1672 4151 1711 4152 2296 4152 1707 4152 1679 4153 2296 4153 1675 4153 1700 4154 2296 4154 1679 4154 2295 4155 2296 4155 2297 4155 1732 4156 2298 4156 1736 4156 1736 4157 2298 4157 1740 4157 1704 4158 2298 4158 1712 4158 1628 4159 2298 4159 1704 4159 1712 4160 2298 4160 1732 4160 2295 4161 2298 4161 1628 4161 2297 4162 2298 4162 2295 4162 2298 4163 2299 4163 1740 4163 1741 4164 2299 4164 1744 4164 1744 4165 2299 4165 1761 4165 2297 4166 2299 4166 2298 4166 1761 4167 2299 4167 1775 4167 1775 4168 2299 4168 1711 4168 1740 4169 2299 4169 1741 4169 2296 4170 2299 4170 2297 4170 1711 4171 2299 4171 2296 4171 1746 4172 2300 4172 1727 4172 1751 4173 2300 4173 1748 4173 1754 4174 2300 4174 1751 4174 1756 4175 2300 4175 1754 4175 1768 4176 2300 4176 1756 4176 1748 4177 2300 4177 1746 4177 1727 4178 2300 4178 1711 4178 1820 4179 2301 4179 1825 4179 1828 4180 2301 4180 1768 4180 1790 4181 2301 4181 1812 4181 1825 4182 2301 4182 1828 4182 1711 4183 2301 4183 1790 4183 2300 4184 2301 4184 1711 4184 1768 4185 2301 4185 2300 4185 1812 4186 2301 4186 1818 4186 1818 4187 2301 4187 1820 4187 1794 4188 2302 4188 1792 4188 1797 4189 2302 4189 1794 4189 1785 4190 2302 4190 1767 4190 1809 4191 2302 4191 1797 4191 1767 4192 2302 4192 1768 4192 1787 4193 2302 4193 1785 4193 1792 4194 2302 4194 1787 4194 1768 4195 2303 4195 1836 4195 1809 4196 2303 4196 2302 4196 2302 4197 2303 4197 1768 4197 1855 4198 2303 4198 1860 4198 1836 4199 2303 4199 1855 4199 1860 4200 2303 4200 1863 4200 1863 4201 2303 4201 1866 4201 1869 4202 2303 4202 1809 4202 1866 4203 2303 4203 1869 4203 1968 4204 2304 4204 1966 4204 1972 4205 2304 4205 1970 4205 1970 4206 2304 4206 1968 4206 1975 4207 2304 4207 1972 4207 2008 4208 2304 4208 1996 4208 1966 4209 2304 4209 1953 4209 1996 4210 2304 4210 1975 4210 2008 4211 2305 4211 2304 4211 1953 4212 2305 4212 2036 4212 2304 4213 2305 4213 1953 4213 2036 4214 2305 4214 2041 4214 2044 4215 2305 4215 2049 4215 2041 4216 2305 4216 2044 4216 2049 4217 2305 4217 2051 4217 2071 4218 2305 4218 2008 4218 2051 4219 2305 4219 2071 4219 2045 4220 2306 4220 2022 4220 2022 4221 2306 4221 2018 4221 2007 4222 2306 4222 2008 4222 2012 4223 2306 4223 2007 4223 2057 4224 2306 4224 2045 4224 2015 4225 2306 4225 2012 4225 2018 4226 2306 4226 2015 4226 2017 4227 2307 4227 2011 4227 2024 4228 2307 4228 2017 4228 2011 4229 2307 4229 2004 4229 2029 4230 2307 4230 2024 4230 2034 4231 2307 4231 2029 4231 2004 4232 2307 4232 2078 4232 2078 4233 2307 4233 2308 4233 2308 4234 2307 4234 2309 4234 2097 4235 2310 4235 2057 4235 2091 4236 2310 4236 2097 4236 2057 4237 2310 4237 2306 4237 2081 4238 2310 4238 2085 4238 2085 4239 2310 4239 2087 4239 2087 4240 2310 4240 2089 4240 2089 4241 2310 4241 2091 4241 2008 4242 2310 4242 2081 4242 2306 4243 2310 4243 2008 4243 2062 4244 2311 4244 2061 4244 2065 4245 2311 4245 2062 4245 2067 4246 2311 4246 2065 4246 2070 4247 2311 4247 2067 4247 2061 4248 2311 4248 2056 4248 2056 4249 2311 4249 2057 4249 2070 4250 2312 4250 2311 4250 2074 4251 2312 4251 2070 4251 2078 4252 2312 4252 2077 4252 2311 4253 2312 4253 2057 4253 2077 4254 2312 4254 2074 4254 2308 4255 2312 4255 2078 4255 2309 4256 2312 4256 2308 4256 2040 4257 2313 4257 2034 4257 2314 4258 2313 4258 2315 4258 2315 4259 2313 4259 2316 4259 2114 4260 2313 4260 2060 4260 2054 4261 2313 4261 2048 4261 2316 4262 2313 4262 2114 4262 2048 4263 2313 4263 2040 4263 2034 4264 2313 4264 2307 4264 2060 4265 2313 4265 2054 4265 999 4266 2317 4266 997 4266 1001 4267 2317 4267 999 4267 997 4268 2317 4268 2084 4268 2084 4269 2317 4269 2318 4269 2307 4270 2319 4270 2309 4270 2314 4271 2319 4271 2313 4271 2313 4272 2319 4272 2307 4272 2317 4273 2320 4273 2318 4273 1001 4274 2320 4274 2317 4274 2309 4275 2321 4275 2312 4275 2319 4276 2321 4276 2309 4276 1003 4277 2322 4277 1001 4277 2318 4278 2322 4278 2323 4278 1001 4279 2322 4279 2320 4279 2320 4280 2322 4280 2318 4280 2318 4281 2324 4281 2084 4281 2075 4282 2324 4282 2060 4282 2079 4283 2324 4283 2075 4283 2060 4284 2324 4284 2118 4284 2084 4285 2324 4285 2079 4285 1003 4286 2325 4286 2322 4286 2322 4287 2325 4287 2323 4287 1003 4288 2326 4288 2325 4288 2325 4289 2326 4289 2323 4289 2323 4290 2326 4290 2327 4290 2109 4291 2328 4291 2110 4291 2105 4292 2328 4292 2106 4292 2110 4293 2328 4293 2112 4293 2102 4294 2328 4294 2105 4294 2106 4295 2328 4295 2109 4295 2057 4296 2328 4296 2102 4296 2328 4297 2329 4297 2112 4297 2112 4298 2329 4298 2116 4298 2116 4299 2329 4299 2119 4299 2119 4300 2329 4300 2121 4300 2121 4301 2329 4301 2330 4301 2057 4302 2329 4302 2328 4302 2330 4303 2329 4303 2331 4303 1005 4304 2332 4304 1003 4304 1003 4305 2332 4305 2326 4305 2326 4306 2332 4306 2327 4306 2327 4307 2332 4307 2333 4307 1005 4308 2334 4308 2332 4308 2332 4309 2334 4309 2333 4309 2333 4310 2334 4310 2335 4310 1005 4311 2336 4311 2334 4311 2334 4312 2336 4312 2335 4312 2335 4313 2337 4313 2338 4313 1007 4314 2337 4314 1005 4314 2336 4315 2337 4315 2335 4315 1005 4316 2337 4316 2336 4316 2314 4317 2339 4317 2319 4317 2321 4318 2339 4318 2340 4318 2319 4319 2339 4319 2321 4319 1007 4320 2341 4320 2337 4320 2338 4321 2341 4321 2342 4321 2337 4322 2341 4322 2338 4322 2318 4323 2343 4323 2324 4323 2324 4324 2343 4324 2118 4324 1007 4325 2344 4325 2341 4325 2341 4326 2344 4326 2342 4326 1009 4327 2345 4327 1007 4327 2342 4328 2345 4328 2346 4328 1007 4329 2345 4329 2344 4329 2344 4330 2345 4330 2342 4330 2329 4331 2347 4331 2331 4331 2346 4332 2348 4332 2349 4332 2345 4333 2348 4333 2346 4333 1009 4334 2348 4334 2345 4334 2348 4335 2350 4335 2349 4335 1009 4336 2350 4336 2348 4336 1008 4337 2351 4337 1009 4337 1009 4338 2351 4338 2350 4338 2349 4339 2351 4339 2352 4339 2350 4340 2351 4340 2349 4340 1008 4341 2353 4341 2351 4341 2351 4342 2353 4342 2352 4342 2315 4343 2354 4343 2314 4343 2316 4344 2354 4344 2315 4344 2114 4345 2354 4345 2316 4345 2314 4346 2354 4346 2339 4346 2113 4347 2354 4347 2114 4347 2131 4348 2355 4348 2113 4348 2139 4349 2355 4349 2131 4349 2113 4350 2355 4350 2354 4350 2354 4351 2355 4351 2139 4351 1008 4352 2356 4352 2353 4352 2352 4353 2356 4353 2357 4353 2353 4354 2356 4354 2352 4354 2318 4355 2358 4355 2343 4355 2323 4356 2358 4356 2318 4356 2118 4357 2358 4357 2132 4357 2327 4358 2358 4358 2323 4358 2343 4359 2358 4359 2118 4359 2354 4360 2359 4360 2339 4360 2139 4361 2359 4361 2354 4361 2339 4362 2359 4362 2340 4362 1006 4363 2360 4363 1008 4363 1008 4364 2360 4364 2356 4364 2356 4365 2360 4365 2357 4365 2357 4366 2360 4366 2361 4366 2327 4367 2362 4367 2358 4367 2358 4368 2362 4368 2132 4368 1006 4369 2363 4369 2360 4369 2360 4370 2363 4370 2361 4370 2327 4371 2364 4371 2362 4371 2362 4372 2364 4372 2132 4372 2333 4373 2364 4373 2327 4373 2359 4374 2365 4374 2340 4374 2340 4375 2365 4375 2347 4375 2363 4376 2366 4376 2361 4376 1006 4377 2366 4377 2363 4377 2361 4378 2366 4378 2367 4378 2364 4379 2368 4379 2132 4379 2333 4380 2368 4380 2364 4380 2132 4381 2369 4381 2149 4381 2368 4382 2369 4382 2132 4382 2333 4383 2369 4383 2368 4383 2335 4384 2369 4384 2333 4384 1004 4385 2370 4385 1006 4385 2366 4386 2370 4386 2367 4386 1006 4387 2370 4387 2366 4387 2367 4388 2370 4388 2371 4388 2372 4389 2373 4389 2365 4389 2365 4390 2373 4390 2347 4390 2347 4391 2373 4391 2331 4391 2335 4392 2374 4392 2369 4392 2369 4393 2374 4393 2149 4393 1004 4394 2375 4394 2370 4394 2370 4395 2375 4395 2371 4395 2338 4396 2376 4396 2335 4396 2335 4397 2376 4397 2374 4397 2374 4398 2376 4398 2149 4398 2371 4399 2377 4399 2378 4399 1004 4400 2377 4400 2375 4400 2375 4401 2377 4401 2371 4401 2162 4402 2379 4402 2165 4402 2165 4403 2379 4403 2172 4403 2172 4404 2379 4404 2180 4404 2122 4405 2379 4405 2154 4405 2373 4406 2379 4406 2331 4406 2121 4407 2379 4407 2122 4407 2154 4408 2379 4408 2162 4408 2330 4409 2379 4409 2121 4409 2331 4410 2379 4410 2330 4410 1002 4411 2380 4411 1004 4411 1004 4412 2380 4412 2377 4412 2377 4413 2380 4413 2378 4413 2378 4414 2380 4414 2381 4414 2338 4415 2382 4415 2376 4415 2376 4416 2382 4416 2149 4416 2149 4417 2382 4417 2159 4417 2342 4418 2382 4418 2338 4418 2380 4419 2383 4419 2381 4419 1002 4420 2383 4420 2380 4420 2346 4421 2384 4421 2342 4421 2342 4422 2384 4422 2382 4422 2382 4423 2384 4423 2159 4423 2346 4424 2385 4424 2384 4424 2384 4425 2385 4425 2159 4425 2365 4426 2386 4426 2372 4426 2387 4427 2386 4427 2388 4427 2359 4428 2386 4428 2365 4428 2372 4429 2386 4429 2387 4429 2139 4430 2386 4430 2359 4430 2388 4431 2386 4431 2141 4431 2141 4432 2386 4432 2142 4432 1000 4433 2389 4433 1002 4433 998 4434 2389 4434 1000 4434 2381 4435 2389 4435 2170 4435 2383 4436 2389 4436 2381 4436 1002 4437 2389 4437 2383 4437 2170 4438 2389 4438 998 4438 2386 4439 2390 4439 2142 4439 2142 4440 2390 4440 2168 4440 2168 4441 2390 4441 2139 4441 2139 4442 2390 4442 2386 4442 2349 4443 2391 4443 2346 4443 2159 4444 2391 4444 2174 4444 2346 4445 2391 4445 2385 4445 2385 4446 2391 4446 2159 4446 2391 4447 2392 4447 2174 4447 2349 4448 2392 4448 2391 4448 2352 4449 2393 4449 2349 4449 2349 4450 2393 4450 2392 4450 2392 4451 2393 4451 2174 4451 2393 4452 2394 4452 2174 4452 2352 4453 2394 4453 2393 4453 2174 4454 2394 4454 2192 4454 2357 4455 2394 4455 2352 4455 2180 4456 2395 4456 2186 4456 2372 4457 2395 4457 2373 4457 2379 4458 2395 4458 2180 4458 2186 4459 2395 4459 2195 4459 2206 4460 2395 4460 2143 4460 2195 4461 2395 4461 2206 4461 2388 4462 2395 4462 2387 4462 2387 4463 2395 4463 2372 4463 2143 4464 2395 4464 2141 4464 2141 4465 2395 4465 2388 4465 2373 4466 2395 4466 2379 4466 2357 4467 2396 4467 2394 4467 2361 4468 2396 4468 2357 4468 2394 4469 2396 4469 2192 4469 2396 4470 2397 4470 2192 4470 2361 4471 2397 4471 2396 4471 2397 4472 2398 4472 2192 4472 2367 4473 2398 4473 2361 4473 2361 4474 2398 4474 2397 4474 2192 4475 2398 4475 2214 4475 2367 4476 2399 4476 2398 4476 2398 4477 2399 4477 2214 4477 2371 4478 2399 4478 2367 4478 2371 4479 2400 4479 2399 4479 2399 4480 2400 4480 2214 4480 2371 4481 2401 4481 2400 4481 2400 4482 2401 4482 2214 4482 2378 4483 2401 4483 2371 4483 2378 4484 2402 4484 2401 4484 2401 4485 2402 4485 2214 4485 2214 4486 2402 4486 2236 4486 2381 4487 2402 4487 2378 4487 2402 4488 2403 4488 2236 4488 2381 4489 2403 4489 2402 4489 2403 4490 2404 4490 2236 4490 2381 4491 2404 4491 2403 4491 2170 4492 2404 4492 2381 4492 2236 4493 2404 4493 1072 4493 1072 4494 2405 4494 1070 4494 2170 4495 2405 4495 2404 4495 2177 4496 2405 4496 2170 4496 1070 4497 2405 4497 1073 4497 2404 4498 2405 4498 1072 4498 1073 4499 2405 4499 2202 4499 2190 4500 2405 4500 2183 4500 2183 4501 2405 4501 2177 4501 2202 4502 2405 4502 2190 4502 2233 4503 2406 4503 2407 4503 2231 4504 2406 4504 2233 4504 2143 4505 2406 4505 2228 4505 2228 4506 2406 4506 2231 4506 2201 4507 2406 4507 2143 4507 2201 4508 2408 4508 2406 4508 2406 4509 2408 4509 2407 4509 2407 4510 2409 4510 2410 4510 2408 4511 2409 4511 2407 4511 2200 4512 2409 4512 2201 4512 2201 4513 2409 4513 2408 4513 2409 4514 2411 4514 2410 4514 2200 4515 2411 4515 2409 4515 2410 4516 2411 4516 2412 4516 2411 4517 2413 4517 2412 4517 2200 4518 2413 4518 2411 4518 2412 4519 2414 4519 2415 4519 2200 4520 2414 4520 2413 4520 2413 4521 2414 4521 2412 4521 2415 4522 2416 4522 2417 4522 2414 4523 2416 4523 2415 4523 2200 4524 2416 4524 2414 4524 2212 4525 2416 4525 2200 4525 2417 4526 2418 4526 2419 4526 2212 4527 2418 4527 2416 4527 2416 4528 2418 4528 2417 4528 2418 4529 2420 4529 2419 4529 2212 4530 2420 4530 2418 4530 2224 4531 2421 4531 2212 4531 2419 4532 2421 4532 2422 4532 2212 4533 2421 4533 2420 4533 2420 4534 2421 4534 2419 4534 2421 4535 2423 4535 2422 4535 2224 4536 2423 4536 2421 4536 2224 4537 2424 4537 2423 4537 2423 4538 2424 4538 2422 4538 2422 4539 2424 4539 2425 4539 2407 4540 2426 4540 2233 4540 2233 4541 2426 4541 831 4541 831 4542 2426 4542 829 4542 829 4543 2426 4543 827 4543 2425 4544 2427 4544 2428 4544 2230 4545 2427 4545 2224 4545 2224 4546 2427 4546 2424 4546 2424 4547 2427 4547 2425 4547 2428 4548 2429 4548 2430 4548 2230 4549 2429 4549 2427 4549 2427 4550 2429 4550 2428 4550 2407 4551 2431 4551 2426 4551 2426 4552 2431 4552 827 4552 1072 4553 2432 4553 2249 4553 2255 4554 2432 4554 1071 4554 2258 4555 2432 4555 2255 4555 2259 4556 2432 4556 2258 4556 1071 4557 2432 4557 1072 4557 2260 4558 2432 4558 2259 4558 2433 4559 2432 4559 2260 4559 2429 4560 2434 4560 2430 4560 2230 4561 2434 4561 2429 4561 2410 4562 2435 4562 2407 4562 2407 4563 2435 4563 2431 4563 2431 4564 2435 4564 827 4564 827 4565 2435 4565 825 4565 2239 4566 2436 4566 2230 4566 2230 4567 2436 4567 2434 4567 2430 4568 2436 4568 2437 4568 2434 4569 2436 4569 2430 4569 2436 4570 2438 4570 2437 4570 2239 4571 2438 4571 2436 4571 2410 4572 2439 4572 2435 4572 2435 4573 2439 4573 825 4573 2412 4574 2439 4574 2410 4574 2239 4575 2440 4575 2438 4575 2437 4576 2440 4576 2441 4576 2438 4577 2440 4577 2437 4577 2439 4578 2442 4578 825 4578 2412 4579 2442 4579 2439 4579 2442 4580 2443 4580 825 4580 2415 4581 2443 4581 2412 4581 2412 4582 2443 4582 2442 4582 825 4583 2443 4583 823 4583 2239 4584 2444 4584 2440 4584 2242 4585 2444 4585 2239 4585 2440 4586 2444 4586 2441 4586 2441 4587 2444 4587 2445 4587 2242 4588 2446 4588 2444 4588 2444 4589 2446 4589 2445 4589 2417 4590 2447 4590 2415 4590 2443 4591 2447 4591 823 4591 2415 4592 2447 4592 2443 4592 2446 4593 2448 4593 2445 4593 2242 4594 2448 4594 2446 4594 2445 4595 2448 4595 2449 4595 2417 4596 2450 4596 2447 4596 2447 4597 2450 4597 823 4597 2248 4598 2451 4598 2247 4598 2432 4599 2451 4599 2249 4599 2249 4600 2451 4600 2248 4600 2452 4601 2451 4601 2433 4601 2433 4602 2451 4602 2432 4602 2242 4603 2453 4603 2448 4603 2448 4604 2453 4604 2449 4604 2452 4605 2454 4605 2451 4605 2455 4606 2454 4606 2452 4606 2451 4607 2454 4607 2247 4607 2453 4608 2456 4608 2449 4608 2242 4609 2456 4609 2453 4609 2449 4610 2456 4610 2457 4610 2261 4611 2456 4611 2242 4611 2457 4612 2456 4612 2458 4612 2454 4613 2459 4613 2247 4613 2455 4614 2459 4614 2454 4614 2417 4615 2460 4615 2450 4615 2450 4616 2460 4616 823 4616 2419 4617 2460 4617 2417 4617 823 4618 2460 4618 821 4618 2461 4619 2462 4619 2455 4619 2455 4620 2462 4620 2459 4620 2459 4621 2462 4621 2247 4621 2419 4622 2463 4622 2460 4622 2422 4623 2463 4623 2419 4623 2460 4624 2463 4624 821 4624 2422 4625 2464 4625 2463 4625 2463 4626 2464 4626 821 4626 2465 4627 2466 4627 2461 4627 2461 4628 2466 4628 2462 4628 2462 4629 2466 4629 2247 4629 2247 4630 2466 4630 2262 4630 2262 4631 2466 4631 2263 4631 2422 4632 2467 4632 2464 4632 2464 4633 2467 4633 821 4633 2425 4634 2467 4634 2422 4634 821 4635 2467 4635 819 4635 2428 4636 2468 4636 2425 4636 2425 4637 2468 4637 2467 4637 2467 4638 2468 4638 819 4638 2428 4639 2469 4639 2468 4639 2468 4640 2469 4640 819 4640 2430 4641 2470 4641 2428 4641 2428 4642 2470 4642 2469 4642 2469 4643 2470 4643 819 4643 819 4644 2470 4644 817 4644 2430 4645 2471 4645 2470 4645 2470 4646 2471 4646 817 4646 2261 4647 2472 4647 2456 4647 2456 4648 2472 4648 2458 4648 2471 4649 2473 4649 817 4649 2437 4650 2473 4650 2430 4650 2430 4651 2473 4651 2471 4651 2437 4652 2474 4652 2473 4652 2441 4653 2474 4653 2437 4653 2473 4654 2474 4654 817 4654 817 4655 2474 4655 816 4655 2441 4656 2475 4656 2474 4656 2445 4657 2475 4657 2441 4657 2474 4658 2475 4658 816 4658 1029 4659 2476 4659 1026 4659 1026 4660 2476 4660 1024 4660 1024 4661 2476 4661 2260 4661 2260 4662 2476 4662 2433 4662 2475 4663 2477 4663 816 4663 2445 4664 2477 4664 2475 4664 2449 4665 2478 4665 2445 4665 2445 4666 2478 4666 2477 4666 2477 4667 2478 4667 816 4667 816 4668 2478 4668 814 4668 1029 4669 2479 4669 2476 4669 2476 4670 2479 4670 2433 4670 2433 4671 2480 4671 2452 4671 1029 4672 2480 4672 2479 4672 2479 4673 2480 4673 2433 4673 2457 4674 2481 4674 2449 4674 2449 4675 2481 4675 2478 4675 2478 4676 2481 4676 814 4676 1032 4677 2482 4677 1029 4677 2452 4678 2482 4678 2455 4678 1029 4679 2482 4679 2480 4679 2480 4680 2482 4680 2452 4680 2481 4681 2483 4681 814 4681 2457 4682 2483 4682 2481 4682 2482 4683 2484 4683 2455 4683 1032 4684 2484 4684 2482 4684 2483 4685 2485 4685 814 4685 2457 4686 2485 4686 2483 4686 2458 4687 2485 4687 2457 4687 814 4688 2485 4688 812 4688 1079 4689 2486 4689 2261 4689 2261 4690 2486 4690 2472 4690 2472 4691 2486 4691 2458 4691 2458 4692 2486 4692 2264 4692 2455 4693 2487 4693 2461 4693 1032 4694 2487 4694 2484 4694 2484 4695 2487 4695 2455 4695 2458 4696 2488 4696 2485 4696 2485 4697 2488 4697 812 4697 2267 4698 2489 4698 2265 4698 2265 4699 2489 4699 2465 4699 2272 4700 2489 4700 2267 4700 1079 4701 2489 4701 1077 4701 2269 4702 2489 4702 2272 4702 1077 4703 2489 4703 2269 4703 2465 4704 2489 4704 2466 4704 2466 4705 2489 4705 2263 4705 2263 4706 2489 4706 1079 4706 2461 4707 2490 4707 2465 4707 2487 4708 2490 4708 2461 4708 1036 4709 2490 4709 1032 4709 1032 4710 2490 4710 2487 4710 2490 4711 2491 4711 2465 4711 1036 4712 2491 4712 2490 4712 808 4713 2492 4713 2264 4713 2488 4714 2492 4714 812 4714 2458 4715 2492 4715 2488 4715 2264 4716 2492 4716 2458 4716 812 4717 2492 4717 810 4717 810 4718 2492 4718 808 4718 2265 4719 2493 4719 1041 4719 1041 4720 2493 4720 1038 4720 1038 4721 2493 4721 1036 4721 2465 4722 2493 4722 2265 4722 1036 4723 2493 4723 2491 4723 2491 4724 2493 4724 2465 4724 1081 4725 2494 4725 1078 4725 1079 4726 2494 4726 2486 4726 2264 4727 2494 4727 2266 4727 2266 4728 2494 4728 2268 4728 2268 4729 2494 4729 2270 4729 2270 4730 2494 4730 2276 4730 2276 4731 2494 4731 1081 4731 2486 4732 2494 4732 2264 4732 1078 4733 2494 4733 1079 4733 2329 4734 2495 4734 2347 4734 2312 4735 2495 4735 2057 4735 2321 4736 2495 4736 2312 4736 2340 4737 2495 4737 2321 4737 2347 4738 2495 4738 2340 4738 2057 4739 2495 4739 2329 4739 2496 4740 2497 4740 2498 4740 2498 4741 2497 4741 2499 4741 2497 4742 2500 4742 2499 4742 2499 4743 2500 4743 2501 4743 2501 4744 2500 4744 2502 4744 2502 4745 2503 4745 2504 4745 2500 4746 2503 4746 2502 4746 2503 4747 2505 4747 2504 4747 2504 4748 2506 4748 2507 4748 2505 4749 2506 4749 2504 4749 2507 4750 2508 4750 2509 4750 2509 4751 2508 4751 2510 4751 2506 4752 2508 4752 2507 4752 2510 4753 2511 4753 2512 4753 2508 4754 2511 4754 2510 4754 2511 4755 2513 4755 2512 4755 2512 4756 2514 4756 2515 4756 2513 4757 2514 4757 2512 4757 2515 4758 2516 4758 2517 4758 2514 4759 2516 4759 2515 4759 2516 4760 2518 4760 2517 4760 2517 4761 2518 4761 2519 4761 2518 4762 2520 4762 2519 4762 2519 4763 2520 4763 2521 4763 2521 4764 2520 4764 2522 4764 2520 4765 2523 4765 2522 4765 2522 4766 2523 4766 2524 4766 2523 4767 2525 4767 2524 4767 2524 4768 2525 4768 2526 4768 2525 4769 2527 4769 2526 4769 2527 4770 2528 4770 2526 4770 2526 4771 2528 4771 2529 4771 2528 4772 2530 4772 2529 4772 2529 4773 2530 4773 2531 4773 2530 4774 2532 4774 2531 4774 2531 4775 2532 4775 2533 4775 2532 4776 2534 4776 2533 4776 2533 4777 2534 4777 2535 4777 2534 4778 2536 4778 2535 4778 2535 4779 2536 4779 2537 4779 2536 4780 2538 4780 2537 4780 2537 4781 2538 4781 2539 4781 2538 4782 2540 4782 2539 4782 2539 4783 2540 4783 2541 4783 2541 4784 2540 4784 2542 4784 2540 4785 2543 4785 2542 4785 2542 4786 2543 4786 2544 4786 2543 4787 2545 4787 2544 4787 2544 4788 2545 4788 2546 4788 2545 4789 2547 4789 2546 4789 2547 4790 2548 4790 2546 4790 2546 4791 2548 4791 2549 4791 2548 4792 2550 4792 2549 4792 2549 4793 2550 4793 2551 4793 2550 4794 2552 4794 2551 4794 2551 4795 2552 4795 2553 4795 2552 4796 2554 4796 2553 4796 2553 4797 2554 4797 2555 4797 2555 4798 2554 4798 2556 4798 2554 4799 2557 4799 2556 4799 2557 4800 2558 4800 2556 4800 2556 4801 2558 4801 2559 4801 2558 4802 2560 4802 2559 4802 2559 4803 2560 4803 2561 4803 2560 4804 2562 4804 2561 4804 2561 4805 2562 4805 2563 4805 2562 4806 2564 4806 2563 4806 2563 4807 2564 4807 2565 4807 2565 4808 2564 4808 2566 4808 2564 4809 2567 4809 2566 4809 2567 4810 2568 4810 2566 4810 2566 4811 2568 4811 2569 4811 2569 4812 2570 4812 2571 4812 2568 4813 2570 4813 2569 4813 2570 4814 2572 4814 2571 4814 2571 4815 2572 4815 2573 4815 2573 4816 2574 4816 2575 4816 2572 4817 2574 4817 2573 4817 2575 4818 2576 4818 2577 4818 2577 4819 2576 4819 2578 4819 2574 4820 2576 4820 2575 4820 2576 4821 2579 4821 2578 4821 2578 4822 2580 4822 2581 4822 2579 4823 2580 4823 2578 4823 2581 4824 2582 4824 2583 4824 2580 4825 2582 4825 2581 4825 2583 4826 2584 4826 2585 4826 2585 4827 2584 4827 2586 4827 2582 4828 2584 4828 2583 4828 2586 4829 2587 4829 2588 4829 2584 4830 2587 4830 2586 4830 2587 4831 2589 4831 2588 4831 2588 4832 2590 4832 2591 4832 2589 4833 2590 4833 2588 4833 2591 4834 2592 4834 2593 4834 2590 4835 2592 4835 2591 4835 2593 4836 2594 4836 2595 4836 2592 4837 2594 4837 2593 4837 2595 4838 2596 4838 2597 4838 2594 4839 2596 4839 2595 4839 2597 4840 2598 4840 2599 4840 2596 4841 2598 4841 2597 4841 2599 4842 2600 4842 2601 4842 2601 4843 2600 4843 2602 4843 2598 4844 2600 4844 2599 4844 2600 4845 2603 4845 2602 4845 2602 4846 2604 4846 2605 4846 2603 4847 2604 4847 2602 4847 2605 4848 2606 4848 2607 4848 2604 4849 2606 4849 2605 4849 2607 4850 2608 4850 2609 4850 2606 4851 2608 4851 2607 4851 2609 4852 2610 4852 2611 4852 2611 4853 2610 4853 2612 4853 2608 4854 2610 4854 2609 4854 2610 4855 2613 4855 2612 4855 2612 4856 2614 4856 2615 4856 2615 4857 2614 4857 2616 4857 2613 4858 2614 4858 2612 4858 2614 4859 2617 4859 2616 4859 2616 4860 2618 4860 2619 4860 2617 4861 2618 4861 2616 4861 2619 4862 2620 4862 2621 4862 2618 4863 2620 4863 2619 4863 2620 4864 2622 4864 2621 4864 2621 4865 2622 4865 2623 4865 2622 4866 2624 4866 2623 4866 2623 4867 2624 4867 2625 4867 2624 4868 2626 4868 2625 4868 2625 4869 2626 4869 2627 4869 2626 4870 2628 4870 2627 4870 2627 4871 2628 4871 2629 4871 2628 4872 2630 4872 2629 4872 2629 4873 2630 4873 2631 4873 2630 4874 2632 4874 2631 4874 2631 4875 2632 4875 2633 4875 2633 4876 2634 4876 2635 4876 2632 4877 2634 4877 2633 4877 2635 4878 2636 4878 2637 4878 2634 4879 2636 4879 2635 4879 2636 4880 2638 4880 2637 4880 2637 4881 2638 4881 2639 4881 2639 4882 2640 4882 2641 4882 2638 4883 2640 4883 2639 4883 2641 4884 2642 4884 2643 4884 2640 4885 2642 4885 2641 4885 2643 4886 2644 4886 2645 4886 2642 4887 2644 4887 2643 4887 2645 4888 2646 4888 2647 4888 2644 4889 2646 4889 2645 4889 2647 4890 2648 4890 2649 4890 2646 4891 2648 4891 2647 4891 2649 4892 2650 4892 2651 4892 2648 4893 2650 4893 2649 4893 2651 4894 2652 4894 2653 4894 2650 4895 2652 4895 2651 4895 2653 4896 2654 4896 2655 4896 2652 4897 2654 4897 2653 4897 2655 4898 2656 4898 2657 4898 2654 4899 2656 4899 2655 4899 2657 4900 2658 4900 2659 4900 2656 4901 2658 4901 2657 4901 2659 4902 2660 4902 2661 4902 2658 4903 2660 4903 2659 4903 2661 4904 2662 4904 2663 4904 2660 4905 2662 4905 2661 4905 2663 4906 2664 4906 2665 4906 2662 4907 2664 4907 2663 4907 2665 4908 2666 4908 2667 4908 2664 4909 2666 4909 2665 4909 2667 4910 2668 4910 2669 4910 2666 4911 2668 4911 2667 4911 2668 4912 2670 4912 2669 4912 2669 4913 2670 4913 2671 4913 2670 4914 2672 4914 2671 4914 2671 4915 2672 4915 2673 4915 2672 4916 2674 4916 2673 4916 2673 4917 2674 4917 2675 4917 2674 4918 2676 4918 2675 4918 2675 4919 2676 4919 2677 4919 2676 4920 2678 4920 2677 4920 2677 4921 2678 4921 2679 4921 2678 4922 2680 4922 2679 4922 2679 4923 2680 4923 2681 4923 2680 4924 2682 4924 2681 4924 2681 4925 2682 4925 2683 4925 2682 4926 2684 4926 2683 4926 2683 4927 2684 4927 2685 4927 2684 4928 2686 4928 2685 4928 2685 4929 2686 4929 2687 4929 2686 4930 2688 4930 2687 4930 2687 4931 2688 4931 2689 4931 2688 4932 2690 4932 2689 4932 2689 4933 2690 4933 2691 4933 2690 4934 2692 4934 2691 4934 2691 4935 2692 4935 2693 4935 2692 4936 2694 4936 2693 4936 2693 4937 2694 4937 2695 4937 2694 4938 2696 4938 2695 4938 2695 4939 2696 4939 2697 4939 2696 4940 2698 4940 2697 4940 2697 4941 2698 4941 2699 4941 2698 4942 2700 4942 2699 4942 2699 4943 2700 4943 2701 4943 2701 4944 2702 4944 2703 4944 2700 4945 2702 4945 2701 4945 2703 4946 2704 4946 2705 4946 2702 4947 2704 4947 2703 4947 2705 4948 2706 4948 2707 4948 2704 4949 2706 4949 2705 4949 2707 4950 2708 4950 2709 4950 2706 4951 2708 4951 2707 4951 2709 4952 2710 4952 2711 4952 2708 4953 2710 4953 2709 4953 2711 4954 2712 4954 2713 4954 2713 4955 2712 4955 2714 4955 2710 4956 2712 4956 2711 4956 2712 4957 2715 4957 2714 4957 2714 4958 2716 4958 2717 4958 2715 4959 2716 4959 2714 4959 2717 4960 2718 4960 2719 4960 2716 4961 2718 4961 2717 4961 2719 4962 2720 4962 2721 4962 2718 4963 2720 4963 2719 4963 2720 4964 2722 4964 2721 4964 2721 4965 2722 4965 2723 4965 2722 4966 2724 4966 2723 4966 2723 4967 2724 4967 2725 4967 2724 4968 2726 4968 2725 4968 2725 4969 2726 4969 2727 4969 2726 4970 2728 4970 2727 4970 2727 4971 2728 4971 2729 4971 2728 4972 2730 4972 2729 4972 2729 4973 2730 4973 2731 4973 2730 4974 2732 4974 2731 4974 2731 4975 2732 4975 2733 4975 2732 4976 2734 4976 2733 4976 2733 4977 2734 4977 2735 4977 2734 4978 2736 4978 2735 4978 2735 4979 2736 4979 2737 4979 2736 4980 2738 4980 2737 4980 2737 4981 2738 4981 2739 4981 2738 4982 2740 4982 2739 4982 2739 4983 2740 4983 2741 4983 2741 4984 2740 4984 2742 4984 2740 4985 2743 4985 2742 4985 2743 4986 2744 4986 2742 4986 2742 4987 2744 4987 2745 4987 2744 4988 2746 4988 2745 4988 2745 4989 2746 4989 2747 4989 2747 4990 2746 4990 2498 4990 2746 4991 2496 4991 2498 4991 2653 4992 2748 4992 2749 4992 2653 4993 2655 4993 2748 4993 2657 4994 2750 4994 2748 4994 2657 4995 2748 4995 2655 4995 2651 4996 2749 4996 2751 4996 2651 4997 2653 4997 2749 4997 2659 4998 2752 4998 2750 4998 2659 4999 2750 4999 2657 4999 2649 5000 2751 5000 2753 5000 2649 5001 2651 5001 2751 5001 2661 5002 2754 5002 2752 5002 2661 5003 2752 5003 2659 5003 2647 5004 2753 5004 2755 5004 2647 5005 2649 5005 2753 5005 2663 5006 2756 5006 2754 5006 2663 5007 2754 5007 2661 5007 2645 5008 2647 5008 2755 5008 2645 5009 2757 5009 2758 5009 2645 5010 2755 5010 2757 5010 2665 5011 2759 5011 2756 5011 2665 5012 2756 5012 2663 5012 2643 5013 2645 5013 2758 5013 2667 5014 2760 5014 2759 5014 2667 5015 2759 5015 2665 5015 2641 5016 2758 5016 2761 5016 2641 5017 2643 5017 2758 5017 2669 5018 2762 5018 2760 5018 2669 5019 2760 5019 2667 5019 2639 5020 2761 5020 2763 5020 2639 5021 2641 5021 2761 5021 2671 5022 2764 5022 2762 5022 2671 5023 2762 5023 2669 5023 2637 5024 2763 5024 2765 5024 2637 5025 2639 5025 2763 5025 2673 5026 2766 5026 2764 5026 2673 5027 2764 5027 2671 5027 2635 5028 2765 5028 2767 5028 2635 5029 2637 5029 2765 5029 2675 5030 2768 5030 2766 5030 2675 5031 2766 5031 2673 5031 2633 5032 2769 5032 2770 5032 2633 5033 2767 5033 2769 5033 2633 5034 2635 5034 2767 5034 2677 5035 2771 5035 2768 5035 2677 5036 2768 5036 2675 5036 2631 5037 2633 5037 2770 5037 2679 5038 2772 5038 2771 5038 2679 5039 2771 5039 2677 5039 2629 5040 2773 5040 2774 5040 2629 5041 2770 5041 2773 5041 2629 5042 2631 5042 2770 5042 2681 5043 2772 5043 2679 5043 2681 5044 2775 5044 2772 5044 2627 5045 2774 5045 2776 5045 2627 5046 2629 5046 2774 5046 2683 5047 2777 5047 2775 5047 2683 5048 2775 5048 2681 5048 2625 5049 2627 5049 2776 5049 2685 5050 2778 5050 2777 5050 2685 5051 2777 5051 2683 5051 2623 5052 2776 5052 2779 5052 2623 5053 2625 5053 2776 5053 2687 5054 2780 5054 2778 5054 2687 5055 2778 5055 2685 5055 2621 5056 2779 5056 2781 5056 2621 5057 2623 5057 2779 5057 2689 5058 2782 5058 2780 5058 2689 5059 2783 5059 2782 5059 2689 5060 2780 5060 2687 5060 2619 5061 2621 5061 2781 5061 2619 5062 2781 5062 2784 5062 2691 5063 2783 5063 2689 5063 2616 5064 2784 5064 2785 5064 2616 5065 2619 5065 2784 5065 2693 5066 2783 5066 2691 5066 2693 5067 2786 5067 2783 5067 2615 5068 2616 5068 2785 5068 2615 5069 2785 5069 2787 5069 2695 5070 2788 5070 2786 5070 2695 5071 2786 5071 2693 5071 2612 5072 2615 5072 2787 5072 2612 5073 2787 5073 2789 5073 2697 5074 2788 5074 2695 5074 2697 5075 2790 5075 2788 5075 2611 5076 2789 5076 2791 5076 2611 5077 2612 5077 2789 5077 2699 5078 2790 5078 2697 5078 2699 5079 2792 5079 2790 5079 2609 5080 2791 5080 2793 5080 2609 5081 2611 5081 2791 5081 2701 5082 2794 5082 2792 5082 2701 5083 2792 5083 2699 5083 2607 5084 2793 5084 2795 5084 2607 5085 2609 5085 2793 5085 2703 5086 2794 5086 2701 5086 2703 5087 2796 5087 2794 5087 2605 5088 2795 5088 2797 5088 2605 5089 2607 5089 2795 5089 2705 5090 2796 5090 2703 5090 2705 5091 2798 5091 2796 5091 2602 5092 2797 5092 2799 5092 2602 5093 2605 5093 2797 5093 2707 5094 2800 5094 2798 5094 2707 5095 2801 5095 2800 5095 2707 5096 2798 5096 2705 5096 2601 5097 2799 5097 2802 5097 2601 5098 2602 5098 2799 5098 2709 5099 2801 5099 2707 5099 2599 5100 2803 5100 2804 5100 2599 5101 2802 5101 2803 5101 2599 5102 2601 5102 2802 5102 2711 5103 2805 5103 2801 5103 2711 5104 2801 5104 2709 5104 2597 5105 2599 5105 2804 5105 2713 5106 2806 5106 2805 5106 2713 5107 2805 5107 2711 5107 2595 5108 2804 5108 2807 5108 2595 5109 2597 5109 2804 5109 2714 5110 2808 5110 2806 5110 2714 5111 2806 5111 2713 5111 2809 5112 2595 5112 2807 5112 2593 5113 2595 5113 2809 5113 2717 5114 2810 5114 2808 5114 2717 5115 2808 5115 2714 5115 2811 5116 2593 5116 2809 5116 2811 5117 2591 5117 2593 5117 2812 5118 2810 5118 2717 5118 2812 5119 2717 5119 2719 5119 2813 5120 2591 5120 2811 5120 2813 5121 2588 5121 2591 5121 2586 5122 2588 5122 2813 5122 2814 5123 2812 5123 2719 5123 2814 5124 2719 5124 2721 5124 2815 5125 2586 5125 2813 5125 2816 5126 2814 5126 2721 5126 2816 5127 2721 5127 2723 5127 2817 5128 2586 5128 2815 5128 2817 5129 2583 5129 2585 5129 2817 5130 2585 5130 2586 5130 2818 5131 2816 5131 2723 5131 2818 5132 2723 5132 2725 5132 2818 5133 2725 5133 2727 5133 2819 5134 2583 5134 2817 5134 2819 5135 2581 5135 2583 5135 2820 5136 2818 5136 2727 5136 2821 5137 2581 5137 2819 5137 2822 5138 2820 5138 2727 5138 2822 5139 2727 5139 2729 5139 2823 5140 2578 5140 2581 5140 2823 5141 2581 5141 2821 5141 2824 5142 2822 5142 2729 5142 2824 5143 2729 5143 2731 5143 2824 5144 2731 5144 2733 5144 2825 5145 2577 5145 2578 5145 2825 5146 2578 5146 2823 5146 2826 5147 2824 5147 2733 5147 2827 5148 2577 5148 2825 5148 2827 5149 2575 5149 2577 5149 2828 5150 2826 5150 2733 5150 2828 5151 2733 5151 2735 5151 2828 5152 2735 5152 2737 5152 2829 5153 2573 5153 2575 5153 2829 5154 2575 5154 2827 5154 2830 5155 2828 5155 2737 5155 2831 5156 2569 5156 2571 5156 2831 5157 2571 5157 2573 5157 2831 5158 2573 5158 2829 5158 2832 5159 2830 5159 2737 5159 2832 5160 2737 5160 2739 5160 2833 5161 2569 5161 2831 5161 2834 5162 2832 5162 2739 5162 2834 5163 2739 5163 2741 5163 2835 5164 2566 5164 2569 5164 2835 5165 2569 5165 2833 5165 2836 5166 2834 5166 2741 5166 2836 5167 2741 5167 2742 5167 2837 5168 2563 5168 2565 5168 2837 5169 2565 5169 2566 5169 2837 5170 2566 5170 2835 5170 2838 5171 2836 5171 2742 5171 2838 5172 2742 5172 2745 5172 2839 5173 2563 5173 2837 5173 2840 5174 2838 5174 2745 5174 2840 5175 2745 5175 2747 5175 2841 5176 2559 5176 2561 5176 2841 5177 2561 5177 2563 5177 2841 5178 2563 5178 2839 5178 2842 5179 2840 5179 2747 5179 2842 5180 2747 5180 2498 5180 2843 5181 2556 5181 2559 5181 2843 5182 2559 5182 2841 5182 2844 5183 2842 5183 2498 5183 2844 5184 2498 5184 2499 5184 2845 5185 2556 5185 2843 5185 2846 5186 2844 5186 2499 5186 2846 5187 2499 5187 2501 5187 2847 5188 2553 5188 2555 5188 2847 5189 2555 5189 2556 5189 2847 5190 2556 5190 2845 5190 2848 5191 2501 5191 2502 5191 2848 5192 2502 5192 2504 5192 2848 5193 2846 5193 2501 5193 2849 5194 2553 5194 2847 5194 2850 5195 2848 5195 2504 5195 2851 5196 2551 5196 2553 5196 2851 5197 2553 5197 2849 5197 2852 5198 2850 5198 2504 5198 2852 5199 2504 5199 2507 5199 2852 5200 2507 5200 2509 5200 2853 5201 2549 5201 2551 5201 2853 5202 2551 5202 2851 5202 2854 5203 2852 5203 2509 5203 2855 5204 2546 5204 2549 5204 2855 5205 2549 5205 2853 5205 2856 5206 2854 5206 2509 5206 2856 5207 2509 5207 2510 5207 2857 5208 2544 5208 2546 5208 2857 5209 2546 5209 2855 5209 2858 5210 2856 5210 2510 5210 2858 5211 2510 5211 2512 5211 2858 5212 2512 5212 2515 5212 2859 5213 2542 5213 2544 5213 2859 5214 2544 5214 2857 5214 2860 5215 2858 5215 2515 5215 2861 5216 2541 5216 2542 5216 2861 5217 2542 5217 2859 5217 2862 5218 2860 5218 2515 5218 2862 5219 2515 5219 2517 5219 2862 5220 2517 5220 2519 5220 2863 5221 2539 5221 2541 5221 2863 5222 2541 5222 2861 5222 2864 5223 2862 5223 2519 5223 2865 5224 2537 5224 2539 5224 2865 5225 2539 5225 2863 5225 2866 5226 2521 5226 2522 5226 2866 5227 2864 5227 2519 5227 2866 5228 2519 5228 2521 5228 2867 5229 2535 5229 2537 5229 2867 5230 2537 5230 2865 5230 2868 5231 2866 5231 2522 5231 2869 5232 2533 5232 2535 5232 2869 5233 2535 5233 2867 5233 2870 5234 2522 5234 2524 5234 2870 5235 2868 5235 2522 5235 2871 5236 2531 5236 2533 5236 2871 5237 2533 5237 2869 5237 2872 5238 2524 5238 2526 5238 2872 5239 2870 5239 2524 5239 2873 5240 2526 5240 2529 5240 2873 5241 2529 5241 2531 5241 2873 5242 2872 5242 2526 5242 2873 5243 2531 5243 2871 5243 722 5244 723 5244 2842 5244 722 5245 2842 5245 2844 5245 721 5246 2844 5246 2846 5246 721 5247 2846 5247 2848 5247 721 5248 722 5248 2844 5248 718 5249 721 5249 2848 5249 716 5250 2848 5250 2850 5250 716 5251 718 5251 2848 5251 715 5252 2850 5252 2852 5252 715 5253 2852 5253 2854 5253 715 5254 716 5254 2850 5254 712 5255 715 5255 2854 5255 709 5256 2854 5256 2856 5256 709 5257 2856 5257 2858 5257 709 5258 712 5258 2854 5258 708 5259 709 5259 2858 5259 706 5260 2858 5260 2860 5260 706 5261 2860 5261 2862 5261 706 5262 708 5262 2858 5262 704 5263 2862 5263 2864 5263 704 5264 706 5264 2862 5264 701 5265 704 5265 2864 5265 700 5266 701 5266 2864 5266 700 5267 2864 5267 2866 5267 700 5268 2866 5268 2868 5268 697 5269 700 5269 2868 5269 696 5270 697 5270 2868 5270 696 5271 2868 5271 2870 5271 696 5272 2870 5272 2872 5272 694 5273 696 5273 2872 5273 692 5274 694 5274 2872 5274 692 5275 2872 5275 2873 5275 692 5276 2873 5276 2871 5276 690 5277 692 5277 2871 5277 688 5278 690 5278 2871 5278 688 5279 2871 5279 2869 5279 688 5280 2869 5280 2867 5280 686 5281 688 5281 2867 5281 684 5282 686 5282 2867 5282 684 5283 2867 5283 2865 5283 684 5284 2865 5284 2863 5284 682 5285 684 5285 2863 5285 680 5286 682 5286 2863 5286 680 5287 2863 5287 2861 5287 680 5288 2861 5288 2859 5288 678 5289 680 5289 2859 5289 676 5290 2859 5290 2857 5290 676 5291 2857 5291 2855 5291 676 5292 678 5292 2859 5292 674 5293 676 5293 2855 5293 672 5294 2855 5294 2853 5294 672 5295 674 5295 2855 5295 670 5296 2853 5296 2851 5296 670 5297 672 5297 2853 5297 668 5298 2851 5298 2849 5298 668 5299 2849 5299 2847 5299 668 5300 670 5300 2851 5300 666 5301 668 5301 2847 5301 664 5302 2847 5302 2845 5302 664 5303 2845 5303 2843 5303 664 5304 666 5304 2847 5304 662 5305 664 5305 2843 5305 660 5306 2843 5306 2841 5306 660 5307 2841 5307 2839 5307 660 5308 662 5308 2843 5308 658 5309 660 5309 2839 5309 656 5310 2839 5310 2837 5310 656 5311 2837 5311 2835 5311 656 5312 658 5312 2839 5312 654 5313 656 5313 2835 5313 652 5314 654 5314 2835 5314 652 5315 2835 5315 2833 5315 650 5316 652 5316 2833 5316 650 5317 2833 5317 2831 5317 650 5318 2831 5318 2829 5318 648 5319 650 5319 2829 5319 646 5320 648 5320 2829 5320 646 5321 2829 5321 2827 5321 644 5322 646 5322 2827 5322 644 5323 2827 5323 2825 5323 642 5324 644 5324 2825 5324 642 5325 2825 5325 2823 5325 640 5326 642 5326 2823 5326 640 5327 2823 5327 2821 5327 638 5328 640 5328 2821 5328 638 5329 2821 5329 2819 5329 636 5330 638 5330 2819 5330 636 5331 2819 5331 2817 5331 634 5332 636 5332 2817 5332 634 5333 2817 5333 2815 5333 632 5334 634 5334 2815 5334 632 5335 2815 5335 2813 5335 630 5336 632 5336 2813 5336 630 5337 2813 5337 2811 5337 631 5338 630 5338 2811 5338 631 5339 2811 5339 2809 5339 631 5340 2809 5340 2807 5340 633 5341 631 5341 2807 5341 635 5342 633 5342 2807 5342 635 5343 2807 5343 2804 5343 635 5344 2804 5344 2803 5344 637 5345 635 5345 2803 5345 639 5346 637 5346 2803 5346 639 5347 2803 5347 2802 5347 641 5348 639 5348 2802 5348 641 5349 2802 5349 2799 5349 641 5350 2799 5350 2797 5350 643 5351 641 5351 2797 5351 645 5352 643 5352 2797 5352 645 5353 2797 5353 2795 5353 645 5354 2795 5354 2793 5354 647 5355 645 5355 2793 5355 647 5356 2793 5356 2791 5356 649 5357 647 5357 2791 5357 651 5358 2791 5358 2789 5358 651 5359 2789 5359 2787 5359 651 5360 649 5360 2791 5360 653 5361 651 5361 2787 5361 655 5362 2787 5362 2785 5362 655 5363 653 5363 2787 5363 657 5364 2785 5364 2784 5364 657 5365 2784 5365 2781 5365 657 5366 655 5366 2785 5366 659 5367 657 5367 2781 5367 659 5368 2781 5368 2779 5368 661 5369 659 5369 2779 5369 663 5370 661 5370 2779 5370 663 5371 2779 5371 2776 5371 663 5372 2776 5372 2774 5372 665 5373 663 5373 2774 5373 667 5374 665 5374 2774 5374 667 5375 2774 5375 2773 5375 669 5376 667 5376 2773 5376 669 5377 2773 5377 2770 5377 669 5378 2770 5378 2769 5378 671 5379 669 5379 2769 5379 673 5380 671 5380 2769 5380 673 5381 2769 5381 2767 5381 673 5382 2767 5382 2765 5382 675 5383 673 5383 2765 5383 675 5384 2765 5384 2763 5384 677 5385 675 5385 2763 5385 679 5386 677 5386 2763 5386 679 5387 2763 5387 2761 5387 681 5388 679 5388 2761 5388 681 5389 2761 5389 2758 5389 683 5390 2757 5390 2755 5390 683 5391 681 5391 2758 5391 683 5392 2758 5392 2757 5392 685 5393 683 5393 2755 5393 687 5394 2755 5394 2753 5394 687 5395 685 5395 2755 5395 689 5396 2753 5396 2751 5396 689 5397 2751 5397 2749 5397 689 5398 687 5398 2753 5398 691 5399 689 5399 2749 5399 693 5400 2749 5400 2748 5400 693 5401 2748 5401 2750 5401 693 5402 691 5402 2749 5402 695 5403 2750 5403 2752 5403 695 5404 693 5404 2750 5404 698 5405 695 5405 2752 5405 699 5406 2752 5406 2754 5406 699 5407 2754 5407 2756 5407 699 5408 698 5408 2752 5408 702 5409 699 5409 2756 5409 703 5410 2756 5410 2759 5410 703 5411 702 5411 2756 5411 705 5412 2759 5412 2760 5412 705 5413 703 5413 2759 5413 707 5414 2760 5414 2762 5414 707 5415 2762 5415 2764 5415 707 5416 705 5416 2760 5416 710 5417 707 5417 2764 5417 711 5418 710 5418 2764 5418 711 5419 2764 5419 2766 5419 713 5420 711 5420 2766 5420 713 5421 2766 5421 2768 5421 714 5422 713 5422 2768 5422 714 5423 2768 5423 2771 5423 714 5424 2771 5424 2772 5424 717 5425 714 5425 2772 5425 717 5426 2772 5426 2775 5426 719 5427 717 5427 2775 5427 720 5428 2775 5428 2777 5428 720 5429 719 5429 2775 5429 724 5430 2777 5430 2778 5430 724 5431 720 5431 2777 5431 725 5432 2778 5432 2780 5432 725 5433 724 5433 2778 5433 726 5434 2780 5434 2782 5434 726 5435 2782 5435 2783 5435 726 5436 725 5436 2780 5436 729 5437 726 5437 2783 5437 732 5438 2783 5438 2786 5438 732 5439 729 5439 2783 5439 733 5440 2786 5440 2788 5440 733 5441 2788 5441 2790 5441 733 5442 732 5442 2786 5442 736 5443 733 5443 2790 5443 737 5444 2790 5444 2792 5444 737 5445 2792 5445 2794 5445 737 5446 736 5446 2790 5446 738 5447 737 5447 2794 5447 741 5448 2794 5448 2796 5448 741 5449 738 5449 2794 5449 744 5450 2796 5450 2798 5450 744 5451 2798 5451 2800 5451 744 5452 741 5452 2796 5452 746 5453 744 5453 2800 5453 748 5454 2800 5454 2801 5454 748 5455 2801 5455 2805 5455 748 5456 746 5456 2800 5456 749 5457 2805 5457 2806 5457 749 5458 748 5458 2805 5458 752 5459 749 5459 2806 5459 753 5460 2806 5460 2808 5460 753 5461 2808 5461 2810 5461 753 5462 752 5462 2806 5462 755 5463 2810 5463 2812 5463 755 5464 753 5464 2810 5464 754 5465 755 5465 2812 5465 751 5466 754 5466 2812 5466 751 5467 2812 5467 2814 5467 750 5468 751 5468 2814 5468 750 5469 2814 5469 2816 5469 750 5470 2816 5470 2818 5470 747 5471 750 5471 2818 5471 745 5472 747 5472 2818 5472 745 5473 2818 5473 2820 5473 743 5474 745 5474 2820 5474 743 5475 2820 5475 2822 5475 742 5476 743 5476 2822 5476 742 5477 2822 5477 2824 5477 742 5478 2824 5478 2826 5478 740 5479 742 5479 2826 5479 739 5480 740 5480 2826 5480 739 5481 2826 5481 2828 5481 735 5482 739 5482 2828 5482 735 5483 2828 5483 2830 5483 735 5484 2830 5484 2832 5484 734 5485 735 5485 2832 5485 731 5486 734 5486 2832 5486 731 5487 2832 5487 2834 5487 730 5488 731 5488 2834 5488 730 5489 2834 5489 2836 5489 730 5490 2836 5490 2838 5490 728 5491 730 5491 2838 5491 727 5492 2838 5492 2840 5492 727 5493 728 5493 2838 5493 723 5494 2840 5494 2842 5494 723 5495 727 5495 2840 5495 2874 5496 2875 5496 188 5496 2874 5497 188 5497 190 5497 2876 5498 190 5498 198 5498 2876 5499 198 5499 201 5499 2876 5500 2874 5500 190 5500 2877 5501 2876 5501 201 5501 2878 5502 201 5502 202 5502 2878 5503 2877 5503 201 5503 2879 5504 202 5504 210 5504 2879 5505 210 5505 211 5505 2879 5506 2878 5506 202 5506 2880 5507 2879 5507 211 5507 2881 5508 211 5508 217 5508 2881 5509 217 5509 218 5509 2881 5510 2880 5510 211 5510 2882 5511 2881 5511 218 5511 2883 5512 218 5512 225 5512 2883 5513 225 5513 226 5513 2883 5514 2882 5514 218 5514 2884 5515 226 5515 233 5515 2884 5516 2883 5516 226 5516 2885 5517 2884 5517 233 5517 2886 5518 2885 5518 233 5518 2886 5519 233 5519 234 5519 2886 5520 234 5520 241 5520 2887 5521 2886 5521 241 5521 2888 5522 2887 5522 241 5522 2888 5523 241 5523 245 5523 2888 5524 245 5524 249 5524 2889 5525 2888 5525 249 5525 2890 5526 2889 5526 249 5526 2890 5527 249 5527 251 5527 2890 5528 251 5528 246 5528 2891 5529 2890 5529 246 5529 2892 5530 2891 5530 246 5530 2892 5531 246 5531 243 5531 2892 5532 243 5532 239 5532 2893 5533 2892 5533 239 5533 2894 5534 2893 5534 239 5534 2894 5535 239 5535 236 5535 2894 5536 236 5536 231 5536 2895 5537 2894 5537 231 5537 2896 5538 2895 5538 231 5538 2896 5539 231 5539 228 5539 2896 5540 228 5540 220 5540 2897 5541 2896 5541 220 5541 2898 5542 220 5542 221 5542 2898 5543 221 5543 215 5543 2898 5544 2897 5544 220 5544 2899 5545 2898 5545 215 5545 2900 5546 215 5546 207 5546 2900 5547 2899 5547 215 5547 2901 5548 207 5548 208 5548 2901 5549 2900 5549 207 5549 2902 5550 208 5550 204 5550 2902 5551 204 5551 195 5551 2902 5552 2901 5552 208 5552 2903 5553 2902 5553 195 5553 2904 5554 195 5554 191 5554 2904 5555 191 5555 193 5555 2904 5556 2903 5556 195 5556 2905 5557 2904 5557 193 5557 2906 5558 193 5558 186 5558 2906 5559 186 5559 182 5559 2906 5560 2905 5560 193 5560 2907 5561 2906 5561 182 5561 2908 5562 182 5562 175 5562 2908 5563 175 5563 170 5563 2908 5564 2907 5564 182 5564 2909 5565 2908 5565 170 5565 2910 5566 2909 5566 170 5566 2910 5567 170 5567 172 5567 2911 5568 2910 5568 172 5568 2911 5569 172 5569 167 5569 2911 5570 167 5570 163 5570 2912 5571 2911 5571 163 5571 2913 5572 2912 5572 163 5572 2913 5573 163 5573 154 5573 2914 5574 2913 5574 154 5574 2914 5575 154 5575 156 5575 2915 5576 2914 5576 156 5576 2915 5577 156 5577 151 5577 2916 5578 2915 5578 151 5578 2916 5579 151 5579 147 5579 2917 5580 2916 5580 147 5580 2917 5581 147 5581 144 5581 2918 5582 2917 5582 144 5582 2918 5583 144 5583 139 5583 2919 5584 2918 5584 139 5584 2919 5585 139 5585 131 5585 2920 5586 2919 5586 131 5586 2920 5587 131 5587 132 5587 2921 5588 2920 5588 132 5588 2921 5589 132 5589 127 5589 2922 5590 2921 5590 127 5590 2922 5591 127 5591 123 5591 2922 5592 123 5592 118 5592 2923 5593 2922 5593 118 5593 2924 5594 2923 5594 118 5594 2924 5595 118 5595 115 5595 2924 5596 115 5596 110 5596 2925 5597 2924 5597 110 5597 2926 5598 2925 5598 110 5598 2926 5599 110 5599 106 5599 2927 5600 2926 5600 106 5600 2927 5601 106 5601 102 5601 2927 5602 102 5602 99 5602 2928 5603 2927 5603 99 5603 2929 5604 2928 5604 99 5604 2929 5605 99 5605 94 5605 2929 5606 94 5606 90 5606 2930 5607 2929 5607 90 5607 2930 5608 90 5608 86 5608 2931 5609 2930 5609 86 5609 2932 5610 86 5610 83 5610 2932 5611 83 5611 78 5611 2932 5612 2931 5612 86 5612 2933 5613 2932 5613 78 5613 2934 5614 78 5614 75 5614 2934 5615 2933 5615 78 5615 2935 5616 75 5616 70 5616 2935 5617 70 5617 66 5617 2935 5618 2934 5618 75 5618 2936 5619 2935 5619 66 5619 2936 5620 66 5620 62 5620 2937 5621 2936 5621 62 5621 2938 5622 2937 5622 62 5622 2938 5623 62 5623 58 5623 2938 5624 58 5624 54 5624 2939 5625 2938 5625 54 5625 2940 5626 2939 5626 54 5626 2940 5627 54 5627 50 5627 2941 5628 2940 5628 50 5628 2941 5629 50 5629 46 5629 2941 5630 46 5630 43 5630 2942 5631 2941 5631 43 5631 2943 5632 2942 5632 43 5632 2943 5633 43 5633 39 5633 2943 5634 39 5634 34 5634 2944 5635 2943 5635 34 5635 2944 5636 34 5636 32 5636 2945 5637 2944 5637 32 5637 2946 5638 2945 5638 32 5638 2946 5639 32 5639 26 5639 2947 5640 2946 5640 26 5640 2947 5641 26 5641 23 5641 2948 5642 18 5642 14 5642 2948 5643 2947 5643 23 5643 2948 5644 23 5644 18 5644 2949 5645 2948 5645 14 5645 2950 5646 14 5646 10 5646 2950 5647 2949 5647 14 5647 2951 5648 10 5648 6 5648 2951 5649 6 5649 1 5649 2951 5650 2950 5650 10 5650 2952 5651 2951 5651 1 5651 2953 5652 1 5652 3 5652 2953 5653 3 5653 5 5653 2953 5654 2952 5654 1 5654 2954 5655 5 5655 8 5655 2954 5656 2953 5656 5 5656 2955 5657 2954 5657 8 5657 2956 5658 8 5658 13 5658 2956 5659 13 5659 16 5659 2956 5660 2955 5660 8 5660 2957 5661 2956 5661 16 5661 2958 5662 16 5662 22 5662 2958 5663 2957 5663 16 5663 2959 5664 22 5664 24 5664 2959 5665 2958 5665 22 5665 2960 5666 24 5666 29 5666 2960 5667 29 5667 33 5667 2960 5668 2959 5668 24 5668 2961 5669 2960 5669 33 5669 2962 5670 2961 5670 33 5670 2962 5671 33 5671 36 5671 2963 5672 2962 5672 36 5672 2963 5673 36 5673 41 5673 2964 5674 2963 5674 41 5674 2964 5675 41 5675 44 5675 2964 5676 44 5676 48 5676 2965 5677 2964 5677 48 5677 2965 5678 48 5678 52 5678 2966 5679 2965 5679 52 5679 2967 5680 52 5680 56 5680 2967 5681 2966 5681 52 5681 2968 5682 56 5682 60 5682 2968 5683 2967 5683 56 5683 2969 5684 60 5684 64 5684 2969 5685 2968 5685 60 5685 2970 5686 64 5686 68 5686 2970 5687 68 5687 73 5687 2970 5688 2969 5688 64 5688 2971 5689 2970 5689 73 5689 2972 5690 73 5690 76 5690 2972 5691 2971 5691 73 5691 2973 5692 76 5692 80 5692 2973 5693 80 5693 85 5693 2973 5694 2972 5694 76 5694 2974 5695 2973 5695 85 5695 2975 5696 85 5696 89 5696 2975 5697 89 5697 93 5697 2975 5698 2974 5698 85 5698 2976 5699 2975 5699 93 5699 2977 5700 93 5700 98 5700 2977 5701 2976 5701 93 5701 2978 5702 98 5702 101 5702 2978 5703 101 5703 105 5703 2978 5704 2977 5704 98 5704 2979 5705 2978 5705 105 5705 2980 5706 105 5706 109 5706 2980 5707 109 5707 113 5707 2980 5708 2979 5708 105 5708 2981 5709 113 5709 117 5709 2981 5710 2980 5710 113 5710 2982 5711 2981 5711 117 5711 2983 5712 117 5712 122 5712 2983 5713 122 5713 125 5713 2983 5714 2982 5714 117 5714 2984 5715 125 5715 129 5715 2984 5716 2983 5716 125 5716 2985 5717 2984 5717 129 5717 2986 5718 2985 5718 129 5718 2986 5719 129 5719 134 5719 2987 5720 2986 5720 134 5720 2987 5721 134 5721 135 5721 2987 5722 135 5722 141 5722 2988 5723 2987 5723 141 5723 2989 5724 2988 5724 141 5724 2989 5725 141 5725 142 5725 2990 5726 2989 5726 142 5726 2990 5727 142 5727 149 5727 2991 5728 2990 5728 149 5728 2991 5729 149 5729 150 5729 2991 5730 150 5730 158 5730 2992 5731 2991 5731 158 5731 2993 5732 2992 5732 158 5732 2993 5733 158 5733 159 5733 2994 5734 2993 5734 159 5734 2994 5735 159 5735 165 5735 2994 5736 165 5736 169 5736 2995 5737 2994 5737 169 5737 2996 5738 2995 5738 169 5738 2996 5739 169 5739 174 5739 2997 5740 2996 5740 174 5740 2997 5741 174 5741 178 5741 2997 5742 178 5742 181 5742 2998 5743 2997 5743 181 5743 2999 5744 181 5744 185 5744 2999 5745 2998 5745 181 5745 2875 5746 185 5746 188 5746 2875 5747 2999 5747 185 5747 2592 5748 2921 5748 2922 5748 2592 5749 2590 5749 2921 5749 2589 5750 2920 5750 2921 5750 2589 5751 2921 5751 2590 5751 2594 5752 2922 5752 2923 5752 2594 5753 2592 5753 2922 5753 2587 5754 2919 5754 2920 5754 2587 5755 2920 5755 2589 5755 2596 5756 2923 5756 2924 5756 2596 5757 2594 5757 2923 5757 2584 5758 2918 5758 2919 5758 2584 5759 2919 5759 2587 5759 2598 5760 2924 5760 2925 5760 2598 5761 2596 5761 2924 5761 2582 5762 2917 5762 2918 5762 2582 5763 2918 5763 2584 5763 2600 5764 2598 5764 2925 5764 2600 5765 2925 5765 2926 5765 2580 5766 2916 5766 2917 5766 2580 5767 2917 5767 2582 5767 2603 5768 2926 5768 2927 5768 2603 5769 2600 5769 2926 5769 2579 5770 2915 5770 2916 5770 2579 5771 2916 5771 2580 5771 2604 5772 2927 5772 2928 5772 2604 5773 2603 5773 2927 5773 2576 5774 2914 5774 2915 5774 2576 5775 2915 5775 2579 5775 2606 5776 2928 5776 2929 5776 2606 5777 2604 5777 2928 5777 2574 5778 2912 5778 2913 5778 2574 5779 2913 5779 2914 5779 2574 5780 2914 5780 2576 5780 2608 5781 2606 5781 2929 5781 2608 5782 2929 5782 2930 5782 2572 5783 2912 5783 2574 5783 2610 5784 2930 5784 2931 5784 2610 5785 2608 5785 2930 5785 2570 5786 2911 5786 2912 5786 2570 5787 2912 5787 2572 5787 2613 5788 2931 5788 2932 5788 2613 5789 2932 5789 2933 5789 2613 5790 2610 5790 2931 5790 2568 5791 2911 5791 2570 5791 2568 5792 2910 5792 2911 5792 2614 5793 2613 5793 2933 5793 2567 5794 2910 5794 2568 5794 2567 5795 2909 5795 2910 5795 2617 5796 2933 5796 2934 5796 2617 5797 2614 5797 2933 5797 2564 5798 2909 5798 2567 5798 2564 5799 2908 5799 2909 5799 2618 5800 2934 5800 2935 5800 2618 5801 2617 5801 2934 5801 2562 5802 2908 5802 2564 5802 2562 5803 2907 5803 2908 5803 2620 5804 2618 5804 2935 5804 2620 5805 2935 5805 2936 5805 2560 5806 2906 5806 2907 5806 2560 5807 2907 5807 2562 5807 2622 5808 2936 5808 2937 5808 2622 5809 2620 5809 2936 5809 2558 5810 2906 5810 2560 5810 2558 5811 2905 5811 2906 5811 2624 5812 2937 5812 2938 5812 2624 5813 2622 5813 2937 5813 2624 5814 2938 5814 2939 5814 2557 5815 2905 5815 2558 5815 2557 5816 2904 5816 2905 5816 2626 5817 2624 5817 2939 5817 2554 5818 2904 5818 2557 5818 2554 5819 2903 5819 2904 5819 2628 5820 2939 5820 2940 5820 2628 5821 2626 5821 2939 5821 2552 5822 2903 5822 2554 5822 2552 5823 2902 5823 2903 5823 2630 5824 2940 5824 2941 5824 2630 5825 2628 5825 2940 5825 2550 5826 2902 5826 2552 5826 2550 5827 2901 5827 2902 5827 2632 5828 2941 5828 2942 5828 2632 5829 2630 5829 2941 5829 2548 5830 2901 5830 2550 5830 2548 5831 2900 5831 2901 5831 2634 5832 2942 5832 2943 5832 2634 5833 2632 5833 2942 5833 2547 5834 2900 5834 2548 5834 2547 5835 2899 5835 2900 5835 2636 5836 2943 5836 2944 5836 2636 5837 2634 5837 2943 5837 2545 5838 2899 5838 2547 5838 2545 5839 2897 5839 2898 5839 2545 5840 2898 5840 2899 5840 2638 5841 2944 5841 2945 5841 2638 5842 2636 5842 2944 5842 2543 5843 2897 5843 2545 5843 2640 5844 2945 5844 2946 5844 2640 5845 2638 5845 2945 5845 2540 5846 2897 5846 2543 5846 2540 5847 2896 5847 2897 5847 2642 5848 2946 5848 2947 5848 2642 5849 2947 5849 2948 5849 2642 5850 2640 5850 2946 5850 2538 5851 2896 5851 2540 5851 2538 5852 2895 5852 2896 5852 2644 5853 2642 5853 2948 5853 2536 5854 2895 5854 2538 5854 2536 5855 2894 5855 2895 5855 2646 5856 2644 5856 2948 5856 2646 5857 2948 5857 2949 5857 2534 5858 2894 5858 2536 5858 2534 5859 2893 5859 2894 5859 2648 5860 2949 5860 2950 5860 2648 5861 2950 5861 2951 5861 2648 5862 2646 5862 2949 5862 2532 5863 2892 5863 2893 5863 2532 5864 2893 5864 2534 5864 2650 5865 2648 5865 2951 5865 2530 5866 2892 5866 2532 5866 2530 5867 2891 5867 2892 5867 2652 5868 2951 5868 2952 5868 2652 5869 2650 5869 2951 5869 2528 5870 2891 5870 2530 5870 2528 5871 2890 5871 2891 5871 2953 5872 2654 5872 2652 5872 2953 5873 2652 5873 2952 5873 2889 5874 2528 5874 2527 5874 2889 5875 2890 5875 2528 5875 2954 5876 2654 5876 2953 5876 2954 5877 2656 5877 2654 5877 2888 5878 2525 5878 2523 5878 2888 5879 2527 5879 2525 5879 2888 5880 2889 5880 2527 5880 2955 5881 2656 5881 2954 5881 2955 5882 2658 5882 2656 5882 2955 5883 2660 5883 2658 5883 2887 5884 2888 5884 2523 5884 2956 5885 2660 5885 2955 5885 2886 5886 2523 5886 2520 5886 2886 5887 2887 5887 2523 5887 2886 5888 2520 5888 2518 5888 2957 5889 2660 5889 2956 5889 2957 5890 2662 5890 2660 5890 2957 5891 2664 5891 2662 5891 2885 5892 2886 5892 2518 5892 2958 5893 2664 5893 2957 5893 2884 5894 2885 5894 2518 5894 2884 5895 2518 5895 2516 5895 2959 5896 2666 5896 2664 5896 2959 5897 2664 5897 2958 5897 2883 5898 2884 5898 2516 5898 2883 5899 2516 5899 2514 5899 2960 5900 2668 5900 2666 5900 2960 5901 2666 5901 2959 5901 2882 5902 2883 5902 2514 5902 2882 5903 2513 5903 2511 5903 2882 5904 2514 5904 2513 5904 2961 5905 2670 5905 2668 5905 2961 5906 2668 5906 2960 5906 2881 5907 2882 5907 2511 5907 2962 5908 2672 5908 2670 5908 2962 5909 2674 5909 2672 5909 2962 5910 2670 5910 2961 5910 2880 5911 2881 5911 2511 5911 2880 5912 2511 5912 2508 5912 2963 5913 2674 5913 2962 5913 2879 5914 2880 5914 2508 5914 2879 5915 2508 5915 2506 5915 2964 5916 2674 5916 2963 5916 2964 5917 2676 5917 2674 5917 2878 5918 2879 5918 2506 5918 2878 5919 2505 5919 2503 5919 2878 5920 2506 5920 2505 5920 2965 5921 2676 5921 2964 5921 2965 5922 2678 5922 2676 5922 2877 5923 2878 5923 2503 5923 2966 5924 2678 5924 2965 5924 2966 5925 2680 5925 2678 5925 2876 5926 2877 5926 2503 5926 2876 5927 2503 5927 2500 5927 2967 5928 2680 5928 2966 5928 2967 5929 2682 5929 2680 5929 2874 5930 2876 5930 2500 5930 2874 5931 2500 5931 2497 5931 2968 5932 2682 5932 2967 5932 2968 5933 2684 5933 2682 5933 2875 5934 2874 5934 2497 5934 2875 5935 2497 5935 2496 5935 2969 5936 2686 5936 2684 5936 2969 5937 2684 5937 2968 5937 2999 5938 2496 5938 2746 5938 2999 5939 2875 5939 2496 5939 2970 5940 2688 5940 2686 5940 2970 5941 2686 5941 2969 5941 2998 5942 2999 5942 2746 5942 2998 5943 2746 5943 2744 5943 2971 5944 2690 5944 2688 5944 2971 5945 2692 5945 2690 5945 2971 5946 2688 5946 2970 5946 2997 5947 2744 5947 2743 5947 2997 5948 2998 5948 2744 5948 2972 5949 2692 5949 2971 5949 2996 5950 2997 5950 2743 5950 2996 5951 2743 5951 2740 5951 2973 5952 2692 5952 2972 5952 2973 5953 2694 5953 2692 5953 2995 5954 2996 5954 2740 5954 2995 5955 2738 5955 2736 5955 2995 5956 2740 5956 2738 5956 2974 5957 2694 5957 2973 5957 2974 5958 2696 5958 2694 5958 2974 5959 2698 5959 2696 5959 2994 5960 2995 5960 2736 5960 2975 5961 2698 5961 2974 5961 2993 5962 2736 5962 2734 5962 2993 5963 2994 5963 2736 5963 2976 5964 2698 5964 2975 5964 2976 5965 2700 5965 2698 5965 2992 5966 2993 5966 2734 5966 2992 5967 2734 5967 2732 5967 2977 5968 2700 5968 2976 5968 2977 5969 2702 5969 2700 5969 2991 5970 2992 5970 2732 5970 2991 5971 2732 5971 2730 5971 2978 5972 2702 5972 2977 5972 2978 5973 2704 5973 2702 5973 2990 5974 2991 5974 2730 5974 2990 5975 2730 5975 2728 5975 2979 5976 2704 5976 2978 5976 2979 5977 2706 5977 2704 5977 2989 5978 2990 5978 2728 5978 2989 5979 2728 5979 2726 5979 2980 5980 2706 5980 2979 5980 2980 5981 2708 5981 2706 5981 2988 5982 2989 5982 2726 5982 2988 5983 2726 5983 2724 5983 2981 5984 2708 5984 2980 5984 2981 5985 2710 5985 2708 5985 2987 5986 2988 5986 2724 5986 2987 5987 2724 5987 2722 5987 2982 5988 2710 5988 2981 5988 2982 5989 2712 5989 2710 5989 2982 5990 2715 5990 2712 5990 2986 5991 2987 5991 2722 5991 2986 5992 2722 5992 2720 5992 2983 5993 2715 5993 2982 5993 2985 5994 2986 5994 2720 5994 2985 5995 2720 5995 2718 5995 2984 5996 2715 5996 2983 5996 2984 5997 2985 5997 2718 5997 2984 5998 2716 5998 2715 5998 2984 5999 2718 5999 2716 5999</p>
        </triangles>
      </mesh>
    </geometry>
  </library_geometries>
  <library_materials>
    <material id="mat_CasterWheel1_shape001" name="CasterWheel1_shape001">
      <instance_effect url="#effect_CasterWheel1_shape001"/>
    </material>
  </library_materials>
  <library_visual_scenes>
    <visual_scene id="myscene">
      <node id="node0" name="node0">
        <instance_geometry url="#geometry0">
          <bind_material>
            <technique_common>
              <instance_material symbol="ref_CasterWheel1_shape001" target="#mat_CasterWheel1_shape001"/>
            </technique_common>
          </bind_material>
        </instance_geometry>
      </node>
    </visual_scene>
  </library_visual_scenes>
  <scene>
    <instance_visual_scene url="#myscene"/>
  </scene>
</COLLADA>
