<COLLADA xmlns="http://www.collada.org/2005/11/COLLADASchema" version="1.4.1">
  <asset>
    <contributor/>
    <created>2026-09-16T16:52:45.785249</created>
    <modified>2026-09-16T16:52:45.785249</modified>
    <unit name="meter" meter="1.0"/>
    <up_axis>Z_UP</up_axis>
  </asset>
  <library_effects>
    <effect id="effect_LCD_Cover001_shape002" name="effect_LCD_Cover001_shape002">
      <profile_COMMON>
        <technique sid="common">
          <phong>
            <emission>
              <color>0.0 0.0 0.0 1.0</color>
            </emission>
            <ambient>
              <color>0.0 0.0 0.0 1.0</color>
            </ambient>
            <diffuse>
              <color>0.67843097448349 0.7098039984703064 0.7411760091781616 1.0</color>
            </diffuse>
            <specular>
              <color>1 1 1 1.0</color>
            </specular>
            <shininess>
              <float>0.0</float>
            </shininess>
            <reflective>
              <color>0.0 0.0 0.0 1.0</color>
            </reflective>
            <reflectivity>
              <float>0.0</float>
            </reflectivity>
            <transparent>
              <color>0.0 0.0 0.0 1.0</color>
            </transparent>
            <transparency>
              <float>1.0</float>
            </transparency>
          </phong>
        </technique>
        <extra>
          <technique profile="GOOGLEEARTH">
            <double_sided>0</double_sided>
          </technique>
        </extra>
      </profile_COMMON>
    </effect>
  </library_effects>
  <library_geometries>
    <geometry id="geometry0" name="LCD_Cover001_shape002">
      <mesh>
        <source id="cubeverts-array0">
          <float_array count="7452" id="cubeverts-array0-array">0.09273073 -0.04132657 0.12205 0.091 -0.042 0.12205 0.09100481 -0.04209802 0.12205 0.09101922 -0.04219509 0.12205 0.09104306 -0.04229028 0.12205 0.09107612 -0.04238268 0.12205 0.09111808 -0.0424714 0.12205 0.09116853 -0.04255557 0.12205 0.09122699 -0.04263439 0.12205 0.09129289 -0.04270711 0.12205 0.09136561 -0.04277301 0.12205 0.09144443 -0.04283147 0.12205 0.0915286 -0.04288192 0.12205 0.09161732 -0.04292388 0.12205 0.09170972 -0.04295694 0.12205 0.09180491 -0.04298079 0.12205 0.09190199 -0.04299519 0.12205 0.092 -0.043 0.12205 0.09261758 -0.04121056 0.12205 0.09284952 -0.04143679 0.12205 0.09251035 -0.04108906 0.12205 0.09297366 -0.04154095 0.12205 0.09240932 -0.04096236 0.12205 0.09310284 -0.0416388 0.12205 0.09231473 -0.04083079 0.12205 0.09323672 -0.04173008 0.12205 0.09222681 -0.04069466 0.12205 0.093375 -0.04181458 0.12205 0.09214578 -0.04055433 0.12205 0.09351732 -0.04189208 0.12205 0.09207185 -0.04041012 0.12205 0.09366331 -0.04196239 0.12205 0.0920052 -0.04026241 0.12205 0.09381264 -0.04202534 0.12205 0.091946 -0.04011156 0.12205 0.09396492 -0.04208076 0.12205 0.09189439 -0.03995795 0.12205 0.09411977 -0.04212853 0.12205 0.0918505 -0.03980196 0.12205 0.09427681 -0.04216851 0.12205 0.09181444 -0.03964397 0.12205 0.09443565 -0.04220063 0.12205 0.0917863 -0.03948439 0.12205 0.09459589 -0.04222478 0.12205 0.09176615 -0.0393236 0.12205 0.09475713 -0.04224091 0.12205 0.09175404 -0.039162 0.12205 0.09491898 -0.04224899 0.12205 0.09175 -0.039 0.12205 0.09508102 -0.04224899 0.12205 0.09175404 -0.038838 0.12205 0.09524287 -0.04224091 0.12205 0.09176615 -0.0386764 0.12205 0.09540411 -0.04222478 0.12205 0.0917863 -0.03851561 0.12205 0.09556435 -0.04220063 0.12205 0.09179734 -0.02896 0.12205 0.09475713 -0.03575909 0.12205 0.09491898 -0.03575101 0.12205 0.09459589 -0.03577522 0.12205 0.09443565 -0.03579937 0.12205 0.09427681 -0.03583149 0.12205 0.09411977 -0.03587147 0.12205 0.09396492 -0.03591924 0.12205 0.09381264 -0.03597466 0.12205 0.09366331 -0.03603761 0.12205 0.09351732 -0.03610792 0.12205 0.093375 -0.03618542 0.12205 0.09323672 -0.03626992 0.12205 0.09310284 -0.0363612 0.12205 0.09297366 -0.03645905 0.12205 0.09284952 -0.03656321 0.12205 0.09273073 -0.03667343 0.12205 0.09261758 -0.03678944 0.12205 0.09251035 -0.03691094 0.12205 0.09240932 -0.03703764 0.12205 0.09231473 -0.03716921 0.12205 0.09222681 -0.03730534 0.12205 0.09214578 -0.03744567 0.12205 0.09207185 -0.03758988 0.12205 0.0920052 -0.03773759 0.12205 0.091946 -0.03788844 0.12205 0.09189439 -0.03804205 0.12205 0.0918505 -0.03819804 0.12205 0.09181444 -0.03835603 0.12205 0.09702634 -0.03645905 0.12205 0.09715048 -0.03656321 0.12205 0.09689716 -0.0363612 0.12205 0.09676328 -0.03626992 0.12205 0.096625 -0.03618542 0.12205 0.09648268 -0.03610792 0.12205 0.09633669 -0.03603761 0.12205 0.09618736 -0.03597466 0.12205 0.09603508 -0.03591924 0.12205 0.09588023 -0.03587147 0.12205 0.09572319 -0.03583149 0.12205 0.09556435 -0.03579937 0.12205 0.09540411 -0.03577522 0.12205 0.09524287 -0.03575909 0.12205 0.09508102 -0.03575101 0.12205 0.1294507 -0.04132657 0.12205 0.09726927 -0.04132657 0.12205 0.09715048 -0.04143679 0.12205 0.1293376 -0.04121056 0.12205 0.09738242 -0.04121056 0.12205 0.1295695 -0.04143679 0.12205 0.1292304 -0.04108906 0.12205 0.09748965 -0.04108906 0.12205 0.1296937 -0.04154095 0.12205 0.09702634 -0.04154095 0.12205 0.09689716 -0.0416388 0.12205 0.1291293 -0.04096236 0.12205 0.09759068 -0.04096236 0.12205 0.1298228 -0.0416388 0.12205 0.1290347 -0.04083079 0.12205 0.09768527 -0.04083079 0.12205 0.1299567 -0.04173008 0.12205 0.09676328 -0.04173008 0.12205 0.096625 -0.04181458 0.12205 0.1289468 -0.04069466 0.12205 0.09777319 -0.04069466 0.12205 0.130095 -0.04181458 0.12205 0.09648268 -0.04189208 0.12205 0.1288658 -0.04055433 0.12205 0.09785422 -0.04055433 0.12205 0.1302373 -0.04189208 0.12205 0.1287919 -0.04041012 0.12205 0.09792815 -0.04041012 0.12205 0.1303833 -0.04196239 0.12205 0.09633669 -0.04196239 0.12205 0.1287252 -0.04026241 0.12205 0.0979948 -0.04026241 0.12205 0.1305326 -0.04202534 0.12205 0.09618736 -0.04202534 0.12205 0.09603508 -0.04208076 0.12205 0.128666 -0.04011156 0.12205 0.098054 -0.04011156 0.12205 0.1306849 -0.04208076 0.12205 0.09588023 -0.04212853 0.12205 0.1286144 -0.03995795 0.12205 0.09810561 -0.03995795 0.12205 0.1308398 -0.04212853 0.12205 0.1285705 -0.03980196 0.12205 0.0981495 -0.03980196 0.12205 0.1309968 -0.04216851 0.12205 0.09572319 -0.04216851 0.12205 0.1285344 -0.03964397 0.12205 0.09818556 -0.03964397 0.12205 0.1311556 -0.04220063 0.12205 0.1285063 -0.03948439 0.12205 0.0982137 -0.03948439 0.12205 0.1284861 -0.0393236 0.12205 0.09823385 -0.0393236 0.12205 0.128474 -0.039162 0.12205 0.09824596 -0.039162 0.12205 0.09825 -0.039 0.12205 0.12847 -0.039 0.12205 0.128474 -0.038838 0.12205 0.09824596 -0.038838 0.12205 0.1284861 -0.0386764 0.12205 0.09823385 -0.0386764 0.12205 0.1285063 -0.03851561 0.12205 0.0982137 -0.03851561 0.12205 0.1285344 -0.03835603 0.12205 0.09818556 -0.03835603 0.12205 0.1285705 -0.03819804 0.12205 0.0981495 -0.03819804 0.12205 0.09810561 -0.03804205 0.12205 0.1286144 -0.03804205 0.12205 0.128666 -0.03788844 0.12205 0.098054 -0.03788844 0.12205 0.0979948 -0.03773759 0.12205 0.1287252 -0.03773759 0.12205 0.1287919 -0.03758988 0.12205 0.09792815 -0.03758988 0.12205 0.1288658 -0.03744567 0.12205 0.09785422 -0.03744567 0.12205 0.1289468 -0.03730534 0.12205 0.09777319 -0.03730534 0.12205 0.13472 -0.043 0.12205 0.1313159 -0.04222478 0.12205 0.1314771 -0.04224091 0.12205 0.131639 -0.04224899 0.12205 0.131801 -0.04224899 0.12205 0.1319629 -0.04224091 0.12205 0.1321241 -0.04222478 0.12205 0.1322844 -0.04220063 0.12205 0.1324432 -0.04216851 0.12205 0.1326002 -0.04212853 0.12205 0.1327551 -0.04208076 0.12205 0.1329074 -0.04202534 0.12205 0.1330567 -0.04196239 0.12205 0.1332027 -0.04189208 0.12205 0.133345 -0.04181458 0.12205 0.1334833 -0.04173008 0.12205 0.1290347 -0.03716921 0.12205 0.09768527 -0.03716921 0.12205 0.1336172 -0.0416388 0.12205 0.1291293 -0.03703764 0.12205 0.09759068 -0.03703764 0.12205 0.1337463 -0.04154095 0.12205 0.1338705 -0.04143679 0.12205 0.1339893 -0.04132657 0.12205 0.134818 -0.04299519 0.12205 0.1349151 -0.04298079 0.12205 0.1350103 -0.04295694 0.12205 0.1351027 -0.04292388 0.12205 0.1351914 -0.04288192 0.12205 0.1352756 -0.04283147 0.12205 0.1353544 -0.04277301 0.12205 0.1354271 -0.04270711 0.12205 0.135493 -0.04263439 0.12205 0.1355515 -0.04255557 0.12205 0.1356019 -0.0424714 0.12205 0.1356439 -0.04238268 0.12205 0.1356769 -0.04229028 0.12205 0.1357008 -0.04219509 0.12205 0.1357152 -0.04209802 0.12205 0.13572 -0.042 0.12205 0.1341024 -0.04121056 0.12205 0.1342096 -0.04108906 0.12205 0.1343107 -0.04096236 0.12205 0.1344053 -0.04083079 0.12205 0.1344932 -0.04069466 0.12205 0.1345742 -0.04055433 0.12205 0.1346481 -0.04041012 0.12205 0.1347148 -0.04026241 0.12205 0.134774 -0.04011156 0.12205 0.1348256 -0.03995795 0.12205 0.1348695 -0.03980196 0.12205 0.1349056 -0.03964397 0.12205 0.1349337 -0.03948439 0.12205 0.1349539 -0.0393236 0.12205 0.134966 -0.039162 0.12205 0.13497 -0.039 0.12205 0.134966 -0.038838 0.12205 0.1349539 -0.0386764 0.12205 0.1349337 -0.03851561 0.12205 0.1349056 -0.03835603 0.12205 0.1325173 -0.02896 0.12205 0.1347148 -0.03773759 0.12205 0.134774 -0.03788844 0.12205 0.1346481 -0.03758988 0.12205 0.1345742 -0.03744567 0.12205 0.1344932 -0.03730534 0.12205 0.1344053 -0.03716921 0.12205 0.1343107 -0.03703764 0.12205 0.1342096 -0.03691094 0.12205 0.1341024 -0.03678944 0.12205 0.1339893 -0.03667343 0.12205 0.1338705 -0.03656321 0.12205 0.1337463 -0.03645905 0.12205 0.1336172 -0.0363612 0.12205 0.1334833 -0.03626992 0.12205 0.133345 -0.03618542 0.12205 0.1332027 -0.03610792 0.12205 0.1330567 -0.03603761 0.12205 0.1329074 -0.03597466 0.12205 0.1327551 -0.03591924 0.12205 0.1326002 -0.03587147 0.12205 0.1324432 -0.03583149 0.12205 0.1322844 -0.03579937 0.12205 0.1321241 -0.03577522 0.12205 0.1319629 -0.03575909 0.12205 0.131801 -0.03575101 0.12205 0.131639 -0.03575101 0.12205 0.1314771 -0.03575909 0.12205 0.1313159 -0.03577522 0.12205 0.1311556 -0.03579937 0.12205 0.1309968 -0.03583149 0.12205 0.1308398 -0.03587147 0.12205 0.1306849 -0.03591924 0.12205 0.1305326 -0.03597466 0.12205 0.1303833 -0.03603761 0.12205 0.1302373 -0.03610792 0.12205 0.130095 -0.03618542 0.12205 0.1299567 -0.03626992 0.12205 0.1298228 -0.0363612 0.12205 0.1296937 -0.03645905 0.12205 0.1295695 -0.03656321 0.12205 0.1294507 -0.03667343 0.12205 0.1293376 -0.03678944 0.12205 0.1292304 -0.03691094 0.12205 0.09748965 -0.03691094 0.12205 0.09738242 -0.03678944 0.12205 0.09726927 -0.03667343 0.12205 0.1348256 -0.03804205 0.12205 0.09261758 0.02604944 0.12205 0.09179734 0.024 0.12205 0.09273073 0.02593343 0.12205 0.09284952 0.02582321 0.12205 0.09251035 0.02617094 0.12205 0.09297366 0.02571905 0.12205 0.09240932 0.02629764 0.12205 0.09310284 0.0256212 0.12205 0.09231473 0.02642921 0.12205 0.09323672 0.02552991 0.12205 0.09222681 0.02656534 0.12205 0.093375 0.02544542 0.12205 0.09214578 0.02670568 0.12205 0.09351732 0.02536792 0.12205 0.09207185 0.02684988 0.12205 0.09366331 0.02529761 0.12205 0.0920052 0.02699759 0.12205 0.09381264 0.02523466 0.12205 0.091946 0.02714843 0.12205 0.09396492 0.02517924 0.12205 0.09189439 0.02730205 0.12205 0.09411977 0.02513147 0.12205 0.0918505 0.02745804 0.12205 0.09427681 0.02509148 0.12205 0.09181444 0.02761603 0.12205 0.09443565 0.02505937 0.12205 0.0917863 0.02777561 0.12205 0.09459589 0.02503522 0.12205 0.09176615 0.02793641 0.12205 0.09475713 0.02501909 0.12205 0.09491898 0.02501101 0.12205 0.09508102 0.02501101 0.12205 0.09524287 0.02501909 0.12205 0.09540411 0.02503522 0.12205 0.09556435 0.02505937 0.12205 0.09572319 0.02509148 0.12205 0.091 0.03126 0.12205 0.09214578 0.02981433 0.12205 0.09222681 0.02995466 0.12205 0.09207185 0.02967012 0.12205 0.0920052 0.02952241 0.12205 0.091946 0.02937156 0.12205 0.09189439 0.02921795 0.12205 0.0918505 0.02906196 0.12205 0.09181444 0.02890397 0.12205 0.0917863 0.02874439 0.12205 0.09176615 0.0285836 0.12205 0.09175404 0.028422 0.12205 0.09175 0.02826 0.12205 0.09175404 0.028098 0.12205 0.09231473 0.03009079 0.12205 0.09240932 0.03022236 0.12205 0.09251035 0.03034906 0.12205 0.09261758 0.03047056 0.12205 0.09273073 0.03058657 0.12205 0.09129289 0.03196711 0.12205 0.09122699 0.03189439 0.12205 0.09116853 0.03181557 0.12205 0.09111808 0.0317314 0.12205 0.09107612 0.03164268 0.12205 0.09104306 0.03155029 0.12205 0.09101922 0.03145509 0.12205 0.09100481 0.03135802 0.12205 0.09136561 0.03203301 0.12205 0.09144443 0.03209147 0.12205 0.0915286 0.03214192 0.12205 0.09161732 0.03218388 0.12205 0.09170972 0.03221694 0.12205 0.09180491 0.03224078 0.12205 0.09190199 0.03225518 0.12205 0.092 0.03226 0.12205 0.09310284 0.0308988 0.12205 0.09323672 0.03099008 0.12205 0.09297366 0.03080095 0.12205 0.09284952 0.03069679 0.12205 0.093375 0.03107458 0.12205 0.09351732 0.03115208 0.12205 0.09366331 0.03122239 0.12205 0.09381264 0.03128534 0.12205 0.09396492 0.03134076 0.12205 0.09411977 0.03138853 0.12205 0.09427681 0.03142852 0.12205 0.09443565 0.03146062 0.12205 0.09459589 0.03148478 0.12205 0.09475713 0.03150091 0.12205 0.09491898 0.03150899 0.12205 0.09508102 0.03150899 0.12205 0.09524287 0.03150091 0.12205 0.09540411 0.03148478 0.12205 0.09556435 0.03146062 0.12205 0.1294507 0.02593343 0.12205 0.09726927 0.02593343 0.12205 0.09715048 0.02582321 0.12205 0.1293376 0.02604944 0.12205 0.09738242 0.02604944 0.12205 0.09748965 0.02617094 0.12205 0.1295695 0.02582321 0.12205 0.09702634 0.02571905 0.12205 0.1292304 0.02617094 0.12205 0.1296937 0.02571905 0.12205 0.09689716 0.0256212 0.12205 0.1291293 0.02629764 0.12205 0.09759068 0.02629764 0.12205 0.09768527 0.02642921 0.12205 0.1298228 0.0256212 0.12205 0.1290347 0.02642921 0.12205 0.1299567 0.02552991 0.12205 0.09676328 0.02552991 0.12205 0.1289468 0.02656534 0.12205 0.09777319 0.02656534 0.12205 0.130095 0.02544542 0.12205 0.096625 0.02544542 0.12205 0.1288658 0.02670568 0.12205 0.09785422 0.02670568 0.12205 0.1287919 0.02684988 0.12205 0.09792815 0.02684988 0.12205 0.1287252 0.02699759 0.12205 0.0979948 0.02699759 0.12205 0.128666 0.02714843 0.12205 0.098054 0.02714843 0.12205 0.1286144 0.02730205 0.12205 0.09810561 0.02730205 0.12205 0.0981495 0.02745804 0.12205 0.1285705 0.02745804 0.12205 0.1285344 0.02761603 0.12205 0.09818556 0.02761603 0.12205 0.1285063 0.02777561 0.12205 0.0982137 0.02777561 0.12205 0.1284861 0.02793641 0.12205 0.09823385 0.02793641 0.12205 0.09824596 0.028098 0.12205 0.1325173 0.024 0.12205 0.1303833 0.02529761 0.12205 0.1302373 0.02536792 0.12205 0.1305326 0.02523466 0.12205 0.1306849 0.02517924 0.12205 0.1308398 0.02513147 0.12205 0.1309968 0.02509148 0.12205 0.1311556 0.02505937 0.12205 0.1313159 0.02503522 0.12205 0.1314771 0.02501909 0.12205 0.128474 0.028098 0.12205 0.09825 0.02826 0.12205 0.131639 0.02501101 0.12205 0.12847 0.02826 0.12205 0.131801 0.02501101 0.12205 0.128474 0.028422 0.12205 0.09824596 0.028422 0.12205 0.09823385 0.0285836 0.12205 0.1319629 0.02501909 0.12205 0.1284861 0.0285836 0.12205 0.0982137 0.02874439 0.12205 0.1321241 0.02503522 0.12205 0.1285063 0.02874439 0.12205 0.1322844 0.02505937 0.12205 0.1285344 0.02890397 0.12205 0.09818556 0.02890397 0.12205 0.1324432 0.02509148 0.12205 0.1285705 0.02906196 0.12205 0.0981495 0.02906196 0.12205 0.1326002 0.02513147 0.12205 0.1286144 0.02921795 0.12205 0.09810561 0.02921795 0.12205 0.1327551 0.02517924 0.12205 0.128666 0.02937156 0.12205 0.098054 0.02937156 0.12205 0.1329074 0.02523466 0.12205 0.1287252 0.02952241 0.12205 0.0979948 0.02952241 0.12205 0.09792815 0.02967012 0.12205 0.1330567 0.02529761 0.12205 0.1287919 0.02967012 0.12205 0.1332027 0.02536792 0.12205 0.1288658 0.02981433 0.12205 0.09785422 0.02981433 0.12205 0.09777319 0.02995466 0.12205 0.133345 0.02544542 0.12205 0.1289468 0.02995466 0.12205 0.1334833 0.02552991 0.12205 0.1290347 0.03009079 0.12205 0.09768527 0.03009079 0.12205 0.09759068 0.03022236 0.12205 0.1336172 0.0256212 0.12205 0.1291293 0.03022236 0.12205 0.1337463 0.02571905 0.12205 0.1292304 0.03034906 0.12205 0.09748965 0.03034906 0.12205 0.09738242 0.03047056 0.12205 0.1338705 0.02582321 0.12205 0.1293376 0.03047056 0.12205 0.1339893 0.02593343 0.12205 0.1294507 0.03058657 0.12205 0.09726927 0.03058657 0.12205 0.1341024 0.02604944 0.12205 0.1295695 0.03069679 0.12205 0.09715048 0.03069679 0.12205 0.1342096 0.02617094 0.12205 0.1296937 0.03080095 0.12205 0.09702634 0.03080095 0.12205 0.1343107 0.02629764 0.12205 0.1298228 0.0308988 0.12205 0.09689716 0.0308988 0.12205 0.1344053 0.02642921 0.12205 0.1299567 0.03099008 0.12205 0.09676328 0.03099008 0.12205 0.1344932 0.02656534 0.12205 0.130095 0.03107458 0.12205 0.096625 0.03107458 0.12205 0.09648268 0.03115208 0.12205 0.1345742 0.02670568 0.12205 0.1302373 0.03115208 0.12205 0.09633669 0.03122239 0.12205 0.1346481 0.02684988 0.12205 0.1303833 0.03122239 0.12205 0.1347148 0.02699759 0.12205 0.134774 0.02714843 0.12205 0.13472 0.03226 0.12205 0.1338705 0.03069679 0.12205 0.1339893 0.03058657 0.12205 0.1337463 0.03080095 0.12205 0.1336172 0.0308988 0.12205 0.1334833 0.03099008 0.12205 0.133345 0.03107458 0.12205 0.1332027 0.03115208 0.12205 0.1330567 0.03122239 0.12205 0.1329074 0.03128534 0.12205 0.1327551 0.03134076 0.12205 0.1326002 0.03138853 0.12205 0.1324432 0.03142852 0.12205 0.1322844 0.03146062 0.12205 0.1321241 0.03148478 0.12205 0.1319629 0.03150091 0.12205 0.131801 0.03150899 0.12205 0.131639 0.03150899 0.12205 0.1314771 0.03150091 0.12205 0.1313159 0.03148478 0.12205 0.1311556 0.03146062 0.12205 0.13572 0.03126 0.12205 0.134966 0.028422 0.12205 0.13497 0.02826 0.12205 0.1349539 0.0285836 0.12205 0.1349337 0.02874439 0.12205 0.1349056 0.02890397 0.12205 0.1348695 0.02906196 0.12205 0.1348256 0.02921795 0.12205 0.134774 0.02937156 0.12205 0.1347148 0.02952241 0.12205 0.1346481 0.02967012 0.12205 0.1345742 0.02981433 0.12205 0.1344932 0.02995466 0.12205 0.1344053 0.03009079 0.12205 0.1343107 0.03022236 0.12205 0.1342096 0.03034906 0.12205 0.1341024 0.03047056 0.12205 0.1349337 0.02777561 0.12205 0.1349056 0.02761603 0.12205 0.1349539 0.02793641 0.12205 0.134966 0.028098 0.12205 0.134818 0.03225518 0.12205 0.1357152 0.03135802 0.12205 0.1349151 0.03224078 0.12205 0.1357008 0.03145509 0.12205 0.1350103 0.03221694 0.12205 0.1356769 0.03155029 0.12205 0.1351027 0.03218388 0.12205 0.1356439 0.03164268 0.12205 0.1356019 0.0317314 0.12205 0.1351914 0.03214192 0.12205 0.1355515 0.03181557 0.12205 0.1352756 0.03209147 0.12205 0.135493 0.03189439 0.12205 0.1353544 0.03203301 0.12205 0.1354271 0.03196711 0.12205 0.1348695 0.02745804 0.12205 0.1348256 0.02730205 0.12205 0.1348695 -0.03819804 0.12205 0.09572319 0.03142852 0.12205 0.09588023 0.03138853 0.12205 0.09603508 0.03134076 0.12205 0.09618736 0.03128534 0.12205 0.1309968 0.03142852 0.12205 0.1308398 0.03138853 0.12205 0.1306849 0.03134076 0.12205 0.1305326 0.03128534 0.12205 0.09588023 0.02513147 0.12205 0.09603508 0.02517924 0.12205 0.09618736 0.02523466 0.12205 0.09633669 0.02529761 0.12205 0.09648268 0.02536792 0.12205 0.092 -0.044 0.12105 0.13472 -0.044 0.12105 0.09187748 -0.04324398 0.1218 0.09175613 -0.04322598 0.1218 0.09163715 -0.04319617 0.1218 0.09185297 -0.04349278 0.12155 0.09152164 -0.04315485 0.1218 0.09170737 -0.04347118 0.12155 0.09141075 -0.0431024 0.1218 0.09156458 -0.04343541 0.12155 0.09182847 -0.04374157 0.1213 0.09170654 -0.04397835 0.12105 0.09180396 -0.04399037 0.12105 0.09190186 -0.04399759 0.12105 0.09130553 -0.04303934 0.1218 0.09142597 -0.04338582 0.12155 0.09165859 -0.04371637 0.1213 0.09151404 -0.04394006 0.12105 0.09160982 -0.04396157 0.12105 0.09120701 -0.04296626 0.1218 0.09129291 -0.04332288 0.12155 0.091492 -0.04367464 0.1213 0.09132622 -0.04388309 0.12105 0.09141943 -0.04391388 0.12105 0.09111612 -0.04288388 0.1218 0.09116664 -0.0432472 0.12155 0.09133031 -0.04361679 0.1213 0.09114489 -0.04380798 0.12105 0.09123463 -0.04384776 0.12105 0.09103374 -0.04279299 0.1218 0.09104841 -0.04315952 0.12155 0.09117506 -0.04354336 0.1213 0.09097179 -0.04371546 0.12105 0.09105721 -0.04376384 0.12105 0.09096066 -0.04269446 0.1218 0.09093934 -0.04306066 0.12155 0.09102776 -0.04345507 0.1213 0.0908086 -0.04360641 0.12105 0.09088886 -0.04366294 0.12105 0.0908976 -0.04258924 0.1218 0.09084048 -0.04295159 0.12155 0.09088981 -0.04335277 0.1213 0.09065688 -0.0434819 0.12105 0.09073122 -0.04354602 0.12105 0.09084515 -0.04247836 0.1218 0.09075279 -0.04283335 0.12155 0.09076257 -0.04323744 0.1213 0.0905181 -0.04334312 0.12105 0.09058578 -0.04341422 0.12105 0.09080383 -0.04236285 0.1218 0.09067712 -0.0427071 0.12155 0.09064723 -0.04311019 0.1213 0.09039359 -0.0431914 0.12105 0.09045398 -0.04326879 0.12105 0.09077402 -0.04224386 0.1218 0.09061418 -0.04257402 0.12155 0.09054493 -0.04297225 0.1213 0.09028455 -0.04302821 0.12105 0.09033706 -0.04311114 0.12105 0.09075602 -0.04212252 0.1218 0.09056459 -0.04243543 0.12155 0.09045663 -0.04282494 0.1213 0.09019202 -0.04285511 0.12105 0.09023616 -0.04294279 0.12105 0.09052882 -0.04229264 0.12155 0.09038321 -0.0426697 0.1213 0.09011691 -0.04267378 0.12105 0.09015224 -0.04276537 0.12105 0.09050723 -0.04214703 0.12155 0.09 -0.042 0.12105 0.09032536 -0.042508 0.1213 0.09005994 -0.04248596 0.12105 0.09008612 -0.04258057 0.12105 0.09028362 -0.04234141 0.1213 0.09002164 -0.04229346 0.12105 0.09003843 -0.04239018 0.12105 0.09025843 -0.04217153 0.1213 0.09000241 -0.04209814 0.12105 0.09000963 -0.04219603 0.12105 0.135964 -0.04212252 0.1218 0.135946 -0.04224386 0.1218 0.1359162 -0.04236285 0.1218 0.1362128 -0.04214703 0.12155 0.13672 -0.042 0.12105 0.1358748 -0.04247836 0.1218 0.1361912 -0.04229264 0.12155 0.1358224 -0.04258924 0.1218 0.1361554 -0.04243543 0.12155 0.1364616 -0.04217153 0.1213 0.1366983 -0.04229346 0.12105 0.1367104 -0.04219603 0.12105 0.1367176 -0.04209814 0.12105 0.1357593 -0.04269446 0.1218 0.1361058 -0.04257402 0.12155 0.1364364 -0.04234141 0.1213 0.1366601 -0.04248596 0.12105 0.1366816 -0.04239018 0.12105 0.1356863 -0.04279299 0.1218 0.1360429 -0.0427071 0.12155 0.1363946 -0.042508 0.1213 0.1366031 -0.04267378 0.12105 0.1366339 -0.04258057 0.12105 0.1356039 -0.04288388 0.1218 0.1359672 -0.04283335 0.12155 0.1363368 -0.0426697 0.1213 0.136528 -0.04285511 0.12105 0.1365678 -0.04276537 0.12105 0.135513 -0.04296626 0.1218 0.1358795 -0.04295159 0.12155 0.1362634 -0.04282494 0.1213 0.1364355 -0.04302821 0.12105 0.1364838 -0.04294279 0.12105 0.1354145 -0.04303934 0.1218 0.1357807 -0.04306066 0.12155 0.1361751 -0.04297225 0.1213 0.1363264 -0.0431914 0.12105 0.1363829 -0.04311114 0.12105 0.1353092 -0.0431024 0.1218 0.1356716 -0.04315952 0.12155 0.1360728 -0.04311019 0.1213 0.1362019 -0.04334312 0.12105 0.136266 -0.04326879 0.12105 0.1351983 -0.04315485 0.1218 0.1355534 -0.0432472 0.12155 0.1359574 -0.04323744 0.1213 0.1360631 -0.0434819 0.12105 0.1361342 -0.04341422 0.12105 0.1350829 -0.04319617 0.1218 0.1354271 -0.04332288 0.12155 0.1358302 -0.04335277 0.1213 0.1359114 -0.04360641 0.12105 0.1359888 -0.04354602 0.12105 0.1349639 -0.04322598 0.1218 0.135294 -0.04338582 0.12155 0.1356922 -0.04345507 0.1213 0.1357482 -0.04371546 0.12105 0.1358311 -0.04366294 0.12105 0.1348425 -0.04324398 0.1218 0.1351554 -0.04343541 0.12155 0.1355449 -0.04354336 0.1213 0.1355751 -0.04380798 0.12105 0.1356628 -0.04376384 0.12105 0.1350126 -0.04347118 0.12155 0.1353897 -0.04361679 0.1213 0.1353938 -0.04388309 0.12105 0.1354854 -0.04384776 0.12105 0.134867 -0.04349278 0.12155 0.135228 -0.04367464 0.1213 0.135206 -0.04394006 0.12105 0.1353006 -0.04391388 0.12105 0.1350614 -0.04371637 0.1213 0.1350135 -0.04397835 0.12105 0.1351102 -0.04396157 0.12105 0.1348915 -0.04374157 0.1213 0.1348181 -0.04399759 0.12105 0.134916 -0.04399037 0.12105 0.09 0.03126 0.12105 0.13672 0.03126 0.12105 0.09075602 0.03138252 0.1218 0.09077402 0.03150386 0.1218 0.09080383 0.03162286 0.1218 0.09050723 0.03140703 0.12155 0.09084515 0.03173835 0.1218 0.09052882 0.03155264 0.12155 0.0908976 0.03184925 0.1218 0.09056459 0.03169543 0.12155 0.09025843 0.03143153 0.1213 0.09002164 0.03155346 0.12105 0.09000963 0.03145603 0.12105 0.09000241 0.03135814 0.12105 0.09096066 0.03195446 0.1218 0.09061418 0.03183402 0.12155 0.09028362 0.03160141 0.1213 0.09005994 0.03174596 0.12105 0.09003843 0.03165018 0.12105 0.09103374 0.03205299 0.1218 0.09067712 0.03196709 0.12155 0.09032536 0.031768 0.1213 0.09011691 0.03193378 0.12105 0.09008612 0.03184057 0.12105 0.09111612 0.03214388 0.1218 0.09075279 0.03209336 0.12155 0.09038321 0.0319297 0.1213 0.09019202 0.03211511 0.12105 0.09015224 0.03202537 0.12105 0.09120701 0.03222626 0.1218 0.09084048 0.03221159 0.12155 0.09045663 0.03208495 0.1213 0.09028455 0.0322882 0.12105 0.09023616 0.03220279 0.12105 0.09130553 0.03229934 0.1218 0.09093934 0.03232066 0.12155 0.09054493 0.03223225 0.1213 0.09039359 0.0324514 0.12105 0.09033706 0.03237114 0.12105 0.09141075 0.0323624 0.1218 0.09104841 0.03241952 0.12155 0.09064723 0.03237019 0.1213 0.0905181 0.03260312 0.12105 0.09045398 0.03252879 0.12105 0.09152164 0.03241485 0.1218 0.09116664 0.03250721 0.12155 0.09076257 0.03249744 0.1213 0.09065688 0.0327419 0.12105 0.09058578 0.03267421 0.12105 0.09163715 0.03245618 0.1218 0.09129291 0.03258288 0.12155 0.09088981 0.03261277 0.1213 0.0908086 0.03286642 0.12105 0.09073122 0.03280602 0.12105 0.09175613 0.03248598 0.1218 0.09142597 0.03264582 0.12155 0.09102776 0.03271507 0.1213 0.09097179 0.03297546 0.12105 0.09088886 0.03292294 0.12105 0.09187748 0.03250398 0.1218 0.09156458 0.03269541 0.12155 0.09117506 0.03280336 0.1213 0.09114489 0.03306798 0.12105 0.09105721 0.03302384 0.12105 0.09170737 0.03273118 0.12155 0.09133031 0.03287679 0.1213 0.09132622 0.03314309 0.12105 0.09123463 0.03310776 0.12105 0.09185297 0.03275278 0.12155 0.092 0.03326 0.12105 0.091492 0.03293465 0.1213 0.09151404 0.03320006 0.12105 0.09141943 0.03317388 0.12105 0.09165859 0.03297638 0.1213 0.09170654 0.03323835 0.12105 0.09160982 0.03322157 0.12105 0.09182847 0.03300157 0.1213 0.09190186 0.03325759 0.12105 0.09180396 0.03325037 0.12105 0.1348425 0.03250398 0.1218 0.1349639 0.03248598 0.1218 0.1350829 0.03245618 0.1218 0.134867 0.03275278 0.12155 0.13472 0.03326 0.12105 0.1351983 0.03241485 0.1218 0.1350126 0.03273118 0.12155 0.1353092 0.0323624 0.1218 0.1351554 0.03269541 0.12155 0.1348915 0.03300157 0.1213 0.1350135 0.03323835 0.12105 0.134916 0.03325037 0.12105 0.1348181 0.03325759 0.12105 0.1354145 0.03229934 0.1218 0.135294 0.03264582 0.12155 0.1350614 0.03297638 0.1213 0.135206 0.03320006 0.12105 0.1351102 0.03322157 0.12105 0.135513 0.03222626 0.1218 0.1354271 0.03258288 0.12155 0.135228 0.03293465 0.1213 0.1353938 0.03314309 0.12105 0.1353006 0.03317388 0.12105 0.1356039 0.03214388 0.1218 0.1355534 0.03250721 0.12155 0.1353897 0.03287679 0.1213 0.1355751 0.03306798 0.12105 0.1354854 0.03310776 0.12105 0.1356863 0.03205299 0.1218 0.1356716 0.03241952 0.12155 0.1355449 0.03280336 0.1213 0.1357482 0.03297546 0.12105 0.1356628 0.03302384 0.12105 0.1357593 0.03195446 0.1218 0.1357807 0.03232066 0.12155 0.1356922 0.03271507 0.1213 0.1359114 0.03286642 0.12105 0.1358311 0.03292294 0.12105 0.1358224 0.03184925 0.1218 0.1358795 0.03221159 0.12155 0.1358302 0.03261277 0.1213 0.1360631 0.0327419 0.12105 0.1359888 0.03280602 0.12105 0.1358748 0.03173835 0.1218 0.1359672 0.03209336 0.12155 0.1359574 0.03249744 0.1213 0.1362019 0.03260312 0.12105 0.1361342 0.03267421 0.12105 0.1359162 0.03162286 0.1218 0.1360429 0.03196709 0.12155 0.1360728 0.03237019 0.1213 0.1363264 0.0324514 0.12105 0.136266 0.03252879 0.12105 0.135946 0.03150386 0.1218 0.1361058 0.03183402 0.12155 0.1361751 0.03223225 0.1213 0.1364355 0.0322882 0.12105 0.1363829 0.03237114 0.12105 0.135964 0.03138252 0.1218 0.1361554 0.03169543 0.12155 0.1362634 0.03208495 0.1213 0.136528 0.03211511 0.12105 0.1364838 0.03220279 0.12105 0.1361912 0.03155264 0.12155 0.1363368 0.0319297 0.1213 0.1366031 0.03193378 0.12105 0.1365678 0.03202537 0.12105 0.1362128 0.03140703 0.12155 0.1363946 0.031768 0.1213 0.1366601 0.03174596 0.12105 0.1366339 0.03184057 0.12105 0.1364364 0.03160141 0.1213 0.1366983 0.03155346 0.12105 0.1366816 0.03165018 0.12105 0.1364616 0.03143153 0.1213 0.1367176 0.03135814 0.12105 0.1367104 0.03145603 0.12105 0.09825 -0.039 0.11955 0.09824596 -0.038838 0.11955 0.09823385 -0.0386764 0.11955 0.0982137 -0.03851561 0.11955 0.09818556 -0.03835603 0.11955 0.0981495 -0.03819804 0.11955 0.09810561 -0.03804205 0.11955 0.098054 -0.03788844 0.11955 0.0979948 -0.03773759 0.11955 0.09792815 -0.03758988 0.11955 0.09785422 -0.03744567 0.11955 0.09777319 -0.03730534 0.11955 0.09768527 -0.03716921 0.11955 0.09759068 -0.03703764 0.11955 0.09748965 -0.03691094 0.11955 0.09738242 -0.03678944 0.11955 0.09726927 -0.03667343 0.11955 0.09715048 -0.03656321 0.11955 0.09702634 -0.03645905 0.11955 0.09689716 -0.0363612 0.11955 0.09676328 -0.03626992 0.11955 0.096625 -0.03618542 0.11955 0.09648268 -0.03610792 0.11955 0.09633669 -0.03603761 0.11955 0.09618736 -0.03597466 0.11955 0.09603508 -0.03591924 0.11955 0.09588023 -0.03587147 0.11955 0.09572319 -0.03583149 0.11955 0.09556435 -0.03579937 0.11955 0.09540411 -0.03577522 0.11955 0.09524287 -0.03575909 0.11955 0.09508102 -0.03575101 0.11955 0.09491898 -0.03575101 0.11955 0.09475713 -0.03575909 0.11955 0.09459589 -0.03577522 0.11955 0.09443565 -0.03579937 0.11955 0.09427681 -0.03583149 0.11955 0.09411977 -0.03587147 0.11955 0.09396492 -0.03591924 0.11955 0.09381264 -0.03597466 0.11955 0.09366331 -0.03603761 0.11955 0.09351732 -0.03610792 0.11955 0.093375 -0.03618542 0.11955 0.09323672 -0.03626992 0.11955 0.09310284 -0.0363612 0.11955 0.09297366 -0.03645905 0.11955 0.09284952 -0.03656321 0.11955 0.09273073 -0.03667343 0.11955 0.09261758 -0.03678944 0.11955 0.09251035 -0.03691094 0.11955 0.09240932 -0.03703764 0.11955 0.09231473 -0.03716921 0.11955 0.09222681 -0.03730534 0.11955 0.09214578 -0.03744567 0.11955 0.09207185 -0.03758988 0.11955 0.0920052 -0.03773759 0.11955 0.091946 -0.03788844 0.11955 0.09189439 -0.03804205 0.11955 0.0918505 -0.03819804 0.11955 0.09181444 -0.03835603 0.11955 0.0917863 -0.03851561 0.11955 0.09176615 -0.0386764 0.11955 0.09175404 -0.038838 0.11955 0.09175 -0.039 0.11955 0.09175404 -0.039162 0.11955 0.09176615 -0.0393236 0.11955 0.0917863 -0.03948439 0.11955 0.09181444 -0.03964397 0.11955 0.0918505 -0.03980196 0.11955 0.09189439 -0.03995795 0.11955 0.091946 -0.04011156 0.11955 0.0920052 -0.04026241 0.11955 0.09207185 -0.04041012 0.11955 0.09214578 -0.04055433 0.11955 0.09222681 -0.04069466 0.11955 0.09231473 -0.04083079 0.11955 0.09240932 -0.04096236 0.11955 0.09251035 -0.04108906 0.11955 0.09261758 -0.04121056 0.11955 0.09273073 -0.04132657 0.11955 0.09284952 -0.04143679 0.11955 0.09297366 -0.04154095 0.11955 0.09310284 -0.0416388 0.11955 0.09323672 -0.04173008 0.11955 0.093375 -0.04181458 0.11955 0.09351732 -0.04189208 0.11955 0.09366331 -0.04196239 0.11955 0.09381264 -0.04202534 0.11955 0.09396492 -0.04208076 0.11955 0.09411977 -0.04212853 0.11955 0.09427681 -0.04216851 0.11955 0.09443565 -0.04220063 0.11955 0.09459589 -0.04222478 0.11955 0.09475713 -0.04224091 0.11955 0.09491898 -0.04224899 0.11955 0.09508102 -0.04224899 0.11955 0.09524287 -0.04224091 0.11955 0.09540411 -0.04222478 0.11955 0.09556435 -0.04220063 0.11955 0.09572319 -0.04216851 0.11955 0.09588023 -0.04212853 0.11955 0.09603508 -0.04208076 0.11955 0.09618736 -0.04202534 0.11955 0.09633669 -0.04196239 0.11955 0.09648268 -0.04189208 0.11955 0.096625 -0.04181458 0.11955 0.09676328 -0.04173008 0.11955 0.09689716 -0.0416388 0.11955 0.09702634 -0.04154095 0.11955 0.09715048 -0.04143679 0.11955 0.09726927 -0.04132657 0.11955 0.09738242 -0.04121056 0.11955 0.09748965 -0.04108906 0.11955 0.09759068 -0.04096236 0.11955 0.09768527 -0.04083079 0.11955 0.09777319 -0.04069466 0.11955 0.09785422 -0.04055433 0.11955 0.09792815 -0.04041012 0.11955 0.0979948 -0.04026241 0.11955 0.098054 -0.04011156 0.11955 0.09810561 -0.03995795 0.11955 0.0981495 -0.03980196 0.11955 0.09818556 -0.03964397 0.11955 0.0982137 -0.03948439 0.11955 0.09823385 -0.0393236 0.11955 0.09824596 -0.039162 0.11955 0.13497 -0.039 0.11955 0.134966 -0.038838 0.11955 0.1349539 -0.0386764 0.11955 0.1349337 -0.03851561 0.11955 0.1349056 -0.03835603 0.11955 0.1348695 -0.03819804 0.11955 0.1348256 -0.03804205 0.11955 0.134774 -0.03788844 0.11955 0.1347148 -0.03773759 0.11955 0.1346481 -0.03758988 0.11955 0.1345742 -0.03744567 0.11955 0.1344932 -0.03730534 0.11955 0.1344053 -0.03716921 0.11955 0.1343107 -0.03703764 0.11955 0.1342096 -0.03691094 0.11955 0.1341024 -0.03678944 0.11955 0.1339893 -0.03667343 0.11955 0.1338705 -0.03656321 0.11955 0.1337463 -0.03645905 0.11955 0.1336172 -0.0363612 0.11955 0.1334833 -0.03626992 0.11955 0.133345 -0.03618542 0.11955 0.1332027 -0.03610792 0.11955 0.1330567 -0.03603761 0.11955 0.1329074 -0.03597466 0.11955 0.1327551 -0.03591924 0.11955 0.1326002 -0.03587147 0.11955 0.1324432 -0.03583149 0.11955 0.1322844 -0.03579937 0.11955 0.1321241 -0.03577522 0.11955 0.1319629 -0.03575909 0.11955 0.131801 -0.03575101 0.11955 0.131639 -0.03575101 0.11955 0.1314771 -0.03575909 0.11955 0.1313159 -0.03577522 0.11955 0.1311556 -0.03579937 0.11955 0.1309968 -0.03583149 0.11955 0.1308398 -0.03587147 0.11955 0.1306849 -0.03591924 0.11955 0.1305326 -0.03597466 0.11955 0.1303833 -0.03603761 0.11955 0.1302373 -0.03610792 0.11955 0.130095 -0.03618542 0.11955 0.1299567 -0.03626992 0.11955 0.1298228 -0.0363612 0.11955 0.1296937 -0.03645905 0.11955 0.1295695 -0.03656321 0.11955 0.1294507 -0.03667343 0.11955 0.1293376 -0.03678944 0.11955 0.1292304 -0.03691094 0.11955 0.1291293 -0.03703764 0.11955 0.1290347 -0.03716921 0.11955 0.1289468 -0.03730534 0.11955 0.1288658 -0.03744567 0.11955 0.1287919 -0.03758988 0.11955 0.1287252 -0.03773759 0.11955 0.128666 -0.03788844 0.11955 0.1286144 -0.03804205 0.11955 0.1285705 -0.03819804 0.11955 0.1285344 -0.03835603 0.11955 0.1285063 -0.03851561 0.11955 0.1284861 -0.0386764 0.11955 0.128474 -0.038838 0.11955 0.12847 -0.039 0.11955 0.128474 -0.039162 0.11955 0.1284861 -0.0393236 0.11955 0.1285063 -0.03948439 0.11955 0.1285344 -0.03964397 0.11955 0.1285705 -0.03980196 0.11955 0.1286144 -0.03995795 0.11955 0.128666 -0.04011156 0.11955 0.1287252 -0.04026241 0.11955 0.1287919 -0.04041012 0.11955 0.1288658 -0.04055433 0.11955 0.1289468 -0.04069466 0.11955 0.1290347 -0.04083079 0.11955 0.1291293 -0.04096236 0.11955 0.1292304 -0.04108906 0.11955 0.1293376 -0.04121056 0.11955 0.1294507 -0.04132657 0.11955 0.1295695 -0.04143679 0.11955 0.1296937 -0.04154095 0.11955 0.1298228 -0.0416388 0.11955 0.1299567 -0.04173008 0.11955 0.130095 -0.04181458 0.11955 0.1302373 -0.04189208 0.11955 0.1303833 -0.04196239 0.11955 0.1305326 -0.04202534 0.11955 0.1306849 -0.04208076 0.11955 0.1308398 -0.04212853 0.11955 0.1309968 -0.04216851 0.11955 0.1311556 -0.04220063 0.11955 0.1313159 -0.04222478 0.11955 0.1314771 -0.04224091 0.11955 0.131639 -0.04224899 0.11955 0.131801 -0.04224899 0.11955 0.1319629 -0.04224091 0.11955 0.1321241 -0.04222478 0.11955 0.1322844 -0.04220063 0.11955 0.1324432 -0.04216851 0.11955 0.1326002 -0.04212853 0.11955 0.1327551 -0.04208076 0.11955 0.1329074 -0.04202534 0.11955 0.1330567 -0.04196239 0.11955 0.1332027 -0.04189208 0.11955 0.133345 -0.04181458 0.11955 0.1334833 -0.04173008 0.11955 0.1336172 -0.0416388 0.11955 0.1337463 -0.04154095 0.11955 0.1338705 -0.04143679 0.11955 0.1339893 -0.04132657 0.11955 0.1341024 -0.04121056 0.11955 0.1342096 -0.04108906 0.11955 0.1343107 -0.04096236 0.11955 0.1344053 -0.04083079 0.11955 0.1344932 -0.04069466 0.11955 0.1345742 -0.04055433 0.11955 0.1346481 -0.04041012 0.11955 0.1347148 -0.04026241 0.11955 0.134774 -0.04011156 0.11955 0.1348256 -0.03995795 0.11955 0.1348695 -0.03980196 0.11955 0.1349056 -0.03964397 0.11955 0.1349337 -0.03948439 0.11955 0.1349539 -0.0393236 0.11955 0.134966 -0.039162 0.11955 0.1305249 -0.02696761 0.1202243 0.09379734 -0.02696 0.12005 0.09378973 -0.02696761 0.1202243 0.1305173 -0.02696 0.12005 0.1305385 -0.02698112 0.1203399 0.09377622 -0.02698112 0.1203399 0.1305553 -0.026998 0.120438 0.09375934 -0.026998 0.120438 0.1305772 -0.02701985 0.1205356 0.09373749 -0.02701985 0.1205356 0.09371063 -0.0270467 0.1206325 0.130604 -0.0270467 0.1206325 0.1306359 -0.02707859 0.1207285 0.09367874 -0.02707859 0.1207285 0.1306729 -0.02711556 0.1208233 0.09364178 -0.02711556 0.1208233 0.1307129 -0.02715557 0.1209126 0.09360176 -0.02715557 0.1209126 0.1307553 -0.02719797 0.1209962 0.09355936 -0.02719797 0.1209962 0.1307996 -0.02724223 0.1210743 0.09351511 -0.02724223 0.1210743 0.130894 -0.02733667 0.1212182 0.09342067 -0.02733667 0.1212182 0.1309912 -0.02743382 0.1213426 0.09332352 -0.02743382 0.1213426 0.1310886 -0.02753124 0.1214495 0.0932261 -0.02753124 0.1214495 0.1311844 -0.02762711 0.1215411 0.09313023 -0.02762711 0.1215411 0.1312775 -0.02772016 0.1216193 0.09303718 -0.02772016 0.1216193 0.1313989 -0.0278416 0.1217081 0.09291573 -0.0278416 0.1217081 0.1314823 -0.02792493 0.1217613 0.09283241 -0.02792493 0.1217613 0.1316106 -0.02805328 0.1218327 0.09270406 -0.02805328 0.1218327 0.1317386 -0.02818125 0.1218922 0.09257609 -0.02818125 0.1218922 0.131863 -0.02830569 0.1219399 0.09245165 -0.02830569 0.1219399 0.131992 -0.02843463 0.1219798 0.0923227 -0.02843463 0.1219798 0.1321317 -0.02857436 0.1220125 0.09218298 -0.02857436 0.1220125 0.1322713 -0.028714 0.1220348 0.09204333 -0.028714 0.1220348 0.1323941 -0.02883677 0.1220462 0.09192057 -0.02883677 0.1220462 0.09379734 0.022 0.12005 0.09378973 0.02200761 0.1202243 0.09377622 0.02202112 0.1203399 0.09375934 0.022038 0.120438 0.09373749 0.02205985 0.1205356 0.09371063 0.0220867 0.1206325 0.09367874 0.02211859 0.1207285 0.09364178 0.02215556 0.1208233 0.09360176 0.02219557 0.1209126 0.09355936 0.02223797 0.1209962 0.09351511 0.02228223 0.1210743 0.09342067 0.02237667 0.1212182 0.09332352 0.02247382 0.1213426 0.0932261 0.02257124 0.1214495 0.09313023 0.02266711 0.1215411 0.09303718 0.02276016 0.1216193 0.09291573 0.0228816 0.1217081 0.09283241 0.02296493 0.1217613 0.09270406 0.02309328 0.1218327 0.09257609 0.02322125 0.1218922 0.09245165 0.02334568 0.1219399 0.0923227 0.02347463 0.1219798 0.09218298 0.02361436 0.1220125 0.09204333 0.02375401 0.1220348 0.09192057 0.02387677 0.1220462 0.1305173 0.022 0.12005 0.1305249 0.02200761 0.1202243 0.1305385 0.02202112 0.1203399 0.1305553 0.022038 0.120438 0.1305772 0.02205985 0.1205356 0.130604 0.0220867 0.1206325 0.1306359 0.02211859 0.1207285 0.1306729 0.02215556 0.1208233 0.1307129 0.02219557 0.1209126 0.1307553 0.02223797 0.1209962 0.1307996 0.02228223 0.1210743 0.130894 0.02237667 0.1212182 0.1309912 0.02247382 0.1213426 0.1310886 0.02257124 0.1214495 0.1311844 0.02266711 0.1215411 0.1312775 0.02276016 0.1216193 0.1313989 0.0228816 0.1217081 0.1314823 0.02296493 0.1217613 0.1316106 0.02309328 0.1218327 0.1317386 0.02322125 0.1218922 0.131863 0.02334568 0.1219399 0.131992 0.02347463 0.1219798 0.1321317 0.02361436 0.1220125 0.1322713 0.02375401 0.1220348 0.1323941 0.02387677 0.1220462 0.09825 0.02826 0.11955 0.09824596 0.028422 0.11955 0.09823385 0.0285836 0.11955 0.0982137 0.02874439 0.11955 0.09818556 0.02890397 0.11955 0.0981495 0.02906196 0.11955 0.09810561 0.02921795 0.11955 0.098054 0.02937156 0.11955 0.0979948 0.02952241 0.11955 0.09792815 0.02967012 0.11955 0.09785422 0.02981433 0.11955 0.09777319 0.02995466 0.11955 0.09768527 0.03009079 0.11955 0.09759068 0.03022236 0.11955 0.09748965 0.03034906 0.11955 0.09738242 0.03047056 0.11955 0.09726927 0.03058657 0.11955 0.09715048 0.03069679 0.11955 0.09702634 0.03080095 0.11955 0.09689716 0.0308988 0.11955 0.09676328 0.03099008 0.11955 0.096625 0.03107458 0.11955 0.09648268 0.03115208 0.11955 0.09633669 0.03122239 0.11955 0.09618736 0.03128534 0.11955 0.09603508 0.03134076 0.11955 0.09588023 0.03138853 0.11955 0.09572319 0.03142852 0.11955 0.09556435 0.03146062 0.11955 0.09540411 0.03148478 0.11955 0.09524287 0.03150091 0.11955 0.09508102 0.03150899 0.11955 0.09491898 0.03150899 0.11955 0.09475713 0.03150091 0.11955 0.09459589 0.03148478 0.11955 0.09443565 0.03146062 0.11955 0.09427681 0.03142852 0.11955 0.09411977 0.03138853 0.11955 0.09396492 0.03134076 0.11955 0.09381264 0.03128534 0.11955 0.09366331 0.03122239 0.11955 0.09351732 0.03115208 0.11955 0.093375 0.03107458 0.11955 0.09323672 0.03099008 0.11955 0.09310284 0.0308988 0.11955 0.09297366 0.03080095 0.11955 0.09284952 0.03069679 0.11955 0.09273073 0.03058657 0.11955 0.09261758 0.03047056 0.11955 0.09251035 0.03034906 0.11955 0.09240932 0.03022236 0.11955 0.09231473 0.03009079 0.11955 0.09222681 0.02995466 0.11955 0.09214578 0.02981433 0.11955 0.09207185 0.02967012 0.11955 0.0920052 0.02952241 0.11955 0.091946 0.02937156 0.11955 0.09189439 0.02921795 0.11955 0.0918505 0.02906196 0.11955 0.09181444 0.02890397 0.11955 0.0917863 0.02874439 0.11955 0.09176615 0.0285836 0.11955 0.09175404 0.028422 0.11955 0.09175 0.02826 0.11955 0.09175404 0.028098 0.11955 0.09176615 0.02793641 0.11955 0.0917863 0.02777561 0.11955 0.09181444 0.02761603 0.11955 0.0918505 0.02745804 0.11955 0.09189439 0.02730205 0.11955 0.091946 0.02714843 0.11955 0.0920052 0.02699759 0.11955 0.09207185 0.02684988 0.11955 0.09214578 0.02670568 0.11955 0.09222681 0.02656534 0.11955 0.09231473 0.02642921 0.11955 0.09240932 0.02629764 0.11955 0.09251035 0.02617094 0.11955 0.09261758 0.02604944 0.11955 0.09273073 0.02593343 0.11955 0.09284952 0.02582321 0.11955 0.09297366 0.02571905 0.11955 0.09310284 0.0256212 0.11955 0.09323672 0.02552991 0.11955 0.093375 0.02544542 0.11955 0.09351732 0.02536792 0.11955 0.09366331 0.02529761 0.11955 0.09381264 0.02523466 0.11955 0.09396492 0.02517924 0.11955 0.09411977 0.02513147 0.11955 0.09427681 0.02509148 0.11955 0.09443565 0.02505937 0.11955 0.09459589 0.02503522 0.11955 0.09475713 0.02501909 0.11955 0.09491898 0.02501101 0.11955 0.09508102 0.02501101 0.11955 0.09524287 0.02501909 0.11955 0.09540411 0.02503522 0.11955 0.09556435 0.02505937 0.11955 0.09572319 0.02509148 0.11955 0.09588023 0.02513147 0.11955 0.09603508 0.02517924 0.11955 0.09618736 0.02523466 0.11955 0.09633669 0.02529761 0.11955 0.09648268 0.02536792 0.11955 0.096625 0.02544542 0.11955 0.09676328 0.02552991 0.11955 0.09689716 0.0256212 0.11955 0.09702634 0.02571905 0.11955 0.09715048 0.02582321 0.11955 0.09726927 0.02593343 0.11955 0.09738242 0.02604944 0.11955 0.09748965 0.02617094 0.11955 0.09759068 0.02629764 0.11955 0.09768527 0.02642921 0.11955 0.09777319 0.02656534 0.11955 0.09785422 0.02670568 0.11955 0.09792815 0.02684988 0.11955 0.0979948 0.02699759 0.11955 0.098054 0.02714843 0.11955 0.09810561 0.02730205 0.11955 0.0981495 0.02745804 0.11955 0.09818556 0.02761603 0.11955 0.0982137 0.02777561 0.11955 0.09823385 0.02793641 0.11955 0.09824596 0.028098 0.11955 0.13497 0.02826 0.11955 0.134966 0.028422 0.11955 0.1349539 0.0285836 0.11955 0.1349337 0.02874439 0.11955 0.1349056 0.02890397 0.11955 0.1348695 0.02906196 0.11955 0.1348256 0.02921795 0.11955 0.134774 0.02937156 0.11955 0.1347148 0.02952241 0.11955 0.1346481 0.02967012 0.11955 0.1345742 0.02981433 0.11955 0.1344932 0.02995466 0.11955 0.1344053 0.03009079 0.11955 0.1343107 0.03022236 0.11955 0.1342096 0.03034906 0.11955 0.1341024 0.03047056 0.11955 0.1339893 0.03058657 0.11955 0.1338705 0.03069679 0.11955 0.1337463 0.03080095 0.11955 0.1336172 0.0308988 0.11955 0.1334833 0.03099008 0.11955 0.133345 0.03107458 0.11955 0.1332027 0.03115208 0.11955 0.1330567 0.03122239 0.11955 0.1329074 0.03128534 0.11955 0.1327551 0.03134076 0.11955 0.1326002 0.03138853 0.11955 0.1324432 0.03142852 0.11955 0.1322844 0.03146062 0.11955 0.1321241 0.03148478 0.11955 0.1319629 0.03150091 0.11955 0.131801 0.03150899 0.11955 0.131639 0.03150899 0.11955 0.1314771 0.03150091 0.11955 0.1313159 0.03148478 0.11955 0.1311556 0.03146062 0.11955 0.1309968 0.03142852 0.11955 0.1308398 0.03138853 0.11955 0.1306849 0.03134076 0.11955 0.1305326 0.03128534 0.11955 0.1303833 0.03122239 0.11955 0.1302373 0.03115208 0.11955 0.130095 0.03107458 0.11955 0.1299567 0.03099008 0.11955 0.1298228 0.0308988 0.11955 0.1296937 0.03080095 0.11955 0.1295695 0.03069679 0.11955 0.1294507 0.03058657 0.11955 0.1293376 0.03047056 0.11955 0.1292304 0.03034906 0.11955 0.1291293 0.03022236 0.11955 0.1290347 0.03009079 0.11955 0.1289468 0.02995466 0.11955 0.1288658 0.02981433 0.11955 0.1287919 0.02967012 0.11955 0.1287252 0.02952241 0.11955 0.128666 0.02937156 0.11955 0.1286144 0.02921795 0.11955 0.1285705 0.02906196 0.11955 0.1285344 0.02890397 0.11955 0.1285063 0.02874439 0.11955 0.1284861 0.0285836 0.11955 0.128474 0.028422 0.11955 0.12847 0.02826 0.11955 0.128474 0.028098 0.11955 0.1284861 0.02793641 0.11955 0.1285063 0.02777561 0.11955 0.1285344 0.02761603 0.11955 0.1285705 0.02745804 0.11955 0.1286144 0.02730205 0.11955 0.128666 0.02714843 0.11955 0.1287252 0.02699759 0.11955 0.1287919 0.02684988 0.11955 0.1288658 0.02670568 0.11955 0.1289468 0.02656534 0.11955 0.1290347 0.02642921 0.11955 0.1291293 0.02629764 0.11955 0.1292304 0.02617094 0.11955 0.1293376 0.02604944 0.11955 0.1294507 0.02593343 0.11955 0.1295695 0.02582321 0.11955 0.1296937 0.02571905 0.11955 0.1298228 0.0256212 0.11955 0.1299567 0.02552991 0.11955 0.130095 0.02544542 0.11955 0.1302373 0.02536792 0.11955 0.1303833 0.02529761 0.11955 0.1305326 0.02523466 0.11955 0.1306849 0.02517924 0.11955 0.1308398 0.02513147 0.11955 0.1309968 0.02509148 0.11955 0.1311556 0.02505937 0.11955 0.1313159 0.02503522 0.11955 0.1314771 0.02501909 0.11955 0.131639 0.02501101 0.11955 0.131801 0.02501101 0.11955 0.1319629 0.02501909 0.11955 0.1321241 0.02503522 0.11955 0.1322844 0.02505937 0.11955 0.1324432 0.02509148 0.11955 0.1326002 0.02513147 0.11955 0.1327551 0.02517924 0.11955 0.1329074 0.02523466 0.11955 0.1330567 0.02529761 0.11955 0.1332027 0.02536792 0.11955 0.133345 0.02544542 0.11955 0.1334833 0.02552991 0.11955 0.1336172 0.0256212 0.11955 0.1337463 0.02571905 0.11955 0.1338705 0.02582321 0.11955 0.1339893 0.02593343 0.11955 0.1341024 0.02604944 0.11955 0.1342096 0.02617094 0.11955 0.1343107 0.02629764 0.11955 0.1344053 0.02642921 0.11955 0.1344932 0.02656534 0.11955 0.1345742 0.02670568 0.11955 0.1346481 0.02684988 0.11955 0.1347148 0.02699759 0.11955 0.134774 0.02714843 0.11955 0.1348256 0.02730205 0.11955 0.1348695 0.02745804 0.11955 0.1349056 0.02761603 0.11955 0.1349337 0.02777561 0.11955 0.1349539 0.02793641 0.11955 0.134966 0.028098 0.11955 0.092 -0.044 0.11755 0.13472 -0.044 0.11755 0.09190186 -0.04399759 0.11755 0.09180396 -0.04399037 0.11755 0.09170654 -0.04397835 0.11755 0.09160982 -0.04396157 0.11755 0.09151404 -0.04394006 0.11755 0.09141943 -0.04391388 0.11755 0.09132622 -0.04388309 0.11755 0.09123463 -0.04384776 0.11755 0.09114489 -0.04380798 0.11755 0.09105721 -0.04376384 0.11755 0.09097179 -0.04371546 0.11755 0.09088886 -0.04366294 0.11755 0.0908086 -0.04360641 0.11755 0.09073122 -0.04354602 0.11755 0.09065688 -0.0434819 0.11755 0.09058578 -0.04341422 0.11755 0.0905181 -0.04334312 0.11755 0.09045398 -0.04326879 0.11755 0.09039359 -0.0431914 0.11755 0.09033706 -0.04311114 0.11755 0.09028455 -0.04302821 0.11755 0.09023616 -0.04294279 0.11755 0.09019202 -0.04285511 0.11755 0.09015224 -0.04276537 0.11755 0.09011691 -0.04267378 0.11755 0.09008612 -0.04258057 0.11755 0.09005994 -0.04248596 0.11755 0.09003843 -0.04239018 0.11755 0.09002164 -0.04229346 0.11755 0.09000963 -0.04219603 0.11755 0.09000241 -0.04209814 0.11755 0.09 -0.042 0.11755 0.13672 -0.042 0.11755 0.1367176 -0.04209814 0.11755 0.1367104 -0.04219603 0.11755 0.1366983 -0.04229346 0.11755 0.1366816 -0.04239018 0.11755 0.1366601 -0.04248596 0.11755 0.1366339 -0.04258057 0.11755 0.1366031 -0.04267378 0.11755 0.1365678 -0.04276537 0.11755 0.136528 -0.04285511 0.11755 0.1364838 -0.04294279 0.11755 0.1364355 -0.04302821 0.11755 0.1363829 -0.04311114 0.11755 0.1363264 -0.0431914 0.11755 0.136266 -0.04326879 0.11755 0.1362019 -0.04334312 0.11755 0.1361342 -0.04341422 0.11755 0.1360631 -0.0434819 0.11755 0.1359888 -0.04354602 0.11755 0.1359114 -0.04360641 0.11755 0.1358311 -0.04366294 0.11755 0.1357482 -0.04371546 0.11755 0.1356628 -0.04376384 0.11755 0.1355751 -0.04380798 0.11755 0.1354854 -0.04384776 0.11755 0.1353938 -0.04388309 0.11755 0.1353006 -0.04391388 0.11755 0.135206 -0.04394006 0.11755 0.1351102 -0.04396157 0.11755 0.1350135 -0.04397835 0.11755 0.134916 -0.04399037 0.11755 0.1348181 -0.04399759 0.11755 0.09 0.03126 0.11755 0.13672 0.03126 0.11755 0.09000241 0.03135814 0.11755 0.09000963 0.03145603 0.11755 0.09002164 0.03155346 0.11755 0.09003843 0.03165018 0.11755 0.09005994 0.03174596 0.11755 0.09008612 0.03184057 0.11755 0.09011691 0.03193378 0.11755 0.09015224 0.03202537 0.11755 0.09019202 0.03211511 0.11755 0.09023616 0.03220279 0.11755 0.09028455 0.0322882 0.11755 0.09033706 0.03237114 0.11755 0.09039359 0.0324514 0.11755 0.09045398 0.03252879 0.11755 0.0905181 0.03260312 0.11755 0.09058578 0.03267421 0.11755 0.09065688 0.0327419 0.11755 0.09073122 0.03280602 0.11755 0.0908086 0.03286642 0.11755 0.09088886 0.03292294 0.11755 0.09097179 0.03297546 0.11755 0.09105721 0.03302384 0.11755 0.09114489 0.03306798 0.11755 0.09123463 0.03310776 0.11755 0.09132622 0.03314309 0.11755 0.09141943 0.03317388 0.11755 0.09151404 0.03320006 0.11755 0.09160982 0.03322157 0.11755 0.09170654 0.03323835 0.11755 0.09180396 0.03325037 0.11755 0.09190186 0.03325759 0.11755 0.092 0.03326 0.11755 0.1348181 0.03325759 0.11755 0.13472 0.03326 0.11755 0.134916 0.03325037 0.11755 0.1350135 0.03323835 0.11755 0.1351102 0.03322157 0.11755 0.135206 0.03320006 0.11755 0.1353006 0.03317388 0.11755 0.1353938 0.03314309 0.11755 0.1354854 0.03310776 0.11755 0.1355751 0.03306798 0.11755 0.1356628 0.03302384 0.11755 0.1357482 0.03297546 0.11755 0.1358311 0.03292294 0.11755 0.1359114 0.03286642 0.11755 0.1359888 0.03280602 0.11755 0.1360631 0.0327419 0.11755 0.1361342 0.03267421 0.11755 0.1362019 0.03260312 0.11755 0.136266 0.03252879 0.11755 0.1363264 0.0324514 0.11755 0.1363829 0.03237114 0.11755 0.1364355 0.0322882 0.11755 0.1364838 0.03220279 0.11755 0.136528 0.03211511 0.11755 0.1365678 0.03202537 0.11755 0.1366031 0.03193378 0.11755 0.1366339 0.03184057 0.11755 0.1366601 0.03174596 0.11755 0.1366816 0.03165018 0.11755 0.1366983 0.03155346 0.11755 0.1367104 0.03145603 0.11755 0.1367176 0.03135814 0.11755 0.09380678 -0.04021087 0.11955 0.09373777 -0.04013876 0.11955 0.09387989 -0.04027881 0.11955 0.09367311 -0.04006272 0.11955 0.09395688 -0.04034235 0.11955 0.09361303 -0.03998301 0.11955 0.09403745 -0.04040125 0.11955 0.09355773 -0.03989992 0.11955 0.09412135 -0.04045533 0.11955 0.0935074 -0.03981373 0.11955 0.09420827 -0.04050438 0.11955 0.09346222 -0.03972473 0.11955 0.09429793 -0.04054825 0.11955 0.09342234 -0.03963323 0.11955 0.09439 -0.04058679 0.11955 0.09338789 -0.03953955 0.11955 0.09448418 -0.04061985 0.11955 0.09335901 -0.03944401 0.11955 0.09458013 -0.04064734 0.11955 0.09333578 -0.03934694 0.11955 0.09467753 -0.04066914 0.11955 0.09331828 -0.03924867 0.11955 0.09477605 -0.04068518 0.11955 0.09330659 -0.03914955 0.11955 0.09487533 -0.04069542 0.11955 0.09330074 -0.03904991 0.11955 0.09497504 -0.04069982 0.11955 0.09330074 -0.03895009 0.11955 0.09507484 -0.04069835 0.11955 0.09330659 -0.03885045 0.11955 0.09517439 -0.04069103 0.11955 0.09331828 -0.03875133 0.11955 0.09527333 -0.04067788 0.11955 0.09333578 -0.03865306 0.11955 0.09537133 -0.04065895 0.11955 0.09335901 -0.03855599 0.11955 0.09546805 -0.0406343 0.11955 0.09338789 -0.03846045 0.11955 0.09556316 -0.04060401 0.11955 0.09342234 -0.03836677 0.11955 0.09565632 -0.0405682 0.11955 0.09346222 -0.03827527 0.11955 0.09574722 -0.04052698 0.11955 0.0935074 -0.03818627 0.11955 0.09583555 -0.04048049 0.11955 0.09355773 -0.03810008 0.11955 0.095921 -0.0404289 0.11955 0.09361303 -0.03801699 0.11955 0.09600327 -0.04037239 0.11955 0.09367311 -0.03793728 0.11955 0.09608208 -0.04031115 0.11955 0.09373777 -0.03786124 0.11955 0.09615717 -0.04024538 0.11955 0.09380678 -0.03778913 0.11955 0.09622826 -0.04017532 0.11955 0.09387989 -0.03772119 0.11955 0.09629512 -0.04010121 0.11955 0.09635751 -0.04002331 0.11955 0.09395688 -0.03765765 0.11955 0.09403745 -0.03759875 0.11955 0.09641523 -0.03994188 0.11955 0.09412135 -0.03754467 0.11955 0.09646806 -0.03985719 0.11955 0.09420827 -0.03749562 0.11955 0.09651585 -0.03976956 0.11955 0.09429793 -0.03745175 0.11955 0.0965584 -0.03967927 0.11955 0.09659557 -0.03958664 0.11955 0.09439 -0.03741321 0.11955 0.09448418 -0.03738015 0.11955 0.09662725 -0.03949199 0.11955 0.09458013 -0.03735266 0.11955 0.09665332 -0.03939565 0.11955 0.09467753 -0.03733086 0.11955 0.09667369 -0.03929793 0.11955 0.09477605 -0.03731482 0.11955 0.09668829 -0.0391992 0.11955 0.09487533 -0.03730458 0.11955 0.09669707 -0.03909977 0.11955 0.0967 -0.039 0.11955 0.09497504 -0.03730018 0.11955 0.09507484 -0.03730165 0.11955 0.09669707 -0.03890023 0.11955 0.09517439 -0.03730897 0.11955 0.09668829 -0.0388008 0.11955 0.09527333 -0.03732212 0.11955 0.09667369 -0.03870207 0.11955 0.09537133 -0.03734105 0.11955 0.09665332 -0.03860435 0.11955 0.09662725 -0.03850801 0.11955 0.09546805 -0.0373657 0.11955 0.09659557 -0.03841336 0.11955 0.09556316 -0.03739599 0.11955 0.09565632 -0.0374318 0.11955 0.0965584 -0.03832073 0.11955 0.09574722 -0.03747302 0.11955 0.09651585 -0.03823044 0.11955 0.09583555 -0.03751951 0.11955 0.09646806 -0.03814281 0.11955 0.095921 -0.0375711 0.11955 0.09641523 -0.03805812 0.11955 0.09635751 -0.03797669 0.11955 0.09600327 -0.03762761 0.11955 0.09608208 -0.03768885 0.11955 0.09629512 -0.03789879 0.11955 0.09615717 -0.03775462 0.11955 0.09622826 -0.03782468 0.11955 0.1305268 -0.04021087 0.11955 0.1304578 -0.04013876 0.11955 0.1305999 -0.04027881 0.11955 0.1303931 -0.04006272 0.11955 0.1306769 -0.04034235 0.11955 0.130333 -0.03998301 0.11955 0.1307574 -0.04040125 0.11955 0.1302777 -0.03989992 0.11955 0.1308414 -0.04045533 0.11955 0.1302274 -0.03981373 0.11955 0.1309283 -0.04050438 0.11955 0.1301822 -0.03972473 0.11955 0.1310179 -0.04054825 0.11955 0.1301423 -0.03963323 0.11955 0.13111 -0.04058679 0.11955 0.1301079 -0.03953955 0.11955 0.1312042 -0.04061985 0.11955 0.130079 -0.03944401 0.11955 0.1313001 -0.04064734 0.11955 0.1300558 -0.03934694 0.11955 0.1313975 -0.04066914 0.11955 0.1300383 -0.03924867 0.11955 0.131496 -0.04068518 0.11955 0.1300266 -0.03914955 0.11955 0.1315953 -0.04069542 0.11955 0.1300207 -0.03904991 0.11955 0.131695 -0.04069982 0.11955 0.1300207 -0.03895009 0.11955 0.1317948 -0.04069835 0.11955 0.1300266 -0.03885045 0.11955 0.1318944 -0.04069103 0.11955 0.1300383 -0.03875133 0.11955 0.1319933 -0.04067788 0.11955 0.1300558 -0.03865306 0.11955 0.1320913 -0.04065895 0.11955 0.130079 -0.03855599 0.11955 0.132188 -0.0406343 0.11955 0.1301079 -0.03846045 0.11955 0.1322832 -0.04060401 0.11955 0.1301423 -0.03836677 0.11955 0.1323763 -0.0405682 0.11955 0.1301822 -0.03827527 0.11955 0.1324672 -0.04052698 0.11955 0.1302274 -0.03818627 0.11955 0.1325556 -0.04048049 0.11955 0.1302777 -0.03810008 0.11955 0.132641 -0.0404289 0.11955 0.130333 -0.03801699 0.11955 0.1327233 -0.04037239 0.11955 0.1303931 -0.03793728 0.11955 0.1328021 -0.04031115 0.11955 0.1304578 -0.03786124 0.11955 0.1328772 -0.04024538 0.11955 0.1305268 -0.03778913 0.11955 0.1329483 -0.04017532 0.11955 0.1305999 -0.03772119 0.11955 0.1330151 -0.04010121 0.11955 0.1330775 -0.04002331 0.11955 0.1306769 -0.03765765 0.11955 0.1307574 -0.03759875 0.11955 0.1331352 -0.03994188 0.11955 0.1308414 -0.03754467 0.11955 0.1331881 -0.03985719 0.11955 0.1309283 -0.03749562 0.11955 0.1332358 -0.03976956 0.11955 0.1310179 -0.03745175 0.11955 0.1332784 -0.03967927 0.11955 0.1333156 -0.03958664 0.11955 0.13111 -0.03741321 0.11955 0.1312042 -0.03738015 0.11955 0.1333472 -0.03949199 0.11955 0.1313001 -0.03735266 0.11955 0.1333733 -0.03939565 0.11955 0.1313975 -0.03733086 0.11955 0.1333937 -0.03929793 0.11955 0.131496 -0.03731482 0.11955 0.1334083 -0.0391992 0.11955 0.1315953 -0.03730458 0.11955 0.1334171 -0.03909977 0.11955 0.13342 -0.039 0.11955 0.131695 -0.03730018 0.11955 0.1317948 -0.03730165 0.11955 0.1334171 -0.03890023 0.11955 0.1318944 -0.03730897 0.11955 0.1334083 -0.0388008 0.11955 0.1319933 -0.03732212 0.11955 0.1333937 -0.03870207 0.11955 0.1320913 -0.03734105 0.11955 0.1333733 -0.03860435 0.11955 0.1333472 -0.03850801 0.11955 0.132188 -0.0373657 0.11955 0.1333156 -0.03841336 0.11955 0.1322832 -0.03739599 0.11955 0.1323763 -0.0374318 0.11955 0.1332784 -0.03832073 0.11955 0.1324672 -0.03747302 0.11955 0.1332358 -0.03823044 0.11955 0.1325556 -0.03751951 0.11955 0.1331881 -0.03814281 0.11955 0.132641 -0.0375711 0.11955 0.1331352 -0.03805812 0.11955 0.1330775 -0.03797669 0.11955 0.1327233 -0.03762761 0.11955 0.1328021 -0.03768885 0.11955 0.1330151 -0.03789879 0.11955 0.1328772 -0.03775462 0.11955 0.1329483 -0.03782468 0.11955 0.1305173 -0.02696 0.11755 0.09379734 -0.02696 0.11755 0.09379734 0.022 0.11755 0.1305173 0.022 0.11755 0.09380678 0.02704913 0.11955 0.09373777 0.02712124 0.11955 0.09387989 0.02698119 0.11955 0.09367311 0.02719728 0.11955 0.09395688 0.02691765 0.11955 0.09361303 0.02727699 0.11955 0.09403745 0.02685875 0.11955 0.09355773 0.02736008 0.11955 0.09412135 0.02680468 0.11955 0.0935074 0.02744627 0.11955 0.09420827 0.02675562 0.11955 0.09346222 0.02753527 0.11955 0.09429793 0.02671175 0.11955 0.09342234 0.02762677 0.11955 0.09439 0.02667321 0.11955 0.09338789 0.02772045 0.11955 0.09448418 0.02664015 0.11955 0.09335901 0.02781599 0.11955 0.09458013 0.02661267 0.11955 0.09333578 0.02791306 0.11955 0.09467753 0.02659086 0.11955 0.09331828 0.02801133 0.11955 0.09477605 0.02657482 0.11955 0.09330659 0.02811045 0.11955 0.09487533 0.02656458 0.11955 0.09330074 0.02821009 0.11955 0.09497504 0.02656018 0.11955 0.09330074 0.02830991 0.11955 0.09507484 0.02656165 0.11955 0.09330659 0.02840955 0.11955 0.09517439 0.02656897 0.11955 0.09331828 0.02850867 0.11955 0.09527333 0.02658212 0.11955 0.09333578 0.02860694 0.11955 0.09537133 0.02660105 0.11955 0.09335901 0.02870401 0.11955 0.09546805 0.0266257 0.11955 0.09338789 0.02879955 0.11955 0.09556316 0.02665599 0.11955 0.09342234 0.02889323 0.11955 0.09565632 0.0266918 0.11955 0.09346222 0.02898473 0.11955 0.09574722 0.02673302 0.11955 0.0935074 0.02907373 0.11955 0.09583555 0.02677951 0.11955 0.09355773 0.02915992 0.11955 0.095921 0.0268311 0.11955 0.09361303 0.02924301 0.11955 0.09600327 0.02688761 0.11955 0.09367311 0.02932272 0.11955 0.09608208 0.02694886 0.11955 0.09373777 0.02939876 0.11955 0.09615717 0.02701462 0.11955 0.09380678 0.02947087 0.11955 0.09622826 0.02708468 0.11955 0.09387989 0.02953881 0.11955 0.09629512 0.02715879 0.11955 0.09635751 0.02723669 0.11955 0.09395688 0.02960234 0.11955 0.09403745 0.02966125 0.11955 0.09641523 0.02731813 0.11955 0.09412135 0.02971532 0.11955 0.09646806 0.02740281 0.11955 0.09420827 0.02976438 0.11955 0.09651585 0.02749044 0.11955 0.09429793 0.02980825 0.11955 0.0965584 0.02758073 0.11955 0.09659557 0.02767336 0.11955 0.09439 0.02984679 0.11955 0.09448418 0.02987985 0.11955 0.09662725 0.02776801 0.11955 0.09458013 0.02990733 0.11955 0.09665332 0.02786436 0.11955 0.09467753 0.02992914 0.11955 0.09667369 0.02796207 0.11955 0.09477605 0.02994518 0.11955 0.09668829 0.02806081 0.11955 0.09487533 0.02995542 0.11955 0.09669707 0.02816023 0.11955 0.0967 0.02826 0.11955 0.09497504 0.02995982 0.11955 0.09507484 0.02995835 0.11955 0.09669707 0.02835977 0.11955 0.09517439 0.02995103 0.11955 0.09668829 0.02845919 0.11955 0.09527333 0.02993788 0.11955 0.09667369 0.02855793 0.11955 0.09537133 0.02991895 0.11955 0.09665332 0.02865564 0.11955 0.09662725 0.02875199 0.11955 0.09546805 0.0298943 0.11955 0.09659557 0.02884664 0.11955 0.09556316 0.02986401 0.11955 0.09565632 0.0298282 0.11955 0.0965584 0.02893927 0.11955 0.09574722 0.02978698 0.11955 0.09651585 0.02902956 0.11955 0.09583555 0.02974049 0.11955 0.09646806 0.02911719 0.11955 0.095921 0.0296889 0.11955 0.09641523 0.02920187 0.11955 0.09635751 0.02928331 0.11955 0.09600327 0.02963239 0.11955 0.09608208 0.02957114 0.11955 0.09629512 0.02936121 0.11955 0.09615717 0.02950538 0.11955 0.09622826 0.02943532 0.11955 0.1305268 0.02704913 0.11955 0.1304578 0.02712124 0.11955 0.1305999 0.02698119 0.11955 0.1303931 0.02719728 0.11955 0.1306769 0.02691765 0.11955 0.130333 0.02727699 0.11955 0.1307574 0.02685875 0.11955 0.1302777 0.02736008 0.11955 0.1308414 0.02680468 0.11955 0.1302274 0.02744627 0.11955 0.1309283 0.02675562 0.11955 0.1301822 0.02753527 0.11955 0.1310179 0.02671175 0.11955 0.1301423 0.02762677 0.11955 0.13111 0.02667321 0.11955 0.1301079 0.02772045 0.11955 0.1312042 0.02664015 0.11955 0.130079 0.02781599 0.11955 0.1313001 0.02661267 0.11955 0.1300558 0.02791306 0.11955 0.1313975 0.02659086 0.11955 0.1300383 0.02801133 0.11955 0.131496 0.02657482 0.11955 0.1300266 0.02811045 0.11955 0.1315953 0.02656458 0.11955 0.1300207 0.02821009 0.11955 0.131695 0.02656018 0.11955 0.1300207 0.02830991 0.11955 0.1317948 0.02656165 0.11955 0.1300266 0.02840955 0.11955 0.1318944 0.02656897 0.11955 0.1300383 0.02850867 0.11955 0.1319933 0.02658212 0.11955 0.1300558 0.02860694 0.11955 0.1320913 0.02660105 0.11955 0.130079 0.02870401 0.11955 0.132188 0.0266257 0.11955 0.1301079 0.02879955 0.11955 0.1322832 0.02665599 0.11955 0.1301423 0.02889323 0.11955 0.1323763 0.0266918 0.11955 0.1301822 0.02898473 0.11955 0.1324672 0.02673302 0.11955 0.1302274 0.02907373 0.11955 0.1325556 0.02677951 0.11955 0.1302777 0.02915992 0.11955 0.132641 0.0268311 0.11955 0.130333 0.02924301 0.11955 0.1327233 0.02688761 0.11955 0.1303931 0.02932272 0.11955 0.1328021 0.02694886 0.11955 0.1304578 0.02939876 0.11955 0.1328772 0.02701462 0.11955 0.1305268 0.02947087 0.11955 0.1329483 0.02708468 0.11955 0.1305999 0.02953881 0.11955 0.1330151 0.02715879 0.11955 0.1330775 0.02723669 0.11955 0.1306769 0.02960234 0.11955 0.1307574 0.02966125 0.11955 0.1331352 0.02731813 0.11955 0.1308414 0.02971532 0.11955 0.1331881 0.02740281 0.11955 0.1309283 0.02976438 0.11955 0.1332358 0.02749044 0.11955 0.1310179 0.02980825 0.11955 0.1332784 0.02758073 0.11955 0.1333156 0.02767336 0.11955 0.13111 0.02984679 0.11955 0.1312042 0.02987985 0.11955 0.1333472 0.02776801 0.11955 0.1313001 0.02990733 0.11955 0.1333733 0.02786436 0.11955 0.1313975 0.02992914 0.11955 0.1333937 0.02796207 0.11955 0.131496 0.02994518 0.11955 0.1334083 0.02806081 0.11955 0.1315953 0.02995542 0.11955 0.1334171 0.02816023 0.11955 0.13342 0.02826 0.11955 0.131695 0.02995982 0.11955 0.1317948 0.02995835 0.11955 0.1334171 0.02835977 0.11955 0.1318944 0.02995103 0.11955 0.1334083 0.02845919 0.11955 0.1319933 0.02993788 0.11955 0.1333937 0.02855793 0.11955 0.1320913 0.02991895 0.11955 0.1333733 0.02865564 0.11955 0.1333472 0.02875199 0.11955 0.132188 0.0298943 0.11955 0.1333156 0.02884664 0.11955 0.1322832 0.02986401 0.11955 0.1323763 0.0298282 0.11955 0.1332784 0.02893927 0.11955 0.1324672 0.02978698 0.11955 0.1332358 0.02902956 0.11955 0.1325556 0.02974049 0.11955 0.1331881 0.02911719 0.11955 0.132641 0.0296889 0.11955 0.1331352 0.02920187 0.11955 0.1330775 0.02928331 0.11955 0.1327233 0.02963239 0.11955 0.1328021 0.02957114 0.11955 0.1330151 0.02936121 0.11955 0.1328772 0.02950538 0.11955 0.1329483 0.02943532 0.11955 0.09380678 -0.04021087 0.11755 0.09373777 -0.04013876 0.11755 0.09387989 -0.04027881 0.11755 0.09367311 -0.04006272 0.11755 0.09395688 -0.04034235 0.11755 0.09361303 -0.03998301 0.11755 0.09403745 -0.04040125 0.11755 0.09355773 -0.03989992 0.11755 0.09412135 -0.04045533 0.11755 0.0935074 -0.03981373 0.11755 0.09420827 -0.04050438 0.11755 0.09346222 -0.03972473 0.11755 0.09429793 -0.04054825 0.11755 0.09342234 -0.03963323 0.11755 0.09439 -0.04058679 0.11755 0.09338789 -0.03953955 0.11755 0.09448418 -0.04061985 0.11755 0.09335901 -0.03944401 0.11755 0.09458013 -0.04064734 0.11755 0.09333578 -0.03934694 0.11755 0.09467753 -0.04066914 0.11755 0.09331828 -0.03924867 0.11755 0.09477605 -0.04068518 0.11755 0.09330659 -0.03914955 0.11755 0.09487533 -0.04069542 0.11755 0.09330074 -0.03904991 0.11755 0.09497504 -0.04069982 0.11755 0.09330074 -0.03895009 0.11755 0.09507484 -0.04069835 0.11755 0.09330659 -0.03885045 0.11755 0.09517439 -0.04069103 0.11755 0.09331828 -0.03875133 0.11755 0.09527333 -0.04067788 0.11755 0.09333578 -0.03865306 0.11755 0.09537133 -0.04065895 0.11755 0.09335901 -0.03855599 0.11755 0.09546805 -0.0406343 0.11755 0.09338789 -0.03846045 0.11755 0.09556316 -0.04060401 0.11755 0.09342234 -0.03836677 0.11755 0.09565632 -0.0405682 0.11755 0.09346222 -0.03827527 0.11755 0.09574722 -0.04052698 0.11755 0.0935074 -0.03818627 0.11755 0.09583555 -0.04048049 0.11755 0.095921 -0.0404289 0.11755 0.09600327 -0.04037239 0.11755 0.09641523 -0.03805812 0.11755 0.09646806 -0.03814281 0.11755 0.09635751 -0.03797669 0.11755 0.09629512 -0.03789879 0.11755 0.09622826 -0.03782468 0.11755 0.09615717 -0.03775462 0.11755 0.09608208 -0.03768885 0.11755 0.09600327 -0.03762761 0.11755 0.095921 -0.0375711 0.11755 0.09583555 -0.03751951 0.11755 0.09574722 -0.03747302 0.11755 0.09565632 -0.0374318 0.11755 0.09556316 -0.03739599 0.11755 0.09546805 -0.0373657 0.11755 0.09537133 -0.03734105 0.11755 0.09527333 -0.03732212 0.11755 0.09517439 -0.03730897 0.11755 0.09507484 -0.03730165 0.11755 0.09497504 -0.03730018 0.11755 0.09487533 -0.03730458 0.11755 0.09477605 -0.03731482 0.11755 0.09467753 -0.03733086 0.11755 0.09458013 -0.03735266 0.11755 0.09448418 -0.03738015 0.11755 0.09439 -0.03741321 0.11755 0.09429793 -0.03745175 0.11755 0.09420827 -0.03749562 0.11755 0.09412135 -0.03754467 0.11755 0.09403745 -0.03759875 0.11755 0.09395688 -0.03765765 0.11755 0.09387989 -0.03772119 0.11755 0.09380678 -0.03778913 0.11755 0.09373777 -0.03786124 0.11755 0.09367311 -0.03793728 0.11755 0.09361303 -0.03801699 0.11755 0.09355773 -0.03810008 0.11755 0.09622826 -0.04017532 0.11755 0.1305268 -0.04021087 0.11755 0.09615717 -0.04024538 0.11755 0.1304578 -0.04013876 0.11755 0.09629512 -0.04010121 0.11755 0.1305999 -0.04027881 0.11755 0.09608208 -0.04031115 0.11755 0.09635751 -0.04002331 0.11755 0.1303931 -0.04006272 0.11755 0.1306769 -0.04034235 0.11755 0.09641523 -0.03994188 0.11755 0.130333 -0.03998301 0.11755 0.09646806 -0.03985719 0.11755 0.1302777 -0.03989992 0.11755 0.09651585 -0.03976956 0.11755 0.1302274 -0.03981373 0.11755 0.0965584 -0.03967927 0.11755 0.1301822 -0.03972473 0.11755 0.09659557 -0.03958664 0.11755 0.1301423 -0.03963323 0.11755 0.09662725 -0.03949199 0.11755 0.1301079 -0.03953955 0.11755 0.09665332 -0.03939565 0.11755 0.130079 -0.03944401 0.11755 0.09667369 -0.03929793 0.11755 0.1300558 -0.03934694 0.11755 0.1307574 -0.04040125 0.11755 0.1308414 -0.04045533 0.11755 0.1309283 -0.04050438 0.11755 0.1310179 -0.04054825 0.11755 0.13111 -0.04058679 0.11755 0.1312042 -0.04061985 0.11755 0.1313001 -0.04064734 0.11755 0.1313975 -0.04066914 0.11755 0.1300383 -0.03924867 0.11755 0.09668829 -0.0391992 0.11755 0.131496 -0.04068518 0.11755 0.09669707 -0.03909977 0.11755 0.1300266 -0.03914955 0.11755 0.1315953 -0.04069542 0.11755 0.0967 -0.039 0.11755 0.1300207 -0.03904991 0.11755 0.131695 -0.04069982 0.11755 0.09669707 -0.03890023 0.11755 0.1300207 -0.03895009 0.11755 0.1317948 -0.04069835 0.11755 0.09668829 -0.0388008 0.11755 0.1300266 -0.03885045 0.11755 0.1318944 -0.04069103 0.11755 0.1300383 -0.03875133 0.11755 0.09667369 -0.03870207 0.11755 0.1319933 -0.04067788 0.11755 0.09665332 -0.03860435 0.11755 0.1300558 -0.03865306 0.11755 0.1320913 -0.04065895 0.11755 0.09662725 -0.03850801 0.11755 0.130079 -0.03855599 0.11755 0.132188 -0.0406343 0.11755 0.09659557 -0.03841336 0.11755 0.1301079 -0.03846045 0.11755 0.1322832 -0.04060401 0.11755 0.1301423 -0.03836677 0.11755 0.1323763 -0.0405682 0.11755 0.1324672 -0.04052698 0.11755 0.1325556 -0.04048049 0.11755 0.132641 -0.0404289 0.11755 0.1327233 -0.04037239 0.11755 0.1328021 -0.04031115 0.11755 0.1328772 -0.04024538 0.11755 0.1329483 -0.04017532 0.11755 0.1330151 -0.04010121 0.11755 0.1330775 -0.04002331 0.11755 0.1331352 -0.03994188 0.11755 0.1331881 -0.03985719 0.11755 0.1332358 -0.03976956 0.11755 0.1332784 -0.03967927 0.11755 0.1333156 -0.03958664 0.11755 0.1333472 -0.03949199 0.11755 0.1334171 -0.03890023 0.11755 0.13342 -0.039 0.11755 0.1333733 -0.03939565 0.11755 0.1334083 -0.0388008 0.11755 0.1333937 -0.03929793 0.11755 0.1333937 -0.03870207 0.11755 0.1334083 -0.0391992 0.11755 0.1334171 -0.03909977 0.11755 0.1333733 -0.03860435 0.11755 0.1333472 -0.03850801 0.11755 0.1333156 -0.03841336 0.11755 0.1332784 -0.03832073 0.11755 0.1332358 -0.03823044 0.11755 0.1331881 -0.03814281 0.11755 0.1331352 -0.03805812 0.11755 0.0965584 -0.03832073 0.11755 0.09651585 -0.03823044 0.11755 0.1330775 -0.03797669 0.11755 0.1330151 -0.03789879 0.11755 0.1329483 -0.03782468 0.11755 0.1328772 -0.03775462 0.11755 0.1328021 -0.03768885 0.11755 0.1327233 -0.03762761 0.11755 0.132641 -0.0375711 0.11755 0.1325556 -0.03751951 0.11755 0.1324672 -0.03747302 0.11755 0.1323763 -0.0374318 0.11755 0.1322832 -0.03739599 0.11755 0.132188 -0.0373657 0.11755 0.1320913 -0.03734105 0.11755 0.1319933 -0.03732212 0.11755 0.1318944 -0.03730897 0.11755 0.1317948 -0.03730165 0.11755 0.131695 -0.03730018 0.11755 0.1315953 -0.03730458 0.11755 0.131496 -0.03731482 0.11755 0.1313975 -0.03733086 0.11755 0.1313001 -0.03735266 0.11755 0.1312042 -0.03738015 0.11755 0.13111 -0.03741321 0.11755 0.1310179 -0.03745175 0.11755 0.1309283 -0.03749562 0.11755 0.1308414 -0.03754467 0.11755 0.1307574 -0.03759875 0.11755 0.1306769 -0.03765765 0.11755 0.1305999 -0.03772119 0.11755 0.1305268 -0.03778913 0.11755 0.1304578 -0.03786124 0.11755 0.1303931 -0.03793728 0.11755 0.130333 -0.03801699 0.11755 0.1302777 -0.03810008 0.11755 0.1302274 -0.03818627 0.11755 0.1301822 -0.03827527 0.11755 0.09373777 0.02712124 0.11755 0.09380678 0.02704913 0.11755 0.09387989 0.02698119 0.11755 0.09367311 0.02719728 0.11755 0.09395688 0.02691765 0.11755 0.09361303 0.02727699 0.11755 0.09403745 0.02685875 0.11755 0.09355773 0.02736008 0.11755 0.09412135 0.02680468 0.11755 0.0935074 0.02744627 0.11755 0.09420827 0.02675562 0.11755 0.09346222 0.02753527 0.11755 0.09429793 0.02671175 0.11755 0.09439 0.02667321 0.11755 0.09448418 0.02664015 0.11755 0.09458013 0.02661267 0.11755 0.09335901 0.02781599 0.11755 0.09333578 0.02791306 0.11755 0.09338789 0.02772045 0.11755 0.09342234 0.02762677 0.11755 0.09467753 0.02659086 0.11755 0.09331828 0.02801133 0.11755 0.09477605 0.02657482 0.11755 0.09330659 0.02811045 0.11755 0.09487533 0.02656458 0.11755 0.09330074 0.02821009 0.11755 0.09497504 0.02656018 0.11755 0.09330074 0.02830991 0.11755 0.09507484 0.02656165 0.11755 0.09330659 0.02840955 0.11755 0.09517439 0.02656897 0.11755 0.09331828 0.02850867 0.11755 0.09527333 0.02658212 0.11755 0.09333578 0.02860694 0.11755 0.09537133 0.02660105 0.11755 0.09335901 0.02870401 0.11755 0.09546805 0.0266257 0.11755 0.09338789 0.02879955 0.11755 0.09556316 0.02665599 0.11755 0.09342234 0.02889323 0.11755 0.09565632 0.0266918 0.11755 0.09346222 0.02898473 0.11755 0.09574722 0.02673302 0.11755 0.0935074 0.02907373 0.11755 0.09583555 0.02677951 0.11755 0.09355773 0.02915992 0.11755 0.095921 0.0268311 0.11755 0.09361303 0.02924301 0.11755 0.09600327 0.02688761 0.11755 0.09367311 0.02932272 0.11755 0.09608208 0.02694886 0.11755 0.09373777 0.02939876 0.11755 0.09615717 0.02701462 0.11755 0.09380678 0.02947087 0.11755 0.09622826 0.02708468 0.11755 0.09629512 0.02715879 0.11755 0.09635751 0.02723669 0.11755 0.09641523 0.02731813 0.11755 0.09517439 0.02995103 0.11755 0.09527333 0.02993788 0.11755 0.09507484 0.02995835 0.11755 0.09497504 0.02995982 0.11755 0.09487533 0.02995542 0.11755 0.09477605 0.02994518 0.11755 0.09467753 0.02992914 0.11755 0.09458013 0.02990733 0.11755 0.09448418 0.02987985 0.11755 0.09439 0.02984679 0.11755 0.09429793 0.02980825 0.11755 0.09420827 0.02976438 0.11755 0.09412135 0.02971532 0.11755 0.09403745 0.02966125 0.11755 0.09395688 0.02960234 0.11755 0.09387989 0.02953881 0.11755 0.09537133 0.02991895 0.11755 0.09546805 0.0298943 0.11755 0.09556316 0.02986401 0.11755 0.09565632 0.0298282 0.11755 0.09574722 0.02978698 0.11755 0.09583555 0.02974049 0.11755 0.095921 0.0296889 0.11755 0.09600327 0.02963239 0.11755 0.09646806 0.02740281 0.11755 0.09651585 0.02749044 0.11755 0.0965584 0.02758073 0.11755 0.09659557 0.02767336 0.11755 0.09662725 0.02776801 0.11755 0.09665332 0.02786436 0.11755 0.1304578 0.02712124 0.11755 0.1305268 0.02704913 0.11755 0.1305999 0.02698119 0.11755 0.1303931 0.02719728 0.11755 0.1306769 0.02691765 0.11755 0.130333 0.02727699 0.11755 0.1307574 0.02685875 0.11755 0.1302777 0.02736008 0.11755 0.1308414 0.02680468 0.11755 0.1302274 0.02744627 0.11755 0.1309283 0.02675562 0.11755 0.1301822 0.02753527 0.11755 0.1310179 0.02671175 0.11755 0.1301423 0.02762677 0.11755 0.13111 0.02667321 0.11755 0.1301079 0.02772045 0.11755 0.1312042 0.02664015 0.11755 0.130079 0.02781599 0.11755 0.1313001 0.02661267 0.11755 0.1300558 0.02791306 0.11755 0.09667369 0.02796207 0.11755 0.1313975 0.02659086 0.11755 0.09668829 0.02806081 0.11755 0.1300383 0.02801133 0.11755 0.131496 0.02657482 0.11755 0.1300266 0.02811045 0.11755 0.09669707 0.02816023 0.11755 0.1315953 0.02656458 0.11755 0.1300207 0.02821009 0.11755 0.0967 0.02826 0.11755 0.131695 0.02656018 0.11755 0.1300207 0.02830991 0.11755 0.09669707 0.02835977 0.11755 0.1317948 0.02656165 0.11755 0.09668829 0.02845919 0.11755 0.1300266 0.02840955 0.11755 0.1318944 0.02656897 0.11755 0.09667369 0.02855793 0.11755 0.1300383 0.02850867 0.11755 0.1319933 0.02658212 0.11755 0.09665332 0.02865564 0.11755 0.1300558 0.02860694 0.11755 0.1320913 0.02660105 0.11755 0.09662725 0.02875199 0.11755 0.130079 0.02870401 0.11755 0.132188 0.0266257 0.11755 0.09659557 0.02884664 0.11755 0.1301079 0.02879955 0.11755 0.1322832 0.02665599 0.11755 0.0965584 0.02893927 0.11755 0.1301423 0.02889323 0.11755 0.1323763 0.0266918 0.11755 0.09651585 0.02902956 0.11755 0.1301822 0.02898473 0.11755 0.1324672 0.02673302 0.11755 0.09646806 0.02911719 0.11755 0.1302274 0.02907373 0.11755 0.1325556 0.02677951 0.11755 0.09641523 0.02920187 0.11755 0.1302777 0.02915992 0.11755 0.132641 0.0268311 0.11755 0.09635751 0.02928331 0.11755 0.130333 0.02924301 0.11755 0.1327233 0.02688761 0.11755 0.09629512 0.02936121 0.11755 0.1303931 0.02932272 0.11755 0.1328021 0.02694886 0.11755 0.1304578 0.02939876 0.11755 0.09622826 0.02943532 0.11755 0.1328772 0.02701462 0.11755 0.09615717 0.02950538 0.11755 0.1305268 0.02947087 0.11755 0.1329483 0.02708468 0.11755 0.1305999 0.02953881 0.11755 0.09608208 0.02957114 0.11755 0.1330151 0.02715879 0.11755 0.1306769 0.02960234 0.11755 0.1330775 0.02723669 0.11755 0.1331352 0.02731813 0.11755 0.1331881 0.02740281 0.11755 0.1332358 0.02749044 0.11755 0.1332784 0.02758073 0.11755 0.1333156 0.02767336 0.11755 0.1333472 0.02776801 0.11755 0.1334171 0.02835977 0.11755 0.13342 0.02826 0.11755 0.1333733 0.02786436 0.11755 0.1334083 0.02845919 0.11755 0.1333937 0.02796207 0.11755 0.1333937 0.02855793 0.11755 0.1334083 0.02806081 0.11755 0.1333733 0.02865564 0.11755 0.1334171 0.02816023 0.11755 0.1333472 0.02875199 0.11755 0.1333156 0.02884664 0.11755 0.1332784 0.02893927 0.11755 0.1332358 0.02902956 0.11755 0.1331881 0.02911719 0.11755 0.1331352 0.02920187 0.11755 0.1330775 0.02928331 0.11755 0.1330151 0.02936121 0.11755 0.1329483 0.02943532 0.11755 0.1328772 0.02950538 0.11755 0.1328021 0.02957114 0.11755 0.1327233 0.02963239 0.11755 0.132641 0.0296889 0.11755 0.1325556 0.02974049 0.11755 0.1324672 0.02978698 0.11755 0.1323763 0.0298282 0.11755 0.1322832 0.02986401 0.11755 0.132188 0.0298943 0.11755 0.1320913 0.02991895 0.11755 0.1319933 0.02993788 0.11755 0.1318944 0.02995103 0.11755 0.1317948 0.02995835 0.11755 0.131695 0.02995982 0.11755 0.1315953 0.02995542 0.11755 0.131496 0.02994518 0.11755 0.1313975 0.02992914 0.11755 0.1313001 0.02990733 0.11755 0.1312042 0.02987985 0.11755 0.13111 0.02984679 0.11755 0.1310179 0.02980825 0.11755 0.1309283 0.02976438 0.11755 0.1308414 0.02971532 0.11755 0.1307574 0.02966125 0.11755</float_array>
          <technique_common>
            <accessor count="2484" source="#cubeverts-array0-array" stride="3">
              <param type="float" name="X"/>
              <param type="float" name="Y"/>
              <param type="float" name="Z"/>
            </accessor>
          </technique_common>
        </source>
        <source id="cubenormals-array0">
          <float_array count="14952" id="cubenormals-array0-array">0 0 1 0 0 1 0 0 1 0 0 1 0 0 1 0 0 1 0 0 1 0 0 1 0 0 1 0 0 1 0 0 1 0 0 1 0 0 1 0 0 1 0 0 1 0 0 1 0 0 1 0 0 1 0 0 1 0 0 1 0 0 1 0 0 1 0 0 1 0 0 1 0 0 1 0 0 1 0 0 1 0 0 1 0 0 1 0 0 1 0 0 1 0 0 1 0 0 1 0 0 1 0 0 1 0 0 1 0 0 1 0 0 1 0 0 1 0 0 1 0 0 1 0 0 1 0 0 1 0 0 1 0 0 1 0 0 1 0 0 1 0 0 1 0 0 1 0 0 1 0 0 1 0 0 1 0 0 1 0 0 1 0 0 1 0 0 1 0 0 1 0 0 1 0 0 1 0 0 1 0 0 1 0 0 1 0 0 1 0 0 1 0 0 1 0 0 1 0 0 1 0 0 1 0 0 1 0 0 1 0 0 1 0 0 1 0 0 1 0 0 1 0 0 1 0 0 1 0 0 1 0 0 1 0 0 1 0 0 1 0 0 1 0 0 1 0 0 1 0 0 1 0 0 1 0 0 1 0 0 1 0 0 1 0 0 1 0 0 1 0 0 1 0 0 1 0 0 1 0 0 1 0 0 1 0 0 1 0 0 1 0 0 1 0 0 1 0 0 1 0 0 1 0 0 1 0 0 1 0 0 1 0 0 1 0 0 1 0 0 1 0 0 1 0 0 1 0 0 1 0 0 1 0 0 1 0 0 1 0 0 1 0 0 1 0 0 1 0 0 1 0 0 1 0 0 1 0 0 1 0 0 1 0 0 1 0 0 1 0 0 1 0 0 1 0 0 1 0 0 1 0 0 1 0 0 1 0 0 1 0 0 1 0 0 1 0 0 1 0 0 1 0 0 1 0 0 1 0 0 1 0 0 1 0 0 1 0 0 1 0 0 1 0 0 1 0 0 1 0 0 1 0 0 1 0 0 1 0 0 1 0 0 1 0 0 1 0 0 1 0 0 1 0 0 1 0 0 1 0 0 1 0 0 1 0 0 1 0 0 1 0 0 1 0 0 1 0 0 1 0 0 1 0 0 1 0 0 1 0 0 1 0 0 1 0 0 1 0 0 1 0 0 1 0 0 1 0 0 1 0 0 1 0 0 1 0 0 1 0 0 1 0 0 1 0 0 1 0 0 1 0 0 1 0 0 1 0 0 1 0 0 1 0 0 1 0 0 1 0 0 1 0 0 1 0 0 1 0 0 1 0 0 1 0 0 1 0 0 1 0 0 1 0 0 1 0 0 1 0 0 1 0 0 1 0 0 1 0 0 1 0 0 1 0 0 1 0 0 1 0 0 1 0 0 1 0 0 1 0 0 1 0 0 1 0 0 1 0 0 1 0 0 1 0 0 1 0 0 1 0 0 1 0 0 1 0 0 1 0 0 1 0 0 1 0 0 1 0 0 1 0 0 1 0 0 1 0 0 1 0 0 1 0 0 1 0 0 1 0 0 1 0 0 1 0 0 1 0 0 1 0 0 1 0 0 1 0 0 1 0 0 1 0 0 1 0 0 1 0 0 1 0 0 1 0 0 1 0 0 1 0 0 1 0 0 1 0 0 1 0 0 1 0 0 1 0 0 1 0 0 1 0 0 1 0 0 1 0 0 1 0 0 1 0 0 1 0 0 1 0 0 1 0 0 1 0 0 1 0 0 1 0 0 1 0 0 1 0 0 1 0 0 1 0 0 1 0 0 1 0 0 1 0 0 1 0 0 1 0 0 1 0 0 1 0 0 1 0 0 1 0 0 1 0 0 1 0 0 1 0 0 1 0 0 1 0 0 1 0 0 1 0 0 1 0 0 1 0 0 1 0 0 1 0 0 1 0 0 1 0 0 1 0 0 1 0 0 1 0 0 1 0 0 1 0 0 1 0 0 1 0 0 1 0 0 1 0 0 1 0 0 1 0 0 1 0 0 1 0 0 1 0 0 1 0 0 1 0 0 1 0 0 1 0 0 1 0 0 1 0 0 1 0 0 1 0 0 1 0 0 1 0 0 1 0 0 1 0 0 1 0 0 1 0 0 1 0 0 1 0 0 1 0 0 1 0 0 1 0 0 1 0 0 1 0 0 1 0 0 1 0 0 1 0 0 1 0 0 1 0 0 1 0 0 1 0 0 1 0 0 1 0 0 1 0 0 1 0 0 1 0 0 1 0 0 1 0 0 1 0 0 1 0 0 1 0 0 1 0 0 1 0 0 1 0 0 1 0 0 1 0 0 1 0 0 1 0 0 1 0 0 1 0 0 1 0 0 1 0 0 1 0 0 1 0 0 1 0 0 1 0 0 1 0 0 1 0 0 1 0 0 1 0 0 1 0 0 1 0 0 1 0 0 1 0 0 1 0 0 1 0 0 1 0 0 1 0 0 1 0 0 1 0 0 1 0 0 1 0 0 1 0 0 1 0 0 1 0 0 1 0 0 1 0 0 1 0 0 1 0 0 1 0 0 1 0 0 1 0 0 1 0 0 1 0 0 1 0 0 1 0 0 1 0 0 1 0 0 1 0 0 1 0 0 1 0 0 1 0 0 1 0 0 1 0 0 1 0 0 1 0 0 1 0 0 1 0 0 1 0 0 1 0 0 1 0 0 1 0 0 1 0 0 1 0 0 1 0 0 1 0 0 1 0 0 1 0 0 1 0 0 1 0 0 1 0 0 1 0 0 1 0 0 1 0 0 1 0 0 1 0 0 1 0 0 1 0 0 1 0 0 1 0 0 1 0 0 1 0 0 1 0 0 1 0 0 1 0 0 1 0 0 1 0 0 1 0 0 1 0 0 1 0 0 1 0 0 1 0 0 1 0 0 1 0 0 1 0 0 1 0 0 1 0 0 1 0 0 1 0 0 1 0 0 1 0 0 1 0 0 1 0 0 1 0 0 1 0 0 1 0 0 1 0 0 1 0 0 1 0 0 1 0 0 1 0 0 1 0 0 1 0 0 1 0 0 1 0 0 1 0 0 1 0 0 1 0 0 1 0 0 1 0 0 1 0 0 1 0 0 1 0 0 1 0 0 1 0 0 1 0 0 1 0 0 1 0 0 1 0 0 1 0 0 1 0 0 1 0 0 1 0 0 1 0 0 1 0 0 1 0 0 1 0 0 1 0 0 1 0 0 1 0 0 1 0 0 1 0 0 1 0 0 1 0 0 1 0 0 1 0 0 1 0 0 1 0 0 1 0 0 1 0 0 1 0 0 1 0 0 1 0 0 1 0 0 1 0 0 1 0 0 1 0 0 1 0 0 1 0 0 1 0 0 1 0 0 1 0 0 1 0 0 1 0 0 1 0 0 1 0 0 1 0 0 1 0 0 1 0 0 1 0 0 1 0 0 1 0 0 1 0 0 1 0 0 1 0 0 1 0 0 1 0 0 1 0 0 1 0 0 1 0 0 1 0 0 1 0 0 1 0 0 1 0 0 1 0 0 1 0 0 1 0 0 1 0 0 1 0 0 1 0 0 1 0 0 1 0 0 1 0 0 1 0 0 1 0 0 1 0 0 1 0 0 1 0 0 1 0 0 1 0 0 1 0 0 1 0 0 1 0 0 1 0 0 1 0 0 1 0 0 1 0 0 1 0 0 1 0 0 1 0 0 1 0 0 1 0 0 1 0 0 1 0 0 1 0 0 1 0 0 1 0 0 1 0 0 1 0 0 1 0 0 1 0 0 1 0 -0 1 0 0 1 0 0 1 0 0 1 0 0 1 0 0 1 0 0 1 0 0 1 0 0 1 0 0 1 0 0 1 0 0 1 0 0 1 0 0 1 0 0 1 0 0 1 0 0 1 0 0 1 0 0 1 0 0 1 0 0 1 0 0 1 0 0 1 -0 0 1 -0 0 1 -0 0 1 -0 0 1 -0 0 1 -0 0 1 0 0 1 -0 0 1 0 -0.7071068 0.7071068 0 -0.7071068 0.7071068 -0.03470983 -0.7066832 0.7066781 -0.1038203 -0.6998723 0.7066824 -0.1038046 -0.6998783 0.7066788 -0.1719255 -0.6863268 0.7066804 -0.1719328 -0.6863231 0.7066821 -0.03473696 -0.7066759 0.7066842 -0.0347088 -0.7066807 0.7066807 -0.2383648 -0.6661674 0.7066848 -0.2383481 -0.6661778 0.7066804 -0.1038344 -0.6998693 0.7066835 -0.1038052 -0.699882 0.7066751 -0.3025019 -0.6396021 0.7066836 -0.3025059 -0.639599 0.7066847 -0.1719332 -0.6863246 0.7066806 -0.1719139 -0.6863354 0.7066748 -0.08656912 -0.7018969 0.7069983 -0.05202353 -0.7052994 0.7069981 -0.0172229 -0.7010703 0.712884 -0.03472218 -0.7066823 0.7066784 -0.3637426 -0.6068683 0.7066839 -0.3637278 -0.6068823 0.7066795 -0.2383523 -0.6661764 0.7066804 -0.2383486 -0.6661791 0.7066792 -0.1549459 -0.6900286 0.7070023 -0.1208972 -0.6968012 0.707002 -0.1038216 -0.6998762 0.7066784 -0.1033224 -0.696511 0.7100683 -0.1038345 -0.6998699 0.7066828 -0.4214864 -0.5682893 0.7066799 -0.4214937 -0.5682808 0.7066823 -0.3637454 -0.6068731 0.7066783 -0.3025083 -0.6396041 0.7066791 -0.3025102 -0.6396024 0.7066798 -0.1719194 -0.6863261 0.7066825 -0.1719126 -0.6863303 0.7066801 -0.221826 -0.6715237 0.7070001 -0.1886462 -0.6815888 0.7070002 -0.1710927 -0.6830257 0.7100728 -0.4751405 -0.5242608 0.7066769 -0.4751537 -0.5242422 0.7066818 -0.3637398 -0.6068747 0.7066799 -0.2383522 -0.666176 0.7066807 -0.2372053 -0.6629737 0.7100701 -0.2383513 -0.6661767 0.7066804 -0.2865841 -0.6465456 0.7069996 -0.2545251 -0.6598249 0.7069994 -0.5242567 -0.4751368 0.7066823 -0.5242447 -0.4751579 0.7066771 -0.4214804 -0.5682936 0.7066801 -0.4214851 -0.5682876 0.706682 -0.3025106 -0.6396032 0.7066789 -0.3485872 -0.6153316 0.7070037 -0.3025131 -0.6396009 0.7066799 -0.3179657 -0.6316992 0.7070035 -0.3010581 -0.6365246 0.7100708 -0.5682957 -0.4214748 0.7066817 -0.5683017 -0.4214613 0.7066849 -0.4751461 -0.5242486 0.706682 -0.4751517 -0.5242401 0.7066846 -0.3637529 -0.6068678 0.7066791 -0.3620018 -0.6039463 0.7100729 -0.4072161 -0.578204 0.7070043 -0.378361 -0.5974844 0.7070045 -0.3637426 -0.6068794 0.7066743 -0.6068619 -0.3637596 0.7066807 -0.6068677 -0.3637422 0.7066846 -0.5242412 -0.4751548 0.7066817 -0.5242466 -0.4751443 0.7066848 -0.4214793 -0.5682921 0.7066819 -0.4619245 -0.5355223 0.7069948 -0.4351142 -0.5575244 0.7069951 -0.4214647 -0.5683125 0.7066742 -0.4194346 -0.5655752 0.71007 -0.6395997 -0.3025283 0.7066745 -0.6396067 -0.302498 0.7066811 -0.6068677 -0.3637422 0.7066846 -0.5682934 -0.4214731 0.7066846 -0.5682898 -0.4214823 0.706682 -0.5122059 -0.4876372 0.7070044 -0.4876373 -0.512206 0.7070042 -0.4728744 -0.5217213 0.710068 -0.4751568 -0.5242394 0.7066817 -0.4751494 -0.5242522 0.7066772 -0.6661764 -0.2383696 0.7066746 -0.6661799 -0.2383418 0.7066806 -0.6068696 -0.3637404 0.706684 -0.5575299 -0.435097 0.7070015 -0.5355055 -0.4619336 0.7070016 -0.5242513 -0.4751486 0.7066784 -0.5217261 -0.4728661 0.71007 -0.5242493 -0.475153 0.7066769 -0.6863269 -0.171898 0.706687 -0.686326 -0.171928 0.7066805 -0.6396053 -0.3024973 0.7066826 -0.6396058 -0.3024945 0.7066834 -0.5975051 -0.3783292 0.7070041 -0.5781951 -0.4072292 0.7070041 -0.5682948 -0.4214861 0.7066756 -0.565564 -0.4194496 0.71007 -0.5682979 -0.4214771 0.7066786 -0.7066836 -0.03470849 0.7066778 -0.6998733 -0.103852 0.7066769 -0.6998701 -0.1038067 0.7066867 -0.6661696 -0.2383672 0.7066817 -0.6661699 -0.2383631 0.7066829 -0.6317078 -0.3179701 0.7069939 -0.6153398 -0.3485917 0.7069942 -0.606872 -0.3637418 0.7066812 -0.6068678 -0.3637592 0.7066758 -0.6039507 -0.3620107 0.7100647 -0.639608 -0.3024955 0.7066811 -0.6863291 -0.1719123 0.7066814 -0.6863294 -0.1719289 0.7066771 -0.6365353 -0.3010549 0.7100624 -0.6598256 -0.2545423 0.7069926 -0.6465521 -0.286587 0.7069924 -0.6395998 -0.3025043 0.7066848 -0.6998779 -0.1038079 0.7066787 -0.7066803 -0.03472712 0.7066803 -0.7066832 -0.03470983 0.7066781 -0.6998787 -0.1038148 0.7066769 -0.6815909 -0.1886392 0.7070001 -0.6715186 -0.2218424 0.7069998 -0.6661726 -0.2383641 0.7066801 -0.6863303 -0.1719126 0.7066801 -0.6661731 -0.23835 0.7066844 -0.6629771 -0.2372065 0.7100665 -0.6968024 -0.1209202 0.706997 -0.6900337 -0.154947 0.706997 -0.6830261 -0.1711045 0.7100695 -0.6863198 -0.1719296 0.7066861 -0.7010651 -0.01722278 0.7128893 -0.7052913 -0.05199747 0.7070082 -0.701887 -0.08656789 0.7070084 -0.7066814 -0.03473588 0.7066787 -0.6998771 -0.1038145 0.7066786 -0.699873 -0.1037897 0.7066863 -0.696511 -0.1032911 0.7100728 0.7066795 -0.0347633 0.7066792 0.6998917 -0.1037447 0.7066744 0.699884 -0.1037648 0.706679 0.6863298 -0.1719538 0.7066706 0.6863213 -0.1719709 0.7066748 0.7066496 -0.03487319 0.7067038 0.7066812 -0.03469049 0.7066812 0.6661581 -0.238389 0.7066854 0.6661939 -0.2383319 0.7066708 0.6998515 -0.1038474 0.7066991 0.6998873 -0.1037652 0.7066756 0.6396466 -0.3024404 0.7066697 0.6396033 -0.3024963 0.7066849 0.6863033 -0.1719663 0.7066933 0.6863328 -0.1719133 0.7066774 0.7018915 -0.08662342 0.7069969 0.705302 -0.05199826 0.7069974 0.7010758 -0.01722304 0.7128788 0.7066834 -0.03470848 0.7066782 0.6068786 -0.3637488 0.7066718 0.6068329 -0.3637972 0.7066863 0.6661612 -0.23836 0.706692 0.6661835 -0.2383281 0.7066819 0.6900449 -0.1548946 0.7069978 0.6968024 -0.1209202 0.706997 0.6998724 -0.1038524 0.7066777 0.6965125 -0.1033539 0.7100622 0.6998733 -0.1038506 0.706677 0.5682934 -0.4214731 0.7066846 0.5683045 -0.4214634 0.7066814 0.6396134 -0.3025011 0.7066737 0.639593 -0.3025251 0.7066819 0.68633 -0.1719322 0.7066756 0.6863405 -0.1719152 0.7066696 0.6715088 -0.2218392 0.7070101 0.6815808 -0.1886364 0.7070106 0.6830159 -0.171102 0.7100798 0.524261 -0.4751407 0.7066765 0.5242412 -0.4751548 0.7066817 0.6068677 -0.3637422 0.7066846 0.606893 -0.3637177 0.7066755 0.6661682 -0.2383625 0.7066847 0.6629822 -0.2371771 0.7100715 0.6661956 -0.2383267 0.7066709 0.6465431 -0.286583 0.7070023 0.6598353 -0.254491 0.707002 0.4751746 -0.5242433 0.7066669 0.4751351 -0.5242658 0.7066767 0.5682957 -0.4214748 0.7066817 0.5682878 -0.4214809 0.7066843 0.6395998 -0.3025043 0.7066848 0.6395842 -0.3025209 0.7066916 0.6153398 -0.3485917 0.7069942 0.6316852 -0.3180136 0.7069945 0.6365266 -0.3010508 0.7100721 0.4214928 -0.5682979 0.7066692 0.4214724 -0.568307 0.706674 0.5242309 -0.4751668 0.7066814 0.5242447 -0.4751579 0.7066771 0.6068859 -0.3637135 0.7066838 0.5782349 -0.4072022 0.706987 0.5974952 -0.3783779 0.7069864 0.5682879 -0.421481 0.7066844 0.6039684 -0.36199 0.7100601 0.6068689 -0.3637284 0.7066907 0.3636979 -0.6068873 0.7066906 0.3637666 -0.6068643 0.7066751 0.4751312 -0.5242615 0.7066825 0.4751494 -0.5242522 0.7066772 0.5655525 -0.4194723 0.7100657 0.5682824 -0.421497 0.7066792 0.5355055 -0.4619336 0.7070016 0.5575299 -0.435097 0.7070015 0.3025014 -0.639601 0.7066848 0.3024876 -0.6396042 0.7066879 0.4214826 -0.5682842 0.7066863 0.4214966 -0.5682787 0.7066824 0.3637608 -0.6068548 0.7066861 0.5242219 -0.4751586 0.7066935 0.4876153 -0.5122378 0.7069962 0.5122116 -0.4876426 0.7069966 0.5217446 -0.4728516 0.7100661 0.5242636 -0.4751345 0.7066789 0.2383607 -0.6661689 0.7066846 0.238384 -0.666166 0.7066796 0.3637405 -0.6068758 0.7066785 0.4350838 -0.5575404 0.7070013 0.4619473 -0.5354939 0.7070014 0.4214966 -0.5682787 0.7066824 0.4728481 -0.5217549 0.710061 0.4751193 -0.5242609 0.706691 0.4751461 -0.5242486 0.706682 0.1719113 -0.6863253 0.7066853 0.1719332 -0.6863246 0.7066806 0.2383624 -0.6661737 0.7066795 0.3024908 -0.639611 0.7066802 0.3024965 -0.6396101 0.7066788 0.3783086 -0.5975116 0.7070095 0.4072647 -0.5781631 0.7070097 0.42148 -0.5683017 0.7066737 0.4194515 -0.5655666 0.7100669 0.03470719 -0.7066845 0.706677 0.1038373 -0.6998775 0.7066749 0.1037976 -0.6998747 0.7066835 0.1719332 -0.6863246 0.7066806 0.2383641 -0.6661726 0.7066801 0.3637415 -0.6068802 0.7066743 0.3179416 -0.6317062 0.7070081 0.3486083 -0.6153139 0.7070086 0.3619894 -0.6039569 0.7100702 0.3637429 -0.6068798 0.7066739 0.1719139 -0.6863354 0.7066748 0.2545251 -0.6598249 0.7069994 0.2866046 -0.6465368 0.7069994 0.3025275 -0.6395999 0.7066747 0.3010711 -0.6365209 0.7100685 0.3024938 -0.6396044 0.7066851 0.1037975 -0.6998738 0.7066844 0.1038302 -0.6998776 0.7066758 0.03473966 -0.7066756 0.7066843 0.0347106 -0.7066807 0.7066807 0.23835 -0.6661731 0.7066844 0.1886462 -0.6815888 0.7070002 0.221826 -0.6715237 0.7070001 0.2383641 -0.6661726 0.7066801 0.1719126 -0.6863303 0.7066801 0.2372053 -0.6629737 0.7100701 0.1208877 -0.6968011 0.7070038 0.1549453 -0.6900262 0.7070047 0.1719126 -0.6863304 0.7066801 0.171085 -0.6830262 0.7100741 0.01722425 -0.7010706 0.7128838 0.1033224 -0.696511 0.7100682 0.05202353 -0.7052994 0.7069981 0.08656912 -0.7018969 0.7069983 0.03472353 -0.7066823 0.7066785 0.1038299 -0.6998752 0.7066782 0.1038212 -0.6998737 0.7066808 -0.7071068 0 0.7071068 -0.7071068 0 0.7071068 0.7071068 -0 0.7071068 0.7071068 -0 0.7071068 -0.7066835 0.03470916 0.706678 -0.6998621 0.1038503 0.7066882 -0.6998783 0.1038079 0.7066783 -0.6863357 0.1718933 0.7066796 -0.6863204 0.1719239 0.706687 -0.7066832 0.03470983 0.7066781 -0.7066803 0.03472712 0.7066803 -0.6661854 0.2383487 0.7066731 -0.666169 0.2383748 0.7066798 -0.6998769 0.1038159 0.7066786 -0.6998802 0.1038082 0.7066764 -0.6395931 0.3025251 0.706682 -0.6396151 0.3024967 0.7066742 -0.6863267 0.1719255 0.7066805 -0.6863335 0.1719134 0.7066768 -0.7018866 0.08656785 0.7070087 -0.7052912 0.05199645 0.7070084 -0.7010651 0.01722311 0.7128893 -0.7066814 0.03473656 0.7066787 -0.6068707 0.363744 0.7066812 -0.606863 0.363752 0.7066835 -0.6661735 0.2383611 0.7066801 -0.6661651 0.2383734 0.706684 -0.6900343 0.1549472 0.7069964 -0.6968024 0.1209225 0.7069966 -0.6998805 0.1037896 0.7066788 -0.696511 0.1032899 0.7100729 -0.6998683 0.1038146 0.7066873 -0.5682909 0.4214794 0.7066828 -0.568307 0.4214653 0.7066781 -0.6396077 0.3024932 0.7066822 -0.6396038 0.3024979 0.7066838 -0.6863188 0.1719313 0.7066868 -0.6863303 0.1719126 0.7066801 -0.6715198 0.2218383 0.707 -0.6815909 0.1886392 0.7070001 -0.6830259 0.1711064 0.7100692 -0.5242483 0.4751542 0.706677 -0.5242439 0.4751572 0.7066782 -0.6068665 0.3637415 0.7066861 -0.6068754 0.3637328 0.7066828 -0.6661702 0.23836 0.7066837 -0.6629763 0.2372062 0.7100674 -0.6661767 0.2383513 0.7066804 -0.6465457 0.2865963 0.7069945 -0.6598256 0.254537 0.7069945 -0.4751341 0.5242537 0.7066863 -0.4751684 0.5242342 0.7066779 -0.5682917 0.4214799 0.7066819 -0.5682803 0.4214889 0.7066856 -0.6396036 0.3024986 0.7066838 -0.6396041 0.302498 0.7066835 -0.6153421 0.3485931 0.7069915 -0.6317099 0.3179711 0.7069914 -0.6365393 0.3010494 0.7100614 -0.4214686 0.568295 0.706686 -0.4214953 0.568283 0.7066796 -0.5242486 0.4751461 0.706682 -0.5242387 0.4751525 0.7066851 -0.6068844 0.3637383 0.7066723 -0.5781951 0.4072292 0.7070041 -0.5975051 0.3783292 0.7070041 -0.6039478 0.3620183 0.7100633 -0.6068571 0.3637623 0.7066834 -0.3637483 0.6068705 0.7066792 -0.3637446 0.6068717 0.7066801 -0.475166 0.5242316 0.7066814 -0.4751544 0.5242375 0.7066848 -0.5242486 0.4751461 0.706682 -0.5655709 0.419443 0.7100684 -0.5355197 0.4619222 0.7069983 -0.5575324 0.435099 0.7069982 -0.568283 0.421491 0.7066823 -0.568308 0.421473 0.7066728 -0.3025035 0.6396055 0.7066799 -0.3025084 0.6396043 0.7066788 -0.4214694 0.568296 0.7066847 -0.4214793 0.5682921 0.7066818 -0.5217177 0.4728727 0.7100719 -0.4876373 0.512206 0.7070042 -0.5121927 0.4876507 0.7070046 -0.524242 0.4751607 0.7066771 -0.2383679 0.6661716 0.7066796 -0.2383664 0.6661718 0.70668 -0.3637454 0.6068731 0.7066783 -0.3025083 0.6396041 0.7066791 -0.3637241 0.6068791 0.7066842 -0.4351142 0.5575244 0.7069951 -0.4619404 0.535509 0.7069946 -0.4728844 0.521715 0.7100661 -0.4751565 0.5242398 0.7066817 -0.475168 0.5242345 0.7066779 -0.171899 0.6863307 0.706683 -0.1719126 0.6863303 0.7066801 -0.3025233 0.6395913 0.7066842 -0.3783634 0.5974883 0.7069999 -0.4072002 0.5782204 0.7070002 -0.4214842 0.5682987 0.7066736 -0.4214604 0.5683068 0.7066813 -0.4194346 0.5655751 0.71007 -0.03470956 0.7066779 0.7066835 -0.1038201 0.6998711 0.7066838 -0.1038256 0.6998714 0.7066826 -0.2383678 0.6661713 0.7066799 -0.238351 0.6661726 0.7066844 -0.3637552 0.6068715 0.7066747 -0.3179679 0.6317035 0.7069987 -0.3485895 0.6153356 0.7069989 -0.363724 0.6068789 0.7066845 -0.3620042 0.6039503 0.7100683 -0.1038259 0.699873 0.706681 -0.1719126 0.6863303 0.7066801 -0.1719126 0.6863303 0.7066801 -0.3025273 0.6395999 0.7066748 -0.2545489 0.6598154 0.7069997 -0.2865841 0.6465456 0.7069996 -0.3010463 0.6365328 0.7100685 -0.3024987 0.6396037 0.7066835 -0.1038172 0.6998768 0.7066786 -0.03468242 0.7066852 0.7066775 -0.0347088 0.7066807 0.7066807 -0.1886207 0.6815962 0.7069999 -0.221826 0.6715237 0.7070001 -0.2383523 0.6661764 0.7066804 -0.2372183 0.6629664 0.7100726 -0.2383668 0.666176 0.7066759 -0.1209248 0.6968015 0.706997 -0.154947 0.6900337 0.706997 -0.171912 0.6863278 0.7066827 -0.1038166 0.699873 0.7066824 -0.171094 0.6830307 0.7100675 -0.17192 0.6863283 0.7066803 -0.01719544 0.7010614 0.7128936 -0.05202313 0.7052941 0.7070035 -0.08656846 0.7018915 0.7070036 -0.1038061 0.6998782 0.7066788 -0.1033067 0.6965107 0.7100709 -0.03472218 0.7066823 0.7066784 0.03470692 0.7066791 0.7066824 0.1038359 0.699868 0.7066844 0.1038195 0.6998743 0.7066807 0.1718869 0.6863375 0.7066794 0.1719114 0.6863253 0.7066854 0.03468511 0.7066851 0.7066775 0.0347106 0.7066807 0.7066807 0.2383838 0.6661654 0.7066801 0.2383819 0.6661667 0.7066796 0.1038118 0.6998774 0.7066786 0.1038195 0.6998741 0.7066808 0.302502 0.6396024 0.7066834 0.3024908 0.639611 0.7066802 0.1719126 0.6863303 0.7066801 0.1719126 0.6863304 0.7066801 0.08656846 0.7018915 0.7070036 0.05202313 0.7052941 0.7070035 0.01719677 0.7010615 0.7128934 0.03472353 0.7066823 0.7066785 0.3637618 0.6068564 0.7066844 0.3637267 0.6068895 0.7066738 0.2383641 0.6661726 0.7066801 0.23838 0.6661615 0.7066851 0.1549465 0.6900314 0.7069995 0.1209152 0.6968014 0.7069988 0.1038061 0.6998782 0.7066788 0.1033067 0.6965106 0.7100709 0.1038116 0.6998755 0.7066807 0.4214758 0.5683047 0.7066739 0.421473 0.5683079 0.706673 0.3024915 0.6396126 0.7066786 0.3025089 0.6395977 0.7066846 0.1719126 0.6863304 0.7066801 0.1719126 0.6863303 0.7066801 0.221826 0.6715237 0.7070001 0.1886207 0.6815962 0.7069999 0.1710863 0.6830313 0.7100688 0.4751673 0.5242352 0.7066778 0.4751506 0.5242587 0.7066716 0.3637584 0.6068508 0.7066908 0.3637268 0.6068836 0.7066789 0.4214655 0.5682908 0.7066911 0.2383642 0.666173 0.7066796 0.2372183 0.6629664 0.7100726 0.2383654 0.6661721 0.70668 0.2866046 0.6465368 0.7069994 0.2545489 0.6598154 0.7069997 0.5242473 0.4751532 0.7066783 0.5242447 0.4751579 0.7066771 0.4214966 0.5682787 0.7066823 0.3025125 0.6396014 0.7066798 0.3025113 0.6396026 0.7066792 0.3486106 0.6153179 0.7070039 0.3179438 0.6317105 0.7070032 0.3010594 0.6365291 0.7100661 0.5682942 0.4214819 0.7066786 0.568303 0.4214623 0.7066833 0.4751565 0.5242398 0.7066817 0.4751469 0.5242546 0.7066771 0.3637293 0.6068879 0.706674 0.4072488 0.5781794 0.7070056 0.378311 0.5975155 0.707005 0.3619918 0.6039609 0.7100656 0.3637393 0.6068766 0.7066786 0.4215021 0.5682861 0.7066731 0.60685 0.3637992 0.7066705 0.6068689 0.3637429 0.7066833 0.5242412 0.4751548 0.7066817 0.5242338 0.4751694 0.7066775 0.4619632 0.5354805 0.7070011 0.4350838 0.5575404 0.7070013 0.4214752 0.5682953 0.7066817 0.4194515 0.5655667 0.7100668 0.6396323 0.3024337 0.7066855 0.6396176 0.3024979 0.7066713 0.568283 0.421491 0.7066822 0.5682883 0.4214775 0.706686 0.6068665 0.3637415 0.7066861 0.5121983 0.4876561 0.7069968 0.4876153 0.5122378 0.7069962 0.4751495 0.5242321 0.706692 0.4728581 0.5217485 0.710059 0.4751337 0.5242594 0.7066824 0.6661799 0.2383347 0.706683 0.6661718 0.2383988 0.7066691 0.6068988 0.3637103 0.7066743 0.5575324 0.435099 0.7069982 0.5355197 0.4619222 0.7069983 0.5242309 0.4751668 0.7066814 0.5217363 0.4728582 0.7100679 0.5242463 0.4751331 0.7066927 0.6863262 0.171946 0.706676 0.6863255 0.1719692 0.7066709 0.6396062 0.3024925 0.7066839 0.639599 0.3025323 0.7066734 0.5974952 0.3783779 0.7069864 0.5782349 0.4072022 0.706987 0.6068934 0.3637069 0.7066808 0.5682842 0.4214918 0.7066808 0.5655594 0.4194658 0.7100642 0.5682855 0.4214877 0.7066821 0.7066793 0.03476397 0.7066793 0.6998863 0.1037439 0.70668 0.6998876 0.1037653 0.7066753 0.6661724 0.238332 0.706691 0.6661701 0.2383599 0.7066836 0.6068625 0.3637341 0.7066934 0.6316873 0.3180147 0.706992 0.6153421 0.3485931 0.7069915 0.6039655 0.3619976 0.7100587 0.6863202 0.1719101 0.7066906 0.6863212 0.1719681 0.7066754 0.6598353 0.2544857 0.7070039 0.6465367 0.2865923 0.7070044 0.6661702 0.23836 0.7066837 0.6365305 0.3010452 0.710071 0.6395949 0.3024946 0.7066934 0.6395904 0.3025282 0.706683 0.6998621 0.1037615 0.7067012 0.7066496 0.03487319 0.7067038 0.7066812 0.03469049 0.7066812 0.6998727 0.1038519 0.7066775 0.6815808 0.1886364 0.7070106 0.6715101 0.2218351 0.7070101 0.6863405 0.1719152 0.7066696 0.6629815 0.2371768 0.7100724 0.6661956 0.2383267 0.7066709 0.6968024 0.1209225 0.7069966 0.6900454 0.1548947 0.7069972 0.6863289 0.1719339 0.7066762 0.6830158 0.1711039 0.7100795 0.7010758 0.01722337 0.7128788 0.7053019 0.05199724 0.7069975 0.7018912 0.08662338 0.7069972 0.7066835 0.03470916 0.706678 0.6998729 0.1038519 0.7066773 0.6998728 0.1038513 0.7066775 0.6965125 0.1033527 0.7100624 0 0.7071068 0.7071068 0 0.7071068 0.7071068 -0.9996887 -0.02495279 -0 -0.9996887 -0.02495279 0 -0.9972048 -0.07471621 0 -0.9972048 -0.07471621 -0 -0.9922395 -0.1243418 0 -0.9922395 -0.1243418 -0 -0.9848103 -0.1736336 0 -0.9848103 -0.1736336 -0 -0.9749213 -0.2225499 0 -0.9749213 -0.2225499 -0 -0.9626336 -0.2708076 0 -0.9626336 -0.2708076 -0 -0.9479226 -0.3185008 0 -0.9308728 -0.3653436 0 -0.9479226 -0.3185008 -0 -0.9308728 -0.3653436 0 -0.9115021 -0.4112953 0 -0.9115021 -0.4112953 -0 -0.8898714 -0.4562115 0 -0.8898714 -0.4562115 -0 -0.8660268 -0.4999975 -0 -0.8660268 -0.4999975 0 -0.8400239 -0.5425493 0 -0.8400239 -0.5425493 0 -0.8119529 -0.5837229 -0 -0.8119529 -0.5837229 0 -0.7818279 -0.6234943 -0 -0.7818279 -0.6234943 0 -0.7497658 -0.6617034 0 -0.715891 -0.698212 0 -0.7497658 -0.6617034 -0 -0.715891 -0.698212 0 -0.6801766 -0.7330483 0 -0.6801766 -0.7330483 -0 -0.642774 -0.7660558 0 -0.6037897 -0.7971436 0 -0.642774 -0.7660558 -0 -0.6037897 -0.7971436 0 -0.5633295 -0.8262323 0 -0.5633295 -0.8262323 -0 -0.5214405 -0.8532877 0 -0.5214405 -0.8532877 -0 -0.4782385 -0.87823 0 -0.4782385 -0.87823 -0 -0.4339062 -0.9009581 0 -0.4339062 -0.9009581 -0 -0.3884263 -0.9214798 0 -0.3884263 -0.9214798 -0 -0.3420209 -0.9396924 0 -0.3420209 -0.9396924 -0 -0.2947557 -0.9555727 0 -0.2947557 -0.9555727 -0 -0.2467428 -0.969081 0 -0.2467428 -0.969081 -0 -0.1981619 -0.9801692 0 -0.1490334 -0.9888322 0 -0.1981619 -0.9801692 -0 -0.1490334 -0.9888322 0 -0.0995783 -0.9950297 0 -0.0995783 -0.9950297 -0 -0.0498343 -0.9987575 0 -0.0498343 -0.9987575 -0 0 -1 0 -0 -1 -0 0.0498343 -0.9987575 0 0.0498343 -0.9987575 0 0.0995783 -0.9950297 0 0.0995783 -0.9950297 0 0.1490334 -0.9888322 0 0.1490334 -0.9888322 0 0.1981619 -0.9801692 0 0.1981619 -0.9801692 0 0.2467428 -0.969081 0 0.2947557 -0.9555727 0 0.2467428 -0.969081 0 0.2947557 -0.9555727 0 0.3420209 -0.9396924 0 0.3420209 -0.9396924 0 0.3884263 -0.9214798 0 0.3884263 -0.9214798 0 0.4339062 -0.9009581 0 0.4339062 -0.9009581 0 0.4782385 -0.87823 0 0.4782385 -0.87823 0 0.5214405 -0.8532877 0 0.5214405 -0.8532877 0 0.5633295 -0.8262323 0 0.5633295 -0.8262323 0 0.6037897 -0.7971436 0 0.6037897 -0.7971436 0 0.642774 -0.7660558 0 0.642774 -0.7660558 0 0.6801766 -0.7330483 0 0.6801766 -0.7330483 0 0.715891 -0.698212 0 0.715891 -0.698212 0 0.7497658 -0.6617034 0 0.7497658 -0.6617034 0 0.7818279 -0.6234943 0 0.8119529 -0.5837229 0 0.7818279 -0.6234943 0 0.8119529 -0.5837229 0 0.8400239 -0.5425493 0 0.8660268 -0.4999975 0 0.8400239 -0.5425493 0 0.8660268 -0.4999975 0 0.8898714 -0.4562115 0 0.9115021 -0.4112953 0 0.8898714 -0.4562115 0 0.9115021 -0.4112953 0 0.9308728 -0.3653436 0 0.9308728 -0.3653436 0 0.9479226 -0.3185008 0 0.9626336 -0.2708076 0 0.9479226 -0.3185008 0 0.9626336 -0.2708076 0 0.9749213 -0.2225499 0 0.9749213 -0.2225499 0 0.9848103 -0.1736336 0 0.9848103 -0.1736336 0 0.9922395 -0.1243418 0 0.9922395 -0.1243418 0 0.9972048 -0.07471621 0 0.9972048 -0.07471621 0 0.9996887 -0.02495279 0 0.9996887 -0.02495279 0 0.9996887 0.02495279 -0 0.9996887 0.02495279 0 0.9972048 0.07471621 0 0.9972048 0.07471621 0 0.9922395 0.1243418 -0 0.9922395 0.1243418 0 0.9848103 0.1736336 -0 0.9848103 0.1736336 0 0.9749213 0.2225499 -0 0.9749213 0.2225499 0 0.9626336 0.2708076 0 0.9626336 0.2708076 0 0.9479226 0.3185008 -0 0.9479226 0.3185008 0 0.9308728 0.3653436 0 0.9308728 0.3653436 0 0.9115021 0.4112953 0 0.9115021 0.4112953 0 0.8898714 0.4562115 -0 0.8898714 0.4562115 0 0.8660268 0.4999975 0 0.8660268 0.4999975 0 0.8400239 0.5425493 0 0.8400239 0.5425493 0 0.8119529 0.5837229 0 0.8119529 0.5837229 0 0.7818279 0.6234943 -0 0.7818279 0.6234943 0 0.7497658 0.6617034 0 0.7497658 0.6617034 0 0.715891 0.698212 0 0.715891 0.698212 0 0.6801766 0.7330483 -0 0.6801766 0.7330483 0 0.642774 0.7660558 0 0.642774 0.7660558 0 0.6037897 0.7971436 0 0.6037897 0.7971436 0 0.5633295 0.8262323 0 0.5633295 0.8262323 0 0.5214405 0.8532877 -0 0.5214405 0.8532877 0 0.4782385 0.87823 0 0.4782385 0.87823 0 0.4339062 0.9009581 0 0.4339062 0.9009581 0 0.3884263 0.9214798 0 0.3884263 0.9214798 0 0.3420209 0.9396924 0 0.3420209 0.9396924 0 0.2947557 0.9555727 0 0.2947557 0.9555727 0 0.2467428 0.969081 0 0.2467428 0.969081 0 0.1981619 0.9801692 0 0.1981619 0.9801692 0 0.1490334 0.9888322 -0 0.1490334 0.9888322 0 0.0995783 0.9950297 0 0.0995783 0.9950297 0 0.0498343 0.9987575 0 0.0498343 0.9987575 0 -0 1 0 0 1 0 -0.0498343 0.9987575 0 -0.0498343 0.9987575 0 -0.0995783 0.9950297 0 -0.0995783 0.9950297 0 -0.1490334 0.9888322 0 -0.1490334 0.9888322 0 -0.1981619 0.9801692 0 -0.1981619 0.9801692 0 -0.2467428 0.969081 0 -0.2467428 0.969081 0 -0.2947557 0.9555727 0 -0.2947557 0.9555727 0 -0.3420209 0.9396924 0 -0.3420209 0.9396924 0 -0.3884263 0.9214798 0 -0.3884263 0.9214798 0 -0.4339062 0.9009581 0 -0.4782385 0.87823 0 -0.4339062 0.9009581 0 -0.4782385 0.87823 0 -0.5214405 0.8532877 0 -0.5214405 0.8532877 0 -0.5633295 0.8262323 0 -0.5633295 0.8262323 0 -0.6037897 0.7971436 0 -0.6037897 0.7971436 0 -0.642774 0.7660558 0 -0.642774 0.7660558 0 -0.6801766 0.7330483 0 -0.6801766 0.7330483 0 -0.715891 0.698212 0 -0.715891 0.698212 0 -0.7497658 0.6617034 0 -0.7497658 0.6617034 0 -0.7818279 0.6234943 0 -0.7818279 0.6234943 0 -0.8119529 0.5837229 0 -0.8119529 0.5837229 0 -0.8400239 0.5425493 0 -0.8400239 0.5425493 0 -0.8660268 0.4999975 0 -0.8660268 0.4999975 0 -0.8898714 0.4562115 0 -0.8898714 0.4562115 0 -0.9115021 0.4112953 0 -0.9115021 0.4112953 0 -0.9308728 0.3653436 0 -0.9479226 0.3185008 0 -0.9308728 0.3653436 0 -0.9479226 0.3185008 0 -0.9626336 0.2708076 0 -0.9626336 0.2708076 0 -0.9749213 0.2225499 0 -0.9749213 0.2225499 0 -0.9848103 0.1736336 0 -0.9848103 0.1736336 0 -0.9922395 0.1243418 0 -0.9922395 0.1243418 0 -0.9972048 0.07471621 0 -0.9996887 0.02495279 0 -0.9972048 0.07471621 0 -0.9996887 0.02495279 0 -0.9996887 -0.02495279 -0 -0.9996887 -0.02495279 0 -0.9972084 -0.0746694 0 -0.9972084 -0.0746694 -0 -0.9922336 -0.1243882 0 -0.9922336 -0.1243882 -0 -0.9848103 -0.1736336 0 -0.9848103 -0.1736336 -0 -0.9749315 -0.2225052 0 -0.9749315 -0.2225052 -0 -0.9626089 -0.2708949 0 -0.9626089 -0.2708949 -0 -0.9479367 -0.3184585 0 -0.9308728 -0.3653436 0 -0.9479367 -0.3184585 -0 -0.9308728 -0.3653436 0 -0.9115021 -0.4112953 0 -0.9115021 -0.4112953 -0 -0.8898714 -0.4562115 0 -0.8898714 -0.4562115 -0 -0.8660268 -0.4999975 -0 -0.8660268 -0.4999975 0 -0.8400239 -0.5425493 0 -0.8400239 -0.5425493 0 -0.8119529 -0.5837229 -0 -0.8119529 -0.5837229 0 -0.7818049 -0.6235231 -0 -0.7818049 -0.6235231 0 -0.7497891 -0.6616769 0 -0.715891 -0.698212 0 -0.7497891 -0.6616769 -0 -0.715891 -0.698212 0 -0.6801766 -0.7330483 0 -0.6801766 -0.7330483 -0 -0.6427509 -0.7660753 0 -0.603835 -0.7971094 0 -0.6427509 -0.7660753 -0 -0.603835 -0.7971094 0 -0.5633076 -0.8262472 0 -0.5633076 -0.8262472 -0 -0.5214405 -0.8532877 0 -0.5214405 -0.8532877 -0 -0.4782385 -0.87823 0 -0.4782385 -0.87823 -0 -0.4339062 -0.9009581 0 -0.4339062 -0.9009581 -0 -0.3884432 -0.9214727 0 -0.3884432 -0.9214727 -0 -0.3420058 -0.9396979 0 -0.3420058 -0.9396979 -0 -0.2947557 -0.9555727 0 -0.2947557 -0.9555727 -0 -0.2467428 -0.969081 0 -0.2467428 -0.969081 -0 -0.198171 -0.9801674 0 -0.1490265 -0.9888332 0 -0.198171 -0.9801674 -0 -0.1490265 -0.9888332 0 -0.0995783 -0.9950297 0 -0.0995783 -0.9950297 -0 -0.0498343 -0.9987575 0 -0.0498343 -0.9987575 -0 0 -1 0 -0 -1 -0 0.0498343 -0.9987575 0 0.0498343 -0.9987575 0 0.0995783 -0.9950297 0 0.0995783 -0.9950297 0 0.1490265 -0.9888332 0 0.1490265 -0.9888332 0 0.198171 -0.9801674 0 0.198171 -0.9801674 0 0.2467428 -0.969081 0 0.2947557 -0.9555727 0 0.2467428 -0.969081 0 0.2947557 -0.9555727 0 0.3420058 -0.9396979 0 0.3420058 -0.9396979 0 0.3884432 -0.9214727 0 0.3884432 -0.9214727 0 0.4339062 -0.9009581 0 0.4339062 -0.9009581 0 0.4782385 -0.87823 0 0.4782385 -0.87823 0 0.5214405 -0.8532877 0 0.5214405 -0.8532877 0 0.5633076 -0.8262472 0 0.5633076 -0.8262472 0 0.603835 -0.7971094 0 0.603835 -0.7971094 0 0.6427509 -0.7660753 0 0.6427509 -0.7660753 0 0.6801766 -0.7330483 0 0.6801766 -0.7330483 0 0.715891 -0.698212 0 0.715891 -0.698212 0 0.7497891 -0.6616769 0 0.7497891 -0.6616769 0 0.7818049 -0.6235231 0 0.8119529 -0.5837229 0 0.7818049 -0.6235231 0 0.8119529 -0.5837229 0 0.8400239 -0.5425493 0 0.8660268 -0.4999975 0 0.8400239 -0.5425493 0 0.8660268 -0.4999975 0 0.8898714 -0.4562115 0 0.9115021 -0.4112953 0 0.8898714 -0.4562115 0 0.9115021 -0.4112953 0 0.9308728 -0.3653436 0 0.9308728 -0.3653436 0 0.9479367 -0.3184585 0 0.9626089 -0.2708949 0 0.9479367 -0.3184585 0 0.9626089 -0.2708949 0 0.9749315 -0.2225052 0 0.9749315 -0.2225052 0 0.9848103 -0.1736336 0 0.9848103 -0.1736336 0 0.9922336 -0.1243882 0 0.9922336 -0.1243882 0 0.9972084 -0.0746694 0 0.9972084 -0.0746694 0 0.9996887 -0.02495279 0 0.9996887 -0.02495279 0 0.9996887 0.02495279 -0 0.9996887 0.02495279 0 0.9972084 0.0746694 0 0.9972084 0.0746694 0 0.9922336 0.1243882 -0 0.9922336 0.1243882 0 0.9848103 0.1736336 -0 0.9848103 0.1736336 0 0.9749315 0.2225052 -0 0.9749315 0.2225052 0 0.9626089 0.2708949 0 0.9626089 0.2708949 0 0.9479367 0.3184585 -0 0.9479367 0.3184585 0 0.9308728 0.3653436 0 0.9308728 0.3653436 0 0.9115021 0.4112953 0 0.9115021 0.4112953 0 0.8898714 0.4562115 -0 0.8898714 0.4562115 0 0.8660268 0.4999975 0 0.8660268 0.4999975 0 0.8400239 0.5425493 0 0.8400239 0.5425493 0 0.8119529 0.5837229 0 0.8119529 0.5837229 0 0.7818049 0.6235231 -0 0.7818049 0.6235231 0 0.7497891 0.6616769 0 0.7497891 0.6616769 0 0.715891 0.698212 0 0.715891 0.698212 0 0.6801766 0.7330483 -0 0.6801766 0.7330483 0 0.6427509 0.7660753 0 0.6427509 0.7660753 0 0.603835 0.7971094 0 0.603835 0.7971094 0 0.5633076 0.8262472 0 0.5633076 0.8262472 0 0.5214405 0.8532877 -0 0.5214405 0.8532877 0 0.4782385 0.87823 0 0.4782385 0.87823 0 0.4339062 0.9009581 0 0.4339062 0.9009581 0 0.3884432 0.9214727 0 0.3884432 0.9214727 0 0.3420058 0.9396979 0 0.3420058 0.9396979 0 0.2947557 0.9555727 0 0.2947557 0.9555727 0 0.2467428 0.969081 0 0.2467428 0.969081 0 0.198171 0.9801674 0 0.198171 0.9801674 0 0.1490265 0.9888332 -0 0.1490265 0.9888332 0 0.0995783 0.9950297 0 0.0995783 0.9950297 0 0.0498343 0.9987575 0 0.0498343 0.9987575 0 -0 1 0 0 1 0 -0.0498343 0.9987575 0 -0.0498343 0.9987575 0 -0.0995783 0.9950297 0 -0.0995783 0.9950297 0 -0.1490265 0.9888332 0 -0.1490265 0.9888332 0 -0.198171 0.9801674 0 -0.198171 0.9801674 0 -0.2467428 0.969081 0 -0.2467428 0.969081 0 -0.2947557 0.9555727 0 -0.2947557 0.9555727 0 -0.3420058 0.9396979 0 -0.3420058 0.9396979 0 -0.3884432 0.9214727 0 -0.3884432 0.9214727 0 -0.4339062 0.9009581 0 -0.4782385 0.87823 0 -0.4339062 0.9009581 0 -0.4782385 0.87823 0 -0.5214405 0.8532877 0 -0.5214405 0.8532877 0 -0.5633076 0.8262472 0 -0.5633076 0.8262472 0 -0.603835 0.7971094 0 -0.603835 0.7971094 0 -0.6427509 0.7660753 0 -0.6427509 0.7660753 0 -0.6801766 0.7330483 0 -0.6801766 0.7330483 0 -0.715891 0.698212 0 -0.715891 0.698212 0 -0.7497891 0.6616769 0 -0.7497891 0.6616769 0 -0.7818049 0.6235231 0 -0.7818049 0.6235231 0 -0.8119529 0.5837229 0 -0.8119529 0.5837229 0 -0.8400239 0.5425493 0 -0.8400239 0.5425493 0 -0.8660268 0.4999975 0 -0.8660268 0.4999975 0 -0.8898714 0.4562115 0 -0.8898714 0.4562115 0 -0.9115021 0.4112953 0 -0.9115021 0.4112953 0 -0.9308728 0.3653436 0 -0.9479367 0.3184585 0 -0.9308728 0.3653436 0 -0.9479367 0.3184585 0 -0.9626089 0.2708949 0 -0.9626089 0.2708949 0 -0.9749315 0.2225052 0 -0.9749315 0.2225052 0 -0.9848103 0.1736336 0 -0.9848103 0.1736336 0 -0.9922336 0.1243882 0 -0.9922336 0.1243882 0 -0.9972084 0.0746694 0 -0.9996887 0.02495279 0 -0.9972084 0.0746694 0 -0.9996887 0.02495279 0 0 0.9990478 0.04362936 0 0.9990478 0.04362936 0 0.9932388 0.1160888 0 0.9932387 0.1160888 0 0.9855245 0.169533 0 0.9855245 0.169533 0 0.9758412 0.218481 0 0.9636683 0.2671017 0 0.9758412 0.218481 0 0.9636683 0.2671016 0 0.9489752 0.3153506 0 0.9489753 0.3153506 0 0.9317696 0.36305 0 0.9317696 0.36305 0 0.9124928 0.4090929 0 0.9124928 0.4090929 0 0.8918568 0.452318 0 0.8918567 0.452318 0 0.8701679 0.4927554 0 0.8701679 0.4927554 0 0.8360466 0.5486584 0 0.8360467 0.5486584 0 0.7879841 0.6156957 0 0.7879841 0.6156957 0 0.7392153 0.6734692 0 0.7392154 0.6734692 0 0.6907908 0.7230547 0 0.6907908 0.7230547 0 0.6434783 0.7654643 0 0.6434783 0.7654643 0 0.5900099 0.8073959 0 0.5900099 0.807396 0 0.5385019 0.8426243 0 0.5385019 0.8426243 0 0.4857973 0.8740715 0 0.4857973 0.8740715 0 0.4216139 0.9067754 0 0.421614 0.9067755 0 0.3584766 0.9335388 0 0.3584766 0.9335387 0 0.2950947 0.9554681 0 0.2950947 0.955468 0 0.2278686 0.9736919 0 0.2278686 0.9736919 0 0.1580136 0.987437 0 0.1580136 0.987437 0 0.09238795 0.9957231 0 0.09238795 0.9957231 0 0.03081745 0.999525 0 0.03081745 0.9995251 0.9990473 -0 0.04364027 0.9990473 -0 0.04364027 0.9932408 -0 0.1160726 0.9855277 -0 0.1695144 0.9932407 0 0.1160726 0.9855277 -0 0.1695144 0.9758412 -0 0.218481 0.9758412 0 0.218481 0.9636537 -0 0.2671545 0.9636537 0 0.2671545 0.9489696 -0 0.3153675 0.9489695 0 0.3153675 0.9317823 -0 0.3630175 0.9317823 0 0.3630175 0.9124782 -0 0.4091254 0.8918567 -0 0.452318 0.9124783 0 0.4091254 0.8918567 -0 0.452318 0.870186 -0 0.4927232 0.8701861 0 0.4927233 0.8360518 -0 0.5486506 0.8360516 0 0.5486506 0.7879782 0 0.6157032 0.7879782 -0 0.6157032 0.7392021 0 0.6734836 0.7392022 -0 0.6734836 0.6908123 0 0.7230341 0.6908123 -0 0.7230341 0.6434628 0 0.7654773 0.6434628 -0 0.7654773 0.5900039 -0 0.8074004 0.5385368 -0 0.842602 0.5900039 -0 0.8074004 0.5385369 -0 0.842602 0.4857973 -0 0.8740715 0.4857973 0 0.8740715 0.4216036 -0 0.9067802 0.4216036 0 0.9067802 0.3584765 -0 0.9335387 0.3584766 0 0.9335387 0.2950867 -0 0.9554705 0.2278716 -0 0.9736912 0.2950867 0 0.9554705 0.1580179 -0 0.9874363 0.2278716 -0 0.9736912 0.1580178 -0 0.9874362 0.09238795 -0 0.9957231 0.09238795 0 0.9957231 0.03081745 -0 0.999525 0.03081745 0 0.9995251 -0.9990473 0 0.04364027 -0.9932407 0 0.1160726 -0.9990473 0 0.04364027 -0.9855149 0 0.1695888 -0.9932408 0 0.1160726 -0.9758412 0 0.218481 -0.9855149 0 0.1695888 -0.9636928 0 0.2670136 -0.9758412 0 0.218481 -0.9489695 0 0.3153675 -0.9636928 0 0.2670135 -0.931757 0 0.3630826 -0.9489696 0 0.3153675 -0.931757 0 0.3630825 -0.9125074 0 0.4090604 -0.8918238 0 0.4523827 -0.9125074 0 0.4090604 -0.8918239 0 0.4523828 -0.8701497 0 0.4927875 -0.8360518 0 0.5486506 -0.8701496 0 0.4927875 -0.8360518 0 0.5486506 -0.7879782 0 0.6157032 -0.7879782 0 0.6157032 -0.7392284 0 0.6734547 -0.7392284 0 0.6734548 -0.6908123 0 0.7230341 -0.6908123 0 0.7230341 -0.6434628 0 0.7654773 -0.5900039 0 0.8074004 -0.6434628 0 0.7654773 -0.5385019 0 0.8426242 -0.5900039 0 0.8074004 -0.4858194 0 0.8740593 -0.5385019 0 0.8426243 -0.4216036 0 0.9067802 -0.4858194 0 0.8740593 -0.4216036 0 0.9067802 -0.3584765 0 0.9335387 -0.2950867 0 0.9554705 -0.3584766 0 0.9335387 -0.2278716 0 0.9736912 -0.2950867 0 0.9554705 -0.2278716 0 0.9736912 -0.1580094 0 0.9874376 -0.1580094 0 0.9874376 -0.09239364 0 0.9957225 -0.09239365 0 0.9957226 -0.03081745 0 0.999525 -0.03081745 0 0.9995251 0 -0.9990482 0.04361845 0 -0.9990482 0.04361844 0 -0.9932388 0.1160888 0 -0.9932387 0.1160888 0 -0.9855245 0.169533 0 -0.9855245 0.169533 0 -0.9758412 0.218481 0 -0.9758412 0.218481 0 -0.9636683 0.2671016 0 -0.9636683 0.2671016 0 -0.9489752 0.3153506 0 -0.9489753 0.3153506 0 -0.9317633 0.3630663 0 -0.9124928 0.4090929 0 -0.9317633 0.3630663 0 -0.8918567 0.452318 0 -0.9124928 0.4090929 0 -0.8701679 0.4927554 0 -0.8918568 0.452318 0 -0.8360467 0.5486584 0 -0.8701679 0.4927554 0 -0.8360466 0.5486584 0 -0.7879841 0.6156957 0 -0.7879841 0.6156957 0 -0.7392219 0.673462 0 -0.7392219 0.673462 0 -0.6907908 0.7230547 0 -0.6907908 0.7230547 0 -0.6434783 0.7654643 0 -0.6434783 0.7654643 0 -0.5900099 0.807396 0 -0.5900099 0.8073959 0 -0.5385019 0.8426243 0 -0.5385019 0.8426243 0 -0.4857973 0.8740715 0 -0.4857973 0.8740715 0 -0.4216088 0.9067779 0 -0.3584814 0.9335369 0 -0.4216088 0.9067779 0 -0.3584814 0.9335369 0 -0.2950907 0.9554693 0 -0.2278716 0.9736912 0 -0.2950907 0.9554692 0 -0.2278716 0.9736912 0 -0.1580115 0.9874373 0 -0.09238937 0.9957229 0 -0.1580115 0.9874373 0 -0.09238937 0.9957229 0 -0.03081698 0.9995251 0 -0.03081697 0.9995251 -0.9996887 -0.02495279 -0 -0.9996887 -0.02495279 0 -0.9972047 -0.07471708 0 -0.9972047 -0.07471708 -0 -0.9922397 -0.1243404 0 -0.9922397 -0.1243404 -0 -0.9848103 -0.1736336 0 -0.9848103 -0.1736336 -0 -0.9749219 -0.2225474 0 -0.9749219 -0.2225474 -0 -0.9626326 -0.2708107 0 -0.9626326 -0.2708107 -0 -0.9479226 -0.3185008 0 -0.9308728 -0.3653436 0 -0.9479226 -0.3185008 -0 -0.9308728 -0.3653436 0 -0.9115021 -0.4112953 0 -0.9115021 -0.4112953 -0 -0.8898714 -0.4562115 0 -0.8898714 -0.4562115 -0 -0.8660268 -0.4999975 -0 -0.8660268 -0.4999975 0 -0.8400205 -0.5425547 0 -0.8400205 -0.5425547 0 -0.8119569 -0.5837173 -0 -0.8119569 -0.5837173 0 -0.7818325 -0.6234886 -0 -0.7818325 -0.6234886 0 -0.7497658 -0.6617034 0 -0.7158796 -0.6982239 0 -0.7497658 -0.6617034 -0 -0.7158796 -0.6982239 0 -0.6801766 -0.7330483 0 -0.6801766 -0.7330483 -0 -0.6427879 -0.7660443 0 -0.6037822 -0.7971494 0 -0.6427879 -0.7660443 -0 -0.6037822 -0.7971494 0 -0.5633295 -0.8262323 0 -0.5633295 -0.8262323 -0 -0.5214405 -0.8532877 0 -0.5214405 -0.8532877 -0 -0.4782385 -0.87823 0 -0.4782385 -0.87823 -0 -0.4339062 -0.9009581 0 -0.4339062 -0.9009581 -0 -0.3884163 -0.921484 0 -0.3884163 -0.921484 -0 -0.3420209 -0.9396924 0 -0.3420209 -0.9396924 -0 -0.2947665 -0.9555693 0 -0.2947665 -0.9555693 -0 -0.2467539 -0.9690782 0 -0.2467539 -0.9690782 -0 -0.1981393 -0.9801739 0 -0.1490449 -0.9888304 0 -0.1981393 -0.9801739 -0 -0.1490449 -0.9888304 0 -0.09956665 -0.9950309 0 -0.09956665 -0.9950309 -0 -0.04984604 -0.9987569 0 -0.04984604 -0.9987569 -0 0 -1 0 -0 -1 -0 0.04984604 -0.9987569 0 0.04984604 -0.9987569 0 0.09956665 -0.9950309 0 0.09956665 -0.9950309 0 0.1490449 -0.9888304 0 0.1490449 -0.9888304 0 0.1981393 -0.9801739 0 0.1981393 -0.9801739 0 0.2467539 -0.9690782 0 0.2947665 -0.9555693 0 0.2467539 -0.9690782 0 0.2947665 -0.9555693 0 0.3420209 -0.9396924 0 0.3420209 -0.9396924 0 0.3884163 -0.921484 0 0.3884163 -0.921484 0 0.4339062 -0.9009581 0 0.4339062 -0.9009581 0 0.4782385 -0.87823 0 0.4782385 -0.87823 0 0.5214405 -0.8532877 0 0.5214405 -0.8532877 0 0.5633295 -0.8262323 0 0.5633295 -0.8262323 0 0.6037822 -0.7971494 0 0.6037822 -0.7971494 0 0.6427879 -0.7660443 0 0.6427879 -0.7660443 0 0.6801766 -0.7330483 0 0.6801766 -0.7330483 0 0.7158796 -0.6982239 0 0.7158796 -0.6982239 0 0.7497658 -0.6617034 0 0.7497658 -0.6617034 0 0.7818325 -0.6234886 0 0.8119569 -0.5837173 0 0.7818325 -0.6234886 0 0.8119569 -0.5837173 0 0.8400205 -0.5425547 0 0.8660268 -0.4999975 0 0.8400205 -0.5425547 0 0.8660268 -0.4999975 0 0.8898714 -0.4562115 0 0.9115021 -0.4112953 0 0.8898714 -0.4562115 0 0.9115021 -0.4112953 0 0.9308728 -0.3653436 0 0.9308728 -0.3653436 0 0.9479226 -0.3185008 0 0.9626326 -0.2708107 0 0.9479226 -0.3185008 0 0.9626326 -0.2708107 0 0.9749219 -0.2225474 0 0.9749219 -0.2225474 0 0.9848103 -0.1736336 0 0.9848103 -0.1736336 0 0.9922397 -0.1243404 0 0.9922397 -0.1243404 0 0.9972047 -0.07471708 0 0.9972047 -0.07471708 0 0.9996887 -0.02495279 0 0.9996887 -0.02495279 0 0.9996887 0.02495279 -0 0.9996887 0.02495279 0 0.9972047 0.07471708 0 0.9972047 0.07471708 0 0.9922398 0.1243389 -0 0.9922398 0.1243389 0 0.98481 0.1736356 -0 0.98481 0.1736356 0 0.9749219 0.2225474 -0 0.9749219 0.2225474 0 0.9626326 0.2708107 0 0.9626326 0.2708107 0 0.9479238 0.3184973 -0 0.9479238 0.3184973 0 0.9308712 0.3653475 0 0.9308712 0.3653475 0 0.9115021 0.4112953 0 0.9115021 0.4112953 0 0.8898714 0.4562115 -0 0.8898714 0.4562115 0 0.8660268 0.4999975 0 0.8660268 0.4999975 0 0.8400205 0.5425547 0 0.8400205 0.5425547 0 0.8119569 0.5837173 0 0.8119569 0.5837173 0 0.7818325 0.6234886 -0 0.7818325 0.6234886 0 0.7497658 0.6617034 0 0.7497658 0.6617034 0 0.7158796 0.6982239 0 0.7158796 0.6982239 0 0.6801766 0.7330483 -0 0.6801766 0.7330483 0 0.6427879 0.7660443 0 0.6427879 0.7660443 0 0.6037897 0.7971436 0 0.6037897 0.7971436 0 0.5633295 0.8262323 0 0.5633295 0.8262323 0 0.5214319 0.8532929 -0 0.5214319 0.8532929 0 0.4782476 0.8782251 0 0.4782476 0.8782251 0 0.4338967 0.9009627 0 0.4338967 0.9009627 0 0.3884163 0.921484 0 0.3884163 0.921484 0 0.3420313 0.9396886 0 0.3420313 0.9396886 0 0.2947557 0.9555727 0 0.2947557 0.9555727 0 0.2467539 0.9690782 0 0.2467539 0.9690782 0 0.1981506 0.9801716 0 0.1981506 0.9801716 0 0.1490334 0.9888322 -0 0.1490334 0.9888322 0 0.0995783 0.9950297 0 0.0995783 0.9950297 0 0.04984604 0.9987569 0 0.04984604 0.9987569 0 -0 1 0 0 1 0 -0.04984604 0.9987569 0 -0.04984604 0.9987569 0 -0.0995783 0.9950297 0 -0.0995783 0.9950297 0 -0.1490334 0.9888322 0 -0.1490334 0.9888322 0 -0.1981506 0.9801716 0 -0.1981506 0.9801716 0 -0.2467539 0.9690782 0 -0.2467539 0.9690782 0 -0.2947557 0.9555727 0 -0.2947557 0.9555727 0 -0.3420313 0.9396886 0 -0.3420313 0.9396886 0 -0.3884163 0.921484 0 -0.3884163 0.921484 0 -0.4338967 0.9009627 0 -0.4782476 0.8782251 0 -0.4338967 0.9009627 0 -0.4782476 0.8782251 0 -0.5214319 0.8532929 0 -0.5214319 0.8532929 0 -0.5633295 0.8262323 0 -0.5633295 0.8262323 0 -0.6037897 0.7971436 0 -0.6037897 0.7971436 0 -0.6427879 0.7660443 0 -0.6427879 0.7660443 0 -0.6801766 0.7330483 0 -0.6801766 0.7330483 0 -0.7158796 0.6982239 0 -0.7158796 0.6982239 0 -0.7497658 0.6617034 0 -0.7497658 0.6617034 0 -0.7818325 0.6234886 0 -0.7818325 0.6234886 0 -0.8119569 0.5837173 0 -0.8119569 0.5837173 0 -0.8400205 0.5425547 0 -0.8400205 0.5425547 0 -0.8660268 0.4999975 0 -0.8660268 0.4999975 0 -0.8898714 0.4562115 0 -0.8898714 0.4562115 0 -0.9115021 0.4112953 0 -0.9115021 0.4112953 0 -0.9308712 0.3653475 0 -0.9479238 0.3184973 0 -0.9308712 0.3653475 0 -0.9479238 0.3184973 0 -0.9626326 0.2708107 0 -0.9626326 0.2708107 0 -0.9749219 0.2225474 0 -0.9749219 0.2225474 0 -0.98481 0.1736356 0 -0.98481 0.1736356 0 -0.9922398 0.1243389 0 -0.9922398 0.1243389 0 -0.9972047 0.07471708 0 -0.9996887 0.02495279 0 -0.9972047 0.07471708 0 -0.9996887 0.02495279 0 -0.9996887 -0.02495279 -0 -0.9996887 -0.02495279 0 -0.9972082 -0.07467027 0 -0.9972082 -0.07467027 -0 -0.9922339 -0.1243868 0 -0.9922339 -0.1243868 -0 -0.9848103 -0.1736336 0 -0.9848103 -0.1736336 -0 -0.9749321 -0.2225026 0 -0.9749321 -0.2225026 -0 -0.9626081 -0.2708979 0 -0.9626081 -0.2708979 -0 -0.9479367 -0.3184585 0 -0.9308728 -0.3653436 0 -0.9479367 -0.3184585 -0 -0.9308728 -0.3653436 0 -0.9115021 -0.4112953 0 -0.9115021 -0.4112953 -0 -0.8898714 -0.4562115 0 -0.8898714 -0.4562115 -0 -0.8660268 -0.4999975 -0 -0.8660268 -0.4999975 0 -0.8400205 -0.5425547 0 -0.8400205 -0.5425547 0 -0.8119569 -0.5837173 -0 -0.8119569 -0.5837173 0 -0.7818095 -0.6235174 -0 -0.7818095 -0.6235174 0 -0.7497891 -0.6616769 0 -0.7158796 -0.6982239 0 -0.7497891 -0.6616769 -0 -0.7158796 -0.6982239 0 -0.6801766 -0.7330483 0 -0.6801766 -0.7330483 -0 -0.6427647 -0.7660636 0 -0.6038275 -0.797115 0 -0.6427647 -0.7660636 -0 -0.6038275 -0.797115 0 -0.5633076 -0.8262472 0 -0.5633076 -0.8262472 -0 -0.5214405 -0.8532877 0 -0.5214405 -0.8532877 -0 -0.4782385 -0.87823 0 -0.4782385 -0.87823 -0 -0.4339062 -0.9009581 0 -0.4339062 -0.9009581 -0 -0.3884332 -0.9214768 0 -0.3884332 -0.9214768 -0 -0.3420058 -0.9396979 0 -0.3420058 -0.9396979 -0 -0.2947665 -0.9555693 0 -0.2947665 -0.9555693 -0 -0.2467539 -0.9690782 0 -0.2467539 -0.9690782 -0 -0.1981484 -0.980172 0 -0.1490379 -0.9888314 0 -0.1981484 -0.980172 -0 -0.1490379 -0.9888314 0 -0.09956665 -0.9950309 0 -0.09956665 -0.9950309 -0 -0.04984604 -0.9987569 0 -0.04984604 -0.9987569 -0 0 -1 0 -0 -1 -0 0.04984604 -0.9987569 0 0.04984604 -0.9987569 0 0.09956665 -0.9950309 0 0.09956665 -0.9950309 0 0.1490379 -0.9888314 0 0.1490379 -0.9888314 0 0.1981484 -0.980172 0 0.1981484 -0.980172 0 0.2467539 -0.9690782 0 0.2947665 -0.9555693 0 0.2467539 -0.9690782 0 0.2947665 -0.9555693 0 0.3420058 -0.9396979 0 0.3420058 -0.9396979 0 0.3884332 -0.9214768 0 0.3884332 -0.9214768 0 0.4339062 -0.9009581 0 0.4339062 -0.9009581 0 0.4782385 -0.87823 0 0.4782385 -0.87823 0 0.5214405 -0.8532877 0 0.5214405 -0.8532877 0 0.5633076 -0.8262472 0 0.5633076 -0.8262472 0 0.6038275 -0.797115 0 0.6038275 -0.797115 0 0.6427647 -0.7660636 0 0.6427647 -0.7660636 0 0.6801766 -0.7330483 0 0.6801766 -0.7330483 0 0.7158796 -0.6982239 0 0.7158796 -0.6982239 0 0.7497891 -0.6616769 0 0.7497891 -0.6616769 0 0.7818095 -0.6235174 0 0.8119569 -0.5837173 0 0.7818095 -0.6235174 0 0.8119569 -0.5837173 0 0.8400205 -0.5425547 0 0.8660268 -0.4999975 0 0.8400205 -0.5425547 0 0.8660268 -0.4999975 0 0.8898714 -0.4562115 0 0.9115021 -0.4112953 0 0.8898714 -0.4562115 0 0.9115021 -0.4112953 0 0.9308728 -0.3653436 0 0.9308728 -0.3653436 0 0.9479367 -0.3184585 0 0.9626081 -0.2708979 0 0.9479367 -0.3184585 0 0.9626081 -0.2708979 0 0.9749321 -0.2225026 0 0.9749321 -0.2225026 0 0.9848103 -0.1736336 0 0.9848103 -0.1736336 0 0.9922339 -0.1243868 0 0.9922339 -0.1243868 0 0.9972082 -0.07467027 0 0.9972082 -0.07467027 0 0.9996887 -0.02495279 0 0.9996887 -0.02495279 0 0.9996887 0.02495279 -0 0.9996887 0.02495279 0 0.9972082 0.07467027 0 0.9972082 0.07467027 0 0.992234 0.1243853 -0 0.992234 0.1243853 0 0.98481 0.1736356 -0 0.98481 0.1736356 0 0.9749321 0.2225026 -0 0.9749321 0.2225026 0 0.9626081 0.2708979 0 0.9626081 0.2708979 0 0.947938 0.318455 -0 0.947938 0.318455 0 0.9308712 0.3653475 0 0.9308712 0.3653475 0 0.9115021 0.4112953 0 0.9115021 0.4112953 0 0.8898714 0.4562115 -0 0.8898714 0.4562115 0 0.8660268 0.4999975 0 0.8660268 0.4999975 0 0.8400205 0.5425547 0 0.8400205 0.5425547 0 0.8119569 0.5837173 0 0.8119569 0.5837173 0 0.7818095 0.6235174 -0 0.7818095 0.6235174 0 0.7497891 0.6616769 0 0.7497891 0.6616769 0 0.7158796 0.6982239 0 0.7158796 0.6982239 0 0.6801766 0.7330483 -0 0.6801766 0.7330483 0 0.6427647 0.7660636 0 0.6427647 0.7660636 0 0.603835 0.7971094 0 0.603835 0.7971094 0 0.5633076 0.8262472 0 0.5633076 0.8262472 0 0.5214319 0.8532929 -0 0.5214319 0.8532929 0 0.4782476 0.8782251 0 0.4782476 0.8782251 0 0.4338967 0.9009627 0 0.4338967 0.9009627 0 0.3884332 0.9214768 0 0.3884332 0.9214768 0 0.3420162 0.939694 0 0.3420162 0.939694 0 0.2947557 0.9555727 0 0.2947557 0.9555727 0 0.2467539 0.9690782 0 0.2467539 0.9690782 0 0.1981597 0.9801698 0 0.1981597 0.9801698 0 0.1490265 0.9888332 -0 0.1490265 0.9888332 0 0.0995783 0.9950297 0 0.0995783 0.9950297 0 0.04984604 0.9987569 0 0.04984604 0.9987569 0 -0 1 0 0 1 0 -0.04984604 0.9987569 0 -0.04984604 0.9987569 0 -0.0995783 0.9950297 0 -0.0995783 0.9950297 0 -0.1490265 0.9888332 0 -0.1490265 0.9888332 0 -0.1981597 0.9801698 0 -0.1981597 0.9801698 0 -0.2467539 0.9690782 0 -0.2467539 0.9690782 0 -0.2947557 0.9555727 0 -0.2947557 0.9555727 0 -0.3420162 0.939694 0 -0.3420162 0.939694 0 -0.3884332 0.9214768 0 -0.3884332 0.9214768 0 -0.4338967 0.9009627 0 -0.4782476 0.8782251 0 -0.4338967 0.9009627 0 -0.4782476 0.8782251 0 -0.5214319 0.8532929 0 -0.5214319 0.8532929 0 -0.5633076 0.8262472 0 -0.5633076 0.8262472 0 -0.603835 0.7971094 0 -0.603835 0.7971094 0 -0.6427647 0.7660636 0 -0.6427647 0.7660636 0 -0.6801766 0.7330483 0 -0.6801766 0.7330483 0 -0.7158796 0.6982239 0 -0.7158796 0.6982239 0 -0.7497891 0.6616769 0 -0.7497891 0.6616769 0 -0.7818095 0.6235174 0 -0.7818095 0.6235174 0 -0.8119569 0.5837173 0 -0.8119569 0.5837173 0 -0.8400205 0.5425547 0 -0.8400205 0.5425547 0 -0.8660268 0.4999975 0 -0.8660268 0.4999975 0 -0.8898714 0.4562115 0 -0.8898714 0.4562115 0 -0.9115021 0.4112953 0 -0.9115021 0.4112953 0 -0.9308712 0.3653475 0 -0.947938 0.318455 0 -0.9308712 0.3653475 0 -0.947938 0.318455 0 -0.9626081 0.2708979 0 -0.9626081 0.2708979 0 -0.9749321 0.2225026 0 -0.9749321 0.2225026 0 -0.98481 0.1736356 0 -0.98481 0.1736356 0 -0.992234 0.1243853 0 -0.992234 0.1243853 0 -0.9972082 0.07467027 0 -0.9996887 0.02495279 0 -0.9972082 0.07467027 0 -0.9996887 0.02495279 0 0 -1 0 0 -1 0 -0.02455918 -0.9996983 0 -0.07356106 -0.9972907 0 -0.02455918 -0.9996983 0 -0.1224084 -0.9924799 0 -0.07356106 -0.9972907 0 -0.1709492 -0.9852799 0 -0.1224084 -0.9924799 0 -0.2190942 -0.9757037 0 -0.1709492 -0.9852799 0 -0.2667458 -0.963767 0 -0.2190942 -0.9757037 0 -0.313662 -0.9495347 0 -0.2667458 -0.963767 0 -0.3598982 -0.9329916 0 -0.313662 -0.9495347 0 -0.4052297 -0.9142149 0 -0.3598982 -0.9329916 0 -0.4052297 -0.9142149 0 -0.4496058 -0.8932272 0 -0.4496058 -0.8932272 0 -0.4929047 -0.8700833 0 -0.4929047 -0.8700833 0 -0.5350059 -0.8448483 0 -0.5350059 -0.8448483 0 -0.5758072 -0.8175855 0 -0.5758072 -0.8175855 0 -0.6152473 -0.7883342 0 -0.6152473 -0.7883342 0 -0.6531563 -0.757223 0 -0.6531563 -0.757223 0 -0.6895232 -0.7242636 0 -0.6895232 -0.7242636 0 -0.7242636 -0.6895232 0 -0.7242636 -0.6895232 0 -0.7572065 -0.6531756 0 -0.7572065 -0.6531756 0 -0.7883489 -0.6152284 0 -0.7883489 -0.6152284 0 -0.844877 -0.5349606 0 -0.8175727 -0.5758255 0 -0.8175727 -0.5758255 0 -0.8700833 -0.4929047 0 -0.844877 -0.5349606 0 -0.8932272 -0.4496058 0 -0.8700833 -0.4929047 0 -0.8932272 -0.4496058 0 -0.9329836 -0.359919 0 -0.9142149 -0.4052297 0 -0.9142149 -0.4052297 0 -0.9329836 -0.359919 0 -0.9637697 -0.2667358 0 -0.9495271 -0.3136851 0 -0.9495271 -0.3136851 0 -0.9757037 -0.2190942 0 -0.9637697 -0.2667358 0 -0.9852744 -0.1709804 0 -0.9757037 -0.2190942 0 -0.9852744 -0.1709804 0 -0.9972934 -0.07352527 0 -0.9924799 -0.1224084 0 -0.9924799 -0.1224084 0 -0.9996983 -0.02455918 0 -0.9972934 -0.07352527 0 -0.9996983 -0.02455918 0 0.9996983 -0.02455918 0 0.9972934 -0.07352527 0 0.9996983 -0.02455918 0 0.9924704 -0.122485 0 0.9972934 -0.07352527 0 0.9852744 -0.1709804 0 0.9924704 -0.122485 0 0.9757203 -0.2190202 0 0.9852744 -0.1709804 0 0.9637697 -0.2667358 0 0.9757203 -0.2190202 0 0.9495271 -0.3136851 0 0.9637697 -0.2667358 0 0.9330097 -0.3598513 0 0.9495271 -0.3136851 0 0.9142149 -0.4052297 0 0.9330097 -0.3598513 0 0.9142149 -0.4052297 0 0.8931959 -0.4496678 0 0.8931959 -0.4496678 0 0.8700833 -0.4929047 0 0.8700833 -0.4929047 0 0.844842 -0.5350161 0 0.844842 -0.5350161 0 0.8176093 -0.5757735 0 0.8176093 -0.5757735 0 0.7883489 -0.6152284 0 0.7883489 -0.6152284 0 0.7572065 -0.6531756 0 0.7572065 -0.6531756 0 0.7242636 -0.6895232 0 0.7242636 -0.6895232 0 0.6894844 -0.7243006 0 0.6894844 -0.7243006 0 0.6531948 -0.7571899 0 0.6531948 -0.7571899 0 0.6152096 -0.7883636 0 0.6152096 -0.7883636 0 0.5349356 -0.8448929 0 0.5758803 -0.817534 0 0.5758803 -0.817534 0 0.492938 -0.8700644 0 0.5349356 -0.8448929 0 0.492938 -0.8700644 0 0.4052584 -0.9142021 0 0.4495745 -0.8932428 0 0.4495745 -0.8932428 0 0.3598982 -0.9329916 0 0.4052584 -0.9142021 0 0.313662 -0.9495347 0 0.3598982 -0.9329916 0 0.313662 -0.9495347 0 0.2667458 -0.963767 0 0.2667458 -0.963767 0 0.1709361 -0.9852821 0 0.2190942 -0.9757037 0 0.2190942 -0.9757037 0 0.1709361 -0.9852821 0 0.07356106 -0.9972907 0 0.1224084 -0.9924799 0 0.1224084 -0.9924799 0 0.07356106 -0.9972907 0 0.02456108 -0.9996983 0 0.02456108 -0.9996983 0 -1 0 0 -1 -0 0 1 0 0 1 -0 0 -0.9996984 0.02455965 0 -0.9972935 0.07352385 0 -0.9996984 0.02455965 0 -0.9924799 0.1224084 0 -0.9972935 0.07352385 0 -0.9852738 0.1709836 0 -0.9924799 0.1224084 0 -0.9757037 0.2190942 0 -0.9852738 0.1709836 0 -0.9637697 0.2667358 0 -0.9757037 0.2190942 0 -0.9495289 0.3136793 0 -0.9637697 0.2667358 0 -0.9329861 0.3599124 0 -0.9495289 0.3136793 0 -0.9142085 0.4052441 0 -0.9329861 0.3599124 0 -0.9142085 0.4052441 0 -0.8932272 0.4496058 0 -0.8932272 0.4496058 0 -0.8700833 0.4929047 0 -0.8700833 0.4929047 0 -0.844877 0.5349606 0 -0.844877 0.5349606 0 -0.8175727 0.5758255 0 -0.8175727 0.5758255 0 -0.7883489 0.6152284 0 -0.7883489 0.6152284 0 -0.757223 0.6531563 0 -0.757223 0.6531563 0 -0.7242451 0.6895426 0 -0.7242451 0.6895426 0 -0.6895232 0.7242636 0 -0.6895232 0.7242636 0 -0.6531786 0.7572038 0 -0.6152473 0.7883342 0 -0.6531786 0.7572038 0 -0.6152473 0.7883342 0 -0.5757812 0.8176038 0 -0.5757812 0.8176038 0 -0.5350059 0.8448483 0 -0.5350059 0.8448483 0 -0.4929047 0.8700833 0 -0.4929047 0.8700833 0 -0.4496058 0.8932272 0 -0.4496058 0.8932272 0 -0.359932 0.9329786 0 -0.4052297 0.9142149 0 -0.4052297 0.9142149 0 -0.359932 0.9329786 0 -0.313662 0.9495347 0 -0.313662 0.9495347 0 -0.2667097 0.9637769 0 -0.2667097 0.9637769 0 -0.2190942 0.9757037 0 -0.2190942 0.9757037 0 -0.1709869 0.9852733 0 -0.1709869 0.9852733 0 -0.07356106 0.9972907 0 -0.1224084 0.9924799 0 -0.1224084 0.9924799 0 -0.07356106 0.9972907 0 -0.02452034 0.9996994 0 -0.02452034 0.9996994 0 0.02452224 0.9996992 0 0.02452224 0.9996992 -0 0.07356106 0.9972907 -0 0.07356106 0.9972907 0 0.1224084 0.9924799 -0 0.1224084 0.9924799 0 0.1709738 0.9852756 -0 0.1709738 0.9852756 0 0.2190942 0.9757037 -0 0.2190942 0.9757037 0 0.2667097 0.9637769 -0 0.2667097 0.9637769 0 0.359932 0.9329786 -0 0.313662 0.9495347 -0 0.313662 0.9495347 0 0.359932 0.9329786 -0 0.4052584 0.9142021 0 0.4052584 0.9142021 -0 0.4495745 0.8932428 0 0.4495745 0.8932428 -0 0.492938 0.8700644 0 0.5349356 0.8448929 -0 0.492938 0.8700644 -0 0.5349356 0.8448929 -0 0.5758544 0.8175523 0 0.5758544 0.8175523 -0 0.6152096 0.7883636 0 0.6152096 0.7883636 -0 0.6532171 0.7571707 0 0.6532171 0.7571707 -0 0.6894844 0.7243006 0 0.6894844 0.7243006 -0 0.7242451 0.6895426 0 0.7242451 0.6895426 -0 0.757223 0.6531563 0 0.757223 0.6531563 -0 0.8176093 0.5757735 -0 0.7883489 0.6152284 -0 0.7883489 0.6152284 0 0.8176093 0.5757735 -0 0.8700833 0.4929047 -0 0.844842 0.5350161 -0 0.844842 0.5350161 0 0.8700833 0.4929047 -0 0.9142085 0.4052441 -0 0.8931959 0.4496678 -0 0.8931959 0.4496678 0 0.9142085 0.4052441 -0 0.9330122 0.3598447 -0 0.9330122 0.3598447 0 0.9495289 0.3136793 -0 0.9495289 0.3136793 0 0.9757203 0.2190202 -0 0.9637697 0.2667358 -0 0.9637697 0.2667358 0 0.9757203 0.2190202 -0 0.9852738 0.1709836 -0 0.9852738 0.1709836 0 0.9972935 0.07352385 -0 0.9924704 0.122485 -0 0.9924704 0.122485 0 0.9972935 0.07352385 -0 0.9996984 0.02455965 -0 0.9996984 0.02455965 0 0 1 -0 0 1 0 0 0 1 0 0 1 0 0 1 0 0 1 0 0 1 0 0 1 0 0 1 0 0 1 0 0 1 0 0 1 0 0 1 0 0 1 0 0 1 0 0 1 0 0 1 0 0 1 0 0 1 0 0 1 0 0 1 0 0 1 0 0 1 0 0 1 0 0 1 0 0 1 0 0 1 0 0 1 0 0 1 0 0 1 0 0 1 0 0 1 0 0 1 0 0 1 0 0 1 0 0 1 0 0 1 0 0 1 0 0 1 0 0 1 0 0 1 0 0 1 0 0 1 0 0 1 0 0 1 0 0 1 0 0 1 0 0 1 0 0 1 0 0 1 0 0 1 0 0 1 0 0 1 0 0 1 0 0 1 0 0 1 0 0 1 0 0 1 0 0 1 0 0 1 0 0 1 0 0 1 0 0 1 0 0 1 0 0 1 0 0 1 0 0 1 0 0 1 0 0 1 0 0 1 0 0 1 0 0 1 0 0 1 0 0 1 0 0 1 0 0 1 0 0 1 0 0 1 0 0 1 0 0 1 0 0 1 0 0 1 0 0 1 0 0 1 0 0 1 0 0 1 0 0 1 0 0 1 0 0 1 0 0 1 0 0 1 0 0 1 0 0 1 0 0 1 0 0 1 0 0 1 0 0 1 0 0 1 0 0 1 0 0 1 0 0 1 0 0 1 0 0 1 0 0 1 0 0 1 0 0 1 0 0 1 0 0 1 0 0 1 0 0 1 0 0 1 0 0 1 0 0 1 0 0 1 0 0 1 0 0 1 0 0 1 0 0 1 0 0 1 0 0 1 0 0 1 0 0 1 0 0 1 0 0 1 0 0 1 0 0 1 0 0 1 0 0 1 0 0 1 0 0 1 0 0 1 0 0 1 0 0 1 0 0 1 0 0 1 0 0 1 0 0 1 0 0 1 0 0 1 0 0 1 0 0 1 0 0 1 0 0 1 0 0 1 0 0 1 0 0 1 0 0 1 0 0 1 0 0 1 0 0 1 0 0 1 0 0 1 0 0 1 0 0 1 0 0 1 0 0 1 0 0 1 0 0 1 0 0 1 0 0 1 0 0 1 0 0 1 0 0 1 0 0 1 0 0 1 0 0 1 0 0 1 0 0 1 0 0 1 0 0 1 0 0 1 0 0 1 0 0 1 0 0 1 0 0 1 0 0 1 0 0 1 0 0 1 0 0 1 0 0 1 0 0 1 0 0 1 0 0 1 0 0 1 0 0 1 0 0 1 0 0 1 0 0 1 0 0 1 0 0 1 0 0 1 0 0 1 0 0 1 0 0 1 0 0 1 0 0 1 0 0 1 0 0 1 0 0 1 0 0 1 0 0 1 0 0 1 0 0 1 0 0 1 0 0 1 0 0 1 0 0 1 0 0 1 0 0 1 0 0 1 0 0 1 0 0 1 0 0 1 0 0 1 0 0 1 0 0 1 0 0 1 0 0 1 0 0 1 0 0 1 0 0 1 0 0 1 0 0 1 0 0 1 0 0 1 0 0 1 0 0 1 0 0 1 0 0 1 0 0 1 0 0 1 0 0 1 0 0 1 0 0 1 0 0 1 0 0 1 0 0 1 0 0 1 0 0 1 0 0 1 0 0 1 0 0 1 0 0 1 0 0 1 0 0 1 0 0 1 0 0 1 0 0 1 0 0 1 0 0 1 0 0 1 0 0 1 0 0 1 0 0 1 0 0 1 0 0 1 0 0 1 0 0 1 0 0 1 0 0 1 0 0 1 0 0 1 0 0 1 0 0 1 0 0 1 0 0 1 0 0 1 0 0 1 0 0 1 0 0 1 0 0 1 0 0 1 0 0 1 0 0 1 0 0 1 0 0 1 0 0 1 0 0 1 0 0 1 0 0 1 0 0 1 0 0 1 0 0 1 0 0 1 0 0 1 0 0 1 0 0 1 0 0 1 0 0 1 0 0 1 0 0 1 0 0 1 0 0 1 0 0 1 0 0 1 0 0 1 0 0 1 0 0 1 0 0 1 0 0 1 0 0 1 0 0 1 0 0 1 0 0 1 0 0 1 0 0 1 0 0 1 0 0 1 0 0 1 0 0 1 0 0 1 0 0 1 0 0 1 0 0 1 0 0 1 0 0 1 0 0 1 0 0 1 0 0 1 0 0 1 0 0 1 0 0 1 0 0 1 0 0 1 0 0 1 0 0 1 0 0 1 0 0 1 0 0 1 0 0 1 0 0 1 0 0 1 0 0 1 0 0 1 0 0 1 0 0 1 0 0 1 0 0 1 0 0 1 0 0 1 0 0 1 0 0 1 0 0 1 0 0 1 0 0 1 0 0 1 0 0 1 0 0 1 0 0 1 0 0 1 0 0 1 0 0 1 0 0 1 0 0 1 0 0 1 0 0 1 0 0 1 0 0 1 0 0 1 0 0 1 0 0 1 0 0 1 0 0 1 0 0 1 0 0 1 0 0 1 0 0 1 0 0 1 0 0 1 0 0 1 0 0 1 0 0 1 0 0 1 0 0 1 0 0 1 0 0 1 0 0 1 0 0 1 0 0 1 0 0 1 0 0 1 0 0 1 0 0 1 0 0 1 0 0 1 0 0 1 0 0 1 0 0 1 0 0 1 0 0 1 0 0 1 0 0 1 0 0 1 0 0 1 0 0 1 0 0 1 0 0 1 0 0 1 0 0 1 0 0 1 0 0 1 0 0 1 0 0 1 0 0 1 0 0 1 0 0 1 0 0 1 0 0 1 0 0 1 0 0 1 0 0 1 0 0 1 0 0 1 0 0 1 0 0 1 0 0 1 0 0 1 0 0 1 0 0 1 0 0 1 0 0 1 0 0 1 0 0 1 0 0 1 0 0 1 0 0 1 0 0 1 0 0 1 0 0 1 0 0 1 0 0 1 0 0 1 0 0 1 0 0 1 0 0 1 0 0 1 0 0 1 0 0 1 0 0 1 0 0 1 0 0 1 0 0 1 0 0 1 0 0 1 0 0 1 0 0 1 0 0 1 0 0 1 0 0 1 0 0 1 0 0 1 0 0 1 0 0 1 0 0 1 0 0 1 0 0 1 0 0 1 0 0 1 0 0 1 0 0 1 0 0 1 0 0 1 0 0 1 0 0 1 0 0 1 0 0 1 0 0 1 0 0 1 0 1 0 0 1 -0 1 0 0 1 0 0 -1 0 0 -1 0 0 0 -1 0 0 -1 0 0 0 1 0 0 1 0 0 1 0 0 1 0 0 1 0 0 1 0 0 1 0 0 1 0 0 1 0 0 1 0 0 1 0 0 1 0 0 1 0 0 1 0 0 1 0 0 1 0 0 1 0 0 1 0 0 1 0 0 1 0 0 1 0 0 1 0 0 1 0 0 1 0 0 1 0 0 1 0 0 1 0 0 1 0 0 1 0 0 1 0 0 1 0 0 1 0 0 1 0 0 1 0 0 1 0 0 1 0 0 1 0 0 1 0 0 1 0 0 1 0 0 1 0 0 1 0 0 1 0 0 1 0 0 1 0 0 1 0 0 1 0 0 1 0 0 1 0 0 1 0 0 1 0 0 1 0 0 1 0 0 1 0 0 1 0 0 1 0 0 1 0 0 1 0 0 1 0 0 1 0 0 1 0 0 1 0 0 1 0 0 1 0 0 1 0 0 1 0 0 1 0 0 1 0 0 1 0 0 1 0 0 1 0 0 1 0 0 1 0 0 1 0 0 1 0 0 1 0 0 1 0 0 1 0 0 1 0 0 1 0 0 1 0 0 1 0 0 1 0 0 1 0 0 1 0 0 1 0 0 1 0 0 1 0 0 1 0 0 1 0 0 1 0 0 1 0 0 1 0 0 1 0 0 1 0 0 1 0 0 1 0 0 1 0 0 1 0 0 1 0 0 1 0 0 1 0 0 1 0 0 1 0 0 1 0 0 1 0 0 1 0 0 1 0 0 1 0 0 1 0 0 1 0 0 1 0 0 1 0 0 1 0 0 1 0 0 1 0 0 1 0 0 1 0 0 1 0 0 1 0 0 1 0 0 1 0 0 1 0 0 1 0 0 1 0 0 1 0 0 1 0 0 1 0 0 1 0 0 1 0 0 1 0 0 1 0 0 1 0 0 1 0 0 1 0 0 1 0 0 1 0 0 1 0 0 1 0 0 1 0 0 1 0 0 1 0 0 1 0 0 1 0 0 1 0 0 1 0 0 1 0 0 1 0 0 1 0 0 1 0 0 1 0 0 1 0 0 1 0 0 1 0 0 1 0 0 1 0 0 1 0 0 1 0 0 1 0 0 1 0 0 1 0 0 1 0 0 1 0 0 1 0 0 1 0 0 1 0 0 1 0 0 1 0 0 1 0 0 1 0 0 1 0 0 1 0 0 1 0 0 1 0 0 1 0 0 1 0 0 1 0 0 1 0 0 1 0 0 1 0 0 1 0 0 1 0 0 1 0 0 1 0 0 1 0 0 1 0 0 1 0 0 1 0 0 1 0 0 1 0 0 1 0 0 1 0 0 1 0 0 1 0 0 1 0 0 1 0 0 1 0 0 1 0 0 1 0 0 1 0 0 1 0 0 1 0 0 1 0 0 1 0 0 1 0 0 1 0 0 1 0 0 1 0 0 1 0 0 1 0 0 1 0 0 1 0 0 1 0 0 1 0 0 1 0 0 1 0 0 1 0 0 1 0 0 1 0 0 1 0 0 1 0 0 1 0 0 1 0 0 1 0 0 1 0 0 1 0 0 1 0 0 1 0 0 1 0 0 1 0 0 1 0 0 1 0 0 1 0 0 1 0 0 1 0 0 1 0 0 1 0 0 1 0 0 1 0 0 1 0 0 1 0 0 1 0 0 1 0 0 1 0 0 1 0 0 1 0 0 1 0 0 1 0 0 1 0 0 1 0 0 1 0 0 1 0 0 1 0 0 1 0 0 1 0 0 1 0 0 1 0 0 1 0 0 1 0 0 1 0 0 1 0 0 1 0 0 1 0 0 1 0 0 1 0 0 1 0 0 1 0 0 1 0 0 1 0 0 1 0 0 1 0 0 1 0 0 1 0 0 1 0 0 1 0 0 1 0 0 1 0 0 1 0 0 1 0 0 1 0 0 1 0 0 1 0 0 1 0 0 1 0 0 1 0 0 1 0 0 1 0 0 1 0 0 1 0 0 1 0 0 1 0 0 1 0 0 1 0 0 1 0 0 1 0 0 1 0 0 1 0 0 1 0 0 1 0 0 1 0 0 1 0 0 1 0 0 1 0 0 1 0 0 1 0 0 1 0 0 1 0 0 1 0 0 1 0 0 1 0 0 1 0 0 1 0 0 1 0 0 1 0 0 1 0 0 1 0 0 1 0 0 1 0 0 1 0 0 1 0 0 1 0 0 1 0 0 1 0 0 1 0 0 1 0 0 1 0 0 1 0 0 1 0 0 1 0 0 1 0 0 1 0 0 1 0 0 1 0 0 1 0 0 1 0 0 1 0 0 1 0 0 1 0 0 1 0 0 1 0 0 1 0 0 1 0 0 1 0 0 1 0 0 1 0 0 1 0 0 1 0 0 1 0 0 1 0 0 1 0 0 1 0 0 1 0 0 1 0 0 1 0 0 1 0 0 1 0 0 1 0 0 1 0 0 1 0 0 1 0 0 1 0 0 1 0 0 1 0 0 1 0 0 1 0 0 1 0 0 1 0 0 1 0 0 1 0 0 1 0 0 1 0 0 1 0 0 1 0 0 1 0 0 1 0 0 1 0 0 1 0 0 1 0 0 1 0 0 1 0 0 1 0 0 1 0 0 1 0 0 1 0 0 1 0 0 1 0 0 1 0 0 1 0 0 1 0 0 1 0 0 1 0 0 1 0 0 1 0 0 1 0 0 1 0 0 1 0 0 1 0 0 1 0 0 1 0 0 1 0 0 1 0 0 1 0 0 1 0 0 1 0 0 1 0 0 1 0 0 1 0 0 1 0 0 1 0 0 1 0 0 1 0 0 1 0 0 1 0 0 1 0 0 1 0 0 1 0 0 1 0 0 1 0 0 1 0 0 1 0 0 1 0 0 1 0 0 1 0 0 1 0 0 1 0 0 1 0 0 1 0 0 1 0 0 1 0 0 1 0 0 1 0 0 1 0 0 1 0 0 1 0 0 1 0 0 1 0 0 1 0 0 1 0 0 1 0 0 1 0 0 1 0 0 1 0 0 1 0 0 1 0 0 1 0 0 1 0 0 1 0 0 1 0 0 1 0 0 1 0 0 1 0 0 1 0 0 1 0 0 1 0 0 1 0 0 1 0 0 1 0 0 1 0 0 1 0 0 1 0 0 1 0 0 1 0 0 1 0 0 1 0 0 1 0 0 1 0 0 -1 0 0 -1 0 0 -1 0 0 -1 0 0 -1 0 0 -1 0 0 -1 0 0 -1 0 0 -1 0 0 -1 0 0 -1 0 0 -1 0 0 -1 0 0 -1 0 0 -1 0 0 -1 0 0 -1 0 0 -1 0 0 -1 0 0 -1 0 0 -1 0 0 -1 0 0 -1 0 0 -1 0 0 -1 0 0 -1 0 0 -1 0 0 -1 0 0 -1 0 0 -1 0 0 -1 0 0 -1 0 0 -1 0 -0 -1 0 0 -1 0 -0 -1 0 0 -1 0 -0 -1 0 0 -1 0 -0 -1 0 0 -1 0 -0 -1 0 0 -1 0 -0 -1 0 0 -1 0 -0 -1 0 0 -1 0 -0 -1 0 0 -1 0 -0 -1 0 0 -1 0 -0 -1 0 0 -1 0 -0 -1 0 0 -1 0 -0 -1 0 0 -1 0 -0 -1 0 0 -1 0 -0 -1 0 0 -1 0 -0 -1 0 0 -1 0 -0 -1 0 0 -1 0 -0 -1 0 0 -1 0 -0 -1 0 0 -1 0 -0 -1 0 0 -1 0 -0 -1 0 0 -1 0 -0 -1 0 0 -1 0 -0 -1 0 -0 -1 0 -0 -1 0 0 -1 0 0 -1 0 0 -1 0 0 -1 0 0 -1 0 0 -1 0 0 -1 0 0 -1 0 0 -1 0 0 -1 0 0 -1 0 0 -1 0 0 -1 0 0 -1 0 0 -1 0 0 -1 0 0 -1 0 0 -1 0 0 -1 0 0 -1 0 0 -1 0 0 -1 0 0 -1 0 0 -1 0 0 -1 0 0 -1 0 0 -1 0 0 -1 0 0 -1 0 0 -1 0 0 -1 0 0 -1 0 0 -1 0 0 -1 0 0 -1 0 0 -1 0 0 -1 0 -0 -1 0 0 -1 0 -0 -1 0 -0 -1 0 -0 -1 0 -0 -1 0 0 -1 0 -0 -1 0 -0 -1 0 -0 -1 0 0 -1 0 -0 -1 0 0 -1 0 -0 -1 0 0 -1 0 -0 -1 0 0 -1 0 -0 -1 0 0 -1 0 -0 -1 0 0 -1 0 -0 -1 0 0 -1 0 -0 -1 0 0 -1 0 -0 -1 -0 -0 -1 -0 -0 -1 -0 -0 -1 -0 -0 -1 -0 -0 -1 0 -0 -1 -0 -0 -1 -0 -0 -1 0 0 -1 0 0 -1 0 -0 -1 0 0 -1 0 -0 -1 0 0 -1 0 0 -1 0 0 -1 0 -0 -1 0 0 -1 0 0 -1 0 0 -1 0 0 -1 0 0 -1 0 0 -1 0 0 -1 0 0 -1 0 0 -1 0 0 -1 0 0 -1 0 0 -1 0 0 -1 0 0 -1 0 0 -1 0 0 -1 0 0 -1 0 0 -1 0 0 -1 0 0 -1 0 0 -1 0 0 -1 0 0 -1 0 0 -1 0 0 -1 0 0 -1 0 0 -1 0 0 -1 0 0 -1 0 0 -1 0 0 -1 0 0 -1 0 0 -1 0 0 -1 0 0 -1 0 0 -1 0 0 -1 0 0 -1 0 0 -1 0 0 -1 0 0 -1 0 0 -1 0 0 -1 0 0 -1 0 0 -1 0 0 -1 0 0 -1 0 0 -1 0 0 -1 0 0 -1 0 0 -1 0 0 -1 0 0 -1 0 0 -1 0 0 -1 0 0 -1 0 0 -1 0 0 -1 0 -0 -1 0 -0 -1 0 -0 -1 0 -0 -1 0 -0 -1 0 -0 -1 0 -0 -1 0 -0 -1 0 0 -1 0 -0 -1 0 0 -1 0 -0 -1 0 0 -1 0 -0 -1 0 -0 -1 0 -0 -1 0 0 -1 0 0 -1 0 0 -1 0 0 -1 0 0 -1 0 0 -1 0 0 -1 0 0 -1 0 0 -1 0 0 -1 0 0 -1 0 0 -1 0 0 -1 0 0 -1 0 0 -1 0 0 -1 0 0 -1 0 0 -1 0 0 -1 0 0 -1 0 0 -1 0 0 -1 0 0 -1 0 0 -1 0 0 -1 0 0 -1 0 0 -1 0 0 -1 0 0 -1 0 0 -1 0 0 -1 0 0 -1 0 0 -1 0 0 -1 0 0 -1 0 0 -1 0 0 -1 0 0 -1 0 0 -1 0 0 -1 0 0 -1 0 0 -1 0 0 -1 0 0 -1 0 0 -1 0 0 -1 0 0 -1 0 0 -1 0 0 -1 0 0 -1 0 0 -1 0 0 -1 0 0 -1 0 -0 -1 0 0 -1 0 -0 -1 0 0 -1 0 -0 -1 0 0 -1 0 -0 -1 0 0 -1 0 -0 -1 0 0 -1 0 -0 -1 0 -0 -1 0 -0 -1 0 -0 -1 0 0 -1 0 0 -1 0 0 -1 0 0 -1 0 0 -1 0 0 -1 0 -0 -1 0 0 -1 0 -0 -1 0 0 -1 0 -0 -1 0 0 -1 0 -0 -1 0 -0 -1 0 0 -1 0 -0 -1 0 -0 -1 0 -0 -1 0 0 -1 0 -0 -1 0 -0 -1 0 0 -1 0 -0 -1 0 0 -1 0 -0 -1 0 -0 -1 0 -0 -1 0 0 -1 0 -0 -1 0 -0 -1 0 0 -1 0 -0 -1 0 -0 -1 0 0 -1 0 -0 -1 0 0 -1 0 -0 -1 0 -0 -1 0 -0 -1 0 0 -1 0 -0 -1 0 0 -1 0 -0 -1 0 -0 -1 0 0 -1 0 -0 -1 0 0 -1 0 -0 -1 0 -0 -1 0 -0 -1 0 -0 -1 0 0 -1 0 -0 -1 0 0 -1 0 -0 -1 0 -0 -1 0 -0 -1 0 -0 -1 0 -0 -1 0 -0 -1 0 -0 -1 0 -0 -1 0 -0 -1 0 -0 -1 0 -0 -1 0 -0 -1 0 -0 -1 0 -0 -1 0 -0 -1 0 -0 -1 0 -0 -1 0 -0 -1 0 -0 -1 0 0 -1 0 0 -1 0 0 -1 0 0 -1 0 0 -1 0 0 -1 0 0 -1 0 0 -1 0 0 -1 0 0 -1 0 0 -1 0 0 -1 0 0 -1 0 0 -1 0 0 -1 0 0 -1 0 0 -1 0 -0 -1 0 -0 -1 0 0 -1 0 0 -1 0 0 -1 0 0 -1 0 0 -1 0 0 -1 0 0 -1 0 0 -1 0 -0 -1 0 -0 -1 0 -0 -1 0 -0 -1 0 -0 -1 0 -0 -1 0 -0 -1 0 0 -1 0 -0 -1 0 0 -1 0 -0 -1 0 0 -1 0 -0 -1 0 0 -1 0 -0 -1 0 0 -1 0 -0 -1 0 0 -1 0 -0 -1 0 0 -1 0 -0 -1 0 0 -1 0 -0 -1 0 0 -1 0 0 -1 0 -0 -1 0 0 -1 0 -0 -1 0 -0 -1 0 -0 -1 0 0 -1 0 -0 -1 0 0 -1 0 -0 -1 0 -0 -1 0 0 -1 0 -0 -1 0 -0 -1 0 0 -1 0 0 -1 0 -0 -1 0 0 -1 0 0 -1 0 -0 -1 0 0 -1 0 0 -1 0 -0 -1 0 0 -1 0 0 -1 0 -0 -1 0 0 -1 0 0 -1 0 -0 -1 0 0 -1 0 0 -1 0 -0 -1 0 0 -1 0 0 -1 0 -0 -1 0 0 -1 0 0 -1 0 -0 -1 0 0 -1 0 0 -1 0 -0 -1 0 0 -1 0 0 -1 0 -0 -1 0 0 -1 0 0 -1 0 -0 -1 0 0 -1 0 0 -1 0 -0 -1 0 0 -1 0 0 -1 0 -0 -1 0 0 -1 0 0 -1 0 -0 -1 0 0 -1 0 0 -1 0 -0 -1 0 0 -1 0 0 -1 0 -0 -1 0 -0 -1 0 0 -1 0 -0 -1 0 0 -1 0 -0 -1 0 -0 -1 0 -0 -1 0 -0 -1 0 -0 -1 0 0 -1 0 -0 -1 0 0 -1 0 -0 -1 0 0 -1 0 -0 -1 0 0 -1 0 -0 -1 0 0 -1 0 -0 -1 0 0 -1 0 0 -1 0 0 -1 0 0 -1 0 0 -1 0 0 -1 0 0 -1 0 0 -1 0 0 -1 0 0 -1 0 0 -1 0 0 -1 0 0 -1 0 0 -1 0 0 -1 0 0 -1 0 0 -1 0 0 -1 0 0 -1 0 0 -1 0 0 -1 0 0 -1 0 0 -1 0 0 -1 0 0 -1 0 0 -1 0 0 -1 0 0 -1 0 0 -1 0 0 -1 0 0 -1 0 0 -1 0 0 -1 0 0 -1 0 0 -1 0 0 -1 0 0 -1 -0 -0 -1 0 0 -1 0 0 -1 -0 -0 -1 0 0 -1 0 0 -1 -0 -0 -1 -0 -0 -1 -0 -0 -1 0 0 -1 0 0 -1 -0 -0 -1 0 0 -1 -0 -0 -1 -0 -0 -1 0 0 -1 0 0 -1 0 0 -1 0 0 -1 -0 -0 -1 0 0 -1 0 0 -1 -0 -0 -1 0 0 -1 0 0 -1 -0 -0 -1 0 0 -1 0 0 -1 -0 -0 -1 -0 -0 -1 0 0 -1 -0.9995691 0.02935188 0 -0.9961224 0.08797858 0 -0.9995691 0.02935188 0 -0.9892506 0.1462301 0 -0.9961224 0.08797858 0 -0.9789534 0.204084 0 -0.9892506 0.1462301 0 -0.9652885 0.2611862 0 -0.9789534 0.204084 0 -0.9483004 0.3173741 0 -0.9652885 0.2611862 0 -0.9280385 0.3724843 0 -0.9483004 0.3173741 0 -0.9045812 0.4263013 0 -0.9280385 0.3724843 0 -0.8779715 0.4787129 0 -0.9045812 0.4263013 0 -0.8484167 0.5293288 0 -0.8779715 0.4787129 0 -0.8158584 0.5782517 0 -0.8484167 0.5293288 0 -0.7805256 0.6251237 0 -0.8158584 0.5782517 0 -0.7424803 0.6698679 0 -0.7805256 0.6251237 0 -0.701909 0.7122666 0 -0.7424803 0.6698679 0 -0.6588995 0.7522309 0 -0.701909 0.7122666 0 -0.6135728 0.7896382 0 -0.6588995 0.7522309 0 -0.5662012 0.8242671 0 -0.6135728 0.7896382 0 -0.5168543 0.8560734 0 -0.5662012 0.8242671 0 -0.465737 0.8849232 0 -0.5168543 0.8560734 0 -0.4129533 0.9107522 0 -0.465737 0.8849232 0 -0.3588433 0.9333977 0 -0.4129533 0.9107522 0 -0.3588433 0.9333977 0 -0.303415 0.9528585 0 -0.303415 0.9528585 0 -0.2470115 0.9690126 0 -0.2470115 0.9690126 0 -0.1896808 0.9818457 0 -0.1896808 0.9818457 0 -0.1317356 0.9912849 0 -0.1317356 0.9912849 0 -0.07334374 0.9973067 0 -0.07334374 0.9973067 0 -0.0146762 0.9998923 0 -0.0146762 0.9998923 0 0.04402766 0.9990304 0 0.1025836 0.9947244 0 0.04402766 0.9990304 0 0.1607786 0.9869905 0 0.1025836 0.9947244 0 0.2184316 0.9758523 0 0.1607786 0.9869905 0 0.2753268 0.9613507 0 0.2184316 0.9758523 0 0.3312764 0.9435338 0 0.2753268 0.9613507 0 0.3860912 0.9224606 0 0.3312764 0.9435338 0 0.3860912 0.9224606 0 0.4395227 0.8982315 0 0.4395227 0.8982315 -0 0.4914728 0.8708929 0 0.5417926 0.8405123 0 0.4914728 0.8708929 -0 0.5417926 0.8405123 0 0.5901584 0.8072875 0 0.5901584 0.8072875 -0 0.6364932 0.7712823 0 0.6807178 0.7325457 0 0.6364932 0.7712823 -0 0.6807178 0.7325457 0 0.7224908 0.6913806 0 0.7224908 0.6913806 -0 0.7618243 0.6477837 0 0.7985392 0.6019428 0 0.7618243 0.6477837 -0 0.7985392 0.6019428 0 0.8324969 0.5540297 0 0.8324969 0.5540297 -0 0.8635528 0.5042583 0 0.8635528 0.5042583 -0 0.8916817 0.4526629 0 0.8916817 0.4526629 -0 0.9167161 0.3995393 -0 0.9167161 0.3995393 0 0.9385577 0.3451226 0 0.9385577 0.3451226 0 0.9572119 0.2893879 0 0.9572119 0.2893879 0 0.9725348 0.2327571 -0 0.9725348 0.2327571 0 0.9845212 0.1752655 -0 0.9845212 0.1752655 0 0.9931104 0.1171827 -0 0.9931104 0.1171827 0 0.9982799 0.05862793 -0 0.9982799 0.05862793 0 1 0 0 1 -0 0 0.9982799 -0.05862793 0 0.9982799 -0.05862793 0 0.9931104 -0.1171827 0 0.9931104 -0.1171827 0 0.9845212 -0.1752655 0 0.9845212 -0.1752655 0 0.9725348 -0.2327571 0 0.9725348 -0.2327571 0 0.9572119 -0.2893879 0 0.9572119 -0.2893879 0 0.9385577 -0.3451226 0 0.9385577 -0.3451226 0 0.9167161 -0.3995393 0 0.9167161 -0.3995393 0 0.8916817 -0.4526629 0 0.8916817 -0.4526629 0 0.8635528 -0.5042583 0 0.8635528 -0.5042583 0 0.8324969 -0.5540297 0 0.8324969 -0.5540297 0 0.7985392 -0.6019428 0 0.7618243 -0.6477837 0 0.7985392 -0.6019428 0 0.7618243 -0.6477837 0 0.7224908 -0.6913806 0 0.7224908 -0.6913806 0 0.6807178 -0.7325457 0 0.6807178 -0.7325457 0 0.6364932 -0.7712823 0 0.5901584 -0.8072875 0 0.6364932 -0.7712823 0 0.5901584 -0.8072875 0 0.5417926 -0.8405123 0 0.5417926 -0.8405123 0 0.4914728 -0.8708929 0 0.4914728 -0.8708929 0 0.4395227 -0.8982315 0 0.4395227 -0.8982315 0 0.3860912 -0.9224606 0 0.3860912 -0.9224606 0 0.3312764 -0.9435338 0 0.3312764 -0.9435338 0 0.2753268 -0.9613507 0 0.2753268 -0.9613507 0 0.2184316 -0.9758523 0 0.2184316 -0.9758523 0 0.1607786 -0.9869905 0 0.1607786 -0.9869905 0 0.1025836 -0.9947244 0 0.1025836 -0.9947244 0 0.04402766 -0.9990304 0 0.04402766 -0.9990304 0 -0.0146762 -0.9998923 0 -0.0146762 -0.9998923 0 -0.07334374 -0.9973067 -0 -0.07334374 -0.9973067 0 -0.1317356 -0.9912849 -0 -0.1317356 -0.9912849 0 -0.1896808 -0.9818457 0 -0.1896808 -0.9818457 0 -0.2470115 -0.9690126 0 -0.2470115 -0.9690126 0 -0.303415 -0.9528585 -0 -0.303415 -0.9528585 0 -0.3588433 -0.9333977 0 -0.3588433 -0.9333977 0 -0.4129533 -0.9107522 -0 -0.4129533 -0.9107522 0 -0.465737 -0.8849232 -0 -0.465737 -0.8849232 0 -0.5168543 -0.8560734 0 -0.5168543 -0.8560734 0 -0.5662012 -0.8242671 0 -0.5662012 -0.8242671 0 -0.6135728 -0.7896382 -0 -0.6135728 -0.7896382 0 -0.6588995 -0.7522309 0 -0.6588995 -0.7522309 0 -0.701909 -0.7122666 0 -0.701909 -0.7122666 0 -0.7424803 -0.6698679 -0 -0.7424803 -0.6698679 0 -0.7805256 -0.6251237 -0 -0.7805256 -0.6251237 0 -0.8158584 -0.5782517 -0 -0.8158584 -0.5782517 0 -0.8484167 -0.5293288 0 -0.8484167 -0.5293288 0 -0.9045812 -0.4263013 -0 -0.8779715 -0.4787129 0 -0.8779715 -0.4787129 0 -0.9280385 -0.3724843 -0 -0.9045812 -0.4263013 0 -0.9280385 -0.3724843 0 -0.9483004 -0.3173741 0 -0.9483004 -0.3173741 0 -0.9652885 -0.2611862 0 -0.9789534 -0.204084 -0 -0.9652885 -0.2611862 0 -0.9892506 -0.1462301 -0 -0.9789534 -0.204084 0 -0.9892506 -0.1462301 0 -0.9961224 -0.08797858 0 -0.9961224 -0.08797858 0 -0.9995691 -0.02935188 0 -0.9995691 -0.02935188 0 -0.9995691 0.02935188 0 -0.9961291 0.08790274 0 -0.9995691 0.02935188 0 -0.9892396 0.1463049 0 -0.9961291 0.08790274 0 -0.9789534 0.204084 0 -0.9892396 0.1463049 0 -0.9652692 0.2612575 0 -0.9789534 0.204084 0 -0.9483004 0.3173741 0 -0.9652692 0.2612575 0 -0.9280649 0.3724184 0 -0.9483004 0.3173741 0 -0.9045518 0.4263639 0 -0.9280649 0.3724184 0 -0.8780037 0.478654 0 -0.9045518 0.4263639 0 -0.8483824 0.5293839 0 -0.8780037 0.478654 0 -0.8158945 0.5782008 0 -0.8483824 0.5293839 0 -0.7805256 0.6251237 0 -0.8158945 0.5782008 0 -0.7424803 0.6698679 0 -0.7805256 0.6251237 0 -0.701909 0.7122666 0 -0.7424803 0.6698679 0 -0.6588617 0.7522641 0 -0.701909 0.7122666 0 -0.6136098 0.7896094 0 -0.6588617 0.7522641 0 -0.5661654 0.8242916 0 -0.6136098 0.7896094 0 -0.5169219 0.8560326 0 -0.5661654 0.8242916 0 -0.4657055 0.8849398 0 -0.5169219 0.8560326 0 -0.4129821 0.9107392 0 -0.4657055 0.8849398 0 -0.3588177 0.9334077 0 -0.4129821 0.9107392 0 -0.3588177 0.9334077 0 -0.303415 0.9528585 0 -0.303415 0.9528585 0 -0.2469932 0.9690173 0 -0.2469932 0.9690173 0 -0.1896951 0.9818431 0 -0.1896951 0.9818431 0 -0.1317456 0.9912836 0 -0.1317456 0.9912836 0 -0.07333815 0.9973071 0 -0.07333815 0.9973071 0 -0.01467507 0.9998923 0 -0.01467507 0.9998923 0 0.04402766 0.9990304 0 0.1025914 0.9947236 0 0.04402766 0.9990304 0 0.1607908 0.9869885 0 0.1025914 0.9947236 0 0.218399 0.9758595 0 0.1607908 0.9869885 0 0.2753471 0.961345 0 0.218399 0.9758595 0 0.3312764 0.9435338 0 0.2753471 0.961345 0 0.3860912 0.9224606 0 0.3312764 0.9435338 0 0.3860912 0.9224606 0 0.4394925 0.8982463 0 0.4394925 0.8982463 -0 0.4915383 0.870856 0 0.541723 0.8405572 0 0.4915383 0.870856 -0 0.541723 0.8405572 0 0.5901948 0.8072609 0 0.5901948 0.8072609 -0 0.6365308 0.7712513 0 0.6806797 0.7325811 0 0.6365308 0.7712513 -0 0.6806797 0.7325811 0 0.7224526 0.6914205 0 0.7224526 0.6914205 -0 0.761862 0.6477394 0 0.798576 0.6018941 0 0.761862 0.6477394 -0 0.798576 0.6018941 0 0.8324264 0.5541356 0 0.8324264 0.5541356 -0 0.8635862 0.5042013 0 0.8635862 0.5042013 -0 0.8916817 0.4526629 0 0.8916817 0.4526629 -0 0.9166881 0.3996035 -0 0.9166881 0.3996035 0 0.9385824 0.3450553 0 0.9385824 0.3450553 0 0.9572119 0.2893879 0 0.9572119 0.2893879 0 0.9725175 0.2328294 -0 0.9725175 0.2328294 0 0.9845344 0.1751914 -0 0.9845344 0.1751914 0 0.9931193 0.1171074 -0 0.9931193 0.1171074 0 0.9982755 0.0587041 -0 0.9982755 0.0587041 0 1 0 0 1 -0 0 0.9982755 -0.0587041 0 0.9982755 -0.0587041 0 0.9931193 -0.1171074 0 0.9931193 -0.1171074 0 0.9845344 -0.1751914 0 0.9845344 -0.1751914 0 0.9725175 -0.2328294 0 0.9725175 -0.2328294 0 0.9572119 -0.2893879 0 0.9572119 -0.2893879 0 0.9385824 -0.3450553 0 0.9385824 -0.3450553 0 0.9166881 -0.3996035 0 0.9166881 -0.3996035 0 0.8916817 -0.4526629 0 0.8916817 -0.4526629 0 0.8635862 -0.5042013 0 0.8635862 -0.5042013 0 0.8324264 -0.5541356 0 0.8324264 -0.5541356 0 0.798576 -0.6018941 0 0.761862 -0.6477394 0 0.798576 -0.6018941 0 0.761862 -0.6477394 0 0.7224526 -0.6914205 0 0.7224526 -0.6914205 0 0.6806797 -0.7325811 0 0.6806797 -0.7325811 0 0.6365308 -0.7712513 0 0.5901948 -0.8072609 0 0.6365308 -0.7712513 0 0.5901948 -0.8072609 0 0.541723 -0.8405572 0 0.541723 -0.8405572 0 0.4915383 -0.870856 0 0.4915383 -0.870856 0 0.4394925 -0.8982463 0 0.4394925 -0.8982463 0 0.3860912 -0.9224606 0 0.3860912 -0.9224606 0 0.3312764 -0.9435338 0 0.3312764 -0.9435338 0 0.2753471 -0.961345 0 0.2753471 -0.961345 0 0.218399 -0.9758595 0 0.218399 -0.9758595 0 0.1607908 -0.9869885 0 0.1607908 -0.9869885 0 0.1025914 -0.9947236 0 0.1025914 -0.9947236 0 0.04402766 -0.9990304 0 0.04402766 -0.9990304 0 -0.01467507 -0.9998923 0 -0.01467507 -0.9998923 0 -0.07333815 -0.9973071 -0 -0.07333815 -0.9973071 0 -0.1317456 -0.9912836 -0 -0.1317456 -0.9912836 0 -0.1896951 -0.9818431 0 -0.1896951 -0.9818431 0 -0.2469932 -0.9690173 0 -0.2469932 -0.9690173 0 -0.303415 -0.9528585 -0 -0.303415 -0.9528585 0 -0.3588177 -0.9334077 0 -0.3588177 -0.9334077 0 -0.4129821 -0.9107392 -0 -0.4129821 -0.9107392 0 -0.4657055 -0.8849398 -0 -0.4657055 -0.8849398 0 -0.5169219 -0.8560326 0 -0.5169219 -0.8560326 0 -0.5661654 -0.8242916 0 -0.5661654 -0.8242916 0 -0.6136098 -0.7896094 -0 -0.6136098 -0.7896094 0 -0.6588617 -0.7522641 0 -0.6588617 -0.7522641 0 -0.701909 -0.7122666 0 -0.701909 -0.7122666 0 -0.7424803 -0.6698679 -0 -0.7424803 -0.6698679 0 -0.7805256 -0.6251237 -0 -0.7805256 -0.6251237 0 -0.8158945 -0.5782008 -0 -0.8158945 -0.5782008 0 -0.8483824 -0.5293839 0 -0.8483824 -0.5293839 0 -0.9045518 -0.4263639 -0 -0.8780037 -0.478654 0 -0.8780037 -0.478654 0 -0.9280649 -0.3724184 -0 -0.9045518 -0.4263639 0 -0.9280649 -0.3724184 0 -0.9483004 -0.3173741 0 -0.9483004 -0.3173741 0 -0.9652692 -0.2612575 0 -0.9789534 -0.204084 -0 -0.9652692 -0.2612575 0 -0.9892396 -0.1463049 -0 -0.9789534 -0.204084 0 -0.9892396 -0.1463049 0 -0.9961291 -0.08790274 0 -0.9961291 -0.08790274 0 -0.9995691 -0.02935188 0 -0.9995691 -0.02935188 0 -0.9995691 0.02935188 0 -0.9961222 0.08798025 0 -0.9995691 0.02935188 0 -0.989251 0.1462273 0 -0.9961222 0.08798025 0 -0.9789526 0.2040878 0 -0.989251 0.1462273 0 -0.9652885 0.2611862 0 -0.9789526 0.2040878 0 -0.9483024 0.3173684 0 -0.9652885 0.2611862 0 -0.9280385 0.3724843 0 -0.9483024 0.3173684 0 -0.9045847 0.4262939 0 -0.9280385 0.3724843 0 -0.8779715 0.4787129 0 -0.9045847 0.4262939 0 -0.848406 0.529346 0 -0.8779715 0.4787129 0 -0.8158648 0.5782427 0 -0.848406 0.529346 0 -0.7805331 0.6251144 0 -0.8158648 0.5782427 0 -0.7424631 0.6698869 0 -0.7805331 0.6251144 0 -0.7019187 0.712257 0 -0.7424631 0.6698869 0 -0.6588888 0.7522404 0 -0.7019187 0.712257 0 -0.6135728 0.7896382 0 -0.6588888 0.7522404 0 -0.5662271 0.8242493 0 -0.6135728 0.7896382 0 -0.5168403 0.8560818 0 -0.5662271 0.8242493 0 -0.465722 0.8849311 0 -0.5168403 0.8560818 0 -0.412985 0.9107378 0 -0.465722 0.8849311 0 -0.3588267 0.9334041 0 -0.412985 0.9107378 0 -0.3588267 0.9334041 0 -0.3034324 0.952853 0 -0.3034324 0.952853 0 -0.2469756 0.9690217 0 -0.2469756 0.9690217 0 -0.1896993 0.9818422 0 -0.1896993 0.9818422 0 -0.1317356 0.9912849 0 -0.1317356 0.9912849 0 -0.07332473 0.9973081 0 -0.07332473 0.9973081 0 -0.0146953 0.999892 0 -0.0146953 0.999892 0 0.04402766 0.9990304 0 0.1025836 0.9947244 0 0.04402766 0.9990304 0 0.1607786 0.9869905 0 0.1025836 0.9947244 0 0.2184498 0.9758482 0 0.1607786 0.9869905 0 0.2753091 0.9613557 0 0.2184498 0.9758482 0 0.3312764 0.9435338 0 0.2753091 0.9613557 0 0.3860749 0.9224674 0 0.3312764 0.9435338 0 0.3860749 0.9224674 0 0.4395381 0.8982239 0 0.4395381 0.8982239 -0 0.4914873 0.8708847 0 0.5417655 0.8405296 0 0.4914873 0.8708847 -0 0.5417655 0.8405296 0 0.5901709 0.8072783 0 0.5901709 0.8072783 -0 0.6364932 0.7712823 0 0.6807178 0.7325457 0 0.6364932 0.7712823 -0 0.6807178 0.7325457 0 0.7224999 0.691371 0 0.7224999 0.691371 -0 0.7618163 0.6477932 0 0.7985323 0.601952 0 0.7618163 0.6477932 -0 0.7985323 0.601952 0 0.8325028 0.5540209 0 0.8325028 0.5540209 -0 0.8635528 0.5042583 0 0.8635528 0.5042583 -0 0.8916817 0.4526629 0 0.8916817 0.4526629 -0 0.916713 0.3995463 -0 0.916713 0.3995463 0 0.9385622 0.3451102 0 0.9385622 0.3451102 0 0.9572088 0.2893985 0 0.9572088 0.2893985 0 0.9725369 0.2327484 -0 0.9725369 0.2327484 0 0.98452 0.1752721 -0 0.98452 0.1752721 0 0.9931109 0.1171783 -0 0.9931109 0.1171783 0 0.9982799 0.05862793 -0 0.9982799 0.05862793 0 1 0 0 1 -0 0 0.9982799 -0.05862793 0 0.9982799 -0.05862793 0 0.9931109 -0.1171783 0 0.9931109 -0.1171783 0 0.98452 -0.1752721 0 0.98452 -0.1752721 0 0.972536 -0.2327528 0 0.972536 -0.2327528 0 0.9572104 -0.2893932 0 0.9572104 -0.2893932 0 0.9385622 -0.3451102 0 0.9385622 -0.3451102 0 0.916713 -0.3995463 0 0.916713 -0.3995463 0 0.8916778 -0.4526706 0 0.8916778 -0.4526706 0 0.8635578 -0.50425 0 0.8635578 -0.50425 0 0.8324969 -0.5540297 0 0.8324969 -0.5540297 0 0.7985392 -0.6019428 0 0.7618163 -0.6477932 0 0.7985392 -0.6019428 0 0.7618163 -0.6477932 0 0.7224999 -0.691371 0 0.7224999 -0.691371 0 0.6807178 -0.7325457 0 0.6807178 -0.7325457 0 0.6364819 -0.7712917 0 0.5901709 -0.8072783 0 0.6364819 -0.7712917 0 0.5901709 -0.8072783 0 0.541779 -0.8405209 0 0.541779 -0.8405209 0 0.4914728 -0.8708929 0 0.4914728 -0.8708929 0 0.4395535 -0.8982164 0 0.4395535 -0.8982164 0 0.3860749 -0.9224674 0 0.3860749 -0.9224674 0 0.3312593 -0.9435398 0 0.3312593 -0.9435398 0 0.2753268 -0.9613507 0 0.2753268 -0.9613507 0 0.2184498 -0.9758482 0 0.2184498 -0.9758482 0 0.16076 -0.9869935 0 0.16076 -0.9869935 0 0.1026025 -0.9947225 0 0.1026025 -0.9947225 0 0.04400858 -0.9990312 0 0.04400858 -0.9990312 0 -0.0146762 -0.9998923 0 -0.0146762 -0.9998923 0 -0.07332473 -0.9973081 -0 -0.07332473 -0.9973081 0 -0.1317356 -0.9912849 -0 -0.1317356 -0.9912849 0 -0.1896993 -0.9818422 0 -0.1896993 -0.9818422 0 -0.2469756 -0.9690217 0 -0.2469756 -0.9690217 0 -0.3034324 -0.952853 -0 -0.3034324 -0.952853 0 -0.3588267 -0.9334041 0 -0.3588267 -0.9334041 0 -0.412985 -0.9107378 -0 -0.412985 -0.9107378 0 -0.465722 -0.8849311 -0 -0.465722 -0.8849311 0 -0.5168403 -0.8560818 0 -0.5168403 -0.8560818 0 -0.5662271 -0.8242493 0 -0.5662271 -0.8242493 0 -0.6135728 -0.7896382 -0 -0.6135728 -0.7896382 0 -0.6588995 -0.7522309 0 -0.6588995 -0.7522309 0 -0.701909 -0.7122666 0 -0.701909 -0.7122666 0 -0.7424717 -0.6698774 -0 -0.7424717 -0.6698774 0 -0.7805331 -0.6251144 -0 -0.7805331 -0.6251144 0 -0.8158584 -0.5782517 -0 -0.8158584 -0.5782517 0 -0.8484114 -0.5293375 0 -0.8484114 -0.5293375 0 -0.9045847 -0.4262939 -0 -0.8779671 -0.4787209 0 -0.8779671 -0.4787209 0 -0.9280385 -0.3724843 -0 -0.9045847 -0.4262939 0 -0.9280385 -0.3724843 0 -0.9483024 -0.3173684 0 -0.9483024 -0.3173684 0 -0.9652885 -0.2611862 0 -0.9789526 -0.2040878 -0 -0.9652885 -0.2611862 0 -0.989251 -0.1462273 -0 -0.9789526 -0.2040878 0 -0.989251 -0.1462273 0 -0.9961222 -0.08798025 0 -0.9961222 -0.08798025 0 -0.9995691 -0.02935188 0 -0.9995691 -0.02935188 0 -0.9995691 0.02935188 0 -0.996129 0.08790441 0 -0.9995691 0.02935188 0 -0.9892399 0.1463021 0 -0.996129 0.08790441 0 -0.9789526 0.2040878 0 -0.9892399 0.1463021 0 -0.9652692 0.2612575 0 -0.9789526 0.2040878 0 -0.9483024 0.3173684 0 -0.9652692 0.2612575 0 -0.9280649 0.3724184 0 -0.9483024 0.3173684 0 -0.9045552 0.4263565 0 -0.9280649 0.3724184 0 -0.8780037 0.478654 0 -0.9045552 0.4263565 0 -0.8483717 0.5294011 0 -0.8780037 0.478654 0 -0.8159009 0.5781918 0 -0.8483717 0.5294011 0 -0.7805331 0.6251144 0 -0.8159009 0.5781918 0 -0.7424631 0.6698869 0 -0.7805331 0.6251144 0 -0.7019187 0.712257 0 -0.7424631 0.6698869 0 -0.6588508 0.7522736 0 -0.7019187 0.712257 0 -0.6136098 0.7896094 0 -0.6588508 0.7522736 0 -0.5661914 0.8242738 0 -0.6136098 0.7896094 0 -0.5169079 0.856041 0 -0.5661914 0.8242738 0 -0.4656905 0.8849477 0 -0.5169079 0.856041 0 -0.4130138 0.9107248 0 -0.4656905 0.8849477 0 -0.3588011 0.933414 0 -0.4130138 0.9107248 0 -0.3588011 0.933414 0 -0.3034324 0.952853 0 -0.3034324 0.952853 0 -0.2469573 0.9690264 0 -0.2469573 0.9690264 0 -0.1897135 0.9818395 0 -0.1897135 0.9818395 0 -0.1317456 0.9912836 0 -0.1317456 0.9912836 0 -0.07331914 0.9973086 0 -0.07331914 0.9973086 0 -0.01469418 0.9998921 0 -0.01469418 0.9998921 0 0.04402766 0.9990304 0 0.1025914 0.9947236 0 0.04402766 0.9990304 0 0.1607908 0.9869885 0 0.1025914 0.9947236 0 0.2184172 0.9758555 0 0.1607908 0.9869885 0 0.2753294 0.96135 0 0.2184172 0.9758555 0 0.3312764 0.9435338 0 0.2753294 0.96135 0 0.3860749 0.9224674 0 0.3312764 0.9435338 0 0.3860749 0.9224674 0 0.4395079 0.8982387 0 0.4395079 0.8982387 -0 0.4915528 0.8708478 0 0.541696 0.8405745 0 0.4915528 0.8708478 -0 0.541696 0.8405745 0 0.5902073 0.8072518 0 0.5902073 0.8072518 -0 0.6365308 0.7712513 0 0.6806797 0.7325811 0 0.6365308 0.7712513 -0 0.6806797 0.7325811 0 0.7224618 0.691411 0 0.7224618 0.691411 -0 0.761854 0.6477488 0 0.798569 0.6019033 0 0.761854 0.6477488 -0 0.798569 0.6019033 0 0.8324323 0.5541268 0 0.8324323 0.5541268 -0 0.8635862 0.5042013 0 0.8635862 0.5042013 -0 0.8916817 0.4526629 0 0.8916817 0.4526629 -0 0.916685 0.3996105 -0 0.916685 0.3996105 0 0.9385869 0.3450429 0 0.9385869 0.3450429 0 0.9572088 0.2893985 0 0.9572088 0.2893985 0 0.9725196 0.2328207 -0 0.9725196 0.2328207 0 0.9845332 0.175198 -0 0.9845332 0.175198 0 0.9931198 0.1171029 -0 0.9931198 0.1171029 0 0.9982755 0.0587041 -0 0.9982755 0.0587041 0 1 0 0 1 -0 0 0.9982755 -0.0587041 0 0.9982755 -0.0587041 0 0.9931198 -0.1171029 0 0.9931198 -0.1171029 0 0.9845332 -0.175198 0 0.9845332 -0.175198 0 0.9725187 -0.2328251 0 0.9725187 -0.2328251 0 0.9572104 -0.2893932 0 0.9572104 -0.2893932 0 0.9385869 -0.3450429 0 0.9385869 -0.3450429 0 0.916685 -0.3996105 0 0.916685 -0.3996105 0 0.8916778 -0.4526706 0 0.8916778 -0.4526706 0 0.863591 -0.504193 0 0.863591 -0.504193 0 0.8324264 -0.5541356 0 0.8324264 -0.5541356 0 0.798576 -0.6018941 0 0.761854 -0.6477488 0 0.798576 -0.6018941 0 0.761854 -0.6477488 0 0.7224618 -0.691411 0 0.7224618 -0.691411 0 0.6806797 -0.7325811 0 0.6806797 -0.7325811 0 0.6365194 -0.7712607 0 0.5902073 -0.8072518 0 0.6365194 -0.7712607 0 0.5902073 -0.8072518 0 0.5417095 -0.8405659 0 0.5417095 -0.8405659 0 0.4915383 -0.870856 0 0.4915383 -0.870856 0 0.4395233 -0.8982311 0 0.4395233 -0.8982311 0 0.3860749 -0.9224674 0 0.3860749 -0.9224674 0 0.3312593 -0.9435398 0 0.3312593 -0.9435398 0 0.2753471 -0.961345 0 0.2753471 -0.961345 0 0.2184172 -0.9758555 0 0.2184172 -0.9758555 0 0.1607721 -0.9869916 0 0.1607721 -0.9869916 0 0.1026103 -0.9947216 0 0.1026103 -0.9947216 0 0.04400858 -0.9990312 0 0.04400858 -0.9990312 0 -0.01467507 -0.9998923 0 -0.01467507 -0.9998923 0 -0.07331914 -0.9973086 -0 -0.07331914 -0.9973086 0 -0.1317456 -0.9912836 -0 -0.1317456 -0.9912836 0 -0.1897135 -0.9818395 0 -0.1897135 -0.9818395 0 -0.2469573 -0.9690264 0 -0.2469573 -0.9690264 0 -0.3034324 -0.952853 -0 -0.3034324 -0.952853 0 -0.3588011 -0.933414 0 -0.3588011 -0.933414 0 -0.4130138 -0.9107248 -0 -0.4130138 -0.9107248 0 -0.4656905 -0.8849477 -0 -0.4656905 -0.8849477 0 -0.5169079 -0.856041 0 -0.5169079 -0.856041 0 -0.5661914 -0.8242738 0 -0.5661914 -0.8242738 0 -0.6136098 -0.7896094 -0 -0.6136098 -0.7896094 0 -0.6588617 -0.7522641 0 -0.6588617 -0.7522641 0 -0.701909 -0.7122666 0 -0.701909 -0.7122666 0 -0.7424717 -0.6698774 -0 -0.7424717 -0.6698774 0 -0.7805331 -0.6251144 -0 -0.7805331 -0.6251144 0 -0.8158945 -0.5782008 -0 -0.8158945 -0.5782008 0 -0.848377 -0.5293925 0 -0.848377 -0.5293925 0 -0.9045552 -0.4263565 -0 -0.8779993 -0.478662 0 -0.8779993 -0.478662 0 -0.9280649 -0.3724184 -0 -0.9045552 -0.4263565 0 -0.9280649 -0.3724184 0 -0.9483024 -0.3173684 0 -0.9483024 -0.3173684 0 -0.9652692 -0.2612575 0 -0.9789526 -0.2040878 -0 -0.9652692 -0.2612575 0 -0.9892399 -0.1463021 -0 -0.9789526 -0.2040878 0 -0.9892399 -0.1463021 0 -0.996129 -0.08790441 0 -0.996129 -0.08790441 0 -0.9995691 -0.02935188 0 -0.9995691 -0.02935188 0</float_array>
          <technique_common>
            <accessor count="4984" source="#cubenormals-array0-array" stride="3">
              <param type="float" name="X"/>
              <param type="float" name="Y"/>
              <param type="float" name="Z"/>
            </accessor>
          </technique_common>
        </source>
        <vertices id="cubeverts-array0-vertices">
          <input semantic="POSITION" source="#cubeverts-array0"/>
        </vertices>
        <triangles count="4984" material="ref_LCD_Cover001_shape002">
          <input offset="0" semantic="VERTEX" source="#cubeverts-array0-vertices"/>
          <input offset="1" semantic="NORMAL" source="#cubenormals-array0"/>
          <p>0 0 1 0 2 0 0 1 2 1 3 1 0 2 3 2 4 2 0 3 4 3 5 3 0 4 5 4 6 4 0 5 6 5 7 5 0 6 7 6 8 6 0 7 8 7 9 7 0 8 9 8 10 8 0 9 10 9 11 9 0 10 11 10 12 10 0 11 12 11 13 11 0 12 13 12 14 12 0 13 14 13 15 13 0 14 15 14 16 14 0 15 16 15 17 15 18 16 1 16 0 16 19 17 0 17 17 17 20 18 1 18 18 18 21 19 19 19 17 19 22 20 1 20 20 20 23 21 21 21 17 21 24 22 1 22 22 22 25 23 23 23 17 23 26 24 1 24 24 24 27 25 25 25 17 25 28 26 1 26 26 26 29 27 27 27 17 27 30 28 1 28 28 28 31 29 29 29 17 29 32 30 1 30 30 30 33 31 31 31 17 31 34 32 1 32 32 32 35 33 33 33 17 33 36 34 1 34 34 34 37 35 35 35 17 35 38 36 1 36 36 36 39 37 37 37 17 37 40 38 1 38 38 38 41 39 39 39 17 39 42 40 1 40 40 40 43 41 41 41 17 41 44 42 1 42 42 42 45 43 43 43 17 43 46 44 1 44 44 44 47 45 45 45 17 45 48 46 1 46 46 46 49 47 47 47 17 47 50 48 1 48 48 48 51 49 49 49 17 49 52 50 1 50 50 50 53 51 51 51 17 51 54 52 1 52 52 52 55 53 53 53 17 53 56 54 57 54 58 54 56 55 59 55 57 55 56 56 60 56 59 56 56 57 61 57 60 57 56 58 62 58 61 58 56 59 63 59 62 59 56 60 64 60 63 60 56 61 65 61 64 61 56 62 66 62 65 62 56 63 67 63 66 63 56 64 68 64 67 64 56 65 69 65 68 65 56 66 70 66 69 66 56 67 71 67 70 67 56 68 72 68 71 68 56 69 73 69 72 69 56 70 74 70 73 70 56 71 75 71 74 71 56 72 76 72 75 72 56 73 77 73 76 73 56 74 78 74 77 74 56 75 79 75 78 75 56 76 80 76 79 76 56 77 81 77 80 77 56 78 82 78 81 78 56 79 83 79 82 79 56 80 84 80 83 80 56 81 54 81 84 81 56 82 1 82 54 82 56 83 85 83 86 83 56 84 87 84 85 84 56 85 88 85 87 85 56 86 89 86 88 86 56 87 90 87 89 87 56 88 91 88 90 88 56 89 92 89 91 89 56 90 93 90 92 90 56 91 94 91 93 91 56 92 95 92 94 92 56 93 96 93 95 93 56 94 97 94 96 94 56 95 98 95 97 95 56 96 99 96 98 96 56 97 58 97 99 97 100 98 101 98 102 98 103 99 101 99 100 99 103 100 104 100 101 100 105 101 100 101 102 101 106 102 104 102 103 102 106 103 107 103 104 103 108 104 105 104 102 104 108 105 109 105 110 105 108 106 102 106 109 106 111 107 107 107 106 107 111 108 112 108 107 108 113 109 108 109 110 109 114 110 115 110 112 110 114 111 112 111 111 111 116 112 113 112 110 112 116 113 117 113 118 113 116 114 110 114 117 114 119 115 115 115 114 115 119 116 120 116 115 116 121 117 118 117 122 117 121 118 116 118 118 118 123 119 120 119 119 119 123 120 124 120 120 120 125 121 121 121 122 121 126 122 124 122 123 122 126 123 127 123 124 123 128 124 122 124 129 124 128 125 125 125 122 125 130 126 127 126 126 126 130 127 131 127 127 127 132 128 133 128 134 128 132 129 129 129 133 129 132 130 128 130 129 130 135 131 131 131 130 131 135 132 136 132 131 132 137 133 134 133 138 133 137 134 132 134 134 134 139 135 136 135 135 135 139 136 140 136 136 136 141 137 137 137 138 137 142 138 140 138 139 138 142 139 143 139 140 139 144 140 145 140 55 140 144 141 138 141 145 141 144 142 141 142 138 142 146 143 143 143 142 143 146 144 147 144 143 144 148 145 144 145 55 145 148 146 55 146 17 146 149 147 147 147 146 147 149 148 150 148 147 148 151 149 150 149 149 149 151 150 152 150 150 150 153 151 152 151 151 151 153 152 154 152 152 152 153 153 155 153 154 153 156 154 155 154 153 154 157 155 155 155 156 155 157 156 158 156 155 156 159 157 158 157 157 157 159 158 160 158 158 158 161 159 162 159 160 159 161 160 160 160 159 160 163 161 162 161 161 161 163 162 164 162 162 162 165 163 164 163 163 163 165 164 166 164 164 164 165 165 167 165 166 165 168 166 167 166 165 166 169 167 170 167 167 167 169 168 171 168 170 168 169 169 167 169 168 169 172 170 171 170 169 170 173 171 171 171 172 171 173 172 174 172 171 172 175 173 174 173 173 173 175 174 176 174 174 174 177 175 176 175 175 175 177 176 178 176 176 176 179 177 148 177 17 177 179 178 180 178 148 178 179 179 181 179 180 179 179 180 182 180 181 180 179 181 183 181 182 181 179 182 184 182 183 182 179 183 185 183 184 183 179 184 186 184 185 184 179 185 187 185 186 185 179 186 188 186 187 186 179 187 189 187 188 187 179 188 190 188 189 188 179 189 191 189 190 189 179 190 192 190 191 190 179 191 193 191 192 191 194 192 193 192 179 192 195 193 178 193 177 193 195 194 196 194 178 194 197 195 194 195 179 195 198 196 196 196 195 196 198 197 199 197 196 197 200 198 197 198 179 198 201 199 200 199 179 199 202 200 179 200 203 200 202 201 203 201 204 201 202 202 204 202 205 202 202 203 205 203 206 203 202 204 206 204 207 204 202 205 207 205 208 205 202 206 208 206 209 206 202 207 201 207 179 207 210 208 202 208 209 208 211 209 202 209 210 209 212 210 202 210 211 210 213 211 202 211 212 211 214 212 202 212 213 212 215 213 202 213 214 213 216 214 202 214 215 214 217 215 202 215 216 215 218 216 219 216 202 216 218 217 220 217 219 217 218 218 221 218 220 218 218 219 222 219 221 219 218 220 202 220 217 220 223 221 222 221 218 221 224 222 223 222 218 222 225 223 224 223 218 223 226 224 225 224 218 224 227 225 226 225 218 225 228 226 227 226 218 226 229 227 228 227 218 227 230 228 229 228 218 228 231 229 230 229 218 229 232 230 231 230 218 230 233 231 232 231 218 231 234 232 233 232 218 232 235 233 234 233 218 233 236 234 235 234 218 234 237 235 236 235 218 235 238 236 237 236 218 236 239 237 240 237 241 237 239 238 242 238 240 238 239 239 243 239 242 239 239 240 244 240 243 240 239 241 245 241 244 241 239 242 246 242 245 242 239 243 247 243 246 243 239 244 248 244 247 244 239 245 56 245 86 245 239 246 249 246 248 246 239 247 250 247 249 247 239 248 251 248 250 248 239 249 252 249 251 249 239 250 253 250 252 250 239 251 254 251 253 251 239 252 255 252 254 252 239 253 256 253 255 253 239 254 257 254 256 254 239 255 258 255 257 255 239 256 259 256 258 256 239 257 260 257 259 257 239 258 261 258 260 258 239 259 262 259 261 259 239 260 263 260 262 260 239 261 264 261 263 261 239 262 265 262 264 262 239 263 266 263 265 263 239 264 267 264 266 264 239 265 268 265 267 265 239 266 269 266 268 266 239 267 270 267 269 267 239 268 271 268 270 268 239 269 272 269 271 269 239 270 273 270 272 270 239 271 274 271 273 271 239 272 275 272 274 272 239 273 276 273 275 273 239 274 277 274 276 274 239 275 278 275 277 275 239 276 279 276 278 276 239 277 280 277 279 277 239 278 281 278 280 278 239 279 282 279 281 279 239 280 198 280 282 280 239 281 283 281 199 281 239 282 284 282 283 282 239 283 285 283 284 283 239 284 86 284 285 284 239 285 199 285 198 285 239 286 241 286 286 286 287 287 288 287 289 287 290 288 289 288 288 288 291 289 288 289 287 289 292 290 290 290 288 290 293 291 288 291 291 291 294 292 292 292 288 292 295 293 288 293 293 293 296 294 294 294 288 294 297 295 288 295 295 295 298 296 296 296 288 296 299 297 288 297 297 297 300 298 298 298 288 298 301 299 288 299 299 299 302 300 300 300 288 300 303 301 288 301 301 301 304 302 302 302 288 302 305 303 288 303 303 303 306 304 304 304 288 304 307 305 288 305 305 305 308 306 306 306 288 306 309 307 288 307 307 307 310 308 308 308 288 308 311 309 288 309 309 309 312 310 310 310 288 310 313 311 288 311 311 311 314 312 312 312 288 312 315 313 288 313 313 313 316 314 314 314 288 314 317 315 316 315 288 315 318 316 317 316 288 316 319 317 318 317 288 317 320 318 319 318 288 318 321 319 320 319 288 319 322 320 321 320 288 320 323 321 324 321 325 321 323 322 326 322 324 322 323 323 327 323 326 323 323 324 328 324 327 324 323 325 329 325 328 325 323 326 330 326 329 326 323 327 331 327 330 327 323 328 332 328 331 328 323 329 333 329 332 329 323 330 334 330 333 330 323 331 335 331 334 331 323 332 288 332 315 332 323 333 336 333 335 333 323 334 315 334 336 334 337 335 323 335 325 335 338 336 323 336 337 336 339 337 323 337 338 337 340 338 323 338 339 338 341 339 342 339 343 339 341 340 343 340 344 340 341 341 344 341 345 341 341 342 345 342 346 342 341 343 346 343 347 343 341 344 347 344 348 344 341 345 348 345 349 345 341 346 349 346 323 346 341 347 323 347 340 347 350 348 342 348 341 348 351 349 350 349 341 349 352 350 351 350 341 350 353 351 352 351 341 351 354 352 353 352 341 352 355 353 354 353 341 353 356 354 355 354 341 354 357 355 356 355 341 355 357 356 358 356 359 356 357 357 360 357 358 357 357 358 361 358 360 358 357 359 341 359 361 359 362 360 357 360 359 360 363 361 357 361 362 361 364 362 357 362 363 362 365 363 357 363 364 363 366 364 357 364 365 364 367 365 357 365 366 365 368 366 357 366 367 366 369 367 357 367 368 367 370 368 357 368 369 368 371 369 357 369 370 369 372 370 357 370 371 370 373 371 357 371 372 371 374 372 357 372 373 372 375 373 357 373 374 373 376 374 357 374 375 374 377 375 378 375 379 375 380 376 378 376 377 376 380 377 381 377 378 377 380 378 382 378 381 378 383 379 377 379 379 379 383 380 379 380 384 380 385 381 382 381 380 381 386 382 383 382 384 382 386 383 384 383 387 383 388 384 389 384 382 384 388 385 390 385 389 385 388 386 382 386 385 386 391 387 386 387 387 387 392 388 390 388 388 388 393 389 387 389 394 389 393 390 391 390 387 390 395 391 396 391 390 391 395 392 390 392 392 392 397 393 394 393 398 393 397 394 393 394 394 394 399 395 400 395 396 395 399 396 396 396 395 396 401 397 402 397 400 397 401 398 400 398 399 398 403 399 404 399 402 399 403 400 402 400 401 400 405 401 406 401 404 401 405 402 404 402 403 402 407 403 408 403 406 403 407 404 409 404 408 404 407 405 406 405 405 405 410 406 409 406 407 406 411 407 412 407 409 407 411 408 409 408 410 408 413 409 414 409 412 409 413 410 412 410 411 410 415 411 416 411 414 411 415 412 417 412 416 412 415 413 414 413 413 413 418 414 419 414 420 414 418 415 421 415 419 415 418 416 422 416 421 416 418 417 423 417 422 417 418 418 424 418 423 418 418 419 425 419 424 419 418 420 426 420 425 420 418 421 427 421 426 421 428 422 429 422 417 422 428 423 417 423 415 423 430 424 427 424 418 424 431 425 429 425 428 425 432 426 430 426 418 426 433 427 434 427 429 427 433 428 435 428 434 428 433 429 429 429 431 429 436 430 432 430 418 430 437 431 438 431 435 431 437 432 435 432 433 432 439 433 436 433 418 433 440 434 438 434 437 434 441 435 439 435 418 435 442 436 443 436 438 436 442 437 438 437 440 437 444 438 441 438 418 438 445 439 443 439 442 439 445 440 446 440 443 440 447 441 444 441 418 441 448 442 446 442 445 442 448 443 449 443 446 443 450 444 447 444 418 444 451 445 452 445 449 445 451 446 449 446 448 446 453 447 450 447 418 447 454 448 452 448 451 448 454 449 455 449 452 449 454 450 456 450 455 450 457 451 453 451 418 451 458 452 456 452 454 452 459 453 457 453 418 453 460 454 456 454 458 454 460 455 461 455 456 455 460 456 462 456 461 456 463 457 459 457 418 457 464 458 462 458 460 458 465 459 463 459 418 459 466 460 462 460 464 460 466 461 467 461 462 461 466 462 468 462 467 462 469 463 465 463 418 463 470 464 468 464 466 464 471 465 469 465 418 465 472 466 473 466 468 466 472 467 474 467 473 467 472 468 468 468 470 468 475 469 471 469 418 469 476 470 474 470 472 470 477 471 475 471 418 471 478 472 479 472 474 472 478 473 474 473 476 473 480 474 477 474 418 474 481 475 482 475 479 475 481 476 479 476 478 476 483 477 418 477 239 477 483 478 480 478 418 478 484 479 485 479 482 479 484 480 482 480 481 480 486 481 483 481 239 481 487 482 488 482 485 482 487 483 485 483 484 483 489 484 486 484 239 484 490 485 488 485 487 485 490 486 491 486 488 486 492 487 489 487 239 487 493 488 491 488 490 488 493 489 494 489 491 489 493 490 495 490 494 490 496 491 492 491 239 491 497 492 498 492 495 492 497 493 495 493 493 493 499 494 496 494 239 494 500 495 498 495 497 495 501 496 499 496 239 496 502 497 501 497 239 497 503 498 504 498 505 498 503 499 506 499 504 499 503 500 507 500 506 500 503 501 508 501 507 501 503 502 509 502 508 502 503 503 510 503 509 503 503 504 511 504 510 504 503 505 512 505 511 505 503 506 513 506 512 506 503 507 514 507 513 507 503 508 515 508 514 508 503 509 516 509 515 509 503 510 517 510 516 510 503 511 518 511 517 511 503 512 519 512 518 512 503 513 520 513 519 513 503 514 521 514 520 514 503 515 522 515 521 515 503 516 523 516 522 516 524 517 525 517 526 517 524 518 527 518 525 518 524 519 528 519 527 519 524 520 529 520 528 520 524 521 530 521 529 521 524 522 531 522 530 522 524 523 532 523 531 523 524 524 533 524 532 524 524 525 534 525 533 525 524 526 535 526 534 526 524 527 536 527 535 527 524 528 537 528 536 528 524 529 538 529 537 529 524 530 539 530 538 530 524 531 540 531 539 531 524 532 505 532 540 532 524 533 541 533 542 533 524 534 543 534 541 534 524 535 544 535 543 535 524 536 526 536 544 536 545 537 503 537 505 537 546 538 505 538 524 538 547 539 545 539 505 539 548 540 505 540 546 540 549 541 547 541 505 541 550 542 505 542 548 542 551 543 549 543 505 543 552 544 505 544 550 544 553 545 505 545 552 545 554 546 551 546 505 546 555 547 505 547 553 547 556 548 554 548 505 548 557 549 505 549 555 549 558 550 556 550 505 550 559 551 558 551 505 551 559 552 505 552 557 552 218 553 524 553 542 553 218 554 542 554 560 554 218 555 560 555 561 555 218 556 561 556 502 556 218 557 502 557 238 557 238 558 502 558 562 558 562 559 502 559 286 559 286 560 502 560 239 560 503 561 357 561 376 561 503 562 376 562 563 562 503 563 563 563 564 563 503 564 564 564 565 564 503 565 565 565 566 565 503 566 566 566 498 566 503 567 498 567 523 567 523 568 498 568 567 568 567 569 498 569 568 569 568 570 498 570 569 570 569 571 498 571 570 571 570 572 498 572 500 572 323 573 1 573 56 573 323 574 56 574 288 574 288 575 418 575 322 575 322 576 418 576 571 576 571 577 418 577 572 577 572 578 418 578 573 578 573 579 418 579 574 579 574 580 418 580 575 580 575 581 418 581 398 581 398 582 418 582 420 582 398 583 420 583 397 583 576 584 179 584 17 584 576 585 577 585 179 585 578 586 17 586 16 586 579 587 16 587 15 587 579 588 578 588 16 588 580 589 15 589 14 589 580 590 579 590 15 590 581 591 17 591 578 591 581 592 576 592 17 592 582 593 14 593 13 593 582 594 580 594 14 594 583 595 581 595 578 595 583 596 578 596 579 596 584 597 13 597 12 597 584 598 582 598 13 598 585 599 579 599 580 599 585 600 583 600 579 600 586 601 587 601 588 601 586 602 588 602 589 602 586 603 589 603 576 603 586 604 576 604 581 604 590 605 584 605 12 605 590 606 12 606 11 606 591 607 585 607 580 607 591 608 580 608 582 608 592 609 593 609 594 609 592 610 594 610 587 610 592 611 586 611 581 611 592 612 587 612 586 612 592 613 581 613 583 613 595 614 590 614 11 614 595 615 11 615 10 615 596 616 584 616 590 616 596 617 582 617 584 617 596 618 591 618 582 618 597 619 592 619 583 619 597 620 583 620 585 620 597 621 598 621 599 621 597 622 599 622 593 622 597 623 593 623 592 623 600 624 10 624 9 624 600 625 595 625 10 625 601 626 596 626 590 626 602 627 585 627 591 627 602 628 598 628 597 628 602 629 597 629 585 629 602 630 603 630 604 630 602 631 604 631 598 631 605 632 9 632 8 632 605 633 600 633 9 633 606 634 601 634 590 634 606 635 590 635 595 635 607 636 591 636 596 636 607 637 608 637 609 637 607 638 602 638 591 638 607 639 609 639 603 639 607 640 603 640 602 640 610 641 605 641 8 641 610 642 8 642 7 642 611 643 606 643 595 643 611 644 595 644 600 644 612 645 607 645 596 645 612 646 608 646 607 646 612 647 613 647 614 647 612 648 614 648 608 648 612 649 596 649 601 649 615 650 7 650 6 650 615 651 610 651 7 651 616 652 600 652 605 652 616 653 611 653 600 653 617 654 601 654 606 654 617 655 618 655 619 655 617 656 619 656 613 656 617 657 612 657 601 657 617 658 613 658 612 658 620 659 6 659 5 659 620 660 615 660 6 660 621 661 610 661 615 661 621 662 605 662 610 662 621 663 616 663 605 663 622 664 623 664 624 664 622 665 624 665 618 665 622 666 618 666 617 666 622 667 617 667 606 667 622 668 606 668 611 668 625 669 620 669 5 669 625 670 5 670 4 670 626 671 621 671 615 671 627 672 628 672 629 672 627 673 629 673 623 673 627 674 611 674 616 674 627 675 623 675 622 675 627 676 622 676 611 676 630 677 4 677 3 677 630 678 625 678 4 678 631 679 615 679 620 679 631 680 626 680 615 680 632 681 633 681 634 681 632 682 634 682 628 682 632 683 616 683 621 683 632 684 628 684 627 684 632 685 627 685 616 685 635 686 2 686 1 686 635 687 3 687 2 687 635 688 630 688 3 688 636 689 620 689 625 689 636 690 631 690 620 690 637 691 638 691 639 691 637 692 639 692 633 692 637 693 621 693 626 693 637 694 632 694 621 694 637 695 633 695 632 695 637 696 626 696 631 696 640 697 636 697 625 697 640 698 625 698 630 698 641 699 638 699 637 699 641 700 642 700 643 700 641 701 643 701 638 701 641 702 637 702 631 702 644 703 630 703 635 703 644 704 1 704 645 704 644 705 635 705 1 705 644 706 640 706 630 706 646 707 647 707 648 707 646 708 648 708 642 708 646 709 631 709 636 709 646 710 636 710 640 710 646 711 641 711 631 711 646 712 642 712 641 712 649 713 650 713 651 713 649 714 651 714 647 714 649 715 647 715 646 715 649 716 646 716 640 716 652 717 645 717 653 717 652 718 653 718 654 718 652 719 654 719 650 719 652 720 644 720 645 720 652 721 640 721 644 721 652 722 649 722 640 722 652 723 650 723 649 723 655 724 218 724 217 724 656 725 217 725 216 725 656 726 655 726 217 726 657 727 216 727 215 727 657 728 656 728 216 728 658 729 218 729 655 729 658 730 659 730 218 730 660 731 215 731 214 731 660 732 657 732 215 732 661 733 658 733 655 733 661 734 655 734 656 734 662 735 214 735 213 735 662 736 660 736 214 736 663 737 656 737 657 737 663 738 661 738 656 738 664 739 665 739 666 739 664 740 666 740 667 740 664 741 667 741 659 741 664 742 659 742 658 742 668 743 662 743 213 743 668 744 213 744 212 744 669 745 663 745 657 745 669 746 657 746 660 746 670 747 671 747 672 747 670 748 672 748 665 748 670 749 664 749 658 749 670 750 665 750 664 750 670 751 658 751 661 751 673 752 668 752 212 752 673 753 212 753 211 753 674 754 660 754 662 754 674 755 669 755 660 755 675 756 670 756 661 756 675 757 661 757 663 757 675 758 676 758 677 758 675 759 677 759 671 759 675 760 671 760 670 760 678 761 211 761 210 761 678 762 673 762 211 762 679 763 662 763 668 763 679 764 674 764 662 764 680 765 663 765 669 765 680 766 676 766 675 766 680 767 675 767 663 767 680 768 681 768 682 768 680 769 682 769 676 769 683 770 210 770 209 770 683 771 678 771 210 771 684 772 668 772 673 772 684 773 679 773 668 773 685 774 680 774 669 774 685 775 669 775 674 775 685 776 686 776 687 776 685 777 687 777 681 777 685 778 681 778 680 778 688 779 683 779 209 779 688 780 209 780 208 780 689 781 684 781 673 781 689 782 673 782 678 782 690 783 674 783 679 783 690 784 691 784 692 784 690 785 692 785 686 785 690 786 679 786 684 786 690 787 686 787 685 787 690 788 685 788 674 788 693 789 208 789 207 789 693 790 688 790 208 790 694 791 678 791 683 791 694 792 689 792 678 792 695 793 691 793 690 793 695 794 690 794 684 794 695 795 696 795 697 795 695 796 697 796 691 796 698 797 207 797 206 797 698 798 693 798 207 798 699 799 683 799 688 799 699 800 694 800 683 800 699 801 688 801 693 801 700 802 684 802 689 802 700 803 701 803 702 803 700 804 702 804 696 804 700 805 696 805 695 805 700 806 695 806 684 806 703 807 698 807 206 807 703 808 206 808 205 808 704 809 699 809 693 809 705 810 706 810 707 810 705 811 707 811 701 811 705 812 694 812 699 812 705 813 701 813 700 813 705 814 700 814 689 814 705 815 689 815 694 815 708 816 205 816 204 816 708 817 703 817 205 817 709 818 698 818 703 818 709 819 693 819 698 819 709 820 704 820 693 820 710 821 711 821 712 821 710 822 712 822 706 822 710 823 705 823 699 823 710 824 706 824 705 824 713 825 203 825 179 825 713 826 204 826 203 826 713 827 708 827 204 827 714 828 703 828 708 828 714 829 709 829 703 829 715 830 710 830 699 830 715 831 716 831 717 831 715 832 717 832 711 832 715 833 711 833 710 833 715 834 699 834 704 834 718 835 714 835 708 835 719 836 720 836 721 836 719 837 721 837 716 837 719 838 715 838 704 838 719 839 716 839 715 839 719 840 704 840 709 840 722 841 708 841 713 841 722 842 718 842 708 842 722 843 713 843 179 843 722 844 179 844 577 844 723 845 719 845 709 845 723 846 724 846 725 846 723 847 725 847 720 847 723 848 709 848 714 848 723 849 714 849 718 849 723 850 720 850 719 850 726 851 727 851 728 851 726 852 728 852 724 852 726 853 723 853 718 853 726 854 724 854 723 854 729 855 577 855 730 855 729 856 727 856 726 856 729 857 730 857 731 857 729 858 731 858 727 858 729 859 722 859 577 859 729 860 718 860 722 860 729 861 726 861 718 861 732 862 645 862 323 862 323 863 645 863 1 863 659 864 733 864 218 864 218 865 733 865 524 865 734 866 323 866 349 866 735 867 349 867 348 867 735 868 734 868 349 868 736 869 348 869 347 869 736 870 735 870 348 870 737 871 323 871 734 871 737 872 732 872 323 872 738 873 347 873 346 873 738 874 736 874 347 874 739 875 737 875 734 875 739 876 734 876 735 876 740 877 346 877 345 877 740 878 738 878 346 878 741 879 735 879 736 879 741 880 739 880 735 880 742 881 743 881 744 881 742 882 744 882 745 882 742 883 745 883 732 883 742 884 732 884 737 884 746 885 740 885 345 885 746 886 345 886 344 886 747 887 741 887 736 887 747 888 736 888 738 888 748 889 749 889 750 889 748 890 750 890 743 890 748 891 742 891 737 891 748 892 743 892 742 892 748 893 737 893 739 893 751 894 746 894 344 894 751 895 344 895 343 895 752 896 738 896 740 896 752 897 747 897 738 897 753 898 748 898 739 898 753 899 739 899 741 899 753 900 754 900 755 900 753 901 755 901 749 901 753 902 749 902 748 902 756 903 343 903 342 903 756 904 751 904 343 904 757 905 740 905 746 905 757 906 752 906 740 906 758 907 741 907 747 907 758 908 754 908 753 908 758 909 753 909 741 909 758 910 759 910 760 910 758 911 760 911 754 911 761 912 342 912 350 912 761 913 756 913 342 913 762 914 746 914 751 914 762 915 757 915 746 915 763 916 758 916 747 916 763 917 747 917 752 917 763 918 764 918 765 918 763 919 765 919 759 919 763 920 759 920 758 920 766 921 761 921 350 921 766 922 350 922 351 922 767 923 762 923 751 923 767 924 751 924 756 924 768 925 752 925 757 925 768 926 769 926 770 926 768 927 770 927 764 927 768 928 764 928 763 928 768 929 763 929 752 929 771 930 351 930 352 930 771 931 766 931 351 931 772 932 756 932 761 932 772 933 767 933 756 933 773 934 762 934 767 934 773 935 769 935 768 935 773 936 774 936 775 936 773 937 775 937 769 937 773 938 757 938 762 938 773 939 768 939 757 939 776 940 352 940 353 940 776 941 771 941 352 941 777 942 761 942 766 942 777 943 772 943 761 943 778 944 774 944 773 944 778 945 779 945 780 945 778 946 780 946 774 946 778 947 773 947 767 947 781 948 776 948 353 948 781 949 353 949 354 949 782 950 766 950 771 950 782 951 771 951 776 951 782 952 777 952 766 952 783 953 784 953 785 953 783 954 785 954 779 954 783 955 779 955 778 955 783 956 767 956 772 956 783 957 778 957 767 957 786 958 354 958 355 958 786 959 781 959 354 959 787 960 782 960 776 960 788 961 789 961 790 961 788 962 790 962 784 962 788 963 772 963 777 963 788 964 783 964 772 964 788 965 784 965 783 965 791 966 356 966 357 966 791 967 355 967 356 967 791 968 786 968 355 968 792 969 776 969 781 969 792 970 787 970 776 970 793 971 788 971 777 971 793 972 794 972 795 972 793 973 795 973 789 973 793 974 777 974 782 974 793 975 789 975 788 975 796 976 786 976 791 976 796 977 792 977 781 977 796 978 781 978 786 978 797 979 782 979 787 979 797 980 798 980 799 980 797 981 799 981 794 981 797 982 794 982 793 982 797 983 793 983 782 983 800 984 796 984 791 984 800 985 791 985 357 985 800 986 357 986 801 986 802 987 803 987 804 987 802 988 804 988 798 988 802 989 787 989 792 989 802 990 798 990 797 990 802 991 797 991 787 991 805 992 806 992 807 992 805 993 807 993 803 993 805 994 792 994 796 994 805 995 796 995 800 995 805 996 803 996 802 996 805 997 802 997 792 997 808 998 801 998 809 998 808 999 809 999 810 999 808 1000 810 1000 806 1000 808 1001 805 1001 800 1001 808 1002 806 1002 805 1002 808 1003 800 1003 801 1003 811 1004 503 1004 545 1004 812 1005 545 1005 547 1005 812 1006 811 1006 545 1006 813 1007 547 1007 549 1007 813 1008 812 1008 547 1008 814 1009 503 1009 811 1009 814 1010 815 1010 503 1010 816 1011 549 1011 551 1011 816 1012 813 1012 549 1012 817 1013 814 1013 811 1013 817 1014 811 1014 812 1014 818 1015 551 1015 554 1015 818 1016 816 1016 551 1016 819 1017 812 1017 813 1017 819 1018 817 1018 812 1018 820 1019 821 1019 822 1019 820 1020 822 1020 823 1020 820 1021 823 1021 815 1021 820 1022 815 1022 814 1022 824 1023 818 1023 554 1023 824 1024 554 1024 556 1024 825 1025 819 1025 813 1025 825 1026 813 1026 816 1026 826 1027 827 1027 828 1027 826 1028 828 1028 821 1028 826 1029 820 1029 814 1029 826 1030 821 1030 820 1030 826 1031 814 1031 817 1031 829 1032 824 1032 556 1032 829 1033 556 1033 558 1033 830 1034 816 1034 818 1034 830 1035 825 1035 816 1035 831 1036 826 1036 817 1036 831 1037 817 1037 819 1037 831 1038 832 1038 833 1038 831 1039 833 1039 827 1039 831 1040 827 1040 826 1040 834 1041 558 1041 559 1041 834 1042 829 1042 558 1042 835 1043 818 1043 824 1043 835 1044 830 1044 818 1044 835 1045 824 1045 829 1045 836 1046 819 1046 825 1046 836 1047 832 1047 831 1047 836 1048 831 1048 819 1048 836 1049 837 1049 838 1049 836 1050 838 1050 832 1050 839 1051 559 1051 557 1051 839 1052 834 1052 559 1052 840 1053 835 1053 829 1053 841 1054 836 1054 825 1054 841 1055 825 1055 830 1055 841 1056 842 1056 843 1056 841 1057 843 1057 837 1057 841 1058 837 1058 836 1058 844 1059 839 1059 557 1059 844 1060 557 1060 555 1060 845 1061 840 1061 829 1061 845 1062 829 1062 834 1062 846 1063 830 1063 835 1063 846 1064 847 1064 848 1064 846 1065 848 1065 842 1065 846 1066 842 1066 841 1066 846 1067 841 1067 830 1067 846 1068 835 1068 840 1068 849 1069 555 1069 553 1069 849 1070 844 1070 555 1070 850 1071 834 1071 839 1071 850 1072 845 1072 834 1072 851 1073 852 1073 853 1073 851 1074 853 1074 847 1074 851 1075 846 1075 840 1075 851 1076 847 1076 846 1076 854 1077 553 1077 552 1077 854 1078 849 1078 553 1078 855 1079 850 1079 839 1079 855 1080 839 1080 844 1080 855 1081 844 1081 849 1081 856 1082 857 1082 858 1082 856 1083 858 1083 852 1083 856 1084 840 1084 845 1084 856 1085 852 1085 851 1085 856 1086 851 1086 840 1086 859 1087 854 1087 552 1087 859 1088 552 1088 550 1088 860 1089 855 1089 849 1089 861 1090 862 1090 863 1090 861 1091 863 1091 857 1091 861 1092 845 1092 850 1092 861 1093 857 1093 856 1093 861 1094 856 1094 845 1094 864 1095 550 1095 548 1095 864 1096 859 1096 550 1096 865 1097 849 1097 854 1097 865 1098 860 1098 849 1098 866 1099 867 1099 868 1099 866 1100 868 1100 862 1100 866 1101 855 1101 860 1101 866 1102 850 1102 855 1102 866 1103 862 1103 861 1103 866 1104 861 1104 850 1104 869 1105 546 1105 524 1105 869 1106 548 1106 546 1106 869 1107 864 1107 548 1107 870 1108 854 1108 859 1108 870 1109 865 1109 854 1109 871 1110 866 1110 860 1110 871 1111 872 1111 873 1111 871 1112 873 1112 867 1112 871 1113 867 1113 866 1113 874 1114 870 1114 859 1114 874 1115 859 1115 864 1115 875 1116 876 1116 877 1116 875 1117 877 1117 872 1117 875 1118 865 1118 870 1118 875 1119 872 1119 871 1119 875 1120 871 1120 860 1120 875 1121 860 1121 865 1121 878 1122 864 1122 869 1122 878 1123 869 1123 524 1123 878 1124 524 1124 733 1124 878 1125 874 1125 864 1125 879 1126 880 1126 881 1126 879 1127 881 1127 876 1127 879 1128 870 1128 874 1128 879 1129 876 1129 875 1129 879 1130 875 1130 870 1130 882 1131 883 1131 884 1131 882 1132 884 1132 880 1132 882 1133 879 1133 874 1133 882 1134 880 1134 879 1134 885 1135 733 1135 886 1135 885 1136 886 1136 887 1136 885 1137 887 1137 883 1137 885 1138 878 1138 733 1138 885 1139 874 1139 878 1139 885 1140 882 1140 874 1140 885 1141 883 1141 882 1141 815 1142 357 1142 503 1142 815 1143 801 1143 357 1143 155 1144 158 1144 888 1144 888 1145 158 1145 889 1145 889 1146 160 1146 890 1146 158 1147 160 1147 889 1147 890 1148 162 1148 891 1148 160 1149 162 1149 890 1149 891 1150 164 1150 892 1150 162 1151 164 1151 891 1151 892 1152 166 1152 893 1152 164 1153 166 1153 892 1153 893 1154 167 1154 894 1154 166 1155 167 1155 893 1155 894 1156 170 1156 895 1156 895 1157 170 1157 896 1157 167 1158 170 1158 894 1158 170 1159 171 1159 896 1159 896 1160 174 1160 897 1160 171 1161 174 1161 896 1161 897 1162 176 1162 898 1162 174 1163 176 1163 897 1163 176 1164 178 1164 898 1164 898 1165 178 1165 899 1165 899 1166 178 1166 900 1166 178 1167 196 1167 900 1167 196 1168 199 1168 900 1168 900 1169 199 1169 901 1169 199 1170 283 1170 901 1170 901 1171 283 1171 902 1171 902 1172 284 1172 903 1172 903 1173 284 1173 904 1173 283 1174 284 1174 902 1174 284 1175 285 1175 904 1175 904 1176 86 1176 905 1176 285 1177 86 1177 904 1177 905 1178 85 1178 906 1178 906 1179 85 1179 907 1179 86 1180 85 1180 905 1180 85 1181 87 1181 907 1181 907 1182 88 1182 908 1182 87 1183 88 1183 907 1183 908 1184 89 1184 909 1184 88 1185 89 1185 908 1185 909 1186 90 1186 910 1186 89 1187 90 1187 909 1187 910 1188 91 1188 911 1188 90 1189 91 1189 910 1189 911 1190 92 1190 912 1190 91 1191 92 1191 911 1191 912 1192 93 1192 913 1192 92 1193 93 1193 912 1193 913 1194 94 1194 914 1194 93 1195 94 1195 913 1195 914 1196 95 1196 915 1196 94 1197 95 1197 914 1197 915 1198 96 1198 916 1198 916 1199 96 1199 917 1199 95 1200 96 1200 915 1200 96 1201 97 1201 917 1201 917 1202 98 1202 918 1202 97 1203 98 1203 917 1203 918 1204 99 1204 919 1204 98 1205 99 1205 918 1205 919 1206 58 1206 920 1206 99 1207 58 1207 919 1207 920 1208 57 1208 921 1208 58 1209 57 1209 920 1209 921 1210 59 1210 922 1210 57 1211 59 1211 921 1211 922 1212 60 1212 923 1212 59 1213 60 1213 922 1213 923 1214 61 1214 924 1214 60 1215 61 1215 923 1215 924 1216 62 1216 925 1216 925 1217 62 1217 926 1217 61 1218 62 1218 924 1218 62 1219 63 1219 926 1219 926 1220 63 1220 927 1220 63 1221 64 1221 927 1221 64 1222 65 1222 927 1222 927 1223 65 1223 928 1223 65 1224 66 1224 928 1224 928 1225 66 1225 929 1225 66 1226 67 1226 929 1226 929 1227 67 1227 930 1227 67 1228 68 1228 930 1228 930 1229 68 1229 931 1229 68 1230 69 1230 931 1230 931 1231 69 1231 932 1231 69 1232 70 1232 932 1232 932 1233 70 1233 933 1233 70 1234 71 1234 933 1234 933 1235 71 1235 934 1235 934 1236 71 1236 935 1236 71 1237 72 1237 935 1237 935 1238 73 1238 936 1238 72 1239 73 1239 935 1239 936 1240 74 1240 937 1240 73 1241 74 1241 936 1241 937 1242 75 1242 938 1242 938 1243 75 1243 939 1243 74 1244 75 1244 937 1244 75 1245 76 1245 939 1245 939 1246 77 1246 940 1246 940 1247 77 1247 941 1247 76 1248 77 1248 939 1248 77 1249 78 1249 941 1249 941 1250 79 1250 942 1250 942 1251 79 1251 943 1251 78 1252 79 1252 941 1252 79 1253 80 1253 943 1253 943 1254 81 1254 944 1254 80 1255 81 1255 943 1255 944 1256 82 1256 945 1256 945 1257 82 1257 946 1257 81 1258 82 1258 944 1258 82 1259 83 1259 946 1259 946 1260 84 1260 947 1260 83 1261 84 1261 946 1261 947 1262 54 1262 948 1262 84 1263 54 1263 947 1263 948 1264 52 1264 949 1264 54 1265 52 1265 948 1265 52 1266 50 1266 949 1266 949 1267 50 1267 950 1267 950 1268 50 1268 951 1268 50 1269 48 1269 951 1269 951 1270 48 1270 952 1270 48 1271 46 1271 952 1271 46 1272 44 1272 952 1272 952 1273 44 1273 953 1273 953 1274 44 1274 954 1274 44 1275 42 1275 954 1275 954 1276 42 1276 955 1276 42 1277 40 1277 955 1277 955 1278 40 1278 956 1278 40 1279 38 1279 956 1279 38 1280 36 1280 956 1280 956 1281 36 1281 957 1281 957 1282 36 1282 958 1282 36 1283 34 1283 958 1283 34 1284 32 1284 958 1284 958 1285 32 1285 959 1285 32 1286 30 1286 959 1286 959 1287 30 1287 960 1287 960 1288 30 1288 961 1288 30 1289 28 1289 961 1289 28 1290 26 1290 961 1290 961 1291 26 1291 962 1291 26 1292 24 1292 962 1292 962 1293 24 1293 963 1293 24 1294 22 1294 963 1294 963 1295 22 1295 964 1295 964 1296 22 1296 965 1296 22 1297 20 1297 965 1297 20 1298 18 1298 965 1298 965 1299 18 1299 966 1299 18 1300 0 1300 966 1300 966 1301 0 1301 967 1301 967 1302 0 1302 968 1302 0 1303 19 1303 968 1303 19 1304 21 1304 968 1304 968 1305 21 1305 969 1305 21 1306 23 1306 969 1306 969 1307 23 1307 970 1307 970 1308 25 1308 971 1308 23 1309 25 1309 970 1309 971 1310 25 1310 972 1310 25 1311 27 1311 972 1311 972 1312 29 1312 973 1312 27 1313 29 1313 972 1313 973 1314 31 1314 974 1314 29 1315 31 1315 973 1315 974 1316 33 1316 975 1316 31 1317 33 1317 974 1317 33 1318 35 1318 975 1318 975 1319 35 1319 976 1319 35 1320 37 1320 976 1320 976 1321 37 1321 977 1321 37 1322 39 1322 977 1322 977 1323 39 1323 978 1323 39 1324 41 1324 978 1324 978 1325 41 1325 979 1325 979 1326 41 1326 980 1326 41 1327 43 1327 980 1327 43 1328 45 1328 980 1328 980 1329 45 1329 981 1329 45 1330 47 1330 981 1330 981 1331 47 1331 982 1331 47 1332 49 1332 982 1332 982 1333 49 1333 983 1333 49 1334 51 1334 983 1334 983 1335 51 1335 984 1335 51 1336 53 1336 984 1336 984 1337 53 1337 985 1337 53 1338 55 1338 985 1338 985 1339 55 1339 986 1339 55 1340 145 1340 986 1340 986 1341 145 1341 987 1341 987 1342 138 1342 988 1342 145 1343 138 1343 987 1343 988 1344 134 1344 989 1344 138 1345 134 1345 988 1345 989 1346 133 1346 990 1346 134 1347 133 1347 989 1347 990 1348 129 1348 991 1348 133 1349 129 1349 990 1349 991 1350 122 1350 992 1350 992 1351 122 1351 993 1351 129 1352 122 1352 991 1352 122 1353 118 1353 993 1353 993 1354 117 1354 994 1354 118 1355 117 1355 993 1355 994 1356 110 1356 995 1356 117 1357 110 1357 994 1357 995 1358 109 1358 996 1358 110 1359 109 1359 995 1359 996 1360 102 1360 997 1360 109 1361 102 1361 996 1361 997 1362 101 1362 998 1362 102 1363 101 1363 997 1363 998 1364 104 1364 999 1364 101 1365 104 1365 998 1365 104 1366 107 1366 999 1366 999 1367 107 1367 1000 1367 107 1368 112 1368 1000 1368 1000 1369 112 1369 1001 1369 112 1370 115 1370 1001 1370 1001 1371 115 1371 1002 1371 115 1372 120 1372 1002 1372 1002 1373 120 1373 1003 1373 120 1374 124 1374 1003 1374 1003 1375 124 1375 1004 1375 1004 1376 127 1376 1005 1376 124 1377 127 1377 1004 1377 1005 1378 131 1378 1006 1378 127 1379 131 1379 1005 1379 1006 1380 136 1380 1007 1380 1007 1381 136 1381 1008 1381 131 1382 136 1382 1006 1382 136 1383 140 1383 1008 1383 1008 1384 143 1384 1009 1384 140 1385 143 1385 1008 1385 1009 1386 147 1386 1010 1386 143 1387 147 1387 1009 1387 1010 1388 150 1388 1011 1388 147 1389 150 1389 1010 1389 1011 1390 152 1390 1012 1390 150 1391 152 1391 1011 1391 1012 1392 154 1392 1013 1392 1013 1393 154 1393 888 1393 152 1394 154 1394 1012 1394 154 1395 155 1395 888 1395 234 1396 235 1396 1014 1396 1014 1397 235 1397 1015 1397 1015 1398 236 1398 1016 1398 235 1399 236 1399 1015 1399 1016 1400 237 1400 1017 1400 236 1401 237 1401 1016 1401 1017 1402 238 1402 1018 1402 237 1403 238 1403 1017 1403 1018 1404 562 1404 1019 1404 238 1405 562 1405 1018 1405 1019 1406 286 1406 1020 1406 562 1407 286 1407 1019 1407 1020 1408 241 1408 1021 1408 1021 1409 241 1409 1022 1409 286 1410 241 1410 1020 1410 241 1411 240 1411 1022 1411 1022 1412 242 1412 1023 1412 240 1413 242 1413 1022 1413 1023 1414 243 1414 1024 1414 242 1415 243 1415 1023 1415 243 1416 244 1416 1024 1416 1024 1417 244 1417 1025 1417 1025 1418 244 1418 1026 1418 244 1419 245 1419 1026 1419 245 1420 246 1420 1026 1420 1026 1421 246 1421 1027 1421 246 1422 247 1422 1027 1422 1027 1423 247 1423 1028 1423 1028 1424 248 1424 1029 1424 1029 1425 248 1425 1030 1425 247 1426 248 1426 1028 1426 248 1427 249 1427 1030 1427 1030 1428 250 1428 1031 1428 249 1429 250 1429 1030 1429 1031 1430 251 1430 1032 1430 1032 1431 251 1431 1033 1431 250 1432 251 1432 1031 1432 251 1433 252 1433 1033 1433 1033 1434 253 1434 1034 1434 252 1435 253 1435 1033 1435 1034 1436 254 1436 1035 1436 253 1437 254 1437 1034 1437 1035 1438 255 1438 1036 1438 254 1439 255 1439 1035 1439 1036 1440 256 1440 1037 1440 255 1441 256 1441 1036 1441 1037 1442 257 1442 1038 1442 256 1443 257 1443 1037 1443 1038 1444 258 1444 1039 1444 257 1445 258 1445 1038 1445 1039 1446 259 1446 1040 1446 258 1447 259 1447 1039 1447 1040 1448 260 1448 1041 1448 259 1449 260 1449 1040 1449 1041 1450 261 1450 1042 1450 1042 1451 261 1451 1043 1451 260 1452 261 1452 1041 1452 261 1453 262 1453 1043 1453 1043 1454 263 1454 1044 1454 262 1455 263 1455 1043 1455 1044 1456 264 1456 1045 1456 263 1457 264 1457 1044 1457 1045 1458 265 1458 1046 1458 264 1459 265 1459 1045 1459 1046 1460 266 1460 1047 1460 265 1461 266 1461 1046 1461 1047 1462 267 1462 1048 1462 266 1463 267 1463 1047 1463 1048 1464 268 1464 1049 1464 267 1465 268 1465 1048 1465 1049 1466 269 1466 1050 1466 268 1467 269 1467 1049 1467 1050 1468 270 1468 1051 1468 1051 1469 270 1469 1052 1469 269 1470 270 1470 1050 1470 270 1471 271 1471 1052 1471 1052 1472 271 1472 1053 1472 271 1473 272 1473 1053 1473 272 1474 273 1474 1053 1474 1053 1475 273 1475 1054 1475 273 1476 274 1476 1054 1476 1054 1477 274 1477 1055 1477 274 1478 275 1478 1055 1478 1055 1479 275 1479 1056 1479 275 1480 276 1480 1056 1480 1056 1481 276 1481 1057 1481 276 1482 277 1482 1057 1482 1057 1483 277 1483 1058 1483 277 1484 278 1484 1058 1484 1058 1485 278 1485 1059 1485 278 1486 279 1486 1059 1486 1059 1487 279 1487 1060 1487 1060 1488 279 1488 1061 1488 279 1489 280 1489 1061 1489 1061 1490 281 1490 1062 1490 280 1491 281 1491 1061 1491 1062 1492 282 1492 1063 1492 281 1493 282 1493 1062 1493 1063 1494 198 1494 1064 1494 1064 1495 198 1495 1065 1495 282 1496 198 1496 1063 1496 198 1497 195 1497 1065 1497 1065 1498 177 1498 1066 1498 1066 1499 177 1499 1067 1499 195 1500 177 1500 1065 1500 177 1501 175 1501 1067 1501 1067 1502 173 1502 1068 1502 1068 1503 173 1503 1069 1503 175 1504 173 1504 1067 1504 173 1505 172 1505 1069 1505 1069 1506 169 1506 1070 1506 172 1507 169 1507 1069 1507 1070 1508 168 1508 1071 1508 1071 1509 168 1509 1072 1509 169 1510 168 1510 1070 1510 168 1511 165 1511 1072 1511 1072 1512 163 1512 1073 1512 165 1513 163 1513 1072 1513 1073 1514 161 1514 1074 1514 163 1515 161 1515 1073 1515 1074 1516 159 1516 1075 1516 161 1517 159 1517 1074 1517 159 1518 157 1518 1075 1518 1075 1519 157 1519 1076 1519 1076 1520 157 1520 1077 1520 157 1521 156 1521 1077 1521 1077 1522 156 1522 1078 1522 156 1523 153 1523 1078 1523 153 1524 151 1524 1078 1524 1078 1525 151 1525 1079 1525 1079 1526 151 1526 1080 1526 151 1527 149 1527 1080 1527 1080 1528 149 1528 1081 1528 149 1529 146 1529 1081 1529 1081 1530 146 1530 1082 1530 146 1531 142 1531 1082 1531 142 1532 139 1532 1082 1532 1082 1533 139 1533 1083 1533 1083 1534 139 1534 1084 1534 139 1535 135 1535 1084 1535 135 1536 130 1536 1084 1536 1084 1537 130 1537 1085 1537 130 1538 126 1538 1085 1538 1085 1539 126 1539 1086 1539 1086 1540 126 1540 1087 1540 126 1541 123 1541 1087 1541 123 1542 119 1542 1087 1542 1087 1543 119 1543 1088 1543 119 1544 114 1544 1088 1544 1088 1545 114 1545 1089 1545 114 1546 111 1546 1089 1546 1089 1547 111 1547 1090 1547 1090 1548 111 1548 1091 1548 111 1549 106 1549 1091 1549 106 1550 103 1550 1091 1550 1091 1551 103 1551 1092 1551 103 1552 100 1552 1092 1552 1092 1553 100 1553 1093 1553 1093 1554 100 1554 1094 1554 100 1555 105 1555 1094 1555 105 1556 108 1556 1094 1556 1094 1557 108 1557 1095 1557 108 1558 113 1558 1095 1558 1095 1559 113 1559 1096 1559 1096 1560 116 1560 1097 1560 113 1561 116 1561 1096 1561 1097 1562 116 1562 1098 1562 116 1563 121 1563 1098 1563 1098 1564 125 1564 1099 1564 121 1565 125 1565 1098 1565 1099 1566 128 1566 1100 1566 125 1567 128 1567 1099 1567 1100 1568 132 1568 1101 1568 128 1569 132 1569 1100 1569 132 1570 137 1570 1101 1570 1101 1571 137 1571 1102 1571 137 1572 141 1572 1102 1572 1102 1573 141 1573 1103 1573 141 1574 144 1574 1103 1574 1103 1575 144 1575 1104 1575 144 1576 148 1576 1104 1576 1104 1577 148 1577 1105 1577 1105 1578 148 1578 1106 1578 148 1579 180 1579 1106 1579 180 1580 181 1580 1106 1580 1106 1581 181 1581 1107 1581 181 1582 182 1582 1107 1582 1107 1583 182 1583 1108 1583 182 1584 183 1584 1108 1584 1108 1585 183 1585 1109 1585 183 1586 184 1586 1109 1586 1109 1587 184 1587 1110 1587 184 1588 185 1588 1110 1588 1110 1589 185 1589 1111 1589 185 1590 186 1590 1111 1590 1111 1591 186 1591 1112 1591 186 1592 187 1592 1112 1592 1112 1593 187 1593 1113 1593 1113 1594 188 1594 1114 1594 187 1595 188 1595 1113 1595 1114 1596 189 1596 1115 1596 188 1597 189 1597 1114 1597 1115 1598 190 1598 1116 1598 189 1599 190 1599 1115 1599 1116 1600 191 1600 1117 1600 190 1601 191 1601 1116 1601 1117 1602 192 1602 1118 1602 1118 1603 192 1603 1119 1603 191 1604 192 1604 1117 1604 192 1605 193 1605 1119 1605 1119 1606 194 1606 1120 1606 193 1607 194 1607 1119 1607 1120 1608 197 1608 1121 1608 194 1609 197 1609 1120 1609 1121 1610 200 1610 1122 1610 197 1611 200 1611 1121 1611 1122 1612 201 1612 1123 1612 200 1613 201 1613 1122 1613 1123 1614 202 1614 1124 1614 201 1615 202 1615 1123 1615 1124 1616 219 1616 1125 1616 202 1617 219 1617 1124 1617 219 1618 220 1618 1125 1618 1125 1619 220 1619 1126 1619 220 1620 221 1620 1126 1620 1126 1621 221 1621 1127 1621 221 1622 222 1622 1127 1622 1127 1623 222 1623 1128 1623 222 1624 223 1624 1128 1624 1128 1625 223 1625 1129 1625 223 1626 224 1626 1129 1626 1129 1627 224 1627 1130 1627 1130 1628 225 1628 1131 1628 224 1629 225 1629 1130 1629 1131 1630 226 1630 1132 1630 225 1631 226 1631 1131 1631 1132 1632 227 1632 1133 1632 1133 1633 227 1633 1134 1633 226 1634 227 1634 1132 1634 227 1635 228 1635 1134 1635 1134 1636 229 1636 1135 1636 228 1637 229 1637 1134 1637 1135 1638 230 1638 1136 1638 229 1639 230 1639 1135 1639 1136 1640 231 1640 1137 1640 230 1641 231 1641 1136 1641 1137 1642 232 1642 1138 1642 231 1643 232 1643 1137 1643 1138 1644 233 1644 1139 1644 1139 1645 233 1645 1014 1645 232 1646 233 1646 1138 1646 233 1647 234 1647 1014 1647 1140 1648 1141 1648 1142 1648 1140 1649 1143 1649 1141 1649 1144 1650 1142 1650 1145 1650 1144 1651 1140 1651 1142 1651 1146 1652 1145 1652 1147 1652 1146 1653 1144 1653 1145 1653 1148 1654 1147 1654 1149 1654 1148 1655 1149 1655 1150 1655 1148 1656 1146 1656 1147 1656 1151 1657 1148 1657 1150 1657 1152 1658 1150 1658 1153 1658 1152 1659 1151 1659 1150 1659 1154 1660 1153 1660 1155 1660 1154 1661 1152 1661 1153 1661 1156 1662 1155 1662 1157 1662 1156 1663 1154 1663 1155 1663 1158 1664 1157 1664 1159 1664 1158 1665 1156 1665 1157 1665 1160 1666 1159 1666 1161 1666 1160 1667 1158 1667 1159 1667 1162 1668 1161 1668 1163 1668 1162 1669 1160 1669 1161 1669 1164 1670 1162 1670 1163 1670 1164 1671 1163 1671 1165 1671 1166 1672 1164 1672 1165 1672 1166 1673 1165 1673 1167 1673 1168 1674 1166 1674 1167 1674 1168 1675 1167 1675 1169 1675 1170 1676 1168 1676 1169 1676 1170 1677 1169 1677 1171 1677 1172 1678 1171 1678 1173 1678 1172 1679 1170 1679 1171 1679 1174 1680 1173 1680 1175 1680 1174 1681 1172 1681 1173 1681 1176 1682 1175 1682 1177 1682 1176 1683 1174 1683 1175 1683 1178 1684 1177 1684 1179 1684 1178 1685 1176 1685 1177 1685 1180 1686 1179 1686 1181 1686 1180 1687 1178 1687 1179 1687 1182 1688 1181 1688 1183 1688 1182 1689 1180 1689 1181 1689 1184 1690 1183 1690 1185 1690 1184 1691 1182 1691 1183 1691 1186 1692 1185 1692 1187 1692 1186 1693 1184 1693 1185 1693 1188 1694 1187 1694 1189 1694 1188 1695 1186 1695 1187 1695 239 1696 1189 1696 56 1696 239 1697 1188 1697 1189 1697 1141 1698 1190 1698 1191 1698 1142 1699 1141 1699 1191 1699 1145 1700 1191 1700 1192 1700 1145 1701 1192 1701 1193 1701 1145 1702 1142 1702 1191 1702 1147 1703 1145 1703 1193 1703 1149 1704 1193 1704 1194 1704 1149 1705 1147 1705 1193 1705 1150 1706 1194 1706 1195 1706 1150 1707 1149 1707 1194 1707 1153 1708 1195 1708 1196 1708 1153 1709 1150 1709 1195 1709 1155 1710 1196 1710 1197 1710 1155 1711 1153 1711 1196 1711 1157 1712 1197 1712 1198 1712 1157 1713 1198 1713 1199 1713 1157 1714 1155 1714 1197 1714 1159 1715 1157 1715 1199 1715 1161 1716 1199 1716 1200 1716 1161 1717 1159 1717 1199 1717 1163 1718 1200 1718 1201 1718 1163 1719 1161 1719 1200 1719 1165 1720 1163 1720 1201 1720 1165 1721 1201 1721 1202 1721 1167 1722 1165 1722 1202 1722 1167 1723 1202 1723 1203 1723 1169 1724 1167 1724 1203 1724 1169 1725 1203 1725 1204 1725 1171 1726 1169 1726 1204 1726 1171 1727 1204 1727 1205 1727 1171 1728 1205 1728 1206 1728 1173 1729 1206 1729 1207 1729 1173 1730 1171 1730 1206 1730 1175 1731 1173 1731 1207 1731 1177 1732 1207 1732 1208 1732 1177 1733 1175 1733 1207 1733 1179 1734 1208 1734 1209 1734 1179 1735 1177 1735 1208 1735 1181 1736 1209 1736 1210 1736 1181 1737 1179 1737 1209 1737 1183 1738 1210 1738 1211 1738 1183 1739 1211 1739 1212 1739 1183 1740 1181 1740 1210 1740 1185 1741 1212 1741 1213 1741 1185 1742 1183 1742 1212 1742 1187 1743 1185 1743 1213 1743 1189 1744 1213 1744 1214 1744 1189 1745 1187 1745 1213 1745 56 1746 1214 1746 288 1746 56 1747 1189 1747 1214 1747 1215 1748 1143 1748 1140 1748 1216 1749 1140 1749 1144 1749 1216 1750 1215 1750 1140 1750 1217 1751 1144 1751 1146 1751 1217 1752 1216 1752 1144 1752 1218 1753 1146 1753 1148 1753 1218 1754 1217 1754 1146 1754 1219 1755 1148 1755 1151 1755 1219 1756 1218 1756 1148 1756 1220 1757 1151 1757 1152 1757 1220 1758 1219 1758 1151 1758 1221 1759 1152 1759 1154 1759 1221 1760 1220 1760 1152 1760 1222 1761 1221 1761 1154 1761 1223 1762 1154 1762 1156 1762 1223 1763 1156 1763 1158 1763 1223 1764 1222 1764 1154 1764 1224 1765 1223 1765 1158 1765 1225 1766 1158 1766 1160 1766 1225 1767 1160 1767 1162 1767 1225 1768 1224 1768 1158 1768 1226 1769 1225 1769 1162 1769 1227 1770 1162 1770 1164 1770 1227 1771 1226 1771 1162 1771 1228 1772 1227 1772 1164 1772 1228 1773 1164 1773 1166 1773 1229 1774 1228 1774 1166 1774 1229 1775 1166 1775 1168 1775 1229 1776 1168 1776 1170 1776 1230 1777 1170 1777 1172 1777 1230 1778 1229 1778 1170 1778 1231 1779 1172 1779 1174 1779 1231 1780 1230 1780 1172 1780 1232 1781 1174 1781 1176 1781 1232 1782 1231 1782 1174 1782 1233 1783 1176 1783 1178 1783 1233 1784 1232 1784 1176 1784 1234 1785 1233 1785 1178 1785 1235 1786 1178 1786 1180 1786 1235 1787 1180 1787 1182 1787 1235 1788 1234 1788 1178 1788 1236 1789 1182 1789 1184 1789 1236 1790 1235 1790 1182 1790 1237 1791 1236 1791 1184 1791 1238 1792 1184 1792 1186 1792 1238 1793 1237 1793 1184 1793 1239 1794 1186 1794 1188 1794 1239 1795 1238 1795 1186 1795 418 1796 1188 1796 239 1796 418 1797 1239 1797 1188 1797 1190 1798 1215 1798 1216 1798 1191 1799 1190 1799 1216 1799 1192 1800 1216 1800 1217 1800 1192 1801 1191 1801 1216 1801 1193 1802 1217 1802 1218 1802 1193 1803 1192 1803 1217 1803 1194 1804 1218 1804 1219 1804 1194 1805 1193 1805 1218 1805 1195 1806 1219 1806 1220 1806 1195 1807 1194 1807 1219 1807 1196 1808 1220 1808 1221 1808 1196 1809 1195 1809 1220 1809 1197 1810 1221 1810 1222 1810 1197 1811 1222 1811 1223 1811 1197 1812 1196 1812 1221 1812 1198 1813 1223 1813 1224 1813 1198 1814 1197 1814 1223 1814 1199 1815 1224 1815 1225 1815 1199 1816 1198 1816 1224 1816 1200 1817 1225 1817 1226 1817 1200 1818 1199 1818 1225 1818 1201 1819 1200 1819 1226 1819 1202 1820 1226 1820 1227 1820 1202 1821 1201 1821 1226 1821 1203 1822 1202 1822 1227 1822 1203 1823 1227 1823 1228 1823 1204 1824 1203 1824 1228 1824 1204 1825 1228 1825 1229 1825 1205 1826 1204 1826 1229 1826 1205 1827 1229 1827 1230 1827 1205 1828 1230 1828 1231 1828 1206 1829 1205 1829 1231 1829 1207 1830 1231 1830 1232 1830 1207 1831 1206 1831 1231 1831 1207 1832 1232 1832 1233 1832 1208 1833 1207 1833 1233 1833 1209 1834 1233 1834 1234 1834 1209 1835 1234 1835 1235 1835 1209 1836 1208 1836 1233 1836 1210 1837 1209 1837 1235 1837 1211 1838 1235 1838 1236 1838 1211 1839 1236 1839 1237 1839 1211 1840 1210 1840 1235 1840 1212 1841 1211 1841 1237 1841 1213 1842 1237 1842 1238 1842 1213 1843 1238 1843 1239 1843 1213 1844 1212 1844 1237 1844 1214 1845 1213 1845 1239 1845 288 1846 1239 1846 418 1846 288 1847 1214 1847 1239 1847 429 1848 434 1848 1240 1848 1240 1849 434 1849 1241 1849 1241 1850 435 1850 1242 1850 434 1851 435 1851 1241 1851 1242 1852 438 1852 1243 1852 435 1853 438 1853 1242 1853 1243 1854 443 1854 1244 1854 438 1855 443 1855 1243 1855 1244 1856 446 1856 1245 1856 443 1857 446 1857 1244 1857 1245 1858 449 1858 1246 1858 446 1859 449 1859 1245 1859 1246 1860 452 1860 1247 1860 1247 1861 452 1861 1248 1861 449 1862 452 1862 1246 1862 452 1863 455 1863 1248 1863 1248 1864 456 1864 1249 1864 455 1865 456 1865 1248 1865 1249 1866 461 1866 1250 1866 456 1867 461 1867 1249 1867 461 1868 462 1868 1250 1868 1250 1869 462 1869 1251 1869 1251 1870 462 1870 1252 1870 462 1871 467 1871 1252 1871 467 1872 468 1872 1252 1872 1252 1873 468 1873 1253 1873 468 1874 473 1874 1253 1874 1253 1875 473 1875 1254 1875 1254 1876 474 1876 1255 1876 1255 1877 474 1877 1256 1877 473 1878 474 1878 1254 1878 474 1879 479 1879 1256 1879 1256 1880 482 1880 1257 1880 479 1881 482 1881 1256 1881 1257 1882 485 1882 1258 1882 1258 1883 485 1883 1259 1883 482 1884 485 1884 1257 1884 485 1885 488 1885 1259 1885 1259 1886 491 1886 1260 1886 488 1887 491 1887 1259 1887 1260 1888 494 1888 1261 1888 491 1889 494 1889 1260 1889 1261 1890 495 1890 1262 1890 494 1891 495 1891 1261 1891 1262 1892 498 1892 1263 1892 495 1893 498 1893 1262 1893 1263 1894 566 1894 1264 1894 498 1895 566 1895 1263 1895 1264 1896 565 1896 1265 1896 566 1897 565 1897 1264 1897 1265 1898 564 1898 1266 1898 565 1899 564 1899 1265 1899 1266 1900 563 1900 1267 1900 564 1901 563 1901 1266 1901 1267 1902 376 1902 1268 1902 1268 1903 376 1903 1269 1903 563 1904 376 1904 1267 1904 376 1905 375 1905 1269 1905 1269 1906 374 1906 1270 1906 375 1907 374 1907 1269 1907 1270 1908 373 1908 1271 1908 374 1909 373 1909 1270 1909 1271 1910 372 1910 1272 1910 373 1911 372 1911 1271 1911 1272 1912 371 1912 1273 1912 372 1913 371 1913 1272 1913 1273 1914 370 1914 1274 1914 371 1915 370 1915 1273 1915 1274 1916 369 1916 1275 1916 370 1917 369 1917 1274 1917 1275 1918 368 1918 1276 1918 369 1919 368 1919 1275 1919 1276 1920 367 1920 1277 1920 1277 1921 367 1921 1278 1921 368 1922 367 1922 1276 1922 367 1923 366 1923 1278 1923 1278 1924 366 1924 1279 1924 366 1925 365 1925 1279 1925 365 1926 364 1926 1279 1926 1279 1927 364 1927 1280 1927 364 1928 363 1928 1280 1928 1280 1929 363 1929 1281 1929 363 1930 362 1930 1281 1930 1281 1931 362 1931 1282 1931 362 1932 359 1932 1282 1932 1282 1933 359 1933 1283 1933 359 1934 358 1934 1283 1934 1283 1935 358 1935 1284 1935 358 1936 360 1936 1284 1936 1284 1937 360 1937 1285 1937 360 1938 361 1938 1285 1938 1285 1939 361 1939 1286 1939 1286 1940 361 1940 1287 1940 361 1941 341 1941 1287 1941 1287 1942 340 1942 1288 1942 341 1943 340 1943 1287 1943 1288 1944 339 1944 1289 1944 340 1945 339 1945 1288 1945 1289 1946 338 1946 1290 1946 1290 1947 338 1947 1291 1947 339 1948 338 1948 1289 1948 338 1949 337 1949 1291 1949 1291 1950 325 1950 1292 1950 1292 1951 325 1951 1293 1951 337 1952 325 1952 1291 1952 325 1953 324 1953 1293 1953 1293 1954 326 1954 1294 1954 1294 1955 326 1955 1295 1955 324 1956 326 1956 1293 1956 326 1957 327 1957 1295 1957 1295 1958 328 1958 1296 1958 327 1959 328 1959 1295 1959 1296 1960 329 1960 1297 1960 1297 1961 329 1961 1298 1961 328 1962 329 1962 1296 1962 329 1963 330 1963 1298 1963 1298 1964 331 1964 1299 1964 330 1965 331 1965 1298 1965 1299 1966 332 1966 1300 1966 331 1967 332 1967 1299 1967 1300 1968 333 1968 1301 1968 332 1969 333 1969 1300 1969 333 1970 334 1970 1301 1970 1301 1971 334 1971 1302 1971 1302 1972 334 1972 1303 1972 334 1973 335 1973 1303 1973 1303 1974 335 1974 1304 1974 335 1975 336 1975 1304 1975 336 1976 315 1976 1304 1976 1304 1977 315 1977 1305 1977 1305 1978 315 1978 1306 1978 315 1979 313 1979 1306 1979 1306 1980 313 1980 1307 1980 313 1981 311 1981 1307 1981 1307 1982 311 1982 1308 1982 311 1983 309 1983 1308 1983 309 1984 307 1984 1308 1984 1308 1985 307 1985 1309 1985 1309 1986 307 1986 1310 1986 307 1987 305 1987 1310 1987 305 1988 303 1988 1310 1988 1310 1989 303 1989 1311 1989 303 1990 301 1990 1311 1990 1311 1991 301 1991 1312 1991 1312 1992 301 1992 1313 1992 301 1993 299 1993 1313 1993 299 1994 297 1994 1313 1994 1313 1995 297 1995 1314 1995 297 1996 295 1996 1314 1996 1314 1997 295 1997 1315 1997 295 1998 293 1998 1315 1998 1315 1999 293 1999 1316 1999 1316 2000 293 2000 1317 2000 293 2001 291 2001 1317 2001 291 2002 287 2002 1317 2002 1317 2003 287 2003 1318 2003 287 2004 289 2004 1318 2004 1318 2005 289 2005 1319 2005 1319 2006 289 2006 1320 2006 289 2007 290 2007 1320 2007 290 2008 292 2008 1320 2008 1320 2009 292 2009 1321 2009 292 2010 294 2010 1321 2010 1321 2011 294 2011 1322 2011 1322 2012 296 2012 1323 2012 294 2013 296 2013 1322 2013 1323 2014 296 2014 1324 2014 296 2015 298 2015 1324 2015 1324 2016 300 2016 1325 2016 298 2017 300 2017 1324 2017 1325 2018 302 2018 1326 2018 300 2019 302 2019 1325 2019 1326 2020 304 2020 1327 2020 302 2021 304 2021 1326 2021 304 2022 306 2022 1327 2022 1327 2023 306 2023 1328 2023 306 2024 308 2024 1328 2024 1328 2025 308 2025 1329 2025 308 2026 310 2026 1329 2026 1329 2027 310 2027 1330 2027 310 2028 312 2028 1330 2028 1330 2029 312 2029 1331 2029 1331 2030 312 2030 1332 2030 312 2031 314 2031 1332 2031 314 2032 316 2032 1332 2032 1332 2033 316 2033 1333 2033 316 2034 317 2034 1333 2034 1333 2035 317 2035 1334 2035 317 2036 318 2036 1334 2036 1334 2037 318 2037 1335 2037 318 2038 319 2038 1335 2038 1335 2039 319 2039 1336 2039 319 2040 320 2040 1336 2040 1336 2041 320 2041 1337 2041 320 2042 321 2042 1337 2042 1337 2043 321 2043 1338 2043 321 2044 322 2044 1338 2044 1338 2045 322 2045 1339 2045 1339 2046 571 2046 1340 2046 322 2047 571 2047 1339 2047 1340 2048 572 2048 1341 2048 571 2049 572 2049 1340 2049 1341 2050 573 2050 1342 2050 572 2051 573 2051 1341 2051 1342 2052 574 2052 1343 2052 573 2053 574 2053 1342 2053 1343 2054 575 2054 1344 2054 1344 2055 575 2055 1345 2055 574 2056 575 2056 1343 2056 575 2057 398 2057 1345 2057 1345 2058 394 2058 1346 2058 398 2059 394 2059 1345 2059 1346 2060 387 2060 1347 2060 394 2061 387 2061 1346 2061 1347 2062 384 2062 1348 2062 387 2063 384 2063 1347 2063 1348 2064 379 2064 1349 2064 384 2065 379 2065 1348 2065 1349 2066 378 2066 1350 2066 379 2067 378 2067 1349 2067 1350 2068 381 2068 1351 2068 378 2069 381 2069 1350 2069 381 2070 382 2070 1351 2070 1351 2071 382 2071 1352 2071 382 2072 389 2072 1352 2072 1352 2073 389 2073 1353 2073 389 2074 390 2074 1353 2074 1353 2075 390 2075 1354 2075 390 2076 396 2076 1354 2076 1354 2077 396 2077 1355 2077 396 2078 400 2078 1355 2078 1355 2079 400 2079 1356 2079 1356 2080 402 2080 1357 2080 400 2081 402 2081 1356 2081 1357 2082 404 2082 1358 2082 402 2083 404 2083 1357 2083 1358 2084 406 2084 1359 2084 1359 2085 406 2085 1360 2085 404 2086 406 2086 1358 2086 406 2087 408 2087 1360 2087 1360 2088 409 2088 1361 2088 408 2089 409 2089 1360 2089 1361 2090 412 2090 1362 2090 409 2091 412 2091 1361 2091 1362 2092 414 2092 1363 2092 412 2093 414 2093 1362 2093 1363 2094 416 2094 1364 2094 414 2095 416 2095 1363 2095 1364 2096 417 2096 1365 2096 1365 2097 417 2097 1240 2097 416 2098 417 2098 1364 2098 417 2099 429 2099 1240 2099 526 2100 525 2100 1366 2100 1366 2101 525 2101 1367 2101 1367 2102 527 2102 1368 2102 525 2103 527 2103 1367 2103 1368 2104 528 2104 1369 2104 527 2105 528 2105 1368 2105 1369 2106 529 2106 1370 2106 528 2107 529 2107 1369 2107 1370 2108 530 2108 1371 2108 529 2109 530 2109 1370 2109 1371 2110 531 2110 1372 2110 530 2111 531 2111 1371 2111 1372 2112 532 2112 1373 2112 1373 2113 532 2113 1374 2113 531 2114 532 2114 1372 2114 532 2115 533 2115 1374 2115 1374 2116 534 2116 1375 2116 533 2117 534 2117 1374 2117 1375 2118 535 2118 1376 2118 534 2119 535 2119 1375 2119 535 2120 536 2120 1376 2120 1376 2121 536 2121 1377 2121 1377 2122 536 2122 1378 2122 536 2123 537 2123 1378 2123 537 2124 538 2124 1378 2124 1378 2125 538 2125 1379 2125 538 2126 539 2126 1379 2126 1379 2127 539 2127 1380 2127 1380 2128 540 2128 1381 2128 1381 2129 540 2129 1382 2129 539 2130 540 2130 1380 2130 540 2131 505 2131 1382 2131 1382 2132 504 2132 1383 2132 505 2133 504 2133 1382 2133 1383 2134 506 2134 1384 2134 1384 2135 506 2135 1385 2135 504 2136 506 2136 1383 2136 506 2137 507 2137 1385 2137 1385 2138 508 2138 1386 2138 507 2139 508 2139 1385 2139 1386 2140 509 2140 1387 2140 508 2141 509 2141 1386 2141 1387 2142 510 2142 1388 2142 509 2143 510 2143 1387 2143 1388 2144 511 2144 1389 2144 510 2145 511 2145 1388 2145 1389 2146 512 2146 1390 2146 511 2147 512 2147 1389 2147 1390 2148 513 2148 1391 2148 512 2149 513 2149 1390 2149 1391 2150 514 2150 1392 2150 513 2151 514 2151 1391 2151 1392 2152 515 2152 1393 2152 514 2153 515 2153 1392 2153 1393 2154 516 2154 1394 2154 1394 2155 516 2155 1395 2155 515 2156 516 2156 1393 2156 516 2157 517 2157 1395 2157 1395 2158 518 2158 1396 2158 517 2159 518 2159 1395 2159 1396 2160 519 2160 1397 2160 518 2161 519 2161 1396 2161 1397 2162 520 2162 1398 2162 519 2163 520 2163 1397 2163 1398 2164 521 2164 1399 2164 520 2165 521 2165 1398 2165 1399 2166 522 2166 1400 2166 521 2167 522 2167 1399 2167 1400 2168 523 2168 1401 2168 522 2169 523 2169 1400 2169 1401 2170 567 2170 1402 2170 523 2171 567 2171 1401 2171 1402 2172 568 2172 1403 2172 1403 2173 568 2173 1404 2173 567 2174 568 2174 1402 2174 568 2175 569 2175 1404 2175 1404 2176 569 2176 1405 2176 569 2177 570 2177 1405 2177 570 2178 500 2178 1405 2178 1405 2179 500 2179 1406 2179 500 2180 497 2180 1406 2180 1406 2181 497 2181 1407 2181 497 2182 493 2182 1407 2182 1407 2183 493 2183 1408 2183 493 2184 490 2184 1408 2184 1408 2185 490 2185 1409 2185 490 2186 487 2186 1409 2186 1409 2187 487 2187 1410 2187 487 2188 484 2188 1410 2188 1410 2189 484 2189 1411 2189 484 2190 481 2190 1411 2190 1411 2191 481 2191 1412 2191 1412 2192 481 2192 1413 2192 481 2193 478 2193 1413 2193 1413 2194 476 2194 1414 2194 478 2195 476 2195 1413 2195 1414 2196 472 2196 1415 2196 476 2197 472 2197 1414 2197 1415 2198 470 2198 1416 2198 1416 2199 470 2199 1417 2199 472 2200 470 2200 1415 2200 470 2201 466 2201 1417 2201 1417 2202 464 2202 1418 2202 1418 2203 464 2203 1419 2203 466 2204 464 2204 1417 2204 464 2205 460 2205 1419 2205 1419 2206 458 2206 1420 2206 1420 2207 458 2207 1421 2207 460 2208 458 2208 1419 2208 458 2209 454 2209 1421 2209 1421 2210 451 2210 1422 2210 454 2211 451 2211 1421 2211 1422 2212 448 2212 1423 2212 1423 2213 448 2213 1424 2213 451 2214 448 2214 1422 2214 448 2215 445 2215 1424 2215 1424 2216 442 2216 1425 2216 445 2217 442 2217 1424 2217 1425 2218 440 2218 1426 2218 442 2219 440 2219 1425 2219 1426 2220 437 2220 1427 2220 440 2221 437 2221 1426 2221 437 2222 433 2222 1427 2222 1427 2223 433 2223 1428 2223 1428 2224 433 2224 1429 2224 433 2225 431 2225 1429 2225 1429 2226 431 2226 1430 2226 431 2227 428 2227 1430 2227 428 2228 415 2228 1430 2228 1430 2229 415 2229 1431 2229 1431 2230 415 2230 1432 2230 415 2231 413 2231 1432 2231 1432 2232 413 2232 1433 2232 413 2233 411 2233 1433 2233 1433 2234 411 2234 1434 2234 411 2235 410 2235 1434 2235 410 2236 407 2236 1434 2236 1434 2237 407 2237 1435 2237 1435 2238 407 2238 1436 2238 407 2239 405 2239 1436 2239 405 2240 403 2240 1436 2240 1436 2241 403 2241 1437 2241 403 2242 401 2242 1437 2242 1437 2243 401 2243 1438 2243 1438 2244 401 2244 1439 2244 401 2245 399 2245 1439 2245 399 2246 395 2246 1439 2246 1439 2247 395 2247 1440 2247 395 2248 392 2248 1440 2248 1440 2249 392 2249 1441 2249 392 2250 388 2250 1441 2250 1441 2251 388 2251 1442 2251 1442 2252 388 2252 1443 2252 388 2253 385 2253 1443 2253 385 2254 380 2254 1443 2254 1443 2255 380 2255 1444 2255 380 2256 377 2256 1444 2256 1444 2257 377 2257 1445 2257 1445 2258 377 2258 1446 2258 377 2259 383 2259 1446 2259 383 2260 386 2260 1446 2260 1446 2261 386 2261 1447 2261 386 2262 391 2262 1447 2262 1447 2263 391 2263 1448 2263 1448 2264 393 2264 1449 2264 391 2265 393 2265 1448 2265 1449 2266 393 2266 1450 2266 393 2267 397 2267 1450 2267 1450 2268 420 2268 1451 2268 397 2269 420 2269 1450 2269 1451 2270 419 2270 1452 2270 420 2271 419 2271 1451 2271 1452 2272 421 2272 1453 2272 419 2273 421 2273 1452 2273 421 2274 422 2274 1453 2274 1453 2275 422 2275 1454 2275 422 2276 423 2276 1454 2276 1454 2277 423 2277 1455 2277 423 2278 424 2278 1455 2278 1455 2279 424 2279 1456 2279 424 2280 425 2280 1456 2280 1456 2281 425 2281 1457 2281 1457 2282 425 2282 1458 2282 425 2283 426 2283 1458 2283 426 2284 427 2284 1458 2284 1458 2285 427 2285 1459 2285 427 2286 430 2286 1459 2286 1459 2287 430 2287 1460 2287 430 2288 432 2288 1460 2288 1460 2289 432 2289 1461 2289 432 2290 436 2290 1461 2290 1461 2291 436 2291 1462 2291 436 2292 439 2292 1462 2292 1462 2293 439 2293 1463 2293 439 2294 441 2294 1463 2294 1463 2295 441 2295 1464 2295 441 2296 444 2296 1464 2296 1464 2297 444 2297 1465 2297 1465 2298 447 2298 1466 2298 444 2299 447 2299 1465 2299 1466 2300 450 2300 1467 2300 447 2301 450 2301 1466 2301 1467 2302 453 2302 1468 2302 450 2303 453 2303 1467 2303 1468 2304 457 2304 1469 2304 453 2305 457 2305 1468 2305 1469 2306 459 2306 1470 2306 1470 2307 459 2307 1471 2307 457 2308 459 2308 1469 2308 459 2309 463 2309 1471 2309 1471 2310 465 2310 1472 2310 463 2311 465 2311 1471 2311 1472 2312 469 2312 1473 2312 465 2313 469 2313 1472 2313 1473 2314 471 2314 1474 2314 469 2315 471 2315 1473 2315 1474 2316 475 2316 1475 2316 471 2317 475 2317 1474 2317 1475 2318 477 2318 1476 2318 475 2319 477 2319 1475 2319 1476 2320 480 2320 1477 2320 477 2321 480 2321 1476 2321 480 2322 483 2322 1477 2322 1477 2323 483 2323 1478 2323 483 2324 486 2324 1478 2324 1478 2325 486 2325 1479 2325 486 2326 489 2326 1479 2326 1479 2327 489 2327 1480 2327 489 2328 492 2328 1480 2328 1480 2329 492 2329 1481 2329 492 2330 496 2330 1481 2330 1481 2331 496 2331 1482 2331 1482 2332 499 2332 1483 2332 496 2333 499 2333 1482 2333 1483 2334 501 2334 1484 2334 499 2335 501 2335 1483 2335 1484 2336 502 2336 1485 2336 1485 2337 502 2337 1486 2337 501 2338 502 2338 1484 2338 502 2339 561 2339 1486 2339 1486 2340 560 2340 1487 2340 561 2341 560 2341 1486 2341 1487 2342 542 2342 1488 2342 560 2343 542 2343 1487 2343 1488 2344 541 2344 1489 2344 542 2345 541 2345 1488 2345 1489 2346 543 2346 1490 2346 541 2347 543 2347 1489 2347 1490 2348 544 2348 1491 2348 1491 2349 544 2349 1366 2349 543 2350 544 2350 1490 2350 544 2351 526 2351 1366 2351 1492 2352 1493 2352 576 2352 576 2353 1493 2353 577 2353 1492 2354 576 2354 589 2354 1494 2355 589 2355 588 2355 1494 2356 1492 2356 589 2356 1495 2357 588 2357 587 2357 1495 2358 1494 2358 588 2358 1496 2359 587 2359 594 2359 1496 2360 1495 2360 587 2360 1497 2361 594 2361 593 2361 1497 2362 1496 2362 594 2362 1498 2363 593 2363 599 2363 1498 2364 1497 2364 593 2364 1499 2365 599 2365 598 2365 1499 2366 1498 2366 599 2366 1500 2367 598 2367 604 2367 1500 2368 1499 2368 598 2368 1501 2369 604 2369 603 2369 1501 2370 1500 2370 604 2370 1502 2371 1501 2371 603 2371 1502 2372 603 2372 609 2372 1503 2373 1502 2373 609 2373 1503 2374 609 2374 608 2374 1504 2375 1503 2375 608 2375 1504 2376 608 2376 614 2376 1505 2377 1504 2377 614 2377 1505 2378 614 2378 613 2378 1506 2379 1505 2379 613 2379 1506 2380 613 2380 619 2380 1507 2381 1506 2381 619 2381 1507 2382 619 2382 618 2382 1508 2383 1507 2383 618 2383 1508 2384 618 2384 624 2384 1509 2385 1508 2385 624 2385 1509 2386 624 2386 623 2386 1510 2387 1509 2387 623 2387 1510 2388 623 2388 629 2388 1511 2389 1510 2389 629 2389 1511 2390 629 2390 628 2390 1512 2391 1511 2391 628 2391 1513 2392 634 2392 633 2392 1513 2393 628 2393 634 2393 1513 2394 1512 2394 628 2394 1514 2395 633 2395 639 2395 1514 2396 1513 2396 633 2396 1515 2397 639 2397 638 2397 1515 2398 1514 2398 639 2398 1516 2399 1515 2399 638 2399 1517 2400 643 2400 642 2400 1517 2401 638 2401 643 2401 1517 2402 1516 2402 638 2402 1518 2403 1517 2403 642 2403 1519 2404 648 2404 647 2404 1519 2405 642 2405 648 2405 1519 2406 1518 2406 642 2406 1520 2407 647 2407 651 2407 1520 2408 1519 2408 647 2408 1521 2409 651 2409 650 2409 1521 2410 1520 2410 651 2410 1522 2411 1521 2411 650 2411 1523 2412 654 2412 653 2412 1523 2413 650 2413 654 2413 1523 2414 1522 2414 650 2414 1524 2415 653 2415 645 2415 1524 2416 1523 2416 653 2416 1525 2417 1524 2417 645 2417 1526 2418 659 2418 667 2418 1527 2419 667 2419 666 2419 1527 2420 1526 2420 667 2420 1528 2421 666 2421 665 2421 1528 2422 1527 2422 666 2422 1529 2423 665 2423 672 2423 1529 2424 1528 2424 665 2424 1530 2425 672 2425 671 2425 1530 2426 1529 2426 672 2426 1531 2427 671 2427 677 2427 1531 2428 1530 2428 671 2428 1532 2429 677 2429 676 2429 1532 2430 1531 2430 677 2430 1533 2431 676 2431 682 2431 1533 2432 1532 2432 676 2432 1534 2433 682 2433 681 2433 1534 2434 1533 2434 682 2434 1535 2435 1534 2435 681 2435 1535 2436 681 2436 687 2436 1536 2437 1535 2437 687 2437 1536 2438 687 2438 686 2438 1537 2439 1536 2439 686 2439 1537 2440 686 2440 692 2440 1538 2441 1537 2441 692 2441 1538 2442 692 2442 691 2442 1539 2443 1538 2443 691 2443 1539 2444 691 2444 697 2444 1540 2445 1539 2445 697 2445 1540 2446 697 2446 696 2446 1541 2447 1540 2447 696 2447 1541 2448 696 2448 702 2448 1542 2449 1541 2449 702 2449 1542 2450 702 2450 701 2450 1543 2451 1542 2451 701 2451 1543 2452 701 2452 707 2452 1544 2453 1543 2453 707 2453 1544 2454 707 2454 706 2454 1545 2455 1544 2455 706 2455 1546 2456 712 2456 711 2456 1546 2457 706 2457 712 2457 1546 2458 1545 2458 706 2458 1547 2459 711 2459 717 2459 1547 2460 1546 2460 711 2460 1548 2461 1547 2461 717 2461 1549 2462 716 2462 721 2462 1549 2463 717 2463 716 2463 1549 2464 1548 2464 717 2464 1550 2465 721 2465 720 2465 1550 2466 1549 2466 721 2466 1551 2467 720 2467 725 2467 1551 2468 1550 2468 720 2468 1552 2469 1551 2469 725 2469 1553 2470 725 2470 724 2470 1553 2471 1552 2471 725 2471 1554 2472 728 2472 727 2472 1554 2473 724 2473 728 2473 1554 2474 1553 2474 724 2474 1555 2475 1554 2475 727 2475 1556 2476 731 2476 730 2476 1556 2477 727 2477 731 2477 1556 2478 1555 2478 727 2478 1557 2479 1556 2479 730 2479 1493 2480 730 2480 577 2480 1493 2481 1557 2481 730 2481 1558 2482 1525 2482 732 2482 732 2483 1525 2483 645 2483 1526 2484 1559 2484 659 2484 659 2485 1559 2485 733 2485 1558 2486 732 2486 745 2486 1560 2487 745 2487 744 2487 1560 2488 1558 2488 745 2488 1561 2489 744 2489 743 2489 1561 2490 1560 2490 744 2490 1562 2491 743 2491 750 2491 1562 2492 1561 2492 743 2492 1563 2493 750 2493 749 2493 1563 2494 1562 2494 750 2494 1564 2495 749 2495 755 2495 1564 2496 1563 2496 749 2496 1565 2497 755 2497 754 2497 1565 2498 1564 2498 755 2498 1566 2499 754 2499 760 2499 1566 2500 1565 2500 754 2500 1567 2501 760 2501 759 2501 1567 2502 1566 2502 760 2502 1568 2503 1567 2503 759 2503 1568 2504 759 2504 765 2504 1569 2505 1568 2505 765 2505 1569 2506 765 2506 764 2506 1570 2507 1569 2507 764 2507 1570 2508 764 2508 770 2508 1571 2509 1570 2509 770 2509 1571 2510 770 2510 769 2510 1572 2511 1571 2511 769 2511 1572 2512 769 2512 775 2512 1573 2513 1572 2513 775 2513 1573 2514 775 2514 774 2514 1574 2515 1573 2515 774 2515 1574 2516 774 2516 780 2516 1575 2517 1574 2517 780 2517 1575 2518 780 2518 779 2518 1576 2519 1575 2519 779 2519 1577 2520 1576 2520 779 2520 1577 2521 785 2521 784 2521 1577 2522 779 2522 785 2522 1578 2523 1577 2523 784 2523 1579 2524 784 2524 790 2524 1579 2525 1578 2525 784 2525 1580 2526 1579 2526 790 2526 1580 2527 790 2527 789 2527 1581 2528 789 2528 795 2528 1581 2529 1580 2529 789 2529 1582 2530 795 2530 794 2530 1582 2531 1581 2531 795 2531 1583 2532 799 2532 798 2532 1583 2533 794 2533 799 2533 1583 2534 1582 2534 794 2534 1584 2535 1583 2535 798 2535 1585 2536 798 2536 804 2536 1585 2537 1584 2537 798 2537 1586 2538 804 2538 803 2538 1586 2539 1585 2539 804 2539 1587 2540 803 2540 807 2540 1587 2541 1586 2541 803 2541 1588 2542 807 2542 806 2542 1588 2543 1587 2543 807 2543 1589 2544 810 2544 809 2544 1589 2545 806 2545 810 2545 1589 2546 1588 2546 806 2546 1590 2547 1589 2547 809 2547 1591 2548 809 2548 801 2548 1591 2549 1590 2549 809 2549 1592 2550 1593 2550 815 2550 1592 2551 815 2551 823 2551 1594 2552 823 2552 822 2552 1594 2553 1592 2553 823 2553 1595 2554 822 2554 821 2554 1595 2555 1594 2555 822 2555 1596 2556 821 2556 828 2556 1596 2557 1595 2557 821 2557 1597 2558 828 2558 827 2558 1597 2559 1596 2559 828 2559 1598 2560 827 2560 833 2560 1598 2561 1597 2561 827 2561 1599 2562 832 2562 838 2562 1599 2563 833 2563 832 2563 1599 2564 1598 2564 833 2564 1600 2565 1599 2565 838 2565 1601 2566 1600 2566 838 2566 1601 2567 838 2567 837 2567 1602 2568 1601 2568 837 2568 1602 2569 837 2569 843 2569 1603 2570 1602 2570 843 2570 1603 2571 842 2571 848 2571 1603 2572 843 2572 842 2572 1604 2573 1603 2573 848 2573 1605 2574 1604 2574 848 2574 1605 2575 848 2575 847 2575 1606 2576 1605 2576 847 2576 1606 2577 847 2577 853 2577 1607 2578 1606 2578 853 2578 1607 2579 853 2579 852 2579 1608 2580 1607 2580 852 2580 1608 2581 852 2581 858 2581 1609 2582 1608 2582 858 2582 1609 2583 858 2583 857 2583 1610 2584 1609 2584 857 2584 1610 2585 857 2585 863 2585 1611 2586 862 2586 868 2586 1611 2587 863 2587 862 2587 1611 2588 1610 2588 863 2588 1612 2589 1611 2589 868 2589 1613 2590 867 2590 873 2590 1613 2591 868 2591 867 2591 1613 2592 1612 2592 868 2592 1614 2593 1613 2593 873 2593 1615 2594 872 2594 877 2594 1615 2595 873 2595 872 2595 1615 2596 1614 2596 873 2596 1616 2597 1615 2597 877 2597 1617 2598 877 2598 876 2598 1617 2599 1616 2599 877 2599 1618 2600 876 2600 881 2600 1618 2601 1617 2601 876 2601 1619 2602 880 2602 884 2602 1619 2603 881 2603 880 2603 1619 2604 1618 2604 881 2604 1620 2605 1619 2605 884 2605 1621 2606 884 2606 883 2606 1621 2607 1620 2607 884 2607 1622 2608 887 2608 886 2608 1622 2609 883 2609 887 2609 1622 2610 1621 2610 883 2610 1623 2611 1622 2611 886 2611 1559 2612 886 2612 733 2612 1559 2613 1623 2613 886 2613 1593 2614 1591 2614 815 2614 815 2615 1591 2615 801 2615 1624 2616 966 2616 967 2616 1625 2617 965 2617 966 2617 1625 2618 966 2618 1624 2618 1626 2619 1624 2619 967 2619 1626 2620 967 2620 968 2620 1626 2621 968 2621 969 2621 1627 2622 965 2622 1625 2622 1627 2623 964 2623 965 2623 1628 2624 1626 2624 969 2624 1628 2625 969 2625 970 2625 1629 2626 964 2626 1627 2626 1629 2627 963 2627 964 2627 1630 2628 1628 2628 970 2628 1630 2629 970 2629 971 2629 1631 2630 963 2630 1629 2630 1631 2631 962 2631 963 2631 1632 2632 1630 2632 971 2632 1632 2633 971 2633 972 2633 1633 2634 962 2634 1631 2634 1633 2635 960 2635 961 2635 1633 2636 961 2636 962 2636 1634 2637 1632 2637 972 2637 1634 2638 972 2638 973 2638 1635 2639 960 2639 1633 2639 1635 2640 959 2640 960 2640 1636 2641 1634 2641 973 2641 1636 2642 973 2642 974 2642 1636 2643 974 2643 975 2643 1637 2644 959 2644 1635 2644 1637 2645 958 2645 959 2645 1638 2646 975 2646 976 2646 1638 2647 1636 2647 975 2647 1639 2648 958 2648 1637 2648 1639 2649 957 2649 958 2649 1640 2650 1638 2650 976 2650 1640 2651 976 2651 977 2651 1641 2652 957 2652 1639 2652 1641 2653 956 2653 957 2653 1642 2654 1640 2654 977 2654 1642 2655 977 2655 978 2655 1643 2656 956 2656 1641 2656 1643 2657 955 2657 956 2657 1644 2658 1642 2658 978 2658 1644 2659 978 2659 979 2659 1645 2660 955 2660 1643 2660 1645 2661 953 2661 954 2661 1645 2662 954 2662 955 2662 1646 2663 1644 2663 979 2663 1646 2664 979 2664 980 2664 1647 2665 953 2665 1645 2665 1647 2666 952 2666 953 2666 1648 2667 1646 2667 980 2667 1648 2668 980 2668 981 2668 1648 2669 981 2669 982 2669 1649 2670 951 2670 952 2670 1649 2671 952 2671 1647 2671 1650 2672 1648 2672 982 2672 1650 2673 982 2673 983 2673 1651 2674 951 2674 1649 2674 1651 2675 950 2675 951 2675 1652 2676 1650 2676 983 2676 1652 2677 983 2677 984 2677 1653 2678 949 2678 950 2678 1653 2679 950 2679 1651 2679 1654 2680 1652 2680 984 2680 1654 2681 984 2681 985 2681 1655 2682 947 2682 948 2682 1655 2683 948 2683 949 2683 1655 2684 949 2684 1653 2684 1656 2685 1654 2685 985 2685 1656 2686 985 2686 986 2686 1657 2687 946 2687 947 2687 1657 2688 947 2688 1655 2688 1658 2689 1656 2689 986 2689 1658 2690 986 2690 987 2690 1658 2691 987 2691 988 2691 1659 2692 945 2692 946 2692 1659 2693 946 2693 1657 2693 1660 2694 988 2694 989 2694 1660 2695 1658 2695 988 2695 1661 2696 945 2696 1659 2696 1661 2697 944 2697 945 2697 1662 2698 989 2698 990 2698 1662 2699 1660 2699 989 2699 1663 2700 944 2700 1661 2700 1663 2701 943 2701 944 2701 1664 2702 990 2702 991 2702 1664 2703 1662 2703 990 2703 1665 2704 943 2704 1663 2704 1665 2705 942 2705 943 2705 1666 2706 991 2706 992 2706 1666 2707 1664 2707 991 2707 1667 2708 942 2708 1665 2708 1667 2709 940 2709 941 2709 1667 2710 941 2710 942 2710 1668 2711 992 2711 993 2711 1668 2712 1666 2712 992 2712 1669 2713 940 2713 1667 2713 1669 2714 939 2714 940 2714 1670 2715 993 2715 994 2715 1670 2716 994 2716 995 2716 1670 2717 1668 2717 993 2717 1671 2718 939 2718 1669 2718 1671 2719 938 2719 939 2719 1672 2720 995 2720 996 2720 1672 2721 1670 2721 995 2721 1673 2722 938 2722 1671 2722 1673 2723 937 2723 938 2723 1674 2724 996 2724 997 2724 1674 2725 1672 2725 996 2725 1675 2726 936 2726 937 2726 1675 2727 937 2727 1673 2727 1676 2728 1674 2728 997 2728 998 2729 1676 2729 997 2729 1677 2730 936 2730 1675 2730 1678 2731 1676 2731 998 2731 935 2732 936 2732 1677 2732 1679 2733 935 2733 1677 2733 999 2734 1678 2734 998 2734 1680 2735 1678 2735 999 2735 934 2736 935 2736 1679 2736 1000 2737 1681 2737 1680 2737 1000 2738 1680 2738 999 2738 933 2739 934 2739 1679 2739 933 2740 1679 2740 1682 2740 1001 2741 1681 2741 1000 2741 932 2742 933 2742 1682 2742 932 2743 1682 2743 1683 2743 1002 2744 1684 2744 1681 2744 1002 2745 1681 2745 1001 2745 931 2746 932 2746 1683 2746 931 2747 1683 2747 1685 2747 1003 2748 1684 2748 1002 2748 1003 2749 1686 2749 1684 2749 930 2750 931 2750 1685 2750 930 2751 1685 2751 1687 2751 1004 2752 1686 2752 1003 2752 1004 2753 1688 2753 1686 2753 929 2754 930 2754 1687 2754 929 2755 1687 2755 1689 2755 1005 2756 1688 2756 1004 2756 1005 2757 1690 2757 1688 2757 928 2758 929 2758 1689 2758 1006 2759 1691 2759 1690 2759 1006 2760 1690 2760 1005 2760 927 2761 928 2761 1689 2761 927 2762 1689 2762 1692 2762 1007 2763 1691 2763 1006 2763 926 2764 927 2764 1692 2764 926 2765 1692 2765 1693 2765 1008 2766 1694 2766 1691 2766 1008 2767 1691 2767 1007 2767 925 2768 1693 2768 1695 2768 925 2769 926 2769 1693 2769 1009 2770 1694 2770 1008 2770 1009 2771 1696 2771 1694 2771 924 2772 1695 2772 1697 2772 924 2773 925 2773 1695 2773 1010 2774 1698 2774 1696 2774 1010 2775 1696 2775 1009 2775 923 2776 1697 2776 1699 2776 923 2777 924 2777 1697 2777 1011 2778 1700 2778 1698 2778 1011 2779 1698 2779 1010 2779 922 2780 1699 2780 1701 2780 922 2781 923 2781 1699 2781 1012 2782 1702 2782 1700 2782 1012 2783 1700 2783 1011 2783 921 2784 922 2784 1701 2784 1013 2785 1703 2785 1702 2785 1013 2786 1702 2786 1012 2786 920 2787 1701 2787 1704 2787 920 2788 921 2788 1701 2788 888 2789 1703 2789 1013 2789 919 2790 1704 2790 1705 2790 919 2791 920 2791 1704 2791 889 2792 1706 2792 1703 2792 889 2793 1703 2793 888 2793 918 2794 1705 2794 1707 2794 918 2795 919 2795 1705 2795 890 2796 1706 2796 889 2796 890 2797 1708 2797 1706 2797 917 2798 1707 2798 1709 2798 917 2799 918 2799 1707 2799 891 2800 1710 2800 1708 2800 891 2801 1708 2801 890 2801 916 2802 1709 2802 1711 2802 916 2803 917 2803 1709 2803 892 2804 1712 2804 1710 2804 892 2805 1710 2805 891 2805 915 2806 916 2806 1711 2806 893 2807 1712 2807 892 2807 893 2808 1713 2808 1712 2808 914 2809 1711 2809 1714 2809 914 2810 915 2810 1711 2810 894 2811 1715 2811 1713 2811 894 2812 1713 2812 893 2812 913 2813 1714 2813 1716 2813 913 2814 914 2814 1714 2814 895 2815 1715 2815 894 2815 912 2816 1716 2816 1717 2816 912 2817 913 2817 1716 2817 896 2818 1718 2818 1715 2818 896 2819 1715 2819 895 2819 911 2820 1717 2820 1719 2820 911 2821 912 2821 1717 2821 897 2822 1720 2822 1718 2822 897 2823 1718 2823 896 2823 910 2824 1719 2824 1721 2824 910 2825 911 2825 1719 2825 898 2826 1722 2826 1720 2826 898 2827 1720 2827 897 2827 909 2828 1721 2828 1723 2828 909 2829 910 2829 1721 2829 899 2830 1724 2830 1722 2830 899 2831 1722 2831 898 2831 908 2832 909 2832 1723 2832 900 2833 1725 2833 1724 2833 900 2834 1724 2834 899 2834 907 2835 1723 2835 1726 2835 907 2836 908 2836 1723 2836 901 2837 1725 2837 900 2837 906 2838 1726 2838 1727 2838 906 2839 907 2839 1726 2839 902 2840 1728 2840 1725 2840 902 2841 1725 2841 901 2841 905 2842 1727 2842 1729 2842 905 2843 906 2843 1727 2843 903 2844 1730 2844 1728 2844 903 2845 1728 2845 902 2845 904 2846 905 2846 1729 2846 904 2847 1729 2847 1730 2847 904 2848 1730 2848 903 2848 1731 2849 1092 2849 1093 2849 1732 2850 1091 2850 1092 2850 1732 2851 1092 2851 1731 2851 1733 2852 1093 2852 1094 2852 1733 2853 1094 2853 1095 2853 1733 2854 1731 2854 1093 2854 1734 2855 1091 2855 1732 2855 1734 2856 1090 2856 1091 2856 1735 2857 1733 2857 1095 2857 1735 2858 1095 2858 1096 2858 1736 2859 1090 2859 1734 2859 1736 2860 1089 2860 1090 2860 1737 2861 1735 2861 1096 2861 1737 2862 1096 2862 1097 2862 1738 2863 1089 2863 1736 2863 1738 2864 1088 2864 1089 2864 1739 2865 1737 2865 1097 2865 1739 2866 1097 2866 1098 2866 1740 2867 1088 2867 1738 2867 1740 2868 1086 2868 1087 2868 1740 2869 1087 2869 1088 2869 1741 2870 1739 2870 1098 2870 1741 2871 1098 2871 1099 2871 1742 2872 1086 2872 1740 2872 1742 2873 1085 2873 1086 2873 1743 2874 1741 2874 1099 2874 1743 2875 1099 2875 1100 2875 1743 2876 1100 2876 1101 2876 1744 2877 1085 2877 1742 2877 1744 2878 1084 2878 1085 2878 1745 2879 1743 2879 1101 2879 1745 2880 1101 2880 1102 2880 1746 2881 1084 2881 1744 2881 1746 2882 1083 2882 1084 2882 1747 2883 1745 2883 1102 2883 1747 2884 1102 2884 1103 2884 1748 2885 1083 2885 1746 2885 1748 2886 1082 2886 1083 2886 1749 2887 1747 2887 1103 2887 1749 2888 1103 2888 1104 2888 1750 2889 1082 2889 1748 2889 1750 2890 1081 2890 1082 2890 1751 2891 1749 2891 1104 2891 1751 2892 1104 2892 1105 2892 1752 2893 1081 2893 1750 2893 1752 2894 1079 2894 1080 2894 1752 2895 1080 2895 1081 2895 1753 2896 1751 2896 1105 2896 1753 2897 1105 2897 1106 2897 1754 2898 1078 2898 1079 2898 1754 2899 1079 2899 1752 2899 1755 2900 1753 2900 1106 2900 1755 2901 1106 2901 1107 2901 1755 2902 1107 2902 1108 2902 1756 2903 1078 2903 1754 2903 1756 2904 1077 2904 1078 2904 1757 2905 1755 2905 1108 2905 1757 2906 1108 2906 1109 2906 1758 2907 1076 2907 1077 2907 1758 2908 1077 2908 1756 2908 1759 2909 1757 2909 1109 2909 1759 2910 1109 2910 1110 2910 1760 2911 1075 2911 1076 2911 1760 2912 1076 2912 1758 2912 1761 2913 1759 2913 1110 2913 1761 2914 1110 2914 1111 2914 1762 2915 1073 2915 1074 2915 1762 2916 1074 2916 1075 2916 1762 2917 1075 2917 1760 2917 1763 2918 1761 2918 1111 2918 1763 2919 1111 2919 1112 2919 1764 2920 1072 2920 1073 2920 1764 2921 1073 2921 1762 2921 1765 2922 1763 2922 1112 2922 1765 2923 1112 2923 1113 2923 1765 2924 1113 2924 1114 2924 1766 2925 1072 2925 1764 2925 1766 2926 1071 2926 1072 2926 1767 2927 1114 2927 1115 2927 1767 2928 1765 2928 1114 2928 1768 2929 1071 2929 1766 2929 1768 2930 1070 2930 1071 2930 1769 2931 1115 2931 1116 2931 1769 2932 1767 2932 1115 2932 1770 2933 1070 2933 1768 2933 1770 2934 1069 2934 1070 2934 1771 2935 1116 2935 1117 2935 1771 2936 1769 2936 1116 2936 1772 2937 1069 2937 1770 2937 1772 2938 1068 2938 1069 2938 1773 2939 1117 2939 1118 2939 1773 2940 1771 2940 1117 2940 1774 2941 1068 2941 1772 2941 1774 2942 1066 2942 1067 2942 1774 2943 1067 2943 1068 2943 1775 2944 1118 2944 1119 2944 1775 2945 1773 2945 1118 2945 1776 2946 1066 2946 1774 2946 1776 2947 1065 2947 1066 2947 1777 2948 1119 2948 1120 2948 1777 2949 1120 2949 1121 2949 1777 2950 1775 2950 1119 2950 1778 2951 1065 2951 1776 2951 1778 2952 1064 2952 1065 2952 1779 2953 1121 2953 1122 2953 1779 2954 1777 2954 1121 2954 1780 2955 1064 2955 1778 2955 1780 2956 1063 2956 1064 2956 1781 2957 1122 2957 1123 2957 1781 2958 1779 2958 1122 2958 1782 2959 1062 2959 1063 2959 1782 2960 1063 2960 1780 2960 1783 2961 1781 2961 1123 2961 1124 2962 1783 2962 1123 2962 1784 2963 1062 2963 1782 2963 1785 2964 1783 2964 1124 2964 1061 2965 1062 2965 1784 2965 1786 2966 1061 2966 1784 2966 1125 2967 1785 2967 1124 2967 1787 2968 1785 2968 1125 2968 1060 2969 1061 2969 1786 2969 1126 2970 1788 2970 1787 2970 1126 2971 1787 2971 1125 2971 1059 2972 1060 2972 1786 2972 1059 2973 1786 2973 1789 2973 1127 2974 1788 2974 1126 2974 1058 2975 1059 2975 1789 2975 1058 2976 1789 2976 1790 2976 1128 2977 1791 2977 1788 2977 1128 2978 1788 2978 1127 2978 1057 2979 1058 2979 1790 2979 1057 2980 1790 2980 1792 2980 1129 2981 1791 2981 1128 2981 1129 2982 1793 2982 1791 2982 1056 2983 1057 2983 1792 2983 1056 2984 1792 2984 1794 2984 1130 2985 1793 2985 1129 2985 1130 2986 1795 2986 1793 2986 1055 2987 1056 2987 1794 2987 1055 2988 1794 2988 1796 2988 1131 2989 1795 2989 1130 2989 1131 2990 1797 2990 1795 2990 1054 2991 1055 2991 1796 2991 1132 2992 1797 2992 1131 2992 1132 2993 1798 2993 1797 2993 1053 2994 1054 2994 1796 2994 1053 2995 1796 2995 1799 2995 1133 2996 1798 2996 1132 2996 1052 2997 1053 2997 1799 2997 1052 2998 1799 2998 1800 2998 1134 2999 1801 2999 1798 2999 1134 3000 1798 3000 1133 3000 1051 3001 1800 3001 1802 3001 1051 3002 1052 3002 1800 3002 1135 3003 1803 3003 1801 3003 1135 3004 1801 3004 1134 3004 1050 3005 1802 3005 1804 3005 1050 3006 1051 3006 1802 3006 1136 3007 1805 3007 1803 3007 1136 3008 1803 3008 1135 3008 1049 3009 1804 3009 1806 3009 1049 3010 1050 3010 1804 3010 1137 3011 1807 3011 1805 3011 1137 3012 1805 3012 1136 3012 1048 3013 1806 3013 1808 3013 1048 3014 1049 3014 1806 3014 1138 3015 1807 3015 1137 3015 1138 3016 1809 3016 1807 3016 1047 3017 1048 3017 1808 3017 1139 3018 1810 3018 1809 3018 1139 3019 1809 3019 1138 3019 1046 3020 1808 3020 1811 3020 1046 3021 1047 3021 1808 3021 1014 3022 1810 3022 1139 3022 1045 3023 1811 3023 1812 3023 1045 3024 1046 3024 1811 3024 1015 3025 1813 3025 1810 3025 1015 3026 1810 3026 1014 3026 1044 3027 1812 3027 1814 3027 1044 3028 1045 3028 1812 3028 1016 3029 1813 3029 1015 3029 1016 3030 1815 3030 1813 3030 1043 3031 1814 3031 1816 3031 1043 3032 1044 3032 1814 3032 1017 3033 1817 3033 1815 3033 1017 3034 1815 3034 1016 3034 1042 3035 1816 3035 1818 3035 1042 3036 1043 3036 1816 3036 1018 3037 1819 3037 1817 3037 1018 3038 1817 3038 1017 3038 1041 3039 1042 3039 1818 3039 1019 3040 1820 3040 1819 3040 1019 3041 1819 3041 1018 3041 1040 3042 1818 3042 1821 3042 1040 3043 1041 3043 1818 3043 1020 3044 1822 3044 1820 3044 1020 3045 1820 3045 1019 3045 1039 3046 1821 3046 1823 3046 1039 3047 1040 3047 1821 3047 1021 3048 1822 3048 1020 3048 1038 3049 1823 3049 1824 3049 1038 3050 1039 3050 1823 3050 1022 3051 1825 3051 1822 3051 1022 3052 1822 3052 1021 3052 1037 3053 1824 3053 1826 3053 1037 3054 1038 3054 1824 3054 1023 3055 1827 3055 1825 3055 1023 3056 1825 3056 1022 3056 1036 3057 1037 3057 1826 3057 1036 3058 1826 3058 1828 3058 1024 3059 1827 3059 1023 3059 1024 3060 1829 3060 1827 3060 1035 3061 1828 3061 1830 3061 1035 3062 1036 3062 1828 3062 1025 3063 1831 3063 1829 3063 1025 3064 1829 3064 1024 3064 1034 3065 1035 3065 1830 3065 1026 3066 1831 3066 1025 3066 1026 3067 1832 3067 1831 3067 1033 3068 1830 3068 1833 3068 1033 3069 1034 3069 1830 3069 1027 3070 1832 3070 1026 3070 1032 3071 1033 3071 1833 3071 1032 3072 1833 3072 1834 3072 1028 3073 1835 3073 1832 3073 1028 3074 1832 3074 1027 3074 1031 3075 1834 3075 1836 3075 1031 3076 1032 3076 1834 3076 1029 3077 1837 3077 1835 3077 1029 3078 1835 3078 1028 3078 1030 3079 1836 3079 1837 3079 1030 3080 1837 3080 1029 3080 1030 3081 1031 3081 1836 3081 1838 3082 1839 3082 1141 3082 1838 3083 1141 3083 1143 3083 1839 3084 1840 3084 1190 3084 1839 3085 1190 3085 1141 3085 1841 3086 1838 3086 1143 3086 1841 3087 1143 3087 1215 3087 1840 3088 1841 3088 1215 3088 1840 3089 1215 3089 1190 3089 1842 3090 1318 3090 1319 3090 1843 3091 1317 3091 1318 3091 1843 3092 1318 3092 1842 3092 1844 3093 1842 3093 1319 3093 1844 3094 1319 3094 1320 3094 1844 3095 1320 3095 1321 3095 1845 3096 1317 3096 1843 3096 1845 3097 1316 3097 1317 3097 1846 3098 1844 3098 1321 3098 1846 3099 1321 3099 1322 3099 1847 3100 1316 3100 1845 3100 1847 3101 1315 3101 1316 3101 1848 3102 1846 3102 1322 3102 1848 3103 1322 3103 1323 3103 1849 3104 1315 3104 1847 3104 1849 3105 1314 3105 1315 3105 1850 3106 1848 3106 1323 3106 1850 3107 1323 3107 1324 3107 1851 3108 1314 3108 1849 3108 1851 3109 1312 3109 1313 3109 1851 3110 1313 3110 1314 3110 1852 3111 1850 3111 1324 3111 1852 3112 1324 3112 1325 3112 1853 3113 1312 3113 1851 3113 1853 3114 1311 3114 1312 3114 1854 3115 1852 3115 1325 3115 1854 3116 1325 3116 1326 3116 1854 3117 1326 3117 1327 3117 1855 3118 1311 3118 1853 3118 1855 3119 1310 3119 1311 3119 1856 3120 1854 3120 1327 3120 1856 3121 1327 3121 1328 3121 1857 3122 1310 3122 1855 3122 1857 3123 1309 3123 1310 3123 1858 3124 1856 3124 1328 3124 1858 3125 1328 3125 1329 3125 1859 3126 1309 3126 1857 3126 1859 3127 1308 3127 1309 3127 1860 3128 1858 3128 1329 3128 1860 3129 1329 3129 1330 3129 1861 3130 1308 3130 1859 3130 1861 3131 1307 3131 1308 3131 1862 3132 1330 3132 1331 3132 1862 3133 1860 3133 1330 3133 1863 3134 1307 3134 1861 3134 1863 3135 1305 3135 1306 3135 1863 3136 1306 3136 1307 3136 1864 3137 1862 3137 1331 3137 1864 3138 1331 3138 1332 3138 1865 3139 1304 3139 1305 3139 1865 3140 1305 3140 1863 3140 1866 3141 1864 3141 1332 3141 1866 3142 1332 3142 1333 3142 1866 3143 1333 3143 1334 3143 1867 3144 1304 3144 1865 3144 1867 3145 1303 3145 1304 3145 1868 3146 1866 3146 1334 3146 1868 3147 1334 3147 1335 3147 1869 3148 1303 3148 1867 3148 1869 3149 1302 3149 1303 3149 1870 3150 1868 3150 1335 3150 1870 3151 1335 3151 1336 3151 1871 3152 1302 3152 1869 3152 1871 3153 1301 3153 1302 3153 1872 3154 1870 3154 1336 3154 1872 3155 1336 3155 1337 3155 1873 3156 1299 3156 1300 3156 1873 3157 1300 3157 1301 3157 1873 3158 1301 3158 1871 3158 1874 3159 1872 3159 1337 3159 1874 3160 1337 3160 1338 3160 1875 3161 1299 3161 1873 3161 1875 3162 1298 3162 1299 3162 1876 3163 1874 3163 1338 3163 1876 3164 1338 3164 1339 3164 1876 3165 1339 3165 1340 3165 1877 3166 1297 3166 1298 3166 1877 3167 1298 3167 1875 3167 1878 3168 1340 3168 1341 3168 1878 3169 1876 3169 1340 3169 1879 3170 1297 3170 1877 3170 1879 3171 1296 3171 1297 3171 1880 3172 1341 3172 1342 3172 1880 3173 1878 3173 1341 3173 1881 3174 1296 3174 1879 3174 1881 3175 1295 3175 1296 3175 1882 3176 1342 3176 1343 3176 1882 3177 1880 3177 1342 3177 1883 3178 1295 3178 1881 3178 1883 3179 1294 3179 1295 3179 1884 3180 1882 3180 1343 3180 1884 3181 1343 3181 1344 3181 1885 3182 1294 3182 1883 3182 1885 3183 1292 3183 1293 3183 1885 3184 1293 3184 1294 3184 1886 3185 1344 3185 1345 3185 1886 3186 1884 3186 1344 3186 1887 3187 1292 3187 1885 3187 1887 3188 1291 3188 1292 3188 1888 3189 1345 3189 1346 3189 1888 3190 1346 3190 1347 3190 1888 3191 1886 3191 1345 3191 1889 3192 1291 3192 1887 3192 1889 3193 1290 3193 1291 3193 1890 3194 1347 3194 1348 3194 1890 3195 1888 3195 1347 3195 1891 3196 1290 3196 1889 3196 1891 3197 1289 3197 1290 3197 1892 3198 1348 3198 1349 3198 1892 3199 1890 3199 1348 3199 1893 3200 1289 3200 1891 3200 1893 3201 1288 3201 1289 3201 1894 3202 1892 3202 1349 3202 1350 3203 1894 3203 1349 3203 1895 3204 1288 3204 1893 3204 1896 3205 1894 3205 1350 3205 1287 3206 1288 3206 1895 3206 1897 3207 1287 3207 1895 3207 1351 3208 1896 3208 1350 3208 1898 3209 1896 3209 1351 3209 1286 3210 1287 3210 1897 3210 1352 3211 1899 3211 1898 3211 1352 3212 1898 3212 1351 3212 1285 3213 1286 3213 1897 3213 1285 3214 1897 3214 1900 3214 1353 3215 1899 3215 1352 3215 1284 3216 1285 3216 1900 3216 1284 3217 1900 3217 1901 3217 1354 3218 1902 3218 1899 3218 1354 3219 1899 3219 1353 3219 1283 3220 1284 3220 1901 3220 1283 3221 1901 3221 1903 3221 1355 3222 1902 3222 1354 3222 1355 3223 1904 3223 1902 3223 1282 3224 1283 3224 1903 3224 1282 3225 1903 3225 1905 3225 1356 3226 1904 3226 1355 3226 1356 3227 1906 3227 1904 3227 1281 3228 1282 3228 1905 3228 1281 3229 1905 3229 1907 3229 1357 3230 1906 3230 1356 3230 1357 3231 1908 3231 1906 3231 1280 3232 1281 3232 1907 3232 1358 3233 1909 3233 1908 3233 1358 3234 1908 3234 1357 3234 1279 3235 1280 3235 1907 3235 1279 3236 1907 3236 1910 3236 1359 3237 1909 3237 1358 3237 1278 3238 1279 3238 1910 3238 1278 3239 1910 3239 1911 3239 1360 3240 1912 3240 1909 3240 1360 3241 1909 3241 1359 3241 1277 3242 1911 3242 1913 3242 1277 3243 1278 3243 1911 3243 1361 3244 1914 3244 1912 3244 1361 3245 1912 3245 1360 3245 1276 3246 1913 3246 1915 3246 1276 3247 1277 3247 1913 3247 1362 3248 1916 3248 1914 3248 1362 3249 1914 3249 1361 3249 1275 3250 1915 3250 1917 3250 1275 3251 1276 3251 1915 3251 1363 3252 1918 3252 1916 3252 1363 3253 1916 3253 1362 3253 1274 3254 1917 3254 1919 3254 1274 3255 1275 3255 1917 3255 1364 3256 1918 3256 1363 3256 1364 3257 1920 3257 1918 3257 1273 3258 1274 3258 1919 3258 1365 3259 1920 3259 1364 3259 1365 3260 1921 3260 1920 3260 1272 3261 1919 3261 1922 3261 1272 3262 1273 3262 1919 3262 1240 3263 1921 3263 1365 3263 1271 3264 1922 3264 1923 3264 1271 3265 1272 3265 1922 3265 1241 3266 1924 3266 1921 3266 1241 3267 1921 3267 1240 3267 1270 3268 1923 3268 1925 3268 1270 3269 1271 3269 1923 3269 1242 3270 1924 3270 1241 3270 1242 3271 1926 3271 1924 3271 1269 3272 1925 3272 1927 3272 1269 3273 1270 3273 1925 3273 1243 3274 1928 3274 1926 3274 1243 3275 1926 3275 1242 3275 1268 3276 1927 3276 1929 3276 1268 3277 1269 3277 1927 3277 1244 3278 1928 3278 1243 3278 1244 3279 1930 3279 1928 3279 1267 3280 1268 3280 1929 3280 1245 3281 1931 3281 1930 3281 1245 3282 1930 3282 1244 3282 1266 3283 1929 3283 1932 3283 1266 3284 1267 3284 1929 3284 1246 3285 1931 3285 1245 3285 1246 3286 1933 3286 1931 3286 1265 3287 1932 3287 1934 3287 1265 3288 1266 3288 1932 3288 1247 3289 1933 3289 1246 3289 1264 3290 1934 3290 1935 3290 1264 3291 1265 3291 1934 3291 1248 3292 1936 3292 1933 3292 1248 3293 1933 3293 1247 3293 1263 3294 1935 3294 1937 3294 1263 3295 1264 3295 1935 3295 1249 3296 1938 3296 1936 3296 1249 3297 1936 3297 1248 3297 1262 3298 1937 3298 1939 3298 1262 3299 1263 3299 1937 3299 1250 3300 1940 3300 1938 3300 1250 3301 1938 3301 1249 3301 1261 3302 1939 3302 1941 3302 1261 3303 1262 3303 1939 3303 1251 3304 1940 3304 1250 3304 1251 3305 1942 3305 1940 3305 1260 3306 1261 3306 1941 3306 1252 3307 1943 3307 1942 3307 1252 3308 1942 3308 1251 3308 1259 3309 1941 3309 1944 3309 1259 3310 1260 3310 1941 3310 1253 3311 1943 3311 1252 3311 1258 3312 1944 3312 1945 3312 1258 3313 1259 3313 1944 3313 1254 3314 1946 3314 1943 3314 1254 3315 1943 3315 1253 3315 1257 3316 1945 3316 1947 3316 1257 3317 1258 3317 1945 3317 1255 3318 1948 3318 1946 3318 1255 3319 1946 3319 1254 3319 1256 3320 1947 3320 1948 3320 1256 3321 1948 3321 1255 3321 1256 3322 1257 3322 1947 3322 1949 3323 1444 3323 1445 3323 1950 3324 1444 3324 1949 3324 1950 3325 1443 3325 1444 3325 1951 3326 1949 3326 1445 3326 1951 3327 1445 3327 1446 3327 1951 3328 1446 3328 1447 3328 1952 3329 1443 3329 1950 3329 1952 3330 1442 3330 1443 3330 1953 3331 1951 3331 1447 3331 1953 3332 1447 3332 1448 3332 1954 3333 1442 3333 1952 3333 1954 3334 1441 3334 1442 3334 1955 3335 1953 3335 1448 3335 1955 3336 1448 3336 1449 3336 1956 3337 1441 3337 1954 3337 1956 3338 1440 3338 1441 3338 1957 3339 1955 3339 1449 3339 1957 3340 1449 3340 1450 3340 1958 3341 1440 3341 1956 3341 1958 3342 1438 3342 1439 3342 1958 3343 1439 3343 1440 3343 1959 3344 1957 3344 1450 3344 1959 3345 1450 3345 1451 3345 1960 3346 1438 3346 1958 3346 1960 3347 1437 3347 1438 3347 1961 3348 1959 3348 1451 3348 1961 3349 1451 3349 1452 3349 1961 3350 1452 3350 1453 3350 1962 3351 1437 3351 1960 3351 1962 3352 1436 3352 1437 3352 1963 3353 1961 3353 1453 3353 1963 3354 1453 3354 1454 3354 1964 3355 1436 3355 1962 3355 1964 3356 1435 3356 1436 3356 1965 3357 1963 3357 1454 3357 1965 3358 1454 3358 1455 3358 1966 3359 1435 3359 1964 3359 1966 3360 1434 3360 1435 3360 1967 3361 1965 3361 1455 3361 1967 3362 1455 3362 1456 3362 1968 3363 1434 3363 1966 3363 1968 3364 1433 3364 1434 3364 1969 3365 1967 3365 1456 3365 1969 3366 1456 3366 1457 3366 1970 3367 1433 3367 1968 3367 1970 3368 1431 3368 1432 3368 1970 3369 1432 3369 1433 3369 1971 3370 1969 3370 1457 3370 1971 3371 1457 3371 1458 3371 1972 3372 1430 3372 1431 3372 1972 3373 1431 3373 1970 3373 1973 3374 1971 3374 1458 3374 1973 3375 1458 3375 1459 3375 1973 3376 1459 3376 1460 3376 1974 3377 1429 3377 1430 3377 1974 3378 1430 3378 1972 3378 1975 3379 1973 3379 1460 3379 1975 3380 1460 3380 1461 3380 1976 3381 1428 3381 1429 3381 1976 3382 1429 3382 1974 3382 1977 3383 1975 3383 1461 3383 1977 3384 1461 3384 1462 3384 1978 3385 1428 3385 1976 3385 1978 3386 1427 3386 1428 3386 1979 3387 1977 3387 1462 3387 1979 3388 1462 3388 1463 3388 1980 3389 1425 3389 1426 3389 1980 3390 1426 3390 1427 3390 1980 3391 1427 3391 1978 3391 1981 3392 1979 3392 1463 3392 1981 3393 1463 3393 1464 3393 1982 3394 1424 3394 1425 3394 1982 3395 1425 3395 1980 3395 1983 3396 1981 3396 1464 3396 1983 3397 1464 3397 1465 3397 1983 3398 1465 3398 1466 3398 1984 3399 1424 3399 1982 3399 1984 3400 1423 3400 1424 3400 1985 3401 1466 3401 1467 3401 1985 3402 1983 3402 1466 3402 1986 3403 1423 3403 1984 3403 1986 3404 1422 3404 1423 3404 1987 3405 1467 3405 1468 3405 1987 3406 1985 3406 1467 3406 1988 3407 1422 3407 1986 3407 1988 3408 1421 3408 1422 3408 1989 3409 1468 3409 1469 3409 1989 3410 1987 3410 1468 3410 1990 3411 1421 3411 1988 3411 1990 3412 1420 3412 1421 3412 1991 3413 1469 3413 1470 3413 1991 3414 1989 3414 1469 3414 1992 3415 1420 3415 1990 3415 1992 3416 1418 3416 1419 3416 1992 3417 1419 3417 1420 3417 1993 3418 1470 3418 1471 3418 1993 3419 1991 3419 1470 3419 1994 3420 1418 3420 1992 3420 1994 3421 1417 3421 1418 3421 1995 3422 1471 3422 1472 3422 1995 3423 1472 3423 1473 3423 1995 3424 1993 3424 1471 3424 1996 3425 1417 3425 1994 3425 1996 3426 1416 3426 1417 3426 1997 3427 1473 3427 1474 3427 1997 3428 1995 3428 1473 3428 1998 3429 1416 3429 1996 3429 1998 3430 1415 3430 1416 3430 1999 3431 1474 3431 1475 3431 1999 3432 1997 3432 1474 3432 2000 3433 1414 3433 1415 3433 2000 3434 1415 3434 1998 3434 2001 3435 1999 3435 1475 3435 1476 3436 2001 3436 1475 3436 2002 3437 1414 3437 2000 3437 2003 3438 2001 3438 1476 3438 1413 3439 1414 3439 2002 3439 2004 3440 1413 3440 2002 3440 1477 3441 2003 3441 1476 3441 2005 3442 2003 3442 1477 3442 1412 3443 1413 3443 2004 3443 1478 3444 2006 3444 2005 3444 1478 3445 2005 3445 1477 3445 1411 3446 1412 3446 2004 3446 1411 3447 2004 3447 2007 3447 1479 3448 2006 3448 1478 3448 1410 3449 1411 3449 2007 3449 1410 3450 2007 3450 2008 3450 1480 3451 2009 3451 2006 3451 1480 3452 2006 3452 1479 3452 1409 3453 1410 3453 2008 3453 1409 3454 2008 3454 2010 3454 1481 3455 2009 3455 1480 3455 1481 3456 2011 3456 2009 3456 1408 3457 1409 3457 2010 3457 1408 3458 2010 3458 2012 3458 1482 3459 2011 3459 1481 3459 1482 3460 2013 3460 2011 3460 1407 3461 1408 3461 2012 3461 1407 3462 2012 3462 2014 3462 1483 3463 2013 3463 1482 3463 1483 3464 2015 3464 2013 3464 1406 3465 1407 3465 2014 3465 1484 3466 2016 3466 2015 3466 1484 3467 2015 3467 1483 3467 1405 3468 1406 3468 2014 3468 1405 3469 2014 3469 2017 3469 1485 3470 2016 3470 1484 3470 1404 3471 1405 3471 2017 3471 1404 3472 2017 3472 2018 3472 1486 3473 2016 3473 1485 3473 1486 3474 2019 3474 2016 3474 1403 3475 2018 3475 2020 3475 1403 3476 1404 3476 2018 3476 1487 3477 2019 3477 1486 3477 1487 3478 2021 3478 2019 3478 1402 3479 2020 3479 2022 3479 1402 3480 1403 3480 2020 3480 1488 3481 2023 3481 2021 3481 1488 3482 2021 3482 1487 3482 1401 3483 2022 3483 2024 3483 1401 3484 1402 3484 2022 3484 1489 3485 2025 3485 2023 3485 1489 3486 2023 3486 1488 3486 1400 3487 2024 3487 2026 3487 1400 3488 1401 3488 2024 3488 1490 3489 2025 3489 1489 3489 1490 3490 2027 3490 2025 3490 1399 3491 1400 3491 2026 3491 1491 3492 2027 3492 1490 3492 1491 3493 2028 3493 2027 3493 1398 3494 2026 3494 2029 3494 1398 3495 1399 3495 2026 3495 1366 3496 2028 3496 1491 3496 1397 3497 2029 3497 2030 3497 1397 3498 1398 3498 2029 3498 1367 3499 2028 3499 1366 3499 1367 3500 2031 3500 2028 3500 1396 3501 1397 3501 2030 3501 1396 3502 2030 3502 2032 3502 1368 3503 2033 3503 2031 3503 1368 3504 2031 3504 1367 3504 1395 3505 2032 3505 2034 3505 1395 3506 1396 3506 2032 3506 1369 3507 2035 3507 2033 3507 1369 3508 2033 3508 1368 3508 1394 3509 2034 3509 2036 3509 1394 3510 1395 3510 2034 3510 1370 3511 2037 3511 2035 3511 1370 3512 2035 3512 1369 3512 1393 3513 1394 3513 2036 3513 1371 3514 2038 3514 2037 3514 1371 3515 2037 3515 1370 3515 1392 3516 2036 3516 2039 3516 1392 3517 1393 3517 2036 3517 1372 3518 2040 3518 2038 3518 1372 3519 2038 3519 1371 3519 1391 3520 2039 3520 2041 3520 1391 3521 1392 3521 2039 3521 1373 3522 2040 3522 1372 3522 1390 3523 2041 3523 2042 3523 1390 3524 1391 3524 2041 3524 1374 3525 2043 3525 2040 3525 1374 3526 2040 3526 1373 3526 1389 3527 2042 3527 2044 3527 1389 3528 1390 3528 2042 3528 1375 3529 2043 3529 1374 3529 1375 3530 2045 3530 2043 3530 1388 3531 2044 3531 2046 3531 1388 3532 1389 3532 2044 3532 1376 3533 2047 3533 2045 3533 1376 3534 2045 3534 1375 3534 1387 3535 2046 3535 2048 3535 1387 3536 1388 3536 2046 3536 1377 3537 2049 3537 2047 3537 1377 3538 2047 3538 1376 3538 1386 3539 1387 3539 2048 3539 1378 3540 2050 3540 2049 3540 1378 3541 2049 3541 1377 3541 1385 3542 2048 3542 2051 3542 1385 3543 1386 3543 2048 3543 1379 3544 2050 3544 1378 3544 1384 3545 2051 3545 2052 3545 1384 3546 1385 3546 2051 3546 1380 3547 2053 3547 2050 3547 1380 3548 2050 3548 1379 3548 1383 3549 2052 3549 2054 3549 1383 3550 1384 3550 2052 3550 1381 3551 2055 3551 2053 3551 1381 3552 2053 3552 1380 3552 1382 3553 2054 3553 2055 3553 1382 3554 2055 3554 1381 3554 1382 3555 1383 3555 2054 3555 1509 3556 1510 3556 1508 3556 1510 3557 1507 3557 1508 3557 1511 3558 1512 3558 1510 3558 1506 3559 1504 3559 1505 3559 1513 3560 1514 3560 1512 3560 1507 3561 1514 3561 1506 3561 1510 3562 1514 3562 1507 3562 1512 3563 1514 3563 1510 3563 1504 3564 1502 3564 1503 3564 1516 3565 1517 3565 1515 3565 1515 3566 1517 3566 1514 3566 1502 3567 1499 3567 1501 3567 1501 3568 1499 3568 1500 3568 1506 3569 1499 3569 1504 3569 1504 3570 1499 3570 1502 3570 1518 3571 1519 3571 1517 3571 1506 3572 1498 3572 1499 3572 1520 3573 1521 3573 1519 3573 1506 3574 1522 3574 1498 3574 1514 3575 1522 3575 1506 3575 1517 3576 1522 3576 1514 3576 1521 3577 1522 3577 1519 3577 1519 3578 1522 3578 1517 3578 1498 3579 1495 3579 1497 3579 1497 3580 1495 3580 1496 3580 1524 3581 1525 3581 1523 3581 1522 3582 1492 3582 1498 3582 1523 3583 1492 3583 1522 3583 1498 3584 1492 3584 1495 3584 1525 3585 1492 3585 1523 3585 1495 3586 1492 3586 1494 3586 1525 3587 2056 3587 1492 3587 1525 3588 2057 3588 2056 3588 2056 3589 2058 3589 1492 3589 1525 3590 2059 3590 2057 3590 2058 3591 2060 3591 1492 3591 1525 3592 2061 3592 2059 3592 2060 3593 2062 3593 1492 3593 1525 3594 2063 3594 2061 3594 2062 3595 2064 3595 1492 3595 1525 3596 2065 3596 2063 3596 2064 3597 2066 3597 1492 3597 1525 3598 2067 3598 2065 3598 2066 3599 2068 3599 1492 3599 1525 3600 2069 3600 2067 3600 2068 3601 2070 3601 1492 3601 1525 3602 2071 3602 2069 3602 2070 3603 2072 3603 1492 3603 1525 3604 2073 3604 2071 3604 2072 3605 2074 3605 1492 3605 1525 3606 2075 3606 2073 3606 2074 3607 2076 3607 1492 3607 1525 3608 2077 3608 2075 3608 2076 3609 2078 3609 1492 3609 1525 3610 2079 3610 2077 3610 2078 3611 2080 3611 1492 3611 1525 3612 2081 3612 2079 3612 2080 3613 2082 3613 1492 3613 1525 3614 2083 3614 2081 3614 2082 3615 2084 3615 1492 3615 1525 3616 2085 3616 2083 3616 2084 3617 2086 3617 1492 3617 1525 3618 2087 3618 2085 3618 2086 3619 2088 3619 1492 3619 1525 3620 2089 3620 2087 3620 2088 3621 2090 3621 1492 3621 1525 3622 2091 3622 2089 3622 2090 3623 2092 3623 1492 3623 1525 3624 2093 3624 2091 3624 2092 3625 2094 3625 1492 3625 1525 3626 2095 3626 2093 3626 2094 3627 2096 3627 1492 3627 1525 3628 2097 3628 2095 3628 2096 3629 2098 3629 1492 3629 1525 3630 2099 3630 2097 3630 2098 3631 2100 3631 1492 3631 2100 3632 2101 3632 1492 3632 2101 3633 2102 3633 1492 3633 1525 3634 1839 3634 2099 3634 2103 3635 1839 3635 2104 3635 2105 3636 1839 3636 2103 3636 2106 3637 1839 3637 2105 3637 2107 3638 1839 3638 2106 3638 2108 3639 1839 3639 2107 3639 2109 3640 1839 3640 2108 3640 2110 3641 1839 3641 2109 3641 2111 3642 1839 3642 2110 3642 2112 3643 1839 3643 2111 3643 2113 3644 1839 3644 2112 3644 2114 3645 1839 3645 2113 3645 2115 3646 1839 3646 2114 3646 2116 3647 1839 3647 2115 3647 2117 3648 1839 3648 2116 3648 2118 3649 1839 3649 2117 3649 2119 3650 1839 3650 2118 3650 2120 3651 1839 3651 2119 3651 2121 3652 1839 3652 2120 3652 2122 3653 1839 3653 2121 3653 2123 3654 1839 3654 2122 3654 2124 3655 1839 3655 2123 3655 2125 3656 1839 3656 2124 3656 2126 3657 1839 3657 2125 3657 2127 3658 1839 3658 2126 3658 2128 3659 1839 3659 2127 3659 2129 3660 1839 3660 2128 3660 2130 3661 1839 3661 2129 3661 2131 3662 1839 3662 2130 3662 2132 3663 1839 3663 2131 3663 2133 3664 1839 3664 2132 3664 2134 3665 1839 3665 2133 3665 2135 3666 1839 3666 2134 3666 2136 3667 1839 3667 2135 3667 2137 3668 1839 3668 2136 3668 2138 3669 1839 3669 2137 3669 2099 3670 1839 3670 2138 3670 2139 3671 2140 3671 2141 3671 2139 3672 2142 3672 2140 3672 2143 3673 2142 3673 2139 3673 2141 3674 2144 3674 2145 3674 2140 3675 2144 3675 2141 3675 2146 3676 2147 3676 2143 3676 2143 3677 2147 3677 2142 3677 2145 3678 2148 3678 2102 3678 2144 3679 2148 3679 2145 3679 2149 3680 2150 3680 2146 3680 2146 3681 2150 3681 2147 3681 2151 3682 2152 3682 2149 3682 2149 3683 2152 3683 2150 3683 2153 3684 2154 3684 2151 3684 2151 3685 2154 3685 2152 3685 2155 3686 2156 3686 2153 3686 2153 3687 2156 3687 2154 3687 2157 3688 2158 3688 2155 3688 2155 3689 2158 3689 2156 3689 2159 3690 2160 3690 2157 3690 2157 3691 2160 3691 2158 3691 2161 3692 2162 3692 2159 3692 2159 3693 2162 3693 2160 3693 2163 3694 2164 3694 2161 3694 2161 3695 2164 3695 2162 3695 2102 3696 1493 3696 1492 3696 2165 3697 1493 3697 2148 3697 2166 3698 1493 3698 2165 3698 2167 3699 1493 3699 2166 3699 2168 3700 1493 3700 2167 3700 2169 3701 1493 3701 2168 3701 2148 3702 1493 3702 2102 3702 2170 3703 1493 3703 2169 3703 2171 3704 1493 3704 2170 3704 2171 3705 2172 3705 1493 3705 2163 3706 2173 3706 2164 3706 2174 3707 2173 3707 2163 3707 2172 3708 2175 3708 1493 3708 2176 3709 2177 3709 2174 3709 2174 3710 2177 3710 2173 3710 2175 3711 2178 3711 1493 3711 1493 3712 1556 3712 1557 3712 2179 3713 2180 3713 2176 3713 2176 3714 2180 3714 2177 3714 2178 3715 2181 3715 1493 3715 2182 3716 2183 3716 2179 3716 2179 3717 2183 3717 2180 3717 2181 3718 2184 3718 1493 3718 1556 3719 1554 3719 1555 3719 2185 3720 2186 3720 2182 3720 2182 3721 2186 3721 2183 3721 2184 3722 2187 3722 1493 3722 1556 3723 1553 3723 1554 3723 1493 3724 1553 3724 1556 3724 2185 3725 2188 3725 2186 3725 2189 3726 2188 3726 2185 3726 2187 3727 2190 3727 1493 3727 1493 3728 1552 3728 1553 3728 2191 3729 2192 3729 2189 3729 2189 3730 2192 3730 2188 3730 2190 3731 2193 3731 1493 3731 2194 3732 2195 3732 2191 3732 2191 3733 2195 3733 2192 3733 2193 3734 2196 3734 1493 3734 2197 3735 2198 3735 2194 3735 2194 3736 2198 3736 2195 3736 2196 3737 2199 3737 1493 3737 2197 3738 2200 3738 2198 3738 2199 3739 2201 3739 1493 3739 1551 3740 1548 3740 1550 3740 1550 3741 1548 3741 1549 3741 2201 3742 2202 3742 1493 3742 2202 3743 2203 3743 1493 3743 2203 3744 2204 3744 1493 3744 1548 3745 1545 3745 1547 3745 1547 3746 1545 3746 1546 3746 2204 3747 2205 3747 1493 3747 1552 3748 1544 3748 1551 3748 1551 3749 1544 3749 1548 3749 1548 3750 1544 3750 1545 3750 2205 3751 2206 3751 1493 3751 2206 3752 2207 3752 1493 3752 1552 3753 1542 3753 1544 3753 1544 3754 1542 3754 1543 3754 2207 3755 2208 3755 1493 3755 1552 3756 1541 3756 1542 3756 1493 3757 1540 3757 1552 3757 1552 3758 1540 3758 1541 3758 1493 3759 1539 3759 1540 3759 1493 3760 1537 3760 1539 3760 1539 3761 1537 3761 1538 3761 1493 3762 1535 3762 1537 3762 1537 3763 1535 3763 1536 3763 1493 3764 1530 3764 1535 3764 1535 3765 1530 3765 1534 3765 1534 3766 1530 3766 1533 3766 1533 3767 1530 3767 1532 3767 1532 3768 1530 3768 1531 3768 1493 3769 1528 3769 1530 3769 1530 3770 1528 3770 1529 3770 1493 3771 1527 3771 1528 3771 2209 3772 1526 3772 2208 3772 2210 3773 1526 3773 2209 3773 2211 3774 1526 3774 2210 3774 2212 3775 1526 3775 2211 3775 2213 3776 1526 3776 2212 3776 2214 3777 1526 3777 2213 3777 2215 3778 1526 3778 2214 3778 2216 3779 1526 3779 2215 3779 2217 3780 1526 3780 2218 3780 2219 3781 1526 3781 2216 3781 2220 3782 1526 3782 2217 3782 2221 3783 1526 3783 2219 3783 2222 3784 1526 3784 2220 3784 2223 3785 1526 3785 2221 3785 2224 3786 1526 3786 2223 3786 2218 3787 1526 3787 2224 3787 1493 3788 1526 3788 1527 3788 2208 3789 1526 3789 1493 3789 2222 3790 2225 3790 1526 3790 2225 3791 2226 3791 1526 3791 2226 3792 2227 3792 1526 3792 2227 3793 2228 3793 1526 3793 2228 3794 2229 3794 1526 3794 2229 3795 2230 3795 1526 3795 2230 3796 2231 3796 1526 3796 2197 3797 1838 3797 2200 3797 2232 3798 1838 3798 2197 3798 2233 3799 1838 3799 2232 3799 2104 3800 1838 3800 2233 3800 1839 3801 1838 3801 2104 3801 2234 3802 1838 3802 2231 3802 2235 3803 1838 3803 2234 3803 2236 3804 1838 3804 2235 3804 2237 3805 1838 3805 2236 3805 2238 3806 1838 3806 2237 3806 2239 3807 1838 3807 2238 3807 2240 3808 1838 3808 2239 3808 2241 3809 1838 3809 2240 3809 2242 3810 1838 3810 2241 3810 2243 3811 1838 3811 2242 3811 2244 3812 1838 3812 2243 3812 2245 3813 1838 3813 2244 3813 2246 3814 1838 3814 2245 3814 2247 3815 1838 3815 2246 3815 2248 3816 1838 3816 2247 3816 2249 3817 1838 3817 2248 3817 2250 3818 1838 3818 2249 3818 2251 3819 1838 3819 2250 3819 2252 3820 1838 3820 2251 3820 2253 3821 1838 3821 2252 3821 2254 3822 1838 3822 2253 3822 2255 3823 1838 3823 2254 3823 2256 3824 1838 3824 2255 3824 2257 3825 1838 3825 2256 3825 2258 3826 1838 3826 2257 3826 2259 3827 1838 3827 2258 3827 2260 3828 1838 3828 2259 3828 2261 3829 1838 3829 2260 3829 2262 3830 1838 3830 2261 3830 2263 3831 1838 3831 2262 3831 2264 3832 1838 3832 2263 3832 2265 3833 1838 3833 2264 3833 2266 3834 1838 3834 2265 3834 2267 3835 1838 3835 2266 3835 2268 3836 1838 3836 2267 3836 2231 3837 1838 3837 1526 3837 2269 3838 1838 3838 2268 3838 2200 3839 1838 3839 2269 3839 1840 3840 2270 3840 2271 3840 2271 3841 2272 3841 1840 3841 1840 3842 2273 3842 2270 3842 2272 3843 2274 3843 1840 3843 1840 3844 2275 3844 2273 3844 2274 3845 2276 3845 1840 3845 1840 3846 2277 3846 2275 3846 2276 3847 2278 3847 1840 3847 1840 3848 2279 3848 2277 3848 2278 3849 2280 3849 1840 3849 1840 3850 2281 3850 2279 3850 2280 3851 2282 3851 1840 3851 2282 3852 2283 3852 1840 3852 2283 3853 2284 3853 1840 3853 2284 3854 2285 3854 1840 3854 1839 3855 1558 3855 1840 3855 1840 3856 1558 3856 2281 3856 2286 3857 1558 3857 2287 3857 2288 3858 1558 3858 2286 3858 2289 3859 1558 3859 2288 3859 2281 3860 1558 3860 2289 3860 2285 3861 2290 3861 1840 3861 1558 3862 2291 3862 2287 3862 2290 3863 2292 3863 1840 3863 1558 3864 2293 3864 2291 3864 2292 3865 2294 3865 1840 3865 1558 3866 2295 3866 2293 3866 2294 3867 2296 3867 1840 3867 1561 3868 1562 3868 1560 3868 1558 3869 2297 3869 2295 3869 2296 3870 2298 3870 1840 3870 1560 3871 1563 3871 1558 3871 1562 3872 1563 3872 1560 3872 1558 3873 2299 3873 2297 3873 2298 3874 2300 3874 1840 3874 1563 3875 1564 3875 1558 3875 1558 3876 2301 3876 2299 3876 2300 3877 2302 3877 1840 3877 1558 3878 2303 3878 2301 3878 2302 3879 2304 3879 1840 3879 1565 3880 1566 3880 1564 3880 1564 3881 1566 3881 1558 3881 1558 3882 2305 3882 2303 3882 2304 3883 2306 3883 1840 3883 1566 3884 1567 3884 1558 3884 1558 3885 2307 3885 2305 3885 2306 3886 2308 3886 1840 3886 1567 3887 1568 3887 1558 3887 1558 3888 2309 3888 2307 3888 2308 3889 2310 3889 1840 3889 1558 3890 2311 3890 2309 3890 2310 3891 2312 3891 1840 3891 1568 3892 1570 3892 1558 3892 1569 3893 1570 3893 1568 3893 1558 3894 2313 3894 2311 3894 2312 3895 2314 3895 1840 3895 1558 3896 2315 3896 2313 3896 2314 3897 2316 3897 1840 3897 1571 3898 1572 3898 1570 3898 1558 3899 2317 3899 2315 3899 2316 3900 2318 3900 1840 3900 1558 3901 2319 3901 2317 3901 2318 3902 2320 3902 1840 3902 1572 3903 1574 3903 1570 3903 1573 3904 1574 3904 1572 3904 1570 3905 1574 3905 1558 3905 1558 3906 2321 3906 2319 3906 2320 3907 2322 3907 1840 3907 1558 3908 2323 3908 2321 3908 2322 3909 2324 3909 1840 3909 2324 3910 2325 3910 1840 3910 1576 3911 1577 3911 1575 3911 1575 3912 1577 3912 1574 3912 1574 3913 1577 3913 1558 3913 2325 3914 2326 3914 1840 3914 2326 3915 2327 3915 1840 3915 1578 3916 1579 3916 1577 3916 1579 3917 1580 3917 1577 3917 1581 3918 1582 3918 1580 3918 1580 3919 1582 3919 1577 3919 1577 3920 1583 3920 1558 3920 1582 3921 1583 3921 1577 3921 1585 3922 1586 3922 1584 3922 1584 3923 1586 3923 1583 3923 1583 3924 1586 3924 1558 3924 1588 3925 1589 3925 1587 3925 1587 3926 1590 3926 1586 3926 1589 3927 1590 3927 1587 3927 2328 3928 1591 3928 2329 3928 2330 3929 1591 3929 2328 3929 2331 3930 1591 3930 2330 3930 2332 3931 1591 3931 2331 3931 1558 3932 1591 3932 2323 3932 2333 3933 1591 3933 2332 3933 2334 3934 1591 3934 2333 3934 2335 3935 1591 3935 2334 3935 2336 3936 1591 3936 2335 3936 2337 3937 1591 3937 2336 3937 2338 3938 1591 3938 2337 3938 2339 3939 1591 3939 2338 3939 2340 3940 1591 3940 2339 3940 2341 3941 1591 3941 2340 3941 2342 3942 1591 3942 2341 3942 2343 3943 1591 3943 2342 3943 2323 3944 1591 3944 2343 3944 1590 3945 1591 3945 1586 3945 1586 3946 1591 3946 1558 3946 1591 3947 2344 3947 2329 3947 1591 3948 2345 3948 2344 3948 1591 3949 2346 3949 2345 3949 1591 3950 2347 3950 2346 3950 1591 3951 2348 3951 2347 3951 1591 3952 2349 3952 2348 3952 1591 3953 2350 3953 2349 3953 1591 3954 2351 3954 2350 3954 2352 3955 1841 3955 2327 3955 2353 3956 1841 3956 2352 3956 2354 3957 1841 3957 2353 3957 2355 3958 1841 3958 2354 3958 2356 3959 1841 3959 2355 3959 2357 3960 1841 3960 2356 3960 2327 3961 1841 3961 1840 3961 1841 3962 2358 3962 2359 3962 2359 3963 2360 3963 1841 3963 1841 3964 2361 3964 2358 3964 2360 3965 2362 3965 1841 3965 1841 3966 2363 3966 2361 3966 2362 3967 2364 3967 1841 3967 1841 3968 2365 3968 2363 3968 2364 3969 2366 3969 1841 3969 1841 3970 2367 3970 2365 3970 2366 3971 2368 3971 1841 3971 1841 3972 2369 3972 2367 3972 2368 3973 2370 3973 1841 3973 1841 3974 2371 3974 2369 3974 2370 3975 2372 3975 1841 3975 1841 3976 2373 3976 2371 3976 2372 3977 2374 3977 1841 3977 2357 3978 2375 3978 1841 3978 1841 3979 2375 3979 2373 3979 2374 3980 2376 3980 1841 3980 2357 3981 2377 3981 2375 3981 2378 3982 2377 3982 2357 3982 2376 3983 2379 3983 1841 3983 2380 3984 2381 3984 2378 3984 2378 3985 2381 3985 2377 3985 2379 3986 2382 3986 1841 3986 2380 3987 2383 3987 2381 3987 2384 3988 2383 3988 2380 3988 2382 3989 2385 3989 1841 3989 2384 3990 2386 3990 2383 3990 2387 3991 2386 3991 2384 3991 2385 3992 2388 3992 1841 3992 2387 3993 2389 3993 2386 3993 2390 3994 2389 3994 2387 3994 2388 3995 2391 3995 1841 3995 2392 3996 2393 3996 2390 3996 2390 3997 2393 3997 2389 3997 2391 3998 2394 3998 1841 3998 2395 3999 2396 3999 2392 3999 2392 4000 2396 4000 2393 4000 2394 4001 2397 4001 1841 4001 2398 4002 2399 4002 2395 4002 2395 4003 2399 4003 2396 4003 2397 4004 2400 4004 1841 4004 2401 4005 2402 4005 2398 4005 2398 4006 2402 4006 2399 4006 2400 4007 2403 4007 1841 4007 2404 4008 2405 4008 2401 4008 2401 4009 2405 4009 2402 4009 2403 4010 2406 4010 1841 4010 2407 4011 2408 4011 2404 4011 2404 4012 2408 4012 2405 4012 2406 4013 2409 4013 1841 4013 2410 4014 2411 4014 2407 4014 2407 4015 2411 4015 2408 4015 2409 4016 2412 4016 1841 4016 2413 4017 2414 4017 2410 4017 2410 4018 2414 4018 2411 4018 2412 4019 2415 4019 1841 4019 2416 4020 2417 4020 2413 4020 2413 4021 2417 4021 2414 4021 2415 4022 2418 4022 1841 4022 2419 4023 2420 4023 2416 4023 2416 4024 2420 4024 2417 4024 2418 4025 2421 4025 1841 4025 2422 4026 2423 4026 2419 4026 2419 4027 2423 4027 2420 4027 2421 4028 2424 4028 1841 4028 2422 4029 2425 4029 2423 4029 2426 4030 2425 4030 2422 4030 2424 4031 2427 4031 1841 4031 2428 4032 2429 4032 2426 4032 2426 4033 2429 4033 2425 4033 2427 4034 2430 4034 1841 4034 2428 4035 2431 4035 2429 4035 2432 4036 2431 4036 2428 4036 2430 4037 2433 4037 1841 4037 2351 4038 2434 4038 2432 4038 2432 4039 2434 4039 2431 4039 2433 4040 2435 4040 1841 4040 2435 4041 2436 4041 1841 4041 1838 4042 1559 4042 1526 4042 2436 4043 1559 4043 1841 4043 1841 4044 1559 4044 1838 4044 2437 4045 1559 4045 2436 4045 2438 4046 1559 4046 2437 4046 2439 4047 1559 4047 2438 4047 2440 4048 1559 4048 2439 4048 2441 4049 1559 4049 2440 4049 2442 4050 1559 4050 2443 4050 2444 4051 1559 4051 2441 4051 2445 4052 1559 4052 2442 4052 2446 4053 1559 4053 2444 4053 2447 4054 1559 4054 2445 4054 2448 4055 1559 4055 2446 4055 2449 4056 1559 4056 2447 4056 2450 4057 1559 4057 2448 4057 2451 4058 1559 4058 2449 4058 2443 4059 1559 4059 2450 4059 2452 4060 1559 4060 2451 4060 2453 4061 1559 4061 2452 4061 2454 4062 1559 4062 2453 4062 2455 4063 1559 4063 2454 4063 2456 4064 1559 4064 2455 4064 2457 4065 1559 4065 2456 4065 2458 4066 1559 4066 2457 4066 2459 4067 1559 4067 2458 4067 2351 4068 1593 4068 2434 4068 2460 4069 1593 4069 2459 4069 2461 4070 1593 4070 2460 4070 2462 4071 1593 4071 2461 4071 2463 4072 1593 4072 2462 4072 2464 4073 1593 4073 2463 4073 2465 4074 1593 4074 2464 4074 2466 4075 1593 4075 2465 4075 2467 4076 1593 4076 2466 4076 2468 4077 1593 4077 2467 4077 2469 4078 1593 4078 2468 4078 2459 4079 1593 4079 1559 4079 2470 4080 1593 4080 2469 4080 2471 4081 1593 4081 2470 4081 2472 4082 1593 4082 2471 4082 2473 4083 1593 4083 2472 4083 2474 4084 1593 4084 2473 4084 2475 4085 1593 4085 2474 4085 2476 4086 1593 4086 2475 4086 2477 4087 1593 4087 2476 4087 2478 4088 1593 4088 2477 4088 2479 4089 1593 4089 2478 4089 2480 4090 1593 4090 2479 4090 2481 4091 1593 4091 2480 4091 2482 4092 1593 4092 2481 4092 2483 4093 1593 4093 2482 4093 2434 4094 1593 4094 2483 4094 1591 4095 1593 4095 2351 4095 1559 4096 1622 4096 1623 4096 1592 4097 1594 4097 1593 4097 1559 4098 1621 4098 1622 4098 1593 4099 1621 4099 1559 4099 1594 4100 1595 4100 1593 4100 1593 4101 1595 4101 1621 4101 1621 4102 1619 4102 1620 4102 1598 4103 1599 4103 1597 4103 1597 4104 1599 4104 1596 4104 1596 4105 1599 4105 1595 4105 1619 4106 1616 4106 1618 4106 1618 4107 1616 4107 1617 4107 1599 4108 1600 4108 1595 4108 1619 4109 1615 4109 1616 4109 1600 4110 1602 4110 1595 4110 1601 4111 1602 4111 1600 4111 1615 4112 1613 4112 1614 4112 1595 4113 1603 4113 1621 4113 1621 4114 1603 4114 1619 4114 1619 4115 1603 4115 1615 4115 1602 4116 1603 4116 1595 4116 1615 4117 1612 4117 1613 4117 1615 4118 1611 4118 1612 4118 1604 4119 1605 4119 1603 4119 1615 4120 1609 4120 1611 4120 1611 4121 1609 4121 1610 4121 1606 4122 1607 4122 1605 4122 1603 4123 1608 4123 1615 4123 1615 4124 1608 4124 1609 4124 1605 4125 1608 4125 1603 4125 1607 4126 1608 4126 1605 4126 1525 4127 1558 4127 1839 4127 1703 4128 2179 4128 1702 4128 1702 4129 2176 4129 1700 4129 2179 4130 2176 4130 1702 4130 1700 4131 2174 4131 1698 4131 2176 4132 2174 4132 1700 4132 1698 4133 2163 4133 1696 4133 2174 4134 2163 4134 1698 4134 1696 4135 2161 4135 1694 4135 2163 4136 2161 4136 1696 4136 1694 4137 2159 4137 1691 4137 2161 4138 2159 4138 1694 4138 1691 4139 2157 4139 1690 4139 2159 4140 2157 4140 1691 4140 1690 4141 2155 4141 1688 4141 2157 4142 2155 4142 1690 4142 1688 4143 2153 4143 1686 4143 2155 4144 2153 4144 1688 4144 1686 4145 2151 4145 1684 4145 2153 4146 2151 4146 1686 4146 1684 4147 2149 4147 1681 4147 2151 4148 2149 4148 1684 4148 1681 4149 2146 4149 1680 4149 2149 4150 2146 4150 1681 4150 1680 4151 2143 4151 1678 4151 2146 4152 2143 4152 1680 4152 1678 4153 2139 4153 1676 4153 2143 4154 2139 4154 1678 4154 1676 4155 2141 4155 1674 4155 2139 4156 2141 4156 1676 4156 1674 4157 2145 4157 1672 4157 2141 4158 2145 4158 1674 4158 1672 4159 2102 4159 1670 4159 2145 4160 2102 4160 1672 4160 1670 4161 2101 4161 1668 4161 2102 4162 2101 4162 1670 4162 1668 4163 2100 4163 1666 4163 2101 4164 2100 4164 1668 4164 1666 4165 2098 4165 1664 4165 2100 4166 2098 4166 1666 4166 1664 4167 2096 4167 1662 4167 2098 4168 2096 4168 1664 4168 2096 4169 2094 4169 1662 4169 1662 4170 2094 4170 1660 4170 2094 4171 2092 4171 1660 4171 1660 4172 2092 4172 1658 4172 2092 4173 2090 4173 1658 4173 1658 4174 2090 4174 1656 4174 2090 4175 2088 4175 1656 4175 1656 4176 2088 4176 1654 4176 2088 4177 2086 4177 1654 4177 1654 4178 2086 4178 1652 4178 2086 4179 2084 4179 1652 4179 1652 4180 2084 4180 1650 4180 2084 4181 2082 4181 1650 4181 1650 4182 2082 4182 1648 4182 1648 4183 2080 4183 1646 4183 2082 4184 2080 4184 1648 4184 1646 4185 2078 4185 1644 4185 2080 4186 2078 4186 1646 4186 1644 4187 2076 4187 1642 4187 2078 4188 2076 4188 1644 4188 1642 4189 2074 4189 1640 4189 2076 4190 2074 4190 1642 4190 1640 4191 2072 4191 1638 4191 2074 4192 2072 4192 1640 4192 1638 4193 2070 4193 1636 4193 2072 4194 2070 4194 1638 4194 2070 4195 2068 4195 1636 4195 1636 4196 2066 4196 1634 4196 2068 4197 2066 4197 1636 4197 1634 4198 2064 4198 1632 4198 1632 4199 2064 4199 1630 4199 2066 4200 2064 4200 1634 4200 2064 4201 2062 4201 1630 4201 1630 4202 2060 4202 1628 4202 2062 4203 2060 4203 1630 4203 1628 4204 2058 4204 1626 4204 1626 4205 2058 4205 1624 4205 2060 4206 2058 4206 1628 4206 2058 4207 2056 4207 1624 4207 1624 4208 2057 4208 1625 4208 2056 4209 2057 4209 1624 4209 1625 4210 2059 4210 1627 4210 1627 4211 2059 4211 1629 4211 2057 4212 2059 4212 1625 4212 2059 4213 2061 4213 1629 4213 1629 4214 2063 4214 1631 4214 2061 4215 2063 4215 1629 4215 1631 4216 2065 4216 1633 4216 2063 4217 2065 4217 1631 4217 1633 4218 2067 4218 1635 4218 2065 4219 2067 4219 1633 4219 2067 4220 2069 4220 1635 4220 1635 4221 2069 4221 1637 4221 1637 4222 2069 4222 1639 4222 2069 4223 2071 4223 1639 4223 1639 4224 2071 4224 1641 4224 2071 4225 2073 4225 1641 4225 2073 4226 2075 4226 1641 4226 1641 4227 2075 4227 1643 4227 2075 4228 2077 4228 1643 4228 1643 4229 2077 4229 1645 4229 2077 4230 2079 4230 1645 4230 1645 4231 2079 4231 1647 4231 2079 4232 2081 4232 1647 4232 1647 4233 2081 4233 1649 4233 2081 4234 2083 4234 1649 4234 1649 4235 2083 4235 1651 4235 2083 4236 2085 4236 1651 4236 1651 4237 2085 4237 1653 4237 1653 4238 2085 4238 1655 4238 2085 4239 2087 4239 1655 4239 1655 4240 2087 4240 1657 4240 2087 4241 2089 4241 1657 4241 2089 4242 2091 4242 1657 4242 1657 4243 2091 4243 1659 4243 2091 4244 2093 4244 1659 4244 1659 4245 2093 4245 1661 4245 1661 4246 2093 4246 1663 4246 2093 4247 2095 4247 1663 4247 2095 4248 2097 4248 1663 4248 1663 4249 2097 4249 1665 4249 1665 4250 2099 4250 1667 4250 2097 4251 2099 4251 1665 4251 1667 4252 2138 4252 1669 4252 2099 4253 2138 4253 1667 4253 1669 4254 2137 4254 1671 4254 2138 4255 2137 4255 1669 4255 1671 4256 2136 4256 1673 4256 1673 4257 2136 4257 1675 4257 2137 4258 2136 4258 1671 4258 2136 4259 2135 4259 1675 4259 1675 4260 2134 4260 1677 4260 2135 4261 2134 4261 1675 4261 1677 4262 2133 4262 1679 4262 2134 4263 2133 4263 1677 4263 1679 4264 2132 4264 1682 4264 1682 4265 2132 4265 1683 4265 2133 4266 2132 4266 1679 4266 2132 4267 2131 4267 1683 4267 2131 4268 2130 4268 1683 4268 1683 4269 2130 4269 1685 4269 1685 4270 2130 4270 1687 4270 2130 4271 2129 4271 1687 4271 2129 4272 2128 4272 1687 4272 1687 4273 2128 4273 1689 4273 2128 4274 2127 4274 1689 4274 1689 4275 2127 4275 1692 4275 2127 4276 2126 4276 1692 4276 1692 4277 2126 4277 1693 4277 2126 4278 2125 4278 1693 4278 1693 4279 2125 4279 1695 4279 1695 4280 2125 4280 1697 4280 2125 4281 2124 4281 1697 4281 2124 4282 2123 4282 1697 4282 1697 4283 2123 4283 1699 4283 1699 4284 2123 4284 1701 4284 2123 4285 2122 4285 1701 4285 1701 4286 2122 4286 1704 4286 2122 4287 2121 4287 1704 4287 2121 4288 2120 4288 1704 4288 1704 4289 2120 4289 1705 4289 1705 4290 2120 4290 1707 4290 2120 4291 2119 4291 1707 4291 1707 4292 2119 4292 1709 4292 2119 4293 2118 4293 1709 4293 2118 4294 2117 4294 1709 4294 1709 4295 2117 4295 1711 4295 2117 4296 2116 4296 1711 4296 1711 4297 2116 4297 1714 4297 1714 4298 2116 4298 1716 4298 2116 4299 2115 4299 1716 4299 2115 4300 2114 4300 1716 4300 1716 4301 2114 4301 1717 4301 1717 4302 2114 4302 1719 4302 2114 4303 2113 4303 1719 4303 1719 4304 2113 4304 1721 4304 2113 4305 2112 4305 1721 4305 2112 4306 2111 4306 1721 4306 1721 4307 2111 4307 1723 4307 2111 4308 2110 4308 1723 4308 1723 4309 2110 4309 1726 4309 1726 4310 2110 4310 1727 4310 2110 4311 2109 4311 1727 4311 2109 4312 2108 4312 1727 4312 1727 4313 2108 4313 1729 4313 2108 4314 2107 4314 1729 4314 1729 4315 2107 4315 1730 4315 1730 4316 2107 4316 1728 4316 2107 4317 2106 4317 1728 4317 1728 4318 2106 4318 1725 4318 2106 4319 2105 4319 1725 4319 1725 4320 2105 4320 1724 4320 2105 4321 2103 4321 1724 4321 2103 4322 2104 4322 1724 4322 1724 4323 2104 4323 1722 4323 1720 4324 2233 4324 1718 4324 2104 4325 2233 4325 1722 4325 1722 4326 2233 4326 1720 4326 1718 4327 2232 4327 1715 4327 2233 4328 2232 4328 1718 4328 2232 4329 2197 4329 1715 4329 1715 4330 2194 4330 1713 4330 2197 4331 2194 4331 1715 4331 1713 4332 2191 4332 1712 4332 1712 4333 2191 4333 1710 4333 2194 4334 2191 4334 1713 4334 1710 4335 2189 4335 1708 4335 2191 4336 2189 4336 1710 4336 2189 4337 2185 4337 1708 4337 1708 4338 2182 4338 1706 4338 2185 4339 2182 4339 1708 4339 1706 4340 2179 4340 1703 4340 2182 4341 2179 4341 1706 4341 1810 4342 2218 4342 1809 4342 1809 4343 2224 4343 1807 4343 2218 4344 2224 4344 1809 4344 1807 4345 2223 4345 1805 4345 2224 4346 2223 4346 1807 4346 1805 4347 2221 4347 1803 4347 2223 4348 2221 4348 1805 4348 1803 4349 2219 4349 1801 4349 2221 4350 2219 4350 1803 4350 1801 4351 2216 4351 1798 4351 2219 4352 2216 4352 1801 4352 1798 4353 2215 4353 1797 4353 2216 4354 2215 4354 1798 4354 1797 4355 2214 4355 1795 4355 2215 4356 2214 4356 1797 4356 1795 4357 2213 4357 1793 4357 2214 4358 2213 4358 1795 4358 1793 4359 2212 4359 1791 4359 2213 4360 2212 4360 1793 4360 1791 4361 2211 4361 1788 4361 2212 4362 2211 4362 1791 4362 1788 4363 2210 4363 1787 4363 2211 4364 2210 4364 1788 4364 1787 4365 2209 4365 1785 4365 2210 4366 2209 4366 1787 4366 1785 4367 2208 4367 1783 4367 2209 4368 2208 4368 1785 4368 1783 4369 2207 4369 1781 4369 2208 4370 2207 4370 1783 4370 1781 4371 2206 4371 1779 4371 2207 4372 2206 4372 1781 4372 1779 4373 2205 4373 1777 4373 2206 4374 2205 4374 1779 4374 1777 4375 2204 4375 1775 4375 2205 4376 2204 4376 1777 4376 1775 4377 2203 4377 1773 4377 2204 4378 2203 4378 1775 4378 1773 4379 2202 4379 1771 4379 2203 4380 2202 4380 1773 4380 1771 4381 2201 4381 1769 4381 2202 4382 2201 4382 1771 4382 2201 4383 2199 4383 1769 4383 1769 4384 2199 4384 1767 4384 2199 4385 2196 4385 1767 4385 1767 4386 2196 4386 1765 4386 2196 4387 2193 4387 1765 4387 1765 4388 2193 4388 1763 4388 2193 4389 2190 4389 1763 4389 1763 4390 2190 4390 1761 4390 2190 4391 2187 4391 1761 4391 1761 4392 2187 4392 1759 4392 2187 4393 2184 4393 1759 4393 1759 4394 2184 4394 1757 4394 2184 4395 2181 4395 1757 4395 1757 4396 2181 4396 1755 4396 1755 4397 2178 4397 1753 4397 2181 4398 2178 4398 1755 4398 1753 4399 2175 4399 1751 4399 2178 4400 2175 4400 1753 4400 1751 4401 2172 4401 1749 4401 2175 4402 2172 4402 1751 4402 1749 4403 2171 4403 1747 4403 2172 4404 2171 4404 1749 4404 1747 4405 2170 4405 1745 4405 2171 4406 2170 4406 1747 4406 1745 4407 2169 4407 1743 4407 2170 4408 2169 4408 1745 4408 2169 4409 2168 4409 1743 4409 1743 4410 2167 4410 1741 4410 2168 4411 2167 4411 1743 4411 1741 4412 2166 4412 1739 4412 1739 4413 2166 4413 1737 4413 2167 4414 2166 4414 1741 4414 2166 4415 2165 4415 1737 4415 1737 4416 2148 4416 1735 4416 2165 4417 2148 4417 1737 4417 1735 4418 2144 4418 1733 4418 1733 4419 2144 4419 1731 4419 2148 4420 2144 4420 1735 4420 2144 4421 2140 4421 1731 4421 1731 4422 2142 4422 1732 4422 2140 4423 2142 4423 1731 4423 1732 4424 2147 4424 1734 4424 1734 4425 2147 4425 1736 4425 2142 4426 2147 4426 1732 4426 2147 4427 2150 4427 1736 4427 1736 4428 2152 4428 1738 4428 2150 4429 2152 4429 1736 4429 1738 4430 2154 4430 1740 4430 2152 4431 2154 4431 1738 4431 1740 4432 2156 4432 1742 4432 2154 4433 2156 4433 1740 4433 2156 4434 2158 4434 1742 4434 1742 4435 2158 4435 1744 4435 1744 4436 2158 4436 1746 4436 2158 4437 2160 4437 1746 4437 1746 4438 2160 4438 1748 4438 2160 4439 2162 4439 1748 4439 2162 4440 2164 4440 1748 4440 1748 4441 2164 4441 1750 4441 2164 4442 2173 4442 1750 4442 1750 4443 2173 4443 1752 4443 2173 4444 2177 4444 1752 4444 1752 4445 2177 4445 1754 4445 2177 4446 2180 4446 1754 4446 1754 4447 2180 4447 1756 4447 2180 4448 2183 4448 1756 4448 1756 4449 2183 4449 1758 4449 2183 4450 2186 4450 1758 4450 1758 4451 2186 4451 1760 4451 1760 4452 2186 4452 1762 4452 2186 4453 2188 4453 1762 4453 1762 4454 2188 4454 1764 4454 2188 4455 2192 4455 1764 4455 2192 4456 2195 4456 1764 4456 1764 4457 2195 4457 1766 4457 2195 4458 2198 4458 1766 4458 1766 4459 2198 4459 1768 4459 1768 4460 2198 4460 1770 4460 2198 4461 2200 4461 1770 4461 2200 4462 2269 4462 1770 4462 1770 4463 2269 4463 1772 4463 1772 4464 2268 4464 1774 4464 2269 4465 2268 4465 1772 4465 1774 4466 2267 4466 1776 4466 2268 4467 2267 4467 1774 4467 1776 4468 2266 4468 1778 4468 2267 4469 2266 4469 1776 4469 1778 4470 2265 4470 1780 4470 1780 4471 2265 4471 1782 4471 2266 4472 2265 4472 1778 4472 2265 4473 2264 4473 1782 4473 1782 4474 2263 4474 1784 4474 2264 4475 2263 4475 1782 4475 1784 4476 2262 4476 1786 4476 2263 4477 2262 4477 1784 4477 1786 4478 2261 4478 1789 4478 1789 4479 2261 4479 1790 4479 2262 4480 2261 4480 1786 4480 2261 4481 2260 4481 1790 4481 2260 4482 2259 4482 1790 4482 1790 4483 2259 4483 1792 4483 1792 4484 2259 4484 1794 4484 2259 4485 2258 4485 1794 4485 2258 4486 2257 4486 1794 4486 1794 4487 2257 4487 1796 4487 2257 4488 2256 4488 1796 4488 1796 4489 2256 4489 1799 4489 2256 4490 2255 4490 1799 4490 1799 4491 2255 4491 1800 4491 2255 4492 2254 4492 1800 4492 1800 4493 2254 4493 1802 4493 1802 4494 2254 4494 1804 4494 2254 4495 2253 4495 1804 4495 2253 4496 2252 4496 1804 4496 1804 4497 2252 4497 1806 4497 1806 4498 2252 4498 1808 4498 2252 4499 2251 4499 1808 4499 1808 4500 2251 4500 1811 4500 2251 4501 2250 4501 1811 4501 2250 4502 2249 4502 1811 4502 1811 4503 2249 4503 1812 4503 1812 4504 2249 4504 1814 4504 2249 4505 2248 4505 1814 4505 1814 4506 2248 4506 1816 4506 2248 4507 2247 4507 1816 4507 2247 4508 2246 4508 1816 4508 1816 4509 2246 4509 1818 4509 2246 4510 2245 4510 1818 4510 1818 4511 2245 4511 1821 4511 1821 4512 2245 4512 1823 4512 2245 4513 2244 4513 1823 4513 2244 4514 2243 4514 1823 4514 1823 4515 2243 4515 1824 4515 1824 4516 2243 4516 1826 4516 2243 4517 2242 4517 1826 4517 1826 4518 2242 4518 1828 4518 2242 4519 2241 4519 1828 4519 2241 4520 2240 4520 1828 4520 1828 4521 2240 4521 1830 4521 2240 4522 2239 4522 1830 4522 1830 4523 2239 4523 1833 4523 1833 4524 2239 4524 1834 4524 2239 4525 2238 4525 1834 4525 2238 4526 2237 4526 1834 4526 1834 4527 2237 4527 1836 4527 2237 4528 2236 4528 1836 4528 1836 4529 2236 4529 1837 4529 1837 4530 2236 4530 1835 4530 2236 4531 2235 4531 1835 4531 1835 4532 2235 4532 1832 4532 2235 4533 2234 4533 1832 4533 1832 4534 2234 4534 1831 4534 2234 4535 2231 4535 1831 4535 2231 4536 2230 4536 1831 4536 1831 4537 2230 4537 1829 4537 1827 4538 2229 4538 1825 4538 2230 4539 2229 4539 1829 4539 1829 4540 2229 4540 1827 4540 1825 4541 2228 4541 1822 4541 2229 4542 2228 4542 1825 4542 2228 4543 2227 4543 1822 4543 1822 4544 2226 4544 1820 4544 2227 4545 2226 4545 1822 4545 1820 4546 2225 4546 1819 4546 1819 4547 2225 4547 1817 4547 2226 4548 2225 4548 1820 4548 1817 4549 2222 4549 1815 4549 2225 4550 2222 4550 1817 4550 2222 4551 2220 4551 1815 4551 1815 4552 2217 4552 1813 4552 2220 4553 2217 4553 1815 4553 1813 4554 2218 4554 1810 4554 2217 4555 2218 4555 1813 4555 1921 4556 2387 4556 1920 4556 1920 4557 2384 4557 1918 4557 2387 4558 2384 4558 1920 4558 1918 4559 2380 4559 1916 4559 2384 4560 2380 4560 1918 4560 1916 4561 2378 4561 1914 4561 2380 4562 2378 4562 1916 4562 1914 4563 2357 4563 1912 4563 2378 4564 2357 4564 1914 4564 1912 4565 2356 4565 1909 4565 2357 4566 2356 4566 1912 4566 1909 4567 2355 4567 1908 4567 2356 4568 2355 4568 1909 4568 1908 4569 2354 4569 1906 4569 2355 4570 2354 4570 1908 4570 1906 4571 2353 4571 1904 4571 2354 4572 2353 4572 1906 4572 1904 4573 2352 4573 1902 4573 2353 4574 2352 4574 1904 4574 1902 4575 2327 4575 1899 4575 2352 4576 2327 4576 1902 4576 1899 4577 2326 4577 1898 4577 2327 4578 2326 4578 1899 4578 1898 4579 2325 4579 1896 4579 2326 4580 2325 4580 1898 4580 1896 4581 2324 4581 1894 4581 2325 4582 2324 4582 1896 4582 1894 4583 2322 4583 1892 4583 2324 4584 2322 4584 1894 4584 1892 4585 2320 4585 1890 4585 2322 4586 2320 4586 1892 4586 1890 4587 2318 4587 1888 4587 2320 4588 2318 4588 1890 4588 1888 4589 2316 4589 1886 4589 2318 4590 2316 4590 1888 4590 1886 4591 2314 4591 1884 4591 2316 4592 2314 4592 1886 4592 1884 4593 2312 4593 1882 4593 2314 4594 2312 4594 1884 4594 1882 4595 2310 4595 1880 4595 2312 4596 2310 4596 1882 4596 2310 4597 2308 4597 1880 4597 1880 4598 2308 4598 1878 4598 2308 4599 2306 4599 1878 4599 1878 4600 2306 4600 1876 4600 2306 4601 2304 4601 1876 4601 1876 4602 2304 4602 1874 4602 2304 4603 2302 4603 1874 4603 1874 4604 2302 4604 1872 4604 2302 4605 2300 4605 1872 4605 1872 4606 2300 4606 1870 4606 2300 4607 2298 4607 1870 4607 1870 4608 2298 4608 1868 4608 2298 4609 2296 4609 1868 4609 1868 4610 2296 4610 1866 4610 1866 4611 2294 4611 1864 4611 2296 4612 2294 4612 1866 4612 1864 4613 2292 4613 1862 4613 2294 4614 2292 4614 1864 4614 1862 4615 2290 4615 1860 4615 2292 4616 2290 4616 1862 4616 1860 4617 2285 4617 1858 4617 2290 4618 2285 4618 1860 4618 1858 4619 2284 4619 1856 4619 2285 4620 2284 4620 1858 4620 1856 4621 2283 4621 1854 4621 2284 4622 2283 4622 1856 4622 2283 4623 2282 4623 1854 4623 1854 4624 2280 4624 1852 4624 2282 4625 2280 4625 1854 4625 1852 4626 2278 4626 1850 4626 1850 4627 2278 4627 1848 4627 2280 4628 2278 4628 1852 4628 2278 4629 2276 4629 1848 4629 1848 4630 2274 4630 1846 4630 2276 4631 2274 4631 1848 4631 1846 4632 2272 4632 1844 4632 1844 4633 2272 4633 1842 4633 2274 4634 2272 4634 1846 4634 2272 4635 2271 4635 1842 4635 1842 4636 2270 4636 1843 4636 2271 4637 2270 4637 1842 4637 1843 4638 2273 4638 1845 4638 1845 4639 2273 4639 1847 4639 2270 4640 2273 4640 1843 4640 2273 4641 2275 4641 1847 4641 1847 4642 2277 4642 1849 4642 2275 4643 2277 4643 1847 4643 1849 4644 2279 4644 1851 4644 2277 4645 2279 4645 1849 4645 1851 4646 2281 4646 1853 4646 2279 4647 2281 4647 1851 4647 2281 4648 2289 4648 1853 4648 1853 4649 2289 4649 1855 4649 1855 4650 2289 4650 1857 4650 2289 4651 2288 4651 1857 4651 1857 4652 2288 4652 1859 4652 2288 4653 2286 4653 1859 4653 2286 4654 2287 4654 1859 4654 1859 4655 2287 4655 1861 4655 2287 4656 2291 4656 1861 4656 1861 4657 2291 4657 1863 4657 2291 4658 2293 4658 1863 4658 1863 4659 2293 4659 1865 4659 2293 4660 2295 4660 1865 4660 1865 4661 2295 4661 1867 4661 2295 4662 2297 4662 1867 4662 1867 4663 2297 4663 1869 4663 2297 4664 2299 4664 1869 4664 1869 4665 2299 4665 1871 4665 1871 4666 2299 4666 1873 4666 2299 4667 2301 4667 1873 4667 1873 4668 2301 4668 1875 4668 2301 4669 2303 4669 1875 4669 2303 4670 2305 4670 1875 4670 1875 4671 2305 4671 1877 4671 2305 4672 2307 4672 1877 4672 1877 4673 2307 4673 1879 4673 1879 4674 2307 4674 1881 4674 2307 4675 2309 4675 1881 4675 2309 4676 2311 4676 1881 4676 1881 4677 2311 4677 1883 4677 1883 4678 2313 4678 1885 4678 2311 4679 2313 4679 1883 4679 1885 4680 2315 4680 1887 4680 2313 4681 2315 4681 1885 4681 1887 4682 2317 4682 1889 4682 2315 4683 2317 4683 1887 4683 1889 4684 2319 4684 1891 4684 1891 4685 2319 4685 1893 4685 2317 4686 2319 4686 1889 4686 2319 4687 2321 4687 1893 4687 1893 4688 2323 4688 1895 4688 2321 4689 2323 4689 1893 4689 1895 4690 2343 4690 1897 4690 2323 4691 2343 4691 1895 4691 1897 4692 2342 4692 1900 4692 1900 4693 2342 4693 1901 4693 2343 4694 2342 4694 1897 4694 2342 4695 2341 4695 1901 4695 2341 4696 2340 4696 1901 4696 1901 4697 2340 4697 1903 4697 1903 4698 2340 4698 1905 4698 2340 4699 2339 4699 1905 4699 2339 4700 2338 4700 1905 4700 1905 4701 2338 4701 1907 4701 2338 4702 2337 4702 1907 4702 1907 4703 2337 4703 1910 4703 2337 4704 2336 4704 1910 4704 1910 4705 2336 4705 1911 4705 2336 4706 2335 4706 1911 4706 1911 4707 2335 4707 1913 4707 1913 4708 2335 4708 1915 4708 2335 4709 2334 4709 1915 4709 2334 4710 2333 4710 1915 4710 1915 4711 2333 4711 1917 4711 1917 4712 2333 4712 1919 4712 2333 4713 2332 4713 1919 4713 1919 4714 2332 4714 1922 4714 2332 4715 2331 4715 1922 4715 2331 4716 2330 4716 1922 4716 1922 4717 2330 4717 1923 4717 1923 4718 2330 4718 1925 4718 2330 4719 2328 4719 1925 4719 1925 4720 2328 4720 1927 4720 2328 4721 2329 4721 1927 4721 2329 4722 2344 4722 1927 4722 1927 4723 2344 4723 1929 4723 2344 4724 2345 4724 1929 4724 1929 4725 2345 4725 1932 4725 1932 4726 2345 4726 1934 4726 2345 4727 2346 4727 1934 4727 2346 4728 2347 4728 1934 4728 1934 4729 2347 4729 1935 4729 1935 4730 2347 4730 1937 4730 2347 4731 2348 4731 1937 4731 1937 4732 2348 4732 1939 4732 2348 4733 2349 4733 1939 4733 2349 4734 2350 4734 1939 4734 1939 4735 2350 4735 1941 4735 2350 4736 2351 4736 1941 4736 1941 4737 2351 4737 1944 4737 1944 4738 2351 4738 1945 4738 2351 4739 2432 4739 1945 4739 2432 4740 2428 4740 1945 4740 1945 4741 2428 4741 1947 4741 2428 4742 2426 4742 1947 4742 1947 4743 2426 4743 1948 4743 1948 4744 2426 4744 1946 4744 2426 4745 2422 4745 1946 4745 1946 4746 2422 4746 1943 4746 2422 4747 2419 4747 1943 4747 1943 4748 2419 4748 1942 4748 2419 4749 2416 4749 1942 4749 2416 4750 2413 4750 1942 4750 1942 4751 2413 4751 1940 4751 1938 4752 2410 4752 1936 4752 2413 4753 2410 4753 1940 4753 1940 4754 2410 4754 1938 4754 1936 4755 2407 4755 1933 4755 2410 4756 2407 4756 1936 4756 2407 4757 2404 4757 1933 4757 1933 4758 2401 4758 1931 4758 2404 4759 2401 4759 1933 4759 1931 4760 2398 4760 1930 4760 1930 4761 2398 4761 1928 4761 2401 4762 2398 4762 1931 4762 1928 4763 2395 4763 1926 4763 2398 4764 2395 4764 1928 4764 2395 4765 2392 4765 1926 4765 1926 4766 2390 4766 1924 4766 2392 4767 2390 4767 1926 4767 1924 4768 2387 4768 1921 4768 2390 4769 2387 4769 1924 4769 2028 4770 2443 4770 2027 4770 2027 4771 2450 4771 2025 4771 2443 4772 2450 4772 2027 4772 2025 4773 2448 4773 2023 4773 2450 4774 2448 4774 2025 4774 2023 4775 2446 4775 2021 4775 2448 4776 2446 4776 2023 4776 2021 4777 2444 4777 2019 4777 2446 4778 2444 4778 2021 4778 2019 4779 2441 4779 2016 4779 2444 4780 2441 4780 2019 4780 2016 4781 2440 4781 2015 4781 2441 4782 2440 4782 2016 4782 2015 4783 2439 4783 2013 4783 2440 4784 2439 4784 2015 4784 2013 4785 2438 4785 2011 4785 2439 4786 2438 4786 2013 4786 2011 4787 2437 4787 2009 4787 2438 4788 2437 4788 2011 4788 2009 4789 2436 4789 2006 4789 2437 4790 2436 4790 2009 4790 2006 4791 2435 4791 2005 4791 2436 4792 2435 4792 2006 4792 2005 4793 2433 4793 2003 4793 2435 4794 2433 4794 2005 4794 2003 4795 2430 4795 2001 4795 2433 4796 2430 4796 2003 4796 2001 4797 2427 4797 1999 4797 2430 4798 2427 4798 2001 4798 1999 4799 2424 4799 1997 4799 2427 4800 2424 4800 1999 4800 1997 4801 2421 4801 1995 4801 2424 4802 2421 4802 1997 4802 1995 4803 2418 4803 1993 4803 2421 4804 2418 4804 1995 4804 1993 4805 2415 4805 1991 4805 2418 4806 2415 4806 1993 4806 1991 4807 2412 4807 1989 4807 2415 4808 2412 4808 1991 4808 1989 4809 2409 4809 1987 4809 2412 4810 2409 4810 1989 4810 2409 4811 2406 4811 1987 4811 1987 4812 2406 4812 1985 4812 2406 4813 2403 4813 1985 4813 1985 4814 2403 4814 1983 4814 2403 4815 2400 4815 1983 4815 1983 4816 2400 4816 1981 4816 2400 4817 2397 4817 1981 4817 1981 4818 2397 4818 1979 4818 2397 4819 2394 4819 1979 4819 1979 4820 2394 4820 1977 4820 2394 4821 2391 4821 1977 4821 1977 4822 2391 4822 1975 4822 2391 4823 2388 4823 1975 4823 1975 4824 2388 4824 1973 4824 1973 4825 2385 4825 1971 4825 2388 4826 2385 4826 1973 4826 1971 4827 2382 4827 1969 4827 2385 4828 2382 4828 1971 4828 1969 4829 2379 4829 1967 4829 2382 4830 2379 4830 1969 4830 1967 4831 2376 4831 1965 4831 2379 4832 2376 4832 1967 4832 1965 4833 2374 4833 1963 4833 2376 4834 2374 4834 1965 4834 1963 4835 2372 4835 1961 4835 2374 4836 2372 4836 1963 4836 2372 4837 2370 4837 1961 4837 1961 4838 2368 4838 1959 4838 2370 4839 2368 4839 1961 4839 1959 4840 2366 4840 1957 4840 1957 4841 2366 4841 1955 4841 2368 4842 2366 4842 1959 4842 2366 4843 2364 4843 1955 4843 1955 4844 2362 4844 1953 4844 2364 4845 2362 4845 1955 4845 1953 4846 2360 4846 1951 4846 1951 4847 2360 4847 1949 4847 2362 4848 2360 4848 1953 4848 2360 4849 2359 4849 1949 4849 1949 4850 2358 4850 1950 4850 2359 4851 2358 4851 1949 4851 1950 4852 2361 4852 1952 4852 1952 4853 2361 4853 1954 4853 2358 4854 2361 4854 1950 4854 2361 4855 2363 4855 1954 4855 1954 4856 2365 4856 1956 4856 2363 4857 2365 4857 1954 4857 1956 4858 2367 4858 1958 4858 2365 4859 2367 4859 1956 4859 1958 4860 2369 4860 1960 4860 2367 4861 2369 4861 1958 4861 2369 4862 2371 4862 1960 4862 1960 4863 2371 4863 1962 4863 1962 4864 2371 4864 1964 4864 2371 4865 2373 4865 1964 4865 1964 4866 2373 4866 1966 4866 2373 4867 2375 4867 1966 4867 2375 4868 2377 4868 1966 4868 1966 4869 2377 4869 1968 4869 2377 4870 2381 4870 1968 4870 1968 4871 2381 4871 1970 4871 2381 4872 2383 4872 1970 4872 1970 4873 2383 4873 1972 4873 2383 4874 2386 4874 1972 4874 1972 4875 2386 4875 1974 4875 2386 4876 2389 4876 1974 4876 1974 4877 2389 4877 1976 4877 2389 4878 2393 4878 1976 4878 1976 4879 2393 4879 1978 4879 1978 4880 2393 4880 1980 4880 2393 4881 2396 4881 1980 4881 1980 4882 2396 4882 1982 4882 2396 4883 2399 4883 1982 4883 2399 4884 2402 4884 1982 4884 1982 4885 2402 4885 1984 4885 2402 4886 2405 4886 1984 4886 1984 4887 2405 4887 1986 4887 1986 4888 2405 4888 1988 4888 2405 4889 2408 4889 1988 4889 2408 4890 2411 4890 1988 4890 1988 4891 2411 4891 1990 4891 1990 4892 2414 4892 1992 4892 2411 4893 2414 4893 1990 4893 1992 4894 2417 4894 1994 4894 2414 4895 2417 4895 1992 4895 1994 4896 2420 4896 1996 4896 2417 4897 2420 4897 1994 4897 1996 4898 2423 4898 1998 4898 1998 4899 2423 4899 2000 4899 2420 4900 2423 4900 1996 4900 2423 4901 2425 4901 2000 4901 2000 4902 2429 4902 2002 4902 2425 4903 2429 4903 2000 4903 2002 4904 2431 4904 2004 4904 2429 4905 2431 4905 2002 4905 2004 4906 2434 4906 2007 4906 2007 4907 2434 4907 2008 4907 2431 4908 2434 4908 2004 4908 2434 4909 2483 4909 2008 4909 2483 4910 2482 4910 2008 4910 2008 4911 2482 4911 2010 4911 2010 4912 2482 4912 2012 4912 2482 4913 2481 4913 2012 4913 2481 4914 2480 4914 2012 4914 2012 4915 2480 4915 2014 4915 2480 4916 2479 4916 2014 4916 2014 4917 2479 4917 2017 4917 2479 4918 2478 4918 2017 4918 2017 4919 2478 4919 2018 4919 2478 4920 2477 4920 2018 4920 2018 4921 2477 4921 2020 4921 2020 4922 2477 4922 2022 4922 2477 4923 2476 4923 2022 4923 2476 4924 2475 4924 2022 4924 2022 4925 2475 4925 2024 4925 2024 4926 2475 4926 2026 4926 2475 4927 2474 4927 2026 4927 2026 4928 2474 4928 2029 4928 2474 4929 2473 4929 2029 4929 2473 4930 2472 4930 2029 4930 2029 4931 2472 4931 2030 4931 2030 4932 2472 4932 2032 4932 2472 4933 2471 4933 2032 4933 2032 4934 2471 4934 2034 4934 2471 4935 2470 4935 2034 4935 2470 4936 2469 4936 2034 4936 2034 4937 2469 4937 2036 4937 2469 4938 2468 4938 2036 4938 2036 4939 2468 4939 2039 4939 2039 4940 2468 4940 2041 4940 2468 4941 2467 4941 2041 4941 2467 4942 2466 4942 2041 4942 2041 4943 2466 4943 2042 4943 2042 4944 2466 4944 2044 4944 2466 4945 2465 4945 2044 4945 2044 4946 2465 4946 2046 4946 2465 4947 2464 4947 2046 4947 2464 4948 2463 4948 2046 4948 2046 4949 2463 4949 2048 4949 2463 4950 2462 4950 2048 4950 2048 4951 2462 4951 2051 4951 2051 4952 2462 4952 2052 4952 2462 4953 2461 4953 2052 4953 2461 4954 2460 4954 2052 4954 2052 4955 2460 4955 2054 4955 2460 4956 2459 4956 2054 4956 2054 4957 2459 4957 2055 4957 2055 4958 2459 4958 2053 4958 2459 4959 2458 4959 2053 4959 2053 4960 2458 4960 2050 4960 2458 4961 2457 4961 2050 4961 2050 4962 2457 4962 2049 4962 2457 4963 2456 4963 2049 4963 2456 4964 2455 4964 2049 4964 2049 4965 2455 4965 2047 4965 2045 4966 2454 4966 2043 4966 2455 4967 2454 4967 2047 4967 2047 4968 2454 4968 2045 4968 2043 4969 2453 4969 2040 4969 2454 4970 2453 4970 2043 4970 2453 4971 2452 4971 2040 4971 2040 4972 2451 4972 2038 4972 2452 4973 2451 4973 2040 4973 2038 4974 2449 4974 2037 4974 2037 4975 2449 4975 2035 4975 2451 4976 2449 4976 2038 4976 2035 4977 2447 4977 2033 4977 2449 4978 2447 4978 2035 4978 2447 4979 2445 4979 2033 4979 2033 4980 2442 4980 2031 4980 2445 4981 2442 4981 2033 4981 2031 4982 2443 4982 2028 4982 2442 4983 2443 4983 2031 4983</p>
        </triangles>
      </mesh>
    </geometry>
  </library_geometries>
  <library_materials>
    <material id="mat_LCD_Cover001_shape002" name="LCD_Cover001_shape002">
      <instance_effect url="#effect_LCD_Cover001_shape002"/>
    </material>
  </library_materials>
  <library_visual_scenes>
    <visual_scene id="myscene">
      <node id="node0" name="node0">
        <instance_geometry url="#geometry0">
          <bind_material>
            <technique_common>
              <instance_material symbol="ref_LCD_Cover001_shape002" target="#mat_LCD_Cover001_shape002"/>
            </technique_common>
          </bind_material>
        </instance_geometry>
      </node>
    </visual_scene>
  </library_visual_scenes>
  <scene>
    <instance_visual_scene url="#myscene"/>
  </scene>
</COLLADA>
