<COLLADA xmlns="http://www.collada.org/2005/11/COLLADASchema" version="1.4.1">
  <asset>
    <contributor/>
    <created>2026-09-16T16:52:34.579209</created>
    <modified>2026-09-16T16:52:34.579209</modified>
    <unit name="meter" meter="1.0"/>
    <up_axis>Z_UP</up_axis>
  </asset>
  <library_effects>
    <effect id="effect_LongRods001_shape002" name="effect_LongRods001_shape002">
      <profile_COMMON>
        <technique sid="common">
          <phong>
            <emission>
              <color>0.0 0.0 0.0 1.0</color>
            </emission>
            <ambient>
              <color>0.0 0.0 0.0 1.0</color>
            </ambient>
            <diffuse>
              <color>0.67843097448349 0.7098039984703064 0.7411760091781616 1.0</color>
            </diffuse>
            <specular>
              <color>1 1 1 1.0</color>
            </specular>
            <shininess>
              <float>0.0</float>
            </shininess>
            <reflective>
              <color>0.0 0.0 0.0 1.0</color>
            </reflective>
            <reflectivity>
              <float>0.0</float>
            </reflectivity>
            <transparent>
              <color>0.0 0.0 0.0 1.0</color>
            </transparent>
            <transparency>
              <float>1.0</float>
            </transparency>
          </phong>
        </technique>
        <extra>
          <technique profile="GOOGLEEARTH">
            <double_sided>0</double_sided>
          </technique>
        </extra>
      </profile_COMMON>
    </effect>
  </library_effects>
  <library_geometries>
    <geometry id="geometry0" name="LongRods001_shape002">
      <mesh>
        <source id="cubeverts-array0">
          <float_array count="3024" id="cubeverts-array0-array">0.05388282 0.131557 0.1175 0.05388282 0.131557 0.3875 0.05387536 0.1312579 0.3875 0.05387536 0.1312579 0.1175 0.053853 0.1309596 0.1175 0.053853 0.1309596 0.3875 0.0538158 0.1306627 0.1175 0.0538158 0.1306627 0.3875 0.05376385 0.1303681 0.1175 0.05376385 0.1303681 0.3875 0.05369728 0.1300764 0.1175 0.05369728 0.1300764 0.3875 0.05361626 0.1297884 0.3875 0.05361626 0.1297884 0.1175 0.05352098 0.1295049 0.1175 0.05352098 0.1295049 0.3875 0.05341168 0.1292264 0.1175 0.05341168 0.1292264 0.3875 0.05328863 0.1289537 0.3875 0.05328863 0.1289537 0.1175 0.05315215 0.1286874 0.1175 0.05315215 0.1286874 0.3875 0.05300256 0.1284284 0.1175 0.05300256 0.1284284 0.3875 0.05284025 0.128177 0.3875 0.05284025 0.128177 0.1175 0.05266562 0.1279341 0.1175 0.05266562 0.1279341 0.3875 0.05247909 0.1277002 0.1175 0.05247909 0.1277002 0.3875 0.05228113 0.1274759 0.1175 0.05228113 0.1274759 0.3875 0.05207224 0.1272618 0.3875 0.05207224 0.1272618 0.1175 0.05185294 0.1270583 0.1175 0.05185294 0.1270583 0.3875 0.05162376 0.126866 0.1175 0.05162376 0.126866 0.3875 0.05138528 0.1266853 0.1175 0.05138528 0.1266853 0.3875 0.0511381 0.1265168 0.1175 0.0511381 0.1265168 0.3875 0.05088282 0.1263608 0.3875 0.05088282 0.1263608 0.1175 0.05062008 0.1262177 0.1175 0.05062008 0.1262177 0.3875 0.05035054 0.1260879 0.3875 0.05035054 0.1260879 0.1175 0.05007487 0.1259717 0.1175 0.05007487 0.1259717 0.3875 0.04979374 0.1258694 0.1175 0.04979374 0.1258694 0.3875 0.04950786 0.1257812 0.1175 0.04950786 0.1257812 0.3875 0.04921795 0.1257074 0.1175 0.04921795 0.1257074 0.3875 0.04892471 0.1256481 0.1175 0.04892471 0.1256481 0.3875 0.04862888 0.1256035 0.1175 0.04862888 0.1256035 0.3875 0.0483312 0.1255737 0.3875 0.0483312 0.1255737 0.1175 0.04803241 0.1255588 0.1175 0.04803241 0.1255588 0.3875 0.04773323 0.1255588 0.1175 0.04773323 0.1255588 0.3875 0.04743444 0.1255737 0.1175 0.04743444 0.1255737 0.3875 0.04713676 0.1256035 0.1175 0.04713676 0.1256035 0.3875 0.04684093 0.1256481 0.1175 0.04684093 0.1256481 0.3875 0.0465477 0.1257074 0.1175 0.0465477 0.1257074 0.3875 0.04625778 0.1257812 0.1175 0.04625778 0.1257812 0.3875 0.0459719 0.1258694 0.1175 0.0459719 0.1258694 0.3875 0.04569077 0.1259717 0.1175 0.04569077 0.1259717 0.3875 0.0454151 0.1260879 0.1175 0.0454151 0.1260879 0.3875 0.04514556 0.1262177 0.1175 0.04514556 0.1262177 0.3875 0.04488282 0.1263608 0.1175 0.04488282 0.1263608 0.3875 0.04462754 0.1265168 0.1175 0.04462754 0.1265168 0.3875 0.04438036 0.1266853 0.1175 0.04438036 0.1266853 0.3875 0.04414188 0.126866 0.3875 0.04414188 0.126866 0.1175 0.0439127 0.1270583 0.3875 0.0439127 0.1270583 0.1175 0.0436934 0.1272618 0.1175 0.0436934 0.1272618 0.3875 0.04348451 0.1274759 0.1175 0.04348451 0.1274759 0.3875 0.04328655 0.1277002 0.1175 0.04328655 0.1277002 0.3875 0.04310003 0.1279341 0.1175 0.04310003 0.1279341 0.3875 0.04292539 0.128177 0.1175 0.04292539 0.128177 0.3875 0.04276307 0.1284284 0.1175 0.04276307 0.1284284 0.3875 0.04261349 0.1286874 0.1175 0.04261349 0.1286874 0.3875 0.04247701 0.1289537 0.1175 0.04247701 0.1289537 0.3875 0.04235396 0.1292264 0.3875 0.04235396 0.1292264 0.1175 0.04224466 0.1295049 0.1175 0.04224466 0.1295049 0.3875 0.04214938 0.1297884 0.3875 0.04214938 0.1297884 0.1175 0.04206836 0.1300764 0.3875 0.04206836 0.1300764 0.1175 0.04200179 0.1303681 0.1175 0.04200179 0.1303681 0.3875 0.04194984 0.1306627 0.3875 0.04194984 0.1306627 0.1175 0.04191264 0.1309596 0.1175 0.04191264 0.1309596 0.3875 0.04189028 0.1312579 0.1175 0.04189028 0.1312579 0.3875 0.04188282 0.131557 0.1175 0.04188282 0.131557 0.3875 0.04189028 0.131856 0.1175 0.04189028 0.131856 0.3875 0.04191264 0.1321544 0.1175 0.04191264 0.1321544 0.3875 0.04194984 0.1324512 0.1175 0.04194984 0.1324512 0.3875 0.04200179 0.1327458 0.1175 0.04200179 0.1327458 0.3875 0.04206836 0.1330375 0.1175 0.04206836 0.1330375 0.3875 0.04214938 0.1333255 0.1175 0.04214938 0.1333255 0.3875 0.04224466 0.1336091 0.1175 0.04224466 0.1336091 0.3875 0.04235396 0.1338876 0.1175 0.04235396 0.1338876 0.3875 0.04247701 0.1341603 0.1175 0.04247701 0.1341603 0.3875 0.04261349 0.1344265 0.1175 0.04261349 0.1344265 0.3875 0.04276307 0.1346856 0.1175 0.04276307 0.1346856 0.3875 0.04292539 0.1349369 0.1175 0.04292539 0.1349369 0.3875 0.04310003 0.1351798 0.1175 0.04310003 0.1351798 0.3875 0.04328655 0.1354137 0.1175 0.04328655 0.1354137 0.3875 0.04348451 0.135638 0.1175 0.04348451 0.135638 0.3875 0.0436934 0.1358522 0.1175 0.0436934 0.1358522 0.3875 0.0439127 0.1360556 0.1175 0.0439127 0.1360556 0.3875 0.04414188 0.136248 0.1175 0.04414188 0.136248 0.3875 0.04438036 0.1364286 0.1175 0.04438036 0.1364286 0.3875 0.04462754 0.1365971 0.1175 0.04462754 0.1365971 0.3875 0.04488282 0.1367531 0.1175 0.04488282 0.1367531 0.3875 0.04514556 0.1368962 0.1175 0.04514556 0.1368962 0.3875 0.0454151 0.137026 0.1175 0.0454151 0.137026 0.3875 0.04569077 0.1371422 0.1175 0.04569077 0.1371422 0.3875 0.0459719 0.1372445 0.1175 0.0459719 0.1372445 0.3875 0.04625778 0.1373327 0.1175 0.04625778 0.1373327 0.3875 0.0465477 0.1374065 0.1175 0.0465477 0.1374065 0.3875 0.04684093 0.1374658 0.1175 0.04684093 0.1374658 0.3875 0.04713676 0.1375104 0.1175 0.04713676 0.1375104 0.3875 0.04743444 0.1375402 0.1175 0.04743444 0.1375402 0.3875 0.04773323 0.1375551 0.3875 0.04773323 0.1375551 0.1175 0.04803241 0.1375551 0.1175 0.04803241 0.1375551 0.3875 0.0483312 0.1375402 0.1175 0.0483312 0.1375402 0.3875 0.04862888 0.1375104 0.3875 0.04862888 0.1375104 0.1175 0.04892471 0.1374658 0.1175 0.04892471 0.1374658 0.3875 0.04921795 0.1374065 0.3875 0.04921795 0.1374065 0.1175 0.04950786 0.1373327 0.3875 0.04950786 0.1373327 0.1175 0.04979374 0.1372445 0.1175 0.04979374 0.1372445 0.3875 0.05007487 0.1371422 0.1175 0.05007487 0.1371422 0.3875 0.05035054 0.137026 0.1175 0.05035054 0.137026 0.3875 0.05062008 0.1368962 0.3875 0.05062008 0.1368962 0.1175 0.05088282 0.1367531 0.3875 0.05088282 0.1367531 0.1175 0.0511381 0.1365971 0.1175 0.0511381 0.1365971 0.3875 0.05138528 0.1364286 0.3875 0.05138528 0.1364286 0.1175 0.05162376 0.136248 0.1175 0.05162376 0.136248 0.3875 0.05185294 0.1360556 0.3875 0.05185294 0.1360556 0.1175 0.05207224 0.1358522 0.3875 0.05207224 0.1358522 0.1175 0.05228113 0.135638 0.1175 0.05228113 0.135638 0.3875 0.05247909 0.1354137 0.1175 0.05247909 0.1354137 0.3875 0.05266562 0.1351798 0.1175 0.05266562 0.1351798 0.3875 0.05284025 0.1349369 0.3875 0.05284025 0.1349369 0.1175 0.05300256 0.1346856 0.1175 0.05300256 0.1346856 0.3875 0.05315215 0.1344265 0.3875 0.05315215 0.1344265 0.1175 0.05328863 0.1341603 0.1175 0.05328863 0.1341603 0.3875 0.05341168 0.1338876 0.1175 0.05341168 0.1338876 0.3875 0.05352098 0.1336091 0.1175 0.05352098 0.1336091 0.3875 0.05361626 0.1333255 0.1175 0.05361626 0.1333255 0.3875 0.05369728 0.1330375 0.3875 0.05369728 0.1330375 0.1175 0.05376385 0.1327458 0.1175 0.05376385 0.1327458 0.3875 0.0538158 0.1324512 0.1175 0.0538158 0.1324512 0.3875 0.053853 0.1321544 0.1175 0.053853 0.1321544 0.3875 0.05387536 0.131856 0.1175 0.05387536 0.131856 0.3875 -0.04188282 0.131557 0.1175 -0.04188282 0.131557 0.3875 -0.04189028 0.1312579 0.3875 -0.04189028 0.1312579 0.1175 -0.04191264 0.1309596 0.1175 -0.04191264 0.1309596 0.3875 -0.04194984 0.1306627 0.1175 -0.04194984 0.1306627 0.3875 -0.04200179 0.1303681 0.1175 -0.04200179 0.1303681 0.3875 -0.04206836 0.1300764 0.1175 -0.04206836 0.1300764 0.3875 -0.04214938 0.1297884 0.3875 -0.04214938 0.1297884 0.1175 -0.04224466 0.1295049 0.1175 -0.04224466 0.1295049 0.3875 -0.04235396 0.1292264 0.1175 -0.04235396 0.1292264 0.3875 -0.04247701 0.1289537 0.3875 -0.04247701 0.1289537 0.1175 -0.04261349 0.1286874 0.1175 -0.04261349 0.1286874 0.3875 -0.04276307 0.1284284 0.1175 -0.04276307 0.1284284 0.3875 -0.04292539 0.128177 0.3875 -0.04292539 0.128177 0.1175 -0.04310003 0.1279341 0.1175 -0.04310003 0.1279341 0.3875 -0.04328655 0.1277002 0.1175 -0.04328655 0.1277002 0.3875 -0.04348451 0.1274759 0.1175 -0.04348451 0.1274759 0.3875 -0.0436934 0.1272618 0.3875 -0.0436934 0.1272618 0.1175 -0.0439127 0.1270583 0.1175 -0.0439127 0.1270583 0.3875 -0.04414188 0.126866 0.1175 -0.04414188 0.126866 0.3875 -0.04438036 0.1266853 0.1175 -0.04438036 0.1266853 0.3875 -0.04462754 0.1265168 0.1175 -0.04462754 0.1265168 0.3875 -0.04488282 0.1263608 0.3875 -0.04488282 0.1263608 0.1175 -0.04514556 0.1262177 0.1175 -0.04514556 0.1262177 0.3875 -0.0454151 0.1260879 0.3875 -0.0454151 0.1260879 0.1175 -0.04569077 0.1259717 0.1175 -0.04569077 0.1259717 0.3875 -0.0459719 0.1258694 0.1175 -0.0459719 0.1258694 0.3875 -0.04625778 0.1257812 0.1175 -0.04625778 0.1257812 0.3875 -0.0465477 0.1257074 0.1175 -0.0465477 0.1257074 0.3875 -0.04684093 0.1256481 0.1175 -0.04684093 0.1256481 0.3875 -0.04713676 0.1256035 0.1175 -0.04713676 0.1256035 0.3875 -0.04743444 0.1255737 0.3875 -0.04743444 0.1255737 0.1175 -0.04773323 0.1255588 0.1175 -0.04773323 0.1255588 0.3875 -0.04803241 0.1255588 0.1175 -0.04803241 0.1255588 0.3875 -0.0483312 0.1255737 0.1175 -0.0483312 0.1255737 0.3875 -0.04862888 0.1256035 0.1175 -0.04862888 0.1256035 0.3875 -0.04892471 0.1256481 0.1175 -0.04892471 0.1256481 0.3875 -0.04921795 0.1257074 0.1175 -0.04921795 0.1257074 0.3875 -0.04950786 0.1257812 0.1175 -0.04950786 0.1257812 0.3875 -0.04979374 0.1258694 0.1175 -0.04979374 0.1258694 0.3875 -0.05007487 0.1259717 0.1175 -0.05007487 0.1259717 0.3875 -0.05035054 0.1260879 0.1175 -0.05035054 0.1260879 0.3875 -0.05062008 0.1262177 0.1175 -0.05062008 0.1262177 0.3875 -0.05088282 0.1263608 0.1175 -0.05088282 0.1263608 0.3875 -0.0511381 0.1265168 0.1175 -0.0511381 0.1265168 0.3875 -0.05138528 0.1266853 0.1175 -0.05138528 0.1266853 0.3875 -0.05162376 0.126866 0.3875 -0.05162376 0.126866 0.1175 -0.05185294 0.1270583 0.3875 -0.05185294 0.1270583 0.1175 -0.05207224 0.1272618 0.1175 -0.05207224 0.1272618 0.3875 -0.05228113 0.1274759 0.1175 -0.05228113 0.1274759 0.3875 -0.05247909 0.1277002 0.1175 -0.05247909 0.1277002 0.3875 -0.05266562 0.1279341 0.1175 -0.05266562 0.1279341 0.3875 -0.05284025 0.128177 0.1175 -0.05284025 0.128177 0.3875 -0.05300256 0.1284284 0.1175 -0.05300256 0.1284284 0.3875 -0.05315215 0.1286874 0.1175 -0.05315215 0.1286874 0.3875 -0.05328863 0.1289537 0.1175 -0.05328863 0.1289537 0.3875 -0.05341168 0.1292264 0.3875 -0.05341168 0.1292264 0.1175 -0.05352098 0.1295049 0.1175 -0.05352098 0.1295049 0.3875 -0.05361626 0.1297884 0.3875 -0.05361626 0.1297884 0.1175 -0.05369728 0.1300764 0.3875 -0.05369728 0.1300764 0.1175 -0.05376385 0.1303681 0.1175 -0.05376385 0.1303681 0.3875 -0.0538158 0.1306627 0.3875 -0.0538158 0.1306627 0.1175 -0.053853 0.1309596 0.1175 -0.053853 0.1309596 0.3875 -0.05387536 0.1312579 0.1175 -0.05387536 0.1312579 0.3875 -0.05388282 0.131557 0.1175 -0.05388282 0.131557 0.3875 -0.05387536 0.131856 0.1175 -0.05387536 0.131856 0.3875 -0.053853 0.1321544 0.1175 -0.053853 0.1321544 0.3875 -0.0538158 0.1324512 0.1175 -0.0538158 0.1324512 0.3875 -0.05376385 0.1327458 0.1175 -0.05376385 0.1327458 0.3875 -0.05369728 0.1330375 0.1175 -0.05369728 0.1330375 0.3875 -0.05361626 0.1333255 0.1175 -0.05361626 0.1333255 0.3875 -0.05352098 0.1336091 0.1175 -0.05352098 0.1336091 0.3875 -0.05341168 0.1338876 0.1175 -0.05341168 0.1338876 0.3875 -0.05328863 0.1341603 0.1175 -0.05328863 0.1341603 0.3875 -0.05315215 0.1344265 0.1175 -0.05315215 0.1344265 0.3875 -0.05300256 0.1346856 0.1175 -0.05300256 0.1346856 0.3875 -0.05284025 0.1349369 0.1175 -0.05284025 0.1349369 0.3875 -0.05266562 0.1351798 0.1175 -0.05266562 0.1351798 0.3875 -0.05247909 0.1354137 0.1175 -0.05247909 0.1354137 0.3875 -0.05228113 0.135638 0.1175 -0.05228113 0.135638 0.3875 -0.05207224 0.1358522 0.1175 -0.05207224 0.1358522 0.3875 -0.05185294 0.1360556 0.1175 -0.05185294 0.1360556 0.3875 -0.05162376 0.136248 0.1175 -0.05162376 0.136248 0.3875 -0.05138528 0.1364286 0.1175 -0.05138528 0.1364286 0.3875 -0.0511381 0.1365971 0.1175 -0.0511381 0.1365971 0.3875 -0.05088282 0.1367531 0.1175 -0.05088282 0.1367531 0.3875 -0.05062008 0.1368962 0.1175 -0.05062008 0.1368962 0.3875 -0.05035054 0.137026 0.1175 -0.05035054 0.137026 0.3875 -0.05007487 0.1371422 0.1175 -0.05007487 0.1371422 0.3875 -0.04979374 0.1372445 0.1175 -0.04979374 0.1372445 0.3875 -0.04950786 0.1373327 0.1175 -0.04950786 0.1373327 0.3875 -0.04921795 0.1374065 0.1175 -0.04921795 0.1374065 0.3875 -0.04892471 0.1374658 0.1175 -0.04892471 0.1374658 0.3875 -0.04862888 0.1375104 0.1175 -0.04862888 0.1375104 0.3875 -0.0483312 0.1375402 0.1175 -0.0483312 0.1375402 0.3875 -0.04803241 0.1375551 0.3875 -0.04803241 0.1375551 0.1175 -0.04773323 0.1375551 0.1175 -0.04773323 0.1375551 0.3875 -0.04743444 0.1375402 0.1175 -0.04743444 0.1375402 0.3875 -0.04713676 0.1375104 0.3875 -0.04713676 0.1375104 0.1175 -0.04684093 0.1374658 0.1175 -0.04684093 0.1374658 0.3875 -0.0465477 0.1374065 0.3875 -0.0465477 0.1374065 0.1175 -0.04625778 0.1373327 0.3875 -0.04625778 0.1373327 0.1175 -0.0459719 0.1372445 0.1175 -0.0459719 0.1372445 0.3875 -0.04569077 0.1371422 0.1175 -0.04569077 0.1371422 0.3875 -0.0454151 0.137026 0.1175 -0.0454151 0.137026 0.3875 -0.04514556 0.1368962 0.3875 -0.04514556 0.1368962 0.1175 -0.04488282 0.1367531 0.3875 -0.04488282 0.1367531 0.1175 -0.04462754 0.1365971 0.1175 -0.04462754 0.1365971 0.3875 -0.04438036 0.1364286 0.3875 -0.04438036 0.1364286 0.1175 -0.04414188 0.136248 0.1175 -0.04414188 0.136248 0.3875 -0.0439127 0.1360556 0.3875 -0.0439127 0.1360556 0.1175 -0.0436934 0.1358522 0.3875 -0.0436934 0.1358522 0.1175 -0.04348451 0.135638 0.1175 -0.04348451 0.135638 0.3875 -0.04328655 0.1354137 0.1175 -0.04328655 0.1354137 0.3875 -0.04310003 0.1351798 0.1175 -0.04310003 0.1351798 0.3875 -0.04292539 0.1349369 0.3875 -0.04292539 0.1349369 0.1175 -0.04276307 0.1346856 0.1175 -0.04276307 0.1346856 0.3875 -0.04261349 0.1344265 0.3875 -0.04261349 0.1344265 0.1175 -0.04247701 0.1341603 0.1175 -0.04247701 0.1341603 0.3875 -0.04235396 0.1338876 0.1175 -0.04235396 0.1338876 0.3875 -0.04224466 0.1336091 0.1175 -0.04224466 0.1336091 0.3875 -0.04214938 0.1333255 0.1175 -0.04214938 0.1333255 0.3875 -0.04206836 0.1330375 0.3875 -0.04206836 0.1330375 0.1175 -0.04200179 0.1327458 0.1175 -0.04200179 0.1327458 0.3875 -0.04194984 0.1324512 0.1175 -0.04194984 0.1324512 0.3875 -0.04191264 0.1321544 0.1175 -0.04191264 0.1321544 0.3875 -0.04189028 0.131856 0.1175 -0.04189028 0.131856 0.3875 -0.04188282 -0.131557 0.1175 -0.04188282 -0.131557 0.3875 -0.04189028 -0.131856 0.3875 -0.04189028 -0.131856 0.1175 -0.04191264 -0.1321544 0.1175 -0.04191264 -0.1321544 0.3875 -0.04194984 -0.1324512 0.1175 -0.04194984 -0.1324512 0.3875 -0.04200179 -0.1327458 0.1175 -0.04200179 -0.1327458 0.3875 -0.04206836 -0.1330375 0.1175 -0.04206836 -0.1330375 0.3875 -0.04214938 -0.1333255 0.3875 -0.04214938 -0.1333255 0.1175 -0.04224466 -0.1336091 0.1175 -0.04224466 -0.1336091 0.3875 -0.04235396 -0.1338876 0.1175 -0.04235396 -0.1338876 0.3875 -0.04247701 -0.1341603 0.3875 -0.04247701 -0.1341603 0.1175 -0.04261349 -0.1344265 0.1175 -0.04261349 -0.1344265 0.3875 -0.04276307 -0.1346856 0.1175 -0.04276307 -0.1346856 0.3875 -0.04292539 -0.1349369 0.3875 -0.04292539 -0.1349369 0.1175 -0.04310003 -0.1351798 0.1175 -0.04310003 -0.1351798 0.3875 -0.04328655 -0.1354137 0.1175 -0.04328655 -0.1354137 0.3875 -0.04348451 -0.135638 0.1175 -0.04348451 -0.135638 0.3875 -0.0436934 -0.1358522 0.3875 -0.0436934 -0.1358522 0.1175 -0.0439127 -0.1360556 0.1175 -0.0439127 -0.1360556 0.3875 -0.04414188 -0.136248 0.1175 -0.04414188 -0.136248 0.3875 -0.04438036 -0.1364286 0.1175 -0.04438036 -0.1364286 0.3875 -0.04462754 -0.1365971 0.1175 -0.04462754 -0.1365971 0.3875 -0.04488282 -0.1367531 0.3875 -0.04488282 -0.1367531 0.1175 -0.04514556 -0.1368962 0.1175 -0.04514556 -0.1368962 0.3875 -0.0454151 -0.137026 0.3875 -0.0454151 -0.137026 0.1175 -0.04569077 -0.1371422 0.1175 -0.04569077 -0.1371422 0.3875 -0.0459719 -0.1372445 0.1175 -0.0459719 -0.1372445 0.3875 -0.04625778 -0.1373327 0.1175 -0.04625778 -0.1373327 0.3875 -0.0465477 -0.1374065 0.1175 -0.0465477 -0.1374065 0.3875 -0.04684093 -0.1374658 0.1175 -0.04684093 -0.1374658 0.3875 -0.04713676 -0.1375104 0.1175 -0.04713676 -0.1375104 0.3875 -0.04743444 -0.1375402 0.3875 -0.04743444 -0.1375402 0.1175 -0.04773323 -0.1375551 0.1175 -0.04773323 -0.1375551 0.3875 -0.04803241 -0.1375551 0.1175 -0.04803241 -0.1375551 0.3875 -0.0483312 -0.1375402 0.1175 -0.0483312 -0.1375402 0.3875 -0.04862888 -0.1375104 0.1175 -0.04862888 -0.1375104 0.3875 -0.04892471 -0.1374658 0.1175 -0.04892471 -0.1374658 0.3875 -0.04921795 -0.1374065 0.1175 -0.04921795 -0.1374065 0.3875 -0.04950786 -0.1373327 0.1175 -0.04950786 -0.1373327 0.3875 -0.04979374 -0.1372445 0.1175 -0.04979374 -0.1372445 0.3875 -0.05007487 -0.1371422 0.1175 -0.05007487 -0.1371422 0.3875 -0.05035054 -0.137026 0.1175 -0.05035054 -0.137026 0.3875 -0.05062008 -0.1368962 0.1175 -0.05062008 -0.1368962 0.3875 -0.05088282 -0.1367531 0.1175 -0.05088282 -0.1367531 0.3875 -0.0511381 -0.1365971 0.1175 -0.0511381 -0.1365971 0.3875 -0.05138528 -0.1364286 0.1175 -0.05138528 -0.1364286 0.3875 -0.05162376 -0.136248 0.3875 -0.05162376 -0.136248 0.1175 -0.05185294 -0.1360556 0.3875 -0.05185294 -0.1360556 0.1175 -0.05207224 -0.1358522 0.1175 -0.05207224 -0.1358522 0.3875 -0.05228113 -0.135638 0.1175 -0.05228113 -0.135638 0.3875 -0.05247909 -0.1354137 0.1175 -0.05247909 -0.1354137 0.3875 -0.05266562 -0.1351798 0.1175 -0.05266562 -0.1351798 0.3875 -0.05284025 -0.1349369 0.1175 -0.05284025 -0.1349369 0.3875 -0.05300256 -0.1346856 0.1175 -0.05300256 -0.1346856 0.3875 -0.05315215 -0.1344265 0.1175 -0.05315215 -0.1344265 0.3875 -0.05328863 -0.1341603 0.1175 -0.05328863 -0.1341603 0.3875 -0.05341168 -0.1338876 0.3875 -0.05341168 -0.1338876 0.1175 -0.05352098 -0.1336091 0.1175 -0.05352098 -0.1336091 0.3875 -0.05361626 -0.1333255 0.3875 -0.05361626 -0.1333255 0.1175 -0.05369728 -0.1330375 0.3875 -0.05369728 -0.1330375 0.1175 -0.05376385 -0.1327458 0.1175 -0.05376385 -0.1327458 0.3875 -0.0538158 -0.1324512 0.3875 -0.0538158 -0.1324512 0.1175 -0.053853 -0.1321544 0.1175 -0.053853 -0.1321544 0.3875 -0.05387536 -0.131856 0.1175 -0.05387536 -0.131856 0.3875 -0.05388282 -0.131557 0.1175 -0.05388282 -0.131557 0.3875 -0.05387536 -0.1312579 0.1175 -0.05387536 -0.1312579 0.3875 -0.053853 -0.1309596 0.1175 -0.053853 -0.1309596 0.3875 -0.0538158 -0.1306627 0.1175 -0.0538158 -0.1306627 0.3875 -0.05376385 -0.1303681 0.1175 -0.05376385 -0.1303681 0.3875 -0.05369728 -0.1300764 0.1175 -0.05369728 -0.1300764 0.3875 -0.05361626 -0.1297884 0.1175 -0.05361626 -0.1297884 0.3875 -0.05352098 -0.1295049 0.1175 -0.05352098 -0.1295049 0.3875 -0.05341168 -0.1292264 0.1175 -0.05341168 -0.1292264 0.3875 -0.05328863 -0.1289537 0.1175 -0.05328863 -0.1289537 0.3875 -0.05315215 -0.1286874 0.1175 -0.05315215 -0.1286874 0.3875 -0.05300256 -0.1284284 0.1175 -0.05300256 -0.1284284 0.3875 -0.05284025 -0.128177 0.1175 -0.05284025 -0.128177 0.3875 -0.05266562 -0.1279341 0.1175 -0.05266562 -0.1279341 0.3875 -0.05247909 -0.1277002 0.1175 -0.05247909 -0.1277002 0.3875 -0.05228113 -0.1274759 0.1175 -0.05228113 -0.1274759 0.3875 -0.05207224 -0.1272618 0.1175 -0.05207224 -0.1272618 0.3875 -0.05185294 -0.1270583 0.1175 -0.05185294 -0.1270583 0.3875 -0.05162376 -0.126866 0.1175 -0.05162376 -0.126866 0.3875 -0.05138528 -0.1266853 0.1175 -0.05138528 -0.1266853 0.3875 -0.0511381 -0.1265168 0.1175 -0.0511381 -0.1265168 0.3875 -0.05088282 -0.1263608 0.1175 -0.05088282 -0.1263608 0.3875 -0.05062008 -0.1262177 0.1175 -0.05062008 -0.1262177 0.3875 -0.05035054 -0.1260879 0.1175 -0.05035054 -0.1260879 0.3875 -0.05007487 -0.1259717 0.1175 -0.05007487 -0.1259717 0.3875 -0.04979374 -0.1258694 0.1175 -0.04979374 -0.1258694 0.3875 -0.04950786 -0.1257812 0.1175 -0.04950786 -0.1257812 0.3875 -0.04921795 -0.1257074 0.1175 -0.04921795 -0.1257074 0.3875 -0.04892471 -0.1256481 0.1175 -0.04892471 -0.1256481 0.3875 -0.04862888 -0.1256035 0.1175 -0.04862888 -0.1256035 0.3875 -0.0483312 -0.1255737 0.1175 -0.0483312 -0.1255737 0.3875 -0.04803241 -0.1255588 0.3875 -0.04803241 -0.1255588 0.1175 -0.04773323 -0.1255588 0.1175 -0.04773323 -0.1255588 0.3875 -0.04743444 -0.1255737 0.1175 -0.04743444 -0.1255737 0.3875 -0.04713676 -0.1256035 0.3875 -0.04713676 -0.1256035 0.1175 -0.04684093 -0.1256481 0.1175 -0.04684093 -0.1256481 0.3875 -0.0465477 -0.1257074 0.3875 -0.0465477 -0.1257074 0.1175 -0.04625778 -0.1257812 0.3875 -0.04625778 -0.1257812 0.1175 -0.0459719 -0.1258694 0.1175 -0.0459719 -0.1258694 0.3875 -0.04569077 -0.1259717 0.1175 -0.04569077 -0.1259717 0.3875 -0.0454151 -0.1260879 0.1175 -0.0454151 -0.1260879 0.3875 -0.04514556 -0.1262177 0.3875 -0.04514556 -0.1262177 0.1175 -0.04488282 -0.1263608 0.3875 -0.04488282 -0.1263608 0.1175 -0.04462754 -0.1265168 0.1175 -0.04462754 -0.1265168 0.3875 -0.04438036 -0.1266853 0.3875 -0.04438036 -0.1266853 0.1175 -0.04414188 -0.126866 0.1175 -0.04414188 -0.126866 0.3875 -0.0439127 -0.1270583 0.3875 -0.0439127 -0.1270583 0.1175 -0.0436934 -0.1272618 0.3875 -0.0436934 -0.1272618 0.1175 -0.04348451 -0.1274759 0.1175 -0.04348451 -0.1274759 0.3875 -0.04328655 -0.1277002 0.1175 -0.04328655 -0.1277002 0.3875 -0.04310003 -0.1279341 0.1175 -0.04310003 -0.1279341 0.3875 -0.04292539 -0.128177 0.3875 -0.04292539 -0.128177 0.1175 -0.04276307 -0.1284284 0.1175 -0.04276307 -0.1284284 0.3875 -0.04261349 -0.1286874 0.3875 -0.04261349 -0.1286874 0.1175 -0.04247701 -0.1289537 0.1175 -0.04247701 -0.1289537 0.3875 -0.04235396 -0.1292264 0.1175 -0.04235396 -0.1292264 0.3875 -0.04224466 -0.1295049 0.1175 -0.04224466 -0.1295049 0.3875 -0.04214938 -0.1297884 0.1175 -0.04214938 -0.1297884 0.3875 -0.04206836 -0.1300764 0.3875 -0.04206836 -0.1300764 0.1175 -0.04200179 -0.1303681 0.1175 -0.04200179 -0.1303681 0.3875 -0.04194984 -0.1306627 0.1175 -0.04194984 -0.1306627 0.3875 -0.04191264 -0.1309596 0.1175 -0.04191264 -0.1309596 0.3875 -0.04189028 -0.1312579 0.1175 -0.04189028 -0.1312579 0.3875 0.05388282 -0.131557 0.1175 0.05388282 -0.131557 0.3875 0.05387536 -0.131856 0.3875 0.05387536 -0.131856 0.1175 0.053853 -0.1321544 0.1175 0.053853 -0.1321544 0.3875 0.0538158 -0.1324512 0.1175 0.0538158 -0.1324512 0.3875 0.05376385 -0.1327458 0.1175 0.05376385 -0.1327458 0.3875 0.05369728 -0.1330375 0.1175 0.05369728 -0.1330375 0.3875 0.05361626 -0.1333255 0.3875 0.05361626 -0.1333255 0.1175 0.05352098 -0.1336091 0.1175 0.05352098 -0.1336091 0.3875 0.05341168 -0.1338876 0.1175 0.05341168 -0.1338876 0.3875 0.05328863 -0.1341603 0.3875 0.05328863 -0.1341603 0.1175 0.05315215 -0.1344265 0.1175 0.05315215 -0.1344265 0.3875 0.05300256 -0.1346856 0.1175 0.05300256 -0.1346856 0.3875 0.05284025 -0.1349369 0.3875 0.05284025 -0.1349369 0.1175 0.05266562 -0.1351798 0.1175 0.05266562 -0.1351798 0.3875 0.05247909 -0.1354137 0.1175 0.05247909 -0.1354137 0.3875 0.05228113 -0.135638 0.1175 0.05228113 -0.135638 0.3875 0.05207224 -0.1358522 0.3875 0.05207224 -0.1358522 0.1175 0.05185294 -0.1360556 0.1175 0.05185294 -0.1360556 0.3875 0.05162376 -0.136248 0.1175 0.05162376 -0.136248 0.3875 0.05138528 -0.1364286 0.1175 0.05138528 -0.1364286 0.3875 0.0511381 -0.1365971 0.1175 0.0511381 -0.1365971 0.3875 0.05088282 -0.1367531 0.3875 0.05088282 -0.1367531 0.1175 0.05062008 -0.1368962 0.1175 0.05062008 -0.1368962 0.3875 0.05035054 -0.137026 0.3875 0.05035054 -0.137026 0.1175 0.05007487 -0.1371422 0.1175 0.05007487 -0.1371422 0.3875 0.04979374 -0.1372445 0.1175 0.04979374 -0.1372445 0.3875 0.04950786 -0.1373327 0.1175 0.04950786 -0.1373327 0.3875 0.04921795 -0.1374065 0.1175 0.04921795 -0.1374065 0.3875 0.04892471 -0.1374658 0.1175 0.04892471 -0.1374658 0.3875 0.04862888 -0.1375104 0.1175 0.04862888 -0.1375104 0.3875 0.0483312 -0.1375402 0.3875 0.0483312 -0.1375402 0.1175 0.04803241 -0.1375551 0.1175 0.04803241 -0.1375551 0.3875 0.04773323 -0.1375551 0.1175 0.04773323 -0.1375551 0.3875 0.04743444 -0.1375402 0.1175 0.04743444 -0.1375402 0.3875 0.04713676 -0.1375104 0.1175 0.04713676 -0.1375104 0.3875 0.04684093 -0.1374658 0.1175 0.04684093 -0.1374658 0.3875 0.0465477 -0.1374065 0.1175 0.0465477 -0.1374065 0.3875 0.04625778 -0.1373327 0.1175 0.04625778 -0.1373327 0.3875 0.0459719 -0.1372445 0.1175 0.0459719 -0.1372445 0.3875 0.04569077 -0.1371422 0.1175 0.04569077 -0.1371422 0.3875 0.0454151 -0.137026 0.1175 0.0454151 -0.137026 0.3875 0.04514556 -0.1368962 0.1175 0.04514556 -0.1368962 0.3875 0.04488282 -0.1367531 0.1175 0.04488282 -0.1367531 0.3875 0.04462754 -0.1365971 0.1175 0.04462754 -0.1365971 0.3875 0.04438036 -0.1364286 0.1175 0.04438036 -0.1364286 0.3875 0.04414188 -0.136248 0.3875 0.04414188 -0.136248 0.1175 0.0439127 -0.1360556 0.3875 0.0439127 -0.1360556 0.1175 0.0436934 -0.1358522 0.1175 0.0436934 -0.1358522 0.3875 0.04348451 -0.135638 0.1175 0.04348451 -0.135638 0.3875 0.04328655 -0.1354137 0.1175 0.04328655 -0.1354137 0.3875 0.04310003 -0.1351798 0.1175 0.04310003 -0.1351798 0.3875 0.04292539 -0.1349369 0.1175 0.04292539 -0.1349369 0.3875 0.04276307 -0.1346856 0.1175 0.04276307 -0.1346856 0.3875 0.04261349 -0.1344265 0.1175 0.04261349 -0.1344265 0.3875 0.04247701 -0.1341603 0.1175 0.04247701 -0.1341603 0.3875 0.04235396 -0.1338876 0.3875 0.04235396 -0.1338876 0.1175 0.04224466 -0.1336091 0.1175 0.04224466 -0.1336091 0.3875 0.04214938 -0.1333255 0.3875 0.04214938 -0.1333255 0.1175 0.04206836 -0.1330375 0.3875 0.04206836 -0.1330375 0.1175 0.04200179 -0.1327458 0.1175 0.04200179 -0.1327458 0.3875 0.04194984 -0.1324512 0.3875 0.04194984 -0.1324512 0.1175 0.04191264 -0.1321544 0.1175 0.04191264 -0.1321544 0.3875 0.04189028 -0.131856 0.1175 0.04189028 -0.131856 0.3875 0.04188282 -0.131557 0.1175 0.04188282 -0.131557 0.3875 0.04189028 -0.1312579 0.1175 0.04189028 -0.1312579 0.3875 0.04191264 -0.1309596 0.1175 0.04191264 -0.1309596 0.3875 0.04194984 -0.1306627 0.1175 0.04194984 -0.1306627 0.3875 0.04200179 -0.1303681 0.1175 0.04200179 -0.1303681 0.3875 0.04206836 -0.1300764 0.1175 0.04206836 -0.1300764 0.3875 0.04214938 -0.1297884 0.1175 0.04214938 -0.1297884 0.3875 0.04224466 -0.1295049 0.1175 0.04224466 -0.1295049 0.3875 0.04235396 -0.1292264 0.1175 0.04235396 -0.1292264 0.3875 0.04247701 -0.1289537 0.1175 0.04247701 -0.1289537 0.3875 0.04261349 -0.1286874 0.1175 0.04261349 -0.1286874 0.3875 0.04276307 -0.1284284 0.1175 0.04276307 -0.1284284 0.3875 0.04292539 -0.128177 0.1175 0.04292539 -0.128177 0.3875 0.04310003 -0.1279341 0.1175 0.04310003 -0.1279341 0.3875 0.04328655 -0.1277002 0.1175 0.04328655 -0.1277002 0.3875 0.04348451 -0.1274759 0.1175 0.04348451 -0.1274759 0.3875 0.0436934 -0.1272618 0.1175 0.0436934 -0.1272618 0.3875 0.0439127 -0.1270583 0.1175 0.0439127 -0.1270583 0.3875 0.04414188 -0.126866 0.1175 0.04414188 -0.126866 0.3875 0.04438036 -0.1266853 0.1175 0.04438036 -0.1266853 0.3875 0.04462754 -0.1265168 0.1175 0.04462754 -0.1265168 0.3875 0.04488282 -0.1263608 0.1175 0.04488282 -0.1263608 0.3875 0.04514556 -0.1262177 0.1175 0.04514556 -0.1262177 0.3875 0.0454151 -0.1260879 0.1175 0.0454151 -0.1260879 0.3875 0.04569077 -0.1259717 0.1175 0.04569077 -0.1259717 0.3875 0.0459719 -0.1258694 0.1175 0.0459719 -0.1258694 0.3875 0.04625778 -0.1257812 0.1175 0.04625778 -0.1257812 0.3875 0.0465477 -0.1257074 0.1175 0.0465477 -0.1257074 0.3875 0.04684093 -0.1256481 0.1175 0.04684093 -0.1256481 0.3875 0.04713676 -0.1256035 0.1175 0.04713676 -0.1256035 0.3875 0.04743444 -0.1255737 0.1175 0.04743444 -0.1255737 0.3875 0.04773323 -0.1255588 0.3875 0.04773323 -0.1255588 0.1175 0.04803241 -0.1255588 0.1175 0.04803241 -0.1255588 0.3875 0.0483312 -0.1255737 0.1175 0.0483312 -0.1255737 0.3875 0.04862888 -0.1256035 0.3875 0.04862888 -0.1256035 0.1175 0.04892471 -0.1256481 0.1175 0.04892471 -0.1256481 0.3875 0.04921795 -0.1257074 0.3875 0.04921795 -0.1257074 0.1175 0.04950786 -0.1257812 0.3875 0.04950786 -0.1257812 0.1175 0.04979374 -0.1258694 0.1175 0.04979374 -0.1258694 0.3875 0.05007487 -0.1259717 0.1175 0.05007487 -0.1259717 0.3875 0.05035054 -0.1260879 0.1175 0.05035054 -0.1260879 0.3875 0.05062008 -0.1262177 0.3875 0.05062008 -0.1262177 0.1175 0.05088282 -0.1263608 0.3875 0.05088282 -0.1263608 0.1175 0.0511381 -0.1265168 0.1175 0.0511381 -0.1265168 0.3875 0.05138528 -0.1266853 0.3875 0.05138528 -0.1266853 0.1175 0.05162376 -0.126866 0.1175 0.05162376 -0.126866 0.3875 0.05185294 -0.1270583 0.3875 0.05185294 -0.1270583 0.1175 0.05207224 -0.1272618 0.3875 0.05207224 -0.1272618 0.1175 0.05228113 -0.1274759 0.1175 0.05228113 -0.1274759 0.3875 0.05247909 -0.1277002 0.1175 0.05247909 -0.1277002 0.3875 0.05266562 -0.1279341 0.1175 0.05266562 -0.1279341 0.3875 0.05284025 -0.128177 0.3875 0.05284025 -0.128177 0.1175 0.05300256 -0.1284284 0.1175 0.05300256 -0.1284284 0.3875 0.05315215 -0.1286874 0.3875 0.05315215 -0.1286874 0.1175 0.05328863 -0.1289537 0.1175 0.05328863 -0.1289537 0.3875 0.05341168 -0.1292264 0.1175 0.05341168 -0.1292264 0.3875 0.05352098 -0.1295049 0.1175 0.05352098 -0.1295049 0.3875 0.05361626 -0.1297884 0.1175 0.05361626 -0.1297884 0.3875 0.05369728 -0.1300764 0.3875 0.05369728 -0.1300764 0.1175 0.05376385 -0.1303681 0.1175 0.05376385 -0.1303681 0.3875 0.0538158 -0.1306627 0.1175 0.0538158 -0.1306627 0.3875 0.053853 -0.1309596 0.1175 0.053853 -0.1309596 0.3875 0.05387536 -0.1312579 0.1175 0.05387536 -0.1312579 0.3875</float_array>
          <technique_common>
            <accessor count="1008" source="#cubeverts-array0-array" stride="3">
              <param type="float" name="X"/>
              <param type="float" name="Y"/>
              <param type="float" name="Z"/>
            </accessor>
          </technique_common>
        </source>
        <source id="cubenormals-array0">
          <float_array count="6000" id="cubenormals-array0-array">0.9996892 -0.02492847 0 0.9996892 -0.02492847 0 0.9972034 -0.07473543 0 0.9972034 -0.07473543 0 0.9922386 -0.1243486 0 0.9922386 -0.1243486 0 0.9848095 -0.1736384 0 0.9848095 -0.1736384 0 0.9626214 -0.2708504 0 0.9749293 -0.2225149 0 0.9749293 -0.2225149 0 0.9626214 -0.2708504 0 0.947927 -0.3184876 0 0.947927 -0.3184876 0 0.9115088 -0.4112806 0 0.9308736 -0.3653415 0 0.9308736 -0.3653415 0 0.9115088 -0.4112806 0 0.8898729 -0.4562084 0 0.8898729 -0.4562084 0 0.8660161 -0.500016 0 0.8400306 -0.5425389 0 0.8660161 -0.500016 0 0.8400306 -0.5425389 0 0.8119376 -0.5837443 0 0.8119376 -0.5837443 0 0.7818369 -0.6234829 0 0.7818369 -0.6234829 0 0.7497817 -0.6616853 0 0.7158691 -0.6982344 0 0.7497817 -0.6616853 0 0.7158691 -0.6982344 0 0.6801664 -0.7330577 0 0.6801664 -0.7330577 0 0.6427982 -0.7660356 0 0.6427982 -0.7660356 0 0.603788 -0.7971449 0 0.603788 -0.7971449 0 0.5214413 -0.8532872 0 0.5633155 -0.826242 0 0.5633155 -0.826242 0 0.5214413 -0.8532872 0 0.4338931 -0.9009644 0 0.4782606 -0.878218 0 0.4782606 -0.878218 0 0.4338931 -0.9009644 0 0.3884229 -0.9214812 0 0.3884229 -0.9214812 0 0.3420297 -0.9396891 0 0.3420297 -0.9396891 0 0.2947524 -0.9555737 0 0.2947524 -0.9555737 0 0.2467577 -0.9690773 0 0.2467577 -0.9690773 0 0.198151 -0.9801715 0 0.198151 -0.9801715 0 0.09955927 -0.9950317 0 0.1490344 -0.9888319 0 0.1490344 -0.9888319 0 0.09955927 -0.9950317 0 0.04985685 -0.9987563 0 0.04985685 -0.9987563 0 0 -1 0 0 -1 0 -0.04985685 -0.9987563 0 -0.04985685 -0.9987563 0 -0.09955927 -0.9950317 0 -0.09955927 -0.9950317 0 -0.1490344 -0.9888319 0 -0.1490344 -0.9888319 0 -0.198151 -0.9801715 0 -0.198151 -0.9801715 0 -0.2467577 -0.9690773 0 -0.2467577 -0.9690773 0 -0.2947524 -0.9555737 0 -0.2947524 -0.9555737 0 -0.3420297 -0.9396891 0 -0.3420297 -0.9396891 0 -0.3884229 -0.9214812 0 -0.3884229 -0.9214812 0 -0.4338931 -0.9009644 0 -0.4338931 -0.9009644 0 -0.4782606 -0.878218 0 -0.4782606 -0.878218 0 -0.5214356 -0.8532906 0 -0.5214356 -0.8532906 0 -0.603788 -0.7971449 0 -0.5633214 -0.8262379 0 -0.5633214 -0.8262379 0 -0.6427982 -0.7660356 0 -0.603788 -0.7971449 0 -0.6427982 -0.7660356 0 -0.6801664 -0.7330577 0 -0.6801664 -0.7330577 0 -0.7158691 -0.6982344 0 -0.7158691 -0.6982344 0 -0.7497817 -0.6616853 0 -0.7497817 -0.6616853 0 -0.7818369 -0.6234829 0 -0.7818369 -0.6234829 0 -0.8119376 -0.5837443 0 -0.8119376 -0.5837443 0 -0.8400248 -0.5425479 0 -0.8400248 -0.5425479 0 -0.8660216 -0.5000065 0 -0.8660216 -0.5000065 0 -0.8898678 -0.4562185 0 -0.9115135 -0.41127 0 -0.8898678 -0.4562185 0 -0.9115135 -0.41127 0 -0.9308736 -0.3653415 0 -0.947927 -0.3184876 0 -0.9308736 -0.3653415 0 -0.947927 -0.3184876 0 -0.9626214 -0.2708504 0 -0.9626214 -0.2708504 0 -0.9749293 -0.2225149 0 -0.9848095 -0.1736384 0 -0.9749293 -0.2225149 0 -0.9848095 -0.1736384 0 -0.9922386 -0.1243486 0 -0.9922386 -0.1243486 0 -0.9972034 -0.07473543 0 -0.9972034 -0.07473543 0 -0.9996892 -0.02492847 0 -0.9996892 -0.02492847 0 -0.9996893 0.0249272 0 -0.9996893 0.0249272 0 -0.9972034 0.07473543 0 -0.9972034 0.07473543 0 -0.9922386 0.1243486 0 -0.9922386 0.1243486 0 -0.9848095 0.1736384 0 -0.9848095 0.1736384 0 -0.9749267 0.222526 0 -0.9749267 0.222526 0 -0.9626252 0.2708372 0 -0.9626252 0.2708372 0 -0.947927 0.3184876 0 -0.947927 0.3184876 0 -0.9308736 0.3653415 0 -0.9308736 0.3653415 0 -0.911505 0.4112891 0 -0.911505 0.4112891 0 -0.8898678 0.4562185 0 -0.8898678 0.4562185 0 -0.8660344 0.4999844 0 -0.8660344 0.4999844 0 -0.8400248 0.5425479 0 -0.8400248 0.5425479 0 -0.8119376 0.5837443 0 -0.8119376 0.5837443 0 -0.7818369 0.6234829 0 -0.7818369 0.6234829 0 -0.7497705 0.6616979 0 -0.7497705 0.6616979 0 -0.7158816 0.6982217 0 -0.7158816 0.6982217 0 -0.6801527 0.7330704 0 -0.6801527 0.7330704 0 -0.6427982 0.7660356 0 -0.6427982 0.7660356 0 -0.603788 0.7971449 0 -0.603788 0.7971449 0 -0.5633388 0.826226 0 -0.5633388 0.826226 0 -0.521417 0.853302 0 -0.521417 0.853302 0 -0.4782606 0.878218 0 -0.4782606 0.878218 0 -0.4338931 0.9009644 0 -0.4338931 0.9009644 0 -0.3884446 0.9214721 0 -0.3884446 0.9214721 0 -0.3420297 0.9396891 0 -0.3420297 0.9396891 0 -0.2947524 0.9555737 0 -0.2947524 0.9555737 0 -0.2467577 0.9690773 0 -0.2467577 0.9690773 0 -0.198151 0.9801715 0 -0.198151 0.9801715 0 -0.1490344 0.9888319 0 -0.1490344 0.9888319 0 -0.09955927 0.9950317 0 -0.04983141 0.9987577 0 -0.09955927 0.9950317 0 -0.04983141 0.9987577 0 0 1 0 0 1 -0 0.04983141 0.9987577 0 0.09955927 0.9950317 -0 0.04983141 0.9987577 -0 0.09955927 0.9950317 -0 0.1490344 0.9888319 0 0.198151 0.9801715 -0 0.1490344 0.9888319 -0 0.198151 0.9801715 -0 0.2467577 0.9690773 -0 0.2467577 0.9690773 -0 0.2947524 0.9555737 -0 0.2947524 0.9555737 0 0.3420297 0.9396891 -0 0.3420297 0.9396891 0 0.4338931 0.9009644 -0 0.3884446 0.9214721 -0 0.3884446 0.9214721 0 0.4782606 0.878218 -0 0.4338931 0.9009644 -0 0.4782606 0.878218 -0 0.5633329 0.8262301 -0 0.5214226 0.8532985 -0 0.5214226 0.8532985 0 0.5633329 0.8262301 -0 0.6427982 0.7660356 -0 0.603788 0.7971449 -0 0.603788 0.7971449 0 0.6801527 0.7330704 -0 0.6427982 0.7660356 -0 0.6801527 0.7330704 -0 0.7158816 0.6982217 -0 0.7158816 0.6982217 0 0.7497705 0.6616979 -0 0.7497705 0.6616979 0 0.7818369 0.6234829 0 0.8119376 0.5837443 -0 0.7818369 0.6234829 -0 0.8119376 0.5837443 -0 0.8400306 0.5425389 0 0.866029 0.499994 -0 0.8400306 0.5425389 -0 0.866029 0.499994 -0 0.8898729 0.4562084 0 0.8898729 0.4562084 -0 0.9115002 0.4112997 0 0.9115002 0.4112997 -0 0.9308736 0.3653415 0 0.9308736 0.3653415 -0 0.9626252 0.2708372 -0 0.947927 0.3184876 -0 0.947927 0.3184876 0 0.9626252 0.2708372 -0 0.9749267 0.222526 0 0.9749267 0.222526 -0 0.9848095 0.1736384 -0 0.9848095 0.1736384 0 0.9922386 0.1243486 -0 0.9922386 0.1243486 0 0.9972034 0.07473543 -0 0.9972034 0.07473543 0 0.9996893 0.0249272 -0 0.9996893 0.0249272 0 0 0 -1 0 0 -1 0 0 -1 0 0 -1 0 0 -1 0 0 -1 0 0 -1 0 0 -1 0 0 -1 0 0 -1 0 0 -1 0 0 -1 0 0 -1 0 0 -1 0 0 -1 0 0 -1 0 0 -1 0 0 -1 0 0 -1 0 0 -1 0 0 -1 0 0 -1 0 0 -1 0 0 -1 0 0 -1 0 0 -1 0 0 -1 0 0 -1 0 0 -1 0 0 -1 0 -0 -1 0 -0 -1 0 -0 -1 0 0 -1 0 -0 -1 0 0 -1 0 0 -1 0 0 -1 0 0 -1 0 -0 -1 0 -0 -1 0 0 -1 0 -0 -1 0 -0 -1 0 0 -1 0 -0 -1 0 0 -1 0 0 -1 0 0 -1 0 -0 -1 0 -0 -1 0 0 -1 0 0 -1 0 0 -1 0 0 -1 0 0 -1 0 0 -1 0 -0 -1 0 -0 -1 0 -0 -1 0 0 -1 0 -0 -1 0 -0 -1 0 -0 -1 0 0 -1 0 0 -1 0 0 -1 0 0 -1 0 -0 -1 0 -0 -1 0 -0 -1 0 0 -1 0 0 -1 0 -0 -1 0 0 -1 0 0 -1 0 -0 -1 0 -0 -1 0 -0 -1 0 0 -1 0 -0 -1 0 0 -1 0 0 -1 0 0 -1 0 -0 -1 0 -0 -1 0 0 -1 0 0 -1 0 0 -1 0 0 -1 0 -0 -1 -0 -0 -1 0 0 -1 0 0 -1 0 0 -1 0 0 -1 -0 -0 -1 -0 -0 -1 0 0 -1 0 0 -1 0 0 -1 -0 -0 -1 -0 -0 -1 0 0 -1 0 0 -1 -0 -0 -1 -0 -0 -1 -0 -0 -1 -0 -0 -1 -0 -0 -1 0 0 -1 0 0 -1 0 0 -1 0 0 -1 0 0 -1 0 0 -1 0 0 -1 -0 -0 -1 0 0 -1 0 0 -1 0 0 -1 -0 -0 -1 -0 -0 -1 0 0 -1 0 0 1 0 0 1 0 0 1 0 0 1 0 0 1 0 0 1 0 0 1 0 0 1 0 0 1 0 0 1 0 0 1 0 0 1 0 0 1 0 0 1 0 0 1 0 0 1 0 0 1 0 0 1 0 0 1 0 0 1 0 0 1 0 0 1 0 0 1 0 0 1 0 0 1 0 0 1 0 0 1 0 0 1 0 0 1 0 0 1 0 0 1 0 0 1 0 0 1 0 0 1 0 0 1 0 0 1 0 0 1 0 0 1 0 0 1 0 0 1 0 0 1 0 0 1 0 0 1 0 0 1 0 0 1 0 0 1 0 0 1 0 0 1 0 0 1 0 0 1 0 0 1 0 0 1 0 0 1 0 0 1 0 0 1 0 0 1 0 0 1 0 0 1 0 0 1 0 0 1 0 0 1 0 0 1 0 0 1 0 0 1 0 0 1 0 0 1 0 0 1 0 0 1 0 0 1 0 0 1 0 0 1 0 0 1 0 0 1 0 0 1 0 0 1 0 0 1 0 0 1 0 0 1 0 0 1 0 0 1 0 0 1 0 0 1 0 0 1 0 0 1 0 0 1 0 0 1 0 0 1 0 0 1 0 0 1 0 0 1 0 0 1 0 0 1 0 0 1 0 0 1 0 0 1 0 0 1 0 0 1 0 0 1 0 0 1 0 0 1 0 0 1 0 0 1 0 0 1 0 0 1 0 0 1 0 0 1 0 0 1 0 0 1 0 0 1 0 0 1 0 0 1 0 0 1 0 0 1 0 0 1 0 0 1 0 0 1 0 0 1 0 0 1 0 0 1 0 0 1 0 0 1 0 0 1 0 0 1 0 0 1 0.9996892 -0.02492847 0 0.9996892 -0.02492847 0 0.9972034 -0.07473543 0 0.9972034 -0.07473543 0 0.9922386 -0.1243486 0 0.9922386 -0.1243486 0 0.9848095 -0.1736384 0 0.9848095 -0.1736384 0 0.9626214 -0.2708504 0 0.9749293 -0.2225149 0 0.9749293 -0.2225149 0 0.9626214 -0.2708504 0 0.947927 -0.3184876 0 0.947927 -0.3184876 0 0.9115135 -0.41127 0 0.9308736 -0.3653415 0 0.9308736 -0.3653415 0 0.9115135 -0.41127 0 0.8898678 -0.4562185 0 0.8898678 -0.4562185 0 0.8660216 -0.5000065 0 0.8400248 -0.5425479 0 0.8660216 -0.5000065 0 0.8400248 -0.5425479 0 0.8119376 -0.5837443 0 0.8119376 -0.5837443 0 0.7818369 -0.6234829 0 0.7818369 -0.6234829 0 0.7497817 -0.6616853 0 0.7158691 -0.6982344 0 0.7497817 -0.6616853 0 0.7158691 -0.6982344 0 0.6801664 -0.7330577 0 0.6801664 -0.7330577 0 0.6427982 -0.7660356 0 0.6427982 -0.7660356 0 0.603788 -0.7971449 0 0.603788 -0.7971449 0 0.5214356 -0.8532906 0 0.5633214 -0.8262379 0 0.5633214 -0.8262379 0 0.5214356 -0.8532906 0 0.4338931 -0.9009644 0 0.4782606 -0.878218 0 0.4782606 -0.878218 0 0.4338931 -0.9009644 0 0.3884229 -0.9214812 0 0.3884229 -0.9214812 0 0.3420297 -0.9396891 0 0.3420297 -0.9396891 0 0.2947524 -0.9555737 0 0.2947524 -0.9555737 0 0.2467577 -0.9690773 0 0.2467577 -0.9690773 0 0.198151 -0.9801715 0 0.198151 -0.9801715 0 0.09955927 -0.9950317 0 0.1490344 -0.9888319 0 0.1490344 -0.9888319 0 0.09955927 -0.9950317 0 0.04985685 -0.9987563 0 0.04985685 -0.9987563 0 0 -1 0 0 -1 0 -0.04985685 -0.9987563 0 -0.04985685 -0.9987563 0 -0.09955927 -0.9950317 0 -0.09955927 -0.9950317 0 -0.1490344 -0.9888319 0 -0.1490344 -0.9888319 0 -0.198151 -0.9801715 0 -0.198151 -0.9801715 0 -0.2467577 -0.9690773 0 -0.2467577 -0.9690773 0 -0.2947524 -0.9555737 0 -0.2947524 -0.9555737 0 -0.3420297 -0.9396891 0 -0.3420297 -0.9396891 0 -0.3884229 -0.9214812 0 -0.3884229 -0.9214812 0 -0.4338931 -0.9009644 0 -0.4338931 -0.9009644 0 -0.4782606 -0.878218 0 -0.4782606 -0.878218 0 -0.5214413 -0.8532872 0 -0.5214413 -0.8532872 0 -0.603788 -0.7971449 0 -0.5633155 -0.826242 0 -0.5633155 -0.826242 0 -0.6427982 -0.7660356 0 -0.603788 -0.7971449 0 -0.6427982 -0.7660356 0 -0.6801664 -0.7330577 0 -0.6801664 -0.7330577 0 -0.7158691 -0.6982344 0 -0.7158691 -0.6982344 0 -0.7497817 -0.6616853 0 -0.7497817 -0.6616853 0 -0.7818369 -0.6234829 0 -0.7818369 -0.6234829 0 -0.8119376 -0.5837443 0 -0.8119376 -0.5837443 0 -0.8400306 -0.5425389 0 -0.8400306 -0.5425389 0 -0.8660161 -0.500016 0 -0.8660161 -0.500016 0 -0.8898729 -0.4562084 0 -0.9115088 -0.4112806 0 -0.8898729 -0.4562084 0 -0.9115088 -0.4112806 0 -0.9308736 -0.3653415 0 -0.947927 -0.3184876 0 -0.9308736 -0.3653415 0 -0.947927 -0.3184876 0 -0.9626214 -0.2708504 0 -0.9626214 -0.2708504 0 -0.9749293 -0.2225149 0 -0.9848095 -0.1736384 0 -0.9749293 -0.2225149 0 -0.9848095 -0.1736384 0 -0.9922386 -0.1243486 0 -0.9922386 -0.1243486 0 -0.9972034 -0.07473543 0 -0.9972034 -0.07473543 0 -0.9996892 -0.02492847 0 -0.9996892 -0.02492847 0 -0.9996893 0.0249272 0 -0.9996893 0.0249272 0 -0.9972034 0.07473543 0 -0.9972034 0.07473543 0 -0.9922386 0.1243486 0 -0.9922386 0.1243486 0 -0.9848095 0.1736384 0 -0.9848095 0.1736384 0 -0.9749267 0.222526 0 -0.9749267 0.222526 0 -0.9626252 0.2708372 0 -0.9626252 0.2708372 0 -0.947927 0.3184876 0 -0.947927 0.3184876 0 -0.9308736 0.3653415 0 -0.9308736 0.3653415 0 -0.9115002 0.4112997 0 -0.9115002 0.4112997 0 -0.8898729 0.4562084 0 -0.8898729 0.4562084 0 -0.866029 0.499994 0 -0.866029 0.499994 0 -0.8400306 0.5425389 0 -0.8400306 0.5425389 0 -0.8119376 0.5837443 0 -0.8119376 0.5837443 0 -0.7818369 0.6234829 0 -0.7818369 0.6234829 0 -0.7497705 0.6616979 0 -0.7497705 0.6616979 0 -0.7158816 0.6982217 0 -0.7158816 0.6982217 0 -0.6801527 0.7330704 0 -0.6801527 0.7330704 0 -0.6427982 0.7660356 0 -0.6427982 0.7660356 0 -0.603788 0.7971449 0 -0.603788 0.7971449 0 -0.5633329 0.8262301 0 -0.5633329 0.8262301 0 -0.5214226 0.8532985 0 -0.5214226 0.8532985 0 -0.4782606 0.878218 0 -0.4782606 0.878218 0 -0.4338931 0.9009644 0 -0.4338931 0.9009644 0 -0.3884446 0.9214721 0 -0.3884446 0.9214721 0 -0.3420297 0.9396891 0 -0.3420297 0.9396891 0 -0.2947524 0.9555737 0 -0.2947524 0.9555737 0 -0.2467577 0.9690773 0 -0.2467577 0.9690773 0 -0.198151 0.9801715 0 -0.198151 0.9801715 0 -0.1490344 0.9888319 0 -0.1490344 0.9888319 0 -0.09955927 0.9950317 0 -0.04983141 0.9987577 0 -0.09955927 0.9950317 0 -0.04983141 0.9987577 0 0 1 0 0 1 -0 0.04983141 0.9987577 0 0.09955927 0.9950317 -0 0.04983141 0.9987577 -0 0.09955927 0.9950317 -0 0.1490344 0.9888319 0 0.198151 0.9801715 -0 0.1490344 0.9888319 -0 0.198151 0.9801715 -0 0.2467577 0.9690773 -0 0.2467577 0.9690773 -0 0.2947524 0.9555737 -0 0.2947524 0.9555737 0 0.3420297 0.9396891 -0 0.3420297 0.9396891 0 0.4338931 0.9009644 -0 0.3884446 0.9214721 -0 0.3884446 0.9214721 0 0.4782606 0.878218 -0 0.4338931 0.9009644 -0 0.4782606 0.878218 -0 0.5633388 0.826226 -0 0.521417 0.853302 -0 0.521417 0.853302 0 0.5633388 0.826226 -0 0.6427982 0.7660356 -0 0.603788 0.7971449 -0 0.603788 0.7971449 0 0.6801527 0.7330704 -0 0.6427982 0.7660356 -0 0.6801527 0.7330704 -0 0.7158816 0.6982217 -0 0.7158816 0.6982217 0 0.7497705 0.6616979 -0 0.7497705 0.6616979 0 0.7818369 0.6234829 0 0.8119376 0.5837443 -0 0.7818369 0.6234829 -0 0.8119376 0.5837443 -0 0.8400248 0.5425479 0 0.8660344 0.4999844 -0 0.8400248 0.5425479 -0 0.8660344 0.4999844 -0 0.8898678 0.4562185 0 0.8898678 0.4562185 -0 0.911505 0.4112891 0 0.911505 0.4112891 -0 0.9308736 0.3653415 0 0.9308736 0.3653415 -0 0.9626252 0.2708372 -0 0.947927 0.3184876 -0 0.947927 0.3184876 0 0.9626252 0.2708372 -0 0.9749267 0.222526 0 0.9749267 0.222526 -0 0.9848095 0.1736384 -0 0.9848095 0.1736384 0 0.9922386 0.1243486 -0 0.9922386 0.1243486 0 0.9972034 0.07473543 -0 0.9972034 0.07473543 0 0.9996893 0.0249272 -0 0.9996893 0.0249272 0 0 0 -1 0 0 -1 0 0 -1 0 0 -1 0 0 -1 0 0 -1 0 0 -1 0 0 -1 0 0 -1 0 0 -1 0 0 -1 0 0 -1 0 0 -1 0 0 -1 0 0 -1 0 0 -1 0 0 -1 0 0 -1 0 0 -1 0 0 -1 0 0 -1 0 0 -1 0 0 -1 0 0 -1 0 0 -1 0 0 -1 0 0 -1 0 0 -1 0 0 -1 0 0 -1 0 -0 -1 0 -0 -1 0 -0 -1 0 0 -1 0 -0 -1 0 0 -1 0 0 -1 0 0 -1 0 0 -1 0 -0 -1 0 -0 -1 0 0 -1 0 -0 -1 0 -0 -1 0 0 -1 0 -0 -1 0 0 -1 0 0 -1 0 0 -1 0 -0 -1 0 -0 -1 0 0 -1 0 0 -1 0 0 -1 0 0 -1 0 0 -1 0 0 -1 0 -0 -1 0 -0 -1 0 -0 -1 0 0 -1 0 -0 -1 0 -0 -1 0 -0 -1 0 0 -1 0 0 -1 0 0 -1 0 0 -1 0 -0 -1 0 -0 -1 0 -0 -1 0 0 -1 0 0 -1 0 -0 -1 0 0 -1 0 0 -1 0 -0 -1 0 -0 -1 0 -0 -1 0 0 -1 0 -0 -1 0 0 -1 0 0 -1 0 0 -1 0 -0 -1 0 -0 -1 0 0 -1 0 0 -1 0 0 -1 0 0 -1 0 -0 -1 -0 -0 -1 0 0 -1 0 0 -1 0 0 -1 0 0 -1 -0 -0 -1 -0 -0 -1 0 0 -1 0 0 -1 0 0 -1 -0 -0 -1 -0 -0 -1 0 0 -1 0 0 -1 -0 -0 -1 -0 -0 -1 -0 -0 -1 -0 -0 -1 -0 -0 -1 0 0 -1 0 0 -1 0 0 -1 0 0 -1 0 0 -1 0 0 -1 0 0 -1 -0 -0 -1 0 0 -1 0 0 -1 0 0 -1 -0 -0 -1 -0 -0 -1 0 0 -1 0 0 1 0 0 1 0 0 1 0 0 1 0 0 1 0 0 1 0 0 1 0 0 1 0 0 1 0 0 1 0 0 1 0 0 1 0 0 1 0 0 1 0 0 1 0 0 1 0 0 1 0 0 1 0 0 1 0 0 1 0 0 1 0 0 1 0 0 1 0 0 1 0 0 1 0 0 1 0 0 1 0 0 1 0 0 1 0 0 1 0 0 1 0 0 1 0 0 1 0 0 1 0 0 1 0 0 1 0 0 1 0 0 1 0 0 1 0 0 1 0 0 1 0 0 1 0 0 1 0 0 1 0 0 1 0 0 1 0 0 1 0 0 1 0 0 1 0 0 1 0 0 1 0 0 1 0 0 1 0 0 1 0 0 1 0 0 1 0 0 1 0 0 1 0 0 1 0 0 1 0 0 1 0 0 1 0 0 1 0 0 1 0 0 1 0 0 1 0 0 1 0 0 1 0 0 1 0 0 1 0 0 1 0 0 1 0 0 1 0 0 1 0 0 1 0 0 1 0 0 1 0 0 1 0 0 1 0 0 1 0 0 1 0 0 1 0 0 1 0 0 1 0 0 1 0 0 1 0 0 1 0 0 1 0 0 1 0 0 1 0 0 1 0 0 1 0 0 1 0 0 1 0 0 1 0 0 1 0 0 1 0 0 1 0 0 1 0 0 1 0 0 1 0 0 1 0 0 1 0 0 1 0 0 1 0 0 1 0 0 1 0 0 1 0 0 1 0 0 1 0 0 1 0 0 1 0 0 1 0 0 1 0 0 1 0 0 1 0 0 1 0 0 1 0 0 1 0 0 1 0 0 1 0 0 1 0 0 1 0 0 1 0.9996893 -0.0249272 0 0.9996893 -0.0249272 0 0.9972034 -0.07473543 0 0.9972034 -0.07473543 0 0.9922386 -0.1243486 0 0.9922386 -0.1243486 0 0.9848095 -0.1736384 0 0.9848095 -0.1736384 0 0.9626252 -0.2708372 0 0.9749267 -0.222526 0 0.9749267 -0.222526 0 0.9626252 -0.2708372 0 0.947927 -0.3184876 0 0.947927 -0.3184876 0 0.911505 -0.4112891 0 0.9308736 -0.3653415 0 0.9308736 -0.3653415 0 0.911505 -0.4112891 0 0.8898678 -0.4562185 0 0.8898678 -0.4562185 0 0.8660344 -0.4999844 0 0.8400248 -0.5425479 0 0.8660344 -0.4999844 0 0.8400248 -0.5425479 0 0.8119376 -0.5837443 0 0.8119376 -0.5837443 0 0.7818369 -0.6234829 0 0.7818369 -0.6234829 0 0.7497705 -0.6616979 0 0.7158816 -0.6982217 0 0.7497705 -0.6616979 0 0.7158816 -0.6982217 0 0.6801527 -0.7330704 0 0.6801527 -0.7330704 0 0.6427982 -0.7660356 0 0.6427982 -0.7660356 0 0.603788 -0.7971449 0 0.603788 -0.7971449 0 0.521417 -0.853302 0 0.5633388 -0.826226 0 0.5633388 -0.826226 0 0.521417 -0.853302 0 0.4338931 -0.9009644 0 0.4782606 -0.878218 0 0.4782606 -0.878218 0 0.4338931 -0.9009644 0 0.3884446 -0.9214721 0 0.3884446 -0.9214721 0 0.3420297 -0.9396891 0 0.3420297 -0.9396891 0 0.2947524 -0.9555737 0 0.2947524 -0.9555737 0 0.2467577 -0.9690773 0 0.2467577 -0.9690773 0 0.198151 -0.9801715 0 0.198151 -0.9801715 0 0.09955927 -0.9950317 0 0.1490344 -0.9888319 0 0.1490344 -0.9888319 0 0.09955927 -0.9950317 0 0.04983141 -0.9987577 0 0.04983141 -0.9987577 0 0 -1 0 0 -1 0 -0.04983141 -0.9987577 0 -0.04983141 -0.9987577 0 -0.09955927 -0.9950317 0 -0.09955927 -0.9950317 0 -0.1490344 -0.9888319 0 -0.1490344 -0.9888319 0 -0.198151 -0.9801715 0 -0.198151 -0.9801715 0 -0.2467577 -0.9690773 0 -0.2467577 -0.9690773 0 -0.2947524 -0.9555737 0 -0.2947524 -0.9555737 0 -0.3420297 -0.9396891 0 -0.3420297 -0.9396891 0 -0.3884446 -0.9214721 0 -0.3884446 -0.9214721 0 -0.4338931 -0.9009644 0 -0.4338931 -0.9009644 0 -0.4782606 -0.878218 0 -0.4782606 -0.878218 0 -0.5214226 -0.8532985 0 -0.5214226 -0.8532985 0 -0.603788 -0.7971449 0 -0.5633329 -0.8262301 0 -0.5633329 -0.8262301 0 -0.6427982 -0.7660356 0 -0.603788 -0.7971449 0 -0.6427982 -0.7660356 0 -0.6801527 -0.7330704 0 -0.6801527 -0.7330704 0 -0.7158816 -0.6982217 0 -0.7158816 -0.6982217 0 -0.7497705 -0.6616979 0 -0.7497705 -0.6616979 0 -0.7818369 -0.6234829 0 -0.7818369 -0.6234829 0 -0.8119376 -0.5837443 0 -0.8119376 -0.5837443 0 -0.8400306 -0.5425389 0 -0.8400306 -0.5425389 0 -0.866029 -0.499994 0 -0.866029 -0.499994 0 -0.8898729 -0.4562084 0 -0.9115002 -0.4112997 0 -0.8898729 -0.4562084 0 -0.9115002 -0.4112997 0 -0.9308736 -0.3653415 0 -0.947927 -0.3184876 0 -0.9308736 -0.3653415 0 -0.947927 -0.3184876 0 -0.9626252 -0.2708372 0 -0.9626252 -0.2708372 0 -0.9749267 -0.222526 0 -0.9848095 -0.1736384 0 -0.9749267 -0.222526 0 -0.9848095 -0.1736384 0 -0.9922386 -0.1243486 0 -0.9922386 -0.1243486 0 -0.9972034 -0.07473543 0 -0.9972034 -0.07473543 0 -0.9996893 -0.0249272 0 -0.9996893 -0.0249272 0 -0.9996892 0.02492847 0 -0.9996892 0.02492847 0 -0.9972034 0.07473543 0 -0.9972034 0.07473543 0 -0.9922386 0.1243486 0 -0.9922386 0.1243486 0 -0.9848095 0.1736384 0 -0.9848095 0.1736384 0 -0.9749293 0.2225149 0 -0.9749293 0.2225149 0 -0.9626214 0.2708504 0 -0.9626214 0.2708504 0 -0.947927 0.3184876 0 -0.947927 0.3184876 0 -0.9308736 0.3653415 0 -0.9308736 0.3653415 0 -0.9115088 0.4112806 0 -0.9115088 0.4112806 0 -0.8898729 0.4562084 0 -0.8898729 0.4562084 0 -0.8660161 0.500016 0 -0.8660161 0.500016 0 -0.8400306 0.5425389 0 -0.8400306 0.5425389 0 -0.8119376 0.5837443 0 -0.8119376 0.5837443 0 -0.7818369 0.6234829 0 -0.7818369 0.6234829 0 -0.7497817 0.6616853 0 -0.7497817 0.6616853 0 -0.7158691 0.6982344 0 -0.7158691 0.6982344 0 -0.6801664 0.7330577 0 -0.6801664 0.7330577 0 -0.6427982 0.7660356 0 -0.6427982 0.7660356 0 -0.603788 0.7971449 0 -0.603788 0.7971449 0 -0.5633155 0.826242 0 -0.5633155 0.826242 0 -0.5214413 0.8532872 0 -0.5214413 0.8532872 0 -0.4782606 0.878218 0 -0.4782606 0.878218 0 -0.4338931 0.9009644 0 -0.4338931 0.9009644 0 -0.3884229 0.9214812 0 -0.3884229 0.9214812 0 -0.3420297 0.9396891 0 -0.3420297 0.9396891 0 -0.2947524 0.9555737 0 -0.2947524 0.9555737 0 -0.2467577 0.9690773 0 -0.2467577 0.9690773 0 -0.198151 0.9801715 0 -0.198151 0.9801715 0 -0.1490344 0.9888319 0 -0.1490344 0.9888319 0 -0.09955927 0.9950317 0 -0.04985685 0.9987563 0 -0.09955927 0.9950317 0 -0.04985685 0.9987563 0 0 1 0 0 1 -0 0.04985685 0.9987563 0 0.09955927 0.9950317 -0 0.04985685 0.9987563 -0 0.09955927 0.9950317 -0 0.1490344 0.9888319 0 0.198151 0.9801715 -0 0.1490344 0.9888319 -0 0.198151 0.9801715 -0 0.2467577 0.9690773 -0 0.2467577 0.9690773 -0 0.2947524 0.9555737 -0 0.2947524 0.9555737 0 0.3420297 0.9396891 -0 0.3420297 0.9396891 0 0.4338931 0.9009644 -0 0.3884229 0.9214812 -0 0.3884229 0.9214812 0 0.4782606 0.878218 -0 0.4338931 0.9009644 -0 0.4782606 0.878218 -0 0.5633214 0.8262379 -0 0.5214356 0.8532906 -0 0.5214356 0.8532906 0 0.5633214 0.8262379 -0 0.6427982 0.7660356 -0 0.603788 0.7971449 -0 0.603788 0.7971449 0 0.6801664 0.7330577 -0 0.6427982 0.7660356 -0 0.6801664 0.7330577 -0 0.7158691 0.6982344 -0 0.7158691 0.6982344 0 0.7497817 0.6616853 -0 0.7497817 0.6616853 0 0.7818369 0.6234829 0 0.8119376 0.5837443 -0 0.7818369 0.6234829 -0 0.8119376 0.5837443 -0 0.8400248 0.5425479 0 0.8660216 0.5000065 -0 0.8400248 0.5425479 -0 0.8660216 0.5000065 -0 0.8898678 0.4562185 0 0.8898678 0.4562185 -0 0.9115135 0.41127 0 0.9115135 0.41127 -0 0.9308736 0.3653415 0 0.9308736 0.3653415 -0 0.9626214 0.2708504 -0 0.947927 0.3184876 -0 0.947927 0.3184876 0 0.9626214 0.2708504 -0 0.9749293 0.2225149 0 0.9749293 0.2225149 -0 0.9848095 0.1736384 -0 0.9848095 0.1736384 0 0.9922386 0.1243486 -0 0.9922386 0.1243486 0 0.9972034 0.07473543 -0 0.9972034 0.07473543 0 0.9996892 0.02492847 -0 0.9996892 0.02492847 0 0 0 -1 0 0 -1 0 0 -1 0 0 -1 0 0 -1 0 0 -1 0 0 -1 0 0 -1 0 0 -1 0 0 -1 0 0 -1 0 0 -1 0 0 -1 0 0 -1 0 0 -1 0 0 -1 0 0 -1 0 0 -1 0 0 -1 0 0 -1 0 0 -1 0 0 -1 0 0 -1 0 0 -1 0 0 -1 0 0 -1 0 0 -1 0 0 -1 0 0 -1 0 0 -1 0 0 -1 0 -0 -1 0 0 -1 0 -0 -1 0 -0 -1 0 0 -1 0 -0 -1 0 0 -1 0 0 -1 0 0 -1 0 -0 -1 0 -0 -1 0 -0 -1 0 -0 -1 0 0 -1 0 -0 -1 0 0 -1 0 0 -1 0 0 -1 0 0 -1 0 -0 -1 0 -0 -1 0 -0 -1 0 0 -1 0 0 -1 0 0 -1 0 -0 -1 0 -0 -1 0 -0 -1 0 0 -1 0 0 -1 0 0 -1 0 -0 -1 0 -0 -1 0 -0 -1 0 -0 -1 0 0 -1 0 0 -1 0 0 -1 0 0 -1 0 0 -1 0 0 -1 0 0 -1 0 0 -1 0 -0 -1 0 -0 -1 0 0 -1 0 -0 -1 0 -0 -1 0 0 -1 0 -0 -1 0 -0 -1 0 -0 -1 0 0 -1 0 0 -1 0 0 -1 0 0 -1 0 -0 -1 -0 -0 -1 -0 -0 -1 0 -0 -1 0 0 -1 0 0 -1 0 0 -1 0 0 -1 0 0 -1 -0 -0 -1 0 -0 -1 0 0 -1 0 0 -1 0 0 -1 0 0 -1 0 0 -1 0 0 -1 0 0 -1 -0 -0 -1 -0 -0 -1 -0 -0 -1 -0 -0 -1 0 0 -1 0 0 -1 -0 -0 -1 0 0 -1 0 0 -1 0 0 -1 0 0 -1 -0 -0 -1 0 0 -1 0 0 -1 -0 -0 -1 -0 -0 -1 0 0 -1 0 0 -1 -0 -0 -1 0 0 1 0 0 1 0 0 1 0 0 1 0 0 1 0 0 1 0 0 1 0 0 1 0 0 1 0 0 1 0 0 1 0 0 1 0 0 1 0 0 1 0 0 1 0 0 1 0 0 1 0 0 1 0 0 1 0 0 1 0 0 1 0 0 1 0 0 1 0 0 1 0 0 1 0 0 1 0 0 1 0 0 1 0 0 1 0 0 1 0 0 1 0 0 1 0 0 1 0 0 1 0 0 1 0 0 1 0 0 1 0 0 1 0 0 1 0 0 1 0 0 1 0 0 1 0 0 1 0 0 1 0 0 1 0 0 1 0 0 1 0 0 1 0 0 1 0 0 1 0 0 1 0 0 1 0 0 1 0 0 1 0 0 1 0 0 1 0 0 1 0 0 1 0 0 1 0 0 1 0 0 1 0 0 1 0 0 1 0 0 1 0 0 1 0 0 1 0 0 1 0 0 1 0 0 1 0 0 1 0 0 1 0 0 1 0 0 1 0 0 1 0 0 1 0 0 1 0 0 1 0 0 1 0 0 1 0 0 1 0 0 1 0 0 1 0 0 1 0 0 1 0 0 1 0 0 1 0 0 1 0 0 1 0 0 1 0 0 1 0 0 1 0 0 1 0 0 1 0 0 1 0 0 1 0 0 1 0 0 1 0 0 1 0 0 1 0 0 1 0 0 1 0 0 1 0 0 1 0 0 1 0 0 1 0 0 1 0 0 1 0 0 1 0 0 1 0 0 1 0 0 1 0 0 1 0 0 1 0 0 1 0 0 1 0 0 1 0 0 1 0 0 1 0 0 1 0 0 1 0 0 1 0 0 1 0 0 1 0 0 1 0.9996893 -0.0249272 0 0.9996893 -0.0249272 0 0.9972034 -0.07473543 0 0.9972034 -0.07473543 0 0.9922386 -0.1243486 0 0.9922386 -0.1243486 0 0.9848095 -0.1736384 0 0.9848095 -0.1736384 0 0.9626252 -0.2708372 0 0.9749267 -0.222526 0 0.9749267 -0.222526 0 0.9626252 -0.2708372 0 0.947927 -0.3184876 0 0.947927 -0.3184876 0 0.9115002 -0.4112997 0 0.9308736 -0.3653415 0 0.9308736 -0.3653415 0 0.9115002 -0.4112997 0 0.8898729 -0.4562084 0 0.8898729 -0.4562084 0 0.866029 -0.499994 0 0.8400306 -0.5425389 0 0.866029 -0.499994 0 0.8400306 -0.5425389 0 0.8119376 -0.5837443 0 0.8119376 -0.5837443 0 0.7818369 -0.6234829 0 0.7818369 -0.6234829 0 0.7497705 -0.6616979 0 0.7158816 -0.6982217 0 0.7497705 -0.6616979 0 0.7158816 -0.6982217 0 0.6801527 -0.7330704 0 0.6801527 -0.7330704 0 0.6427982 -0.7660356 0 0.6427982 -0.7660356 0 0.603788 -0.7971449 0 0.603788 -0.7971449 0 0.5214226 -0.8532985 0 0.5633329 -0.8262301 0 0.5633329 -0.8262301 0 0.5214226 -0.8532985 0 0.4338931 -0.9009644 0 0.4782606 -0.878218 0 0.4782606 -0.878218 0 0.4338931 -0.9009644 0 0.3884446 -0.9214721 0 0.3884446 -0.9214721 0 0.3420297 -0.9396891 0 0.3420297 -0.9396891 0 0.2947524 -0.9555737 0 0.2947524 -0.9555737 0 0.2467577 -0.9690773 0 0.2467577 -0.9690773 0 0.198151 -0.9801715 0 0.198151 -0.9801715 0 0.09955927 -0.9950317 0 0.1490344 -0.9888319 0 0.1490344 -0.9888319 0 0.09955927 -0.9950317 0 0.04983141 -0.9987577 0 0.04983141 -0.9987577 0 0 -1 0 0 -1 0 -0.04983141 -0.9987577 0 -0.04983141 -0.9987577 0 -0.09955927 -0.9950317 0 -0.09955927 -0.9950317 0 -0.1490344 -0.9888319 0 -0.1490344 -0.9888319 0 -0.198151 -0.9801715 0 -0.198151 -0.9801715 0 -0.2467577 -0.9690773 0 -0.2467577 -0.9690773 0 -0.2947524 -0.9555737 0 -0.2947524 -0.9555737 0 -0.3420297 -0.9396891 0 -0.3420297 -0.9396891 0 -0.3884446 -0.9214721 0 -0.3884446 -0.9214721 0 -0.4338931 -0.9009644 0 -0.4338931 -0.9009644 0 -0.4782606 -0.878218 0 -0.4782606 -0.878218 0 -0.521417 -0.853302 0 -0.521417 -0.853302 0 -0.603788 -0.7971449 0 -0.5633388 -0.826226 0 -0.5633388 -0.826226 0 -0.6427982 -0.7660356 0 -0.603788 -0.7971449 0 -0.6427982 -0.7660356 0 -0.6801527 -0.7330704 0 -0.6801527 -0.7330704 0 -0.7158816 -0.6982217 0 -0.7158816 -0.6982217 0 -0.7497705 -0.6616979 0 -0.7497705 -0.6616979 0 -0.7818369 -0.6234829 0 -0.7818369 -0.6234829 0 -0.8119376 -0.5837443 0 -0.8119376 -0.5837443 0 -0.8400248 -0.5425479 0 -0.8400248 -0.5425479 0 -0.8660344 -0.4999844 0 -0.8660344 -0.4999844 0 -0.8898678 -0.4562185 0 -0.911505 -0.4112891 0 -0.8898678 -0.4562185 0 -0.911505 -0.4112891 0 -0.9308736 -0.3653415 0 -0.947927 -0.3184876 0 -0.9308736 -0.3653415 0 -0.947927 -0.3184876 0 -0.9626252 -0.2708372 0 -0.9626252 -0.2708372 0 -0.9749267 -0.222526 0 -0.9848095 -0.1736384 0 -0.9749267 -0.222526 0 -0.9848095 -0.1736384 0 -0.9922386 -0.1243486 0 -0.9922386 -0.1243486 0 -0.9972034 -0.07473543 0 -0.9972034 -0.07473543 0 -0.9996893 -0.0249272 0 -0.9996893 -0.0249272 0 -0.9996892 0.02492847 0 -0.9996892 0.02492847 0 -0.9972034 0.07473543 0 -0.9972034 0.07473543 0 -0.9922386 0.1243486 0 -0.9922386 0.1243486 0 -0.9848095 0.1736384 0 -0.9848095 0.1736384 0 -0.9749293 0.2225149 0 -0.9749293 0.2225149 0 -0.9626214 0.2708504 0 -0.9626214 0.2708504 0 -0.947927 0.3184876 0 -0.947927 0.3184876 0 -0.9308736 0.3653415 0 -0.9308736 0.3653415 0 -0.9115135 0.41127 0 -0.9115135 0.41127 0 -0.8898678 0.4562185 0 -0.8898678 0.4562185 0 -0.8660216 0.5000065 0 -0.8660216 0.5000065 0 -0.8400248 0.5425479 0 -0.8400248 0.5425479 0 -0.8119376 0.5837443 0 -0.8119376 0.5837443 0 -0.7818369 0.6234829 0 -0.7818369 0.6234829 0 -0.7497817 0.6616853 0 -0.7497817 0.6616853 0 -0.7158691 0.6982344 0 -0.7158691 0.6982344 0 -0.6801664 0.7330577 0 -0.6801664 0.7330577 0 -0.6427982 0.7660356 0 -0.6427982 0.7660356 0 -0.603788 0.7971449 0 -0.603788 0.7971449 0 -0.5633214 0.8262379 0 -0.5633214 0.8262379 0 -0.5214356 0.8532906 0 -0.5214356 0.8532906 0 -0.4782606 0.878218 0 -0.4782606 0.878218 0 -0.4338931 0.9009644 0 -0.4338931 0.9009644 0 -0.3884229 0.9214812 0 -0.3884229 0.9214812 0 -0.3420297 0.9396891 0 -0.3420297 0.9396891 0 -0.2947524 0.9555737 0 -0.2947524 0.9555737 0 -0.2467577 0.9690773 0 -0.2467577 0.9690773 0 -0.198151 0.9801715 0 -0.198151 0.9801715 0 -0.1490344 0.9888319 0 -0.1490344 0.9888319 0 -0.09955927 0.9950317 0 -0.04985685 0.9987563 0 -0.09955927 0.9950317 0 -0.04985685 0.9987563 0 0 1 0 0 1 -0 0.04985685 0.9987563 0 0.09955927 0.9950317 -0 0.04985685 0.9987563 -0 0.09955927 0.9950317 -0 0.1490344 0.9888319 0 0.198151 0.9801715 -0 0.1490344 0.9888319 -0 0.198151 0.9801715 -0 0.2467577 0.9690773 -0 0.2467577 0.9690773 -0 0.2947524 0.9555737 -0 0.2947524 0.9555737 0 0.3420297 0.9396891 -0 0.3420297 0.9396891 0 0.4338931 0.9009644 -0 0.3884229 0.9214812 -0 0.3884229 0.9214812 0 0.4782606 0.878218 -0 0.4338931 0.9009644 -0 0.4782606 0.878218 -0 0.5633155 0.826242 -0 0.5214413 0.8532872 -0 0.5214413 0.8532872 0 0.5633155 0.826242 -0 0.6427982 0.7660356 -0 0.603788 0.7971449 -0 0.603788 0.7971449 0 0.6801664 0.7330577 -0 0.6427982 0.7660356 -0 0.6801664 0.7330577 -0 0.7158691 0.6982344 -0 0.7158691 0.6982344 0 0.7497817 0.6616853 -0 0.7497817 0.6616853 0 0.7818369 0.6234829 0 0.8119376 0.5837443 -0 0.7818369 0.6234829 -0 0.8119376 0.5837443 -0 0.8400306 0.5425389 0 0.8660161 0.500016 -0 0.8400306 0.5425389 -0 0.8660161 0.500016 -0 0.8898729 0.4562084 0 0.8898729 0.4562084 -0 0.9115088 0.4112806 0 0.9115088 0.4112806 -0 0.9308736 0.3653415 0 0.9308736 0.3653415 -0 0.9626214 0.2708504 -0 0.947927 0.3184876 -0 0.947927 0.3184876 0 0.9626214 0.2708504 -0 0.9749293 0.2225149 0 0.9749293 0.2225149 -0 0.9848095 0.1736384 -0 0.9848095 0.1736384 0 0.9922386 0.1243486 -0 0.9922386 0.1243486 0 0.9972034 0.07473543 -0 0.9972034 0.07473543 0 0.9996892 0.02492847 -0 0.9996892 0.02492847 0 0 0 -1 0 0 -1 0 0 -1 0 0 -1 0 0 -1 0 0 -1 0 0 -1 0 0 -1 0 0 -1 0 0 -1 0 0 -1 0 0 -1 0 0 -1 0 0 -1 0 0 -1 0 0 -1 0 0 -1 0 0 -1 0 0 -1 0 0 -1 0 0 -1 0 0 -1 0 0 -1 0 0 -1 0 0 -1 0 0 -1 0 0 -1 0 0 -1 0 0 -1 0 0 -1 0 0 -1 0 -0 -1 0 0 -1 0 -0 -1 0 -0 -1 0 0 -1 0 -0 -1 0 0 -1 0 0 -1 0 0 -1 0 -0 -1 0 -0 -1 0 -0 -1 0 -0 -1 0 0 -1 0 -0 -1 0 0 -1 0 0 -1 0 0 -1 0 0 -1 0 -0 -1 0 -0 -1 0 -0 -1 0 0 -1 0 0 -1 0 0 -1 0 -0 -1 0 -0 -1 0 -0 -1 0 0 -1 0 0 -1 0 0 -1 0 -0 -1 0 -0 -1 0 -0 -1 0 -0 -1 0 0 -1 0 0 -1 0 0 -1 0 0 -1 0 0 -1 0 0 -1 0 0 -1 0 0 -1 0 -0 -1 0 -0 -1 0 0 -1 0 -0 -1 0 -0 -1 0 0 -1 0 -0 -1 0 -0 -1 0 -0 -1 0 0 -1 0 0 -1 0 0 -1 0 0 -1 0 -0 -1 -0 -0 -1 -0 -0 -1 0 -0 -1 0 0 -1 0 0 -1 0 0 -1 0 0 -1 0 0 -1 -0 -0 -1 0 -0 -1 0 0 -1 0 0 -1 0 0 -1 0 0 -1 0 0 -1 0 0 -1 0 0 -1 -0 -0 -1 -0 -0 -1 -0 -0 -1 -0 -0 -1 0 0 -1 0 0 -1 -0 -0 -1 0 0 -1 0 0 -1 0 0 -1 0 0 -1 -0 -0 -1 0 0 -1 0 0 -1 -0 -0 -1 -0 -0 -1 0 0 -1 0 0 -1 -0 -0 -1 0 0 1 0 0 1 0 0 1 0 0 1 0 0 1 0 0 1 0 0 1 0 0 1 0 0 1 0 0 1 0 0 1 0 0 1 0 0 1 0 0 1 0 0 1 0 0 1 0 0 1 0 0 1 0 0 1 0 0 1 0 0 1 0 0 1 0 0 1 0 0 1 0 0 1 0 0 1 0 0 1 0 0 1 0 0 1 0 0 1 0 0 1 0 0 1 0 0 1 0 0 1 0 0 1 0 0 1 0 0 1 0 0 1 0 0 1 0 0 1 0 0 1 0 0 1 0 0 1 0 0 1 0 0 1 0 0 1 0 0 1 0 0 1 0 0 1 0 0 1 0 0 1 0 0 1 0 0 1 0 0 1 0 0 1 0 0 1 0 0 1 0 0 1 0 0 1 0 0 1 0 0 1 0 0 1 0 0 1 0 0 1 0 0 1 0 0 1 0 0 1 0 0 1 0 0 1 0 0 1 0 0 1 0 0 1 0 0 1 0 0 1 0 0 1 0 0 1 0 0 1 0 0 1 0 0 1 0 0 1 0 0 1 0 0 1 0 0 1 0 0 1 0 0 1 0 0 1 0 0 1 0 0 1 0 0 1 0 0 1 0 0 1 0 0 1 0 0 1 0 0 1 0 0 1 0 0 1 0 0 1 0 0 1 0 0 1 0 0 1 0 0 1 0 0 1 0 0 1 0 0 1 0 0 1 0 0 1 0 0 1 0 0 1 0 0 1 0 0 1 0 0 1 0 0 1 0 0 1 0 0 1 0 0 1 0 0 1 0 0 1 0 0 1 0 0 1 0 0 1 0 0 1 0 0 1 0 0 1 0 0 1</float_array>
          <technique_common>
            <accessor count="2000" source="#cubenormals-array0-array" stride="3">
              <param type="float" name="X"/>
              <param type="float" name="Y"/>
              <param type="float" name="Z"/>
            </accessor>
          </technique_common>
        </source>
        <vertices id="cubeverts-array0-vertices">
          <input semantic="POSITION" source="#cubeverts-array0"/>
        </vertices>
        <triangles count="2000" material="ref_LongRods001_shape002">
          <input offset="0" semantic="VERTEX" source="#cubeverts-array0-vertices"/>
          <input offset="1" semantic="NORMAL" source="#cubenormals-array0"/>
          <p>0 0 1 0 2 0 3 1 0 1 2 1 4 2 2 2 5 2 4 3 3 3 2 3 6 4 5 4 7 4 6 5 4 5 5 5 8 6 7 6 9 6 8 7 6 7 7 7 10 8 11 8 12 8 10 9 9 9 11 9 10 10 8 10 9 10 13 11 10 11 12 11 14 12 12 12 15 12 14 13 13 13 12 13 16 14 17 14 18 14 16 15 15 15 17 15 16 16 14 16 15 16 19 17 16 17 18 17 20 18 18 18 21 18 20 19 19 19 18 19 22 20 20 20 21 20 22 21 23 21 24 21 22 22 21 22 23 22 25 23 22 23 24 23 26 24 25 24 24 24 26 25 24 25 27 25 28 26 26 26 27 26 28 27 27 27 29 27 30 28 28 28 29 28 30 29 31 29 32 29 30 30 29 30 31 30 33 31 30 31 32 31 34 32 33 32 32 32 34 33 32 33 35 33 36 34 34 34 35 34 36 35 35 35 37 35 38 36 37 36 39 36 38 37 36 37 37 37 40 38 41 38 42 38 40 39 39 39 41 39 40 40 38 40 39 40 43 41 40 41 42 41 44 42 45 42 46 42 44 43 42 43 45 43 44 44 43 44 42 44 47 45 44 45 46 45 48 46 46 46 49 46 48 47 47 47 46 47 50 48 49 48 51 48 50 49 48 49 49 49 52 50 51 50 53 50 52 51 50 51 51 51 54 52 53 52 55 52 54 53 52 53 53 53 56 54 55 54 57 54 56 55 54 55 55 55 58 56 59 56 60 56 58 57 57 57 59 57 58 58 56 58 57 58 61 59 58 59 60 59 62 60 60 60 63 60 62 61 61 61 60 61 64 62 63 62 65 62 64 63 62 63 63 63 66 64 65 64 67 64 66 65 64 65 65 65 68 66 67 66 69 66 68 67 66 67 67 67 70 68 69 68 71 68 70 69 68 69 69 69 72 70 70 70 71 70 72 71 71 71 73 71 74 72 72 72 73 72 74 73 73 73 75 73 76 74 74 74 75 74 76 75 75 75 77 75 78 76 77 76 79 76 78 77 76 77 77 77 80 78 79 78 81 78 80 79 78 79 79 79 82 80 81 80 83 80 82 81 80 81 81 81 84 82 83 82 85 82 84 83 82 83 83 83 86 84 85 84 87 84 86 85 84 85 85 85 88 86 89 86 90 86 88 87 87 87 89 87 88 88 86 88 87 88 91 89 90 89 92 89 91 90 88 90 90 90 93 91 91 91 92 91 94 92 92 92 95 92 94 93 93 93 92 93 96 94 95 94 97 94 96 95 94 95 95 95 98 96 97 96 99 96 98 97 96 97 97 97 100 98 99 98 101 98 100 99 98 99 99 99 102 100 101 100 103 100 102 101 100 101 101 101 104 102 103 102 105 102 104 103 102 103 103 103 106 104 104 104 105 104 106 105 105 105 107 105 108 106 106 106 107 106 108 107 109 107 110 107 108 108 107 108 109 108 111 109 108 109 110 109 112 110 111 110 110 110 112 111 113 111 114 111 112 112 110 112 113 112 115 113 112 113 114 113 115 114 114 114 116 114 117 115 115 115 116 115 118 116 117 116 116 116 118 117 119 117 120 117 118 118 116 118 119 118 121 119 118 119 120 119 122 120 121 120 120 120 122 121 120 121 123 121 124 122 122 122 123 122 124 123 123 123 125 123 126 124 124 124 125 124 126 125 125 125 127 125 128 126 126 126 127 126 128 127 127 127 129 127 130 128 128 128 129 128 130 129 129 129 131 129 132 130 130 130 131 130 132 131 131 131 133 131 134 132 132 132 133 132 134 133 133 133 135 133 136 134 134 134 135 134 136 135 135 135 137 135 138 136 136 136 137 136 138 137 137 137 139 137 140 138 138 138 139 138 140 139 139 139 141 139 142 140 140 140 141 140 142 141 141 141 143 141 144 142 142 142 143 142 144 143 143 143 145 143 146 144 144 144 145 144 146 145 145 145 147 145 148 146 146 146 147 146 148 147 147 147 149 147 150 148 148 148 149 148 150 149 149 149 151 149 152 150 150 150 151 150 152 151 151 151 153 151 154 152 152 152 153 152 154 153 153 153 155 153 156 154 154 154 155 154 156 155 155 155 157 155 158 156 156 156 157 156 158 157 157 157 159 157 160 158 159 158 161 158 160 159 158 159 159 159 162 160 160 160 161 160 162 161 161 161 163 161 164 162 163 162 165 162 164 163 162 163 163 163 166 164 165 164 167 164 166 165 164 165 165 165 168 166 167 166 169 166 168 167 166 167 167 167 170 168 169 168 171 168 170 169 168 169 169 169 172 170 171 170 173 170 172 171 170 171 171 171 174 172 172 172 173 172 174 173 173 173 175 173 176 174 174 174 175 174 176 175 175 175 177 175 178 176 176 176 177 176 178 177 177 177 179 177 180 178 178 178 179 178 180 179 179 179 181 179 182 180 180 180 181 180 182 181 181 181 183 181 184 182 182 182 183 182 184 183 183 183 185 183 186 184 184 184 185 184 186 185 187 185 188 185 186 186 185 186 187 186 189 187 186 187 188 187 190 188 189 188 188 188 190 189 188 189 191 189 192 190 190 190 191 190 192 191 193 191 194 191 192 192 191 192 193 192 195 193 192 193 194 193 196 194 195 194 194 194 196 195 197 195 198 195 196 196 194 196 197 196 199 197 196 197 198 197 199 198 198 198 200 198 201 199 199 199 200 199 202 200 200 200 203 200 202 201 201 201 200 201 204 202 203 202 205 202 204 203 202 203 203 203 206 204 207 204 208 204 206 205 205 205 207 205 206 206 204 206 205 206 209 207 208 207 210 207 209 208 206 208 208 208 211 209 209 209 210 209 212 210 213 210 214 210 212 211 210 211 213 211 212 212 211 212 210 212 215 213 212 213 214 213 216 214 217 214 218 214 216 215 214 215 217 215 216 216 215 216 214 216 219 217 218 217 220 217 219 218 216 218 218 218 221 219 219 219 220 219 222 220 220 220 223 220 222 221 221 221 220 221 224 222 223 222 225 222 224 223 222 223 223 223 226 224 224 224 225 224 226 225 227 225 228 225 226 226 225 226 227 226 229 227 226 227 228 227 230 228 229 228 228 228 230 229 231 229 232 229 230 230 228 230 231 230 233 231 230 231 232 231 234 232 233 232 232 232 234 233 232 233 235 233 236 234 234 234 235 234 236 235 235 235 237 235 238 236 236 236 237 236 238 237 237 237 239 237 240 238 241 238 242 238 240 239 239 239 241 239 240 240 238 240 239 240 243 241 240 241 242 241 244 242 243 242 242 242 244 243 242 243 245 243 246 244 245 244 247 244 246 245 244 245 245 245 248 246 247 246 249 246 248 247 246 247 247 247 250 248 249 248 251 248 250 249 248 249 249 249 0 250 251 250 1 250 0 251 250 251 251 251 98 252 91 252 96 252 96 253 91 253 94 253 94 254 91 254 93 254 91 255 86 255 88 255 98 256 104 256 91 256 102 257 104 257 100 257 100 258 104 258 98 258 91 259 82 259 86 259 86 260 82 260 84 260 106 261 108 261 104 261 91 262 78 262 82 262 82 263 78 263 80 263 111 264 112 264 108 264 91 265 76 265 78 265 112 266 117 266 108 266 115 267 117 267 112 267 108 268 118 268 104 268 117 269 118 269 108 269 91 270 68 270 76 270 76 271 68 271 74 271 74 272 68 272 72 272 72 273 68 273 70 273 122 274 124 274 121 274 68 275 64 275 66 275 126 276 128 276 124 276 121 277 128 277 118 277 124 278 128 278 121 278 68 279 61 279 64 279 64 280 61 280 62 280 128 281 130 281 118 281 132 282 134 282 130 282 138 283 140 283 136 283 136 284 140 284 134 284 130 285 140 285 118 285 134 286 140 286 130 286 52 287 48 287 50 287 56 288 48 288 54 288 54 289 48 289 52 289 56 290 47 290 48 290 144 291 146 291 142 291 142 292 146 292 140 292 44 293 40 293 43 293 140 294 150 294 118 294 146 295 150 295 140 295 104 296 150 296 91 296 148 297 150 297 146 297 118 298 150 298 104 298 40 299 34 299 38 299 38 300 34 300 36 300 154 301 156 301 152 301 152 302 156 302 150 302 44 303 33 303 40 303 40 304 33 304 34 304 47 305 26 305 44 305 33 306 26 306 30 306 30 307 26 307 28 307 44 308 26 308 33 308 162 309 164 309 160 309 160 310 164 310 158 310 158 311 164 311 156 311 25 312 20 312 22 312 168 313 170 313 166 313 170 314 172 314 166 314 166 315 172 315 164 315 26 316 16 316 25 316 20 317 16 317 19 317 25 318 16 318 20 318 150 319 174 319 91 319 164 320 174 320 156 320 156 321 174 321 150 321 172 322 174 322 164 322 16 323 13 323 14 323 26 324 13 324 16 324 176 325 178 325 174 325 13 326 8 326 10 326 26 327 8 327 13 327 182 328 184 328 180 328 180 329 184 329 178 329 174 330 184 330 91 330 91 331 184 331 68 331 178 332 184 332 174 332 61 333 184 333 58 333 68 334 184 334 61 334 58 335 184 335 56 335 186 336 189 336 184 336 189 337 190 337 184 337 4 338 250 338 3 338 3 339 250 339 0 339 4 340 248 340 250 340 6 341 248 341 4 341 190 342 195 342 184 342 192 343 195 343 190 343 6 344 246 344 248 344 8 345 246 345 6 345 184 346 199 346 56 346 56 347 199 347 47 347 195 348 199 348 184 348 196 349 199 349 195 349 246 350 243 350 244 350 8 351 243 351 246 351 243 352 238 352 240 352 202 353 204 353 201 353 201 354 204 354 199 354 8 355 236 355 243 355 243 356 236 356 238 356 209 357 211 357 206 357 206 358 211 358 204 358 211 359 212 359 204 359 204 360 215 360 199 360 212 361 215 361 204 361 236 362 226 362 234 362 234 363 226 363 233 363 233 364 226 364 230 364 230 365 226 365 229 365 26 366 222 366 8 366 226 367 222 367 224 367 8 368 222 368 236 368 215 369 222 369 199 369 199 370 222 370 47 370 47 371 222 371 26 371 236 372 222 372 226 372 219 373 221 373 216 373 216 374 221 374 215 374 215 375 221 375 222 375 90 376 99 376 97 376 90 377 97 377 95 377 90 378 95 378 92 378 87 379 90 379 89 379 105 380 99 380 90 380 105 381 103 381 101 381 105 382 101 382 99 382 83 383 90 383 87 383 83 384 87 384 85 384 109 385 107 385 105 385 79 386 90 386 83 386 79 387 83 387 81 387 113 388 110 388 109 388 77 389 90 389 79 389 116 390 113 390 109 390 116 391 114 391 113 391 119 392 109 392 105 392 119 393 116 393 109 393 69 394 90 394 77 394 69 395 77 395 75 395 69 396 75 396 73 396 69 397 73 397 71 397 125 398 123 398 120 398 65 399 69 399 67 399 129 400 127 400 125 400 129 401 120 401 119 401 129 402 125 402 120 402 60 403 69 403 65 403 60 404 65 404 63 404 131 405 129 405 119 405 135 406 133 406 131 406 141 407 139 407 137 407 141 408 137 408 135 408 141 409 131 409 119 409 141 410 135 410 131 410 49 411 53 411 51 411 49 412 57 412 55 412 49 413 55 413 53 413 46 414 57 414 49 414 147 415 145 415 143 415 147 416 143 416 141 416 41 417 45 417 42 417 151 418 141 418 119 418 151 419 147 419 141 419 151 420 105 420 90 420 151 421 149 421 147 421 151 422 119 422 105 422 35 423 41 423 39 423 35 424 39 424 37 424 157 425 155 425 153 425 157 426 153 426 151 426 32 427 45 427 41 427 32 428 41 428 35 428 27 429 46 429 45 429 27 430 32 430 31 430 27 431 31 431 29 431 27 432 45 432 32 432 165 433 163 433 161 433 165 434 161 434 159 434 165 435 159 435 157 435 21 436 24 436 23 436 171 437 169 437 167 437 173 438 171 438 167 438 173 439 167 439 165 439 17 440 27 440 24 440 17 441 21 441 18 441 17 442 24 442 21 442 175 443 151 443 90 443 175 444 165 444 157 444 175 445 157 445 151 445 175 446 173 446 165 446 12 447 17 447 15 447 12 448 27 448 17 448 179 449 177 449 175 449 9 450 12 450 11 450 9 451 27 451 12 451 185 452 183 452 181 452 185 453 181 453 179 453 185 454 175 454 90 454 185 455 90 455 69 455 185 456 179 456 175 456 185 457 60 457 59 457 185 458 69 458 60 458 185 459 59 459 57 459 188 460 187 460 185 460 191 461 188 461 185 461 251 462 5 462 2 462 251 463 2 463 1 463 249 464 5 464 251 464 249 465 7 465 5 465 194 466 191 466 185 466 194 467 193 467 191 467 247 468 7 468 249 468 247 469 9 469 7 469 198 470 185 470 57 470 198 471 57 471 46 471 198 472 194 472 185 472 198 473 197 473 194 473 242 474 247 474 245 474 242 475 9 475 247 475 239 476 242 476 241 476 205 477 203 477 200 477 205 478 200 478 198 478 237 479 9 479 242 479 237 480 242 480 239 480 210 481 208 481 207 481 210 482 207 482 205 482 213 483 210 483 205 483 214 484 205 484 198 484 214 485 213 485 205 485 227 486 237 486 235 486 227 487 235 487 232 487 227 488 232 488 231 488 227 489 231 489 228 489 223 490 27 490 9 490 223 491 227 491 225 491 223 492 9 492 237 492 223 493 214 493 198 493 223 494 198 494 46 494 223 495 46 495 27 495 223 496 237 496 227 496 220 497 218 497 217 497 220 498 217 498 214 498 220 499 214 499 223 499 252 500 253 500 254 500 255 501 252 501 254 501 256 502 254 502 257 502 256 503 255 503 254 503 258 504 257 504 259 504 258 505 256 505 257 505 260 506 259 506 261 506 260 507 258 507 259 507 262 508 263 508 264 508 262 509 261 509 263 509 262 510 260 510 261 510 265 511 262 511 264 511 266 512 264 512 267 512 266 513 265 513 264 513 268 514 269 514 270 514 268 515 267 515 269 515 268 516 266 516 267 516 271 517 268 517 270 517 272 518 270 518 273 518 272 519 271 519 270 519 274 520 272 520 273 520 274 521 275 521 276 521 274 522 273 522 275 522 277 523 274 523 276 523 278 524 277 524 276 524 278 525 276 525 279 525 280 526 278 526 279 526 280 527 279 527 281 527 282 528 280 528 281 528 282 529 283 529 284 529 282 530 281 530 283 530 285 531 282 531 284 531 286 532 285 532 284 532 286 533 284 533 287 533 288 534 286 534 287 534 288 535 287 535 289 535 290 536 289 536 291 536 290 537 288 537 289 537 292 538 293 538 294 538 292 539 291 539 293 539 292 540 290 540 291 540 295 541 292 541 294 541 296 542 297 542 298 542 296 543 294 543 297 543 296 544 295 544 294 544 299 545 296 545 298 545 300 546 298 546 301 546 300 547 299 547 298 547 302 548 301 548 303 548 302 549 300 549 301 549 304 550 303 550 305 550 304 551 302 551 303 551 306 552 305 552 307 552 306 553 304 553 305 553 308 554 307 554 309 554 308 555 306 555 307 555 310 556 311 556 312 556 310 557 309 557 311 557 310 558 308 558 309 558 313 559 310 559 312 559 314 560 312 560 315 560 314 561 313 561 312 561 316 562 315 562 317 562 316 563 314 563 315 563 318 564 317 564 319 564 318 565 316 565 317 565 320 566 319 566 321 566 320 567 318 567 319 567 322 568 321 568 323 568 322 569 320 569 321 569 324 570 322 570 323 570 324 571 323 571 325 571 326 572 324 572 325 572 326 573 325 573 327 573 328 574 326 574 327 574 328 575 327 575 329 575 330 576 329 576 331 576 330 577 328 577 329 577 332 578 331 578 333 578 332 579 330 579 331 579 334 580 333 580 335 580 334 581 332 581 333 581 336 582 335 582 337 582 336 583 334 583 335 583 338 584 337 584 339 584 338 585 336 585 337 585 340 586 341 586 342 586 340 587 339 587 341 587 340 588 338 588 339 588 343 589 342 589 344 589 343 590 340 590 342 590 345 591 343 591 344 591 346 592 344 592 347 592 346 593 345 593 344 593 348 594 347 594 349 594 348 595 346 595 347 595 350 596 349 596 351 596 350 597 348 597 349 597 352 598 351 598 353 598 352 599 350 599 351 599 354 600 353 600 355 600 354 601 352 601 353 601 356 602 355 602 357 602 356 603 354 603 355 603 358 604 356 604 357 604 358 605 357 605 359 605 360 606 358 606 359 606 360 607 361 607 362 607 360 608 359 608 361 608 363 609 360 609 362 609 364 610 363 610 362 610 364 611 365 611 366 611 364 612 362 612 365 612 367 613 364 613 366 613 367 614 366 614 368 614 369 615 367 615 368 615 370 616 369 616 368 616 370 617 371 617 372 617 370 618 368 618 371 618 373 619 370 619 372 619 374 620 373 620 372 620 374 621 372 621 375 621 376 622 374 622 375 622 376 623 375 623 377 623 378 624 376 624 377 624 378 625 377 625 379 625 380 626 378 626 379 626 380 627 379 627 381 627 382 628 380 628 381 628 382 629 381 629 383 629 384 630 382 630 383 630 384 631 383 631 385 631 386 632 384 632 385 632 386 633 385 633 387 633 388 634 386 634 387 634 388 635 387 635 389 635 390 636 388 636 389 636 390 637 389 637 391 637 392 638 390 638 391 638 392 639 391 639 393 639 394 640 392 640 393 640 394 641 393 641 395 641 396 642 394 642 395 642 396 643 395 643 397 643 398 644 396 644 397 644 398 645 397 645 399 645 400 646 398 646 399 646 400 647 399 647 401 647 402 648 400 648 401 648 402 649 401 649 403 649 404 650 402 650 403 650 404 651 403 651 405 651 406 652 404 652 405 652 406 653 405 653 407 653 408 654 406 654 407 654 408 655 407 655 409 655 410 656 408 656 409 656 410 657 409 657 411 657 412 658 411 658 413 658 412 659 410 659 411 659 414 660 412 660 413 660 414 661 413 661 415 661 416 662 415 662 417 662 416 663 414 663 415 663 418 664 417 664 419 664 418 665 416 665 417 665 420 666 419 666 421 666 420 667 418 667 419 667 422 668 421 668 423 668 422 669 420 669 421 669 424 670 423 670 425 670 424 671 422 671 423 671 426 672 424 672 425 672 426 673 425 673 427 673 428 674 426 674 427 674 428 675 427 675 429 675 430 676 428 676 429 676 430 677 429 677 431 677 432 678 430 678 431 678 432 679 431 679 433 679 434 680 432 680 433 680 434 681 433 681 435 681 436 682 434 682 435 682 436 683 435 683 437 683 438 684 436 684 437 684 438 685 439 685 440 685 438 686 437 686 439 686 441 687 438 687 440 687 442 688 441 688 440 688 442 689 440 689 443 689 444 690 442 690 443 690 444 691 445 691 446 691 444 692 443 692 445 692 447 693 444 693 446 693 448 694 447 694 446 694 448 695 449 695 450 695 448 696 446 696 449 696 451 697 448 697 450 697 451 698 450 698 452 698 453 699 451 699 452 699 454 700 452 700 455 700 454 701 453 701 452 701 456 702 455 702 457 702 456 703 454 703 455 703 458 704 459 704 460 704 458 705 457 705 459 705 458 706 456 706 457 706 461 707 460 707 462 707 461 708 458 708 460 708 463 709 461 709 462 709 464 710 465 710 466 710 464 711 462 711 465 711 464 712 463 712 462 712 467 713 464 713 466 713 468 714 469 714 470 714 468 715 466 715 469 715 468 716 467 716 466 716 471 717 470 717 472 717 471 718 468 718 470 718 473 719 471 719 472 719 474 720 472 720 475 720 474 721 473 721 472 721 476 722 475 722 477 722 476 723 474 723 475 723 478 724 476 724 477 724 478 725 479 725 480 725 478 726 477 726 479 726 481 727 478 727 480 727 482 728 481 728 480 728 482 729 483 729 484 729 482 730 480 730 483 730 485 731 482 731 484 731 486 732 485 732 484 732 486 733 484 733 487 733 488 734 486 734 487 734 488 735 487 735 489 735 490 736 488 736 489 736 490 737 489 737 491 737 492 738 493 738 494 738 492 739 491 739 493 739 492 740 490 740 491 740 495 741 492 741 494 741 496 742 495 742 494 742 496 743 494 743 497 743 498 744 497 744 499 744 498 745 496 745 497 745 500 746 499 746 501 746 500 747 498 747 499 747 502 748 501 748 503 748 502 749 500 749 501 749 252 750 503 750 253 750 252 751 502 751 503 751 350 752 343 752 348 752 348 753 343 753 346 753 346 754 343 754 345 754 343 755 338 755 340 755 350 756 356 756 343 756 354 757 356 757 352 757 352 758 356 758 350 758 343 759 334 759 338 759 338 760 334 760 336 760 358 761 360 761 356 761 343 762 330 762 334 762 334 763 330 763 332 763 363 764 364 764 360 764 343 765 328 765 330 765 364 766 369 766 360 766 367 767 369 767 364 767 360 768 370 768 356 768 369 769 370 769 360 769 343 770 320 770 328 770 328 771 320 771 326 771 326 772 320 772 324 772 324 773 320 773 322 773 374 774 376 774 373 774 320 775 316 775 318 775 378 776 380 776 376 776 373 777 380 777 370 777 376 778 380 778 373 778 320 779 313 779 316 779 316 780 313 780 314 780 380 781 382 781 370 781 384 782 386 782 382 782 390 783 392 783 388 783 388 784 392 784 386 784 382 785 392 785 370 785 386 786 392 786 382 786 304 787 300 787 302 787 308 788 300 788 306 788 306 789 300 789 304 789 308 790 299 790 300 790 396 791 398 791 394 791 394 792 398 792 392 792 296 793 292 793 295 793 392 794 402 794 370 794 398 795 402 795 392 795 356 796 402 796 343 796 400 797 402 797 398 797 370 798 402 798 356 798 292 799 286 799 290 799 290 800 286 800 288 800 406 801 408 801 404 801 404 802 408 802 402 802 296 803 285 803 292 803 292 804 285 804 286 804 299 805 278 805 296 805 285 806 278 806 282 806 282 807 278 807 280 807 296 808 278 808 285 808 414 809 416 809 412 809 412 810 416 810 410 810 410 811 416 811 408 811 277 812 272 812 274 812 420 813 422 813 418 813 422 814 424 814 418 814 418 815 424 815 416 815 278 816 268 816 277 816 272 817 268 817 271 817 277 818 268 818 272 818 402 819 426 819 343 819 416 820 426 820 408 820 408 821 426 821 402 821 424 822 426 822 416 822 268 823 265 823 266 823 278 824 265 824 268 824 428 825 430 825 426 825 265 826 260 826 262 826 278 827 260 827 265 827 434 828 436 828 432 828 432 829 436 829 430 829 426 830 436 830 343 830 343 831 436 831 320 831 430 832 436 832 426 832 313 833 436 833 310 833 320 834 436 834 313 834 310 835 436 835 308 835 438 836 441 836 436 836 441 837 442 837 436 837 256 838 502 838 255 838 255 839 502 839 252 839 256 840 500 840 502 840 258 841 500 841 256 841 442 842 447 842 436 842 444 843 447 843 442 843 258 844 498 844 500 844 260 845 498 845 258 845 436 846 451 846 308 846 308 847 451 847 299 847 447 848 451 848 436 848 448 849 451 849 447 849 498 850 495 850 496 850 260 851 495 851 498 851 495 852 490 852 492 852 454 853 456 853 453 853 453 854 456 854 451 854 260 855 488 855 495 855 495 856 488 856 490 856 461 857 463 857 458 857 458 858 463 858 456 858 463 859 464 859 456 859 456 860 467 860 451 860 464 861 467 861 456 861 488 862 478 862 486 862 486 863 478 863 485 863 485 864 478 864 482 864 482 865 478 865 481 865 278 866 474 866 260 866 478 867 474 867 476 867 260 868 474 868 488 868 467 869 474 869 451 869 451 870 474 870 299 870 299 871 474 871 278 871 488 872 474 872 478 872 471 873 473 873 468 873 468 874 473 874 467 874 467 875 473 875 474 875 342 876 351 876 349 876 342 877 349 877 347 877 342 878 347 878 344 878 339 879 342 879 341 879 357 880 351 880 342 880 357 881 355 881 353 881 357 882 353 882 351 882 335 883 342 883 339 883 335 884 339 884 337 884 361 885 359 885 357 885 331 886 342 886 335 886 331 887 335 887 333 887 365 888 362 888 361 888 329 889 342 889 331 889 368 890 365 890 361 890 368 891 366 891 365 891 371 892 361 892 357 892 371 893 368 893 361 893 321 894 342 894 329 894 321 895 329 895 327 895 321 896 327 896 325 896 321 897 325 897 323 897 377 898 375 898 372 898 317 899 321 899 319 899 381 900 379 900 377 900 381 901 372 901 371 901 381 902 377 902 372 902 312 903 321 903 317 903 312 904 317 904 315 904 383 905 381 905 371 905 387 906 385 906 383 906 393 907 391 907 389 907 393 908 389 908 387 908 393 909 383 909 371 909 393 910 387 910 383 910 301 911 305 911 303 911 301 912 309 912 307 912 301 913 307 913 305 913 298 914 309 914 301 914 399 915 397 915 395 915 399 916 395 916 393 916 293 917 297 917 294 917 403 918 393 918 371 918 403 919 399 919 393 919 403 920 357 920 342 920 403 921 401 921 399 921 403 922 371 922 357 922 287 923 293 923 291 923 287 924 291 924 289 924 409 925 407 925 405 925 409 926 405 926 403 926 284 927 297 927 293 927 284 928 293 928 287 928 279 929 298 929 297 929 279 930 284 930 283 930 279 931 283 931 281 931 279 932 297 932 284 932 417 933 415 933 413 933 417 934 413 934 411 934 417 935 411 935 409 935 273 936 276 936 275 936 423 937 421 937 419 937 425 938 423 938 419 938 425 939 419 939 417 939 269 940 279 940 276 940 269 941 273 941 270 941 269 942 276 942 273 942 427 943 403 943 342 943 427 944 417 944 409 944 427 945 409 945 403 945 427 946 425 946 417 946 264 947 269 947 267 947 264 948 279 948 269 948 431 949 429 949 427 949 261 950 264 950 263 950 261 951 279 951 264 951 437 952 435 952 433 952 437 953 433 953 431 953 437 954 427 954 342 954 437 955 342 955 321 955 437 956 431 956 427 956 437 957 312 957 311 957 437 958 321 958 312 958 437 959 311 959 309 959 440 960 439 960 437 960 443 961 440 961 437 961 503 962 257 962 254 962 503 963 254 963 253 963 501 964 257 964 503 964 501 965 259 965 257 965 446 966 443 966 437 966 446 967 445 967 443 967 499 968 259 968 501 968 499 969 261 969 259 969 450 970 437 970 309 970 450 971 309 971 298 971 450 972 446 972 437 972 450 973 449 973 446 973 494 974 499 974 497 974 494 975 261 975 499 975 491 976 494 976 493 976 457 977 455 977 452 977 457 978 452 978 450 978 489 979 261 979 494 979 489 980 494 980 491 980 462 981 460 981 459 981 462 982 459 982 457 982 465 983 462 983 457 983 466 984 457 984 450 984 466 985 465 985 457 985 479 986 489 986 487 986 479 987 487 987 484 987 479 988 484 988 483 988 479 989 483 989 480 989 475 990 279 990 261 990 475 991 479 991 477 991 475 992 261 992 489 992 475 993 466 993 450 993 475 994 450 994 298 994 475 995 298 995 279 995 475 996 489 996 479 996 472 997 470 997 469 997 472 998 469 998 466 998 472 999 466 999 475 999 504 1000 505 1000 506 1000 507 1001 504 1001 506 1001 508 1002 506 1002 509 1002 508 1003 507 1003 506 1003 510 1004 509 1004 511 1004 510 1005 508 1005 509 1005 512 1006 511 1006 513 1006 512 1007 510 1007 511 1007 514 1008 515 1008 516 1008 514 1009 513 1009 515 1009 514 1010 512 1010 513 1010 517 1011 514 1011 516 1011 518 1012 516 1012 519 1012 518 1013 517 1013 516 1013 520 1014 521 1014 522 1014 520 1015 519 1015 521 1015 520 1016 518 1016 519 1016 523 1017 520 1017 522 1017 524 1018 522 1018 525 1018 524 1019 523 1019 522 1019 526 1020 524 1020 525 1020 526 1021 527 1021 528 1021 526 1022 525 1022 527 1022 529 1023 526 1023 528 1023 530 1024 529 1024 528 1024 530 1025 528 1025 531 1025 532 1026 530 1026 531 1026 532 1027 531 1027 533 1027 534 1028 532 1028 533 1028 534 1029 535 1029 536 1029 534 1030 533 1030 535 1030 537 1031 534 1031 536 1031 538 1032 537 1032 536 1032 538 1033 536 1033 539 1033 540 1034 538 1034 539 1034 540 1035 539 1035 541 1035 542 1036 541 1036 543 1036 542 1037 540 1037 541 1037 544 1038 545 1038 546 1038 544 1039 543 1039 545 1039 544 1040 542 1040 543 1040 547 1041 544 1041 546 1041 548 1042 549 1042 550 1042 548 1043 546 1043 549 1043 548 1044 547 1044 546 1044 551 1045 548 1045 550 1045 552 1046 550 1046 553 1046 552 1047 551 1047 550 1047 554 1048 553 1048 555 1048 554 1049 552 1049 553 1049 556 1050 555 1050 557 1050 556 1051 554 1051 555 1051 558 1052 557 1052 559 1052 558 1053 556 1053 557 1053 560 1054 559 1054 561 1054 560 1055 558 1055 559 1055 562 1056 563 1056 564 1056 562 1057 561 1057 563 1057 562 1058 560 1058 561 1058 565 1059 562 1059 564 1059 566 1060 564 1060 567 1060 566 1061 565 1061 564 1061 568 1062 567 1062 569 1062 568 1063 566 1063 567 1063 570 1064 569 1064 571 1064 570 1065 568 1065 569 1065 572 1066 571 1066 573 1066 572 1067 570 1067 571 1067 574 1068 573 1068 575 1068 574 1069 572 1069 573 1069 576 1070 574 1070 575 1070 576 1071 575 1071 577 1071 578 1072 576 1072 577 1072 578 1073 577 1073 579 1073 580 1074 578 1074 579 1074 580 1075 579 1075 581 1075 582 1076 581 1076 583 1076 582 1077 580 1077 581 1077 584 1078 583 1078 585 1078 584 1079 582 1079 583 1079 586 1080 585 1080 587 1080 586 1081 584 1081 585 1081 588 1082 587 1082 589 1082 588 1083 586 1083 587 1083 590 1084 589 1084 591 1084 590 1085 588 1085 589 1085 592 1086 593 1086 594 1086 592 1087 591 1087 593 1087 592 1088 590 1088 591 1088 595 1089 594 1089 596 1089 595 1090 592 1090 594 1090 597 1091 595 1091 596 1091 598 1092 596 1092 599 1092 598 1093 597 1093 596 1093 600 1094 599 1094 601 1094 600 1095 598 1095 599 1095 602 1096 601 1096 603 1096 602 1097 600 1097 601 1097 604 1098 603 1098 605 1098 604 1099 602 1099 603 1099 606 1100 605 1100 607 1100 606 1101 604 1101 605 1101 608 1102 607 1102 609 1102 608 1103 606 1103 607 1103 610 1104 608 1104 609 1104 610 1105 609 1105 611 1105 612 1106 610 1106 611 1106 612 1107 613 1107 614 1107 612 1108 611 1108 613 1108 615 1109 612 1109 614 1109 616 1110 615 1110 614 1110 616 1111 617 1111 618 1111 616 1112 614 1112 617 1112 619 1113 616 1113 618 1113 619 1114 618 1114 620 1114 621 1115 619 1115 620 1115 622 1116 621 1116 620 1116 622 1117 623 1117 624 1117 622 1118 620 1118 623 1118 625 1119 622 1119 624 1119 626 1120 625 1120 624 1120 626 1121 624 1121 627 1121 628 1122 626 1122 627 1122 628 1123 627 1123 629 1123 630 1124 628 1124 629 1124 630 1125 629 1125 631 1125 632 1126 630 1126 631 1126 632 1127 631 1127 633 1127 634 1128 632 1128 633 1128 634 1129 633 1129 635 1129 636 1130 634 1130 635 1130 636 1131 635 1131 637 1131 638 1132 636 1132 637 1132 638 1133 637 1133 639 1133 640 1134 638 1134 639 1134 640 1135 639 1135 641 1135 642 1136 640 1136 641 1136 642 1137 641 1137 643 1137 644 1138 642 1138 643 1138 644 1139 643 1139 645 1139 646 1140 644 1140 645 1140 646 1141 645 1141 647 1141 648 1142 646 1142 647 1142 648 1143 647 1143 649 1143 650 1144 648 1144 649 1144 650 1145 649 1145 651 1145 652 1146 650 1146 651 1146 652 1147 651 1147 653 1147 654 1148 652 1148 653 1148 654 1149 653 1149 655 1149 656 1150 654 1150 655 1150 656 1151 655 1151 657 1151 658 1152 656 1152 657 1152 658 1153 657 1153 659 1153 660 1154 658 1154 659 1154 660 1155 659 1155 661 1155 662 1156 660 1156 661 1156 662 1157 661 1157 663 1157 664 1158 663 1158 665 1158 664 1159 662 1159 663 1159 666 1160 664 1160 665 1160 666 1161 665 1161 667 1161 668 1162 667 1162 669 1162 668 1163 666 1163 667 1163 670 1164 669 1164 671 1164 670 1165 668 1165 669 1165 672 1166 671 1166 673 1166 672 1167 670 1167 671 1167 674 1168 673 1168 675 1168 674 1169 672 1169 673 1169 676 1170 675 1170 677 1170 676 1171 674 1171 675 1171 678 1172 676 1172 677 1172 678 1173 677 1173 679 1173 680 1174 678 1174 679 1174 680 1175 679 1175 681 1175 682 1176 680 1176 681 1176 682 1177 681 1177 683 1177 684 1178 682 1178 683 1178 684 1179 683 1179 685 1179 686 1180 684 1180 685 1180 686 1181 685 1181 687 1181 688 1182 686 1182 687 1182 688 1183 687 1183 689 1183 690 1184 688 1184 689 1184 690 1185 691 1185 692 1185 690 1186 689 1186 691 1186 693 1187 690 1187 692 1187 694 1188 693 1188 692 1188 694 1189 692 1189 695 1189 696 1190 694 1190 695 1190 696 1191 697 1191 698 1191 696 1192 695 1192 697 1192 699 1193 696 1193 698 1193 700 1194 699 1194 698 1194 700 1195 701 1195 702 1195 700 1196 698 1196 701 1196 703 1197 700 1197 702 1197 703 1198 702 1198 704 1198 705 1199 703 1199 704 1199 706 1200 704 1200 707 1200 706 1201 705 1201 704 1201 708 1202 707 1202 709 1202 708 1203 706 1203 707 1203 710 1204 711 1204 712 1204 710 1205 709 1205 711 1205 710 1206 708 1206 709 1206 713 1207 712 1207 714 1207 713 1208 710 1208 712 1208 715 1209 713 1209 714 1209 716 1210 717 1210 718 1210 716 1211 714 1211 717 1211 716 1212 715 1212 714 1212 719 1213 716 1213 718 1213 720 1214 721 1214 722 1214 720 1215 718 1215 721 1215 720 1216 719 1216 718 1216 723 1217 722 1217 724 1217 723 1218 720 1218 722 1218 725 1219 723 1219 724 1219 726 1220 724 1220 727 1220 726 1221 725 1221 724 1221 728 1222 727 1222 729 1222 728 1223 726 1223 727 1223 730 1224 728 1224 729 1224 730 1225 731 1225 732 1225 730 1226 729 1226 731 1226 733 1227 730 1227 732 1227 734 1228 733 1228 732 1228 734 1229 735 1229 736 1229 734 1230 732 1230 735 1230 737 1231 734 1231 736 1231 738 1232 737 1232 736 1232 738 1233 736 1233 739 1233 740 1234 738 1234 739 1234 740 1235 739 1235 741 1235 742 1236 740 1236 741 1236 742 1237 741 1237 743 1237 744 1238 745 1238 746 1238 744 1239 743 1239 745 1239 744 1240 742 1240 743 1240 747 1241 744 1241 746 1241 748 1242 747 1242 746 1242 748 1243 746 1243 749 1243 750 1244 749 1244 751 1244 750 1245 748 1245 749 1245 752 1246 751 1246 753 1246 752 1247 750 1247 751 1247 754 1248 753 1248 755 1248 754 1249 752 1249 753 1249 504 1250 755 1250 505 1250 504 1251 754 1251 755 1251 602 1252 604 1252 600 1252 600 1253 592 1253 598 1253 598 1254 592 1254 597 1254 597 1255 592 1255 595 1255 604 1256 608 1256 600 1256 606 1257 608 1257 604 1257 592 1258 588 1258 590 1258 592 1259 586 1259 588 1259 610 1260 612 1260 608 1260 592 1261 582 1261 586 1261 586 1262 582 1262 584 1262 616 1263 619 1263 615 1263 615 1264 619 1264 612 1264 592 1265 578 1265 582 1265 582 1266 578 1266 580 1266 608 1267 622 1267 600 1267 612 1268 622 1268 608 1268 619 1269 622 1269 612 1269 621 1270 622 1270 619 1270 578 1271 570 1271 576 1271 576 1272 570 1272 574 1272 574 1273 570 1273 572 1273 626 1274 628 1274 625 1274 630 1275 632 1275 628 1275 625 1276 632 1276 622 1276 628 1277 632 1277 625 1277 632 1278 634 1278 622 1278 578 1279 562 1279 570 1279 570 1280 562 1280 568 1280 568 1281 562 1281 566 1281 566 1282 562 1282 565 1282 636 1283 638 1283 634 1283 560 1284 556 1284 558 1284 642 1285 644 1285 640 1285 640 1286 644 1286 638 1286 634 1287 644 1287 622 1287 638 1288 644 1288 634 1288 556 1289 551 1289 554 1289 554 1290 551 1290 552 1290 560 1291 551 1291 556 1291 648 1292 650 1292 646 1292 646 1293 650 1293 644 1293 650 1294 654 1294 644 1294 652 1295 654 1295 650 1295 622 1296 654 1296 600 1296 644 1297 654 1297 622 1297 551 1298 540 1298 548 1298 548 1299 540 1299 547 1299 547 1300 540 1300 544 1300 544 1301 540 1301 542 1301 656 1302 658 1302 654 1302 658 1303 662 1303 654 1303 660 1304 662 1304 658 1304 540 1305 534 1305 538 1305 538 1306 534 1306 537 1306 534 1307 530 1307 532 1307 670 1308 672 1308 668 1308 668 1309 672 1309 666 1309 666 1310 672 1310 664 1310 529 1311 524 1311 526 1311 654 1312 676 1312 600 1312 600 1313 676 1313 592 1313 674 1314 676 1314 672 1314 662 1315 676 1315 654 1315 664 1316 676 1316 662 1316 672 1317 676 1317 664 1317 592 1318 676 1318 578 1318 578 1319 676 1319 562 1319 530 1320 520 1320 529 1320 524 1321 520 1321 523 1321 529 1322 520 1322 524 1322 520 1323 517 1323 518 1323 534 1324 517 1324 530 1324 530 1325 517 1325 520 1325 680 1326 682 1326 678 1326 678 1327 682 1327 676 1327 534 1328 514 1328 517 1328 684 1329 686 1329 682 1329 682 1330 686 1330 676 1330 514 1331 510 1331 512 1331 690 1332 693 1332 688 1332 688 1333 693 1333 686 1333 693 1334 694 1334 686 1334 510 1335 754 1335 508 1335 508 1336 754 1336 507 1336 507 1337 754 1337 504 1337 514 1338 754 1338 510 1338 694 1339 700 1339 686 1339 699 1340 700 1340 696 1340 696 1341 700 1341 694 1341 686 1342 700 1342 676 1342 676 1343 700 1343 562 1343 754 1344 747 1344 752 1344 752 1345 747 1345 750 1345 750 1346 747 1346 748 1346 560 1347 705 1347 551 1347 703 1348 705 1348 700 1348 700 1349 705 1349 562 1349 551 1350 705 1350 540 1350 540 1351 705 1351 534 1351 562 1352 705 1352 560 1352 747 1353 742 1353 744 1353 514 1354 740 1354 754 1354 754 1355 740 1355 747 1355 747 1356 740 1356 742 1356 708 1357 710 1357 706 1357 706 1358 710 1358 705 1358 710 1359 713 1359 705 1359 713 1360 715 1360 705 1360 740 1361 734 1361 738 1361 738 1362 734 1362 737 1362 715 1363 716 1363 705 1363 734 1364 730 1364 733 1364 705 1365 728 1365 534 1365 514 1366 728 1366 740 1366 740 1367 728 1367 734 1367 716 1368 728 1368 705 1368 734 1369 728 1369 730 1369 534 1370 728 1370 514 1370 720 1371 723 1371 719 1371 719 1372 723 1372 716 1372 728 1373 725 1373 726 1373 716 1374 725 1374 728 1374 723 1375 725 1375 716 1375 605 1376 603 1376 601 1376 593 1377 601 1377 599 1377 593 1378 599 1378 596 1378 593 1379 596 1379 594 1379 609 1380 605 1380 601 1380 609 1381 607 1381 605 1381 589 1382 593 1382 591 1382 587 1383 593 1383 589 1383 613 1384 611 1384 609 1384 583 1385 593 1385 587 1385 583 1386 587 1386 585 1386 618 1387 617 1387 614 1387 618 1388 614 1388 613 1388 579 1389 593 1389 583 1389 579 1390 583 1390 581 1390 623 1391 609 1391 601 1391 623 1392 613 1392 609 1392 623 1393 618 1393 613 1393 623 1394 620 1394 618 1394 571 1395 579 1395 577 1395 571 1396 577 1396 575 1396 571 1397 575 1397 573 1397 629 1398 627 1398 624 1398 633 1399 631 1399 629 1399 633 1400 624 1400 623 1400 633 1401 629 1401 624 1401 635 1402 633 1402 623 1402 563 1403 579 1403 571 1403 563 1404 571 1404 569 1404 563 1405 569 1405 567 1405 563 1406 567 1406 564 1406 639 1407 637 1407 635 1407 557 1408 561 1408 559 1408 645 1409 643 1409 641 1409 645 1410 641 1410 639 1410 645 1411 635 1411 623 1411 645 1412 639 1412 635 1412 550 1413 557 1413 555 1413 550 1414 555 1414 553 1414 550 1415 561 1415 557 1415 651 1416 649 1416 647 1416 651 1417 647 1417 645 1417 655 1418 651 1418 645 1418 655 1419 653 1419 651 1419 655 1420 623 1420 601 1420 655 1421 645 1421 623 1421 541 1422 550 1422 549 1422 541 1423 549 1423 546 1423 541 1424 546 1424 545 1424 541 1425 545 1425 543 1425 659 1426 657 1426 655 1426 663 1427 659 1427 655 1427 663 1428 661 1428 659 1428 535 1429 541 1429 539 1429 535 1430 539 1430 536 1430 531 1431 535 1431 533 1431 673 1432 671 1432 669 1432 673 1433 669 1433 667 1433 673 1434 667 1434 665 1434 525 1435 528 1435 527 1435 677 1436 655 1436 601 1436 677 1437 601 1437 593 1437 677 1438 675 1438 673 1438 677 1439 663 1439 655 1439 677 1440 665 1440 663 1440 677 1441 673 1441 665 1441 677 1442 593 1442 579 1442 677 1443 579 1443 563 1443 521 1444 531 1444 528 1444 521 1445 525 1445 522 1445 521 1446 528 1446 525 1446 516 1447 521 1447 519 1447 516 1448 535 1448 531 1448 516 1449 531 1449 521 1449 683 1450 681 1450 679 1450 683 1451 679 1451 677 1451 515 1452 535 1452 516 1452 687 1453 685 1453 683 1453 687 1454 683 1454 677 1454 511 1455 515 1455 513 1455 692 1456 691 1456 689 1456 692 1457 689 1457 687 1457 695 1458 692 1458 687 1458 755 1459 511 1459 509 1459 755 1460 509 1460 506 1460 755 1461 506 1461 505 1461 755 1462 515 1462 511 1462 701 1463 695 1463 687 1463 701 1464 698 1464 697 1464 701 1465 697 1465 695 1465 701 1466 687 1466 677 1466 701 1467 677 1467 563 1467 746 1468 755 1468 753 1468 746 1469 753 1469 751 1469 746 1470 751 1470 749 1470 704 1471 561 1471 550 1471 704 1472 702 1472 701 1472 704 1473 701 1473 563 1473 704 1474 550 1474 541 1474 704 1475 541 1475 535 1475 704 1476 563 1476 561 1476 743 1477 746 1477 745 1477 741 1478 515 1478 755 1478 741 1479 755 1479 746 1479 741 1480 746 1480 743 1480 711 1481 709 1481 707 1481 711 1482 707 1482 704 1482 712 1483 711 1483 704 1483 714 1484 712 1484 704 1484 735 1485 741 1485 739 1485 735 1486 739 1486 736 1486 717 1487 714 1487 704 1487 731 1488 735 1488 732 1488 729 1489 704 1489 535 1489 729 1490 515 1490 741 1490 729 1491 741 1491 735 1491 729 1492 717 1492 704 1492 729 1493 735 1493 731 1493 729 1494 535 1494 515 1494 722 1495 721 1495 718 1495 722 1496 718 1496 717 1496 724 1497 729 1497 727 1497 724 1498 717 1498 729 1498 724 1499 722 1499 717 1499 756 1500 757 1500 758 1500 759 1501 756 1501 758 1501 760 1502 758 1502 761 1502 760 1503 759 1503 758 1503 762 1504 761 1504 763 1504 762 1505 760 1505 761 1505 764 1506 763 1506 765 1506 764 1507 762 1507 763 1507 766 1508 767 1508 768 1508 766 1509 765 1509 767 1509 766 1510 764 1510 765 1510 769 1511 766 1511 768 1511 770 1512 768 1512 771 1512 770 1513 769 1513 768 1513 772 1514 773 1514 774 1514 772 1515 771 1515 773 1515 772 1516 770 1516 771 1516 775 1517 772 1517 774 1517 776 1518 774 1518 777 1518 776 1519 775 1519 774 1519 778 1520 776 1520 777 1520 778 1521 779 1521 780 1521 778 1522 777 1522 779 1522 781 1523 778 1523 780 1523 782 1524 781 1524 780 1524 782 1525 780 1525 783 1525 784 1526 782 1526 783 1526 784 1527 783 1527 785 1527 786 1528 784 1528 785 1528 786 1529 787 1529 788 1529 786 1530 785 1530 787 1530 789 1531 786 1531 788 1531 790 1532 789 1532 788 1532 790 1533 788 1533 791 1533 792 1534 790 1534 791 1534 792 1535 791 1535 793 1535 794 1536 793 1536 795 1536 794 1537 792 1537 793 1537 796 1538 797 1538 798 1538 796 1539 795 1539 797 1539 796 1540 794 1540 795 1540 799 1541 796 1541 798 1541 800 1542 801 1542 802 1542 800 1543 798 1543 801 1543 800 1544 799 1544 798 1544 803 1545 800 1545 802 1545 804 1546 802 1546 805 1546 804 1547 803 1547 802 1547 806 1548 805 1548 807 1548 806 1549 804 1549 805 1549 808 1550 807 1550 809 1550 808 1551 806 1551 807 1551 810 1552 809 1552 811 1552 810 1553 808 1553 809 1553 812 1554 811 1554 813 1554 812 1555 810 1555 811 1555 814 1556 815 1556 816 1556 814 1557 813 1557 815 1557 814 1558 812 1558 813 1558 817 1559 814 1559 816 1559 818 1560 816 1560 819 1560 818 1561 817 1561 816 1561 820 1562 819 1562 821 1562 820 1563 818 1563 819 1563 822 1564 821 1564 823 1564 822 1565 820 1565 821 1565 824 1566 823 1566 825 1566 824 1567 822 1567 823 1567 826 1568 825 1568 827 1568 826 1569 824 1569 825 1569 828 1570 826 1570 827 1570 828 1571 827 1571 829 1571 830 1572 828 1572 829 1572 830 1573 829 1573 831 1573 832 1574 830 1574 831 1574 832 1575 831 1575 833 1575 834 1576 833 1576 835 1576 834 1577 832 1577 833 1577 836 1578 835 1578 837 1578 836 1579 834 1579 835 1579 838 1580 837 1580 839 1580 838 1581 836 1581 837 1581 840 1582 839 1582 841 1582 840 1583 838 1583 839 1583 842 1584 841 1584 843 1584 842 1585 840 1585 841 1585 844 1586 845 1586 846 1586 844 1587 843 1587 845 1587 844 1588 842 1588 843 1588 847 1589 846 1589 848 1589 847 1590 844 1590 846 1590 849 1591 847 1591 848 1591 850 1592 848 1592 851 1592 850 1593 849 1593 848 1593 852 1594 851 1594 853 1594 852 1595 850 1595 851 1595 854 1596 853 1596 855 1596 854 1597 852 1597 853 1597 856 1598 855 1598 857 1598 856 1599 854 1599 855 1599 858 1600 857 1600 859 1600 858 1601 856 1601 857 1601 860 1602 859 1602 861 1602 860 1603 858 1603 859 1603 862 1604 860 1604 861 1604 862 1605 861 1605 863 1605 864 1606 862 1606 863 1606 864 1607 865 1607 866 1607 864 1608 863 1608 865 1608 867 1609 864 1609 866 1609 868 1610 867 1610 866 1610 868 1611 869 1611 870 1611 868 1612 866 1612 869 1612 871 1613 868 1613 870 1613 871 1614 870 1614 872 1614 873 1615 871 1615 872 1615 874 1616 873 1616 872 1616 874 1617 875 1617 876 1617 874 1618 872 1618 875 1618 877 1619 874 1619 876 1619 878 1620 877 1620 876 1620 878 1621 876 1621 879 1621 880 1622 878 1622 879 1622 880 1623 879 1623 881 1623 882 1624 880 1624 881 1624 882 1625 881 1625 883 1625 884 1626 882 1626 883 1626 884 1627 883 1627 885 1627 886 1628 884 1628 885 1628 886 1629 885 1629 887 1629 888 1630 886 1630 887 1630 888 1631 887 1631 889 1631 890 1632 888 1632 889 1632 890 1633 889 1633 891 1633 892 1634 890 1634 891 1634 892 1635 891 1635 893 1635 894 1636 892 1636 893 1636 894 1637 893 1637 895 1637 896 1638 894 1638 895 1638 896 1639 895 1639 897 1639 898 1640 896 1640 897 1640 898 1641 897 1641 899 1641 900 1642 898 1642 899 1642 900 1643 899 1643 901 1643 902 1644 900 1644 901 1644 902 1645 901 1645 903 1645 904 1646 902 1646 903 1646 904 1647 903 1647 905 1647 906 1648 904 1648 905 1648 906 1649 905 1649 907 1649 908 1650 906 1650 907 1650 908 1651 907 1651 909 1651 910 1652 908 1652 909 1652 910 1653 909 1653 911 1653 912 1654 910 1654 911 1654 912 1655 911 1655 913 1655 914 1656 912 1656 913 1656 914 1657 913 1657 915 1657 916 1658 915 1658 917 1658 916 1659 914 1659 915 1659 918 1660 916 1660 917 1660 918 1661 917 1661 919 1661 920 1662 919 1662 921 1662 920 1663 918 1663 919 1663 922 1664 921 1664 923 1664 922 1665 920 1665 921 1665 924 1666 923 1666 925 1666 924 1667 922 1667 923 1667 926 1668 925 1668 927 1668 926 1669 924 1669 925 1669 928 1670 927 1670 929 1670 928 1671 926 1671 927 1671 930 1672 928 1672 929 1672 930 1673 929 1673 931 1673 932 1674 930 1674 931 1674 932 1675 931 1675 933 1675 934 1676 932 1676 933 1676 934 1677 933 1677 935 1677 936 1678 934 1678 935 1678 936 1679 935 1679 937 1679 938 1680 936 1680 937 1680 938 1681 937 1681 939 1681 940 1682 938 1682 939 1682 940 1683 939 1683 941 1683 942 1684 940 1684 941 1684 942 1685 943 1685 944 1685 942 1686 941 1686 943 1686 945 1687 942 1687 944 1687 946 1688 945 1688 944 1688 946 1689 944 1689 947 1689 948 1690 946 1690 947 1690 948 1691 949 1691 950 1691 948 1692 947 1692 949 1692 951 1693 948 1693 950 1693 952 1694 951 1694 950 1694 952 1695 953 1695 954 1695 952 1696 950 1696 953 1696 955 1697 952 1697 954 1697 955 1698 954 1698 956 1698 957 1699 955 1699 956 1699 958 1700 956 1700 959 1700 958 1701 957 1701 956 1701 960 1702 959 1702 961 1702 960 1703 958 1703 959 1703 962 1704 963 1704 964 1704 962 1705 961 1705 963 1705 962 1706 960 1706 961 1706 965 1707 964 1707 966 1707 965 1708 962 1708 964 1708 967 1709 965 1709 966 1709 968 1710 969 1710 970 1710 968 1711 966 1711 969 1711 968 1712 967 1712 966 1712 971 1713 968 1713 970 1713 972 1714 973 1714 974 1714 972 1715 970 1715 973 1715 972 1716 971 1716 970 1716 975 1717 974 1717 976 1717 975 1718 972 1718 974 1718 977 1719 975 1719 976 1719 978 1720 976 1720 979 1720 978 1721 977 1721 976 1721 980 1722 979 1722 981 1722 980 1723 978 1723 979 1723 982 1724 980 1724 981 1724 982 1725 983 1725 984 1725 982 1726 981 1726 983 1726 985 1727 982 1727 984 1727 986 1728 985 1728 984 1728 986 1729 987 1729 988 1729 986 1730 984 1730 987 1730 989 1731 986 1731 988 1731 990 1732 989 1732 988 1732 990 1733 988 1733 991 1733 992 1734 990 1734 991 1734 992 1735 991 1735 993 1735 994 1736 992 1736 993 1736 994 1737 993 1737 995 1737 996 1738 997 1738 998 1738 996 1739 995 1739 997 1739 996 1740 994 1740 995 1740 999 1741 996 1741 998 1741 1000 1742 999 1742 998 1742 1000 1743 998 1743 1001 1743 1002 1744 1001 1744 1003 1744 1002 1745 1000 1745 1001 1745 1004 1746 1003 1746 1005 1746 1004 1747 1002 1747 1003 1747 1006 1748 1005 1748 1007 1748 1006 1749 1004 1749 1005 1749 756 1750 1007 1750 757 1750 756 1751 1006 1751 1007 1751 854 1752 856 1752 852 1752 852 1753 844 1753 850 1753 850 1754 844 1754 849 1754 849 1755 844 1755 847 1755 856 1756 860 1756 852 1756 858 1757 860 1757 856 1757 844 1758 840 1758 842 1758 844 1759 838 1759 840 1759 862 1760 864 1760 860 1760 844 1761 834 1761 838 1761 838 1762 834 1762 836 1762 868 1763 871 1763 867 1763 867 1764 871 1764 864 1764 844 1765 830 1765 834 1765 834 1766 830 1766 832 1766 860 1767 874 1767 852 1767 864 1768 874 1768 860 1768 871 1769 874 1769 864 1769 873 1770 874 1770 871 1770 830 1771 822 1771 828 1771 828 1772 822 1772 826 1772 826 1773 822 1773 824 1773 878 1774 880 1774 877 1774 882 1775 884 1775 880 1775 877 1776 884 1776 874 1776 880 1777 884 1777 877 1777 884 1778 886 1778 874 1778 830 1779 814 1779 822 1779 822 1780 814 1780 820 1780 820 1781 814 1781 818 1781 818 1782 814 1782 817 1782 888 1783 890 1783 886 1783 812 1784 808 1784 810 1784 894 1785 896 1785 892 1785 892 1786 896 1786 890 1786 886 1787 896 1787 874 1787 890 1788 896 1788 886 1788 808 1789 803 1789 806 1789 806 1790 803 1790 804 1790 812 1791 803 1791 808 1791 900 1792 902 1792 898 1792 898 1793 902 1793 896 1793 902 1794 906 1794 896 1794 904 1795 906 1795 902 1795 874 1796 906 1796 852 1796 896 1797 906 1797 874 1797 803 1798 792 1798 800 1798 800 1799 792 1799 799 1799 799 1800 792 1800 796 1800 796 1801 792 1801 794 1801 908 1802 910 1802 906 1802 910 1803 914 1803 906 1803 912 1804 914 1804 910 1804 792 1805 786 1805 790 1805 790 1806 786 1806 789 1806 786 1807 782 1807 784 1807 922 1808 924 1808 920 1808 920 1809 924 1809 918 1809 918 1810 924 1810 916 1810 781 1811 776 1811 778 1811 906 1812 928 1812 852 1812 852 1813 928 1813 844 1813 926 1814 928 1814 924 1814 914 1815 928 1815 906 1815 916 1816 928 1816 914 1816 924 1817 928 1817 916 1817 844 1818 928 1818 830 1818 830 1819 928 1819 814 1819 782 1820 772 1820 781 1820 776 1821 772 1821 775 1821 781 1822 772 1822 776 1822 772 1823 769 1823 770 1823 786 1824 769 1824 782 1824 782 1825 769 1825 772 1825 932 1826 934 1826 930 1826 930 1827 934 1827 928 1827 786 1828 766 1828 769 1828 936 1829 938 1829 934 1829 934 1830 938 1830 928 1830 766 1831 762 1831 764 1831 942 1832 945 1832 940 1832 940 1833 945 1833 938 1833 945 1834 946 1834 938 1834 762 1835 1006 1835 760 1835 760 1836 1006 1836 759 1836 759 1837 1006 1837 756 1837 766 1838 1006 1838 762 1838 946 1839 952 1839 938 1839 951 1840 952 1840 948 1840 948 1841 952 1841 946 1841 938 1842 952 1842 928 1842 928 1843 952 1843 814 1843 1006 1844 999 1844 1004 1844 1004 1845 999 1845 1002 1845 1002 1846 999 1846 1000 1846 812 1847 957 1847 803 1847 955 1848 957 1848 952 1848 952 1849 957 1849 814 1849 803 1850 957 1850 792 1850 792 1851 957 1851 786 1851 814 1852 957 1852 812 1852 999 1853 994 1853 996 1853 766 1854 992 1854 1006 1854 1006 1855 992 1855 999 1855 999 1856 992 1856 994 1856 960 1857 962 1857 958 1857 958 1858 962 1858 957 1858 962 1859 965 1859 957 1859 965 1860 967 1860 957 1860 992 1861 986 1861 990 1861 990 1862 986 1862 989 1862 967 1863 968 1863 957 1863 986 1864 982 1864 985 1864 957 1865 980 1865 786 1865 766 1866 980 1866 992 1866 992 1867 980 1867 986 1867 968 1868 980 1868 957 1868 986 1869 980 1869 982 1869 786 1870 980 1870 766 1870 972 1871 975 1871 971 1871 971 1872 975 1872 968 1872 980 1873 977 1873 978 1873 968 1874 977 1874 980 1874 975 1875 977 1875 968 1875 857 1876 855 1876 853 1876 845 1877 853 1877 851 1877 845 1878 851 1878 848 1878 845 1879 848 1879 846 1879 861 1880 857 1880 853 1880 861 1881 859 1881 857 1881 841 1882 845 1882 843 1882 839 1883 845 1883 841 1883 865 1884 863 1884 861 1884 835 1885 845 1885 839 1885 835 1886 839 1886 837 1886 870 1887 869 1887 866 1887 870 1888 866 1888 865 1888 831 1889 845 1889 835 1889 831 1890 835 1890 833 1890 875 1891 861 1891 853 1891 875 1892 865 1892 861 1892 875 1893 870 1893 865 1893 875 1894 872 1894 870 1894 823 1895 831 1895 829 1895 823 1896 829 1896 827 1896 823 1897 827 1897 825 1897 881 1898 879 1898 876 1898 885 1899 883 1899 881 1899 885 1900 876 1900 875 1900 885 1901 881 1901 876 1901 887 1902 885 1902 875 1902 815 1903 831 1903 823 1903 815 1904 823 1904 821 1904 815 1905 821 1905 819 1905 815 1906 819 1906 816 1906 891 1907 889 1907 887 1907 809 1908 813 1908 811 1908 897 1909 895 1909 893 1909 897 1910 893 1910 891 1910 897 1911 887 1911 875 1911 897 1912 891 1912 887 1912 802 1913 809 1913 807 1913 802 1914 807 1914 805 1914 802 1915 813 1915 809 1915 903 1916 901 1916 899 1916 903 1917 899 1917 897 1917 907 1918 903 1918 897 1918 907 1919 905 1919 903 1919 907 1920 875 1920 853 1920 907 1921 897 1921 875 1921 793 1922 802 1922 801 1922 793 1923 801 1923 798 1923 793 1924 798 1924 797 1924 793 1925 797 1925 795 1925 911 1926 909 1926 907 1926 915 1927 911 1927 907 1927 915 1928 913 1928 911 1928 787 1929 793 1929 791 1929 787 1930 791 1930 788 1930 783 1931 787 1931 785 1931 925 1932 923 1932 921 1932 925 1933 921 1933 919 1933 925 1934 919 1934 917 1934 777 1935 780 1935 779 1935 929 1936 907 1936 853 1936 929 1937 853 1937 845 1937 929 1938 927 1938 925 1938 929 1939 915 1939 907 1939 929 1940 917 1940 915 1940 929 1941 925 1941 917 1941 929 1942 845 1942 831 1942 929 1943 831 1943 815 1943 773 1944 783 1944 780 1944 773 1945 777 1945 774 1945 773 1946 780 1946 777 1946 768 1947 773 1947 771 1947 768 1948 787 1948 783 1948 768 1949 783 1949 773 1949 935 1950 933 1950 931 1950 935 1951 931 1951 929 1951 767 1952 787 1952 768 1952 939 1953 937 1953 935 1953 939 1954 935 1954 929 1954 763 1955 767 1955 765 1955 944 1956 943 1956 941 1956 944 1957 941 1957 939 1957 947 1958 944 1958 939 1958 1007 1959 763 1959 761 1959 1007 1960 761 1960 758 1960 1007 1961 758 1961 757 1961 1007 1962 767 1962 763 1962 953 1963 947 1963 939 1963 953 1964 950 1964 949 1964 953 1965 949 1965 947 1965 953 1966 939 1966 929 1966 953 1967 929 1967 815 1967 998 1968 1007 1968 1005 1968 998 1969 1005 1969 1003 1969 998 1970 1003 1970 1001 1970 956 1971 813 1971 802 1971 956 1972 954 1972 953 1972 956 1973 953 1973 815 1973 956 1974 802 1974 793 1974 956 1975 793 1975 787 1975 956 1976 815 1976 813 1976 995 1977 998 1977 997 1977 993 1978 767 1978 1007 1978 993 1979 1007 1979 998 1979 993 1980 998 1980 995 1980 963 1981 961 1981 959 1981 963 1982 959 1982 956 1982 964 1983 963 1983 956 1983 966 1984 964 1984 956 1984 987 1985 993 1985 991 1985 987 1986 991 1986 988 1986 969 1987 966 1987 956 1987 983 1988 987 1988 984 1988 981 1989 956 1989 787 1989 981 1990 767 1990 993 1990 981 1991 993 1991 987 1991 981 1992 969 1992 956 1992 981 1993 987 1993 983 1993 981 1994 787 1994 767 1994 974 1995 973 1995 970 1995 974 1996 970 1996 969 1996 976 1997 981 1997 979 1997 976 1998 969 1998 981 1998 976 1999 974 1999 969 1999</p>
        </triangles>
      </mesh>
    </geometry>
  </library_geometries>
  <library_materials>
    <material id="mat_LongRods001_shape002" name="LongRods001_shape002">
      <instance_effect url="#effect_LongRods001_shape002"/>
    </material>
  </library_materials>
  <library_visual_scenes>
    <visual_scene id="myscene">
      <node id="node0" name="node0">
        <instance_geometry url="#geometry0">
          <bind_material>
            <technique_common>
              <instance_material symbol="ref_LongRods001_shape002" target="#mat_LongRods001_shape002"/>
            </technique_common>
          </bind_material>
        </instance_geometry>
      </node>
    </visual_scene>
  </library_visual_scenes>
  <scene>
    <instance_visual_scene url="#myscene"/>
  </scene>
</COLLADA>
