<COLLADA xmlns="http://www.collada.org/2005/11/COLLADASchema" version="1.4.1">
  <asset>
    <contributor/>
    <created>2026-09-16T16:52:30.802645</created>
    <modified>2026-09-16T16:52:30.802645</modified>
    <unit name="meter" meter="1.0"/>
    <up_axis>Z_UP</up_axis>
  </asset>
  <library_effects>
    <effect id="effect_MOTOR_GB37Y3532_RIGHT_shape002" name="effect_MOTOR_GB37Y3532_RIGHT_shape002">
      <profile_COMMON>
        <technique sid="common">
          <phong>
            <emission>
              <color>0.0 0.0 0.0 1.0</color>
            </emission>
            <ambient>
              <color>0.0 0.0 0.0 1.0</color>
            </ambient>
            <diffuse>
              <color>0.67843097448349 0.7098039984703064 0.7411760091781616 1.0</color>
            </diffuse>
            <specular>
              <color>1 1 1 1.0</color>
            </specular>
            <shininess>
              <float>0.0</float>
            </shininess>
            <reflective>
              <color>0.0 0.0 0.0 1.0</color>
            </reflective>
            <reflectivity>
              <float>0.0</float>
            </reflectivity>
            <transparent>
              <color>0.0 0.0 0.0 1.0</color>
            </transparent>
            <transparency>
              <float>1.0</float>
            </transparency>
          </phong>
        </technique>
        <extra>
          <technique profile="GOOGLEEARTH">
            <double_sided>0</double_sided>
          </technique>
        </extra>
      </profile_COMMON>
    </effect>
  </library_effects>
  <library_geometries>
    <geometry id="geometry0" name="MOTOR_GB37Y3532_RIGHT_shape002">
      <mesh>
        <source id="cubeverts-array0">
          <float_array count="7626" id="cubeverts-array0-array">-0.0172 -0.0718 0.04615 -0.0172 -0.1018 0.04615 -0.01717862 -0.1018 0.04700735 -0.01717862 -0.0718 0.04700735 -0.01711453 -0.1018 0.04786257 -0.01711453 -0.0718 0.04786257 -0.01700789 -0.1018 0.04871353 -0.01700789 -0.0718 0.04871353 -0.01685897 -0.1018 0.04955811 -0.01685897 -0.0718 0.04955811 -0.01666813 -0.1018 0.05039423 -0.01666813 -0.0718 0.05039423 -0.01643585 -0.1018 0.05121979 -0.01643585 -0.0718 0.05121979 -0.01616271 -0.1018 0.05203275 -0.01616271 -0.0718 0.05203275 -0.01584939 -0.1018 0.05283108 -0.01584939 -0.0718 0.05283108 -0.01549667 -0.1018 0.0536128 -0.01549667 -0.0718 0.0536128 -0.01510541 -0.1018 0.05437597 -0.01510541 -0.0718 0.05437597 -0.0146766 -0.1018 0.05511869 -0.0146766 -0.0718 0.05511869 -0.01421131 -0.1018 0.0558391 -0.01421131 -0.0718 0.0558391 -0.01371068 -0.1018 0.05653543 -0.01371068 -0.0718 0.05653543 -0.01317596 -0.1018 0.05720595 -0.01317596 -0.0718 0.05720595 -0.01260849 -0.1018 0.05784897 -0.01260849 -0.0718 0.05784897 -0.01200967 -0.1018 0.05846291 -0.01200967 -0.0718 0.05846291 -0.011381 -0.1018 0.05904624 -0.011381 -0.0718 0.05904624 -0.01072402 -0.1018 0.0595975 -0.01072402 -0.0718 0.0595975 -0.01004039 -0.1018 0.06011533 -0.01004039 -0.0718 0.06011533 -0.009331796 -0.1018 0.06059845 -0.009331796 -0.0718 0.06059845 -0.0086 -0.1018 0.06104564 -0.0086 -0.0718 0.06104564 -0.007846823 -0.1018 0.0614558 -0.007846823 -0.0718 0.0614558 -0.007074138 -0.1018 0.0618279 -0.007074138 -0.0718 0.0618279 -0.006283865 -0.1018 0.06216103 -0.006283865 -0.0718 0.06216103 -0.005477971 -0.1018 0.06245435 -0.005477971 -0.0718 0.06245435 -0.004658456 -0.1018 0.06270714 -0.004658456 -0.0718 0.06270714 -0.00382736 -0.1018 0.06291876 -0.00382736 -0.0718 0.06291876 -0.002986749 -0.0718 0.06308869 -0.002986749 -0.1018 0.06308869 -0.002138712 -0.1018 0.06321651 -0.002138712 -0.0718 0.06321651 -0.001285358 -0.1018 0.06330191 -0.001285358 -0.0718 0.06330191 -0.0004288079 -0.1018 0.06334465 -0.0004288079 -0.0718 0.06334465 0.0004288079 -0.1018 0.06334465 0.0004288079 -0.0718 0.06334465 0.001285358 -0.1018 0.06330191 0.001285358 -0.0718 0.06330191 0.002138712 -0.1018 0.06321651 0.002138712 -0.0718 0.06321651 0.002986749 -0.1018 0.06308869 0.002986749 -0.0718 0.06308869 0.00382736 -0.0718 0.06291876 0.00382736 -0.1018 0.06291876 0.004658456 -0.0718 0.06270714 0.004658456 -0.1018 0.06270714 0.005477971 -0.1018 0.06245435 0.005477971 -0.0718 0.06245435 0.006283865 -0.0718 0.06216103 0.006283865 -0.1018 0.06216103 0.007074138 -0.0718 0.0618279 0.007074138 -0.1018 0.0618279 0.007846823 -0.1018 0.0614558 0.007846823 -0.0718 0.0614558 0.0086 -0.0718 0.06104564 0.0086 -0.1018 0.06104564 0.009331796 -0.0718 0.06059845 0.009331796 -0.1018 0.06059845 0.01004039 -0.1018 0.06011533 0.01004039 -0.0718 0.06011533 0.01072402 -0.1018 0.0595975 0.01072402 -0.0718 0.0595975 0.011381 -0.0718 0.05904624 0.011381 -0.1018 0.05904624 0.01200967 -0.1018 0.05846291 0.01200967 -0.0718 0.05846291 0.01260849 -0.0718 0.05784897 0.01260849 -0.1018 0.05784897 0.01317596 -0.1018 0.05720595 0.01317596 -0.0718 0.05720595 0.01371068 -0.1018 0.05653543 0.01371068 -0.0718 0.05653543 0.01421131 -0.1018 0.0558391 0.01421131 -0.0718 0.0558391 0.0146766 -0.0718 0.05511869 0.0146766 -0.1018 0.05511869 0.01510541 -0.1018 0.05437597 0.01510541 -0.0718 0.05437597 0.01549667 -0.1018 0.0536128 0.01549667 -0.0718 0.0536128 0.01584939 -0.0718 0.05283108 0.01584939 -0.1018 0.05283108 0.01616271 -0.1018 0.05203275 0.01616271 -0.0718 0.05203275 0.01643585 -0.1018 0.05121979 0.01643585 -0.0718 0.05121979 0.01666813 -0.1018 0.05039423 0.01666813 -0.0718 0.05039423 0.01685897 -0.0718 0.04955811 0.01685897 -0.1018 0.04955811 0.01700789 -0.1018 0.04871353 0.01700789 -0.0718 0.04871353 0.01711453 -0.0718 0.04786257 0.01711453 -0.1018 0.04786257 0.01717862 -0.0718 0.04700735 0.01717862 -0.1018 0.04700735 0.0172 -0.1018 0.04615 0.0172 -0.0718 0.04615 0.00925 -0.1258 0.0327266 0.00925 -0.1018 0.0327266 0.009246788 -0.1258 0.0326285 0.009246788 -0.1018 0.0326285 0.009237167 -0.1258 0.03253082 0.009237167 -0.1018 0.03253082 0.009221178 -0.1258 0.03243397 0.009221178 -0.1018 0.03243397 0.009198889 -0.1258 0.03233838 0.009198889 -0.1018 0.03233838 0.009170395 -0.1258 0.03224445 0.009170395 -0.1018 0.03224445 0.009135819 -0.1258 0.03215258 0.009135819 -0.1018 0.03215258 0.009095309 -0.1258 0.03206317 0.009095309 -0.1018 0.03206317 0.009049038 -0.1258 0.03197661 0.009049038 -0.1018 0.03197661 0.008997205 -0.1258 0.03189325 0.008997205 -0.1018 0.03189325 0.00894003 -0.1258 0.03181346 0.00894003 -0.1018 0.03181346 0.00887776 -0.1258 0.03173759 0.00887776 -0.1018 0.03173759 0.00881066 -0.1258 0.03166595 0.00881066 -0.1018 0.03166595 0.008739018 -0.1258 0.03159885 0.008739018 -0.1018 0.03159885 0.008663142 -0.1258 0.03153658 0.008663142 -0.1018 0.03153658 0.008583355 -0.1258 0.0314794 0.008583355 -0.1018 0.0314794 0.0085 -0.1258 0.03142757 0.0085 -0.1018 0.03142757 0.008413433 -0.1258 0.0313813 0.008413433 -0.1018 0.0313813 0.008324025 -0.1018 0.03134079 0.008324025 -0.1258 0.03134079 0.00823216 -0.1018 0.03130621 0.00823216 -0.1258 0.03130621 0.008138228 -0.1018 0.03127772 0.008138228 -0.1258 0.03127772 0.008042636 -0.1018 0.03125543 0.008042636 -0.1258 0.03125543 0.007945789 -0.1258 0.03123944 0.007945789 -0.1018 0.03123944 0.007848104 -0.1018 0.03122982 0.007848104 -0.1258 0.03122982 0.00775 -0.1018 0.03122661 0.00775 -0.1258 0.03122661 0.007651896 -0.1018 0.03122982 0.007651896 -0.1258 0.03122982 0.007554211 -0.1018 0.03123944 0.007554211 -0.1258 0.03123944 0.007457365 -0.1018 0.03125543 0.007457365 -0.1258 0.03125543 0.007361772 -0.1018 0.03127772 0.007361772 -0.1258 0.03127772 0.007267841 -0.1018 0.03130621 0.007267841 -0.1258 0.03130621 0.007175975 -0.1018 0.03134079 0.007175975 -0.1258 0.03134079 0.007086567 -0.1018 0.0313813 0.007086567 -0.1258 0.0313813 0.007 -0.1018 0.03142757 0.007 -0.1258 0.03142757 0.006916645 -0.1018 0.0314794 0.006916645 -0.1258 0.0314794 0.006836858 -0.1018 0.03153658 0.006836858 -0.1258 0.03153658 0.006760981 -0.1018 0.03159885 0.006760981 -0.1258 0.03159885 0.00668934 -0.1018 0.03166595 0.00668934 -0.1258 0.03166595 0.00662224 -0.1018 0.03173759 0.00662224 -0.1258 0.03173759 0.00655997 -0.1018 0.03181346 0.00655997 -0.1258 0.03181346 0.006502796 -0.1018 0.03189325 0.006502796 -0.1258 0.03189325 0.006450962 -0.1018 0.03197661 0.006450962 -0.1258 0.03197661 0.006404691 -0.1018 0.03206317 0.006404691 -0.1258 0.03206317 0.006364181 -0.1018 0.03215258 0.006364181 -0.1258 0.03215258 0.006329605 -0.1018 0.03224445 0.006329605 -0.1258 0.03224445 0.006301111 -0.1018 0.03233838 0.006301111 -0.1258 0.03233838 0.006278822 -0.1018 0.03243397 0.006278822 -0.1258 0.03243397 0.006262833 -0.1018 0.03253082 0.006262833 -0.1258 0.03253082 0.006253211 -0.1018 0.0326285 0.006253211 -0.1258 0.0326285 0.00625 -0.1018 0.0327266 0.00625 -0.1258 0.0327266 -0.014 -0.1258 0.04615 -0.014 -0.1018 0.04615 -0.01400321 -0.1258 0.0460519 -0.01400321 -0.1018 0.0460519 -0.01401283 -0.1258 0.04595421 -0.01401283 -0.1018 0.04595421 -0.01402882 -0.1258 0.04585736 -0.01402882 -0.1018 0.04585736 -0.01405111 -0.1258 0.04576177 -0.01405111 -0.1018 0.04576177 -0.01407961 -0.1258 0.04566784 -0.01407961 -0.1018 0.04566784 -0.01411418 -0.1258 0.04557597 -0.01411418 -0.1018 0.04557597 -0.01415469 -0.1258 0.04548657 -0.01415469 -0.1018 0.04548657 -0.01420096 -0.1258 0.0454 -0.01420096 -0.1018 0.0454 -0.0142528 -0.1258 0.04531664 -0.0142528 -0.1018 0.04531664 -0.01430997 -0.1258 0.04523686 -0.01430997 -0.1018 0.04523686 -0.01437224 -0.1258 0.04516098 -0.01437224 -0.1018 0.04516098 -0.01443934 -0.1258 0.04508934 -0.01443934 -0.1018 0.04508934 -0.01451098 -0.1258 0.04502224 -0.01451098 -0.1018 0.04502224 -0.01458686 -0.1258 0.04495997 -0.01458686 -0.1018 0.04495997 -0.01466665 -0.1258 0.04490279 -0.01466665 -0.1018 0.04490279 -0.01475 -0.1258 0.04485096 -0.01475 -0.1018 0.04485096 -0.01483657 -0.1258 0.04480469 -0.01483657 -0.1018 0.04480469 -0.01492597 -0.1018 0.04476418 -0.01492597 -0.1258 0.04476418 -0.01501784 -0.1018 0.04472961 -0.01501784 -0.1258 0.04472961 -0.01511177 -0.1018 0.04470111 -0.01511177 -0.1258 0.04470111 -0.01520736 -0.1018 0.04467882 -0.01520736 -0.1258 0.04467882 -0.01530421 -0.1258 0.04466283 -0.01530421 -0.1018 0.04466283 -0.0154019 -0.1018 0.04465321 -0.0154019 -0.1258 0.04465321 -0.0155 -0.1018 0.04465 -0.0155 -0.1258 0.04465 -0.0155981 -0.1018 0.04465321 -0.0155981 -0.1258 0.04465321 -0.01569579 -0.1018 0.04466283 -0.01569579 -0.1258 0.04466283 -0.01579264 -0.1018 0.04467882 -0.01579264 -0.1258 0.04467882 -0.01588823 -0.1018 0.04470111 -0.01588823 -0.1258 0.04470111 -0.01598216 -0.1018 0.04472961 -0.01598216 -0.1258 0.04472961 -0.01607402 -0.1018 0.04476418 -0.01607402 -0.1258 0.04476418 -0.01616343 -0.1018 0.04480469 -0.01616343 -0.1258 0.04480469 -0.01625 -0.1018 0.04485096 -0.01625 -0.1258 0.04485096 -0.01633335 -0.1018 0.04490279 -0.01633335 -0.1258 0.04490279 -0.01641314 -0.1018 0.04495997 -0.01641314 -0.1258 0.04495997 -0.01648902 -0.1018 0.04502224 -0.01648902 -0.1258 0.04502224 -0.01656066 -0.1018 0.04508934 -0.01656066 -0.1258 0.04508934 -0.01662776 -0.1018 0.04516098 -0.01662776 -0.1258 0.04516098 -0.01669003 -0.1018 0.04523686 -0.01669003 -0.1258 0.04523686 -0.0167472 -0.1018 0.04531664 -0.0167472 -0.1258 0.04531664 -0.01679904 -0.1018 0.0454 -0.01679904 -0.1258 0.0454 -0.01684531 -0.1018 0.04548657 -0.01684531 -0.1258 0.04548657 -0.01688582 -0.1018 0.04557597 -0.01688582 -0.1258 0.04557597 -0.01692039 -0.1018 0.04566784 -0.01692039 -0.1258 0.04566784 -0.01694889 -0.1018 0.04576177 -0.01694889 -0.1258 0.04576177 -0.01697118 -0.1018 0.04585736 -0.01697118 -0.1258 0.04585736 -0.01698717 -0.1018 0.04595421 -0.01698717 -0.1258 0.04595421 -0.01699679 -0.1018 0.0460519 -0.01699679 -0.1258 0.0460519 -0.017 -0.1018 0.04615 -0.017 -0.1258 0.04615 -0.00625 -0.1258 0.05957339 -0.00625 -0.1018 0.05957339 -0.006253211 -0.1258 0.05947529 -0.006253211 -0.1018 0.05947529 -0.006262833 -0.1258 0.05937761 -0.006262833 -0.1018 0.05937761 -0.006278822 -0.1258 0.05928076 -0.006278822 -0.1018 0.05928076 -0.006301111 -0.1258 0.05918517 -0.006301111 -0.1018 0.05918517 -0.006329605 -0.1258 0.05909124 -0.006329605 -0.1018 0.05909124 -0.006364181 -0.1258 0.05899937 -0.006364181 -0.1018 0.05899937 -0.006404691 -0.1258 0.05890996 -0.006404691 -0.1018 0.05890996 -0.006450962 -0.1258 0.05882339 -0.006450962 -0.1018 0.05882339 -0.006502796 -0.1258 0.05874004 -0.006502796 -0.1018 0.05874004 -0.00655997 -0.1258 0.05866025 -0.00655997 -0.1018 0.05866025 -0.00662224 -0.1258 0.05858437 -0.00662224 -0.1018 0.05858437 -0.00668934 -0.1258 0.05851273 -0.00668934 -0.1018 0.05851273 -0.006760981 -0.1258 0.05844563 -0.006760981 -0.1018 0.05844563 -0.006836858 -0.1258 0.05838337 -0.006836858 -0.1018 0.05838337 -0.006916645 -0.1258 0.05832619 -0.006916645 -0.1018 0.05832619 -0.007 -0.1258 0.05827436 -0.007 -0.1018 0.05827436 -0.007086567 -0.1258 0.05822808 -0.007086567 -0.1018 0.05822808 -0.007175975 -0.1018 0.05818758 -0.007175975 -0.1258 0.05818758 -0.007267841 -0.1018 0.058153 -0.007267841 -0.1258 0.058153 -0.007361772 -0.1018 0.0581245 -0.007361772 -0.1258 0.0581245 -0.007457365 -0.1018 0.05810221 -0.007457365 -0.1258 0.05810221 -0.007554211 -0.1258 0.05808623 -0.007554211 -0.1018 0.05808623 -0.007651896 -0.1018 0.05807661 -0.007651896 -0.1258 0.05807661 -0.00775 -0.1018 0.05807339 -0.00775 -0.1258 0.05807339 -0.007848104 -0.1018 0.05807661 -0.007848104 -0.1258 0.05807661 -0.007945789 -0.1018 0.05808623 -0.007945789 -0.1258 0.05808623 -0.008042636 -0.1018 0.05810221 -0.008042636 -0.1258 0.05810221 -0.008138228 -0.1018 0.0581245 -0.008138228 -0.1258 0.0581245 -0.00823216 -0.1018 0.058153 -0.00823216 -0.1258 0.058153 -0.008324025 -0.1018 0.05818758 -0.008324025 -0.1258 0.05818758 -0.008413433 -0.1018 0.05822808 -0.008413433 -0.1258 0.05822808 -0.0085 -0.1018 0.05827436 -0.0085 -0.1258 0.05827436 -0.008583355 -0.1018 0.05832619 -0.008583355 -0.1258 0.05832619 -0.008663142 -0.1018 0.05838337 -0.008663142 -0.1258 0.05838337 -0.008739018 -0.1018 0.05844563 -0.008739018 -0.1258 0.05844563 -0.00881066 -0.1018 0.05851273 -0.00881066 -0.1258 0.05851273 -0.00887776 -0.1018 0.05858437 -0.00887776 -0.1258 0.05858437 -0.00894003 -0.1018 0.05866025 -0.00894003 -0.1258 0.05866025 -0.008997205 -0.1018 0.05874004 -0.008997205 -0.1258 0.05874004 -0.009049038 -0.1018 0.05882339 -0.009049038 -0.1258 0.05882339 -0.009095309 -0.1018 0.05890996 -0.009095309 -0.1258 0.05890996 -0.009135819 -0.1018 0.05899937 -0.009135819 -0.1258 0.05899937 -0.009170395 -0.1018 0.05909124 -0.009170395 -0.1258 0.05909124 -0.009198889 -0.1018 0.05918517 -0.009198889 -0.1258 0.05918517 -0.009221178 -0.1018 0.05928076 -0.009221178 -0.1258 0.05928076 -0.009237167 -0.1018 0.05937761 -0.009237167 -0.1258 0.05937761 -0.009246788 -0.1018 0.05947529 -0.009246788 -0.1258 0.05947529 -0.00925 -0.1018 0.05957339 -0.00925 -0.1258 0.05957339 0.00925 -0.1258 0.05957339 0.00925 -0.1018 0.05957339 0.009246788 -0.1258 0.05947529 0.009246788 -0.1018 0.05947529 0.009237167 -0.1258 0.05937761 0.009237167 -0.1018 0.05937761 0.009221178 -0.1258 0.05928076 0.009221178 -0.1018 0.05928076 0.009198889 -0.1258 0.05918517 0.009198889 -0.1018 0.05918517 0.009170395 -0.1258 0.05909124 0.009170395 -0.1018 0.05909124 0.009135819 -0.1258 0.05899937 0.009135819 -0.1018 0.05899937 0.009095309 -0.1258 0.05890996 0.009095309 -0.1018 0.05890996 0.009049038 -0.1258 0.05882339 0.009049038 -0.1018 0.05882339 0.008997205 -0.1258 0.05874004 0.008997205 -0.1018 0.05874004 0.00894003 -0.1258 0.05866025 0.00894003 -0.1018 0.05866025 0.00887776 -0.1258 0.05858437 0.00887776 -0.1018 0.05858437 0.00881066 -0.1258 0.05851273 0.00881066 -0.1018 0.05851273 0.008739018 -0.1258 0.05844563 0.008739018 -0.1018 0.05844563 0.008663142 -0.1258 0.05838337 0.008663142 -0.1018 0.05838337 0.008583355 -0.1258 0.05832619 0.008583355 -0.1018 0.05832619 0.0085 -0.1258 0.05827436 0.0085 -0.1018 0.05827436 0.008413433 -0.1258 0.05822808 0.008413433 -0.1018 0.05822808 0.008324025 -0.1018 0.05818758 0.008324025 -0.1258 0.05818758 0.00823216 -0.1018 0.058153 0.00823216 -0.1258 0.058153 0.008138228 -0.1018 0.0581245 0.008138228 -0.1258 0.0581245 0.008042636 -0.1018 0.05810221 0.008042636 -0.1258 0.05810221 0.007945789 -0.1258 0.05808623 0.007945789 -0.1018 0.05808623 0.007848104 -0.1018 0.05807661 0.007848104 -0.1258 0.05807661 0.00775 -0.1018 0.05807339 0.00775 -0.1258 0.05807339 0.007651896 -0.1018 0.05807661 0.007651896 -0.1258 0.05807661 0.007554211 -0.1018 0.05808623 0.007554211 -0.1258 0.05808623 0.007457365 -0.1018 0.05810221 0.007457365 -0.1258 0.05810221 0.007361772 -0.1018 0.0581245 0.007361772 -0.1258 0.0581245 0.007267841 -0.1018 0.058153 0.007267841 -0.1258 0.058153 0.007175975 -0.1018 0.05818758 0.007175975 -0.1258 0.05818758 0.007086567 -0.1018 0.05822808 0.007086567 -0.1258 0.05822808 0.007 -0.1018 0.05827436 0.007 -0.1258 0.05827436 0.006916645 -0.1018 0.05832619 0.006916645 -0.1258 0.05832619 0.006836858 -0.1018 0.05838337 0.006836858 -0.1258 0.05838337 0.006760981 -0.1018 0.05844563 0.006760981 -0.1258 0.05844563 0.00668934 -0.1018 0.05851273 0.00668934 -0.1258 0.05851273 0.00662224 -0.1018 0.05858437 0.00662224 -0.1258 0.05858437 0.00655997 -0.1018 0.05866025 0.00655997 -0.1258 0.05866025 0.006502796 -0.1018 0.05874004 0.006502796 -0.1258 0.05874004 0.006450962 -0.1018 0.05882339 0.006450962 -0.1258 0.05882339 0.006404691 -0.1018 0.05890996 0.006404691 -0.1258 0.05890996 0.006364181 -0.1018 0.05899937 0.006364181 -0.1258 0.05899937 0.006329605 -0.1018 0.05909124 0.006329605 -0.1258 0.05909124 0.006301111 -0.1018 0.05918517 0.006301111 -0.1258 0.05918517 0.006278822 -0.1018 0.05928076 0.006278822 -0.1258 0.05928076 0.006262833 -0.1018 0.05937761 0.006262833 -0.1258 0.05937761 0.006253211 -0.1018 0.05947529 0.006253211 -0.1258 0.05947529 0.00625 -0.1018 0.05957339 0.00625 -0.1258 0.05957339 0.017 -0.1258 0.04615 0.017 -0.1018 0.04615 0.01699679 -0.1258 0.0460519 0.01699679 -0.1018 0.0460519 0.01698717 -0.1258 0.04595421 0.01698717 -0.1018 0.04595421 0.01697118 -0.1258 0.04585736 0.01697118 -0.1018 0.04585736 0.01694889 -0.1258 0.04576177 0.01694889 -0.1018 0.04576177 0.01692039 -0.1258 0.04566784 0.01692039 -0.1018 0.04566784 0.01688582 -0.1258 0.04557597 0.01688582 -0.1018 0.04557597 0.01684531 -0.1258 0.04548657 0.01684531 -0.1018 0.04548657 0.01679904 -0.1258 0.0454 0.01679904 -0.1018 0.0454 0.0167472 -0.1258 0.04531664 0.0167472 -0.1018 0.04531664 0.01669003 -0.1258 0.04523686 0.01669003 -0.1018 0.04523686 0.01662776 -0.1258 0.04516098 0.01662776 -0.1018 0.04516098 0.01656066 -0.1258 0.04508934 0.01656066 -0.1018 0.04508934 0.01648902 -0.1258 0.04502224 0.01648902 -0.1018 0.04502224 0.01641314 -0.1258 0.04495997 0.01641314 -0.1018 0.04495997 0.01633335 -0.1258 0.04490279 0.01633335 -0.1018 0.04490279 0.01625 -0.1258 0.04485096 0.01625 -0.1018 0.04485096 0.01616343 -0.1258 0.04480469 0.01616343 -0.1018 0.04480469 0.01607402 -0.1018 0.04476418 0.01607402 -0.1258 0.04476418 0.01598216 -0.1018 0.04472961 0.01598216 -0.1258 0.04472961 0.01588823 -0.1018 0.04470111 0.01588823 -0.1258 0.04470111 0.01579264 -0.1018 0.04467882 0.01579264 -0.1258 0.04467882 0.01569579 -0.1258 0.04466283 0.01569579 -0.1018 0.04466283 0.0155981 -0.1018 0.04465321 0.0155981 -0.1258 0.04465321 0.0155 -0.1018 0.04465 0.0155 -0.1258 0.04465 0.0154019 -0.1018 0.04465321 0.0154019 -0.1258 0.04465321 0.01530421 -0.1018 0.04466283 0.01530421 -0.1258 0.04466283 0.01520736 -0.1018 0.04467882 0.01520736 -0.1258 0.04467882 0.01511177 -0.1018 0.04470111 0.01511177 -0.1258 0.04470111 0.01501784 -0.1018 0.04472961 0.01501784 -0.1258 0.04472961 0.01492597 -0.1018 0.04476418 0.01492597 -0.1258 0.04476418 0.01483657 -0.1018 0.04480469 0.01483657 -0.1258 0.04480469 0.01475 -0.1018 0.04485096 0.01475 -0.1258 0.04485096 0.01466665 -0.1018 0.04490279 0.01466665 -0.1258 0.04490279 0.01458686 -0.1018 0.04495997 0.01458686 -0.1258 0.04495997 0.01451098 -0.1018 0.04502224 0.01451098 -0.1258 0.04502224 0.01443934 -0.1018 0.04508934 0.01443934 -0.1258 0.04508934 0.01437224 -0.1018 0.04516098 0.01437224 -0.1258 0.04516098 0.01430997 -0.1018 0.04523686 0.01430997 -0.1258 0.04523686 0.0142528 -0.1018 0.04531664 0.0142528 -0.1258 0.04531664 0.01420096 -0.1018 0.0454 0.01420096 -0.1258 0.0454 0.01415469 -0.1018 0.04548657 0.01415469 -0.1258 0.04548657 0.01411418 -0.1018 0.04557597 0.01411418 -0.1258 0.04557597 0.01407961 -0.1018 0.04566784 0.01407961 -0.1258 0.04566784 0.01405111 -0.1018 0.04576177 0.01405111 -0.1258 0.04576177 0.01402882 -0.1018 0.04585736 0.01402882 -0.1258 0.04585736 0.01401283 -0.1018 0.04595421 0.01401283 -0.1258 0.04595421 0.01400321 -0.1018 0.0460519 0.01400321 -0.1258 0.0460519 0.014 -0.1018 0.04615 0.014 -0.1258 0.04615 -0.00625 -0.1258 0.0327266 -0.00625 -0.1018 0.0327266 -0.006253211 -0.1258 0.0326285 -0.006253211 -0.1018 0.0326285 -0.006262833 -0.1258 0.03253082 -0.006262833 -0.1018 0.03253082 -0.006278822 -0.1258 0.03243397 -0.006278822 -0.1018 0.03243397 -0.006301111 -0.1258 0.03233838 -0.006301111 -0.1018 0.03233838 -0.006329605 -0.1258 0.03224445 -0.006329605 -0.1018 0.03224445 -0.006364181 -0.1258 0.03215258 -0.006364181 -0.1018 0.03215258 -0.006404691 -0.1258 0.03206317 -0.006404691 -0.1018 0.03206317 -0.006450962 -0.1258 0.03197661 -0.006450962 -0.1018 0.03197661 -0.006502796 -0.1258 0.03189325 -0.006502796 -0.1018 0.03189325 -0.00655997 -0.1258 0.03181346 -0.00655997 -0.1018 0.03181346 -0.00662224 -0.1258 0.03173759 -0.00662224 -0.1018 0.03173759 -0.00668934 -0.1258 0.03166595 -0.00668934 -0.1018 0.03166595 -0.006760981 -0.1258 0.03159885 -0.006760981 -0.1018 0.03159885 -0.006836858 -0.1258 0.03153658 -0.006836858 -0.1018 0.03153658 -0.006916645 -0.1258 0.0314794 -0.006916645 -0.1018 0.0314794 -0.007 -0.1258 0.03142757 -0.007 -0.1018 0.03142757 -0.007086567 -0.1258 0.0313813 -0.007086567 -0.1018 0.0313813 -0.007175975 -0.1018 0.03134079 -0.007175975 -0.1258 0.03134079 -0.007267841 -0.1018 0.03130621 -0.007267841 -0.1258 0.03130621 -0.007361772 -0.1018 0.03127772 -0.007361772 -0.1258 0.03127772 -0.007457365 -0.1018 0.03125543 -0.007457365 -0.1258 0.03125543 -0.007554211 -0.1258 0.03123944 -0.007554211 -0.1018 0.03123944 -0.007651896 -0.1018 0.03122982 -0.007651896 -0.1258 0.03122982 -0.00775 -0.1018 0.03122661 -0.00775 -0.1258 0.03122661 -0.007848104 -0.1018 0.03122982 -0.007848104 -0.1258 0.03122982 -0.007945789 -0.1018 0.03123944 -0.007945789 -0.1258 0.03123944 -0.008042636 -0.1018 0.03125543 -0.008042636 -0.1258 0.03125543 -0.008138228 -0.1018 0.03127772 -0.008138228 -0.1258 0.03127772 -0.00823216 -0.1018 0.03130621 -0.00823216 -0.1258 0.03130621 -0.008324025 -0.1018 0.03134079 -0.008324025 -0.1258 0.03134079 -0.008413433 -0.1018 0.0313813 -0.008413433 -0.1258 0.0313813 -0.0085 -0.1018 0.03142757 -0.0085 -0.1258 0.03142757 -0.008583355 -0.1018 0.0314794 -0.008583355 -0.1258 0.0314794 -0.008663142 -0.1018 0.03153658 -0.008663142 -0.1258 0.03153658 -0.008739018 -0.1018 0.03159885 -0.008739018 -0.1258 0.03159885 -0.00881066 -0.1018 0.03166595 -0.00881066 -0.1258 0.03166595 -0.00887776 -0.1018 0.03173759 -0.00887776 -0.1258 0.03173759 -0.00894003 -0.1018 0.03181346 -0.00894003 -0.1258 0.03181346 -0.008997205 -0.1018 0.03189325 -0.008997205 -0.1258 0.03189325 -0.009049038 -0.1018 0.03197661 -0.009049038 -0.1258 0.03197661 -0.009095309 -0.1018 0.03206317 -0.009095309 -0.1258 0.03206317 -0.009135819 -0.1018 0.03215258 -0.009135819 -0.1258 0.03215258 -0.009170395 -0.1018 0.03224445 -0.009170395 -0.1258 0.03224445 -0.009198889 -0.1018 0.03233838 -0.009198889 -0.1258 0.03233838 -0.009221178 -0.1018 0.03243397 -0.009221178 -0.1258 0.03243397 -0.009237167 -0.1018 0.03253082 -0.009237167 -0.1258 0.03253082 -0.009246788 -0.1018 0.0326285 -0.009246788 -0.1258 0.0326285 -0.00925 -0.1018 0.0327266 -0.00925 -0.1258 0.0327266 -0.0185 -0.1018 0.04615 -0.0185 -0.1258 0.04615 -0.018477 -0.1258 0.04707215 -0.018477 -0.1018 0.04707215 -0.01840807 -0.1258 0.047992 -0.01840807 -0.1018 0.047992 -0.01829337 -0.1258 0.04890728 -0.01829337 -0.1018 0.04890728 -0.01813319 -0.1258 0.0498157 -0.01813319 -0.1018 0.0498157 -0.01792793 -0.1258 0.05071501 -0.01792793 -0.1018 0.05071501 -0.0176781 -0.1258 0.05160297 -0.0176781 -0.1018 0.05160297 -0.01738431 -0.1258 0.05247737 -0.01738431 -0.1018 0.05247737 -0.01704731 -0.1258 0.05333604 -0.01704731 -0.1018 0.05333604 -0.01666792 -0.1258 0.05417685 -0.01666792 -0.1018 0.05417685 -0.0162471 -0.1258 0.0549977 -0.0162471 -0.1018 0.0549977 -0.01578588 -0.1258 0.05579655 -0.01578588 -0.1018 0.05579655 -0.01528542 -0.1258 0.05657142 -0.01528542 -0.1018 0.05657142 -0.01474695 -0.1258 0.05732038 -0.01474695 -0.1018 0.05732038 -0.01417182 -0.1258 0.05804157 -0.01417182 -0.1018 0.05804157 -0.01356146 -0.1258 0.0587332 -0.01356146 -0.1018 0.0587332 -0.01291738 -0.1258 0.05939354 -0.01291738 -0.1018 0.05939354 -0.01224119 -0.1258 0.06002095 -0.01224119 -0.1018 0.06002095 -0.01153456 -0.1258 0.06061388 -0.01153456 -0.1018 0.06061388 -0.01079926 -0.1258 0.06117085 -0.01079926 -0.1018 0.06117085 -0.01003711 -0.1258 0.06169048 -0.01003711 -0.1018 0.06169048 -0.00925 -0.1258 0.06217147 -0.00925 -0.1018 0.06217147 -0.008439898 -0.1258 0.06261263 -0.008439898 -0.1018 0.06261263 -0.007608811 -0.1258 0.06301286 -0.007608811 -0.1018 0.06301286 -0.006758809 -0.1258 0.06337117 -0.006758809 -0.1018 0.06337117 -0.005892003 -0.1258 0.06368666 -0.005892003 -0.1018 0.06368666 -0.005010549 -0.1258 0.06395855 -0.005010549 -0.1018 0.06395855 -0.004116637 -0.1258 0.06418616 -0.004116637 -0.1018 0.06418616 -0.003212491 -0.1258 0.06436894 -0.003212491 -0.1018 0.06436894 -0.002300359 -0.1258 0.06450642 -0.002300359 -0.1018 0.06450642 -0.001382507 -0.1258 0.06459827 -0.001382507 -0.1018 0.06459827 -0.0004612178 -0.1258 0.06464425 -0.0004612178 -0.1018 0.06464425 0.0004612178 -0.1258 0.06464425 0.0004612178 -0.1018 0.06464425 0.001382507 -0.1258 0.06459827 0.001382507 -0.1018 0.06459827 0.002300359 -0.1258 0.06450642 0.002300359 -0.1018 0.06450642 0.003212491 -0.1018 0.06436894 0.003212491 -0.1258 0.06436894 0.004116637 -0.1258 0.06418616 0.004116637 -0.1018 0.06418616 0.005010549 -0.1258 0.06395855 0.005010549 -0.1018 0.06395855 0.005892003 -0.1258 0.06368666 0.005892003 -0.1018 0.06368666 0.006758809 -0.1258 0.06337117 0.006758809 -0.1018 0.06337117 0.007608811 -0.1018 0.06301286 0.007608811 -0.1258 0.06301286 0.008439898 -0.1018 0.06261263 0.008439898 -0.1258 0.06261263 0.00925 -0.1258 0.06217147 0.00925 -0.1018 0.06217147 0.01003711 -0.1018 0.06169048 0.01003711 -0.1258 0.06169048 0.01079926 -0.1018 0.06117085 0.01079926 -0.1258 0.06117085 0.01153456 -0.1018 0.06061388 0.01153456 -0.1258 0.06061388 0.01224119 -0.1258 0.06002095 0.01224119 -0.1018 0.06002095 0.01291738 -0.1018 0.05939354 0.01291738 -0.1258 0.05939354 0.01356146 -0.1258 0.0587332 0.01356146 -0.1018 0.0587332 0.01417182 -0.1258 0.05804157 0.01417182 -0.1018 0.05804157 0.01474695 -0.1018 0.05732038 0.01474695 -0.1258 0.05732038 0.01528542 -0.1018 0.05657142 0.01528542 -0.1258 0.05657142 0.01578588 -0.1018 0.05579655 0.01578588 -0.1258 0.05579655 0.0162471 -0.1018 0.0549977 0.0162471 -0.1258 0.0549977 0.01666792 -0.1018 0.05417685 0.01666792 -0.1258 0.05417685 0.01704731 -0.1258 0.05333604 0.01704731 -0.1018 0.05333604 0.01738431 -0.1018 0.05247737 0.01738431 -0.1258 0.05247737 0.0176781 -0.1258 0.05160297 0.0176781 -0.1018 0.05160297 0.01792793 -0.1018 0.05071501 0.01792793 -0.1258 0.05071501 0.01813319 -0.1018 0.0498157 0.01813319 -0.1258 0.0498157 0.01829337 -0.1018 0.04890728 0.01829337 -0.1258 0.04890728 0.01840807 -0.1018 0.047992 0.01840807 -0.1258 0.047992 0.018477 -0.1258 0.04707215 0.018477 -0.1018 0.04707215 0.0185 -0.1018 0.04615 0.0185 -0.1258 0.04615 0.018477 -0.1018 0.04522785 0.01717862 -0.1018 0.04529265 0.01840807 -0.1018 0.04430799 0.01711453 -0.1018 0.04443743 0.01829337 -0.1018 0.04339272 0.01700789 -0.1018 0.04358647 0.01813319 -0.1018 0.04248429 0.01685897 -0.1018 0.04274189 0.01792793 -0.1018 0.04158499 0.01666813 -0.1018 0.04190577 0.0176781 -0.1018 0.04069703 0.01643585 -0.1018 0.04108021 0.01738431 -0.1018 0.03982263 0.01616271 -0.1018 0.04026725 0.01704731 -0.1018 0.03896395 0.01584939 -0.1018 0.03946892 0.01666792 -0.1018 0.03812315 0.01549667 -0.1018 0.0386872 0.01510541 -0.1018 0.03792403 0.0162471 -0.1018 0.0373023 0.01578588 -0.1018 0.03650345 0.0146766 -0.1018 0.03718132 0.01528542 -0.1018 0.03572858 0.01421131 -0.1018 0.0364609 0.01474695 -0.1018 0.03497962 0.01371068 -0.1018 0.03576456 0.01417182 -0.1018 0.03425843 0.01317596 -0.1018 0.03509405 0.01356146 -0.1018 0.0335668 0.01260849 -0.1018 0.03445103 0.01200967 -0.1018 0.03383709 0.01291738 -0.1018 0.03290646 0.011381 -0.1018 0.03325377 0.01224119 -0.1018 0.03227905 0.01072402 -0.1018 0.0327025 0.01153456 -0.1018 0.03168612 0.01079926 -0.1018 0.03112915 0.01004039 -0.1018 0.03218467 0.01003711 -0.1018 0.03060952 0.009331796 -0.1018 0.03170155 0.00925 -0.1018 0.03012853 0.0086 -0.1018 0.03125436 0.007846823 -0.1018 0.0308442 0.008439898 -0.1018 0.02968737 0.007608811 -0.1018 0.02928714 0.007074138 -0.1018 0.0304721 0.006758809 -0.1018 0.02892883 0.006283865 -0.1018 0.03013897 0.005892003 -0.1018 0.02861334 0.005477971 -0.1018 0.02984565 0.004658456 -0.1018 0.02959286 0.005010549 -0.1018 0.02834145 0.00382736 -0.1018 0.02938124 0.004116637 -0.1018 0.02811383 0.002986749 -0.1018 0.02921131 0.003212491 -0.1018 0.02793106 0.002138712 -0.1018 0.02908349 0.002300359 -0.1018 0.02779358 0.001285358 -0.1018 0.02899809 0.001382507 -0.1018 0.02770173 0.0004288079 -0.1018 0.02895535 0.0004612178 -0.1018 0.02765575 -0.0004288079 -0.1018 0.02895535 -0.0004612178 -0.1018 0.02765575 -0.018477 -0.1018 0.04522785 -0.01717862 -0.1018 0.04529265 -0.001382507 -0.1018 0.02770173 -0.001285358 -0.1018 0.02899809 -0.01840807 -0.1018 0.04430799 -0.01711453 -0.1018 0.04443743 -0.002138712 -0.1018 0.02908349 -0.002300359 -0.1018 0.02779358 -0.002986749 -0.1018 0.02921131 -0.01829337 -0.1018 0.04339272 -0.01700789 -0.1018 0.04358647 -0.003212491 -0.1018 0.02793106 -0.00382736 -0.1018 0.02938124 -0.01813319 -0.1018 0.04248429 -0.01685897 -0.1018 0.04274189 -0.004116637 -0.1018 0.02811383 -0.004658456 -0.1018 0.02959286 -0.01792793 -0.1018 0.04158499 -0.01666813 -0.1018 0.04190577 -0.005010549 -0.1018 0.02834145 -0.005477971 -0.1018 0.02984565 -0.0176781 -0.1018 0.04069703 -0.01643585 -0.1018 0.04108021 -0.005892003 -0.1018 0.02861334 -0.006283865 -0.1018 0.03013897 -0.01738431 -0.1018 0.03982263 -0.01616271 -0.1018 0.04026725 -0.006758809 -0.1018 0.02892883 -0.01704731 -0.1018 0.03896395 -0.01584939 -0.1018 0.03946892 -0.007608811 -0.1018 0.02928714 -0.007074138 -0.1018 0.0304721 -0.01666792 -0.1018 0.03812315 -0.01549667 -0.1018 0.0386872 -0.007846823 -0.1018 0.0308442 -0.008439898 -0.1018 0.02968737 -0.0086 -0.1018 0.03125436 -0.0162471 -0.1018 0.0373023 -0.01510541 -0.1018 0.03792403 -0.00925 -0.1018 0.03012853 -0.009331796 -0.1018 0.03170155 -0.01578588 -0.1018 0.03650345 -0.0146766 -0.1018 0.03718132 -0.01003711 -0.1018 0.03060952 -0.01004039 -0.1018 0.03218467 -0.01528542 -0.1018 0.03572858 -0.01421131 -0.1018 0.0364609 -0.01079926 -0.1018 0.03112915 -0.01072402 -0.1018 0.0327025 -0.01371068 -0.1018 0.03576456 -0.01474695 -0.1018 0.03497962 -0.01153456 -0.1018 0.03168612 -0.01317596 -0.1018 0.03509405 -0.01417182 -0.1018 0.03425843 -0.011381 -0.1018 0.03325377 -0.01224119 -0.1018 0.03227905 -0.01200967 -0.1018 0.03383709 -0.01260849 -0.1018 0.03445103 -0.01356146 -0.1018 0.0335668 -0.01291738 -0.1018 0.03290646 0.00887776 -0.1258 0.06056241 0.00881066 -0.1258 0.06063405 0.008739018 -0.1258 0.06070115 0.00894003 -0.1258 0.06048653 0.008663142 -0.1258 0.06076342 0.008583355 -0.1258 0.0608206 0.008997205 -0.1258 0.06040675 0.009049038 -0.1258 0.06032339 0.0085 -0.1258 0.06087243 0.009095309 -0.1258 0.06023683 0.008413433 -0.1258 0.0609187 0.009135819 -0.1258 0.06014742 0.008324025 -0.1258 0.06095921 0.009170395 -0.1258 0.06005555 0.00823216 -0.1258 0.06099379 0.009198889 -0.1258 0.05996162 0.008138228 -0.1258 0.06102228 0.009221178 -0.1258 0.05986603 0.008042636 -0.1258 0.06104457 0.009237167 -0.1258 0.05976918 0.007945789 -0.1258 0.06106056 0.009246788 -0.1258 0.0596715 0.007848104 -0.1258 0.06107018 0.00775 -0.1258 0.06107339 0.007651896 -0.1258 0.06107018 0.007554211 -0.1258 0.06106056 0.007457365 -0.1258 0.06104457 0.007361772 -0.1258 0.06102228 0.007267841 -0.1258 0.06099379 0.007175975 -0.1258 0.06095921 0.007086567 -0.1258 0.0609187 0.007 -0.1258 0.06087243 0.006916645 -0.1258 0.0608206 0.006836858 -0.1258 0.06076342 0.006760981 -0.1258 0.06070115 0.00668934 -0.1258 0.06063405 0.00662224 -0.1258 0.06056241 0.00655997 -0.1258 0.06048653 0.006502796 -0.1258 0.06040675 0.006450962 -0.1258 0.06032339 0.006404691 -0.1258 0.06023683 0.006364181 -0.1258 0.06014742 0.006329605 -0.1258 0.06005555 0.006301111 -0.1258 0.05996162 0.006278822 -0.1258 0.05986603 0.006262833 -0.1258 0.05976918 0.006253211 -0.1258 0.0596715 0.01662776 -0.1258 0.04713902 0.01656066 -0.1258 0.04721066 0.01648902 -0.1258 0.04727776 0.01641314 -0.1258 0.04734003 0.01669003 -0.1258 0.04706314 0.01633335 -0.1258 0.04739721 0.0167472 -0.1258 0.04698336 0.01679904 -0.1258 0.0469 0.01625 -0.1258 0.04744904 0.01684531 -0.1258 0.04681343 0.01616343 -0.1258 0.04749531 0.01688582 -0.1258 0.04672403 0.01607402 -0.1258 0.04753582 0.01598216 -0.1258 0.0475704 0.01692039 -0.1258 0.04663216 0.01694889 -0.1258 0.04653823 0.01588823 -0.1258 0.04759889 0.01697118 -0.1258 0.04644263 0.01579264 -0.1258 0.04762118 0.01698717 -0.1258 0.04634579 0.01569579 -0.1258 0.04763717 0.01699679 -0.1258 0.0462481 0.0155981 -0.1258 0.04764679 0.0155 -0.1258 0.04765 0.0154019 -0.1258 0.04764679 0.01530421 -0.1258 0.04763717 0.01520736 -0.1258 0.04762118 0.018477 -0.1258 0.04522785 0.01511177 -0.1258 0.04759889 0.01501784 -0.1258 0.0475704 0.01492597 -0.1258 0.04753582 0.01483657 -0.1258 0.04749531 0.01475 -0.1258 0.04744904 0.01466665 -0.1258 0.04739721 0.01840807 -0.1258 0.04430799 0.01458686 -0.1258 0.04734003 0.01451098 -0.1258 0.04727776 0.01443934 -0.1258 0.04721066 0.01437224 -0.1258 0.04713902 0.01430997 -0.1258 0.04706314 0.01829337 -0.1258 0.04339272 0.0142528 -0.1258 0.04698336 0.01420096 -0.1258 0.0469 0.01415469 -0.1258 0.04681343 0.01411418 -0.1258 0.04672403 0.01407961 -0.1258 0.04663216 0.01813319 -0.1258 0.04248429 0.01405111 -0.1258 0.04653823 0.01402882 -0.1258 0.04644263 0.01401283 -0.1258 0.04634579 0.01400321 -0.1258 0.0462481 0.01792793 -0.1258 0.04158499 0.0176781 -0.1258 0.04069703 0.01738431 -0.1258 0.03982263 0.01704731 -0.1258 0.03896395 0.01666792 -0.1258 0.03812315 -0.00662224 -0.1258 0.06056241 -0.00668934 -0.1258 0.06063405 -0.006760981 -0.1258 0.06070115 -0.006836858 -0.1258 0.06076342 -0.00655997 -0.1258 0.06048653 -0.006916645 -0.1258 0.0608206 -0.006502796 -0.1258 0.06040675 -0.007 -0.1258 0.06087243 -0.006450962 -0.1258 0.06032339 -0.006404691 -0.1258 0.06023683 -0.007086567 -0.1258 0.0609187 -0.006364181 -0.1258 0.06014742 -0.007175975 -0.1258 0.06095921 -0.006329605 -0.1258 0.06005555 -0.007267841 -0.1258 0.06099379 -0.006301111 -0.1258 0.05996162 -0.007361772 -0.1258 0.06102228 -0.006278822 -0.1258 0.05986603 -0.007457365 -0.1258 0.06104457 0.0162471 -0.1258 0.0373023 -0.006262833 -0.1258 0.05976918 -0.007554211 -0.1258 0.06106056 -0.006253211 -0.1258 0.0596715 -0.007651896 -0.1258 0.06107018 -0.00775 -0.1258 0.06107339 -0.007848104 -0.1258 0.06107018 -0.007945789 -0.1258 0.06106056 -0.008042636 -0.1258 0.06104457 -0.008138228 -0.1258 0.06102228 -0.00823216 -0.1258 0.06099379 -0.008324025 -0.1258 0.06095921 -0.008413433 -0.1258 0.0609187 -0.0085 -0.1258 0.06087243 0.01578588 -0.1258 0.03650345 -0.008583355 -0.1258 0.0608206 -0.008663142 -0.1258 0.06076342 -0.008739018 -0.1258 0.06070115 -0.00887776 -0.1258 0.06056241 -0.00881066 -0.1258 0.06063405 -0.00894003 -0.1258 0.06048653 -0.008997205 -0.1258 0.06040675 -0.009049038 -0.1258 0.06032339 -0.009095309 -0.1258 0.06023683 -0.009237167 -0.1258 0.05976918 -0.009221178 -0.1258 0.05986603 -0.009198889 -0.1258 0.05996162 -0.009170395 -0.1258 0.06005555 -0.009135819 -0.1258 0.06014742 -0.009246788 -0.1258 0.0596715 0.00881066 -0.1258 0.03378727 0.01356146 -0.1258 0.0335668 0.01417182 -0.1258 0.03425843 0.00887776 -0.1258 0.03371563 0.008739018 -0.1258 0.03385437 0.008663142 -0.1258 0.03391664 0.01474695 -0.1258 0.03497962 0.00894003 -0.1258 0.03363975 0.008583355 -0.1258 0.03397381 0.008997205 -0.1258 0.03355996 0.01291738 -0.1258 0.03290646 0.0085 -0.1258 0.03402565 0.01528542 -0.1258 0.03572858 0.009049038 -0.1258 0.0334766 0.008413433 -0.1258 0.03407191 0.009095309 -0.1258 0.03339004 0.009135819 -0.1258 0.03330063 0.01224119 -0.1258 0.03227905 0.008324025 -0.1258 0.03411243 0.009170395 -0.1258 0.03320877 0.00823216 -0.1258 0.034147 0.008138228 -0.1258 0.0341755 0.009198889 -0.1258 0.03311483 0.008042636 -0.1258 0.03419778 0.009221178 -0.1258 0.03301924 0.007945789 -0.1258 0.03421377 0.009237167 -0.1258 0.03292239 0.01153456 -0.1258 0.03168612 0.009246788 -0.1258 0.03282471 0.007848104 -0.1258 0.0342234 0.00775 -0.1258 0.0342266 0.007651896 -0.1258 0.0342234 0.007554211 -0.1258 0.03421377 0.01079926 -0.1258 0.03112915 0.007457365 -0.1258 0.03419778 0.007361772 -0.1258 0.0341755 0.007267841 -0.1258 0.034147 0.007175975 -0.1258 0.03411243 0.007086567 -0.1258 0.03407191 0.007 -0.1258 0.03402565 0.01003711 -0.1258 0.03060952 0.00925 -0.1258 0.03012853 0.008439898 -0.1258 0.02968737 0.007608811 -0.1258 0.02928714 0.006758809 -0.1258 0.02892883 0.005892003 -0.1258 0.02861334 0.005010549 -0.1258 0.02834145 -0.01437224 -0.1258 0.04713902 -0.01443934 -0.1258 0.04721066 -0.01451098 -0.1258 0.04727776 -0.01458686 -0.1258 0.04734003 -0.01430997 -0.1258 0.04706314 -0.01466665 -0.1258 0.04739721 -0.0142528 -0.1258 0.04698336 -0.01420096 -0.1258 0.0469 -0.01475 -0.1258 0.04744904 -0.01415469 -0.1258 0.04681343 -0.01483657 -0.1258 0.04749531 -0.01411418 -0.1258 0.04672403 -0.01492597 -0.1258 0.04753582 -0.01407961 -0.1258 0.04663216 -0.01501784 -0.1258 0.0475704 -0.01405111 -0.1258 0.04653823 -0.01511177 -0.1258 0.04759889 -0.01402882 -0.1258 0.04644263 -0.01520736 -0.1258 0.04762118 -0.01401283 -0.1258 0.04634579 -0.01530421 -0.1258 0.04763717 -0.01400321 -0.1258 0.0462481 -0.0154019 -0.1258 0.04764679 0.004116637 -0.1258 0.02811383 -0.0155 -0.1258 0.04765 -0.0155981 -0.1258 0.04764679 -0.01569579 -0.1258 0.04763717 -0.01588823 -0.1258 0.04759889 -0.01579264 -0.1258 0.04762118 -0.01598216 -0.1258 0.0475704 -0.01607402 -0.1258 0.04753582 0.003212491 -0.1258 0.02793106 -0.01641314 -0.1258 0.04734003 -0.01633335 -0.1258 0.04739721 -0.01625 -0.1258 0.04744904 -0.01616343 -0.1258 0.04749531 0.002300359 -0.1258 0.02779358 -0.0167472 -0.1258 0.04698336 -0.01669003 -0.1258 0.04706314 -0.01662776 -0.1258 0.04713902 -0.01656066 -0.1258 0.04721066 -0.01648902 -0.1258 0.04727776 0.001382507 -0.1258 0.02770173 0.006253211 -0.1258 0.03282471 -0.01697118 -0.1258 0.04644263 -0.01694889 -0.1258 0.04653823 -0.01692039 -0.1258 0.04663216 -0.01688582 -0.1258 0.04672403 -0.01684531 -0.1258 0.04681343 -0.01679904 -0.1258 0.0469 0.0004612178 -0.1258 0.02765575 0.006262833 -0.1258 0.03292239 -0.01699679 -0.1258 0.0462481 -0.01698717 -0.1258 0.04634579 -0.00668934 -0.1258 0.03378727 0.00662224 -0.1258 0.03371563 0.00668934 -0.1258 0.03378727 -0.00662224 -0.1258 0.03371563 -0.006760981 -0.1258 0.03385437 0.006760981 -0.1258 0.03385437 0.006836858 -0.1258 0.03391664 -0.006836858 -0.1258 0.03391664 -0.00655997 -0.1258 0.03363975 0.00655997 -0.1258 0.03363975 -0.006916645 -0.1258 0.03397381 0.006916645 -0.1258 0.03397381 -0.006502796 -0.1258 0.03355996 0.006502796 -0.1258 0.03355996 -0.006450962 -0.1258 0.0334766 0.006450962 -0.1258 0.0334766 -0.007 -0.1258 0.03402565 -0.007086567 -0.1258 0.03407191 -0.006404691 -0.1258 0.03339004 0.006404691 -0.1258 0.03339004 -0.007175975 -0.1258 0.03411243 -0.006364181 -0.1258 0.03330063 0.006329605 -0.1258 0.03320877 0.006364181 -0.1258 0.03330063 -0.006329605 -0.1258 0.03320877 -0.007267841 -0.1258 0.034147 -0.006301111 -0.1258 0.03311483 0.006301111 -0.1258 0.03311483 -0.007361772 -0.1258 0.0341755 -0.018477 -0.1258 0.04522785 -0.006278822 -0.1258 0.03301924 0.006278822 -0.1258 0.03301924 -0.007457365 -0.1258 0.03419778 -0.007554211 -0.1258 0.03421377 -0.006262833 -0.1258 0.03292239 -0.0004612178 -0.1258 0.02765575 -0.007651896 -0.1258 0.0342234 -0.006253211 -0.1258 0.03282471 -0.00775 -0.1258 0.0342266 -0.007848104 -0.1258 0.0342234 -0.001382507 -0.1258 0.02770173 -0.007945789 -0.1258 0.03421377 -0.008042636 -0.1258 0.03419778 -0.008138228 -0.1258 0.0341755 -0.00823216 -0.1258 0.034147 -0.01840807 -0.1258 0.04430799 -0.008324025 -0.1258 0.03411243 -0.002300359 -0.1258 0.02779358 -0.01829337 -0.1258 0.04339272 -0.003212491 -0.1258 0.02793106 -0.01813319 -0.1258 0.04248429 -0.004116637 -0.1258 0.02811383 -0.01792793 -0.1258 0.04158499 -0.005010549 -0.1258 0.02834145 -0.0176781 -0.1258 0.04069703 -0.005892003 -0.1258 0.02861334 -0.01738431 -0.1258 0.03982263 -0.006758809 -0.1258 0.02892883 -0.01704731 -0.1258 0.03896395 -0.007608811 -0.1258 0.02928714 -0.01666792 -0.1258 0.03812315 -0.008439898 -0.1258 0.02968737 -0.0162471 -0.1258 0.0373023 -0.00925 -0.1258 0.03012853 -0.01578588 -0.1258 0.03650345 -0.008413433 -0.1258 0.03407191 -0.01003711 -0.1258 0.03060952 -0.01528542 -0.1258 0.03572858 -0.0085 -0.1258 0.03402565 -0.01079926 -0.1258 0.03112915 -0.01474695 -0.1258 0.03497962 -0.008663142 -0.1258 0.03391664 -0.008583355 -0.1258 0.03397381 -0.01153456 -0.1258 0.03168612 -0.009246788 -0.1258 0.03282471 -0.009237167 -0.1258 0.03292239 -0.01417182 -0.1258 0.03425843 -0.00881066 -0.1258 0.03378727 -0.008739018 -0.1258 0.03385437 -0.01224119 -0.1258 0.03227905 -0.009221178 -0.1258 0.03301924 -0.009198889 -0.1258 0.03311483 -0.009170395 -0.1258 0.03320877 -0.009135819 -0.1258 0.03330063 -0.01356146 -0.1258 0.0335668 -0.008997205 -0.1258 0.03355996 -0.00894003 -0.1258 0.03363975 -0.00887776 -0.1258 0.03371563 -0.01291738 -0.1258 0.03290646 -0.009095309 -0.1258 0.03339004 -0.009049038 -0.1258 0.0334766 -0.009246788 -0.1018 0.03282471 -0.009237167 -0.1018 0.03292239 -0.009221178 -0.1018 0.03301924 -0.009198889 -0.1018 0.03311483 -0.009170395 -0.1018 0.03320877 -0.009135819 -0.1018 0.03330063 -0.009095309 -0.1018 0.03339004 -0.009049038 -0.1018 0.0334766 -0.008997205 -0.1018 0.03355996 -0.00894003 -0.1018 0.03363975 -0.00887776 -0.1018 0.03371563 -0.00881066 -0.1018 0.03378727 -0.008739018 -0.1018 0.03385437 -0.008663142 -0.1018 0.03391664 -0.008583355 -0.1018 0.03397381 -0.0085 -0.1018 0.03402565 -0.008413433 -0.1018 0.03407191 -0.008324025 -0.1018 0.03411243 -0.00823216 -0.1018 0.034147 -0.008138228 -0.1018 0.0341755 -0.008042636 -0.1018 0.03419778 -0.007945789 -0.1018 0.03421377 -0.007848104 -0.1018 0.0342234 -0.00775 -0.1018 0.0342266 -0.007651896 -0.1018 0.0342234 -0.007554211 -0.1018 0.03421377 -0.007457365 -0.1018 0.03419778 -0.007361772 -0.1018 0.0341755 -0.007267841 -0.1018 0.034147 -0.007175975 -0.1018 0.03411243 -0.007086567 -0.1018 0.03407191 -0.007 -0.1018 0.03402565 -0.006916645 -0.1018 0.03397381 -0.006836858 -0.1018 0.03391664 -0.006760981 -0.1018 0.03385437 -0.00668934 -0.1018 0.03378727 -0.00662224 -0.1018 0.03371563 -0.00655997 -0.1018 0.03363975 -0.006502796 -0.1018 0.03355996 -0.006450962 -0.1018 0.0334766 -0.006404691 -0.1018 0.03339004 -0.006364181 -0.1018 0.03330063 -0.006329605 -0.1018 0.03320877 -0.006301111 -0.1018 0.03311483 -0.006278822 -0.1018 0.03301924 -0.006262833 -0.1018 0.03292239 -0.006253211 -0.1018 0.03282471 0.01400321 -0.1018 0.0462481 0.01401283 -0.1018 0.04634579 0.01402882 -0.1018 0.04644263 0.01405111 -0.1018 0.04653823 0.01407961 -0.1018 0.04663216 0.01411418 -0.1018 0.04672403 0.01415469 -0.1018 0.04681343 0.01420096 -0.1018 0.0469 0.0142528 -0.1018 0.04698336 0.01430997 -0.1018 0.04706314 0.01437224 -0.1018 0.04713902 0.01443934 -0.1018 0.04721066 0.01451098 -0.1018 0.04727776 0.01458686 -0.1018 0.04734003 0.01466665 -0.1018 0.04739721 0.01475 -0.1018 0.04744904 0.01483657 -0.1018 0.04749531 0.01492597 -0.1018 0.04753582 0.01501784 -0.1018 0.0475704 0.01511177 -0.1018 0.04759889 0.01520736 -0.1018 0.04762118 0.01530421 -0.1018 0.04763717 0.0154019 -0.1018 0.04764679 0.0155 -0.1018 0.04765 0.0155981 -0.1018 0.04764679 0.01569579 -0.1018 0.04763717 0.01579264 -0.1018 0.04762118 0.01588823 -0.1018 0.04759889 0.01598216 -0.1018 0.0475704 0.01607402 -0.1018 0.04753582 0.01616343 -0.1018 0.04749531 0.01625 -0.1018 0.04744904 0.01633335 -0.1018 0.04739721 0.01641314 -0.1018 0.04734003 0.01648902 -0.1018 0.04727776 0.01656066 -0.1018 0.04721066 0.01662776 -0.1018 0.04713902 0.01669003 -0.1018 0.04706314 0.0167472 -0.1018 0.04698336 0.01679904 -0.1018 0.0469 0.01684531 -0.1018 0.04681343 0.01688582 -0.1018 0.04672403 0.01692039 -0.1018 0.04663216 0.01694889 -0.1018 0.04653823 0.01697118 -0.1018 0.04644263 0.01698717 -0.1018 0.04634579 0.01699679 -0.1018 0.0462481 0.006253211 -0.1018 0.0596715 0.006262833 -0.1018 0.05976918 0.006278822 -0.1018 0.05986603 0.006301111 -0.1018 0.05996162 0.006329605 -0.1018 0.06005555 0.006364181 -0.1018 0.06014742 0.006404691 -0.1018 0.06023683 0.006450962 -0.1018 0.06032339 0.006502796 -0.1018 0.06040675 0.00655997 -0.1018 0.06048653 0.00662224 -0.1018 0.06056241 0.00668934 -0.1018 0.06063405 0.006760981 -0.1018 0.06070115 0.006836858 -0.1018 0.06076342 0.006916645 -0.1018 0.0608206 0.007 -0.1018 0.06087243 0.007086567 -0.1018 0.0609187 0.007175975 -0.1018 0.06095921 0.007267841 -0.1018 0.06099379 0.007361772 -0.1018 0.06102228 0.007457365 -0.1018 0.06104457 0.007554211 -0.1018 0.06106056 0.007651896 -0.1018 0.06107018 0.00775 -0.1018 0.06107339 0.007848104 -0.1018 0.06107018 0.007945789 -0.1018 0.06106056 0.008042636 -0.1018 0.06104457 0.008138228 -0.1018 0.06102228 0.00823216 -0.1018 0.06099379 0.008324025 -0.1018 0.06095921 0.008413433 -0.1018 0.0609187 0.0085 -0.1018 0.06087243 0.008583355 -0.1018 0.0608206 0.008663142 -0.1018 0.06076342 0.008739018 -0.1018 0.06070115 0.00881066 -0.1018 0.06063405 0.00887776 -0.1018 0.06056241 0.00894003 -0.1018 0.06048653 0.008997205 -0.1018 0.06040675 0.009049038 -0.1018 0.06032339 0.009095309 -0.1018 0.06023683 0.009135819 -0.1018 0.06014742 0.009170395 -0.1018 0.06005555 0.009198889 -0.1018 0.05996162 0.009221178 -0.1018 0.05986603 0.009237167 -0.1018 0.05976918 0.009246788 -0.1018 0.0596715 -0.009246788 -0.1018 0.0596715 -0.009237167 -0.1018 0.05976918 -0.009221178 -0.1018 0.05986603 -0.009198889 -0.1018 0.05996162 -0.009170395 -0.1018 0.06005555 -0.009135819 -0.1018 0.06014742 -0.009095309 -0.1018 0.06023683 -0.009049038 -0.1018 0.06032339 -0.008997205 -0.1018 0.06040675 -0.00894003 -0.1018 0.06048653 -0.00887776 -0.1018 0.06056241 -0.00881066 -0.1018 0.06063405 -0.008739018 -0.1018 0.06070115 -0.008663142 -0.1018 0.06076342 -0.008583355 -0.1018 0.0608206 -0.0085 -0.1018 0.06087243 -0.008413433 -0.1018 0.0609187 -0.008324025 -0.1018 0.06095921 -0.00823216 -0.1018 0.06099379 -0.008138228 -0.1018 0.06102228 -0.008042636 -0.1018 0.06104457 -0.007945789 -0.1018 0.06106056 -0.007848104 -0.1018 0.06107018 -0.00775 -0.1018 0.06107339 -0.007651896 -0.1018 0.06107018 -0.007554211 -0.1018 0.06106056 -0.007457365 -0.1018 0.06104457 -0.007361772 -0.1018 0.06102228 -0.007267841 -0.1018 0.06099379 -0.007175975 -0.1018 0.06095921 -0.007086567 -0.1018 0.0609187 -0.007 -0.1018 0.06087243 -0.006916645 -0.1018 0.0608206 -0.006836858 -0.1018 0.06076342 -0.006760981 -0.1018 0.06070115 -0.00668934 -0.1018 0.06063405 -0.00662224 -0.1018 0.06056241 -0.00655997 -0.1018 0.06048653 -0.006502796 -0.1018 0.06040675 -0.006450962 -0.1018 0.06032339 -0.006404691 -0.1018 0.06023683 -0.006364181 -0.1018 0.06014742 -0.006329605 -0.1018 0.06005555 -0.006301111 -0.1018 0.05996162 -0.006278822 -0.1018 0.05986603 -0.006262833 -0.1018 0.05976918 -0.006253211 -0.1018 0.0596715 -0.01699679 -0.1018 0.0462481 -0.01698717 -0.1018 0.04634579 -0.01697118 -0.1018 0.04644263 -0.01694889 -0.1018 0.04653823 -0.01692039 -0.1018 0.04663216 -0.01688582 -0.1018 0.04672403 -0.01684531 -0.1018 0.04681343 -0.01679904 -0.1018 0.0469 -0.0167472 -0.1018 0.04698336 -0.01669003 -0.1018 0.04706314 -0.01662776 -0.1018 0.04713902 -0.01656066 -0.1018 0.04721066 -0.01648902 -0.1018 0.04727776 -0.01641314 -0.1018 0.04734003 -0.01633335 -0.1018 0.04739721 -0.01625 -0.1018 0.04744904 -0.01616343 -0.1018 0.04749531 -0.01607402 -0.1018 0.04753582 -0.01598216 -0.1018 0.0475704 -0.01588823 -0.1018 0.04759889 -0.01579264 -0.1018 0.04762118 -0.01569579 -0.1018 0.04763717 -0.0155981 -0.1018 0.04764679 -0.0155 -0.1018 0.04765 -0.0154019 -0.1018 0.04764679 -0.01530421 -0.1018 0.04763717 -0.01520736 -0.1018 0.04762118 -0.01511177 -0.1018 0.04759889 -0.01501784 -0.1018 0.0475704 -0.01492597 -0.1018 0.04753582 -0.01483657 -0.1018 0.04749531 -0.01475 -0.1018 0.04744904 -0.01466665 -0.1018 0.04739721 -0.01458686 -0.1018 0.04734003 -0.01451098 -0.1018 0.04727776 -0.01443934 -0.1018 0.04721066 -0.01437224 -0.1018 0.04713902 -0.01430997 -0.1018 0.04706314 -0.0142528 -0.1018 0.04698336 -0.01420096 -0.1018 0.0469 -0.01415469 -0.1018 0.04681343 -0.01411418 -0.1018 0.04672403 -0.01407961 -0.1018 0.04663216 -0.01405111 -0.1018 0.04653823 -0.01402882 -0.1018 0.04644263 -0.01401283 -0.1018 0.04634579 -0.01400321 -0.1018 0.0462481 0.006253211 -0.1018 0.03282471 0.006262833 -0.1018 0.03292239 0.006278822 -0.1018 0.03301924 0.006301111 -0.1018 0.03311483 0.006329605 -0.1018 0.03320877 0.006364181 -0.1018 0.03330063 0.006404691 -0.1018 0.03339004 0.006450962 -0.1018 0.0334766 0.006502796 -0.1018 0.03355996 0.00655997 -0.1018 0.03363975 0.00662224 -0.1018 0.03371563 0.00668934 -0.1018 0.03378727 0.006760981 -0.1018 0.03385437 0.006836858 -0.1018 0.03391664 0.006916645 -0.1018 0.03397381 0.007 -0.1018 0.03402565 0.007086567 -0.1018 0.03407191 0.007175975 -0.1018 0.03411243 0.007267841 -0.1018 0.034147 0.007361772 -0.1018 0.0341755 0.007457365 -0.1018 0.03419778 0.007554211 -0.1018 0.03421377 0.007651896 -0.1018 0.0342234 0.00775 -0.1018 0.0342266 0.007848104 -0.1018 0.0342234 0.007945789 -0.1018 0.03421377 0.008042636 -0.1018 0.03419778 0.008138228 -0.1018 0.0341755 0.00823216 -0.1018 0.034147 0.008324025 -0.1018 0.03411243 0.008413433 -0.1018 0.03407191 0.0085 -0.1018 0.03402565 0.008583355 -0.1018 0.03397381 0.008663142 -0.1018 0.03391664 0.008739018 -0.1018 0.03385437 0.00881066 -0.1018 0.03378727 0.00887776 -0.1018 0.03371563 0.00894003 -0.1018 0.03363975 0.008997205 -0.1018 0.03355996 0.009049038 -0.1018 0.0334766 0.009095309 -0.1018 0.03339004 0.009135819 -0.1018 0.03330063 0.009170395 -0.1018 0.03320877 0.009198889 -0.1018 0.03311483 0.009221178 -0.1018 0.03301924 0.009237167 -0.1018 0.03292239 0.009246788 -0.1018 0.03282471 -0.01317596 -0.0718 0.03509405 -0.01200967 -0.0718 0.03383709 -0.01260849 -0.0718 0.03445103 -0.01371068 -0.0718 0.03576456 -0.0146766 -0.0718 0.03718132 -0.01421131 -0.0718 0.0364609 -0.0086 -0.0718 0.03125436 -0.009331796 -0.0718 0.03170155 -0.01004039 -0.0718 0.03218467 -0.01072402 -0.0718 0.0327025 -0.011381 -0.0718 0.03325377 -0.01510541 -0.0718 0.03792403 -0.01584939 -0.0718 0.03946892 -0.007846823 -0.0718 0.0308442 -0.01549667 -0.0718 0.0386872 -0.005477971 -0.0718 0.02984565 -0.006283865 -0.0718 0.03013897 -0.007074138 -0.0718 0.0304721 -0.004658456 -0.0718 0.02959286 -0.01666813 -0.0718 0.04190577 -0.01616271 -0.0718 0.04026725 -0.01643585 -0.0718 0.04108021 -0.01685897 -0.0718 0.04274189 -0.002138712 -0.0718 0.02908349 -0.002986749 -0.0718 0.02921131 -0.00382736 -0.0718 0.02938124 -0.01711453 -0.0718 0.04443743 -0.01700789 -0.0718 0.04358647 -0.0004288079 -0.0718 0.02895535 -0.001285358 -0.0718 0.02899809 -0.01717862 -0.0718 0.04529265 0.0004288079 -0.0718 0.02895535 0.002138712 -0.0718 0.02908349 0.001285358 -0.0718 0.02899809 0.00382736 -0.0718 0.02938124 0.002986749 -0.0718 0.02921131 0.005477971 -0.0718 0.02984565 0.004658456 -0.0718 0.02959286 0.006283865 -0.0718 0.03013897 0.007074138 -0.0718 0.0304721 0.01004039 -0.0718 0.03218467 0.009331796 -0.0718 0.03170155 0.0086 -0.0718 0.03125436 0.007846823 -0.0718 0.0308442 0.011381 -0.0718 0.03325377 0.01072402 -0.0718 0.0327025 0.01200967 -0.0718 0.03383709 0.01260849 -0.0718 0.03445103 0.01371068 -0.0718 0.03576456 0.01317596 -0.0718 0.03509405 0.01421131 -0.0718 0.0364609 0.01549667 -0.0718 0.0386872 0.01510541 -0.0718 0.03792403 0.0146766 -0.0718 0.03718132 0.01584939 -0.0718 0.03946892 0.01685897 -0.0718 0.04274189 0.01666813 -0.0718 0.04190577 0.01643585 -0.0718 0.04108021 0.01616271 -0.0718 0.04026725 0.01711453 -0.0718 0.04443743 0.01700789 -0.0718 0.04358647 0.01717862 -0.0718 0.04529265 0.003 -0.1258 0.03915 0.002996271 -0.1318 0.03929954 0.003 -0.1318 0.03915 0.002985092 -0.1318 0.0394487 0.002985092 -0.1258 0.0394487 0.002966492 -0.1318 0.03959713 0.002940517 -0.1318 0.03974444 0.002940517 -0.1258 0.03974444 0.002907232 -0.1258 0.03989027 0.002907232 -0.1318 0.03989027 0.002866719 -0.1318 0.04003427 0.002819078 -0.1318 0.04017606 0.002764429 -0.1318 0.0403153 0.002702907 -0.1318 0.04045165 0.002634665 -0.1258 0.04058476 0.002634665 -0.1318 0.04058476 0.002559873 -0.1258 0.04071431 0.002559873 -0.1318 0.04071431 0.002478716 -0.1318 0.04083996 0.002478716 -0.1258 0.04083996 0.002391397 -0.1318 0.04096141 0.002298133 -0.1258 0.04107836 0.002298133 -0.1318 0.04107836 0.002199156 -0.1318 0.04119052 0.00209471 -0.1318 0.0412976 0.001985057 -0.1318 0.04139935 0.001870469 -0.1318 0.04149549 0.001751231 -0.1318 0.04158582 0.001627639 -0.1318 0.04167008 0.001627639 -0.1258 0.04167008 0.0015 -0.1318 0.04174808 0.0015 -0.1258 0.04174808 0.001368632 -0.1318 0.04181961 0.001368632 -0.1258 0.04181961 0.001233861 -0.1258 0.04188452 0.001233861 -0.1318 0.04188452 0.001096023 -0.1258 0.04194262 0.001096023 -0.1318 0.04194262 0.00095546 -0.1258 0.04199378 0.00095546 -0.1318 0.04199378 0.0008125214 -0.1318 0.04203787 0.0006675628 -0.1318 0.04207478 0.0006675628 -0.1258 0.04207478 0.0005209445 -0.1318 0.04210442 0.0003730311 -0.1318 0.04212672 0.0003730311 -0.1258 0.04212672 0.0002241903 -0.1318 0.04214161 7.479207e-05 -0.1318 0.04214907 -7.479207e-05 -0.1318 0.04214907 -7.479207e-05 -0.1258 0.04214907 -0.0002241903 -0.1318 0.04214161 -0.0002241903 -0.1258 0.04214161 -0.0003730311 -0.1318 0.04212672 -0.0003730311 -0.1258 0.04212672 -0.0005209445 -0.1318 0.04210442 -0.0006675628 -0.1318 0.04207478 -0.0008125214 -0.1318 0.04203787 -0.00095546 -0.1318 0.04199378 -0.001096023 -0.1318 0.04194262 -0.001096023 -0.1258 0.04194262 -0.001233861 -0.1318 0.04188452 -0.001368632 -0.1318 0.04181961 -0.0015 -0.1318 0.04174808 -0.0015 -0.1258 0.04174808 -0.001627639 -0.1318 0.04167008 -0.001751231 -0.1318 0.04158582 -0.001870469 -0.1318 0.04149549 -0.001985057 -0.1318 0.04139935 -0.00209471 -0.1318 0.0412976 -0.002199156 -0.1318 0.04119052 -0.002298133 -0.1318 0.04107836 -0.002391397 -0.1318 0.04096141 -0.002478716 -0.1318 0.04083996 -0.002478716 -0.1258 0.04083996 -0.002559873 -0.1318 0.04071431 -0.002634665 -0.1318 0.04058476 -0.002702907 -0.1318 0.04045165 -0.002702907 -0.1258 0.04045165 -0.002764429 -0.1318 0.0403153 -0.002819078 -0.1318 0.04017606 -0.002866719 -0.1318 0.04003427 -0.002907232 -0.1318 0.03989027 -0.002940517 -0.1318 0.03974444 -0.002940517 -0.1258 0.03974444 -0.002966492 -0.1258 0.03959713 -0.002966492 -0.1318 0.03959713 -0.002985092 -0.1318 0.0394487 -0.002996271 -0.1318 0.03929954 -0.003 -0.1318 0.03915 -0.003 -0.1258 0.03915 -0.005992541 -0.1318 0.03885093 -0.006 -0.1258 0.03915 -0.005992541 -0.1258 0.03885093 -0.006 -0.1318 0.03915 -0.005970185 -0.1318 0.03855259 -0.005970185 -0.1258 0.03855259 -0.005932985 -0.1258 0.03825574 -0.005932985 -0.1318 0.03825574 -0.005881035 -0.1318 0.03796112 -0.005881035 -0.1258 0.03796112 -0.005814464 -0.1258 0.03766946 -0.005814464 -0.1318 0.03766946 -0.005733437 -0.1258 0.03738147 -0.005733437 -0.1318 0.03738147 -0.005638156 -0.1318 0.03709788 -0.005638156 -0.1258 0.03709788 -0.005528857 -0.1318 0.03681939 -0.005528857 -0.1258 0.03681939 -0.005405813 -0.1258 0.0365467 -0.005405813 -0.1318 0.0365467 -0.00526933 -0.1318 0.03628048 -0.00526933 -0.1258 0.03628048 -0.005119745 -0.1318 0.03602139 -0.005119745 -0.1258 0.03602139 -0.004957433 -0.1318 0.03577008 -0.004957433 -0.1258 0.03577008 -0.004782795 -0.1318 0.03552717 -0.004782795 -0.1258 0.03552717 -0.004596267 -0.1318 0.03529327 -0.004596267 -0.1258 0.03529327 -0.004398311 -0.1318 0.03506896 -0.004398311 -0.1258 0.03506896 -0.004189421 -0.1318 0.0348548 -0.004189421 -0.1258 0.0348548 -0.003970115 -0.1318 0.03465131 -0.003970115 -0.1258 0.03465131 -0.003740939 -0.1318 0.03445901 -0.003740939 -0.1258 0.03445901 -0.003502462 -0.1318 0.03427837 -0.003502462 -0.1258 0.03427837 -0.003255278 -0.1318 0.03410984 -0.003255278 -0.1258 0.03410984 -0.003 -0.1258 0.03395385 -0.003 -0.1318 0.03395385 -0.002737264 -0.1318 0.03381077 -0.002737264 -0.1258 0.03381077 -0.002467723 -0.1258 0.03368097 -0.002467723 -0.1318 0.03368097 -0.002192046 -0.1318 0.03356476 -0.002192046 -0.1258 0.03356476 -0.00191092 -0.1258 0.03346244 -0.00191092 -0.1318 0.03346244 -0.001625043 -0.1318 0.03337426 -0.001625043 -0.1258 0.03337426 -0.001335126 -0.1318 0.03330043 -0.001335126 -0.1258 0.03330043 -0.001041889 -0.1258 0.03324115 -0.001041889 -0.1318 0.03324115 -0.0007460622 -0.1258 0.03319656 -0.0007460622 -0.1318 0.03319656 -0.0004483806 -0.1318 0.03316678 -0.0004483806 -0.1258 0.03316678 -0.0001495841 -0.1258 0.03315186 -0.0001495841 -0.1318 0.03315186 0.0001495841 -0.1318 0.03315186 0.0001495841 -0.1258 0.03315186 0.0004483806 -0.1258 0.03316678 0.0004483806 -0.1318 0.03316678 0.0007460622 -0.1318 0.03319656 0.0007460622 -0.1258 0.03319656 0.001041889 -0.1258 0.03324115 0.001041889 -0.1318 0.03324115 0.001335126 -0.1318 0.03330043 0.001335126 -0.1258 0.03330043 0.001625043 -0.1318 0.03337426 0.001625043 -0.1258 0.03337426 0.00191092 -0.1318 0.03346244 0.00191092 -0.1258 0.03346244 0.002192046 -0.1318 0.03356476 0.002192046 -0.1258 0.03356476 0.002467723 -0.1318 0.03368097 0.002467723 -0.1258 0.03368097 0.002737264 -0.1258 0.03381077 0.002737264 -0.1318 0.03381077 0.003 -0.1318 0.03395385 0.003 -0.1258 0.03395385 0.003255278 -0.1318 0.03410984 0.003255278 -0.1258 0.03410984 0.003502462 -0.1318 0.03427837 0.003502462 -0.1258 0.03427837 0.003740939 -0.1318 0.03445901 0.003740939 -0.1258 0.03445901 0.003970115 -0.1318 0.03465131 0.003970115 -0.1258 0.03465131 0.004189421 -0.1318 0.0348548 0.004189421 -0.1258 0.0348548 0.004398311 -0.1318 0.03506896 0.004398311 -0.1258 0.03506896 0.004596267 -0.1318 0.03529327 0.004596267 -0.1258 0.03529327 0.004782795 -0.1318 0.03552717 0.004782795 -0.1258 0.03552717 0.004957433 -0.1318 0.03577008 0.004957433 -0.1258 0.03577008 0.005119745 -0.1318 0.03602139 0.005119745 -0.1258 0.03602139 0.00526933 -0.1318 0.03628048 0.00526933 -0.1258 0.03628048 0.005405813 -0.1318 0.0365467 0.005405813 -0.1258 0.0365467 0.005528857 -0.1318 0.03681939 0.005528857 -0.1258 0.03681939 0.005638156 -0.1318 0.03709788 0.005638156 -0.1258 0.03709788 0.005733437 -0.1318 0.03738147 0.005733437 -0.1258 0.03738147 0.005814464 -0.1318 0.03766946 0.005814464 -0.1258 0.03766946 0.005881035 -0.1318 0.03796112 0.005881035 -0.1258 0.03796112 0.005932985 -0.1318 0.03825574 0.005932985 -0.1258 0.03825574 0.005970185 -0.1318 0.03855259 0.005970185 -0.1258 0.03855259 0.005992541 -0.1318 0.03885093 0.005992541 -0.1258 0.03885093 0.006 -0.1318 0.03915 0.006 -0.1258 0.03915 0.004398311 -0.1258 0.04323104 0.004189421 -0.1258 0.0434452 0.003970115 -0.1258 0.04364869 0.004782795 -0.1258 0.04277283 0.004596267 -0.1258 0.04300673 0.003740939 -0.1258 0.04384099 0.004957433 -0.1258 0.04252992 0.003502462 -0.1258 0.04402163 0.003255278 -0.1258 0.04419016 0.00526933 -0.1258 0.04201952 0.005119745 -0.1258 0.04227861 0.003 -0.1258 0.04434615 0.005405813 -0.1258 0.0417533 0.002737264 -0.1258 0.04448923 0.005528857 -0.1258 0.04148061 0.002467723 -0.1258 0.04461903 0.002192046 -0.1258 0.04473524 0.005638156 -0.1258 0.04120212 0.00191092 -0.1258 0.04483756 0.005814464 -0.1258 0.04063054 0.005733437 -0.1258 0.04091853 0.001625043 -0.1258 0.04492575 0.001335126 -0.1258 0.04499957 0.005932985 -0.1258 0.04004425 0.005881035 -0.1258 0.04033888 0.001041889 -0.1258 0.04505885 0.005970185 -0.1258 0.03974741 0.0007460622 -0.1258 0.04510344 0.0004483806 -0.1258 0.04513322 0.005992541 -0.1258 0.03944907 0.0001495841 -0.1258 0.04514814 -0.0001495841 -0.1258 0.04514814 -0.0004483806 -0.1258 0.04513322 0.002985092 -0.1258 0.0388513 -0.0007460622 -0.1258 0.04510344 0.002966492 -0.1258 0.03870287 -0.001041889 -0.1258 0.04505885 -0.001335126 -0.1258 0.04499957 0.002907232 -0.1258 0.03840973 -0.001625043 -0.1258 0.04492575 -0.00191092 -0.1258 0.04483756 -0.002192046 -0.1258 0.04473524 0.002764429 -0.1258 0.0379847 -0.002467723 -0.1258 0.04461903 0.002702907 -0.1258 0.03784835 -0.002737264 -0.1258 0.04448923 0.002634665 -0.1258 0.03771524 -0.003 -0.1258 0.04434615 0.002559873 -0.1258 0.03758569 -0.003255278 -0.1258 0.04419016 0.002478716 -0.1258 0.03746004 -0.003502462 -0.1258 0.04402163 -0.003740939 -0.1258 0.04384099 0.002298133 -0.1258 0.03722164 -0.003970115 -0.1258 0.04364869 0.002199156 -0.1258 0.03710948 -0.004189421 -0.1258 0.0434452 0.00209471 -0.1258 0.0370024 0.001985057 -0.1258 0.03690066 -0.004398311 -0.1258 0.04323104 -0.004596267 -0.1258 0.04300673 0.001870469 -0.1258 0.0368045 -0.004782795 -0.1258 0.04277283 0.001751231 -0.1258 0.03671419 -0.004957433 -0.1258 0.04252992 0.001627639 -0.1258 0.03662992 -0.005119745 -0.1258 0.04227861 -0.00526933 -0.1258 0.04201952 -0.005405813 -0.1258 0.0417533 -0.005528857 -0.1258 0.04148061 0.00095546 -0.1258 0.03630622 -0.005638156 -0.1258 0.04120212 -0.005733437 -0.1258 0.04091853 -0.005814464 -0.1258 0.04063054 -0.005881035 -0.1258 0.04033888 0.0003730311 -0.1258 0.03617328 -0.005932985 -0.1258 0.04004425 -0.005970185 -0.1258 0.03974741 -0.005992541 -0.1258 0.03944907 -0.002996271 -0.1258 0.03900046 -0.002985092 -0.1258 0.0388513 -0.0003730311 -0.1258 0.03617328 -0.002907232 -0.1258 0.03840973 -0.0008125214 -0.1258 0.03626213 -0.002866719 -0.1258 0.03826574 -0.001233861 -0.1258 0.03641548 -0.001368632 -0.1258 0.03648038 -0.0015 -0.1258 0.03655193 -0.002634665 -0.1258 0.03771524 -0.002478716 -0.1258 0.03746004 -0.001627639 -0.1258 0.03662992 -0.001870469 -0.1258 0.0368045 -0.002199156 -0.1258 0.03710948 0.004398311 -0.1318 0.04323104 0.004189421 -0.1318 0.0434452 0.003970115 -0.1318 0.04364869 0.004782795 -0.1318 0.04277283 0.004596267 -0.1318 0.04300673 0.003740939 -0.1318 0.04384099 0.004957433 -0.1318 0.04252992 0.003502462 -0.1318 0.04402163 0.005119745 -0.1318 0.04227861 0.003255278 -0.1318 0.04419016 0.00526933 -0.1318 0.04201952 0.003 -0.1318 0.04434615 0.005405813 -0.1318 0.0417533 0.002737264 -0.1318 0.04448923 0.005528857 -0.1318 0.04148061 0.002467723 -0.1318 0.04461903 0.005638156 -0.1318 0.04120212 0.002192046 -0.1318 0.04473524 0.005733437 -0.1318 0.04091853 0.00191092 -0.1318 0.04483756 0.005814464 -0.1318 0.04063054 0.001625043 -0.1318 0.04492575 0.001335126 -0.1318 0.04499957 0.005881035 -0.1318 0.04033888 0.001041889 -0.1318 0.04505885 0.005970185 -0.1318 0.03974741 0.005932985 -0.1318 0.04004425 0.0007460622 -0.1318 0.04510344 0.0004483806 -0.1318 0.04513322 0.005992541 -0.1318 0.03944907 0.0001495841 -0.1318 0.04514814 -0.0001495841 -0.1318 0.04514814 0.002996271 -0.1318 0.03900046 -0.0004483806 -0.1318 0.04513322 0.002985092 -0.1318 0.0388513 -0.0007460622 -0.1318 0.04510344 0.002966492 -0.1318 0.03870287 -0.001041889 -0.1318 0.04505885 0.002940517 -0.1318 0.03855556 -0.001335126 -0.1318 0.04499957 0.002907232 -0.1318 0.03840973 -0.001625043 -0.1318 0.04492575 0.002866719 -0.1318 0.03826574 -0.00191092 -0.1318 0.04483756 0.002819078 -0.1318 0.03812394 -0.002192046 -0.1318 0.04473524 0.002764429 -0.1318 0.0379847 -0.002467723 -0.1318 0.04461903 0.002702907 -0.1318 0.03784835 -0.002737264 -0.1318 0.04448923 0.002634665 -0.1318 0.03771524 -0.003 -0.1318 0.04434615 0.002559873 -0.1318 0.03758569 -0.003255278 -0.1318 0.04419016 0.002478716 -0.1318 0.03746004 -0.003502462 -0.1318 0.04402163 0.002391397 -0.1318 0.03733858 -0.003740939 -0.1318 0.04384099 0.002298133 -0.1318 0.03722164 -0.003970115 -0.1318 0.04364869 0.002199156 -0.1318 0.03710948 -0.004189421 -0.1318 0.0434452 0.00209471 -0.1318 0.0370024 -0.004398311 -0.1318 0.04323104 0.001985057 -0.1318 0.03690066 -0.004596267 -0.1318 0.04300673 0.001870469 -0.1318 0.0368045 -0.004782795 -0.1318 0.04277283 0.001751231 -0.1318 0.03671419 -0.004957433 -0.1318 0.04252992 0.001627639 -0.1318 0.03662992 -0.005119745 -0.1318 0.04227861 0.0015 -0.1318 0.03655193 -0.00526933 -0.1318 0.04201952 0.001368632 -0.1318 0.03648038 -0.005405813 -0.1318 0.0417533 0.001233861 -0.1318 0.03641548 -0.005528857 -0.1318 0.04148061 0.001096023 -0.1318 0.03635738 0.00095546 -0.1318 0.03630622 -0.005638156 -0.1318 0.04120212 0.0008125214 -0.1318 0.03626213 -0.005733437 -0.1318 0.04091853 0.0006675628 -0.1318 0.03622522 -0.005814464 -0.1318 0.04063054 -0.005881035 -0.1318 0.04033888 0.0005209445 -0.1318 0.03619558 0.0003730311 -0.1318 0.03617328 -0.005932985 -0.1318 0.04004425 0.0002241903 -0.1318 0.03615839 -0.005970185 -0.1318 0.03974741 -0.005992541 -0.1318 0.03944907 7.479207e-05 -0.1318 0.03615093 -0.002996271 -0.1318 0.03900046 -7.479207e-05 -0.1318 0.03615093 -0.0002241903 -0.1318 0.03615839 -0.002985092 -0.1318 0.0388513 -0.0003730311 -0.1318 0.03617328 -0.002966492 -0.1318 0.03870287 -0.0005209445 -0.1318 0.03619558 -0.002940517 -0.1318 0.03855556 -0.0006675628 -0.1318 0.03622522 -0.002866719 -0.1318 0.03826574 -0.002907232 -0.1318 0.03840973 -0.0008125214 -0.1318 0.03626213 -0.002819078 -0.1318 0.03812394 -0.00095546 -0.1318 0.03630622 -0.001096023 -0.1318 0.03635738 -0.001233861 -0.1318 0.03641548 -0.002764429 -0.1318 0.0379847 -0.002702907 -0.1318 0.03784835 -0.001368632 -0.1318 0.03648038 -0.002559873 -0.1318 0.03758569 -0.002634665 -0.1318 0.03771524 -0.0015 -0.1318 0.03655193 -0.002478716 -0.1318 0.03746004 -0.001627639 -0.1318 0.03662992 -0.002391397 -0.1318 0.03733858 -0.001751231 -0.1318 0.03671419 -0.001870469 -0.1318 0.0368045 -0.002298133 -0.1318 0.03722164 -0.001985057 -0.1318 0.03690066 -0.002199156 -0.1318 0.03710948 -0.00209471 -0.1318 0.0370024 -0.002996329 -0.1343 0.03900164 -0.003 -0.1343 0.03915 -0.002985326 -0.1343 0.03885364 -0.002967016 -0.1343 0.03870636 -0.002966492 -0.1258 0.03870287 -0.002941446 -0.1343 0.03856017 -0.002940517 -0.1258 0.03855556 -0.002908677 -0.1343 0.03841543 -0.00286879 -0.1343 0.03827248 -0.002821882 -0.1343 0.03813168 -0.002819078 -0.1258 0.03812394 -0.002768069 -0.1343 0.03799337 -0.002764429 -0.1258 0.0379847 -0.002707481 -0.1343 0.03785789 -0.002702907 -0.1258 0.03784835 -0.002640268 -0.1343 0.03772557 -0.002566593 -0.1343 0.03759674 -0.002559873 -0.1258 0.03758569 -0.002486637 -0.1343 0.03747172 -0.002400596 -0.1343 0.0373508 -0.002391397 -0.1258 0.03733858 -0.00230868 -0.1343 0.03723428 -0.002298133 -0.1258 0.03722164 -0.002211113 -0.1343 0.03712244 -0.002108136 -0.1343 0.03701558 -0.00209471 -0.1258 0.0370024 -0.002 -0.1343 0.03691393 -0.001985057 -0.1258 0.03690066 -0.001888199 -0.1463 0.03681876 -0.002 -0.1463 0.03691393 -0.001771875 -0.1463 0.03672916 -0.001751231 -0.1258 0.03671419 -0.001651306 -0.1463 0.03664537 -0.001526783 -0.1463 0.03656757 -0.001398601 -0.1463 0.03649596 -0.00126707 -0.1463 0.03643071 -0.001132504 -0.1463 0.03637197 -0.001096023 -0.1258 0.03635738 -0.0009952248 -0.1463 0.03631989 -0.00095546 -0.1258 0.03630622 -0.0008555618 -0.1463 0.03627459 -0.0007138494 -0.1463 0.03623617 -0.0006675628 -0.1258 0.03622522 -0.0005704271 -0.1463 0.03620473 -0.0005209445 -0.1258 0.03619558 -0.0004256384 -0.1463 0.03618035 -0.0002798302 -0.1463 0.03616308 -0.0002241903 -0.1258 0.03615839 -0.0001333517 -0.1463 0.03615297 -7.479207e-05 -0.1258 0.03615093 1.34463e-05 -0.1463 0.03615003 7.479207e-05 -0.1258 0.03615093 0.0001602121 -0.1463 0.03615428 0.0002241903 -0.1258 0.03615839 0.000306594 -0.1463 0.03616571 0.0004522416 -0.1463 0.03618428 0.0005209445 -0.1258 0.03619558 0.0005968059 -0.1463 0.03620996 0.0006675628 -0.1258 0.03622522 0.0007399406 -0.1463 0.03624268 0.0008125214 -0.1258 0.03626213 0.000881303 -0.1463 0.03628237 0.001020554 -0.1463 0.03632892 0.001096023 -0.1258 0.03635738 0.001157361 -0.1463 0.03638224 0.001233861 -0.1258 0.03641548 0.001291395 -0.1463 0.03644218 0.001368632 -0.1258 0.03648038 0.001422336 -0.1463 0.03650861 0.0015 -0.1258 0.03655193 0.00154987 -0.1463 0.03658136 0.001673692 -0.1463 0.03666027 0.001793504 -0.1463 0.03674514 0.001909021 -0.1463 0.03683577 0.002019964 -0.1463 0.03693195 0.002126069 -0.1463 0.03703344 0.002227081 -0.1463 0.03714 0.002322759 -0.1463 0.03725137 0.002391397 -0.1258 0.03733858 0.002412873 -0.1463 0.03736729 0.002497207 -0.1463 0.03748748 0.002575559 -0.1463 0.03761166 0.002647742 -0.1463 0.03773952 0.002713583 -0.1463 0.03787075 0.002772923 -0.1463 0.03800505 0.002819078 -0.1258 0.03812394 0.002825622 -0.1463 0.0381421 0.002866719 -0.1258 0.03826574 0.002871552 -0.1463 0.03828156 0.002910604 -0.1463 0.0384231 0.002940517 -0.1258 0.03855556 0.002942683 -0.1463 0.03856638 0.002967714 -0.1463 0.03871106 0.002985636 -0.1463 0.03885678 0.002996271 -0.1258 0.03900046 0.002996407 -0.1463 0.03900322 0.003 -0.1463 0.03915 0.002391397 -0.1258 0.04096141 0.001751231 -0.1258 0.04158582 0.002702907 -0.1258 0.04045165 0.002764429 -0.1258 0.0403153 0.002199156 -0.1258 0.04119052 0.002819078 -0.1258 0.04017606 0.002866719 -0.1258 0.04003427 0.0008125214 -0.1258 0.04203787 0.0005209445 -0.1258 0.04210442 0.0002241903 -0.1258 0.04214161 7.479207e-05 -0.1258 0.04214907 0.002996271 -0.1258 0.03929954 0.002966492 -0.1258 0.03959713 0.00209471 -0.1258 0.0412976 0.001985057 -0.1258 0.04139935 0.001870469 -0.1258 0.04149549 -0.00095546 -0.1258 0.04199378 -0.0005209445 -0.1258 0.04210442 -0.0006675628 -0.1258 0.04207478 -0.0008125214 -0.1258 0.04203787 -0.001368632 -0.1258 0.04181961 -0.001233861 -0.1258 0.04188452 -0.001751231 -0.1258 0.04158582 -0.001627639 -0.1258 0.04167008 -0.002199156 -0.1258 0.04119052 -0.001870469 -0.1258 0.04149549 -0.001985057 -0.1258 0.04139935 -0.00209471 -0.1258 0.0412976 -0.002391397 -0.1258 0.04096141 -0.002298133 -0.1258 0.04107836 -0.002559873 -0.1258 0.04071431 -0.002634665 -0.1258 0.04058476 -0.002764429 -0.1258 0.0403153 -0.002907232 -0.1258 0.03989027 -0.002819078 -0.1258 0.04017606 -0.002866719 -0.1258 0.04003427 -0.002996271 -0.1258 0.03929954 -0.002985092 -0.1258 0.0394487 0.002412873 -0.1463 0.04093271 0.002322759 -0.1463 0.04104863 0.002227081 -0.1463 0.04116 0.001673692 -0.1463 0.04163973 0.002126069 -0.1463 0.04126656 0.002019964 -0.1463 0.04136805 0.001909021 -0.1463 0.04146423 0.001793504 -0.1463 0.04155486 0.001157361 -0.1463 0.04191776 0.00154987 -0.1463 0.04171864 0.001422336 -0.1463 0.04179139 0.001291395 -0.1463 0.04185782 0.002772923 -0.1463 0.04029494 0.002713583 -0.1463 0.04042924 0.002647742 -0.1463 0.04056048 0.002575559 -0.1463 0.04068834 0.002497207 -0.1463 0.04081252 0.001020554 -0.1463 0.04197108 0.002871552 -0.1463 0.04001844 0.002825622 -0.1463 0.0401579 0.002942683 -0.1463 0.03973362 0.002910604 -0.1463 0.0398769 0.0004522416 -0.1463 0.04211572 0.0007399406 -0.1463 0.04205732 0.0005968059 -0.1463 0.04209004 0.000306594 -0.1463 0.04213429 -0.0001333517 -0.1463 0.04214703 0.000881303 -0.1463 0.04201763 0.0001602121 -0.1463 0.04214572 1.34463e-05 -0.1463 0.04214997 0.002996407 -0.1463 0.03929678 0.002985636 -0.1463 0.03944321 0.002967714 -0.1463 0.03958894 -0.0004256384 -0.1463 0.04211965 -0.0002798302 -0.1463 0.04213692 -0.0008555618 -0.1463 0.04202542 -0.0005704271 -0.1463 0.04209527 -0.0007138494 -0.1463 0.04206383 -0.00126707 -0.1463 0.04186929 -0.0009952248 -0.1463 0.04198011 -0.001132504 -0.1463 0.04192803 -0.001398601 -0.1463 0.04180404 -0.001651306 -0.1463 0.04165463 -0.001526783 -0.1463 0.04173243 -0.002 -0.1463 0.04138607 -0.001771875 -0.1463 0.04157084 -0.001888199 -0.1463 0.04148125 -0.002 -0.1343 0.04138607 -0.002108136 -0.1343 0.04128442 -0.002211113 -0.1343 0.04117756 -0.00230868 -0.1343 0.04106572 -0.002400596 -0.1343 0.04094921 -0.002486637 -0.1343 0.04082829 -0.002566593 -0.1343 0.04070325 -0.002640268 -0.1343 0.04057442 -0.002707481 -0.1343 0.04044211 -0.002768069 -0.1343 0.04030663 -0.002821882 -0.1343 0.04016832 -0.00286879 -0.1343 0.04002752 -0.002908677 -0.1343 0.03988457 -0.002941446 -0.1343 0.03973983 -0.002967016 -0.1343 0.03959364 -0.002985326 -0.1343 0.03944637 -0.002996329 -0.1343 0.03929836 -0.01697887 -0.0568 0.04699738 -0.017 -0.0718 0.04615 -0.01697887 -0.0718 0.04699738 -0.017 -0.0568 0.04615 -0.01691552 -0.0568 0.04784266 -0.01691552 -0.0718 0.04784266 -0.01681012 -0.0568 0.04868372 -0.01681012 -0.0718 0.04868372 -0.01666293 -0.0718 0.04951849 -0.01666293 -0.0568 0.04951849 -0.01647431 -0.0718 0.05034488 -0.01647431 -0.0568 0.05034488 -0.01624474 -0.0568 0.05116084 -0.01624474 -0.0718 0.05116084 -0.01597477 -0.0568 0.05196434 -0.01597477 -0.0718 0.05196434 -0.0156651 -0.0568 0.05275339 -0.0156651 -0.0718 0.05275339 -0.01531647 -0.0568 0.05352602 -0.01531647 -0.0718 0.05352602 -0.01492977 -0.0718 0.05428032 -0.01492977 -0.0568 0.05428032 -0.01450595 -0.0568 0.0550144 -0.01450595 -0.0718 0.0550144 -0.01404606 -0.0568 0.05572644 -0.01404606 -0.0718 0.05572644 -0.01355125 -0.0718 0.05641468 -0.01355125 -0.0568 0.05641468 -0.01302276 -0.0568 0.05707739 -0.01302276 -0.0718 0.05707739 -0.01246188 -0.0568 0.05771294 -0.01246188 -0.0718 0.05771294 -0.01187003 -0.0718 0.05831974 -0.01187003 -0.0568 0.05831974 -0.01124866 -0.0568 0.05889628 -0.01124866 -0.0718 0.05889628 -0.01059933 -0.0568 0.05944114 -0.01059933 -0.0718 0.05944114 -0.009923642 -0.0568 0.05995295 -0.009923642 -0.0718 0.05995295 -0.009223287 -0.0568 0.06043044 -0.009223287 -0.0718 0.06043044 -0.0085 -0.0568 0.06087243 -0.0085 -0.0718 0.06087243 -0.007755581 -0.0718 0.06127782 -0.007755581 -0.0568 0.06127782 -0.006991881 -0.0568 0.0616456 -0.006991881 -0.0718 0.0616456 -0.006210797 -0.0568 0.06197485 -0.006210797 -0.0718 0.06197485 -0.005414273 -0.0568 0.06226477 -0.005414273 -0.0718 0.06226477 -0.004604288 -0.0718 0.06251461 -0.004604288 -0.0568 0.06251461 -0.003782856 -0.0568 0.06272377 -0.003782856 -0.0718 0.06272377 -0.002952019 -0.0718 0.06289173 -0.002952019 -0.0568 0.06289173 -0.002113843 -0.0568 0.06301807 -0.002113843 -0.0718 0.06301807 -0.001270412 -0.0568 0.06310246 -0.001270412 -0.0718 0.06310246 -0.0004238217 -0.0568 0.06314471 -0.0004238217 -0.0718 0.06314471 0.0004238217 -0.0568 0.06314471 0.0004238217 -0.0718 0.06314471 0.001270412 -0.0568 0.06310246 0.001270412 -0.0718 0.06310246 0.002113843 -0.0568 0.06301807 0.002113843 -0.0718 0.06301807 0.002952019 -0.0568 0.06289173 0.002952019 -0.0718 0.06289173 0.003782856 -0.0568 0.06272377 0.003782856 -0.0718 0.06272377 0.004604288 -0.0568 0.06251461 0.004604288 -0.0718 0.06251461 0.005414273 -0.0568 0.06226477 0.005414273 -0.0718 0.06226477 0.006210797 -0.0568 0.06197485 0.006210797 -0.0718 0.06197485 0.006991881 -0.0568 0.0616456 0.006991881 -0.0718 0.0616456 0.007755581 -0.0568 0.06127782 0.007755581 -0.0718 0.06127782 0.0085 -0.0568 0.06087243 0.0085 -0.0718 0.06087243 0.009223287 -0.0718 0.06043044 0.009223287 -0.0568 0.06043044 0.009923642 -0.0568 0.05995295 0.009923642 -0.0718 0.05995295 0.01059933 -0.0568 0.05944114 0.01059933 -0.0718 0.05944114 0.01124866 -0.0718 0.05889628 0.01124866 -0.0568 0.05889628 0.01187003 -0.0568 0.05831974 0.01187003 -0.0718 0.05831974 0.01246188 -0.0568 0.05771294 0.01246188 -0.0718 0.05771294 0.01302276 -0.0568 0.05707739 0.01302276 -0.0718 0.05707739 0.01355125 -0.0718 0.05641468 0.01355125 -0.0568 0.05641468 0.01404606 -0.0568 0.05572644 0.01404606 -0.0718 0.05572644 0.01450595 -0.0568 0.0550144 0.01450595 -0.0718 0.0550144 0.01492977 -0.0718 0.05428032 0.01492977 -0.0568 0.05428032 0.01531647 -0.0568 0.05352602 0.01531647 -0.0718 0.05352602 0.0156651 -0.0568 0.05275339 0.0156651 -0.0718 0.05275339 0.01597477 -0.0718 0.05196434 0.01597477 -0.0568 0.05196434 0.01624474 -0.0718 0.05116084 0.01624474 -0.0568 0.05116084 0.01647431 -0.0568 0.05034488 0.01647431 -0.0718 0.05034488 0.01666293 -0.0568 0.04951849 0.01666293 -0.0718 0.04951849 0.01681012 -0.0718 0.04868372 0.01681012 -0.0568 0.04868372 0.01691552 -0.0568 0.04784266 0.01691552 -0.0718 0.04784266 0.01697887 -0.0568 0.04699738 0.01697887 -0.0718 0.04699738 0.017 -0.0568 0.04615 0.017 -0.0718 0.04615 -0.01059933 -0.0718 0.03285886 -0.009923642 -0.0718 0.03234705 -0.01124866 -0.0718 0.03340372 -0.01187003 -0.0718 0.03398026 -0.01404606 -0.0718 0.03657356 -0.01246188 -0.0718 0.03458706 -0.01302276 -0.0718 0.03522261 -0.01355125 -0.0718 0.03588533 -0.0156651 -0.0718 0.03954661 -0.01450595 -0.0718 0.0372856 -0.01492977 -0.0718 0.03801968 -0.01531647 -0.0718 0.03877398 -0.006991881 -0.0718 0.0306544 -0.006210797 -0.0718 0.03032515 -0.007755581 -0.0718 0.03102218 -0.0085 -0.0718 0.03142757 -0.009223287 -0.0718 0.03186956 -0.005414273 -0.0718 0.03003523 -0.004604288 -0.0718 0.02978539 -0.01597477 -0.0718 0.04033566 -0.01647431 -0.0718 0.04195512 -0.01624474 -0.0718 0.04113916 -0.003782856 -0.0718 0.02957623 -0.01666293 -0.0718 0.04278152 -0.01697887 -0.0718 0.04530262 -0.01681012 -0.0718 0.04361628 -0.01691552 -0.0718 0.04445735 0.0004238217 -0.0718 0.02915528 0.001270412 -0.0718 0.02919753 -0.0004238217 -0.0718 0.02915528 -0.001270412 -0.0718 0.02919753 -0.002113843 -0.0718 0.02928193 -0.002952019 -0.0718 0.02940827 0.002952019 -0.0718 0.02940827 0.003782856 -0.0718 0.02957623 0.002113843 -0.0718 0.02928193 0.005414273 -0.0718 0.03003523 0.006210797 -0.0718 0.03032515 0.004604288 -0.0718 0.02978539 0.006991881 -0.0718 0.0306544 0.007755581 -0.0718 0.03102218 0.0085 -0.0718 0.03142757 0.009223287 -0.0718 0.03186956 0.009923642 -0.0718 0.03234705 0.01059933 -0.0718 0.03285886 0.01124866 -0.0718 0.03340372 0.01187003 -0.0718 0.03398026 0.01246188 -0.0718 0.03458706 0.01302276 -0.0718 0.03522261 0.01450595 -0.0718 0.0372856 0.01492977 -0.0718 0.03801968 0.01404606 -0.0718 0.03657356 0.01355125 -0.0718 0.03588533 0.01531647 -0.0718 0.03877398 0.0156651 -0.0718 0.03954661 0.01624474 -0.0718 0.04113916 0.01647431 -0.0718 0.04195512 0.01597477 -0.0718 0.04033566 0.01691552 -0.0718 0.04445735 0.01697887 -0.0718 0.04530262 0.01681012 -0.0718 0.04361628 0.01666293 -0.0718 0.04278152 -0.009923642 -0.0568 0.03234705 -0.01059933 -0.0568 0.03285886 -0.01124866 -0.0568 0.03340372 -0.01187003 -0.0568 0.03398026 -0.01404606 -0.0568 0.03657356 -0.01246188 -0.0568 0.03458706 -0.01302276 -0.0568 0.03522261 -0.01355125 -0.0568 0.03588533 -0.0156651 -0.0568 0.03954661 -0.01450595 -0.0568 0.0372856 -0.01492977 -0.0568 0.03801968 -0.01531647 -0.0568 0.03877398 -0.006210797 -0.0568 0.03032515 -0.006991881 -0.0568 0.0306544 -0.007755581 -0.0568 0.03102218 -0.0085 -0.0568 0.03142757 -0.009223287 -0.0568 0.03186956 -0.004604288 -0.0568 0.02978539 -0.005414273 -0.0568 0.03003523 -0.01647431 -0.0568 0.04195512 -0.01597477 -0.0568 0.04033566 -0.01624474 -0.0568 0.04113916 -0.003782856 -0.0568 0.02957623 -0.01666293 -0.0568 0.04278152 -0.01697887 -0.0568 0.04530262 -0.01681012 -0.0568 0.04361628 -0.01691552 -0.0568 0.04445735 0.001270412 -0.0568 0.02919753 0.0004238217 -0.0568 0.02915528 -0.0004238217 -0.0568 0.02915528 -0.001270412 -0.0568 0.02919753 -0.002113843 -0.0568 0.02928193 -0.002952019 -0.0568 0.02940827 0.003782856 -0.0568 0.02957623 0.002952019 -0.0568 0.02940827 0.002113843 -0.0568 0.02928193 0.006210797 -0.0568 0.03032515 0.005414273 -0.0568 0.03003523 0.004604288 -0.0568 0.02978539 0.007755581 -0.0568 0.03102218 0.006991881 -0.0568 0.0306544 0.0085 -0.0568 0.03142757 0.009223287 -0.0568 0.03186956 0.009923642 -0.0568 0.03234705 0.01059933 -0.0568 0.03285886 0.01187003 -0.0568 0.03398026 0.01124866 -0.0568 0.03340372 0.01246188 -0.0568 0.03458706 0.01302276 -0.0568 0.03522261 0.01492977 -0.0568 0.03801968 0.01450595 -0.0568 0.0372856 0.01404606 -0.0568 0.03657356 0.01355125 -0.0568 0.03588533 0.0156651 -0.0568 0.03954661 0.01531647 -0.0568 0.03877398 0.01647431 -0.0568 0.04195512 0.01624474 -0.0568 0.04113916 0.01597477 -0.0568 0.04033566 0.01697887 -0.0568 0.04530262 0.01691552 -0.0568 0.04445735 0.01681012 -0.0568 0.04361628 0.01666293 -0.0568 0.04278152</float_array>
          <technique_common>
            <accessor count="2542" source="#cubeverts-array0-array" stride="3">
              <param type="float" name="X"/>
              <param type="float" name="Y"/>
              <param type="float" name="Z"/>
            </accessor>
          </technique_common>
        </source>
        <source id="cubenormals-array0">
          <float_array count="14571" id="cubenormals-array0-array">-0.9996892 0 0.02493118 -0.9996892 0 0.02493118 -0.9972038 0 0.07473134 -0.9972038 0 0.07473134 -0.9922394 0 0.1243424 -0.9922394 0 0.1243424 -0.9848076 0 0.1736489 -0.9848076 0 0.1736489 -0.9749278 0 0.2225215 -0.9749278 0 0.2225215 -0.9626243 0 0.2708404 -0.9479278 0 0.3184853 -0.9626243 0 0.2708404 -0.9308735 0 0.3653418 -0.9479278 0 0.3184853 -0.9115062 0 0.4112863 -0.9308735 0 0.3653418 -0.8898719 0 0.4562106 -0.9115062 0 0.4112863 -0.8660254 0 0.4999999 -0.8898719 0 0.4562106 -0.8400248 0 0.542548 -0.8660254 0 0.4999999 -0.8119382 0 0.5837433 -0.8400248 0 0.542548 -0.7818325 0 0.6234886 -0.8119382 0 0.5837433 -0.7497812 0 0.6616859 -0.7818325 0 0.6234886 -0.7158661 0 0.6982375 -0.7497812 0 0.6616859 -0.6801738 0 0.7330508 -0.7158661 0 0.6982375 -0.6801738 0 0.7330508 -0.6427855 0 0.7660462 -0.6427855 0 0.7660462 -0.6038053 0 0.7971318 -0.6038053 0 0.7971318 -0.5633202 0 0.8262386 -0.5633202 0 0.8262386 -0.5214339 0 0.8532916 -0.5214339 0 0.8532916 -0.4782555 0 0.8782208 -0.4782555 0 0.8782208 -0.433883 0 0.9009693 -0.433883 0 0.9009693 -0.3884368 0 0.9214754 -0.3884368 0 0.9214754 -0.3420181 0 0.9396935 -0.3420181 0 0.9396935 -0.294757 0 0.9555722 -0.2467545 0 0.9690779 -0.294757 0 0.9555722 -0.2467545 0 0.9690779 -0.1490444 0 0.9888305 -0.1981462 0 0.9801725 -0.1981462 0 0.9801725 -0.09956905 0 0.9950306 -0.1490444 0 0.9888305 -0.04984458 0 0.998757 -0.09956905 0 0.9950306 0 0 1 -0.04984458 0 0.998757 0.04984458 0 0.998757 0 0 1 0.09956905 0 0.9950306 0.04984458 0 0.998757 0.1490444 0 0.9888305 0.09956905 0 0.9950306 0.1490444 0 0.9888305 0.1981462 0 0.9801725 0.1981462 0 0.9801725 0.294757 0 0.9555722 0.2467545 0 0.9690779 0.2467545 0 0.9690779 0.294757 0 0.9555722 0.3420181 0 0.9396935 0.3420181 0 0.9396935 0.433883 0 0.9009693 0.3884368 0 0.9214754 0.3884368 0 0.9214754 0.433883 0 0.9009693 0.4782555 0 0.8782208 0.4782555 0 0.8782208 0.5214339 0 0.8532916 0.5633202 0 0.8262386 0.5214339 0 0.8532916 0.5633202 0 0.8262386 0.6038053 0 0.7971318 0.6038053 0 0.7971318 0.6427855 0 0.7660462 0.6801738 0 0.7330508 0.6427855 0 0.7660462 0.6801738 0 0.7330508 0.7497812 0 0.6616859 0.7158661 0 0.6982375 0.7158661 0 0.6982375 0.7818325 0 0.6234886 0.7497812 0 0.6616859 0.8119382 0 0.5837433 0.7818325 0 0.6234886 0.8119382 0 0.5837433 0.8660254 0 0.4999999 0.8400248 0 0.542548 0.8400248 0 0.542548 0.8898719 0 0.4562106 0.8660254 0 0.4999999 0.8898719 0 0.4562106 0.9308735 0 0.3653418 0.9115062 0 0.4112863 0.9115062 0 0.4112863 0.9479278 0 0.3184853 0.9308735 0 0.3653418 0.9626243 0 0.2708404 0.9479278 0 0.3184853 0.9626243 0 0.2708404 0.9848076 0 0.1736489 0.9749278 0 0.2225215 0.9749278 0 0.2225215 0.9848076 0 0.1736489 0.9922394 0 0.1243424 0.9922394 0 0.1243424 0.9996892 0 0.02493118 0.9972038 0 0.07473134 0.9972038 0 0.07473134 0.9996892 0 0.02493118 -0.9994644 0 0.03272345 -0.9994644 0 0.03272345 -0.9951854 0 0.09801069 -0.9951854 0 0.09801069 -0.9866428 0 0.1628989 -0.9866428 0 0.1628989 -0.9738765 0 0.2270785 -0.9738765 0 0.2270785 -0.9569415 0 0.2902808 -0.9569415 0 0.2902808 -0.9359069 0 0.3522476 -0.9359069 0 0.3522476 -0.9108656 0 0.4127032 -0.9108656 0 0.4127032 -0.8819156 0 0.4714075 -0.8819156 0 0.4714075 -0.8492035 0 0.5280657 -0.8492035 0 0.5280657 -0.8128502 0 0.5824727 -0.8128502 0 0.5824727 -0.7730097 0 0.6343942 -0.7730097 0 0.6343942 -0.7298571 0 0.6835998 -0.7298571 0 0.6835998 -0.6835952 0 0.7298613 -0.6835952 0 0.7298613 -0.6344 0 0.7730049 -0.6344 0 0.7730049 -0.5824645 0 0.8128561 -0.5824645 0 0.8128561 -0.5280728 0 0.8491992 -0.5280728 0 0.8491992 -0.4713919 0 0.8819239 -0.4713919 0 0.8819239 -0.4127068 0 0.9108639 -0.4127068 0 0.9108639 -0.3522561 0 0.9359037 -0.3522561 0 0.9359037 -0.2902862 0 0.9569398 -0.2902862 0 0.9569398 -0.2270785 0 0.9738765 -0.1628942 0 0.9866436 -0.2270785 0 0.9738765 -0.1628942 0 0.9866436 -0.09801258 0 0.9951853 -0.09801258 0 0.9951853 -0.03272282 0 0.9994644 -0.03272282 0 0.9994644 0.03272282 0 0.9994644 0.03272282 0 0.9994644 0.09801258 0 0.9951853 0.09801258 0 0.9951853 0.1628949 0 0.9866434 0.1628949 0 0.9866434 0.2270774 0 0.9738767 0.2270774 0 0.9738767 0.2902876 0 0.9569395 0.2902876 0 0.9569395 0.3522545 0 0.9359043 0.3522545 0 0.9359043 0.4127068 0 0.9108639 0.4127068 0 0.9108639 0.4713919 0 0.8819239 0.4713919 0 0.8819239 0.5280706 0 0.8492005 0.5280706 0 0.8492005 0.5824668 0 0.8128545 0.5824668 0 0.8128545 0.6343976 0 0.7730069 0.6343976 0 0.7730069 0.6835976 0 0.729859 0.6835976 0 0.729859 0.7298571 0 0.6835998 0.7298571 0 0.6835998 0.7730097 0 0.6343942 0.7730097 0 0.6343942 0.8128526 0 0.5824695 0.8128526 0 0.5824695 0.8492013 0 0.5280693 0.8492013 0 0.5280693 0.8819156 0 0.4714075 0.8819156 0 0.4714075 0.9108656 0 0.4127032 0.9108656 0 0.4127032 0.9359053 0 0.3522518 0.9359053 0 0.3522518 0.9569429 0 0.2902764 0.9569429 0 0.2902764 0.9738765 0 0.2270785 0.9738765 0 0.2270785 0.9866428 0 0.1628989 0.9866428 0 0.1628989 0.9951849 0 0.09801549 0.9951849 0 0.09801549 0.9994646 0 0.0327186 0.9994646 0 0.0327186 -0.9994645 0 0.03272218 -0.9994645 0 0.03272218 -0.995185 0 0.09801447 -0.995185 0 0.09801447 -0.9866438 0 0.1628926 -0.9866438 0 0.1628926 -0.9738765 0 0.2270785 -0.9738765 0 0.2270785 -0.9569415 0 0.2902808 -0.9569415 0 0.2902808 -0.9359069 0 0.3522476 -0.9359069 0 0.3522476 -0.9108589 0 0.4127178 -0.9108589 0 0.4127178 -0.8819198 0 0.4713994 -0.8819198 0 0.4713994 -0.8492143 0 0.5280483 -0.8492143 0 0.5280483 -0.8128371 0 0.5824911 -0.8128371 0 0.5824911 -0.7730176 0 0.6343847 -0.7730176 0 0.6343847 -0.7298571 0 0.6835998 -0.7298571 0 0.6835998 -0.6835952 0 0.7298613 -0.6835952 0 0.7298613 -0.6344 0 0.7730049 -0.6344 0 0.7730049 -0.5824773 0 0.812847 -0.5824773 0 0.812847 -0.5280447 0 0.8492165 -0.5280447 0 0.8492165 -0.471407 0 0.8819158 -0.471407 0 0.8819158 -0.4127229 0 0.9108566 -0.4127229 0 0.9108566 -0.352222 0 0.9359164 -0.352222 0 0.9359164 -0.290304 0 0.9569345 -0.290304 0 0.9569345 -0.2270785 0 0.9738765 -0.1628752 0 0.9866467 -0.2270785 0 0.9738765 -0.1628752 0 0.9866467 -0.09801258 0 0.9951853 -0.09801258 0 0.9951853 -0.03272282 0 0.9994644 -0.03272282 0 0.9994644 0.03272282 0 0.9994644 0.03272282 0 0.9994644 0.09801258 0 0.9951853 0.09801258 0 0.9951853 0.1628752 0 0.9866467 0.1628752 0 0.9866467 0.2270785 0 0.9738765 0.2270785 0 0.9738765 0.290304 0 0.9569345 0.290304 0 0.9569345 0.3522252 0 0.9359152 0.3522252 0 0.9359152 0.4127193 0 0.9108583 0.4127193 0 0.9108583 0.471407 0 0.8819158 0.471407 0 0.8819158 0.5280447 0 0.8492165 0.5280447 0 0.8492165 0.5824819 0 0.8128436 0.5824819 0 0.8128436 0.6343905 0 0.7730128 0.6343905 0 0.7730128 0.6836049 0 0.7298522 0.6836049 0 0.7298522 0.7298522 0 0.6836049 0.7298522 0 0.6836049 0.7730224 0 0.6343789 0.7730224 0 0.6343789 0.8128371 0 0.5824911 0.8128371 0 0.5824911 0.84921 0 0.5280554 0.84921 0 0.5280554 0.8819239 0 0.4713919 0.8819239 0 0.4713919 0.9108589 0 0.4127178 0.9108589 0 0.4127178 0.9359037 0 0.3522561 0.9359037 0 0.3522561 0.9569415 0 0.2902808 0.9569415 0 0.2902808 0.9738765 0 0.2270785 0.9738765 0 0.2270785 0.9866438 0 0.1628926 0.9866438 0 0.1628926 0.995185 0 0.09801447 0.995185 0 0.09801447 0.9994645 0 0.03272218 0.9994645 0 0.03272218 -0.9994646 0 0.03271733 -0.9994646 0 0.03271733 -0.9951845 0 0.09801929 -0.9951845 0 0.09801929 -0.9866438 0 0.1628926 -0.9866438 0 0.1628926 -0.9738765 0 0.2270785 -0.9738765 0 0.2270785 -0.9569396 0 0.2902872 -0.9569396 0 0.2902872 -0.9359101 0 0.352239 -0.9359101 0 0.352239 -0.9108589 0 0.4127178 -0.9108589 0 0.4127178 -0.8819198 0 0.4713994 -0.8819198 0 0.4713994 -0.8492013 0 0.5280693 -0.8492013 0 0.5280693 -0.8128526 0 0.5824695 -0.8128526 0 0.5824695 -0.7730176 0 0.6343847 -0.7730176 0 0.6343847 -0.7298571 0 0.6835998 -0.7298571 0 0.6835998 -0.6835976 0 0.729859 -0.6835976 0 0.729859 -0.6343743 0 0.7730259 -0.6343743 0 0.7730259 -0.5824796 0 0.8128453 -0.5824796 0 0.8128453 -0.5280706 0 0.8492005 -0.5280706 0 0.8492005 -0.471407 0 0.8819158 -0.471407 0 0.8819158 -0.4126907 0 0.9108712 -0.4126907 0 0.9108712 -0.3522545 0 0.9359043 -0.3522545 0 0.9359043 -0.2903054 0 0.9569341 -0.2903054 0 0.9569341 -0.2270774 0 0.9738767 -0.162876 0 0.9866465 -0.2270774 0 0.9738767 -0.162876 0 0.9866465 -0.09801258 0 0.9951853 -0.09801258 0 0.9951853 -0.03272282 0 0.9994644 -0.03272282 0 0.9994644 0.03272282 0 0.9994644 0.03272282 0 0.9994644 0.09801258 0 0.9951853 0.09801258 0 0.9951853 0.1628752 0 0.9866467 0.1628752 0 0.9866467 0.2270785 0 0.9738765 0.2270785 0 0.9738765 0.290304 0 0.9569345 0.290304 0 0.9569345 0.3522561 0 0.9359037 0.3522561 0 0.9359037 0.4126907 0 0.9108712 0.4126907 0 0.9108712 0.471407 0 0.8819158 0.471407 0 0.8819158 0.5280728 0 0.8491992 0.5280728 0 0.8491992 0.5824773 0 0.812847 0.5824773 0 0.812847 0.6343768 0 0.773024 0.6343768 0 0.773024 0.6835952 0 0.7298613 0.6835952 0 0.7298613 0.7298571 0 0.6835998 0.7298571 0 0.6835998 0.7730176 0 0.6343847 0.7730176 0 0.6343847 0.8128502 0 0.5824727 0.8128502 0 0.5824727 0.8492035 0 0.5280657 0.8492035 0 0.5280657 0.8819198 0 0.4713994 0.8819198 0 0.4713994 0.9108589 0 0.4127178 0.9108589 0 0.4127178 0.9359117 0 0.3522348 0.9359117 0 0.3522348 0.9569382 0 0.2902916 0.9569382 0 0.2902916 0.9738765 0 0.2270785 0.9738765 0 0.2270785 0.9866438 0 0.1628926 0.9866438 0 0.1628926 0.995185 0 0.09801447 0.995185 0 0.09801447 0.9994645 0 0.03272218 0.9994645 0 0.03272218 -0.9994645 0 0.03272218 -0.9994645 0 0.03272218 -0.995185 0 0.09801447 -0.995185 0 0.09801447 -0.9866438 0 0.1628926 -0.9866438 0 0.1628926 -0.9738765 0 0.2270785 -0.9738765 0 0.2270785 -0.9569382 0 0.2902916 -0.9569382 0 0.2902916 -0.9359117 0 0.3522348 -0.9359117 0 0.3522348 -0.9108589 0 0.4127178 -0.9108589 0 0.4127178 -0.8819198 0 0.4713994 -0.8819198 0 0.4713994 -0.8492035 0 0.5280657 -0.8492035 0 0.5280657 -0.8128502 0 0.5824727 -0.8128502 0 0.5824727 -0.7730176 0 0.6343847 -0.7730176 0 0.6343847 -0.7298571 0 0.6835998 -0.7298571 0 0.6835998 -0.6835952 0 0.7298613 -0.6835952 0 0.7298613 -0.6343768 0 0.773024 -0.6343768 0 0.773024 -0.5824773 0 0.812847 -0.5824773 0 0.812847 -0.5280728 0 0.8491992 -0.5280728 0 0.8491992 -0.471407 0 0.8819158 -0.471407 0 0.8819158 -0.4126907 0 0.9108712 -0.4126907 0 0.9108712 -0.3522561 0 0.9359037 -0.3522561 0 0.9359037 -0.290304 0 0.9569345 -0.290304 0 0.9569345 -0.2270785 0 0.9738765 -0.1628752 0 0.9866467 -0.2270785 0 0.9738765 -0.1628752 0 0.9866467 -0.09801258 0 0.9951853 -0.09801258 0 0.9951853 -0.03272282 0 0.9994644 -0.03272282 0 0.9994644 0.03272282 0 0.9994644 0.03272282 0 0.9994644 0.09801258 0 0.9951853 0.09801258 0 0.9951853 0.162876 0 0.9866465 0.162876 0 0.9866465 0.2270774 0 0.9738767 0.2270774 0 0.9738767 0.2903054 0 0.9569341 0.2903054 0 0.9569341 0.3522545 0 0.9359043 0.3522545 0 0.9359043 0.4126907 0 0.9108712 0.4126907 0 0.9108712 0.471407 0 0.8819158 0.471407 0 0.8819158 0.5280706 0 0.8492005 0.5280706 0 0.8492005 0.5824796 0 0.8128453 0.5824796 0 0.8128453 0.6343743 0 0.7730259 0.6343743 0 0.7730259 0.6835976 0 0.729859 0.6835976 0 0.729859 0.7298571 0 0.6835998 0.7298571 0 0.6835998 0.7730176 0 0.6343847 0.7730176 0 0.6343847 0.8128526 0 0.5824695 0.8128526 0 0.5824695 0.8492013 0 0.5280693 0.8492013 0 0.5280693 0.8819198 0 0.4713994 0.8819198 0 0.4713994 0.9108589 0 0.4127178 0.9108589 0 0.4127178 0.9359101 0 0.352239 0.9359101 0 0.352239 0.9569396 0 0.2902872 0.9569396 0 0.2902872 0.9738765 0 0.2270785 0.9738765 0 0.2270785 0.9866438 0 0.1628926 0.9866438 0 0.1628926 0.9951845 0 0.09801929 0.9951845 0 0.09801929 0.9994646 0 0.03271733 0.9994646 0 0.03271733 -0.9994645 0 0.03272218 -0.9994645 0 0.03272218 -0.995185 0 0.09801447 -0.995185 0 0.09801447 -0.9866438 0 0.1628926 -0.9866438 0 0.1628926 -0.9738765 0 0.2270785 -0.9738765 0 0.2270785 -0.9569415 0 0.2902808 -0.9569415 0 0.2902808 -0.9359037 0 0.3522561 -0.9359037 0 0.3522561 -0.9108589 0 0.4127178 -0.9108589 0 0.4127178 -0.8819239 0 0.4713919 -0.8819239 0 0.4713919 -0.84921 0 0.5280554 -0.84921 0 0.5280554 -0.8128371 0 0.5824911 -0.8128371 0 0.5824911 -0.7730224 0 0.6343789 -0.7730224 0 0.6343789 -0.7298522 0 0.6836049 -0.7298522 0 0.6836049 -0.6836049 0 0.7298522 -0.6836049 0 0.7298522 -0.6343905 0 0.7730128 -0.6343905 0 0.7730128 -0.5824819 0 0.8128436 -0.5824819 0 0.8128436 -0.5280447 0 0.8492165 -0.5280447 0 0.8492165 -0.471407 0 0.8819158 -0.471407 0 0.8819158 -0.4127193 0 0.9108583 -0.4127193 0 0.9108583 -0.3522252 0 0.9359152 -0.3522252 0 0.9359152 -0.290304 0 0.9569345 -0.290304 0 0.9569345 -0.2270785 0 0.9738765 -0.1628752 0 0.9866467 -0.2270785 0 0.9738765 -0.1628752 0 0.9866467 -0.09801258 0 0.9951853 -0.09801258 0 0.9951853 -0.03272282 0 0.9994644 -0.03272282 0 0.9994644 0.03272282 0 0.9994644 0.03272282 0 0.9994644 0.09801258 0 0.9951853 0.09801258 0 0.9951853 0.1628752 0 0.9866467 0.1628752 0 0.9866467 0.2270785 0 0.9738765 0.2270785 0 0.9738765 0.290304 0 0.9569345 0.290304 0 0.9569345 0.352222 0 0.9359164 0.352222 0 0.9359164 0.4127229 0 0.9108566 0.4127229 0 0.9108566 0.471407 0 0.8819158 0.471407 0 0.8819158 0.5280447 0 0.8492165 0.5280447 0 0.8492165 0.5824773 0 0.812847 0.5824773 0 0.812847 0.6344 0 0.7730049 0.6344 0 0.7730049 0.6835952 0 0.7298613 0.6835952 0 0.7298613 0.7298571 0 0.6835998 0.7298571 0 0.6835998 0.7730176 0 0.6343847 0.7730176 0 0.6343847 0.8128371 0 0.5824911 0.8128371 0 0.5824911 0.8492143 0 0.5280483 0.8492143 0 0.5280483 0.8819198 0 0.4713994 0.8819198 0 0.4713994 0.9108589 0 0.4127178 0.9108589 0 0.4127178 0.9359069 0 0.3522476 0.9359069 0 0.3522476 0.9569415 0 0.2902808 0.9569415 0 0.2902808 0.9738765 0 0.2270785 0.9738765 0 0.2270785 0.9866438 0 0.1628926 0.9866438 0 0.1628926 0.995185 0 0.09801447 0.995185 0 0.09801447 0.9994645 0 0.03272218 0.9994645 0 0.03272218 -0.9994646 0 0.0327186 -0.9994646 0 0.0327186 -0.9951849 0 0.09801549 -0.9951849 0 0.09801549 -0.9866428 0 0.1628989 -0.9866428 0 0.1628989 -0.9738765 0 0.2270785 -0.9738765 0 0.2270785 -0.9569429 0 0.2902764 -0.9569429 0 0.2902764 -0.9359053 0 0.3522518 -0.9359053 0 0.3522518 -0.9108656 0 0.4127032 -0.9108656 0 0.4127032 -0.8819156 0 0.4714075 -0.8819156 0 0.4714075 -0.8492013 0 0.5280693 -0.8492013 0 0.5280693 -0.8128526 0 0.5824695 -0.8128526 0 0.5824695 -0.7730097 0 0.6343942 -0.7730097 0 0.6343942 -0.7298571 0 0.6835998 -0.7298571 0 0.6835998 -0.6835976 0 0.729859 -0.6835976 0 0.729859 -0.6343976 0 0.7730069 -0.6343976 0 0.7730069 -0.5824668 0 0.8128545 -0.5824668 0 0.8128545 -0.5280706 0 0.8492005 -0.5280706 0 0.8492005 -0.4713919 0 0.8819239 -0.4713919 0 0.8819239 -0.4127068 0 0.9108639 -0.4127068 0 0.9108639 -0.3522545 0 0.9359043 -0.3522545 0 0.9359043 -0.2902876 0 0.9569395 -0.2902876 0 0.9569395 -0.2270774 0 0.9738767 -0.1628949 0 0.9866434 -0.2270774 0 0.9738767 -0.1628949 0 0.9866434 -0.09801258 0 0.9951853 -0.09801258 0 0.9951853 -0.03272282 0 0.9994644 -0.03272282 0 0.9994644 0.03272282 0 0.9994644 0.03272282 0 0.9994644 0.09801258 0 0.9951853 0.09801258 0 0.9951853 0.1628942 0 0.9866436 0.1628942 0 0.9866436 0.2270785 0 0.9738765 0.2270785 0 0.9738765 0.2902862 0 0.9569398 0.2902862 0 0.9569398 0.3522561 0 0.9359037 0.3522561 0 0.9359037 0.4127068 0 0.9108639 0.4127068 0 0.9108639 0.4713919 0 0.8819239 0.4713919 0 0.8819239 0.5280728 0 0.8491992 0.5280728 0 0.8491992 0.5824645 0 0.8128561 0.5824645 0 0.8128561 0.6344 0 0.7730049 0.6344 0 0.7730049 0.6835952 0 0.7298613 0.6835952 0 0.7298613 0.7298571 0 0.6835998 0.7298571 0 0.6835998 0.7730097 0 0.6343942 0.7730097 0 0.6343942 0.8128502 0 0.5824727 0.8128502 0 0.5824727 0.8492035 0 0.5280657 0.8492035 0 0.5280657 0.8819156 0 0.4714075 0.8819156 0 0.4714075 0.9108656 0 0.4127032 0.9108656 0 0.4127032 0.9359069 0 0.3522476 0.9359069 0 0.3522476 0.9569415 0 0.2902808 0.9569415 0 0.2902808 0.9738765 0 0.2270785 0.9738765 0 0.2270785 0.9866428 0 0.1628989 0.9866428 0 0.1628989 0.9951854 0 0.09801069 0.9951854 0 0.09801069 0.9994644 0 0.03272345 0.9994644 0 0.03272345 -0.9996892 0 0.02493071 -0.9996892 0 0.02493071 -0.9972038 0 0.07472981 -0.9972038 0 0.07472981 -0.9922393 0 0.1243427 -0.9922393 0 0.1243427 -0.9848074 0 0.1736503 -0.9848074 0 0.1736503 -0.9749279 0 0.2225212 -0.9749279 0 0.2225212 -0.9626244 0 0.2708398 -0.9479274 0 0.3184867 -0.9626244 0 0.2708398 -0.930874 0 0.3653404 -0.9479274 0 0.3184867 -0.9115061 0 0.4112865 -0.930874 0 0.3653404 -0.8898716 0 0.4562111 -0.9115061 0 0.4112865 -0.866025 0 0.5000008 -0.8898716 0 0.4562111 -0.8400268 0 0.5425449 -0.866025 0 0.5000008 -0.811937 0 0.583745 -0.8400268 0 0.5425449 -0.7818328 0 0.6234882 -0.811937 0 0.583745 -0.7497804 0 0.6616867 -0.7818328 0 0.6234882 -0.7158661 0 0.6982377 -0.7497804 0 0.6616867 -0.6801744 0 0.7330503 -0.7158661 0 0.6982377 -0.6801744 0 0.7330503 -0.6427873 0 0.7660447 -0.6427873 0 0.7660447 -0.6038033 0 0.7971334 -0.6038033 0 0.7971334 -0.5633198 0 0.8262389 -0.5633198 0 0.8262389 -0.5214361 0 0.8532903 -0.5214361 0 0.8532903 -0.478254 0 0.8782215 -0.478254 0 0.8782215 -0.4338841 0 0.9009687 -0.4338841 0 0.9009687 -0.3884356 0 0.9214759 -0.3884356 0 0.9214759 -0.3420193 0 0.9396929 -0.3420193 0 0.9396929 -0.294755 0 0.9555729 -0.2467549 0 0.9690779 -0.294755 0 0.9555729 -0.2467549 0 0.9690779 -0.1981465 0 0.9801725 -0.1490421 0 0.9888309 -0.1981465 0 0.9801725 -0.09956541 0 0.995031 -0.1490421 0 0.9888309 -0.04984885 0 0.9987568 -0.09956541 0 0.995031 0 0 1 -0.04984885 0 0.9987568 0.04984885 0 0.9987568 0 0 1 0.09956541 0 0.995031 0.04984885 0 0.9987568 0.09956541 0 0.995031 0.1981465 0 0.9801725 0.1490421 0 0.9888309 0.1490421 0 0.9888309 0.2467549 0 0.9690779 0.1981465 0 0.9801725 0.294755 0 0.9555729 0.2467549 0 0.9690779 0.3420193 0 0.9396929 0.294755 0 0.9555729 0.3420193 0 0.9396929 0.3884356 0 0.9214759 0.3884356 0 0.9214759 0.478254 0 0.8782215 0.4338841 0 0.9009687 0.4338841 0 0.9009687 0.478254 0 0.8782215 0.5214361 0 0.8532903 0.5214361 0 0.8532903 0.5633198 0 0.8262389 0.5633198 0 0.8262389 0.6038033 0 0.7971334 0.6427873 0 0.7660447 0.6038033 0 0.7971334 0.6427873 0 0.7660447 0.7158661 0 0.6982377 0.6801744 0 0.7330503 0.6801744 0 0.7330503 0.7497804 0 0.6616867 0.7158661 0 0.6982377 0.7497804 0 0.6616867 0.7818328 0 0.6234882 0.7818328 0 0.6234882 0.811937 0 0.583745 0.811937 0 0.583745 0.8400268 0 0.5425449 0.8400268 0 0.5425449 0.866025 0 0.5000008 0.866025 0 0.5000008 0.9115061 0 0.4112865 0.8898716 0 0.4562111 0.8898716 0 0.4562111 0.9115061 0 0.4112865 0.9479274 0 0.3184867 0.930874 0 0.3653404 0.930874 0 0.3653404 0.9479274 0 0.3184867 0.9626244 0 0.2708398 0.9626244 0 0.2708398 0.9749279 0 0.2225212 0.9749279 0 0.2225212 0.9848074 0 0.1736503 0.9848074 0 0.1736503 0.9972038 0 0.07472981 0.9922393 0 0.1243427 0.9922393 0 0.1243427 0.9972038 0 0.07472981 0.9996892 0 0.02493071 0.9996892 0 0.02493071 0 1 0 0 1 0 0 1 0 0 1 0 0 1 -0 0 1 0 0 1 0 0 1 0 0 1 -0 0 1 0 0 1 0 0 1 0 0 1 -0 0 1 0 0 1 0 0 1 0 0 1 0 0 1 0 0 1 0 0 1 0 0 1 0 0 1 0 0 1 0 0 1 0 0 1 0 0 1 0 0 1 0 0 1 0 0 1 0 0 1 0 0 1 0 0 1 0 0 1 0 0 1 0 0 1 0 0 1 0 0 1 0 0 1 0 0 1 0 0 1 0 0 1 0 0 1 0 0 1 0 0 1 0 0 1 0 0 1 0 0 1 0 0 1 0 0 1 0 0 1 0 0 1 0 0 1 0 0 1 0 0 1 0 0 1 0 0 1 0 0 1 0 0 1 0 0 1 0 0 1 0 0 1 0 0 1 0 0 1 0 0 1 0 0 1 0 0 1 -0 0 1 0 0 1 0 0 1 0 0 1 -0 0 1 0 0 1 0 0 1 0 0 1 -0 0 1 0 0 1 0 0 1 0 0 1 -0 0 1 0 0 1 0 0 1 0 0 1 -0 0 1 0 0 1 0 0 1 0 0 1 -0 0 1 0 0 1 0 0 1 0 0 1 -0 0 1 0 0 1 0 0 1 0 0 1 -0 0 1 0 0 1 0 0 1 -0 0 1 0 0 1 0 0 1 0 0 1 0 0 1 -0 0 1 0 0 1 0 0 1 -0 0 1 0 0 1 0 0 1 0 0 1 -0 0 1 0 0 1 0 0 1 0 0 1 -0 0 1 0 0 1 0 0 1 0 0 1 -0 0 1 0 0 1 0 0 1 0 0 1 -0 0 1 0 0 1 0 0 1 0 0 1 0 0 1 0 0 1 -0 0 1 0 0 1 0 0 1 0 0 1 0 0 1 -0 0 1 0 0 1 0 0 1 0 0 1 -0 0 1 0 0 1 0 0 1 0 0 1 0 0 1 0 0 1 0 0 1 0 0 1 -0 0 1 0 0 1 0 0 1 0 0 1 -0 0 1 0 0 1 0 0 1 0 0 1 -0 0 1 0 0 1 0 0 1 0 0 1 -0 0 1 0 0 1 0 0 1 0 0 1 -0 0 1 0 0 1 0 0 1 0 0 1 0 0 1 -0 0 1 0 0 1 0 0 1 -0 0 1 0 0 1 0 0 1 -0 0 1 0 0 1 0 0 1 0 0 1 0 0 1 -0 0 1 0 0 1 0 0 1 0 0 1 0 0 1 -0 0 1 0 0 1 0 0 1 0 0 1 -0 0 1 0 0 1 0 0 1 0 0 1 -0 0 1 0 0 1 0 0 1 0 0 1 -0 0 1 0 0 1 0 0 1 0 0 1 0 0 1 0 0 1 -0 0 1 0 0 1 0 0 1 0 0 1 0 0 1 0 0 1 0 0 1 0 0 1 0 0 1 0 0 1 0 0 1 0 0 1 0 0 1 0 0 1 0 0 1 0 0 1 0 0 1 0 0 1 0 0 1 0 0 1 0 0 1 0 0 1 -0 0 1 0 0 1 0 0 1 0 0 1 0 0 1 0 0 1 -0 0 1 0 0 1 0 0 1 0 0 1 0 0 1 0 0 1 0 0 1 0 0 1 0 0 1 0 0 1 0 0 1 0 0 1 0 0 1 0 0 1 0 0 1 -0 0 1 0 0 1 0 0 1 0 0 1 0 0 1 -0 0 1 0 0 1 0 0 1 0 0 1 0 0 1 -0 0 -1 0 0 -1 0 0 -1 0 0 -1 0 0 -1 0 0 -1 0 0 -1 0 0 -1 0 0 -1 0 0 -1 0 0 -1 0 0 -1 0 0 -1 0 0 -1 0 0 -1 0 0 -1 0 0 -1 0 0 -1 0 0 -1 0 0 -1 0 0 -1 0 0 -1 0 0 -1 0 0 -1 0 0 -1 0 0 -1 0 0 -1 0 0 -1 0 0 -1 0 0 -1 0 0 -1 0 0 -1 0 0 -1 0 0 -1 0 0 -1 0 0 -1 0 0 -1 0 0 -1 0 0 -1 0 0 -1 0 0 -1 0 0 -1 0 0 -1 0 0 -1 0 0 -1 0 0 -1 0 0 -1 0 0 -1 0 0 -1 0 0 -1 0 0 -1 0 0 -1 0 0 -1 0 0 -1 0 0 -1 0 0 -1 0 0 -1 0 0 -1 0 0 -1 0 0 -1 0 0 -1 0 0 -1 0 0 -1 0 0 -1 0 0 -1 0 0 -1 0 0 -1 0 0 -1 0 0 -1 0 0 -1 0 0 -1 0 0 -1 0 0 -1 0 0 -1 0 0 -1 0 0 -1 0 0 -1 0 0 -1 0 0 -1 0 0 -1 0 0 -1 0 0 -1 0 0 -1 0 0 -1 0 0 -1 0 0 -1 0 0 -1 0 0 -1 0 0 -1 0 0 -1 0 0 -1 0 0 -1 0 0 -1 0 0 -1 0 0 -1 0 0 -1 0 0 -1 0 0 -1 0 0 -1 0 0 -1 0 0 -1 0 0 -1 0 0 -1 0 0 -1 0 0 -1 0 0 -1 0 0 -1 0 0 -1 0 0 -1 0 0 -1 0 0 -1 0 0 -1 0 0 -1 0 0 -1 0 0 -1 0 0 -1 0 0 -1 0 0 -1 0 0 -1 0 0 -1 0 0 -1 0 0 -1 0 0 -1 0 0 -1 0 0 -1 0 0 -1 0 0 -1 0 0 -1 0 0 -1 0 0 -1 0 0 -1 0 0 -1 0 0 -1 0 0 -1 0 0 -1 0 0 -1 0 0 -1 0 0 -1 0 0 -1 0 0 -1 0 0 -1 0 0 -1 0 0 -1 0 0 -1 0 0 -1 0 0 -1 0 0 -1 0 0 -1 0 0 -1 0 0 -1 0 0 -1 0 0 -1 0 0 -1 0 0 -1 0 0 -1 0 0 -1 0 0 -1 0 0 -1 0 0 -1 0 0 -1 0 0 -1 0 0 -1 0 0 -1 0 0 -1 0 0 -1 0 0 -1 0 0 -1 0 0 -1 0 0 -1 0 0 -1 0 0 -1 0 0 -1 0 0 -1 0 0 -1 0 0 -1 0 0 -1 0 0 -1 0 0 -1 0 0 -1 0 0 -1 0 0 -1 0 0 -1 0 0 -1 0 0 -1 0 0 -1 0 0 -1 0 0 -1 0 0 -1 0 0 -1 0 0 -1 0 0 -1 0 0 -1 0 0 -1 0 0 -1 0 0 -1 0 0 -1 0 0 -1 0 0 -1 0 0 -1 0 0 -1 0 0 -1 0 0 -1 0 0 -1 0 0 -1 0 0 -1 0 0 -1 0 0 -1 0 0 -1 0 0 -1 0 0 -1 0 0 -1 0 0 -1 0 0 -1 0 0 -1 0 0 -1 0 0 -1 0 0 -1 0 0 -1 0 0 -1 0 0 -1 0 0 -1 0 0 -1 0 0 -1 0 0 -1 0 0 -1 0 0 -1 0 0 -1 0 0 -1 0 0 -1 0 0 -1 0 0 -1 0 0 -1 0 0 -1 0 0 -1 0 0 -1 0 0 -1 0 0 -1 0 0 -1 0 0 -1 0 0 -1 0 0 -1 0 0 -1 0 0 -1 0 0 -1 0 0 -1 0 0 -1 0 0 -1 0 0 -1 0 0 -1 0 0 -1 0 0 -1 0 0 -1 0 0 -1 0 0 -1 0 0 -1 0 0 -1 0 0 -1 0 0 -1 0 0 -1 0 0 -1 0 0 -1 0 0 -1 0 0 -1 0 0 -1 0 0 -1 0 0 -1 0 0 -1 0 0 -1 0 0 -1 0 0 -1 0 0 -1 0 0 -1 0 0 -1 0 0 -1 0 0 -1 0 0 -1 0 0 -1 0 0 -1 0 0 -1 0 0 -1 0 0 -1 0 0 -1 0 0 -1 0 0 -1 0 0 -1 0 0 -1 0 0 -1 0 0 -1 0 0 -1 0 0 -1 0 0 -1 0 0 -1 0 0 -1 0 0 -1 0 0 -1 0 0 -1 0 0 -1 0 0 -1 0 0 -1 0 0 -1 0 0 -1 0 0 -1 0 0 -1 0 0 -1 0 0 -1 0 0 -1 0 0 -1 0 0 -1 0 0 -1 0 0 -1 0 0 -1 0 0 -1 0 0 -1 0 0 -1 0 0 -1 0 0 -1 0 0 -1 0 0 -1 0 0 -1 0 0 -1 0 0 -1 0 0 -1 0 0 -1 0 0 -1 0 0 -1 0 0 -1 0 0 -1 0 0 -1 0 0 -1 0 0 -1 0 0 -1 0 0 -1 0 0 -1 0 0 -1 0 0 -1 0 0 -1 0 0 -1 0 0 -1 0 0 -1 0 0 -1 0 0 -1 0 0 -1 0 0 -1 0 0 -1 0 0 -1 0 0 -1 0 0 -1 0 0 -1 0 0 -1 0 0 -1 0 0 -1 0 0 -1 0 0 -1 0 0 -1 0 0 -1 0 0 -1 0 0 -1 0 0 -1 0 0 -1 0 0 -1 0 0 -1 0 0 -1 0 0 -1 0 0 -1 0 0 -1 0 0 -1 0 0 -1 0 0 -1 0 0 -1 0 0 -1 0 0 -1 0 0 -1 0 0 -1 0 0 -1 0 0 -1 0 0 -1 0 0 -1 0 0 -1 0 0 -1 0 0 -1 0 0 -1 0 0 -1 0 0 -1 0 0 -1 0 0 -1 0 0 -1 0 0 -1 0 0 -1 0 0 -1 0 0 -1 0 0 -1 0 0 -1 0 0 -1 0 0 -1 0 0 -1 0 0 -1 0 0 -1 0 0 -1 0 0 -1 0 0 -1 0 0 -1 0 0 -1 0 0 -1 0 0 -1 0 0 -1 0 0 -1 0 0 -1 0 0 -1 0 0 -1 0 0 -1 0 0 -1 0 0 -1 0 0 -1 0 0 -1 0 0 -1 0 0 -1 0 0 -1 0 0 -1 0 0 -1 0 0 -1 0 0 -1 0 0 -1 0 0 -1 0 0 -1 0 0 -1 0 0 -1 0 0 -1 0 0 -1 0 0 -1 0 0 -1 0 0 -1 0 0 -1 0 0 -1 0 0 -1 0 0 -1 0 0 -1 0 0 -1 0 0 -1 0 0 -1 0 0 -1 0 0 -1 0 0 -1 0 0 -1 0 0 -1 0 0 -1 0 0 -1 0 0 -1 0 0 -1 0 0 -1 0 0 -1 0 0 -1 0 0 -1 0 0 -1 0 0 -1 0 0 -1 0 0 -1 0 0 -1 0 0 -1 0 0 -1 0 0 -1 0 0 -1 0 0 -1 0 0 -1 0 0 -1 0 0 -1 0 0 -1 0 0 -1 0 0 -1 0 0 -1 0 0 -1 0 0 -1 0 0 -1 0 0 -1 0 0 -1 0 0 -1 0 0 -1 0 0 -1 0 0 -1 0 0 -1 0 0 -1 0 0 -1 0 0 -1 0 0 -1 0 0 -1 0 0 -1 0 0 -1 0 0 -1 0 0 -1 0 0 -1 0 0 -1 0 0 -1 0 0 -1 0 0 -1 0 0 -1 0 0 -1 0 0 -1 0 0 -1 0 0 -1 0 0 -1 0 0 -1 0 0 -1 0 0 -1 0 0 -1 0 0 -1 0 0 -1 0 0 -1 0 0 -1 0 0 -1 0 0 -1 0 0 -1 0 0 -1 0 0 -1 0 0 -1 0 0 -1 0 0 -1 0 0 -1 0 0 -1 0 0 -1 0 0 -1 0 0 -1 0 0 -1 0 0 -1 0 0 -1 0 0 -1 0 0 -1 0 0 -1 0 0 -1 0 0 -1 0 0 -1 0 0 -1 0 0 -1 0 0 -1 0 0 -1 0 0 -1 0 0 -1 0 0 -1 0 0 -1 0 0 -1 0 0 -1 0 0 -1 0 0 -1 0 0 -1 0 0 -1 0 0 -1 0 0 -1 0 0 -1 0 0 -1 0 0 -1 0 0 -1 0 0 -1 0 0 -1 0 0 -1 0 0 -1 0 0 -1 0 0 -1 0 0 -1 0 0 -1 0 0 -1 0 0 -1 0 0 -1 0 0 -1 0 0 -1 0 0 -1 0 0 -1 0 0 -1 0 0 -1 0 0 -1 0 0 -1 0 0 -1 0 0 -1 0 0 -1 0 0 -1 0 0 -1 0 0 -1 0 0 -1 0 0 -1 0 0 -1 0 0 -1 0 0 -1 0 0 -1 0 0 -1 0 0 -1 0 0 -1 0 0 -1 0 0 -1 0 0 -1 0 0 -1 0 0 -1 0 0 -1 0 0 -1 0 0 -1 0 0 -1 0 0 -1 0 0 -1 0 0 -1 0 0 -1 0 0 -1 0 0 -1 0 0 -1 0 0 -1 0 0 -1 0 0 -1 0 0 -1 0 0 -1 0 0 -1 0 0 -1 0 0 -1 0 0 -1 0 0 -1 0 0 -1 0 0 -1 0 0 -1 0 0 -1 0 0 -1 0 0 -1 0 0 -1 0 0 -1 0 0 -1 0 0 -1 0 0 -1 0 0 -1 0 0 -1 0 0 -1 0 0 -1 0 0 -1 0 0 -1 0 0 -1 0 0 -1 0 0 -1 0 0 -1 0 0 -1 0 0 -1 0 0 -1 0 0 -1 0 0 -1 0 0 -1 0 0 -1 0 0 -1 0 0 -1 0 0 -1 0 0 -1 0 0 -1 0 0 -1 0 0 -1 0 0 -1 0 0 -1 0 0 -1 0 0 -1 0 0 -1 0 0 -1 0 0 -1 0 0 -1 0 0 -1 0 0 -1 0 0 -1 0 0 -1 0 0 -1 0 0 -1 0 0 -1 0 0 -1 0 0 -1 0 0 -1 0 0 -1 0 0 -1 0 0 -1 0 0 -1 0 0 -1 0 0 -1 0 0 -1 0 0 -1 0 0 -1 0 0 -1 0 0 -1 0 0 -1 0 0 -1 0 0 -1 0 0 -1 0 0 -1 0 0 -1 0 0 -1 0 0 -1 0 0 -1 0 0 -1 0 0 -1 0 0 -1 0 0 -1 0 0 -1 0 0 -1 0 0 -1 0 0 -1 0 0 -1 0 0 -1 0 0 -1 0 0 -1 0 0 -1 0 0 -1 0 0 -1 0 0 -1 0 0 -1 0 0 -1 0 0 -1 0 0 -1 0 0 -1 0 0 -1 0 0 -1 0 0 -1 0 0 -1 0 0 -1 0 0 -1 0 0 -1 0 0 -1 0 0 -1 0 0.9996892 0 -0.02493061 0.9996892 0 -0.02493061 0.9972038 0 -0.07472981 0.9972038 0 -0.07472981 0.9922393 0 -0.1243432 0.9922393 0 -0.1243432 0.9848075 0 -0.1736496 0.9848075 0 -0.1736496 0.9749279 0 -0.2225212 0.9749279 0 -0.2225212 0.9626244 0 -0.2708398 0.9479274 0 -0.3184867 0.9626244 0 -0.2708398 0.930874 0 -0.3653404 0.9479274 0 -0.3184867 0.9115061 0 -0.4112865 0.930874 0 -0.3653404 0.8898716 0 -0.4562111 0.9115061 0 -0.4112865 0.866025 0 -0.5000008 0.8898716 0 -0.4562111 0.8400256 0 -0.5425468 0.866025 0 -0.5000008 0.8119384 0 -0.5837431 0.8400256 0 -0.5425468 0.7818311 0 -0.6234902 0.8119384 0 -0.5837431 0.7497822 0 -0.6616846 0.7818311 0 -0.6234902 0.7158661 0 -0.6982377 0.7497822 0 -0.6616846 0.6801721 0 -0.7330524 0.7158661 0 -0.6982377 0.6801721 0 -0.7330524 0.6427885 0 -0.7660437 0.6427885 0 -0.7660437 0.6038046 0 -0.7971323 0.6038046 0 -0.7971323 0.5633198 0 -0.8262389 0.5214346 0 -0.8532913 0.5633198 0 -0.8262389 0.5214346 0 -0.8532913 0.478254 0 -0.8782215 0.478254 0 -0.8782215 0.4338841 0 -0.9009687 0.4338841 0 -0.9009687 0.3884356 0 -0.9214759 0.3884356 0 -0.9214759 0.3420193 0 -0.9396929 0.294755 0 -0.9555729 0.3420193 0 -0.9396929 0.294755 0 -0.9555729 0.2467569 0 -0.9690774 0.1981465 0 -0.9801725 0.2467569 0 -0.9690774 0.1981465 0 -0.9801725 0.0995695 0 -0.9950306 0.1490421 0 -0.9888309 0.1490421 0 -0.9888309 0.0995695 0 -0.9950306 0 -0 -1 0.04984472 0 -0.9987569 0.04984472 0 -0.9987569 0 0 -1 -0.0995695 -0 -0.9950306 -0.04984472 -0 -0.9987569 -0.04984472 0 -0.9987569 -0.1490421 -0 -0.9888309 -0.0995695 -0 -0.9950306 -0.1490421 -0 -0.9888309 -0.2467569 -0 -0.9690774 -0.1981465 -0 -0.9801725 -0.1981465 0 -0.9801725 -0.294755 -0 -0.9555729 -0.2467569 -0 -0.9690774 -0.294755 -0 -0.9555729 -0.3884356 -0 -0.9214759 -0.3420193 -0 -0.9396929 -0.3420193 0 -0.9396929 -0.4338841 -0 -0.9009687 -0.3884356 -0 -0.9214759 -0.4338841 -0 -0.9009687 -0.478254 0 -0.8782215 -0.5214346 -0 -0.8532913 -0.478254 -0 -0.8782215 -0.5214346 -0 -0.8532913 -0.5633198 0 -0.8262389 -0.6038046 -0 -0.7971323 -0.5633198 -0 -0.8262389 -0.6038046 -0 -0.7971323 -0.6427885 0 -0.7660437 -0.6801721 -0 -0.7330524 -0.6427885 -0 -0.7660437 -0.6801721 -0 -0.7330524 -0.7158661 -0 -0.6982377 -0.7158661 -0 -0.6982377 -0.7818311 -0 -0.6234902 -0.7497822 -0 -0.6616846 -0.7497822 0 -0.6616846 -0.8119384 -0 -0.5837431 -0.7818311 -0 -0.6234902 -0.8119384 -0 -0.5837431 -0.866025 -0 -0.5000008 -0.8400256 -0 -0.5425468 -0.8400256 0 -0.5425468 -0.8898716 -0 -0.4562111 -0.866025 -0 -0.5000008 -0.9115061 -0 -0.4112865 -0.8898716 -0 -0.4562111 -0.930874 -0 -0.3653404 -0.9115061 -0 -0.4112865 -0.9479274 -0 -0.3184867 -0.930874 -0 -0.3653404 -0.9626244 -0 -0.2708398 -0.9479274 -0 -0.3184867 -0.9749279 -0 -0.2225212 -0.9626244 -0 -0.2708398 -0.9848075 -0 -0.1736496 -0.9749279 -0 -0.2225212 -0.9922393 -0 -0.1243432 -0.9848075 -0 -0.1736496 -0.9972038 -0 -0.07472981 -0.9922393 -0 -0.1243432 -0.9972038 -0 -0.07472981 -0.9996892 -0 -0.02493061 -0.9996892 0 -0.02493061 0.9994645 0 -0.03272218 0.9994645 0 -0.03272218 0.995185 0 -0.09801447 0.995185 0 -0.09801447 0.9866438 0 -0.1628926 0.9866438 0 -0.1628926 0.9738765 0 -0.2270785 0.9738765 0 -0.2270785 0.9569415 0 -0.2902808 0.9569415 0 -0.2902808 0.9359069 0 -0.3522476 0.9359069 0 -0.3522476 0.9108589 0 -0.4127178 0.9108589 0 -0.4127178 0.8819198 0 -0.4713994 0.8819198 0 -0.4713994 0.8492143 0 -0.5280483 0.8492143 0 -0.5280483 0.8128371 0 -0.5824911 0.8128371 0 -0.5824911 0.7730176 0 -0.6343847 0.7730176 0 -0.6343847 0.7298571 0 -0.6835998 0.7298571 0 -0.6835998 0.6835952 0 -0.7298613 0.6835952 0 -0.7298613 0.6344 0 -0.7730049 0.6344 0 -0.7730049 0.5824773 0 -0.812847 0.5824773 0 -0.812847 0.5280728 0 -0.8491992 0.5280728 0 -0.8491992 0.4713767 0 -0.881932 0.4713767 0 -0.881932 0.4127229 0 -0.9108566 0.4127229 0 -0.9108566 0.3522561 0 -0.9359037 0.3522561 0 -0.9359037 0.2902684 0 -0.9569452 0.2902684 0 -0.9569452 0.2270785 0 -0.9738765 0.2270785 0 -0.9738765 0.1628752 0 -0.9866467 0.1628752 0 -0.9866467 0.09805106 0 -0.9951814 0.09805106 0 -0.9951814 0.032684 0 -0.9994657 0.032684 0 -0.9994657 -0.032684 -0 -0.9994657 -0.032684 0 -0.9994657 -0.09805106 0 -0.9951814 -0.09805106 0 -0.9951814 -0.162876 -0 -0.9866465 -0.162876 0 -0.9866465 -0.2270774 -0 -0.9738767 -0.2270774 0 -0.9738767 -0.2902698 0 -0.9569449 -0.2902698 0 -0.9569449 -0.3522545 -0 -0.9359043 -0.3522545 0 -0.9359043 -0.4127229 -0 -0.9108566 -0.4127229 0 -0.9108566 -0.4713767 0 -0.881932 -0.4713767 0 -0.881932 -0.5280706 -0 -0.8492005 -0.5280706 0 -0.8492005 -0.5824796 -0 -0.8128453 -0.5824796 0 -0.8128453 -0.6343976 0 -0.7730069 -0.6343976 0 -0.7730069 -0.6835976 -0 -0.729859 -0.6835976 0 -0.729859 -0.7298571 -0 -0.6835998 -0.7298571 0 -0.6835998 -0.7730176 0 -0.6343847 -0.7730176 0 -0.6343847 -0.8128393 -0 -0.5824879 -0.8128393 0 -0.5824879 -0.8492122 0 -0.5280519 -0.8492122 0 -0.5280519 -0.8819198 0 -0.4713994 -0.8819198 0 -0.4713994 -0.9108589 -0 -0.4127178 -0.9108589 0 -0.4127178 -0.9359053 -0 -0.3522518 -0.9359053 0 -0.3522518 -0.9569429 0 -0.2902764 -0.9569429 0 -0.2902764 -0.9738765 -0 -0.2270785 -0.9738765 0 -0.2270785 -0.9866438 0 -0.1628926 -0.9866438 0 -0.1628926 -0.9951845 0 -0.09801929 -0.9951845 0 -0.09801929 -0.9994646 -0 -0.03271733 -0.9994646 0 -0.03271733 0.9994644 0 -0.03272345 0.9994644 0 -0.03272345 0.9951854 0 -0.09801069 0.9951854 0 -0.09801069 0.9866428 0 -0.1628989 0.9866428 0 -0.1628989 0.9738765 0 -0.2270785 0.9738765 0 -0.2270785 0.9569415 0 -0.2902808 0.9569415 0 -0.2902808 0.9359069 0 -0.3522476 0.9359069 0 -0.3522476 0.9108656 0 -0.4127032 0.9108656 0 -0.4127032 0.8819198 0 -0.4713994 0.8819198 0 -0.4713994 0.8492035 0 -0.5280657 0.8492035 0 -0.5280657 0.8128371 0 -0.5824911 0.8128371 0 -0.5824911 0.7730176 0 -0.6343847 0.7730176 0 -0.6343847 0.7298571 0 -0.6835998 0.7298571 0 -0.6835998 0.6835952 0 -0.7298613 0.6835952 0 -0.7298613 0.6344 0 -0.7730049 0.6344 0 -0.7730049 0.5824773 0 -0.812847 0.5824773 0 -0.812847 0.5280728 0 -0.8491992 0.5280728 0 -0.8491992 0.4713767 0 -0.881932 0.4713767 0 -0.881932 0.4127229 0 -0.9108566 0.4127229 0 -0.9108566 0.3522561 0 -0.9359037 0.3522561 0 -0.9359037 0.2902684 0 -0.9569452 0.2902684 0 -0.9569452 0.2270785 0 -0.9738765 0.2270785 0 -0.9738765 0.1629131 0 -0.9866404 0.1629131 0 -0.9866404 0.09801258 0 -0.9951853 0.09801258 0 -0.9951853 0.03272282 0 -0.9994644 0.03272282 0 -0.9994644 -0.03272282 -0 -0.9994644 -0.03272282 0 -0.9994644 -0.09801258 0 -0.9951853 -0.09801258 0 -0.9951853 -0.1629131 -0 -0.9866404 -0.1629131 0 -0.9866404 -0.2270785 -0 -0.9738765 -0.2270785 0 -0.9738765 -0.2902684 0 -0.9569452 -0.2902684 0 -0.9569452 -0.3522593 -0 -0.9359025 -0.3522593 0 -0.9359025 -0.4127193 -0 -0.9108583 -0.4127193 0 -0.9108583 -0.4713767 0 -0.881932 -0.4713767 0 -0.881932 -0.5280728 -0 -0.8491992 -0.5280728 0 -0.8491992 -0.5824819 -0 -0.8128436 -0.5824819 0 -0.8128436 -0.6343905 0 -0.7730128 -0.6343905 0 -0.7730128 -0.6836049 -0 -0.7298522 -0.6836049 0 -0.7298522 -0.7298522 -0 -0.6836049 -0.7298522 0 -0.6836049 -0.7730224 0 -0.6343789 -0.7730224 0 -0.6343789 -0.8128371 -0 -0.5824911 -0.8128371 0 -0.5824911 -0.8491992 0 -0.5280728 -0.8491992 0 -0.5280728 -0.8819239 0 -0.4713919 -0.8819239 0 -0.4713919 -0.9108656 -0 -0.4127032 -0.9108656 0 -0.4127032 -0.9359037 -0 -0.3522561 -0.9359037 0 -0.3522561 -0.9569415 0 -0.2902808 -0.9569415 0 -0.2902808 -0.9738765 -0 -0.2270785 -0.9738765 0 -0.2270785 -0.9866428 0 -0.1628989 -0.9866428 0 -0.1628989 -0.9951854 0 -0.09801069 -0.9951854 0 -0.09801069 -0.9994644 -0 -0.03272345 -0.9994644 0 -0.03272345 0.9994646 0 -0.0327186 0.9994646 0 -0.0327186 0.9951849 0 -0.09801549 0.9951849 0 -0.09801549 0.9866428 0 -0.1628989 0.9866428 0 -0.1628989 0.9738784 0 -0.2270699 0.9738784 0 -0.2270699 0.9569396 0 -0.2902872 0.9569396 0 -0.2902872 0.9359053 0 -0.3522518 0.9359053 0 -0.3522518 0.9108656 0 -0.4127032 0.9108656 0 -0.4127032 0.8819198 0 -0.4713994 0.8819198 0 -0.4713994 0.8492013 0 -0.5280693 0.8492013 0 -0.5280693 0.8128393 0 -0.5824879 0.8128393 0 -0.5824879 0.7730176 0 -0.6343847 0.7730176 0 -0.6343847 0.7298571 0 -0.6835998 0.7298571 0 -0.6835998 0.6835976 0 -0.729859 0.6835976 0 -0.729859 0.6343976 0 -0.7730069 0.6343976 0 -0.7730069 0.5824796 0 -0.8128453 0.5824796 0 -0.8128453 0.5280706 0 -0.8492005 0.5280706 0 -0.8492005 0.4713767 0 -0.881932 0.4713767 0 -0.881932 0.4127229 0 -0.9108566 0.4127229 0 -0.9108566 0.3522545 0 -0.9359043 0.3522545 0 -0.9359043 0.2902698 0 -0.9569449 0.2902698 0 -0.9569449 0.2270774 0 -0.9738767 0.2270774 0 -0.9738767 0.1629139 0 -0.9866403 0.1629139 0 -0.9866403 0.09801258 0 -0.9951853 0.09801258 0 -0.9951853 0.03272282 0 -0.9994644 0.03272282 0 -0.9994644 -0.03272282 -0 -0.9994644 -0.03272282 0 -0.9994644 -0.09801258 0 -0.9951853 -0.09801258 0 -0.9951853 -0.1629131 -0 -0.9866404 -0.1629131 0 -0.9866404 -0.2270785 -0 -0.9738765 -0.2270785 0 -0.9738765 -0.2902684 0 -0.9569452 -0.2902684 0 -0.9569452 -0.3522561 -0 -0.9359037 -0.3522561 0 -0.9359037 -0.4127229 -0 -0.9108566 -0.4127229 0 -0.9108566 -0.4713767 0 -0.881932 -0.4713767 0 -0.881932 -0.5280728 -0 -0.8491992 -0.5280728 0 -0.8491992 -0.5824773 -0 -0.812847 -0.5824773 0 -0.812847 -0.6344 0 -0.7730049 -0.6344 0 -0.7730049 -0.6835952 -0 -0.7298613 -0.6835952 0 -0.7298613 -0.7298571 -0 -0.6835998 -0.7298571 0 -0.6835998 -0.7730176 0 -0.6343847 -0.7730176 0 -0.6343847 -0.8128371 -0 -0.5824911 -0.8128371 0 -0.5824911 -0.8492035 0 -0.5280657 -0.8492035 0 -0.5280657 -0.8819198 0 -0.4713994 -0.8819198 0 -0.4713994 -0.9108656 -0 -0.4127032 -0.9108656 0 -0.4127032 -0.9359069 -0 -0.3522476 -0.9359069 0 -0.3522476 -0.9569382 0 -0.2902916 -0.9569382 0 -0.2902916 -0.9738784 -0 -0.2270699 -0.9738784 0 -0.2270699 -0.9866428 0 -0.1628989 -0.9866428 0 -0.1628989 -0.9951854 0 -0.09801069 -0.9951854 0 -0.09801069 -0.9994644 -0 -0.03272345 -0.9994644 0 -0.03272345 0.9994644 0 -0.03272345 0.9994644 0 -0.03272345 0.9951854 0 -0.09801069 0.9951854 0 -0.09801069 0.9866428 0 -0.1628989 0.9866428 0 -0.1628989 0.9738784 0 -0.2270699 0.9738784 0 -0.2270699 0.9569382 0 -0.2902916 0.9569382 0 -0.2902916 0.9359069 0 -0.3522476 0.9359069 0 -0.3522476 0.9108656 0 -0.4127032 0.9108656 0 -0.4127032 0.8819198 0 -0.4713994 0.8819198 0 -0.4713994 0.8492035 0 -0.5280657 0.8492035 0 -0.5280657 0.8128371 0 -0.5824911 0.8128371 0 -0.5824911 0.7730176 0 -0.6343847 0.7730176 0 -0.6343847 0.7298571 0 -0.6835998 0.7298571 0 -0.6835998 0.6835952 0 -0.7298613 0.6835952 0 -0.7298613 0.6344 0 -0.7730049 0.6344 0 -0.7730049 0.5824773 0 -0.812847 0.5824773 0 -0.812847 0.5280728 0 -0.8491992 0.5280728 0 -0.8491992 0.4713767 0 -0.881932 0.4713767 0 -0.881932 0.4127229 0 -0.9108566 0.4127229 0 -0.9108566 0.3522561 0 -0.9359037 0.3522561 0 -0.9359037 0.2902684 0 -0.9569452 0.2902684 0 -0.9569452 0.2270785 0 -0.9738765 0.2270785 0 -0.9738765 0.1629131 0 -0.9866404 0.1629131 0 -0.9866404 0.09801258 0 -0.9951853 0.09801258 0 -0.9951853 0.03272282 0 -0.9994644 0.03272282 0 -0.9994644 -0.03272282 -0 -0.9994644 -0.03272282 0 -0.9994644 -0.09801258 0 -0.9951853 -0.09801258 0 -0.9951853 -0.1629139 -0 -0.9866403 -0.1629139 0 -0.9866403 -0.2270774 -0 -0.9738767 -0.2270774 0 -0.9738767 -0.2902698 0 -0.9569449 -0.2902698 0 -0.9569449 -0.3522545 -0 -0.9359043 -0.3522545 0 -0.9359043 -0.4127229 -0 -0.9108566 -0.4127229 0 -0.9108566 -0.4713767 0 -0.881932 -0.4713767 0 -0.881932 -0.5280706 -0 -0.8492005 -0.5280706 0 -0.8492005 -0.5824796 -0 -0.8128453 -0.5824796 0 -0.8128453 -0.6343976 0 -0.7730069 -0.6343976 0 -0.7730069 -0.6835976 -0 -0.729859 -0.6835976 0 -0.729859 -0.7298571 -0 -0.6835998 -0.7298571 0 -0.6835998 -0.7730176 0 -0.6343847 -0.7730176 0 -0.6343847 -0.8128393 -0 -0.5824879 -0.8128393 0 -0.5824879 -0.8492013 0 -0.5280693 -0.8492013 0 -0.5280693 -0.8819198 0 -0.4713994 -0.8819198 0 -0.4713994 -0.9108656 -0 -0.4127032 -0.9108656 0 -0.4127032 -0.9359053 -0 -0.3522518 -0.9359053 0 -0.3522518 -0.9569396 0 -0.2902872 -0.9569396 0 -0.2902872 -0.9738784 -0 -0.2270699 -0.9738784 0 -0.2270699 -0.9866428 0 -0.1628989 -0.9866428 0 -0.1628989 -0.9951849 0 -0.09801549 -0.9951849 0 -0.09801549 -0.9994646 -0 -0.0327186 -0.9994646 0 -0.0327186 0.9994644 0 -0.03272345 0.9994644 0 -0.03272345 0.9951854 0 -0.09801069 0.9951854 0 -0.09801069 0.9866428 0 -0.1628989 0.9866428 0 -0.1628989 0.9738765 0 -0.2270785 0.9738765 0 -0.2270785 0.9569415 0 -0.2902808 0.9569415 0 -0.2902808 0.9359037 0 -0.3522561 0.9359037 0 -0.3522561 0.9108656 0 -0.4127032 0.9108656 0 -0.4127032 0.8819239 0 -0.4713919 0.8819239 0 -0.4713919 0.8491992 0 -0.5280728 0.8491992 0 -0.5280728 0.8128371 0 -0.5824911 0.8128371 0 -0.5824911 0.7730224 0 -0.6343789 0.7730224 0 -0.6343789 0.7298522 0 -0.6836049 0.7298522 0 -0.6836049 0.6836049 0 -0.7298522 0.6836049 0 -0.7298522 0.6343905 0 -0.7730128 0.6343905 0 -0.7730128 0.5824819 0 -0.8128436 0.5824819 0 -0.8128436 0.5280728 0 -0.8491992 0.5280728 0 -0.8491992 0.4713767 0 -0.881932 0.4713767 0 -0.881932 0.4127193 0 -0.9108583 0.4127193 0 -0.9108583 0.3522593 0 -0.9359025 0.3522593 0 -0.9359025 0.2902684 0 -0.9569452 0.2902684 0 -0.9569452 0.2270785 0 -0.9738765 0.2270785 0 -0.9738765 0.1629131 0 -0.9866404 0.1629131 0 -0.9866404 0.09801258 0 -0.9951853 0.09801258 0 -0.9951853 0.03272282 0 -0.9994644 0.03272282 0 -0.9994644 -0.03272282 -0 -0.9994644 -0.03272282 0 -0.9994644 -0.09801258 0 -0.9951853 -0.09801258 0 -0.9951853 -0.1629131 -0 -0.9866404 -0.1629131 0 -0.9866404 -0.2270785 -0 -0.9738765 -0.2270785 0 -0.9738765 -0.2902684 0 -0.9569452 -0.2902684 0 -0.9569452 -0.3522561 -0 -0.9359037 -0.3522561 0 -0.9359037 -0.4127229 -0 -0.9108566 -0.4127229 0 -0.9108566 -0.4713767 0 -0.881932 -0.4713767 0 -0.881932 -0.5280728 -0 -0.8491992 -0.5280728 0 -0.8491992 -0.5824773 -0 -0.812847 -0.5824773 0 -0.812847 -0.6344 0 -0.7730049 -0.6344 0 -0.7730049 -0.6835952 -0 -0.7298613 -0.6835952 0 -0.7298613 -0.7298571 -0 -0.6835998 -0.7298571 0 -0.6835998 -0.7730176 0 -0.6343847 -0.7730176 0 -0.6343847 -0.8128371 -0 -0.5824911 -0.8128371 0 -0.5824911 -0.8492035 0 -0.5280657 -0.8492035 0 -0.5280657 -0.8819198 0 -0.4713994 -0.8819198 0 -0.4713994 -0.9108656 -0 -0.4127032 -0.9108656 0 -0.4127032 -0.9359069 -0 -0.3522476 -0.9359069 0 -0.3522476 -0.9569415 0 -0.2902808 -0.9569415 0 -0.2902808 -0.9738765 -0 -0.2270785 -0.9738765 0 -0.2270785 -0.9866428 0 -0.1628989 -0.9866428 0 -0.1628989 -0.9951854 0 -0.09801069 -0.9951854 0 -0.09801069 -0.9994644 -0 -0.03272345 -0.9994644 0 -0.03272345 0.9994646 0 -0.03271733 0.9994646 0 -0.03271733 0.9951845 0 -0.09801929 0.9951845 0 -0.09801929 0.9866438 0 -0.1628926 0.9866438 0 -0.1628926 0.9738765 0 -0.2270785 0.9738765 0 -0.2270785 0.9569429 0 -0.2902764 0.9569429 0 -0.2902764 0.9359053 0 -0.3522518 0.9359053 0 -0.3522518 0.9108589 0 -0.4127178 0.9108589 0 -0.4127178 0.8819198 0 -0.4713994 0.8819198 0 -0.4713994 0.8492122 0 -0.5280519 0.8492122 0 -0.5280519 0.8128393 0 -0.5824879 0.8128393 0 -0.5824879 0.7730176 0 -0.6343847 0.7730176 0 -0.6343847 0.7298571 0 -0.6835998 0.7298571 0 -0.6835998 0.6835976 0 -0.729859 0.6835976 0 -0.729859 0.6343976 0 -0.7730069 0.6343976 0 -0.7730069 0.5824796 0 -0.8128453 0.5824796 0 -0.8128453 0.5280706 0 -0.8492005 0.5280706 0 -0.8492005 0.4713767 0 -0.881932 0.4713767 0 -0.881932 0.4127229 0 -0.9108566 0.4127229 0 -0.9108566 0.3522545 0 -0.9359043 0.3522545 0 -0.9359043 0.2902698 0 -0.9569449 0.2902698 0 -0.9569449 0.2270774 0 -0.9738767 0.2270774 0 -0.9738767 0.162876 0 -0.9866465 0.162876 0 -0.9866465 0.09805106 0 -0.9951814 0.09805106 0 -0.9951814 0.032684 0 -0.9994657 0.032684 0 -0.9994657 -0.032684 -0 -0.9994657 -0.032684 0 -0.9994657 -0.09805106 0 -0.9951814 -0.09805106 0 -0.9951814 -0.1628752 -0 -0.9866467 -0.1628752 0 -0.9866467 -0.2270785 -0 -0.9738765 -0.2270785 0 -0.9738765 -0.2902684 0 -0.9569452 -0.2902684 0 -0.9569452 -0.3522561 -0 -0.9359037 -0.3522561 0 -0.9359037 -0.4127229 -0 -0.9108566 -0.4127229 0 -0.9108566 -0.4713767 0 -0.881932 -0.4713767 0 -0.881932 -0.5280728 -0 -0.8491992 -0.5280728 0 -0.8491992 -0.5824773 -0 -0.812847 -0.5824773 0 -0.812847 -0.6344 0 -0.7730049 -0.6344 0 -0.7730049 -0.6835952 -0 -0.7298613 -0.6835952 0 -0.7298613 -0.7298571 -0 -0.6835998 -0.7298571 0 -0.6835998 -0.7730176 0 -0.6343847 -0.7730176 0 -0.6343847 -0.8128371 -0 -0.5824911 -0.8128371 0 -0.5824911 -0.8492143 0 -0.5280483 -0.8492143 0 -0.5280483 -0.8819198 0 -0.4713994 -0.8819198 0 -0.4713994 -0.9108589 -0 -0.4127178 -0.9108589 0 -0.4127178 -0.9359069 -0 -0.3522476 -0.9359069 0 -0.3522476 -0.9569415 0 -0.2902808 -0.9569415 0 -0.2902808 -0.9738765 -0 -0.2270785 -0.9738765 0 -0.2270785 -0.9866438 0 -0.1628926 -0.9866438 0 -0.1628926 -0.995185 0 -0.09801447 -0.995185 0 -0.09801447 -0.9994645 -0 -0.03272218 -0.9994645 0 -0.03272218 0 1 0 0 1 0 0 1 0 0 1 0 0 1 0 0 1 0 0 1 0 0 1 0 0 1 0 0 1 0 0 1 0 0 1 0 0 1 0 0 1 0 0 1 0 0 1 0 0 1 0 0 1 0 0 1 0 0 1 0 0 1 0 0 1 0 0 1 0 0 1 0 0 1 0 0 1 0 0 1 0 0 1 0 0 1 0 0 1 0 0 1 0 0 1 0 0 1 0 0 1 0 0 1 0 0 1 0 0 1 0 0 1 0 0 1 0 0 1 0 0 1 0 0 1 0 0 1 0 0 1 0 0 1 0 0 1 0 0 1 0 0 1 0 0 1 0 0 1 0 0 1 0 0 1 0 0 1 0 0 1 0 0 1 0 0 1 0 0 1 0 0 1 0 0 1 0 0 1 0 0 1 0 0 1 0 0 1 0 0 1 0 0 1 0 0 1 0 0 1 0 0 1 0 0 1 0 0 1 0 0 1 0 0 1 0 0 1 0 0 1 0 0 1 0 0 1 0 0 1 0 0 1 0 0 1 0 0 1 0 0 1 0 0 1 0 0 1 0 0 1 0 0 1 0 0 1 0 0 1 0 0 1 0 0 1 0 0 1 0 0 1 0 0 1 0 0 1 0 0 1 0 0 1 0 0 1 0 0 1 0 0 1 0 0 1 0 0 1 0 0 1 0 0 1 0 0 1 0 0 1 0 0 1 0 0 1 0 0 1 0 0 1 0 0 1 0 0 1 0 0 1 0 0 1 0 0 1 0 0 1 0 0 1 0 0 1 0 0 1 0 0 1 0 0 1 0 0 1 0 0 1 0 0 1 0 0 1 0 0 1 0 0.9996892 0 -0.02493118 0.9996892 0 -0.02493118 0.9972038 0 -0.07473101 0.9972038 0 -0.07473101 0.9922394 0 -0.1243424 0.9922394 0 -0.1243424 0.9848076 0 -0.1736489 0.9848076 0 -0.1736489 0.9749278 0 -0.2225215 0.9749278 0 -0.2225215 0.9626243 0 -0.2708404 0.9479278 0 -0.3184853 0.9626243 0 -0.2708404 0.9308735 0 -0.3653418 0.9479278 0 -0.3184853 0.9115062 0 -0.4112863 0.9308735 0 -0.3653418 0.8898719 0 -0.4562106 0.9115062 0 -0.4112863 0.8660243 0 -0.5000018 0.8898719 0 -0.4562106 0.8400261 0 -0.542546 0.8660243 0 -0.5000018 0.8119382 0 -0.5837433 0.8400261 0 -0.542546 0.7818325 0 -0.6234886 0.8119382 0 -0.5837433 0.7497793 0 -0.6616881 0.7818325 0 -0.6234886 0.7158684 0 -0.6982353 0.7497793 0 -0.6616881 0.6801714 0 -0.733053 0.7158684 0 -0.6982353 0.6801714 0 -0.733053 0.6427882 0 -0.766044 0.6427882 0 -0.766044 0.6038053 0 -0.7971318 0.6038053 0 -0.7971318 0.5633202 0 -0.8262386 0.5633202 0 -0.8262386 0.5214356 0 -0.8532906 0.5214356 0 -0.8532906 0.4782538 0 -0.8782217 0.4782538 0 -0.8782217 0.433883 0 -0.9009693 0.433883 0 -0.9009693 0.3884349 0 -0.9214761 0.3884349 0 -0.9214761 0.34202 0 -0.9396927 0.34202 0 -0.9396927 0.294755 0 -0.9555729 0.294755 0 -0.9555729 0.1981462 0 -0.9801725 0.2467566 0 -0.9690775 0.2467566 0 -0.9690775 0.1981462 0 -0.9801725 0.1490422 0 -0.9888308 0.1490422 0 -0.9888308 0.0498468 0 -0.9987568 0.09956905 0 -0.9950306 0.09956905 0 -0.9950306 0 -0 -1 0.0498468 0 -0.9987568 0 0 -1 -0.09956905 -0 -0.9950306 -0.0498468 -0 -0.9987568 -0.0498468 0 -0.9987568 -0.1490422 -0 -0.9888308 -0.09956905 -0 -0.9950306 -0.1981462 -0 -0.9801725 -0.1490422 -0 -0.9888308 -0.2467566 -0 -0.9690775 -0.1981462 -0 -0.9801725 -0.294755 -0 -0.9555729 -0.2467566 -0 -0.9690775 -0.34202 -0 -0.9396927 -0.294755 -0 -0.9555729 -0.3884349 -0 -0.9214761 -0.34202 -0 -0.9396927 -0.433883 -0 -0.9009693 -0.3884349 -0 -0.9214761 -0.4782538 -0 -0.8782217 -0.433883 -0 -0.9009693 -0.5214356 -0 -0.8532906 -0.4782538 -0 -0.8782217 -0.5214356 -0 -0.8532906 -0.5633202 0 -0.8262386 -0.5633202 -0 -0.8262386 -0.6038053 0 -0.7971318 -0.6427882 -0 -0.766044 -0.6038053 -0 -0.7971318 -0.6427882 -0 -0.766044 -0.7158684 -0 -0.6982353 -0.6801714 -0 -0.733053 -0.6801714 0 -0.733053 -0.7497793 -0 -0.6616881 -0.7158684 -0 -0.6982353 -0.7818325 -0 -0.6234886 -0.7497793 -0 -0.6616881 -0.7818325 -0 -0.6234886 -0.8400261 -0 -0.542546 -0.8119382 -0 -0.5837433 -0.8119382 0 -0.5837433 -0.8660243 -0 -0.5000018 -0.8400261 -0 -0.542546 -0.8898719 -0 -0.4562106 -0.8660243 -0 -0.5000018 -0.9115062 -0 -0.4112863 -0.8898719 -0 -0.4562106 -0.9115062 -0 -0.4112863 -0.9479278 -0 -0.3184853 -0.9308735 -0 -0.3653418 -0.9308735 0 -0.3653418 -0.9626243 -0 -0.2708404 -0.9479278 -0 -0.3184853 -0.9749278 -0 -0.2225215 -0.9626243 -0 -0.2708404 -0.9749278 -0 -0.2225215 -0.9922394 -0 -0.1243424 -0.9848076 -0 -0.1736489 -0.9848076 0 -0.1736489 -0.9972038 -0 -0.07473101 -0.9922394 -0 -0.1243424 -0.9972038 -0 -0.07473101 -0.9996892 -0 -0.02493118 -0.9996892 0 -0.02493118 0 -1 0 0 -1 0 0 -1 0 0 -1 0 0 -1 0 0 -1 0 0 -1 0 0 -1 0 0 -1 0 0 -1 0 0 -1 0 0 -1 0 0 -1 0 0 -1 0 0 -1 0 0 -1 0 0 -1 0 0 -1 0 -0 -1 0 0 -1 0 -0 -1 0 0 -1 0 -0 -1 0 0 -1 0 0 -1 0 0 -1 0 -0 -1 0 -0 -1 0 -0 -1 0 0 -1 0 0 -1 0 -0 -1 0 -0 -1 0 -0 -1 0 -0 -1 0 0 -1 0 0 -1 0 0 -1 0 0 -1 0 0 -1 0 0 -1 0 0 -1 0 0 -1 0 0 -1 0 0 -1 0 0 -1 0 0 -1 0 -0 -1 0 -0 -1 0 -0 -1 0 0 -1 0 0 -1 0 0 -1 0 -0 -1 0 -0 -1 0 -0 -1 0 -0 -1 0 -0 -1 0 0 -1 0 0 -1 0 0 -1 0 0 -1 0 -0 -1 0 -0 -1 0 -0 -1 0 0 -1 0 0 -1 0 0 -1 0 0 -1 0 -0 -1 -0 -0 -1 -0 -0 -1 -0 0 -1 0 0 -1 0 -0 -1 -0 0 -1 0 -0 -1 -0 -0 -1 -0 -0 -1 -0 -0 -1 -0 0 -1 0 0 -1 0 -0 -1 0 -0 -1 -0 0 -1 0 -0 -1 0 -0 -1 0 0 -1 0 0 -1 0 -0 -1 -0 0 -1 0 0 -1 0 -0 -1 0 0 -1 0 0 -1 0 0 -1 0 0 -1 0 0 -1 0 0 -1 0 0 -1 0 0 -1 0 0 -1 0 0 -1 0 0 -1 0 0 -1 0 0 -1 0 0 -1 0 0 -1 0 0 -1 0 0 -1 0 0 -1 0 0 -1 0 -0 -1 0 0 -1 0 0 -1 0 0 -1 0 0 -1 0 -0 -1 0 0 -1 0 -0 -1 0 -0 -1 0 -0 -1 0 0 -1 0 -0 -1 0 -0 -1 0 0 -1 0 0 -1 0 -0 -1 0 0 -1 0 0 -1 0 0 -1 0 0 -1 0 0 -1 0 0 -1 0 0 -1 0 -0 -1 0 -0 -1 0 0 -1 0 0 -1 0 -0 -1 0 -0 -1 0 -0 -1 0 -0 -1 0 -0 -1 0 0 -1 0 0 -1 0 -0 -1 0 -0 -1 0 -0 -1 0 0 -1 0 0 -1 0 0 -1 0 -0 -1 0 -0 -1 0 -0 -1 0 0 -1 0 0 -1 0 0 -1 0 0 -1 0 -0 -1 0 0 -1 0 -0 -1 0 -0 -1 0 0 -1 0 0 -1 0 0 -1 0 -0 -1 -0 -0 -1 -0 -0 -1 -0 0 -1 0 0 -1 0 -0 -1 -0 -0 -1 -0 -0 -1 -0 0 -1 0 0 -1 0 -0 -1 -0 -0 -1 0 0 -1 0 -0 -1 -0 -0 -1 -0 0 -1 0 0 -1 0 0 -1 0 0 -1 0 -0 -1 0 0 -1 0 0 -1 0 0 -1 0 0 -1 0 0 -1 0 0 -1 0 0 -1 0 0 -1 0 0 -1 0 0 -1 0 0 -1 0 0 -1 0 0 -1 0 0 -1 0 0 -1 0 0 -1 0 0 -1 0 0 -1 0 0 -1 0 0 -1 0 0 -1 0 0 -1 0 0 -1 0 0 -1 0 -0 -1 0 0 -1 0 -0 -1 0 0 -1 0 -0 -1 0 0 -1 0 0 -1 0 0 -1 0 -0 -1 0 0 -1 0 -0 -1 0 0 -1 0 0 -1 0 -0 -1 0 0 -1 0 -0 -1 0 -0 -1 0 -0 -1 0 -0 -1 0 -0 -1 0 0 -1 0 -0 -1 0 0 -1 0 0 -1 0 0 -1 0 0 -1 0 -0 -1 0 0 -1 0 -0 -1 0 -0 -1 0 0 -1 0 0 -1 0 -0 -1 0 0 -1 0 0 -1 0 0 -1 0 0 -1 0 0 -1 0 0 -1 0 -0 -1 0 -0 -1 0 0 -1 0 0 -1 0 -0 -1 0 -0 -1 -0 -0 -1 0 0 -1 0 0 -1 0 -0 -1 -0 -0 -1 0 -0 -1 -0 -0 -1 -0 0 -1 0 0 -1 0 -0 -1 -0 -0 -1 0 -0 -1 -0 -0 -1 -0 -0 -1 0 0 -1 0 0 -1 0 0 -1 0 -0 -1 0 -0 -1 -0 -0 -1 -0 0 -1 0 -0 -1 -0 0 -1 0 0 -1 0 0 -1 0 0 -1 0 -0 -1 0 0 -1 0 0 -1 0 0 -1 0 0 -1 0 0 -1 0 0 -1 0 0 -1 0 0 -1 0 0 -1 0 0 -1 0 0 -1 0 0 -1 0 0 -1 0 0 -1 0 0 -1 0 0 -1 0 0 -1 0 0 -1 0 -0 -1 0 0 -1 0 -0 -1 0 0 -1 0 -0 -1 0 0 -1 0 0 -1 0 0 -1 0 -0 -1 0 -0 -1 0 -0 -1 0 0 -1 0 0 -1 0 -0 -1 0 -0 -1 0 -0 -1 0 -0 -1 0 0 -1 0 0 -1 0 0 -1 0 0 -1 0 0 -1 0 0 -1 0 0 -1 0 0 -1 0 0 -1 0 0 -1 0 0 -1 0 0 -1 0 -0 -1 0 -0 -1 0 -0 -1 0 0 -1 0 0 -1 0 0 -1 0 -0 -1 0 -0 -1 0 -0 -1 0 -0 -1 0 -0 -1 0 0 -1 0 0 -1 0 0 -1 0 0 -1 0 -0 -1 0 -0 -1 0 -0 -1 0 0 -1 0 0 -1 0 0 -1 0 0 -1 0 -0 -1 -0 -0 -1 -0 -0 -1 -0 0 -1 0 0 -1 0 -0 -1 -0 0 -1 0 -0 -1 -0 -0 -1 -0 -0 -1 -0 -0 -1 -0 0 -1 0 0 -1 0 -0 -1 0 -0 -1 -0 0 -1 0 -0 -1 0 -0 -1 0 0 -1 0 0 -1 0 -0 -1 -0 0 -1 0 0 -1 0 -0 -1 0 0 -1 0 0 -1 0 0 -1 0 0 -1 0 0 -1 0 0 -1 0 0 -1 0 0 -1 0 0 -1 0 0 -1 0 0 -1 0 0 -1 0 0 -1 0 0 -1 0 0 -1 0 0 -1 0 0 -1 0 0 -1 0 -0 -1 0 0 -1 0 0 -1 0 0 -1 0 0 -1 0 -0 -1 0 0 -1 0 -0 -1 0 0 -1 0 0 -1 0 -0 -1 0 -0 -1 0 -0 -1 0 -0 -1 0 0 -1 0 0 -1 0 -0 -1 0 -0 -1 0 0 -1 0 0 -1 0 -0 -1 0 -0 -1 0 0 -1 0 0 -1 0 0 -1 0 0 -1 0 -0 -1 0 0 -1 0 0 -1 0 -0 -1 0 0 -1 0 0 -1 0 -0 -1 0 -0 -1 0 0 -1 0 0 -1 0 0 -1 0 -0 -1 0 0 -1 0 -0 -1 0 -0 -1 0 -0 -1 0 0 -1 0 -0 -1 -0 -0 -1 0 -0 -1 0 -0 -1 -0 -0 -1 0 -0 -1 0 0 -1 0 0 -1 0 0 -1 0 0 -1 0 0 -1 0 0 -1 0 -0 -1 -0 -0 -1 -0 -0 -1 0 0 -1 0 0 -1 0 0 -1 0 0 -1 0 -0 -1 -0 0 -1 0 0 -1 0 0 -1 0 0 -1 0 -0 -1 -0 -0 -1 -0 0 -1 0 0 -1 0 -0 -1 0 -0 -1 -0 0 -1 0 -0 -1 0 0 -1 0 0 -1 0 0 -1 0 0 -1 0 0 -1 0 0 -1 0 0 -1 0 0 -1 0 0 -1 0 0 -1 0 0 -1 0 0 -1 0 0 -1 0 0 -1 0 0 -1 0 0 -1 0 0 -1 0 0 -1 0 0 -1 0 0 -1 0 0 -1 0 0 -1 0 0 -1 0 0 -1 0 -0 -1 0 0 -1 0 -0 -1 0 0 -1 0 -0 -1 0 0 -1 0 0 -1 0 0 -1 0 -0 -1 0 0 -1 0 -0 -1 0 0 -1 0 0 -1 0 -0 -1 0 0 -1 0 -0 -1 0 -0 -1 0 -0 -1 0 -0 -1 0 -0 -1 0 0 -1 0 -0 -1 0 0 -1 0 0 -1 0 0 -1 0 0 -1 0 -0 -1 0 0 -1 0 -0 -1 0 -0 -1 0 0 -1 0 0 -1 0 -0 -1 0 0 -1 0 0 -1 0 0 -1 0 0 -1 0 0 -1 0 0 -1 0 -0 -1 0 -0 -1 0 0 -1 0 0 -1 0 -0 -1 0 -0 -1 -0 -0 -1 0 0 -1 0 0 -1 0 -0 -1 -0 -0 -1 0 -0 -1 -0 -0 -1 -0 0 -1 0 0 -1 0 -0 -1 -0 -0 -1 0 -0 -1 -0 -0 -1 -0 -0 -1 0 0 -1 0 0 -1 0 0 -1 0 -0 -1 0 -0 -1 -0 -0 -1 -0 0 -1 0 -0 -1 -0 0 -1 0 0 -1 0 0 -1 0 0 -1 0 -0 -1 0 -0.9996892 0 -0.02493166 -0.9972039 0 -0.07472876 -0.9922389 0 -0.1243455 -0.9848079 0 -0.1736474 -0.9749286 0 -0.222518 -0.9626245 0 -0.2708394 -0.9479256 0 -0.318492 -0.9308735 0 -0.3653415 -0.911508 0 -0.4112822 -0.889871 0 -0.4562122 -0.8660246 0 -0.5000014 -0.8400292 0 -0.5425412 -0.811936 0 -0.5837464 -0.7818254 0 -0.6234973 -0.7497825 0 -0.6616845 -0.7158667 0 -0.6982369 -0.6801821 0 -0.7330432 -0.6427824 0 -0.7660488 -0.6038088 0 -0.7971292 -0.5633158 0 -0.8262417 -0.5214384 0 -0.8532889 -0.4782426 0 -0.8782278 -0.43389 0 -0.9009659 -0.3884449 0 -0.921472 -0.342009 0 -0.9396967 -0.2947525 0 -0.9555736 -0.2467575 0 -0.9690773 -0.1981505 0 -0.9801716 -0.149034 0 -0.9888321 -0.0995852 0 -0.995029 -0.04983097 0 -0.9987577 0 0 -1 0.04983097 0 -0.9987577 0.0995852 0 -0.995029 0.149034 0 -0.9888321 0.1981505 0 -0.9801716 0.2467575 0 -0.9690773 0.2947525 0 -0.9555736 0.342009 0 -0.9396967 0.3884449 0 -0.921472 0.43389 0 -0.9009659 0.4782426 0 -0.8782278 0.5214384 0 -0.8532889 0.5633158 0 -0.8262417 0.6038088 0 -0.7971292 0.6427824 0 -0.7660488 0.6801821 0 -0.7330432 0.7158667 0 -0.6982369 0.7497825 0 -0.6616845 0.7818254 0 -0.6234973 0.811936 0 -0.5837464 0.8400292 0 -0.5425412 0.8660246 0 -0.5000014 0.889871 0 -0.4562122 0.911508 0 -0.4112822 0.9308735 0 -0.3653415 0.9479256 0 -0.318492 0.9626245 0 -0.2708394 0.9749286 0 -0.222518 0.9848079 0 -0.1736474 0.9922389 0 -0.1243455 0.9972039 0 -0.07472876 0.9996892 0 -0.02493166 -0.9996891 0 -0.02493134 -0.9996891 0 -0.02493134 -0.9972039 0 -0.07472876 -0.9922392 0 -0.1243439 -0.9972039 0 -0.07472876 -0.9922392 0 -0.1243439 -0.9848075 0 -0.1736496 -0.974928 0 -0.2225207 -0.9848075 0 -0.1736496 -0.9626245 0 -0.2708394 -0.974928 0 -0.2225207 -0.9626245 0 -0.2708394 -0.9479282 0 -0.3184843 -0.9479282 0 -0.3184843 -0.9308735 0 -0.3653415 -0.9115059 0 -0.411287 -0.9308735 0 -0.3653415 -0.9115059 0 -0.411287 -0.889871 0 -0.4562122 -0.889871 0 -0.4562122 -0.8660246 0 -0.5000014 -0.8660246 0 -0.5000014 -0.8400254 0 -0.542547 -0.8400254 0 -0.542547 -0.8119404 0 -0.5837404 -0.8119404 0 -0.5837404 -0.7818304 0 -0.6234911 -0.7818304 0 -0.6234911 -0.7497825 0 -0.6616845 -0.7497825 0 -0.6616845 -0.7158667 0 -0.6982369 -0.7158667 0 -0.6982369 -0.6801684 0 -0.7330559 -0.6801684 0 -0.7330559 -0.6427899 0 -0.7660425 -0.6427899 0 -0.7660425 -0.6038007 0 -0.7971354 -0.6038007 0 -0.7971354 -0.5633246 0 -0.8262357 -0.5633246 0 -0.8262357 -0.5214384 0 -0.8532889 -0.5214384 0 -0.8532889 -0.4782524 0 -0.8782224 -0.4782524 0 -0.8782224 -0.4338796 0 -0.9009709 -0.4338796 0 -0.9009709 -0.3884341 0 -0.9214765 -0.3884341 0 -0.9214765 -0.3420202 0 -0.9396926 -0.3420202 0 -0.9396926 -0.2947525 0 -0.9555736 -0.2947525 0 -0.9555736 -0.2467575 0 -0.9690773 -0.1981505 0 -0.9801716 -0.2467575 0 -0.9690773 -0.1490464 0 -0.9888302 -0.1981505 0 -0.9801716 -0.1490464 0 -0.9888302 -0.09955995 0 -0.9950315 -0.04985641 0 -0.9987564 -0.09955995 0 -0.9950315 -0.04985641 0 -0.9987564 0 0 -1 0.04985641 0 -0.9987564 0 0 -1 0.04985641 0 -0.9987564 0.09955995 0 -0.9950315 0.1490464 0 -0.9888302 0.09955995 0 -0.9950315 0.1490464 0 -0.9888302 0.1981505 0 -0.9801716 0.1981505 0 -0.9801716 0.2467575 0 -0.9690773 0.2467575 0 -0.9690773 0.2947525 0 -0.9555736 0.2947525 0 -0.9555736 0.3420202 0 -0.9396926 0.3420202 0 -0.9396926 0.3884341 0 -0.9214765 0.4338796 0 -0.9009709 0.3884341 0 -0.9214765 0.4338796 0 -0.9009709 0.4782524 0 -0.8782224 0.4782524 0 -0.8782224 0.5214384 0 -0.8532889 0.5214384 0 -0.8532889 0.5633246 0 -0.8262357 0.5633246 0 -0.8262357 0.6038007 0 -0.7971354 0.6038007 0 -0.7971354 0.6427899 0 -0.7660425 0.6427899 0 -0.7660425 0.6801684 0 -0.7330559 0.6801684 0 -0.7330559 0.7158667 0 -0.6982369 0.7158667 0 -0.6982369 0.7497825 0 -0.6616845 0.7497825 0 -0.6616845 0.7818304 0 -0.6234911 0.7818304 0 -0.6234911 0.8119404 0 -0.5837404 0.8119404 0 -0.5837404 0.8400254 0 -0.542547 0.8400254 0 -0.542547 0.8660246 0 -0.5000014 0.8660246 0 -0.5000014 0.889871 0 -0.4562122 0.889871 0 -0.4562122 0.9115059 0 -0.411287 0.9115059 0 -0.411287 0.9308735 0 -0.3653415 0.9308735 0 -0.3653415 0.9479282 0 -0.3184843 0.9479282 0 -0.3184843 0.9626245 0 -0.2708394 0.9626245 0 -0.2708394 0.974928 0 -0.2225207 0.974928 0 -0.2225207 0.9848075 0 -0.1736496 0.9848075 0 -0.1736496 0.9922392 0 -0.1243439 0.9922392 0 -0.1243439 0.9972039 0 -0.07472876 0.9972039 0 -0.07472876 0.9996891 0 -0.02493134 0.9996891 0 -0.02493134 0 1 0 0 1 0 0 1 0 0 1 0 0 1 0 0 1 0 0 1 0 0 1 0 0 1 0 0 1 0 0 1 0 0 1 0 0 1 0 0 1 0 0 1 0 0 1 0 0 1 0 0 1 0 0 1 0 0 1 0 0 1 0 0 1 0 0 1 0 0 1 0 0 1 0 0 1 0 0 1 0 0 1 0 0 1 0 0 1 0 0 1 0 0 1 0 0 1 -0 0 1 0 0 1 -0 0 1 0 0 1 -0 0 1 0 0 1 -0 0 1 0 0 1 -0 0 1 0 0 1 -0 0 1 0 0 1 -0 0 1 0 0 1 -0 0 1 0 0 1 -0 0 1 0 0 1 -0 0 1 0 0 1 -0 0 1 -0 0 1 0 0 1 0 0 1 -0 0 1 -0 0 1 0 0 1 0 0 1 0 0 1 0 0 1 0 0 1 0 0 1 0 0 1 0 0 1 0 0 1 0 0 1 0 0 1 0 0 1 0 0 1 0 0 1 0 0 1 0 0 1 0 0 1 0 0 1 0 0 1 0 0 1 0 0 1 0 0 1 0 0 1 0 0 1 0 0 1 0 0 1 0 0 1 0 0 1 0 0 1 0 0 1 0 0 1 0 0 1 0 0 1 0 0 1 0 0 1 0 0 1 0 0 1 0 0 1 0 0 1 0 0 1 -0 0 1 0 0 1 -0 0 1 0 0 1 -0 0 1 0 0 1 -0 0 1 0 0 1 -0 0 1 0 0 1 -0 0 1 0 0 1 -0 0 1 0 0 1 -0 0 1 0 0 1 -0 0 1 0 0 1 -0 0 1 0 0 1 -0 0 1 0 0 1 -0 0 1 0 0 1 -0 0 1 0 0 1 -0 0 1 0 0 -1 0 0 -1 0 0 -1 0 0 -1 0 0 -1 0 0 -1 0 0 -1 0 0 -1 0 0 -1 0 0 -1 0 0 -1 0 0 -1 0 0 -1 0 0 -1 0 0 -1 0 0 -1 0 0 -1 0 0 -1 0 0 -1 0 0 -1 0 0 -1 0 0 -1 0 0 -1 0 0 -1 0 0 -1 0 0 -1 0 0 -1 0 0 -1 0 0 -1 0 0 -1 0 0 -1 0 0 -1 0 0 -1 0 0 -1 0 0 -1 0 0 -1 0 0 -1 0 0 -1 0 0 -1 0 0 -1 0 0 -1 0 0 -1 0 0 -1 0 0 -1 0 0 -1 0 0 -1 0 0 -1 0 0 -1 0 0 -1 0 0 -1 0 0 -1 0 0 -1 0 0 -1 0 0 -1 0 0 -1 0 0 -1 0 0 -1 0 0 -1 0 0 -1 0 0 -1 0 0 -1 0 0 -1 0 0 -1 0 0 -1 0 0 -1 0 0 -1 0 0 -1 0 0 -1 0 0 -1 0 0 -1 0 0 -1 0 0 -1 0 0 -1 0 0 -1 0 0 -1 0 0 -1 0 0 -1 0 0 -1 0 0 -1 0 0 -1 0 0 -1 0 0 -1 0 0 -1 0 0 -1 0 0 -1 0 0 -1 0 0 -1 0 0 -1 0 0 -1 0 0 -1 0 0 -1 0 0 -1 0 0 -1 0 0 -1 0 0 -1 0 0 -1 0 0 -1 0 0 -1 0 0 -1 0 0 -1 0 0 -1 0 0 -1 0 0 -1 0 0 -1 0 0 -1 0 0 -1 0 0 -1 0 0 -1 0 0 -1 0 0 -1 0 0 -1 0 0 -1 0 0 -1 0 0 -1 0 0 -1 0 0 -1 0 0 -1 0 0 -1 0 0 -1 0 0 -1 0 0 -1 0 0 -1 0 0 -1 0 0 -1 0 0 -1 0 0 -1 0 0 -1 0 0 -1 0 0 -1 0 0 -1 0 0 -1 0 0 -1 0 0 -1 0 0 -1 0 0 -1 0 0 -1 0 0 -1 0 0 -1 0 0 -1 0 0 -1 0 0 -1 0 0 -1 0 0 -1 0 0 -1 0 0 -1 0 0 -1 0 0 -1 0 0 -1 0 0 -1 0 0 -1 0 0 -1 0 0 -1 0 0 -1 0 0 -1 0 0 -1 0 0 -1 0 0 -1 0 0 -1 0 0 -1 0 0 -1 0 0 -1 0 0 -1 0 0 -1 0 0 -1 0 0 -1 0 0 -1 0 0 -1 0 0 -1 0 0 -1 0 0 -1 0 0 -1 0 0 -1 0 0 -1 0 0 -1 0 0 -1 0 0 -1 0 0 -1 0 0 -1 0 0 -1 0 0 -1 0 0 -1 0 0 -1 0 0 -1 0 0 -1 0 0 -1 0 0 -1 0 0 -1 0 0 -1 0 0 -1 0 0 -1 0 0 -1 0 0 -1 0 0 -1 0 0 -1 0 0 -1 0 0 -1 0 0 -1 0 0 -1 0 0 -1 0 0 -1 0 0 -1 0 0 -1 0 0 -1 0 0 -1 0 0 -1 0 0 -1 0 0 -1 0 0 -1 0 0 -1 0 0 -1 0 0 -1 0 0 -1 0 0 -1 0 0 -1 0 0 -1 0 0 -1 0 0 -1 0 0 -1 0 0 -1 0 0 -1 0 0 -1 0 0 -1 0 0 -1 0 0 -1 0 0 -1 0 0 -1 0 0 -1 0 0 -1 0 0 -1 0 0 -1 0 0 -1 0 0 -1 0 0 -1 0 0 -1 0 0 -1 0 0 -1 0 0 -1 0 0 -1 0 0 -1 0 0 -1 0 0 -1 0 0 -1 0 0 -1 0 0 -1 0 0 -1 0 0 -1 0 0 -1 0 0 -1 0 0 -1 0 0 -1 0 0 -1 0 0 -1 0 0.9996892 0 0.02493166 0.9996892 -0 0.02493166 0.9972039 -0 0.07472876 0.9972039 0 0.07472876 0.9922392 -0 0.1243439 0.9922392 0 0.1243439 0.9848079 -0 0.1736474 0.9749273 -0 0.2225235 0.9848079 0 0.1736474 0.9749273 -0 0.2225235 0.9626245 -0 0.2708394 0.9479282 -0 0.3184843 0.9626245 0 0.2708394 0.9479282 -0 0.3184843 0.9308735 -0 0.3653415 0.9308735 0 0.3653415 0.9115059 -0 0.411287 0.9115059 0 0.411287 0.889871 -0 0.4562122 0.889871 0 0.4562122 0.8660246 -0 0.5000014 0.8400254 -0 0.542547 0.8660246 0 0.5000014 0.8119404 -0 0.5837404 0.8400254 -0 0.542547 0.8119404 -0 0.5837404 0.7818304 -0 0.6234911 0.7818304 0 0.6234911 0.7497825 -0 0.6616845 0.7497825 0 0.6616845 0.7158667 -0 0.6982369 0.6801684 -0 0.7330559 0.7158667 0 0.6982369 0.6427899 -0 0.7660425 0.6801684 -0 0.7330559 0.6427899 -0 0.7660425 0.6038088 0 0.7971292 0.6038088 -0 0.7971292 0.5633158 0 0.8262417 0.5633158 -0 0.8262417 0.5214384 -0 0.8532889 0.5214384 -0 0.8532889 0.4782524 0 0.8782224 0.4782524 -0 0.8782224 0.4338796 -0 0.9009709 0.4338796 0 0.9009709 0.3884341 -0 0.9214765 0.3884341 0 0.9214765 0.3420202 -0 0.9396926 0.2947642 -0 0.95557 0.3420202 0 0.9396926 0.2467575 -0 0.9690773 0.2947642 -0 0.95557 0.2467575 -0 0.9690773 0.1981383 -0 0.9801741 0.1981383 0 0.9801741 0.1490464 -0 0.9888302 0.1490464 0 0.9888302 0.09957258 -0 0.9950303 0.04984369 -0 0.998757 0.09957258 0 0.9950303 0.04984369 -0 0.998757 0 0 1 -0.04984369 0 0.998757 0 0 1 -0.04984369 0 0.998757 -0.09957258 0 0.9950303 -0.09957258 0 0.9950303 -0.1490464 0 0.9888302 -0.1981383 0 0.9801741 -0.1490464 0 0.9888302 -0.1981383 0 0.9801741 -0.2467575 0 0.9690773 -0.2467575 0 0.9690773 -0.2947642 0 0.95557 -0.2947642 0 0.95557 -0.3420202 0 0.9396926 -0.3420202 0 0.9396926 -0.3884341 0 0.9214765 -0.3884341 0 0.9214765 -0.4338796 0 0.9009709 -0.4782524 0 0.8782224 -0.4338796 0 0.9009709 -0.4782524 0 0.8782224 -0.5214384 0 0.8532889 -0.5214384 0 0.8532889 -0.5633158 0 0.8262417 -0.5633158 0 0.8262417 -0.6038088 0 0.7971292 -0.6038088 0 0.7971292 -0.6427899 0 0.7660425 -0.6427899 0 0.7660425 -0.6801684 0 0.7330559 -0.6801684 0 0.7330559 -0.7158667 0 0.6982369 -0.7158667 0 0.6982369 -0.7497825 0 0.6616845 -0.7497825 0 0.6616845 -0.7818304 0 0.6234911 -0.7818304 0 0.6234911 -0.8119404 0 0.5837404 -0.8119404 0 0.5837404 -0.8400254 0 0.542547 -0.8400254 0 0.542547 -0.8660246 0 0.5000014 -0.8660246 0 0.5000014 -0.889871 0 0.4562122 -0.889871 0 0.4562122 -0.9115059 0 0.411287 -0.9115059 0 0.411287 -0.9308735 0 0.3653415 -0.9308735 0 0.3653415 -0.9479282 0 0.3184843 -0.9479282 0 0.3184843 -0.9626245 0 0.2708394 -0.9626245 0 0.2708394 -0.9749273 0 0.2225235 -0.9749273 0 0.2225235 -0.9848079 0 0.1736474 -0.9922392 0 0.1243439 -0.9848079 0 0.1736474 -0.9922392 0 0.1243439 -0.9972039 0 0.07472876 -0.9972039 0 0.07472876 -0.9996892 0 0.02493166 -0.9996892 0 0.02493166 0.9996892 -0 0.02493103 0.9972039 -0 0.07472876 0.9922389 -0 0.1243455 0.9848079 -0 0.1736474 0.9749273 -0 0.2225235 0.9626245 0 0.2708394 0.9479282 -0 0.3184843 0.9308735 -0 0.3653415 0.9115038 -0 0.4112918 0.8898763 -0 0.4562019 0.8660246 -0 0.5000014 0.8400217 -0 0.5425528 0.8119447 -0 0.5837343 0.7818254 0 0.6234973 0.7497825 0 0.6616845 0.7158667 -0 0.6982369 0.6801684 0 0.7330559 0.6427974 -0 0.7660362 0.6037925 -0 0.7971414 0.5633333 0 0.8262298 0.5214198 -0 0.8533003 0.4782623 -0 0.878217 0.43389 -0 0.9009659 0.3884232 -0 0.9214811 0.3420315 -0 0.9396884 0.2947525 0 0.9555736 0.2467575 -0 0.9690773 0.1981505 -0 0.9801716 0.149034 -0 0.9888321 0.09955995 -0 0.9950315 0.04985641 -0 0.9987564 0 0 1 -0.04985641 0 0.9987564 -0.09955995 0 0.9950315 -0.149034 0 0.9888321 -0.1981505 0 0.9801716 -0.2467575 0 0.9690773 -0.2947525 0 0.9555736 -0.3420315 0 0.9396884 -0.3884232 0 0.9214811 -0.43389 0 0.9009659 -0.4782623 0 0.878217 -0.5214198 0 0.8533003 -0.5633333 0 0.8262298 -0.6037925 0 0.7971414 -0.6427974 0 0.7660362 -0.6801684 0 0.7330559 -0.7158667 0 0.6982369 -0.7497825 0 0.6616845 -0.7818254 0 0.6234973 -0.8119447 0 0.5837343 -0.8400217 0 0.5425528 -0.8660246 0 0.5000014 -0.8898763 0 0.4562019 -0.9115038 0 0.4112918 -0.9308735 0 0.3653415 -0.9479282 0 0.3184843 -0.9626245 0 0.2708394 -0.9749273 0 0.2225235 -0.9848079 0 0.1736474 -0.9922389 0 0.1243455 -0.9972039 0 0.07472876 -0.9996892 0 0.02493103 -0.999694 0 -0.02473499 -0.9972476 -3.39548e-06 -0.07414389 -0.9923609 -6.772308e-06 -0.1233688 -0.9850445 -9.973603e-06 -0.1722999 -0.9753184 -1.327659e-05 -0.2208035 -0.9632059 -1.645223e-05 -0.2687642 -0.9487381 -1.958319e-05 -0.3160634 -0.9319411 -2.256487e-05 -0.3626097 -0.9128719 -2.569018e-05 -0.4082461 -0.891565 -2.851229e-05 -0.4528928 -0.8680753 -3.157111e-05 -0.4964325 -0.8424588 -3.441909e-05 -0.5387608 -0.8147893 -3.719527e-05 -0.5797573 -0.785123 -4.011201e-05 -0.6193398 -0.7535328 -4.252911e-05 -0.6574102 -0.7200958 -4.51074e-05 -0.6938746 -0.6848907 -4.769276e-05 -0.7286458 -0.6464394 2.865479e-05 -0.7629654 -0.6482244 0 -0.7614494 -0.6102055 -2.303621e-05 -0.7922432 -0.5706972 -2.506073e-05 -0.8211607 -0.5298313 -2.730719e-05 -0.848103 -0.4877118 -2.91967e-05 -0.8730047 -0.444425 -3.107047e-05 -0.8958161 -0.4000524 -3.274705e-05 -0.9164922 -0.3547179 -3.424464e-05 -0.9349734 -0.3085493 -3.587274e-05 -0.9512083 -0.2616527 -3.722581e-05 -0.9651621 -0.2141082 -3.842277e-05 -0.9768099 -0.1660693 -3.954177e-05 -0.986114 -0.1176152 -4.040778e-05 -0.9930592 -0.06887526 -4.121543e-05 -0.9976253 -0.02000524 -4.2016e-05 -0.9997999 0.02896863 -4.260484e-05 -0.9995803 0.07781269 -4.304127e-05 -0.996968 0.1265264 -4.346069e-05 -0.9919632 0.1748776 -4.376065e-05 -0.9845902 0.2228634 -4.379551e-05 -0.9748496 0.2702794 -4.376698e-05 -0.962782 0.3170704 -4.361404e-05 -0.948402 0.3631064 -4.331188e-05 -0.9317477 0.4082389 -4.301596e-05 -0.9128751 0.4524291 -4.244841e-05 -0.8918004 0.4955289 -4.182738e-05 -0.8685915 0.537416 -4.121329e-05 -0.8433173 0.5780273 -4.013149e-05 -0.8160173 0.6172764 -3.922676e-05 -0.7867463 0.6550285 -3.802853e-05 -0.7556043 0.6912162 -3.685257e-05 -0.722648 0.7257456 -3.551186e-05 -0.6879631 0.758524 -3.39261e-05 -0.6516451 0.7895176 -3.243006e-05 -0.6137279 0.8185871 -3.057588e-05 -0.5743824 0.8457179 -2.879124e-05 -0.5336301 0.8708084 -2.678415e-05 -0.4916224 0.8938211 -2.457554e-05 -0.4484239 0.9146904 -2.235477e-05 -0.4041554 0.9333724 -2.002753e-05 -0.3589097 0.9498132 -1.752051e-05 -0.3128177 0.9639819 -1.491959e-05 -0.2659677 0.975839 -1.216804e-05 -0.2184914 0.9853616 -9.31352e-06 -0.1704774 0.9925224 -6.343631e-06 -0.1220631 0.9973058 -3.220927e-06 -0.07335567 0.9997005 0 -0.02447031 0 1 0 0 1 0 0 1 0 0 1 0 0 1 -0 0 1 0 0 1 0 0 1 -0 0 1 0 0 1 0 0 1 0 0 1 0 0 1 0 0 1 -0 0 1 -0 0 1 0 0 1 0 0 1 0 0 1 0 0 1 0 0 1 -0 0 1 -0 0 1 -0 0 1 0 0 1 -0 -0 1 -0 0 1 0 0 1 0 0 1 0 -0 1 -0 0 1 -0 0 1 0 -0 1 -0 0 1 0 0 1 0 0 -1 0 0 -1 0 0 -1 0 0 -1 0 0 -1 0 0 -1 0 0 -1 0 0 -1 0 0 -1 0 0 -1 0 0 -1 0 0 -1 0 0 -1 0 0 -1 0 0 -1 0 0 -1 0 0 -1 0 0 -1 0 0 -1 0 0 -1 0 0 -1 0 0 -1 0 0 -1 0 0 -1 0 0 -1 0 0 -1 0 0 -1 0 0 -1 0 0 -1 0 0 -1 0 0 -1 0 0 -1 0 0 -1 0 0 -1 0 0 -1 0 0 -1 0 0 -1 0 0 -1 0 0 -1 0 0 -1 0 0 -1 0 0 -1 0 0 -1 0 0 -1 0 0 -1 0 0 -1 0 0 -1 0 0 -1 0 0 -1 0 0 -1 0 0 -1 0 0 -1 0 0 -1 0 0 -1 0 0 -1 0 0 -1 0 0 -1 0 0 -1 0 0 -1 0 0 -1 0 0 -1 0 0 -1 0 0 -1 0 0 -1 0 0 -1 0 0 -1 0 0 -1 0 0 -1 0 0 -1 0 0 -1 0 0 -1 0 0 -1 0 0 -1 0 0 -1 0 0 -1 0 0 -1 0 0 -1 0 0 -1 0 0 -1 0 0 -1 0 0 -1 0 0 -1 0 0 -1 0 0 -1 0 0 -1 0 0 -1 0 0 -1 0 0 -1 0 0 -1 0 0 -1 0 0 -1 0 0 -1 0 0 -1 0 0.9997006 0 0.02447094 0.9973058 -3.220935e-06 0.07335567 0.9925224 -6.343612e-06 0.1220631 0.9853616 -9.31353e-06 0.1704774 0.9758402 -1.216506e-05 0.2184858 0.9639801 -1.49243e-05 0.2659743 0.9498132 -1.757882e-05 0.3128177 0.9333724 -2.002755e-05 0.3589097 0.9146904 -2.235473e-05 0.4041554 0.8938211 -2.465909e-05 0.4484239 0.8708147 -2.676703e-05 0.4916113 0.8457106 -2.871247e-05 0.5336419 0.8185956 -3.065885e-05 0.5743702 0.7895078 -3.234371e-05 0.6137405 0.758535 -3.389418e-05 0.6516322 0.7257333 -3.542002e-05 0.6879761 0.6912162 -3.685249e-05 0.722648 0.6550285 -3.816908e-05 0.7556043 0.6172764 -3.922669e-05 0.7867463 0.5780273 -4.028325e-05 0.8160173 0.5374345 -4.115424e-05 0.8433055 0.4955092 -4.189111e-05 0.8686026 0.4524291 -4.244833e-05 0.8918004 0.4082389 -4.301596e-05 0.9128751 0.3631064 -4.348531e-05 0.9317477 0.3170704 -4.361404e-05 0.948402 0.2702794 -4.376698e-05 0.962782 0.2228634 -4.379551e-05 0.9748496 0.1749028 -4.36643e-05 0.9845857 0.1265009 -4.337664e-05 0.9919665 0.07781269 -4.322678e-05 0.996968 0.02896863 -4.260482e-05 0.9995803 -0.02000524 -4.2016e-05 0.9997999 -0.06887526 -4.140108e-05 0.9976253 -0.1176152 -4.04078e-05 0.9930592 -0.1660693 -3.954173e-05 0.986114 -0.2141082 -3.842281e-05 0.9768099 -0.2616285 -3.710098e-05 0.9651686 -0.3085729 -3.582213e-05 0.9512007 -0.3547179 -3.441861e-05 0.9349734 -0.4000524 -3.274708e-05 0.9164922 -0.4444041 -3.094211e-05 0.8958264 -0.4877118 -2.919681e-05 0.8730047 -0.52985 -2.727669e-05 0.8480914 -0.5706972 -2.521339e-05 0.8211607 -0.6101891 -2.291154e-05 0.7922558 -0.6464452 2.880515e-05 0.7629605 -0.6848907 -4.769257e-05 0.7286458 -0.6482395 0 0.7614365 -0.7200958 -4.510786e-05 0.6938746 -0.7535328 -4.252911e-05 0.6574102 -0.7851132 -3.986291e-05 0.6193523 -0.8147893 -3.71955e-05 0.5797573 -0.8424662 -3.439804e-05 0.5387491 -0.8680753 -3.157065e-05 0.4964325 -0.891565 -2.871537e-05 0.4528928 -0.9128676 -2.551858e-05 0.4082556 -0.9319445 -2.255568e-05 0.362601 -0.9487355 -1.958976e-05 0.3160711 -0.9632059 -1.645225e-05 0.2687642 -0.9753196 -1.32735e-05 0.220798 -0.9850445 -9.973493e-06 0.1722999 -0.9923605 -6.717888e-06 0.1233719 -0.9972478 -3.39525e-06 0.07414199 -0.999694 0 0.02473563 0 -1 0 0 -1 0 0 -1 0 0 -1 0 0 -1 0 0 -1 0 0 -1 0 0 -1 0 0 -1 0 0 -1 0 0 -1 0 0 -1 0 0 -1 0 0 -1 0 0 -1 0 0 -1 0 0 -1 0 0 -1 0 0 -1 0 0 -1 0 0 -1 0 0 -1 0 0 -1 0 0 -1 0 0 -1 0 0 -1 0 0 -1 0 0 -1 0 0 -1 0 0 -1 0 0 -1 0 0 -1 0 0 -1 0 -1 0 0 -1 -0 0 -0.9996892 0 0.02492979 -0.9996892 0 0.02492979 -0.9972038 0 0.07473043 -0.9972038 0 0.07473043 -0.9922391 0 0.1243449 -0.9848077 0 0.1736484 -0.9922391 0 0.1243449 -0.974928 0 0.2225206 -0.9848077 0 0.1736484 -0.974928 0 0.2225206 -0.9626244 0 0.2708399 -0.9626244 0 0.2708399 -0.9479274 0 0.3184866 -0.9479274 0 0.3184866 -0.9308735 0 0.3653418 -0.9308735 0 0.3653418 -0.9115062 0 0.4112863 -0.8898719 0 0.4562105 -0.9115062 0 0.4112863 -0.8898719 0 0.4562105 -0.8660246 0 0.5000014 -0.8660246 0 0.5000014 -0.8400264 0 0.5425454 -0.8119386 0 0.583743 -0.8400264 0 0.5425454 -0.8119386 0 0.583743 -0.7818306 0 0.6234908 -0.7818306 0 0.6234908 -0.7497813 0 0.6616857 -0.7158669 0 0.6982368 -0.7497813 0 0.6616857 -0.7158669 0 0.6982368 -0.6801739 0 0.7330508 -0.6801739 0 0.7330508 -0.6427869 0 0.7660451 -0.6427869 0 0.7660451 -0.6038035 0 0.7971331 -0.6038035 0 0.7971331 -0.5633192 0 0.8262393 -0.5633192 0 0.8262393 -0.5214373 0 0.8532896 -0.5214373 0 0.8532896 -0.4782532 0 0.878222 -0.4782532 0 0.878222 -0.4338838 0 0.9009689 -0.4338838 0 0.9009689 -0.3884346 0 0.9214763 -0.3884346 0 0.9214763 -0.3420224 0 0.9396918 -0.2947553 0 0.9555728 -0.3420224 0 0.9396918 -0.2947553 0 0.9555728 -0.2467547 0 0.9690779 -0.1981461 0 0.9801725 -0.2467547 0 0.9690779 -0.1981461 0 0.9801725 -0.1490428 0 0.9888307 -0.1490428 0 0.9888307 -0.0995659 0 0.995031 -0.0995659 0 0.995031 -0.04984594 0 0.9987569 -0.04984594 0 0.9987569 0 0 1 0 0 1 0.04984594 0 0.9987569 0.04984594 0 0.9987569 0.0995659 0 0.995031 0.0995659 0 0.995031 0.1490428 0 0.9888307 0.1490428 0 0.9888307 0.1981461 0 0.9801725 0.1981461 0 0.9801725 0.2467547 0 0.9690779 0.2467547 0 0.9690779 0.2947553 0 0.9555728 0.2947553 0 0.9555728 0.3420224 0 0.9396918 0.3420224 0 0.9396918 0.3884346 0 0.9214763 0.3884346 0 0.9214763 0.4338838 0 0.9009689 0.4338838 0 0.9009689 0.4782532 0 0.878222 0.5214373 0 0.8532896 0.4782532 0 0.878222 0.5214373 0 0.8532896 0.5633192 0 0.8262393 0.5633192 0 0.8262393 0.6038035 0 0.7971331 0.6038035 0 0.7971331 0.6427869 0 0.7660451 0.6427869 0 0.7660451 0.6801739 0 0.7330508 0.6801739 0 0.7330508 0.7158669 0 0.6982368 0.7158669 0 0.6982368 0.7497813 0 0.6616857 0.7497813 0 0.6616857 0.7818306 0 0.6234908 0.7818306 0 0.6234908 0.8119386 0 0.583743 0.8119386 0 0.583743 0.8400264 0 0.5425454 0.8400264 0 0.5425454 0.8660246 0 0.5000014 0.8660246 0 0.5000014 0.8898719 0 0.4562105 0.8898719 0 0.4562105 0.9115062 0 0.4112863 0.9115062 0 0.4112863 0.9308735 0 0.3653418 0.9479274 0 0.3184866 0.9308735 0 0.3653418 0.9479274 0 0.3184866 0.9626244 0 0.2708399 0.9626244 0 0.2708399 0.974928 0 0.2225206 0.9848077 0 0.1736484 0.974928 0 0.2225206 0.9848077 0 0.1736484 0.9922391 0 0.1243449 0.9922391 0 0.1243449 0.9972038 0 0.07473043 0.9972038 0 0.07473043 0.9996892 0 0.02492979 0.9996892 0 0.02492979 0 -1 0 0 -1 0 0 -1 0 0 -1 0 0 -1 0 0 -1 0 0 -1 0 0 -1 0 0 -1 0 0 -1 0 0 -1 0 0 -1 0 0 -1 0 0 -1 0 0 -1 0 0 -1 0 0 -1 0 0 -1 0 0 -1 0 0 -1 0 0 -1 0 0 -1 0 0 -1 0 0 -1 0 0 -1 0 0 -1 0 0 -1 0 0 -1 0 0 -1 0 0 -1 0 0 -1 0 -0 -1 0 -0 -1 0 0 -1 0 -0 -1 0 -0 -1 0 0 -1 0 -0 -1 0 -0 -1 0 -0 -1 0 0 -1 0 0 -1 0 0 -1 0 0 -1 0 0 -1 0 0 -1 0 0 -1 0 -0 -1 0 -0 -1 0 0 -1 0 -0 -1 0 0 -1 0 0 -1 0 -0 -1 0 -0 -1 0 -0 -1 0 0 -1 0 -0 -1 0 0 -1 0 0 -1 0 0 -1 0 0 -1 0 -0 -1 0 -0 -1 0 -0 -1 0 0 -1 0 0 -1 0 -0 -1 0 0 -1 0 0 -1 0 0 -1 0 -0 -1 0 0 -1 0 0 -1 0 0 -1 0 0 -1 0 0 -1 0 -0 -1 0 -0 -1 0 0 -1 0 0 -1 0 0 -1 0 0 -1 0 -0 -1 0 -0 -1 0 -0 -1 0 -0 -1 0 -0 -1 0 0 -1 0 0 -1 0 0 -1 0 -0 -1 -0 0 -1 0 0 -1 0 0 -1 0 -0 -1 -0 -0 -1 -0 -0 -1 -0 0 -1 0 0 -1 0 -0 -1 0 -0 -1 -0 0 -1 0 0 -1 0 0 -1 0 0 -1 0 0 -1 0 -0 -1 -0 -0 -1 -0 0 -1 0 0 -1 0 0 -1 0 0 -1 0 -0 -1 -0 -0 -1 -0 -0 -1 -0 -0 -1 -0 0 -1 0 0 -1 0 0 -1 0 0 -1 0 -0 -1 -0 0 -1 0 0 -1 0 0 1 0 0 1 0 0 1 0 0 1 0 0 1 0 0 1 0 0 1 0 0 1 0 0 1 0 0 1 0 0 1 0 0 1 0 0 1 0 0 1 0 0 1 0 0 1 0 0 1 0 0 1 0 0 1 0 0 1 0 0 1 0 0 1 0 0 1 0 0 1 0 0 1 0 0 1 0 0 1 0 0 1 0 0 1 0 0 1 0 0 1 0 0 1 0 0 1 0 0 1 0 0 1 0 0 1 0 0 1 0 0 1 0 0 1 0 0 1 0 0 1 0 0 1 0 0 1 0 0 1 0 0 1 0 0 1 0 0 1 0 0 1 0 0 1 0 0 1 0 0 1 0 0 1 0 0 1 0 0 1 0 0 1 0 0 1 0 0 1 0 0 1 0 0 1 0 0 1 0 0 1 0 0 1 0 0 1 0 0 1 0 0 1 0 0 1 0 0 1 0 0 1 0 0 1 0 0 1 0 0 1 0 0 1 0 0 1 0 0 1 0 0 1 0 0 1 0 0 1 0 0 1 0 0 1 0 0 1 0 0 1 0 0 1 0 0 1 0 0 1 0 0 1 0 0 1 0 0 1 0 0 1 0 0 1 0 0 1 0 0 1 0 0 1 0 0 1 0 0 1 0 0 1 0 0 1 0 0 1 0 0 1 0 0 1 0 0 1 0 0 1 0 0 1 0 0 1 0 0 1 0 0 1 0 0 1 0 0 1 0 0 1 0 0 1 0 0 1 0 0 1 0 0 1 0 0 1 0 0 1 0 0 1 0 0 1 0 0 1 0 0 1 0 0 1 0 0 1 0 0 1 0 0 1 0 0 1 0 0 1 0 0.9996892 0 -0.02492968 0.9996892 0 -0.02492968 0.9972037 0 -0.07473076 0.9972037 0 -0.07473076 0.9922391 0 -0.1243443 0.9922391 0 -0.1243443 0.9848076 0 -0.1736491 0.9848076 0 -0.1736491 0.9749282 0 -0.2225197 0.9626244 0 -0.2708399 0.9749282 0 -0.2225197 0.9626244 0 -0.2708399 0.9479269 0 -0.318488 0.930874 0 -0.3653403 0.9479269 0 -0.318488 0.930874 0 -0.3653403 0.9115062 0 -0.4112863 0.9115062 0 -0.4112863 0.8898709 0 -0.4562123 0.8660257 0 -0.4999995 0.8898709 0 -0.4562123 0.8660257 0 -0.4999995 0.8400264 0 -0.5425454 0.8400264 0 -0.5425454 0.811937 0 -0.5837451 0.811937 0 -0.5837451 0.7818324 0 -0.6234887 0.7497813 0 -0.6616857 0.7818324 0 -0.6234887 0.7497813 0 -0.6616857 0.7158669 0 -0.6982368 0.7158669 0 -0.6982368 0.6801715 0 -0.733053 0.6801715 0 -0.733053 0.6427895 0 -0.7660429 0.6427895 0 -0.7660429 0.6038035 0 -0.7971331 0.6038035 0 -0.7971331 0.5633192 0 -0.8262393 0.5633192 0 -0.8262393 0.5214357 0 -0.8532906 0.5214357 0 -0.8532906 0.4782549 0 -0.878221 0.4782549 0 -0.878221 0.4338838 0 -0.9009689 0.4338838 0 -0.9009689 0.3884346 0 -0.9214763 0.3884346 0 -0.9214763 0.3420204 0 -0.9396926 0.3420204 0 -0.9396926 0.2947553 0 -0.9555728 0.2947553 0 -0.9555728 0.2467568 0 -0.9690775 0.2467568 0 -0.9690775 0.1981461 0 -0.9801725 0.1981461 0 -0.9801725 0.1490428 0 -0.9888307 0.1490428 0 -0.9888307 0.09956813 0 -0.9950308 0.09956813 0 -0.9950308 0.04984594 0 -0.9987569 0 -0 -1 0.04984594 0 -0.9987569 0 0 -1 -0.04984594 -0 -0.9987569 -0.09956813 -0 -0.9950308 -0.04984594 0 -0.9987569 -0.09956813 -0 -0.9950308 -0.1490428 -0 -0.9888307 -0.1490428 0 -0.9888307 -0.1981461 -0 -0.9801725 -0.1981461 0 -0.9801725 -0.2467568 -0 -0.9690775 -0.2947553 -0 -0.9555728 -0.2467568 0 -0.9690775 -0.2947553 -0 -0.9555728 -0.3420204 -0 -0.9396926 -0.3420204 0 -0.9396926 -0.3884346 -0 -0.9214763 -0.4338838 -0 -0.9009689 -0.3884346 0 -0.9214763 -0.4338838 -0 -0.9009689 -0.4782549 -0 -0.878221 -0.4782549 0 -0.878221 -0.5214357 0 -0.8532906 -0.5214357 -0 -0.8532906 -0.5633192 -0 -0.8262393 -0.5633192 -0 -0.8262393 -0.6038035 0 -0.7971331 -0.6038035 -0 -0.7971331 -0.6427895 0 -0.7660429 -0.6427895 -0 -0.7660429 -0.6801715 -0 -0.733053 -0.6801715 -0 -0.733053 -0.7158669 0 -0.6982368 -0.7158669 -0 -0.6982368 -0.7497813 0 -0.6616857 -0.7497813 -0 -0.6616857 -0.7818324 0 -0.6234887 -0.7818324 -0 -0.6234887 -0.811937 -0 -0.5837451 -0.811937 -0 -0.5837451 -0.8400264 0 -0.5425454 -0.8400264 -0 -0.5425454 -0.8660257 0 -0.4999995 -0.8660257 -0 -0.4999995 -0.8898709 -0 -0.4562123 -0.8898709 -0 -0.4562123 -0.9115062 0 -0.4112863 -0.9115062 -0 -0.4112863 -0.930874 0 -0.3653403 -0.930874 -0 -0.3653403 -0.9479269 -0 -0.318488 -0.9479269 -0 -0.318488 -0.9626244 0 -0.2708399 -0.9626244 -0 -0.2708399 -0.9749282 -0 -0.2225197 -0.9848076 -0 -0.1736491 -0.9749282 0 -0.2225197 -0.9848076 -0 -0.1736491 -0.9922391 -0 -0.1243443 -0.9922391 0 -0.1243443 -0.9972037 -0 -0.07473076 -0.9972037 0 -0.07473076 -0.9996892 -0 -0.02492968 -0.9996892 0 -0.02492968</float_array>
          <technique_common>
            <accessor count="4857" source="#cubenormals-array0-array" stride="3">
              <param type="float" name="X"/>
              <param type="float" name="Y"/>
              <param type="float" name="Z"/>
            </accessor>
          </technique_common>
        </source>
        <vertices id="cubeverts-array0-vertices">
          <input semantic="POSITION" source="#cubeverts-array0"/>
        </vertices>
        <triangles count="4857" material="ref_MOTOR_GB37Y3532_RIGHT_shape002">
          <input offset="0" semantic="VERTEX" source="#cubeverts-array0-vertices"/>
          <input offset="1" semantic="NORMAL" source="#cubenormals-array0"/>
          <p>0 0 1 0 2 0 3 1 0 1 2 1 3 2 2 2 4 2 5 3 3 3 4 3 5 4 4 4 6 4 7 5 5 5 6 5 7 6 6 6 8 6 9 7 7 7 8 7 9 8 8 8 10 8 11 9 9 9 10 9 11 10 10 10 12 10 13 11 12 11 14 11 13 12 11 12 12 12 15 13 14 13 16 13 15 14 13 14 14 14 17 15 16 15 18 15 17 16 15 16 16 16 19 17 18 17 20 17 19 18 17 18 18 18 21 19 20 19 22 19 21 20 19 20 20 20 23 21 22 21 24 21 23 22 21 22 22 22 25 23 24 23 26 23 25 24 23 24 24 24 27 25 26 25 28 25 27 26 25 26 26 26 29 27 28 27 30 27 29 28 27 28 28 28 31 29 30 29 32 29 31 30 29 30 30 30 33 31 32 31 34 31 33 32 31 32 32 32 35 33 33 33 34 33 35 34 34 34 36 34 37 35 35 35 36 35 37 36 36 36 38 36 39 37 37 37 38 37 39 38 38 38 40 38 41 39 39 39 40 39 41 40 40 40 42 40 43 41 41 41 42 41 43 42 42 42 44 42 45 43 43 43 44 43 45 44 44 44 46 44 47 45 45 45 46 45 47 46 46 46 48 46 49 47 47 47 48 47 49 48 48 48 50 48 51 49 49 49 50 49 51 50 50 50 52 50 53 51 52 51 54 51 53 52 51 52 52 52 55 53 53 53 54 53 56 54 57 54 58 54 56 55 54 55 57 55 56 56 55 56 54 56 59 57 58 57 60 57 59 58 56 58 58 58 61 59 60 59 62 59 61 60 59 60 60 60 63 61 62 61 64 61 63 62 61 62 62 62 65 63 64 63 66 63 65 64 63 64 64 64 67 65 66 65 68 65 67 66 65 66 66 66 69 67 68 67 70 67 69 68 67 68 68 68 71 69 69 69 70 69 72 70 70 70 73 70 72 71 71 71 70 71 74 72 75 72 76 72 74 73 73 73 75 73 74 74 72 74 73 74 77 75 74 75 76 75 78 76 76 76 79 76 78 77 77 77 76 77 80 78 81 78 82 78 80 79 79 79 81 79 80 80 78 80 79 80 83 81 80 81 82 81 84 82 83 82 82 82 84 83 82 83 85 83 86 84 84 84 85 84 86 85 87 85 88 85 86 86 85 86 87 86 89 87 86 87 88 87 89 88 88 88 90 88 91 89 89 89 90 89 92 90 91 90 90 90 92 91 93 91 94 91 92 92 90 92 93 92 95 93 92 93 94 93 96 94 97 94 98 94 96 95 94 95 97 95 96 96 95 96 94 96 99 97 98 97 100 97 99 98 96 98 98 98 101 99 100 99 102 99 101 100 99 100 100 100 103 101 101 101 102 101 104 102 105 102 106 102 104 103 102 103 105 103 104 104 103 104 102 104 107 105 106 105 108 105 107 106 104 106 106 106 109 107 107 107 108 107 110 108 111 108 112 108 110 109 108 109 111 109 110 110 109 110 108 110 113 111 112 111 114 111 113 112 110 112 112 112 115 113 114 113 116 113 115 114 113 114 114 114 117 115 115 115 116 115 118 116 119 116 120 116 118 117 116 117 119 117 118 118 117 118 116 118 121 119 118 119 120 119 122 120 120 120 123 120 122 121 121 121 120 121 124 122 125 122 126 122 124 123 123 123 125 123 124 124 122 124 123 124 127 125 124 125 126 125 128 126 129 126 130 126 129 127 131 127 130 127 130 128 131 128 132 128 131 129 133 129 132 129 132 130 133 130 134 130 133 131 135 131 134 131 134 132 135 132 136 132 135 133 137 133 136 133 136 134 137 134 138 134 137 135 139 135 138 135 138 136 139 136 140 136 139 137 141 137 140 137 140 138 141 138 142 138 141 139 143 139 142 139 142 140 143 140 144 140 143 141 145 141 144 141 144 142 145 142 146 142 145 143 147 143 146 143 146 144 147 144 148 144 147 145 149 145 148 145 148 146 149 146 150 146 149 147 151 147 150 147 150 148 151 148 152 148 151 149 153 149 152 149 152 150 153 150 154 150 153 151 155 151 154 151 154 152 155 152 156 152 155 153 157 153 156 153 156 154 157 154 158 154 157 155 159 155 158 155 158 156 159 156 160 156 159 157 161 157 160 157 160 158 161 158 162 158 161 159 163 159 162 159 162 160 164 160 165 160 163 161 164 161 162 161 165 162 166 162 167 162 164 163 166 163 165 163 167 164 168 164 169 164 166 165 168 165 167 165 169 166 170 166 171 166 171 167 170 167 172 167 168 168 170 168 169 168 170 169 173 169 172 169 172 170 174 170 175 170 173 171 174 171 172 171 175 172 176 172 177 172 174 173 176 173 175 173 176 174 178 174 177 174 177 175 178 175 179 175 178 176 180 176 179 176 179 177 180 177 181 177 180 178 182 178 181 178 181 179 182 179 183 179 182 180 184 180 183 180 183 181 184 181 185 181 184 182 186 182 185 182 185 183 186 183 187 183 186 184 188 184 187 184 187 185 188 185 189 185 188 186 190 186 189 186 189 187 190 187 191 187 190 188 192 188 191 188 191 189 192 189 193 189 192 190 194 190 193 190 193 191 194 191 195 191 194 192 196 192 195 192 195 193 196 193 197 193 196 194 198 194 197 194 197 195 198 195 199 195 198 196 200 196 199 196 199 197 200 197 201 197 200 198 202 198 201 198 201 199 202 199 203 199 202 200 204 200 203 200 203 201 204 201 205 201 204 202 206 202 205 202 205 203 206 203 207 203 206 204 208 204 207 204 207 205 208 205 209 205 208 206 210 206 209 206 209 207 210 207 211 207 210 208 212 208 211 208 211 209 212 209 213 209 212 210 214 210 213 210 213 211 214 211 215 211 214 212 216 212 215 212 215 213 216 213 217 213 216 214 218 214 217 214 217 215 218 215 219 215 218 216 220 216 219 216 219 217 220 217 221 217 220 218 222 218 221 218 221 219 222 219 223 219 222 220 224 220 223 220 223 221 224 221 225 221 226 222 227 222 228 222 227 223 229 223 228 223 228 224 229 224 230 224 229 225 231 225 230 225 230 226 231 226 232 226 231 227 233 227 232 227 232 228 233 228 234 228 233 229 235 229 234 229 234 230 235 230 236 230 235 231 237 231 236 231 236 232 237 232 238 232 237 233 239 233 238 233 238 234 239 234 240 234 239 235 241 235 240 235 240 236 241 236 242 236 241 237 243 237 242 237 242 238 243 238 244 238 243 239 245 239 244 239 244 240 245 240 246 240 245 241 247 241 246 241 246 242 247 242 248 242 247 243 249 243 248 243 248 244 249 244 250 244 249 245 251 245 250 245 250 246 251 246 252 246 251 247 253 247 252 247 252 248 253 248 254 248 253 249 255 249 254 249 254 250 255 250 256 250 255 251 257 251 256 251 256 252 257 252 258 252 257 253 259 253 258 253 258 254 259 254 260 254 259 255 261 255 260 255 260 256 262 256 263 256 261 257 262 257 260 257 263 258 264 258 265 258 262 259 264 259 263 259 265 260 266 260 267 260 264 261 266 261 265 261 267 262 268 262 269 262 269 263 268 263 270 263 266 264 268 264 267 264 268 265 271 265 270 265 270 266 272 266 273 266 271 267 272 267 270 267 273 268 274 268 275 268 272 269 274 269 273 269 274 270 276 270 275 270 275 271 276 271 277 271 276 272 278 272 277 272 277 273 278 273 279 273 278 274 280 274 279 274 279 275 280 275 281 275 280 276 282 276 281 276 281 277 282 277 283 277 282 278 284 278 283 278 283 279 284 279 285 279 284 280 286 280 285 280 285 281 286 281 287 281 286 282 288 282 287 282 287 283 288 283 289 283 288 284 290 284 289 284 289 285 290 285 291 285 290 286 292 286 291 286 291 287 292 287 293 287 292 288 294 288 293 288 293 289 294 289 295 289 294 290 296 290 295 290 295 291 296 291 297 291 296 292 298 292 297 292 297 293 298 293 299 293 298 294 300 294 299 294 299 295 300 295 301 295 300 296 302 296 301 296 301 297 302 297 303 297 302 298 304 298 303 298 303 299 304 299 305 299 304 300 306 300 305 300 305 301 306 301 307 301 306 302 308 302 307 302 307 303 308 303 309 303 308 304 310 304 309 304 309 305 310 305 311 305 310 306 312 306 311 306 311 307 312 307 313 307 312 308 314 308 313 308 313 309 314 309 315 309 314 310 316 310 315 310 315 311 316 311 317 311 316 312 318 312 317 312 317 313 318 313 319 313 318 314 320 314 319 314 319 315 320 315 321 315 320 316 322 316 321 316 321 317 322 317 323 317 324 318 325 318 326 318 325 319 327 319 326 319 326 320 327 320 328 320 327 321 329 321 328 321 328 322 329 322 330 322 329 323 331 323 330 323 330 324 331 324 332 324 331 325 333 325 332 325 332 326 333 326 334 326 333 327 335 327 334 327 334 328 335 328 336 328 335 329 337 329 336 329 336 330 337 330 338 330 337 331 339 331 338 331 338 332 339 332 340 332 339 333 341 333 340 333 340 334 341 334 342 334 341 335 343 335 342 335 342 336 343 336 344 336 343 337 345 337 344 337 344 338 345 338 346 338 345 339 347 339 346 339 346 340 347 340 348 340 347 341 349 341 348 341 348 342 349 342 350 342 349 343 351 343 350 343 350 344 351 344 352 344 351 345 353 345 352 345 352 346 353 346 354 346 353 347 355 347 354 347 354 348 355 348 356 348 355 349 357 349 356 349 356 350 357 350 358 350 357 351 359 351 358 351 358 352 360 352 361 352 359 353 360 353 358 353 361 354 362 354 363 354 360 355 362 355 361 355 363 356 364 356 365 356 362 357 364 357 363 357 365 358 366 358 367 358 367 359 366 359 368 359 364 360 366 360 365 360 366 361 369 361 368 361 368 362 370 362 371 362 369 363 370 363 368 363 371 364 372 364 373 364 370 365 372 365 371 365 372 366 374 366 373 366 373 367 374 367 375 367 374 368 376 368 375 368 375 369 376 369 377 369 376 370 378 370 377 370 377 371 378 371 379 371 378 372 380 372 379 372 379 373 380 373 381 373 380 374 382 374 381 374 381 375 382 375 383 375 382 376 384 376 383 376 383 377 384 377 385 377 384 378 386 378 385 378 385 379 386 379 387 379 386 380 388 380 387 380 387 381 388 381 389 381 388 382 390 382 389 382 389 383 390 383 391 383 390 384 392 384 391 384 391 385 392 385 393 385 392 386 394 386 393 386 393 387 394 387 395 387 394 388 396 388 395 388 395 389 396 389 397 389 396 390 398 390 397 390 397 391 398 391 399 391 398 392 400 392 399 392 399 393 400 393 401 393 400 394 402 394 401 394 401 395 402 395 403 395 402 396 404 396 403 396 403 397 404 397 405 397 404 398 406 398 405 398 405 399 406 399 407 399 406 400 408 400 407 400 407 401 408 401 409 401 408 402 410 402 409 402 409 403 410 403 411 403 410 404 412 404 411 404 411 405 412 405 413 405 412 406 414 406 413 406 413 407 414 407 415 407 414 408 416 408 415 408 415 409 416 409 417 409 416 410 418 410 417 410 417 411 418 411 419 411 418 412 420 412 419 412 419 413 420 413 421 413 422 414 423 414 424 414 423 415 425 415 424 415 424 416 425 416 426 416 425 417 427 417 426 417 426 418 427 418 428 418 427 419 429 419 428 419 428 420 429 420 430 420 429 421 431 421 430 421 430 422 431 422 432 422 431 423 433 423 432 423 432 424 433 424 434 424 433 425 435 425 434 425 434 426 435 426 436 426 435 427 437 427 436 427 436 428 437 428 438 428 437 429 439 429 438 429 438 430 439 430 440 430 439 431 441 431 440 431 440 432 441 432 442 432 441 433 443 433 442 433 442 434 443 434 444 434 443 435 445 435 444 435 444 436 445 436 446 436 445 437 447 437 446 437 446 438 447 438 448 438 447 439 449 439 448 439 448 440 449 440 450 440 449 441 451 441 450 441 450 442 451 442 452 442 451 443 453 443 452 443 452 444 453 444 454 444 453 445 455 445 454 445 454 446 455 446 456 446 455 447 457 447 456 447 456 448 458 448 459 448 457 449 458 449 456 449 459 450 460 450 461 450 458 451 460 451 459 451 461 452 462 452 463 452 460 453 462 453 461 453 463 454 464 454 465 454 465 455 464 455 466 455 462 456 464 456 463 456 464 457 467 457 466 457 466 458 468 458 469 458 467 459 468 459 466 459 469 460 470 460 471 460 468 461 470 461 469 461 470 462 472 462 471 462 471 463 472 463 473 463 472 464 474 464 473 464 473 465 474 465 475 465 474 466 476 466 475 466 475 467 476 467 477 467 476 468 478 468 477 468 477 469 478 469 479 469 478 470 480 470 479 470 479 471 480 471 481 471 480 472 482 472 481 472 481 473 482 473 483 473 482 474 484 474 483 474 483 475 484 475 485 475 484 476 486 476 485 476 485 477 486 477 487 477 486 478 488 478 487 478 487 479 488 479 489 479 488 480 490 480 489 480 489 481 490 481 491 481 490 482 492 482 491 482 491 483 492 483 493 483 492 484 494 484 493 484 493 485 494 485 495 485 494 486 496 486 495 486 495 487 496 487 497 487 496 488 498 488 497 488 497 489 498 489 499 489 498 490 500 490 499 490 499 491 500 491 501 491 500 492 502 492 501 492 501 493 502 493 503 493 502 494 504 494 503 494 503 495 504 495 505 495 504 496 506 496 505 496 505 497 506 497 507 497 506 498 508 498 507 498 507 499 508 499 509 499 508 500 510 500 509 500 509 501 510 501 511 501 510 502 512 502 511 502 511 503 512 503 513 503 512 504 514 504 513 504 513 505 514 505 515 505 514 506 516 506 515 506 515 507 516 507 517 507 516 508 518 508 517 508 517 509 518 509 519 509 520 510 521 510 522 510 521 511 523 511 522 511 522 512 523 512 524 512 523 513 525 513 524 513 524 514 525 514 526 514 525 515 527 515 526 515 526 516 527 516 528 516 527 517 529 517 528 517 528 518 529 518 530 518 529 519 531 519 530 519 530 520 531 520 532 520 531 521 533 521 532 521 532 522 533 522 534 522 533 523 535 523 534 523 534 524 535 524 536 524 535 525 537 525 536 525 536 526 537 526 538 526 537 527 539 527 538 527 538 528 539 528 540 528 539 529 541 529 540 529 540 530 541 530 542 530 541 531 543 531 542 531 542 532 543 532 544 532 543 533 545 533 544 533 544 534 545 534 546 534 545 535 547 535 546 535 546 536 547 536 548 536 547 537 549 537 548 537 548 538 549 538 550 538 549 539 551 539 550 539 550 540 551 540 552 540 551 541 553 541 552 541 552 542 553 542 554 542 553 543 555 543 554 543 554 544 556 544 557 544 555 545 556 545 554 545 557 546 558 546 559 546 556 547 558 547 557 547 559 548 560 548 561 548 558 549 560 549 559 549 561 550 562 550 563 550 563 551 562 551 564 551 560 552 562 552 561 552 562 553 565 553 564 553 564 554 566 554 567 554 565 555 566 555 564 555 567 556 568 556 569 556 566 557 568 557 567 557 568 558 570 558 569 558 569 559 570 559 571 559 570 560 572 560 571 560 571 561 572 561 573 561 572 562 574 562 573 562 573 563 574 563 575 563 574 564 576 564 575 564 575 565 576 565 577 565 576 566 578 566 577 566 577 567 578 567 579 567 578 568 580 568 579 568 579 569 580 569 581 569 580 570 582 570 581 570 581 571 582 571 583 571 582 572 584 572 583 572 583 573 584 573 585 573 584 574 586 574 585 574 585 575 586 575 587 575 586 576 588 576 587 576 587 577 588 577 589 577 588 578 590 578 589 578 589 579 590 579 591 579 590 580 592 580 591 580 591 581 592 581 593 581 592 582 594 582 593 582 593 583 594 583 595 583 594 584 596 584 595 584 595 585 596 585 597 585 596 586 598 586 597 586 597 587 598 587 599 587 598 588 600 588 599 588 599 589 600 589 601 589 600 590 602 590 601 590 601 591 602 591 603 591 602 592 604 592 603 592 603 593 604 593 605 593 604 594 606 594 605 594 605 595 606 595 607 595 606 596 608 596 607 596 607 597 608 597 609 597 608 598 610 598 609 598 609 599 610 599 611 599 610 600 612 600 611 600 611 601 612 601 613 601 612 602 614 602 613 602 613 603 614 603 615 603 614 604 616 604 615 604 615 605 616 605 617 605 618 606 619 606 620 606 619 607 621 607 620 607 620 608 621 608 622 608 621 609 623 609 622 609 622 610 623 610 624 610 623 611 625 611 624 611 624 612 625 612 626 612 625 613 627 613 626 613 626 614 627 614 628 614 627 615 629 615 628 615 628 616 629 616 630 616 629 617 631 617 630 617 630 618 631 618 632 618 631 619 633 619 632 619 632 620 633 620 634 620 633 621 635 621 634 621 634 622 635 622 636 622 635 623 637 623 636 623 636 624 637 624 638 624 637 625 639 625 638 625 638 626 639 626 640 626 639 627 641 627 640 627 640 628 641 628 642 628 641 629 643 629 642 629 642 630 643 630 644 630 643 631 645 631 644 631 644 632 645 632 646 632 645 633 647 633 646 633 646 634 647 634 648 634 647 635 649 635 648 635 648 636 649 636 650 636 649 637 651 637 650 637 650 638 651 638 652 638 651 639 653 639 652 639 652 640 654 640 655 640 653 641 654 641 652 641 655 642 656 642 657 642 654 643 656 643 655 643 657 644 658 644 659 644 656 645 658 645 657 645 659 646 660 646 661 646 661 647 660 647 662 647 658 648 660 648 659 648 660 649 663 649 662 649 662 650 664 650 665 650 663 651 664 651 662 651 665 652 666 652 667 652 664 653 666 653 665 653 666 654 668 654 667 654 667 655 668 655 669 655 668 656 670 656 669 656 669 657 670 657 671 657 670 658 672 658 671 658 671 659 672 659 673 659 672 660 674 660 673 660 673 661 674 661 675 661 674 662 676 662 675 662 675 663 676 663 677 663 676 664 678 664 677 664 677 665 678 665 679 665 678 666 680 666 679 666 679 667 680 667 681 667 680 668 682 668 681 668 681 669 682 669 683 669 682 670 684 670 683 670 683 671 684 671 685 671 684 672 686 672 685 672 685 673 686 673 687 673 686 674 688 674 687 674 687 675 688 675 689 675 688 676 690 676 689 676 689 677 690 677 691 677 690 678 692 678 691 678 691 679 692 679 693 679 692 680 694 680 693 680 693 681 694 681 695 681 694 682 696 682 695 682 695 683 696 683 697 683 696 684 698 684 697 684 697 685 698 685 699 685 698 686 700 686 699 686 699 687 700 687 701 687 700 688 702 688 701 688 701 689 702 689 703 689 702 690 704 690 703 690 703 691 704 691 705 691 704 692 706 692 705 692 705 693 706 693 707 693 706 694 708 694 707 694 707 695 708 695 709 695 708 696 710 696 709 696 709 697 710 697 711 697 710 698 712 698 711 698 711 699 712 699 713 699 712 700 714 700 713 700 713 701 714 701 715 701 716 702 717 702 718 702 719 703 716 703 718 703 719 704 718 704 720 704 721 705 719 705 720 705 721 706 720 706 722 706 723 707 721 707 722 707 723 708 722 708 724 708 725 709 723 709 724 709 725 710 724 710 726 710 727 711 725 711 726 711 727 712 726 712 728 712 729 713 728 713 730 713 729 714 727 714 728 714 731 715 730 715 732 715 731 716 729 716 730 716 733 717 732 717 734 717 733 718 731 718 732 718 735 719 734 719 736 719 735 720 733 720 734 720 737 721 736 721 738 721 737 722 735 722 736 722 739 723 738 723 740 723 739 724 737 724 738 724 741 725 740 725 742 725 741 726 739 726 740 726 743 727 742 727 744 727 743 728 741 728 742 728 745 729 744 729 746 729 745 730 743 730 744 730 747 731 746 731 748 731 747 732 745 732 746 732 749 733 748 733 750 733 749 734 747 734 748 734 751 735 749 735 750 735 751 736 750 736 752 736 753 737 751 737 752 737 753 738 752 738 754 738 755 739 753 739 754 739 755 740 754 740 756 740 757 741 755 741 756 741 757 742 756 742 758 742 759 743 757 743 758 743 759 744 758 744 760 744 761 745 759 745 760 745 761 746 760 746 762 746 763 747 761 747 762 747 763 748 762 748 764 748 765 749 763 749 764 749 765 750 764 750 766 750 767 751 765 751 766 751 767 752 766 752 768 752 769 753 768 753 770 753 769 754 767 754 768 754 771 755 769 755 770 755 771 756 770 756 772 756 773 757 772 757 774 757 773 758 771 758 772 758 775 759 774 759 776 759 775 760 773 760 774 760 777 761 776 761 778 761 777 762 775 762 776 762 779 763 778 763 780 763 779 764 777 764 778 764 781 765 780 765 782 765 781 766 779 766 780 766 783 767 782 767 784 767 783 768 781 768 782 768 785 769 783 769 784 769 786 770 787 770 788 770 786 771 784 771 787 771 786 772 785 772 784 772 789 773 788 773 790 773 789 774 786 774 788 774 791 775 790 775 792 775 791 776 789 776 790 776 793 777 792 777 794 777 793 778 791 778 792 778 795 779 793 779 794 779 796 780 794 780 797 780 796 781 795 781 794 781 798 782 799 782 800 782 798 783 797 783 799 783 798 784 796 784 797 784 801 785 798 785 800 785 802 786 801 786 800 786 802 787 800 787 803 787 804 788 802 788 803 788 804 789 803 789 805 789 806 790 804 790 805 790 806 791 807 791 808 791 806 792 805 792 807 792 809 793 806 793 808 793 810 794 811 794 812 794 810 795 808 795 811 795 810 796 809 796 808 796 813 797 812 797 814 797 813 798 810 798 812 798 815 799 813 799 814 799 816 800 814 800 817 800 816 801 815 801 814 801 818 802 817 802 819 802 818 803 816 803 817 803 820 804 819 804 821 804 820 805 818 805 819 805 822 806 821 806 823 806 822 807 820 807 821 807 824 808 825 808 826 808 824 809 823 809 825 809 824 810 822 810 823 810 827 811 824 811 826 811 828 812 829 812 830 812 828 813 826 813 829 813 828 814 827 814 826 814 831 815 828 815 830 815 832 816 830 816 833 816 832 817 831 817 830 817 834 818 833 818 835 818 834 819 832 819 833 819 836 820 835 820 837 820 836 821 834 821 835 821 838 822 839 822 840 822 838 823 837 823 839 823 838 824 836 824 837 824 841 825 838 825 840 825 842 826 840 826 843 826 842 827 841 827 840 827 810 828 94 828 809 828 813 829 97 829 810 829 810 830 97 830 94 830 809 831 93 831 806 831 94 832 93 832 809 832 815 833 98 833 813 833 813 834 98 834 97 834 806 835 90 835 804 835 93 836 90 836 806 836 816 837 100 837 815 837 815 838 100 838 98 838 804 839 88 839 802 839 90 840 88 840 804 840 818 841 102 841 816 841 816 842 102 842 100 842 802 843 87 843 801 843 88 844 87 844 802 844 820 845 105 845 818 845 818 846 105 846 102 846 801 847 85 847 798 847 87 848 85 848 801 848 822 849 106 849 820 849 820 850 106 850 105 850 798 851 82 851 796 851 85 852 82 852 798 852 822 853 108 853 106 853 824 854 108 854 822 854 796 855 81 855 795 855 82 856 81 856 796 856 824 857 111 857 108 857 827 858 111 858 824 858 795 859 79 859 793 859 81 860 79 860 795 860 828 861 112 861 827 861 827 862 112 862 111 862 793 863 76 863 791 863 79 864 76 864 793 864 828 865 114 865 112 865 831 866 114 866 828 866 76 867 75 867 791 867 791 868 75 868 789 868 832 869 116 869 831 869 831 870 116 870 114 870 75 871 73 871 789 871 789 872 73 872 786 872 834 873 119 873 832 873 832 874 119 874 116 874 73 875 70 875 786 875 786 876 70 876 785 876 836 877 120 877 834 877 834 878 120 878 119 878 70 879 68 879 785 879 785 880 68 880 783 880 838 881 123 881 836 881 836 882 123 882 120 882 68 883 66 883 783 883 783 884 66 884 781 884 841 885 125 885 838 885 838 886 125 886 123 886 66 887 64 887 781 887 781 888 64 888 779 888 842 889 126 889 841 889 841 890 126 890 125 890 64 891 62 891 779 891 779 892 62 892 777 892 844 893 845 893 842 893 842 894 845 894 126 894 62 895 60 895 777 895 777 896 60 896 775 896 846 897 847 897 844 897 844 898 847 898 845 898 775 899 58 899 773 899 60 900 58 900 775 900 848 901 849 901 846 901 846 902 849 902 847 902 58 903 57 903 773 903 57 904 771 904 773 904 850 905 851 905 848 905 848 906 851 906 849 906 57 907 54 907 771 907 54 908 769 908 771 908 852 909 853 909 850 909 850 910 853 910 851 910 54 911 52 911 769 911 52 912 767 912 769 912 854 913 855 913 852 913 852 914 855 914 853 914 52 915 50 915 767 915 50 916 765 916 767 916 856 917 857 917 854 917 854 918 857 918 855 918 50 919 48 919 765 919 48 920 763 920 765 920 858 921 859 921 856 921 856 922 859 922 857 922 48 923 46 923 763 923 860 924 861 924 858 924 858 925 861 925 859 925 46 926 761 926 763 926 46 927 44 927 761 927 860 928 862 928 861 928 863 929 862 929 860 929 44 930 759 930 761 930 44 931 42 931 759 931 864 932 865 932 863 932 863 933 865 933 862 933 42 934 757 934 759 934 42 935 40 935 757 935 866 936 867 936 864 936 864 937 867 937 865 937 40 938 755 938 757 938 40 939 38 939 755 939 868 940 869 940 866 940 866 941 869 941 867 941 38 942 753 942 755 942 38 943 36 943 753 943 870 944 871 944 868 944 868 945 871 945 869 945 36 946 751 946 753 946 36 947 34 947 751 947 872 948 873 948 870 948 870 949 873 949 871 949 34 950 749 950 751 950 34 951 32 951 749 951 872 952 874 952 873 952 872 953 875 953 874 953 30 954 747 954 32 954 32 955 747 955 749 955 875 956 876 956 874 956 875 957 877 957 876 957 30 958 745 958 747 958 28 959 745 959 30 959 877 960 878 960 876 960 877 961 879 961 878 961 28 962 743 962 745 962 26 963 743 963 28 963 879 964 880 964 878 964 878 965 880 965 881 965 26 966 24 966 743 966 24 967 741 967 743 967 880 968 882 968 881 968 881 969 882 969 883 969 24 970 739 970 741 970 22 971 739 971 24 971 883 972 884 972 885 972 882 973 884 973 883 973 22 974 737 974 739 974 20 975 737 975 22 975 884 976 886 976 885 976 884 977 887 977 886 977 20 978 735 978 737 978 18 979 735 979 20 979 886 980 888 980 889 980 887 981 888 981 886 981 18 982 733 982 735 982 16 983 733 983 18 983 889 984 890 984 891 984 888 985 890 985 889 985 16 986 731 986 733 986 14 987 731 987 16 987 891 988 892 988 893 988 890 989 892 989 891 989 892 990 894 990 893 990 14 991 729 991 731 991 12 992 729 992 14 992 892 993 895 993 894 993 895 994 896 994 894 994 10 995 727 995 12 995 12 996 727 996 729 996 895 997 897 997 896 997 8 998 725 998 10 998 10 999 725 999 727 999 898 1000 899 1000 900 1000 896 1001 899 1001 898 1001 897 1002 899 1002 896 1002 6 1003 723 1003 8 1003 8 1004 723 1004 725 1004 899 1005 901 1005 900 1005 900 1006 901 1006 902 1006 6 1007 721 1007 723 1007 4 1008 721 1008 6 1008 901 1009 903 1009 902 1009 902 1010 903 1010 904 1010 4 1011 719 1011 721 1011 2 1012 719 1012 4 1012 904 1013 905 1013 906 1013 903 1014 905 1014 904 1014 2 1015 716 1015 719 1015 1 1016 716 1016 2 1016 905 1017 907 1017 906 1017 1 1018 908 1018 716 1018 909 1019 908 1019 1 1019 907 1020 910 1020 906 1020 906 1021 910 1021 911 1021 909 1022 912 1022 908 1022 913 1023 912 1023 909 1023 914 1024 915 1024 916 1024 911 1025 915 1025 914 1025 910 1026 915 1026 911 1026 913 1027 917 1027 912 1027 918 1028 917 1028 913 1028 916 1029 919 1029 920 1029 915 1030 919 1030 916 1030 918 1031 921 1031 917 1031 922 1032 921 1032 918 1032 920 1033 923 1033 924 1033 919 1034 923 1034 920 1034 922 1035 925 1035 921 1035 926 1036 925 1036 922 1036 924 1037 927 1037 928 1037 923 1038 927 1038 924 1038 926 1039 929 1039 925 1039 930 1040 929 1040 926 1040 928 1041 931 1041 932 1041 927 1042 931 1042 928 1042 930 1043 933 1043 929 1043 934 1044 933 1044 930 1044 931 1045 935 1045 932 1045 934 1046 936 1046 933 1046 937 1047 936 1047 934 1047 935 1048 938 1048 932 1048 932 1049 938 1049 939 1049 937 1050 940 1050 936 1050 941 1051 940 1051 937 1051 942 1052 943 1052 944 1052 939 1053 943 1053 942 1053 938 1054 943 1054 939 1054 941 1055 945 1055 940 1055 946 1056 945 1056 941 1056 944 1057 947 1057 948 1057 943 1058 947 1058 944 1058 946 1059 949 1059 945 1059 950 1060 949 1060 946 1060 947 1061 951 1061 948 1061 948 1062 951 1062 952 1062 950 1063 953 1063 949 1063 954 1064 953 1064 950 1064 952 1065 955 1065 956 1065 951 1066 955 1066 952 1066 957 1067 958 1067 954 1067 954 1068 958 1068 953 1068 955 1069 959 1069 956 1069 960 1070 961 1070 957 1070 957 1071 961 1071 958 1071 962 1072 963 1072 964 1072 956 1073 963 1073 962 1073 959 1074 963 1074 956 1074 965 1075 966 1075 960 1075 960 1076 966 1076 961 1076 964 1077 967 1077 965 1077 965 1078 967 1078 966 1078 963 1079 967 1079 964 1079 968 1080 803 1080 969 1080 970 1081 969 1081 803 1081 970 1082 803 1082 800 1082 971 1083 803 1083 968 1083 972 1084 970 1084 800 1084 973 1085 972 1085 800 1085 974 1086 803 1086 971 1086 975 1087 803 1087 974 1087 976 1088 973 1088 800 1088 977 1089 803 1089 975 1089 977 1090 805 1090 803 1090 978 1091 976 1091 800 1091 979 1092 805 1092 977 1092 980 1093 978 1093 800 1093 981 1094 805 1094 979 1094 982 1095 980 1095 800 1095 982 1096 800 1096 799 1096 983 1097 805 1097 981 1097 984 1098 982 1098 799 1098 985 1099 805 1099 983 1099 986 1100 984 1100 799 1100 987 1101 805 1101 985 1101 987 1102 807 1102 805 1102 988 1103 986 1103 799 1103 989 1104 807 1104 987 1104 990 1105 988 1105 799 1105 422 1106 807 1106 989 1106 991 1107 990 1107 799 1107 424 1108 807 1108 422 1108 992 1109 991 1109 799 1109 992 1110 799 1110 797 1110 426 1111 808 1111 807 1111 426 1112 807 1112 424 1112 993 1113 992 1113 797 1113 428 1114 808 1114 426 1114 994 1115 993 1115 797 1115 430 1116 808 1116 428 1116 995 1117 994 1117 797 1117 432 1118 808 1118 430 1118 996 1119 995 1119 797 1119 434 1120 808 1120 432 1120 434 1121 811 1121 808 1121 997 1122 996 1122 797 1122 997 1123 797 1123 794 1123 436 1124 811 1124 434 1124 998 1125 997 1125 794 1125 438 1126 811 1126 436 1126 999 1127 998 1127 794 1127 440 1128 811 1128 438 1128 440 1129 812 1129 811 1129 1000 1130 999 1130 794 1130 442 1131 812 1131 440 1131 1001 1132 1000 1132 794 1132 1001 1133 794 1133 792 1133 444 1134 812 1134 442 1134 1002 1135 1001 1135 792 1135 446 1136 812 1136 444 1136 446 1137 814 1137 812 1137 1003 1138 1002 1138 792 1138 448 1139 814 1139 446 1139 1004 1140 1003 1140 792 1140 450 1141 817 1141 814 1141 450 1142 814 1142 448 1142 1005 1143 1004 1143 792 1143 1005 1144 792 1144 790 1144 1006 1145 1005 1145 790 1145 452 1146 817 1146 450 1146 1007 1147 1006 1147 790 1147 454 1148 817 1148 452 1148 454 1149 819 1149 817 1149 456 1150 819 1150 454 1150 456 1151 821 1151 819 1151 1008 1152 1007 1152 790 1152 1008 1153 790 1153 788 1153 1009 1154 1008 1154 788 1154 459 1155 821 1155 456 1155 459 1156 823 1156 821 1156 1010 1157 1009 1157 788 1157 1011 1158 1010 1158 788 1158 1011 1159 788 1159 787 1159 1012 1160 1011 1160 787 1160 1013 1161 1012 1161 787 1161 1013 1162 787 1162 784 1162 1014 1163 1013 1163 784 1163 519 1164 784 1164 782 1164 519 1165 1014 1165 784 1165 517 1166 519 1166 782 1166 780 1167 517 1167 782 1167 780 1168 515 1168 517 1168 1015 1169 839 1169 1016 1169 1017 1170 1016 1170 839 1170 1018 1171 1017 1171 839 1171 1018 1172 839 1172 837 1172 1019 1173 839 1173 1015 1173 1020 1174 1018 1174 837 1174 1021 1175 839 1175 1019 1175 1021 1176 840 1176 839 1176 1022 1177 840 1177 1021 1177 1023 1178 1020 1178 837 1178 1024 1179 840 1179 1022 1179 1025 1180 1023 1180 837 1180 1026 1181 840 1181 1024 1181 1027 1182 837 1182 835 1182 1027 1183 1025 1183 837 1183 1028 1184 1027 1184 835 1184 1029 1185 840 1185 1026 1185 1030 1186 840 1186 1029 1186 1031 1187 1028 1187 835 1187 1032 1188 843 1188 840 1188 1032 1189 840 1189 1030 1189 1033 1190 1031 1190 835 1190 1034 1191 843 1191 1032 1191 1035 1192 835 1192 833 1192 1035 1193 1033 1193 835 1193 1036 1194 843 1194 1034 1194 1037 1195 1035 1195 833 1195 1038 1196 1037 1196 833 1196 520 1197 843 1197 1036 1197 522 1198 843 1198 520 1198 1039 1199 1038 1199 833 1199 1039 1200 833 1200 830 1200 1040 1201 1039 1201 830 1201 524 1202 843 1202 522 1202 1041 1203 1040 1203 830 1203 526 1204 843 1204 524 1204 526 1205 1042 1205 843 1205 528 1206 1042 1206 526 1206 1043 1207 1041 1207 830 1207 1043 1208 830 1208 829 1208 530 1209 1042 1209 528 1209 1044 1210 1043 1210 829 1210 532 1211 1042 1211 530 1211 1045 1212 1044 1212 829 1212 1045 1213 829 1213 826 1213 534 1214 1042 1214 532 1214 1046 1215 1045 1215 826 1215 1047 1216 1046 1216 826 1216 1047 1217 826 1217 825 1217 536 1218 1042 1218 534 1218 1048 1219 825 1219 823 1219 1048 1220 1047 1220 825 1220 538 1221 1042 1221 536 1221 538 1222 1049 1222 1042 1222 1050 1223 823 1223 459 1223 1050 1224 1048 1224 823 1224 540 1225 1049 1225 538 1225 1051 1226 1050 1226 459 1226 1051 1227 459 1227 461 1227 542 1228 1049 1228 540 1228 1052 1229 1051 1229 461 1229 1052 1230 461 1230 463 1230 544 1231 1049 1231 542 1231 546 1232 1049 1232 544 1232 1053 1233 1052 1233 463 1233 1053 1234 463 1234 465 1234 1054 1235 1053 1235 465 1235 1054 1236 465 1236 466 1236 548 1237 1049 1237 546 1237 548 1238 1055 1238 1049 1238 550 1239 1055 1239 548 1239 1056 1240 1054 1240 466 1240 1056 1241 466 1241 469 1241 1057 1242 469 1242 471 1242 1057 1243 1056 1243 469 1243 552 1244 1055 1244 550 1244 554 1245 1055 1245 552 1245 1058 1246 471 1246 473 1246 1058 1247 1057 1247 471 1247 557 1248 1055 1248 554 1248 1059 1249 1058 1249 473 1249 1059 1250 473 1250 475 1250 1060 1251 1059 1251 475 1251 1060 1252 475 1252 477 1252 1061 1253 1055 1253 557 1253 1061 1254 557 1254 559 1254 561 1255 1061 1255 559 1255 1062 1256 1060 1256 477 1256 1062 1257 477 1257 479 1257 1063 1258 1062 1258 479 1258 1063 1259 479 1259 481 1259 563 1260 1061 1260 561 1260 564 1261 1061 1261 563 1261 1064 1262 1063 1262 481 1262 1064 1263 481 1263 483 1263 1065 1264 483 1264 485 1264 1065 1265 1064 1265 483 1265 617 1266 1065 1266 485 1266 617 1267 485 1267 487 1267 1066 1268 1061 1268 564 1268 1066 1269 564 1269 567 1269 1066 1270 567 1270 569 1270 1066 1271 569 1271 571 1271 1067 1272 1066 1272 571 1272 1067 1273 571 1273 573 1273 1067 1274 573 1274 575 1274 1067 1275 575 1275 577 1275 1068 1276 1067 1276 577 1276 1068 1277 577 1277 579 1277 1068 1278 579 1278 581 1278 1069 1279 1068 1279 581 1279 1069 1280 581 1280 583 1280 1069 1281 583 1281 585 1281 1070 1282 1069 1282 585 1282 1070 1283 585 1283 587 1283 1071 1284 766 1284 1072 1284 1073 1285 1072 1285 766 1285 1074 1286 766 1286 764 1286 1074 1287 1073 1287 766 1287 1075 1288 768 1288 766 1288 1075 1289 766 1289 1071 1289 1076 1290 1074 1290 764 1290 1077 1291 768 1291 1075 1291 1078 1292 1076 1292 764 1292 1079 1293 768 1293 1077 1293 1080 1294 768 1294 1079 1294 1080 1295 770 1295 768 1295 1081 1296 1078 1296 764 1296 1082 1297 770 1297 1080 1297 1083 1298 764 1298 762 1298 1083 1299 1081 1299 764 1299 1084 1300 770 1300 1082 1300 1085 1301 1083 1301 762 1301 1086 1302 770 1302 1084 1302 1086 1303 772 1303 770 1303 1087 1304 1085 1304 762 1304 1088 1305 772 1305 1086 1305 1089 1306 1087 1306 762 1306 1090 1307 1070 1307 587 1307 1090 1308 587 1308 589 1308 1091 1309 772 1309 1088 1309 1091 1310 774 1310 772 1310 1092 1311 1089 1311 762 1311 1093 1312 774 1312 1091 1312 1094 1313 762 1313 760 1313 1094 1314 1092 1314 762 1314 1095 1315 1094 1315 760 1315 324 1316 774 1316 1093 1316 324 1317 776 1317 774 1317 326 1318 776 1318 324 1318 326 1319 778 1319 776 1319 1096 1320 1095 1320 760 1320 1097 1321 1096 1321 760 1321 328 1322 515 1322 780 1322 328 1323 778 1323 326 1323 328 1324 780 1324 778 1324 1098 1325 1097 1325 760 1325 330 1326 513 1326 515 1326 330 1327 515 1327 328 1327 1099 1328 1098 1328 760 1328 332 1329 511 1329 513 1329 332 1330 513 1330 330 1330 1100 1331 760 1331 758 1331 1100 1332 1099 1332 760 1332 334 1333 509 1333 511 1333 334 1334 511 1334 332 1334 336 1335 507 1335 509 1335 336 1336 509 1336 334 1336 336 1337 505 1337 507 1337 1101 1338 1100 1338 758 1338 338 1339 505 1339 336 1339 338 1340 503 1340 505 1340 1102 1341 1101 1341 758 1341 340 1342 503 1342 338 1342 1103 1343 1102 1343 758 1343 1104 1344 1090 1344 589 1344 342 1345 503 1345 340 1345 342 1346 501 1346 503 1346 1105 1347 1103 1347 758 1347 1106 1348 1105 1348 758 1348 344 1349 501 1349 342 1349 344 1350 499 1350 501 1350 1107 1351 1106 1351 758 1351 346 1352 499 1352 344 1352 346 1353 497 1353 499 1353 348 1354 497 1354 346 1354 348 1355 495 1355 497 1355 350 1356 495 1356 348 1356 350 1357 493 1357 495 1357 756 1358 1108 1358 1109 1358 756 1359 1109 1359 1107 1359 756 1360 1107 1360 758 1360 352 1361 493 1361 350 1361 352 1362 491 1362 493 1362 1110 1363 1108 1363 756 1363 354 1364 491 1364 352 1364 354 1365 489 1365 491 1365 1111 1366 1110 1366 756 1366 356 1367 489 1367 354 1367 356 1368 487 1368 489 1368 1112 1369 1111 1369 756 1369 1113 1370 1112 1370 756 1370 754 1371 1114 1371 1115 1371 754 1372 1115 1372 1116 1372 754 1373 1116 1373 1117 1373 754 1374 1117 1374 1118 1374 754 1375 1118 1375 1113 1375 754 1376 1113 1376 756 1376 752 1377 417 1377 419 1377 752 1378 419 1378 421 1378 752 1379 421 1379 1119 1379 752 1380 1119 1380 1114 1380 752 1381 1114 1381 754 1381 750 1382 409 1382 411 1382 750 1383 411 1383 413 1383 750 1384 413 1384 415 1384 750 1385 415 1385 417 1385 750 1386 417 1386 752 1386 748 1387 403 1387 405 1387 748 1388 405 1388 407 1388 748 1389 407 1389 409 1389 748 1390 409 1390 750 1390 746 1391 399 1391 401 1391 746 1392 401 1392 403 1392 746 1393 403 1393 748 1393 746 1394 397 1394 399 1394 744 1395 393 1395 395 1395 744 1396 397 1396 746 1396 744 1397 395 1397 397 1397 1120 1398 1121 1398 1122 1398 1123 1399 1121 1399 1120 1399 1124 1400 1120 1400 1122 1400 1125 1401 1124 1401 1122 1401 1125 1402 1122 1402 1126 1402 1127 1403 1121 1403 1123 1403 742 1404 389 1404 391 1404 742 1405 391 1405 393 1405 742 1406 393 1406 744 1406 1128 1407 1125 1407 1126 1407 1129 1408 1121 1408 1127 1408 1129 1409 1130 1409 1121 1409 1131 1410 1128 1410 1126 1410 1131 1411 1126 1411 1132 1411 1133 1412 1130 1412 1129 1412 1134 1413 1131 1413 1132 1413 1134 1414 1132 1414 1104 1414 1135 1415 1130 1415 1133 1415 1136 1416 1130 1416 1135 1416 1136 1417 1137 1417 1130 1417 1138 1418 1104 1418 589 1418 1138 1419 1134 1419 1104 1419 1139 1420 1137 1420 1136 1420 1140 1421 589 1421 591 1421 1140 1422 1138 1422 589 1422 1141 1423 1140 1423 591 1423 1141 1424 591 1424 593 1424 1142 1425 1137 1425 1139 1425 1143 1426 1141 1426 593 1426 1143 1427 593 1427 595 1427 1144 1428 1137 1428 1142 1428 1145 1429 1143 1429 595 1429 1145 1430 595 1430 597 1430 1146 1431 1137 1431 1144 1431 1146 1432 1147 1432 1137 1432 1148 1433 1147 1433 1146 1433 1149 1434 1145 1434 597 1434 1149 1435 597 1435 599 1435 1149 1436 599 1436 601 1436 128 1437 1147 1437 1148 1437 1150 1438 1149 1438 601 1438 1151 1439 1150 1439 601 1439 1151 1440 601 1440 603 1440 130 1441 1147 1441 128 1441 1152 1442 603 1442 605 1442 1152 1443 1151 1443 603 1443 132 1444 1153 1444 1147 1444 132 1445 1147 1445 130 1445 1154 1446 1152 1446 605 1446 1154 1447 605 1447 607 1447 1154 1448 607 1448 609 1448 134 1449 1153 1449 132 1449 1155 1450 1154 1450 609 1450 136 1451 1153 1451 134 1451 1156 1452 1155 1452 609 1452 1156 1453 609 1453 611 1453 138 1454 1153 1454 136 1454 1157 1455 1156 1455 611 1455 1157 1456 611 1456 613 1456 140 1457 1153 1457 138 1457 740 1458 389 1458 742 1458 740 1459 387 1459 389 1459 1158 1460 615 1460 617 1460 1158 1461 1157 1461 613 1461 1158 1462 613 1462 615 1462 142 1463 1153 1463 140 1463 1159 1464 617 1464 487 1464 1159 1465 1158 1465 617 1465 1160 1466 142 1466 144 1466 1160 1467 144 1467 146 1467 1160 1468 146 1468 148 1468 1160 1469 1153 1469 142 1469 150 1470 1160 1470 148 1470 152 1471 1160 1471 150 1471 154 1472 1160 1472 152 1472 738 1473 387 1473 740 1473 738 1474 385 1474 387 1474 1161 1475 1160 1475 154 1475 1161 1476 154 1476 156 1476 1161 1477 156 1477 158 1477 1161 1478 158 1478 160 1478 1161 1479 160 1479 162 1479 1161 1480 162 1480 165 1480 1161 1481 165 1481 167 1481 736 1482 385 1482 738 1482 1162 1483 1161 1483 167 1483 1162 1484 167 1484 169 1484 1162 1485 169 1485 171 1485 1162 1486 171 1486 172 1486 1162 1487 172 1487 175 1487 1162 1488 175 1488 177 1488 1162 1489 177 1489 179 1489 1163 1490 183 1490 185 1490 1163 1491 185 1491 187 1491 1163 1492 187 1492 189 1492 1163 1493 1162 1493 179 1493 1163 1494 179 1494 181 1494 1163 1495 181 1495 183 1495 1164 1496 189 1496 191 1496 1164 1497 191 1497 193 1497 1164 1498 193 1498 195 1498 1164 1499 195 1499 197 1499 1164 1500 1163 1500 189 1500 1165 1501 197 1501 199 1501 1165 1502 199 1502 201 1502 1165 1503 201 1503 203 1503 1165 1504 1164 1504 197 1504 1165 1505 203 1505 205 1505 1166 1506 205 1506 207 1506 1166 1507 207 1507 209 1507 1166 1508 209 1508 211 1508 1166 1509 1165 1509 205 1509 1167 1510 381 1510 1168 1510 1167 1511 379 1511 381 1511 1169 1512 1168 1512 381 1512 1169 1513 381 1513 383 1513 1170 1514 1169 1514 383 1514 1170 1515 385 1515 736 1515 1170 1516 383 1516 385 1516 1171 1517 379 1517 1167 1517 1171 1518 377 1518 379 1518 1172 1519 736 1519 734 1519 1172 1520 1170 1520 736 1520 1173 1521 377 1521 1171 1521 1173 1522 375 1522 377 1522 1174 1523 375 1523 1173 1523 1174 1524 373 1524 375 1524 1175 1525 734 1525 732 1525 1175 1526 1172 1526 734 1526 1176 1527 373 1527 1174 1527 1176 1528 371 1528 373 1528 1177 1529 1175 1529 732 1529 1178 1530 371 1530 1176 1530 1178 1531 368 1531 371 1531 1179 1532 732 1532 730 1532 1179 1533 1177 1533 732 1533 1180 1534 368 1534 1178 1534 1180 1535 367 1535 368 1535 1181 1536 1179 1536 730 1536 1182 1537 367 1537 1180 1537 1182 1538 365 1538 367 1538 1183 1539 730 1539 728 1539 1183 1540 1181 1540 730 1540 1184 1541 365 1541 1182 1541 1184 1542 363 1542 365 1542 1185 1543 1183 1543 728 1543 1186 1544 363 1544 1184 1544 1186 1545 361 1545 363 1545 1187 1546 1185 1546 728 1546 1188 1547 361 1547 1186 1547 1188 1548 358 1548 361 1548 1189 1549 728 1549 726 1549 1189 1550 1187 1550 728 1550 1190 1551 211 1551 213 1551 1190 1552 213 1552 215 1552 1190 1553 215 1553 217 1553 1190 1554 1166 1554 211 1554 226 1555 358 1555 1188 1555 226 1556 356 1556 358 1556 1191 1557 1189 1557 726 1557 1192 1558 1191 1558 726 1558 1193 1559 1192 1559 726 1559 724 1560 1193 1560 726 1560 724 1561 1194 1561 1195 1561 724 1562 1195 1562 1193 1562 1196 1563 1194 1563 724 1563 1197 1564 1196 1564 724 1564 1198 1565 1190 1565 217 1565 1198 1566 217 1566 219 1566 1198 1567 219 1567 221 1567 722 1568 1199 1568 1200 1568 722 1569 1200 1569 1201 1569 722 1570 1201 1570 1202 1570 722 1571 1202 1571 1197 1571 722 1572 1197 1572 724 1572 1203 1573 221 1573 223 1573 1203 1574 223 1574 225 1574 1203 1575 1198 1575 221 1575 720 1576 1199 1576 722 1576 720 1577 1204 1577 1205 1577 720 1578 1205 1578 1206 1578 720 1579 1206 1579 1207 1579 720 1580 1207 1580 1208 1580 720 1581 1208 1581 1199 1581 1209 1582 225 1582 1210 1582 1209 1583 1203 1583 225 1583 718 1584 1211 1584 1212 1584 718 1585 1212 1585 1213 1585 718 1586 1213 1586 1214 1586 718 1587 1214 1587 1215 1587 718 1588 1215 1588 1216 1588 718 1589 1216 1589 1204 1589 718 1590 1204 1590 720 1590 1217 1591 1210 1591 1218 1591 1217 1592 1209 1592 1210 1592 717 1593 317 1593 319 1593 717 1594 319 1594 321 1594 717 1595 321 1595 323 1595 717 1596 323 1596 1219 1596 717 1597 1219 1597 1220 1597 717 1598 1220 1598 1211 1598 717 1599 1211 1599 718 1599 1221 1600 1222 1600 1223 1600 1224 1601 1222 1601 1221 1601 1225 1602 1221 1602 1223 1602 1225 1603 1223 1603 1226 1603 1225 1604 1226 1604 1227 1604 1228 1605 1225 1605 1227 1605 1229 1606 1230 1606 1222 1606 1229 1607 1222 1607 1224 1607 1231 1608 1228 1608 1227 1608 1231 1609 1227 1609 1232 1609 1233 1610 1230 1610 1229 1610 1233 1611 1234 1611 1230 1611 1235 1612 1236 1612 1234 1612 1235 1613 1234 1613 1233 1613 1237 1614 487 1614 356 1614 1237 1615 1232 1615 1159 1615 1237 1616 1231 1616 1232 1616 1237 1617 1159 1617 487 1617 1237 1618 356 1618 226 1618 1238 1619 226 1619 228 1619 1238 1620 1237 1620 226 1620 1239 1621 1240 1621 1236 1621 1239 1622 1236 1622 1235 1622 1241 1623 228 1623 230 1623 1241 1624 1238 1624 228 1624 1242 1625 1243 1625 1244 1625 1242 1626 1244 1626 1240 1626 1242 1627 1240 1627 1239 1627 1245 1628 1243 1628 1242 1628 1246 1629 1241 1629 230 1629 1246 1630 230 1630 232 1630 1247 1631 1248 1631 1243 1631 1247 1632 1243 1632 1245 1632 1249 1633 232 1633 234 1633 1249 1634 1246 1634 232 1634 1250 1635 305 1635 307 1635 1250 1636 307 1636 309 1636 1250 1637 309 1637 311 1637 1250 1638 311 1638 313 1638 1250 1639 313 1639 315 1639 1250 1640 315 1640 317 1640 1250 1641 317 1641 717 1641 1251 1642 1252 1642 1248 1642 1251 1643 1248 1643 1247 1643 1253 1644 1249 1644 234 1644 1253 1645 234 1645 236 1645 1254 1646 236 1646 238 1646 1254 1647 1253 1647 236 1647 1255 1648 1218 1648 1252 1648 1255 1649 1256 1649 1217 1649 1255 1650 1252 1650 1251 1650 1255 1651 1217 1651 1218 1651 1257 1652 1254 1652 238 1652 1257 1653 238 1653 240 1653 1258 1654 1256 1654 1255 1654 1259 1655 240 1655 242 1655 1259 1656 1257 1656 240 1656 1260 1657 1259 1657 242 1657 1260 1658 242 1658 244 1658 1260 1659 244 1659 246 1659 1261 1660 1258 1660 618 1660 1261 1661 1256 1661 1258 1661 1262 1662 1260 1662 246 1662 1263 1663 1262 1663 246 1663 1263 1664 246 1664 248 1664 1264 1665 248 1665 250 1665 1264 1666 1263 1666 248 1666 1265 1667 1264 1667 250 1667 1265 1668 250 1668 252 1668 1266 1669 295 1669 297 1669 1266 1670 297 1670 299 1670 1266 1671 299 1671 301 1671 1266 1672 301 1672 303 1672 1266 1673 303 1673 305 1673 1266 1674 305 1674 1250 1674 1267 1675 252 1675 254 1675 1267 1676 1265 1676 252 1676 1268 1677 618 1677 620 1677 1268 1678 620 1678 622 1678 1268 1679 1261 1679 618 1679 1269 1680 291 1680 293 1680 1269 1681 293 1681 295 1681 1269 1682 295 1682 1266 1682 1269 1683 287 1683 289 1683 1269 1684 289 1684 291 1684 1270 1685 1268 1685 622 1685 1270 1686 622 1686 624 1686 1270 1687 624 1687 626 1687 1271 1688 287 1688 1269 1688 1271 1689 279 1689 281 1689 1271 1690 281 1690 283 1690 1271 1691 283 1691 285 1691 1271 1692 285 1692 287 1692 1272 1693 1270 1693 626 1693 1272 1694 626 1694 628 1694 1272 1695 628 1695 630 1695 1272 1696 630 1696 632 1696 1273 1697 273 1697 275 1697 1273 1698 275 1698 277 1698 1273 1699 277 1699 279 1699 1273 1700 279 1700 1271 1700 1274 1701 632 1701 634 1701 1274 1702 634 1702 636 1702 1274 1703 636 1703 638 1703 1274 1704 1272 1704 632 1704 1275 1705 273 1705 1273 1705 1275 1706 267 1706 269 1706 1275 1707 269 1707 270 1707 1275 1708 270 1708 273 1708 1276 1709 638 1709 640 1709 1276 1710 640 1710 642 1710 1276 1711 642 1711 644 1711 1276 1712 644 1712 646 1712 1276 1713 1274 1713 638 1713 1277 1714 267 1714 1275 1714 1277 1715 263 1715 265 1715 1277 1716 265 1716 267 1716 1278 1717 1276 1717 646 1717 1278 1718 646 1718 648 1718 1278 1719 648 1719 650 1719 1278 1720 650 1720 652 1720 1278 1721 652 1721 655 1721 1279 1722 263 1722 1277 1722 1279 1723 258 1723 260 1723 1279 1724 260 1724 263 1724 1280 1725 1278 1725 655 1725 1280 1726 655 1726 657 1726 1280 1727 657 1727 659 1727 1280 1728 659 1728 661 1728 1280 1729 661 1729 662 1729 1280 1730 662 1730 665 1730 1281 1731 258 1731 1279 1731 1281 1732 256 1732 258 1732 1282 1733 1280 1733 665 1733 1282 1734 665 1734 667 1734 1282 1735 667 1735 669 1735 1282 1736 669 1736 671 1736 1282 1737 671 1737 673 1737 1282 1738 673 1738 675 1738 1282 1739 675 1739 677 1739 1283 1740 256 1740 1281 1740 1283 1741 254 1741 256 1741 1284 1742 1282 1742 677 1742 1284 1743 677 1743 679 1743 1284 1744 679 1744 681 1744 1284 1745 681 1745 683 1745 1284 1746 683 1746 685 1746 1284 1747 685 1747 687 1747 1284 1748 687 1748 689 1748 1285 1749 254 1749 1283 1749 1285 1750 1286 1750 1267 1750 1285 1751 1267 1751 254 1751 1287 1752 1284 1752 689 1752 1287 1753 689 1753 691 1753 1287 1754 691 1754 693 1754 1287 1755 693 1755 695 1755 1287 1756 695 1756 697 1756 1287 1757 697 1757 699 1757 1287 1758 699 1758 701 1758 1288 1759 1289 1759 1286 1759 1288 1760 1286 1760 1285 1760 1290 1761 1287 1761 701 1761 1290 1762 701 1762 703 1762 1290 1763 703 1763 705 1763 1290 1764 705 1764 707 1764 1290 1765 707 1765 709 1765 1290 1766 709 1766 711 1766 1291 1767 1292 1767 1293 1767 1291 1768 1293 1768 1289 1768 1291 1769 1289 1769 1288 1769 1294 1770 715 1770 1295 1770 1294 1771 1295 1771 1296 1771 1294 1772 1290 1772 711 1772 1294 1773 711 1773 713 1773 1294 1774 713 1774 715 1774 1297 1775 1298 1775 1299 1775 1297 1776 1299 1776 1292 1776 1297 1777 1292 1777 1291 1777 1300 1778 1296 1778 1301 1778 1300 1779 1301 1779 1302 1779 1300 1780 1302 1780 1303 1780 1300 1781 1303 1781 1304 1781 1300 1782 1294 1782 1296 1782 1305 1783 1306 1783 1307 1783 1305 1784 1307 1784 1308 1784 1305 1785 1308 1785 1298 1785 1305 1786 1298 1786 1297 1786 1309 1787 1306 1787 1305 1787 1309 1788 1304 1788 1310 1788 1309 1789 1310 1789 1311 1789 1309 1790 1311 1790 1306 1790 1309 1791 1300 1791 1304 1791 842 1792 843 1792 1042 1792 844 1793 842 1793 1042 1793 844 1794 1042 1794 1049 1794 846 1795 844 1795 1049 1795 846 1796 1049 1796 1055 1796 848 1797 846 1797 1055 1797 848 1798 1055 1798 1061 1798 850 1799 848 1799 1061 1799 850 1800 1061 1800 1066 1800 852 1801 850 1801 1066 1801 852 1802 1066 1802 1067 1802 854 1803 1067 1803 1068 1803 854 1804 852 1804 1067 1804 856 1805 1068 1805 1069 1805 856 1806 854 1806 1068 1806 858 1807 1069 1807 1070 1807 858 1808 856 1808 1069 1808 860 1809 1070 1809 1090 1809 860 1810 858 1810 1070 1810 863 1811 1090 1811 1104 1811 863 1812 860 1812 1090 1812 864 1813 1104 1813 1132 1813 864 1814 863 1814 1104 1814 866 1815 1132 1815 1126 1815 866 1816 864 1816 1132 1816 868 1817 1126 1817 1122 1817 868 1818 866 1818 1126 1818 870 1819 1122 1819 1121 1819 870 1820 868 1820 1122 1820 872 1821 1121 1821 1130 1821 872 1822 870 1822 1121 1822 875 1823 1130 1823 1137 1823 875 1824 872 1824 1130 1824 877 1825 875 1825 1137 1825 877 1826 1137 1826 1147 1826 879 1827 877 1827 1147 1827 879 1828 1147 1828 1153 1828 880 1829 879 1829 1153 1829 882 1830 880 1830 1153 1830 882 1831 1160 1831 1161 1831 882 1832 1153 1832 1160 1832 884 1833 882 1833 1161 1833 884 1834 1161 1834 1162 1834 887 1835 884 1835 1162 1835 887 1836 1162 1836 1163 1836 888 1837 887 1837 1163 1837 888 1838 1163 1838 1164 1838 890 1839 888 1839 1164 1839 892 1840 890 1840 1164 1840 892 1841 1165 1841 1166 1841 892 1842 1164 1842 1165 1842 895 1843 892 1843 1166 1843 895 1844 1166 1844 1190 1844 897 1845 1190 1845 1198 1845 897 1846 895 1846 1190 1846 899 1847 897 1847 1198 1847 901 1848 1203 1848 1209 1848 901 1849 1198 1849 1203 1849 901 1850 899 1850 1198 1850 903 1851 901 1851 1209 1851 905 1852 1217 1852 1256 1852 905 1853 1209 1853 1217 1853 905 1854 903 1854 1209 1854 907 1855 905 1855 1256 1855 910 1856 1261 1856 1268 1856 910 1857 1256 1857 1261 1857 910 1858 907 1858 1256 1858 915 1859 1268 1859 1270 1859 915 1860 910 1860 1268 1860 919 1861 915 1861 1270 1861 923 1862 1272 1862 1274 1862 923 1863 1270 1863 1272 1863 923 1864 919 1864 1270 1864 927 1865 1274 1865 1276 1865 927 1866 923 1866 1274 1866 931 1867 927 1867 1276 1867 935 1868 1278 1868 1280 1868 935 1869 1276 1869 1278 1869 935 1870 931 1870 1276 1870 938 1871 1280 1871 1282 1871 938 1872 935 1872 1280 1872 943 1873 938 1873 1282 1873 947 1874 943 1874 1282 1874 947 1875 1284 1875 1287 1875 947 1876 1282 1876 1284 1876 951 1877 947 1877 1287 1877 955 1878 951 1878 1287 1878 955 1879 1290 1879 1294 1879 955 1880 1287 1880 1290 1880 959 1881 955 1881 1294 1881 963 1882 959 1882 1294 1882 963 1883 1300 1883 1309 1883 963 1884 1294 1884 1300 1884 967 1885 963 1885 1309 1885 967 1886 1309 1886 1305 1886 966 1887 967 1887 1305 1887 961 1888 1297 1888 1291 1888 961 1889 1305 1889 1297 1889 961 1890 966 1890 1305 1890 958 1891 1291 1891 1288 1891 958 1892 961 1892 1291 1892 953 1893 958 1893 1288 1893 949 1894 1285 1894 1283 1894 949 1895 1288 1895 1285 1895 949 1896 953 1896 1288 1896 945 1897 1283 1897 1281 1897 945 1898 949 1898 1283 1898 940 1899 1281 1899 1279 1899 940 1900 945 1900 1281 1900 936 1901 1279 1901 1277 1901 936 1902 940 1902 1279 1902 933 1903 1277 1903 1275 1903 933 1904 936 1904 1277 1904 929 1905 1275 1905 1273 1905 929 1906 933 1906 1275 1906 925 1907 1273 1907 1271 1907 925 1908 929 1908 1273 1908 921 1909 1271 1909 1269 1909 921 1910 925 1910 1271 1910 917 1911 1269 1911 1266 1911 917 1912 921 1912 1269 1912 912 1913 1266 1913 1250 1913 912 1914 917 1914 1266 1914 908 1915 912 1915 1250 1915 716 1916 1250 1916 717 1916 716 1917 908 1917 1250 1917 714 1918 1312 1918 715 1918 715 1919 1312 1919 1295 1919 1312 1920 1313 1920 1295 1920 1295 1921 1313 1921 1296 1921 1313 1922 1314 1922 1296 1922 1296 1923 1314 1923 1301 1923 1314 1924 1315 1924 1301 1924 1301 1925 1315 1925 1302 1925 1315 1926 1316 1926 1302 1926 1302 1927 1316 1927 1303 1927 1316 1928 1317 1928 1303 1928 1303 1929 1317 1929 1304 1929 1317 1930 1318 1930 1304 1930 1304 1931 1318 1931 1310 1931 1318 1932 1319 1932 1310 1932 1310 1933 1319 1933 1311 1933 1319 1934 1320 1934 1311 1934 1311 1935 1320 1935 1306 1935 1320 1936 1321 1936 1306 1936 1306 1937 1321 1937 1307 1937 1321 1938 1322 1938 1307 1938 1307 1939 1322 1939 1308 1939 1322 1940 1323 1940 1308 1940 1308 1941 1323 1941 1298 1941 1323 1942 1324 1942 1298 1942 1298 1943 1324 1943 1299 1943 1324 1944 1325 1944 1299 1944 1299 1945 1325 1945 1292 1945 1325 1946 1326 1946 1292 1946 1292 1947 1326 1947 1293 1947 1293 1948 1327 1948 1289 1948 1326 1949 1327 1949 1293 1949 1289 1950 1328 1950 1286 1950 1327 1951 1328 1951 1289 1951 1286 1952 1329 1952 1267 1952 1328 1953 1329 1953 1286 1953 1267 1954 1330 1954 1265 1954 1329 1955 1330 1955 1267 1955 1265 1956 1331 1956 1264 1956 1330 1957 1331 1957 1265 1957 1264 1958 1332 1958 1263 1958 1331 1959 1332 1959 1264 1959 1263 1960 1333 1960 1262 1960 1332 1961 1333 1961 1263 1961 1262 1962 1334 1962 1260 1962 1333 1963 1334 1963 1262 1963 1260 1964 1335 1964 1259 1964 1334 1965 1335 1965 1260 1965 1335 1966 1336 1966 1259 1966 1259 1967 1336 1967 1257 1967 1257 1968 1336 1968 1254 1968 1336 1969 1337 1969 1254 1969 1337 1970 1338 1970 1254 1970 1254 1971 1338 1971 1253 1971 1338 1972 1339 1972 1253 1972 1253 1973 1339 1973 1249 1973 1249 1974 1339 1974 1246 1974 1339 1975 1340 1975 1246 1975 1340 1976 1341 1976 1246 1976 1246 1977 1341 1977 1241 1977 1341 1978 1342 1978 1241 1978 1241 1979 1342 1979 1238 1979 1238 1980 1342 1980 1237 1980 1342 1981 1343 1981 1237 1981 1343 1982 1344 1982 1237 1982 1237 1983 1344 1983 1231 1983 1344 1984 1345 1984 1231 1984 1231 1985 1345 1985 1228 1985 1228 1986 1345 1986 1225 1986 1345 1987 1346 1987 1225 1987 1346 1988 1347 1988 1225 1988 1225 1989 1347 1989 1221 1989 1347 1990 1348 1990 1221 1990 1221 1991 1348 1991 1224 1991 1224 1992 1348 1992 1229 1992 1348 1993 1349 1993 1229 1993 1349 1994 1350 1994 1229 1994 1229 1995 1350 1995 1233 1995 1233 1996 1350 1996 1235 1996 1350 1997 1351 1997 1235 1997 1235 1998 1351 1998 1239 1998 1351 1999 1352 1999 1239 1999 1352 2000 1353 2000 1239 2000 1239 2001 1353 2001 1242 2001 1353 2002 1354 2002 1242 2002 1242 2003 1354 2003 1245 2003 1245 2004 1354 2004 1247 2004 1354 2005 1355 2005 1247 2005 1355 2006 1356 2006 1247 2006 1247 2007 1356 2007 1251 2007 1251 2008 1356 2008 1255 2008 1356 2009 1357 2009 1255 2009 1255 2010 1357 2010 1258 2010 1357 2011 1358 2011 1258 2011 1358 2012 619 2012 1258 2012 1258 2013 619 2013 618 2013 616 2014 1359 2014 617 2014 617 2015 1359 2015 1065 2015 1359 2016 1360 2016 1065 2016 1065 2017 1360 2017 1064 2017 1360 2018 1361 2018 1064 2018 1064 2019 1361 2019 1063 2019 1361 2020 1362 2020 1063 2020 1063 2021 1362 2021 1062 2021 1362 2022 1363 2022 1062 2022 1062 2023 1363 2023 1060 2023 1363 2024 1364 2024 1060 2024 1060 2025 1364 2025 1059 2025 1364 2026 1365 2026 1059 2026 1059 2027 1365 2027 1058 2027 1365 2028 1366 2028 1058 2028 1058 2029 1366 2029 1057 2029 1366 2030 1367 2030 1057 2030 1057 2031 1367 2031 1056 2031 1367 2032 1368 2032 1056 2032 1056 2033 1368 2033 1054 2033 1368 2034 1369 2034 1054 2034 1054 2035 1369 2035 1053 2035 1369 2036 1370 2036 1053 2036 1053 2037 1370 2037 1052 2037 1370 2038 1371 2038 1052 2038 1052 2039 1371 2039 1051 2039 1371 2040 1372 2040 1051 2040 1051 2041 1372 2041 1050 2041 1372 2042 1373 2042 1050 2042 1050 2043 1373 2043 1048 2043 1048 2044 1374 2044 1047 2044 1373 2045 1374 2045 1048 2045 1047 2046 1375 2046 1046 2046 1374 2047 1375 2047 1047 2047 1046 2048 1376 2048 1045 2048 1375 2049 1376 2049 1046 2049 1045 2050 1377 2050 1044 2050 1376 2051 1377 2051 1045 2051 1044 2052 1378 2052 1043 2052 1377 2053 1378 2053 1044 2053 1043 2054 1379 2054 1041 2054 1378 2055 1379 2055 1043 2055 1041 2056 1380 2056 1040 2056 1379 2057 1380 2057 1041 2057 1040 2058 1381 2058 1039 2058 1380 2059 1381 2059 1040 2059 1039 2060 1382 2060 1038 2060 1381 2061 1382 2061 1039 2061 1382 2062 1383 2062 1038 2062 1038 2063 1383 2063 1037 2063 1037 2064 1383 2064 1035 2064 1383 2065 1384 2065 1035 2065 1384 2066 1385 2066 1035 2066 1035 2067 1385 2067 1033 2067 1385 2068 1386 2068 1033 2068 1033 2069 1386 2069 1031 2069 1031 2070 1386 2070 1028 2070 1386 2071 1387 2071 1028 2071 1387 2072 1388 2072 1028 2072 1028 2073 1388 2073 1027 2073 1388 2074 1389 2074 1027 2074 1027 2075 1389 2075 1025 2075 1025 2076 1389 2076 1023 2076 1389 2077 1390 2077 1023 2077 1390 2078 1391 2078 1023 2078 1023 2079 1391 2079 1020 2079 1391 2080 1392 2080 1020 2080 1020 2081 1392 2081 1018 2081 1018 2082 1392 2082 1017 2082 1392 2083 1393 2083 1017 2083 1393 2084 1394 2084 1017 2084 1017 2085 1394 2085 1016 2085 1394 2086 1395 2086 1016 2086 1016 2087 1395 2087 1015 2087 1015 2088 1395 2088 1019 2088 1395 2089 1396 2089 1019 2089 1396 2090 1397 2090 1019 2090 1019 2091 1397 2091 1021 2091 1021 2092 1397 2092 1022 2092 1397 2093 1398 2093 1022 2093 1022 2094 1398 2094 1024 2094 1398 2095 1399 2095 1024 2095 1399 2096 1400 2096 1024 2096 1024 2097 1400 2097 1026 2097 1400 2098 1401 2098 1026 2098 1026 2099 1401 2099 1029 2099 1029 2100 1401 2100 1030 2100 1401 2101 1402 2101 1030 2101 1402 2102 1403 2102 1030 2102 1030 2103 1403 2103 1032 2103 1032 2104 1403 2104 1034 2104 1403 2105 1404 2105 1034 2105 1034 2106 1404 2106 1036 2106 1404 2107 1405 2107 1036 2107 1405 2108 521 2108 1036 2108 1036 2109 521 2109 520 2109 518 2110 1406 2110 519 2110 519 2111 1406 2111 1014 2111 1406 2112 1407 2112 1014 2112 1014 2113 1407 2113 1013 2113 1407 2114 1408 2114 1013 2114 1013 2115 1408 2115 1012 2115 1408 2116 1409 2116 1012 2116 1012 2117 1409 2117 1011 2117 1409 2118 1410 2118 1011 2118 1011 2119 1410 2119 1010 2119 1410 2120 1411 2120 1010 2120 1010 2121 1411 2121 1009 2121 1411 2122 1412 2122 1009 2122 1009 2123 1412 2123 1008 2123 1412 2124 1413 2124 1008 2124 1008 2125 1413 2125 1007 2125 1413 2126 1414 2126 1007 2126 1007 2127 1414 2127 1006 2127 1414 2128 1415 2128 1006 2128 1006 2129 1415 2129 1005 2129 1415 2130 1416 2130 1005 2130 1005 2131 1416 2131 1004 2131 1416 2132 1417 2132 1004 2132 1004 2133 1417 2133 1003 2133 1417 2134 1418 2134 1003 2134 1003 2135 1418 2135 1002 2135 1418 2136 1419 2136 1002 2136 1002 2137 1419 2137 1001 2137 1419 2138 1420 2138 1001 2138 1001 2139 1420 2139 1000 2139 1000 2140 1421 2140 999 2140 1420 2141 1421 2141 1000 2141 999 2142 1422 2142 998 2142 1421 2143 1422 2143 999 2143 998 2144 1423 2144 997 2144 1422 2145 1423 2145 998 2145 997 2146 1424 2146 996 2146 1423 2147 1424 2147 997 2147 996 2148 1425 2148 995 2148 1424 2149 1425 2149 996 2149 995 2150 1426 2150 994 2150 1425 2151 1426 2151 995 2151 994 2152 1427 2152 993 2152 1426 2153 1427 2153 994 2153 993 2154 1428 2154 992 2154 1427 2155 1428 2155 993 2155 992 2156 1429 2156 991 2156 1428 2157 1429 2157 992 2157 1429 2158 1430 2158 991 2158 991 2159 1430 2159 990 2159 990 2160 1430 2160 988 2160 1430 2161 1431 2161 988 2161 1431 2162 1432 2162 988 2162 988 2163 1432 2163 986 2163 1432 2164 1433 2164 986 2164 986 2165 1433 2165 984 2165 984 2166 1433 2166 982 2166 1433 2167 1434 2167 982 2167 1434 2168 1435 2168 982 2168 982 2169 1435 2169 980 2169 1435 2170 1436 2170 980 2170 980 2171 1436 2171 978 2171 978 2172 1436 2172 976 2172 1436 2173 1437 2173 976 2173 1437 2174 1438 2174 976 2174 976 2175 1438 2175 973 2175 1438 2176 1439 2176 973 2176 973 2177 1439 2177 972 2177 972 2178 1439 2178 970 2178 1439 2179 1440 2179 970 2179 1440 2180 1441 2180 970 2180 970 2181 1441 2181 969 2181 1441 2182 1442 2182 969 2182 969 2183 1442 2183 968 2183 968 2184 1442 2184 971 2184 1442 2185 1443 2185 971 2185 1443 2186 1444 2186 971 2186 971 2187 1444 2187 974 2187 974 2188 1444 2188 975 2188 1444 2189 1445 2189 975 2189 975 2190 1445 2190 977 2190 1445 2191 1446 2191 977 2191 1446 2192 1447 2192 977 2192 977 2193 1447 2193 979 2193 1447 2194 1448 2194 979 2194 979 2195 1448 2195 981 2195 981 2196 1448 2196 983 2196 1448 2197 1449 2197 983 2197 1449 2198 1450 2198 983 2198 983 2199 1450 2199 985 2199 985 2200 1450 2200 987 2200 1450 2201 1451 2201 987 2201 987 2202 1451 2202 989 2202 1451 2203 1452 2203 989 2203 1452 2204 423 2204 989 2204 989 2205 423 2205 422 2205 420 2206 1453 2206 421 2206 421 2207 1453 2207 1119 2207 1453 2208 1454 2208 1119 2208 1119 2209 1454 2209 1114 2209 1454 2210 1455 2210 1114 2210 1114 2211 1455 2211 1115 2211 1455 2212 1456 2212 1115 2212 1115 2213 1456 2213 1116 2213 1456 2214 1457 2214 1116 2214 1116 2215 1457 2215 1117 2215 1457 2216 1458 2216 1117 2216 1117 2217 1458 2217 1118 2217 1458 2218 1459 2218 1118 2218 1118 2219 1459 2219 1113 2219 1459 2220 1460 2220 1113 2220 1113 2221 1460 2221 1112 2221 1460 2222 1461 2222 1112 2222 1112 2223 1461 2223 1111 2223 1461 2224 1462 2224 1111 2224 1111 2225 1462 2225 1110 2225 1462 2226 1463 2226 1110 2226 1110 2227 1463 2227 1108 2227 1463 2228 1464 2228 1108 2228 1108 2229 1464 2229 1109 2229 1464 2230 1465 2230 1109 2230 1109 2231 1465 2231 1107 2231 1465 2232 1466 2232 1107 2232 1107 2233 1466 2233 1106 2233 1466 2234 1467 2234 1106 2234 1106 2235 1467 2235 1105 2235 1105 2236 1468 2236 1103 2236 1467 2237 1468 2237 1105 2237 1103 2238 1469 2238 1102 2238 1468 2239 1469 2239 1103 2239 1102 2240 1470 2240 1101 2240 1469 2241 1470 2241 1102 2241 1101 2242 1471 2242 1100 2242 1470 2243 1471 2243 1101 2243 1100 2244 1472 2244 1099 2244 1471 2245 1472 2245 1100 2245 1099 2246 1473 2246 1098 2246 1472 2247 1473 2247 1099 2247 1098 2248 1474 2248 1097 2248 1473 2249 1474 2249 1098 2249 1097 2250 1475 2250 1096 2250 1474 2251 1475 2251 1097 2251 1096 2252 1476 2252 1095 2252 1475 2253 1476 2253 1096 2253 1476 2254 1477 2254 1095 2254 1095 2255 1477 2255 1094 2255 1094 2256 1477 2256 1092 2256 1477 2257 1478 2257 1092 2257 1478 2258 1479 2258 1092 2258 1092 2259 1479 2259 1089 2259 1479 2260 1480 2260 1089 2260 1089 2261 1480 2261 1087 2261 1087 2262 1480 2262 1085 2262 1480 2263 1481 2263 1085 2263 1481 2264 1482 2264 1085 2264 1085 2265 1482 2265 1083 2265 1482 2266 1483 2266 1083 2266 1083 2267 1483 2267 1081 2267 1081 2268 1483 2268 1078 2268 1483 2269 1484 2269 1078 2269 1484 2270 1485 2270 1078 2270 1078 2271 1485 2271 1076 2271 1485 2272 1486 2272 1076 2272 1076 2273 1486 2273 1074 2273 1074 2274 1486 2274 1073 2274 1486 2275 1487 2275 1073 2275 1487 2276 1488 2276 1073 2276 1073 2277 1488 2277 1072 2277 1488 2278 1489 2278 1072 2278 1072 2279 1489 2279 1071 2279 1071 2280 1489 2280 1075 2280 1489 2281 1490 2281 1075 2281 1490 2282 1491 2282 1075 2282 1075 2283 1491 2283 1077 2283 1077 2284 1491 2284 1079 2284 1491 2285 1492 2285 1079 2285 1079 2286 1492 2286 1080 2286 1492 2287 1493 2287 1080 2287 1493 2288 1494 2288 1080 2288 1080 2289 1494 2289 1082 2289 1494 2290 1495 2290 1082 2290 1082 2291 1495 2291 1084 2291 1084 2292 1495 2292 1086 2292 1495 2293 1496 2293 1086 2293 1496 2294 1497 2294 1086 2294 1086 2295 1497 2295 1088 2295 1088 2296 1497 2296 1091 2296 1497 2297 1498 2297 1091 2297 1091 2298 1498 2298 1093 2298 1498 2299 1499 2299 1093 2299 1499 2300 325 2300 1093 2300 1093 2301 325 2301 324 2301 322 2302 1500 2302 323 2302 323 2303 1500 2303 1219 2303 1500 2304 1501 2304 1219 2304 1219 2305 1501 2305 1220 2305 1501 2306 1502 2306 1220 2306 1220 2307 1502 2307 1211 2307 1502 2308 1503 2308 1211 2308 1211 2309 1503 2309 1212 2309 1503 2310 1504 2310 1212 2310 1212 2311 1504 2311 1213 2311 1504 2312 1505 2312 1213 2312 1213 2313 1505 2313 1214 2313 1505 2314 1506 2314 1214 2314 1214 2315 1506 2315 1215 2315 1506 2316 1507 2316 1215 2316 1215 2317 1507 2317 1216 2317 1507 2318 1508 2318 1216 2318 1216 2319 1508 2319 1204 2319 1508 2320 1509 2320 1204 2320 1204 2321 1509 2321 1205 2321 1509 2322 1510 2322 1205 2322 1205 2323 1510 2323 1206 2323 1510 2324 1511 2324 1206 2324 1206 2325 1511 2325 1207 2325 1511 2326 1512 2326 1207 2326 1207 2327 1512 2327 1208 2327 1512 2328 1513 2328 1208 2328 1208 2329 1513 2329 1199 2329 1513 2330 1514 2330 1199 2330 1199 2331 1514 2331 1200 2331 1200 2332 1515 2332 1201 2332 1514 2333 1515 2333 1200 2333 1201 2334 1516 2334 1202 2334 1515 2335 1516 2335 1201 2335 1202 2336 1517 2336 1197 2336 1516 2337 1517 2337 1202 2337 1197 2338 1518 2338 1196 2338 1517 2339 1518 2339 1197 2339 1196 2340 1519 2340 1194 2340 1518 2341 1519 2341 1196 2341 1194 2342 1520 2342 1195 2342 1519 2343 1520 2343 1194 2343 1195 2344 1521 2344 1193 2344 1520 2345 1521 2345 1195 2345 1193 2346 1522 2346 1192 2346 1521 2347 1522 2347 1193 2347 1192 2348 1523 2348 1191 2348 1522 2349 1523 2349 1192 2349 1523 2350 1524 2350 1191 2350 1191 2351 1524 2351 1189 2351 1189 2352 1524 2352 1187 2352 1524 2353 1525 2353 1187 2353 1525 2354 1526 2354 1187 2354 1187 2355 1526 2355 1185 2355 1526 2356 1527 2356 1185 2356 1185 2357 1527 2357 1183 2357 1183 2358 1527 2358 1181 2358 1527 2359 1528 2359 1181 2359 1528 2360 1529 2360 1181 2360 1181 2361 1529 2361 1179 2361 1529 2362 1530 2362 1179 2362 1179 2363 1530 2363 1177 2363 1177 2364 1530 2364 1175 2364 1530 2365 1531 2365 1175 2365 1531 2366 1532 2366 1175 2366 1175 2367 1532 2367 1172 2367 1532 2368 1533 2368 1172 2368 1172 2369 1533 2369 1170 2369 1170 2370 1533 2370 1169 2370 1533 2371 1534 2371 1169 2371 1534 2372 1535 2372 1169 2372 1169 2373 1535 2373 1168 2373 1535 2374 1536 2374 1168 2374 1168 2375 1536 2375 1167 2375 1167 2376 1536 2376 1171 2376 1536 2377 1537 2377 1171 2377 1537 2378 1538 2378 1171 2378 1171 2379 1538 2379 1173 2379 1173 2380 1538 2380 1174 2380 1538 2381 1539 2381 1174 2381 1174 2382 1539 2382 1176 2382 1539 2383 1540 2383 1176 2383 1540 2384 1541 2384 1176 2384 1176 2385 1541 2385 1178 2385 1541 2386 1542 2386 1178 2386 1178 2387 1542 2387 1180 2387 1180 2388 1542 2388 1182 2388 1542 2389 1543 2389 1182 2389 1543 2390 1544 2390 1182 2390 1182 2391 1544 2391 1184 2391 1184 2392 1544 2392 1186 2392 1544 2393 1545 2393 1186 2393 1186 2394 1545 2394 1188 2394 1545 2395 1546 2395 1188 2395 1546 2396 227 2396 1188 2396 1188 2397 227 2397 226 2397 224 2398 1547 2398 225 2398 225 2399 1547 2399 1210 2399 1547 2400 1548 2400 1210 2400 1210 2401 1548 2401 1218 2401 1548 2402 1549 2402 1218 2402 1218 2403 1549 2403 1252 2403 1549 2404 1550 2404 1252 2404 1252 2405 1550 2405 1248 2405 1550 2406 1551 2406 1248 2406 1248 2407 1551 2407 1243 2407 1551 2408 1552 2408 1243 2408 1243 2409 1552 2409 1244 2409 1552 2410 1553 2410 1244 2410 1244 2411 1553 2411 1240 2411 1553 2412 1554 2412 1240 2412 1240 2413 1554 2413 1236 2413 1554 2414 1555 2414 1236 2414 1236 2415 1555 2415 1234 2415 1555 2416 1556 2416 1234 2416 1234 2417 1556 2417 1230 2417 1556 2418 1557 2418 1230 2418 1230 2419 1557 2419 1222 2419 1557 2420 1558 2420 1222 2420 1222 2421 1558 2421 1223 2421 1558 2422 1559 2422 1223 2422 1223 2423 1559 2423 1226 2423 1559 2424 1560 2424 1226 2424 1226 2425 1560 2425 1227 2425 1560 2426 1561 2426 1227 2426 1227 2427 1561 2427 1232 2427 1232 2428 1562 2428 1159 2428 1561 2429 1562 2429 1232 2429 1159 2430 1563 2430 1158 2430 1562 2431 1563 2431 1159 2431 1158 2432 1564 2432 1157 2432 1563 2433 1564 2433 1158 2433 1157 2434 1565 2434 1156 2434 1564 2435 1565 2435 1157 2435 1156 2436 1566 2436 1155 2436 1565 2437 1566 2437 1156 2437 1155 2438 1567 2438 1154 2438 1566 2439 1567 2439 1155 2439 1154 2440 1568 2440 1152 2440 1567 2441 1568 2441 1154 2441 1152 2442 1569 2442 1151 2442 1568 2443 1569 2443 1152 2443 1151 2444 1570 2444 1150 2444 1569 2445 1570 2445 1151 2445 1570 2446 1571 2446 1150 2446 1150 2447 1571 2447 1149 2447 1149 2448 1571 2448 1145 2448 1571 2449 1572 2449 1145 2449 1572 2450 1573 2450 1145 2450 1145 2451 1573 2451 1143 2451 1573 2452 1574 2452 1143 2452 1143 2453 1574 2453 1141 2453 1141 2454 1574 2454 1140 2454 1574 2455 1575 2455 1140 2455 1575 2456 1576 2456 1140 2456 1140 2457 1576 2457 1138 2457 1576 2458 1577 2458 1138 2458 1138 2459 1577 2459 1134 2459 1134 2460 1577 2460 1131 2460 1577 2461 1578 2461 1131 2461 1578 2462 1579 2462 1131 2462 1131 2463 1579 2463 1128 2463 1579 2464 1580 2464 1128 2464 1128 2465 1580 2465 1125 2465 1125 2466 1580 2466 1124 2466 1580 2467 1581 2467 1124 2467 1581 2468 1582 2468 1124 2468 1124 2469 1582 2469 1120 2469 1582 2470 1583 2470 1120 2470 1120 2471 1583 2471 1123 2471 1123 2472 1583 2472 1127 2472 1583 2473 1584 2473 1127 2473 1584 2474 1585 2474 1127 2474 1127 2475 1585 2475 1129 2475 1129 2476 1585 2476 1133 2476 1585 2477 1586 2477 1133 2477 1133 2478 1586 2478 1135 2478 1586 2479 1587 2479 1135 2479 1587 2480 1588 2480 1135 2480 1135 2481 1588 2481 1136 2481 1588 2482 1589 2482 1136 2482 1136 2483 1589 2483 1139 2483 1139 2484 1589 2484 1142 2484 1589 2485 1590 2485 1142 2485 1590 2486 1591 2486 1142 2486 1142 2487 1591 2487 1144 2487 1144 2488 1591 2488 1146 2488 1591 2489 1592 2489 1146 2489 1146 2490 1592 2490 1148 2490 1592 2491 1593 2491 1148 2491 1593 2492 129 2492 1148 2492 1148 2493 129 2493 128 2493 1594 2494 1595 2494 1596 2494 1597 2495 1595 2495 1594 2495 1598 2496 1597 2496 1599 2496 1598 2497 1595 2497 1597 2497 1600 2498 1601 2498 1602 2498 1600 2499 1602 2499 1603 2499 1600 2500 1603 2500 1604 2500 1600 2501 1604 2501 1595 2501 1600 2502 1595 2502 1598 2502 1605 2503 1600 2503 1598 2503 1606 2504 1607 2504 1600 2504 1606 2505 1605 2505 1608 2505 1606 2506 1600 2506 1605 2506 1609 2507 1610 2507 1611 2507 1612 2508 1609 2508 1611 2508 1613 2509 1614 2509 1615 2509 1616 2510 1606 2510 1614 2510 1616 2511 1614 2511 1613 2511 1617 2512 1611 2512 1607 2512 1617 2513 1612 2513 1611 2513 1617 2514 1618 2514 1619 2514 1617 2515 1619 2515 1612 2515 1620 2516 1616 2516 1621 2516 1622 2517 1623 2517 1617 2517 0 2518 1620 2518 1624 2518 1625 2519 1622 2519 1617 2519 3 2520 1620 2520 0 2520 1626 2521 1625 2521 1617 2521 1626 2522 1627 2522 1625 2522 7 2523 3 2523 5 2523 7 2524 1606 2524 1616 2524 7 2525 1616 2525 1620 2525 7 2526 1620 2526 3 2526 1628 2527 1629 2527 1626 2527 1628 2528 1626 2528 1617 2528 13 2529 9 2529 11 2529 1630 2530 1631 2530 1628 2530 15 2531 7 2531 9 2531 15 2532 9 2532 13 2532 1632 2533 1630 2533 1628 2533 17 2534 7 2534 15 2534 1633 2535 1628 2535 1617 2535 1633 2536 1632 2536 1628 2536 1633 2537 1607 2537 1606 2537 1633 2538 1617 2538 1607 2538 1633 2539 1606 2539 7 2539 23 2540 17 2540 19 2540 23 2541 19 2541 21 2541 23 2542 7 2542 17 2542 1634 2543 1635 2543 1636 2543 1634 2544 1636 2544 1637 2544 1638 2545 1639 2545 1634 2545 31 2546 23 2546 25 2546 31 2547 25 2547 27 2547 31 2548 27 2548 29 2548 1640 2549 1638 2549 1634 2549 1640 2550 1634 2550 1637 2550 33 2551 7 2551 23 2551 33 2552 23 2552 31 2552 1641 2553 1640 2553 1637 2553 1641 2554 1637 2554 1633 2554 1642 2555 1643 2555 1641 2555 1644 2556 1642 2556 1641 2556 41 2557 33 2557 35 2557 41 2558 35 2558 37 2558 41 2559 37 2559 39 2559 1645 2560 1646 2560 1647 2560 1645 2561 1647 2561 1644 2561 47 2562 41 2562 43 2562 47 2563 43 2563 45 2563 1648 2564 1645 2564 1644 2564 51 2565 47 2565 49 2565 51 2566 33 2566 41 2566 51 2567 41 2567 47 2567 53 2568 7 2568 33 2568 53 2569 33 2569 51 2569 1649 2570 1644 2570 1641 2570 1649 2571 1650 2571 1651 2571 1649 2572 1651 2572 1652 2572 1649 2573 1652 2573 1648 2573 1649 2574 1648 2574 1644 2574 56 2575 53 2575 55 2575 59 2576 53 2576 56 2576 1653 2577 1654 2577 1649 2577 61 2578 53 2578 59 2578 1655 2579 1653 2579 1649 2579 127 2580 1655 2580 1649 2580 67 2581 63 2581 65 2581 122 2582 127 2582 1649 2582 122 2583 63 2583 67 2583 122 2584 61 2584 63 2584 122 2585 1641 2585 1633 2585 122 2586 124 2586 127 2586 122 2587 7 2587 53 2587 122 2588 1633 2588 7 2588 122 2589 1649 2589 1641 2589 122 2590 53 2590 61 2590 69 2591 122 2591 67 2591 118 2592 121 2592 122 2592 74 2593 69 2593 71 2593 74 2594 71 2594 72 2594 115 2595 118 2595 122 2595 115 2596 117 2596 118 2596 78 2597 74 2597 77 2597 110 2598 113 2598 115 2598 80 2599 122 2599 69 2599 80 2600 74 2600 78 2600 80 2601 69 2601 74 2601 84 2602 80 2602 83 2602 104 2603 110 2603 115 2603 104 2604 107 2604 109 2604 104 2605 109 2605 110 2605 86 2606 80 2606 84 2606 89 2607 122 2607 80 2607 89 2608 80 2608 86 2608 101 2609 115 2609 122 2609 101 2610 103 2610 104 2610 101 2611 104 2611 115 2611 92 2612 89 2612 91 2612 96 2613 99 2613 101 2613 96 2614 101 2614 122 2614 95 2615 122 2615 89 2615 95 2616 89 2616 92 2616 95 2617 96 2617 122 2617 127 2618 126 2618 845 2618 1655 2619 127 2619 845 2619 1655 2620 845 2620 847 2620 1653 2621 1655 2621 847 2621 1653 2622 847 2622 849 2622 1654 2623 1653 2623 849 2623 1654 2624 849 2624 851 2624 1649 2625 1654 2625 851 2625 1649 2626 851 2626 853 2626 1650 2627 1649 2627 853 2627 1650 2628 853 2628 855 2628 1651 2629 855 2629 857 2629 1651 2630 1650 2630 855 2630 1652 2631 857 2631 859 2631 1652 2632 1651 2632 857 2632 1648 2633 859 2633 861 2633 1648 2634 1652 2634 859 2634 1645 2635 861 2635 862 2635 1645 2636 1648 2636 861 2636 1646 2637 862 2637 865 2637 1646 2638 1645 2638 862 2638 1647 2639 865 2639 867 2639 1647 2640 1646 2640 865 2640 1644 2641 867 2641 869 2641 1644 2642 1647 2642 867 2642 1642 2643 869 2643 871 2643 1642 2644 1644 2644 869 2644 1643 2645 871 2645 873 2645 1643 2646 1642 2646 871 2646 1641 2647 873 2647 874 2647 1641 2648 1643 2648 873 2648 1640 2649 874 2649 876 2649 1640 2650 1641 2650 874 2650 1638 2651 1640 2651 876 2651 1638 2652 876 2652 878 2652 1639 2653 1638 2653 878 2653 1639 2654 878 2654 881 2654 1634 2655 1639 2655 881 2655 1634 2656 881 2656 883 2656 1635 2657 1634 2657 883 2657 1635 2658 883 2658 885 2658 1636 2659 1635 2659 885 2659 1636 2660 885 2660 886 2660 1637 2661 1636 2661 886 2661 1637 2662 886 2662 889 2662 1633 2663 1637 2663 889 2663 1633 2664 889 2664 891 2664 1632 2665 1633 2665 891 2665 1632 2666 891 2666 893 2666 1630 2667 1632 2667 893 2667 1630 2668 893 2668 894 2668 1631 2669 1630 2669 894 2669 1628 2670 896 2670 898 2670 1628 2671 894 2671 896 2671 1628 2672 1631 2672 894 2672 1629 2673 1628 2673 898 2673 1629 2674 898 2674 900 2674 1626 2675 1629 2675 900 2675 1627 2676 902 2676 904 2676 1627 2677 900 2677 902 2677 1627 2678 1626 2678 900 2678 1625 2679 904 2679 906 2679 1625 2680 1627 2680 904 2680 1622 2681 1625 2681 906 2681 1623 2682 911 2682 914 2682 1623 2683 906 2683 911 2683 1623 2684 1622 2684 906 2684 1617 2685 914 2685 916 2685 1617 2686 1623 2686 914 2686 1618 2687 916 2687 920 2687 1618 2688 1617 2688 916 2688 1619 2689 920 2689 924 2689 1619 2690 1618 2690 920 2690 1612 2691 924 2691 928 2691 1612 2692 1619 2692 924 2692 1609 2693 928 2693 932 2693 1609 2694 1612 2694 928 2694 1610 2695 932 2695 939 2695 1610 2696 1609 2696 932 2696 1611 2697 939 2697 942 2697 1611 2698 1610 2698 939 2698 1607 2699 942 2699 944 2699 1607 2700 1611 2700 942 2700 1600 2701 944 2701 948 2701 1600 2702 1607 2702 944 2702 1601 2703 1600 2703 948 2703 1602 2704 1601 2704 948 2704 1602 2705 948 2705 952 2705 1603 2706 1602 2706 952 2706 1603 2707 956 2707 962 2707 1603 2708 952 2708 956 2708 1604 2709 1603 2709 962 2709 1595 2710 964 2710 965 2710 1595 2711 962 2711 964 2711 1595 2712 1604 2712 962 2712 1596 2713 965 2713 960 2713 1596 2714 1595 2714 965 2714 1594 2715 960 2715 957 2715 1594 2716 1596 2716 960 2716 1597 2717 1594 2717 957 2717 1599 2718 954 2718 950 2718 1599 2719 957 2719 954 2719 1599 2720 1597 2720 957 2720 1598 2721 950 2721 946 2721 1598 2722 1599 2722 950 2722 1605 2723 946 2723 941 2723 1605 2724 1598 2724 946 2724 1608 2725 941 2725 937 2725 1608 2726 1605 2726 941 2726 1606 2727 1608 2727 937 2727 1614 2728 934 2728 930 2728 1614 2729 937 2729 934 2729 1614 2730 1606 2730 937 2730 1615 2731 930 2731 926 2731 1615 2732 1614 2732 930 2732 1613 2733 926 2733 922 2733 1613 2734 1615 2734 926 2734 1616 2735 1613 2735 922 2735 1621 2736 918 2736 913 2736 1621 2737 922 2737 918 2737 1621 2738 1616 2738 922 2738 1620 2739 913 2739 909 2739 1620 2740 1621 2740 913 2740 1624 2741 1620 2741 909 2741 0 2742 909 2742 1 2742 0 2743 1624 2743 909 2743 202 2744 206 2744 204 2744 200 2745 206 2745 202 2745 198 2746 194 2746 200 2746 196 2747 194 2747 198 2747 192 2748 188 2748 194 2748 190 2749 188 2749 192 2749 210 2750 214 2750 212 2750 208 2751 214 2751 210 2751 206 2752 214 2752 208 2752 214 2753 218 2753 216 2753 186 2754 182 2754 188 2754 184 2755 182 2755 186 2755 182 2756 178 2756 188 2756 180 2757 178 2757 182 2757 214 2758 1547 2758 218 2758 222 2759 1547 2759 224 2759 220 2760 1547 2760 222 2760 218 2761 1547 2761 220 2761 174 2762 173 2762 176 2762 1547 2763 1549 2763 1548 2763 173 2764 168 2764 176 2764 176 2765 168 2765 178 2765 170 2766 168 2766 173 2766 1549 2767 1551 2767 1550 2767 1549 2768 1553 2768 1551 2768 1551 2769 1553 2769 1552 2769 166 2770 163 2770 168 2770 164 2771 163 2771 166 2771 159 2772 157 2772 161 2772 1555 2773 1557 2773 1556 2773 1554 2774 1557 2774 1555 2774 168 2775 155 2775 178 2775 163 2776 155 2776 168 2776 161 2777 155 2777 163 2777 157 2778 155 2778 161 2778 1554 2779 1558 2779 1557 2779 1553 2780 1558 2780 1554 2780 1558 2781 1560 2781 1559 2781 194 2782 1561 2782 200 2782 200 2783 1561 2783 206 2783 188 2784 1561 2784 194 2784 206 2785 1561 2785 214 2785 1549 2786 1561 2786 1553 2786 1547 2787 1561 2787 1549 2787 214 2788 1561 2788 1547 2788 1553 2789 1561 2789 1558 2789 1558 2790 1561 2790 1560 2790 153 2791 147 2791 155 2791 151 2792 147 2792 153 2792 149 2793 147 2793 151 2793 1561 2794 1563 2794 1562 2794 1561 2795 1565 2795 1563 2795 1563 2796 1565 2796 1564 2796 145 2797 139 2797 147 2797 143 2798 139 2798 145 2798 141 2799 139 2799 143 2799 139 2800 135 2800 147 2800 137 2801 135 2801 139 2801 1561 2802 1569 2802 1565 2802 1567 2803 1569 2803 1568 2803 1566 2804 1569 2804 1567 2804 1565 2805 1569 2805 1566 2805 133 2806 1593 2806 135 2806 131 2807 1593 2807 133 2807 129 2808 1593 2808 131 2808 1570 2809 1572 2809 1571 2809 1569 2810 1572 2810 1570 2810 1569 2811 1573 2811 1572 2811 1569 2812 1574 2812 1573 2812 1592 2813 1590 2813 1593 2813 1591 2814 1590 2814 1592 2814 1590 2815 1589 2815 1593 2815 1574 2816 1576 2816 1575 2816 1569 2817 1576 2817 1574 2817 1588 2818 1587 2818 1589 2818 1569 2819 1577 2819 1576 2819 1587 2820 1586 2820 1589 2820 1589 2821 1586 2821 1593 2821 1585 2822 1584 2822 1586 2822 1586 2823 1584 2823 1593 2823 1578 2824 1580 2824 1579 2824 1577 2825 1580 2825 1578 2825 147 2826 1582 2826 155 2826 1583 2827 1582 2827 1584 2827 1580 2828 1582 2828 1581 2828 135 2829 1582 2829 147 2829 1593 2830 1582 2830 135 2830 1561 2831 1582 2831 1569 2831 178 2832 1582 2832 188 2832 1584 2833 1582 2833 1593 2833 1577 2834 1582 2834 1580 2834 1569 2835 1582 2835 1577 2835 155 2836 1582 2836 178 2836 188 2837 1582 2837 1561 2837 298 2838 296 2838 300 2838 296 2839 302 2839 300 2839 294 2840 292 2840 296 2840 296 2841 306 2841 302 2841 302 2842 306 2842 304 2842 292 2843 286 2843 296 2843 290 2844 286 2844 292 2844 288 2845 286 2845 290 2845 296 2846 310 2846 306 2846 306 2847 310 2847 308 2847 284 2848 280 2848 286 2848 282 2849 280 2849 284 2849 312 2850 316 2850 314 2850 310 2851 316 2851 312 2851 310 2852 320 2852 316 2852 316 2853 320 2853 318 2853 322 2854 1501 2854 1500 2854 274 2855 271 2855 276 2855 272 2856 271 2856 274 2856 320 2857 1502 2857 322 2857 322 2858 1502 2858 1501 2858 1502 2859 1504 2859 1503 2859 320 2860 1504 2860 1502 2860 264 2861 262 2861 266 2861 1504 2862 1506 2862 1505 2862 262 2863 259 2863 266 2863 266 2864 259 2864 268 2864 261 2865 259 2865 262 2865 1506 2866 1508 2866 1507 2866 268 2867 257 2867 271 2867 259 2868 257 2868 268 2868 1506 2869 1509 2869 1508 2869 1506 2870 1510 2870 1509 2870 255 2871 253 2871 257 2871 1510 2872 1512 2872 1511 2872 1506 2873 1512 2873 1510 2873 1512 2874 1514 2874 1513 2874 1504 2875 1514 2875 1506 2875 1506 2876 1514 2876 1512 2876 286 2877 245 2877 296 2877 280 2878 245 2878 286 2878 253 2879 245 2879 257 2879 271 2880 245 2880 276 2880 278 2881 245 2881 280 2881 276 2882 245 2882 278 2882 257 2883 245 2883 271 2883 251 2884 245 2884 253 2884 249 2885 245 2885 251 2885 247 2886 245 2886 249 2886 243 2887 241 2887 245 2887 1515 2888 1517 2888 1516 2888 1514 2889 1517 2889 1515 2889 239 2890 233 2890 241 2890 237 2891 233 2891 239 2891 235 2892 233 2892 237 2892 1519 2893 1521 2893 1520 2893 1518 2894 1521 2894 1519 2894 1517 2895 1521 2895 1518 2895 233 2896 229 2896 241 2896 241 2897 229 2897 245 2897 231 2898 229 2898 233 2898 1517 2899 1524 2899 1521 2899 1522 2900 1524 2900 1523 2900 1521 2901 1524 2901 1522 2901 296 2902 1546 2902 310 2902 229 2903 1546 2903 245 2903 310 2904 1546 2904 320 2904 245 2905 1546 2905 296 2905 227 2906 1546 2906 229 2906 1525 2907 1527 2907 1526 2907 1524 2908 1527 2908 1525 2908 1517 2909 1527 2909 1524 2909 1545 2910 1543 2910 1546 2910 1544 2911 1543 2911 1545 2911 1543 2912 1542 2912 1546 2912 1527 2913 1529 2913 1528 2913 1527 2914 1530 2914 1529 2914 1541 2915 1539 2915 1542 2915 1540 2916 1539 2916 1541 2916 1542 2917 1539 2917 1546 2917 1530 2918 1532 2918 1531 2918 1527 2919 1532 2919 1530 2919 1538 2920 1537 2920 1539 2920 1546 2921 1536 2921 320 2921 320 2922 1536 2922 1504 2922 1539 2923 1536 2923 1546 2923 1537 2924 1536 2924 1539 2924 1532 2925 1534 2925 1533 2925 1514 2926 1535 2926 1517 2926 1517 2927 1535 2927 1527 2927 1532 2928 1535 2928 1534 2928 1536 2929 1535 2929 1504 2929 1527 2930 1535 2930 1532 2930 1504 2931 1535 2931 1514 2931 398 2932 402 2932 400 2932 396 2933 402 2933 398 2933 394 2934 390 2934 396 2934 392 2935 390 2935 394 2935 404 2936 408 2936 406 2936 402 2937 408 2937 404 2937 390 2938 384 2938 396 2938 388 2939 384 2939 390 2939 386 2940 384 2940 388 2940 382 2941 378 2941 384 2941 380 2942 378 2942 382 2942 410 2943 414 2943 412 2943 408 2944 414 2944 410 2944 396 2945 418 2945 402 2945 402 2946 418 2946 408 2946 408 2947 418 2947 414 2947 414 2948 418 2948 416 2948 384 2949 374 2949 396 2949 378 2950 374 2950 384 2950 396 2951 374 2951 418 2951 376 2952 374 2952 378 2952 418 2953 1453 2953 420 2953 370 2954 369 2954 372 2954 1453 2955 1455 2955 1454 2955 369 2956 364 2956 372 2956 372 2957 364 2957 374 2957 366 2958 364 2958 369 2958 1455 2959 1457 2959 1456 2959 1453 2960 1457 2960 1455 2960 418 2961 1457 2961 1453 2961 364 2962 362 2962 374 2962 1457 2963 1459 2963 1458 2963 360 2964 359 2964 362 2964 1459 2965 1461 2965 1460 2965 1457 2966 1461 2966 1459 2966 355 2967 353 2967 357 2967 1461 2968 1463 2968 1462 2968 362 2969 351 2969 374 2969 359 2970 351 2970 362 2970 357 2971 351 2971 359 2971 353 2972 351 2972 357 2972 349 2973 347 2973 351 2973 1464 2974 1466 2974 1465 2974 347 2975 345 2975 351 2975 1463 2976 1467 2976 1464 2976 1457 2977 1467 2977 1461 2977 1461 2978 1467 2978 1463 2978 1464 2979 1467 2979 1466 2979 345 2980 343 2980 351 2980 1467 2981 1469 2981 1468 2981 343 2982 339 2982 351 2982 341 2983 339 2983 343 2983 1467 2984 1471 2984 1469 2984 1469 2985 1471 2985 1470 2985 335 2986 333 2986 337 2986 1473 2987 1475 2987 1474 2987 1472 2988 1475 2988 1473 2988 1471 2989 1475 2989 1472 2989 418 2990 1475 2990 1457 2990 1457 2991 1475 2991 1467 2991 1467 2992 1475 2992 1471 2992 329 2993 327 2993 331 2993 325 2994 1499 2994 327 2994 1476 2995 1478 2995 1477 2995 1475 2996 1478 2996 1476 2996 327 2997 1498 2997 331 2997 1499 2998 1498 2998 327 2998 331 2999 1498 2999 333 2999 1475 3000 1479 3000 1478 3000 1475 3001 1480 3001 1479 3001 1497 3002 1496 3002 1498 3002 1498 3003 1496 3003 333 3003 1495 3004 1493 3004 1496 3004 1494 3005 1493 3005 1495 3005 1482 3006 1484 3006 1483 3006 1481 3007 1484 3007 1482 3007 1492 3008 1491 3008 1493 3008 333 3009 1491 3009 337 3009 1496 3010 1491 3010 333 3010 1493 3011 1491 3011 1496 3011 337 3012 1491 3012 339 3012 1481 3013 1485 3013 1484 3013 1480 3014 1486 3014 1481 3014 1481 3015 1486 3015 1485 3015 339 3016 1488 3016 351 3016 1490 3017 1488 3017 1491 3017 1489 3018 1488 3018 1490 3018 1486 3019 1488 3019 1487 3019 1491 3020 1488 3020 339 3020 418 3021 1488 3021 1475 3021 374 3022 1488 3022 418 3022 1475 3023 1488 3023 1480 3023 1480 3024 1488 3024 1486 3024 351 3025 1488 3025 374 3025 496 3026 500 3026 498 3026 494 3027 500 3027 496 3027 492 3028 488 3028 494 3028 490 3029 488 3029 492 3029 486 3030 482 3030 488 3030 484 3031 482 3031 486 3031 504 3032 508 3032 506 3032 502 3033 508 3033 504 3033 500 3034 508 3034 502 3034 508 3035 512 3035 510 3035 480 3036 476 3036 482 3036 478 3037 476 3037 480 3037 476 3038 472 3038 482 3038 474 3039 472 3039 476 3039 508 3040 1406 3040 512 3040 516 3041 1406 3041 518 3041 514 3042 1406 3042 516 3042 512 3043 1406 3043 514 3043 468 3044 467 3044 470 3044 1406 3045 1408 3045 1407 3045 467 3046 462 3046 470 3046 470 3047 462 3047 472 3047 464 3048 462 3048 467 3048 1408 3049 1410 3049 1409 3049 1408 3050 1412 3050 1410 3050 1410 3051 1412 3051 1411 3051 460 3052 457 3052 462 3052 458 3053 457 3053 460 3053 453 3054 451 3054 455 3054 1414 3055 1416 3055 1415 3055 1413 3056 1416 3056 1414 3056 462 3057 449 3057 472 3057 457 3058 449 3058 462 3058 455 3059 449 3059 457 3059 451 3060 449 3060 455 3060 1413 3061 1417 3061 1416 3061 1412 3062 1417 3062 1413 3062 1417 3063 1419 3063 1418 3063 488 3064 1420 3064 494 3064 494 3065 1420 3065 500 3065 482 3066 1420 3066 488 3066 500 3067 1420 3067 508 3067 1408 3068 1420 3068 1412 3068 1406 3069 1420 3069 1408 3069 508 3070 1420 3070 1406 3070 1412 3071 1420 3071 1417 3071 1417 3072 1420 3072 1419 3072 447 3073 441 3073 449 3073 445 3074 441 3074 447 3074 443 3075 441 3075 445 3075 1420 3076 1422 3076 1421 3076 1420 3077 1424 3077 1422 3077 1422 3078 1424 3078 1423 3078 439 3079 433 3079 441 3079 437 3080 433 3080 439 3080 435 3081 433 3081 437 3081 433 3082 429 3082 441 3082 431 3083 429 3083 433 3083 1420 3084 1428 3084 1424 3084 1426 3085 1428 3085 1427 3085 1425 3086 1428 3086 1426 3086 1424 3087 1428 3087 1425 3087 427 3088 1452 3088 429 3088 425 3089 1452 3089 427 3089 423 3090 1452 3090 425 3090 1429 3091 1431 3091 1430 3091 1428 3092 1431 3092 1429 3092 1428 3093 1432 3093 1431 3093 1428 3094 1433 3094 1432 3094 1451 3095 1449 3095 1452 3095 1450 3096 1449 3096 1451 3096 1449 3097 1448 3097 1452 3097 1433 3098 1435 3098 1434 3098 1428 3099 1435 3099 1433 3099 1447 3100 1446 3100 1448 3100 1428 3101 1436 3101 1435 3101 1446 3102 1445 3102 1448 3102 1448 3103 1445 3103 1452 3103 1444 3104 1443 3104 1445 3104 1445 3105 1443 3105 1452 3105 1437 3106 1439 3106 1438 3106 1436 3107 1439 3107 1437 3107 441 3108 1441 3108 449 3108 1442 3109 1441 3109 1443 3109 1439 3110 1441 3110 1440 3110 429 3111 1441 3111 441 3111 1452 3112 1441 3112 429 3112 1420 3113 1441 3113 1428 3113 472 3114 1441 3114 482 3114 1443 3115 1441 3115 1452 3115 1436 3116 1441 3116 1439 3116 1428 3117 1441 3117 1436 3117 449 3118 1441 3118 472 3118 482 3119 1441 3119 1420 3119 594 3120 598 3120 596 3120 592 3121 598 3121 594 3121 586 3122 584 3122 588 3122 600 3123 604 3123 602 3123 598 3124 604 3124 600 3124 584 3125 578 3125 588 3125 590 3126 578 3126 592 3126 588 3127 578 3127 590 3127 582 3128 578 3128 584 3128 580 3129 578 3129 582 3129 576 3130 574 3130 578 3130 606 3131 610 3131 608 3131 604 3132 610 3132 606 3132 604 3133 614 3133 610 3133 610 3134 614 3134 612 3134 614 3135 1359 3135 616 3135 568 3136 565 3136 570 3136 566 3137 565 3137 568 3137 614 3138 1361 3138 1359 3138 1359 3139 1361 3139 1360 3139 1361 3140 1363 3140 1362 3140 614 3141 1363 3141 1361 3141 558 3142 556 3142 560 3142 1363 3143 1365 3143 1364 3143 555 3144 553 3144 556 3144 1365 3145 1367 3145 1366 3145 1363 3146 1367 3146 1365 3146 553 3147 551 3147 556 3147 556 3148 551 3148 560 3148 562 3149 551 3149 565 3149 560 3150 551 3150 562 3150 1368 3151 1370 3151 1369 3151 1367 3152 1370 3152 1368 3152 549 3153 545 3153 551 3153 547 3154 545 3154 549 3154 1363 3155 1371 3155 1367 3155 1367 3156 1371 3156 1370 3156 545 3157 543 3157 551 3157 551 3158 543 3158 565 3158 592 3159 541 3159 598 3159 578 3160 541 3160 592 3160 598 3161 541 3161 604 3161 574 3162 541 3162 578 3162 565 3163 541 3163 570 3163 572 3164 541 3164 574 3164 570 3165 541 3165 572 3165 543 3166 541 3166 565 3166 1372 3167 1374 3167 1373 3167 1372 3168 1375 3168 1374 3168 539 3169 535 3169 541 3169 537 3170 535 3170 539 3170 1372 3171 1376 3171 1375 3171 1372 3172 1377 3172 1376 3172 1371 3173 1377 3173 1372 3173 533 3174 531 3174 535 3174 1371 3175 1378 3175 1377 3175 531 3176 527 3176 535 3176 529 3177 527 3177 531 3177 521 3178 1405 3178 523 3178 1382 3179 1384 3179 1383 3179 1405 3180 1404 3180 523 3180 523 3181 1404 3181 525 3181 535 3182 1403 3182 541 3182 1404 3183 1403 3183 525 3183 527 3184 1403 3184 535 3184 525 3185 1403 3185 527 3185 1381 3186 1385 3186 1382 3186 1382 3187 1385 3187 1384 3187 1380 3188 1386 3188 1381 3188 1379 3189 1386 3189 1380 3189 1378 3190 1386 3190 1379 3190 1381 3191 1386 3191 1385 3191 1402 3192 1400 3192 1403 3192 1401 3193 1400 3193 1402 3193 1403 3194 1400 3194 541 3194 541 3195 1400 3195 604 3195 1386 3196 1388 3196 1387 3196 1378 3197 1388 3197 1386 3197 1388 3198 1390 3198 1389 3198 1397 3199 1396 3199 1398 3199 1371 3200 1392 3200 1378 3200 1390 3201 1392 3201 1391 3201 1378 3202 1392 3202 1388 3202 1388 3203 1392 3203 1390 3203 1399 3204 1395 3204 1400 3204 1398 3205 1395 3205 1399 3205 604 3206 1395 3206 614 3206 614 3207 1395 3207 1363 3207 1400 3208 1395 3208 604 3208 1396 3209 1395 3209 1398 3209 1392 3210 1394 3210 1393 3210 1395 3211 1394 3211 1363 3211 1371 3212 1394 3212 1392 3212 1363 3213 1394 3213 1371 3213 692 3214 696 3214 694 3214 690 3215 696 3215 692 3215 688 3216 684 3216 690 3216 686 3217 684 3217 688 3217 698 3218 702 3218 700 3218 696 3219 702 3219 698 3219 684 3220 678 3220 690 3220 682 3221 678 3221 684 3221 680 3222 678 3222 682 3222 676 3223 672 3223 678 3223 674 3224 672 3224 676 3224 704 3225 708 3225 706 3225 702 3226 708 3226 704 3226 690 3227 712 3227 696 3227 696 3228 712 3228 702 3228 702 3229 712 3229 708 3229 708 3230 712 3230 710 3230 678 3231 668 3231 690 3231 672 3232 668 3232 678 3232 690 3233 668 3233 712 3233 670 3234 668 3234 672 3234 712 3235 1312 3235 714 3235 664 3236 663 3236 666 3236 1312 3237 1314 3237 1313 3237 663 3238 658 3238 666 3238 666 3239 658 3239 668 3239 660 3240 658 3240 663 3240 1314 3241 1316 3241 1315 3241 1312 3242 1316 3242 1314 3242 712 3243 1316 3243 1312 3243 658 3244 656 3244 668 3244 1316 3245 1318 3245 1317 3245 654 3246 653 3246 656 3246 1318 3247 1320 3247 1319 3247 1316 3248 1320 3248 1318 3248 649 3249 647 3249 651 3249 1320 3250 1322 3250 1321 3250 656 3251 645 3251 668 3251 653 3252 645 3252 656 3252 651 3253 645 3253 653 3253 647 3254 645 3254 651 3254 643 3255 641 3255 645 3255 1323 3256 1325 3256 1324 3256 641 3257 639 3257 645 3257 1322 3258 1326 3258 1323 3258 1316 3259 1326 3259 1320 3259 1320 3260 1326 3260 1322 3260 1323 3261 1326 3261 1325 3261 639 3262 637 3262 645 3262 1326 3263 1328 3263 1327 3263 637 3264 633 3264 645 3264 635 3265 633 3265 637 3265 1326 3266 1330 3266 1328 3266 1328 3267 1330 3267 1329 3267 629 3268 627 3268 631 3268 1332 3269 1334 3269 1333 3269 1331 3270 1334 3270 1332 3270 1330 3271 1334 3271 1331 3271 712 3272 1334 3272 1316 3272 1316 3273 1334 3273 1326 3273 1326 3274 1334 3274 1330 3274 623 3275 621 3275 625 3275 619 3276 1358 3276 621 3276 1335 3277 1337 3277 1336 3277 1334 3278 1337 3278 1335 3278 621 3279 1357 3279 625 3279 1358 3280 1357 3280 621 3280 625 3281 1357 3281 627 3281 1334 3282 1338 3282 1337 3282 1334 3283 1339 3283 1338 3283 1356 3284 1355 3284 1357 3284 1357 3285 1355 3285 627 3285 1354 3286 1352 3286 1355 3286 1353 3287 1352 3287 1354 3287 1341 3288 1343 3288 1342 3288 1340 3289 1343 3289 1341 3289 1351 3290 1350 3290 1352 3290 627 3291 1350 3291 631 3291 1355 3292 1350 3292 627 3292 1352 3293 1350 3293 1355 3293 631 3294 1350 3294 633 3294 1340 3295 1344 3295 1343 3295 1339 3296 1345 3296 1340 3296 1340 3297 1345 3297 1344 3297 633 3298 1347 3298 645 3298 1349 3299 1347 3299 1350 3299 1348 3300 1347 3300 1349 3300 1345 3301 1347 3301 1346 3301 1350 3302 1347 3302 633 3302 712 3303 1347 3303 1334 3303 668 3304 1347 3304 712 3304 1334 3305 1347 3305 1339 3305 1339 3306 1347 3306 1345 3306 645 3307 1347 3307 668 3307 1658 3308 1657 3308 1656 3308 1657 3309 1659 3309 2199 3309 1659 3310 1661 3310 1660 3310 1661 3311 1662 3311 2200 3311 1662 3312 1665 3312 1663 3312 1665 3313 1666 3313 2194 3313 1666 3314 1667 3314 2194 3314 1667 3315 1668 3315 2193 3315 1668 3316 1669 3316 2191 3316 1669 3317 1671 3317 1670 3317 1671 3318 1673 3318 1672 3318 1673 3319 1674 3319 1672 3319 1674 3320 1676 3320 1675 3320 1676 3321 1678 3321 2188 3321 1678 3322 1679 3322 2192 3322 1679 3323 1680 3323 2201 3323 1680 3324 1681 3324 2201 3324 1681 3325 1682 3325 2202 3325 1682 3326 1683 3326 2203 3326 1683 3327 1684 3327 2189 3327 1684 3328 1686 3328 1685 3328 1686 3329 1688 3329 1687 3329 1688 3330 1691 3330 1689 3330 1691 3331 1693 3331 1692 3331 1693 3332 1695 3332 1692 3332 1695 3333 1696 3333 2195 3333 1696 3334 1697 3334 2195 3334 1697 3335 1699 3335 1698 3335 1699 3336 1700 3336 2196 3336 1700 3337 1702 3337 2197 3337 1702 3338 1703 3338 2197 3338 1703 3339 1704 3339 2198 3339 1704 3340 1706 3340 1705 3340 1706 3341 1708 3341 1707 3341 1708 3342 1710 3342 2205 3342 1710 3343 1711 3343 2205 3343 1711 3344 1712 3344 2206 3344 1712 3345 1713 3345 2204 3345 1713 3346 1714 3346 2204 3346 1714 3347 1716 3347 1715 3347 1716 3348 1717 3348 2208 3348 1717 3349 1718 3349 2208 3349 1718 3350 1720 3350 1719 3350 1720 3351 1721 3351 2210 3351 1721 3352 1722 3352 2210 3352 1722 3353 1723 3353 2213 3353 1723 3354 1724 3354 2214 3354 1724 3355 1725 3355 2215 3355 1725 3356 1726 3356 2212 3356 1726 3357 1727 3357 2217 3357 1727 3358 1728 3358 2216 3358 1728 3359 1730 3359 1729 3359 1730 3360 1731 3360 2218 3360 1731 3361 1732 3361 2219 3361 1732 3362 1734 3362 1733 3362 1734 3363 1735 3363 2220 3363 1735 3364 1736 3364 2222 3364 1736 3365 1737 3365 2223 3365 1737 3366 1738 3366 2221 3366 1738 3367 1741 3367 1740 3367 1741 3368 1742 3368 1740 3368 1742 3369 1743 3369 2225 3369 1743 3370 1744 3370 2224 3370 1746 3371 1747 3371 1748 3371 1746 3372 1749 3372 1747 3372 1750 3373 1748 3373 1751 3373 1750 3374 1751 3374 1752 3374 1750 3375 1746 3375 1748 3375 1753 3376 1750 3376 1752 3376 1754 3377 1752 3377 1755 3377 1754 3378 1755 3378 1756 3378 1754 3379 1753 3379 1752 3379 1757 3380 1756 3380 1758 3380 1757 3381 1754 3381 1756 3381 1759 3382 1757 3382 1758 3382 1760 3383 1758 3383 1761 3383 1760 3384 1759 3384 1758 3384 1762 3385 1761 3385 1763 3385 1762 3386 1763 3386 1764 3386 1762 3387 1760 3387 1761 3387 1765 3388 1762 3388 1764 3388 1766 3389 1764 3389 1767 3389 1766 3390 1765 3390 1764 3390 1768 3391 1767 3391 1769 3391 1768 3392 1766 3392 1767 3392 1770 3393 1769 3393 1771 3393 1770 3394 1768 3394 1769 3394 1772 3395 1771 3395 1773 3395 1772 3396 1770 3396 1771 3396 1774 3397 1773 3397 1775 3397 1774 3398 1772 3398 1773 3398 1776 3399 1775 3399 1777 3399 1776 3400 1774 3400 1775 3400 1778 3401 1777 3401 1779 3401 1778 3402 1776 3402 1777 3402 1780 3403 1779 3403 1781 3403 1780 3404 1778 3404 1779 3404 1782 3405 1781 3405 1783 3405 1782 3406 1780 3406 1781 3406 1784 3407 1782 3407 1783 3407 1784 3408 1783 3408 1785 3408 1786 3409 1784 3409 1785 3409 1786 3410 1785 3410 1787 3410 1786 3411 1787 3411 1788 3411 1789 3412 1786 3412 1788 3412 1790 3413 1789 3413 1788 3413 1790 3414 1788 3414 1791 3414 1790 3415 1791 3415 1792 3415 1793 3416 1790 3416 1792 3416 1794 3417 1793 3417 1792 3417 1794 3418 1792 3418 1795 3418 1794 3419 1795 3419 1796 3419 1797 3420 1794 3420 1796 3420 1798 3421 1796 3421 1799 3421 1798 3422 1797 3422 1796 3422 1800 3423 1799 3423 1801 3423 1800 3424 1801 3424 1802 3424 1800 3425 1798 3425 1799 3425 1803 3426 1802 3426 1804 3426 1803 3427 1800 3427 1802 3427 1805 3428 1803 3428 1804 3428 1806 3429 1804 3429 1807 3429 1806 3430 1807 3430 1808 3430 1806 3431 1805 3431 1804 3431 1809 3432 1806 3432 1808 3432 1810 3433 1808 3433 1811 3433 1810 3434 1811 3434 1812 3434 1810 3435 1809 3435 1808 3435 1813 3436 1810 3436 1812 3436 1814 3437 1812 3437 1815 3437 1814 3438 1815 3438 1816 3438 1814 3439 1813 3439 1812 3439 1817 3440 1814 3440 1816 3440 1818 3441 1816 3441 1819 3441 1818 3442 1817 3442 1816 3442 1820 3443 1819 3443 1821 3443 1820 3444 1818 3444 1819 3444 1822 3445 1821 3445 1823 3445 1822 3446 1820 3446 1821 3446 1824 3447 1823 3447 1825 3447 1824 3448 1822 3448 1823 3448 1826 3449 1825 3449 1827 3449 1826 3450 1827 3450 1828 3450 1826 3451 1824 3451 1825 3451 1829 3452 1826 3452 1828 3452 1830 3453 1828 3453 1831 3453 1830 3454 1829 3454 1828 3454 1832 3455 1830 3455 1831 3455 1832 3456 1831 3456 1833 3456 1834 3457 1832 3457 1833 3457 1834 3458 1833 3458 1835 3458 1836 3459 1834 3459 1835 3459 1836 3460 1835 3460 1837 3460 1838 3461 1836 3461 1837 3461 1838 3462 1837 3462 1839 3462 1840 3463 1838 3463 1839 3463 1840 3464 1839 3464 1841 3464 1842 3465 1840 3465 1841 3465 1842 3466 1841 3466 1843 3466 1844 3467 1842 3467 1843 3467 1844 3468 1843 3468 1845 3468 1846 3469 1844 3469 1845 3469 1846 3470 1845 3470 1847 3470 1848 3471 1846 3471 1847 3471 1848 3472 1847 3472 1849 3472 1850 3473 1848 3473 1849 3473 1850 3474 1849 3474 1851 3474 1852 3475 1850 3475 1851 3475 1852 3476 1851 3476 1853 3476 1854 3477 1852 3477 1853 3477 1854 3478 1853 3478 1855 3478 1856 3479 1854 3479 1855 3479 1856 3480 1855 3480 1857 3480 1858 3481 1857 3481 1859 3481 1858 3482 1856 3482 1857 3482 1860 3483 1859 3483 1861 3483 1860 3484 1858 3484 1859 3484 1862 3485 1861 3485 1863 3485 1862 3486 1860 3486 1861 3486 1864 3487 1863 3487 1865 3487 1864 3488 1862 3488 1863 3488 1866 3489 1865 3489 1867 3489 1866 3490 1864 3490 1865 3490 1868 3491 1867 3491 1869 3491 1868 3492 1866 3492 1867 3492 1870 3493 1869 3493 1871 3493 1870 3494 1868 3494 1869 3494 1872 3495 1871 3495 1873 3495 1872 3496 1870 3496 1871 3496 1874 3497 2201 3497 1875 3497 1875 3498 2202 3498 1876 3498 1877 3499 1677 3499 1878 3499 1878 3500 1677 3500 1874 3500 1876 3501 2203 3501 1879 3501 1880 3502 2188 3502 1877 3502 1879 3503 2189 3503 1881 3503 1881 3504 1685 3504 1882 3504 1883 3505 1672 3505 1884 3505 1884 3506 1672 3506 1880 3506 1882 3507 1687 3507 1885 3507 1886 3508 1670 3508 1883 3508 1885 3509 1689 3509 1887 3509 1888 3510 2190 3510 1886 3510 1887 3511 1690 3511 1889 3511 1889 3512 1692 3512 1890 3512 1891 3513 2193 3513 1888 3513 1890 3514 1694 3514 1892 3514 1893 3515 2194 3515 1894 3515 1894 3516 2194 3516 1891 3516 1892 3517 2195 3517 1895 3517 1895 3518 1698 3518 1896 3518 1897 3519 1663 3519 1898 3519 1898 3520 1663 3520 1893 3520 1896 3521 2196 3521 1899 3521 1900 3522 2200 3522 1897 3522 1899 3523 1701 3523 1901 3523 1901 3524 2197 3524 1902 3524 1903 3525 2199 3525 1900 3525 1902 3526 2198 3526 1904 3526 1873 3527 1656 3527 1903 3527 1904 3528 1705 3528 1905 3528 1871 3529 2185 3529 1873 3529 1905 3530 1707 3530 1906 3530 1869 3531 1907 3531 1871 3531 1906 3532 1709 3532 1908 3532 1867 3533 1909 3533 1869 3533 1908 3534 2205 3534 1910 3534 1865 3535 2181 3535 1867 3535 1910 3536 2206 3536 1911 3536 1863 3537 1912 3537 1865 3537 1911 3538 2207 3538 1913 3538 1861 3539 2178 3539 1863 3539 1913 3540 2204 3540 1914 3540 1859 3541 2176 3541 1861 3541 1914 3542 1715 3542 1915 3542 1857 3543 1916 3543 1859 3543 1915 3544 2209 3544 1917 3544 1855 3545 1918 3545 1857 3545 1917 3546 2208 3546 1919 3546 1853 3547 1920 3547 1855 3547 1919 3548 1719 3548 1921 3548 1849 3549 1922 3549 1851 3549 1851 3550 1922 3550 1853 3550 1921 3551 2211 3551 1923 3551 1923 3552 2210 3552 1925 3552 1845 3553 2169 3553 1847 3553 1847 3554 2169 3554 1849 3554 1925 3555 2213 3555 1926 3555 1845 3556 1843 3556 1927 3556 1926 3557 2214 3557 1928 3557 1928 3558 2215 3558 1930 3558 1843 3559 1841 3559 1929 3559 2212 3560 1933 3560 1930 3560 1841 3561 1839 3561 1932 3561 2212 3562 1934 3562 1933 3562 1839 3563 1837 3563 1932 3563 2217 3564 1936 3564 1934 3564 1837 3565 1835 3565 1935 3565 1729 3566 1938 3566 1936 3566 1835 3567 1833 3567 1937 3567 1729 3568 1940 3568 1938 3568 1833 3569 1831 3569 1939 3569 2218 3570 1941 3570 1940 3570 1831 3571 1828 3571 2160 3571 1733 3572 1942 3572 1941 3572 1828 3573 1827 3573 2158 3573 2220 3574 1943 3574 1942 3574 1827 3575 1825 3575 2156 3575 2222 3576 1945 3576 1943 3576 1825 3577 1823 3577 1944 3577 2222 3578 1946 3578 1945 3578 1823 3579 1821 3579 1944 3579 2223 3580 1947 3580 1946 3580 1821 3581 1819 3581 2149 3581 1739 3582 1948 3582 1947 3582 1819 3583 1816 3583 2149 3583 1739 3584 1950 3584 1948 3584 1816 3585 1815 3585 1949 3585 2225 3586 1951 3586 1950 3586 1815 3587 1812 3587 1949 3587 2224 3588 1952 3588 1951 3588 1812 3589 1811 3589 2144 3589 2224 3590 1747 3590 1952 3590 1811 3591 1808 3591 2142 3591 1953 3592 1748 3592 1747 3592 1808 3593 1807 3593 2138 3593 1953 3594 1751 3594 1748 3594 1807 3595 1804 3595 2138 3595 2095 3596 1752 3596 1751 3596 1804 3597 1802 3597 2135 3597 2095 3598 1755 3598 1752 3598 1802 3599 1801 3599 2135 3599 2097 3600 1756 3600 1755 3600 1801 3601 1799 3601 2133 3601 1956 3602 1758 3602 1756 3602 1799 3603 1796 3603 1957 3603 2101 3604 1761 3604 1758 3604 1796 3605 1795 3605 2128 3605 2101 3606 1763 3606 1761 3606 1795 3607 1792 3607 2128 3607 2105 3608 1764 3608 1763 3608 1792 3609 1791 3609 1959 3609 2105 3610 1767 3610 1764 3610 1791 3611 1788 3611 1961 3611 2108 3612 1769 3612 1767 3612 1788 3613 1787 3613 1961 3613 1963 3614 1771 3614 1769 3614 1787 3615 1785 3615 1964 3615 2111 3616 1773 3616 1771 3616 1785 3617 1783 3617 2122 3617 2111 3618 1775 3618 1773 3618 1783 3619 1781 3619 1965 3619 2113 3620 1777 3620 1775 3620 1781 3621 1779 3621 2118 3621 1966 3622 1779 3622 1777 3622 1679 3623 1967 3623 1968 3623 1679 3624 1968 3624 1680 3624 1681 3625 1968 3625 1969 3625 1681 3626 1680 3626 1968 3626 1678 3627 1967 3627 1679 3627 1678 3628 1970 3628 1971 3628 1678 3629 1971 3629 1967 3629 1682 3630 1681 3630 1969 3630 1682 3631 1969 3631 1972 3631 1676 3632 1970 3632 1678 3632 1676 3633 1973 3633 1970 3633 1683 3634 1972 3634 1974 3634 1683 3635 1682 3635 1972 3635 1674 3636 1973 3636 1676 3636 1674 3637 1975 3637 1973 3637 1684 3638 1683 3638 1974 3638 1684 3639 1974 3639 1976 3639 1673 3640 1975 3640 1674 3640 1673 3641 1977 3641 1975 3641 1686 3642 1684 3642 1976 3642 1686 3643 1976 3643 1978 3643 1671 3644 1977 3644 1673 3644 1671 3645 1979 3645 1977 3645 1688 3646 1686 3646 1978 3646 1688 3647 1978 3647 1980 3647 1669 3648 1979 3648 1671 3648 1669 3649 1981 3649 1979 3649 1691 3650 1688 3650 1980 3650 1691 3651 1980 3651 1982 3651 1668 3652 1981 3652 1669 3652 1668 3653 1983 3653 1981 3653 1693 3654 1691 3654 1982 3654 1693 3655 1982 3655 1984 3655 1667 3656 1983 3656 1668 3656 1667 3657 1985 3657 1983 3657 1695 3658 1984 3658 1986 3658 1695 3659 1693 3659 1984 3659 1666 3660 1985 3660 1667 3660 1666 3661 1987 3661 1985 3661 1696 3662 1695 3662 1986 3662 1696 3663 1986 3663 1988 3663 1665 3664 1987 3664 1666 3664 1697 3665 1696 3665 1988 3665 1697 3666 1988 3666 1989 3666 1662 3667 1987 3667 1665 3667 1662 3668 1990 3668 1987 3668 1699 3669 1697 3669 1989 3669 1699 3670 1989 3670 1991 3670 1661 3671 1990 3671 1662 3671 1661 3672 1992 3672 1993 3672 1661 3673 1993 3673 1990 3673 1700 3674 1699 3674 1991 3674 1700 3675 1991 3675 1994 3675 1659 3676 1992 3676 1661 3676 1702 3677 1700 3677 1994 3677 1702 3678 1994 3678 1995 3678 1657 3679 1996 3679 1992 3679 1657 3680 1992 3680 1659 3680 1703 3681 1702 3681 1995 3681 1703 3682 1995 3682 1997 3682 1658 3683 1872 3683 1996 3683 1658 3684 1996 3684 1657 3684 1704 3685 1703 3685 1997 3685 1704 3686 1997 3686 1998 3686 1999 3687 1870 3687 1872 3687 1999 3688 1872 3688 1658 3688 1706 3689 1704 3689 1998 3689 1706 3690 1998 3690 2000 3690 2001 3691 1870 3691 1999 3691 2001 3692 1868 3692 1870 3692 1708 3693 1706 3693 2000 3693 1708 3694 2000 3694 2002 3694 2003 3695 1868 3695 2001 3695 2003 3696 1864 3696 1866 3696 2003 3697 1866 3697 1868 3697 1710 3698 1708 3698 2002 3698 1710 3699 2002 3699 2004 3699 2005 3700 1864 3700 2003 3700 1711 3701 1710 3701 2004 3701 1711 3702 2004 3702 2006 3702 2007 3703 1864 3703 2005 3703 2007 3704 1862 3704 1864 3704 1712 3705 1711 3705 2006 3705 1712 3706 2006 3706 2008 3706 2009 3707 1862 3707 2007 3707 2009 3708 1860 3708 1862 3708 1713 3709 2008 3709 2010 3709 1713 3710 1712 3710 2008 3710 2011 3711 1860 3711 2009 3711 2011 3712 1858 3712 1860 3712 1714 3713 2010 3713 2012 3713 1714 3714 1713 3714 2010 3714 2013 3715 1858 3715 2011 3715 2013 3716 1856 3716 1858 3716 1716 3717 2012 3717 2014 3717 1716 3718 1714 3718 2012 3718 2015 3719 1854 3719 1856 3719 2015 3720 1856 3720 2013 3720 1717 3721 2014 3721 2016 3721 1717 3722 1716 3722 2014 3722 2017 3723 1854 3723 2015 3723 2017 3724 1852 3724 1854 3724 1718 3725 2016 3725 2018 3725 1718 3726 1717 3726 2016 3726 2019 3727 1850 3727 1852 3727 2019 3728 1852 3728 2017 3728 1720 3729 2018 3729 2020 3729 1720 3730 1718 3730 2018 3730 2021 3731 1850 3731 2019 3731 2021 3732 1848 3732 1850 3732 1721 3733 2020 3733 2022 3733 1721 3734 1720 3734 2020 3734 2023 3735 1844 3735 1846 3735 2023 3736 1846 3736 1848 3736 2023 3737 1848 3737 2021 3737 1722 3738 2022 3738 2024 3738 1722 3739 1721 3739 2022 3739 2025 3740 1844 3740 2023 3740 1723 3741 2024 3741 2026 3741 1723 3742 1722 3742 2024 3742 2027 3743 1842 3743 1844 3743 2027 3744 1844 3744 2025 3744 1724 3745 2026 3745 2028 3745 1724 3746 1723 3746 2026 3746 2029 3747 1842 3747 2027 3747 1840 3748 1842 3748 2029 3748 2030 3749 1725 3749 1724 3749 2030 3750 1724 3750 2028 3750 1838 3751 2029 3751 2031 3751 1838 3752 1840 3752 2029 3752 2032 3753 1725 3753 2030 3753 2032 3754 1727 3754 1726 3754 2032 3755 1726 3755 1725 3755 1836 3756 1838 3756 2031 3756 1836 3757 2031 3757 2033 3757 2034 3758 1728 3758 1727 3758 2034 3759 1727 3759 2032 3759 1834 3760 2033 3760 2035 3760 1834 3761 1836 3761 2033 3761 2036 3762 1728 3762 2034 3762 2036 3763 1730 3763 1728 3763 1832 3764 2035 3764 2037 3764 1832 3765 1834 3765 2035 3765 2038 3766 1730 3766 2036 3766 1830 3767 2037 3767 2039 3767 1830 3768 1832 3768 2037 3768 2040 3769 1730 3769 2038 3769 2040 3770 1732 3770 1731 3770 2040 3771 1731 3771 1730 3771 1829 3772 2039 3772 2041 3772 1829 3773 1830 3773 2039 3773 2042 3774 1732 3774 2040 3774 2042 3775 1734 3775 1732 3775 1826 3776 2041 3776 2043 3776 1826 3777 1829 3777 2041 3777 2044 3778 1734 3778 2042 3778 2044 3779 1735 3779 1734 3779 1824 3780 2043 3780 2045 3780 1824 3781 2045 3781 2046 3781 1824 3782 1826 3782 2043 3782 2047 3783 1735 3783 2044 3783 2047 3784 1736 3784 1735 3784 1822 3785 2046 3785 2048 3785 1822 3786 1824 3786 2046 3786 2049 3787 1737 3787 1736 3787 2049 3788 1736 3788 2047 3788 1820 3789 1822 3789 2048 3789 1820 3790 2048 3790 2050 3790 2051 3791 1737 3791 2049 3791 1818 3792 1820 3792 2050 3792 2052 3793 1738 3793 1737 3793 2052 3794 1737 3794 2051 3794 1817 3795 2050 3795 2053 3795 1817 3796 2053 3796 2054 3796 1817 3797 1818 3797 2050 3797 2055 3798 1742 3798 1741 3798 2055 3799 1741 3799 1738 3799 2055 3800 1738 3800 2052 3800 1814 3801 2054 3801 2056 3801 1814 3802 1817 3802 2054 3802 2057 3803 1743 3803 1742 3803 2057 3804 1742 3804 2055 3804 1813 3805 1814 3805 2056 3805 2058 3806 1743 3806 2057 3806 1810 3807 2056 3807 2059 3807 1810 3808 1813 3808 2056 3808 1749 3809 1744 3809 1743 3809 1749 3810 2060 3810 1744 3810 1749 3811 1743 3811 2058 3811 1809 3812 2059 3812 2061 3812 1809 3813 2061 3813 2062 3813 1809 3814 1810 3814 2059 3814 1746 3815 2063 3815 2060 3815 1746 3816 2060 3816 1749 3816 1806 3817 2062 3817 2064 3817 1806 3818 1809 3818 2062 3818 1750 3819 2065 3819 2063 3819 1750 3820 2063 3820 1746 3820 1805 3821 2064 3821 2066 3821 1805 3822 1806 3822 2064 3822 1753 3823 2067 3823 2065 3823 1753 3824 2065 3824 1750 3824 1803 3825 1805 3825 2066 3825 1754 3826 2067 3826 1753 3826 1800 3827 2066 3827 2068 3827 1800 3828 1803 3828 2066 3828 1757 3829 2067 3829 1754 3829 1757 3830 2069 3830 2070 3830 1757 3831 2070 3831 2067 3831 1798 3832 2068 3832 2071 3832 1798 3833 1800 3833 2068 3833 1759 3834 2069 3834 1757 3834 1759 3835 2072 3835 2069 3835 1797 3836 1798 3836 2071 3836 1797 3837 2071 3837 2073 3837 1797 3838 2073 3838 2074 3838 1760 3839 2072 3839 1759 3839 1794 3840 1797 3840 2074 3840 1794 3841 2074 3841 2075 3841 1762 3842 2072 3842 1760 3842 1762 3843 2076 3843 2072 3843 1793 3844 1794 3844 2075 3844 1765 3845 2076 3845 1762 3845 1765 3846 2077 3846 2076 3846 1790 3847 1793 3847 2075 3847 1790 3848 2075 3848 2078 3848 1766 3849 2077 3849 1765 3849 1766 3850 2079 3850 2080 3850 1766 3851 2080 3851 2077 3851 1789 3852 1790 3852 2078 3852 1789 3853 2078 3853 2081 3853 1768 3854 2079 3854 1766 3854 1768 3855 2082 3855 2079 3855 1786 3856 1789 3856 2081 3856 1786 3857 2081 3857 2083 3857 1770 3858 2082 3858 1768 3858 1770 3859 2084 3859 2082 3859 1784 3860 2083 3860 2085 3860 1784 3861 1786 3861 2083 3861 1772 3862 2084 3862 1770 3862 1782 3863 2085 3863 2086 3863 1782 3864 1784 3864 2085 3864 1774 3865 2084 3865 1772 3865 1774 3866 2087 3866 2084 3866 1780 3867 2086 3867 2088 3867 1780 3868 1782 3868 2086 3868 1776 3869 2087 3869 1774 3869 1776 3870 2089 3870 2087 3870 1778 3871 2089 3871 1776 3871 1778 3872 2088 3872 2090 3872 1778 3873 2090 3873 2089 3873 1778 3874 1780 3874 2088 3874 1996 3875 1872 3875 1873 3875 1996 3876 1873 3876 1903 3876 1992 3877 1903 3877 1900 3877 1992 3878 1996 3878 1903 3878 1993 3879 1900 3879 1897 3879 1993 3880 1992 3880 1900 3880 1990 3881 1897 3881 1898 3881 1990 3882 1898 3882 1893 3882 1990 3883 1993 3883 1897 3883 1987 3884 1990 3884 1893 3884 1985 3885 1893 3885 1894 3885 1985 3886 1894 3886 1891 3886 1985 3887 1987 3887 1893 3887 1983 3888 1985 3888 1891 3888 1981 3889 1891 3889 1888 3889 1981 3890 1983 3890 1891 3890 1979 3891 1888 3891 1886 3891 1979 3892 1981 3892 1888 3892 1977 3893 1886 3893 1883 3893 1977 3894 1979 3894 1886 3894 1975 3895 1883 3895 1884 3895 1975 3896 1884 3896 1880 3896 1975 3897 1977 3897 1883 3897 1973 3898 1880 3898 1877 3898 1973 3899 1975 3899 1880 3899 1970 3900 1973 3900 1877 3900 1971 3901 1877 3901 1878 3901 1971 3902 1970 3902 1877 3902 1967 3903 1878 3903 1874 3903 1967 3904 1971 3904 1878 3904 1968 3905 1874 3905 1875 3905 1968 3906 1875 3906 1876 3906 1968 3907 1967 3907 1874 3907 1969 3908 1876 3908 1879 3908 1969 3909 1968 3909 1876 3909 1972 3910 1969 3910 1879 3910 1974 3911 1972 3911 1879 3911 1974 3912 1879 3912 1881 3912 1976 3913 1974 3913 1881 3913 1976 3914 1881 3914 1882 3914 1976 3915 1882 3915 1885 3915 1978 3916 1976 3916 1885 3916 1980 3917 1978 3917 1885 3917 1980 3918 1885 3918 1887 3918 1982 3919 1887 3919 1889 3919 1982 3920 1980 3920 1887 3920 1984 3921 1889 3921 1890 3921 1984 3922 1982 3922 1889 3922 1986 3923 1890 3923 1892 3923 1986 3924 1892 3924 1895 3924 1986 3925 1984 3925 1890 3925 1988 3926 1895 3926 1896 3926 1988 3927 1986 3927 1895 3927 1989 3928 1988 3928 1896 3928 1991 3929 1896 3929 1899 3929 1991 3930 1989 3930 1896 3930 1994 3931 1899 3931 1901 3931 1994 3932 1991 3932 1899 3932 1995 3933 1901 3933 1902 3933 1995 3934 1902 3934 1904 3934 1995 3935 1994 3935 1901 3935 1997 3936 1995 3936 1904 3936 1998 3937 1904 3937 1905 3937 1998 3938 1905 3938 1906 3938 1998 3939 1997 3939 1904 3939 2000 3940 1998 3940 1906 3940 2002 3941 1906 3941 1908 3941 2002 3942 2000 3942 1906 3942 2004 3943 1908 3943 1910 3943 2004 3944 1910 3944 1911 3944 2004 3945 2002 3945 1908 3945 2006 3946 2004 3946 1911 3946 2008 3947 1911 3947 1913 3947 2008 3948 2006 3948 1911 3948 2010 3949 1913 3949 1914 3949 2010 3950 2008 3950 1913 3950 2012 3951 1914 3951 1915 3951 2012 3952 2010 3952 1914 3952 2014 3953 1915 3953 1917 3953 2014 3954 2012 3954 1915 3954 2016 3955 1917 3955 1919 3955 2016 3956 1919 3956 1921 3956 2016 3957 2014 3957 1917 3957 2018 3958 2016 3958 1921 3958 2020 3959 2018 3959 1921 3959 2020 3960 1921 3960 1923 3960 2022 3961 2020 3961 1923 3961 2022 3962 1923 3962 1925 3962 2024 3963 2022 3963 1925 3963 2024 3964 1925 3964 1926 3964 2026 3965 2024 3965 1926 3965 2026 3966 1926 3966 1928 3966 2026 3967 1928 3967 1930 3967 2028 3968 2026 3968 1930 3968 2030 3969 2028 3969 1930 3969 2030 3970 1930 3970 1933 3970 2032 3971 2030 3971 1933 3971 2032 3972 1933 3972 1934 3972 2034 3973 2032 3973 1934 3973 2034 3974 1934 3974 1936 3974 2036 3975 2034 3975 1936 3975 2036 3976 1936 3976 1938 3976 2038 3977 2036 3977 1938 3977 2038 3978 1938 3978 1940 3978 2040 3979 2038 3979 1940 3979 2040 3980 1940 3980 1941 3980 2040 3981 1941 3981 1942 3981 2042 3982 2040 3982 1942 3982 2044 3983 2042 3983 1942 3983 2044 3984 1942 3984 1943 3984 2044 3985 1943 3985 1945 3985 2047 3986 2044 3986 1945 3986 2049 3987 1945 3987 1946 3987 2049 3988 2047 3988 1945 3988 2051 3989 1946 3989 1947 3989 2051 3990 2049 3990 1946 3990 2052 3991 1947 3991 1948 3991 2052 3992 2051 3992 1947 3992 2055 3993 1948 3993 1950 3993 2055 3994 1950 3994 1951 3994 2055 3995 2052 3995 1948 3995 2057 3996 2055 3996 1951 3996 2058 3997 1951 3997 1952 3997 2058 3998 2057 3998 1951 3998 1749 3999 1952 3999 1747 3999 1749 4000 2058 4000 1952 4000 1744 4001 2060 4001 1745 4001 2060 4002 2063 4002 1953 4002 2063 4003 2065 4003 1954 4003 2065 4004 2067 4004 2095 4004 2067 4005 2070 4005 2097 4005 2070 4006 2069 4006 1958 4006 2069 4007 2072 4007 1958 4007 2072 4008 2076 4008 2101 4008 2076 4009 2077 4009 2103 4009 2077 4010 2080 4010 2105 4010 2080 4011 2079 4011 1962 4011 2079 4012 2082 4012 2108 4012 2082 4013 2084 4013 1963 4013 2084 4014 2087 4014 2113 4014 2087 4015 2089 4015 1966 4015 2089 4016 2090 4016 1966 4016 2090 4017 2088 4017 2118 4017 2088 4018 2086 4018 2118 4018 2086 4019 2085 4019 1965 4019 2085 4020 2083 4020 1964 4020 2083 4021 2081 4021 1964 4021 2081 4022 2078 4022 1961 4022 2078 4023 2075 4023 1960 4023 2075 4024 2074 4024 1959 4024 2074 4025 2073 4025 2128 4025 2073 4026 2071 4026 1957 4026 2071 4027 2068 4027 1957 4027 2068 4028 2066 4028 2133 4028 2066 4029 2064 4029 2135 4029 2064 4030 2062 4030 1955 4030 2062 4031 2061 4031 2138 4031 2061 4032 2059 4032 2140 4032 2059 4033 2056 4033 2142 4033 2056 4034 2054 4034 2144 4034 2054 4035 2053 4035 1949 4035 2053 4036 2050 4036 2147 4036 2050 4037 2048 4037 2149 4037 2048 4038 2046 4038 2151 4038 2046 4039 2045 4039 1944 4039 2045 4040 2043 4040 2154 4040 2043 4041 2041 4041 2156 4041 2041 4042 2039 4042 2158 4042 2039 4043 2037 4043 2160 4043 2037 4044 2035 4044 1939 4044 2035 4045 2033 4045 1937 4045 2033 4046 2031 4046 1935 4046 2031 4047 2029 4047 1932 4047 2029 4048 2027 4048 1931 4048 2027 4049 2025 4049 1927 4049 2025 4050 2023 4050 1927 4050 2023 4051 2021 4051 2169 4051 2021 4052 2019 4052 1924 4052 2019 4053 2017 4053 1922 4053 2017 4054 2015 4054 1920 4054 2015 4055 2013 4055 1918 4055 2013 4056 2011 4056 1916 4056 2011 4057 2009 4057 2176 4057 2009 4058 2007 4058 2178 4058 2007 4059 2005 4059 1912 4059 2005 4060 2003 4060 2181 4060 2003 4061 2001 4061 1909 4061 2001 4062 1999 4062 1907 4062 1999 4063 1658 4063 2185 4063 2091 4064 2092 4064 1745 4064 2093 4065 2091 4065 1953 4065 2094 4066 2093 4066 1954 4066 2096 4067 2094 4067 2095 4067 2098 4068 2096 4068 2097 4068 2099 4069 2098 4069 1956 4069 2100 4070 2099 4070 1958 4070 2102 4071 2100 4071 2101 4071 2104 4072 2102 4072 2103 4072 2106 4073 2104 4073 2105 4073 2107 4074 2106 4074 1962 4074 2109 4075 2107 4075 2108 4075 2110 4076 2109 4076 1963 4076 2112 4077 2110 4077 2111 4077 2114 4078 2112 4078 2113 4078 2115 4079 2114 4079 1966 4079 2117 4080 2115 4080 2116 4080 2119 4081 2117 4081 1965 4081 2119 4082 2120 4082 2117 4082 2121 4083 2119 4083 1965 4083 2123 4084 2121 4084 2122 4084 2124 4085 2123 4085 1964 4085 2125 4086 2124 4086 1961 4086 2126 4087 2125 4087 1960 4087 2127 4088 2126 4088 1959 4088 2129 4089 2127 4089 2128 4089 2131 4090 2129 4090 2130 4090 2132 4091 2131 4091 1957 4091 2134 4092 2132 4092 2133 4092 2136 4093 2134 4093 2135 4093 2137 4094 2136 4094 1955 4094 2139 4095 2137 4095 2138 4095 2141 4096 2139 4096 2140 4096 2143 4097 2141 4097 2142 4097 2145 4098 2143 4098 2144 4098 2146 4099 2145 4099 1949 4099 2148 4100 2146 4100 2147 4100 2150 4101 2148 4101 2149 4101 2152 4102 2150 4102 2151 4102 2153 4103 2152 4103 1944 4103 2155 4104 2153 4104 2154 4104 2157 4105 2155 4105 2156 4105 2159 4106 2157 4106 2158 4106 2161 4107 2159 4107 2160 4107 2162 4108 2161 4108 1939 4108 2163 4109 2162 4109 1937 4109 2164 4110 2163 4110 1935 4110 2165 4111 2164 4111 1932 4111 2166 4112 2165 4112 1931 4112 2167 4113 2166 4113 1929 4113 2168 4114 2167 4114 1927 4114 2170 4115 2168 4115 2169 4115 2171 4116 2170 4116 1924 4116 2172 4117 2171 4117 1922 4117 2173 4118 2172 4118 1920 4118 2174 4119 2173 4119 1918 4119 2175 4120 2174 4120 1916 4120 2177 4121 2175 4121 2176 4121 2179 4122 2177 4122 2178 4122 2180 4123 2179 4123 1912 4123 2182 4124 2180 4124 2181 4124 2183 4125 2182 4125 1909 4125 2184 4126 2183 4126 1907 4126 2186 4127 2184 4127 2185 4127 2187 4128 2186 4128 1656 4128 1675 4129 2191 4129 1677 4129 2194 4130 1663 4130 2191 4130 2191 4131 1912 4131 2192 4131 1663 4132 1912 4132 2191 4132 1907 4133 1912 4133 2199 4133 1709 4134 2208 4134 1715 4134 1705 4135 2210 4135 2208 4135 1922 4136 2169 4136 1918 4136 2210 4137 2216 4137 2212 4137 1705 4138 1729 4138 2210 4138 1694 4139 1729 4139 1698 4139 1698 4140 1729 4140 1701 4140 1701 4141 1729 4141 1705 4141 1932 4142 1939 4142 1927 4142 1939 4143 2156 4143 1927 4143 1912 4144 1739 4144 2203 4144 2189 4145 1739 4145 1687 4145 1687 4146 1739 4146 1692 4146 1692 4147 1739 4147 1729 4147 1729 4148 1739 4148 2220 4148 1949 4149 2142 4149 2156 4149 1927 4150 2142 4150 1916 4150 2156 4151 2142 4151 1927 4151 1739 4152 1953 4152 2224 4152 2142 4153 2138 4153 2178 4153 2135 4154 2128 4154 2138 4154 1953 4155 2105 4155 1956 4155 1956 4156 2105 4156 2101 4156 1739 4157 2105 4157 1953 4157 2128 4158 1961 4158 2138 4158 2138 4159 2111 4159 2178 4159 1739 4160 2111 4160 2105 4160 1961 4161 2111 4161 2138 4161 2178 4162 2111 4162 1739 4162 2122 4163 2116 4163 2111 4163 2226 4164 2227 4164 2228 4164 2229 4165 2230 4165 2231 4165 2229 4166 2231 4166 2232 4166 2229 4167 2232 4167 2233 4167 2234 4168 2235 4168 2236 4168 2234 4169 2236 4169 2237 4169 2238 4170 2239 4170 2240 4170 2238 4171 2240 4171 2241 4171 2238 4172 2241 4172 2242 4172 2238 4173 2242 4173 2226 4173 2243 4174 2235 4174 2234 4174 2244 4175 2245 4175 2238 4175 2246 4176 2247 4176 2244 4176 2248 4177 2249 4177 2250 4177 2251 4178 2249 4178 2248 4178 2252 4179 2249 4179 2251 4179 2252 4180 2243 4180 2253 4180 2252 4181 2253 4181 2249 4181 2252 4182 2251 4182 2254 4182 2252 4183 2254 4183 2255 4183 2186 4184 2238 4184 2226 4184 2186 4185 2226 4185 2228 4185 2186 4186 2244 4186 2238 4186 2186 4187 2246 4187 2244 4187 2186 4188 2187 4188 2256 4188 2186 4189 2256 4189 2257 4189 2186 4190 2257 4190 2258 4190 2186 4191 2258 4191 2246 4191 2186 4192 2228 4192 2230 4192 2259 4193 2235 4193 2243 4193 2259 4194 2243 4194 2252 4194 2259 4195 2229 4195 2235 4195 2259 4196 2252 4196 2260 4196 2182 4197 2183 4197 2184 4197 2261 4198 2259 4198 2262 4198 2261 4199 2262 4199 2263 4199 2179 4200 2180 4200 2182 4200 2177 4201 2184 4201 2186 4201 2177 4202 2182 4202 2184 4202 2177 4203 2179 4203 2182 4203 2264 4204 2265 4204 2266 4204 2174 4205 2175 4205 2177 4205 2267 4206 2265 4206 2264 4206 2267 4207 2261 4207 2265 4207 2172 4208 2173 4208 2174 4208 2268 4209 2259 4209 2261 4209 2268 4210 2267 4210 2269 4210 2268 4211 2261 4211 2267 4211 2270 4212 2268 4212 2271 4212 2270 4213 2271 4213 2272 4213 2167 4214 2168 4214 2170 4214 2165 4215 2167 4215 2170 4215 2165 4216 2166 4216 2167 4216 2165 4217 2170 4217 2171 4217 2165 4218 2171 4218 2172 4218 2163 4219 2164 4219 2165 4219 2162 4220 2172 4220 2174 4220 2162 4221 2163 4221 2165 4221 2162 4222 2165 4222 2172 4222 2159 4223 2259 4223 2268 4223 2159 4224 2229 4224 2259 4224 2159 4225 2268 4225 2270 4225 2159 4226 2230 4226 2229 4226 2159 4227 2186 4227 2230 4227 2159 4228 2162 4228 2174 4228 2159 4229 2161 4229 2162 4229 2159 4230 2177 4230 2186 4230 2159 4231 2174 4231 2177 4231 2155 4232 2157 4232 2159 4232 2150 4233 2152 4233 2153 4233 2148 4234 2153 4234 2155 4234 2148 4235 2150 4235 2153 4235 2143 4236 2145 4236 2146 4236 2139 4237 2141 4237 2143 4237 2139 4238 2146 4238 2148 4238 2139 4239 2143 4239 2146 4239 2132 4240 2134 4240 2136 4240 2132 4241 2136 4241 2137 4241 2132 4242 2137 4242 2139 4242 2132 4243 2148 4243 2155 4243 2132 4244 2139 4244 2148 4244 2129 4245 2131 4245 2132 4245 2126 4246 2127 4246 2129 4246 2126 4247 2129 4247 2132 4247 2126 4248 2132 4248 2155 4248 2124 4249 2125 4249 2126 4249 2121 4250 2123 4250 2124 4250 2119 4251 2124 4251 2126 4251 2119 4252 2121 4252 2124 4252 2120 4253 2159 4253 2270 4253 2120 4254 2155 4254 2159 4254 2120 4255 2126 4255 2155 4255 2120 4256 2119 4256 2126 4256 2256 4257 2187 4257 1656 4257 2257 4258 2256 4258 2199 4258 2258 4259 2257 4259 1660 4259 2246 4260 2258 4260 2200 4260 2247 4261 2246 4261 1663 4261 2244 4262 2247 4262 1664 4262 2245 4263 2244 4263 2194 4263 2238 4264 2245 4264 2193 4264 2239 4265 2238 4265 2191 4265 2240 4266 2239 4266 2190 4266 2241 4267 2240 4267 1670 4267 2242 4268 2241 4268 1672 4268 2226 4269 2242 4269 1675 4269 2227 4270 2226 4270 2188 4270 2228 4271 2227 4271 1677 4271 2230 4272 2228 4272 2192 4272 2231 4273 2230 4273 2201 4273 2232 4274 2231 4274 2202 4274 2233 4275 2232 4275 2203 4275 2229 4276 2233 4276 2189 4276 2235 4277 2229 4277 1685 4277 2236 4278 2235 4278 1687 4278 2237 4279 2236 4279 1689 4279 2234 4280 2237 4280 1690 4280 2243 4281 2234 4281 1692 4281 2253 4282 2243 4282 1694 4282 2249 4283 2253 4283 2195 4283 2250 4284 2249 4284 1698 4284 2248 4285 2250 4285 2196 4285 2251 4286 2248 4286 1701 4286 2254 4287 2251 4287 2197 4287 2255 4288 2254 4288 2198 4288 2252 4289 2255 4289 1705 4289 2260 4290 2252 4290 1707 4290 2259 4291 2260 4291 1709 4291 2262 4292 2259 4292 2205 4292 2263 4293 2262 4293 2206 4293 2261 4294 2263 4294 2207 4294 2265 4295 2261 4295 2204 4295 2266 4296 2265 4296 1715 4296 2264 4297 2266 4297 2209 4297 2267 4298 2264 4298 2208 4298 2269 4299 2267 4299 1719 4299 2268 4300 2269 4300 2211 4300 2271 4301 2268 4301 2210 4301 2272 4302 2271 4302 2213 4302 2272 4303 2213 4303 2273 4303 2274 4304 2273 4304 2215 4304 2270 4305 2272 4305 2273 4305 2275 4306 2274 4306 2212 4306 2276 4307 2275 4307 2217 4307 2277 4308 2276 4308 2216 4308 2278 4309 2277 4309 1729 4309 2279 4310 2278 4310 2218 4310 2280 4311 2279 4311 2219 4311 2281 4312 2280 4312 1733 4312 2282 4313 2281 4313 2220 4313 2283 4314 2282 4314 2222 4314 2284 4315 2283 4315 2223 4315 2285 4316 2284 4316 2221 4316 2286 4317 2285 4317 1739 4317 2287 4318 2286 4318 1740 4318 2288 4319 2287 4319 2225 4319 2289 4320 2288 4320 2224 4320 2092 4321 2289 4321 1745 4321 2283 4322 2281 4322 2282 4322 2285 4323 2283 4323 2284 4323 2286 4324 2283 4324 2285 4324 2288 4325 2286 4325 2287 4325 2117 4326 2110 4326 2112 4326 2117 4327 2109 4327 2110 4327 2117 4328 2107 4328 2109 4328 2117 4329 2106 4329 2107 4329 2117 4330 2104 4330 2106 4330 2117 4331 2102 4331 2104 4331 2117 4332 2100 4332 2102 4332 2117 4333 2099 4333 2100 4333 2117 4334 2098 4334 2099 4334 2117 4335 2096 4335 2098 4335 2117 4336 2094 4336 2096 4336 2117 4337 2093 4337 2094 4337 2117 4338 2091 4338 2093 4338 2117 4339 2092 4339 2091 4339 2117 4340 2289 4340 2092 4340 2117 4341 2288 4341 2289 4341 2117 4342 2280 4342 2281 4342 2117 4343 2279 4343 2280 4343 2117 4344 2278 4344 2279 4344 2117 4345 2277 4345 2278 4345 2117 4346 2276 4346 2277 4346 2117 4347 2275 4347 2276 4347 2117 4348 2274 4348 2275 4348 2117 4349 2273 4349 2274 4349 2117 4350 2281 4350 2283 4350 2117 4351 2286 4351 2288 4351 2117 4352 2283 4352 2286 4352 2114 4353 2117 4353 2112 4353 2115 4354 2117 4354 2114 4354 2117 4355 2120 4355 2273 4355 2273 4356 2120 4356 2270 4356 2290 4357 2291 4357 2292 4357 2290 4358 2293 4358 2291 4358 2294 4359 2292 4359 2295 4359 2294 4360 2290 4360 2292 4360 2296 4361 2295 4361 2297 4361 2296 4362 2297 4362 2298 4362 2296 4363 2294 4363 2295 4363 2299 4364 2298 4364 2300 4364 2299 4365 2296 4365 2298 4365 2301 4366 2299 4366 2300 4366 2302 4367 2300 4367 2303 4367 2302 4368 2301 4368 2300 4368 2304 4369 2303 4369 2305 4369 2304 4370 2302 4370 2303 4370 2306 4371 2305 4371 2307 4371 2306 4372 2304 4372 2305 4372 2308 4373 2307 4373 2309 4373 2308 4374 2309 4374 2310 4374 2308 4375 2306 4375 2307 4375 2311 4376 2308 4376 2310 4376 2312 4377 2310 4377 2313 4377 2312 4378 2311 4378 2310 4378 2314 4379 2313 4379 2315 4379 2314 4380 2315 4380 2316 4380 2314 4381 2312 4381 2313 4381 2317 4382 2314 4382 2316 4382 2318 4383 2316 4383 2319 4383 2318 4384 2317 4384 2316 4384 2320 4385 2319 4385 2321 4385 2320 4386 2321 4386 2322 4386 2320 4387 2318 4387 2319 4387 2323 4388 2320 4388 2322 4388 2324 4389 2323 4389 2322 4389 2324 4390 2322 4390 2325 4390 2326 4391 2325 4391 2327 4391 2326 4392 2324 4392 2325 4392 2328 4393 2326 4393 2327 4393 2328 4394 2327 4394 2329 4394 2330 4395 2328 4395 2329 4395 2330 4396 2329 4396 2331 4396 2332 4397 2330 4397 2331 4397 2332 4398 2331 4398 2333 4398 2332 4399 2333 4399 2334 4399 2335 4400 2332 4400 2334 4400 2336 4401 2335 4401 2334 4401 2336 4402 2334 4402 2337 4402 2338 4403 2337 4403 2339 4403 2338 4404 2336 4404 2337 4404 2340 4405 2339 4405 2341 4405 2340 4406 2341 4406 2342 4406 2340 4407 2338 4407 2339 4407 2343 4408 2340 4408 2342 4408 2344 4409 2342 4409 2345 4409 2344 4410 2345 4410 2346 4410 2344 4411 2343 4411 2342 4411 2347 4412 2344 4412 2346 4412 2348 4413 2346 4413 2349 4413 2348 4414 2347 4414 2346 4414 2350 4415 2349 4415 2351 4415 2350 4416 2348 4416 2349 4416 2352 4417 2351 4417 2353 4417 2352 4418 2350 4418 2351 4418 2354 4419 2353 4419 2355 4419 2354 4420 2352 4420 2353 4420 2356 4421 2355 4421 2357 4421 2356 4422 2354 4422 2355 4422 2358 4423 2357 4423 2359 4423 2358 4424 2356 4424 2357 4424 2360 4425 2359 4425 2361 4425 2360 4426 2358 4426 2359 4426 2362 4427 2361 4427 2363 4427 2362 4428 2360 4428 2361 4428 2364 4429 2363 4429 2365 4429 2364 4430 2362 4430 2363 4430 2366 4431 2365 4431 2367 4431 2366 4432 2364 4432 2365 4432 2368 4433 2367 4433 2369 4433 2368 4434 2366 4434 2367 4434 2370 4435 2369 4435 2371 4435 2370 4436 2368 4436 2369 4436 2372 4437 2371 4437 2373 4437 2372 4438 2370 4438 2371 4438 2374 4439 2373 4439 2375 4439 2374 4440 2375 4440 2376 4440 2374 4441 2372 4441 2373 4441 2377 4442 2374 4442 2376 4442 2378 4443 2377 4443 2376 4443 2378 4444 2376 4444 2379 4444 2380 4445 2378 4445 2379 4445 2380 4446 2379 4446 2381 4446 2380 4447 2381 4447 2382 4447 2383 4448 2380 4448 2382 4448 2384 4449 2383 4449 2382 4449 2384 4450 2382 4450 2385 4450 2386 4451 2384 4451 2385 4451 2386 4452 2385 4452 2387 4452 2388 4453 2386 4453 2387 4453 2388 4454 2387 4454 2389 4454 2388 4455 2389 4455 2390 4455 2391 4456 2388 4456 2390 4456 2392 4457 2391 4457 2390 4457 2392 4458 2390 4458 2393 4458 2394 4459 2392 4459 2393 4459 2394 4460 2393 4460 2395 4460 2394 4461 2395 4461 2396 4461 2397 4462 2394 4462 2396 4462 2398 4463 2397 4463 2396 4463 2398 4464 2396 4464 2399 4464 2400 4465 2398 4465 2399 4465 2400 4466 2399 4466 2401 4466 2400 4467 2401 4467 2402 4467 2403 4468 2402 4468 2404 4468 2403 4469 2400 4469 2402 4469 2405 4470 2403 4470 2404 4470 2406 4471 2405 4471 2404 4471 2406 4472 2404 4472 2407 4472 2408 4473 2407 4473 2409 4473 2408 4474 2409 4474 2410 4474 2408 4475 2406 4475 2407 4475 2411 4476 2408 4476 2410 4476 2412 4477 2410 4477 2413 4477 2412 4478 2411 4478 2410 4478 2414 4479 2413 4479 2415 4479 2414 4480 2412 4480 2413 4480 2416 4481 2415 4481 2417 4481 2416 4482 2414 4482 2415 4482 2418 4483 2419 4483 2420 4483 2420 4484 2419 4484 2421 4484 2421 4485 2422 4485 2423 4485 2423 4486 2422 4486 2424 4486 2424 4487 2422 4487 2425 4487 2422 4488 2426 4488 2427 4488 2427 4489 2426 4489 2428 4489 2428 4490 2426 4490 2429 4490 2430 4491 2431 4491 2432 4491 2432 4492 2431 4492 2433 4492 2433 4493 2431 4493 2434 4493 2434 4494 2431 4494 2419 4494 2435 4495 2436 4495 2431 4495 2437 4496 2438 4496 2439 4496 2436 4497 2440 4497 2431 4497 2426 4498 2441 4498 2437 4498 2437 4499 2441 4499 2438 4499 2441 4500 2442 4500 2443 4500 2443 4501 2442 4501 2444 4501 2442 4502 2292 4502 2291 4502 2445 4503 2446 4503 2447 4503 2447 4504 2446 4504 2448 4504 2448 4505 2446 4505 2449 4505 2449 4506 2446 4506 2450 4506 2450 4507 2446 4507 2440 4507 2431 4508 2446 4508 2419 4508 2419 4509 2446 4509 2421 4509 2440 4510 2446 4510 2431 4510 2292 4511 2297 4511 2295 4511 2441 4512 2297 4512 2442 4512 2442 4513 2297 4513 2292 4513 2451 4514 2452 4514 2453 4514 2453 4515 2452 4515 2446 4515 2297 4516 2300 4516 2298 4516 2454 4517 2455 4517 2456 4517 2456 4518 2455 4518 2452 4518 2446 4519 2455 4519 2421 4519 2452 4520 2455 4520 2446 4520 2457 4521 2458 4521 2455 4521 2458 4522 2459 4522 2455 4522 2297 4523 2313 4523 2300 4523 2441 4524 2313 4524 2297 4524 2300 4525 2313 4525 2303 4525 2303 4526 2313 4526 2305 4526 2305 4527 2313 4527 2307 4527 2307 4528 2313 4528 2309 4528 2309 4529 2313 4529 2310 4529 2459 4530 2460 4530 2455 4530 2460 4531 2461 4531 2455 4531 2313 4532 2316 4532 2315 4532 2461 4533 2462 4533 2455 4533 2313 4534 2321 4534 2316 4534 2316 4535 2321 4535 2319 4535 2463 4536 2464 4536 2462 4536 2462 4537 2465 4537 2455 4537 2464 4538 2465 4538 2462 4538 2455 4539 2466 4539 2421 4539 2465 4540 2466 4540 2455 4540 2322 4541 2331 4541 2325 4541 2325 4542 2331 4542 2327 4542 2327 4543 2331 4543 2329 4543 2322 4544 2333 4544 2331 4544 2467 4545 2468 4545 2469 4545 2469 4546 2468 4546 2470 4546 2470 4547 2468 4547 2466 4547 2421 4548 2468 4548 2422 4548 2422 4549 2468 4549 2426 4549 2466 4550 2468 4550 2421 4550 2322 4551 2334 4551 2333 4551 2321 4552 2337 4552 2322 4552 2322 4553 2337 4553 2334 4553 2471 4554 2472 4554 2468 4554 2468 4555 2472 4555 2426 4555 2321 4556 2341 4556 2337 4556 2337 4557 2341 4557 2339 4557 2313 4558 2342 4558 2321 4558 2321 4559 2342 4559 2341 4559 2473 4560 2474 4560 2475 4560 2475 4561 2474 4561 2472 4561 2472 4562 2474 4562 2426 4562 2342 4563 2351 4563 2345 4563 2345 4564 2351 4564 2346 4564 2346 4565 2351 4565 2349 4565 2476 4566 2477 4566 2478 4566 2478 4567 2477 4567 2479 4567 2479 4568 2477 4568 2474 4568 2474 4569 2477 4569 2426 4569 2417 4570 2415 4570 2477 4570 2351 4571 2357 4571 2353 4571 2353 4572 2357 4572 2355 4572 2342 4573 2357 4573 2351 4573 2415 4574 2413 4574 2477 4574 2342 4575 2361 4575 2357 4575 2357 4576 2361 4576 2359 4576 2342 4577 2363 4577 2361 4577 2413 4578 2407 4578 2477 4578 2409 4579 2407 4579 2410 4579 2410 4580 2407 4580 2413 4580 2441 4581 2407 4581 2313 4581 2426 4582 2407 4582 2441 4582 2477 4583 2407 4583 2426 4583 2404 4584 2402 4584 2407 4584 2407 4585 2402 4585 2313 4585 2365 4586 2373 4586 2367 4586 2367 4587 2373 4587 2369 4587 2369 4588 2373 4588 2371 4588 2363 4589 2373 4589 2365 4589 2399 4590 2396 4590 2401 4590 2401 4591 2396 4591 2402 4591 2342 4592 2375 4592 2363 4592 2363 4593 2375 4593 2373 4593 2375 4594 2379 4594 2376 4594 2342 4595 2379 4595 2375 4595 2390 4596 2389 4596 2393 4596 2393 4597 2389 4597 2395 4597 2395 4598 2389 4598 2396 4598 2396 4599 2389 4599 2402 4599 2402 4600 2389 4600 2313 4600 2313 4601 2389 4601 2342 4601 2379 4602 2385 4602 2381 4602 2381 4603 2385 4603 2382 4603 2387 4604 2385 4604 2389 4604 2342 4605 2385 4605 2379 4605 2389 4606 2385 4606 2342 4606 2480 4607 2481 4607 2482 4607 2480 4608 2482 4608 2483 4608 2484 4609 2483 4609 2485 4609 2484 4610 2485 4610 2486 4610 2484 4611 2486 4611 2487 4611 2488 4612 2484 4612 2489 4612 2488 4613 2489 4613 2490 4613 2488 4614 2490 4614 2491 4614 2492 4615 2493 4615 2494 4615 2492 4616 2494 4616 2495 4616 2492 4617 2495 4617 2496 4617 2492 4618 2496 4618 2480 4618 2497 4619 2498 4619 2492 4619 2499 4620 2500 4620 2501 4620 2502 4621 2497 4621 2492 4621 2503 4622 2488 4622 2500 4622 2503 4623 2500 4623 2499 4623 2504 4624 2503 4624 2505 4624 2504 4625 2505 4625 2506 4625 2290 4626 2504 4626 2293 4626 2507 4627 2480 4627 2483 4627 2507 4628 2492 4628 2480 4628 2507 4629 2502 4629 2492 4629 2507 4630 2508 4630 2509 4630 2507 4631 2509 4631 2510 4631 2507 4632 2510 4632 2511 4632 2507 4633 2511 4633 2512 4633 2507 4634 2512 4634 2502 4634 2296 4635 2290 4635 2294 4635 2296 4636 2504 4636 2290 4636 2296 4637 2503 4637 2504 4637 2513 4638 2514 4638 2515 4638 2513 4639 2515 4639 2507 4639 2301 4640 2296 4640 2299 4640 2516 4641 2513 4641 2507 4641 2516 4642 2517 4642 2518 4642 2516 4643 2518 4643 2513 4643 2516 4644 2507 4644 2483 4644 2519 4645 2520 4645 2516 4645 2521 4646 2519 4646 2516 4646 2312 4647 2503 4647 2296 4647 2312 4648 2296 4648 2301 4648 2312 4649 2301 4649 2302 4649 2312 4650 2302 4650 2304 4650 2312 4651 2304 4651 2306 4651 2312 4652 2306 4652 2308 4652 2312 4653 2308 4653 2311 4653 2522 4654 2521 4654 2516 4654 2523 4655 2522 4655 2516 4655 2317 4656 2312 4656 2314 4656 2524 4657 2523 4657 2516 4657 2320 4658 2317 4658 2318 4658 2320 4659 2312 4659 2317 4659 2525 4660 2526 4660 2524 4660 2527 4661 2524 4661 2516 4661 2527 4662 2525 4662 2524 4662 2528 4663 2527 4663 2516 4663 2528 4664 2516 4664 2483 4664 2330 4665 2323 4665 2324 4665 2330 4666 2324 4666 2326 4666 2330 4667 2326 4667 2328 4667 2332 4668 2323 4668 2330 4668 2529 4669 2483 4669 2484 4669 2529 4670 2528 4670 2483 4670 2529 4671 2484 4671 2488 4671 2529 4672 2530 4672 2531 4672 2529 4673 2531 4673 2532 4673 2529 4674 2532 4674 2528 4674 2335 4675 2323 4675 2332 4675 2336 4676 2320 4676 2323 4676 2336 4677 2323 4677 2335 4677 2533 4678 2529 4678 2488 4678 2533 4679 2534 4679 2529 4679 2340 4680 2336 4680 2338 4680 2340 4681 2320 4681 2336 4681 2343 4682 2312 4682 2320 4682 2343 4683 2320 4683 2340 4683 2535 4684 2536 4684 2537 4684 2535 4685 2537 4685 2533 4685 2535 4686 2533 4686 2488 4686 2350 4687 2343 4687 2344 4687 2350 4688 2344 4688 2347 4688 2350 4689 2347 4689 2348 4689 2538 4690 2539 4690 2540 4690 2538 4691 2540 4691 2541 4691 2538 4692 2541 4692 2535 4692 2538 4693 2535 4693 2488 4693 2414 4694 2416 4694 2538 4694 2356 4695 2343 4695 2350 4695 2356 4696 2350 4696 2352 4696 2356 4697 2352 4697 2354 4697 2412 4698 2414 4698 2538 4698 2360 4699 2343 4699 2356 4699 2360 4700 2356 4700 2358 4700 2362 4701 2343 4701 2360 4701 2406 4702 2538 4702 2488 4702 2406 4703 2503 4703 2312 4703 2406 4704 2408 4704 2411 4704 2406 4705 2411 4705 2412 4705 2406 4706 2488 4706 2503 4706 2406 4707 2412 4707 2538 4707 2403 4708 2405 4708 2406 4708 2403 4709 2406 4709 2312 4709 2372 4710 2362 4710 2364 4710 2372 4711 2364 4711 2366 4711 2372 4712 2366 4712 2368 4712 2372 4713 2368 4713 2370 4713 2397 4714 2398 4714 2400 4714 2397 4715 2400 4715 2403 4715 2374 4716 2343 4716 2362 4716 2374 4717 2362 4717 2372 4717 2378 4718 2374 4718 2377 4718 2378 4719 2343 4719 2374 4719 2388 4720 2403 4720 2312 4720 2388 4721 2397 4721 2403 4721 2388 4722 2391 4722 2392 4722 2388 4723 2392 4723 2394 4723 2388 4724 2394 4724 2397 4724 2388 4725 2312 4725 2343 4725 2384 4726 2378 4726 2380 4726 2384 4727 2380 4727 2383 4727 2384 4728 2386 4728 2388 4728 2384 4729 2343 4729 2378 4729 2384 4730 2388 4730 2343 4730 2416 4731 2417 4731 2477 4731 2538 4732 2416 4732 2477 4732 2539 4733 2477 4733 2476 4733 2539 4734 2538 4734 2477 4734 2540 4735 2476 4735 2478 4735 2540 4736 2539 4736 2476 4736 2541 4737 2478 4737 2479 4737 2541 4738 2540 4738 2478 4738 2535 4739 2479 4739 2474 4739 2535 4740 2474 4740 2473 4740 2535 4741 2541 4741 2479 4741 2536 4742 2535 4742 2473 4742 2537 4743 2473 4743 2475 4743 2537 4744 2475 4744 2472 4744 2537 4745 2536 4745 2473 4745 2533 4746 2537 4746 2472 4746 2534 4747 2472 4747 2471 4747 2534 4748 2533 4748 2472 4748 2529 4749 2471 4749 2468 4749 2529 4750 2468 4750 2467 4750 2529 4751 2534 4751 2471 4751 2530 4752 2529 4752 2467 4752 2531 4753 2467 4753 2469 4753 2531 4754 2530 4754 2467 4754 2532 4755 2469 4755 2470 4755 2532 4756 2531 4756 2469 4756 2528 4757 2470 4757 2466 4757 2528 4758 2466 4758 2465 4758 2528 4759 2532 4759 2470 4759 2527 4760 2528 4760 2465 4760 2525 4761 2465 4761 2464 4761 2525 4762 2527 4762 2465 4762 2526 4763 2464 4763 2463 4763 2526 4764 2525 4764 2464 4764 2524 4765 2463 4765 2462 4765 2524 4766 2526 4766 2463 4766 2523 4767 2524 4767 2462 4767 2523 4768 2462 4768 2461 4768 2522 4769 2523 4769 2461 4769 2522 4770 2461 4770 2460 4770 2521 4771 2522 4771 2460 4771 2521 4772 2460 4772 2459 4772 2519 4773 2521 4773 2459 4773 2519 4774 2459 4774 2458 4774 2520 4775 2458 4775 2457 4775 2520 4776 2519 4776 2458 4776 2520 4777 2457 4777 2455 4777 2516 4778 2520 4778 2455 4778 2517 4779 2455 4779 2454 4779 2517 4780 2516 4780 2455 4780 2518 4781 2454 4781 2456 4781 2518 4782 2517 4782 2454 4782 2513 4783 2456 4783 2452 4783 2513 4784 2518 4784 2456 4784 2514 4785 2452 4785 2451 4785 2514 4786 2513 4786 2452 4786 2515 4787 2451 4787 2453 4787 2515 4788 2514 4788 2451 4788 2507 4789 2453 4789 2446 4789 2507 4790 2515 4790 2453 4790 2508 4791 2446 4791 2445 4791 2508 4792 2445 4792 2447 4792 2508 4793 2507 4793 2446 4793 2509 4794 2508 4794 2447 4794 2510 4795 2447 4795 2448 4795 2510 4796 2448 4796 2449 4796 2510 4797 2509 4797 2447 4797 2511 4798 2510 4798 2449 4798 2512 4799 2449 4799 2450 4799 2512 4800 2511 4800 2449 4800 2502 4801 2450 4801 2440 4801 2502 4802 2512 4802 2450 4802 2497 4803 2440 4803 2436 4803 2497 4804 2436 4804 2435 4804 2497 4805 2502 4805 2440 4805 2498 4806 2497 4806 2435 4806 2492 4807 2435 4807 2431 4807 2492 4808 2498 4808 2435 4808 2493 4809 2431 4809 2430 4809 2493 4810 2430 4810 2432 4810 2493 4811 2492 4811 2431 4811 2494 4812 2493 4812 2432 4812 2495 4813 2432 4813 2433 4813 2495 4814 2494 4814 2432 4814 2496 4815 2495 4815 2433 4815 2496 4816 2433 4816 2434 4816 2496 4817 2434 4817 2419 4817 2480 4818 2496 4818 2419 4818 2481 4819 2480 4819 2419 4819 2481 4820 2419 4820 2418 4820 2482 4821 2481 4821 2418 4821 2482 4822 2418 4822 2420 4822 2482 4823 2420 4823 2421 4823 2483 4824 2482 4824 2421 4824 2485 4825 2483 4825 2421 4825 2485 4826 2421 4826 2423 4826 2486 4827 2485 4827 2423 4827 2486 4828 2423 4828 2424 4828 2487 4829 2486 4829 2424 4829 2487 4830 2424 4830 2425 4830 2487 4831 2425 4831 2422 4831 2484 4832 2487 4832 2422 4832 2489 4833 2484 4833 2422 4833 2489 4834 2422 4834 2427 4834 2490 4835 2489 4835 2427 4835 2490 4836 2427 4836 2428 4836 2490 4837 2428 4837 2429 4837 2491 4838 2490 4838 2429 4838 2488 4839 2491 4839 2429 4839 2488 4840 2429 4840 2426 4840 2500 4841 2488 4841 2426 4841 2500 4842 2426 4842 2437 4842 2500 4843 2437 4843 2439 4843 2501 4844 2500 4844 2439 4844 2499 4845 2501 4845 2439 4845 2499 4846 2439 4846 2438 4846 2503 4847 2438 4847 2441 4847 2503 4848 2441 4848 2443 4848 2503 4849 2499 4849 2438 4849 2505 4850 2503 4850 2443 4850 2506 4851 2443 4851 2444 4851 2506 4852 2505 4852 2443 4852 2504 4853 2444 4853 2442 4853 2504 4854 2506 4854 2444 4854 2293 4855 2442 4855 2291 4855 2293 4856 2504 4856 2442 4856</p>
        </triangles>
      </mesh>
    </geometry>
  </library_geometries>
  <library_materials>
    <material id="mat_MOTOR_GB37Y3532_RIGHT_shape002" name="MOTOR_GB37Y3532_RIGHT_shape002">
      <instance_effect url="#effect_MOTOR_GB37Y3532_RIGHT_shape002"/>
    </material>
  </library_materials>
  <library_visual_scenes>
    <visual_scene id="myscene">
      <node id="node0" name="node0">
        <instance_geometry url="#geometry0">
          <bind_material>
            <technique_common>
              <instance_material symbol="ref_MOTOR_GB37Y3532_RIGHT_shape002" target="#mat_MOTOR_GB37Y3532_RIGHT_shape002"/>
            </technique_common>
          </bind_material>
        </instance_geometry>
      </node>
    </visual_scene>
  </library_visual_scenes>
  <scene>
    <instance_visual_scene url="#myscene"/>
  </scene>
</COLLADA>
