<COLLADA xmlns="http://www.collada.org/2005/11/COLLADASchema" version="1.4.1">
  <asset>
    <contributor/>
    <created>2026-09-17T08:47:16.316788</created>
    <modified>2026-09-17T08:47:16.316788</modified>
    <unit name="meter" meter="1.0"/>
    <up_axis>Z_UP</up_axis>
  </asset>
  <library_effects>
    <effect id="effect_RUBBER_D_1_002_shape001" name="effect_RUBBER_D_1_002_shape001">
      <profile_COMMON>
        <technique sid="common">
          <phong>
            <emission>
              <color>0.0 0.0 0.0 1.0</color>
            </emission>
            <ambient>
              <color>0.0 0.0 0.0 1.0</color>
            </ambient>
            <diffuse>
              <color>0.67843097448349 0.7098039984703064 0.7411760091781616 1.0</color>
            </diffuse>
            <specular>
              <color>1 1 1 1.0</color>
            </specular>
            <shininess>
              <float>0.0</float>
            </shininess>
            <reflective>
              <color>0.0 0.0 0.0 1.0</color>
            </reflective>
            <reflectivity>
              <float>0.0</float>
            </reflectivity>
            <transparent>
              <color>0.0 0.0 0.0 1.0</color>
            </transparent>
            <transparency>
              <float>1.0</float>
            </transparency>
          </phong>
        </technique>
        <extra>
          <technique profile="GOOGLEEARTH">
            <double_sided>0</double_sided>
          </technique>
        </extra>
      </profile_COMMON>
    </effect>
  </library_effects>
  <library_geometries>
    <geometry id="geometry0" name="RUBBER_D_1_002_shape001">
      <mesh>
        <source id="cubeverts-array0">
          <float_array count="11700" id="cubeverts-array0-array">-0.04154742 -0.01357 -0.02077615 -0.04191792 -0.01357 -0.02096654 -0.04182415 -0.01357 -0.02106514 -0.04146466 -0.01357 -0.02085562 -0.04172562 -0.01357 -0.02115898 -0.04162621 -0.01357 -0.02069273 -0.04200669 -0.01357 -0.02086343 -0.04137811 -0.01357 -0.02093095 -0.04162256 -0.01357 -0.02124783 -0.04170084 -0.01357 -0.02060557 -0.04209026 -0.01357 -0.02075605 -0.04128799 -0.01357 -0.02100197 -0.04151524 -0.01357 -0.02133147 -0.04177111 -0.01357 -0.02051487 -0.04216842 -0.01357 -0.02064466 -0.04119452 -0.01357 -0.02106851 -0.04140391 -0.01357 -0.0214097 -0.04183688 -0.01357 -0.02042085 -0.04224097 -0.01357 -0.02052955 -0.0410979 -0.01357 -0.02113041 -0.04128885 -0.01357 -0.02148234 -0.04189798 -0.01357 -0.02032373 -0.04230774 -0.01357 -0.02041099 -0.04099837 -0.01357 -0.02118751 -0.04117034 -0.01357 -0.02154918 -0.04195427 -0.01357 -0.02022374 -0.04089619 -0.01357 -0.02123969 -0.04104866 -0.01357 -0.02161009 -0.04200561 -0.01357 -0.02012113 -0.04236856 -0.01357 -0.02028928 -0.04079157 -0.01357 -0.02128682 -0.04092413 -0.01357 -0.02166491 -0.04205188 -0.01357 -0.02001613 -0.04242328 -0.01357 -0.0201647 -0.04068478 -0.01357 -0.02132878 -0.04079703 -0.01357 -0.02171349 -0.04209297 -0.01357 -0.01990899 -0.04249664 -0.01357 -0.01995639 -0.04247178 -0.01357 -0.02003757 -0.04057607 -0.01357 -0.02136549 -0.04066769 -0.01357 -0.02175573 -0.04212878 -0.01357 -0.01979999 -0.04251453 -0.01357 -0.0198734 -0.04252532 -0.01357 -0.01978919 -0.04046569 -0.01357 -0.02139684 -0.04053641 -0.01357 -0.02179152 -0.04215923 -0.01357 -0.01968936 -0.04252892 -0.01357 -0.01970437 -0.04035392 -0.01357 -0.02142277 -0.04040352 -0.01357 -0.02182077 -0.04218424 -0.01357 -0.01957738 -0.04024101 -0.01357 -0.02144321 -0.04026936 -0.01357 -0.02184342 -0.04220375 -0.01357 -0.0194643 -0.04012724 -0.01357 -0.02145812 -0.04013423 -0.01357 -0.0218594 -0.04221772 -0.01357 -0.01935042 -0.04009209 -0.01357 -0.02146123 -0.04010333 -0.01357 -0.0218618 -0.04005685 -0.01357 -0.02146309 -0.04007238 -0.01357 -0.02186324 -0.04004139 -0.01357 -0.02186372 -0.04002158 -0.01357 -0.02146372 -0.04222612 -0.01357 -0.01923598 -0.04222892 -0.01357 -0.01912128 -0.04252892 -0.01357 -0.01853818 -0.04222612 -0.01357 -0.01900657 -0.04221772 -0.01357 -0.01889214 -0.04220375 -0.01357 -0.01877825 -0.04218424 -0.01357 -0.01866518 -0.04215923 -0.01357 -0.01855319 -0.04252532 -0.01357 -0.01845336 -0.04212878 -0.01357 -0.01844257 -0.04251453 -0.01357 -0.01836915 -0.04249664 -0.01357 -0.01828616 -0.04209297 -0.01357 -0.01833356 -0.04242328 -0.01357 -0.01807785 -0.04247178 -0.01357 -0.01820498 -0.04205188 -0.01357 -0.01822643 -0.04236856 -0.01357 -0.01795328 -0.04200561 -0.01357 -0.01812143 -0.04230774 -0.01357 -0.01783156 -0.04195427 -0.01357 -0.01801881 -0.04189798 -0.01357 -0.01791882 -0.04224097 -0.01357 -0.017713 -0.04183688 -0.01357 -0.0178217 -0.04216842 -0.01357 -0.01759789 -0.04177111 -0.01357 -0.01772768 -0.04209026 -0.01357 -0.01748651 -0.04170084 -0.01357 -0.01763698 -0.04200669 -0.01357 -0.01737913 -0.04162621 -0.01357 -0.01754982 -0.04191792 -0.01357 -0.01727601 -0.04154742 -0.01357 -0.0174664 -0.04182415 -0.01357 -0.01717741 -0.04146466 -0.01357 -0.01738693 -0.04172562 -0.01357 -0.01708357 -0.04137811 -0.01357 -0.0173116 -0.04162256 -0.01357 -0.01699472 -0.04128799 -0.01357 -0.01724058 -0.04151524 -0.01357 -0.01691108 -0.04119452 -0.01357 -0.01717404 -0.04140391 -0.01357 -0.01683285 -0.0410979 -0.01357 -0.01711215 -0.04128885 -0.01357 -0.01676022 -0.04099837 -0.01357 -0.01705504 -0.04117034 -0.01357 -0.01669337 -0.04089619 -0.01357 -0.01700286 -0.04104866 -0.01357 -0.01663246 -0.04079157 -0.01357 -0.01695573 -0.04092413 -0.01357 -0.01657765 -0.04068478 -0.01357 -0.01691377 -0.04079703 -0.01357 -0.01652906 -0.04057607 -0.01357 -0.01687706 -0.04066769 -0.01357 -0.01648682 -0.04046569 -0.01357 -0.01684571 -0.04053641 -0.01357 -0.01645103 -0.04035392 -0.01357 -0.01681978 -0.04040352 -0.01357 -0.01642178 -0.04024101 -0.01357 -0.01679934 -0.04026936 -0.01357 -0.01639913 -0.04012724 -0.01357 -0.01678443 -0.04013423 -0.01357 -0.01638315 -0.04009209 -0.01357 -0.01678132 -0.04010333 -0.01357 -0.01638075 -0.04005685 -0.01357 -0.01677946 -0.04007238 -0.01357 -0.01637931 -0.04004139 -0.01357 -0.01637883 -0.04002158 -0.01357 -0.01677883 -0.03411646 -0.01357 -0.02186372 -0.03413627 -0.01357 -0.02146372 -0.03410099 -0.01357 -0.02146309 -0.03408547 -0.01357 -0.02186324 -0.03405451 -0.01357 -0.0218618 -0.03406575 -0.01357 -0.02146123 -0.03402362 -0.01357 -0.0218594 -0.03403061 -0.01357 -0.02145812 -0.03388849 -0.01357 -0.02184342 -0.03391684 -0.01357 -0.02144321 -0.03375432 -0.01357 -0.02182077 -0.03380393 -0.01357 -0.02142277 -0.03362144 -0.01357 -0.02179152 -0.03369216 -0.01357 -0.02139684 -0.03349016 -0.01357 -0.02175573 -0.03358178 -0.01357 -0.02136549 -0.03336082 -0.01357 -0.02171349 -0.03347307 -0.01357 -0.02132878 -0.03323372 -0.01357 -0.02166491 -0.03336628 -0.01357 -0.02128682 -0.03310918 -0.01357 -0.02161009 -0.03326166 -0.01357 -0.02123969 -0.03298751 -0.01357 -0.02154918 -0.03315947 -0.01357 -0.02118751 -0.032869 -0.01357 -0.02148234 -0.03305995 -0.01357 -0.02113041 -0.03275393 -0.01357 -0.0214097 -0.03296333 -0.01357 -0.02106851 -0.0326426 -0.01357 -0.02133147 -0.03286985 -0.01357 -0.02100197 -0.03253529 -0.01357 -0.02124783 -0.03277973 -0.01357 -0.02093095 -0.03243223 -0.01357 -0.02115898 -0.03269319 -0.01357 -0.02085562 -0.0323337 -0.01357 -0.02106514 -0.03261042 -0.01357 -0.02077615 -0.03223993 -0.01357 -0.02096654 -0.03253163 -0.01357 -0.02069273 -0.03215115 -0.01357 -0.02086343 -0.03245701 -0.01357 -0.02060557 -0.03206758 -0.01357 -0.02075605 -0.03238673 -0.01357 -0.02051487 -0.03198943 -0.01357 -0.02064466 -0.03232096 -0.01357 -0.02042085 -0.03191688 -0.01357 -0.02052955 -0.03225986 -0.01357 -0.02032373 -0.03185011 -0.01357 -0.02041099 -0.03220358 -0.01357 -0.02022374 -0.03215224 -0.01357 -0.02012113 -0.03178929 -0.01357 -0.02028928 -0.03210597 -0.01357 -0.02001613 -0.03173456 -0.01357 -0.0201647 -0.03206488 -0.01357 -0.01990899 -0.03168607 -0.01357 -0.02003757 -0.0316612 -0.01357 -0.01995639 -0.03202907 -0.01357 -0.01979999 -0.03164331 -0.01357 -0.0198734 -0.03163253 -0.01357 -0.01978919 -0.03199862 -0.01357 -0.01968936 -0.03162892 -0.01357 -0.01970437 -0.03197361 -0.01357 -0.01957738 -0.03195409 -0.01357 -0.0194643 -0.03194012 -0.01357 -0.01935042 -0.03193172 -0.01357 -0.01923598 -0.03192892 -0.01357 -0.01912128 -0.03411646 -0.01357 -0.01637883 -0.03413627 -0.01357 -0.01677883 -0.03410099 -0.01357 -0.01677946 -0.03408547 -0.01357 -0.01637931 -0.03405451 -0.01357 -0.01638075 -0.03406575 -0.01357 -0.01678132 -0.03402362 -0.01357 -0.01638315 -0.03403061 -0.01357 -0.01678443 -0.03388849 -0.01357 -0.01639913 -0.03391684 -0.01357 -0.01679934 -0.03375432 -0.01357 -0.01642178 -0.03380393 -0.01357 -0.01681978 -0.03162892 -0.01357 -0.01853818 -0.03193172 -0.01357 -0.01900657 -0.03194012 -0.01357 -0.01889214 -0.03195409 -0.01357 -0.01877825 -0.03197361 -0.01357 -0.01866518 -0.03199862 -0.01357 -0.01855319 -0.03163253 -0.01357 -0.01845336 -0.03202907 -0.01357 -0.01844257 -0.03362144 -0.01357 -0.01645103 -0.03369216 -0.01357 -0.01684571 -0.03164331 -0.01357 -0.01836915 -0.03349016 -0.01357 -0.01648682 -0.03358178 -0.01357 -0.01687706 -0.0316612 -0.01357 -0.01828616 -0.03206488 -0.01357 -0.01833356 -0.03168607 -0.01357 -0.01820498 -0.03336082 -0.01357 -0.01652906 -0.03347307 -0.01357 -0.01691377 -0.03173456 -0.01357 -0.01807785 -0.03210597 -0.01357 -0.01822643 -0.03323372 -0.01357 -0.01657765 -0.03336628 -0.01357 -0.01695573 -0.03178929 -0.01357 -0.01795328 -0.03215224 -0.01357 -0.01812143 -0.03310918 -0.01357 -0.01663246 -0.03326166 -0.01357 -0.01700286 -0.03185011 -0.01357 -0.01783156 -0.03220358 -0.01357 -0.01801881 -0.03225986 -0.01357 -0.01791882 -0.03298751 -0.01357 -0.01669337 -0.03315947 -0.01357 -0.01705504 -0.03191688 -0.01357 -0.017713 -0.03232096 -0.01357 -0.0178217 -0.032869 -0.01357 -0.01676022 -0.03305995 -0.01357 -0.01711215 -0.03198943 -0.01357 -0.01759789 -0.03238673 -0.01357 -0.01772768 -0.03275393 -0.01357 -0.01683285 -0.03296333 -0.01357 -0.01717404 -0.03206758 -0.01357 -0.01748651 -0.03245701 -0.01357 -0.01763698 -0.0326426 -0.01357 -0.01691108 -0.03286985 -0.01357 -0.01724058 -0.03215115 -0.01357 -0.01737913 -0.03253163 -0.01357 -0.01754982 -0.03253529 -0.01357 -0.01699472 -0.03277973 -0.01357 -0.0173116 -0.03223993 -0.01357 -0.01727601 -0.03261042 -0.01357 -0.0174664 -0.03243223 -0.01357 -0.01708357 -0.03269319 -0.01357 -0.01738693 -0.0323337 -0.01357 -0.01717741 -0.03411646 -0.01347 -0.01637883 -0.03408547 -0.01347 -0.01637931 -0.03405451 -0.01347 -0.01638075 -0.03402362 -0.01347 -0.01638315 -0.03411646 -0.01337318 -0.01630383 -0.03411646 -0.01339301 -0.01634265 -0.03410946 -0.01337317 -0.01630385 -0.03411646 -0.01342746 -0.01636934 -0.03408435 -0.01339301 -0.01634314 -0.03402736 -0.01337317 -0.01630752 -0.03405227 -0.01339301 -0.01634464 -0.03408517 -0.01342746 -0.01636982 -0.03403057 -0.01339301 -0.01634621 -0.03401665 -0.01337318 -0.01630848 -0.03402026 -0.01339301 -0.01634712 -0.03405392 -0.01342746 -0.01637127 -0.03402274 -0.01342746 -0.0163737 -0.03403279 -0.01342746 -0.01637281 -0.03402052 -0.01327635 -0.01623281 -0.03401057 -0.01331889 -0.01624326 -0.03400969 -0.01327635 -0.0162338 -0.03401671 -0.01335381 -0.01627006 -0.03401305 -0.01335334 -0.01626983 -0.03410962 -0.01327635 -0.01622883 -0.03410955 -0.01331889 -0.01623833 -0.03408093 -0.01335381 -0.01626605 -0.03410949 -0.01335334 -0.01626503 -0.03411418 -0.01327635 -0.01622883 -0.03411646 -0.01327635 -0.01622883 -0.03411646 -0.01331889 -0.01623833 -0.0341119 -0.01327635 -0.01622883 -0.03411414 -0.01335335 -0.01626503 -0.03411646 -0.01335334 -0.01626502 -0.03411181 -0.01335335 -0.01626503 -0.03411415 -0.01331889 -0.01623833 -0.03411185 -0.01331889 -0.01623833 -0.04004139 -0.01337318 -0.01630383 -0.04004139 -0.01335334 -0.01626502 -0.04004139 -0.01331889 -0.01623833 -0.04004139 -0.01327635 -0.01622883 -0.04004139 -0.01347 -0.01637883 -0.04004139 -0.01342746 -0.01636934 -0.04004139 -0.01339301 -0.01634265 -0.04013423 -0.01347 -0.01638315 -0.04010333 -0.01347 -0.01638075 -0.04007238 -0.01347 -0.01637931 -0.04013759 -0.01339301 -0.01634712 -0.04012727 -0.01339301 -0.01634621 -0.04014119 -0.01337318 -0.01630848 -0.04013049 -0.01337317 -0.01630752 -0.04010558 -0.01339301 -0.01634464 -0.04012506 -0.01342746 -0.01637281 -0.04013511 -0.01342746 -0.0163737 -0.0400735 -0.01339301 -0.01634314 -0.04004839 -0.01337317 -0.01630385 -0.04010392 -0.01342746 -0.01637127 -0.04004813 -0.01339301 -0.01634267 -0.04007267 -0.01342746 -0.01636982 -0.04004796 -0.01342746 -0.01636936 -0.04004836 -0.01335334 -0.01626503 -0.0400483 -0.01331888 -0.01623833 -0.04004823 -0.01327634 -0.01622883 -0.04013733 -0.01327635 -0.01623281 -0.04010544 -0.01335382 -0.01626735 -0.04014816 -0.01327635 -0.0162338 -0.04014727 -0.01331889 -0.01624326 -0.04013754 -0.01335381 -0.01626974 -0.04014479 -0.01335334 -0.01626983 -0.04028 -0.01337318 -0.01632489 -0.04260425 -0.01331889 -0.01815817 -0.04256207 -0.01327635 -0.01802094 -0.04261321 -0.01327635 -0.018155 -0.0402893 -0.01331889 -0.01626005 -0.04029065 -0.01327635 -0.01625065 -0.04028551 -0.01335334 -0.01628647 -0.04043033 -0.01331889 -0.01628386 -0.04043214 -0.01327635 -0.01627453 -0.04042524 -0.01335334 -0.01631005 -0.04041783 -0.01337318 -0.01634815 -0.04057 -0.01331889 -0.0163146 -0.04057227 -0.01327635 -0.01630538 -0.04056362 -0.01335334 -0.01634052 -0.04055434 -0.01337318 -0.01637821 -0.04070798 -0.01331889 -0.01635222 -0.04071071 -0.01327635 -0.01634312 -0.04070033 -0.01335334 -0.01637779 -0.0406892 -0.01337318 -0.01641497 -0.04084394 -0.01331889 -0.01639662 -0.04084711 -0.01327635 -0.01638767 -0.04083503 -0.01335334 -0.01642178 -0.04082207 -0.01337318 -0.01645836 -0.04097753 -0.01331889 -0.01644769 -0.04098114 -0.01327635 -0.0164389 -0.04096738 -0.01335334 -0.01647238 -0.04095263 -0.01337318 -0.01650828 -0.04110843 -0.01331889 -0.0165053 -0.04111247 -0.01327635 -0.01649671 -0.04109708 -0.01335334 -0.01652946 -0.04108057 -0.01337318 -0.01656458 -0.04123632 -0.01331889 -0.01656932 -0.04124078 -0.01327635 -0.01656094 -0.04122379 -0.01335334 -0.01659288 -0.04120556 -0.01337318 -0.01662715 -0.04136089 -0.01331889 -0.01663959 -0.04136576 -0.01327635 -0.01663143 -0.0413472 -0.01335334 -0.0166625 -0.0413273 -0.01337318 -0.01669582 -0.04148183 -0.01331889 -0.01671593 -0.04148709 -0.01327635 -0.01670802 -0.04146703 -0.01335334 -0.01673814 -0.0414455 -0.01337318 -0.01677044 -0.04159884 -0.01331889 -0.01679816 -0.0416045 -0.01327635 -0.01679052 -0.04158296 -0.01335334 -0.01681961 -0.04155987 -0.01337318 -0.0168508 -0.04171165 -0.01331889 -0.01688608 -0.04171767 -0.01327635 -0.01687873 -0.04169473 -0.01335334 -0.01690671 -0.04167012 -0.01337318 -0.01693673 -0.04181997 -0.01331889 -0.01697947 -0.04182634 -0.01327635 -0.01697243 -0.04180204 -0.01335334 -0.01699924 -0.04177598 -0.01337318 -0.017028 -0.04192353 -0.01331889 -0.0170781 -0.04193025 -0.01327635 -0.01707138 -0.04190465 -0.01335334 -0.01709696 -0.0418772 -0.01337318 -0.0171244 -0.04202209 -0.01331889 -0.01718173 -0.04202913 -0.01327635 -0.01717536 -0.0420023 -0.01335334 -0.01719964 -0.04197353 -0.01337318 -0.01722569 -0.04211541 -0.01331889 -0.01729012 -0.04212275 -0.01327635 -0.0172841 -0.04209475 -0.01335334 -0.01730702 -0.04206472 -0.01337318 -0.01733161 -0.04220324 -0.01331889 -0.01740298 -0.04221088 -0.01327635 -0.01739734 -0.04218178 -0.01335334 -0.01741885 -0.04215057 -0.01337318 -0.01744192 -0.04228539 -0.01331889 -0.01752006 -0.0422933 -0.01327635 -0.01751479 -0.04226317 -0.01335334 -0.01753484 -0.04223086 -0.01337318 -0.01755634 -0.04230539 -0.01337318 -0.01767459 -0.04236165 -0.01331889 -0.01764105 -0.04236981 -0.01327635 -0.01763618 -0.04233873 -0.01335334 -0.01765472 -0.04243183 -0.01331889 -0.01776567 -0.04244022 -0.01327635 -0.01776121 -0.04240826 -0.01335334 -0.01777818 -0.04237398 -0.01337318 -0.01779638 -0.04249576 -0.01331889 -0.0178936 -0.04250436 -0.01327635 -0.01788957 -0.04247159 -0.01335334 -0.01790494 -0.04243645 -0.01337318 -0.01792142 -0.04255328 -0.01331889 -0.01802454 -0.04257909 -0.01335334 -0.01816706 -0.04252858 -0.01335334 -0.01803467 -0.0425425 -0.01337318 -0.01817999 -0.04249268 -0.01337318 -0.0180494 -0.04026936 -0.01347 -0.01639913 -0.04242328 -0.01347 -0.01807785 -0.04248074 -0.01342746 -0.01820182 -0.04247178 -0.01347 -0.01820498 -0.0425059 -0.01339301 -0.01819293 -0.0402707 -0.01342746 -0.01638973 -0.04027449 -0.01339301 -0.01636331 -0.04040533 -0.01342746 -0.01641245 -0.04040352 -0.01347 -0.01642178 -0.04041043 -0.01339301 -0.01638625 -0.04053868 -0.01342746 -0.01644181 -0.04053641 -0.01347 -0.01645103 -0.04054506 -0.01339301 -0.01641589 -0.04067041 -0.01342746 -0.01647772 -0.04066769 -0.01347 -0.01648682 -0.04067807 -0.01339301 -0.01645215 -0.0408002 -0.01342746 -0.01652011 -0.04079703 -0.01347 -0.01652906 -0.04080911 -0.01339301 -0.01649495 -0.04092774 -0.01342746 -0.01656886 -0.04092413 -0.01347 -0.01657765 -0.04093788 -0.01339301 -0.01654417 -0.0410527 -0.01342746 -0.01662386 -0.04104866 -0.01347 -0.01663246 -0.04106406 -0.01339301 -0.01659971 -0.0411748 -0.01342746 -0.01668498 -0.04117034 -0.01347 -0.01669337 -0.04118733 -0.01339301 -0.01666142 -0.04129372 -0.01342746 -0.01675206 -0.04128885 -0.01347 -0.01676022 -0.04130741 -0.01339301 -0.01672915 -0.04140918 -0.01342746 -0.01682494 -0.04140391 -0.01347 -0.01683285 -0.04151524 -0.01347 -0.01691108 -0.04142398 -0.01339301 -0.01680273 -0.04152089 -0.01342746 -0.01690345 -0.04162256 -0.01347 -0.01699472 -0.04153677 -0.01339301 -0.016882 -0.04162859 -0.01342746 -0.01698738 -0.04172562 -0.01347 -0.01708357 -0.04164551 -0.01339301 -0.01696674 -0.04173199 -0.01342746 -0.01707654 -0.04182415 -0.01347 -0.01717741 -0.04174992 -0.01339301 -0.01705676 -0.04183086 -0.01342746 -0.0171707 -0.04191792 -0.01347 -0.01727601 -0.04184975 -0.01339301 -0.01715183 -0.04192496 -0.01342746 -0.01726964 -0.04194475 -0.01339301 -0.01725173 -0.04201404 -0.01342746 -0.01737311 -0.04200669 -0.01347 -0.01737913 -0.04203469 -0.01339301 -0.0173562 -0.0420979 -0.01342746 -0.01748086 -0.04209026 -0.01347 -0.01748651 -0.04211936 -0.01339301 -0.01746499 -0.04217633 -0.01342746 -0.01759263 -0.04216842 -0.01347 -0.01759789 -0.04219855 -0.01339301 -0.01757784 -0.04224913 -0.01342746 -0.01770814 -0.04224097 -0.01347 -0.017713 -0.04227205 -0.01339301 -0.01769447 -0.04231612 -0.01342746 -0.0178271 -0.04230774 -0.01347 -0.01783156 -0.0423397 -0.01339301 -0.01781459 -0.04237716 -0.01342746 -0.01794924 -0.04236856 -0.01347 -0.01795328 -0.04240132 -0.01339301 -0.01793791 -0.04243207 -0.01342746 -0.01807425 -0.04245676 -0.01339301 -0.01806412 -0.04249664 -0.01347 -0.01828616 -0.04251453 -0.01347 -0.01836915 -0.04252532 -0.01347 -0.01845336 -0.04252892 -0.01347 -0.01853818 -0.04249247 -0.01342746 -0.01823708 -0.04255521 -0.01337312 -0.01821748 -0.04251795 -0.01339301 -0.01822912 -0.04250584 -0.01342746 -0.01828377 -0.04259063 -0.01337291 -0.0183631 -0.04253167 -0.01339301 -0.01827704 -0.0425239 -0.01342746 -0.01836754 -0.0425502 -0.01339301 -0.01836303 -0.04253478 -0.01342746 -0.01845255 -0.04260376 -0.01337314 -0.0185124 -0.04256138 -0.01339301 -0.01845029 -0.04253813 -0.01342746 -0.01851398 -0.04253842 -0.01342746 -0.01853818 -0.04256481 -0.01339301 -0.01851334 -0.04256511 -0.01339301 -0.01853818 -0.04260392 -0.01337318 -0.01853818 -0.04262629 -0.01327624 -0.01819285 -0.04264265 -0.01335333 -0.01851253 -0.04267892 -0.01327627 -0.018513 -0.0426694 -0.01331886 -0.01851274 -0.04266568 -0.01327582 -0.01835078 -0.04262712 -0.01335375 -0.01834668 -0.04265469 -0.013318 -0.01834183 -0.04267892 -0.01327634 -0.01852979 -0.04267892 -0.01327635 -0.01853818 -0.04266943 -0.01331889 -0.01853818 -0.04267892 -0.01327632 -0.01852139 -0.04264265 -0.0133534 -0.01852963 -0.04264273 -0.01335334 -0.01853818 -0.04264265 -0.01335338 -0.01852108 -0.0426694 -0.01331893 -0.0185297 -0.0426694 -0.0133189 -0.01852122 -0.04264273 -0.01335334 -0.01970437 -0.04260392 -0.01337318 -0.01970437 -0.04266943 -0.01331889 -0.01970437 -0.04267892 -0.01327635 -0.01970437 -0.04252892 -0.01347 -0.01970437 -0.04253842 -0.01342746 -0.01970437 -0.04256511 -0.01339301 -0.01970437 -0.04247178 -0.01347 -0.02003757 -0.04249664 -0.01347 -0.01995639 -0.04251453 -0.01347 -0.0198734 -0.04252532 -0.01347 -0.01978919 -0.04248074 -0.01342746 -0.02004073 -0.04251794 -0.01339301 -0.02001344 -0.0425059 -0.01339301 -0.02004963 -0.0425425 -0.01337318 -0.02006256 -0.0425552 -0.01337312 -0.02002508 -0.04249247 -0.01342746 -0.02000548 -0.04253167 -0.01339301 -0.01996551 -0.04259063 -0.01337291 -0.01987945 -0.04250584 -0.01342746 -0.01995879 -0.0425502 -0.01339301 -0.01987952 -0.0425239 -0.01342746 -0.01987501 -0.04256138 -0.01339301 -0.01979226 -0.04260376 -0.01337314 -0.01973015 -0.04253478 -0.01342746 -0.01979 -0.04256481 -0.01339301 -0.01972922 -0.04253813 -0.01342746 -0.01972858 -0.04267892 -0.01327634 -0.01971276 -0.04264265 -0.01335338 -0.01972148 -0.04264265 -0.01335333 -0.01973003 -0.04264265 -0.0133534 -0.01971292 -0.0426694 -0.0133189 -0.01972133 -0.04267892 -0.01327632 -0.01972116 -0.04267892 -0.01327627 -0.01972955 -0.0426694 -0.01331886 -0.01972981 -0.0426694 -0.01331893 -0.01971285 -0.04263046 -0.01335375 -0.01987556 -0.04262629 -0.01327624 -0.0200497 -0.04265813 -0.013318 -0.01987979 -0.04266568 -0.01327582 -0.01989177 -0.04261321 -0.01327635 -0.02008755 -0.04260425 -0.01331889 -0.02008438 -0.0425873 -0.01335378 -0.02005012 -0.04257909 -0.01335334 -0.02007549 -0.04256207 -0.01327635 -0.02022161 -0.04014727 -0.01331889 -0.02199929 -0.04029065 -0.01327635 -0.0219919 -0.04014816 -0.01327635 -0.02200875 -0.04255328 -0.01331889 -0.02021801 -0.04252858 -0.01335334 -0.02020788 -0.04249268 -0.01337318 -0.02019316 -0.04249576 -0.01331889 -0.02034895 -0.04250436 -0.01327635 -0.02035299 -0.04247159 -0.01335334 -0.02033761 -0.04243645 -0.01337318 -0.02032113 -0.04243183 -0.01331889 -0.02047689 -0.04244022 -0.01327635 -0.02048134 -0.04240826 -0.01335334 -0.02046437 -0.04237398 -0.01337318 -0.02044617 -0.04236165 -0.01331889 -0.0206015 -0.04236981 -0.01327635 -0.02060637 -0.04233873 -0.01335334 -0.02058784 -0.04230539 -0.01337318 -0.02056796 -0.04228539 -0.01331889 -0.0207225 -0.0422933 -0.01327635 -0.02072776 -0.04226317 -0.01335334 -0.02070771 -0.04223086 -0.01337318 -0.02068621 -0.04220324 -0.01331889 -0.02083957 -0.04221088 -0.01327635 -0.02084521 -0.04218178 -0.01335334 -0.0208237 -0.04215057 -0.01337318 -0.02080063 -0.04211541 -0.01331889 -0.02095244 -0.04212275 -0.01327635 -0.02095845 -0.04209475 -0.01335334 -0.02093553 -0.04206472 -0.01337318 -0.02091094 -0.04202209 -0.01331889 -0.02106082 -0.04202913 -0.01327635 -0.02106719 -0.0420023 -0.01335334 -0.02104291 -0.04197353 -0.01337318 -0.02101687 -0.04192353 -0.01331889 -0.02116445 -0.04193025 -0.01327635 -0.02117117 -0.04190465 -0.01335334 -0.02114559 -0.0418772 -0.01337318 -0.02111815 -0.04181997 -0.01331889 -0.02126309 -0.04182634 -0.01327635 -0.02127012 -0.04180204 -0.01335334 -0.02124331 -0.04177598 -0.01337318 -0.02121455 -0.04171165 -0.01331889 -0.02135648 -0.04171767 -0.01327635 -0.02136382 -0.04169473 -0.01335334 -0.02133584 -0.04167012 -0.01337318 -0.02130582 -0.04159884 -0.01331889 -0.0214444 -0.0416045 -0.01327635 -0.02145203 -0.04158296 -0.01335334 -0.02142294 -0.04155987 -0.01337318 -0.02139175 -0.04148183 -0.01331889 -0.02152662 -0.04148709 -0.01327635 -0.02153453 -0.04146703 -0.01335334 -0.02150441 -0.0414455 -0.01337318 -0.02147212 -0.04136089 -0.01331889 -0.02160297 -0.04136576 -0.01327635 -0.02161112 -0.0413472 -0.01335334 -0.02158005 -0.0413273 -0.01337318 -0.02154673 -0.04123632 -0.01331889 -0.02167323 -0.04124078 -0.01327635 -0.02168162 -0.04122379 -0.01335334 -0.02164967 -0.04120556 -0.01337318 -0.0216154 -0.04110843 -0.01331889 -0.02173725 -0.04111247 -0.01327635 -0.02174585 -0.04109708 -0.01335334 -0.02171309 -0.04108057 -0.01337318 -0.02167797 -0.04097753 -0.01331889 -0.02179486 -0.04098114 -0.01327635 -0.02180365 -0.04096738 -0.01335334 -0.02177018 -0.04095263 -0.01337318 -0.02173428 -0.04084394 -0.01331889 -0.02184593 -0.04084711 -0.01327635 -0.02185489 -0.04083503 -0.01335334 -0.02182077 -0.04082207 -0.01337318 -0.02178419 -0.04070798 -0.01331889 -0.02189033 -0.04071071 -0.01327635 -0.02189943 -0.04070033 -0.01335334 -0.02186476 -0.0406892 -0.01337318 -0.02182758 -0.04057 -0.01331889 -0.02192795 -0.04057227 -0.01327635 -0.02193717 -0.04056362 -0.01335334 -0.02190203 -0.04055434 -0.01337318 -0.02186435 -0.04041783 -0.01337318 -0.0218944 -0.04043033 -0.01331889 -0.0219587 -0.04043214 -0.01327635 -0.02196802 -0.04042524 -0.01335334 -0.0219325 -0.0402893 -0.01331889 -0.0219825 -0.04028551 -0.01335334 -0.02195608 -0.04014479 -0.01335334 -0.02197272 -0.04014119 -0.01337318 -0.02193408 -0.04028 -0.01337318 -0.02191766 -0.04026936 -0.01347 -0.02184342 -0.04013511 -0.01342746 -0.02186886 -0.04013423 -0.01347 -0.0218594 -0.04243207 -0.01342746 -0.0201683 -0.04242328 -0.01347 -0.0201647 -0.04245676 -0.01339301 -0.02017843 -0.04237716 -0.01342746 -0.02029331 -0.04236856 -0.01347 -0.02028928 -0.04240132 -0.01339301 -0.02030465 -0.04231612 -0.01342746 -0.02041545 -0.04230774 -0.01347 -0.02041099 -0.0423397 -0.01339301 -0.02042797 -0.04224913 -0.01342746 -0.02053442 -0.04224097 -0.01347 -0.02052955 -0.04227205 -0.01339301 -0.02054808 -0.04217633 -0.01342746 -0.02064993 -0.04216842 -0.01347 -0.02064466 -0.04219855 -0.01339301 -0.02066471 -0.0420979 -0.01342746 -0.02076169 -0.04209026 -0.01347 -0.02075605 -0.04211936 -0.01339301 -0.02077756 -0.04201404 -0.01342746 -0.02086944 -0.04200669 -0.01347 -0.02086343 -0.04203469 -0.01339301 -0.02088635 -0.04192496 -0.01342746 -0.02097292 -0.04191792 -0.01347 -0.02096654 -0.04194475 -0.01339301 -0.02099082 -0.04183086 -0.01342746 -0.02107185 -0.04182415 -0.01347 -0.02106514 -0.04184975 -0.01339301 -0.02109072 -0.04173199 -0.01342746 -0.02116602 -0.04172562 -0.01347 -0.02115898 -0.04174992 -0.01339301 -0.02118579 -0.04162859 -0.01342746 -0.02125517 -0.04162256 -0.01347 -0.02124783 -0.04164551 -0.01339301 -0.02127581 -0.04152089 -0.01342746 -0.02133911 -0.04151524 -0.01347 -0.02133147 -0.04153677 -0.01339301 -0.02136056 -0.04140918 -0.01342746 -0.02141761 -0.04140391 -0.01347 -0.0214097 -0.04142398 -0.01339301 -0.02143982 -0.04129372 -0.01342746 -0.02149049 -0.04128885 -0.01347 -0.02148234 -0.04130741 -0.01339301 -0.0215134 -0.0411748 -0.01342746 -0.02155757 -0.04117034 -0.01347 -0.02154918 -0.04118733 -0.01339301 -0.02158113 -0.0410527 -0.01342746 -0.02161869 -0.04104866 -0.01347 -0.02161009 -0.04106406 -0.01339301 -0.02164284 -0.04092774 -0.01342746 -0.02167369 -0.04092413 -0.01347 -0.02166491 -0.04093788 -0.01339301 -0.02169838 -0.0408002 -0.01342746 -0.02172244 -0.04079703 -0.01347 -0.02171349 -0.04080911 -0.01339301 -0.0217476 -0.04067041 -0.01342746 -0.02176483 -0.04066769 -0.01347 -0.02175573 -0.04067807 -0.01339301 -0.0217904 -0.04053868 -0.01342746 -0.02180075 -0.04053641 -0.01347 -0.02179152 -0.04054506 -0.01339301 -0.02182666 -0.04040533 -0.01342746 -0.0218301 -0.04040352 -0.01347 -0.02182077 -0.04041043 -0.01339301 -0.0218563 -0.0402707 -0.01342746 -0.02185282 -0.04027449 -0.01339301 -0.02187924 -0.04013759 -0.01339301 -0.02189543 -0.04007238 -0.01347 -0.02186324 -0.04004139 -0.01347 -0.02186372 -0.04010333 -0.01347 -0.0218618 -0.04004139 -0.01337318 -0.02193872 -0.04004139 -0.01339301 -0.02189991 -0.04004839 -0.01337317 -0.02193871 -0.04004139 -0.01342746 -0.02187322 -0.0400735 -0.01339301 -0.02189941 -0.04013049 -0.01337317 -0.02193504 -0.04010558 -0.01339301 -0.02189792 -0.04007267 -0.01342746 -0.02187273 -0.04012727 -0.01339301 -0.02189634 -0.04010392 -0.01342746 -0.02187128 -0.04012506 -0.01342746 -0.02186974 -0.04013733 -0.01327635 -0.02200974 -0.04014114 -0.01335381 -0.02197249 -0.04004823 -0.01327635 -0.02201372 -0.0400483 -0.01331889 -0.02200422 -0.04007692 -0.01335381 -0.0219765 -0.04004836 -0.01335334 -0.02197752 -0.04004367 -0.01327635 -0.02201372 -0.04004139 -0.01327635 -0.02201372 -0.04004139 -0.01331889 -0.02200422 -0.04004595 -0.01327635 -0.02201372 -0.04004371 -0.01335335 -0.02197752 -0.04004139 -0.01335334 -0.02197753 -0.04004603 -0.01335335 -0.02197752 -0.04004369 -0.01331889 -0.02200422 -0.04004599 -0.01331889 -0.02200422 -0.03411646 -0.01337318 -0.02193872 -0.03411646 -0.01335334 -0.02197753 -0.03411646 -0.01331889 -0.02200422 -0.03411646 -0.01327635 -0.02201372 -0.03411646 -0.01347 -0.02186372 -0.03411646 -0.01342746 -0.02187322 -0.03411646 -0.01339301 -0.02189991 -0.03405451 -0.01347 -0.0218618 -0.03402362 -0.01347 -0.0218594 -0.03408547 -0.01347 -0.02186324 -0.03402274 -0.01342746 -0.02186886 -0.03403057 -0.01339301 -0.02189634 -0.03402026 -0.01339301 -0.02189543 -0.03401665 -0.01337318 -0.02193408 -0.03402736 -0.01337317 -0.02193504 -0.03405227 -0.01339301 -0.02189792 -0.03403279 -0.01342746 -0.02186974 -0.03408435 -0.01339301 -0.02189941 -0.03410946 -0.01337317 -0.02193871 -0.03405392 -0.01342746 -0.02187128 -0.03410971 -0.01339301 -0.02189989 -0.03408517 -0.01342746 -0.02187273 -0.03410989 -0.01342746 -0.0218732 -0.03410949 -0.01335334 -0.02197752 -0.03410955 -0.01331888 -0.02200422 -0.03410962 -0.01327634 -0.02201372 -0.03402052 -0.01327635 -0.02200974 -0.0340524 -0.01335382 -0.02197521 -0.03400969 -0.01327635 -0.02200875 -0.03401057 -0.01331889 -0.02199929 -0.03402031 -0.01335381 -0.02197282 -0.03401305 -0.01335334 -0.02197272 -0.03387784 -0.01337318 -0.02191766 -0.03155359 -0.01331889 -0.02008438 -0.03159578 -0.01327635 -0.02022161 -0.03154464 -0.01327635 -0.02008755 -0.03161535 -0.01337318 -0.02006256 -0.03166517 -0.01337318 -0.02019316 -0.03157876 -0.01335334 -0.02007549 -0.03386855 -0.01331889 -0.0219825 -0.0338672 -0.01327635 -0.0219919 -0.03387233 -0.01335334 -0.02195608 -0.03372752 -0.01331889 -0.0219587 -0.03372571 -0.01327635 -0.02196802 -0.03373261 -0.01335334 -0.0219325 -0.03374001 -0.01337318 -0.0218944 -0.03358784 -0.01331889 -0.02192795 -0.03358558 -0.01327635 -0.02193717 -0.03359423 -0.01335334 -0.02190203 -0.0336035 -0.01337318 -0.02186435 -0.03344986 -0.01331889 -0.02189033 -0.03344714 -0.01327635 -0.02189943 -0.03345752 -0.01335334 -0.02186476 -0.03346865 -0.01337318 -0.02182758 -0.03331391 -0.01331889 -0.02184593 -0.03331074 -0.01327635 -0.02185489 -0.03332282 -0.01335334 -0.02182077 -0.03333578 -0.01337318 -0.02178419 -0.03318032 -0.01331889 -0.02179486 -0.03317671 -0.01327635 -0.02180365 -0.03319046 -0.01335334 -0.02177018 -0.03320522 -0.01337318 -0.02173428 -0.03304942 -0.01331889 -0.02173725 -0.03304538 -0.01327635 -0.02174585 -0.03306077 -0.01335334 -0.02171309 -0.03307728 -0.01337318 -0.02167797 -0.03292153 -0.01331889 -0.02167323 -0.03291706 -0.01327635 -0.02168162 -0.03293406 -0.01335334 -0.02164967 -0.03295229 -0.01337318 -0.0216154 -0.03279696 -0.01331889 -0.02160297 -0.03279209 -0.01327635 -0.02161112 -0.03281064 -0.01335334 -0.02158005 -0.03283054 -0.01337318 -0.02154673 -0.03267602 -0.01331889 -0.02152662 -0.03267075 -0.01327635 -0.02153453 -0.03269082 -0.01335334 -0.02150441 -0.03271234 -0.01337318 -0.02147212 -0.03255901 -0.01331889 -0.0214444 -0.03255335 -0.01327635 -0.02145203 -0.03257489 -0.01335334 -0.02142294 -0.03259798 -0.01337318 -0.02139175 -0.0324462 -0.01331889 -0.02135648 -0.03244018 -0.01327635 -0.02136382 -0.03246312 -0.01335334 -0.02133584 -0.03248773 -0.01337318 -0.02130582 -0.03233788 -0.01331889 -0.02126309 -0.0323315 -0.01327635 -0.02127012 -0.0323558 -0.01335334 -0.02124331 -0.03238187 -0.01337318 -0.02121455 -0.03223431 -0.01331889 -0.02116445 -0.0322276 -0.01327635 -0.02117117 -0.03225319 -0.01335334 -0.02114559 -0.03228065 -0.01337318 -0.02111815 -0.03213575 -0.01331889 -0.02106082 -0.03212871 -0.01327635 -0.02106719 -0.03215554 -0.01335334 -0.02104291 -0.03218432 -0.01337318 -0.02101687 -0.03204244 -0.01331889 -0.02095244 -0.03203509 -0.01327635 -0.02095845 -0.03206309 -0.01335334 -0.02093553 -0.03209312 -0.01337318 -0.02091094 -0.0319546 -0.01331889 -0.02083957 -0.03194696 -0.01327635 -0.02084521 -0.03197606 -0.01335334 -0.0208237 -0.03200727 -0.01337318 -0.02080063 -0.03187245 -0.01331889 -0.0207225 -0.03186455 -0.01327635 -0.02072776 -0.03189467 -0.01335334 -0.02070771 -0.03192699 -0.01337318 -0.02068621 -0.0317962 -0.01331889 -0.0206015 -0.03178804 -0.01327635 -0.02060637 -0.03181912 -0.01335334 -0.02058784 -0.03185246 -0.01337318 -0.02056796 -0.03172602 -0.01331889 -0.02047689 -0.03171763 -0.01327635 -0.02048134 -0.03174959 -0.01335334 -0.02046437 -0.03178387 -0.01337318 -0.02044617 -0.03166209 -0.01331889 -0.02034895 -0.03165349 -0.01327635 -0.02035299 -0.03168625 -0.01335334 -0.02033761 -0.03172139 -0.01337318 -0.02032113 -0.03160457 -0.01331889 -0.02021801 -0.03162926 -0.01335334 -0.02020788 -0.03165195 -0.01339301 -0.02004963 -0.03388714 -0.01342746 -0.02185282 -0.03388849 -0.01347 -0.02184342 -0.03388335 -0.01339301 -0.02187924 -0.03375251 -0.01342746 -0.0218301 -0.03375432 -0.01347 -0.02182077 -0.03374742 -0.01339301 -0.0218563 -0.03361917 -0.01342746 -0.02180075 -0.03362144 -0.01347 -0.02179152 -0.03361279 -0.01339301 -0.02182666 -0.03348744 -0.01342746 -0.02176483 -0.03349016 -0.01347 -0.02175573 -0.03347978 -0.01339301 -0.0217904 -0.03335765 -0.01342746 -0.02172244 -0.03336082 -0.01347 -0.02171349 -0.03334874 -0.01339301 -0.0217476 -0.03323011 -0.01342746 -0.02167369 -0.03323372 -0.01347 -0.02166491 -0.03321997 -0.01339301 -0.02169838 -0.03310514 -0.01342746 -0.02161869 -0.03310918 -0.01347 -0.02161009 -0.03309379 -0.01339301 -0.02164284 -0.03298305 -0.01342746 -0.02155757 -0.03298751 -0.01347 -0.02154918 -0.03297051 -0.01339301 -0.02158113 -0.03286412 -0.01342746 -0.02149049 -0.032869 -0.01347 -0.02148234 -0.03285044 -0.01339301 -0.0215134 -0.03274866 -0.01342746 -0.02141761 -0.03275393 -0.01347 -0.0214097 -0.03273386 -0.01339301 -0.02143982 -0.03263696 -0.01342746 -0.02133911 -0.0326426 -0.01347 -0.02133147 -0.03262107 -0.01339301 -0.02136056 -0.03252926 -0.01342746 -0.02125517 -0.03253529 -0.01347 -0.02124783 -0.03251234 -0.01339301 -0.02127581 -0.03242585 -0.01342746 -0.02116602 -0.03243223 -0.01347 -0.02115898 -0.03240793 -0.01339301 -0.02118579 -0.03232698 -0.01342746 -0.02107185 -0.0323337 -0.01347 -0.02106514 -0.0323081 -0.01339301 -0.02109072 -0.03223289 -0.01342746 -0.02097292 -0.03223993 -0.01347 -0.02096654 -0.03215115 -0.01347 -0.02086343 -0.0322131 -0.01339301 -0.02099082 -0.0321438 -0.01342746 -0.02086944 -0.03212315 -0.01339301 -0.02088635 -0.03205994 -0.01342746 -0.02076169 -0.03206758 -0.01347 -0.02075605 -0.03198943 -0.01347 -0.02064466 -0.03203848 -0.01339301 -0.02077756 -0.03198152 -0.01342746 -0.02064993 -0.0319593 -0.01339301 -0.02066471 -0.03190872 -0.01342746 -0.02053442 -0.03191688 -0.01347 -0.02052955 -0.0318858 -0.01339301 -0.02054808 -0.03184172 -0.01342746 -0.02041545 -0.03185011 -0.01347 -0.02041099 -0.03181815 -0.01339301 -0.02042797 -0.03178069 -0.01342746 -0.02029331 -0.03178929 -0.01347 -0.02028928 -0.03175653 -0.01339301 -0.02030465 -0.03172577 -0.01342746 -0.0201683 -0.03173456 -0.01347 -0.0201647 -0.03168607 -0.01347 -0.02003757 -0.03167711 -0.01342746 -0.02004073 -0.03170108 -0.01339301 -0.02017843 -0.0316612 -0.01347 -0.01995639 -0.03164331 -0.01347 -0.0198734 -0.03163253 -0.01347 -0.01978919 -0.03162892 -0.01347 -0.01970437 -0.03166537 -0.01342746 -0.02000547 -0.03160264 -0.01337312 -0.02002507 -0.0316399 -0.01339301 -0.02001343 -0.03165201 -0.01342746 -0.01995879 -0.03156721 -0.01337291 -0.01987945 -0.03162618 -0.01339301 -0.01996551 -0.03163395 -0.01342746 -0.01987501 -0.03160765 -0.01339301 -0.01987952 -0.03162306 -0.01342746 -0.01979 -0.03155408 -0.01337314 -0.01973015 -0.03159647 -0.01339301 -0.01979226 -0.03161971 -0.01342746 -0.01972857 -0.03161942 -0.01342746 -0.01970437 -0.03159303 -0.01339301 -0.01972921 -0.03159274 -0.01339301 -0.01970437 -0.03155392 -0.01337318 -0.01970437 -0.03153156 -0.01327624 -0.0200497 -0.03157484 -0.01335377 -0.02006274 -0.0315152 -0.01335333 -0.01973003 -0.03147892 -0.01327627 -0.01972955 -0.03148845 -0.01331886 -0.01972981 -0.03149217 -0.01327582 -0.01989177 -0.03153073 -0.01335375 -0.01989587 -0.03150315 -0.013318 -0.01990072 -0.03147892 -0.01327634 -0.01971276 -0.03147892 -0.01327635 -0.01970437 -0.03148842 -0.01331889 -0.01970437 -0.03147892 -0.01327632 -0.01972116 -0.0315152 -0.0133534 -0.01971292 -0.03151511 -0.01335334 -0.01970437 -0.0315152 -0.01335338 -0.01972148 -0.03148845 -0.01331893 -0.01971285 -0.03148845 -0.0133189 -0.01972133 -0.03151511 -0.01335334 -0.01853818 -0.03155392 -0.01337318 -0.01853818 -0.03148842 -0.01331889 -0.01853818 -0.03147892 -0.01327635 -0.01853818 -0.03162892 -0.01347 -0.01853818 -0.03161942 -0.01342746 -0.01853818 -0.03159274 -0.01339301 -0.01853818 -0.03168607 -0.01347 -0.01820498 -0.0316612 -0.01347 -0.01828616 -0.03164331 -0.01347 -0.01836915 -0.03163253 -0.01347 -0.01845336 -0.03167711 -0.01342746 -0.01820182 -0.0316399 -0.01339301 -0.01822912 -0.03165195 -0.01339301 -0.01819293 -0.03161535 -0.01337318 -0.01817999 -0.03160264 -0.01337312 -0.01821747 -0.03166538 -0.01342746 -0.01823708 -0.03162618 -0.01339301 -0.01827704 -0.03156721 -0.01337291 -0.01836311 -0.03165201 -0.01342746 -0.01828377 -0.03160765 -0.01339301 -0.01836303 -0.03163395 -0.01342746 -0.01836754 -0.03159647 -0.01339301 -0.01845029 -0.03155408 -0.01337314 -0.0185124 -0.03162306 -0.01342746 -0.01845255 -0.03159303 -0.01339301 -0.01851333 -0.03161971 -0.01342746 -0.01851398 -0.03147892 -0.01327634 -0.01852979 -0.0315152 -0.01335338 -0.01852108 -0.0315152 -0.01335333 -0.01851253 -0.0315152 -0.0133534 -0.01852963 -0.03148845 -0.0133189 -0.01852122 -0.03147892 -0.01327632 -0.01852139 -0.03147892 -0.01327627 -0.018513 -0.03148845 -0.01331886 -0.01851274 -0.03148845 -0.01331893 -0.0185297 -0.03152739 -0.01335375 -0.01836699 -0.03153156 -0.01327624 -0.01819285 -0.03149971 -0.013318 -0.01836276 -0.03149217 -0.01327582 -0.01835078 -0.03154464 -0.01327635 -0.018155 -0.03155359 -0.01331889 -0.01815817 -0.03157055 -0.01335378 -0.01819243 -0.03157876 -0.01335334 -0.01816706 -0.03166517 -0.01337318 -0.0180494 -0.0338672 -0.01327635 -0.01625065 -0.03160457 -0.01331889 -0.01802454 -0.03159578 -0.01327635 -0.01802094 -0.03162926 -0.01335334 -0.01803467 -0.03166209 -0.01331889 -0.0178936 -0.03165349 -0.01327635 -0.01788957 -0.03168625 -0.01335334 -0.01790494 -0.03172139 -0.01337318 -0.01792142 -0.03172602 -0.01331889 -0.01776567 -0.03171763 -0.01327635 -0.01776121 -0.03174959 -0.01335334 -0.01777818 -0.03178387 -0.01337318 -0.01779638 -0.0317962 -0.01331889 -0.01764105 -0.03178804 -0.01327635 -0.01763618 -0.03181912 -0.01335334 -0.01765472 -0.03185246 -0.01337318 -0.01767459 -0.03187245 -0.01331889 -0.01752006 -0.03186455 -0.01327635 -0.01751479 -0.03189467 -0.01335334 -0.01753484 -0.03192699 -0.01337318 -0.01755634 -0.0319546 -0.01331889 -0.01740298 -0.03194696 -0.01327635 -0.01739734 -0.03197606 -0.01335334 -0.01741885 -0.03200727 -0.01337318 -0.01744192 -0.03204244 -0.01331889 -0.01729012 -0.03203509 -0.01327635 -0.0172841 -0.03206309 -0.01335334 -0.01730702 -0.03209312 -0.01337318 -0.01733161 -0.03213575 -0.01331889 -0.01718173 -0.03212871 -0.01327635 -0.01717536 -0.03215554 -0.01335334 -0.01719964 -0.03218432 -0.01337318 -0.01722569 -0.03223431 -0.01331889 -0.0170781 -0.0322276 -0.01327635 -0.01707138 -0.03225319 -0.01335334 -0.01709696 -0.03228065 -0.01337318 -0.0171244 -0.03233788 -0.01331889 -0.01697947 -0.0323315 -0.01327635 -0.01697243 -0.0323558 -0.01335334 -0.01699924 -0.03238187 -0.01337318 -0.017028 -0.0324462 -0.01331889 -0.01688608 -0.03244018 -0.01327635 -0.01687873 -0.03246312 -0.01335334 -0.01690671 -0.03248773 -0.01337318 -0.01693673 -0.032559 -0.01331889 -0.01679816 -0.03255335 -0.01327635 -0.01679052 -0.03257489 -0.01335334 -0.01681961 -0.03259798 -0.01337318 -0.0168508 -0.03267602 -0.01331889 -0.01671593 -0.03267075 -0.01327635 -0.01670802 -0.03269082 -0.01335334 -0.01673814 -0.03271234 -0.01337318 -0.01677044 -0.03279696 -0.01331889 -0.01663959 -0.03279209 -0.01327635 -0.01663143 -0.03281064 -0.01335334 -0.0166625 -0.03283054 -0.01337318 -0.01669582 -0.03292153 -0.01331889 -0.01656932 -0.03291706 -0.01327635 -0.01656094 -0.03293406 -0.01335334 -0.01659288 -0.03295229 -0.01337318 -0.01662715 -0.03304942 -0.01331889 -0.0165053 -0.03304538 -0.01327635 -0.01649671 -0.03306077 -0.01335334 -0.01652946 -0.03307728 -0.01337318 -0.01656458 -0.03318032 -0.01331889 -0.01644769 -0.03317671 -0.01327635 -0.0164389 -0.03319046 -0.01335334 -0.01647238 -0.03320522 -0.01337318 -0.01650828 -0.03333578 -0.01337318 -0.01645836 -0.03331391 -0.01331889 -0.01639662 -0.03331074 -0.01327635 -0.01638767 -0.03332282 -0.01335334 -0.01642178 -0.03344986 -0.01331889 -0.01635222 -0.03344714 -0.01327635 -0.01634312 -0.03345752 -0.01335334 -0.01637779 -0.03346865 -0.01337318 -0.01641497 -0.03358784 -0.01331889 -0.0163146 -0.03358558 -0.01327635 -0.01630538 -0.03359423 -0.01335334 -0.01634052 -0.0336035 -0.01337318 -0.01637821 -0.03372752 -0.01331889 -0.01628386 -0.03372571 -0.01327635 -0.01627453 -0.03373261 -0.01335334 -0.01631005 -0.03374001 -0.01337318 -0.01634815 -0.03386855 -0.01331889 -0.01626005 -0.03387233 -0.01335334 -0.01628647 -0.03387784 -0.01337318 -0.01632489 -0.03388849 -0.01347 -0.01639913 -0.03172577 -0.01342746 -0.01807425 -0.03173456 -0.01347 -0.01807785 -0.03170108 -0.01339301 -0.01806412 -0.03178069 -0.01342746 -0.01794924 -0.03178929 -0.01347 -0.01795328 -0.03175653 -0.01339301 -0.01793791 -0.03184172 -0.01342746 -0.0178271 -0.03185011 -0.01347 -0.01783156 -0.03181815 -0.01339301 -0.01781459 -0.03190872 -0.01342746 -0.01770814 -0.03191688 -0.01347 -0.017713 -0.0318858 -0.01339301 -0.01769447 -0.03198152 -0.01342746 -0.01759263 -0.03198943 -0.01347 -0.01759789 -0.0319593 -0.01339301 -0.01757784 -0.03205994 -0.01342746 -0.01748086 -0.03206758 -0.01347 -0.01748651 -0.03203848 -0.01339301 -0.01746499 -0.0321438 -0.01342746 -0.01737311 -0.03215115 -0.01347 -0.01737913 -0.03223993 -0.01347 -0.01727601 -0.03212315 -0.01339301 -0.0173562 -0.03223289 -0.01342746 -0.01726964 -0.0322131 -0.01339301 -0.01725173 -0.03232698 -0.01342746 -0.0171707 -0.0323337 -0.01347 -0.01717741 -0.0323081 -0.01339301 -0.01715183 -0.03242585 -0.01342746 -0.01707654 -0.03243223 -0.01347 -0.01708357 -0.03240793 -0.01339301 -0.01705676 -0.03252926 -0.01342746 -0.01698738 -0.03253529 -0.01347 -0.01699472 -0.03251234 -0.01339301 -0.01696674 -0.03263696 -0.01342746 -0.01690345 -0.0326426 -0.01347 -0.01691108 -0.03262107 -0.01339301 -0.016882 -0.03274866 -0.01342746 -0.01682494 -0.03275393 -0.01347 -0.01683285 -0.03273386 -0.01339301 -0.01680273 -0.03286412 -0.01342746 -0.01675206 -0.032869 -0.01347 -0.01676022 -0.03285044 -0.01339301 -0.01672915 -0.03298305 -0.01342746 -0.01668498 -0.03298751 -0.01347 -0.01669337 -0.03297051 -0.01339301 -0.01666142 -0.03310514 -0.01342746 -0.01662386 -0.03310918 -0.01347 -0.01663246 -0.03309379 -0.01339301 -0.01659971 -0.03323011 -0.01342746 -0.01656886 -0.03323372 -0.01347 -0.01657765 -0.03321997 -0.01339301 -0.01654417 -0.03335765 -0.01342746 -0.01652011 -0.03336082 -0.01347 -0.01652906 -0.03334874 -0.01339301 -0.01649495 -0.03348744 -0.01342746 -0.01647772 -0.03349016 -0.01347 -0.01648682 -0.03347978 -0.01339301 -0.01645215 -0.03361917 -0.01342746 -0.01644181 -0.03362144 -0.01347 -0.01645103 -0.03361279 -0.01339301 -0.01641589 -0.03375251 -0.01342746 -0.01641245 -0.03375432 -0.01347 -0.01642178 -0.03374742 -0.01339301 -0.01638625 -0.03388714 -0.01342746 -0.01638973 -0.03388335 -0.01339301 -0.01636331 -0.03153156 -0.01326376 -0.01819285 -0.03154464 -0.01326365 -0.018155 -0.03159578 -0.01326365 -0.01802094 -0.03165349 -0.01326365 -0.01788957 -0.03171763 -0.01326365 -0.01776121 -0.03178804 -0.01326365 -0.01763618 -0.03186455 -0.01326365 -0.0175148 -0.03194696 -0.01326365 -0.01739734 -0.03203509 -0.01326365 -0.0172841 -0.03212871 -0.01326365 -0.01717536 -0.0322276 -0.01326365 -0.01707138 -0.0323315 -0.01326365 -0.01697243 -0.03244018 -0.01326365 -0.01687873 -0.03255335 -0.01326365 -0.01679052 -0.03267075 -0.01326365 -0.01670802 -0.03279209 -0.01326365 -0.01663143 -0.03291706 -0.01326365 -0.01656094 -0.03304538 -0.01326365 -0.01649671 -0.03317671 -0.01326365 -0.0164389 -0.03331074 -0.01326365 -0.01638767 -0.03344714 -0.01326365 -0.01634312 -0.03358558 -0.01326365 -0.01630538 -0.03372571 -0.01326365 -0.01627453 -0.0338672 -0.01326365 -0.01625065 -0.03400969 -0.01326365 -0.0162338 -0.03402052 -0.01326365 -0.01623281 -0.03401305 -0.01318666 -0.01626983 -0.03401665 -0.01316682 -0.01630848 -0.03402736 -0.01316683 -0.01630752 -0.03401057 -0.01322112 -0.01624326 -0.03411646 -0.01297318 -0.01630383 -0.03411646 -0.01299301 -0.01634265 -0.03410946 -0.01297317 -0.01630385 -0.03411646 -0.01316682 -0.01630383 -0.03410946 -0.01316683 -0.01630385 -0.03411646 -0.01314699 -0.01634265 -0.03402736 -0.01297317 -0.01630752 -0.03403057 -0.01299301 -0.01634621 -0.03401665 -0.01297318 -0.01630848 -0.03402026 -0.01299301 -0.01634712 -0.03402274 -0.01302746 -0.0163737 -0.03411646 -0.01302746 -0.01636934 -0.03403357 -0.01307 -0.01638227 -0.03402362 -0.01307 -0.01638315 -0.03402274 -0.01311254 -0.0163737 -0.03411646 -0.01311254 -0.01636934 -0.03411646 -0.01307 -0.01637883 -0.03402026 -0.01314699 -0.01634712 -0.03403057 -0.01314699 -0.01634621 -0.03401305 -0.01295334 -0.01626983 -0.03402052 -0.01287634 -0.01623281 -0.03401057 -0.01291889 -0.01624326 -0.03400969 -0.01287635 -0.0162338 -0.03410962 -0.01287634 -0.01622883 -0.03410955 -0.01291889 -0.01623833 -0.03408093 -0.01295381 -0.01626605 -0.03410949 -0.01295334 -0.01626503 -0.03411646 -0.01295334 -0.01626502 -0.03411646 -0.01291889 -0.01623833 -0.03411646 -0.01287635 -0.01622883 -0.04004139 -0.01297318 -0.01630383 -0.04004139 -0.01295334 -0.01626502 -0.04004139 -0.01291889 -0.01623833 -0.04004139 -0.01287635 -0.01622883 -0.04004139 -0.01316682 -0.01630383 -0.04004139 -0.01314699 -0.01634265 -0.04004139 -0.01311254 -0.01636934 -0.04004139 -0.01307 -0.01637883 -0.04004139 -0.01302746 -0.01636934 -0.04004139 -0.01299301 -0.01634265 -0.03411646 -0.01318666 -0.01626502 -0.04004139 -0.01318666 -0.01626502 -0.03411646 -0.01322111 -0.01623833 -0.04004139 -0.01322111 -0.01623833 -0.03411646 -0.01326365 -0.01622883 -0.04004139 -0.01326365 -0.01622883 -0.0341119 -0.01326365 -0.01622883 -0.03410962 -0.01326365 -0.01622883 -0.03410955 -0.01322111 -0.01623833 -0.03411418 -0.01326365 -0.01622883 -0.03411181 -0.01318665 -0.01626503 -0.03410949 -0.01318666 -0.01626503 -0.03411414 -0.01318665 -0.01626503 -0.03411185 -0.01322111 -0.01623833 -0.03411415 -0.01322111 -0.01623833 -0.0340524 -0.01318618 -0.01626735 -0.04004823 -0.01326366 -0.01622883 -0.04004836 -0.01318666 -0.01626503 -0.04004839 -0.01316683 -0.01630385 -0.0400483 -0.01322111 -0.01623833 -0.04014119 -0.01297318 -0.01630848 -0.04013759 -0.01299301 -0.01634712 -0.04013049 -0.01297317 -0.01630752 -0.04014119 -0.01316682 -0.01630848 -0.04013049 -0.01316683 -0.01630752 -0.04013759 -0.01314699 -0.01634712 -0.04004839 -0.01297317 -0.01630385 -0.04004813 -0.01299301 -0.01634267 -0.04013511 -0.01302746 -0.0163737 -0.0400479 -0.01307 -0.01637885 -0.04013511 -0.01311254 -0.0163737 -0.04013423 -0.01307 -0.01638315 -0.04004813 -0.01314699 -0.01634267 -0.04004595 -0.01287635 -0.01622883 -0.04004823 -0.01287634 -0.01622883 -0.0400483 -0.01291889 -0.01623833 -0.04004367 -0.01287635 -0.01622883 -0.04004603 -0.01295335 -0.01626503 -0.04004836 -0.01295334 -0.01626503 -0.04004371 -0.01295335 -0.01626503 -0.04004599 -0.01291889 -0.01623833 -0.04004369 -0.01291889 -0.01623833 -0.04013733 -0.01287634 -0.01623281 -0.04010544 -0.01295382 -0.01626735 -0.04014816 -0.01287635 -0.0162338 -0.04014727 -0.01291889 -0.01624326 -0.04013754 -0.01295381 -0.01626974 -0.04014479 -0.01295334 -0.01626983 -0.04028 -0.01297318 -0.01632489 -0.04260425 -0.01291889 -0.01815817 -0.04256207 -0.01287635 -0.01802094 -0.04261321 -0.01287635 -0.018155 -0.0402893 -0.01291889 -0.01626005 -0.04029065 -0.01287635 -0.01625065 -0.04028551 -0.01295334 -0.01628647 -0.04043033 -0.01291889 -0.01628386 -0.04043214 -0.01287635 -0.01627453 -0.04042524 -0.01295334 -0.01631005 -0.04041783 -0.01297318 -0.01634815 -0.04057 -0.01291889 -0.0163146 -0.04057227 -0.01287635 -0.01630538 -0.04056362 -0.01295334 -0.01634052 -0.04055434 -0.01297318 -0.01637821 -0.04070798 -0.01291889 -0.01635222 -0.04071071 -0.01287635 -0.01634312 -0.04070033 -0.01295334 -0.01637779 -0.0406892 -0.01297318 -0.01641497 -0.04084394 -0.01291889 -0.01639662 -0.04084711 -0.01287635 -0.01638767 -0.04083503 -0.01295334 -0.01642178 -0.04082207 -0.01297318 -0.01645836 -0.04097753 -0.01291889 -0.01644769 -0.04098114 -0.01287635 -0.0164389 -0.04096738 -0.01295334 -0.01647238 -0.04095263 -0.01297318 -0.01650828 -0.04110843 -0.01291889 -0.0165053 -0.04111247 -0.01287635 -0.01649671 -0.04109708 -0.01295334 -0.01652946 -0.04108057 -0.01297318 -0.01656458 -0.04120556 -0.01297318 -0.01662715 -0.04123632 -0.01291889 -0.01656932 -0.04124078 -0.01287635 -0.01656094 -0.04122379 -0.01295334 -0.01659288 -0.04136089 -0.01291889 -0.01663959 -0.04136576 -0.01287635 -0.01663143 -0.0413472 -0.01295334 -0.0166625 -0.0413273 -0.01297318 -0.01669582 -0.04148183 -0.01291889 -0.01671593 -0.04148709 -0.01287635 -0.01670802 -0.04146703 -0.01295334 -0.01673814 -0.0414455 -0.01297318 -0.01677044 -0.04155987 -0.01297318 -0.0168508 -0.04159884 -0.01291889 -0.01679816 -0.0416045 -0.01287635 -0.01679052 -0.04158296 -0.01295334 -0.01681961 -0.04167012 -0.01297318 -0.01693673 -0.04171165 -0.01291889 -0.01688608 -0.04171767 -0.01287635 -0.01687873 -0.04169473 -0.01295334 -0.01690671 -0.04177598 -0.01297318 -0.017028 -0.04181997 -0.01291889 -0.01697947 -0.04182634 -0.01287635 -0.01697243 -0.04180204 -0.01295334 -0.01699924 -0.04192353 -0.01291889 -0.0170781 -0.04193025 -0.01287635 -0.01707138 -0.04190465 -0.01295334 -0.01709696 -0.0418772 -0.01297318 -0.0171244 -0.04202209 -0.01291889 -0.01718173 -0.04202913 -0.01287635 -0.01717536 -0.0420023 -0.01295334 -0.01719964 -0.04197353 -0.01297318 -0.01722569 -0.04211541 -0.01291889 -0.01729012 -0.04212275 -0.01287635 -0.0172841 -0.04209475 -0.01295334 -0.01730702 -0.04206472 -0.01297318 -0.01733161 -0.04220324 -0.01291889 -0.01740298 -0.04221088 -0.01287635 -0.01739734 -0.04218178 -0.01295334 -0.01741885 -0.04215057 -0.01297318 -0.01744192 -0.04228539 -0.01291889 -0.01752006 -0.0422933 -0.01287635 -0.01751479 -0.04226317 -0.01295334 -0.01753484 -0.04223086 -0.01297318 -0.01755634 -0.04230539 -0.01297318 -0.01767459 -0.04236165 -0.01291889 -0.01764105 -0.04236981 -0.01287635 -0.01763618 -0.04233873 -0.01295334 -0.01765472 -0.04237398 -0.01297318 -0.01779638 -0.04243183 -0.01291889 -0.01776567 -0.04244022 -0.01287635 -0.01776121 -0.04240826 -0.01295334 -0.01777818 -0.04249576 -0.01291889 -0.0178936 -0.04250436 -0.01287635 -0.01788957 -0.04247159 -0.01295334 -0.01790494 -0.04243645 -0.01297318 -0.01792142 -0.04255328 -0.01291889 -0.01802454 -0.04252858 -0.01295334 -0.01803467 -0.04257909 -0.01295334 -0.01816706 -0.0425425 -0.01297318 -0.01817999 -0.04249268 -0.01297318 -0.0180494 -0.04249268 -0.01316682 -0.0180494 -0.0425059 -0.01314699 -0.01819293 -0.0425425 -0.01316682 -0.01817999 -0.04027449 -0.01314699 -0.01636331 -0.04028 -0.01316682 -0.01632489 -0.04026936 -0.01307 -0.01639913 -0.0402707 -0.01302746 -0.01638973 -0.04041043 -0.01314699 -0.01638625 -0.04041783 -0.01316682 -0.01634815 -0.04027449 -0.01299301 -0.01636331 -0.04040352 -0.01307 -0.01642178 -0.04040533 -0.01302746 -0.01641245 -0.04054506 -0.01314699 -0.01641589 -0.04055434 -0.01316682 -0.01637821 -0.04041043 -0.01299301 -0.01638625 -0.04053641 -0.01307 -0.01645103 -0.04053868 -0.01302746 -0.01644181 -0.04067807 -0.01314699 -0.01645215 -0.0406892 -0.01316682 -0.01641497 -0.04054506 -0.01299301 -0.01641589 -0.04066769 -0.01307 -0.01648682 -0.04067041 -0.01302746 -0.01647772 -0.04080911 -0.01314699 -0.01649495 -0.04082207 -0.01316682 -0.01645836 -0.04067807 -0.01299301 -0.01645215 -0.04079703 -0.01307 -0.01652906 -0.0408002 -0.01302746 -0.01652011 -0.04093788 -0.01314699 -0.01654417 -0.04095263 -0.01316682 -0.01650828 -0.04080911 -0.01299301 -0.01649495 -0.04092413 -0.01307 -0.01657765 -0.04092774 -0.01302746 -0.01656886 -0.04106406 -0.01314699 -0.01659971 -0.04108057 -0.01316682 -0.01656458 -0.04093788 -0.01299301 -0.01654417 -0.04104866 -0.01307 -0.01663246 -0.0410527 -0.01302746 -0.01662386 -0.04118733 -0.01314699 -0.01666142 -0.04120556 -0.01316682 -0.01662715 -0.04106406 -0.01299301 -0.01659971 -0.04117034 -0.01307 -0.01669337 -0.0411748 -0.01302746 -0.01668498 -0.04130741 -0.01314699 -0.01672915 -0.0413273 -0.01316682 -0.01669582 -0.04118733 -0.01299301 -0.01666142 -0.04128885 -0.01307 -0.01676022 -0.04129372 -0.01302746 -0.01675206 -0.04142398 -0.01314699 -0.01680273 -0.0414455 -0.01316682 -0.01677044 -0.04130741 -0.01299301 -0.01672915 -0.04140391 -0.01307 -0.01683285 -0.04140918 -0.01302746 -0.01682494 -0.04153677 -0.01314699 -0.016882 -0.04155987 -0.01316682 -0.0168508 -0.04142398 -0.01299301 -0.01680273 -0.04151524 -0.01307 -0.01691108 -0.04152089 -0.01302746 -0.01690345 -0.04164551 -0.01314699 -0.01696674 -0.04167012 -0.01316682 -0.01693673 -0.04153677 -0.01299301 -0.016882 -0.04162256 -0.01307 -0.01699472 -0.04162859 -0.01302746 -0.01698738 -0.04174992 -0.01314699 -0.01705676 -0.04177598 -0.01316682 -0.017028 -0.04164551 -0.01299301 -0.01696674 -0.04172562 -0.01307 -0.01708357 -0.04173199 -0.01302746 -0.01707654 -0.04184975 -0.01314699 -0.01715183 -0.0418772 -0.01316682 -0.0171244 -0.04174992 -0.01299301 -0.01705676 -0.04182415 -0.01307 -0.01717741 -0.04183086 -0.01302746 -0.0171707 -0.04194475 -0.01314699 -0.01725173 -0.04197353 -0.01316682 -0.01722569 -0.04184975 -0.01299301 -0.01715183 -0.04191792 -0.01307 -0.01727601 -0.04192496 -0.01302746 -0.01726964 -0.04203469 -0.01314699 -0.0173562 -0.04206472 -0.01316682 -0.01733161 -0.04194475 -0.01299301 -0.01725173 -0.04200669 -0.01307 -0.01737913 -0.04201404 -0.01302746 -0.01737311 -0.04211936 -0.01314699 -0.01746499 -0.04215057 -0.01316682 -0.01744192 -0.04203469 -0.01299301 -0.0173562 -0.04209026 -0.01307 -0.01748651 -0.0420979 -0.01302746 -0.01748086 -0.04219855 -0.01314699 -0.01757784 -0.04223086 -0.01316682 -0.01755634 -0.04211936 -0.01299301 -0.01746499 -0.04216842 -0.01307 -0.01759789 -0.04217633 -0.01302746 -0.01759263 -0.04227205 -0.01314699 -0.01769447 -0.04230539 -0.01316682 -0.01767459 -0.04219855 -0.01299301 -0.01757784 -0.04224097 -0.01307 -0.017713 -0.04224913 -0.01302746 -0.01770814 -0.0423397 -0.01314699 -0.01781459 -0.04237398 -0.01316682 -0.01779638 -0.04227205 -0.01299301 -0.01769447 -0.04230774 -0.01307 -0.01783156 -0.04231612 -0.01302746 -0.0178271 -0.04240132 -0.01314699 -0.01793791 -0.04243645 -0.01316682 -0.01792142 -0.0423397 -0.01299301 -0.01781459 -0.04236856 -0.01307 -0.01795328 -0.04237716 -0.01302746 -0.01794924 -0.04245676 -0.01314699 -0.01806412 -0.04248074 -0.01311254 -0.01820182 -0.04240132 -0.01299301 -0.01793791 -0.04242328 -0.01307 -0.01807785 -0.04247178 -0.01307 -0.01820498 -0.04243207 -0.01302746 -0.01807425 -0.04248074 -0.01302746 -0.01820182 -0.04245676 -0.01299301 -0.01806412 -0.0425059 -0.01299301 -0.01819293 -0.04261321 -0.01326365 -0.01815501 -0.04256207 -0.01326365 -0.01802094 -0.04260425 -0.01322111 -0.01815817 -0.04028551 -0.01318666 -0.01628647 -0.04014479 -0.01318666 -0.01626983 -0.0402893 -0.01322111 -0.01626005 -0.04029065 -0.01326365 -0.01625065 -0.04014816 -0.01326365 -0.0162338 -0.04014727 -0.01322111 -0.01624326 -0.04042524 -0.01318666 -0.01631005 -0.04043033 -0.01322111 -0.01628386 -0.04043214 -0.01326365 -0.01627453 -0.04056362 -0.01318666 -0.01634052 -0.04057 -0.01322111 -0.0163146 -0.04057227 -0.01326365 -0.01630538 -0.04070033 -0.01318666 -0.01637779 -0.04070798 -0.01322111 -0.01635222 -0.04071071 -0.01326365 -0.01634312 -0.04083503 -0.01318666 -0.01642178 -0.04084394 -0.01322111 -0.01639662 -0.04084711 -0.01326365 -0.01638767 -0.04096738 -0.01318666 -0.01647238 -0.04097753 -0.01322111 -0.01644769 -0.04098114 -0.01326365 -0.0164389 -0.04109708 -0.01318666 -0.01652946 -0.04110843 -0.01322111 -0.0165053 -0.04111247 -0.01326365 -0.01649671 -0.04122379 -0.01318666 -0.01659288 -0.04123632 -0.01322111 -0.01656932 -0.04124078 -0.01326365 -0.01656094 -0.0413472 -0.01318666 -0.0166625 -0.04136089 -0.01322111 -0.01663959 -0.04136576 -0.01326365 -0.01663143 -0.04146703 -0.01318666 -0.01673814 -0.04148183 -0.01322111 -0.01671593 -0.04148709 -0.01326365 -0.01670802 -0.04158296 -0.01318666 -0.01681961 -0.04159884 -0.01322111 -0.01679816 -0.0416045 -0.01326365 -0.01679053 -0.04169473 -0.01318666 -0.01690671 -0.04171165 -0.01322111 -0.01688608 -0.04171767 -0.01326365 -0.01687873 -0.04180204 -0.01318666 -0.01699924 -0.04181997 -0.01322111 -0.01697947 -0.04182635 -0.01326365 -0.01697243 -0.04190465 -0.01318666 -0.01709696 -0.04192353 -0.01322111 -0.0170781 -0.04193025 -0.01326365 -0.01707139 -0.0420023 -0.01318666 -0.01719964 -0.04202209 -0.01322111 -0.01718173 -0.04202914 -0.01326365 -0.01717536 -0.04209475 -0.01318666 -0.01730702 -0.04211541 -0.01322111 -0.01729012 -0.04212276 -0.01326365 -0.0172841 -0.04218178 -0.01318666 -0.01741885 -0.04220324 -0.01322111 -0.01740298 -0.04221088 -0.01326365 -0.01739734 -0.04226317 -0.01318666 -0.01753484 -0.04228539 -0.01322111 -0.01752006 -0.0422933 -0.01326365 -0.0175148 -0.04233873 -0.01318666 -0.01765472 -0.04236165 -0.01322111 -0.01764105 -0.04236981 -0.01326365 -0.01763619 -0.04240826 -0.01318666 -0.01777818 -0.04243183 -0.01322111 -0.01776567 -0.04244022 -0.01326365 -0.01776122 -0.04247159 -0.01318666 -0.01790494 -0.04249576 -0.01322111 -0.0178936 -0.04250436 -0.01326365 -0.01788957 -0.04252858 -0.01318666 -0.01803467 -0.04257909 -0.01318666 -0.01816706 -0.04255328 -0.01322111 -0.01802454 -0.04013733 -0.01326365 -0.01623281 -0.04014114 -0.01318619 -0.01627006 -0.04007692 -0.01318619 -0.01626605 -0.04262629 -0.01326376 -0.01819285 -0.0425873 -0.01318622 -0.01819243 -0.0425552 -0.01316688 -0.01821747 -0.04251794 -0.01314699 -0.01822912 -0.04248341 -0.01307 -0.01823991 -0.0425513 -0.01314699 -0.01836958 -0.04259063 -0.01316709 -0.01836311 -0.04260376 -0.01316686 -0.0185124 -0.04255521 -0.01297312 -0.01821748 -0.04251794 -0.01299301 -0.01822912 -0.0425156 -0.01307 -0.01837547 -0.04256481 -0.01314699 -0.01851334 -0.04260392 -0.01316682 -0.01853818 -0.04256511 -0.01314699 -0.01853818 -0.04253842 -0.01311254 -0.01853818 -0.04260376 -0.01297314 -0.0185124 -0.0425513 -0.01299301 -0.01836958 -0.04259063 -0.01297291 -0.0183631 -0.04252864 -0.01307 -0.01851421 -0.04252892 -0.01307 -0.01853818 -0.04253842 -0.01302746 -0.01853818 -0.04256481 -0.01299301 -0.01851334 -0.04256511 -0.01299301 -0.01853818 -0.04260392 -0.01297318 -0.01853818 -0.04262629 -0.01287624 -0.01819285 -0.04264265 -0.01295333 -0.01851253 -0.04267892 -0.01287627 -0.018513 -0.0426694 -0.01291886 -0.01851274 -0.04266568 -0.01287582 -0.01835078 -0.04262715 -0.01295375 -0.01834684 -0.04265472 -0.012918 -0.018342 -0.04267892 -0.01287634 -0.01852979 -0.04267892 -0.01287635 -0.01853818 -0.04266943 -0.01291889 -0.01853818 -0.04264265 -0.01295341 -0.01852963 -0.04264273 -0.01295334 -0.01853818 -0.04264265 -0.01295338 -0.01852108 -0.0426694 -0.01291893 -0.0185297 -0.04267892 -0.01287632 -0.01852139 -0.0426694 -0.0129189 -0.01852122 -0.04264273 -0.01295334 -0.01970437 -0.04260392 -0.01297318 -0.01970437 -0.04266943 -0.01291889 -0.01970437 -0.04267892 -0.01287635 -0.01970437 -0.04260392 -0.01316682 -0.01970437 -0.04256511 -0.01314699 -0.01970437 -0.04253842 -0.01311254 -0.01970437 -0.04252892 -0.01307 -0.01970437 -0.04253842 -0.01302746 -0.01970437 -0.04256511 -0.01299301 -0.01970437 -0.04264273 -0.01318666 -0.01970437 -0.04264273 -0.01318666 -0.01853818 -0.04266943 -0.01322111 -0.01853818 -0.04266943 -0.01322111 -0.01970437 -0.04267892 -0.01326365 -0.01853818 -0.04267892 -0.01326365 -0.01970436 -0.04267892 -0.01326368 -0.01852139 -0.04267892 -0.01326373 -0.018513 -0.0426694 -0.01322114 -0.01851274 -0.04267892 -0.01326366 -0.01852979 -0.04264265 -0.01318662 -0.01852108 -0.04264265 -0.01318667 -0.01851253 -0.04264265 -0.01318659 -0.01852963 -0.0426694 -0.0132211 -0.01852122 -0.0426694 -0.01322107 -0.0185297 -0.04263044 -0.01318625 -0.01836683 -0.04265811 -0.013222 -0.0183626 -0.04266568 -0.01326418 -0.01835078 -0.04267892 -0.01326366 -0.01971276 -0.04267892 -0.01326368 -0.01972116 -0.04267892 -0.01326373 -0.01972955 -0.0426694 -0.01322114 -0.01972981 -0.04264265 -0.01318659 -0.01971292 -0.04264265 -0.01318662 -0.01972147 -0.04260376 -0.01316686 -0.01973015 -0.04264265 -0.01318667 -0.01973003 -0.0426694 -0.01322107 -0.01971284 -0.0426694 -0.0132211 -0.01972133 -0.04248074 -0.01302746 -0.02004073 -0.04251794 -0.01299301 -0.02001344 -0.0425059 -0.01299301 -0.02004963 -0.0425425 -0.01297318 -0.02006256 -0.0425552 -0.01297312 -0.02002508 -0.04248074 -0.01311254 -0.02004073 -0.04248341 -0.01307 -0.02000264 -0.04247178 -0.01307 -0.02003757 -0.0425513 -0.01299301 -0.01987297 -0.04259063 -0.01297291 -0.01987945 -0.04260376 -0.01297314 -0.01973015 -0.04255521 -0.01316688 -0.02002507 -0.04251794 -0.01314699 -0.02001344 -0.0425425 -0.01316682 -0.02006256 -0.0425059 -0.01314699 -0.02004963 -0.0425156 -0.01307 -0.01986708 -0.04256481 -0.01299301 -0.01972922 -0.0425513 -0.01314699 -0.01987297 -0.04259063 -0.01316709 -0.01987945 -0.04252864 -0.01307 -0.01972835 -0.04256481 -0.01314699 -0.01972922 -0.04267892 -0.01287634 -0.01971276 -0.04264265 -0.01295338 -0.01972148 -0.04264265 -0.01295333 -0.01973003 -0.04264265 -0.01295341 -0.01971292 -0.0426694 -0.0129189 -0.01972133 -0.04267892 -0.01287632 -0.01972116 -0.04267892 -0.01287627 -0.01972955 -0.0426694 -0.01291886 -0.01972981 -0.0426694 -0.01291893 -0.01971285 -0.04263044 -0.01295375 -0.01987572 -0.04262629 -0.01287624 -0.0200497 -0.04265811 -0.012918 -0.01987996 -0.04266568 -0.01287582 -0.01989177 -0.04261321 -0.01287635 -0.02008755 -0.04260425 -0.01291889 -0.02008438 -0.0425873 -0.01295378 -0.02005012 -0.04257909 -0.01295334 -0.02007549 -0.04256207 -0.01287635 -0.02022161 -0.04014727 -0.01291889 -0.02199929 -0.04029065 -0.01287635 -0.0219919 -0.04014816 -0.01287635 -0.02200875 -0.04255328 -0.01291889 -0.02021801 -0.04252858 -0.01295334 -0.02020788 -0.04249268 -0.01297318 -0.02019316 -0.04249576 -0.01291889 -0.02034895 -0.04250436 -0.01287635 -0.02035299 -0.04247159 -0.01295334 -0.02033761 -0.04243645 -0.01297318 -0.02032113 -0.04243183 -0.01291889 -0.02047689 -0.04244022 -0.01287635 -0.02048134 -0.04240826 -0.01295334 -0.02046437 -0.04237398 -0.01297318 -0.02044617 -0.04236165 -0.01291889 -0.0206015 -0.04236981 -0.01287635 -0.02060637 -0.04233873 -0.01295334 -0.02058784 -0.04230539 -0.01297318 -0.02056796 -0.04228539 -0.01291889 -0.0207225 -0.0422933 -0.01287635 -0.02072776 -0.04226317 -0.01295334 -0.02070771 -0.04223086 -0.01297318 -0.02068621 -0.04220324 -0.01291889 -0.02083957 -0.04221088 -0.01287635 -0.02084521 -0.04218178 -0.01295334 -0.0208237 -0.04215057 -0.01297318 -0.02080063 -0.04211541 -0.01291889 -0.02095244 -0.04212275 -0.01287635 -0.02095845 -0.04209475 -0.01295334 -0.02093553 -0.04206472 -0.01297318 -0.02091094 -0.04202209 -0.01291889 -0.02106082 -0.04202913 -0.01287635 -0.02106719 -0.0420023 -0.01295334 -0.02104291 -0.04197353 -0.01297318 -0.02101687 -0.04192353 -0.01291889 -0.02116445 -0.04193025 -0.01287635 -0.02117117 -0.04190465 -0.01295334 -0.02114559 -0.0418772 -0.01297318 -0.02111815 -0.04181997 -0.01291889 -0.02126309 -0.04182634 -0.01287635 -0.02127012 -0.04180204 -0.01295334 -0.02124331 -0.04177598 -0.01297318 -0.02121455 -0.04171165 -0.01291889 -0.02135648 -0.04171767 -0.01287635 -0.02136382 -0.04169473 -0.01295334 -0.02133584 -0.04167012 -0.01297318 -0.02130582 -0.04155987 -0.01297318 -0.02139175 -0.04159884 -0.01291889 -0.0214444 -0.0416045 -0.01287635 -0.02145203 -0.04158296 -0.01295334 -0.02142294 -0.04148183 -0.01291889 -0.02152662 -0.04148709 -0.01287635 -0.02153453 -0.04146703 -0.01295334 -0.02150441 -0.0414455 -0.01297318 -0.02147212 -0.0413273 -0.01297318 -0.02154673 -0.04136089 -0.01291889 -0.02160297 -0.04136576 -0.01287635 -0.02161112 -0.0413472 -0.01295334 -0.02158005 -0.04120556 -0.01297318 -0.0216154 -0.04123632 -0.01291889 -0.02167323 -0.04124078 -0.01287635 -0.02168162 -0.04122379 -0.01295334 -0.02164967 -0.04110843 -0.01291889 -0.02173725 -0.04111247 -0.01287635 -0.02174585 -0.04109708 -0.01295334 -0.02171309 -0.04108057 -0.01297318 -0.02167797 -0.04097753 -0.01291889 -0.02179486 -0.04098114 -0.01287635 -0.02180365 -0.04096738 -0.01295334 -0.02177018 -0.04095263 -0.01297318 -0.02173428 -0.04084394 -0.01291889 -0.02184593 -0.04084711 -0.01287635 -0.02185489 -0.04083503 -0.01295334 -0.02182077 -0.04082207 -0.01297318 -0.02178419 -0.04070798 -0.01291889 -0.02189033 -0.04071071 -0.01287635 -0.02189943 -0.04070033 -0.01295334 -0.02186476 -0.0406892 -0.01297318 -0.02182758 -0.04057 -0.01291889 -0.02192795 -0.04057227 -0.01287635 -0.02193717 -0.04056362 -0.01295334 -0.02190203 -0.04055434 -0.01297318 -0.02186435 -0.04043033 -0.01291889 -0.0219587 -0.04043214 -0.01287635 -0.02196802 -0.04042524 -0.01295334 -0.0219325 -0.04041783 -0.01297318 -0.0218944 -0.0402893 -0.01291889 -0.0219825 -0.04028551 -0.01295334 -0.02195608 -0.04014479 -0.01295334 -0.02197272 -0.04014119 -0.01297318 -0.02193408 -0.04028 -0.01297318 -0.02191766 -0.04028 -0.01316682 -0.02191766 -0.04013759 -0.01314699 -0.02189543 -0.04014119 -0.01316682 -0.02193408 -0.04245676 -0.01314699 -0.02017843 -0.04249268 -0.01316682 -0.02019316 -0.04242328 -0.01307 -0.0201647 -0.04243207 -0.01302746 -0.0201683 -0.04240132 -0.01314699 -0.02030465 -0.04243645 -0.01316682 -0.02032113 -0.04245676 -0.01299301 -0.02017843 -0.04236856 -0.01307 -0.02028928 -0.04237716 -0.01302746 -0.02029331 -0.0423397 -0.01314699 -0.02042797 -0.04237398 -0.01316682 -0.02044617 -0.04240132 -0.01299301 -0.02030465 -0.04230774 -0.01307 -0.02041099 -0.04231612 -0.01302746 -0.02041545 -0.04227205 -0.01314699 -0.02054808 -0.04230539 -0.01316682 -0.02056796 -0.0423397 -0.01299301 -0.02042797 -0.04224097 -0.01307 -0.02052955 -0.04224913 -0.01302746 -0.02053442 -0.04219855 -0.01314699 -0.02066471 -0.04223086 -0.01316682 -0.02068621 -0.04227205 -0.01299301 -0.02054808 -0.04216842 -0.01307 -0.02064466 -0.04217633 -0.01302746 -0.02064993 -0.04211936 -0.01314699 -0.02077756 -0.04215057 -0.01316682 -0.02080063 -0.04219855 -0.01299301 -0.02066471 -0.04209026 -0.01307 -0.02075605 -0.0420979 -0.01302746 -0.02076169 -0.04203469 -0.01314699 -0.02088635 -0.04206472 -0.01316682 -0.02091094 -0.04211936 -0.01299301 -0.02077756 -0.04200669 -0.01307 -0.02086343 -0.04201404 -0.01302746 -0.02086944 -0.04194475 -0.01314699 -0.02099082 -0.04197353 -0.01316682 -0.02101687 -0.04203469 -0.01299301 -0.02088635 -0.04191792 -0.01307 -0.02096654 -0.04192496 -0.01302746 -0.02097292 -0.04184975 -0.01314699 -0.02109072 -0.0418772 -0.01316682 -0.02111815 -0.04194475 -0.01299301 -0.02099082 -0.04182415 -0.01307 -0.02106514 -0.04183086 -0.01302746 -0.02107185 -0.04174992 -0.01314699 -0.02118579 -0.04177598 -0.01316682 -0.02121455 -0.04184975 -0.01299301 -0.02109072 -0.04172562 -0.01307 -0.02115898 -0.04173199 -0.01302746 -0.02116602 -0.04164551 -0.01314699 -0.02127581 -0.04167012 -0.01316682 -0.02130582 -0.04174992 -0.01299301 -0.02118579 -0.04162256 -0.01307 -0.02124783 -0.04162859 -0.01302746 -0.02125517 -0.04153677 -0.01314699 -0.02136056 -0.04155987 -0.01316682 -0.02139175 -0.04164551 -0.01299301 -0.02127581 -0.04151524 -0.01307 -0.02133147 -0.04152089 -0.01302746 -0.02133911 -0.04142398 -0.01314699 -0.02143982 -0.0414455 -0.01316682 -0.02147212 -0.04153677 -0.01299301 -0.02136056 -0.04140391 -0.01307 -0.0214097 -0.04140918 -0.01302746 -0.02141761 -0.04130741 -0.01314699 -0.0215134 -0.0413273 -0.01316682 -0.02154673 -0.04142398 -0.01299301 -0.02143982 -0.04128885 -0.01307 -0.02148234 -0.04129372 -0.01302746 -0.02149049 -0.04118733 -0.01314699 -0.02158113 -0.04120556 -0.01316682 -0.0216154 -0.04130741 -0.01299301 -0.0215134 -0.04117034 -0.01307 -0.02154918 -0.0411748 -0.01302746 -0.02155757 -0.04106406 -0.01314699 -0.02164284 -0.04108057 -0.01316682 -0.02167797 -0.04118733 -0.01299301 -0.02158113 -0.04104866 -0.01307 -0.02161009 -0.0410527 -0.01302746 -0.02161869 -0.04093788 -0.01314699 -0.02169838 -0.04095263 -0.01316682 -0.02173428 -0.04106406 -0.01299301 -0.02164284 -0.04092413 -0.01307 -0.02166491 -0.04092774 -0.01302746 -0.02167369 -0.04080911 -0.01314699 -0.0217476 -0.04082207 -0.01316682 -0.02178419 -0.04093788 -0.01299301 -0.02169838 -0.04079703 -0.01307 -0.02171349 -0.0408002 -0.01302746 -0.02172244 -0.04067807 -0.01314699 -0.0217904 -0.0406892 -0.01316682 -0.02182758 -0.04080911 -0.01299301 -0.0217476 -0.04066769 -0.01307 -0.02175573 -0.04067041 -0.01302746 -0.02176483 -0.04054506 -0.01314699 -0.02182666 -0.04055434 -0.01316682 -0.02186435 -0.04067807 -0.01299301 -0.0217904 -0.04053641 -0.01307 -0.02179152 -0.04053868 -0.01302746 -0.02180075 -0.04041043 -0.01314699 -0.0218563 -0.04041783 -0.01316682 -0.0218944 -0.04054506 -0.01299301 -0.02182666 -0.04040352 -0.01307 -0.02182077 -0.04040533 -0.01302746 -0.0218301 -0.04027449 -0.01314699 -0.02187924 -0.04013511 -0.01311254 -0.02186886 -0.04041043 -0.01299301 -0.0218563 -0.04026936 -0.01307 -0.02184342 -0.04013423 -0.01307 -0.0218594 -0.04013511 -0.01302746 -0.02186886 -0.0402707 -0.01302746 -0.02185282 -0.04013759 -0.01299301 -0.02189543 -0.04027449 -0.01299301 -0.02187924 -0.04257909 -0.01318666 -0.02007549 -0.04256207 -0.01326365 -0.02022161 -0.04261321 -0.01326365 -0.02008755 -0.04260425 -0.01322111 -0.02008438 -0.04014816 -0.01326365 -0.02200875 -0.04029065 -0.01326365 -0.0219919 -0.04014727 -0.01322111 -0.02199929 -0.04252858 -0.01318666 -0.02020788 -0.04255328 -0.01322111 -0.02021801 -0.04247159 -0.01318666 -0.02033761 -0.04249576 -0.01322111 -0.02034895 -0.04250436 -0.01326365 -0.02035299 -0.04240826 -0.01318666 -0.02046437 -0.04243183 -0.01322111 -0.02047689 -0.04244022 -0.01326365 -0.02048134 -0.04233873 -0.01318666 -0.02058784 -0.04236165 -0.01322111 -0.0206015 -0.04236981 -0.01326365 -0.02060637 -0.04226317 -0.01318666 -0.02070771 -0.04228539 -0.01322111 -0.0207225 -0.0422933 -0.01326365 -0.02072776 -0.04218178 -0.01318666 -0.0208237 -0.04220324 -0.01322111 -0.02083957 -0.04221088 -0.01326365 -0.02084521 -0.04209475 -0.01318666 -0.02093553 -0.04211541 -0.01322111 -0.02095244 -0.04212275 -0.01326365 -0.02095845 -0.0420023 -0.01318666 -0.02104291 -0.04202209 -0.01322111 -0.02106082 -0.04202913 -0.01326365 -0.02106719 -0.04190465 -0.01318666 -0.02114559 -0.04192353 -0.01322111 -0.02116445 -0.04193025 -0.01326365 -0.02117117 -0.04180204 -0.01318666 -0.02124331 -0.04181997 -0.01322111 -0.02126309 -0.04182634 -0.01326365 -0.02127012 -0.04169473 -0.01318666 -0.02133584 -0.04171165 -0.01322111 -0.02135648 -0.04171767 -0.01326365 -0.02136382 -0.04158296 -0.01318666 -0.02142294 -0.04159884 -0.01322111 -0.0214444 -0.0416045 -0.01326365 -0.02145203 -0.04146703 -0.01318666 -0.02150441 -0.04148183 -0.01322111 -0.02152662 -0.04148709 -0.01326365 -0.02153453 -0.0413472 -0.01318666 -0.02158005 -0.04136089 -0.01322111 -0.02160297 -0.04136576 -0.01326365 -0.02161112 -0.04122379 -0.01318666 -0.02164967 -0.04123632 -0.01322111 -0.02167323 -0.04124078 -0.01326365 -0.02168162 -0.04111247 -0.01326365 -0.02174585 -0.04109708 -0.01318666 -0.02171309 -0.04110843 -0.01322111 -0.02173725 -0.04096738 -0.01318666 -0.02177018 -0.04097753 -0.01322111 -0.02179486 -0.04098114 -0.01326365 -0.02180365 -0.04083503 -0.01318666 -0.02182077 -0.04084394 -0.01322111 -0.02184593 -0.04084711 -0.01326365 -0.02185489 -0.04070033 -0.01318666 -0.02186476 -0.04070798 -0.01322111 -0.02189033 -0.04071071 -0.01326365 -0.02189943 -0.04057227 -0.01326365 -0.02193717 -0.04056362 -0.01318666 -0.02190203 -0.04057 -0.01322111 -0.02192795 -0.04042524 -0.01318666 -0.0219325 -0.04043033 -0.01322111 -0.0219587 -0.04043214 -0.01326365 -0.02196802 -0.04028551 -0.01318666 -0.02195608 -0.04014479 -0.01318666 -0.02197272 -0.0402893 -0.01322111 -0.0219825 -0.04262629 -0.01326376 -0.0200497 -0.04266568 -0.01326418 -0.01989177 -0.04262715 -0.01318625 -0.01989571 -0.04265472 -0.013222 -0.01990055 -0.04013733 -0.01326365 -0.02200974 -0.04004823 -0.01326365 -0.02201372 -0.0400483 -0.01322111 -0.02200422 -0.04010544 -0.01318618 -0.02197521 -0.04004836 -0.01318666 -0.02197752 -0.04004839 -0.01316683 -0.02193871 -0.04013049 -0.01316683 -0.02193504 -0.04004139 -0.01297318 -0.02193872 -0.04004139 -0.01299301 -0.02189991 -0.04004839 -0.01297317 -0.02193871 -0.04004139 -0.01316682 -0.02193872 -0.04004139 -0.01314699 -0.02189991 -0.04013049 -0.01297317 -0.02193504 -0.04012727 -0.01299301 -0.02189634 -0.04004139 -0.01302746 -0.02187322 -0.04012428 -0.01307 -0.02186028 -0.04004139 -0.01311254 -0.02187322 -0.04004139 -0.01307 -0.02186372 -0.04012727 -0.01314699 -0.02189634 -0.04013733 -0.01287634 -0.02200974 -0.04014114 -0.01295381 -0.02197249 -0.04004823 -0.01287634 -0.02201372 -0.0400483 -0.01291889 -0.02200422 -0.04007692 -0.01295381 -0.0219765 -0.04004836 -0.01295334 -0.02197752 -0.04004139 -0.01295334 -0.02197753 -0.04004139 -0.01291889 -0.02200422 -0.04004139 -0.01287635 -0.02201372 -0.03411646 -0.01297318 -0.02193872 -0.03411646 -0.01295334 -0.02197753 -0.03411646 -0.01291889 -0.02200422 -0.03411646 -0.01287635 -0.02201372 -0.03411646 -0.01316682 -0.02193872 -0.03411646 -0.01314699 -0.02189991 -0.03411646 -0.01311254 -0.02187322 -0.03411646 -0.01307 -0.02186372 -0.03411646 -0.01302746 -0.02187322 -0.03411646 -0.01299301 -0.02189991 -0.04004139 -0.01318666 -0.02197753 -0.03411646 -0.01318666 -0.02197753 -0.04004139 -0.01322111 -0.02200422 -0.03411646 -0.01322111 -0.02200422 -0.04004139 -0.01326365 -0.02201372 -0.03411646 -0.01326365 -0.02201372 -0.04004367 -0.01326365 -0.02201372 -0.04004603 -0.01318665 -0.02197752 -0.04004371 -0.01318665 -0.02197752 -0.04004599 -0.01322111 -0.02200422 -0.04004595 -0.01326365 -0.02201372 -0.04004369 -0.01322111 -0.02200422 -0.03410962 -0.01326366 -0.02201372 -0.03410949 -0.01318666 -0.02197752 -0.03410946 -0.01316683 -0.02193871 -0.03410955 -0.01322111 -0.02200422 -0.03401665 -0.01297318 -0.02193408 -0.03402026 -0.01299301 -0.02189543 -0.03402736 -0.01297317 -0.02193504 -0.03401665 -0.01316682 -0.02193408 -0.03402736 -0.01316683 -0.02193504 -0.03402026 -0.01314699 -0.02189543 -0.03410946 -0.01297317 -0.02193871 -0.03410971 -0.01299301 -0.02189989 -0.03402274 -0.01302746 -0.02186886 -0.03410995 -0.01307 -0.0218637 -0.03402274 -0.01311254 -0.02186886 -0.03402362 -0.01307 -0.0218594 -0.03410971 -0.01314699 -0.02189989 -0.03411418 -0.01287635 -0.02201372 -0.03411181 -0.01295335 -0.02197752 -0.03410949 -0.01295334 -0.02197752 -0.03411414 -0.01295335 -0.02197752 -0.03411185 -0.01291889 -0.02200422 -0.0341119 -0.01287635 -0.02201372 -0.03410962 -0.01287634 -0.02201372 -0.03410955 -0.01291889 -0.02200422 -0.03411415 -0.01291889 -0.02200422 -0.03402052 -0.01287634 -0.02200974 -0.0340524 -0.01295382 -0.02197521 -0.03400969 -0.01287635 -0.02200875 -0.03401057 -0.01291889 -0.02199929 -0.03402031 -0.01295381 -0.02197282 -0.03401305 -0.01295334 -0.02197272 -0.03387784 -0.01297318 -0.02191766 -0.03155359 -0.01291889 -0.02008438 -0.03159578 -0.01287635 -0.02022161 -0.03154464 -0.01287635 -0.02008755 -0.03161535 -0.01297318 -0.02006256 -0.03166517 -0.01297318 -0.02019316 -0.03157876 -0.01295334 -0.02007549 -0.03386855 -0.01291889 -0.0219825 -0.0338672 -0.01287635 -0.0219919 -0.03387233 -0.01295334 -0.02195608 -0.03372752 -0.01291889 -0.0219587 -0.03372571 -0.01287635 -0.02196802 -0.03373261 -0.01295334 -0.0219325 -0.03374001 -0.01297318 -0.0218944 -0.03358784 -0.01291889 -0.02192795 -0.03358558 -0.01287635 -0.02193717 -0.03359423 -0.01295334 -0.02190203 -0.0336035 -0.01297318 -0.02186435 -0.03344986 -0.01291889 -0.02189033 -0.03344714 -0.01287635 -0.02189943 -0.03345752 -0.01295334 -0.02186476 -0.03346865 -0.01297318 -0.02182758 -0.03331391 -0.01291889 -0.02184593 -0.03331074 -0.01287635 -0.02185489 -0.03332282 -0.01295334 -0.02182077 -0.03333578 -0.01297318 -0.02178419 -0.03318032 -0.01291889 -0.02179486 -0.03317671 -0.01287635 -0.02180365 -0.03319046 -0.01295334 -0.02177018 -0.03320522 -0.01297318 -0.02173428 -0.03304942 -0.01291889 -0.02173725 -0.03304538 -0.01287635 -0.02174585 -0.03306077 -0.01295334 -0.02171309 -0.03307728 -0.01297318 -0.02167797 -0.03292153 -0.01291889 -0.02167323 -0.03291706 -0.01287635 -0.02168162 -0.03293406 -0.01295334 -0.02164967 -0.03295229 -0.01297318 -0.0216154 -0.03279696 -0.01291889 -0.02160297 -0.03279209 -0.01287635 -0.02161112 -0.03281064 -0.01295334 -0.02158005 -0.03283054 -0.01297318 -0.02154673 -0.03267602 -0.01291889 -0.02152662 -0.03267075 -0.01287635 -0.02153453 -0.03269082 -0.01295334 -0.02150441 -0.03271234 -0.01297318 -0.02147212 -0.03255901 -0.01291889 -0.0214444 -0.03255335 -0.01287635 -0.02145203 -0.03257489 -0.01295334 -0.02142294 -0.03259798 -0.01297318 -0.02139175 -0.0324462 -0.01291889 -0.02135648 -0.03244018 -0.01287635 -0.02136382 -0.03246312 -0.01295334 -0.02133584 -0.03248773 -0.01297318 -0.02130582 -0.03233788 -0.01291889 -0.02126309 -0.0323315 -0.01287635 -0.02127012 -0.0323558 -0.01295334 -0.02124331 -0.03238187 -0.01297318 -0.02121455 -0.03223431 -0.01291889 -0.02116445 -0.0322276 -0.01287635 -0.02117117 -0.03225319 -0.01295334 -0.02114559 -0.03228065 -0.01297318 -0.02111815 -0.03213575 -0.01291889 -0.02106082 -0.03212871 -0.01287635 -0.02106719 -0.03215554 -0.01295334 -0.02104291 -0.03218432 -0.01297318 -0.02101687 -0.03204244 -0.01291889 -0.02095244 -0.03203509 -0.01287635 -0.02095845 -0.03206309 -0.01295334 -0.02093553 -0.03209312 -0.01297318 -0.02091094 -0.0319546 -0.01291889 -0.02083957 -0.03194696 -0.01287635 -0.02084521 -0.03197606 -0.01295334 -0.0208237 -0.03200727 -0.01297318 -0.02080063 -0.03187245 -0.01291889 -0.0207225 -0.03186455 -0.01287635 -0.02072776 -0.03189467 -0.01295334 -0.02070771 -0.03192699 -0.01297318 -0.02068621 -0.0317962 -0.01291889 -0.0206015 -0.03178804 -0.01287635 -0.02060637 -0.03181912 -0.01295334 -0.02058784 -0.03185246 -0.01297318 -0.02056796 -0.03172602 -0.01291889 -0.02047689 -0.03171763 -0.01287635 -0.02048134 -0.03174959 -0.01295334 -0.02046437 -0.03178387 -0.01297318 -0.02044617 -0.03166209 -0.01291889 -0.02034895 -0.03165349 -0.01287635 -0.02035299 -0.03168625 -0.01295334 -0.02033761 -0.03172139 -0.01297318 -0.02032113 -0.03160457 -0.01291889 -0.02021801 -0.03162926 -0.01295334 -0.02020788 -0.03165195 -0.01299301 -0.02004963 -0.03388335 -0.01314699 -0.02187924 -0.03387784 -0.01316682 -0.02191766 -0.03388849 -0.01307 -0.02184342 -0.03388714 -0.01302746 -0.02185282 -0.03374742 -0.01314699 -0.0218563 -0.03374001 -0.01316682 -0.0218944 -0.03388335 -0.01299301 -0.02187924 -0.03375432 -0.01307 -0.02182077 -0.03375251 -0.01302746 -0.0218301 -0.03361279 -0.01314699 -0.02182666 -0.0336035 -0.01316682 -0.02186435 -0.03374742 -0.01299301 -0.0218563 -0.03362144 -0.01307 -0.02179152 -0.03361917 -0.01302746 -0.02180075 -0.03347978 -0.01314699 -0.0217904 -0.03346865 -0.01316682 -0.02182758 -0.03361279 -0.01299301 -0.02182666 -0.03349016 -0.01307 -0.02175573 -0.03348744 -0.01302746 -0.02176483 -0.03334874 -0.01314699 -0.0217476 -0.03333578 -0.01316682 -0.02178419 -0.03347978 -0.01299301 -0.0217904 -0.03336082 -0.01307 -0.02171349 -0.03335765 -0.01302746 -0.02172244 -0.03321997 -0.01314699 -0.02169838 -0.03320522 -0.01316682 -0.02173428 -0.03334874 -0.01299301 -0.0217476 -0.03323372 -0.01307 -0.02166491 -0.03323011 -0.01302746 -0.02167369 -0.03309379 -0.01314699 -0.02164284 -0.03307728 -0.01316682 -0.02167797 -0.03321997 -0.01299301 -0.02169838 -0.03310918 -0.01307 -0.02161009 -0.03310514 -0.01302746 -0.02161869 -0.03297051 -0.01314699 -0.02158113 -0.03295229 -0.01316682 -0.0216154 -0.03309379 -0.01299301 -0.02164284 -0.03298751 -0.01307 -0.02154918 -0.03298305 -0.01302746 -0.02155757 -0.03285044 -0.01314699 -0.0215134 -0.03283054 -0.01316682 -0.02154673 -0.03297051 -0.01299301 -0.02158113 -0.032869 -0.01307 -0.02148234 -0.03286412 -0.01302746 -0.02149049 -0.03273386 -0.01314699 -0.02143982 -0.03271234 -0.01316682 -0.02147212 -0.03285044 -0.01299301 -0.0215134 -0.03275393 -0.01307 -0.0214097 -0.03274866 -0.01302746 -0.02141761 -0.03262107 -0.01314699 -0.02136056 -0.03259798 -0.01316682 -0.02139175 -0.03273386 -0.01299301 -0.02143982 -0.0326426 -0.01307 -0.02133147 -0.03263696 -0.01302746 -0.02133911 -0.03251234 -0.01314699 -0.02127581 -0.03248773 -0.01316682 -0.02130582 -0.03262107 -0.01299301 -0.02136056 -0.03253529 -0.01307 -0.02124783 -0.03252926 -0.01302746 -0.02125517 -0.03240793 -0.01314699 -0.02118579 -0.03238187 -0.01316682 -0.02121455 -0.03251234 -0.01299301 -0.02127581 -0.03243223 -0.01307 -0.02115898 -0.03242585 -0.01302746 -0.02116602 -0.0323081 -0.01314699 -0.02109072 -0.03228065 -0.01316682 -0.02111815 -0.03240793 -0.01299301 -0.02118579 -0.0323337 -0.01307 -0.02106514 -0.03232698 -0.01302746 -0.02107185 -0.0322131 -0.01314699 -0.02099082 -0.03218432 -0.01316682 -0.02101687 -0.0323081 -0.01299301 -0.02109072 -0.03223993 -0.01307 -0.02096654 -0.03223289 -0.01302746 -0.02097292 -0.03212315 -0.01314699 -0.02088635 -0.03209312 -0.01316682 -0.02091094 -0.0322131 -0.01299301 -0.02099082 -0.03215115 -0.01307 -0.02086343 -0.0321438 -0.01302746 -0.02086944 -0.03203848 -0.01314699 -0.02077756 -0.03200727 -0.01316682 -0.02080063 -0.03212315 -0.01299301 -0.02088635 -0.03206758 -0.01307 -0.02075605 -0.03205994 -0.01302746 -0.02076169 -0.0319593 -0.01314699 -0.02066471 -0.03192699 -0.01316682 -0.02068621 -0.03203848 -0.01299301 -0.02077756 -0.03198943 -0.01307 -0.02064466 -0.03198152 -0.01302746 -0.02064993 -0.0318858 -0.01314699 -0.02054808 -0.03185246 -0.01316682 -0.02056796 -0.0319593 -0.01299301 -0.02066471 -0.03191688 -0.01307 -0.02052955 -0.03190872 -0.01302746 -0.02053442 -0.03181815 -0.01314699 -0.02042797 -0.03178387 -0.01316682 -0.02044617 -0.0318858 -0.01299301 -0.02054808 -0.03185011 -0.01307 -0.02041099 -0.03184172 -0.01302746 -0.02041545 -0.03175653 -0.01314699 -0.02030465 -0.03172139 -0.01316682 -0.02032113 -0.03181815 -0.01299301 -0.02042797 -0.03178929 -0.01307 -0.02028928 -0.03178069 -0.01302746 -0.02029331 -0.03166517 -0.01316682 -0.02019316 -0.03170108 -0.01314699 -0.02017843 -0.03161535 -0.01316682 -0.02006256 -0.03165195 -0.01314699 -0.02004963 -0.03167711 -0.01311254 -0.02004073 -0.03175653 -0.01299301 -0.02030465 -0.03173456 -0.01307 -0.0201647 -0.03168607 -0.01307 -0.02003757 -0.03172577 -0.01302746 -0.0201683 -0.03167711 -0.01302746 -0.02004073 -0.03170108 -0.01299301 -0.02017843 -0.03157876 -0.01318666 -0.02007549 -0.03154464 -0.01326365 -0.02008754 -0.03159578 -0.01326365 -0.02022161 -0.03155359 -0.01322111 -0.02008438 -0.03387233 -0.01318666 -0.02195608 -0.03401305 -0.01318666 -0.02197272 -0.03386855 -0.01322111 -0.0219825 -0.0338672 -0.01326365 -0.0219919 -0.03400969 -0.01326365 -0.02200875 -0.03401057 -0.01322111 -0.02199929 -0.03373261 -0.01318666 -0.0219325 -0.03372752 -0.01322111 -0.0219587 -0.03372571 -0.01326365 -0.02196802 -0.03359423 -0.01318666 -0.02190203 -0.03358784 -0.01322111 -0.02192795 -0.03358558 -0.01326365 -0.02193717 -0.03345752 -0.01318666 -0.02186476 -0.03344986 -0.01322111 -0.02189033 -0.03344714 -0.01326365 -0.02189943 -0.03332282 -0.01318666 -0.02182077 -0.03331391 -0.01322111 -0.02184593 -0.03331074 -0.01326365 -0.02185489 -0.03319046 -0.01318666 -0.02177018 -0.03318032 -0.01322111 -0.02179486 -0.03317671 -0.01326365 -0.02180365 -0.03306077 -0.01318666 -0.02171309 -0.03304942 -0.01322111 -0.02173725 -0.03304538 -0.01326365 -0.02174585 -0.03293406 -0.01318666 -0.02164967 -0.03292153 -0.01322111 -0.02167323 -0.03291706 -0.01326365 -0.02168162 -0.03281064 -0.01318666 -0.02158005 -0.03279696 -0.01322111 -0.02160297 -0.03279209 -0.01326365 -0.02161112 -0.03269082 -0.01318666 -0.02150441 -0.03267602 -0.01322111 -0.02152662 -0.03267075 -0.01326365 -0.02153453 -0.03257489 -0.01318666 -0.02142294 -0.03255901 -0.01322111 -0.0214444 -0.03255335 -0.01326365 -0.02145203 -0.03246312 -0.01318666 -0.02133584 -0.0324462 -0.01322111 -0.02135648 -0.03244017 -0.01326365 -0.02136382 -0.0323558 -0.01318666 -0.02124331 -0.03233788 -0.01322111 -0.02126309 -0.0323315 -0.01326365 -0.02127012 -0.03225319 -0.01318666 -0.02114559 -0.03223431 -0.01322111 -0.02116445 -0.03222759 -0.01326365 -0.02117117 -0.03215554 -0.01318666 -0.02104291 -0.03213575 -0.01322111 -0.02106082 -0.03212871 -0.01326365 -0.02106719 -0.03206309 -0.01318666 -0.02093553 -0.03204244 -0.01322111 -0.02095244 -0.03203509 -0.01326365 -0.02095845 -0.03197606 -0.01318666 -0.0208237 -0.0319546 -0.01322111 -0.02083957 -0.03194696 -0.01326365 -0.02084521 -0.03189467 -0.01318666 -0.02070771 -0.03187245 -0.01322111 -0.0207225 -0.03186454 -0.01326365 -0.02072775 -0.03181912 -0.01318666 -0.02058784 -0.0317962 -0.01322111 -0.0206015 -0.03178804 -0.01326365 -0.02060636 -0.03174959 -0.01318666 -0.02046437 -0.03172602 -0.01322111 -0.02047689 -0.03171763 -0.01326365 -0.02048134 -0.03168625 -0.01318666 -0.02033761 -0.03166209 -0.01322111 -0.02034895 -0.03165349 -0.01326365 -0.02035298 -0.03162926 -0.01318666 -0.02020788 -0.03160457 -0.01322111 -0.02021801 -0.03402052 -0.01326365 -0.02200974 -0.03401671 -0.01318619 -0.02197249 -0.03408093 -0.01318619 -0.0219765 -0.03153156 -0.01326376 -0.0200497 -0.03157055 -0.01318622 -0.02005012 -0.03160264 -0.01316688 -0.02002508 -0.0316399 -0.01314699 -0.02001344 -0.03167444 -0.01307 -0.02000264 -0.03160654 -0.01314699 -0.01987297 -0.03156721 -0.01316709 -0.01987944 -0.03155408 -0.01316686 -0.01973015 -0.03160264 -0.01297312 -0.02002507 -0.0316399 -0.01299301 -0.02001344 -0.03164225 -0.01307 -0.01986708 -0.03159303 -0.01314699 -0.01972921 -0.03155392 -0.01316682 -0.01970437 -0.03159274 -0.01314699 -0.01970437 -0.03161942 -0.01311254 -0.01970437 -0.03155408 -0.01297314 -0.01973015 -0.03160654 -0.01299301 -0.01987297 -0.03156721 -0.01297291 -0.01987945 -0.03162921 -0.01307 -0.01972835 -0.03162892 -0.01307 -0.01970437 -0.03161942 -0.01302746 -0.01970437 -0.03159303 -0.01299301 -0.01972921 -0.03159274 -0.01299301 -0.01970437 -0.03155392 -0.01297318 -0.01970437 -0.03153156 -0.01287624 -0.0200497 -0.0315152 -0.01295333 -0.01973003 -0.03147892 -0.01287627 -0.01972955 -0.03148845 -0.01291886 -0.01972981 -0.03149217 -0.01287582 -0.01989177 -0.0315307 -0.01295375 -0.01989571 -0.03150313 -0.012918 -0.01990055 -0.03147892 -0.01287634 -0.01971276 -0.03147892 -0.01287635 -0.01970437 -0.03148842 -0.01291889 -0.01970437 -0.0315152 -0.01295341 -0.01971292 -0.03151511 -0.01295334 -0.01970437 -0.0315152 -0.01295338 -0.01972148 -0.03148845 -0.01291893 -0.01971285 -0.03147892 -0.01287632 -0.01972116 -0.03148845 -0.0129189 -0.01972133 -0.03151511 -0.01295334 -0.01853818 -0.03155392 -0.01297318 -0.01853818 -0.03148842 -0.01291889 -0.01853818 -0.03147892 -0.01287635 -0.01853818 -0.03155392 -0.01316682 -0.01853818 -0.03159274 -0.01314699 -0.01853818 -0.03161942 -0.01311254 -0.01853818 -0.03162892 -0.01307 -0.01853818 -0.03161942 -0.01302746 -0.01853818 -0.03159274 -0.01299301 -0.01853818 -0.03151511 -0.01318666 -0.01853818 -0.03151511 -0.01318666 -0.01970437 -0.03148842 -0.01322111 -0.01970437 -0.03148842 -0.01322111 -0.01853818 -0.03147892 -0.01326365 -0.01970437 -0.03147892 -0.01326365 -0.01853819 -0.03147892 -0.01326366 -0.01971276 -0.0315152 -0.01318662 -0.01972148 -0.0315152 -0.01318667 -0.01973003 -0.03148845 -0.01322114 -0.01972981 -0.0315152 -0.01318659 -0.01971292 -0.03148845 -0.0132211 -0.01972133 -0.03147892 -0.01326368 -0.01972116 -0.03147892 -0.01326373 -0.01972955 -0.03148845 -0.01322107 -0.01971285 -0.03152741 -0.01318625 -0.01987572 -0.03149974 -0.013222 -0.01987996 -0.03149217 -0.01326418 -0.01989177 -0.03147892 -0.01326366 -0.01852979 -0.03147892 -0.01326368 -0.0185214 -0.03147892 -0.01326373 -0.018513 -0.03148845 -0.01322114 -0.01851274 -0.0315152 -0.01318659 -0.01852964 -0.0315152 -0.01318662 -0.01852108 -0.03155408 -0.01316686 -0.0185124 -0.0315152 -0.01318667 -0.01851253 -0.03148845 -0.01322107 -0.01852971 -0.03148845 -0.0132211 -0.01852122 -0.03167711 -0.01302746 -0.01820182 -0.0316399 -0.01299301 -0.01822912 -0.03165195 -0.01299301 -0.01819293 -0.03161535 -0.01297318 -0.01817999 -0.03160264 -0.01297312 -0.01821747 -0.03167711 -0.01311254 -0.01820182 -0.03167444 -0.01307 -0.01823991 -0.03168607 -0.01307 -0.01820498 -0.03160654 -0.01299301 -0.01836958 -0.03156721 -0.01297291 -0.01836311 -0.03155408 -0.01297314 -0.0185124 -0.03160264 -0.01316688 -0.01821748 -0.0316399 -0.01314699 -0.01822912 -0.03161535 -0.01316682 -0.01817999 -0.03165195 -0.01314699 -0.01819293 -0.03164225 -0.01307 -0.01837547 -0.03159303 -0.01299301 -0.01851333 -0.03160654 -0.01314699 -0.01836958 -0.03156721 -0.01316709 -0.0183631 -0.03162921 -0.01307 -0.0185142 -0.03159303 -0.01314699 -0.01851333 -0.03147892 -0.01287634 -0.01852979 -0.0315152 -0.01295338 -0.01852108 -0.0315152 -0.01295333 -0.01851253 -0.03148845 -0.01291886 -0.01851274 -0.0315152 -0.01295341 -0.01852963 -0.03148845 -0.0129189 -0.01852122 -0.03147892 -0.01287632 -0.01852139 -0.03147892 -0.01287627 -0.018513 -0.03148845 -0.01291893 -0.0185297 -0.03152741 -0.01295375 -0.01836683 -0.03153156 -0.01287624 -0.01819285 -0.03149974 -0.012918 -0.0183626 -0.03149217 -0.01287582 -0.01835078 -0.03154464 -0.01287635 -0.018155 -0.03155359 -0.01291889 -0.01815817 -0.03157055 -0.01295378 -0.01819243 -0.03157876 -0.01295334 -0.01816706 -0.03166517 -0.01297318 -0.0180494 -0.0338672 -0.01287635 -0.01625065 -0.03160457 -0.01291889 -0.01802454 -0.03159578 -0.01287635 -0.01802094 -0.03162926 -0.01295334 -0.01803467 -0.03166209 -0.01291889 -0.0178936 -0.03165349 -0.01287635 -0.01788957 -0.03168625 -0.01295334 -0.01790494 -0.03172139 -0.01297318 -0.01792142 -0.03172602 -0.01291889 -0.01776567 -0.03171763 -0.01287635 -0.01776121 -0.03174959 -0.01295334 -0.01777818 -0.03178387 -0.01297318 -0.01779638 -0.0317962 -0.01291889 -0.01764105 -0.03178804 -0.01287635 -0.01763618 -0.03181912 -0.01295334 -0.01765472 -0.03185246 -0.01297318 -0.01767459 -0.03187245 -0.01291889 -0.01752006 -0.03186455 -0.01287635 -0.01751479 -0.03189467 -0.01295334 -0.01753484 -0.03192699 -0.01297318 -0.01755634 -0.0319546 -0.01291889 -0.01740298 -0.03194696 -0.01287635 -0.01739734 -0.03197606 -0.01295334 -0.01741885 -0.03200727 -0.01297318 -0.01744192 -0.03204244 -0.01291889 -0.01729012 -0.03203509 -0.01287635 -0.0172841 -0.03206309 -0.01295334 -0.01730702 -0.03209312 -0.01297318 -0.01733161 -0.03213575 -0.01291889 -0.01718173 -0.03212871 -0.01287635 -0.01717536 -0.03215554 -0.01295334 -0.01719964 -0.03218432 -0.01297318 -0.01722569 -0.03223431 -0.01291889 -0.0170781 -0.0322276 -0.01287635 -0.01707138 -0.03225319 -0.01295334 -0.01709696 -0.03228065 -0.01297318 -0.0171244 -0.03233788 -0.01291889 -0.01697947 -0.0323315 -0.01287635 -0.01697243 -0.0323558 -0.01295334 -0.01699924 -0.03238187 -0.01297318 -0.017028 -0.0324462 -0.01291889 -0.01688608 -0.03244018 -0.01287635 -0.01687873 -0.03246312 -0.01295334 -0.01690671 -0.03248773 -0.01297318 -0.01693673 -0.032559 -0.01291889 -0.01679816 -0.03255335 -0.01287635 -0.01679052 -0.03257489 -0.01295334 -0.01681961 -0.03259798 -0.01297318 -0.0168508 -0.03267602 -0.01291889 -0.01671593 -0.03267075 -0.01287635 -0.01670802 -0.03269082 -0.01295334 -0.01673814 -0.03271234 -0.01297318 -0.01677044 -0.03279696 -0.01291889 -0.01663959 -0.03279209 -0.01287635 -0.01663143 -0.03281064 -0.01295334 -0.0166625 -0.03283054 -0.01297318 -0.01669582 -0.03292153 -0.01291889 -0.01656932 -0.03291706 -0.01287635 -0.01656094 -0.03293406 -0.01295334 -0.01659288 -0.03295229 -0.01297318 -0.01662715 -0.03304942 -0.01291889 -0.0165053 -0.03304538 -0.01287635 -0.01649671 -0.03306077 -0.01295334 -0.01652946 -0.03307728 -0.01297318 -0.01656458 -0.03320522 -0.01297318 -0.01650828 -0.03318032 -0.01291889 -0.01644769 -0.03317671 -0.01287635 -0.0164389 -0.03319046 -0.01295334 -0.01647238 -0.03331391 -0.01291889 -0.01639662 -0.03331074 -0.01287635 -0.01638767 -0.03332282 -0.01295334 -0.01642178 -0.03333578 -0.01297318 -0.01645836 -0.03346865 -0.01297318 -0.01641497 -0.03344986 -0.01291889 -0.01635222 -0.03344714 -0.01287635 -0.01634312 -0.03345752 -0.01295334 -0.01637779 -0.03358784 -0.01291889 -0.0163146 -0.03358558 -0.01287635 -0.01630538 -0.03359423 -0.01295334 -0.01634052 -0.0336035 -0.01297318 -0.01637821 -0.03372752 -0.01291889 -0.01628386 -0.03372571 -0.01287635 -0.01627453 -0.03373261 -0.01295334 -0.01631005 -0.03374001 -0.01297318 -0.01634815 -0.03386855 -0.01291889 -0.01626005 -0.03387233 -0.01295334 -0.01628647 -0.03387784 -0.01297318 -0.01632489 -0.03387784 -0.01316682 -0.01632489 -0.03170108 -0.01314699 -0.01806412 -0.03166517 -0.01316682 -0.0180494 -0.03173456 -0.01307 -0.01807785 -0.03172577 -0.01302746 -0.01807425 -0.03175653 -0.01314699 -0.01793791 -0.03172139 -0.01316682 -0.01792142 -0.03170108 -0.01299301 -0.01806412 -0.03178929 -0.01307 -0.01795328 -0.03178069 -0.01302746 -0.01794924 -0.03181815 -0.01314699 -0.01781459 -0.03178387 -0.01316682 -0.01779638 -0.03175653 -0.01299301 -0.01793791 -0.03185011 -0.01307 -0.01783156 -0.03184172 -0.01302746 -0.0178271 -0.0318858 -0.01314699 -0.01769447 -0.03185246 -0.01316682 -0.01767459 -0.03181815 -0.01299301 -0.01781459 -0.03191688 -0.01307 -0.017713 -0.03190872 -0.01302746 -0.01770814 -0.0319593 -0.01314699 -0.01757784 -0.03192699 -0.01316682 -0.01755634 -0.0318858 -0.01299301 -0.01769447 -0.03198943 -0.01307 -0.01759789 -0.03198152 -0.01302746 -0.01759263 -0.03203848 -0.01314699 -0.01746499 -0.03200727 -0.01316682 -0.01744192 -0.0319593 -0.01299301 -0.01757784 -0.03206758 -0.01307 -0.01748651 -0.03205994 -0.01302746 -0.01748086 -0.03212315 -0.01314699 -0.0173562 -0.03209312 -0.01316682 -0.01733161 -0.03203848 -0.01299301 -0.01746499 -0.03215115 -0.01307 -0.01737913 -0.0321438 -0.01302746 -0.01737311 -0.0322131 -0.01314699 -0.01725173 -0.03218432 -0.01316682 -0.01722569 -0.03212315 -0.01299301 -0.0173562 -0.03223993 -0.01307 -0.01727601 -0.03223289 -0.01302746 -0.01726964 -0.0323081 -0.01314699 -0.01715183 -0.03228065 -0.01316682 -0.0171244 -0.0322131 -0.01299301 -0.01725173 -0.0323337 -0.01307 -0.01717741 -0.03232698 -0.01302746 -0.0171707 -0.03240793 -0.01314699 -0.01705676 -0.03238187 -0.01316682 -0.017028 -0.0323081 -0.01299301 -0.01715183 -0.03243223 -0.01307 -0.01708357 -0.03242585 -0.01302746 -0.01707654 -0.03251234 -0.01314699 -0.01696674 -0.03248773 -0.01316682 -0.01693673 -0.03240793 -0.01299301 -0.01705676 -0.03253529 -0.01307 -0.01699472 -0.03252926 -0.01302746 -0.01698738 -0.03262107 -0.01314699 -0.016882 -0.03259798 -0.01316682 -0.0168508 -0.03251234 -0.01299301 -0.01696674 -0.0326426 -0.01307 -0.01691108 -0.03263696 -0.01302746 -0.01690345 -0.03273386 -0.01314699 -0.01680273 -0.03271234 -0.01316682 -0.01677044 -0.03262107 -0.01299301 -0.016882 -0.03275393 -0.01307 -0.01683285 -0.03274866 -0.01302746 -0.01682494 -0.03285044 -0.01314699 -0.01672915 -0.03283054 -0.01316682 -0.01669582 -0.03273386 -0.01299301 -0.01680273 -0.032869 -0.01307 -0.01676022 -0.03286412 -0.01302746 -0.01675206 -0.03297051 -0.01314699 -0.01666142 -0.03295229 -0.01316682 -0.01662715 -0.03285044 -0.01299301 -0.01672915 -0.03298751 -0.01307 -0.01669337 -0.03298305 -0.01302746 -0.01668498 -0.03309379 -0.01314699 -0.01659971 -0.03307728 -0.01316682 -0.01656458 -0.03297051 -0.01299301 -0.01666142 -0.03310918 -0.01307 -0.01663246 -0.03310514 -0.01302746 -0.01662386 -0.03321997 -0.01314699 -0.01654417 -0.03320522 -0.01316682 -0.01650828 -0.03309379 -0.01299301 -0.01659971 -0.03323372 -0.01307 -0.01657765 -0.03323011 -0.01302746 -0.01656886 -0.03334874 -0.01314699 -0.01649495 -0.03333578 -0.01316682 -0.01645836 -0.03321997 -0.01299301 -0.01654417 -0.03336082 -0.01307 -0.01652906 -0.03335765 -0.01302746 -0.01652011 -0.03347978 -0.01314699 -0.01645215 -0.03346865 -0.01316682 -0.01641497 -0.03334874 -0.01299301 -0.01649495 -0.03349016 -0.01307 -0.01648682 -0.03348744 -0.01302746 -0.01647772 -0.03361279 -0.01314699 -0.01641589 -0.0336035 -0.01316682 -0.01637821 -0.03347978 -0.01299301 -0.01645215 -0.03362144 -0.01307 -0.01645103 -0.03361917 -0.01302746 -0.01644181 -0.03374742 -0.01314699 -0.01638625 -0.03374001 -0.01316682 -0.01634815 -0.03361279 -0.01299301 -0.01641589 -0.03375432 -0.01307 -0.01642178 -0.03375251 -0.01302746 -0.01641245 -0.03388335 -0.01314699 -0.01636331 -0.03374742 -0.01299301 -0.01638625 -0.03388849 -0.01307 -0.01639913 -0.03388714 -0.01302746 -0.01638973 -0.03388335 -0.01299301 -0.01636331 -0.03162926 -0.01318666 -0.01803467 -0.03155359 -0.01322111 -0.01815817 -0.03157876 -0.01318666 -0.01816706 -0.03160457 -0.01322111 -0.01802454 -0.03168625 -0.01318666 -0.01790494 -0.03166209 -0.01322111 -0.0178936 -0.03174959 -0.01318666 -0.01777818 -0.03172602 -0.01322111 -0.01776567 -0.03181912 -0.01318666 -0.01765472 -0.0317962 -0.01322111 -0.01764105 -0.03189467 -0.01318666 -0.01753484 -0.03187245 -0.01322111 -0.01752006 -0.03197606 -0.01318666 -0.01741885 -0.0319546 -0.01322111 -0.01740298 -0.03206309 -0.01318666 -0.01730703 -0.03204244 -0.01322111 -0.01729012 -0.03215554 -0.01318666 -0.01719964 -0.03213575 -0.01322111 -0.01718173 -0.03225319 -0.01318666 -0.01709696 -0.03223431 -0.01322111 -0.0170781 -0.0323558 -0.01318666 -0.01699924 -0.03233788 -0.01322111 -0.01697947 -0.03246312 -0.01318666 -0.01690672 -0.0324462 -0.01322111 -0.01688608 -0.03257489 -0.01318666 -0.01681961 -0.032559 -0.01322111 -0.01679816 -0.03269082 -0.01318666 -0.01673814 -0.03267602 -0.01322111 -0.01671593 -0.03281064 -0.01318666 -0.0166625 -0.03279696 -0.01322111 -0.01663959 -0.03293406 -0.01318666 -0.01659288 -0.03292153 -0.01322111 -0.01656932 -0.03306077 -0.01318666 -0.01652946 -0.03304942 -0.01322111 -0.0165053 -0.03319046 -0.01318666 -0.01647238 -0.03318032 -0.01322111 -0.01644769 -0.03332282 -0.01318666 -0.01642178 -0.03331391 -0.01322111 -0.01639662 -0.03345752 -0.01318666 -0.01637779 -0.03344986 -0.01322111 -0.01635222 -0.03359423 -0.01318666 -0.01634052 -0.03358784 -0.01322111 -0.0163146 -0.03373261 -0.01318666 -0.01631005 -0.03372752 -0.01322111 -0.01628386 -0.03387233 -0.01318666 -0.01628647 -0.03386855 -0.01322111 -0.01626005 -0.03149217 -0.01326418 -0.01835078 -0.0315307 -0.01318625 -0.01834684 -0.03150313 -0.013222 -0.018342 -0.03400969 -0.01286365 -0.0162338 -0.03402052 -0.01286366 -0.01623281 -0.0338672 -0.01286365 -0.01625065 -0.03372571 -0.01286365 -0.01627453 -0.03358558 -0.01286365 -0.01630538 -0.03344714 -0.01286365 -0.01634312 -0.03331074 -0.01286365 -0.01638767 -0.03317671 -0.01286365 -0.0164389 -0.03304538 -0.01286365 -0.01649671 -0.03291706 -0.01286365 -0.01656094 -0.03279209 -0.01286365 -0.01663143 -0.03267075 -0.01286365 -0.01670802 -0.03255335 -0.01286365 -0.01679052 -0.03244018 -0.01286365 -0.01687873 -0.0323315 -0.01286365 -0.01697243 -0.0322276 -0.01286365 -0.01707138 -0.03212871 -0.01286365 -0.01717536 -0.03203509 -0.01286365 -0.0172841 -0.03194696 -0.01286365 -0.01739734 -0.03186455 -0.01286365 -0.0175148 -0.03178804 -0.01286365 -0.01763618 -0.03171763 -0.01286365 -0.01776121 -0.03165349 -0.01286365 -0.01788957 -0.03159578 -0.01286365 -0.01802094 -0.03154464 -0.01286365 -0.018155 -0.03153156 -0.01286376 -0.01819285 -0.03410962 -0.01286366 -0.01622883 -0.04004823 -0.01286366 -0.01622883 -0.04004139 -0.01286365 -0.01622883 -0.03411646 -0.01286365 -0.01622883 -0.03411418 -0.01286365 -0.01622883 -0.0341119 -0.01286365 -0.01622883 -0.04013733 -0.01286366 -0.01623281 -0.04261321 -0.01286365 -0.01815501 -0.04262629 -0.01286376 -0.01819285 -0.04256207 -0.01286365 -0.01802094 -0.04250436 -0.01286365 -0.01788957 -0.04244022 -0.01286365 -0.01776121 -0.04236981 -0.01286365 -0.01763619 -0.0422933 -0.01286365 -0.0175148 -0.04221088 -0.01286365 -0.01739734 -0.04212276 -0.01286365 -0.0172841 -0.04202914 -0.01286365 -0.01717536 -0.04193025 -0.01286365 -0.01707138 -0.04182634 -0.01286365 -0.01697243 -0.04171767 -0.01286365 -0.01687873 -0.0416045 -0.01286365 -0.01679053 -0.04148709 -0.01286365 -0.01670802 -0.04136576 -0.01286365 -0.01663143 -0.04124078 -0.01286365 -0.01656094 -0.04111247 -0.01286365 -0.01649671 -0.04098114 -0.01286365 -0.0164389 -0.04084711 -0.01286365 -0.01638767 -0.04071071 -0.01286365 -0.01634312 -0.04057227 -0.01286365 -0.01630538 -0.04043214 -0.01286365 -0.01627453 -0.04029065 -0.01286365 -0.01625065 -0.04014816 -0.01286365 -0.0162338 -0.04266568 -0.01286418 -0.01835078 -0.04267892 -0.01286373 -0.018513 -0.04267892 -0.01286373 -0.01972955 -0.04267892 -0.01286368 -0.01972115 -0.04267892 -0.01286366 -0.01971274 -0.04267892 -0.01286365 -0.01970434 -0.04267892 -0.01286365 -0.01853819 -0.04267892 -0.01286366 -0.01852979 -0.04267892 -0.01286368 -0.01852139 -0.04266568 -0.01286418 -0.01989177 -0.04262629 -0.01286376 -0.0200497 -0.04014816 -0.01286365 -0.02200875 -0.04013733 -0.01286366 -0.02200974 -0.04029065 -0.01286365 -0.0219919 -0.04043214 -0.01286365 -0.02196802 -0.04057227 -0.01286365 -0.02193717 -0.04071071 -0.01286365 -0.02189943 -0.04084711 -0.01286365 -0.02185489 -0.04098114 -0.01286365 -0.02180365 -0.04111247 -0.01286365 -0.02174585 -0.04124078 -0.01286365 -0.02168162 -0.04136576 -0.01286365 -0.02161112 -0.04148709 -0.01286365 -0.02153453 -0.0416045 -0.01286365 -0.02145203 -0.04171767 -0.01286365 -0.02136382 -0.04182634 -0.01286365 -0.02127012 -0.04193025 -0.01286365 -0.02117117 -0.04202914 -0.01286365 -0.02106719 -0.04212276 -0.01286365 -0.02095845 -0.04221088 -0.01286365 -0.02084521 -0.0422933 -0.01286365 -0.02072776 -0.04236981 -0.01286365 -0.02060637 -0.04244022 -0.01286365 -0.02048134 -0.04250436 -0.01286365 -0.02035298 -0.04256207 -0.01286365 -0.02022161 -0.04261321 -0.01286365 -0.02008755 -0.04004823 -0.01286366 -0.02201372 -0.03410962 -0.01286366 -0.02201372 -0.03411646 -0.01286365 -0.02201372 -0.04004139 -0.01286365 -0.02201372 -0.04004367 -0.01286365 -0.02201372 -0.04004595 -0.01286365 -0.02201372 -0.03402052 -0.01286366 -0.02200974 -0.03154464 -0.01286365 -0.02008755 -0.03153156 -0.01286376 -0.0200497 -0.03159578 -0.01286365 -0.02022161 -0.03165349 -0.01286365 -0.02035298 -0.03171763 -0.01286365 -0.02048134 -0.03178804 -0.01286365 -0.02060637 -0.03186455 -0.01286365 -0.02072776 -0.03194696 -0.01286365 -0.02084521 -0.03203509 -0.01286365 -0.02095845 -0.03212871 -0.01286365 -0.02106719 -0.0322276 -0.01286365 -0.02117117 -0.0323315 -0.01286365 -0.02127012 -0.03244018 -0.01286365 -0.02136382 -0.03255335 -0.01286365 -0.02145203 -0.03267075 -0.01286365 -0.02153453 -0.03279209 -0.01286365 -0.02161112 -0.03291706 -0.01286365 -0.02168162 -0.03304538 -0.01286365 -0.02174585 -0.03317671 -0.01286365 -0.02180365 -0.03331074 -0.01286365 -0.02185489 -0.03344714 -0.01286365 -0.02189943 -0.03358558 -0.01286365 -0.02193717 -0.03372571 -0.01286365 -0.02196802 -0.0338672 -0.01286365 -0.0219919 -0.03400969 -0.01286365 -0.02200875 -0.03149217 -0.01286418 -0.01989177 -0.03147892 -0.01286373 -0.01972955 -0.03147892 -0.01286373 -0.018513 -0.03147892 -0.01286368 -0.0185214 -0.03147892 -0.01286366 -0.01852981 -0.03147892 -0.01286365 -0.01853821 -0.03147892 -0.01286365 -0.01970437 -0.03147892 -0.01286366 -0.01971276 -0.03147892 -0.01286368 -0.01972116 -0.03149217 -0.01286418 -0.01835078 -0.0315152 -0.01278666 -0.01851253 -0.03155408 -0.01276686 -0.0185124 -0.03156721 -0.01276709 -0.0183631 -0.03148845 -0.01282114 -0.01851274 -0.03153073 -0.01278625 -0.01834668 -0.03160264 -0.01276688 -0.01821748 -0.03150315 -0.012822 -0.01834183 -0.03167711 -0.01271254 -0.01820182 -0.03166537 -0.01271254 -0.01823708 -0.03168607 -0.01267 -0.01820498 -0.0316612 -0.01267 -0.01828616 -0.0316399 -0.01274699 -0.01822912 -0.03161535 -0.01276682 -0.01817999 -0.03165195 -0.01274699 -0.01819293 -0.03165201 -0.01271254 -0.01828377 -0.03162618 -0.01274699 -0.01827704 -0.03163395 -0.01271254 -0.01836754 -0.03164331 -0.01267 -0.01836915 -0.03160765 -0.01274699 -0.01836303 -0.03162306 -0.01271254 -0.01845255 -0.03163253 -0.01267 -0.01845336 -0.03159647 -0.01274699 -0.01845029 -0.03161971 -0.01271254 -0.01851398 -0.03162892 -0.01267 -0.01853818 -0.03161942 -0.01271254 -0.01853818 -0.03159303 -0.01274699 -0.01851334 -0.03159274 -0.01274699 -0.01853818 -0.03155392 -0.01276682 -0.01853818 -0.03157876 -0.01278666 -0.01816706 -0.03155359 -0.01282111 -0.01815817 -0.03401057 -0.01282111 -0.01624326 -0.03162926 -0.01278666 -0.01803467 -0.03166517 -0.01276682 -0.0180494 -0.03160457 -0.01282111 -0.01802454 -0.03168625 -0.01278666 -0.01790494 -0.03172139 -0.01276682 -0.01792142 -0.03166209 -0.01282111 -0.0178936 -0.03174959 -0.01278666 -0.01777818 -0.03178387 -0.01276682 -0.01779638 -0.03172602 -0.01282111 -0.01776567 -0.03181912 -0.01278666 -0.01765472 -0.03185246 -0.01276682 -0.01767459 -0.0317962 -0.01282111 -0.01764105 -0.03189467 -0.01278666 -0.01753484 -0.03192699 -0.01276682 -0.01755634 -0.03187245 -0.01282111 -0.01752006 -0.03197606 -0.01278666 -0.01741885 -0.03200727 -0.01276682 -0.01744192 -0.0319546 -0.01282111 -0.01740298 -0.03206309 -0.01278666 -0.01730703 -0.03209312 -0.01276682 -0.01733161 -0.03204244 -0.01282111 -0.01729012 -0.03215554 -0.01278666 -0.01719964 -0.03218432 -0.01276682 -0.01722569 -0.03213575 -0.01282111 -0.01718173 -0.03225319 -0.01278666 -0.01709696 -0.03228065 -0.01276682 -0.0171244 -0.03223431 -0.01282111 -0.0170781 -0.0323558 -0.01278666 -0.01699924 -0.03238187 -0.01276682 -0.017028 -0.03233788 -0.01282111 -0.01697947 -0.03246312 -0.01278666 -0.01690672 -0.03248773 -0.01276682 -0.01693673 -0.0324462 -0.01282111 -0.01688608 -0.03257489 -0.01278666 -0.01681961 -0.03259798 -0.01276682 -0.0168508 -0.032559 -0.01282111 -0.01679816 -0.03269082 -0.01278666 -0.01673814 -0.03271234 -0.01276682 -0.01677044 -0.03267602 -0.01282111 -0.01671593 -0.03281064 -0.01278666 -0.0166625 -0.03283054 -0.01276682 -0.01669582 -0.03279696 -0.01282111 -0.01663959 -0.03293406 -0.01278666 -0.01659288 -0.03295229 -0.01276682 -0.01662715 -0.03292153 -0.01282111 -0.01656932 -0.03306077 -0.01278666 -0.01652946 -0.03307728 -0.01276682 -0.01656458 -0.03304942 -0.01282111 -0.0165053 -0.03319046 -0.01278666 -0.01647238 -0.03320522 -0.01276682 -0.01650828 -0.03318032 -0.01282111 -0.01644769 -0.03332282 -0.01278666 -0.01642178 -0.03333578 -0.01276682 -0.01645836 -0.03331391 -0.01282111 -0.01639662 -0.03345752 -0.01278666 -0.01637779 -0.03346865 -0.01276682 -0.01641497 -0.03344986 -0.01282111 -0.01635222 -0.03359423 -0.01278666 -0.01634052 -0.0336035 -0.01276682 -0.01637821 -0.03358784 -0.01282111 -0.0163146 -0.03373261 -0.01278666 -0.01631005 -0.03374001 -0.01276682 -0.01634815 -0.03372752 -0.01282111 -0.01628386 -0.03387233 -0.01278666 -0.01628647 -0.03387784 -0.01276682 -0.01632489 -0.03401665 -0.01276682 -0.01630848 -0.03401305 -0.01278666 -0.01626983 -0.03386855 -0.01282111 -0.01626005 -0.03173456 -0.01267 -0.01807785 -0.03388849 -0.01267 -0.01639913 -0.03402362 -0.01267 -0.01638315 -0.03402274 -0.01271254 -0.0163737 -0.03170108 -0.01274699 -0.01806412 -0.03172577 -0.01271254 -0.01807425 -0.03175653 -0.01274699 -0.01793791 -0.03178069 -0.01271254 -0.01794924 -0.03178929 -0.01267 -0.01795328 -0.03181815 -0.01274699 -0.01781459 -0.03184172 -0.01271254 -0.0178271 -0.03185011 -0.01267 -0.01783156 -0.0318858 -0.01274699 -0.01769447 -0.03190872 -0.01271254 -0.01770814 -0.03191688 -0.01267 -0.017713 -0.0319593 -0.01274699 -0.01757784 -0.03198152 -0.01271254 -0.01759263 -0.03198943 -0.01267 -0.01759789 -0.03203848 -0.01274699 -0.01746499 -0.03205994 -0.01271254 -0.01748086 -0.03206758 -0.01267 -0.01748651 -0.03212315 -0.01274699 -0.0173562 -0.0321438 -0.01271254 -0.01737311 -0.03215115 -0.01267 -0.01737913 -0.0322131 -0.01274699 -0.01725173 -0.03223993 -0.01267 -0.01727601 -0.03223289 -0.01271254 -0.01726964 -0.0323081 -0.01274699 -0.01715183 -0.0323337 -0.01267 -0.01717741 -0.03232698 -0.01271254 -0.0171707 -0.03240793 -0.01274699 -0.01705676 -0.03242585 -0.01271254 -0.01707654 -0.03243223 -0.01267 -0.01708357 -0.03251234 -0.01274699 -0.01696674 -0.03252926 -0.01271254 -0.01698738 -0.03253529 -0.01267 -0.01699472 -0.03262107 -0.01274699 -0.016882 -0.0326426 -0.01267 -0.01691108 -0.03263696 -0.01271254 -0.01690345 -0.03273386 -0.01274699 -0.01680273 -0.03274866 -0.01271254 -0.01682494 -0.03275393 -0.01267 -0.01683285 -0.03285044 -0.01274699 -0.01672915 -0.032869 -0.01267 -0.01676022 -0.03286412 -0.01271254 -0.01675206 -0.03297051 -0.01274699 -0.01666142 -0.03298751 -0.01267 -0.01669337 -0.03298305 -0.01271254 -0.01668498 -0.03309379 -0.01274699 -0.01659971 -0.03310918 -0.01267 -0.01663246 -0.03310514 -0.01271254 -0.01662386 -0.03321997 -0.01274699 -0.01654417 -0.03323372 -0.01267 -0.01657765 -0.03323011 -0.01271254 -0.01656886 -0.03334874 -0.01274699 -0.01649495 -0.03335765 -0.01271254 -0.01652011 -0.03336082 -0.01267 -0.01652906 -0.03347978 -0.01274699 -0.01645215 -0.03348744 -0.01271254 -0.01647772 -0.03349016 -0.01267 -0.01648682 -0.03361279 -0.01274699 -0.01641589 -0.03361917 -0.01271254 -0.01644181 -0.03362144 -0.01267 -0.01645103 -0.03374742 -0.01274699 -0.01638625 -0.03375251 -0.01271254 -0.01641245 -0.03375432 -0.01267 -0.01642178 -0.03388335 -0.01274699 -0.01636331 -0.03402026 -0.01274699 -0.01634712 -0.03388714 -0.01271254 -0.01638973 -0.03411646 -0.01276682 -0.01630383 -0.03410946 -0.01276683 -0.01630385 -0.03411646 -0.01274699 -0.01634265 -0.03411646 -0.01271254 -0.01636934 -0.03408517 -0.01271254 -0.01636982 -0.03411646 -0.01267 -0.01637883 -0.03408547 -0.01267 -0.01637931 -0.03405392 -0.01271254 -0.01637127 -0.03405451 -0.01267 -0.01638075 -0.03402736 -0.01276683 -0.01630752 -0.03408435 -0.01274699 -0.01634314 -0.03403279 -0.01271254 -0.01637281 -0.03405227 -0.01274699 -0.01634464 -0.03403057 -0.01274699 -0.01634621 -0.03411646 -0.01282111 -0.01623833 -0.03411181 -0.01278665 -0.01626503 -0.03410949 -0.01278666 -0.01626503 -0.03411414 -0.01278665 -0.01626503 -0.03411646 -0.01278666 -0.01626502 -0.03411185 -0.01282111 -0.01623833 -0.03410955 -0.01282111 -0.01623833 -0.03411415 -0.01282111 -0.01623833 -0.0340524 -0.01278618 -0.01626735 -0.03402031 -0.01278619 -0.01626974 -0.04004139 -0.01276682 -0.01630383 -0.04004139 -0.01278666 -0.01626502 -0.04004139 -0.01282111 -0.01623833 -0.04004139 -0.01267 -0.01637883 -0.04004139 -0.01271254 -0.01636934 -0.04004139 -0.01274699 -0.01634265 -0.04013511 -0.01271254 -0.0163737 -0.04012506 -0.01271254 -0.01637281 -0.04013423 -0.01267 -0.01638315 -0.04013759 -0.01274699 -0.01634712 -0.04010333 -0.01267 -0.01638075 -0.04010392 -0.01271254 -0.01637127 -0.04013049 -0.01276683 -0.01630752 -0.04012727 -0.01274699 -0.01634621 -0.04014119 -0.01276682 -0.01630848 -0.04007267 -0.01271254 -0.01636982 -0.04007238 -0.01267 -0.01637931 -0.04010558 -0.01274699 -0.01634464 -0.04004796 -0.01271254 -0.01636936 -0.04004839 -0.01276683 -0.01630385 -0.0400735 -0.01274699 -0.01634314 -0.04004813 -0.01274699 -0.01634267 -0.04014727 -0.01282111 -0.01624326 -0.04014114 -0.01278619 -0.01627006 -0.04014479 -0.01278666 -0.01626983 -0.0400483 -0.01282111 -0.01623833 -0.04007692 -0.01278619 -0.01626605 -0.04004836 -0.01278666 -0.01626503 -0.04260425 -0.01282111 -0.01815817 -0.04028551 -0.01278666 -0.01628647 -0.04028 -0.01276682 -0.01632489 -0.0402893 -0.01282111 -0.01626005 -0.04042524 -0.01278666 -0.01631005 -0.04041783 -0.01276682 -0.01634815 -0.04043033 -0.01282111 -0.01628386 -0.04056362 -0.01278666 -0.01634052 -0.04055434 -0.01276682 -0.01637821 -0.04057 -0.01282111 -0.0163146 -0.04070033 -0.01278666 -0.01637779 -0.0406892 -0.01276682 -0.01641497 -0.04070798 -0.01282111 -0.01635222 -0.04083503 -0.01278666 -0.01642178 -0.04082207 -0.01276682 -0.01645836 -0.04084394 -0.01282111 -0.01639662 -0.04096738 -0.01278666 -0.01647238 -0.04095263 -0.01276682 -0.01650828 -0.04097753 -0.01282111 -0.01644769 -0.04109708 -0.01278666 -0.01652946 -0.04108057 -0.01276682 -0.01656458 -0.04110843 -0.01282111 -0.0165053 -0.04122379 -0.01278666 -0.01659288 -0.04120556 -0.01276682 -0.01662715 -0.04123632 -0.01282111 -0.01656932 -0.0413472 -0.01278666 -0.0166625 -0.0413273 -0.01276682 -0.01669582 -0.04136089 -0.01282111 -0.01663959 -0.04146703 -0.01278666 -0.01673814 -0.0414455 -0.01276682 -0.01677044 -0.04155987 -0.01276682 -0.0168508 -0.04148183 -0.01282111 -0.01671593 -0.04158296 -0.01278666 -0.01681961 -0.04159884 -0.01282111 -0.01679816 -0.04169473 -0.01278666 -0.01690671 -0.04167012 -0.01276682 -0.01693673 -0.04177598 -0.01276682 -0.017028 -0.04171165 -0.01282111 -0.01688608 -0.04180204 -0.01278666 -0.01699924 -0.04181997 -0.01282111 -0.01697947 -0.04190465 -0.01278666 -0.01709696 -0.0418772 -0.01276682 -0.0171244 -0.04192353 -0.01282111 -0.0170781 -0.0420023 -0.01278666 -0.01719964 -0.04197353 -0.01276682 -0.01722569 -0.04202209 -0.01282111 -0.01718173 -0.04209475 -0.01278666 -0.01730702 -0.04206472 -0.01276682 -0.01733161 -0.04215057 -0.01276682 -0.01744192 -0.04211541 -0.01282111 -0.01729012 -0.04218178 -0.01278666 -0.01741885 -0.04220324 -0.01282111 -0.01740298 -0.04226317 -0.01278666 -0.01753484 -0.04223086 -0.01276682 -0.01755634 -0.04230539 -0.01276682 -0.01767459 -0.04228539 -0.01282111 -0.01752006 -0.04233873 -0.01278666 -0.01765472 -0.04236165 -0.01282111 -0.01764105 -0.04240826 -0.01278666 -0.01777818 -0.04237398 -0.01276682 -0.01779638 -0.04243183 -0.01282111 -0.01776567 -0.04247159 -0.01278666 -0.01790494 -0.04243645 -0.01276682 -0.01792142 -0.04249268 -0.01276682 -0.0180494 -0.04249576 -0.01282111 -0.0178936 -0.04252858 -0.01278666 -0.01803467 -0.0425425 -0.01276682 -0.01817999 -0.04257909 -0.01278666 -0.01816706 -0.04255328 -0.01282111 -0.01802454 -0.04026936 -0.01267 -0.01639913 -0.04242328 -0.01267 -0.01807785 -0.04247178 -0.01267 -0.01820498 -0.04248074 -0.01271254 -0.01820182 -0.04027449 -0.01274699 -0.01636331 -0.0402707 -0.01271254 -0.01638973 -0.04041043 -0.01274699 -0.01638625 -0.04040533 -0.01271254 -0.01641245 -0.04040352 -0.01267 -0.01642178 -0.04054506 -0.01274699 -0.01641589 -0.04053868 -0.01271254 -0.01644181 -0.04053641 -0.01267 -0.01645103 -0.04067807 -0.01274699 -0.01645215 -0.04067041 -0.01271254 -0.01647772 -0.04066769 -0.01267 -0.01648682 -0.04080911 -0.01274699 -0.01649495 -0.0408002 -0.01271254 -0.01652011 -0.04079703 -0.01267 -0.01652906 -0.04093788 -0.01274699 -0.01654417 -0.04092774 -0.01271254 -0.01656886 -0.04092413 -0.01267 -0.01657765 -0.04106406 -0.01274699 -0.01659971 -0.0410527 -0.01271254 -0.01662386 -0.04104866 -0.01267 -0.01663246 -0.04118733 -0.01274699 -0.01666142 -0.04117034 -0.01267 -0.01669337 -0.0411748 -0.01271254 -0.01668498 -0.04130741 -0.01274699 -0.01672915 -0.04129372 -0.01271254 -0.01675206 -0.04128885 -0.01267 -0.01676022 -0.04142398 -0.01274699 -0.01680273 -0.04140918 -0.01271254 -0.01682494 -0.04140391 -0.01267 -0.01683285 -0.04153677 -0.01274699 -0.016882 -0.04151524 -0.01267 -0.01691108 -0.04152089 -0.01271254 -0.01690345 -0.04164551 -0.01274699 -0.01696674 -0.04162256 -0.01267 -0.01699472 -0.04162859 -0.01271254 -0.01698738 -0.04174992 -0.01274699 -0.01705676 -0.04173199 -0.01271254 -0.01707654 -0.04172562 -0.01267 -0.01708357 -0.04184975 -0.01274699 -0.01715183 -0.04182415 -0.01267 -0.01717741 -0.04183086 -0.01271254 -0.0171707 -0.04194475 -0.01274699 -0.01725173 -0.04191792 -0.01267 -0.01727601 -0.04192496 -0.01271254 -0.01726964 -0.04203469 -0.01274699 -0.0173562 -0.04201404 -0.01271254 -0.01737311 -0.04200669 -0.01267 -0.01737913 -0.04211936 -0.01274699 -0.01746499 -0.04209026 -0.01267 -0.01748651 -0.0420979 -0.01271254 -0.01748086 -0.04219855 -0.01274699 -0.01757784 -0.04216842 -0.01267 -0.01759789 -0.04217633 -0.01271254 -0.01759263 -0.04227205 -0.01274699 -0.01769447 -0.04224913 -0.01271254 -0.01770814 -0.04224097 -0.01267 -0.017713 -0.0423397 -0.01274699 -0.01781459 -0.04231612 -0.01271254 -0.0178271 -0.04230774 -0.01267 -0.01783156 -0.04240132 -0.01274699 -0.01793791 -0.04237716 -0.01271254 -0.01794924 -0.04236856 -0.01267 -0.01795328 -0.04245676 -0.01274699 -0.01806412 -0.0425059 -0.01274699 -0.01819293 -0.04243207 -0.01271254 -0.01807425 -0.04251794 -0.01274699 -0.01822912 -0.0425552 -0.01276688 -0.01821747 -0.04249664 -0.01267 -0.01828616 -0.04249247 -0.01271254 -0.01823708 -0.04253167 -0.01274699 -0.01827704 -0.04259063 -0.01276709 -0.01836311 -0.04250584 -0.01271254 -0.01828377 -0.0425502 -0.01274699 -0.01836303 -0.04251453 -0.01267 -0.01836915 -0.0425239 -0.01271254 -0.01836754 -0.04256138 -0.01274699 -0.01845029 -0.04260376 -0.01276686 -0.0185124 -0.04252532 -0.01267 -0.01845336 -0.04253478 -0.01271254 -0.01845255 -0.04256481 -0.01274699 -0.01851333 -0.04260392 -0.01276682 -0.01853818 -0.04256511 -0.01274699 -0.01853818 -0.04253813 -0.01271254 -0.01851398 -0.04253842 -0.01271254 -0.01853818 -0.04252892 -0.01267 -0.01853818 -0.0426694 -0.01282114 -0.01851274 -0.04266943 -0.01282111 -0.01853818 -0.04264265 -0.01278662 -0.01852108 -0.04264265 -0.01278666 -0.01851253 -0.04264265 -0.01278659 -0.01852963 -0.04264273 -0.01278666 -0.01853818 -0.0426694 -0.0128211 -0.01852122 -0.0426694 -0.01282107 -0.0185297 -0.04263046 -0.01278625 -0.01836699 -0.04265813 -0.012822 -0.01836276 -0.0425873 -0.01278622 -0.01819243 -0.04260392 -0.01276682 -0.01970437 -0.04264273 -0.01278666 -0.01970437 -0.04266943 -0.01282111 -0.01970437 -0.04252892 -0.01267 -0.01970437 -0.04253842 -0.01271254 -0.01970437 -0.04256511 -0.01274699 -0.01970437 -0.04248074 -0.01271254 -0.02004073 -0.04249247 -0.01271254 -0.02000547 -0.04247178 -0.01267 -0.02003757 -0.0425059 -0.01274699 -0.02004963 -0.04249664 -0.01267 -0.01995639 -0.04255521 -0.01276688 -0.02002507 -0.04251795 -0.01274699 -0.02001343 -0.0425425 -0.01276682 -0.02006256 -0.04250584 -0.01271254 -0.01995879 -0.04259063 -0.01276709 -0.01987945 -0.04253167 -0.01274699 -0.01996551 -0.0425239 -0.01271254 -0.01987501 -0.04251453 -0.01267 -0.0198734 -0.0425502 -0.01274699 -0.01987952 -0.04253478 -0.01271254 -0.01979 -0.04252532 -0.01267 -0.01978919 -0.04260376 -0.01276686 -0.01973015 -0.04256138 -0.01274699 -0.01979226 -0.04253813 -0.01271254 -0.01972857 -0.04256481 -0.01274699 -0.01972921 -0.04260425 -0.01282111 -0.02008438 -0.042583 -0.01278623 -0.02006274 -0.04257909 -0.01278666 -0.02007549 -0.04264265 -0.01278666 -0.01973003 -0.0426694 -0.01282114 -0.01972981 -0.04262712 -0.01278625 -0.01989587 -0.04265469 -0.012822 -0.01990072 -0.04264265 -0.01278659 -0.0197129 -0.04264265 -0.01278662 -0.01972146 -0.0426694 -0.01282107 -0.01971283 -0.0426694 -0.0128211 -0.01972132 -0.04014727 -0.01282111 -0.0219993 -0.04252858 -0.01278666 -0.02020788 -0.04249268 -0.01276682 -0.02019316 -0.04255328 -0.01282111 -0.02021801 -0.04247159 -0.01278666 -0.02033761 -0.04243645 -0.01276682 -0.02032113 -0.04249576 -0.01282111 -0.02034895 -0.04240826 -0.01278666 -0.02046437 -0.04237398 -0.01276682 -0.02044617 -0.04243183 -0.01282111 -0.02047688 -0.04233873 -0.01278666 -0.02058784 -0.04230539 -0.01276682 -0.02056796 -0.04236165 -0.01282111 -0.0206015 -0.04226317 -0.01278666 -0.02070771 -0.04223086 -0.01276682 -0.02068621 -0.04228539 -0.01282111 -0.0207225 -0.04218178 -0.01278666 -0.0208237 -0.04215057 -0.01276682 -0.02080063 -0.04220324 -0.01282111 -0.02083957 -0.04209476 -0.01278666 -0.02093553 -0.04206472 -0.01276682 -0.02091094 -0.04211541 -0.01282111 -0.02095243 -0.0420023 -0.01278666 -0.02104291 -0.04197353 -0.01276682 -0.02101687 -0.04202209 -0.01282111 -0.02106082 -0.04190465 -0.01278666 -0.02114559 -0.0418772 -0.01276682 -0.02111815 -0.04192353 -0.01282111 -0.02116445 -0.04180204 -0.01278666 -0.02124331 -0.04177598 -0.01276682 -0.02121455 -0.04181997 -0.01282111 -0.02126309 -0.04169473 -0.01278666 -0.02133584 -0.04167012 -0.01276682 -0.02130582 -0.04171165 -0.01282111 -0.02135648 -0.04158296 -0.01278666 -0.02142294 -0.04155987 -0.01276682 -0.02139175 -0.04159884 -0.01282111 -0.02144439 -0.04146703 -0.01278666 -0.02150441 -0.0414455 -0.01276682 -0.02147212 -0.04148183 -0.01282111 -0.02152662 -0.0413472 -0.01278666 -0.02158005 -0.0413273 -0.01276682 -0.02154673 -0.04136089 -0.01282111 -0.02160297 -0.04122379 -0.01278666 -0.02164967 -0.04120556 -0.01276682 -0.0216154 -0.04123632 -0.01282111 -0.02167323 -0.04109708 -0.01278666 -0.02171309 -0.04108057 -0.01276682 -0.02167797 -0.04110843 -0.01282111 -0.02173725 -0.04096738 -0.01278666 -0.02177018 -0.04095263 -0.01276682 -0.02173428 -0.04097753 -0.01282111 -0.02179486 -0.04083503 -0.01278666 -0.02182077 -0.04082207 -0.01276682 -0.02178419 -0.04084394 -0.01282111 -0.02184593 -0.04070033 -0.01278666 -0.02186476 -0.0406892 -0.01276682 -0.02182758 -0.04070798 -0.01282111 -0.02189033 -0.04056362 -0.01278666 -0.02190203 -0.04055434 -0.01276682 -0.02186435 -0.04057 -0.01282111 -0.02192795 -0.04042524 -0.01278666 -0.0219325 -0.04041783 -0.01276682 -0.0218944 -0.04043033 -0.01282111 -0.0219587 -0.04028551 -0.01278666 -0.02195608 -0.04028 -0.01276682 -0.02191766 -0.04014119 -0.01276682 -0.02193408 -0.04014479 -0.01278666 -0.02197272 -0.0402893 -0.01282111 -0.0219825 -0.04242328 -0.01267 -0.0201647 -0.04013759 -0.01274699 -0.02189543 -0.04245676 -0.01274699 -0.02017843 -0.04243207 -0.01271254 -0.0201683 -0.04240132 -0.01274699 -0.02030465 -0.04237716 -0.01271254 -0.02029331 -0.04236856 -0.01267 -0.02028928 -0.0423397 -0.01274699 -0.02042797 -0.04231612 -0.01271254 -0.02041545 -0.04230774 -0.01267 -0.02041099 -0.04227205 -0.01274699 -0.02054808 -0.04224913 -0.01271254 -0.02053442 -0.04224097 -0.01267 -0.02052955 -0.04219855 -0.01274699 -0.02066471 -0.04216842 -0.01267 -0.02064466 -0.04217633 -0.01271254 -0.02064993 -0.04211936 -0.01274699 -0.02077756 -0.0420979 -0.01271254 -0.02076169 -0.04209026 -0.01267 -0.02075605 -0.04203469 -0.01274699 -0.02088635 -0.04201404 -0.01271254 -0.02086944 -0.04200669 -0.01267 -0.02086343 -0.04194475 -0.01274699 -0.02099082 -0.04191792 -0.01267 -0.02096654 -0.04192496 -0.01271254 -0.02097292 -0.04184975 -0.01274699 -0.02109072 -0.04183086 -0.01271254 -0.02107185 -0.04182415 -0.01267 -0.02106514 -0.04174992 -0.01274699 -0.02118579 -0.04173199 -0.01271254 -0.02116602 -0.04172562 -0.01267 -0.02115898 -0.04164551 -0.01274699 -0.02127581 -0.04151524 -0.01267 -0.02133147 -0.04162859 -0.01271254 -0.02125517 -0.04162256 -0.01267 -0.02124783 -0.04153677 -0.01274699 -0.02136056 -0.04140391 -0.01267 -0.0214097 -0.04152089 -0.01271254 -0.02133911 -0.04142398 -0.01274699 -0.02143982 -0.04140918 -0.01271254 -0.02141761 -0.04128885 -0.01267 -0.02148234 -0.04130741 -0.01274699 -0.0215134 -0.04129372 -0.01271254 -0.02149049 -0.04118733 -0.01274699 -0.02158113 -0.04117034 -0.01267 -0.02154918 -0.0411748 -0.01271254 -0.02155757 -0.04106406 -0.01274699 -0.02164284 -0.0410527 -0.01271254 -0.02161869 -0.04104866 -0.01267 -0.02161009 -0.04093788 -0.01274699 -0.02169838 -0.04092774 -0.01271254 -0.02167369 -0.04092413 -0.01267 -0.02166491 -0.04080911 -0.01274699 -0.0217476 -0.0408002 -0.01271254 -0.02172244 -0.04079703 -0.01267 -0.02171349 -0.04067807 -0.01274699 -0.0217904 -0.04067041 -0.01271254 -0.02176483 -0.04066769 -0.01267 -0.02175573 -0.04054506 -0.01274699 -0.02182666 -0.04053868 -0.01271254 -0.02180075 -0.04053641 -0.01267 -0.02179152 -0.04041043 -0.01274699 -0.0218563 -0.04040533 -0.01271254 -0.0218301 -0.04040352 -0.01267 -0.02182077 -0.04027449 -0.01274699 -0.02187924 -0.0402707 -0.01271254 -0.02185282 -0.04013511 -0.01271254 -0.02186886 -0.04013423 -0.01267 -0.0218594 -0.04026936 -0.01267 -0.02184342 -0.04004139 -0.01276682 -0.02193872 -0.04004839 -0.01276683 -0.02193871 -0.04004139 -0.01274699 -0.02189991 -0.04004139 -0.01271254 -0.02187322 -0.04007267 -0.01271254 -0.02187273 -0.04004139 -0.01267 -0.02186372 -0.04007238 -0.01267 -0.02186324 -0.04010392 -0.01271254 -0.02187128 -0.04010333 -0.01267 -0.0218618 -0.04013049 -0.01276683 -0.02193504 -0.0400735 -0.01274699 -0.02189941 -0.04012506 -0.01271254 -0.02186974 -0.04010558 -0.01274699 -0.02189792 -0.04012727 -0.01274699 -0.02189634 -0.04004139 -0.01282111 -0.02200422 -0.04004603 -0.01278665 -0.02197752 -0.04004836 -0.01278666 -0.02197752 -0.04004371 -0.01278665 -0.02197752 -0.04004139 -0.01278666 -0.02197753 -0.04004599 -0.01282111 -0.02200422 -0.0400483 -0.01282111 -0.02200422 -0.04004369 -0.01282111 -0.02200422 -0.04010544 -0.01278618 -0.02197521 -0.04013754 -0.01278619 -0.02197282 -0.03411646 -0.01276682 -0.02193872 -0.03411646 -0.01278666 -0.02197753 -0.03411646 -0.01282111 -0.02200422 -0.03411646 -0.01267 -0.02186372 -0.03411646 -0.01271254 -0.02187322 -0.03411646 -0.01274699 -0.02189991 -0.03402274 -0.01271254 -0.02186886 -0.03403279 -0.01271254 -0.02186974 -0.03402362 -0.01267 -0.0218594 -0.03402026 -0.01274699 -0.02189543 -0.03405451 -0.01267 -0.0218618 -0.03405392 -0.01271254 -0.02187128 -0.03402736 -0.01276683 -0.02193504 -0.03403057 -0.01274699 -0.02189634 -0.03401665 -0.01276682 -0.02193408 -0.03408517 -0.01271254 -0.02187273 -0.03408547 -0.01267 -0.02186324 -0.03405227 -0.01274699 -0.02189792 -0.03410989 -0.01271254 -0.0218732 -0.03410946 -0.01276683 -0.02193871 -0.03408435 -0.01274699 -0.02189941 -0.03410971 -0.01274699 -0.02189989 -0.03401057 -0.01282111 -0.02199929 -0.03401671 -0.01278619 -0.02197249 -0.03401305 -0.01278666 -0.02197272 -0.03410955 -0.01282111 -0.02200422 -0.03408093 -0.01278619 -0.0219765 -0.03410949 -0.01278666 -0.02197752 -0.03157876 -0.01278666 -0.02007549 -0.03166517 -0.01276682 -0.02019316 -0.03161535 -0.01276682 -0.02006256 -0.03155359 -0.01282111 -0.02008438 -0.03387233 -0.01278666 -0.02195608 -0.03387784 -0.01276682 -0.02191766 -0.03386855 -0.01282111 -0.0219825 -0.03373261 -0.01278666 -0.0219325 -0.03374001 -0.01276682 -0.0218944 -0.03372752 -0.01282111 -0.0219587 -0.03359423 -0.01278666 -0.02190203 -0.0336035 -0.01276682 -0.02186435 -0.03358784 -0.01282111 -0.02192795 -0.03345752 -0.01278666 -0.02186476 -0.03346865 -0.01276682 -0.02182758 -0.03344986 -0.01282111 -0.02189033 -0.03332282 -0.01278666 -0.02182077 -0.03333578 -0.01276682 -0.02178419 -0.03331391 -0.01282111 -0.02184593 -0.03319046 -0.01278666 -0.02177018 -0.03320522 -0.01276682 -0.02173428 -0.03318032 -0.01282111 -0.02179486 -0.03306077 -0.01278666 -0.02171309 -0.03307728 -0.01276682 -0.02167797 -0.03304942 -0.01282111 -0.02173725 -0.03293406 -0.01278666 -0.02164967 -0.03295229 -0.01276682 -0.0216154 -0.03292153 -0.01282111 -0.02167323 -0.03281064 -0.01278666 -0.02158005 -0.03283054 -0.01276682 -0.02154673 -0.03279696 -0.01282111 -0.02160297 -0.03269082 -0.01278666 -0.02150441 -0.03271234 -0.01276682 -0.02147212 -0.03267602 -0.01282111 -0.02152662 -0.03257489 -0.01278666 -0.02142294 -0.03259798 -0.01276682 -0.02139175 -0.03248773 -0.01276682 -0.02130582 -0.03255901 -0.01282111 -0.0214444 -0.03246312 -0.01278666 -0.02133584 -0.0324462 -0.01282111 -0.02135648 -0.0323558 -0.01278666 -0.02124331 -0.03238187 -0.01276682 -0.02121455 -0.03233788 -0.01282111 -0.02126309 -0.03225319 -0.01278666 -0.02114559 -0.03228065 -0.01276682 -0.02111815 -0.03223431 -0.01282111 -0.02116445 -0.03215554 -0.01278666 -0.02104291 -0.03218432 -0.01276682 -0.02101687 -0.03213575 -0.01282111 -0.02106082 -0.03206309 -0.01278666 -0.02093553 -0.03209312 -0.01276682 -0.02091094 -0.03204244 -0.01282111 -0.02095244 -0.03197606 -0.01278666 -0.0208237 -0.03200727 -0.01276682 -0.02080063 -0.0319546 -0.01282111 -0.02083957 -0.03189467 -0.01278666 -0.02070771 -0.03192699 -0.01276682 -0.02068621 -0.03187245 -0.01282111 -0.0207225 -0.03181912 -0.01278666 -0.02058784 -0.03185246 -0.01276682 -0.02056796 -0.0317962 -0.01282111 -0.0206015 -0.03174959 -0.01278666 -0.02046437 -0.03178387 -0.01276682 -0.02044617 -0.03172602 -0.01282111 -0.02047689 -0.03168625 -0.01278666 -0.02033761 -0.03172139 -0.01276682 -0.02032113 -0.03166209 -0.01282111 -0.02034895 -0.03162926 -0.01278666 -0.02020788 -0.03160457 -0.01282111 -0.02021801 -0.03173456 -0.01267 -0.0201647 -0.03168607 -0.01267 -0.02003757 -0.03167711 -0.01271254 -0.02004073 -0.03388335 -0.01274699 -0.02187924 -0.03388714 -0.01271254 -0.02185282 -0.03388849 -0.01267 -0.02184342 -0.03374742 -0.01274699 -0.0218563 -0.03375251 -0.01271254 -0.0218301 -0.03375432 -0.01267 -0.02182077 -0.03361279 -0.01274699 -0.02182666 -0.03361917 -0.01271254 -0.02180075 -0.03362144 -0.01267 -0.02179152 -0.03347978 -0.01274699 -0.0217904 -0.03348744 -0.01271254 -0.02176483 -0.03349016 -0.01267 -0.02175573 -0.03334874 -0.01274699 -0.0217476 -0.03335765 -0.01271254 -0.02172244 -0.03336082 -0.01267 -0.02171349 -0.03321997 -0.01274699 -0.02169838 -0.03323011 -0.01271254 -0.02167369 -0.03323372 -0.01267 -0.02166491 -0.03309379 -0.01274699 -0.02164284 -0.03310514 -0.01271254 -0.02161869 -0.03310918 -0.01267 -0.02161009 -0.03297051 -0.01274699 -0.02158113 -0.03298305 -0.01271254 -0.02155757 -0.03298751 -0.01267 -0.02154918 -0.03285044 -0.01274699 -0.0215134 -0.03286412 -0.01271254 -0.02149049 -0.032869 -0.01267 -0.02148234 -0.03273386 -0.01274699 -0.02143982 -0.03274866 -0.01271254 -0.02141761 -0.03275393 -0.01267 -0.0214097 -0.03262107 -0.01274699 -0.02136056 -0.0326426 -0.01267 -0.02133147 -0.03263696 -0.01271254 -0.02133911 -0.03251234 -0.01274699 -0.02127581 -0.03253529 -0.01267 -0.02124783 -0.03252926 -0.01271254 -0.02125517 -0.03240793 -0.01274699 -0.02118579 -0.03242585 -0.01271254 -0.02116602 -0.03243223 -0.01267 -0.02115898 -0.0323081 -0.01274699 -0.02109072 -0.0323337 -0.01267 -0.02106514 -0.03232698 -0.01271254 -0.02107185 -0.0322131 -0.01274699 -0.02099082 -0.03223993 -0.01267 -0.02096654 -0.03223289 -0.01271254 -0.02097292 -0.03212315 -0.01274699 -0.02088635 -0.0321438 -0.01271254 -0.02086944 -0.03215115 -0.01267 -0.02086343 -0.03203848 -0.01274699 -0.02077756 -0.03206758 -0.01267 -0.02075605 -0.03205994 -0.01271254 -0.02076169 -0.0319593 -0.01274699 -0.02066471 -0.03198152 -0.01271254 -0.02064993 -0.03198943 -0.01267 -0.02064466 -0.0318858 -0.01274699 -0.02054808 -0.03190872 -0.01271254 -0.02053442 -0.03191688 -0.01267 -0.02052955 -0.03181815 -0.01274699 -0.02042797 -0.03184172 -0.01271254 -0.02041545 -0.03185011 -0.01267 -0.02041099 -0.03175653 -0.01274699 -0.02030465 -0.03178069 -0.01271254 -0.02029331 -0.03178929 -0.01267 -0.02028928 -0.03170108 -0.01274699 -0.02017843 -0.03165195 -0.01274699 -0.02004963 -0.03172577 -0.01271254 -0.0201683 -0.0316399 -0.01274699 -0.02001344 -0.03160264 -0.01276688 -0.02002508 -0.0316612 -0.01267 -0.01995639 -0.03166538 -0.01271254 -0.02000548 -0.03162618 -0.01274699 -0.01996551 -0.03156721 -0.01276709 -0.01987945 -0.03165201 -0.01271254 -0.01995879 -0.03160765 -0.01274699 -0.01987952 -0.03164331 -0.01267 -0.0198734 -0.03163395 -0.01271254 -0.01987501 -0.03159647 -0.01274699 -0.01979226 -0.03155408 -0.01276686 -0.01973015 -0.03163253 -0.01267 -0.01978919 -0.03162306 -0.01271254 -0.01979 -0.03159303 -0.01274699 -0.01972922 -0.03155392 -0.01276682 -0.01970437 -0.03159274 -0.01274699 -0.01970437 -0.03161971 -0.01271254 -0.01972858 -0.03161942 -0.01271254 -0.01970437 -0.03162892 -0.01267 -0.01970437 -0.03148845 -0.01282114 -0.01972981 -0.03148842 -0.01282111 -0.01970437 -0.0315152 -0.01278662 -0.01972147 -0.0315152 -0.01278666 -0.01973003 -0.0315152 -0.01278659 -0.01971292 -0.03151511 -0.01278666 -0.01970437 -0.03148845 -0.0128211 -0.01972133 -0.03148845 -0.01282107 -0.01971285 -0.03152739 -0.01278625 -0.01987556 -0.03149971 -0.012822 -0.01987979 -0.03157055 -0.01278622 -0.02005012 -0.03151511 -0.01278666 -0.01853818 -0.03148842 -0.01282111 -0.01853818 -0.03162892 -0.01257 -0.01853818 -0.03162892 -0.01257 -0.01970437 -0.03168607 -0.01257 -0.01820498 -0.0316612 -0.01257 -0.01828616 -0.03164331 -0.01257 -0.01836915 -0.03163253 -0.01257 -0.01845336 -0.03173456 -0.01257 -0.01807785 -0.03178929 -0.01257 -0.01795328 -0.03185011 -0.01257 -0.01783156 -0.03191688 -0.01257 -0.017713 -0.03198943 -0.01257 -0.01759789 -0.03206758 -0.01257 -0.01748651 -0.03215115 -0.01257 -0.01737913 -0.03223993 -0.01257 -0.01727601 -0.0323337 -0.01257 -0.01717741 -0.03243223 -0.01257 -0.01708357 -0.03253529 -0.01257 -0.01699472 -0.0326426 -0.01257 -0.01691108 -0.03275393 -0.01257 -0.01683285 -0.032869 -0.01257 -0.01676022 -0.03298751 -0.01257 -0.01669337 -0.03310918 -0.01257 -0.01663246 -0.03323372 -0.01257 -0.01657765 -0.03336082 -0.01257 -0.01652906 -0.03349016 -0.01257 -0.01648682 -0.03362144 -0.01257 -0.01645103 -0.03375432 -0.01257 -0.01642178 -0.03388849 -0.01257 -0.01639913 -0.03402362 -0.01257 -0.01638315 -0.03408547 -0.01257 -0.01637931 -0.03411646 -0.01257 -0.01637883 -0.03405451 -0.01257 -0.01638075 -0.04004139 -0.01257 -0.01637883 -0.04013423 -0.01257 -0.01638315 -0.04010333 -0.01257 -0.01638075 -0.04007238 -0.01257 -0.01637931 -0.04026936 -0.01257 -0.01639913 -0.04040352 -0.01257 -0.01642178 -0.04053641 -0.01257 -0.01645103 -0.04066769 -0.01257 -0.01648682 -0.04079703 -0.01257 -0.01652906 -0.04092413 -0.01257 -0.01657765 -0.04104866 -0.01257 -0.01663246 -0.04117034 -0.01257 -0.01669337 -0.04128885 -0.01257 -0.01676022 -0.04140391 -0.01257 -0.01683285 -0.04151524 -0.01257 -0.01691108 -0.04162256 -0.01257 -0.01699472 -0.04172562 -0.01257 -0.01708357 -0.04182415 -0.01257 -0.01717741 -0.04191792 -0.01257 -0.01727601 -0.04200669 -0.01257 -0.01737913 -0.04209026 -0.01257 -0.01748651 -0.04216842 -0.01257 -0.01759789 -0.04224097 -0.01257 -0.017713 -0.04230774 -0.01257 -0.01783156 -0.04236856 -0.01257 -0.01795328 -0.04242328 -0.01257 -0.01807785 -0.04247178 -0.01257 -0.01820498 -0.04249664 -0.01257 -0.01828616 -0.04251453 -0.01257 -0.01836915 -0.04252532 -0.01257 -0.01845336 -0.04252892 -0.01257 -0.01853818 -0.04252892 -0.01257 -0.01970437 -0.04249664 -0.01257 -0.01995639 -0.04247178 -0.01257 -0.02003757 -0.04251453 -0.01257 -0.0198734 -0.04252532 -0.01257 -0.01978919 -0.04242328 -0.01257 -0.0201647 -0.04236856 -0.01257 -0.02028928 -0.04230774 -0.01257 -0.02041099 -0.04224097 -0.01257 -0.02052955 -0.04216842 -0.01257 -0.02064466 -0.04209026 -0.01257 -0.02075605 -0.04200669 -0.01257 -0.02086343 -0.04191792 -0.01257 -0.02096654 -0.04182415 -0.01257 -0.02106514 -0.04172562 -0.01257 -0.02115898 -0.04162256 -0.01257 -0.02124783 -0.04151524 -0.01257 -0.02133147 -0.04140391 -0.01257 -0.0214097 -0.04128885 -0.01257 -0.02148234 -0.04117034 -0.01257 -0.02154918 -0.04104866 -0.01257 -0.02161009 -0.04092413 -0.01257 -0.02166491 -0.04079703 -0.01257 -0.02171349 -0.04066769 -0.01257 -0.02175573 -0.04053641 -0.01257 -0.02179152 -0.04040352 -0.01257 -0.02182077 -0.04026936 -0.01257 -0.02184342 -0.04013423 -0.01257 -0.0218594 -0.04004139 -0.01257 -0.02186372 -0.04007238 -0.01257 -0.02186324 -0.04010333 -0.01257 -0.0218618 -0.03411646 -0.01257 -0.02186372 -0.03405451 -0.01257 -0.0218618 -0.03402362 -0.01257 -0.0218594 -0.03408547 -0.01257 -0.02186324 -0.03388849 -0.01257 -0.02184342 -0.03375432 -0.01257 -0.02182077 -0.03362144 -0.01257 -0.02179152 -0.03349016 -0.01257 -0.02175573 -0.03336082 -0.01257 -0.02171349 -0.03323372 -0.01257 -0.02166491 -0.03310918 -0.01257 -0.02161009 -0.03298751 -0.01257 -0.02154918 -0.032869 -0.01257 -0.02148234 -0.03275393 -0.01257 -0.0214097 -0.0326426 -0.01257 -0.02133147 -0.03253529 -0.01257 -0.02124783 -0.03243223 -0.01257 -0.02115898 -0.0323337 -0.01257 -0.02106514 -0.03223993 -0.01257 -0.02096654 -0.03215115 -0.01257 -0.02086343 -0.03206758 -0.01257 -0.02075605 -0.03198943 -0.01257 -0.02064466 -0.03191688 -0.01257 -0.02052955 -0.03185011 -0.01257 -0.02041099 -0.03178929 -0.01257 -0.02028928 -0.03173456 -0.01257 -0.0201647 -0.03168607 -0.01257 -0.02003757 -0.0316612 -0.01257 -0.01995639 -0.03164331 -0.01257 -0.0198734 -0.03163253 -0.01257 -0.01978919 -0.04154742 -0.01257 -0.02077615 -0.04146466 -0.01257 -0.02085562 -0.04162621 -0.01257 -0.02069273 -0.04137811 -0.01257 -0.02093095 -0.04170084 -0.01257 -0.02060557 -0.04128799 -0.01257 -0.02100197 -0.04177111 -0.01257 -0.02051487 -0.04119452 -0.01257 -0.02106851 -0.04183688 -0.01257 -0.02042085 -0.0410979 -0.01257 -0.02113041 -0.04189798 -0.01257 -0.02032373 -0.04099837 -0.01257 -0.02118751 -0.04195427 -0.01257 -0.02022374 -0.04089619 -0.01257 -0.02123969 -0.04200561 -0.01257 -0.02012113 -0.04079157 -0.01257 -0.02128682 -0.04205188 -0.01257 -0.02001613 -0.04068478 -0.01257 -0.02132878 -0.04209297 -0.01257 -0.01990899 -0.04057607 -0.01257 -0.02136549 -0.04212878 -0.01257 -0.01979999 -0.04046569 -0.01257 -0.02139684 -0.04215923 -0.01257 -0.01968936 -0.04035392 -0.01257 -0.02142277 -0.04218424 -0.01257 -0.01957738 -0.04024101 -0.01257 -0.02144321 -0.04220375 -0.01257 -0.0194643 -0.04012724 -0.01257 -0.02145812 -0.04221772 -0.01257 -0.01935042 -0.04009209 -0.01257 -0.02146123 -0.04005685 -0.01257 -0.02146309 -0.04002158 -0.01257 -0.02146372 -0.04222612 -0.01257 -0.01923598 -0.04222892 -0.01257 -0.01912128 -0.04222612 -0.01257 -0.01900657 -0.04221772 -0.01257 -0.01889214 -0.04220375 -0.01257 -0.01877825 -0.04218424 -0.01257 -0.01866518 -0.04215923 -0.01257 -0.01855319 -0.04212878 -0.01257 -0.01844257 -0.04209297 -0.01257 -0.01833356 -0.04205188 -0.01257 -0.01822643 -0.04200561 -0.01257 -0.01812143 -0.04195427 -0.01257 -0.01801881 -0.04189798 -0.01257 -0.01791882 -0.04183688 -0.01257 -0.0178217 -0.04177111 -0.01257 -0.01772768 -0.04170084 -0.01257 -0.01763698 -0.04162621 -0.01257 -0.01754982 -0.04154742 -0.01257 -0.0174664 -0.04146466 -0.01257 -0.01738693 -0.04137811 -0.01257 -0.0173116 -0.04128799 -0.01257 -0.01724058 -0.04119452 -0.01257 -0.01717404 -0.0410979 -0.01257 -0.01711215 -0.04099837 -0.01257 -0.01705504 -0.04089619 -0.01257 -0.01700286 -0.04079157 -0.01257 -0.01695573 -0.04068478 -0.01257 -0.01691377 -0.04057607 -0.01257 -0.01687706 -0.04046569 -0.01257 -0.01684571 -0.04035392 -0.01257 -0.01681978 -0.04024101 -0.01257 -0.01679934 -0.04012724 -0.01257 -0.01678443 -0.04009209 -0.01257 -0.01678132 -0.04005685 -0.01257 -0.01677946 -0.04002158 -0.01257 -0.01677883 -0.03413627 -0.01257 -0.02146372 -0.03410099 -0.01257 -0.02146309 -0.03406575 -0.01257 -0.02146123 -0.03403061 -0.01257 -0.02145812 -0.03391684 -0.01257 -0.02144321 -0.03380393 -0.01257 -0.02142277 -0.03369216 -0.01257 -0.02139684 -0.03358178 -0.01257 -0.02136549 -0.03347307 -0.01257 -0.02132878 -0.03336628 -0.01257 -0.02128682 -0.03326166 -0.01257 -0.02123969 -0.03315947 -0.01257 -0.02118751 -0.03305995 -0.01257 -0.02113041 -0.03296333 -0.01257 -0.02106851 -0.03286985 -0.01257 -0.02100197 -0.03277973 -0.01257 -0.02093095 -0.03269319 -0.01257 -0.02085562 -0.03261042 -0.01257 -0.02077615 -0.03253163 -0.01257 -0.02069273 -0.03245701 -0.01257 -0.02060557 -0.03238673 -0.01257 -0.02051487 -0.03232096 -0.01257 -0.02042085 -0.03225986 -0.01257 -0.02032373 -0.03215224 -0.01257 -0.02012113 -0.03220358 -0.01257 -0.02022374 -0.03210597 -0.01257 -0.02001613 -0.03206488 -0.01257 -0.01990899 -0.03202907 -0.01257 -0.01979999 -0.03199862 -0.01257 -0.01968936 -0.03195409 -0.01257 -0.0194643 -0.03197361 -0.01257 -0.01957738 -0.03194012 -0.01257 -0.01935042 -0.03193172 -0.01257 -0.01923598 -0.03192892 -0.01257 -0.01912128 -0.03413627 -0.01257 -0.01677883 -0.03410099 -0.01257 -0.01677946 -0.03406575 -0.01257 -0.01678132 -0.03403061 -0.01257 -0.01678443 -0.03391684 -0.01257 -0.01679934 -0.03380393 -0.01257 -0.01681978 -0.03199862 -0.01257 -0.01855319 -0.03197361 -0.01257 -0.01866518 -0.03195409 -0.01257 -0.01877825 -0.03194012 -0.01257 -0.01889214 -0.03193172 -0.01257 -0.01900657 -0.03202907 -0.01257 -0.01844257 -0.03369216 -0.01257 -0.01684571 -0.03358178 -0.01257 -0.01687706 -0.03206488 -0.01257 -0.01833356 -0.03347307 -0.01257 -0.01691377 -0.03210597 -0.01257 -0.01822643 -0.03336628 -0.01257 -0.01695573 -0.03215224 -0.01257 -0.01812143 -0.03326166 -0.01257 -0.01700286 -0.03225986 -0.01257 -0.01791882 -0.03220358 -0.01257 -0.01801881 -0.03315947 -0.01257 -0.01705504 -0.03232096 -0.01257 -0.0178217 -0.03305995 -0.01257 -0.01711215 -0.03238673 -0.01257 -0.01772768 -0.03296333 -0.01257 -0.01717404 -0.03245701 -0.01257 -0.01763698 -0.03286985 -0.01257 -0.01724058 -0.03253163 -0.01257 -0.01754982 -0.03277973 -0.01257 -0.0173116 -0.03261042 -0.01257 -0.0174664 -0.03269319 -0.01257 -0.01738693 -0.0315152 -0.01278659 -0.01852965 -0.0315152 -0.01278662 -0.01852109 -0.03148845 -0.01282107 -0.01852972 -0.03148845 -0.0128211 -0.01852123 -0.04013754 -0.01318619 -0.02197282</float_array>
          <technique_common>
            <accessor count="3900" source="#cubeverts-array0-array" stride="3">
              <param type="float" name="X"/>
              <param type="float" name="Y"/>
              <param type="float" name="Z"/>
            </accessor>
          </technique_common>
        </source>
        <source id="cubenormals-array0">
          <float_array count="23400" id="cubenormals-array0-array">0 -1 0 0 -1 0 -0 -1 0 0 -1 0 0 -1 -0 -0 -1 0 0 -1 0 0 -1 -0 0 -1 0 -0 -1 0 0 -1 0 0 -1 -0 0 -1 0 -0 -1 0 0 -1 0 0 -1 0 0 -1 -0 -0 -1 0 0 -1 0 0 -1 -0 0 -1 0 -0 -1 0 0 -1 0 0 -1 -0 -0 -1 0 0 -1 0 0 -1 -0 0 -1 0 -0 -1 0 0 -1 0 0 -1 0 0 -1 -0 0 -1 0 -0 -1 0 0 -1 0 0 -1 -0 0 -1 0 0 -1 0 -0 -1 0 0 -1 -0 0 -1 0 -0 -1 0 0 -1 0 -0 -1 0 0 -1 0 0 -1 -0 0 -1 0 -0 -1 0 0 -1 -0 0 -1 0 -0 -1 0 0 -1 -0 0 -1 0 -0 -1 0 0 -1 -0 0 -1 0 -0 -1 0 0 -1 -0 0 -1 0 -0 -1 0 -0 -1 0 0 -1 -0 0 -1 -0 0 -1 0 0 -1 0 0 -1 0 -0 -1 0 -0 -1 0 -0 -1 0 0 -1 0 0 -1 0 -0 -1 0 0 -1 0 0 -1 0 -0 -1 0 0 -1 0 -0 -1 0 0 -1 0 0 -1 0 -0 -1 0 -0 -1 0 0 -1 0 -0 -1 0 0 -1 0 -0 -1 0 0 -1 0 -0 -1 0 0 -1 0 -0 -1 0 0 -1 0 -0 -1 0 -0 -1 0 0 -1 -0 -0 -1 0 0 -1 -0 -0 -1 0 0 -1 -0 -0 -1 0 0 -1 -0 -0 -1 0 0 -1 -0 -0 -1 0 0 -1 0 0 -1 -0 0 -1 0 0 -1 -0 0 -1 0 0 -1 -0 0 -1 0 0 -1 -0 0 -1 0 0 -1 -0 0 -1 0 0 -1 -0 0 -1 0 0 -1 -0 0 -1 0 0 -1 -0 0 -1 0 0 -1 -0 0 -1 0 0 -1 -0 0 -1 -0 0 -1 0 0 -1 -0 0 -1 0 0 -1 -0 0 -1 0 -0 -1 -0 0 -1 0 0 -1 0 0 -1 -0 0 -1 -0 0 -1 0 0 -1 -0 0 -1 0 0 -1 -0 0 -1 0 0 -1 -0 0 -1 0 0 -1 -0 0 -1 0 0 -1 -0 0 -1 0 0 -1 -0 0 -1 0 0 -1 -0 0 -1 0 0 -1 -0 0 -1 0 0 -1 -0 0 -1 0 0 -1 -0 -0 -1 0 0 -1 -0 -0 -1 0 0 -1 -0 -0 -1 0 0 -1 -0 -0 -1 0 0 -1 -0 -0 -1 0 0 -1 -0 0 -1 0 -0 -1 0 0 -1 0 -0 -1 0 0 -1 0 -0 -1 0 0 -1 0 -0 -1 0 -0 -1 0 0 -1 0 -0 -1 0 0 -1 0 0 -1 0 -0 -1 0 0 -1 0 -0 -1 0 0 -1 0 -0 -1 0 -0 -1 0 0 -1 0 -0 -1 0 0 -1 0 -0 -1 0 -0 -1 0 0 -1 0 0 -1 0 0 -1 -0 0 -1 -0 0 -1 -0 -0 -1 0 0 -1 0 0 -1 -0 -0 -1 0 -0 -1 0 0 -1 0 -0 -1 0 0 -1 0 0 -1 0 -0 -1 0 0 -1 0 -0 -1 0 0 -1 -0 0 -1 0 0 -1 0 0 -1 0 0 -1 0 0 -1 0 0 -1 -0 -0 -1 0 0 -1 0 -0 -1 0 0 -1 -0 0 -1 0 -0 -1 0 0 -1 -0 0 -1 0 0 -1 -0 0 -1 0 -0 -1 0 0 -1 0 0 -1 -0 0 -1 0 -0 -1 0 0 -1 0 0 -1 -0 0 -1 0 -0 -1 0 0 -1 0 0 -1 0 0 -1 -0 0 -1 0 -0 -1 0 0 -1 0 0 -1 -0 -0 -1 0 0 -1 0 0 -1 0 0 -1 -0 -0 -1 0 0 -1 0 0 -1 0 0 -1 -0 0 -1 0 -0 -1 0 0 -1 0 0 -1 -0 0 -1 0 -0 -1 0 0 -1 0 0 -1 -0 0 -1 0 -0 -1 0 0 -1 0 0 -1 -0 -0 -1 0 0.01550964 0 0.9998797 0.04646854 0 0.9989197 0.01550964 0 0.9998797 0.07736956 0 0.9970025 0.04646854 0 0.9989197 0.07736956 0 0.9970025 0.001108439 -0.8904889 0.4550036 0.01513694 -0.2179062 0.9758524 0.02062337 -0.8871868 0.4609493 0.007041205 -0.8909004 0.4541442 0.02139101 -0.887667 0.4599888 0.01229149 -0.6123238 0.7905116 0.01225612 -0.612344 0.7904965 0.01517339 -0.2178809 0.9758574 0.04031354 -0.8905246 0.4531454 0.03996335 -0.8904852 0.4532539 0.03294667 -0.8905174 0.4537547 0.04535209 -0.2178872 0.9749197 0.03672535 -0.6123468 0.7897359 0.04534244 -0.2178804 0.9749217 0.03672974 -0.6123443 0.7897376 0.08578169 -0.217907 0.9721924 0.06948569 -0.6123793 0.7875045 0.0754703 -0.2202116 0.9725282 0.05720558 -0.6123714 0.7884978 0.06943536 -0.6123698 0.7875164 0.05725281 -0.6123533 0.7885084 0.0706212 -0.2179003 0.9734126 0.08880542 -0.2179091 0.9719204 0.02788126 -0.6117322 0.7905734 0.08441634 -0.8896981 0.448677 -0.9012951 -0.2229205 0.3714477 0.04001882 -0.8921949 0.4498741 -0.7460802 -0.3179943 0.5850163 0.04351594 -0.2176818 0.9750492 0.00195169 -0.8905411 0.4548987 0.01850387 -0.6122795 0.7904248 0.01986861 -0.8957776 0.4440583 0.3518371 -0.5872558 0.7289315 0.1912828 -0.509293 0.8390658 9.12629e-05 -0.2179358 0.9759631 0.0002738172 -0.2179585 0.975958 -0.000342137 -0.8904985 0.4549861 0.001098531 -0.8905425 0.4548988 0.001108302 -0.8905423 0.4548993 0.0007311365 -0.8905242 0.4549351 -0.0001061025 -0.6123594 0.7905795 0.0005381592 -0.2179586 0.9759579 0.0009431167 -0.6124029 0.7905453 0.0007616947 -0.6124026 0.7905458 0.0001826549 -0.2179587 0.9759579 0.0007554131 -0.6124028 0.7905455 0.0005029737 -0.6124031 0.7905455 0.0001804295 -0.2179588 0.9759579 0.0005069564 -0.6124033 0.7905454 0.0002710928 -0.2179586 0.975958 0 -0.8904986 0.4549862 0 -0.8904986 0.4549862 0 -0.6123594 0.7905794 0 -0.2179358 0.9759631 0 -0.6123594 0.7905794 0 -0.2179358 0.9759631 0 -0.2179312 0.9759641 0 -0.2179312 0.9759641 0 -0.61237 0.7905713 0 -0.61237 0.7905713 0 -0.8904894 0.4550039 0 -0.8904894 0.4550039 0 0 1 0 0 1 -0.07736956 0 0.9970025 -0.04646854 0 0.9989197 -0.07736956 0 0.9970025 -0.01550964 0 0.9998797 -0.04646854 0 0.9989197 -0.01550964 0 0.9998797 -0.03997781 -0.8904868 0.4532494 -0.04031355 -0.8905246 0.4531454 -0.03294667 -0.8905174 0.4537547 -0.07547019 -0.220218 0.9725267 -0.08578156 -0.2179143 0.9721908 -0.06948602 -0.6123745 0.7875082 -0.06946084 -0.6123697 0.7875141 -0.0206233 -0.8871877 0.4609477 -0.02138853 -0.8876664 0.4599901 -0.05725159 -0.6123751 0.7884916 -0.05719634 -0.612353 0.7885127 -0.07060852 -0.2179003 0.9734135 -0.001107749 -0.8905196 0.4549435 -0.00154398 -0.8904884 0.4550033 -0.008517616 -0.8905077 0.4548886 -0.04535215 -0.2178803 0.9749212 -0.03672956 -0.6123493 0.7897336 -0.03672107 -0.6123444 0.7897379 -0.04534234 -0.2178871 0.9749201 -0.002752842 -0.6123677 0.7905683 -0.003398579 -0.2179299 0.9759585 -0.01513094 -0.2196329 0.9754653 -0.01830475 -0.2178901 0.9758017 -0.01480086 -0.612349 0.790449 -0.002682903 -0.6123762 0.790562 -0.0148276 -0.6123612 0.790439 -0.00110759 -0.8905424 0.4548988 -0.0004956757 -0.8904984 0.4549861 -0.0007332742 -0.6124194 0.7905327 -0.0002536 -0.6123594 0.7905795 -9.017478e-05 -0.2179171 0.9759673 -0.000212828 -0.2179358 0.9759631 -0.04351403 -0.2176402 0.9750586 -0.5906233 -0.5186721 0.6181774 -0.01986292 -0.8958408 0.4439311 -0.02697752 -0.6121693 0.7902663 -0.01104247 -0.8904852 0.4548782 -0.1642459 -0.4572204 0.8740553 -0.08878627 -0.2179138 0.9719211 -0.06288626 -0.8903044 0.4510027 -0.04966124 -0.6121991 0.7891426 -0.04001268 -0.8922299 0.4498053 0.9638786 -0.116649 0.2394387 0.6697721 -0.3209401 0.6696289 -0.0534448 -0.8904398 0.451952 -0.9118744 -0.2178897 0.3478638 -0.1146195 -0.2178503 0.9692284 -0.1146215 -0.2178443 0.9692295 -0.09285639 -0.6122569 0.7851873 -0.09285476 -0.6122603 0.7851849 -0.05344893 -0.8904352 0.4519605 -0.1624235 -0.2178498 0.9623721 -0.1624261 -0.2178423 0.9623734 -0.1315776 -0.6122595 0.7796318 -0.07573722 -0.8904358 0.4487628 -0.07573852 -0.8904395 0.4487551 -0.1315853 -0.6122443 0.7796423 -0.2098176 -0.2179018 0.9531502 -0.2098359 -0.21785 0.9531581 -0.09784438 -0.8904451 0.444448 -0.1699871 -0.6122451 0.7721789 -0.09784302 -0.8904396 0.4444592 -0.1699961 -0.6122285 0.7721901 -0.2567173 -0.2178779 0.941608 -0.2567077 -0.2179044 0.9416044 -0.2079784 -0.6122265 0.7628392 -0.2079682 -0.612244 0.7628279 -0.1197046 -0.8904406 0.4390743 -0.1197053 -0.8904454 0.4390645 -0.3029748 -0.217877 0.9277586 -0.3029832 -0.2178539 0.9277613 -0.1412827 -0.8904404 0.4326143 -0.1412826 -0.8904392 0.4326168 -0.2454576 -0.6122447 0.7516029 -0.2454437 -0.6122676 0.7515888 -0.3485039 -0.2178499 0.9116394 -0.3485028 -0.2178529 0.9116392 -0.2823323 -0.6122409 0.7385455 -0.1625017 -0.8904422 0.4250951 -0.1625018 -0.8904395 0.4251009 -0.2823152 -0.6122679 0.7385298 -0.3931551 -0.2178666 0.8932879 -0.3931618 -0.2178488 0.8932893 -0.3185114 -0.6122414 0.7236788 -0.1833301 -0.8904405 0.4165402 -0.1833298 -0.8904421 0.4165367 -0.3185121 -0.6122404 0.7236793 -0.4368789 -0.2178335 0.8727459 -0.3539193 -0.6122414 0.7070372 -0.4368666 -0.2178661 0.8727439 -0.2037128 -0.8904408 0.40696 -0.2037116 -0.890445 0.4069513 -0.3539193 -0.61225 0.7070297 -0.4794931 -0.2178998 0.8500624 -0.4795186 -0.2178328 0.8500651 -0.2235976 -0.89043 0.3964069 -0.2235922 -0.8904448 0.3963769 -0.3884631 -0.6122509 0.6886547 -0.3884703 -0.612241 0.6886594 -0.5209557 -0.217876 0.8253092 -0.5209461 -0.2179008 0.8253087 -0.4220299 -0.6122613 0.6686007 -0.2429316 -0.8904362 0.3848476 -0.2429345 -0.8904299 0.3848602 -0.4220453 -0.6122406 0.66861 -0.5611399 -0.2179092 0.7985222 -0.5611522 -0.2178768 0.7985223 -0.4546117 -0.6122332 0.6469147 -0.4545904 -0.6122614 0.6469031 -0.261666 -0.8904365 0.3723625 -0.2616662 -0.8904362 0.3723631 -0.5999645 -0.2178836 0.7697853 -0.5999544 -0.2179099 0.7697858 -0.279761 -0.8904425 0.3589511 -0.279765 -0.8904366 0.3589627 -0.4860553 -0.6122233 0.6236448 -0.4860476 -0.6122332 0.6236411 -0.637298 -0.2178843 0.7391736 -0.6373057 -0.2178642 0.7391729 -0.5163086 -0.612219 0.5988433 -0.2971671 -0.8904472 0.3446674 -0.2971708 -0.8904424 0.3446767 -0.5163049 -0.6122236 0.5988417 -0.6730701 -0.217907 0.7067483 -0.6730865 -0.217864 0.706746 -0.5452886 -0.6122405 0.5725573 -0.3138583 -0.8904431 0.329551 -0.3138547 -0.8904476 0.3295428 -0.5453063 -0.6122188 0.5725636 -0.7072338 -0.2178419 0.6725811 -0.7072083 -0.2179093 0.672586 -0.3297715 -0.8904414 0.3136316 -0.3297698 -0.8904431 0.3136284 -0.5729353 -0.6122407 0.5448914 -0.572943 -0.6122313 0.5448938 -0.7396321 -0.2178106 0.6367912 -0.7396203 -0.2178423 0.636794 -0.5991932 -0.6122297 0.5158899 -0.3448946 -0.8904354 0.2969387 -0.3448881 -0.8904417 0.2969276 -0.5991793 -0.6122711 0.5158568 -0.7702181 -0.2178439 0.5994232 -0.7702304 -0.2178103 0.5994195 -0.6239614 -0.6122715 0.485588 -0.3591571 -0.8904357 0.2795183 -0.3591575 -0.8904352 0.279519 -0.6239752 -0.6122348 0.4856167 -0.7989086 -0.2178767 0.5606021 -0.7989205 -0.2178439 0.560598 -0.6472355 -0.6122351 0.4541525 -0.6472192 -0.612254 0.4541501 -0.3725361 -0.8904437 0.2613944 -0.3850018 -0.890444 0.2426583 -0.3725461 -0.8904353 0.2614084 -0.8256683 -0.2178859 0.5203822 -0.8256717 -0.2178762 0.5203808 -0.6688961 -0.6122537 0.4215727 -0.3850075 -0.8904412 0.2426596 -0.6689098 -0.6122229 0.4215955 -0.850409 -0.2178479 0.4789016 -0.6889483 -0.6122221 0.3879875 -0.8503955 -0.217887 0.4789079 -0.3965421 -0.8904411 0.2233137 -0.6889434 -0.6122321 0.3879804 -0.396547 -0.8904375 0.2233193 -0.8730461 -0.217851 0.43627 -0.8730468 -0.2178486 0.4362696 -0.7072985 -0.6122309 0.3534151 -0.4071126 -0.8904375 0.2034215 -0.7072414 -0.6122968 0.3534151 -0.407115 -0.8904359 0.203424 -0.8935794 -0.217802 0.3925278 -0.8935633 -0.2178508 0.3925374 -0.738771 -0.6122122 0.2818041 -0.9119025 -0.2178016 0.3478452 -0.7238597 -0.612297 0.317993 -0.4166747 -0.8904361 0.183046 -0.7387091 -0.6122841 0.2818103 -0.4252107 -0.8904396 0.1622137 -0.7238708 -0.6122841 0.3179924 -0.4166822 -0.8904311 0.183053 -0.4252286 -0.8904309 0.1622142 -0.1146309 -0.2178554 0.9692258 -0.9118795 -0.2178852 0.347853 -0.4252127 -0.8904396 0.1622081 -0.09285732 -0.6122611 0.785184 -0.1146219 -0.2178811 0.9692212 -0.05344428 -0.8904421 0.4519476 -0.05345272 -0.8904329 0.4519647 -0.09286261 -0.6122503 0.7851917 -0.1624234 -0.2178863 0.9623639 -0.1624212 -0.2178788 0.9623659 -0.07573852 -0.8904395 0.4487551 -0.1315804 -0.6122522 0.7796371 -0.1315812 -0.6122549 0.7796348 -0.07573637 -0.8904417 0.4487512 -0.2098214 -0.2178385 0.9531639 -0.2098343 -0.217886 0.9531502 -0.09784974 -0.8904324 0.4444723 -0.0978418 -0.8904396 0.4444595 -0.1699831 -0.6122558 0.7721714 -0.1699881 -0.6122776 0.772153 -0.2567132 -0.217833 0.9416193 -0.2567144 -0.2178376 0.941618 -0.1197091 -0.8904319 0.4390908 -0.2079624 -0.6122779 0.7628024 -0.207963 -0.612281 0.7627997 -0.1197091 -0.8904319 0.4390908 -0.3029795 -0.2178493 0.9277635 -0.3029755 -0.2178327 0.9277686 -0.141286 -0.8904335 0.4326272 -0.2454496 -0.6122812 0.7515758 -0.1412884 -0.8904318 0.4326302 -0.2454455 -0.6122522 0.7516009 -0.3485017 -0.217875 0.9116343 -0.3484956 -0.2178482 0.911643 -0.1625076 -0.8904338 0.4251106 -0.1625087 -0.8904329 0.4251119 -0.2823234 -0.6122528 0.7385392 -0.2823233 -0.6122514 0.7385404 -0.3931637 -0.217862 0.8932852 -0.393167 -0.2178776 0.89328 -0.1833301 -0.8904405 0.4165402 -0.3185144 -0.6122521 0.7236684 -0.3185143 -0.6122509 0.7236695 -0.1833395 -0.8904338 0.4165503 -0.436864 -0.2178615 0.8727464 -0.4368721 -0.2179035 0.8727318 -0.2037188 -0.8904369 0.4069655 -0.2037129 -0.8904407 0.4069599 -0.3539189 -0.6122519 0.7070283 -0.3539187 -0.6122361 0.7070421 -0.4794988 -0.2178542 0.8500709 -0.4795078 -0.2179055 0.8500526 -0.2235901 -0.8904379 0.3963935 -0.2235915 -0.890437 0.3963948 -0.388455 -0.6122348 0.6886735 -0.3884537 -0.6122785 0.6886355 -0.5209659 -0.2178714 0.8253039 -0.5611397 -0.2178722 0.7985324 -0.5209628 -0.2178516 0.8253111 -0.4220342 -0.612272 0.6685881 -0.2429316 -0.8904362 0.3848476 -0.2429293 -0.8904376 0.3848458 -0.4220336 -0.6122804 0.6685809 -0.599959 -0.2178723 0.7697927 -0.5611404 -0.2178704 0.7985323 -0.2616577 -0.8904439 0.3723506 -0.2616708 -0.8904361 0.37236 -0.4545968 -0.6122437 0.6469153 -0.4545936 -0.6122718 0.6468909 -0.6372957 -0.2178796 0.739177 -0.5999564 -0.2178789 0.7697929 -0.4860437 -0.6122438 0.6236337 -0.4860346 -0.6122554 0.6236295 -0.2797696 -0.8904353 0.3589621 -0.2797549 -0.8904437 0.3589527 -0.6730891 -0.2178593 0.7067449 -0.6373035 -0.2178596 0.7391762 -0.2971821 -0.8904355 0.3446848 -0.2971822 -0.8904353 0.3446848 -0.5162933 -0.6122549 0.5988198 -0.5162942 -0.6122504 0.5988235 -0.7072274 -0.2178442 0.672587 -0.6730947 -0.217845 0.706744 -0.3138841 -0.8904242 0.329578 -0.3138638 -0.8904352 0.3295676 -0.5452766 -0.6122494 0.5725591 -0.5452671 -0.612289 0.572526 -0.7072067 -0.2178976 0.6725914 -0.5729067 -0.6122909 0.544865 -0.3297715 -0.8904414 0.3136317 -0.3298051 -0.8904237 0.3136467 -0.5729477 -0.6122419 0.5448768 -0.7396218 -0.217833 0.6367954 -0.7396247 -0.2179006 0.6367688 -0.3448946 -0.8904354 0.2969387 -0.3448824 -0.8904417 0.2969339 -0.5991877 -0.6122403 0.5158836 -0.5991743 -0.6122817 0.5158501 -0.7702188 -0.2178394 0.5994239 -0.7702187 -0.2178313 0.599427 -0.6239483 -0.6122823 0.4855913 -0.3591436 -0.8904444 0.2795078 -0.3591617 -0.8904353 0.2795138 -0.6239654 -0.6122624 0.4855945 -0.7989207 -0.2178482 0.5605962 -0.7989206 -0.2178393 0.5605996 -0.6472118 -0.6122646 0.4541462 -0.3725598 -0.8904288 0.261411 -0.3850273 -0.8904287 0.2426744 -0.3725274 -0.890445 0.261402 -0.6472132 -0.6122615 0.4541486 -0.825677 -0.2178493 0.5203837 -0.8256765 -0.2178814 0.520371 -0.3850172 -0.8904364 0.2426617 -0.668879 -0.61228 0.4215616 -0.3965484 -0.8904366 0.2233201 -0.6688858 -0.6122644 0.4215733 -0.8503993 -0.2178823 0.4789034 -0.8503999 -0.2178637 0.4789108 -0.6889093 -0.6122804 0.3879648 -0.6889045 -0.6122904 0.3879575 -0.3965473 -0.8904375 0.2233188 -0.8730489 -0.2178625 0.4362586 -0.8730498 -0.2178464 0.436265 -0.4071129 -0.8904376 0.203421 -0.7072803 -0.6122464 0.3534247 -0.4071079 -0.89044 0.2034204 -0.7072576 -0.6122904 0.3533936 -0.893561 -0.2178462 0.3925451 -0.893559 -0.2178737 0.3925344 -0.9118804 -0.2178749 0.347857 -0.7238952 -0.6122465 0.3180093 -0.4166591 -0.890444 0.1830428 -0.7238963 -0.6122445 0.3180107 -0.4166679 -0.8904397 0.1830435 -0.7387431 -0.6122435 0.2818099 -0.7387252 -0.6122639 0.2818119 -0.4252023 -0.8904446 0.1622079 -0.117452 0 0.9930786 -0.117452 0 0.9930786 -0.1664218 0 0.9860547 -0.1664218 0 0.9860547 -0.2149843 0 0.9766175 -0.2149843 0 0.9766175 -0.2630296 0 0.9647878 -0.2630296 0 0.9647878 -0.3104354 0 0.9505945 -0.3104354 0 0.9505945 -0.3570799 0 0.9340738 -0.3570799 0 0.9340738 -0.40284 0 0.9152704 -0.40284 0 0.9152704 -0.4476285 0 0.8942196 -0.4476285 0 0.8942196 -0.4912991 0 0.8709909 -0.4912991 0 0.8709909 -0.5337889 0 0.8456178 -0.5337889 0 0.8456178 -0.5749516 0 0.8181874 -0.5749516 0 0.8181874 -0.6147264 0 0.7887405 -0.6147264 0 0.7887405 -0.6529831 0 0.7573724 -0.6529831 0 0.7573724 -0.6896545 0 0.7241386 -0.6896545 0 0.7241386 -0.7246305 0 0.6891377 -0.7246305 0 0.6891377 -0.75782 0 0.6524637 -0.75782 0 0.6524637 -0.789171 0 0.6141735 -0.789171 0 0.6141735 -0.8185807 0 0.5743915 -0.8185807 0 0.5743915 -0.8460015 0 0.5331805 -0.8460015 0 0.5331805 -0.8713298 0 0.4906978 -0.8713298 0 0.4906978 -0.8945337 0 0.4470005 -0.8945337 0 0.4470005 -0.9155534 0 0.4021964 -0.9155534 0 0.4021964 -0.9343273 0 0.3564162 -0.9343273 0 0.3564162 -0.9561532 0 0.2928669 -0.9775429 0 0.2107364 -0.9561532 0 0.2928669 -0.9918994 0 0.127026 -0.9775429 0 0.2107364 -0.9990982 0 0.04246128 -0.9918994 0 0.127026 -0.9990982 0 0.04246128 -0.9260145 -0.2179146 0.3082374 -0.9288638 -0.2372067 0.2845082 -0.43041 -0.8909771 0.144592 -0.7501512 -0.6123172 0.2496815 -0.4317637 -0.890465 0.1437089 -0.7501543 -0.6123059 0.2496998 -0.9382892 -0.2179005 0.2685755 -0.4620774 -0.8798455 0.1111599 -0.7601233 -0.6122599 0.2176017 -0.4365359 -0.8909654 0.1249678 -0.7601141 -0.6122807 0.2175747 -0.9540903 -0.217732 0.2056806 -0.9540858 -0.2177739 0.2056571 -0.7730764 -0.6120328 0.1666398 -0.7730685 -0.6120453 0.16663 -0.4431708 -0.8913333 0.09552265 -0.9681005 -0.2177398 0.1239783 -0.968102 -0.2177311 0.1239831 -0.4751774 -0.8788329 0.04311837 -0.4444346 -0.8940005 0.05692898 -0.7844226 -0.6120337 0.1004791 -0.7844016 -0.6120642 0.1004569 -0.9714114 -0.2337851 0.0412846 -0.9758974 -0.2179163 0.01168924 -0.9745385 -0.2178318 0.05314069 -0.7905138 -0.6123692 0.009589349 -0.454997 -0.8904759 0.005519349 -0.4543216 -0.890828 0.00417499 -0.7905568 -0.6123155 0.009469238 -0.4537957 -0.890763 0.02471129 -0.7895094 -0.6122309 0.0429925 -0.7895574 -0.6121645 0.04305384 -0.4313441 -0.8904737 0.1449096 -0.8162233 -0.5521181 -0.1701324 -0.9226025 -0.2179481 0.3182814 -0.8147177 -0.5557064 -0.1656063 -0.4534921 -0.8903062 0.0412287 -0.9728783 -0.2170221 0.08005712 -0.7881838 -0.6111779 0.07230456 -0.4260852 -0.8988718 0.1023764 -0.7262733 -0.6123076 0.3124205 -0.4504947 -0.8918835 0.03997863 -0.951298 -0.1974807 0.236714 -0.7320573 -0.6067911 0.3096718 -0.7851104 -0.6153128 0.0706532 -0.9684988 -0.2342326 0.08452971 -0.9759631 -0.2179358 0.0002228383 -0.9759064 -0.2181869 0.001140263 -0.4550032 -0.890488 -0.001790864 -0.4536945 -0.8911475 0.004171616 -0.4537818 -0.8911005 0.00467013 -0.4542184 -0.8908862 0.002682794 -0.790558 -0.6123866 -0.0008274375 -0.7900436 -0.6130411 0.003445845 -0.975905 -0.2181904 0.00157854 -0.790042 -0.6130449 0.003101756 -0.9759049 -0.2181957 0.0006694641 -0.7900553 -0.6130272 0.003212836 -0.7900554 -0.6130327 0.001846004 -0.7900453 -0.6130455 0.001930417 -0.9759055 -0.2181923 0.0006870653 -0.9759048 -0.2181939 0.001103972 -0.4550039 -0.8904895 0 -0.4550039 -0.8904895 0 -0.7905583 -0.6123868 0 -0.7905583 -0.6123868 0 -0.9759631 -0.2179358 0 -0.9759631 -0.2179358 0 -0.9759641 -0.2179312 -0 -0.9759641 -0.2179312 0 -0.7905501 -0.6123974 0 -0.7905501 -0.6123974 -0 -0.4550039 -0.8904895 0 -0.4550039 -0.8904895 -0 -1 -0 0 -1 0 -0 -0.9561512 -0 -0.2928731 -0.9561512 -0 -0.2928731 -0.9775439 -0 -0.2107318 -0.9775439 0 -0.2107318 -0.9918994 -0 -0.127026 -0.9918994 0 -0.127026 -0.9990982 -0 -0.04246128 -0.9990982 0 -0.04246128 -0.7501633 -0.6123168 -0.2496459 -0.4317655 -0.8904676 -0.1436867 -0.4304183 -0.8909774 -0.1445658 -0.9288731 -0.237159 -0.2845177 -0.9260296 -0.2179144 -0.3081923 -0.7501662 -0.6123063 -0.2496631 -0.4620979 -0.8798338 -0.1111668 -0.4365303 -0.8909656 -0.124986 -0.7601178 -0.6122601 -0.2176201 -0.7601047 -0.6122726 -0.2176309 -0.9382747 -0.2179002 -0.2686261 -0.4431852 -0.8913258 -0.09552574 -0.9540913 -0.217732 -0.205676 -0.9540867 -0.2177738 -0.2056527 -0.7730779 -0.6120329 -0.166632 -0.7730719 -0.6120396 -0.1666351 -0.4751782 -0.8788323 -0.04312174 -0.4444432 -0.8939961 -0.05693007 -0.9681005 -0.2177398 -0.1239783 -0.968102 -0.2177311 -0.1239831 -0.7844253 -0.6120333 -0.1004599 -0.7843995 -0.6120637 -0.1004761 -0.4543216 -0.890828 -0.004174372 -0.4549969 -0.8904759 -0.005518482 -0.4537957 -0.890763 -0.0247128 -0.7905146 -0.6123699 -0.00946796 -0.9758975 -0.2179163 -0.01168832 -0.971411 -0.2337869 -0.04128458 -0.9745384 -0.2178318 -0.05314232 -0.7905545 -0.6123165 -0.009588364 -0.7895054 -0.6122317 -0.04305234 -0.7895587 -0.6121668 -0.04299778 -0.9759631 -0.2179358 -0.0002228383 -0.4536945 -0.8911476 -0.004170999 -0.4537822 -0.8911003 -0.00467117 -0.4550032 -0.890488 0.001790864 -0.4542186 -0.8908862 -0.002682196 -0.9759048 -0.2181938 -0.001140559 -0.790042 -0.6130449 -0.003101756 -0.9759063 -0.2181871 -0.001103937 -0.7900555 -0.613027 -0.003213552 -0.790558 -0.6123866 0.0008274375 -0.9759056 -0.2181924 -0.0006693017 -0.7900453 -0.6130457 -0.001845631 -0.7900554 -0.6130323 -0.001930376 -0.9759048 -0.2181956 -0.0006870758 -0.7900436 -0.6130411 -0.003445845 -0.975905 -0.2181904 -0.00157854 -0.4535808 -0.8905089 -0.03547012 -0.7885923 -0.6115439 -0.06431355 -0.7347844 -0.6129762 -0.290434 -0.439514 -0.8920003 -0.105655 -0.4363962 -0.8988765 -0.03974126 -0.9733005 -0.2171516 -0.07437199 -0.9770032 -0.1975105 -0.08033974 -0.9431888 -0.2352896 -0.2345925 -0.7404336 -0.6072838 -0.2880355 -0.7855899 -0.6155784 -0.06254569 -0.9226026 -0.2179481 -0.3182814 -0.4282294 -0.8904938 -0.1537544 -0.7491238 -0.6122808 -0.2528354 -0.4264346 -0.8931091 -0.1432119 -0.6985475 -0.3546626 0.6214868 -0.8933243 -0.4491495 -0.01537527 -0.9118744 -0.2178897 -0.3478638 -0.1146213 -0.2178503 -0.9692281 -0.9119025 -0.2178016 -0.3478452 -0.4252099 -0.8904396 -0.1622158 -0.738767 -0.6122021 -0.2818365 -0.4252346 -0.8904276 -0.1622165 -0.7387193 -0.6122838 -0.2817844 -0.8935695 -0.2178507 -0.3925235 -0.8935733 -0.2178019 -0.3925418 -0.7238688 -0.6122841 -0.3179969 -0.4166901 -0.8904275 -0.1830528 -0.4166722 -0.8904362 -0.1830513 -0.7238618 -0.6122969 -0.3179884 -0.8730465 -0.2178486 -0.4362703 -0.8730463 -0.2178511 -0.4362693 -0.4071121 -0.8904375 -0.2034225 -0.4071155 -0.8904359 -0.203423 -0.7072526 -0.6122971 -0.3533922 -0.7072868 -0.6122312 -0.3534378 -0.8504015 -0.2178869 -0.4788973 -0.8504031 -0.2178479 -0.4789122 -0.6889434 -0.6122321 -0.3879803 -0.6889483 -0.6122221 -0.3879875 -0.39655 -0.8904366 -0.2233175 -0.3965482 -0.8904375 -0.2233171 -0.8256701 -0.2178762 -0.5203834 -0.8256699 -0.2178859 -0.5203796 -0.6689129 -0.6122229 -0.4215907 -0.384992 -0.8904489 -0.2426561 -0.3850172 -0.8904364 -0.2426619 -0.6689056 -0.6122391 -0.4215787 -0.7989146 -0.217844 -0.5606063 -0.7989144 -0.2178768 -0.5605938 -0.3725494 -0.8904353 -0.2614038 -0.3725226 -0.8904487 -0.2613961 -0.6472298 -0.6122384 -0.454156 -0.6472312 -0.6122352 -0.4541584 -0.770224 -0.2178104 -0.5994278 -0.7702245 -0.2178441 -0.5994149 -0.6239751 -0.6122349 -0.4856167 -0.3591577 -0.8904353 -0.2795188 -0.3591569 -0.8904357 -0.2795185 -0.6239614 -0.6122715 -0.485588 -0.7396267 -0.2178421 -0.6367865 -0.7396256 -0.2178106 -0.6367986 -0.3448853 -0.8904417 -0.2969308 -0.5991793 -0.6122711 -0.5158568 -0.3448972 -0.8904355 -0.2969355 -0.5991932 -0.6122297 -0.5158898 -0.7072228 -0.2179092 -0.6725707 -0.7072193 -0.2178417 -0.6725963 -0.3297723 -0.8904414 -0.3136307 -0.3297809 -0.8904369 -0.3136346 -0.5729405 -0.6122312 -0.5448964 -0.5729377 -0.6122406 -0.5448887 -0.6730814 -0.2178339 -0.70676 -0.6730866 -0.2179071 -0.7067325 -0.5452952 -0.6122386 -0.5725531 -0.3138491 -0.8904477 -0.3295478 -0.5452947 -0.6122406 -0.5725514 -0.3138693 -0.8904367 -0.3295582 -0.6373074 -0.2178526 -0.7391749 -0.6373056 -0.2178326 -0.7391824 -0.2971733 -0.8904423 -0.3446745 -0.5162967 -0.6122397 -0.5988322 -0.5162958 -0.6122443 -0.5988284 -0.2971646 -0.8904471 -0.3446696 -0.5999625 -0.2178507 -0.7697961 -0.5999654 -0.2178769 -0.7697865 -0.4860403 -0.6122548 -0.6236256 -0.2797682 -0.8904366 -0.3589603 -0.2797579 -0.8904425 -0.3589536 -0.486042 -0.6122448 -0.623634 -0.561144 -0.2178769 -0.7985281 -0.5611438 -0.2178752 -0.7985287 -0.4545948 -0.6122555 -0.6469055 -0.2616663 -0.8904362 -0.372363 -0.2616659 -0.8904365 -0.3723626 -0.4545904 -0.6122614 -0.6469031 -0.5209584 -0.2178759 -0.8253074 -0.5209569 -0.2178656 -0.8253111 -0.422046 -0.6122406 -0.6686095 -0.2429301 -0.8904375 -0.3848453 -0.4220442 -0.6122615 -0.6685914 -0.2429324 -0.8904362 -0.3848471 -0.4795063 -0.2178693 -0.8500627 -0.4795054 -0.2178636 -0.8500648 -0.3884584 -0.612251 -0.6886572 -0.2235957 -0.8904369 -0.3963926 -0.2235941 -0.8904379 -0.3963911 -0.3884588 -0.6122408 -0.6886659 -0.4368653 -0.2178661 -0.8727446 -0.4368661 -0.2178708 -0.872743 -0.2037103 -0.8904408 -0.4069611 -0.2037162 -0.8904368 -0.4069669 -0.3539193 -0.6122501 -0.7070297 -0.3539193 -0.6122414 -0.7070372 -0.3931568 -0.2178487 -0.8932916 -0.3931602 -0.2178666 -0.8932856 -0.1833406 -0.8904339 -0.4165499 -0.1833311 -0.8904405 -0.4165397 -0.3185118 -0.6122415 -0.7236785 -0.3185118 -0.6122404 -0.7236795 -0.3485037 -0.2178529 -0.9116388 -0.3485031 -0.2178499 -0.9116398 -0.282332 -0.612242 -0.7385447 -0.1624923 -0.890448 -0.4250868 -0.1625111 -0.8904338 -0.4251091 -0.2823319 -0.6122409 -0.7385457 -0.3029816 -0.217877 -0.9277563 -0.3029764 -0.2178539 -0.9277634 -0.2454488 -0.6122416 -0.7516083 -0.1412727 -0.8904477 -0.4326024 -0.2454492 -0.6122447 -0.7516057 -0.1412819 -0.8904403 -0.4326145 -0.2567157 -0.2179043 -0.9416022 -0.2567093 -0.2178778 -0.9416102 -0.2079748 -0.6122441 -0.7628261 -0.1197078 -0.8904407 -0.4390734 -0.2079718 -0.6122265 -0.762841 -0.1197125 -0.8904366 -0.4390803 -0.09784221 -0.8904362 -0.4444663 -0.2098201 -0.21785 -0.9531615 -0.2098334 -0.2179019 -0.9531468 -0.1699899 -0.6122285 -0.7721916 -0.09784302 -0.8904396 -0.4444592 -0.1699934 -0.612245 -0.7721776 -0.1624238 -0.2178424 -0.9623737 -0.1624258 -0.2178498 -0.9623717 -0.1146196 -0.2178443 -0.9692296 -0.07573601 -0.8904395 -0.4487556 -0.1315796 -0.6122442 -0.7796434 -0.09285476 -0.6122603 -0.7851849 -0.09285639 -0.6122569 -0.7851873 -0.05344995 -0.8904307 -0.4519691 -0.1315834 -0.6122594 -0.7796308 -0.07573976 -0.8904358 -0.4487624 -0.05345197 -0.8904353 -0.4519601 -0.4252067 -0.8904428 -0.1622059 -0.1146175 -0.2178554 -0.9692275 -0.9118784 -0.2178851 -0.3478562 -0.9118817 -0.2178749 -0.3478538 -0.7387252 -0.6122639 -0.2818119 -0.7387431 -0.6122434 -0.2818099 -0.4251963 -0.8904479 -0.1622056 -0.8935647 -0.2178462 -0.3925369 -0.8935554 -0.2178736 -0.3925427 -0.7238949 -0.6122465 -0.3180101 -0.4166656 -0.8904397 -0.1830485 -0.4166536 -0.8904477 -0.1830372 -0.7238966 -0.6122445 -0.31801 -0.873053 -0.2178439 -0.4362597 -0.8730521 -0.2178464 -0.4362602 -0.4071121 -0.8904375 -0.2034225 -0.707288 -0.6122465 -0.3534088 -0.4071086 -0.89044 -0.2034189 -0.7072496 -0.6122906 -0.3534094 -0.8503929 -0.2178824 -0.4789146 -0.8504068 -0.2178432 -0.4789077 -0.6889026 -0.6122903 -0.387961 -0.3965424 -0.8904411 -0.2233132 -0.6889113 -0.6122804 -0.3879613 -0.3965473 -0.8904375 -0.2233188 -0.8256826 -0.2178492 -0.5203749 -0.825671 -0.2178813 -0.5203799 -0.3850093 -0.8904412 -0.2426567 -0.3850254 -0.8904287 -0.2426771 -0.6688758 -0.6122798 -0.421567 -0.6688892 -0.6122643 -0.4215681 -0.7989222 -0.2178393 -0.5605972 -0.798919 -0.2178481 -0.5605985 -0.6472139 -0.6122615 -0.4541476 -0.3725341 -0.8904449 -0.261393 -0.3725536 -0.8904287 -0.2614203 -0.6472112 -0.6122646 -0.4541472 -0.7702202 -0.2178313 -0.599425 -0.7702172 -0.2178392 -0.599426 -0.6239483 -0.6122823 -0.4855913 -0.3591577 -0.8904353 -0.2795188 -0.3591474 -0.8904445 -0.2795027 -0.6239654 -0.6122624 -0.4855945 -0.7396057 -0.2179278 -0.6367816 -0.739642 -0.2178332 -0.6367719 -0.5991789 -0.6122818 -0.5158446 -0.3448853 -0.8904417 -0.2969307 -0.5991982 -0.6122224 -0.5158926 -0.3448918 -0.8904353 -0.296942 -0.7072274 -0.2178442 -0.672587 -0.7071956 -0.2179262 -0.6725939 -0.3297907 -0.89043 -0.3136439 -0.5729582 -0.6122231 -0.5448868 -0.3297798 -0.8904416 -0.3136226 -0.5729014 -0.612291 -0.5448704 -0.6730891 -0.2178594 -0.7067449 -0.6730947 -0.217845 -0.706744 -0.313866 -0.8904351 -0.3295655 -0.5452883 -0.6122491 -0.5725483 -0.3138698 -0.8904306 -0.329574 -0.5452557 -0.6122887 -0.5725371 -0.6372957 -0.2178795 -0.739177 -0.6373035 -0.2178595 -0.7391762 -0.2971822 -0.8904353 -0.3446849 -0.2971821 -0.8904354 -0.3446847 -0.516292 -0.6122549 -0.598821 -0.5162956 -0.6122504 -0.5988224 -0.5999564 -0.2178789 -0.7697929 -0.599959 -0.2178723 -0.7697927 -0.2797596 -0.8904437 -0.3589493 -0.4860437 -0.6122438 -0.6236337 -0.2797652 -0.8904353 -0.3589658 -0.4860345 -0.6122554 -0.6236295 -0.5611397 -0.2178722 -0.7985324 -0.5611404 -0.2178704 -0.7985323 -0.2616663 -0.8904362 -0.3723629 -0.4546061 -0.6122438 -0.6469086 -0.4545843 -0.612272 -0.6468973 -0.261662 -0.8904439 -0.3723474 -0.5209605 -0.2178713 -0.8253074 -0.5209823 -0.2178164 -0.8253081 -0.4220308 -0.6122804 -0.6685826 -0.2429301 -0.8904375 -0.3848453 -0.2429308 -0.8904361 -0.3848481 -0.4220371 -0.6122721 -0.6685863 -0.4794827 -0.2179057 -0.8500667 -0.4795174 -0.2178179 -0.8500696 -0.3884704 -0.6122347 -0.6886651 -0.2235881 -0.8904448 -0.3963791 -0.3884385 -0.6122783 -0.6886442 -0.2235906 -0.8904379 -0.3963932 -0.4368764 -0.2178613 -0.8727403 -0.4368598 -0.2179034 -0.872738 -0.3539131 -0.612252 -0.7070311 -0.2037103 -0.8904407 -0.4069611 -0.3539244 -0.6122361 -0.7070392 -0.2037093 -0.8904449 -0.4069526 -0.3931623 -0.2178777 -0.893282 -0.3931683 -0.217862 -0.8932831 -0.3185148 -0.6122508 -0.7236693 -0.183334 -0.8904421 -0.416535 -0.318514 -0.6122521 -0.7236686 -0.1833343 -0.8904406 -0.4165383 -0.3485038 -0.2178482 -0.9116399 -0.3484935 -0.217875 -0.9116374 -0.2823229 -0.6122528 -0.7385393 -0.1625027 -0.890433 -0.425114 -0.2823238 -0.6122515 -0.7385401 -0.1625022 -0.8904422 -0.4250949 -0.2454455 -0.6122522 -0.7516009 -0.3029806 -0.2178328 -0.927767 -0.3029743 -0.2178492 -0.9277652 -0.2454495 -0.6122812 -0.7515758 -0.1412872 -0.8904335 -0.4326268 -0.1412871 -0.8904318 -0.4326306 -0.2567106 -0.2178778 -0.9416097 -0.2567274 -0.217833 -0.9416155 -0.2079793 -0.6122513 -0.7628191 -0.2079618 -0.612281 -0.7628 -0.1197091 -0.8904319 -0.4390909 -0.1197104 -0.8904406 -0.4390728 -0.2098216 -0.2178792 -0.9531545 -0.169982 -0.6122507 -0.7721756 -0.2098191 -0.2178861 -0.9531535 -0.1624367 -0.2178863 -0.9623616 -0.09784114 -0.8904412 -0.4444566 -0.1699831 -0.6122558 -0.7721714 -0.09784076 -0.8904397 -0.4444597 -0.1315812 -0.6122549 -0.7796347 -0.1624228 -0.2178377 -0.962375 -0.114623 -0.2178397 -0.9692304 -0.1315804 -0.6122522 -0.7796371 -0.07573707 -0.8904396 -0.4487554 -0.09285831 -0.6122503 -0.7851923 -0.09286164 -0.6122611 -0.7851835 -0.05345064 -0.8904418 -0.4519472 -0.07573782 -0.8904416 -0.448751 -0.05345038 -0.8904421 -0.4519467 -0.9343273 0 -0.3564162 -0.9155534 0 -0.4021964 -0.9343273 0 -0.3564162 -0.8945365 0 -0.4469949 -0.9155534 0 -0.4021964 -0.8713264 0 -0.4907038 -0.8945365 0 -0.4469949 -0.8460015 0 -0.5331805 -0.8713264 0 -0.4907038 -0.8460015 0 -0.5331805 -0.8185807 0 -0.5743915 -0.8185807 0 -0.5743915 -0.789171 0 -0.6141735 -0.789171 0 -0.6141735 -0.75782 0 -0.6524637 -0.75782 0 -0.6524637 -0.7246305 0 -0.6891377 -0.7246305 0 -0.6891377 -0.6896545 0 -0.7241386 -0.6896545 0 -0.7241386 -0.6529831 0 -0.7573724 -0.6529831 0 -0.7573724 -0.6147264 0 -0.7887405 -0.6147264 0 -0.7887405 -0.5749516 0 -0.8181874 -0.5749516 0 -0.8181874 -0.5337989 0 -0.8456115 -0.5337989 0 -0.8456115 -0.4912885 0 -0.8709969 -0.4912885 0 -0.8709969 -0.4476285 0 -0.8942196 -0.4476285 0 -0.8942196 -0.40284 0 -0.9152704 -0.40284 0 -0.9152704 -0.3570799 0 -0.9340738 -0.3570799 0 -0.9340738 -0.3104354 0 -0.9505945 -0.3104354 0 -0.9505945 -0.2630296 0 -0.9647878 -0.2630296 0 -0.9647878 -0.2149843 0 -0.9766175 -0.2149843 0 -0.9766175 -0.1664354 0 -0.9860524 -0.1664354 0 -0.9860524 -0.1174382 0 -0.9930802 -0.1174382 0 -0.9930802 -0.01550964 0 -0.9998797 -0.01550964 -0 -0.9998797 -0.04646854 -0 -0.9989197 -0.04646854 0 -0.9989197 -0.07736956 -0 -0.9970025 -0.07736956 0 -0.9970025 -0.00110781 -0.8904979 -0.4549859 -0.01513694 -0.2179062 -0.9758524 -0.02063344 -0.887194 -0.460935 -0.007040922 -0.8909097 -0.454126 -0.02138853 -0.8876664 -0.4599901 -0.0122433 -0.6123242 -0.7905121 -0.01225645 -0.6123165 -0.7905176 -0.01511375 -0.2179224 -0.9758491 -0.04023337 -0.8905247 -0.4531522 -0.03997631 -0.8904958 -0.4532318 -0.03294667 -0.8905174 -0.4537547 -0.04535209 -0.2178872 -0.9749197 -0.0367209 -0.6123493 -0.7897341 -0.04540139 -0.2179218 -0.9749096 -0.03677883 -0.6123166 -0.7897567 -0.08578154 -0.2179143 -0.9721908 -0.06948601 -0.6123745 -0.7875082 -0.07547019 -0.220218 -0.9725267 -0.07060852 -0.2179003 -0.9734135 -0.06946084 -0.6123697 -0.7875141 -0.05725281 -0.6123533 -0.7885084 -0.05719509 -0.6123754 -0.7884955 -0.08878627 -0.2179138 -0.9719211 0.9013106 -0.2229 -0.3714226 -0.03993882 -0.8921978 -0.4498754 -0.02832647 -0.6117465 -0.7905464 -0.08473629 -0.8896737 -0.4486651 0.7460498 -0.3179964 -0.5850537 -0.04351635 -0.2176402 -0.9750585 -0.001952473 -0.890532 -0.4549165 -0.01850267 -0.6123068 -0.7904037 -0.01987942 -0.8957718 -0.4440695 -0.3518371 -0.5872558 -0.7289315 -0.1913082 -0.5093067 -0.8390517 -9.111031e-05 -0.2179358 -0.9759631 -0.0002737648 -0.2179168 -0.9759673 0.0003415166 -0.8904894 -0.4550039 -0.001096716 -0.8905334 -0.4549165 -0.001107741 -0.8905331 -0.454917 -0.0007323317 -0.8905153 -0.4549528 -0.0001823636 -0.2179171 -0.9759672 0.0007603798 -0.6123592 -0.7905793 0.0002705927 -0.2179174 -0.9759672 -0.0009415429 -0.6124303 -0.7905241 -0.0007604676 -0.6124299 -0.7905245 -0.0007547273 -0.6124302 -0.7905244 -0.0005032116 -0.6124305 -0.7905244 -0.0001806941 -0.2179171 -0.9759673 -0.0005078197 -0.6124306 -0.7905241 -0.0002705922 -0.217917 -0.9759673 -0 -0.8904894 -0.4550039 -0 -0.8904894 -0.4550039 -0 -0.6123594 -0.7905794 -0 -0.2179358 -0.9759631 0 -0.6123594 -0.7905794 -0 -0.2179358 -0.9759631 0 -0.2179312 -0.9759641 0 -0.2179312 -0.9759641 0 -0.61237 -0.7905713 0 -0.61237 -0.7905713 0 -0.8904986 -0.4549862 0 -0.8904986 -0.4549862 0 0 -1 0 0 -1 0.07736956 0 -0.9970025 0.07736956 0 -0.9970025 0.04646854 0 -0.9989197 0.04646854 0 -0.9989197 0.01550964 0 -0.9998797 0.01550964 0 -0.9998797 0.06943475 -0.6123792 -0.7875091 0.03996187 -0.8904942 -0.4532363 0.04023338 -0.8905248 -0.4531522 0.03294667 -0.8905174 -0.4537547 0.0754703 -0.2202116 -0.9725282 0.0857817 -0.217907 -0.9721924 0.06948635 -0.6123697 -0.7875119 0.02063351 -0.8871931 -0.4609366 0.02139101 -0.887667 -0.4599887 0.05725181 -0.6123711 -0.7884946 0.0572066 -0.6123531 -0.7885119 0.0706212 -0.2179003 -0.9734126 0.001108354 -0.8905196 -0.4549436 0.001415211 -0.8904977 -0.4549857 0.008551829 -0.8905071 -0.4548889 0.04535173 -0.217922 -0.9749119 0.04540173 -0.2178873 -0.9749174 0.03677773 -0.6123472 -0.7897331 0.03672642 -0.612317 -0.7897589 0.002524906 -0.612368 -0.7905688 0.003117176 -0.2179301 -0.9759594 0.0151308 -0.2196732 -0.9754561 0.01830175 -0.2179317 -0.9757923 0.01486027 -0.6123497 -0.7904473 0.00245933 -0.612376 -0.7905629 0.01482571 -0.6123339 -0.7904602 0.001108237 -0.8905334 -0.4549165 0.0004959606 -0.8904893 -0.4550038 0.000733676 -0.6124194 -0.7905327 0.0002537401 -0.6123593 -0.7905794 9.02246e-05 -0.2179171 -0.9759673 0.0002129468 -0.2179358 -0.9759631 0.04351403 -0.2176402 -0.9750586 0.590677 -0.5186504 -0.6181443 0.0198734 -0.8958387 -0.4439347 0.02697573 -0.6121694 -0.7902664 0.01104253 -0.8904761 -0.454896 0.164242 -0.4572129 -0.87406 0.08878627 -0.2179138 -0.9719211 0.06288601 -0.8902979 -0.4510154 0.04966105 -0.6121957 -0.7891452 0.03993346 -0.8922283 -0.4498153 -0.9638275 -0.116767 -0.239587 -0.6698436 -0.3209393 -0.6695576 0.05345106 -0.8904329 -0.4519649 0.9118868 -0.2178509 -0.3478556 0.4252127 -0.8904397 -0.1622081 0.1146195 -0.2178503 -0.9692284 0.1146182 -0.2178541 -0.9692277 0.09285946 -0.6122505 -0.785192 0.09285476 -0.6122603 -0.7851849 0.05345085 -0.8904331 -0.4519644 0.1624278 -0.2178498 -0.9623714 0.1624255 -0.2178562 -0.9623703 0.1315776 -0.6122595 -0.7796318 0.0757382 -0.8904327 -0.4487686 0.0757395 -0.8904365 -0.4487609 0.1315853 -0.6122443 -0.7796423 0.2098185 -0.2178839 -0.9531542 0.2098304 -0.21785 -0.9531593 0.09784386 -0.8904324 -0.4444738 0.09784467 -0.8904357 -0.4444667 0.1699871 -0.6122451 -0.7721789 0.1699898 -0.6122403 -0.7721822 0.2567173 -0.2178779 -0.941608 0.2567156 -0.2178824 -0.9416074 0.20797 -0.6122409 -0.7628299 0.2079765 -0.6122297 -0.7628372 0.1197111 -0.8904455 -0.4390627 0.1197091 -0.8904319 -0.4390908 0.3029755 -0.2178539 -0.9277636 0.3029671 -0.2178771 -0.927761 0.2454521 -0.6122278 -0.7516185 0.1412738 -0.8904477 -0.432602 0.1412737 -0.8904461 -0.4326056 0.2454437 -0.6122416 -0.7516102 0.3485039 -0.2178499 -0.9116394 0.3485028 -0.2178529 -0.9116392 0.1625063 -0.8904337 -0.4251111 0.1625054 -0.8904478 -0.425082 0.2823387 -0.612242 -0.7385422 0.2823269 -0.6122605 -0.7385314 0.3931521 -0.2179001 -0.893281 0.3931714 -0.2178487 -0.893285 0.3185053 -0.6122624 -0.7236637 0.1833365 -0.8904333 -0.416553 0.1833364 -0.8904338 -0.4165516 0.3185191 -0.6122415 -0.7236752 0.436861 -0.217908 -0.8727362 0.4368629 -0.2179034 -0.8727365 0.2037138 -0.8904368 -0.4069681 0.3539248 -0.6122255 -0.7070482 0.2037149 -0.8904326 -0.4069765 0.3539137 -0.6122414 -0.7070399 0.4795069 -0.2178635 -0.8500639 0.4794891 -0.2179102 -0.850062 0.2235914 -0.8904469 -0.3963725 0.2235951 -0.8904369 -0.3963929 0.3884653 -0.6122241 -0.6886773 0.3884533 -0.6122408 -0.6886692 0.5209727 -0.2178315 -0.8253102 0.5209596 -0.2178656 -0.8253094 0.242926 -0.8904361 -0.3848513 0.2429208 -0.8904473 -0.3848288 0.4220374 -0.6122614 -0.6685958 0.4220529 -0.6122405 -0.6686052 0.5611442 -0.2178751 -0.7985284 0.5611619 -0.2178288 -0.7985286 0.2616717 -0.8904365 -0.3723582 0.4546047 -0.6122557 -0.6468984 0.4546005 -0.6122611 -0.6468962 0.261672 -0.8904362 -0.3723592 0.599976 -0.2177995 -0.7698001 0.5999463 -0.2178772 -0.7698013 0.279765 -0.8904366 -0.3589627 0.4860373 -0.6122548 -0.6236279 0.4860189 -0.6122783 -0.6236191 0.279761 -0.8904425 -0.3589511 0.6372975 -0.2178325 -0.7391893 0.6373106 -0.2177982 -0.7391882 0.5162764 -0.6122801 -0.5988086 0.2971762 -0.8904353 -0.3446903 0.2971708 -0.8904424 -0.3446767 0.5162801 -0.6122755 -0.5988102 0.6730919 -0.2178496 -0.7067452 0.673098 -0.2178338 -0.7067444 0.313864 -0.8904366 -0.3295634 0.5452649 -0.6122765 -0.5725414 0.3138653 -0.8904352 -0.3295662 0.5452941 -0.6122406 -0.572552 0.7072208 -0.2178417 -0.6725947 0.7072181 -0.2178489 -0.6725953 0.329785 -0.8904368 -0.3136305 0.3297805 -0.8904415 -0.3136218 0.572946 -0.6122405 -0.5448803 0.5729207 -0.612271 -0.5448726 0.7396214 -0.2178737 -0.6367819 0.7396331 -0.2178421 -0.6367791 0.5992036 -0.6122296 -0.5158778 0.3448886 -0.8904353 -0.296946 0.5991687 -0.6122712 -0.515869 0.3448819 -0.8904417 -0.2969345 0.7702181 -0.2178439 -0.5994232 0.7702062 -0.2178763 -0.5994267 0.3591518 -0.890443 -0.2795018 0.6239842 -0.6122284 -0.4856131 0.3591606 -0.8904352 -0.2795152 0.6239605 -0.6122563 -0.4856083 0.7989147 -0.2178767 -0.5605935 0.7989266 -0.2178439 -0.5605893 0.647222 -0.6122574 -0.4541415 0.6472299 -0.6122383 -0.4541561 0.3725339 -0.8904413 -0.2614053 0.3725322 -0.8904428 -0.2614029 0.8256683 -0.2178859 -0.5203822 0.8256717 -0.2178762 -0.5203808 0.3850122 -0.890441 -0.2426526 0.668901 -0.6122462 -0.4215758 0.668907 -0.6122391 -0.4215764 0.3850182 -0.8904364 -0.2426601 0.6889322 -0.6122459 -0.3879784 0.850409 -0.2178479 -0.4789016 0.8503955 -0.217887 -0.4789079 0.6889274 -0.6122559 -0.3879713 0.3965497 -0.8904366 -0.223318 0.3965484 -0.8904376 -0.2233166 0.8730512 -0.217851 -0.4362597 0.8730521 -0.2178485 -0.4362592 0.7072729 -0.6122556 -0.3534236 0.4071075 -0.8904377 -0.2034312 0.7072794 -0.612248 -0.3534236 0.4071102 -0.8904358 -0.203434 0.8935543 -0.2178782 -0.3925427 0.8935633 -0.2178508 -0.3925374 0.7238973 -0.6122469 -0.318004 0.7387342 -0.6122534 -0.2818112 0.9118776 -0.2178796 -0.3478616 0.416677 -0.8904361 -0.1830409 0.7387298 -0.6122584 -0.2818116 0.4166773 -0.8904358 -0.1830412 0.7238905 -0.6122591 -0.3179958 0.4252182 -0.8904362 -0.1622128 0.4252222 -0.8904344 -0.1622118 0.1146196 -0.2178456 -0.9692294 0.09285416 -0.6122676 -0.7851793 0.1146208 -0.2178494 -0.9692284 0.05344845 -0.8904443 -0.4519428 0.05345261 -0.8904397 -0.4519512 0.09286574 -0.6122439 -0.7851963 0.1624322 -0.2178863 -0.9623623 0.1624222 -0.2178516 -0.9623719 0.07573852 -0.8904395 -0.4487551 0.131578 -0.6122431 -0.7796445 0.1315812 -0.6122549 -0.7796348 0.07573332 -0.8904448 -0.4487457 0.2098251 -0.2178792 -0.9531537 0.209827 -0.2178861 -0.9531518 0.09783848 -0.8904451 -0.4444493 0.09784445 -0.8904396 -0.444459 0.1699878 -0.6122557 -0.7721704 0.1699867 -0.6122508 -0.7721746 0.2567132 -0.217833 -0.9416193 0.2567248 -0.2178777 -0.941606 0.119718 -0.890432 -0.4390883 0.2079678 -0.6122515 -0.762822 0.2079732 -0.6122811 -0.7627968 0.1197021 -0.8904454 -0.4390652 0.3029795 -0.2178493 -0.9277635 0.3029755 -0.2178327 -0.9277686 0.141279 -0.8904392 -0.4326181 0.2454496 -0.6122812 -0.7515758 0.1412884 -0.8904318 -0.4326302 0.2454455 -0.6122522 -0.7516009 0.3484949 -0.2178452 -0.911644 0.3484956 -0.2178482 -0.911643 0.1625004 -0.8904423 -0.4250956 0.2823233 -0.6122514 -0.7385404 0.2823234 -0.6122528 -0.7385392 0.1625042 -0.8904394 -0.4251001 0.3931637 -0.217862 -0.8932852 0.3931599 -0.2178441 -0.8932912 0.1833307 -0.8904405 -0.4165399 0.1833283 -0.8904422 -0.4165374 0.3185063 -0.612252 -0.723672 0.3185062 -0.612251 -0.7236729 0.4368759 -0.2178661 -0.8727393 0.353922 -0.6122519 -0.7070268 0.4368749 -0.2178614 -0.872741 0.2037067 -0.8904449 -0.4069539 0.2235935 -0.8904448 -0.3963762 0.3539159 -0.6122605 -0.7070222 0.2037129 -0.8904407 -0.4069599 0.4794996 -0.2178589 -0.8500692 0.4795006 -0.2178647 -0.8500671 0.3884542 -0.6122615 -0.6886502 0.3884545 -0.6122515 -0.6886591 0.2235959 -0.890438 -0.3963901 0.5209634 -0.2178713 -0.8253056 0.5209617 -0.2178609 -0.8253094 0.4220342 -0.612272 -0.6685881 0.242926 -0.8904361 -0.3848513 0.2429235 -0.8904377 -0.3848493 0.4220358 -0.6122512 -0.6686062 0.5611461 -0.2178225 -0.7985414 0.5611531 -0.2178721 -0.798523 0.2616634 -0.890444 -0.3723464 0.2616768 -0.8904361 -0.3723559 0.4546072 -0.6122438 -0.6469079 0.4546039 -0.6122717 -0.6468838 0.5999714 -0.217879 -0.7697812 0.5999643 -0.2178211 -0.7698031 0.2797549 -0.8904437 -0.3589527 0.2797696 -0.8904353 -0.3589621 0.4860401 -0.6122439 -0.6236365 0.4860382 -0.6122554 -0.6236266 0.6372986 -0.2178595 -0.7391804 0.6373006 -0.2178796 -0.7391728 0.5162825 -0.612255 -0.598829 0.5162762 -0.6122861 -0.5988026 0.2971762 -0.8904353 -0.3446903 0.2971757 -0.8904356 -0.3446901 0.6730776 -0.2178449 -0.7067602 0.6730789 -0.2178594 -0.7067547 0.3138551 -0.8904431 -0.3295541 0.5452676 -0.612287 -0.5725277 0.3138702 -0.8904352 -0.3295618 0.5452763 -0.612251 -0.5725577 0.7072239 -0.2178659 -0.6725836 0.73963 -0.2178646 -0.6367751 0.7072226 -0.2178442 -0.6725922 0.3297991 -0.8904284 -0.3136396 0.5729315 -0.6122512 -0.5448834 0.3297712 -0.8904432 -0.3136271 0.5729282 -0.6122627 -0.5448739 0.7396178 -0.2178963 -0.6367784 0.3448886 -0.8904353 -0.296946 0.5991681 -0.6122816 -0.5158573 0.5991738 -0.6122639 -0.5158716 0.3449028 -0.8904279 -0.2969515 0.7702056 -0.2178391 -0.599441 0.7989287 -0.2178393 -0.5605881 0.770207 -0.2178971 -0.599418 0.3591715 -0.8904302 -0.2795171 0.3591617 -0.8904353 -0.2795138 0.6239533 -0.6122822 -0.4855851 0.6239606 -0.6122622 -0.4856009 0.7989253 -0.2178481 -0.5605894 0.3725422 -0.8904361 -0.2614111 0.647217 -0.6122648 -0.4541388 0.6472184 -0.6122614 -0.4541413 0.3725542 -0.8904302 -0.2614145 0.825677 -0.2178493 -0.5203837 0.825677 -0.2178461 -0.520385 0.6688908 -0.6122643 -0.4215655 0.3850102 -0.8904413 -0.2426551 0.6688942 -0.6122568 -0.4215712 0.3850204 -0.8904362 -0.2426574 0.8504063 -0.217846 -0.4789074 0.8504064 -0.2178432 -0.4789085 0.6889207 -0.6122665 -0.3879666 0.3965411 -0.8904411 -0.2233153 0.3965484 -0.8904376 -0.2233166 0.6889254 -0.6122566 -0.3879739 0.8730527 -0.2178439 -0.4362605 0.8730525 -0.2178463 -0.4362595 0.7072633 -0.6122708 -0.3534162 0.4071076 -0.8904377 -0.203431 0.4071031 -0.8904398 -0.2034304 0.7072657 -0.6122662 -0.3534195 0.893561 -0.2178462 -0.3925451 0.7238771 -0.6122716 -0.3180023 0.893559 -0.2178737 -0.3925344 0.9118772 -0.217875 -0.3478658 0.9118865 -0.2178462 -0.3478593 0.4166856 -0.8904312 -0.1830448 0.4166679 -0.8904397 -0.1830435 0.7387245 -0.612269 -0.2818028 0.7387288 -0.612264 -0.2818023 0.7238789 -0.6122696 -0.3180022 0.4252295 -0.8904308 -0.162212 0.1174415 0 -0.9930798 0.1664308 0 -0.9860531 0.1174415 0 -0.9930798 0.2149902 0 -0.9766163 0.1664308 0 -0.9860531 0.2630296 0 -0.9647878 0.2149902 0 -0.9766163 0.3104354 0 -0.9505945 0.2630296 0 -0.9647878 0.3570705 0 -0.9340774 0.3104354 0 -0.9505945 0.40284 0 -0.9152704 0.3570705 0 -0.9340774 0.4476285 0 -0.8942196 0.40284 0 -0.9152704 0.4913005 0 -0.8709902 0.4476285 0 -0.8942196 0.5337862 0 -0.8456194 0.4913005 0 -0.8709902 0.5749516 0 -0.8181874 0.5337862 0 -0.8456194 0.61474 0 -0.7887298 0.5749516 0 -0.8181874 0.61474 0 -0.7887298 0.6529831 0 -0.7573724 0.6529831 0 -0.7573724 0.6896405 0 -0.7241519 0.6896405 0 -0.7241519 0.7246305 0 -0.6891377 0.7246305 0 -0.6891377 0.7578339 0 -0.6524476 0.7578339 0 -0.6524476 0.7891575 0 -0.6141909 0.7891575 0 -0.6141909 0.8185874 0 -0.5743821 0.8185874 0 -0.5743821 0.8459952 0 -0.5331905 0.8459952 0 -0.5331905 0.8713325 0 -0.4906931 0.8713325 0 -0.4906931 0.8945365 0 -0.4469949 0.8945365 0 -0.4469949 0.9155534 0 -0.4021964 0.9155534 0 -0.4021964 0.9343227 0 -0.3564284 0.9343227 0 -0.3564284 0.9561512 0 -0.2928731 0.9561512 0 -0.2928731 0.9775486 0 -0.2107103 0.9775486 0 -0.2107103 0.9918966 0 -0.1270481 0.9918966 0 -0.1270481 0.999099 0 -0.04243885 0.999099 0 -0.04243885 0.926038 -0.2178748 -0.3081951 0.9288815 -0.2371229 -0.2845203 0.4304121 -0.8909773 -0.1445854 0.7501633 -0.6123169 -0.2496459 0.4317815 -0.8904591 -0.143692 0.7501662 -0.6123063 -0.2496632 0.9382848 -0.2178601 -0.2686235 0.4620698 -0.8798489 -0.1111641 0.7601233 -0.6122599 -0.2176017 0.4365359 -0.8909654 -0.1249678 0.7601291 -0.6122465 -0.217619 0.9540958 -0.2177322 -0.2056551 0.9540957 -0.2177331 -0.2056546 0.7730771 -0.6120328 -0.1666362 0.7730894 -0.6120131 -0.1666516 0.4431705 -0.8913324 -0.09553239 0.968107 -0.2176983 -0.124001 0.968102 -0.2177311 -0.1239831 0.4751472 -0.878849 -0.04312181 0.4444349 -0.8940011 -0.05691929 0.784425 -0.6120333 -0.1004622 0.7844225 -0.612037 -0.1004596 0.971415 -0.2337736 -0.04126291 0.9758974 -0.2179163 -0.01168924 0.9745479 -0.2177902 -0.0531412 0.7905358 -0.6123425 -0.009468235 0.4549794 -0.8904853 -0.005449273 0.4543222 -0.8908277 -0.004141377 0.7905356 -0.6123429 -0.009468984 0.7895273 -0.6122042 -0.04304124 0.4537949 -0.8907627 -0.02473872 0.7895364 -0.6121919 -0.04305269 0.9226252 -0.2179087 -0.3182429 0.7988266 -0.5018211 0.3317401 0.4270983 -0.8927522 -0.143459 0.7499021 -0.6123134 -0.2504377 0.4259254 -0.8904588 -0.1602207 0.8677069 -0.4939075 0.05603667 0.4535097 -0.8902969 -0.04123603 0.9728801 -0.2170226 -0.08003439 0.7882053 -0.6111509 -0.07229758 0.426067 -0.8988804 -0.1023775 0.7262663 -0.612307 -0.3124382 0.4504786 -0.891892 -0.03997193 0.9512796 -0.1975474 -0.2367323 0.7320887 -0.6067535 -0.3096713 0.7851492 -0.6152631 -0.0706555 0.9684798 -0.2343119 -0.08452753 0.9759724 -0.2178942 -0.0002227957 0.9759064 -0.2181869 -0.001140522 0.4550032 -0.890488 0.001790864 0.4537062 -0.8911418 -0.004138093 0.4537996 -0.8910916 -0.004671125 0.4542186 -0.8908862 -0.002682196 0.7905581 -0.6123866 0.0006496642 0.7900648 -0.6130138 -0.003446249 0.9759048 -0.2181899 -0.001797994 0.7900631 -0.6130176 -0.003101618 0.9759048 -0.2181957 -0.000669312 0.7900766 -0.6129997 -0.003213326 0.7900766 -0.6130054 -0.001845486 0.7900664 -0.6130182 -0.001930332 0.9759055 -0.2181923 -0.0006870653 0.9759048 -0.2181939 -0.001103972 0.4550039 -0.8904895 0 0.4550039 -0.8904895 0 0.7905583 -0.6123868 0 0.7905583 -0.6123868 0 0.9759724 -0.2178942 0 0.9759724 -0.2178942 0 0.9759641 -0.2179312 0 0.9759641 -0.2179312 0 0.7905713 -0.61237 0 0.7905713 -0.61237 0 0.4549862 -0.8904985 0 0.4549862 -0.8904985 0 1 0 -0 1 0 0 0.9561532 0 0.2928669 0.9775476 0 0.210715 0.9561532 0 0.2928669 0.9918966 0 0.1270481 0.9775476 0 0.210715 0.999099 0 0.04243885 0.9918966 0 0.1270481 0.999099 0 0.04243885 0.7501674 -0.6123168 0.2496341 0.4317891 -0.8904562 0.143687 0.4304047 -0.8909801 0.1445904 0.928883 -0.2371249 0.284514 0.926038 -0.2178748 0.3081951 0.7501726 -0.6122977 0.2496652 0.4620723 -0.8798472 0.1111666 0.4365292 -0.890968 0.1249733 0.7601258 -0.6122525 0.2176135 0.7601242 -0.612254 0.2176149 0.9382863 -0.2178602 0.2686184 0.4431682 -0.8913336 0.0955319 0.9540948 -0.2177321 0.2056596 0.9540946 -0.2177331 0.205659 0.7730746 -0.6120326 0.1666484 0.773087 -0.6120188 0.1666421 0.4751412 -0.8788524 0.04311797 0.4444267 -0.8940052 0.05691825 0.968107 -0.2176983 0.124001 0.968102 -0.2177311 0.1239831 0.7844253 -0.6120333 0.1004599 0.7844222 -0.6120369 0.1004619 0.4543224 -0.8908277 0.004141072 0.4549794 -0.8904853 0.005448396 0.4537958 -0.8907622 0.02474027 0.7905359 -0.6123426 0.009468214 0.9758975 -0.2179163 0.01168832 0.9714146 -0.2337753 0.04126289 0.9745477 -0.2177902 0.05314283 0.7905353 -0.6123432 0.009466763 0.7895265 -0.6122044 0.04305349 0.7895355 -0.6121935 0.04304429 0.9759725 -0.2178942 0.0002227957 0.4537064 -0.8911415 0.004137788 0.4537997 -0.8910915 0.004670082 0.4550032 -0.890488 -0.001790864 0.4542184 -0.8908862 0.002682794 0.9759049 -0.2181957 0.0006694641 0.9759048 -0.2181938 0.001140299 0.7900631 -0.6130176 0.003101618 0.9759063 -0.2181871 0.001103937 0.7900765 -0.6129999 0.00321261 0.7905581 -0.6123866 -0.0006496642 0.7900665 -0.6130184 0.001845936 0.9759055 -0.2181923 0.0006870654 0.7900766 -0.6130052 0.001930291 0.7900648 -0.6130138 0.003446249 0.9759048 -0.2181899 0.001797994 0.453597 -0.8905005 0.03547791 0.7886128 -0.6115161 0.06432652 0.7347945 -0.6129675 0.2904272 0.4395526 -0.8919794 0.1056702 0.4364317 -0.8988591 0.03974385 0.9733015 -0.2171519 0.07435968 0.9769977 -0.197547 0.08031642 0.9431729 -0.2353348 0.2346112 0.7404029 -0.6073162 0.288046 0.785569 -0.6156061 0.06253428 0.9226252 -0.2179087 0.3182428 0.4282257 -0.8904937 0.1537648 0.749073 -0.6123416 0.252839 0.4264345 -0.8931045 0.1432409 0.6985705 -0.354674 -0.6214544 0.8933254 -0.4491506 0.01527638 0.4252127 -0.8904396 0.1622081 0.114617 -0.2178457 0.9692298 0.9118836 -0.2178508 0.347864 0.9118808 -0.2178796 0.3478533 0.7387313 -0.6122633 0.2817975 0.4251997 -0.8904478 0.1621973 0.7387491 -0.6122329 0.2818169 0.8935599 -0.2178509 0.3925452 0.8935577 -0.2178783 0.3925349 0.7239044 -0.612234 0.3180126 0.416678 -0.890436 0.1830387 0.7238972 -0.6122469 0.318004 0.4166538 -0.8904477 0.1830368 0.8730516 -0.217851 0.4362589 0.8730517 -0.2178485 0.4362599 0.4071069 -0.8904377 0.2034323 0.7072741 -0.6122556 0.3534209 0.4071108 -0.8904359 0.2034329 0.7072782 -0.6122479 0.3534262 0.8504031 -0.2178479 0.4789122 0.8504015 -0.2178869 0.4788973 0.6889274 -0.612256 0.3879713 0.3965409 -0.8904411 0.2233158 0.3965482 -0.8904375 0.2233171 0.6889322 -0.6122459 0.3879784 0.8256701 -0.2178762 0.5203834 0.8256699 -0.2178859 0.5203796 0.3850203 -0.8904362 0.2426576 0.3850102 -0.8904412 0.2426552 0.6688994 -0.6122461 0.4215783 0.668896 -0.6122537 0.4215727 0.7989207 -0.217844 0.5605976 0.7989206 -0.2178768 0.560585 0.3725315 -0.8904428 0.2614037 0.3725447 -0.8904362 0.2614074 0.6472233 -0.6122541 0.454144 0.647222 -0.6122575 0.4541415 0.7702124 -0.2178762 0.5994188 0.7702119 -0.2178438 0.5994312 0.3591639 -0.8904352 0.2795112 0.623967 -0.6122565 0.4855997 0.6239775 -0.6122286 0.4856216 0.3591487 -0.8904429 0.279506 0.7396267 -0.2178421 0.6367865 0.5992036 -0.6122296 0.5158778 0.7396278 -0.2178738 0.6367745 0.344879 -0.8904417 0.2969378 0.5991688 -0.6122712 0.515869 0.3448913 -0.8904353 0.2969426 0.7072197 -0.2178489 0.6725937 0.7072193 -0.2178417 0.6725963 0.3297783 -0.8904415 0.3136242 0.3297753 -0.8904431 0.3136229 0.5729288 -0.612271 0.544864 0.5729377 -0.6122406 0.5448887 0.6730897 -0.217864 0.7067429 0.6730887 -0.2178497 0.7067483 0.3138694 -0.890435 0.3295625 0.5452801 -0.6122566 0.5725483 0.3138545 -0.8904431 0.3295549 0.5452842 -0.6122404 0.5725617 0.6372979 -0.2178298 0.7391898 0.637301 -0.2178642 0.739177 0.2971797 -0.8904353 0.3446871 0.297167 -0.8904424 0.3446797 0.5162882 -0.6122593 0.5988197 0.5162892 -0.6122548 0.5988235 0.5999731 -0.2178323 0.769793 0.5999724 -0.2178257 0.7697955 0.2797682 -0.8904366 0.3589603 0.4860309 -0.6122883 0.6235999 0.2797579 -0.8904425 0.3589536 0.4860363 -0.6122568 0.6236267 0.5611501 -0.2178289 0.7985368 0.5611499 -0.2178273 0.7985374 0.2616722 -0.8904361 0.3723589 0.2616715 -0.8904365 0.3723584 0.4545889 -0.612287 0.6468797 0.4545922 -0.6122614 0.6469018 0.5209687 -0.2178655 0.8253038 0.5209637 -0.2178315 0.8253158 0.4220367 -0.6122615 0.6685964 0.242928 -0.8904361 0.3848499 0.4220364 -0.6122637 0.6685943 0.2429223 -0.8904396 0.3848454 0.4794959 -0.217874 0.8500674 0.4794942 -0.2178635 0.8500711 0.2235887 -0.8904448 0.3963788 0.3884578 -0.6122648 0.6886453 0.2235977 -0.890439 0.3963867 0.3884596 -0.6122242 0.6886804 0.4368661 -0.2178708 0.872743 0.4368719 -0.2179034 0.8727319 0.2037224 -0.8904326 0.4069729 0.3539193 -0.6122414 0.7070372 0.3539193 -0.6122255 0.707051 0.2037043 -0.8904448 0.4069552 0.3931568 -0.2178487 0.8932916 0.3931668 -0.2179003 0.8932745 0.1833242 -0.8904423 0.4165391 0.1625058 -0.8904423 0.4250935 0.1833369 -0.8904332 0.4165528 0.3185118 -0.6122415 0.7236785 0.3185127 -0.6122624 0.7236605 0.3485031 -0.2178499 0.9116398 0.3485037 -0.2178529 0.9116388 0.282325 -0.6122677 0.7385262 0.2823243 -0.6122604 0.7385324 0.1625059 -0.8904393 0.4250994 0.3029687 -0.2178539 0.9277659 0.2454375 -0.6122676 0.7515909 0.302974 -0.217877 0.9277588 0.1412834 -0.8904392 0.4326165 0.1412748 -0.890446 0.4326052 0.2454618 -0.6122277 0.7516155 0.2567159 -0.2178779 0.9416083 0.256717 -0.2178824 0.941607 0.2079742 -0.6122409 0.7628288 0.1197022 -0.8904454 0.4390653 0.1197078 -0.8904406 0.4390735 0.2079723 -0.6122296 0.7628383 0.2098288 -0.2178839 0.9531519 0.2098201 -0.21785 0.9531615 0.1699897 -0.6122403 0.7721822 0.09784237 -0.8904412 0.4444563 0.09784833 -0.8904356 0.444466 0.1699871 -0.6122451 0.7721789 0.1624258 -0.2178498 0.9623717 0.1624275 -0.2178562 0.96237 0.1146194 -0.2178541 0.9692275 0.09285946 -0.6122505 0.785192 0.05344883 -0.8904418 0.4519474 0.1315796 -0.6122442 0.7796434 0.09285476 -0.6122603 0.7851849 0.07573699 -0.8904365 0.4487614 0.07574074 -0.8904327 0.4487683 0.0534449 -0.8904331 0.4519652 0.1315834 -0.6122594 0.7796308 0.4252281 -0.8904312 0.162214 0.1146344 -0.2178456 0.9692276 0.9118865 -0.2178462 0.3478593 0.9118772 -0.217875 0.3478658 0.7387287 -0.612264 0.2818023 0.7387245 -0.612269 0.2818028 0.4252355 -0.8904276 0.1622142 0.8935647 -0.2178462 0.3925369 0.8935554 -0.2178736 0.3925427 0.7238771 -0.6122715 0.3180023 0.4166715 -0.8904396 0.1830359 0.4166899 -0.8904275 0.1830531 0.7238789 -0.6122696 0.3180022 0.8730465 -0.2178625 0.4362634 0.8730521 -0.2178464 0.4362602 0.4071069 -0.8904377 0.2034324 0.7072625 -0.6122708 0.353418 0.4071037 -0.8904399 0.2034291 0.7072666 -0.6122661 0.3534179 0.8504091 -0.2178459 0.4789024 0.8504028 -0.2178636 0.4789055 0.6889188 -0.6122665 0.3879701 0.6889274 -0.6122566 0.3879704 0.3965485 -0.8904366 0.2233201 0.3965473 -0.8904375 0.2233188 0.8256764 -0.2178493 0.5203846 0.8256776 -0.2178461 0.5203841 0.38502 -0.8904365 0.2426572 0.3850203 -0.8904362 0.2426576 0.6688957 -0.6122568 0.4215686 0.6688892 -0.6122643 0.4215681 0.7989287 -0.2178392 0.5605881 0.7989253 -0.2178482 0.5605894 0.6472191 -0.6122614 0.4541402 0.3725518 -0.8904301 0.2614178 0.6472163 -0.6122647 0.4541398 0.3725446 -0.8904362 0.2614077 0.7701954 -0.2178973 0.599433 0.7396246 -0.2178963 0.6367705 0.7702172 -0.2178392 0.599426 0.6239654 -0.6122624 0.4855945 0.3591639 -0.8904352 0.2795112 0.3591695 -0.8904302 0.2795198 0.6239483 -0.6122823 0.4855913 0.739622 -0.2178374 0.6367937 0.5991635 -0.6122815 0.5158628 0.3448994 -0.890428 0.2969553 0.5991633 -0.6122818 0.5158627 0.3448918 -0.8904353 0.296942 0.7072274 -0.2178442 0.672587 0.7072302 -0.2178372 0.6725864 0.3297842 -0.8904368 0.3136312 0.3297923 -0.8904284 0.3136471 0.5729146 -0.6122815 0.5448672 0.5729401 -0.612251 0.5448746 0.6730754 -0.2178594 0.7067579 0.6730811 -0.2178449 0.706757 0.545257 -0.6122872 0.5725375 0.3138693 -0.890435 0.3295625 0.313868 -0.8904366 0.3295595 0.5452867 -0.6122512 0.5725477 0.6372957 -0.2178795 0.739177 0.6373035 -0.2178595 0.7391762 0.297176 -0.8904353 0.3446904 0.2971758 -0.8904355 0.3446899 0.516292 -0.6122549 0.598821 0.5162668 -0.6122859 0.5988109 0.5999564 -0.2178789 0.7697929 0.5999793 -0.217821 0.7697914 0.4860437 -0.6122438 0.6236337 0.2797596 -0.8904437 0.3589493 0.2616634 -0.890444 0.3723464 0.4860345 -0.6122554 0.6236295 0.2797652 -0.8904353 0.3589658 0.5611397 -0.2178722 0.7985324 0.5611594 -0.2178226 0.7985321 0.242926 -0.8904361 0.3848513 0.2616768 -0.8904361 0.3723559 0.4546163 -0.612244 0.6469013 0.4545948 -0.6122718 0.6468902 0.5209605 -0.2178713 0.8253074 0.5209506 -0.2178963 0.8253071 0.4220428 -0.6122512 0.6686018 0.2429235 -0.8904377 0.3848493 0.4220272 -0.6122719 0.6685926 0.4795093 -0.2178647 0.8500622 0.4794973 -0.2178952 0.8500612 0.3884545 -0.6122515 0.6886591 0.2235963 -0.8904369 0.3963922 0.2037187 -0.8904368 0.4069655 0.2235959 -0.890438 0.3963901 0.3884542 -0.6122615 0.6886502 0.4368764 -0.2178613 0.8727403 0.4368744 -0.2178661 0.87274 0.353919 -0.6122607 0.7070206 0.1833256 -0.8904404 0.4165423 0.2037129 -0.8904407 0.4069599 0.3539189 -0.612252 0.7070283 0.3931653 -0.2178441 0.8932889 0.3931583 -0.2178619 0.8932876 0.3185066 -0.612251 0.7236727 0.1833349 -0.8904339 0.4165522 0.3185059 -0.612252 0.7236722 0.3484946 -0.2178483 0.9116433 0.3484958 -0.2178452 0.9116436 0.2823233 -0.6122514 0.7385403 0.1625081 -0.8904338 0.4251104 0.2823234 -0.6122528 0.7385392 0.1625078 -0.8904393 0.4250988 0.3029806 -0.2178328 0.927767 0.3029743 -0.2178492 0.9277652 0.2454565 -0.6122523 0.751597 0.1412838 -0.8904392 0.4326163 0.2454385 -0.6122814 0.7515793 0.1412835 -0.8904318 0.4326317 0.1197123 -0.8904319 0.4390899 0.2567147 -0.217833 0.941619 0.256713 -0.2178376 0.9416184 0.2079636 -0.6122779 0.762802 0.2079618 -0.612281 0.7628 0.1197066 -0.8904366 0.4390818 0.2098423 -0.2178386 0.9531592 0.2098248 -0.2178861 0.9531523 0.1699964 -0.6122556 0.7721686 0.09784585 -0.8904362 0.4444654 0.1699841 -0.6122776 0.7721539 0.09784671 -0.8904396 0.4444585 0.1624209 -0.2178862 0.9623643 0.1624186 -0.2178927 0.9623632 0.1146185 -0.2178908 0.9692194 0.1315827 -0.6122429 0.7796438 0.07573502 -0.8904395 0.4487557 0.09285633 -0.6122438 0.7851976 0.09286361 -0.6122675 0.7851782 0.05345467 -0.8904307 0.4519687 0.1315765 -0.6122549 0.7796356 0.07573684 -0.8904446 0.4487451 0.05344234 -0.8904442 0.4519436 0.9343227 0 0.3564284 0.9343227 -0 0.3564284 0.9155534 -0 0.4021964 0.9155534 0 0.4021964 0.8945337 -0 0.4470005 0.8945337 0 0.4470005 0.8713359 -0 0.4906871 0.8713359 0 0.4906871 0.8459952 -0 0.5331905 0.8185874 -0 0.5743821 0.8459952 0 0.5331905 0.7891575 -0 0.6141909 0.8185874 -0 0.5743821 0.7578339 -0 0.6524476 0.7891575 -0 0.6141909 0.7246305 -0 0.6891377 0.7578339 -0 0.6524476 0.6896405 -0 0.7241519 0.7246305 -0 0.6891377 0.6529831 -0 0.7573724 0.6896405 -0 0.7241519 0.61474 -0 0.7887298 0.6529831 -0 0.7573724 0.61474 -0 0.7887298 0.5749516 -0 0.8181874 0.5749516 -0 0.8181874 0.5337762 -0 0.8456258 0.5337762 -0 0.8456258 0.4913111 -0 0.8709841 0.4913111 -0 0.8709841 0.4476285 -0 0.8942196 0.4476285 -0 0.8942196 0.40284 -0 0.9152704 0.40284 -0 0.9152704 0.3570705 -0 0.9340774 0.3570705 -0 0.9340774 0.3104354 -0 0.9505945 0.3104354 -0 0.9505945 0.2630296 -0 0.9647878 0.2630296 -0 0.9647878 0.2149902 -0 0.9766163 0.2149902 -0 0.9766163 0.1664172 -0 0.9860554 0.1664172 -0 0.9860554 0.1174553 -0 0.9930782 0.1174553 -0 0.9930782 0.9451343 0 0.3266819 0.9451343 -0 0.3266819 0.9343274 -0 0.3564159 0.9155522 -0 0.4021991 0.9343274 -0 0.3564159 0.8945335 -6.720213e-05 0.4470009 0.9155495 -7.708449e-05 0.4022053 0.8713362 -0 0.4906866 0.8945362 -0 0.4469956 0.8459901 -0 0.5331985 0.8713362 -0 0.4906866 0.8185844 8.625066e-05 0.5743862 0.8459939 8.006496e-05 0.5331926 0.7891711 -0 0.6141735 0.81858 -0 0.5743925 0.7578267 -0 0.6524559 0.7891711 -0 0.6141735 0.7246233 -0 0.6891452 0.7578267 -0 0.6524559 0.6896559 -0 0.7241373 0.7246233 -0 0.6891452 0.6896559 -0 0.7241373 0.652978 -0 0.7573768 0.652978 -0 0.7573768 0.6147336 -0 0.7887349 0.6147336 -0 0.7887349 0.5749477 -0 0.8181902 0.5749565 0.0001228597 0.8181838 0.5338004 0.0001269781 0.8456105 0.5337909 -0 0.8456165 0.4912984 -0 0.8709912 0.4912984 -0 0.8709912 0.4476283 -0 0.8942198 0.4476283 -0 0.8942198 0.4028317 -0 0.915274 0.4028317 -0 0.915274 0.3570801 -0 0.9340737 0.3570801 -0 0.9340737 0.3104395 -0 0.9505931 0.3104317 -9.322973e-05 0.9505957 0.2630297 -7.899383e-05 0.9647878 0.2630364 -0 0.9647859 0.2149835 -0 0.9766177 0.2149835 -0 0.9766177 0.1664249 -0 0.9860541 0.1664249 -0 0.9860541 0.1174389 -0 0.9930801 0.1174389 -0 0.9930801 0.0910896 -0 0.9958427 0.0910896 0 0.9958427 0.04031842 0.8904966 0.4532 -0.8220578 0.3095216 0.4779303 -0.8241532 0.3083496 0.4750705 0.08907291 0.2178631 0.9719062 0.001108439 -0.8904889 0.4550036 0.001108439 0.8904889 0.4550036 0.04039076 -0.8905333 0.4531215 0.06943545 -0.6123686 0.7875172 0.03996335 -0.8904852 0.4532539 0.03279878 -0.61203 0.7901542 0.02033479 -0.890401 0.4547225 0.01877864 -0.8916197 0.4523954 0.03653415 -0.6180665 0.7852765 0.08567294 -0.2179115 0.972201 0.08567297 0.2179068 0.972202 0.0404841 0.2177525 0.9751641 0.04048405 -0.2177572 0.975163 0.0454511 -0.2086196 0.9769402 0.04545115 0.2086151 0.9769411 0.03996342 0.8904852 0.4532539 0.06943475 0.6123792 0.7875091 0.04031355 0.8905246 0.4531454 0.02034587 0.8903923 0.4547391 0.03279844 0.6120405 0.7901459 0.01877864 0.8916197 0.4523954 0.03653377 0.618077 0.7852682 0.04039708 -0.8904966 0.4531929 0.08878637 -0.2179091 0.9719221 -0.8241553 -0.3083254 0.4750826 -0.8221649 -0.3094388 0.4777996 0.04351408 -0.2176356 0.9750596 0.001921953 -0.8905411 0.4548987 0.01848223 -0.6123071 0.790404 0.0198577 -0.8957834 0.4440469 0.3518401 -0.5872517 0.7289334 0.1913046 -0.5092998 0.8390568 0.0004959473 -0.8904984 0.4549861 0.001108194 -0.8905424 0.4548988 0.0002537445 -0.61237 0.7905713 0.0007336886 -0.61243 0.7905245 0.0002129423 -0.2179312 0.9759642 9.031939e-05 -0.2179124 0.9759684 0 -0.8904986 0.4549862 0 -0.8904986 0.4549862 0 -0.61237 0.7905713 0 -0.61237 0.7905713 0 -0.2179312 0.9759641 0 -0.2179312 0.9759641 0 0.8904894 0.4550039 -0 0.61237 0.7905713 0 0.8904894 0.4550039 -0 0.2179312 0.9759641 0 0.61237 0.7905713 0 0.2179312 0.9759641 0 -0.2179358 0.9759631 0 -0.2179358 0.9759631 0 -0.6123594 0.7905794 0 -0.6123594 0.7905794 0 -0.8904894 0.4550039 0 -0.8904894 0.4550039 0 0.8904986 0.4549862 0 0.8904986 0.4549862 0 0.6123594 0.7905794 0 0.6123594 0.7905794 -3.507809e-08 0.2179312 0.9759641 0 0.2179358 0.9759631 0.0002738172 0.2179585 0.975958 9.12629e-05 0.2179358 0.9759631 0.001098531 0.8905425 0.4548988 0.001108302 0.8905423 0.4548993 -0.000342137 0.8904985 0.4549861 0.0007311365 0.8905242 0.4549351 0.0007616947 0.6124026 0.7905458 0.0007554131 0.6124028 0.7905455 0.0002710928 0.2179586 0.975958 -0.0001061025 0.6123594 0.7905795 0.0001823618 0.2179588 0.9759579 0.0005023989 0.6124033 0.7905453 0.0009431167 0.6124029 0.7905453 0.0001804294 0.2179587 0.975958 0.0005069562 0.6124031 0.7905455 0.0005381592 0.2179586 0.9759579 0.04349269 0.2176821 0.9750502 0.5906379 0.5186973 0.6181425 0.01986285 0.8958415 0.4439295 0.02697639 0.6121527 0.7902793 0.01104173 0.8904852 0.4548783 0.1641956 0.4572461 0.8740513 0.04458509 0 0.9990055 0.0445851 0 0.9990056 0 -0 1 0 0 1 0 0 1 0 0 1 0 0 1 0 0 1 0 0 1 0 0 1 0 0 1 -0 0 1 -0.0004956757 0.8904983 0.4549861 -0.00110759 0.8905424 0.4548988 -0.0003873381 0.6123593 0.7905794 -0.0007333065 0.6124026 0.7905457 -0.0001824201 0.2179312 0.9759641 -0.0003296643 0.2179537 0.9759591 -0.04039878 -0.8904876 0.4532105 -0.04032006 0.8904874 0.4532178 -0.001107749 -0.8905196 0.4549435 -0.00154398 -0.8904884 0.4550033 -0.002682952 -0.6123573 0.7905767 -0.03930831 -0.6120117 0.7898712 -0.02033599 -0.8903872 0.4547493 -0.02243912 -0.8922936 0.4508975 -0.03660462 -0.616092 0.7868232 -0.003144506 -0.2179348 0.9759583 -0.003144568 0.2179301 0.9759594 -0.04852483 0.2177201 0.9748042 -0.04852478 -0.2177248 0.9748032 -0.04542006 -0.2115424 0.9763128 -0.04542011 0.2115379 0.9763138 -0.002682974 0.6123678 0.7905684 -0.001544129 0.8904884 0.4550033 -0.001107749 0.8905196 0.4549435 -0.02034632 0.8903871 0.4547491 -0.0393079 0.6120223 0.789863 -0.03660424 0.6161026 0.786815 -0.02243998 0.8922849 0.4509147 -0.0003650815 -0.2179537 0.9759591 0 -0.2179312 0.9759641 -0.001096738 -0.8905514 0.4548814 -0.001107709 -0.890551 0.4548819 0.0007071327 -0.8904983 0.454986 -0.0007323464 -0.8905332 0.4549177 -0.0007604337 -0.6124026 0.7905457 -0.0007541727 -0.6124029 0.7905455 -0.000270644 -0.2179586 0.975958 0.0001059468 -0.61237 0.7905713 -0.0001823618 -0.2179588 0.9759579 -0.0005032253 -0.6124033 0.7905453 -0.0006903685 -0.6124032 0.7905453 -0.0001807286 -0.2179587 0.975958 -0.0005077969 -0.6124031 0.7905455 -0.0005372682 -0.2179586 0.9759578 -0.04351599 -0.2176772 0.9750503 -0.5906155 -0.5186722 0.6181849 -0.01985307 -0.8958349 0.4439434 -0.02698841 -0.6121525 0.7902791 -0.01105656 -0.8904939 0.4548608 -0.1642354 -0.4572177 0.8740588 -0.08878636 -0.2179091 0.9719221 -0.06300291 -0.8903022 0.4509906 -0.04974222 -0.6122109 0.7891283 -0.04009103 -0.892233 0.4497923 0.9638791 -0.1166471 0.2394379 0.6697806 -0.3209336 0.6696234 -0.0534448 -0.8904398 0.451952 -0.9118753 -0.2178851 0.3478642 -0.1146196 -0.2178456 0.9692294 -0.1146216 -0.2178397 0.9692305 -0.09285542 -0.6122676 0.7851791 -0.09285381 -0.612271 0.7851767 -0.05344893 -0.8904352 0.4519605 -0.1624237 -0.2178451 0.9623731 -0.1624262 -0.2178377 0.9623743 -0.1315763 -0.6122701 0.7796237 -0.07573722 -0.8904358 0.4487628 -0.07573852 -0.8904395 0.4487551 -0.131584 -0.6122549 0.7796343 -0.2098178 -0.2178972 0.9531513 -0.2098361 -0.2178454 0.9531591 -0.09784438 -0.8904451 0.444448 -0.1699853 -0.6122557 0.7721708 -0.09784302 -0.8904396 0.4444592 -0.1699944 -0.6122391 0.7721821 -0.2567175 -0.2178732 0.9416089 -0.256708 -0.2178997 0.9416053 -0.2079762 -0.6122371 0.7628313 -0.2079661 -0.6122546 0.7628201 -0.1197046 -0.8904406 0.4390743 -0.1197053 -0.8904454 0.4390645 -0.3029751 -0.2178723 0.9277595 -0.3029836 -0.2178493 0.9277622 -0.1412827 -0.8904404 0.4326143 -0.1412826 -0.8904392 0.4326168 -0.2454551 -0.6122553 0.7515951 -0.2454411 -0.6122783 0.751581 -0.3485043 -0.2178453 0.9116404 -0.3485032 -0.2178482 0.9116401 -0.2823294 -0.6122515 0.7385379 -0.1625017 -0.8904422 0.4250951 -0.1625018 -0.8904395 0.4251009 -0.2823123 -0.6122785 0.7385222 -0.3931555 -0.2178619 0.8932888 -0.3931622 -0.2178441 0.8932902 -0.3185081 -0.612252 0.7236711 -0.1833301 -0.8904405 0.4165402 -0.2037153 -0.8904407 0.4069587 -0.1833298 -0.8904421 0.4165367 -0.3185088 -0.612251 0.7236718 -0.4368794 -0.2178288 0.8727469 -0.4368671 -0.2178615 0.8727449 -0.3539186 -0.6122519 0.7070284 -0.3539127 -0.6122606 0.7070239 -0.2037091 -0.8904449 0.4069527 -0.4794936 -0.2178951 0.8500633 -0.4795191 -0.2178282 0.8500661 -0.2235976 -0.89043 0.3964069 -0.2235922 -0.8904448 0.3963769 -0.3884662 -0.6122516 0.6886523 -0.3884591 -0.6122615 0.6886475 -0.5209563 -0.2178713 0.8253101 -0.5209467 -0.2178961 0.8253095 -0.4220255 -0.6122719 0.6685938 -0.2429316 -0.8904362 0.3848476 -0.2616663 -0.8904362 0.372363 -0.2429345 -0.8904299 0.3848602 -0.4220409 -0.6122512 0.6686031 -0.4545946 -0.6122718 0.6468902 -0.5611404 -0.2179046 0.798523 -0.5611528 -0.2178721 0.7985231 -0.2797682 -0.8904366 0.3589603 -0.2616658 -0.8904365 0.3723626 -0.4545982 -0.6122437 0.6469143 -0.5999651 -0.2178789 0.7697861 -0.599955 -0.2179052 0.7697865 -0.2971733 -0.8904423 0.3446745 -0.4860425 -0.6122438 0.6236347 -0.2797579 -0.8904425 0.3589536 -0.4860503 -0.6122339 0.6236384 -0.6372988 -0.2178796 0.7391744 -0.6373064 -0.2178596 0.7391738 -0.5163032 -0.6122296 0.5988371 -0.2971646 -0.8904471 0.3446696 -0.5162996 -0.6122342 0.5988356 -0.6730709 -0.2179024 0.706749 -0.6730872 -0.2178594 0.7067467 -0.5452945 -0.6122295 0.5725635 -0.3138583 -0.8904431 0.329551 -0.3138547 -0.8904476 0.3295428 -0.545289 -0.6122512 0.5725455 -0.7072346 -0.2178372 0.6725817 -0.7072091 -0.2179047 0.6725866 -0.3297715 -0.8904414 0.3136316 -0.3297698 -0.8904431 0.3136284 -0.5729293 -0.6122512 0.5448857 -0.5729371 -0.6122418 0.5448881 -0.7396328 -0.2178059 0.6367918 -0.739621 -0.2178376 0.6367947 -0.3448946 -0.8904354 0.2969387 -0.3448881 -0.8904417 0.2969276 -0.5991975 -0.6122401 0.5158725 -0.5991627 -0.6122815 0.5158637 -0.7702188 -0.2178393 0.5994238 -0.7702312 -0.2178057 0.5994202 -0.6239549 -0.6122822 0.485583 -0.3591571 -0.8904357 0.2795183 -0.3591575 -0.8904352 0.279519 -0.6239687 -0.6122454 0.4856117 -0.7989095 -0.217872 0.5606027 -0.7989213 -0.2178393 0.5605986 -0.6472287 -0.6122456 0.4541478 -0.6472125 -0.6122646 0.4541453 -0.3725361 -0.8904437 0.2613944 -0.3850018 -0.890444 0.2426583 -0.3725461 -0.8904353 0.2614084 -0.8256691 -0.2178813 0.5203828 -0.8256726 -0.2178715 0.5203813 -0.3850075 -0.8904412 0.2426596 -0.6689092 -0.6122336 0.421581 -0.3965409 -0.8904411 0.2233158 -0.6688825 -0.6122645 0.4215783 -0.8504099 -0.2178432 0.4789021 -0.6889411 -0.6122327 0.3879835 -0.8503963 -0.2178824 0.4789084 -0.3965482 -0.8904375 0.2233171 -0.6889364 -0.6122427 0.3879763 -0.873047 -0.2178463 0.4362705 -0.8730478 -0.217844 0.4362701 -0.7072794 -0.6122419 0.3534341 -0.4071126 -0.8904375 0.2034215 -0.7072453 -0.6123077 0.3533885 -0.407115 -0.8904359 0.203424 -0.8935804 -0.2177974 0.3925282 -0.8935642 -0.2178461 0.3925378 -0.9119034 -0.2177969 0.3478455 -0.7238522 -0.6123075 0.3179896 -0.4166747 -0.8904361 0.183046 -0.7387115 -0.6122943 0.2817815 -0.7387537 -0.6122225 0.2818273 -0.4252107 -0.8904396 0.1622137 -0.7238633 -0.6122947 0.3179891 -0.4166822 -0.8904311 0.183053 -0.4252286 -0.8904309 0.1622142 -0.4252127 0.8904396 0.1622081 -0.05345271 0.8904329 0.4519647 -0.09286164 0.6122611 0.7851835 -0.05344428 0.8904421 0.4519476 -0.1146308 -0.21786 0.9692248 -0.1146309 0.2178554 0.9692258 -0.03728705 0.4235863 0.905088 -0.09285829 -0.6122505 0.7851921 -0.1146218 -0.2178857 0.9692201 -0.07573637 0.8904417 0.4487512 -0.07573852 0.8904395 0.4487551 -0.05344428 -0.8904421 0.4519476 -0.05345272 -0.8904329 0.4519647 -0.09286357 -0.6122397 0.7851998 -0.1506229 0.4252683 0.8924459 -0.150619 0.4252734 0.8924441 -0.1624232 -0.2178909 0.9623629 -0.1624211 -0.2178835 0.9623649 -0.09784974 0.8904324 0.4444723 -0.09784178 0.8904396 0.4444595 -0.07573852 -0.8904395 0.4487551 -0.1315818 -0.6122415 0.7796451 -0.07573637 -0.8904417 0.4487512 -0.1315825 -0.6122443 0.7796428 -0.1945747 0.425274 0.883902 -0.1945796 0.4252675 0.883904 -0.2098212 -0.2178432 0.9531629 -0.2098341 -0.2178907 0.9531492 -0.1197091 0.8904319 0.4390908 -0.1197091 0.8904319 0.4390908 -0.09784974 -0.8904324 0.4444723 -0.0978418 -0.8904396 0.4444595 -0.1699849 -0.6122452 0.7721794 -0.1699898 -0.612267 0.7721609 -0.2380596 0.4252675 0.8731983 -0.2380596 0.4252675 0.8731983 -0.2567142 -0.2178422 0.941617 -0.256713 -0.2178376 0.9416184 -0.1412883 0.8904318 0.4326302 -0.141286 0.8904335 0.4326272 -0.1197091 -0.8904319 0.4390908 -0.2079652 -0.6122704 0.7628076 -0.2079646 -0.6122673 0.7628103 -0.1197091 -0.8904319 0.4390908 -0.280965 0.4252676 0.8603523 -0.2809747 0.4252554 0.8603551 -0.3029751 -0.2178374 0.9277677 -0.3029792 -0.2178539 0.9277626 -0.1625076 0.8904338 0.4251106 -0.1625087 0.8904329 0.4251119 -0.141286 -0.8904335 0.4326272 -0.245448 -0.6122416 0.7516086 -0.2454521 -0.6122706 0.7515836 -0.1412884 -0.8904318 0.4326302 -0.3485034 -0.2178528 0.9116389 -0.3231836 0.4252551 0.8454055 -0.3231747 0.4252661 0.8454033 -0.3484931 -0.2178797 0.9116365 -0.1833396 0.8904338 0.4165503 -0.1833301 0.8904405 0.4165402 -0.1625076 -0.8904338 0.4251106 -0.2823263 -0.6122422 0.7385468 -0.2823262 -0.6122408 0.738548 -0.1625087 -0.8904329 0.4251119 -0.3645976 0.425267 0.8283819 -0.3646027 0.4252608 0.8283828 -0.3931665 -0.2178822 0.893279 -0.3931633 -0.2178666 0.8932843 -0.2037187 0.8904368 0.4069655 -0.2037129 0.8904407 0.4069599 -0.1833301 -0.8904405 0.4165402 -0.2037153 -0.8904407 0.4069587 -0.3185177 -0.6122415 0.723676 -0.1833395 -0.8904338 0.4165503 -0.3185176 -0.6122403 0.7236769 -0.4051356 0.4252605 0.8093323 -0.4368759 -0.217866 0.8727393 -0.405129 0.4252684 0.8093313 -0.4368594 -0.217908 0.8727371 -0.2235915 0.890437 0.3963948 -0.2235901 0.8904379 0.3963935 -0.3539224 -0.6122255 0.7070494 -0.3539226 -0.6122413 0.7070355 -0.2037164 -0.8904368 0.4069667 -0.4446534 0.4252749 0.7883049 -0.4446587 0.4252684 0.7883053 -0.4794983 -0.2178588 0.85007 -0.4795073 -0.2179102 0.8500518 -0.2429293 0.8904376 0.3848458 -0.2429316 0.8904362 0.3848476 -0.3884577 -0.6122679 0.6886426 -0.3884591 -0.6122242 0.6886806 -0.2235915 -0.890437 0.3963948 -0.2235901 -0.8904379 0.3963935 -0.4831105 0.4252784 0.7653382 -0.5209677 -0.2178563 0.8253068 -0.4831131 0.4252753 0.7653383 -0.5209599 -0.217876 0.8253065 -0.5203782 0.4252786 0.740503 -0.2616708 0.8904361 0.37236 -0.2616577 0.8904439 0.3723506 -0.2429316 -0.8904362 0.3848476 -0.2429293 -0.8904376 0.3848458 -0.4220386 -0.6122615 0.6685951 -0.422038 -0.6122698 0.6685878 -0.5203725 0.425259 0.7405183 -0.5611393 -0.217875 0.7985318 -0.5611396 -0.2178769 0.7985312 -0.2797549 0.8904437 0.3589527 -0.2797696 0.8904353 0.3589621 -0.2616577 -0.8904439 0.3723506 -0.2616708 -0.8904361 0.37236 -0.4545983 -0.6122612 0.6468976 -0.4546016 -0.6122332 0.646922 -0.5563624 0.4252706 0.7138669 -0.5563712 0.4252598 0.7138663 -0.5999566 -0.217877 0.7697932 -0.5999574 -0.2178835 0.7697908 -0.5909992 0.4252704 0.6854669 -0.2971822 0.8904353 0.3446848 -0.297182 0.8904355 0.3446848 -0.2797696 -0.8904353 0.3589621 -0.2797549 -0.8904437 0.3589527 -0.4860451 -0.6122333 0.623643 -0.4860433 -0.6122448 0.6236331 -0.5909967 0.4252586 0.6854765 -0.6373 -0.2178842 0.739172 -0.6372979 -0.2178641 0.7391797 -0.3138841 0.8904241 0.329578 -0.3138637 0.8904351 0.3295676 -0.2971822 -0.8904353 0.3446848 -0.2971821 -0.8904355 0.3446848 -0.5162987 -0.6122442 0.5988261 -0.5162996 -0.6122398 0.5988298 -0.6241872 0.4252578 0.6553978 -0.6241707 0.4252779 0.6554005 -0.6730918 -0.217864 0.706741 -0.6730906 -0.2178495 0.7067465 -0.3298051 0.8904237 0.3136467 -0.3297715 0.8904414 0.3136317 -0.65584 0.4252788 0.623708 -0.3138841 -0.8904242 0.329578 -0.3138638 -0.8904352 0.3295676 -0.5452824 -0.6122388 0.5725651 -0.5452727 -0.6122783 0.5725319 -0.7072266 -0.2178489 0.6725863 -0.6558389 0.4252698 0.6237156 -0.707206 -0.2179022 0.6725908 -0.3448946 0.8904354 0.2969387 -0.3448824 0.8904417 0.2969339 -0.3297715 -0.8904414 0.3136317 -0.3448853 -0.8904417 0.2969307 -0.3298051 -0.8904237 0.3136467 -0.5729263 -0.6122801 0.5448565 -0.5729402 -0.6122312 0.5448968 -0.6858775 0.42527 0.590523 -0.6858793 0.4252679 0.5905226 -0.739624 -0.2179052 0.6367682 -0.599205 -0.6122295 0.5158765 -0.739621 -0.2178377 0.6367947 -0.3591436 0.8904444 0.2795078 -0.3591617 0.8904353 0.2795138 -0.7142573 0.4252675 0.5558633 -0.3448918 -0.8904353 0.296942 -0.5991697 -0.612271 0.5158681 -0.7142569 0.4252577 0.5558714 -0.770218 -0.217844 0.5994233 -0.7702177 -0.217836 0.5994264 -0.3725598 0.8904288 0.261411 -0.3725274 0.8904451 0.261402 -0.3591617 -0.8904353 0.2795138 -0.6239598 -0.6122715 0.4855901 -0.623967 -0.6122516 0.4856059 -0.3591436 -0.8904444 0.2795078 -0.7408703 0.4252631 0.5198677 -0.7408749 0.4252572 0.519866 -0.7989197 -0.217844 0.560599 -0.7989198 -0.2178528 0.5605956 -0.3850145 0.8904364 0.2426663 -0.3850302 0.8904286 0.2426699 -0.6472199 -0.612251 0.4541533 -0.3725274 -0.890445 0.261402 -0.3725598 -0.8904288 0.261411 -0.6472186 -0.6122541 0.4541509 -0.7656903 0.4252634 0.4825655 -0.7656716 0.425288 0.4825737 -0.8256761 -0.217854 0.5203832 -0.8256756 -0.2178861 0.5203704 -0.7886043 0.4252888 0.4441088 -0.3965488 0.8904367 0.2233196 -0.396547 0.8904375 0.2233193 -0.3850145 -0.8904364 0.2426663 -0.3850302 -0.8904286 0.2426699 -0.6688927 -0.6122538 0.4215777 -0.6688859 -0.6122693 0.421566 -0.7886044 0.4252872 0.4441102 -0.8503983 -0.217887 0.4789029 -0.8503989 -0.2178683 0.4789103 -0.4071079 0.89044 0.2034204 -0.4071129 0.8904376 0.203421 -0.396547 -0.8904375 0.2233193 -0.6889117 -0.6122798 0.3879615 -0.3965488 -0.8904367 0.2233196 -0.6889164 -0.6122698 0.3879688 -0.809632 0.4252503 0.4045468 -0.8096053 0.425287 0.4045616 -0.8730489 -0.217851 0.4362645 -0.873048 -0.2178671 0.4362581 -0.416659 0.890444 0.1830428 -0.416668 0.8904397 0.1830435 -0.7387252 0.6122639 0.2818119 -0.8286422 0.4252502 0.3640251 -0.4252023 0.8904446 0.1622079 -0.4071079 -0.89044 0.2034204 -0.4071129 -0.8904376 0.203421 -0.707265 -0.6122798 0.3533973 -0.7072876 -0.6122358 0.3534284 -0.9118795 0.2178852 0.3478531 -0.8286406 0.425261 0.3640162 -0.8685778 0.4235791 0.2572028 -0.9118774 -0.2178898 0.3478558 -0.8935601 -0.2178509 0.3925447 -0.8935581 -0.2178783 0.392534 -0.9118807 -0.2178796 0.3478535 -0.4166591 -0.890444 0.1830428 -0.4252035 -0.8904446 0.1622047 -0.7387506 -0.6122328 0.2818128 -0.7387329 -0.6122533 0.2818148 -0.4252115 -0.8904396 0.1622114 -0.4166679 -0.8904397 0.1830435 -0.7239027 -0.612236 0.3180127 -0.7239038 -0.6122339 0.318014 -0.9118891 0.2178602 0.3478435 -0.05344788 0.8904397 0.4519517 -0.05344585 0.8904352 0.4519609 -0.1146215 0.2178443 0.9692295 -0.1146195 0.2178503 0.9692284 -0.09285508 0.6122569 0.7851874 -0.09285609 0.6122604 0.7851846 -0.07573852 0.8904395 0.4487551 -0.07573722 0.8904358 0.4487628 -0.1624235 0.2178498 0.9623721 -0.1315834 0.6122593 0.7796309 -0.1315796 0.6122442 0.7796434 -0.1624261 0.2178423 0.9623734 -0.09784302 0.8904396 0.4444592 -0.09784438 0.8904451 0.444448 -0.2098176 0.2179018 0.9531502 -0.1699899 0.6122284 0.7721916 -0.1699934 0.612245 0.7721776 -0.2098359 0.21785 0.9531581 -0.1197053 0.8904454 0.4390645 -0.1197046 0.8904406 0.4390743 -0.2567317 0.2178377 0.9416133 -0.2079748 0.612244 0.7628261 -0.2079718 0.6122265 0.762841 -0.2567077 0.2179044 0.9416044 -0.1412826 0.8904392 0.4326168 -0.1412827 0.8904404 0.4326143 -0.302962 0.2178797 0.9277621 -0.3029775 0.2178374 0.927767 -0.2454492 0.6122447 0.7516057 -0.2454521 0.6122677 0.751586 -0.1625017 0.8904422 0.4250951 -0.1625018 0.8904395 0.4251009 -0.3485015 0.2178797 0.9116333 -0.3485005 0.2178827 0.911633 -0.282325 0.6122677 0.7385262 -0.2823226 0.6122408 0.7385494 -0.1833298 0.8904421 0.4165367 -0.1833301 0.8904405 0.4165402 -0.393179 0.2178285 0.8932867 -0.3931588 0.2178823 0.8932824 -0.3185118 0.6122414 0.7236785 -0.3185118 0.6122404 0.7236795 -0.2235833 0.8904448 0.3963816 -0.2037116 0.890445 0.4069513 -0.2037128 0.8904408 0.40696 -0.4368686 0.2178335 0.8727511 -0.3539193 0.61225 0.7070297 -0.4368703 0.2178289 0.8727514 -0.3539193 0.6122414 0.7070372 -0.2236063 0.8904302 0.3964019 -0.4795069 0.2178635 0.8500639 -0.4795186 0.2178328 0.8500651 -0.3884665 0.6122509 0.6886528 -0.3884669 0.612241 0.6886613 -0.2429316 0.8904362 0.3848476 -0.2429345 0.8904299 0.3848602 -0.4220367 0.6122615 0.6685964 -0.5209599 0.2178407 0.8253159 -0.5209503 0.2178656 0.8253153 -0.4220384 0.6122407 0.6686141 -0.261666 0.8904365 0.3723625 -0.2616662 0.8904362 0.3723631 -0.5611442 0.2178751 0.7985284 -0.4546029 0.6122331 0.646921 -0.4545993 0.6122612 0.6468969 -0.5611566 0.2178428 0.7985285 -0.279765 0.8904366 0.3589627 -0.279761 0.8904425 0.3589511 -0.5999589 0.217877 0.7697915 -0.599969 0.2178507 0.7697911 -0.4860523 0.6122233 0.6236472 -0.4860506 0.6122332 0.6236387 -0.2971671 0.8904472 0.3446674 -0.2971708 0.8904424 0.3446767 -0.6373026 0.2178527 0.739179 -0.6372896 0.217887 0.7391801 -0.5163063 0.6122236 0.5988407 -0.5163072 0.612219 0.5988445 -0.3138547 0.8904476 0.3295428 -0.3138583 0.8904431 0.329551 -0.6730877 0.2178769 0.7067408 -0.5452947 0.6122407 0.5725514 -0.5453002 0.6122189 0.5725694 -0.6730822 0.2178914 0.7067416 -0.3297715 0.8904414 0.3136316 -0.3297698 0.8904431 0.3136284 -0.7072157 0.2178735 0.6725899 -0.707213 0.2178806 0.6725904 -0.5729377 0.6122406 0.5448887 -0.5729405 0.6122312 0.5448964 -0.3448881 0.8904417 0.2969276 -0.3448946 0.8904354 0.2969387 -0.7396259 0.2178465 0.6367859 -0.5991793 0.6122711 0.5158567 -0.5991932 0.6122297 0.5158899 -0.7396142 0.217878 0.6367887 -0.3591571 0.8904357 0.2795183 -0.3591575 0.8904352 0.279519 -0.7702109 0.2178841 0.5994177 -0.7702233 0.2178505 0.5994141 -0.6239614 0.6122715 0.485588 -0.6239751 0.6122348 0.4856167 -0.3725461 0.8904353 0.2614084 -0.3725361 0.8904437 0.2613944 -0.7989339 0.2178289 0.5605847 -0.6472233 0.6122541 0.454144 -0.6472312 0.6122352 0.4541585 -0.7989123 0.2178883 0.5605923 -0.3850029 0.890444 0.2426568 -0.6688895 0.612254 0.4215827 -0.3850065 0.8904412 0.2426613 -0.8256767 0.2178415 0.5203875 -0.6689162 0.612223 0.4215854 -0.8256801 0.2178318 0.520386 -0.3965421 0.8904411 0.2233137 -0.4071121 0.8904375 0.2034225 -0.396547 0.8904375 0.2233193 -0.8504034 0.217846 0.4789124 -0.6889434 0.612232 0.3879804 -0.8503918 0.2178795 0.4789178 -0.6889483 0.6122221 0.3879875 -0.4071155 0.8904359 0.203423 -0.4166732 0.8904361 0.1830491 -0.7072868 0.6122313 0.3534378 -0.8730394 0.2178859 0.4362659 -0.8730638 0.2178138 0.436253 -0.7072526 0.6122971 0.3533922 -0.4166835 0.8904311 0.1830499 -0.4252286 0.8904309 0.1622142 -0.4252107 0.8904396 0.1622137 -0.8935702 0.2178173 0.3925404 -0.8935611 0.2178447 0.3925457 -0.7238617 0.612297 0.3179884 -0.7238688 0.6122841 0.317997 -0.7387091 0.6122841 0.2818103 -0.738771 0.6122122 0.2818041 -0.9118925 0.2178498 0.3478413 -0.08878627 0.2179138 0.9719211 0.9012951 0.2229205 0.3714477 -0.04001882 0.8921949 0.4498741 -0.02791091 0.611735 0.7905701 -0.08450382 0.8896915 0.4486738 0.7460802 0.3179943 0.5850163 -0.04351366 0.2176772 0.9750503 -0.00195169 0.8905411 0.4548987 -0.01850387 0.6122795 0.7904248 -0.01986861 0.8957776 0.4440583 -0.3518371 0.5872558 0.7289315 -0.1912828 0.509293 0.8390658 -0.0445851 0 0.9990056 -0.0445851 0 0.9990056 -0.0910896 0 0.9958428 -0.09108959 0 0.9958427 -0.117442 0 0.9930797 -0.117442 0 0.9930797 -0.1664205 0 0.9860549 -0.1664205 0 0.9860549 -0.2149835 0 0.9766177 -0.2149835 0 0.9766177 -0.2630488 0.0001448731 0.9647825 -0.2630364 0 0.9647859 -0.3104196 -9.322612e-05 0.9505996 -0.3104395 0.0001428223 0.9505931 -0.3570801 -0.0001072393 0.9340737 -0.3570801 -0.0001070517 0.9340737 -0.4028527 0.0001374375 0.9152649 -0.4028317 -0.0001211033 0.915274 -0.4476177 0 0.8942251 -0.4476283 0.0001343891 0.8942198 -0.4913085 0.0001307884 0.8709856 -0.4912984 0 0.8709912 -0.5337789 0.0001267246 0.845624 -0.5337789 0.0001269801 0.845624 -0.5749565 0.0001231471 0.8181838 -0.5749565 0.0001228597 0.8181838 -0.6147336 0.0001185493 0.7887349 -0.6147336 0.0001184375 0.7887349 -0.6529912 0.0001134397 0.7573655 -0.652978 -8.237543e-05 0.7573768 -0.6896425 -9.861954e-05 0.7241499 -0.6896558 0.0001087375 0.7241374 -0.7246233 -0.0001141379 0.6891452 -0.7246366 0.0001032214 0.6891312 -0.7578267 -0.000129619 0.6524559 -0.7578267 -0.0001297906 0.6524559 -0.7891711 -0.000144781 0.6141734 -0.7891711 -0.0001446093 0.6141735 -0.8185907 0.0001724986 0.5743773 -0.8185738 -0.0001599388 0.5744014 -0.8459939 0.0001601299 0.5331926 -0.8459939 0.0001599383 0.5331926 -0.8713248 -0.0001143083 0.4907067 -0.8713362 0.0001476758 0.4906866 -0.8945414 0.0001342398 0.4469849 -0.8945308 -0.0001343899 0.4470062 -0.9155496 -0.000154169 0.4022053 -0.9155593 0.0001208486 0.4021831 -0.9343318 0.0001070364 0.3564043 -0.934323 -0.0001734793 0.3564276 -0.9451095 0 0.3267539 -0.9451196 9.806569e-05 0.3267247 -0.9225984 0.217921 0.3183121 -0.4282257 0.8904937 0.1537648 -0.7491114 0.6122897 0.2528505 -0.4264306 0.8931102 0.1432178 -0.6985475 0.3546626 -0.6214868 -0.8933243 0.4491495 0.01537527 -0.4317732 0.8904648 0.1436817 -0.7501674 0.6123168 0.2496341 -0.430411 0.8909802 0.1445706 -0.9260047 -0.2179193 0.3082637 -0.9260057 0.2179146 0.308264 -0.755117 0.4104038 0.5112407 -0.4386469 0.8924521 0.1054421 -0.4492811 0.8924554 0.04086424 -0.4425307 0.8905736 0.1050969 -0.430389 -0.8909885 0.1445849 -0.7501752 -0.6123062 0.2496367 -0.4317732 -0.8904648 0.1436817 -0.7551222 -0.4104049 0.5112321 -0.8809298 0.4244984 0.2091981 -0.8809168 0.4245198 0.2092095 -0.4543216 0.890828 0.00417499 -0.454997 0.8904759 0.005519329 -0.7905138 0.6123692 0.009589342 -0.4531819 0.8904004 0.04258295 -0.4492567 -0.8924679 0.04085949 -0.4386099 -0.8924708 0.1054384 -0.8809198 -0.4245202 0.2091957 -0.4425091 -0.8905848 0.1050918 -0.8809264 -0.4244988 0.2092118 -0.9758979 0.2179164 0.01164557 -0.975897 -0.2179211 0.01164555 -0.9014592 0.4244956 0.08470503 -0.9014462 0.4245201 0.08472009 -0.8480786 0.394473 -0.3537705 -0.790522 -0.6123586 0.009589451 -0.454997 -0.8904759 0.005519349 -0.4543049 -0.8908365 0.004141942 -0.9014479 -0.4245197 0.08470398 -0.4531646 -0.8904092 0.04258134 -0.8480832 -0.3944754 -0.353757 -0.9014578 -0.4244952 0.08472119 -0.4313441 -0.8904737 0.1449096 -0.8162166 -0.5521306 -0.1701244 -0.9226018 -0.2179435 0.3182867 -0.8147151 -0.5557088 -0.1656109 -0.4534921 -0.8903062 0.0412287 -0.9728772 -0.2170267 0.08005832 -0.788196 -0.6111708 0.07223047 -0.4261509 -0.8988381 0.1023983 -0.72634 -0.612318 0.312245 -0.450357 -0.8919556 0.03992125 -0.9512385 -0.1977871 0.2366972 -0.7321882 -0.6067371 0.3094682 -0.7851691 -0.6152436 0.070603 -0.9685657 -0.2339793 0.08446395 -0.9759641 -0.2179312 0.0002228335 -0.4550031 -0.8904878 -0.00189016 -0.4537061 -0.8911418 0.004138685 -0.4537818 -0.8911011 0.004570768 -0.4541835 -0.8909038 0.002782211 -0.7905498 -0.6123972 -0.0007586558 -0.9759055 -0.2181923 0.0006694538 -0.7900518 -0.6130307 0.003377788 -0.9759049 -0.2181903 0.001603072 -0.7900503 -0.6130339 0.003170627 -0.9759054 -0.2181916 0.001128493 -0.9759058 -0.2181892 0.001115487 -0.7900471 -0.613038 0.003144427 -0.7900471 -0.613043 0.001914516 -0.7900535 -0.613035 0.001861442 -0.9759059 -0.2181911 0.0006625236 -0.4550039 -0.8904895 0 -0.4550039 -0.8904895 0 -0.7905501 -0.6123974 0 -0.7905501 -0.6123974 0 -0.9759641 -0.2179312 0 -0.9759641 -0.2179312 0 -0.4550039 0.8904895 0 -0.7905501 0.6123974 0 -0.4550039 0.8904895 0 -0.9759641 0.2179312 0 -0.7905501 0.6123974 0 -0.9759641 0.2179312 0 -0.9759631 -0.2179358 0 -0.9759631 -0.2179358 -0 -0.7905583 -0.6123868 0 -0.7905583 -0.6123868 -0 -0.4550039 -0.8904895 0 -0.4550039 -0.8904895 -0 -0.4550039 0.8904895 0 -0.4550039 0.8904895 0 -0.7905583 0.6123868 0 -0.7905583 0.6123868 0 -0.9759631 0.2179359 0 -0.9759631 0.2179358 0 -0.9759064 0.2181869 0.001140263 -0.9759631 0.2179358 0.0002228383 -0.4537119 0.8911386 0.004171678 -0.4537818 0.8911011 0.004570768 -0.4550032 0.890488 -0.001790864 -0.4542009 0.8908949 0.002782183 -0.9759049 0.2181957 0.0006694641 -0.790042 0.6130449 0.003101756 -0.9759048 0.2181939 0.001103972 -0.7900471 0.613038 0.003144427 -0.790558 0.6123866 -0.0008274375 -0.7900453 0.6130455 0.001914524 -0.9759055 0.2181923 0.0006870654 -0.7900436 0.6130411 0.003445845 -0.7900472 0.613043 0.00193041 -0.975905 0.2181904 0.00157854 -0.4394037 0.892058 0.1056267 -0.4365028 0.8988244 0.03975006 -0.4535775 0.890509 0.03551396 -0.7885888 0.6115407 0.06438708 -0.7347273 0.6129729 0.2905859 -0.9732941 0.2171496 0.0744624 -0.9769447 0.1978013 0.08033577 -0.9432608 0.234982 0.2346112 -0.7403644 0.6072946 0.2881903 -0.7855775 0.6155871 0.06261539 -0.9966817 0 0.08139763 -0.9966817 0 0.08139765 -0.9702843 0 0.2419676 -0.9702844 0 0.2419676 -1 0 0 -1 0 0 -1 0 0 -1 0 0 -1 0 0 -1 0 0 -1 0 0 -1 0 0 -1 0 0 -1 0 0 -1 0 0 -1 0 0 -1 0 0 -1 0 0 -0.9759632 0.2179358 -0.000222737 -0.9759063 0.2181869 -0.001139745 -0.4550031 0.890488 0.001792063 -0.4536947 0.8911475 -0.004171616 -0.4537819 0.8911005 -0.004669089 -0.7900421 0.6130442 -0.00321216 -0.454219 0.890886 -0.002681597 -0.790558 0.6123865 0.0008281824 -0.7900437 0.613041 -0.003448153 -0.9759049 0.2181904 -0.001579961 -0.9759048 0.2181957 -0.0006691599 -0.7900553 0.6130276 -0.003100971 -0.7900553 0.6130328 -0.001845181 -0.7900453 0.6130454 -0.001929116 -0.9759055 0.2181923 -0.0006866021 -0.9759048 0.2181939 -0.001103724 -0.7501711 -0.6123062 -0.2496484 -0.4317655 -0.8904676 -0.1436867 -0.4304183 -0.8909774 -0.1445658 -0.9260057 0.2179146 -0.308264 -0.9260046 -0.2179193 -0.3082637 -0.7551111 -0.4104139 -0.5112413 -0.4386252 -0.8924626 -0.105444 -0.4492625 -0.8924648 -0.04086313 -0.442535 -0.8905714 -0.1050965 -0.4303964 0.8909857 -0.1445801 -0.4317655 0.8904677 -0.1436867 -0.7501633 0.6123168 -0.2496459 -0.7551059 0.4104127 -0.51125 -0.8809279 -0.4245027 -0.2091976 -0.8809174 -0.4245199 -0.2092068 -0.454305 -0.8908366 -0.004141329 -0.4549969 -0.8904759 -0.005518482 -0.790522 -0.6123587 -0.00958797 -0.4531646 -0.8904092 -0.04258245 -0.4492737 0.8924592 -0.04086098 -0.4386274 0.8924623 -0.1054368 -0.8809198 0.4245202 -0.2091957 -0.4425135 0.8905827 -0.1050914 -0.8809251 0.424503 -0.2092086 -0.9758969 -0.2179211 -0.01164369 -0.975898 0.2179164 -0.01164371 -0.901459 -0.4244956 -0.08470727 -0.9014459 -0.4245202 -0.0847224 -0.8480995 -0.3944836 0.3537087 -0.7905138 0.6123692 -0.009587876 -0.4549969 0.8904759 -0.005518502 -0.4543219 0.8908278 -0.004174992 -0.9014477 0.4245198 -0.08470621 -0.4531851 0.8903987 -0.04258437 -0.8480951 0.3944813 0.3537222 -0.9014577 0.4244951 -0.08472351 -0.9759641 -0.2179312 -0.0002228335 -0.4537062 -0.8911418 -0.004138072 -0.4537822 -0.8911009 -0.004571787 -0.4550031 -0.8904878 0.00189016 -0.4541836 -0.8909038 -0.002781591 -0.9759058 -0.2181892 -0.00111574 -0.7900503 -0.6130339 -0.003170627 -0.9759054 -0.2181916 -0.001128493 -0.7900472 -0.6130379 -0.003145128 -0.7905498 -0.6123972 0.0007586558 -0.9759056 -0.2181924 -0.0006693017 -0.7900535 -0.6130349 -0.001914064 -0.7900472 -0.6130432 -0.001861467 -0.9759058 -0.2181911 -0.0006625236 -0.7900518 -0.6130307 -0.003377788 -0.9759049 -0.2181903 -0.001603072 -0.4535802 -0.8905076 -0.03551374 -0.788597 -0.6115302 -0.06438695 -0.7347224 -0.6129766 -0.2905906 -0.4394039 -0.892057 -0.105634 -0.4365028 -0.8988243 -0.03975056 -0.9732948 -0.2171548 -0.07443774 -0.9769616 -0.1977166 -0.08033808 -0.9432801 -0.2349012 -0.2346148 -0.7403363 -0.607322 -0.288205 -0.7855485 -0.6156261 -0.06259348 -0.9226019 -0.2179435 -0.3182867 -0.4282188 -0.8904937 -0.1537845 -0.7491088 -0.6122916 -0.2528538 -0.4264179 -0.8931181 -0.1432062 -0.6985416 -0.3546597 0.621495 -0.8933243 -0.4491495 -0.01537527 -0.9118753 -0.2178851 -0.3478642 -0.1146215 -0.2178456 -0.9692292 -0.9119034 -0.2177969 -0.3478455 -0.4252099 -0.8904396 -0.1622158 -0.7387594 -0.6122127 -0.2818336 -0.4252346 -0.8904276 -0.1622165 -0.7387115 -0.6122943 -0.2817815 -0.8935704 -0.2178461 -0.3925239 -0.8935743 -0.2177973 -0.3925422 -0.7238613 -0.6122947 -0.3179937 -0.4166901 -0.8904275 -0.1830528 -0.4166722 -0.8904362 -0.1830513 -0.7238542 -0.6123076 -0.3179851 -0.8730474 -0.2178439 -0.4362708 -0.8730472 -0.2178464 -0.4362698 -0.4071121 -0.8904375 -0.2034225 -0.4071155 -0.8904359 -0.203423 -0.7072452 -0.6123077 -0.3533885 -0.7072795 -0.6122418 -0.3534341 -0.8504024 -0.2178823 -0.4788978 -0.850404 -0.2178432 -0.4789127 -0.6889364 -0.6122428 -0.3879763 -0.6889411 -0.6122327 -0.3879835 -0.39655 -0.8904366 -0.2233175 -0.3965482 -0.8904375 -0.2233171 -0.825671 -0.2178715 -0.5203839 -0.8256708 -0.2178812 -0.5203802 -0.6689059 -0.6122335 -0.4215864 -0.384992 -0.8904489 -0.2426561 -0.3850172 -0.8904364 -0.2426619 -0.6688986 -0.6122497 -0.4215743 -0.7989154 -0.2178394 -0.5606069 -0.7989153 -0.2178721 -0.5605943 -0.3725494 -0.8904353 -0.2614038 -0.3725226 -0.8904487 -0.2613961 -0.6472231 -0.612249 -0.4541513 -0.6472244 -0.6122458 -0.4541537 -0.7702248 -0.2178057 -0.5994284 -0.7702253 -0.2178394 -0.5994155 -0.6239687 -0.6122455 -0.4856117 -0.3591577 -0.8904353 -0.2795188 -0.3591569 -0.8904357 -0.2795185 -0.623955 -0.6122822 -0.485583 -0.7396275 -0.2178375 -0.6367872 -0.7396263 -0.2178059 -0.6367993 -0.3448853 -0.8904417 -0.2969308 -0.5991731 -0.6122817 -0.5158514 -0.3448972 -0.8904355 -0.2969355 -0.599187 -0.6122403 -0.5158846 -0.7072236 -0.2179046 -0.6725714 -0.70722 -0.2178371 -0.672597 -0.3297723 -0.8904414 -0.3136307 -0.3297809 -0.8904369 -0.3136346 -0.5729346 -0.6122417 -0.5448907 -0.5729318 -0.6122512 -0.5448831 -0.6730821 -0.2178292 -0.7067608 -0.6730874 -0.2179025 -0.7067333 -0.5452895 -0.6122492 -0.5725471 -0.3138491 -0.8904477 -0.3295478 -0.545289 -0.6122512 -0.5725455 -0.3138693 -0.8904367 -0.3295582 -0.6373081 -0.217848 -0.7391757 -0.6373063 -0.2178279 -0.7391831 -0.5162928 -0.6122504 -0.598825 -0.2971733 -0.8904423 -0.3446745 -0.279761 -0.8904425 -0.3589511 -0.5162891 -0.612255 -0.5988234 -0.2971646 -0.8904471 -0.3446696 -0.5999631 -0.217846 -0.7697969 -0.599966 -0.2178723 -0.7697873 -0.4860353 -0.6122654 -0.6236191 -0.279765 -0.8904366 -0.3589627 -0.486037 -0.6122555 -0.6236275 -0.5611446 -0.2178722 -0.798529 -0.5611444 -0.2178706 -0.7985295 -0.4545901 -0.6122661 -0.6468988 -0.2616663 -0.8904362 -0.372363 -0.2429316 -0.8904362 -0.3848476 -0.2616659 -0.8904365 -0.3723626 -0.4545856 -0.612272 -0.6468964 -0.520959 -0.2178713 -0.8253083 -0.5209575 -0.2178609 -0.825312 -0.4220417 -0.6122512 -0.6686025 -0.2235947 -0.890438 -0.3963908 -0.2429309 -0.8904375 -0.3848448 -0.4220398 -0.6122721 -0.6685845 -0.4795068 -0.2178646 -0.8500637 -0.4795058 -0.2178589 -0.8500656 -0.3884544 -0.6122616 -0.6886501 -0.3884548 -0.6122515 -0.6886588 -0.2235951 -0.8904369 -0.3963929 -0.4368657 -0.2178614 -0.8727455 -0.4368666 -0.2178661 -0.8727439 -0.2037103 -0.8904408 -0.4069611 -0.3539156 -0.6122607 -0.7070224 -0.2037162 -0.8904368 -0.4069669 -0.3539156 -0.6122519 -0.7070299 -0.3931571 -0.217844 -0.8932925 -0.3931606 -0.217862 -0.8932865 -0.1833406 -0.8904339 -0.4165499 -0.1833311 -0.8904405 -0.4165397 -0.3185085 -0.6122521 -0.723671 -0.3185084 -0.612251 -0.7236719 -0.3485041 -0.2178482 -0.9116398 -0.3485034 -0.2178452 -0.9116407 -0.2823291 -0.6122527 -0.738537 -0.1624923 -0.890448 -0.4250868 -0.1625111 -0.8904338 -0.4251091 -0.282329 -0.6122515 -0.738538 -0.3029819 -0.2178723 -0.9277573 -0.3029767 -0.2178492 -0.9277644 -0.2454462 -0.6122522 -0.7516006 -0.1412727 -0.8904477 -0.4326024 -0.2454466 -0.6122553 -0.7515979 -0.1412819 -0.8904403 -0.4326145 -0.256716 -0.2178997 -0.9416032 -0.2567095 -0.2178732 -0.9416111 -0.2079726 -0.6122546 -0.7628182 -0.1197078 -0.8904407 -0.4390734 -0.2079697 -0.6122371 -0.7628331 -0.1197125 -0.8904366 -0.4390803 -0.2098203 -0.2178454 -0.9531626 -0.2098336 -0.2178972 -0.9531478 -0.1699881 -0.612239 -0.7721835 -0.09784446 -0.8904362 -0.4444658 -0.1699916 -0.6122557 -0.7721696 -0.09784076 -0.8904397 -0.4444597 -0.1624239 -0.2178377 -0.9623747 -0.162426 -0.2178452 -0.9623727 -0.1146198 -0.2178396 -0.9692307 -0.1315782 -0.6122549 -0.7796353 -0.07573601 -0.8904395 -0.4487556 -0.09285381 -0.612271 -0.7851767 -0.09285542 -0.6122676 -0.7851791 -0.05344995 -0.8904307 -0.4519691 -0.131582 -0.6122699 -0.7796228 -0.07573976 -0.8904358 -0.4487624 -0.05345197 -0.8904353 -0.4519601 -0.4252067 -0.8904428 -0.1622059 -0.05345045 0.8904418 -0.4519473 -0.4251977 0.8904479 -0.1622024 -0.4252056 0.8904428 -0.1622091 -0.7387252 0.6122639 -0.2818119 -0.8685778 0.4235792 -0.2572028 -0.9118795 0.2178852 -0.347853 -0.9118774 -0.2178898 -0.3478558 -0.7387357 -0.6122534 -0.2818071 -0.9118807 -0.2178796 -0.3478535 -0.4166657 0.8904397 -0.1830485 -0.4166536 0.8904477 -0.1830372 -0.7387477 -0.6122329 -0.2818205 -0.4251963 -0.8904479 -0.1622056 -0.8286406 0.425261 -0.3640162 -0.8286422 0.4252502 -0.3640251 -0.8935637 -0.2178508 -0.3925365 -0.8935544 -0.2178782 -0.3925422 -0.4071121 0.8904375 -0.2034225 -0.4071086 0.89044 -0.2034189 -0.4166656 -0.8904397 -0.1830485 -0.7239024 -0.6122359 -0.3180134 -0.7239041 -0.6122339 -0.3180133 -0.4166536 -0.8904477 -0.1830372 -0.8096234 0.4252501 -0.4045643 -0.8096202 0.4252786 -0.4045408 -0.8730512 -0.217851 -0.4362597 -0.8730521 -0.2178486 -0.4362592 -0.3965424 0.890441 -0.2233132 -0.3965473 0.8904375 -0.2233188 -0.4071086 -0.89044 -0.2034189 -0.4071121 -0.8904375 -0.2034225 -0.707257 -0.61228 -0.3534131 -0.7072954 -0.6122359 -0.3534125 -0.7886051 0.4252781 -0.4441176 -0.7886043 0.4252888 -0.4441088 -0.850392 -0.217887 -0.4789141 -0.8504059 -0.2178478 -0.4789072 -0.3850093 0.8904412 -0.2426567 -0.3850254 0.8904287 -0.2426771 -0.6889098 -0.6122797 -0.3879651 -0.3965424 -0.8904411 -0.2233132 -0.6889185 -0.6122698 -0.3879654 -0.3965473 -0.8904375 -0.2233188 -0.7656812 0.4252636 -0.4825798 -0.7656804 0.4252881 -0.4825593 -0.8256817 -0.2178538 -0.5203743 -0.8256701 -0.217886 -0.5203794 -0.3725341 0.8904449 -0.261393 -0.3725536 0.8904287 -0.2614203 -0.3850254 -0.8904287 -0.2426771 -0.3850093 -0.8904412 -0.2426567 -0.6688961 -0.6122537 -0.4215725 -0.6688827 -0.6122692 -0.4215713 -0.7408726 0.4252632 -0.5198643 -0.7408727 0.4252572 -0.5198693 -0.7989214 -0.217844 -0.5605966 -0.7989181 -0.2178528 -0.5605978 -0.3591577 0.8904353 -0.2795188 -0.3591474 0.8904445 -0.2795027 -0.3725341 -0.8904449 -0.261393 -0.6472206 -0.6122509 -0.4541523 -0.6472179 -0.612254 -0.4541519 -0.3725536 -0.8904287 -0.2614203 -0.7142569 0.4252577 -0.5558714 -0.770218 -0.2178439 -0.5994232 -0.7142574 0.4252675 -0.5558632 -0.7702177 -0.217836 -0.5994264 -0.3448918 0.8904353 -0.296942 -0.3448853 0.8904417 -0.2969307 -0.3591474 -0.8904445 -0.2795027 -0.3591577 -0.8904353 -0.2795188 -0.6239719 -0.6122518 -0.4855995 -0.6239548 -0.6122717 -0.4855964 -0.6858785 0.42527 -0.590522 -0.6858782 0.4252678 -0.5905237 -0.7396049 -0.2179325 -0.636781 -0.7396412 -0.2178379 -0.6367712 -0.3297907 0.89043 -0.3136439 -0.3297798 0.8904416 -0.3136226 -0.5992201 -0.6122116 -0.51588 -0.3448853 -0.8904417 -0.2969307 -0.5991697 -0.612271 -0.5158681 -0.3448918 -0.8904353 -0.296942 -0.6558401 0.4252789 -0.623708 -0.6558389 0.4252698 -0.6237156 -0.7072266 -0.2178489 -0.6725863 -0.7071949 -0.2179308 -0.6725931 -0.3138698 0.8904306 -0.329574 -0.313866 0.8904351 -0.3295655 -0.5729642 -0.6122125 -0.5448925 -0.3297798 -0.8904416 -0.3136226 -0.5729073 -0.6122804 -0.544876 -0.3297907 -0.89043 -0.3136439 -0.6241771 0.425258 -0.6554072 -0.6730906 -0.2178496 -0.7067465 -0.6241806 0.425278 -0.6553909 -0.6730918 -0.217864 -0.706741 -0.2971821 0.8904354 -0.3446847 -0.2971821 0.8904353 -0.3446849 -0.5452614 -0.6122782 -0.5725431 -0.3138698 -0.8904306 -0.329574 -0.545294 -0.6122386 -0.5725543 -0.313866 -0.8904351 -0.3295655 -0.5909967 0.4252585 -0.6854765 -0.5909992 0.4252704 -0.6854669 -0.6373029 -0.2178642 -0.7391753 -0.637295 -0.2178842 -0.7391763 -0.2797596 0.8904437 -0.3589493 -0.2797652 0.8904353 -0.3589658 -0.516301 -0.6122398 -0.5988286 -0.2971822 -0.8904353 -0.3446849 -0.5162973 -0.6122443 -0.5988272 -0.2971821 -0.8904354 -0.3446847 -0.5563681 0.4252706 -0.7138624 -0.5563654 0.4252599 -0.7138708 -0.5999557 -0.2178835 -0.7697921 -0.5999584 -0.217877 -0.769792 -0.4860433 -0.6122449 -0.6236331 -0.2616663 0.8904362 -0.3723629 -0.261662 0.8904439 -0.3723474 -0.2797596 -0.8904437 -0.3589493 -0.2616577 -0.8904439 -0.3723506 -0.2797652 -0.8904353 -0.3589658 -0.4860451 -0.6122333 -0.623643 -0.5203782 0.4252786 -0.740503 -0.5203725 0.425259 -0.7405183 -0.5611398 -0.2178751 -0.7985315 -0.5611391 -0.2178768 -0.7985315 -0.2429301 0.8904375 -0.3848453 -0.2429308 0.8904361 -0.3848481 -0.2616708 -0.8904361 -0.37236 -0.4546108 -0.6122332 -0.6469154 -0.454589 -0.6122614 -0.6469041 -0.4831214 0.4252785 -0.7653313 -0.4831152 0.4252597 -0.7653456 -0.5209817 -0.217821 -0.8253073 -0.5209599 -0.217876 -0.8253065 -0.2235881 0.8904449 -0.3963791 -0.2235906 0.8904379 -0.3963932 -0.2429308 -0.8904361 -0.3848481 -0.2429301 -0.8904375 -0.3848453 -0.2235947 -0.890438 -0.3963907 -0.4220414 -0.6122615 -0.6685932 -0.4220352 -0.6122698 -0.6685896 -0.4794918 -0.2178225 -0.8500829 -0.4446549 0.4252685 -0.7883075 -0.4446513 0.4252589 -0.7883146 -0.4795073 -0.2179102 -0.8500518 -0.3884577 -0.6122679 -0.6886426 -0.2037103 0.8904408 -0.4069611 -0.2037093 0.8904449 -0.4069526 -0.2235839 -0.8904448 -0.3963813 -0.3884591 -0.6122242 -0.6886806 -0.4051339 0.4252685 -0.809329 -0.4051307 0.4252605 -0.8093347 -0.4368758 -0.2178659 -0.8727393 -0.4368594 -0.217908 -0.8727371 -0.183334 0.8904421 -0.416535 -0.1833343 0.8904406 -0.4165383 -0.2037103 -0.8904407 -0.4069611 -0.2037093 -0.8904449 -0.4069526 -0.3539281 -0.6122255 -0.7070465 -0.3539168 -0.6122414 -0.7070384 -0.3646015 0.4252669 -0.8283802 -0.3645988 0.4252608 -0.8283846 -0.393168 -0.2178666 -0.8932822 -0.3931619 -0.2178823 -0.893281 -0.1625027 0.890433 -0.4251141 -0.1625022 0.8904423 -0.4250949 -0.3185173 -0.6122415 -0.7236761 -0.3185181 -0.6122403 -0.7236769 -0.183334 -0.8904421 -0.416535 -0.1833343 -0.8904406 -0.4165383 -0.3231817 0.4252662 -0.8454006 -0.3231765 0.4252552 -0.8454081 -0.3485034 -0.2178528 -0.9116389 -0.3484931 -0.2178797 -0.9116365 -0.1412871 0.8904318 -0.4326306 -0.1412872 0.8904335 -0.4326268 -0.1625022 -0.8904422 -0.4250949 -0.2823258 -0.6122423 -0.738547 -0.1625027 -0.890433 -0.425114 -0.141286 -0.8904335 -0.4326272 -0.2823267 -0.6122409 -0.7385477 -0.2809668 0.4252554 -0.8603578 -0.280973 0.4252675 -0.8603498 -0.302974 -0.2178539 -0.9277642 -0.3029803 -0.2178374 -0.9277661 -0.1197104 0.8904406 -0.4390728 -0.1197091 0.8904319 -0.4390908 -0.2380596 0.4252675 -0.8731983 -0.2454591 -0.6122418 -0.7516049 -0.245441 -0.6122708 -0.7515871 -0.1412884 -0.8904318 -0.4326302 -0.256713 -0.2178376 -0.9416184 -0.2380596 0.4252675 -0.8731983 -0.2567245 -0.2178824 -0.941605 -0.09784076 0.8904397 -0.4444597 -0.09784114 0.8904412 -0.4444566 -0.2079815 -0.6122408 -0.7628269 -0.2079639 -0.6122704 -0.762808 -0.1197091 -0.8904319 -0.4390909 -0.1197104 -0.8904406 -0.4390728 -0.1945753 0.4252675 -0.883905 -0.1945789 0.4252739 -0.8839011 -0.1699838 -0.6122401 -0.7721837 -0.2098214 -0.2178839 -0.9531535 -0.2098189 -0.2178908 -0.9531525 -0.07573782 0.8904416 -0.448751 -0.09286164 0.6122611 -0.7851835 -0.07573707 0.8904396 -0.4487554 -0.05345057 0.8904421 -0.4519466 -0.09784076 -0.8904397 -0.4444597 -0.09784114 -0.8904412 -0.4444566 -0.1699849 -0.6122452 -0.7721794 -0.1146174 0.2178555 -0.9692275 -0.1146173 -0.2178601 -0.9692264 -0.1506348 0.4252736 -0.8924414 -0.1506208 0.4252502 -0.8924549 -0.03728177 0.4235677 -0.9050969 -0.09285829 -0.6122505 -0.7851921 -0.1624208 -0.2178909 -0.9623632 -0.1146229 -0.2178443 -0.9692294 -0.1624383 -0.2178423 -0.9623712 -0.05345064 -0.8904418 -0.4519472 -0.07573782 -0.8904416 -0.448751 -0.05345038 -0.8904421 -0.4519467 -0.07573707 -0.8904396 -0.4487554 -0.1315814 -0.6122442 -0.7796431 -0.09286357 -0.6122397 -0.7851999 -0.1315829 -0.6122415 -0.779645 -0.4252127 0.8904396 -0.1622081 -0.9118744 0.2178897 -0.3478638 -0.1146213 0.2178503 -0.9692281 -0.4252315 0.8904277 -0.162224 -0.7387078 0.6122841 -0.2818139 -0.7387781 0.6122025 -0.2818069 -0.9119025 0.2178016 -0.3478452 -0.4166722 0.8904362 -0.1830513 -0.4166901 0.8904275 -0.1830528 -0.7238708 0.6122841 -0.3179924 -0.8935733 0.2178019 -0.3925418 -0.8935695 0.2178507 -0.3925235 -0.7238596 0.6122971 -0.3179929 -0.4071121 0.8904375 -0.2034225 -0.4071155 0.8904359 -0.203423 -0.8730465 0.2178486 -0.4362703 -0.8730463 0.2178511 -0.4362693 -0.7072414 0.6122968 -0.3534151 -0.7072985 0.6122309 -0.3534151 -0.39655 0.8904366 -0.2233175 -0.3965482 0.8904375 -0.2233171 -0.8504031 0.2178479 -0.4789122 -0.6889417 0.612232 -0.3879838 -0.8504015 0.2178869 -0.4788973 -0.6889502 0.6122221 -0.3879842 -0.384992 0.8904489 -0.2426561 -0.3850172 0.8904364 -0.2426619 -0.8256699 0.2178859 -0.5203796 -0.8256701 0.2178762 -0.5203834 -0.6689161 0.612223 -0.4215853 -0.6689021 0.6122392 -0.421584 -0.3725494 0.8904353 -0.2614038 -0.3725226 0.8904487 -0.2613961 -0.6472298 0.6122384 -0.454156 -0.7989146 0.217844 -0.5606063 -0.7989144 0.2178768 -0.5605938 -0.6472312 0.6122351 -0.4541584 -0.3591577 0.8904353 -0.2795188 -0.3591569 0.8904357 -0.2795185 -0.6239526 0.6122717 -0.4855992 -0.770224 0.2178104 -0.5994278 -0.6239837 0.612235 -0.4856054 -0.7702245 0.2178441 -0.5994149 -0.3448853 0.8904417 -0.2969308 -0.3448972 0.8904355 -0.2969355 -0.7396267 0.2178421 -0.6367865 -0.599169 0.6122709 -0.515869 -0.5992037 0.6122295 -0.5158778 -0.7396256 0.2178106 -0.6367986 -0.3297809 0.8904369 -0.3136346 -0.3297723 0.8904414 -0.3136307 -0.7072193 0.2178417 -0.6725963 -0.572943 0.6122313 -0.5448937 -0.7072228 0.2179092 -0.6725707 -0.5729352 0.6122406 -0.5448914 -0.3138491 0.8904477 -0.3295478 -0.3138693 0.8904367 -0.3295582 -0.545294 0.6122407 -0.5725519 -0.6730814 0.2178339 -0.70676 -0.6730866 0.2179071 -0.7067325 -0.5452957 0.6122386 -0.5725526 -0.2971733 0.8904423 -0.3446745 -0.2971646 0.8904471 -0.3446696 -0.6373074 0.2178526 -0.7391749 -0.5162981 0.6122398 -0.5988312 -0.5162945 0.6122444 -0.5988296 -0.6373056 0.2178326 -0.7391824 -0.2797579 0.8904425 -0.3589536 -0.2797682 0.8904366 -0.3589603 -0.5999654 0.2178769 -0.7697865 -0.4860451 0.6122449 -0.6236317 -0.4860373 0.6122549 -0.623628 -0.5999625 0.2178507 -0.7697961 -0.2616659 0.8904365 -0.3723626 -0.2616663 0.8904362 -0.372363 -0.4545904 0.6122614 -0.6469031 -0.561144 0.2178769 -0.7985281 -0.5611438 0.2178752 -0.7985287 -0.4545948 0.6122555 -0.6469055 -0.2429301 0.8904375 -0.3848453 -0.2429324 0.8904362 -0.3848471 -0.5209569 0.2178656 -0.8253111 -0.4220374 0.6122615 -0.6685959 -0.5209584 0.2178759 -0.8253074 -0.4220529 0.6122404 -0.6686052 -0.2235957 0.8904369 -0.3963926 -0.2235941 0.8904379 -0.3963911 -0.3884588 0.6122408 -0.6886659 -0.4795063 0.2178693 -0.8500627 -0.4368648 0.2178707 -0.8727437 -0.4795054 0.2178636 -0.8500648 -0.3884584 0.612251 -0.6886572 -0.2037103 0.8904408 -0.4069611 -0.2037162 0.8904368 -0.4069669 -0.3539193 0.6122501 -0.7070297 -0.4368666 0.2178661 -0.8727439 -0.3539193 0.6122414 -0.7070372 -0.1833406 0.8904339 -0.4165499 -0.1833311 0.8904405 -0.4165397 -0.3185121 0.6122404 -0.7236793 -0.3931568 0.2178487 -0.8932916 -0.3185114 0.6122414 -0.7236788 -0.3931602 0.2178666 -0.8932856 -0.1624923 0.890448 -0.4250868 -0.1625111 0.8904338 -0.4251091 -0.2823315 0.6122421 -0.7385449 -0.3485037 0.2178529 -0.9116388 -0.2823323 0.6122409 -0.7385455 -0.3485031 0.2178499 -0.9116398 -0.1412819 0.8904403 -0.4326145 -0.1412727 0.8904477 -0.4326024 -0.2454499 0.6122416 -0.751608 -0.3029764 0.2178539 -0.9277634 -0.245448 0.6122448 -0.751606 -0.3029816 0.217877 -0.9277563 -0.2567173 0.2178779 -0.941608 -0.1197078 0.8904407 -0.4390734 -0.1197125 0.8904366 -0.4390803 -0.2567077 0.2179044 -0.9416044 -0.2079784 0.6122264 -0.7628393 -0.2079682 0.612244 -0.7628279 -0.09784076 0.8904397 -0.4444597 -0.09784446 0.8904362 -0.4444658 -0.1699961 0.6122285 -0.77219 -0.2098334 0.2179019 -0.9531468 -0.2098201 0.21785 -0.9531615 -0.1699871 0.6122452 -0.7721789 -0.05345197 0.8904353 -0.4519601 -0.07573976 0.8904358 -0.4487624 -0.07573601 0.8904395 -0.4487556 -0.05344995 0.8904307 -0.4519691 -0.1315853 0.6122444 -0.7796423 -0.1624258 0.2178498 -0.9623717 -0.09285508 0.6122569 -0.7851874 -0.09285609 0.6122604 -0.7851846 -0.1624238 0.2178424 -0.9623737 -0.1315776 0.6122593 -0.7796317 -0.1146196 0.2178443 -0.9692296 -0.4313464 0.8904737 -0.144903 -0.8162193 0.5521278 0.1701203 -0.9226025 0.2179481 -0.3182814 -0.8147177 0.5557064 0.1656063 -0.4534921 0.8903062 -0.0412287 -0.9728775 0.2170255 -0.08005928 -0.7881879 0.6111814 -0.07222968 -0.4261531 0.8988377 -0.102393 -0.7263438 0.6123143 -0.3122431 -0.450357 0.8919556 -0.03992125 -0.9512393 0.1977828 -0.2366974 -0.7321785 0.6067464 -0.3094729 -0.7851612 0.6152538 -0.07060236 -0.9685669 0.2339743 -0.08446401 -0.9702843 0 -0.2419676 -0.9702843 -0 -0.2419676 -0.9966817 0 -0.08139765 -0.9966816 -1.23753e-05 -0.08139856 -0.9451196 0 -0.3267245 -0.9451196 0 -0.3267245 -0.934323 0 -0.3564276 -0.934323 0 -0.3564276 -0.9155593 0 -0.4021831 -0.9155593 0 -0.4021831 -0.8945308 0 -0.4470062 -0.8945308 0 -0.4470062 -0.8713362 0 -0.4906866 -0.8713362 0 -0.4906866 -0.8459939 0 -0.5331926 -0.8459939 0 -0.5331926 -0.8185738 0 -0.5744014 -0.8185738 0 -0.5744014 -0.7891711 0 -0.6141735 -0.7891711 0 -0.6141735 -0.7578267 0 -0.6524559 -0.7578267 0 -0.6524559 -0.7246366 0 -0.6891312 -0.7246366 0 -0.6891312 -0.6896425 0 -0.7241499 -0.6896425 0 -0.7241499 -0.6529912 0 -0.7573655 -0.6529912 0 -0.7573655 -0.6147336 0 -0.7887349 -0.6147336 0 -0.7887349 -0.5749565 0 -0.8181838 -0.5749565 0 -0.8181838 -0.5337789 0 -0.845624 -0.5337789 0 -0.845624 -0.4913085 0 -0.8709856 -0.4913085 0 -0.8709856 -0.4476177 0 -0.8942251 -0.4476177 0 -0.8942251 -0.4028317 0 -0.915274 -0.4028317 0 -0.915274 -0.3570801 0 -0.9340737 -0.3570801 0 -0.9340737 -0.3104395 0 -0.9505931 -0.3104395 0 -0.9505931 -0.2630364 0 -0.9647859 -0.2630364 0 -0.9647859 -0.2149835 0 -0.9766177 -0.2149835 0 -0.9766177 -0.1664205 0 -0.9860549 -0.1664205 0 -0.9860549 -0.117442 0 -0.9930797 -0.117442 0 -0.9930797 -0.0910896 0 -0.9958428 -0.0910896 0 -0.9958427 -0.0445851 -0 -0.9990056 -0.0445851 -0 -0.9990056 -0.04351635 0.2176402 -0.9750585 -0.02697711 0.61218 -0.7902582 -0.01104326 0.890476 -0.4548959 -0.5906233 0.5186721 -0.6181774 -0.01987347 0.895838 -0.4439363 -0.1642516 0.457222 -0.8740535 -0.00110781 -0.8904979 -0.4549859 -0.00110781 0.8904979 -0.4549859 -0.0403106 -0.8905335 -0.4531283 -0.06946125 -0.6123638 -0.7875187 -0.03997631 -0.8904958 -0.4532318 -0.03279733 -0.61203 -0.7901542 -0.02034532 -0.8904012 -0.4547217 -0.01877702 -0.8916293 -0.4523765 -0.03653266 -0.6180667 -0.7852764 -0.08570538 -0.2179189 -0.9721965 -0.08570541 0.2179142 -0.9721975 -0.04048223 0.2177525 -0.9751641 -0.04048219 -0.2177572 -0.975163 -0.04544925 -0.2086191 -0.9769403 -0.0454493 0.2086147 -0.9769412 -0.03997625 0.8904958 -0.4532318 -0.06946055 0.6123744 -0.7875105 -0.04023338 0.8905248 -0.4531522 -0.0203564 0.8903924 -0.4547382 -0.03279699 0.6120405 -0.790146 -0.01877703 0.8916293 -0.4523765 -0.03653228 0.6180772 -0.7852681 -0.08878637 -0.2179091 -0.9719221 0.9013119 -0.2228967 -0.3714212 -0.04001655 -0.8922039 -0.4498565 -0.02848912 -0.6117617 -0.790529 -0.08496895 -0.8896648 -0.4486389 0.7460583 -0.3179895 -0.5850466 -0.04351408 -0.2176356 -0.9750596 -0.001922736 -0.890532 -0.4549165 -0.01848223 -0.6123071 -0.790404 -0.01986851 -0.8957776 -0.4440582 -0.3518401 -0.5872517 -0.7289334 -0.1913046 -0.5092998 -0.8390568 -0.000495689 -0.8904893 -0.4550039 -0.001107633 -0.8905334 -0.4549165 -0.0002536043 -0.61237 -0.7905712 -0.0007332868 -0.6124299 -0.7905245 -0.0002128234 -0.2179312 -0.9759641 -9.026951e-05 -0.2179124 -0.9759683 -0 -0.8904894 -0.4550039 -0 -0.8904894 -0.4550039 -0 -0.61237 -0.7905713 0 -0.61237 -0.7905713 -0 -0.2179312 -0.9759641 0 -0.2179312 -0.9759641 0 0.8904986 -0.4549862 0 0.61237 -0.7905713 0 0.8904986 -0.4549862 0 0.2179312 -0.9759641 0 0.61237 -0.7905713 0 0.2179312 -0.9759641 0 -0.2179358 -0.9759631 0 -0.2179358 -0.9759631 0 -0.6123594 -0.7905794 0 -0.6123594 -0.7905794 0 -0.8904986 -0.4549862 0 -0.8904986 -0.4549862 0 0.8904894 -0.4550039 0 0.8904894 -0.4550039 -2.544957e-07 0.6123868 -0.7905583 0 0.6123594 -0.7905794 3.507138e-08 0.2178895 -0.9759734 -3.142162e-07 0.2179358 -0.9759631 -9.111031e-05 0.2179358 -0.9759631 -0.001096716 0.8905334 -0.4549165 -0.001107741 0.8905331 -0.454917 0.0003415166 0.8904894 -0.4550039 -0.0007323317 0.8905153 -0.4549528 -0.0002735451 0.2179169 -0.9759673 -0.000270592 0.2179168 -0.9759673 -0.0007604676 0.6124299 -0.7905245 -0.0007547273 0.6124302 -0.7905244 0.0007603798 0.6123592 -0.7905793 -0.0001823636 0.2179171 -0.9759672 -0.0005037875 0.6124306 -0.7905241 -0.0005078196 0.6124305 -0.7905244 -0.0009415429 0.6124303 -0.7905241 -0.0001806941 0.217917 -0.9759672 0.0002705927 0.2179174 -0.9759672 0 0 -1 0 0 -1 0 0 -1 0 0 -1 0 0 -1 0 0 -1 0 0 -1 0 0 -1 0 0 -1 -0 0 -1 0.0004959606 0.8904893 -0.4550038 0.001108237 0.8905334 -0.4549165 0.0003875539 0.6123867 -0.7905582 0.0007336886 0.61243 -0.7905245 0.000182487 0.2178895 -0.9759734 0.0003297529 0.217912 -0.9759684 0.04031736 -0.8904949 -0.4532035 0.04023864 0.8904947 -0.4532107 0.001108354 -0.8905196 -0.4549436 0.001415211 -0.8904977 -0.4549857 0.002459374 -0.6123576 -0.7905771 0.039325 -0.6120148 -0.789868 0.02034661 -0.8903863 -0.4547507 0.02244888 -0.8922919 -0.4509005 0.03660512 -0.6161191 -0.7868019 0.003146349 -0.2179348 -0.9759583 0.00314641 0.2179301 -0.9759593 0.04852274 0.217716 -0.9748052 0.04852269 -0.2177206 -0.9748042 0.04542188 -0.211546 -0.976312 0.04542192 0.2115415 -0.9763129 0.002459411 0.6123682 -0.7905689 0.001415397 0.8904977 -0.4549857 0.001108353 0.8905196 -0.4549436 0.02035695 0.8903862 -0.4547506 0.03932458 0.6120254 -0.7898598 0.03660474 0.6161297 -0.7867937 0.02244974 0.8922831 -0.4509178 0 -0.2179312 -0.9759641 0.001098531 -0.8905423 -0.4548992 0.001108166 -0.8905421 -0.4548996 -0.0007082334 -0.8904892 -0.4550038 0.0007311364 -0.8905241 -0.4549356 0.0003650197 -0.2179168 -0.9759673 0.000271035 -0.2179121 -0.9759683 0.0007617287 -0.6124299 -0.7905246 0.0007559687 -0.6124302 -0.7905244 -0.0007616541 -0.6123699 -0.790571 0.0001823636 -0.2179171 -0.9759672 0.0005029603 -0.6124306 -0.7905242 0.0005069788 -0.6124304 -0.7905243 0.0006914854 -0.6124305 -0.7905242 0.0001803949 -0.217917 -0.9759673 -0.0002710415 -0.2179174 -0.9759672 0.0435164 -0.2176355 -0.9750596 0.5906691 -0.5186505 -0.6181517 0.01986354 -0.8958328 -0.443947 0.02698552 -0.6121798 -0.790258 0.01105662 -0.8904849 -0.4548785 0.1642534 -0.4572159 -0.8740563 0.08878636 -0.2179091 -0.9719221 0.06300268 -0.8902958 -0.4510035 0.04974204 -0.6122075 -0.789131 0.04001181 -0.8922314 -0.4498023 -0.963828 -0.1167651 -0.2395861 -0.6698521 -0.3209328 -0.6695522 0.05345106 -0.8904329 -0.4519649 0.9118878 -0.2178462 -0.347856 0.4252127 -0.8904397 -0.1622081 0.1146196 -0.2178456 -0.9692294 0.1146183 -0.2178494 -0.9692286 0.0928585 -0.6122611 -0.7851838 0.09285381 -0.612271 -0.7851767 0.05345085 -0.8904331 -0.4519644 0.1624279 -0.2178452 -0.9623724 0.1624257 -0.2178516 -0.9623713 0.1315763 -0.6122701 -0.7796237 0.0757382 -0.8904327 -0.4487686 0.0757395 -0.8904365 -0.4487609 0.131584 -0.6122549 -0.7796343 0.2098187 -0.2178792 -0.9531551 0.2098306 -0.2178454 -0.9531602 0.09784386 -0.8904324 -0.4444738 0.09784467 -0.8904357 -0.4444667 0.1699853 -0.6122557 -0.7721708 0.169988 -0.6122509 -0.7721742 0.2567175 -0.2178732 -0.9416089 0.2567159 -0.2178777 -0.9416083 0.2079679 -0.6122515 -0.762822 0.2079744 -0.6122403 -0.7628293 0.1197111 -0.8904455 -0.4390627 0.1197091 -0.8904319 -0.4390908 0.3029759 -0.2178492 -0.9277647 0.3029674 -0.2178724 -0.927762 0.2454495 -0.6122383 -0.7516107 0.1412738 -0.8904477 -0.432602 0.1412737 -0.8904461 -0.4326056 0.2454412 -0.6122521 -0.7516022 0.3485043 -0.2178453 -0.9116404 0.3485032 -0.2178482 -0.9116401 0.1625063 -0.8904337 -0.4251111 0.1625054 -0.8904478 -0.425082 0.2823358 -0.6122525 -0.7385346 0.282324 -0.612271 -0.7385237 0.3931525 -0.2178955 -0.8932819 0.3931718 -0.217844 -0.8932859 0.3185019 -0.612273 -0.7236562 0.1833365 -0.8904333 -0.416553 0.1833364 -0.8904338 -0.4165516 0.3185159 -0.6122522 -0.7236677 0.4368616 -0.2179034 -0.8727371 0.4368633 -0.2178988 -0.8727374 0.2037138 -0.8904368 -0.4069681 0.3539211 -0.612236 -0.7070408 0.2037149 -0.8904326 -0.4069765 0.3539101 -0.6122521 -0.7070326 0.4795074 -0.2178589 -0.8500648 0.4794896 -0.2179056 -0.8500629 0.3884556 -0.6122348 -0.6886733 0.3884548 -0.6122514 -0.6886588 0.2235914 -0.8904469 -0.3963725 0.2235951 -0.8904369 -0.3963929 0.5209733 -0.2178269 -0.8253111 0.5209602 -0.2178609 -0.8253102 0.4220485 -0.612251 -0.6685983 0.242926 -0.8904361 -0.3848513 0.2429208 -0.8904473 -0.3848288 0.422033 -0.612272 -0.6685889 0.5611448 -0.2178705 -0.7985293 0.5611626 -0.2178242 -0.7985294 0.2616717 -0.8904365 -0.3723582 0.4545957 -0.6122717 -0.6468896 0.4545999 -0.6122663 -0.6468918 0.261672 -0.8904362 -0.3723592 0.5999766 -0.2177948 -0.7698009 0.5999469 -0.2178725 -0.7698021 0.279765 -0.8904366 -0.3589627 0.4860139 -0.612289 -0.6236127 0.4860323 -0.6122654 -0.6236215 0.279761 -0.8904425 -0.3589511 0.6372982 -0.2178279 -0.7391901 0.6373113 -0.2177935 -0.739189 0.2971762 -0.8904353 -0.3446903 0.2971708 -0.8904424 -0.3446767 0.5162747 -0.6122861 -0.598804 0.516271 -0.6122906 -0.5988024 0.6730926 -0.2178449 -0.706746 0.6730986 -0.2178292 -0.7067451 0.313864 -0.8904366 -0.3295634 0.3138653 -0.8904352 -0.3295662 0.5452592 -0.6122871 -0.5725355 0.5452884 -0.6122512 -0.572546 0.7072216 -0.2178371 -0.6725954 0.7072189 -0.2178442 -0.672596 0.329785 -0.8904368 -0.3136305 0.3297805 -0.8904415 -0.3136218 0.57294 -0.612251 -0.5448747 0.5729148 -0.6122815 -0.5448669 0.7396222 -0.2178691 -0.6367826 0.739634 -0.2178374 -0.6367798 0.5991732 -0.6122816 -0.5158516 0.3448886 -0.8904353 -0.296946 0.3448819 -0.8904417 -0.2969345 0.599187 -0.6122401 -0.5158847 0.7702188 -0.2178393 -0.5994238 0.770207 -0.2178716 -0.5994273 0.3591518 -0.890443 -0.2795018 0.6239777 -0.612239 -0.4856081 0.3591606 -0.8904352 -0.2795152 0.6239539 -0.612267 -0.4856033 0.7989156 -0.2178721 -0.560594 0.7989274 -0.2178393 -0.5605898 0.6472274 -0.6122491 -0.4541453 0.3725339 -0.8904413 -0.2614053 0.3725322 -0.8904428 -0.2614029 0.6472109 -0.6122682 -0.4541428 0.8256691 -0.2178813 -0.5203828 0.6688987 -0.6122497 -0.4215744 0.8256726 -0.2178715 -0.5203813 0.3850122 -0.890441 -0.2426526 0.6688954 -0.6122568 -0.4215691 0.3850182 -0.8904364 -0.2426601 0.8503963 -0.2178824 -0.4789084 0.8504099 -0.2178432 -0.4789021 0.6889184 -0.6122665 -0.3879707 0.3965497 -0.8904366 -0.223318 0.688927 -0.6122565 -0.3879711 0.3965484 -0.8904376 -0.2233166 0.8730522 -0.2178464 -0.4362602 0.7072668 -0.6122662 -0.3534173 0.8730531 -0.2178438 -0.4362597 0.4071075 -0.8904377 -0.2034312 0.7072708 -0.6122586 -0.3534226 0.4071102 -0.8904358 -0.203434 0.8935552 -0.2178736 -0.3925431 0.8935642 -0.2178461 -0.3925378 0.7387266 -0.612264 -0.2818083 0.9118785 -0.217875 -0.347862 0.7238917 -0.6122574 -0.3179964 0.416677 -0.8904361 -0.1830409 0.7387222 -0.612269 -0.2818087 0.7238811 -0.6122697 -0.3179969 0.4166773 -0.8904358 -0.1830412 0.4252182 -0.8904362 -0.1622128 0.4252222 -0.8904344 -0.1622118 0.0534526 0.8904397 -0.4519512 0.09286361 0.6122675 -0.7851782 0.05344845 0.8904443 -0.4519428 0.1146208 -0.2178503 -0.9692283 0.1146209 0.2178456 -0.9692292 0.03728178 0.4235677 -0.9050969 0.09285513 -0.6122569 -0.7851875 0.1146194 -0.2178541 -0.9692276 0.07573332 0.8904448 -0.4487457 0.07573852 0.8904395 -0.4487551 0.05344845 -0.8904443 -0.4519428 0.05345261 -0.8904397 -0.4519512 0.09286671 -0.6122333 -0.7852045 0.1506325 0.4252501 -0.892453 0.1506149 0.4252734 -0.8924448 0.162432 -0.217891 -0.9623614 0.1624221 -0.2178562 -0.9623708 0.09783848 0.8904451 -0.4444493 0.09784444 0.8904396 -0.444459 0.07573852 -0.8904395 -0.4487551 0.1315794 -0.6122324 -0.7796527 0.07573332 -0.8904448 -0.4487457 0.1315825 -0.6122443 -0.7796428 0.19458 0.425274 -0.8839009 0.1945848 0.4252677 -0.8839028 0.2098249 -0.2178839 -0.9531527 0.2098268 -0.2178907 -0.9531507 0.119718 0.8904319 -0.4390883 0.1197021 0.8904454 -0.4390652 0.09783848 -0.8904451 -0.4444493 0.09784445 -0.8904396 -0.444459 0.1699895 -0.6122451 -0.7721784 0.1699884 -0.6122402 -0.7721826 0.2380596 0.4252675 -0.8731983 0.2380596 0.4252675 -0.8731983 0.2567245 -0.2178824 -0.941605 0.256713 -0.2178376 -0.9416184 0.1412883 0.8904318 -0.4326302 0.141279 0.8904392 -0.4326181 0.119718 -0.890432 -0.4390883 0.2079754 -0.6122706 -0.7628047 0.2079699 -0.6122409 -0.76283 0.1197021 -0.8904454 -0.4390652 0.280965 0.4252676 -0.8603523 0.2809747 0.4252554 -0.8603551 0.3029751 -0.2178374 -0.9277677 0.3029792 -0.2178539 -0.9277626 0.1625004 0.8904423 -0.4250956 0.1625042 0.8904394 -0.4251001 0.141279 -0.8904392 -0.4326181 0.245448 -0.6122416 -0.7516086 0.2454521 -0.6122706 -0.7515836 0.1412884 -0.8904318 -0.4326302 0.3231751 0.4252553 -0.8454086 0.3231769 0.425253 -0.8454091 0.3484952 -0.2178529 -0.911642 0.3484945 -0.2178498 -0.911643 0.1833283 0.8904422 -0.4165374 0.1833307 0.8904405 -0.4165399 0.1625004 -0.8904423 -0.4250956 0.2823263 -0.6122422 -0.7385468 0.2823262 -0.6122408 -0.738548 0.1625042 -0.8904394 -0.4251001 0.3645935 0.4252608 -0.828387 0.3646004 0.4252522 -0.8283883 0.3931595 -0.2178487 -0.8932903 0.3931633 -0.2178666 -0.8932843 0.2037067 0.8904449 -0.4069539 0.2037129 0.8904407 -0.4069599 0.1833307 -0.8904405 -0.4165399 0.3185096 -0.6122414 -0.7236795 0.1833283 -0.8904422 -0.4165374 0.3185095 -0.6122404 -0.7236804 0.4051356 0.4252605 -0.8093323 0.4368759 -0.217866 -0.8727393 0.405129 0.4252684 -0.8093313 0.436874 -0.2178707 -0.8727391 0.2235894 0.8904449 -0.3963785 0.2236 0.890438 -0.3963877 0.4446656 0.4252684 -0.7883015 0.2037067 -0.8904449 -0.4069539 0.2037129 -0.8904407 -0.4069599 0.3539227 -0.61225 -0.707028 0.3539226 -0.6122413 -0.7070355 0.4446621 0.425259 -0.7883085 0.479499 -0.2178636 -0.8500683 0.4795001 -0.2178693 -0.8500662 0.2429235 0.8904377 -0.3848493 0.242926 0.8904361 -0.3848513 0.3884585 -0.6122409 -0.6886662 0.3884582 -0.6122509 -0.6886573 0.2236 -0.890438 -0.3963877 0.2235894 -0.8904449 -0.3963785 0.4830993 0.4252783 -0.7653454 0.4831146 0.4252597 -0.7653459 0.5209612 -0.2178656 -0.8253084 0.5209628 -0.217876 -0.8253046 0.2616768 0.8904361 -0.3723559 0.2616634 0.890444 -0.3723464 0.242926 -0.8904361 -0.3848513 0.2429235 -0.8904377 -0.3848493 0.4220386 -0.6122615 -0.6685951 0.4220401 -0.6122407 -0.6686131 0.5203671 0.4252787 -0.7405106 0.5204009 0.425238 -0.7405103 0.5611524 -0.2178768 -0.7985222 0.5611455 -0.2178272 -0.7985405 0.2797549 0.8904437 -0.3589527 0.2797696 0.8904353 -0.3589621 0.2616634 -0.890444 -0.3723464 0.2797596 -0.8904437 -0.3589493 0.4546119 -0.6122332 -0.6469146 0.2616768 -0.8904361 -0.3723559 0.4546086 -0.6122611 -0.6468905 0.5563624 0.4252706 -0.7138669 0.5563901 0.4252371 -0.7138652 0.5999786 -0.2178256 -0.7697906 0.4860488 -0.6122332 -0.6236402 0.5999557 -0.2178835 -0.7697921 0.2971762 0.8904353 -0.3446903 0.2971757 0.8904356 -0.3446901 0.2797652 -0.8904353 -0.3589658 0.4860396 -0.6122447 -0.6236359 0.590993 0.4252705 -0.6854722 0.5909832 0.4252824 -0.6854733 0.6372979 -0.2178641 -0.7391797 0.6373 -0.2178842 -0.739172 0.3138552 0.8904431 -0.3295541 0.3138701 0.8904352 -0.3295618 0.2971762 -0.8904353 -0.3446903 0.2971757 -0.8904356 -0.3446901 0.5162878 -0.6122444 -0.5988352 0.5162815 -0.6122755 -0.5988088 0.6241662 0.4252833 -0.6554012 0.6730747 -0.2178641 -0.7067571 0.6241913 0.4252527 -0.6553971 0.6730804 -0.2178495 -0.7067562 0.3297712 0.8904432 -0.313627 0.3297991 0.8904284 -0.3136396 0.3138551 -0.8904431 -0.3295541 0.3138702 -0.8904352 -0.3295618 0.5452732 -0.6122764 -0.5725336 0.5452819 -0.6122404 -0.5725637 0.6558307 0.4252696 -0.6237242 0.6558448 0.4252523 -0.6237212 0.7072218 -0.2178489 -0.6725914 0.7072232 -0.2178706 -0.6725829 0.3448885 0.8904353 -0.2969459 0.6858785 0.42527 -0.590522 0.3449028 0.8904279 -0.2969515 0.3297991 -0.8904284 -0.3136396 0.3448994 -0.8904279 -0.2969553 0.3297712 -0.8904432 -0.3136271 0.5729375 -0.6122406 -0.544889 0.5729342 -0.6122521 -0.5448795 0.6858808 0.4252959 -0.5905005 0.7396224 -0.2178693 -0.6367823 0.5991848 -0.6122532 -0.5158716 0.7396238 -0.217901 -0.6367698 0.3591715 0.8904302 -0.2795171 0.3591617 0.8904353 -0.2795138 0.3448918 -0.8904353 -0.296942 0.5991697 -0.612271 -0.5158681 0.714261 0.4252577 -0.555866 0.7142301 0.4252968 -0.555876 0.7702047 -0.2178437 -0.5994403 0.7702062 -0.2179018 -0.5994174 0.3725422 0.8904361 -0.2614111 0.3725542 0.8904302 -0.2614145 0.3591617 -0.8904353 -0.2795138 0.6239598 -0.6122715 -0.4855901 0.3591715 -0.8904302 -0.2795171 0.623967 -0.6122516 -0.4856059 0.740881 0.4252571 -0.5198575 0.7408762 0.4252632 -0.5198593 0.7989261 -0.2178439 -0.5605898 0.7989261 -0.2178528 -0.5605863 0.3850204 0.8904362 -0.2426574 0.3850102 0.8904413 -0.2426551 0.7656869 0.4252634 -0.4825708 0.6472251 -0.6122509 -0.4541461 0.3725542 -0.8904302 -0.2614145 0.3725422 -0.8904361 -0.2614111 0.6472238 -0.6122541 -0.4541435 0.765687 0.425257 -0.4825762 0.8256761 -0.217854 -0.5203832 0.6688961 -0.6122537 -0.4215724 0.8256761 -0.2178507 -0.5203845 0.3965411 0.8904411 -0.2233153 0.3965484 0.8904375 -0.2233166 0.3850102 -0.8904413 -0.2426551 0.3850204 -0.8904362 -0.2426574 0.6689026 -0.6122463 -0.421573 0.7886193 0.4252568 -0.4441129 0.7886152 0.4252622 -0.444115 0.8504054 -0.2178507 -0.4789069 0.8504055 -0.2178478 -0.478908 0.4071031 0.8904398 -0.2034304 0.4071076 0.8904377 -0.203431 0.809617 0.4252624 -0.4045643 0.3965484 -0.8904376 -0.2233166 0.3965411 -0.8904411 -0.2233153 0.6889278 -0.6122559 -0.3879706 0.6889325 -0.612246 -0.3879779 0.8096165 0.4252665 -0.4045609 0.8730517 -0.2178485 -0.43626 0.7072739 -0.6122556 -0.3534216 0.8730516 -0.217851 -0.436259 0.4252286 0.8904309 -0.1622142 0.4166857 0.8904312 -0.1830449 0.425223 0.8904344 -0.1622095 0.7387287 0.612264 -0.2818023 0.828635 0.425267 -0.3640219 0.416668 0.8904397 -0.1830435 0.4071076 -0.8904377 -0.203431 0.4071031 -0.8904398 -0.2034304 0.7072698 -0.6122602 -0.3534216 0.9118831 0.2178461 -0.3478681 0.8286334 0.4252778 -0.364013 0.8685719 0.4235966 -0.2571941 0.9118855 -0.2178508 -0.3478589 0.8935601 -0.2178509 -0.3925447 0.8935581 -0.2178783 -0.392534 0.9118761 -0.2178797 -0.3478654 0.4166856 -0.8904312 -0.1830448 0.723886 -0.612259 -0.3180062 0.7387365 -0.6122534 -0.2818052 0.7387322 -0.6122584 -0.2818058 0.4166679 -0.8904397 -0.1830435 0.7238849 -0.612261 -0.3180048 0.4252295 -0.8904308 -0.162212 0.4252127 0.8904397 -0.1622082 0.9118848 0.2178601 -0.3478548 0.0534509 0.890433 -0.4519649 0.05345101 0.8904331 -0.4519644 0.1146182 0.2178541 -0.9692277 0.1146195 0.2178503 -0.9692284 0.09285567 0.6122506 -0.7851924 0.09285858 0.6122605 -0.7851843 0.0757395 0.8904365 -0.4487609 0.0757382 0.8904327 -0.4487686 0.1624278 0.2178498 -0.9623714 0.1315834 0.6122593 -0.7796309 0.1315796 0.6122442 -0.7796434 0.1624255 0.2178562 -0.9623703 0.09784467 0.8904357 -0.4444667 0.09784386 0.8904324 -0.4444738 0.2098185 0.2178839 -0.9531542 0.1699879 0.6122402 -0.7721826 0.1699889 0.6122451 -0.7721785 0.2098304 0.21785 -0.9531593 0.1197091 0.8904319 -0.4390908 0.1197111 0.8904455 -0.4390627 0.2567094 0.2178998 -0.941605 0.2079723 0.6122295 -0.7628384 0.2079743 0.6122409 -0.7628289 0.2567156 0.2178824 -0.9416074 0.1412738 0.8904477 -0.432602 0.1412737 0.8904461 -0.4326056 0.3029832 0.2178539 -0.9277613 0.3029653 0.2179029 -0.9277555 0.245447 0.6122278 -0.7516201 0.2454488 0.6122416 -0.7516083 0.1625063 0.8904337 -0.4251111 0.1625054 0.8904478 -0.425082 0.3485039 0.2178499 -0.9116394 0.3485028 0.2178529 -0.9116392 0.282332 0.6122421 -0.7385447 0.2823336 0.6122605 -0.7385288 0.1833364 0.8904338 -0.4165516 0.1833365 0.8904333 -0.416553 0.3931521 0.2179001 -0.893281 0.3931714 0.2178487 -0.893285 0.3185118 0.6122414 -0.7236785 0.3185127 0.6122623 -0.7236605 0.2037138 0.8904368 -0.4069681 0.2037149 0.8904326 -0.4069765 0.4368752 0.2178708 -0.8727384 0.3539193 0.6122254 -0.707051 0.4368629 0.2179034 -0.8727365 0.3539193 0.6122414 -0.7070372 0.2235914 0.8904469 -0.3963725 0.2235951 0.8904369 -0.3963929 0.479497 0.2178635 -0.8500695 0.3884588 0.6122409 -0.6886659 0.4794931 0.2178739 -0.850069 0.3884596 0.6122242 -0.6886804 0.242926 0.8904361 -0.3848513 0.2429208 0.8904473 -0.3848288 0.4220442 0.6122615 -0.6685914 0.5209691 0.2178408 -0.82531 0.5209596 0.2178656 -0.8253094 0.422046 0.6122406 -0.6686095 0.2616717 0.8904365 -0.3723582 0.261672 0.8904362 -0.3723592 0.5611424 0.217889 -0.7985259 0.4546029 0.6122557 -0.6468997 0.4546022 0.6122612 -0.6468949 0.5611601 0.2178426 -0.798526 0.279765 0.8904366 -0.3589627 0.279761 0.8904425 -0.3589511 0.5999437 0.2178954 -0.769798 0.5999609 0.2178507 -0.7697974 0.486026 0.6122785 -0.6236135 0.48603 0.6122549 -0.6236334 0.313866 0.8904351 -0.3295655 0.2971762 0.8904353 -0.3446903 0.2971708 0.8904424 -0.3446767 0.6373026 0.2178527 -0.739179 0.6373103 0.2178326 -0.7391782 0.5162777 0.6122801 -0.5988075 0.5162787 0.6122755 -0.5988114 0.3138633 0.8904366 -0.3295641 0.6730816 0.2178769 -0.7067466 0.545275 0.6122764 -0.5725319 0.673098 0.2178338 -0.7067444 0.5452842 0.6122404 -0.5725616 0.329785 0.8904368 -0.3136305 0.3297805 0.8904415 -0.3136218 0.572946 0.6122405 -0.5448803 0.7072384 0.2178131 -0.6725855 0.707213 0.2178806 -0.6725904 0.5729207 0.6122708 -0.5448726 0.3448886 0.8904353 -0.296946 0.3448819 0.8904417 -0.2969345 0.7396025 0.2179096 -0.6367916 0.7396378 0.2178147 -0.6367831 0.5991794 0.612271 -0.5158569 0.5991932 0.6122295 -0.5158901 0.6239842 0.6122284 -0.4856131 0.3725315 0.8904428 -0.2614037 0.3591518 0.890443 -0.2795018 0.3591606 0.8904352 -0.2795152 0.770223 0.2178512 -0.5994141 0.7701991 0.2179164 -0.5994212 0.6239604 0.6122563 -0.4856083 0.3725345 0.8904414 -0.2614045 0.647222 0.6122574 -0.4541415 0.7989215 0.217863 -0.5605891 0.7989247 0.2178542 -0.5605879 0.6472299 0.6122383 -0.4541561 0.3850122 0.890441 -0.2426526 0.39655 0.8904366 -0.2233175 0.3850182 0.8904364 -0.2426601 0.6689056 0.6122391 -0.4215787 0.6689024 0.6122462 -0.4215735 0.8256734 0.2178671 -0.5203819 0.82567 0.2178768 -0.5203833 0.3965482 0.8904375 -0.2233171 0.6889274 0.6122559 -0.3879713 0.8503964 0.2178824 -0.4789084 0.8504099 0.2178433 -0.4789021 0.6889322 0.6122459 -0.3879784 0.4071102 0.8904358 -0.203434 0.4071075 0.8904377 -0.2034312 0.8730521 0.2178486 -0.4362592 0.8730512 0.217851 -0.4362597 0.7072782 0.6122479 -0.3534262 0.7072741 0.6122556 -0.3534209 0.4166773 0.8904358 -0.1830412 0.416677 0.8904361 -0.1830409 0.4252182 0.8904362 -0.1622128 0.8935534 0.2178829 -0.3925424 0.8935623 0.2178555 -0.3925369 0.7238905 0.6122591 -0.3179958 0.7387298 0.6122584 -0.2818116 0.7238973 0.6122469 -0.318004 0.7387342 0.6122534 -0.2818112 0.9118757 0.2178889 -0.3478609 0.08878627 0.2179138 -0.9719211 -0.9013106 0.2229 -0.3714226 0.03993882 0.8921978 -0.4498754 0.02829638 0.6117438 -0.7905497 0.08464857 0.8896804 -0.4486684 -0.7460498 0.3179964 -0.5850537 0.04351408 0.2176356 -0.9750596 0.001952473 0.890532 -0.4549165 0.01850267 0.6123068 -0.7904037 0.01987942 0.8957718 -0.4440695 0.3518371 0.5872558 -0.7289315 0.1913082 0.5093067 -0.8390517 0.0445851 0 -0.9990056 0.0445851 0 -0.9990056 0.0910896 0 -0.9958428 0.09108959 0 -0.9958427 0.1174389 0 -0.9930801 0.1174389 0 -0.9930801 0.1664249 0 -0.9860541 0.1664249 0 -0.9860541 0.2149835 0 -0.9766177 0.2149835 0 -0.9766177 0.2630297 -7.899383e-05 -0.9647878 0.2630364 0 -0.9647859 0.3104395 0 -0.9505931 0.3104317 -9.325368e-05 -0.9505957 0.3570801 0 -0.9340737 0.3570801 0 -0.9340737 0.4028317 0 -0.915274 0.4028317 0 -0.915274 0.4476283 0.0001342773 -0.8942198 0.4476177 0 -0.8942251 0.4912984 0 -0.8709912 0.4913085 0.0001303014 -0.8709856 0.5337909 0 -0.8456165 0.5337884 -3.332965e-05 -0.8456181 0.5749565 -4.956542e-05 -0.8181838 0.5749565 -4.981293e-05 -0.8181838 0.6147336 -6.64285e-05 -0.7887349 0.6147252 -0.000184616 -0.7887412 0.652978 -0.000196216 -0.7573768 0.6529912 0 -0.7573655 0.6896559 0 -0.7241373 0.6896496 -9.837913e-05 -0.7241433 0.7246366 0.0001034809 -0.6891312 0.7246233 -0.0001144613 -0.6891452 0.7578135 -0.0001296127 -0.6524712 0.7578267 9.759845e-05 -0.6524559 0.7891775 -2.628011e-05 -0.6141651 0.7891711 -0.0001446093 -0.6141735 0.8185844 4.95815e-05 -0.5743862 0.81858 -3.679131e-05 -0.5743925 0.8459939 3.309426e-05 -0.5331926 0.8459939 3.321402e-05 -0.5331926 0.8713362 1.65233e-05 -0.4906866 0.8713362 1.686263e-05 -0.4906866 0.8945362 -8.183844e-08 -0.4469956 0.8945362 -5.109912e-07 -0.4469956 0.9155495 -1.668877e-05 -0.4022053 0.9155495 -1.660693e-05 -0.4022053 0.9343274 -3.326008e-05 -0.3564159 0.9343274 -3.321417e-05 -0.3564159 0.9451389 0 -0.3266688 0.9451343 -4.382701e-05 -0.3266818 0.9226271 0.2179209 -0.318229 0.4282294 0.8904938 -0.1537544 0.7490853 0.6123327 -0.2528239 0.4264386 0.8931036 -0.143235 0.6985705 0.354674 0.6214544 0.8933254 0.4491506 -0.01527638 0.4317815 0.8904591 -0.143692 0.7501633 0.6123168 -0.2496459 0.4304121 0.8909773 -0.1445856 0.9260434 -0.2178794 -0.3081754 0.9260444 0.2178747 -0.3081757 0.7551087 0.4104301 -0.5112318 0.4386297 0.8924605 -0.1054436 0.449264 0.892464 -0.04086274 0.442535 0.8905714 -0.1050965 0.4304122 -0.8909772 -0.1445855 0.7501711 -0.6123062 -0.2496485 0.4317814 -0.8904591 -0.143692 0.7551139 -0.4104313 -0.5112231 0.8809197 0.4245206 -0.2091957 0.8809092 0.4245377 -0.2092049 0.4543222 0.8908277 -0.004141377 0.4549794 0.8904853 -0.005449233 0.7905358 0.6123425 -0.009468222 0.4531816 0.8904002 -0.04258894 0.4492558 -0.892468 -0.04086516 0.4386089 -0.8924707 -0.1054439 0.8809116 -0.424538 -0.2091938 0.4425302 -0.8905739 -0.1050954 0.8809169 -0.4245209 -0.2092067 0.9758971 0.2179162 -0.01172318 0.9758961 -0.2179209 -0.01172317 0.901441 0.4245319 -0.08471528 0.9014376 0.4245384 -0.08471929 0.8480626 0.3945076 0.3537708 0.790544 -0.6123319 -0.00946834 0.4549794 -0.8904853 -0.005449273 0.4543056 -0.8908364 -0.004108331 0.9014381 -0.4245383 -0.08471501 0.4531644 -0.8904091 -0.04258732 0.8480671 -0.3945098 0.3537572 0.9014407 -0.4245318 -0.08471958 0.4313464 -0.8904737 -0.144903 0.8161728 -0.5522138 0.1700645 0.9226245 -0.217904 -0.3182482 0.8147138 -0.5556905 0.1656789 0.4535097 -0.8902969 -0.04123603 0.9728789 -0.2170272 -0.08003559 0.7882165 -0.6111431 -0.07224153 0.426165 -0.8988304 -0.1024073 0.72634 -0.612318 -0.312245 0.4503731 -0.8919472 -0.03992797 0.9512262 -0.1978228 -0.236717 0.7321648 -0.6067596 -0.3094794 0.7851499 -0.6152693 -0.0705927 0.9685561 -0.234023 -0.08445252 0.9759734 -0.2178895 -0.0002227909 0.4550031 -0.8904878 0.00189016 0.4537178 -0.8911359 -0.004105161 0.4537995 -0.8910921 -0.004571742 0.4541836 -0.8909038 -0.002781591 0.7905499 -0.6123973 0.0005808843 0.9759056 -0.2181924 -0.0006693017 0.790073 -0.6130034 -0.003378034 0.9759047 -0.2181898 -0.001822527 0.7900714 -0.6130066 -0.003170486 0.9759054 -0.2181916 -0.001128493 0.9759058 -0.2181892 -0.00111574 0.7900684 -0.6130106 -0.003144901 0.7900684 -0.6130157 -0.001913985 0.7900747 -0.6130078 -0.00186136 0.9759058 -0.2181911 -0.0006625236 0.4550039 -0.8904895 0 0.4550039 -0.8904895 0 0.7905501 -0.6123974 0 0.7905501 -0.6123974 0 0.9759734 -0.2178895 0 0.9759734 -0.2178895 0 0.4549862 0.8904985 -0 0.7905713 0.61237 0 0.4549862 0.8904985 0 0.9759641 0.2179312 0 0.7905713 0.61237 0 0.9759631 -0.2179358 0 0.9759641 0.2179312 0 0.7905796 -0.6123594 0 0.9759631 -0.2179358 0 0.4549862 -0.8904985 0 0.7905796 -0.6123594 0 0.4549862 -0.8904985 0 0.4550039 0.8904895 -0 0.4550039 0.8904895 -0 0.7905583 0.6123868 -0 0.7905583 0.6123868 0 0.9759724 0.2178942 -0 0.9759724 0.2178942 0 0.9759725 0.2178942 -0.0002227957 0.4537236 0.8911329 -0.004138155 0.4537995 0.8910921 -0.004571742 0.7900632 0.6130173 -0.003145081 0.4550032 0.890488 0.001790864 0.4542011 0.8908949 -0.002781563 0.9759048 0.2181938 -0.001140559 0.9759063 0.2181871 -0.001103937 0.7900684 0.6130108 -0.003101584 0.7905581 0.6123866 0.0006496642 0.9759056 0.2181924 -0.0006693017 0.7900664 0.6130182 -0.001913836 0.9759048 0.2181956 -0.0006870758 0.7900648 0.6130138 -0.003446249 0.7900684 0.6130157 -0.001930324 0.9759048 0.2181899 -0.001797994 0.4394169 0.8920504 -0.1056357 0.4365183 0.8988168 -0.0397514 0.4535951 0.8905 -0.03551501 0.7886098 0.6115134 -0.06438807 0.734732 0.6129638 -0.2905931 0.9732959 0.2171502 -0.0744378 0.9769477 0.1977955 -0.08031303 0.9432544 0.2349868 -0.2346324 0.7403474 0.6073076 -0.2882069 0.7855608 0.6156103 -0.06259432 0.9966836 0 -0.08137436 0.9966836 0 -0.08137436 0.9702789 0 -0.2419896 0.9702789 0 -0.2419896 1 0 0 1 0 0 1 -0 0 1 -0 0 1 -0 0 1 0 0 1 0 0 1 -0 0 1 0 0 1 -0 0 1 0 0 1 -0 0 1 0 0 1 -0 0 0.9759724 0.2178941 0.000222745 0.9759064 0.2181869 0.001140004 0.4550031 0.890488 -0.001792463 0.4537065 0.8911416 0.004138095 0.4537995 0.8910916 0.004669041 0.4542192 0.8908859 0.002680999 0.7905582 0.6123866 -0.0006502491 0.9759055 0.2181923 0.0006689976 0.7900648 0.6130138 0.003449326 0.9759047 0.2181899 0.001799613 0.7900631 0.6130176 0.00310092 0.7900765 0.6129999 0.003211894 0.7900766 0.6130055 0.001844663 0.7900664 0.6130182 0.00192903 0.9759048 0.2181956 0.0006866124 0.9759048 0.2181939 0.001103724 0.7501752 -0.6123062 0.2496366 0.4317891 -0.8904562 0.143687 0.4304047 -0.8909801 0.1445904 0.9260444 0.2178747 0.3081757 0.9260434 -0.2178794 0.3081754 0.755125 -0.4104223 0.511214 0.4386079 -0.8924709 0.1054455 0.4492454 -0.8924735 0.04086113 0.4425307 -0.8905736 0.1050969 0.4304048 0.89098 0.1445903 0.4317891 0.8904562 0.143687 0.7501674 0.6123168 0.2496341 0.7551197 0.4104212 0.5112225 0.8809216 -0.4245163 0.2091961 0.8809085 -0.4245377 0.2092076 0.4543058 -0.8908363 0.004108028 0.4549794 -0.8904853 0.005448396 0.790544 -0.612332 0.009466867 0.453166 -0.8904082 0.04258859 0.4492728 0.8924595 0.04086664 0.4386265 0.8924621 0.1054424 0.8809116 0.424538 0.2091938 0.4425259 0.8905761 0.1050958 0.8809182 0.4245167 0.2092098 0.9758961 -0.2179209 0.01172131 0.9758971 0.2179162 0.01172132 0.9014409 -0.4245319 0.08471753 0.9014373 -0.4245385 0.0847216 0.8480834 -0.394518 -0.3537089 0.7905358 0.6123425 0.009466782 0.4549794 0.8904853 0.005448437 0.4543226 0.8908276 0.004141379 0.9014379 0.4245384 0.08471724 0.4531849 0.8903985 0.04259038 0.848079 0.3945158 -0.3537223 0.9014405 0.4245317 0.0847219 0.9759734 -0.2178895 0.0002227909 0.453718 -0.8911358 0.004104858 0.4537997 -0.891092 0.004570722 0.7900714 -0.6130067 0.003144325 0.4550031 -0.8904878 -0.00189016 0.4541835 -0.8909038 0.002782211 0.9759058 -0.218191 0.0006694498 0.9759058 -0.2181892 0.001115487 0.9759054 -0.2181916 0.001128493 0.7900683 -0.6130106 0.003170507 0.7905499 -0.6123973 -0.0005808843 0.7900746 -0.6130077 0.001914386 0.9759056 -0.2181924 0.0006625275 0.790073 -0.6130034 0.003378034 0.7900683 -0.613016 0.001861385 0.9759047 -0.2181898 0.001822527 0.4535965 -0.8904992 0.03551559 0.7886179 -0.6115029 0.06438963 0.7347295 -0.6129676 0.2905916 0.4394254 -0.8920452 0.105645 0.4365213 -0.8988153 0.03975167 0.9732948 -0.2171548 0.07443774 0.9769475 -0.1977958 0.08031418 0.9432548 -0.2349865 0.2346311 0.7403488 -0.6073074 0.2882038 0.7855672 -0.6156023 0.06259476 0.9226245 -0.217904 0.3182481 0.4282151 -0.8904937 0.1537948 0.7490579 -0.6123523 0.2528573 0.4264178 -0.8931134 0.1432352 0.6985648 -0.3546711 -0.6214626 0.8933254 -0.4491506 0.01527638 0.4252127 -0.8904396 0.1622081 0.1146184 -0.2178456 0.9692295 0.9118845 -0.2178461 0.3478643 0.9118817 -0.2178749 0.3478537 0.7387236 -0.6122739 0.2817945 0.4251997 -0.8904478 0.1621973 0.7387413 -0.6122435 0.2818139 0.8935608 -0.2178462 0.3925456 0.8935586 -0.2178737 0.3925353 0.7238969 -0.6122445 0.3180093 0.416678 -0.890436 0.1830387 0.7238897 -0.6122575 0.3180007 0.4166538 -0.8904477 0.1830368 0.8730525 -0.2178464 0.4362594 0.8730527 -0.2178439 0.4362604 0.4071069 -0.8904377 0.2034323 0.7072669 -0.6122662 0.3534173 0.4071108 -0.8904359 0.2034329 0.7072708 -0.6122586 0.3534226 0.850404 -0.2178432 0.4789127 0.8504024 -0.2178823 0.4788978 0.6889202 -0.6122666 0.3879673 0.3965409 -0.8904411 0.2233158 0.3965482 -0.8904375 0.2233171 0.6889251 -0.6122566 0.3879744 0.825671 -0.2178715 0.5203839 0.8256708 -0.2178812 0.5203802 0.3850203 -0.8904362 0.2426576 0.3850102 -0.8904412 0.2426552 0.6688925 -0.6122567 0.4215739 0.6688891 -0.6122643 0.4215683 0.7989216 -0.2178393 0.5605983 0.7989214 -0.2178722 0.5605857 0.3725315 -0.8904428 0.2614037 0.3725447 -0.8904362 0.2614074 0.6472166 -0.6122648 0.4541393 0.6472153 -0.6122681 0.4541368 0.7702132 -0.2178715 0.5994194 0.7702127 -0.2178391 0.5994318 0.3591639 -0.8904352 0.2795112 0.6239606 -0.6122671 0.4855947 0.623971 -0.6122391 0.4856165 0.3591487 -0.8904429 0.279506 0.7396275 -0.2178375 0.6367872 0.7396286 -0.2178691 0.6367751 0.5991731 -0.6122815 0.5158516 0.344879 -0.8904417 0.2969378 0.3448913 -0.8904353 0.2969426 0.599187 -0.6122401 0.5158847 0.7072204 -0.2178442 0.6725943 0.70722 -0.2178371 0.672597 0.3297753 -0.8904431 0.3136229 0.5729318 -0.6122512 0.5448831 0.3297783 -0.8904415 0.3136242 0.5729229 -0.6122816 0.5448584 0.6730904 -0.2178593 0.7067437 0.6730894 -0.217845 0.706749 0.5452744 -0.6122673 0.5725424 0.3138694 -0.890435 0.3295625 0.3138545 -0.8904431 0.3295549 0.5452785 -0.612251 0.5725558 0.6372986 -0.2178252 0.7391906 0.6373017 -0.2178596 0.7391778 0.297167 -0.8904424 0.3446797 0.5162829 -0.6122699 0.5988135 0.2971797 -0.8904353 0.3446871 0.5162838 -0.6122654 0.5988173 0.5999738 -0.2178277 0.7697939 0.599973 -0.217821 0.7697963 0.4860408 -0.6122677 0.6236126 0.4860162 -0.612299 0.6236009 0.2797682 -0.8904366 0.3589603 0.2797579 -0.8904425 0.3589536 0.4545761 -0.6122976 0.6468789 0.5611508 -0.2178243 0.7985377 0.5611506 -0.2178226 0.7985383 0.4545957 -0.6122718 0.6468895 0.2616722 -0.8904361 0.3723589 0.2616715 -0.8904365 0.3723584 0.5209692 -0.2178608 0.8253047 0.5209643 -0.2178269 0.8253167 0.4220323 -0.612272 0.6685894 0.2429223 -0.8904396 0.3848454 0.242928 -0.8904361 0.3848499 0.4220321 -0.6122743 0.6685874 0.4794964 -0.2178693 0.8500683 0.4794947 -0.2178589 0.850072 0.3884402 -0.6122752 0.688646 0.2235887 -0.8904448 0.3963788 0.2235977 -0.890439 0.3963867 0.3884693 -0.6122346 0.6886656 0.4368666 -0.2178662 0.8727439 0.4368724 -0.2178987 0.8727329 0.2037224 -0.8904326 0.4069729 0.1833313 -0.8904331 0.4165554 0.3539156 -0.6122519 0.7070299 0.2037043 -0.8904448 0.4069552 0.3539156 -0.612236 0.7070436 0.3931571 -0.217844 0.8932925 0.3931672 -0.2178956 0.8932754 0.1833298 -0.8904421 0.4165367 0.3185085 -0.6122521 0.723671 0.3185094 -0.612273 0.723653 0.3485034 -0.2178452 0.9116407 0.3485041 -0.2178482 0.9116398 0.282324 -0.6122711 0.7385237 0.2823194 -0.6122783 0.7385195 0.1625078 -0.8904394 0.4250988 0.141279 -0.8904391 0.432618 0.1625039 -0.8904423 0.4250942 0.302969 -0.2178492 0.9277669 0.2454349 -0.6122782 0.7515831 0.3029743 -0.2178723 0.9277598 0.1412793 -0.890446 0.4326038 0.2454592 -0.6122382 0.7516077 0.2567162 -0.2178732 0.9416093 0.2079744 -0.6122403 0.7628293 0.2567173 -0.2178777 0.941608 0.1197022 -0.8904454 0.4390653 0.1197078 -0.8904406 0.4390735 0.2079679 -0.6122515 0.762822 0.209829 -0.2178793 0.9531528 0.2098203 -0.2178454 0.9531626 0.1699861 -0.6122508 0.7721747 0.1699872 -0.6122558 0.7721705 0.09784237 -0.8904412 0.4444563 0.09784833 -0.8904356 0.444466 0.09285469 -0.6122611 0.7851842 0.162426 -0.2178452 0.9623727 0.1624277 -0.2178515 0.962371 0.1146195 -0.2178494 0.9692285 0.05344883 -0.8904418 0.4519474 0.1315782 -0.6122549 0.7796353 0.0928576 -0.612271 0.7851762 0.07573699 -0.8904365 0.4487614 0.07574074 -0.8904327 0.4487683 0.0534449 -0.8904331 0.4519652 0.131582 -0.6122699 0.7796228 0.4252281 -0.8904312 0.162214 0.05344541 0.8904308 0.4519696 0.4252345 0.8904276 0.1622165 0.425229 0.8904312 0.1622118 0.7387288 0.612264 0.2818023 0.8685719 0.4235966 0.2571941 0.9118821 -0.2178508 0.3478677 0.9118831 0.2178461 0.3478681 0.9118795 -0.2178796 0.3478566 0.7387357 -0.6122534 0.2818071 0.4166715 0.8904396 0.1830359 0.4166899 0.8904274 0.1830531 0.7387329 -0.6122584 0.2818039 0.4252355 -0.8904276 0.1622142 0.8286334 0.4252778 0.364013 0.828635 0.425267 0.3640219 0.8935637 -0.2178508 0.3925365 0.8935544 -0.2178782 0.3925422 0.4071069 0.8904377 0.2034324 0.4071038 0.8904399 0.2034291 0.7238864 -0.612259 0.3180055 0.4166715 -0.8904396 0.1830359 0.7238847 -0.612261 0.3180056 0.4166899 -0.8904275 0.1830531 0.809614 0.4252665 0.4045659 0.8096136 0.4252705 0.4045626 0.8730512 -0.217851 0.4362597 0.8730456 -0.2178672 0.4362628 0.3965484 0.8904366 0.2233201 0.3965473 0.8904375 0.2233188 0.4071037 -0.8904399 0.2034291 0.4071069 -0.8904377 0.2034324 0.7072698 -0.6122602 0.3534216 0.7072739 -0.6122555 0.3534215 0.7886164 0.4252713 0.4441042 0.7886174 0.4252568 0.4441162 0.8504082 -0.2178506 0.4789018 0.8504019 -0.2178683 0.478905 0.3850203 0.8904362 0.2426576 0.38502 0.8904365 0.2426572 0.6889259 -0.6122559 0.3879741 0.3965485 -0.8904366 0.2233201 0.6889346 -0.612246 0.3879744 0.3965473 -0.8904375 0.2233188 0.7656869 0.4252635 0.4825708 0.765687 0.4252569 0.4825762 0.8256767 -0.2178507 0.5203836 0.8256755 -0.217854 0.5203841 0.3725518 0.8904301 0.2614178 0.3725446 0.8904362 0.2614077 0.3850203 -0.8904362 0.2426576 0.38502 -0.8904365 0.2426572 0.6688961 -0.6122537 0.4215725 0.6689027 -0.6122462 0.421573 0.7408786 0.4252633 0.5198559 0.7408785 0.4252571 0.5198609 0.7989278 -0.2178438 0.5605875 0.7989246 -0.2178528 0.5605888 0.3591639 0.8904352 0.2795112 0.3591695 0.8904302 0.2795198 0.647223 -0.6122541 0.4541446 0.6472259 -0.6122508 0.454145 0.3725518 -0.8904301 0.2614178 0.3725446 -0.8904362 0.2614077 0.7142446 0.4252575 0.5558873 0.7142466 0.4252965 0.5558549 0.7701945 -0.2179019 0.5994323 0.7702164 -0.2178439 0.5994253 0.6858693 0.4252958 0.5905141 0.3448994 0.8904279 0.2969553 0.3448918 0.8904353 0.296942 0.3591639 -0.8904352 0.2795112 0.3591695 -0.8904302 0.2795198 0.6239548 -0.6122717 0.4855964 0.6239719 -0.6122518 0.4855995 0.6858901 0.4252698 0.5905085 0.7396338 -0.2178421 0.6367784 0.7396113 -0.2179009 0.6367845 0.3297923 0.8904284 0.3136471 0.3297842 0.8904368 0.3136313 0.5991695 -0.6122712 0.5158681 0.3448994 -0.890428 0.2969553 0.3297962 -0.8904284 0.3136427 0.3448918 -0.8904353 0.296942 0.5991697 -0.612271 0.5158681 0.6558389 0.4252698 0.6237156 0.6558366 0.4252525 0.6237297 0.7072266 -0.2178489 0.6725863 0.7072294 -0.2178418 0.6725857 0.313868 0.8904366 0.3295595 0.3138693 0.890435 0.3295625 0.5729205 -0.6122709 0.5448729 0.32978 -0.8904369 0.3136354 0.572946 -0.6122405 0.5448802 0.3138672 -0.8904366 0.3295603 0.6241814 0.4252831 0.6553868 0.6241761 0.4252526 0.6554116 0.6730747 -0.217864 0.7067571 0.5452819 -0.6122404 0.5725638 0.6730804 -0.2178495 0.7067562 0.297176 0.8904353 0.3446904 0.2971758 0.8904355 0.3446899 0.5452732 -0.6122764 0.5725336 0.3138702 -0.8904352 0.3295618 0.5909894 0.4252825 0.685468 0.5909868 0.4252706 0.6854776 0.6373029 -0.2178642 0.7391753 0.637295 -0.2178842 0.7391763 0.5162815 -0.6122755 0.5988088 0.2797596 0.8904437 0.3589493 0.2797652 0.8904353 0.3589658 0.297176 -0.8904353 0.3446904 0.5162878 -0.6122444 0.5988352 0.2971758 -0.8904355 0.3446899 0.556372 0.4252374 0.7138792 0.5563804 0.4252707 0.7138527 0.5999557 -0.2178835 0.7697921 0.5999786 -0.2178256 0.7697906 0.2616722 0.8904361 0.3723589 0.2616678 0.890444 0.3723432 0.4860488 -0.6122332 0.6236402 0.2797596 -0.8904437 0.3589493 0.4860396 -0.6122448 0.6236359 0.2797652 -0.8904353 0.3589658 0.52039 0.4252785 0.7404948 0.5203782 0.4252378 0.7405264 0.5611455 -0.2178272 0.7985405 0.5611524 -0.2178768 0.7985222 0.2429244 0.8904376 0.3848487 0.2429251 0.8904361 0.3848518 0.2616723 -0.8904361 0.372359 0.2616678 -0.890444 0.3723432 0.454621 -0.6122334 0.646908 0.4545994 -0.6122612 0.6468969 0.4830999 0.4252754 0.7653465 0.4831009 0.4252783 0.7653443 0.5209599 -0.217876 0.8253065 0.4220386 -0.6122615 0.6685951 0.5209501 -0.217901 0.8253061 0.2235963 0.8904369 0.3963922 0.2235959 0.890438 0.3963901 0.2429244 -0.8904376 0.3848487 0.2429252 -0.8904361 0.3848519 0.4220402 -0.6122407 0.6686131 0.4446656 0.4252684 0.7883015 0.4446681 0.4252751 0.7882965 0.4794967 -0.2178998 0.8500603 0.4795088 -0.2178694 0.8500614 0.2037153 0.8904407 0.4069587 0.2037164 0.8904368 0.4069667 0.2235963 -0.8904369 0.3963922 0.2235959 -0.890438 0.3963901 0.3884621 -0.6122409 0.6886641 0.3884547 -0.6122511 0.6886593 0.4051307 0.4252605 0.8093347 0.4051339 0.4252685 0.809329 0.436874 -0.2178708 0.8727391 0.4368758 -0.2178659 0.8727393 0.1833307 0.890434 0.416554 0.1833297 0.8904405 0.4165404 0.3645934 0.4252608 0.8283869 0.2037154 -0.8904407 0.4069588 0.2037164 -0.8904368 0.4069667 0.3539196 -0.6122501 0.7070296 0.3539257 -0.6122413 0.7070341 0.3646004 0.4252521 0.8283883 0.3931649 -0.2178487 0.893288 0.3931579 -0.2178666 0.8932866 0.1625078 0.8904394 0.4250988 0.1625081 0.8904338 0.4251103 0.3185093 -0.6122414 0.7236797 0.3185099 -0.6122404 0.7236803 0.1833307 -0.890434 0.416554 0.1833297 -0.8904405 0.4165404 0.3231755 0.425253 0.8454097 0.3484946 -0.2178499 0.911643 0.3231765 0.4252552 0.8454081 0.3484952 -0.2178529 0.911642 0.1412835 0.8904318 0.4326317 0.2809747 0.4252554 0.8603551 0.1412838 0.8904392 0.4326163 0.2823258 -0.6122423 0.738547 0.1625081 -0.8904338 0.4251104 0.1625078 -0.8904393 0.4250988 0.2823267 -0.6122409 0.7385477 0.280965 0.4252676 0.8603523 0.302974 -0.2178539 0.9277642 0.3029803 -0.2178374 0.9277661 0.1197098 0.8904366 0.439081 0.1197091 0.8904319 0.4390908 0.2454591 -0.6122418 0.7516049 0.1412838 -0.8904392 0.4326163 0.245441 -0.6122708 0.7515871 0.1412835 -0.8904318 0.4326317 0.256713 -0.2178376 0.9416184 0.2380596 0.4252675 0.8731982 0.2380596 0.4252675 0.8731983 0.2079652 -0.6122704 0.7628076 0.2567142 -0.2178422 0.941617 0.09784671 0.8904396 0.4444585 0.09784585 0.8904362 0.4444654 0.1197091 -0.8904319 0.4390909 0.2079646 -0.6122673 0.7628103 0.1197098 -0.8904366 0.439081 0.1945806 0.4252676 0.8839037 0.1945842 0.4252739 0.8839 0.2098421 -0.2178433 0.9531583 0.2098246 -0.2178907 0.9531513 0.07573685 0.8904447 0.4487452 0.09286361 0.6122674 0.7851782 0.07573501 0.8904395 0.4487557 0.1506149 0.4252734 0.8924448 0.05345155 0.8904443 0.4519423 0.09784671 -0.8904396 0.4444585 0.1699859 -0.612267 0.7721619 0.07573852 -0.8904395 0.4487551 0.09784585 -0.8904362 0.4444654 0.1699981 -0.612245 0.7721766 0.1146344 0.2178456 0.9692276 0.1146343 -0.2178502 0.9692266 0.1624187 -0.2178909 0.9623636 0.1506187 0.4252683 0.8924466 0.03728704 0.4235863 0.905088 0.09285513 -0.612257 0.7851875 0.1146183 -0.2178955 0.9692183 0.1624205 -0.2178973 0.9623618 0.05345467 -0.8904307 0.4519687 0.05344234 -0.8904442 0.4519436 0.0928667 -0.6122333 0.7852045 0.07573332 -0.8904448 0.4487457 0.1315778 -0.6122442 0.7796437 0.1315841 -0.6122324 0.7796519 0.1146125 0.2177996 0.9692406 0.7387313 0.6122633 0.2817975 0.4252145 0.8904397 0.1622029 0.4251976 0.8904479 0.1622024 0.9118858 0.2178555 0.3478552 0.9118863 0.2178509 0.3478569 0.7387398 0.6122486 0.2818068 0.416678 0.890436 0.1830387 0.4166538 0.8904477 0.1830368 0.8935547 0.217889 0.3925357 0.7238926 0.612248 0.3180125 0.7239029 0.612236 0.318012 0.8935573 0.2178569 0.3925477 0.4071108 0.8904359 0.2034329 0.4071069 0.8904377 0.2034323 0.8730453 0.2178672 0.4362633 0.7072813 0.6122434 0.3534278 0.8730442 0.2178883 0.4362552 0.707288 0.6122358 0.3534278 0.3965467 0.8904375 0.2233198 0.3965485 0.8904366 0.2233201 0.8504046 0.2178711 0.4788991 0.8504047 0.2178683 0.4789001 0.6889154 0.6122698 0.3879706 0.688939 0.6122426 0.3879717 0.3850203 0.8904362 0.2426576 0.3850199 0.8904364 0.2426575 0.8256706 0.217854 0.5203919 0.668884 0.6122693 0.421569 0.6688975 0.6122537 0.4215704 0.8256702 0.217873 0.5203847 0.372528 0.8904449 0.2614011 0.3725456 0.8904362 0.2614062 0.798925 0.2178439 0.5605915 0.647227 0.6122508 0.4541434 0.6472241 0.6122541 0.454143 0.798925 0.2178528 0.5605881 0.3591725 0.8904296 0.2795179 0.3591434 0.8904445 0.279508 0.7702195 0.217836 0.5994242 0.7702196 0.2178438 0.5994213 0.6239696 0.6122518 0.4856026 0.6239526 0.6122717 0.4855992 0.344879 0.8904417 0.2969378 0.3449026 0.8904294 0.2969471 0.5991839 0.6122532 0.5158728 0.739621 0.2178378 0.6367946 0.7396221 0.2178693 0.6367826 0.599169 0.6122709 0.515869 0.3297753 0.8904431 0.3136229 0.3297783 0.8904415 0.3136242 0.5729394 0.6122522 0.5448741 0.7072197 0.2178489 0.6725937 0.7072209 0.2178705 0.6725854 0.5729428 0.6122405 0.5448835 0.3138781 0.8904285 0.3295718 0.3138513 0.8904431 0.329558 0.6730897 0.217864 0.7067429 0.5452592 0.6122766 0.5725467 0.5452886 0.6122406 0.5725573 0.6730887 0.2178497 0.7067483 0.2971607 0.8904473 0.3446724 0.2971945 0.8904285 0.3446919 0.6372979 0.2178298 0.7391898 0.5163051 0.6122442 0.5988207 0.51628 0.6122755 0.5988102 0.637301 0.2178642 0.739177 0.4860384 0.6122448 0.623637 0.2797682 0.8904366 0.3589603 0.279751 0.8904464 0.3589491 0.599965 0.2178323 0.7697993 0.4860346 0.6122668 0.6236182 0.5999679 0.2178586 0.7697898 0.2616722 0.8904361 0.3723589 0.2616715 0.8904365 0.3723584 0.5611458 0.2177948 0.7985492 0.4545978 0.6122647 0.6468948 0.5611542 0.2178614 0.7985252 0.4546004 0.6122612 0.6468961 0.242928 0.8904361 0.3848499 0.2429223 0.8904396 0.3848454 0.5209737 0.2179007 0.8252913 0.4220452 0.6122406 0.6686099 0.5209586 0.2177962 0.8253284 0.4220299 0.6122612 0.6686007 0.2235887 0.8904448 0.3963788 0.2235977 0.890439 0.3963867 0.3884669 0.612241 0.6886614 0.4794959 0.217874 0.8500674 0.4795001 0.2178999 0.8500584 0.3884676 0.6122242 0.6886759 0.2037224 0.8904326 0.4069729 0.2037043 0.8904448 0.4069552 0.4368765 0.2178709 0.8727378 0.4368757 0.217866 0.8727394 0.3539332 0.6122256 0.7070439 0.3539053 0.6122659 0.707023 0.1833369 0.8904332 0.4165528 0.1833242 0.8904423 0.4165391 0.3931568 0.2178487 0.8932916 0.3185053 0.6122625 0.7236637 0.3931602 0.2178666 0.8932856 0.3185045 0.6122634 0.7236632 0.1625078 0.8904394 0.4250988 0.1625039 0.8904423 0.4250942 0.2823223 0.6122677 0.7385272 0.3485037 0.2178529 0.9116388 0.3485031 0.2178499 0.9116398 0.2823269 0.6122605 0.7385314 0.1412748 0.890446 0.4326052 0.1412834 0.8904392 0.4326165 0.2454617 0.6122276 0.7516155 0.3029798 0.2179028 0.9277508 0.3029687 0.2178539 0.9277659 0.2454375 0.6122676 0.7515909 0.1197078 0.8904406 0.4390735 0.1197022 0.8904454 0.4390653 0.2567146 0.2178998 0.9416035 0.20797 0.6122409 0.7628299 0.2567104 0.2178825 0.9416087 0.2098185 0.2178839 0.9531542 0.2079765 0.6122296 0.7628372 0.09784833 0.8904356 0.444466 0.09784237 0.8904412 0.4444563 0.1699871 0.6122452 0.7721789 0.1699897 0.6122403 0.7721822 0.2098304 0.21785 0.9531593 0.1624278 0.2178498 0.9623714 0.07573699 0.8904365 0.4487614 0.0534449 0.8904331 0.4519652 0.07574074 0.8904327 0.4487683 0.05344889 0.8904421 0.4519471 0.1624255 0.2178562 0.9623703 0.09286497 0.6122605 0.7851835 0.1315853 0.6122444 0.7796423 0.1315776 0.6122593 0.7796317 0.09285582 0.6122293 0.7852089 0.1146279 0.2178541 0.9692265 0.4313441 0.8904737 0.1449096 0.8161835 0.5521917 -0.1700846 0.9226252 0.2179087 0.3182429 0.8147163 0.5556881 -0.1656743 0.4535097 0.8902969 0.04123603 0.97288 0.2170226 0.08003566 0.7882084 0.6111536 0.07224074 0.4261672 0.89883 0.102402 0.7263438 0.6123143 0.3122431 0.4503731 0.8919472 0.03992797 0.9512269 0.1978185 0.2367172 0.7321551 0.6067689 0.3094841 0.7851419 0.6152795 0.07059208 0.9685573 0.234018 0.08445259 0.9702789 0 0.2419896 0.9702788 0 0.2419896 0.9966837 0 0.08137437 0.9966836 0 0.08137436 0.09108959 0 0.9958428 0.0910896 0 0.9958427 0.1174389 0 0.9930801 0.1664249 0 0.9860542 0.1174389 0 0.9930801 0.2149835 0 0.9766177 0.1664249 0 0.9860542 0.2630364 0 0.9647859 0.2149835 0 0.9766177 0.3104317 -9.323673e-05 0.9505957 0.2630297 -7.899975e-05 0.9647877 0.3570802 0 0.9340737 0.3104396 0 0.9505931 0.4028317 0 0.9152741 0.3570802 0 0.9340737 0.4476283 0 0.8942198 0.4028317 0 0.9152741 0.4912984 0 0.8709913 0.4476283 0 0.8942198 0.5337909 0 0.8456165 0.4912984 0 0.8709913 0.5338004 0.0001269876 0.8456105 0.5749566 0.0001228689 0.8181839 0.5749477 0 0.8181902 0.6147336 0 0.7887348 0.6147336 0 0.7887348 0.652978 0 0.7573768 0.652978 0 0.7573768 0.6896559 0 0.7241373 0.7246233 0 0.6891451 0.6896559 0 0.7241373 0.7578266 0 0.6524559 0.7246233 0 0.6891451 0.7891711 0 0.6141734 0.7578266 0 0.6524559 0.81858 0 0.5743924 0.7891711 0 0.6141734 0.8459939 8.007096e-05 0.5331925 0.8185844 8.625713e-05 0.5743862 0.8713362 0 0.4906865 0.8459901 0 0.5331985 0.8945362 0 0.4469956 0.8713362 0 0.4906865 0.9155495 -7.709028e-05 0.4022053 0.8945335 -6.720718e-05 0.4470009 0.9343274 0 0.3564159 0.9155522 0 0.4021991 0.9343274 0 0.3564159 0.9451343 0 0.3266819 0.9451343 0 0.3266819 0.0445851 0 0.9990056 0.0445851 -0 0.9990056 0 0 1 0 0 1 0 0 1 0 0 1 0 0 1 0 0 1 0 0 1 0 0 1 0 0 1 0 0 1 -0.0445851 0 0.9990056 -0.0445851 0 0.9990056 -0.9451146 0 0.3267392 -0.9451196 4.906512e-05 0.3267246 -0.9343229 -0.0002270939 0.3564275 -0.9343318 5.340243e-05 0.3564043 -0.9155592 6.039691e-05 0.402183 -0.9155495 -0.0002146287 0.4022053 -0.8945309 6.712813e-05 0.4470062 -0.8945309 6.694449e-05 0.4470062 -0.8713362 7.368772e-05 0.4906865 -0.8713362 7.358791e-05 0.4906865 -0.8459939 8.007096e-05 0.5331925 -0.8459939 7.971963e-05 0.5331925 -0.8185737 -0.0002458548 0.5744013 -0.8185906 8.636359e-05 0.5743773 -0.7891711 -0.0002370239 0.6141734 -0.789171 -0.0002371157 0.6141734 -0.7578266 -0.0002276097 0.6524559 -0.7578266 -0.0002274061 0.6524559 -0.7246366 0 0.6891312 -0.7246233 -0.0002176972 0.6891451 -0.6896425 0 0.7241499 -0.6896425 0 0.7241499 -0.6529911 0 0.7573655 -0.6529911 0 0.7573655 -0.6147253 0 0.7887413 -0.6147335 0.0001184464 0.7887349 -0.5749566 0.0001231563 0.8181839 -0.5749566 0.0001228689 0.8181839 -0.5337884 0.0001267332 0.8456181 -0.5337789 0 0.8456241 -0.4912984 0 0.8709913 -0.4912984 0 0.8709913 -0.4476283 0 0.8942198 -0.4476283 0 0.8942198 -0.4028317 0 0.9152741 -0.4028317 0 0.9152741 -0.3570802 0 0.9340737 -0.3570802 0 0.9340737 -0.3104396 0 0.9505931 -0.3104396 0 0.9505931 -0.2630364 0 0.9647859 -0.2630364 0 0.9647859 -0.2149835 0 0.9766177 -0.2149835 0 0.9766177 -0.1664205 0 0.9860548 -0.1664205 0 0.9860548 -0.117442 0 0.9930797 -0.117442 0 0.9930797 -0.09108961 0 0.9958428 -0.09108959 0 0.9958427 -0.9702844 0 0.2419676 -0.9702843 0 0.2419676 -0.9966817 0 0.08139765 -0.9966817 0 0.08139765 -1 0 0 -1 -0 0 -1 0 0 -1 -0 0 -1 0 0 -1 0 0 -1 0 0 -1 -0 -0 -1 -0 0 -1 0 -0 -1 -0 0 -1 0 -0 -1 -0 0 -1 0 -0 -0.9966817 0 -0.08139764 -0.9966817 0 -0.08139765 -0.9702843 0 -0.2419676 -0.9702843 0 -0.2419676 -0.09108959 0 -0.9958428 -0.0910896 -0 -0.9958427 -0.117442 -0 -0.9930798 -0.1664205 -0 -0.9860548 -0.117442 -0 -0.9930797 -0.2149835 -0 -0.9766177 -0.1664205 -0 -0.9860548 -0.2630364 -0 -0.9647859 -0.2149835 -0 -0.9766177 -0.3104396 -0 -0.9505931 -0.2630364 -0 -0.9647859 -0.3570802 -0 -0.9340737 -0.3104396 -0 -0.9505931 -0.4028317 -0 -0.9152741 -0.3570802 -0 -0.9340737 -0.4476177 -0 -0.8942251 -0.4028317 -0 -0.9152741 -0.4913085 -0 -0.8709856 -0.4476177 -0 -0.8942251 -0.5337789 -0 -0.8456241 -0.4913085 -0 -0.8709856 -0.5337789 -0 -0.8456241 -0.5749566 -0 -0.8181839 -0.5749566 -0 -0.8181839 -0.6147336 -0 -0.7887348 -0.6147336 -0 -0.7887348 -0.6529911 -0 -0.7573655 -0.6529911 -0 -0.7573655 -0.6896425 -0 -0.7241499 -0.7246366 -0 -0.6891312 -0.6896425 -0 -0.7241499 -0.7578266 -0.0002276097 -0.6524559 -0.7246233 -0.0002176373 -0.6891451 -0.7891711 -0.0002370239 -0.6141734 -0.7578266 -0.0002276097 -0.6524559 -0.8185737 -0.0002458548 -0.5744013 -0.789171 -0.0002370239 -0.6141734 -0.8459939 8.007096e-05 -0.5331925 -0.8185906 8.625579e-05 -0.5743773 -0.8713362 -0 -0.4906865 -0.8459901 -0 -0.5331985 -0.8945309 -0 -0.4470062 -0.8713362 -0 -0.4906865 -0.9155592 6.039691e-05 -0.402183 -0.8945335 6.712733e-05 -0.4470009 -0.934323 -0 -0.3564276 -0.9155571 -0 -0.4021879 -0.934323 -0 -0.3564276 -0.9451196 -0 -0.3267245 -0.9451196 0 -0.3267245 -0.0445851 0 -0.9990056 -0.0445851 0 -0.9990056 0 -0 -1 0 0 -1 0 0 -1 0 0 -1 0 0 -1 0 0 -1 0 0 -1 0 -0 -1 0 0 -1 0 0 -1 0.0445851 0 -0.9990056 0.0445851 0 -0.9990056 0.9451343 0 -0.3266819 0.9451343 0 -0.3266819 0.9343274 0 -0.3564159 0.9343274 0 -0.3564159 0.9155495 -7.709028e-05 -0.4022053 0.9155522 0 -0.4021991 0.8945362 -0.0001343349 -0.4469956 0.8945388 -6.694408e-05 -0.4469903 0.8713362 0 -0.4906865 0.8713304 -0.0001308221 -0.4906966 0.8459939 8.007096e-05 -0.5331925 0.8459901 0 -0.5331985 0.81858 0 -0.5743924 0.8185844 8.636293e-05 -0.5743862 0.7891711 0 -0.6141734 0.7891711 0 -0.6141734 0.7578266 0 -0.6524559 0.7578266 0 -0.6524559 0.7246233 0 -0.6891451 0.7246233 0 -0.6891451 0.6896559 0 -0.7241373 0.6896559 0 -0.7241373 0.652978 0 -0.7573768 0.652978 0 -0.7573768 0.6147336 0 -0.7887348 0.6147336 0 -0.7887348 0.5749566 0 -0.8181839 0.5749566 0 -0.8181839 0.5337909 0 -0.8456165 0.5337909 0 -0.8456165 0.4913085 0 -0.8709856 0.4913085 0 -0.8709856 0.4476177 0 -0.8942251 0.4476177 0 -0.8942251 0.4028317 0 -0.9152741 0.4028317 0 -0.9152741 0.3570802 0 -0.9340737 0.3570802 0 -0.9340737 0.3104396 0 -0.9505931 0.3104317 -9.323673e-05 -0.9505957 0.2630297 -7.920735e-05 -0.9647877 0.2630364 0 -0.9647859 0.2149835 0 -0.9766177 0.2149835 0 -0.9766177 0.1664249 0 -0.9860542 0.1664249 0 -0.9860542 0.1174389 0 -0.9930801 0.1174389 0 -0.9930801 0.09108961 0 -0.9958428 0.09108959 0 -0.9958427 0.9702789 0 -0.2419896 0.9702788 0 -0.2419896 0.9966837 0 -0.08137436 0.9966837 0 -0.08137437 1 0 0 1 0 0 1 0 0 1 0 0 1 0 0 1 0 0 1 0 0 1 0 -0 1 0 0 1 0 -0 1 0 0 1 0 0 1 0 -0 1 0 -0 0.9966837 0 0.08137437 0.9966837 -0 0.08137437 0.9702789 -0 0.2419896 0.9702788 0 0.2419896 0.4534923 0.8903058 0.0412345 0.9728789 0.2170272 0.08003559 0.7262663 0.612307 0.3124382 0.7882132 0.6111401 0.07230186 0.426067 0.8988804 0.1023775 0.4504768 0.8918927 0.03997688 0.9512776 0.1975577 0.2367317 0.7851509 0.6152607 0.07065643 0.7320986 0.6067441 0.3096665 0.9684789 0.2343153 0.08452842 0.926037 0.2178795 0.3081948 0.928881 0.2371331 0.2845135 0.43041 0.8909771 0.144592 0.7501711 0.6123062 0.2496485 0.4317868 0.8904562 0.1436938 0.750174 0.6122957 0.2496658 0.9382867 0.2178648 0.2686131 0.4620698 0.8798489 0.1111641 0.7601312 0.6122493 0.2176039 0.4365359 0.8909654 0.1249678 0.7601336 0.6122435 0.2176114 0.9540938 0.2177368 0.2056594 0.9540936 0.2177378 0.2056588 0.7730844 0.6120222 0.1666415 0.773093 0.6120083 0.1666524 0.4431705 0.8913324 0.09553239 0.968106 0.2177029 0.1240009 0.9681009 0.2177357 0.1239829 0.4751472 0.878849 0.04312181 0.4444349 0.8940011 0.05691929 0.7844331 0.6120228 0.1004633 0.7844306 0.6120264 0.1004606 0.9714139 0.2337786 0.04126286 0.9758964 0.2179209 0.01168924 0.9745468 0.2177949 0.05314114 0.790544 0.6123319 0.00946834 0.4549794 0.8904853 0.005449273 0.4543222 0.8908277 0.004141377 0.7905438 0.6123323 0.009469083 0.4537949 0.8907627 0.02473872 0.7895355 0.6121936 0.04304169 0.7895445 0.6121812 0.04305314 0.4313441 0.8904737 0.1449096 0.8161768 0.5522042 -0.1700766 0.9226261 0.217904 0.3182432 0.8147161 0.555685 -0.1656859 0.1146126 0.217795 0.9692416 0.7387236 0.6122739 0.2817945 0.4252145 0.8904397 0.1622029 0.4251976 0.8904479 0.1622024 0.9118868 0.2178508 0.3478556 0.9118872 0.2178462 0.3478573 0.7387322 0.6122591 0.2818039 0.416678 0.890436 0.1830387 0.4166538 0.8904477 0.1830368 0.8935558 0.2178843 0.3925361 0.7238851 0.6122586 0.3180092 0.7238955 0.6122465 0.3180087 0.8935582 0.2178522 0.3925481 0.4071108 0.8904359 0.2034329 0.4071069 0.8904377 0.2034323 0.8730463 0.2178625 0.4362638 0.707274 0.612254 0.3534241 0.8730451 0.2178837 0.4362557 0.7072806 0.6122464 0.3534241 0.3965467 0.8904375 0.2233198 0.3965485 0.8904366 0.2233201 0.8504054 0.2178664 0.4788995 0.8504056 0.2178637 0.4789006 0.6889083 0.6122804 0.3879665 0.6889319 0.6122532 0.3879677 0.3850203 0.8904362 0.2426576 0.3850199 0.8904364 0.2426575 0.8256715 0.2178494 0.5203924 0.6688771 0.6122799 0.4215646 0.6688906 0.6122643 0.421566 0.825671 0.2178683 0.5203851 0.372528 0.8904449 0.2614011 0.3725456 0.8904362 0.2614062 0.7989259 0.2178393 0.5605921 0.6472203 0.6122614 0.4541387 0.6472174 0.6122648 0.4541382 0.7989258 0.2178481 0.5605887 0.3591725 0.8904296 0.2795179 0.3591434 0.8904445 0.279508 0.7702203 0.2178313 0.599425 0.7702204 0.2178392 0.5994219 0.6239631 0.6122623 0.4855975 0.6239461 0.6122823 0.4855941 0.344879 0.8904417 0.2969378 0.3449026 0.8904294 0.2969471 0.5991775 0.6122638 0.5158674 0.7396218 0.2178331 0.6367953 0.739623 0.2178647 0.6367833 0.5991628 0.6122815 0.5158637 0.3297753 0.8904431 0.3136229 0.3297783 0.8904415 0.3136242 0.7072204 0.2178442 0.6725943 0.5729303 0.6122627 0.5448717 0.7072216 0.2178658 0.6725861 0.57294 0.612251 0.5448747 0.3138781 0.8904285 0.3295718 0.3138513 0.8904431 0.329558 0.6730904 0.2178593 0.7067437 0.5452536 0.6122872 0.5725407 0.545283 0.6122512 0.5725513 0.6730894 0.217845 0.706749 0.2971607 0.8904473 0.3446724 0.2971945 0.8904285 0.3446919 0.6372986 0.2178252 0.7391906 0.5162746 0.6122861 0.5988039 0.5162997 0.6122548 0.5988144 0.6373017 0.2178596 0.7391778 0.279751 0.8904464 0.3589491 0.2797682 0.8904366 0.3589603 0.4860228 0.6122776 0.6236169 0.5999685 0.2178539 0.7697905 0.48604 0.6122555 0.6236252 0.5999657 0.2178277 0.7698002 0.2616722 0.8904361 0.3723589 0.2616715 0.8904365 0.3723584 0.5611548 0.2178567 0.7985259 0.4545931 0.6122753 0.646888 0.5611464 0.2177902 0.79855 0.4545957 0.6122718 0.6468895 0.2429223 0.8904396 0.3848454 0.242928 0.8904361 0.3848499 0.5209743 0.2178961 0.8252922 0.5209592 0.2177915 0.8253293 0.4220255 0.6122718 0.6685937 0.4220409 0.6122512 0.6686031 0.2235977 0.890439 0.3963867 0.2235887 0.8904448 0.3963788 0.4794964 0.2178693 0.8500683 0.3884693 0.6122347 0.6886656 0.3884572 0.6122514 0.6886575 0.4795006 0.2178952 0.8500593 0.2037224 0.8904326 0.4069729 0.2037043 0.8904448 0.4069552 0.4368761 0.2178614 0.8727403 0.436877 0.2178662 0.8727387 0.3539295 0.6122362 0.7070366 0.3539016 0.6122766 0.7070156 0.1833242 0.8904423 0.4165391 0.1833369 0.8904332 0.4165528 0.3931571 0.217844 0.8932925 0.3931606 0.217862 0.8932865 0.3185012 0.612274 0.7236556 0.3185019 0.612273 0.7236562 0.1625078 0.8904394 0.4250988 0.1625039 0.8904423 0.4250942 0.3485041 0.2178482 0.9116398 0.282324 0.6122711 0.7385237 0.2823194 0.6122783 0.7385195 0.3485034 0.2178452 0.9116407 0.1412834 0.8904392 0.4326165 0.1412748 0.890446 0.4326052 0.2454592 0.6122382 0.7516077 0.3029802 0.2178982 0.9277518 0.302969 0.2178492 0.9277669 0.2454349 0.6122782 0.7515831 0.1197022 0.8904454 0.4390653 0.1197078 0.8904406 0.4390735 0.2079702 0.6122403 0.7628304 0.2567107 0.2178778 0.9416097 0.2079721 0.6122515 0.7628209 0.2567149 0.2178952 0.9416046 0.09784237 0.8904412 0.4444563 0.09784833 0.8904356 0.444466 0.209829 0.2178793 0.9531528 0.2098203 0.2178454 0.9531626 0.169988 0.6122509 0.7721742 0.1699853 0.6122558 0.7721708 0.1315782 0.6122549 0.7796353 0.07573699 0.8904365 0.4487614 0.0534449 0.8904331 0.4519652 0.07574074 0.8904327 0.4487683 0.05344889 0.8904421 0.4519471 0.131582 0.6122699 0.7796228 0.1624277 0.2178515 0.962371 0.162426 0.2178452 0.9623727 0.09286399 0.6122711 0.7851753 0.09285486 0.61224 0.7852007 0.114628 0.2178495 0.9692276 0.9118821 0.2178508 0.3478677 0.1146343 0.2178502 0.9692266 0.4252345 0.8904276 0.1622165 0.425229 0.8904312 0.1622118 0.7387329 0.6122584 0.2818039 0.7387357 0.6122534 0.2818071 0.9118795 0.2178796 0.3478566 0.4166715 0.8904396 0.1830359 0.4166899 0.8904274 0.1830531 0.8935544 0.2178782 0.3925422 0.723886 0.612259 0.3180062 0.8935637 0.2178508 0.3925365 0.7238849 0.6122609 0.3180049 0.4071069 0.8904377 0.2034324 0.4071038 0.8904399 0.2034291 0.707273 0.6122556 0.3534231 0.8730456 0.2178672 0.4362628 0.7072707 0.6122602 0.3534199 0.8730512 0.217851 0.4362597 0.3965484 0.8904366 0.2233201 0.3965473 0.8904375 0.2233188 0.850402 0.2178683 0.478905 0.6889278 0.6122559 0.3879706 0.8504082 0.2178506 0.4789018 0.6889326 0.612246 0.3879779 0.3850203 0.8904362 0.2426576 0.38502 0.8904365 0.2426572 0.8256767 0.2178507 0.5203836 0.6689011 0.6122462 0.4215756 0.8256755 0.2178539 0.5203841 0.6688978 0.6122537 0.4215699 0.3725518 0.8904301 0.2614178 0.3725446 0.8904362 0.2614077 0.7989246 0.2178528 0.5605888 0.6472238 0.6122541 0.4541435 0.7989278 0.2178439 0.5605875 0.6472251 0.6122509 0.454146 0.3591639 0.8904352 0.2795112 0.3591695 0.8904302 0.2795198 0.7702164 0.2178439 0.5994253 0.623967 0.6122517 0.4856059 0.7701945 0.2179019 0.5994323 0.6239598 0.6122715 0.4855901 0.3448994 0.8904279 0.2969553 0.3448918 0.8904353 0.296942 0.7396338 0.2178421 0.6367784 0.5991697 0.612271 0.5158682 0.7396113 0.2179009 0.6367844 0.5991696 0.6122712 0.5158681 0.3297842 0.8904368 0.3136313 0.5729205 0.6122709 0.5448729 0.3297923 0.8904284 0.3136471 0.7072266 0.2178489 0.6725863 0.7072294 0.2178418 0.6725857 0.572946 0.6122405 0.5448802 0.3138693 0.890435 0.3295625 0.313868 0.8904366 0.3295595 0.5452732 0.6122764 0.5725336 0.6730747 0.2178641 0.7067571 0.5452819 0.6122404 0.5725637 0.6730804 0.2178495 0.7067562 0.2971758 0.8904355 0.3446899 0.5162722 0.6122754 0.5988172 0.297176 0.8904353 0.3446904 0.6373029 0.2178642 0.7391754 0.637295 0.2178842 0.7391763 0.5162973 0.6122443 0.5988272 0.2797596 0.8904437 0.3589493 0.2797652 0.8904353 0.3589658 0.5999786 0.2178256 0.7697906 0.4860432 0.6122448 0.6236331 0.5999557 0.2178835 0.7697921 0.4860451 0.6122333 0.623643 0.2616678 0.890444 0.3723432 0.2616722 0.8904361 0.3723589 0.4546086 0.6122611 0.6468905 0.5611588 0.2178272 0.7985312 0.5611391 0.2178769 0.7985315 0.4546119 0.6122333 0.6469146 0.2429244 0.8904376 0.3848487 0.2429251 0.8904361 0.3848518 0.4220316 0.6122614 0.6685995 0.5209501 0.2179008 0.8253061 0.5209599 0.217876 0.8253065 0.4220472 0.6122406 0.6686087 0.2235963 0.8904369 0.3963922 0.2235959 0.890438 0.3963901 0.4795088 0.2178693 0.8500614 0.4794967 0.2178998 0.8500603 0.3884586 0.6122409 0.6886662 0.3884582 0.6122509 0.6886573 0.2037153 0.8904407 0.4069587 0.2037164 0.8904368 0.4069667 0.4368758 0.217866 0.8727393 0.436874 0.2178708 0.8727391 0.3539227 0.61225 0.707028 0.3539226 0.6122414 0.7070355 0.1833307 0.890434 0.416554 0.1833297 0.8904405 0.4165404 0.3185092 0.6122414 0.7236797 0.3931649 0.2178487 0.893288 0.3931579 0.2178666 0.8932866 0.3185099 0.6122404 0.7236803 0.1625078 0.8904394 0.4250988 0.1625081 0.8904338 0.4251103 0.2823262 0.6122409 0.738548 0.2823263 0.6122422 0.7385468 0.3484943 0.2178529 0.9116424 0.3484955 0.2178499 0.9116427 0.1412835 0.8904318 0.4326317 0.1412838 0.8904392 0.4326163 0.3029741 0.2178539 0.9277642 0.2454521 0.6122707 0.7515836 0.3029803 0.2178373 0.9277661 0.245448 0.6122416 0.7516086 0.0978481 0.8904362 0.4444649 0.1197098 0.8904366 0.439081 0.1197091 0.8904319 0.4390908 0.2567144 0.2178376 0.941618 0.2567127 0.2178422 0.9416174 0.2079646 0.6122673 0.7628103 0.2079652 0.6122704 0.7628076 0.09784445 0.8904396 0.444459 0.2098421 0.2178433 0.9531583 0.1699945 0.6122671 0.7721599 0.1699895 0.6122451 0.7721784 0.2098246 0.2178907 0.9531513 0.05344234 0.8904442 0.4519436 0.07573685 0.8904447 0.4487452 0.1315778 0.6122442 0.7796437 0.07573501 0.8904395 0.4487557 0.05345467 0.8904307 0.4519687 0.1624208 0.2178909 0.9623632 0.09285513 0.6122569 0.7851875 0.09286672 0.6122333 0.7852045 0.1624185 0.2178974 0.9623622 0.1315841 0.6122324 0.7796519 0.1146183 0.2178955 0.9692183 0.001108439 0.8904889 0.4550036 0.01517329 0.2179108 0.9758508 0.01513701 0.2178854 0.975857 0.04535203 0.2178918 0.9749186 0.04534238 0.217885 0.9749206 0.02061283 0.8871897 0.4609441 0.01225649 0.6123134 0.7905201 0.01229137 0.6123337 0.790504 0.007041182 0.8909004 0.4541442 0.07547022 0.2202163 0.9725271 0.08578154 0.2179116 0.9721913 0.0706211 0.2179049 0.9734116 0.03673002 0.6123362 0.7897438 0.02139019 0.8876761 0.4599713 0.03672582 0.6123337 0.7897459 0.06943548 0.6123686 0.7875173 0.03996342 0.8904852 0.4532539 0.04039076 0.8905333 0.4531215 0.0572072 0.6123425 0.7885201 0.06948707 0.6123591 0.7875201 0.05725241 0.6123605 0.7885028 0.03294539 0.8905262 0.4537374 -0 0.2179312 0.9759641 0.001464707 0.8905419 0.4548988 0.001108313 0.8905511 0.4548819 -0.0007082957 0.8904983 0.454986 0.0007311438 0.8905331 0.4549178 0.0001826549 0.2179587 0.9759579 0.0003650163 0.2179585 0.975958 0.0003614566 0.2179583 0.975958 0.001015592 0.6124021 0.7905458 0.001007025 0.6124025 0.7905455 -0.0001061225 0.6123701 0.7905713 0.0005023989 0.6124033 0.7905453 0.0001804295 0.2179588 0.9759579 0.0005069562 0.6124031 0.7905455 0.0006915039 0.6124031 0.7905453 0.0005381592 0.2179586 0.9759579 0.04351594 0.2176818 0.9750492 0.02697639 0.6121527 0.7902793 0.01104173 0.8904852 0.4548783 0.5906691 0.5186505 0.6181517 0.019853 0.8958356 0.4439418 0.1642257 0.4572085 0.8740654 0.08888261 0.2178583 0.9719247 0.06300149 0.8903048 0.4509857 0.04961399 0.6121844 0.789157 0.04009075 0.8922345 0.4497891 -0.963828 0.1167651 0.2395861 -0.6698723 0.3209251 0.6695358 0 0.8904986 0.4549862 0 0.8904986 0.4549862 -9.856505e-08 0.6123594 0.7905794 0 0.61237 0.7905713 0 0.2179358 0.9759631 -3.504991e-08 0.2179312 0.9759641 0 0.2179358 0.9759631 0 0.6123594 0.7905794 0 0.2179358 0.9759631 0 0.8904894 0.4550039 0 0.6123594 0.7905794 0 0.8904894 0.4550039 -0.08578146 0.2179189 0.9721897 -0.06948666 0.6123639 0.7875164 -0.0754701 0.2202227 0.9725257 -0.07060841 0.217905 0.9734125 -0.04039076 0.8905333 0.4531215 -0.03997774 0.8904868 0.4532495 -0.06946157 0.6123592 0.7875223 -0.04535211 0.217885 0.9749202 -0.04534231 0.2178918 0.9749191 -0.05719568 0.6123648 0.7885036 -0.03294539 0.8905262 0.4537374 -0.05725341 0.6123428 0.7885166 -0.01513092 0.2196376 0.9754642 -0.00339855 0.2179346 0.9759575 -0.01830474 0.2178947 0.9758006 -0.02061276 0.8871906 0.4609425 -0.03672128 0.6123387 0.7897423 -0.02138771 0.8876755 0.4599726 -0.03673012 0.6123337 0.7897457 -0.002682928 0.6123573 0.7905767 -0.001544129 0.8904884 0.4550033 -0.001107749 0.8905196 0.4549435 -0.008517582 0.8905077 0.4548886 -0.01482793 0.6123382 0.7904568 -0.002753 0.6123657 0.7905699 -0.01480084 0.6123505 0.7904479 -0.08878637 0.2179091 0.9719221 0.9012966 0.2229172 0.3714463 -0.04009667 0.8922009 0.4498551 -0.02807357 0.6117502 0.7905527 -0.08473652 0.8896826 0.4486475 0.7460886 0.3179874 0.5850092 -0.04351594 0.2176818 0.9750492 -0.001921953 0.8905411 0.4548987 -0.01848343 0.6122797 0.7904251 -0.0198577 0.8957834 0.4440469 -0.3518401 0.5872517 0.7289334 -0.1912792 0.509286 0.8390709 -0.0004956757 0.8904983 0.4549861 -0.00110759 0.8905424 0.4548988 -0.0003873381 0.6123593 0.7905794 -0.0007333065 0.6124026 0.7905457 -0.000182424 0.2179358 0.9759631 -0.0003295747 0.2179584 0.975958 -0.911887 0.2178704 0.3478427 -0.05344788 0.8904397 0.4519517 -0.05344585 0.8904352 0.4519609 -0.1146216 0.2178397 0.9692305 -0.1146196 0.2178456 0.9692294 -0.09285411 0.6122676 0.7851793 -0.09285513 0.6122711 0.7851765 -0.07573852 0.8904395 0.4487551 -0.07573722 0.8904358 0.4487628 -0.1624237 0.2178451 0.9623731 -0.131582 0.6122699 0.7796228 -0.1315782 0.6122549 0.7796353 -0.1624262 0.2178377 0.9623743 -0.09784302 0.8904396 0.4444592 -0.09784438 0.8904451 0.444448 -0.2098178 0.2178972 0.9531513 -0.1699881 0.612239 0.7721835 -0.1699916 0.6122556 0.7721695 -0.2098361 0.2178454 0.9531591 -0.1197053 0.8904454 0.4390645 -0.1197046 0.8904406 0.4390743 -0.2567175 0.2178732 0.9416089 -0.2079726 0.6122546 0.7628182 -0.2079697 0.6122371 0.7628331 -0.256708 0.2178997 0.9416053 -0.1412826 0.8904392 0.4326168 -0.1412827 0.8904404 0.4326143 -0.3029836 0.2178493 0.9277622 -0.3029751 0.2178723 0.9277595 -0.2454466 0.6122553 0.7515979 -0.2454495 0.6122783 0.7515782 -0.1625017 0.8904422 0.4250951 -0.1625018 0.8904395 0.4251009 -0.3485043 0.2178453 0.9116404 -0.3485032 0.2178482 0.9116401 -0.282322 0.6122783 0.7385185 -0.2823197 0.6122513 0.7385417 -0.1833298 0.8904421 0.4165367 -0.1833301 0.8904405 0.4165402 -0.3931555 0.2178619 0.8932888 -0.3931622 0.2178441 0.8932902 -0.3185085 0.6122521 0.7236711 -0.3185084 0.612251 0.723672 -0.2037116 0.890445 0.4069513 -0.2037128 0.8904408 0.40696 -0.4368794 0.2178288 0.8727469 -0.3539156 0.6122606 0.7070224 -0.4368671 0.2178615 0.8727449 -0.3539156 0.612252 0.7070298 -0.2235976 0.89043 0.3964069 -0.2235922 0.8904448 0.3963769 -0.4794936 0.2178951 0.8500633 -0.3884628 0.6122516 0.6886542 -0.4795191 0.2178282 0.8500661 -0.3884625 0.6122615 0.6886457 -0.2616663 0.8904362 0.372363 -0.2429316 0.8904362 0.3848476 -0.2429345 0.8904299 0.3848602 -0.4220323 0.612272 0.6685894 -0.5209697 0.2178361 0.8253109 -0.5209467 0.2178961 0.8253095 -0.422034 0.6122513 0.6686072 -0.2616658 0.8904365 0.3723626 -0.5611448 0.2178705 0.7985293 -0.4545982 0.6122437 0.6469143 -0.4545946 0.6122718 0.6468902 -0.5611572 0.2178381 0.7985293 -0.2971733 0.8904423 0.3446745 -0.279761 0.8904425 0.3589511 -0.279765 0.8904366 0.3589627 -0.599957 0.2178789 0.7697924 -0.5999596 0.2178724 0.7697923 -0.4860456 0.6122438 0.6236323 -0.4860472 0.6122338 0.6236408 -0.2971646 0.8904471 0.3446696 -0.5163019 0.6122296 0.5988383 -0.6373064 0.2178596 0.7391738 -0.6372988 0.2178796 0.7391744 -0.516301 0.6122342 0.5988345 -0.3138547 0.8904476 0.3295428 -0.3138583 0.8904431 0.329551 -0.6730709 0.2179024 0.706749 -0.6730872 0.2178594 0.7067467 -0.5452945 0.6122295 0.5725635 -0.545289 0.6122512 0.5725455 -0.3297715 0.8904414 0.3136316 -0.3297698 0.8904431 0.3136284 -0.7072118 0.2178975 0.6725861 -0.7072091 0.2179047 0.6725866 -0.5729318 0.6122512 0.5448831 -0.5729346 0.6122417 0.5448908 -0.3591577 0.8904353 0.2795188 -0.3448946 0.8904354 0.2969387 -0.3448881 0.8904417 0.2969276 -0.7396222 0.2178691 0.6367826 -0.599187 0.6122403 0.5158845 -0.7396103 0.2179007 0.6367855 -0.5991731 0.6122817 0.5158514 -0.3591569 0.8904357 0.2795185 -0.7702073 0.217905 0.5994148 -0.7702197 0.2178714 0.5994112 -0.6239549 0.6122822 0.485583 -0.6239687 0.6122454 0.4856117 -0.3850018 0.890444 0.2426583 -0.3725361 0.8904437 0.2613944 -0.3725461 0.8904353 0.2614084 -0.6472245 0.6122458 0.4541537 -0.7989303 0.2178482 0.5605823 -0.6472167 0.6122647 0.4541393 -0.7989088 0.2179076 0.5605898 -0.3850075 0.8904412 0.2426596 -0.6688825 0.6122645 0.4215783 -0.8256769 0.2178493 0.520384 -0.6689092 0.6122336 0.421581 -0.8256733 0.2178591 0.5203854 -0.396547 0.8904375 0.2233193 -0.3965421 0.8904411 0.2233137 -0.6889411 0.6122327 0.3879835 -0.6889364 0.6122427 0.3879764 -0.8504004 0.2178619 0.4789107 -0.8504139 0.2178228 0.4789044 -0.7072911 0.6122415 0.3534114 -0.4071126 0.8904375 0.2034215 -0.4166732 0.8904361 0.1830491 -0.407115 0.8904359 0.203424 -0.707234 0.6123074 0.3534114 -0.8730515 0.2178254 0.4362719 -0.8730507 0.2178276 0.4362724 -0.7238522 0.6123075 0.3179896 -0.4166835 0.8904311 0.1830499 -0.4252286 0.8904309 0.1622142 -0.4252107 0.8904396 0.1622137 -0.7387537 0.6122225 0.2818273 -0.8935587 0.2178568 0.3925446 -0.8935677 0.2178293 0.3925393 -0.7238633 0.6122947 0.3179891 -0.7387116 0.6122943 0.2817815 -0.9118903 0.21786 0.3478405 -0.05344638 0.890433 0.4519654 -0.1146308 0.21786 0.9692248 -0.9118785 0.2178898 0.3478527 -0.09286259 0.6122504 0.7851917 -0.05345058 0.8904421 0.4519466 -0.09285928 0.6122397 0.7852004 -0.1146218 0.2178857 0.9692201 -0.07573852 0.8904395 0.4487551 -0.07573637 0.8904417 0.4487512 -0.162421 0.2178835 0.9623649 -0.1315829 0.6122415 0.7796449 -0.1624232 0.2178909 0.9623629 -0.1315814 0.6122442 0.7796431 -0.09784974 0.8904324 0.4444723 -0.09784178 0.8904396 0.4444595 -0.1699813 0.6122668 0.7721629 -0.2098212 0.2178432 0.9531629 -0.1699935 0.6122451 0.7721775 -0.2098341 0.2178907 0.9531491 -0.1197091 0.8904319 0.4390908 -0.1197091 0.8904319 0.4390908 -0.2567142 0.2178422 0.941617 -0.2079658 0.6122673 0.7628099 -0.256713 0.2178376 0.9416184 -0.2079639 0.6122704 0.7628079 -0.141286 0.8904335 0.4326272 -0.1412883 0.8904318 0.4326302 -0.3029751 0.2178374 0.9277677 -0.3029792 0.2178539 0.9277626 -0.245441 0.6122708 0.7515871 -0.2454591 0.6122418 0.7516049 -0.1625076 0.8904338 0.4251106 -0.1625087 0.8904329 0.4251119 -0.3484952 0.2178529 0.911642 -0.3485013 0.2178797 0.9116333 -0.2823258 0.6122422 0.738547 -0.2823267 0.6122409 0.7385477 -0.1833301 0.8904405 0.4165402 -0.1833396 0.8904338 0.4165503 -0.318518 0.6122403 0.7236767 -0.3931665 0.2178822 0.893279 -0.3931633 0.2178666 0.8932843 -0.3185173 0.6122414 0.7236761 -0.2037187 0.8904368 0.4069655 -0.2037129 0.8904407 0.4069599 -0.4368716 0.2179081 0.8727309 -0.4368636 0.2178661 0.8727455 -0.3539281 0.6122255 0.7070466 -0.3539168 0.6122414 0.7070384 -0.2235901 0.8904379 0.3963935 -0.2235915 0.890437 0.3963948 -0.3884425 0.6122677 0.6886514 -0.4795072 0.2179102 0.8500517 -0.4794983 0.2178589 0.85007 -0.3884744 0.612224 0.6886722 -0.2429293 0.8904376 0.3848458 -0.2429316 0.8904362 0.3848476 -0.5209622 0.2178563 0.8253102 -0.4220352 0.6122698 0.6685896 -0.5209653 0.217876 0.8253031 -0.4220414 0.6122614 0.6685933 -0.2616577 0.8904439 0.3723506 -0.2616708 0.8904361 0.37236 -0.5611393 0.2178751 0.7985318 -0.454589 0.6122614 0.6469041 -0.4546108 0.6122332 0.6469154 -0.5611396 0.2178769 0.7985312 -0.2797696 0.8904353 0.3589621 -0.2797549 0.8904437 0.3589527 -0.5999574 0.2178835 0.7697908 -0.4860488 0.6122332 0.6236402 -0.4860396 0.6122447 0.6236359 -0.5999566 0.217877 0.7697932 -0.2971822 0.8904353 0.3446848 -0.297182 0.8904355 0.3446848 -0.5162987 0.6122442 0.5988261 -0.6373 0.2178842 0.739172 -0.6372979 0.2178642 0.7391797 -0.5162996 0.6122398 0.5988298 -0.3138841 0.8904241 0.329578 -0.3138637 0.8904351 0.3295676 -0.5452823 0.6122388 0.572565 -0.6730906 0.2178496 0.7067465 -0.6730918 0.217864 0.7067409 -0.5452727 0.6122783 0.5725319 -0.3297715 0.8904414 0.3136317 -0.3298051 0.8904237 0.3136467 -0.5729263 0.6122801 0.5448565 -0.7072181 0.2179022 0.6725781 -0.7072146 0.2178489 0.672599 -0.5729402 0.6122312 0.5448968 -0.3448946 0.8904354 0.2969387 -0.3448824 0.8904417 0.2969339 -0.739624 0.2179052 0.6367682 -0.739621 0.2178377 0.6367947 -0.5992049 0.6122295 0.5158765 -0.5991697 0.612271 0.5158681 -0.3591436 0.8904444 0.2795078 -0.3591617 0.8904353 0.2795138 -0.770218 0.2178439 0.5994233 -0.6239719 0.6122518 0.4855995 -0.7702177 0.217836 0.5994264 -0.6239548 0.6122717 0.4855964 -0.3725598 0.8904288 0.261411 -0.3725274 0.8904451 0.261402 -0.7989198 0.2178528 0.5605956 -0.6472179 0.6122539 0.4541519 -0.7989197 0.217844 0.560599 -0.6472206 0.6122509 0.4541523 -0.3850302 0.8904286 0.2426699 -0.3850145 0.8904364 0.2426663 -0.8256761 0.2178539 0.5203831 -0.6688961 0.6122537 0.4215725 -0.6688827 0.6122692 0.4215713 -0.8256756 0.217886 0.5203704 -0.4071121 0.8904375 0.2034225 -0.396547 0.8904375 0.2233193 -0.3965488 0.8904367 0.2233196 -0.6889185 0.6122698 0.3879654 -0.8503982 0.2178869 0.4789029 -0.6889098 0.6122797 0.3879651 -0.8503989 0.2178683 0.4789103 -0.4166667 0.8904397 0.1830462 -0.4071086 0.89044 0.2034189 -0.707257 0.6122801 0.3534131 -0.873048 0.2178671 0.4362581 -0.7072954 0.612236 0.3534125 -0.8730489 0.217851 0.4362645 -0.4252036 0.8904446 0.1622047 -0.4252115 0.8904396 0.1622114 -0.4166602 0.8904441 0.1830401 -0.7239024 0.612236 0.3180134 -0.8935601 0.2178509 0.3925447 -0.7387357 0.6122534 0.2818071 -0.7387477 0.6122329 0.2818205 -0.8935581 0.2178783 0.392534 -0.7239041 0.6122339 0.3180133 -0.9118795 0.2178796 0.3478566 -0.4317732 0.8904648 0.1436817 -0.430411 0.8909802 0.1445706 -0.9288726 0.2371692 0.2845109 -0.9260286 0.217919 0.308192 -0.7501661 0.6123064 0.2496631 -0.7501889 0.6122873 0.2496413 -0.4620979 0.8798338 0.1111668 -0.4365243 0.8909681 0.1249893 -0.7601336 0.6122419 0.2176158 -0.7601047 0.6122695 0.2176396 -0.9382766 0.2179049 0.2686156 -0.4431852 0.8913258 0.09552574 -0.9540893 0.2177366 0.2056803 -0.7730859 0.6120223 0.1666337 -0.9540848 0.2177785 0.2056569 -0.7730748 0.6120349 0.1666395 -0.4751791 0.8788317 0.04312127 -0.4444432 0.8939961 0.05693007 -0.9680995 0.2177445 0.1239781 -0.9681009 0.2177357 0.1239829 -0.7844334 0.6120227 0.100461 -0.7844076 0.6120532 0.1004772 -0.4543217 0.8908279 0.004174681 -0.4549969 0.8904759 0.005518482 -0.4537967 0.8907626 0.02471285 -0.7905229 0.6123593 0.009468072 -0.9758964 0.2179209 0.0116883 -0.9714098 0.2337918 0.04128454 -0.9745374 0.2178365 0.05314228 -0.7905627 0.612306 0.009588463 -0.7895135 0.6122212 0.04305279 -0.7895669 0.6121562 0.04299822 -0.9759053 0.2181917 0.001115499 -0.9759642 0.2179312 0.0002227829 -0.4536947 0.8911474 0.004171308 -0.4537646 0.8911098 0.004570813 -0.4550031 0.8904878 -0.001890582 -0.4541837 0.8909037 0.00278159 -0.7900503 0.6130339 0.003170627 -0.9759059 0.2181892 0.00112848 -0.7900471 0.613038 0.003144427 -0.7905499 0.6123972 -0.0007588264 -0.9759056 0.2181924 0.0006693017 -0.7900535 0.6130349 0.001914064 -0.9759059 0.2181911 0.0006623745 -0.7900519 0.6130307 0.003378541 -0.7900471 0.6130433 0.001861049 -0.9759049 0.2181903 0.001603433 -0.4535621 0.8905186 0.03546899 -0.7886004 0.6115333 0.0643151 -0.7347819 0.6129801 0.2904325 -0.4395007 0.8920072 0.1056518 -0.4363801 0.8988844 0.03973936 -0.9732996 0.2171563 0.07437194 -0.977003 0.1975108 0.08034089 -0.9431892 0.2352894 0.2345911 -0.740435 0.6072837 0.2880324 -0.7855962 0.6155702 0.06254611 -0.9225998 0.2179299 0.318302 -0.4282151 0.8904937 0.1537948 -0.7490965 0.6123005 0.2528689 -0.4264138 0.893119 0.1432121 -0.6985416 0.3546597 -0.621495 -0.8933243 0.4491495 0.01537527 -0.4550039 0.8904895 0 -0.4550039 0.8904895 0 -0.7905501 0.6123974 0 -0.7905501 0.6123974 0 -0.9759642 0.2179312 0 -0.9759641 0.2179312 0 -0.9759631 0.2179358 0 -0.7905583 0.6123868 0 -0.9759631 0.2179358 0 -0.4550039 0.8904895 0 -0.7905583 0.6123868 0 -0.4550039 0.8904895 0 -0.9260136 0.2179192 -0.3082371 -0.7501537 0.6123068 -0.2496996 -0.928862 0.2372065 -0.2845143 -0.4304121 0.8909773 -0.1445854 -0.4317584 0.8904678 -0.1437071 -0.7501672 0.6122955 -0.2496867 -0.9382853 0.2179051 -0.2685854 -0.4620774 0.8798455 -0.1111599 -0.7601253 0.6122625 -0.2175869 -0.7601312 0.6122493 -0.2176039 -0.4365359 0.8909654 -0.1249678 -0.9540902 0.2177366 -0.2056758 -0.9540858 0.2177785 -0.2056525 -0.7730809 0.612029 -0.1666327 -0.7730851 0.6120223 -0.1666379 -0.4431708 0.8913333 -0.09552265 -0.9680995 0.2177445 -0.1239781 -0.9681009 0.2177357 -0.1239829 -0.4751774 0.8788329 -0.04311837 -0.4444346 0.8940005 -0.05692898 -0.7844307 0.6120231 -0.1004801 -0.7844097 0.6120536 -0.1004579 -0.9714102 0.2337901 -0.04128455 -0.9758964 0.2179209 -0.01168924 -0.9745376 0.2178365 -0.05314063 -0.790522 0.6123586 -0.009589451 -0.454997 0.8904759 -0.005519349 -0.4543216 0.890828 -0.00417499 -0.790565 0.6123049 -0.009469336 -0.4537957 0.890763 -0.02471129 -0.7895175 0.6122203 -0.04299294 -0.7895656 0.6121539 -0.04305429 -0.9226035 0.2179435 -0.3182818 -0.7988418 0.5018542 0.3316534 -0.4271303 0.8927351 -0.1434699 -0.7500024 0.6122704 -0.2502427 -0.4259664 0.8904598 -0.1601059 -0.8676931 0.493936 0.05599878 -0.4534748 0.8903151 -0.04122718 -0.9728772 0.2170267 -0.08005832 -0.7881917 0.6111671 -0.07230885 -0.4260852 0.8988718 -0.1023764 -0.7262733 0.6123076 -0.3124205 -0.4504929 0.8918843 -0.03998359 -0.9513 0.1974704 -0.2367146 -0.7320474 0.6068006 -0.3096766 -0.7851086 0.6153152 -0.07065228 -0.9684997 0.2342292 -0.08452883 -0.9759642 0.217931 -0.000222631 -0.9759052 0.2181917 -0.001114233 -0.455003 0.8904878 0.001894808 -0.4536954 0.8911471 -0.004171621 -0.4537645 0.8911099 -0.004565723 -0.4541854 0.8909028 -0.00277849 -0.7905498 0.6123972 0.000760537 -0.7900519 0.6130307 -0.003386094 -0.9759049 0.2181903 -0.001607048 -0.7900503 0.6130339 -0.003167066 -0.9759058 0.218191 -0.0006685381 -0.7900471 0.6130381 -0.003140925 -0.7900472 0.6130431 -0.001911958 -0.7900535 0.6130351 -0.001858934 -0.9759055 0.2181924 -0.0006616345 -0.9759058 0.2181892 -0.001127213 -0.9118753 0.2178851 -0.3478642 -0.1146156 0.217795 -0.9692413 -0.4252099 0.8904396 -0.1622158 -0.4252346 0.8904276 -0.1622165 -0.7387691 0.612213 -0.2818074 -0.9118988 0.2178118 -0.3478487 -0.7387071 0.612285 -0.2818136 -0.4166722 0.8904362 -0.1830513 -0.4166901 0.8904275 -0.1830528 -0.8935683 0.2178461 -0.3925287 -0.7238711 0.6122838 -0.3179925 -0.72386 0.6122966 -0.3179931 -0.8935708 0.2178141 -0.3925407 -0.4071155 0.8904359 -0.203423 -0.4071121 0.8904375 -0.2034225 -0.8730463 0.2178625 -0.4362638 -0.7072996 0.6122293 -0.3534157 -0.8730472 0.2178464 -0.4362698 -0.7072425 0.6122952 -0.3534157 -0.3965482 0.8904375 -0.2233171 -0.39655 0.8904366 -0.2233175 -0.8504024 0.2178823 -0.4788978 -0.8504031 0.2178638 -0.4789049 -0.6889431 0.6122327 -0.3879802 -0.6889461 0.6122292 -0.3879803 -0.385 0.890444 -0.2426611 -0.3850155 0.8904364 -0.2426647 -0.8256715 0.2178494 -0.5203924 -0.6689092 0.6122336 -0.421581 -0.6688826 0.6122645 -0.4215784 -0.8256708 0.2178812 -0.5203802 -0.3725578 0.8904301 -0.2614096 -0.3725309 0.8904435 -0.261402 -0.7989196 0.2179075 -0.5605747 -0.6472152 0.6122615 -0.4541458 -0.7989197 0.2178481 -0.5605974 -0.6472125 0.6122646 -0.4541453 -0.3591356 0.8904496 -0.2795016 -0.3591735 0.8904303 -0.2795144 -0.7702087 0.2178971 -0.599416 -0.7702088 0.2179049 -0.5994129 -0.6239631 0.6122623 -0.4855975 -0.6239972 0.612222 -0.4856043 -0.3448853 0.8904417 -0.2969308 -0.3448709 0.890449 -0.2969251 -0.7396168 0.2179006 -0.6367781 -0.7396166 0.2178963 -0.6367797 -0.599202 0.6122224 -0.5158884 -0.5991868 0.6122403 -0.5158846 -0.3297809 0.8904369 -0.3136346 -0.3297723 0.8904414 -0.3136307 -0.7072106 0.2179047 -0.6725851 -0.572937 0.6122419 -0.5448881 -0.7072103 0.2178974 -0.6725878 -0.5729293 0.6122513 -0.5448857 -0.3138491 0.8904477 -0.3295478 -0.3138693 0.8904367 -0.3295582 -0.6730775 0.2178594 -0.7067559 -0.5453007 0.6122293 -0.5725577 -0.545283 0.6122512 -0.5725513 -0.6730805 0.2179025 -0.7067397 -0.297182 0.8904354 -0.3446847 -0.2971612 0.8904471 -0.3446727 -0.6373035 0.2178795 -0.7391703 -0.5163032 0.6122296 -0.5988371 -0.516283 0.612255 -0.5988286 -0.6373017 0.2178596 -0.7391778 -0.2797702 0.8904353 -0.3589616 -0.2797682 0.8904366 -0.3589603 -0.4860436 0.6122555 -0.6236224 -0.5999615 0.2179052 -0.7697815 -0.5999587 0.2178789 -0.7697911 -0.4860456 0.6122438 -0.6236323 -0.2616663 0.8904362 -0.372363 -0.2616659 0.8904365 -0.3723626 -0.5611487 0.2179047 -0.7985172 -0.5611446 0.2178722 -0.798529 -0.5209563 0.2178713 -0.8253101 -0.454607 0.6122438 -0.6469079 -0.4545856 0.612272 -0.6468964 -0.242928 0.8904361 -0.3848499 -0.2429381 0.8904299 -0.384858 -0.4220323 0.612272 -0.6685894 -0.5209773 0.2178163 -0.8253112 -0.4220296 0.6123034 -0.6685623 -0.2235957 0.8904369 -0.3963926 -0.2236063 0.8904302 -0.3964019 -0.4795068 0.2178646 -0.8500637 -0.4794992 0.2178179 -0.8500799 -0.38843 0.6123021 -0.6886279 -0.3884591 0.6122615 -0.6886475 -0.2037103 0.8904408 -0.4069611 -0.2037162 0.8904368 -0.4069669 -0.4368657 0.2178614 -0.8727455 -0.3931555 0.2178619 -0.8932888 -0.4368666 0.2178661 -0.8727439 -0.3539126 0.6122606 -0.7070239 -0.3539186 0.6122519 -0.7070283 -0.1833406 0.8904339 -0.4165499 -0.1833311 0.8904405 -0.4165397 -0.3931622 0.217844 -0.8932902 -0.3185081 0.612252 -0.7236713 -0.3185088 0.612251 -0.7236718 -0.2823197 0.6122514 -0.7385417 -0.1624982 0.8904395 -0.4251022 -0.1625058 0.8904337 -0.4251113 -0.3485041 0.2178482 -0.9116398 -0.3485034 0.2178452 -0.9116407 -0.282322 0.6122783 -0.7385185 -0.1412834 0.8904392 -0.4326165 -0.2454496 0.6122784 -0.7515782 -0.1412819 0.8904403 -0.4326145 -0.3029819 0.2178723 -0.9277573 -0.3029767 0.2178492 -0.9277644 -0.2454466 0.6122553 -0.7515979 -0.1197078 0.8904407 -0.4390734 -0.1197125 0.8904366 -0.4390803 -0.2567162 0.2178732 -0.9416093 -0.2567173 0.2178777 -0.941608 -0.2079715 0.6122547 -0.7628186 -0.2079733 0.6122514 -0.7628205 -0.09784446 0.8904362 -0.4444658 -0.09784076 0.8904397 -0.4444597 -0.169988 0.6122509 -0.7721742 -0.1699853 0.6122558 -0.7721708 -0.209829 0.2178793 -0.9531528 -0.2098203 0.2178454 -0.9531626 -0.1624237 0.2178451 -0.9623731 -0.1315782 0.6122549 -0.7796353 -0.07573601 0.8904395 -0.4487556 -0.05345197 0.8904353 -0.4519601 -0.07573976 0.8904358 -0.4487624 -0.05345002 0.8904309 -0.4519689 -0.131582 0.6122699 -0.7796228 -0.1624262 0.2178377 -0.9623743 -0.09286151 0.6122711 -0.7851756 -0.09285427 0.6122464 -0.7851958 -0.1146283 0.2178397 -0.9692297 -0.9118785 0.2178898 -0.3478527 -0.05345045 0.8904418 -0.4519473 -0.4251977 0.8904479 -0.1622024 -0.4252056 0.8904428 -0.1622091 -0.7387477 0.6122329 -0.2818205 -0.7387357 0.6122534 -0.2818071 -0.9118795 0.2178796 -0.3478566 -0.4166657 0.8904397 -0.1830485 -0.4166536 0.8904477 -0.1830372 -0.7239038 0.6122339 -0.318014 -0.8935637 0.2178508 -0.3925365 -0.7239027 0.612236 -0.3180127 -0.8935544 0.2178782 -0.3925422 -0.4071121 0.8904375 -0.2034225 -0.4071086 0.89044 -0.2034189 -0.707265 0.6122798 -0.3533973 -0.7072876 0.6122357 -0.3534284 -0.8730521 0.2178485 -0.4362592 -0.8730512 0.217851 -0.4362597 -0.3965424 0.890441 -0.2233132 -0.3965473 0.8904375 -0.2233188 -0.6889117 0.6122798 -0.3879615 -0.850392 0.217887 -0.4789141 -0.6889164 0.6122698 -0.3879688 -0.8504059 0.2178478 -0.4789072 -0.3850254 0.8904287 -0.2426771 -0.3850093 0.8904412 -0.2426567 -0.8256817 0.2178539 -0.5203743 -0.8256701 0.217886 -0.5203794 -0.6688859 0.6122693 -0.421566 -0.6688927 0.6122538 -0.4215777 -0.3725341 0.8904449 -0.261393 -0.3725536 0.8904287 -0.2614203 -0.7989181 0.2178528 -0.5605978 -0.7989214 0.217844 -0.5605966 -0.6472186 0.612254 -0.4541509 -0.6472198 0.612251 -0.4541533 -0.3591577 0.8904353 -0.2795188 -0.3591474 0.8904445 -0.2795027 -0.7702164 0.2178439 -0.5994253 -0.7702194 0.217836 -0.5994244 -0.623967 0.6122517 -0.4856059 -0.6239598 0.6122715 -0.4855901 -0.3448853 0.8904417 -0.2969307 -0.3448918 0.8904353 -0.296942 -0.7396049 0.2179325 -0.636781 -0.7396412 0.2178379 -0.6367712 -0.5991851 0.6122712 -0.5158499 -0.5992044 0.6122119 -0.515898 -0.3297907 0.89043 -0.3136439 -0.3297798 0.8904416 -0.3136226 -0.7071949 0.2179308 -0.6725931 -0.5729263 0.6122801 -0.5448565 -0.7072266 0.2178489 -0.6725863 -0.5729456 0.6122122 -0.5449125 -0.3138698 0.8904306 -0.329574 -0.313866 0.8904351 -0.3295655 -0.673094 0.2178496 -0.7067433 -0.5452824 0.6122388 -0.5725651 -0.6730884 0.217864 -0.7067442 -0.5452728 0.6122783 -0.572532 -0.2971821 0.8904354 -0.3446847 -0.2971821 0.8904353 -0.3446849 -0.5999574 0.2178835 -0.7697908 -0.637295 0.2178842 -0.7391763 -0.5162997 0.6122398 -0.5988298 -0.6373029 0.2178642 -0.7391754 -0.5162987 0.6122443 -0.598826 -0.2797652 0.8904353 -0.3589658 -0.2797596 0.8904437 -0.3589493 -0.4860396 0.6122447 -0.6236359 -0.5611393 0.217875 -0.7985318 -0.5999566 0.217877 -0.7697932 -0.4860488 0.6122332 -0.6236402 -0.261662 0.8904439 -0.3723474 -0.2616663 0.8904362 -0.3723629 -0.4545983 0.6122614 -0.6468976 -0.5209751 0.217876 -0.8252969 -0.5611396 0.2178769 -0.7985312 -0.4546016 0.6122332 -0.646922 -0.2429301 0.8904375 -0.3848453 -0.2429308 0.8904361 -0.3848481 -0.4220386 0.6122615 -0.6685951 -0.5209664 0.217821 -0.8253168 -0.422038 0.6122697 -0.6685879 -0.2235881 0.8904449 -0.3963791 -0.2235906 0.8904379 -0.3963932 -0.3884425 0.6122676 -0.6886514 -0.4794822 0.2179104 -0.8500658 -0.4795169 0.2178226 -0.8500687 -0.3884744 0.612224 -0.6886722 -0.2037103 0.8904408 -0.4069611 -0.2037093 0.8904449 -0.4069526 -0.3539226 0.6122414 -0.7070355 -0.4368758 0.217866 -0.8727393 -0.3539224 0.6122255 -0.7070495 -0.4368594 0.217908 -0.8727371 -0.183334 0.8904421 -0.416535 -0.1833343 0.8904406 -0.4165383 -0.3185176 0.6122404 -0.7236769 -0.3931619 0.2178822 -0.893281 -0.3185177 0.6122415 -0.723676 -0.393168 0.2178666 -0.8932822 -0.1625027 0.890433 -0.4251141 -0.1625022 0.8904423 -0.4250949 -0.2823263 0.6122422 -0.7385468 -0.3485034 0.2178529 -0.9116389 -0.2823262 0.6122409 -0.738548 -0.3484931 0.2178797 -0.9116365 -0.1412871 0.8904318 -0.4326306 -0.1412872 0.8904335 -0.4326268 -0.245448 0.6122416 -0.7516086 -0.3029741 0.2178539 -0.9277642 -0.2454521 0.6122707 -0.7515836 -0.3029803 0.2178373 -0.9277661 -0.1197104 0.8904406 -0.4390728 -0.1197091 0.8904319 -0.4390908 -0.2079754 0.6122706 -0.7628047 -0.2567271 0.2178377 -0.9416145 -0.2079699 0.6122409 -0.76283 -0.2567104 0.2178824 -0.9416087 -0.09784076 0.8904397 -0.4444597 -0.09784114 0.8904412 -0.4444566 -0.1699838 0.6122401 -0.7721836 -0.2098214 0.2178839 -0.9531535 -0.2098189 0.2178907 -0.9531525 -0.1699849 0.6122452 -0.7721794 -0.07573782 0.8904416 -0.448751 -0.07573707 0.8904396 -0.4487554 -0.05345057 0.8904421 -0.4519466 -0.1315825 0.6122443 -0.7796428 -0.1146225 0.2178601 -0.9692258 -0.1624208 0.2178909 -0.9623632 -0.09285829 0.6122505 -0.7851921 -0.1146177 0.2178443 -0.9692299 -0.09286357 0.6122397 -0.7851998 -0.1624383 0.2178423 -0.9623712 -0.1315818 0.6122415 -0.7796451 -0.00110781 0.8904979 -0.4549859 -0.0151138 0.2179109 -0.9758517 -0.01513687 0.2179271 -0.9758476 -0.04535203 0.2178918 -0.9749186 -0.04540132 0.2179265 -0.9749086 -0.0206229 0.887197 -0.4609298 -0.01225649 0.6123134 -0.7905201 -0.01224351 0.6123059 -0.7905262 -0.0070409 0.8909097 -0.454126 -0.0754701 0.2202227 -0.9725257 -0.0857814 0.2179189 -0.9721897 -0.07060841 0.217905 -0.9734125 -0.03677802 0.6123391 -0.7897393 -0.02138771 0.8876755 -0.4599726 -0.03672244 0.6123065 -0.7897672 -0.06946128 0.6123639 -0.7875187 -0.03997625 0.8904958 -0.4532318 -0.0403106 0.8905335 -0.4531282 -0.03294539 0.8905262 -0.4537374 -0.06948707 0.6123591 -0.7875201 -0.05719693 0.6123425 -0.7885209 -0.05725218 0.6123645 -0.7884997 0 0.2179312 -0.9759641 -0.001462287 0.8905329 -0.4549165 -0.001107562 0.890542 -0.4548996 0.0007070704 0.8904892 -0.4550037 -0.0007323389 0.8905241 -0.4549354 -0.0003650198 0.2179168 -0.9759672 -0.0003607892 0.2179166 -0.9759674 -0.001013956 0.6124295 -0.7905246 -0.001005919 0.6124299 -0.7905243 -0.0001820586 0.2179171 -0.9759673 0.000760393 0.6123698 -0.790571 -0.0005037875 0.6124306 -0.7905241 -0.0005078196 0.6124305 -0.7905244 -0.0001806941 0.217917 -0.9759672 -0.00069035 0.6124305 -0.7905241 0.0002705927 0.2179174 -0.9759672 -0.04351635 0.2176402 -0.9750585 -0.02697711 0.61218 -0.7902582 -0.01104326 0.890476 -0.4548959 -0.5906155 0.5186722 -0.6181849 -0.01986361 0.8958321 -0.4439486 -0.1642516 0.457222 -0.8740535 -0.08888261 0.2178583 -0.9719247 -0.06300106 0.8902934 -0.4510083 -0.04961418 0.6121878 -0.7891543 -0.0400121 0.8922299 -0.4498055 0.9638791 0.1166471 -0.2394379 0.6698008 0.3209258 -0.669607 0 0.8904894 -0.4550039 0 0.8904894 -0.4550039 -1.559262e-07 0.6123868 -0.7905583 0 0.61237 -0.7905713 0 0.2178942 -0.9759724 -2.791596e-07 0.2179312 -0.9759641 0 0.2179358 -0.9759631 0 0.6123594 -0.7905794 0 0.2179358 -0.9759631 0 0.8904986 -0.4549862 0 0.6123594 -0.7905794 0 0.8904986 -0.4549862 0.0857816 0.2179116 -0.9721913 0.06948633 0.6123687 -0.7875127 0.07547022 0.2202163 -0.9725271 0.0706211 0.2179049 -0.9734116 0.0403106 0.8905335 -0.4531283 0.03996192 0.8904942 -0.4532363 0.06943608 0.6123592 -0.7875245 0.04535168 0.2179266 -0.9749109 0.04540168 0.217892 -0.9749163 0.05720617 0.6123608 -0.788506 0.03294539 0.8905262 -0.4537374 0.05725341 0.6123428 -0.7885166 0.01513078 0.2196779 -0.9754551 0.003117217 0.2179348 -0.9759583 0.01830174 0.2179364 -0.9757914 0.02062297 0.8871961 -0.4609314 0.03672573 0.6123362 -0.789744 0.02139019 0.8876761 -0.4599713 0.03677921 0.612306 -0.7897649 0.002459368 0.6123576 -0.7905771 0.001415397 0.8904977 -0.4549857 0.001108353 0.8905196 -0.4549436 0.008551801 0.8905071 -0.454889 0.01482563 0.6123393 -0.7904561 0.002525052 0.6123655 -0.7905707 0.01486065 0.6123234 -0.7904676 0.08878637 0.2179091 -0.9719221 -0.9013119 0.2228967 -0.3714212 0.04001655 0.8922039 -0.4498565 0.02845885 0.6117589 -0.7905322 0.084881 0.8896715 -0.4486421 -0.7460583 0.3179895 -0.5850466 0.04351635 0.2176402 -0.9750585 0.001922736 0.890532 -0.4549165 0.01848223 0.6123071 -0.790404 0.01986851 0.8957776 -0.4440582 0.3518401 0.5872517 -0.7289334 0.1913046 0.5092998 -0.8390568 0.0004959606 0.8904893 -0.4550038 0.001108237 0.8905334 -0.4549165 0.0003875539 0.6123867 -0.7905582 0.0007336886 0.61243 -0.7905245 0.0001824909 0.2178942 -0.9759724 0.0003297599 0.2179167 -0.9759673 0.4252127 0.8904397 -0.1622082 0.9118878 0.2178462 -0.347856 0.0534509 0.890433 -0.4519649 0.05345101 0.8904331 -0.4519644 0.1146183 0.2178494 -0.9692286 0.1146196 0.2178456 -0.9692294 0.09285469 0.6122611 -0.7851842 0.0928576 0.612271 -0.7851762 0.0757395 0.8904365 -0.4487609 0.0757382 0.8904327 -0.4487686 0.1624279 0.2178452 -0.9623724 0.131582 0.6122699 -0.7796228 0.1315782 0.6122549 -0.7796353 0.1624257 0.2178516 -0.9623713 0.09784467 0.8904357 -0.4444667 0.09784386 0.8904324 -0.4444738 0.2098187 0.2178792 -0.9531551 0.1699861 0.6122508 -0.7721747 0.1699872 0.6122558 -0.7721705 0.2098306 0.2178454 -0.9531602 0.1197091 0.8904319 -0.4390908 0.1197111 0.8904455 -0.4390627 0.2567097 0.2178951 -0.941606 0.2079702 0.6122402 -0.7628305 0.2079721 0.6122515 -0.762821 0.2567159 0.2178777 -0.9416083 0.1412738 0.8904477 -0.432602 0.1412737 0.8904461 -0.4326056 0.3029836 0.2178493 -0.9277622 0.3029656 0.2178982 -0.9277565 0.2454445 0.6122384 -0.7516124 0.2454462 0.6122522 -0.7516006 0.1625063 0.8904337 -0.4251111 0.1625054 0.8904478 -0.425082 0.3485043 0.2178453 -0.9116404 0.3485032 0.2178482 -0.9116401 0.2823291 0.6122527 -0.738537 0.2823307 0.6122711 -0.7385211 0.1833364 0.8904338 -0.4165516 0.1833365 0.8904333 -0.416553 0.3931525 0.2178955 -0.8932819 0.3931718 0.217844 -0.8932859 0.3185085 0.6122521 -0.7236711 0.3185094 0.6122729 -0.723653 0.2037138 0.8904368 -0.4069681 0.2037149 0.8904326 -0.4069765 0.4368616 0.2179034 -0.8727371 0.3539157 0.612236 -0.7070437 0.4368633 0.2178988 -0.8727374 0.3539156 0.612252 -0.7070298 0.2235914 0.8904469 -0.3963725 0.2235951 0.8904369 -0.3963929 0.4795074 0.2178589 -0.8500648 0.3884548 0.6122515 -0.6886588 0.4794896 0.2179056 -0.8500629 0.3884556 0.6122348 -0.6886733 0.242926 0.8904361 -0.3848513 0.2429208 0.8904473 -0.3848288 0.4220485 0.612251 -0.6685983 0.5209733 0.2178269 -0.8253111 0.422033 0.612272 -0.6685889 0.5209602 0.2178609 -0.8253102 0.2797682 0.8904366 -0.3589603 0.2616717 0.8904365 -0.3723582 0.261672 0.8904362 -0.3723592 0.4545975 0.6122718 -0.6468883 0.4545982 0.6122662 -0.6468929 0.5611448 0.2178705 -0.7985293 0.5611626 0.2178242 -0.7985294 0.2797579 0.8904425 -0.3589536 0.5999766 0.2177948 -0.7698009 0.486025 0.6122655 -0.6236269 0.5999469 0.2178725 -0.7698021 0.486021 0.6122891 -0.623607 0.2971762 0.8904353 -0.3446903 0.516271 0.6122906 -0.5988024 0.2971708 0.8904424 -0.3446767 0.6372982 0.2178279 -0.7391901 0.6373113 0.2177935 -0.739189 0.5162747 0.6122861 -0.598804 0.3138653 0.8904352 -0.3295662 0.313864 0.8904366 -0.3295634 0.6730986 0.2178292 -0.7067451 0.6730926 0.2178449 -0.706746 0.5452784 0.612251 -0.5725557 0.5452694 0.612287 -0.572526 0.3297805 0.8904415 -0.3136218 0.329785 0.8904368 -0.3136305 0.7072216 0.2178371 -0.6725954 0.7072189 0.2178442 -0.672596 0.5729318 0.6122512 -0.5448831 0.5729228 0.6122816 -0.5448584 0.3448819 0.8904417 -0.2969345 0.3448886 0.8904353 -0.296946 0.7396222 0.2178691 -0.6367826 0.599187 0.61224 -0.5158847 0.5991732 0.6122816 -0.5158516 0.739634 0.2178374 -0.6367798 0.3591518 0.890443 -0.2795018 0.3591606 0.8904352 -0.2795152 0.7702188 0.2178393 -0.5994238 0.770207 0.2178716 -0.5994273 0.623971 0.6122392 -0.4856166 0.6239606 0.6122671 -0.4855947 0.3725322 0.8904428 -0.2614029 0.3725339 0.8904413 -0.2614053 0.7989242 0.2178481 -0.560591 0.6472232 0.612249 -0.4541513 0.6472153 0.612268 -0.4541368 0.7989274 0.2178393 -0.5605898 0.3850122 0.890441 -0.2426526 0.3850182 0.8904364 -0.2426601 0.6688987 0.6122497 -0.4215744 0.8256655 0.2178813 -0.5203886 0.6688954 0.6122568 -0.4215691 0.8256769 0.2178493 -0.520384 0.3965497 0.8904366 -0.223318 0.3965484 0.8904376 -0.2233166 0.6889202 0.6122665 -0.3879673 0.8503963 0.2178824 -0.4789084 0.8503974 0.2178795 -0.478908 0.6889251 0.6122566 -0.3879744 0.4071075 0.8904377 -0.2034312 0.4071102 0.8904358 -0.203434 0.7072708 0.6122586 -0.3534226 0.8730456 0.2178811 -0.436256 0.873051 0.217865 -0.4362531 0.7072668 0.6122662 -0.3534173 0.416677 0.8904361 -0.1830409 0.4166773 0.8904358 -0.1830412 0.7238917 0.6122574 -0.3179964 0.4252182 0.8904362 -0.1622128 0.8935579 0.2178736 -0.3925371 0.8935599 0.2178676 -0.3925359 0.7387222 0.612269 -0.2818087 0.7387266 0.612264 -0.2818083 0.7238811 0.6122697 -0.3179969 0.9118785 0.217875 -0.347862 0.05344949 0.8904397 -0.4519516 0.9118821 0.2178508 -0.3478677 0.05345155 0.8904443 -0.4519423 0.09286671 0.6122333 -0.7852045 0.1146207 0.2178541 -0.9692274 0.1146195 0.2178503 -0.9692283 0.09285513 0.612257 -0.7851875 0.07573852 0.8904395 -0.4487551 0.07573332 0.8904448 -0.4487457 0.1624221 0.2178562 -0.9623708 0.1315841 0.6122324 -0.7796519 0.162432 0.217891 -0.9623614 0.1315778 0.6122442 -0.7796437 0.09783848 0.8904451 -0.4444493 0.09784444 0.8904396 -0.444459 0.1699903 0.6122403 -0.772182 0.1699876 0.6122451 -0.7721788 0.2098268 0.2178907 -0.9531507 0.2098249 0.2178839 -0.9531527 0.119718 0.8904319 -0.4390883 0.1197021 0.8904454 -0.4390652 0.2079815 0.6122408 -0.7628269 0.256713 0.2178376 -0.9416184 0.2079639 0.6122704 -0.7628079 0.2567245 0.2178824 -0.941605 0.141279 0.8904392 -0.4326181 0.1412883 0.8904318 -0.4326302 0.2454591 0.6122418 -0.7516049 0.3029792 0.2178539 -0.9277626 0.3029751 0.2178374 -0.9277677 0.245441 0.6122708 -0.7515871 0.1625004 0.8904423 -0.4250956 0.1625042 0.8904394 -0.4251001 0.3484952 0.2178529 -0.911642 0.2823258 0.6122422 -0.738547 0.2823267 0.6122409 -0.7385477 0.3484945 0.2178499 -0.911643 0.1833307 0.8904405 -0.4165399 0.1833283 0.8904422 -0.4165374 0.3931595 0.2178487 -0.8932903 0.3185099 0.6122404 -0.7236803 0.3931633 0.2178666 -0.8932843 0.3185093 0.6122414 -0.7236797 0.2037067 0.8904449 -0.4069539 0.2037129 0.8904407 -0.4069599 0.3539196 0.61225 -0.7070296 0.4368754 0.2178708 -0.8727384 0.4368745 0.217866 -0.87274 0.3539257 0.6122413 -0.7070341 0.2236 0.890438 -0.3963877 0.2235894 0.8904449 -0.3963785 0.3884547 0.6122511 -0.6886593 0.479499 0.2178635 -0.8500683 0.4795001 0.2178693 -0.8500662 0.3884621 0.612241 -0.6886641 0.2429235 0.8904377 -0.3848493 0.242926 0.8904361 -0.3848513 0.4220472 0.6122406 -0.6686087 0.5209628 0.217876 -0.8253046 0.5209611 0.2178655 -0.8253084 0.4220316 0.6122614 -0.6685995 0.2616634 0.890444 -0.3723464 0.2616768 0.8904361 -0.3723559 0.5611455 0.2178272 -0.7985405 0.4545994 0.6122612 -0.6468969 0.454621 0.6122333 -0.6469081 0.5611524 0.2178768 -0.7985222 0.2797549 0.8904437 -0.3589527 0.2797696 0.8904353 -0.3589621 0.5999707 0.2178836 -0.7697805 0.5999637 0.2178258 -0.7698023 0.4860396 0.6122447 -0.6236359 0.4860488 0.6122332 -0.6236402 0.2971757 0.8904356 -0.3446901 0.2971762 0.8904353 -0.3446903 0.5162722 0.6122754 -0.5988171 0.6372979 0.2178642 -0.7391797 0.6373 0.2178842 -0.739172 0.5162973 0.6122442 -0.5988272 0.3138552 0.8904431 -0.3295541 0.3138701 0.8904352 -0.3295618 0.673077 0.2178495 -0.7067595 0.5452627 0.6122766 -0.5725434 0.6730782 0.2178641 -0.7067538 0.5452923 0.6122406 -0.5725536 0.3297991 0.8904284 -0.3136396 0.3297712 0.8904432 -0.313627 0.7072232 0.2178706 -0.6725829 0.7072218 0.2178489 -0.6725914 0.5729407 0.6122406 -0.5448857 0.5729311 0.612252 -0.544883 0.3448885 0.8904353 -0.2969459 0.3449028 0.8904279 -0.2969515 0.7396224 0.2178693 -0.6367823 0.7396238 0.217901 -0.6367698 0.5991848 0.6122532 -0.5158716 0.5991697 0.612271 -0.5158681 0.3591715 0.8904302 -0.2795171 0.3591617 0.8904353 -0.2795138 0.7702047 0.2178438 -0.5994403 0.6239719 0.6122518 -0.4855995 0.6239548 0.6122717 -0.4855964 0.7702062 0.2179018 -0.5994174 0.3725422 0.8904361 -0.2614111 0.3725542 0.8904302 -0.2614145 0.647223 0.6122541 -0.4541446 0.7989261 0.2178528 -0.5605863 0.7989261 0.2178439 -0.5605898 0.6472259 0.6122508 -0.454145 0.3850102 0.8904413 -0.2426551 0.3850204 0.8904362 -0.2426574 0.6688961 0.6122537 -0.4215725 0.8256761 0.2178539 -0.5203831 0.6689026 0.6122463 -0.421573 0.8256761 0.2178507 -0.5203845 0.3965484 0.8904375 -0.2233166 0.3965411 0.8904411 -0.2233153 0.8504054 0.2178506 -0.4789069 0.6889259 0.6122558 -0.3879741 0.8504055 0.2178478 -0.478908 0.6889346 0.6122459 -0.3879744 0.4166704 0.8904397 -0.1830381 0.4071031 0.8904398 -0.2034304 0.707273 0.6122556 -0.3534231 0.4071076 0.8904377 -0.203431 0.8730517 0.2178485 -0.43626 0.8730516 0.217851 -0.436259 0.7072707 0.6122603 -0.3534199 0.4252286 0.8904309 -0.1622142 0.425223 0.8904344 -0.1622095 0.4166833 0.8904311 -0.1830503 0.8935601 0.2178509 -0.3925447 0.7238846 0.612261 -0.3180056 0.7387357 0.6122534 -0.2818071 0.7238864 0.612259 -0.3180055 0.7387329 0.6122584 -0.2818039 0.8935581 0.2178783 -0.392534 0.9118795 0.2178796 -0.3478566 0.4317815 0.8904591 -0.143692 0.4304121 0.8909773 -0.1445856 0.9288811 0.2371247 -0.2845202 0.926037 0.2178795 -0.3081947 0.7501661 0.6123064 -0.2496631 0.7501788 0.6122959 -0.249651 0.4620723 0.8798472 -0.1111666 0.4365352 0.8909655 -0.1249701 0.7601256 0.6122496 -0.2176224 0.7601399 0.612236 -0.2176107 0.9382823 0.2178648 -0.2686282 0.4431682 0.8913336 -0.0955319 0.9540947 0.2177369 -0.2056549 0.7730826 0.612022 -0.1666502 0.9540946 0.2177378 -0.2056544 0.7731003 0.6120023 -0.1666412 0.4751402 0.878853 -0.04311844 0.4444267 0.8940052 -0.05691825 0.968106 0.217703 -0.1240009 0.9681009 0.2177357 -0.1239829 0.7844334 0.6120227 -0.100461 0.7844304 0.6120263 -0.1004629 0.4543223 0.8908278 -0.004140765 0.4549794 0.8904853 -0.005448396 0.4537949 0.8907627 -0.02474022 0.7905441 0.612332 -0.009468325 0.9758964 0.2179209 -0.0116883 0.9714134 0.2337803 -0.04126285 0.9745467 0.2177949 -0.05314277 0.7905435 0.6123326 -0.00946686 0.7895347 0.6121939 -0.04305394 0.7895437 0.6121829 -0.04304474 0.9759053 0.2181917 -0.001115499 0.9759734 0.2178895 -0.0002227909 0.4537066 0.8911415 -0.004137483 0.4537825 0.8911008 -0.004570766 0.7900714 0.6130067 -0.003144325 0.4550031 0.8904878 0.001890582 0.4541837 0.8909037 -0.00278159 0.7900683 0.6130106 -0.003170507 0.9759059 0.2181892 -0.00112848 0.79055 0.6123973 0.000581015 0.9759056 0.2181924 -0.0006693017 0.7900746 0.6130076 -0.00191396 0.9759059 0.2181911 -0.0006623745 0.790073 0.6130034 -0.003378788 0.9759047 0.2181898 -0.001822936 0.7900683 0.613016 -0.001860966 0.453581 0.8905086 -0.03547608 0.7886209 0.6115056 -0.0643264 0.7347896 0.6129711 -0.2904319 0.4395311 0.8919907 -0.105665 0.4364127 0.8988684 -0.0397427 0.9733004 0.2171565 -0.07435963 0.9769976 0.1975473 -0.08031757 0.9431733 0.2353345 -0.2346098 0.7404202 0.6072974 -0.2880413 0.7855786 0.6155939 -0.06253494 0.9226245 0.217904 -0.3182481 0.4282188 0.8904937 -0.1537845 0.7490703 0.6123434 -0.2528422 0.4264218 0.8931124 -0.1432293 0.6985648 0.3546711 0.6214626 0.8933254 0.4491506 -0.01527638 0.4550039 0.8904895 -0 0.4550039 0.8904895 -0 0.7905501 0.6123974 -0 0.7905501 0.6123974 0 0.9759734 0.2178895 -0 0.9759734 0.2178895 0 0.9759631 0.2179358 0 0.9759631 0.2179358 0 0.7905796 0.6123594 0 0.7905796 0.6123594 0 0.4549862 0.8904985 0 0.4549862 0.8904985 0 1 0 0 1 0 -0 0.9561532 0 0.2928669 0.9775476 0 0.210715 0.9561532 0 0.2928669 0.9918965 0 0.1270481 0.9775476 0 0.210715 0.9990991 0 0.04243885 0.9918965 0 0.1270481 0.9990991 0 0.04243885 0.9343227 -0 0.3564284 0.9155534 -0 0.4021964 0.9343227 -0 0.3564284 0.8945337 -0 0.4470005 0.9155534 -0 0.4021964 0.8713359 -0 0.4906871 0.8945337 -0 0.4470005 0.8459951 -0 0.5331905 0.8713359 -0 0.4906871 0.8185874 -0 0.5743821 0.8459951 -0 0.5331905 0.7891574 -0 0.6141909 0.8185874 -0 0.5743821 0.7578339 -0 0.6524476 0.7891574 -0 0.6141909 0.7246305 -0 0.6891376 0.7578339 -0 0.6524476 0.6896405 -0 0.7241519 0.7246305 -0 0.6891376 0.6529832 -0 0.7573724 0.6896405 -0 0.7241519 0.6529832 -0 0.7573724 0.6147399 0 0.7887298 0.6147399 -0 0.7887298 0.5749516 0 0.8181874 0.5749516 -0 0.8181874 0.5337762 0 0.8456258 0.5337762 -0 0.8456258 0.4913111 0 0.8709842 0.4913111 -0 0.8709842 0.4476285 0 0.8942196 0.4476285 -0 0.8942196 0.4028401 -0 0.9152704 0.4028401 0 0.9152704 0.3570706 0 0.9340774 0.3570706 -0 0.9340774 0.3104354 -0 0.9505945 0.3104354 0 0.9505945 0.2630296 -0 0.9647877 0.2630296 0 0.9647877 0.2149902 -0 0.9766163 0.2149902 0 0.9766163 0.1664172 -0 0.9860554 0.1664172 0 0.9860554 0.1174553 0 0.9930782 0.1174553 -0 0.9930782 0.01550964 0 0.9998797 0.01550964 0 0.9998797 0.04646854 0 0.9989198 0.04646854 0 0.9989198 0.07736956 0 0.9970025 0.07736956 0 0.9970025 0 0 1 0 0 1 -0.07736956 0 0.9970025 -0.04646854 0 0.9989198 -0.07736956 0 0.9970025 -0.01550964 0 0.9998797 -0.04646854 0 0.9989198 -0.01550964 0 0.9998797 -0.117452 0 0.9930786 -0.1664218 0 0.9860546 -0.117452 0 0.9930786 -0.2149843 0 0.9766175 -0.1664218 0 0.9860546 -0.2630296 0 0.9647877 -0.2149843 0 0.9766175 -0.3104354 0 0.9505945 -0.2630296 0 0.9647877 -0.3570799 0 0.9340738 -0.3104354 0 0.9505945 -0.4028401 0 0.9152704 -0.3570799 0 0.9340738 -0.4476285 0 0.8942196 -0.4028401 0 0.9152704 -0.4912991 0 0.8709909 -0.4476285 0 0.8942196 -0.5337889 0 0.8456178 -0.4912991 0 0.8709909 -0.5749516 0 0.8181874 -0.5337889 0 0.8456178 -0.6147264 0 0.7887405 -0.5749516 0 0.8181874 -0.6147264 0 0.7887405 -0.6529832 0 0.7573724 -0.6529832 0 0.7573724 -0.6896545 0 0.7241386 -0.6896545 0 0.7241386 -0.7246305 0 0.6891376 -0.7246305 0 0.6891376 -0.75782 0 0.6524637 -0.789171 0 0.6141735 -0.75782 0 0.6524637 -0.8185807 0 0.5743915 -0.789171 0 0.6141735 -0.8185807 0 0.5743915 -0.8460014 0 0.5331805 -0.8713299 0 0.4906977 -0.8460014 0 0.5331805 -0.8945337 0 0.4470005 -0.8713299 0 0.4906977 -0.9155534 0 0.4021964 -0.8945337 0 0.4470005 -0.9155534 0 0.4021964 -0.9343273 0 0.3564161 -0.9343273 0 0.3564161 -0.9561532 0 0.2928669 -0.9561532 0 0.2928669 -0.9775429 0 0.2107364 -0.9918993 0 0.127026 -0.9775429 0 0.2107364 -0.9990981 0 0.04246127 -0.9918993 0 0.127026 -0.9990981 0 0.04246127 -1 -0 0 -1 0 -0 -0.9561512 0 -0.2928731 -0.9561512 -0 -0.2928731 -0.9775439 -0 -0.2107318 -0.9775439 0 -0.2107318 -0.9918993 -0 -0.127026 -0.9918993 0 -0.127026 -0.9990981 -0 -0.04246127 -0.9990981 0 -0.04246127 -0.9343273 0 -0.3564161 -0.9343273 0 -0.3564161 -0.9155534 0 -0.4021964 -0.9155534 0 -0.4021964 -0.8945365 0 -0.4469949 -0.8945365 0 -0.4469949 -0.8713265 0 -0.4907038 -0.8713265 0 -0.4907038 -0.8460014 0 -0.5331805 -0.8460014 0 -0.5331805 -0.8185807 0 -0.5743915 -0.8185807 0 -0.5743915 -0.789171 0 -0.6141735 -0.789171 0 -0.6141735 -0.75782 0 -0.6524637 -0.75782 0 -0.6524637 -0.7246305 0 -0.6891376 -0.6896545 0 -0.7241386 -0.7246305 0 -0.6891376 -0.6529832 0 -0.7573724 -0.6896545 0 -0.7241386 -0.6147264 0 -0.7887405 -0.6529832 0 -0.7573724 -0.6147264 0 -0.7887405 -0.5749516 0 -0.8181874 -0.5749516 0 -0.8181874 -0.5337989 0 -0.8456115 -0.5337989 0 -0.8456115 -0.4912885 0 -0.8709969 -0.4912885 0 -0.8709969 -0.4476285 0 -0.8942196 -0.4028401 0 -0.9152704 -0.4476285 0 -0.8942196 -0.3570799 0 -0.9340738 -0.4028401 0 -0.9152704 -0.3570799 0 -0.9340738 -0.3104354 0 -0.9505945 -0.2630296 0 -0.9647877 -0.3104354 0 -0.9505945 -0.2149843 0 -0.9766175 -0.2630296 0 -0.9647877 -0.1664354 0 -0.9860524 -0.2149843 0 -0.9766175 -0.1174382 0 -0.9930801 -0.1664354 0 -0.9860524 -0.1174382 0 -0.9930801 -0.01550964 -0 -0.9998797 -0.04646854 -0 -0.9989198 -0.01550964 -0 -0.9998797 -0.07736956 -0 -0.9970025 -0.04646854 -0 -0.9989198 -0.07736956 -0 -0.9970025 0 0 -1 0 0 -1 0.07736956 0 -0.9970025 0.07736956 0 -0.9970025 0.04646854 0 -0.9989198 0.04646854 0 -0.9989198 0.01550964 0 -0.9998797 0.01550964 0 -0.9998797 0.1174415 0 -0.9930798 0.1174415 0 -0.9930798 0.1664308 0 -0.9860531 0.1664308 0 -0.9860531 0.2149902 0 -0.9766163 0.2149902 0 -0.9766163 0.2630296 0 -0.9647877 0.2630296 0 -0.9647877 0.3104354 0 -0.9505945 0.3104354 0 -0.9505945 0.3570706 0 -0.9340774 0.3570706 0 -0.9340774 0.4028401 0 -0.9152704 0.4028401 0 -0.9152704 0.4476285 0 -0.8942196 0.4476285 0 -0.8942196 0.4913005 0 -0.8709902 0.4913005 0 -0.8709902 0.5337862 0 -0.8456194 0.5337862 0 -0.8456194 0.5749516 0 -0.8181874 0.5749516 0 -0.8181874 0.6147399 0 -0.7887298 0.6147399 0 -0.7887298 0.6529832 0 -0.7573724 0.6529832 0 -0.7573724 0.6896405 0 -0.7241519 0.6896405 0 -0.7241519 0.7246305 0 -0.6891376 0.7246305 0 -0.6891376 0.7578339 0 -0.6524476 0.7578339 0 -0.6524476 0.7891574 0 -0.6141909 0.7891574 0 -0.6141909 0.8185874 0 -0.5743821 0.8185874 0 -0.5743821 0.8459951 0 -0.5331905 0.8459951 0 -0.5331905 0.8713325 0 -0.4906931 0.8713325 0 -0.4906931 0.8945365 0 -0.4469949 0.9155534 0 -0.4021964 0.8945365 0 -0.4469949 0.9155534 0 -0.4021964 0.9343227 0 -0.3564284 0.9343227 0 -0.3564284 0.9561512 0 -0.2928731 0.9561512 0 -0.2928731 0.9775485 0 -0.2107103 0.9775485 0 -0.2107103 0.9918965 0 -0.1270481 0.9918965 0 -0.1270481 0.9990991 0 -0.04243885 0.9990991 0 -0.04243885 -0 1 0 -0 1 0 0 1 0 -0 1 0 0 1 0 0 1 0 -0 1 0 0 1 0 -0 1 0 -0 1 0 0 1 0 0 1 0 -0 1 0 -0 1 0 0 1 0 0 1 0 -0 1 0 0 1 0 -0 1 0 0 1 0 -0 1 0 0 1 0 -0 1 0 0 1 0 -0 1 0 0 1 0 0 1 0 -0 1 0 0 1 0 -0 1 0 -0 1 0 0 1 0 -0 1 0 0 1 0 -0 1 0 -0 1 0 0 1 0 0 1 0 -0 1 0 0 1 0 0 1 0 -0 1 0 0 1 0 -0 1 0 -0 1 0 -0 1 0 -0 1 0 0 1 0 0 1 0 -0 1 0 0 1 0 0 1 0 0 1 0 -0 1 0 0 1 0 0 1 0 -0 1 0 -0 1 0 -0 1 0 0 1 0 0 1 0 0 1 0 0 1 0 0 1 -0 0 1 -0 0 1 0 0 1 0 0 1 0 0 1 0 0 1 0 -0 1 0 0 1 0 0 1 0 0 1 0 0 1 0 0 1 0 0 1 0 0 1 0 0 1 0 0 1 0 0 1 0 0 1 0 0 1 0 0 1 0 0 1 0 0 1 0 0 1 0 0 1 0 0 1 0 0 1 0 0 1 0 0 1 0 -0 1 0 0 1 0 -0 1 0 0 1 0 -0 1 0 0 1 0 -0 1 0 0 1 0 -0 1 0 0 1 0 0 1 -0 -0 1 0 0 1 -0 -0 1 0 0 1 -0 -0 1 0 0 1 -0 -0 1 0 0 1 -0 -0 1 0 0 1 -0 -0 1 0 0 1 -0 -0 1 0 0 1 -0 -0 1 0 0 1 -0 -0 1 0 -0 1 0 0 1 -0 -0 1 0 0 1 -0 -0 1 0 -0 1 0 0 1 0 0 1 0 -0 1 0 -0 1 0 0 1 0 0 1 -0 -0 1 0 0 1 -0 -0 1 0 0 1 -0 -0 1 0 0 1 -0 -0 1 0 0 1 -0 -0 1 0 0 1 -0 -0 1 0 0 1 -0 -0 1 0 0 1 -0 -0 1 0 0 1 -0 -0 1 0 0 1 -0 -0 1 0 0 1 -0 -0 1 0 0 1 0 -0 1 0 0 1 0 -0 1 0 0 1 0 -0 1 0 0 1 0 -0 1 0 0 1 0 -0 1 0 0 1 0 0 1 0 0 1 0 0 1 0 0 1 0 0 1 0 0 1 0 0 1 0 0 1 0 0 1 0 0 1 0 0 1 0 0 1 0 0 1 0 0 1 0 0 1 0 0 1 0 0 1 0 0 1 0 0 1 0 0 1 0 -0 1 0 0 1 0 0 1 0 0 1 0 0 1 0 -0 1 0 -0 1 0 -0 1 0 -0 1 0 0 1 0 -0 1 0 0 1 0 -0 1 0 0 1 0 -0 1 0 0 1 0 -0 1 0 0 1 0 -0 1 0 0 1 0 -0 1 0 -0 1 0 -0 1 0 -0 1 0 -0 1 0 -0 1 0 0 1 0 0 1 0 -0 1 0 0 1 0 -0 1 0 0 1 0 -0 1 0 0 1 0 -0 1 0 0 1 0 -0 1 0 0 1 0 0 1 0 -0 1 0 -0 1 0 0 1 0 0 1 0 -0 1 0 -0 1 0 0 1 0 0 1 0 -0 1 0 -0 1 0 -0 1 0 0 1 0 0 1 0 -0 1 0 -0 1 0 0 1 0 -0 1 0 0 1 0 0 1 0 -0 1 0 0 1 0 -0 1 0 0 1 0 -0 1 0 -0 1 0 0 1 0 0 1 0 -0 1 0 0 1 0 -0 1 0 -0 1 0 0 1 0 0 1 0 -0 1 0 0 1 0 -0.1299247 0 0.9915239 -0.1781467 0 0.9840039 -0.1299247 0 0.9915239 -0.2259787 0 0.9741322 -0.1781467 0 0.9840039 -0.2732411 0 0.9619456 -0.2259787 0 0.9741322 -0.3198958 0 0.9474527 -0.2732411 0 0.9619456 -0.3657377 0 0.9307179 -0.3198958 0 0.9474527 -0.4107434 0 0.911751 -0.3657377 0 0.9307179 -0.4547511 0 0.8906186 -0.4107434 0 0.911751 -0.497692 0 0.8673539 -0.4547511 0 0.8906186 -0.5394362 0 0.8420265 -0.497692 0 0.8673539 -0.5798929 0 0.8146926 -0.5394362 0 0.8420265 -0.6189515 0 0.7854292 -0.5798929 0 0.8146926 -0.65657 0 0.7542651 -0.6189515 0 0.7854292 -0.6925903 0 0.7213312 -0.65657 0 0.7542651 -0.7269827 0 0.6866558 -0.6925903 0 0.7213312 -0.7596249 0 0.6503614 -0.7269827 0 0.6866558 -0.790476 0 0.612493 -0.7596249 0 0.6503614 -0.8194232 0 0.573189 -0.790476 0 0.612493 -0.8464285 0 0.5325024 -0.8194232 0 0.573189 -0.8714148 0 0.4905469 -0.8464285 0 0.5325024 -0.8714148 0 0.4905469 -0.8943208 0 0.4474263 -0.9150916 0 0.403246 -0.8943208 0 0.4474263 -0.9150916 0 0.403246 -0.9336764 0 0.3581179 -0.950054 0 0.3120855 -0.9336764 0 0.3581179 -0.964147 0 0.2653686 -0.950054 0 0.3120855 -0.9759538 0 0.2179776 -0.964147 0 0.2653686 -0.9854324 0 0.1700678 -0.9759538 0 0.2179776 -0.9925569 0 0.1217818 -0.9854324 0 0.1700678 -0.9973192 0 0.07317364 -0.9925569 0 0.1217818 -0.9997017 0 0.02441946 -0.9973192 0 0.07317364 -0.9997017 0 0.02441946 -0.9997017 -0 -0.02441905 -0.9997017 0 -0.02441905 -0.9973192 -0 -0.07317486 -0.9973192 0 -0.07317486 -0.9925571 -0 -0.1217798 -0.9854319 -0 -0.1700706 -0.9925571 0 -0.1217798 -0.9759545 -0 -0.217974 -0.9854319 0 -0.1700706 -0.964147 -0 -0.2653686 -0.9759545 0 -0.217974 -0.950054 -0 -0.3120855 -0.964147 0 -0.2653686 -0.9336742 -0 -0.3581235 -0.950054 0 -0.3120855 -0.9150943 -0 -0.4032399 -0.9336742 0 -0.3581235 -0.8943208 -0 -0.4474263 -0.9150943 0 -0.4032399 -0.8714148 -0 -0.4905469 -0.8943208 0 -0.4474263 -0.8464285 -0 -0.5325024 -0.8714148 0 -0.4905469 -0.8194232 -0 -0.573189 -0.8464285 0 -0.5325024 -0.790476 -0 -0.612493 -0.8194232 0 -0.573189 -0.7596249 -0 -0.6503614 -0.790476 0 -0.612493 -0.7596249 0 -0.6503614 -0.7269827 -0 -0.6866558 -0.7269827 0 -0.6866558 -0.6925903 -0 -0.7213312 -0.6925903 0 -0.7213312 -0.65657 -0 -0.7542651 -0.65657 0 -0.7542651 -0.6189515 -0 -0.7854292 -0.6189515 0 -0.7854292 -0.5798929 -0 -0.8146926 -0.5798929 0 -0.8146926 -0.5394362 -0 -0.8420265 -0.5394362 0 -0.8420265 -0.4976795 -0 -0.867361 -0.4976795 0 -0.867361 -0.4547511 -0 -0.8906186 -0.4107572 -0 -0.9117448 -0.4547511 0 -0.8906186 -0.3657377 -0 -0.9307179 -0.4107572 0 -0.9117448 -0.3657377 0 -0.9307179 -0.3198809 -0 -0.9474578 -0.2732565 -0 -0.9619412 -0.3198809 0 -0.9474578 -0.2259787 -0 -0.9741322 -0.2732565 0 -0.9619412 -0.1781467 -0 -0.9840039 -0.2259787 0 -0.9741322 -0.1299084 -0 -0.991526 -0.1781467 0 -0.9840039 -0.1299084 0 -0.991526 -0.01767482 0 0.9998438 -0.05286524 0 0.9986017 -0.01767482 0 0.9998438 -0.08810836 0 0.996111 -0.05286524 0 0.9986017 -0.08810836 0 0.996111 0 0 1 0 0 1 0.08810836 0 0.996111 0.05285953 0 0.998602 0.08810836 0 0.996111 0.01767674 0 0.9998437 0.05285953 0 0.998602 0.01767674 0 0.9998437 0.1299084 0 -0.991526 0.1299084 0 -0.991526 0.1781525 0 -0.9840029 0.1781525 0 -0.9840029 0.2259714 0 -0.9741339 0.2259714 0 -0.9741339 0.2732652 0 -0.9619387 0.2732652 0 -0.9619387 0.3198809 0 -0.9474578 0.3198809 0 -0.9474578 0.3657377 0 -0.9307179 0.3657377 0 -0.9307179 0.4107448 0 -0.9117504 0.4107448 0 -0.9117504 0.4547645 0 -0.8906117 0.4547645 0 -0.8906117 0.4976795 0 -0.867361 0.4976795 0 -0.867361 0.5394211 0 -0.8420361 0.5394211 0 -0.8420361 0.5798929 0 -0.8146926 0.5798929 0 -0.8146926 0.6189677 0 -0.7854165 0.6189677 0 -0.7854165 0.6565536 0 -0.7542794 0.6565536 0 -0.7542794 0.6926069 0 -0.7213153 0.6926069 0 -0.7213153 0.7269827 0 -0.6866558 0.7269827 0 -0.6866558 0.7596249 0 -0.6503614 0.7596249 0 -0.6503614 0.790476 0 -0.612493 0.790476 0 -0.612493 0.8194232 0 -0.573189 0.8194232 0 -0.573189 0.8464285 0 -0.5325024 0.8464285 0 -0.5325024 0.8714148 0 -0.4905469 0.8714148 0 -0.4905469 0.8943075 0 -0.4474529 0.8943075 0 -0.4474529 0.9150943 0 -0.4032399 0.9150943 0 -0.4032399 0.9336853 0 -0.3580945 0.9336853 0 -0.3580945 0.9500442 0 -0.3121156 0.9500442 0 -0.3121156 0.9641556 0 -0.2653377 0.9641556 0 -0.2653377 0.9759511 0 -0.2179899 0.9759511 0 -0.2179899 0.9854291 0 -0.1700867 0.9854291 0 -0.1700867 0.9925611 0 -0.1217471 0.9925611 0 -0.1217471 0.9973167 0 -0.07320792 0.9973167 0 -0.07320792 0.9997022 0 -0.02440244 0.9997022 0 -0.02440244 0.9997022 0 0.02440285 0.9997022 -0 0.02440285 0.9973168 0 0.07320672 0.9973168 -0 0.07320672 0.9925609 0 0.1217491 0.9925609 -0 0.1217491 0.9854296 0 0.1700839 0.9854296 -0 0.1700839 0.9759502 0 0.2179934 0.9759502 -0 0.2179934 0.9641556 0 0.2653377 0.9641556 -0 0.2653377 0.9500442 0 0.3121156 0.9500442 -0 0.3121156 0.9336874 0 0.3580889 0.9336874 -0 0.3580889 0.9150916 0 0.403246 0.9150916 -0 0.403246 0.8943075 0 0.4474529 0.8943075 -0 0.4474529 0.8714148 0 0.4905469 0.8714148 -0 0.4905469 0.8464285 0 0.5325024 0.8464285 -0 0.5325024 0.8194232 0 0.573189 0.8194232 -0 0.573189 0.790476 0 0.612493 0.790476 -0 0.612493 0.7596249 -0 0.6503614 0.7596249 0 0.6503614 0.7269827 0 0.6866558 0.7269827 -0 0.6866558 0.6926069 -0 0.7213153 0.6926069 0 0.7213153 0.6565536 0 0.7542794 0.6565536 -0 0.7542794 0.6189677 0 0.7854165 0.6189677 -0 0.7854165 0.5798929 0 0.8146926 0.5798929 -0 0.8146926 0.5394211 0 0.8420361 0.5394211 -0 0.8420361 0.497692 0 0.8673539 0.497692 -0 0.8673539 0.4547645 -0 0.8906117 0.4547645 0 0.8906117 0.410731 -0 0.9117566 0.410731 0 0.9117566 0.3657377 -0 0.9307179 0.3657377 0 0.9307179 0.3198958 -0 0.9474527 0.3198958 0 0.9474527 0.2732498 -0 0.9619431 0.2732498 0 0.9619431 0.2259714 -0 0.9741339 0.2259714 0 0.9741339 0.1781525 -0 0.9840029 0.1781525 0 0.9840029 0.1299247 -0 0.9915239 0.1299247 0 0.9915239 0.01767674 0 -0.9998437 0.01767674 0 -0.9998437 0.05291343 0 -0.9985992 0.05291343 0 -0.9985992 0.08810836 0 -0.996111 0.08810836 0 -0.996111 0 0 -1 0 0 -1 -0.08810836 0 -0.996111 -0.08810836 0 -0.996111 -0.05291914 0 -0.9985988 -0.05291914 0 -0.9985988 -0.01767482 0 -0.9998438 -0.01767482 0 -0.9998438 0.9759735 0.2178893 0.0002225379 0.9759052 0.2181917 0.001114233 0.455003 0.8904878 -0.001894808 0.4537072 0.8911412 0.004138098 0.4537822 0.891101 0.004565677 0.4541854 0.8909028 0.00277849 0.79055 0.6123973 -0.0005823247 0.790073 0.6130033 0.003386341 0.9759046 0.2181897 0.001827046 0.7900714 0.6130066 0.003166925 0.9759058 0.218191 0.0006685381 0.7900683 0.6130108 0.003140698 0.7900683 0.6130158 0.001911853 0.7900747 0.6130078 0.001858851 0.9759055 0.2181924 0.0006616345 0.9759058 0.2181892 0.001127213 -0.08878627 0.2179138 -0.9719211 -0.06288593 0.8902954 -0.4510204 -0.04966124 0.6121991 -0.7891426 -0.03993374 0.8922268 -0.4498185 0.9638786 0.116649 -0.2394387 0.6697721 0.3209401 -0.6696289</float_array>
          <technique_common>
            <accessor count="7800" source="#cubenormals-array0-array" stride="3">
              <param type="float" name="X"/>
              <param type="float" name="Y"/>
              <param type="float" name="Z"/>
            </accessor>
          </technique_common>
        </source>
        <vertices id="cubeverts-array0-vertices">
          <input semantic="POSITION" source="#cubeverts-array0"/>
        </vertices>
        <triangles count="7800" material="ref_RUBBER_D_1_002_shape001">
          <input offset="0" semantic="VERTEX" source="#cubeverts-array0-vertices"/>
          <input offset="1" semantic="NORMAL" source="#cubenormals-array0"/>
          <p>0 0 1 0 2 0 3 1 2 1 4 1 3 2 0 2 2 2 5 3 6 3 1 3 5 4 1 4 0 4 7 5 3 5 4 5 7 6 4 6 8 6 9 7 6 7 5 7 9 8 10 8 6 8 11 9 7 9 8 9 11 10 8 10 12 10 13 11 10 11 9 11 13 12 14 12 10 12 15 13 11 13 12 13 15 14 12 14 16 14 17 15 18 15 14 15 17 16 14 16 13 16 19 17 15 17 16 17 19 18 16 18 20 18 21 19 18 19 17 19 21 20 22 20 18 20 23 21 19 21 20 21 23 22 20 22 24 22 25 23 22 23 21 23 26 24 23 24 24 24 26 25 24 25 27 25 28 26 22 26 25 26 28 27 29 27 22 27 30 28 26 28 27 28 30 29 27 29 31 29 32 30 33 30 29 30 32 31 29 31 28 31 34 32 31 32 35 32 34 33 30 33 31 33 36 34 37 34 38 34 36 35 33 35 32 35 36 36 38 36 33 36 39 37 35 37 40 37 39 38 34 38 35 38 41 39 37 39 36 39 41 40 42 40 37 40 41 41 43 41 42 41 44 42 40 42 45 42 44 43 39 43 40 43 46 44 47 44 43 44 46 45 43 45 41 45 48 46 45 46 49 46 48 47 44 47 45 47 50 48 47 48 46 48 51 49 49 49 52 49 51 50 48 50 49 50 53 51 47 51 50 51 54 52 52 52 55 52 54 53 51 53 52 53 56 54 47 54 53 54 57 55 55 55 58 55 57 56 54 56 55 56 59 57 60 57 61 57 59 58 58 58 60 58 59 59 57 59 58 59 62 60 59 60 61 60 63 61 47 61 56 61 64 62 47 62 63 62 65 63 66 63 67 63 65 64 64 64 66 64 65 65 47 65 64 65 68 66 65 66 67 66 69 67 65 67 68 67 70 68 65 68 69 68 70 69 71 69 65 69 72 70 71 70 70 70 72 71 73 71 71 71 72 72 74 72 73 72 75 73 76 73 77 73 75 74 74 74 72 74 75 75 77 75 74 75 78 76 76 76 75 76 78 77 79 77 76 77 80 78 81 78 79 78 80 79 79 79 78 79 82 80 81 80 80 80 83 81 84 81 81 81 83 82 81 82 82 82 85 83 86 83 84 83 85 84 84 84 83 84 87 85 88 85 86 85 87 86 86 86 85 86 89 87 90 87 88 87 89 88 88 88 87 88 91 89 92 89 90 89 91 90 90 90 89 90 93 91 92 91 91 91 94 92 92 92 93 92 95 93 94 93 93 93 96 94 94 94 95 94 97 95 96 95 95 95 98 96 96 96 97 96 99 97 98 97 97 97 100 98 98 98 99 98 101 99 100 99 99 99 102 100 100 100 101 100 103 101 102 101 101 101 104 102 103 102 105 102 104 103 102 103 103 103 106 104 105 104 107 104 106 105 104 105 105 105 108 106 107 106 109 106 108 107 106 107 107 107 110 108 109 108 111 108 110 109 108 109 109 109 112 110 111 110 113 110 112 111 110 111 111 111 114 112 113 112 115 112 114 113 112 113 113 113 116 114 115 114 117 114 116 115 114 115 115 115 118 116 117 116 119 116 118 117 116 117 117 117 120 118 119 118 121 118 120 119 118 119 119 119 122 120 121 120 123 120 122 121 120 121 121 121 124 122 122 122 123 122 124 123 123 123 125 123 126 124 124 124 125 124 127 125 126 125 125 125 127 126 125 126 128 126 129 127 62 127 61 127 130 128 62 128 129 128 131 129 130 129 129 129 131 130 132 130 133 130 131 131 129 131 132 131 134 132 131 132 133 132 134 133 133 133 135 133 136 134 134 134 135 134 136 135 135 135 137 135 138 136 136 136 137 136 138 137 137 137 139 137 140 138 138 138 139 138 140 139 139 139 141 139 142 140 140 140 141 140 142 141 141 141 143 141 144 142 142 142 143 142 144 143 143 143 145 143 146 144 144 144 145 144 146 145 145 145 147 145 148 146 146 146 147 146 148 147 147 147 149 147 150 148 148 148 149 148 150 149 149 149 151 149 152 150 150 150 151 150 152 151 151 151 153 151 154 152 152 152 153 152 155 153 154 153 153 153 156 154 154 154 155 154 157 155 156 155 155 155 158 156 156 156 157 156 159 157 158 157 157 157 160 158 158 158 159 158 161 159 160 159 159 159 162 160 160 160 161 160 163 161 162 161 161 161 164 162 162 162 163 162 165 163 166 163 164 163 165 164 164 164 163 164 167 165 168 165 166 165 167 166 166 166 165 166 169 167 170 167 168 167 169 168 168 168 167 168 171 169 172 169 170 169 171 170 170 170 169 170 173 171 172 171 171 171 173 172 174 172 172 172 175 173 174 173 173 173 175 174 176 174 174 174 175 175 177 175 176 175 178 176 177 176 175 176 178 177 179 177 177 177 180 178 179 178 178 178 180 179 181 179 179 179 182 180 181 180 180 180 183 181 181 181 182 181 183 182 184 182 181 182 185 183 184 183 183 183 186 184 184 184 185 184 186 185 187 185 184 185 188 186 187 186 186 186 188 187 189 187 187 187 188 188 190 188 189 188 191 189 190 189 188 189 192 190 191 190 188 190 193 191 192 191 188 191 194 192 127 192 128 192 194 193 128 193 195 193 194 194 195 194 196 194 197 195 194 195 196 195 198 196 197 196 196 196 198 197 196 197 199 197 200 198 198 198 199 198 200 199 199 199 201 199 202 200 201 200 203 200 202 201 200 201 201 201 204 202 203 202 205 202 204 203 202 203 203 203 206 204 193 204 188 204 206 205 207 205 193 205 206 206 208 206 207 206 206 207 209 207 208 207 206 208 210 208 209 208 206 209 211 209 210 209 212 210 211 210 206 210 212 211 213 211 211 211 214 212 205 212 215 212 214 213 204 213 205 213 216 214 213 214 212 214 217 215 215 215 218 215 217 216 214 216 215 216 219 217 213 217 216 217 219 218 220 218 213 218 221 219 220 219 219 219 222 220 218 220 223 220 222 221 217 221 218 221 224 222 225 222 220 222 224 223 220 223 221 223 226 224 223 224 227 224 226 225 222 225 223 225 228 226 229 226 225 226 228 227 225 227 224 227 230 228 227 228 231 228 230 229 226 229 227 229 232 230 233 230 229 230 232 231 234 231 233 231 232 232 229 232 228 232 235 233 231 233 236 233 235 234 230 234 231 234 237 235 238 235 234 235 237 236 234 236 232 236 239 237 235 237 236 237 239 238 236 238 240 238 241 239 242 239 238 239 241 240 238 240 237 240 243 241 239 241 240 241 243 242 240 242 244 242 245 243 246 243 242 243 245 244 242 244 241 244 247 245 244 245 248 245 247 246 243 246 244 246 249 247 250 247 246 247 249 248 246 248 245 248 251 249 248 249 252 249 251 250 247 250 248 250 253 251 254 251 250 251 253 252 250 252 249 252 255 253 252 253 256 253 255 254 251 254 252 254 257 255 256 255 254 255 257 256 254 256 253 256 257 257 255 257 256 257 258 258 194 258 197 258 259 259 197 259 198 259 259 260 258 260 197 260 260 261 198 261 200 261 260 262 259 262 198 262 261 263 260 263 200 263 262 264 263 264 264 264 258 265 259 265 265 265 264 266 266 266 267 266 263 267 266 267 264 267 266 268 268 268 267 268 265 269 269 269 263 269 263 270 269 270 266 270 259 271 269 271 265 271 267 272 270 272 271 272 271 273 270 273 272 273 268 274 270 274 267 274 260 275 273 275 259 275 266 276 273 276 268 276 259 277 273 277 269 277 269 278 273 278 266 278 274 279 275 279 261 279 272 280 275 280 274 280 261 281 275 281 260 281 273 282 275 282 268 282 270 283 275 283 272 283 268 284 275 284 270 284 260 285 275 285 273 285 276 286 277 286 278 286 279 287 280 287 277 287 279 288 271 288 280 288 279 289 276 289 267 289 279 290 267 290 271 290 279 291 277 291 276 291 281 292 282 292 276 292 283 293 284 293 264 293 283 294 282 294 284 294 283 295 264 295 267 295 283 296 267 296 276 296 283 297 276 297 282 297 285 298 286 298 287 298 281 299 288 299 282 299 289 300 290 300 262 300 291 301 264 301 284 301 291 302 262 302 264 302 291 303 289 303 262 303 292 304 287 304 290 304 292 305 285 305 287 305 292 306 290 306 289 306 293 307 284 307 282 307 293 308 288 308 285 308 293 309 291 309 284 309 293 310 289 310 291 310 293 311 285 311 292 311 293 312 292 312 289 312 293 313 282 313 288 313 294 314 262 314 290 314 295 315 294 315 290 315 296 316 290 316 287 316 296 317 287 317 286 317 296 318 295 318 290 318 297 319 296 319 286 319 258 320 265 320 298 320 298 321 265 321 299 321 299 322 263 322 300 322 265 323 263 323 299 323 300 324 262 324 294 324 263 325 262 325 300 325 127 326 194 326 258 326 127 327 258 327 298 327 301 328 122 328 124 328 302 329 124 329 126 329 302 330 301 330 124 330 303 331 126 331 127 331 303 332 302 332 126 332 298 333 303 333 127 333 304 334 305 334 306 334 306 335 305 335 307 335 305 336 308 336 307 336 302 337 309 337 301 337 301 338 309 338 310 338 310 339 309 339 304 339 304 340 309 340 305 340 307 341 311 341 312 341 308 342 311 342 307 342 305 343 313 343 308 343 309 344 313 344 305 344 302 345 313 345 309 345 312 346 314 346 294 346 294 347 314 347 300 347 311 348 314 348 312 348 303 349 315 349 302 349 313 350 315 350 308 350 308 351 315 351 311 351 302 352 315 352 313 352 300 353 316 353 299 353 299 354 316 354 298 354 298 355 316 355 303 355 303 356 316 356 315 356 311 357 316 357 314 357 314 358 316 358 300 358 315 359 316 359 311 359 317 360 312 360 294 360 295 361 317 361 294 361 318 362 317 362 295 362 296 363 318 363 295 363 319 364 318 364 296 364 297 365 319 365 296 365 320 366 318 366 319 366 321 367 320 367 307 367 321 368 307 368 312 368 321 369 317 369 318 369 321 370 312 370 317 370 321 371 318 371 320 371 322 372 323 372 320 372 324 373 325 373 306 373 324 374 323 374 325 374 324 375 306 375 307 375 324 376 307 376 320 376 324 377 320 377 323 377 326 378 306 378 325 378 327 379 328 379 329 379 330 380 323 380 322 380 330 381 322 381 331 381 332 382 325 382 323 382 332 383 323 383 330 383 332 384 326 384 325 384 333 385 331 385 334 385 333 386 330 386 331 386 335 387 332 387 330 387 335 388 326 388 332 388 335 389 336 389 326 389 335 390 330 390 333 390 337 391 334 391 338 391 337 392 333 392 334 392 339 393 340 393 336 393 339 394 335 394 333 394 339 395 336 395 335 395 339 396 333 396 337 396 341 397 338 397 342 397 341 398 337 398 338 398 343 399 339 399 337 399 343 400 337 400 341 400 343 401 344 401 340 401 343 402 340 402 339 402 345 403 341 403 342 403 345 404 342 404 346 404 347 405 344 405 343 405 347 406 348 406 344 406 347 407 343 407 341 407 347 408 341 408 345 408 349 409 346 409 350 409 349 410 345 410 346 410 351 411 345 411 349 411 351 412 352 412 348 412 351 413 348 413 347 413 351 414 347 414 345 414 353 415 350 415 354 415 353 416 349 416 350 416 355 417 349 417 353 417 355 418 356 418 352 418 355 419 352 419 351 419 355 420 351 420 349 420 357 421 354 421 358 421 357 422 355 422 353 422 357 423 353 423 354 423 359 424 356 424 355 424 359 425 360 425 356 425 359 426 355 426 357 426 361 427 358 427 362 427 361 428 357 428 358 428 363 429 364 429 360 429 363 430 360 430 359 430 363 431 359 431 357 431 363 432 357 432 361 432 365 433 362 433 366 433 365 434 361 434 362 434 367 435 361 435 365 435 367 436 368 436 364 436 367 437 364 437 363 437 367 438 363 438 361 438 369 439 366 439 370 439 369 440 365 440 366 440 371 441 365 441 369 441 371 442 367 442 365 442 371 443 372 443 368 443 371 444 368 444 367 444 373 445 370 445 374 445 373 446 369 446 370 446 375 447 376 447 372 447 375 448 372 448 371 448 375 449 369 449 373 449 375 450 371 450 369 450 377 451 373 451 374 451 377 452 374 452 378 452 379 453 373 453 377 453 379 454 380 454 376 454 379 455 376 455 375 455 379 456 375 456 373 456 381 457 378 457 382 457 381 458 377 458 378 458 383 459 377 459 381 459 383 460 384 460 380 460 383 461 380 461 379 461 383 462 379 462 377 462 385 463 382 463 386 463 385 464 381 464 382 464 387 465 388 465 384 465 387 466 384 466 383 466 387 467 383 467 381 467 387 468 381 468 385 468 389 469 386 469 390 469 389 470 385 470 386 470 389 471 387 471 385 471 391 472 392 472 388 472 391 473 388 473 387 473 391 474 387 474 389 474 393 475 390 475 394 475 393 476 389 476 390 476 393 477 391 477 389 477 395 478 396 478 392 478 395 479 392 479 391 479 395 480 391 480 393 480 397 481 394 481 398 481 397 482 393 482 394 482 399 483 395 483 393 483 399 484 393 484 397 484 399 485 400 485 396 485 399 486 401 486 400 486 399 487 396 487 395 487 402 488 398 488 403 488 402 489 397 489 398 489 402 490 399 490 397 490 404 491 401 491 399 491 404 492 399 492 402 492 405 493 403 493 406 493 405 494 404 494 402 494 405 495 402 495 403 495 407 496 401 496 404 496 407 497 404 497 405 497 407 498 408 498 401 498 409 499 406 499 410 499 409 500 405 500 406 500 411 501 407 501 405 501 411 502 408 502 407 502 411 503 405 503 409 503 411 504 412 504 408 504 413 505 410 505 328 505 413 506 409 506 410 506 413 507 327 507 414 507 413 508 328 508 327 508 415 509 411 509 409 509 415 510 412 510 411 510 415 511 413 511 414 511 415 512 414 512 416 512 415 513 409 513 413 513 415 514 417 514 412 514 415 515 416 515 417 515 310 516 418 516 301 516 419 517 420 517 421 517 417 518 416 518 422 518 304 519 423 519 310 519 310 520 423 520 418 520 326 521 424 521 306 521 306 522 424 522 304 522 304 523 424 523 423 523 418 524 425 524 426 524 423 525 425 525 418 525 336 526 427 526 326 526 424 527 427 527 423 527 423 528 427 528 425 528 326 529 427 529 424 529 426 530 428 530 429 530 425 531 428 531 426 531 340 532 430 532 336 532 336 533 430 533 427 533 427 534 430 534 425 534 425 535 430 535 428 535 429 536 431 536 432 536 428 537 431 537 429 537 344 538 433 538 340 538 430 539 433 539 428 539 428 540 433 540 431 540 340 541 433 541 430 541 432 542 434 542 435 542 431 543 434 543 432 543 348 544 436 544 344 544 433 545 436 545 431 545 344 546 436 546 433 546 431 547 436 547 434 547 435 548 437 548 438 548 434 549 437 549 435 549 352 550 439 550 348 550 348 551 439 551 436 551 436 552 439 552 434 552 434 553 439 553 437 553 438 554 440 554 441 554 437 555 440 555 438 555 356 556 442 556 352 556 437 557 442 557 440 557 439 558 442 558 437 558 352 559 442 559 439 559 440 560 443 560 441 560 441 561 443 561 444 561 360 562 445 562 356 562 356 563 445 563 442 563 442 564 445 564 440 564 440 565 445 565 443 565 444 566 446 566 447 566 443 567 446 567 444 567 364 568 448 568 360 568 360 569 448 569 445 569 445 570 448 570 443 570 443 571 448 571 446 571 447 572 449 572 450 572 450 573 449 573 451 573 446 574 449 574 447 574 446 575 452 575 449 575 368 576 452 576 364 576 364 577 452 577 448 577 448 578 452 578 446 578 451 579 453 579 454 579 449 580 453 580 451 580 372 581 455 581 368 581 368 582 455 582 452 582 449 583 455 583 453 583 452 584 455 584 449 584 454 585 456 585 457 585 453 586 456 586 454 586 455 587 456 587 453 587 455 588 458 588 456 588 376 589 458 589 372 589 372 590 458 590 455 590 457 591 459 591 460 591 456 592 459 592 457 592 376 593 461 593 458 593 380 594 461 594 376 594 458 595 461 595 456 595 456 596 461 596 459 596 460 597 462 597 463 597 459 598 462 598 460 598 384 599 464 599 380 599 380 600 464 600 461 600 461 601 464 601 459 601 459 602 464 602 462 602 462 603 465 603 463 603 464 604 465 604 462 604 388 605 466 605 384 605 384 606 466 606 464 606 464 607 466 607 465 607 463 608 467 608 468 608 465 609 467 609 463 609 392 610 469 610 388 610 388 611 469 611 466 611 466 612 469 612 465 612 465 613 469 613 467 613 468 614 470 614 471 614 467 615 470 615 468 615 469 616 470 616 467 616 396 617 472 617 392 617 392 618 472 618 469 618 469 619 472 619 470 619 471 620 473 620 474 620 470 621 473 621 471 621 470 622 475 622 473 622 400 623 475 623 396 623 401 624 475 624 400 624 396 625 475 625 472 625 472 626 475 626 470 626 473 627 476 627 474 627 474 628 476 628 477 628 401 629 478 629 475 629 473 630 478 630 476 630 408 631 478 631 401 631 475 632 478 632 473 632 476 633 479 633 477 633 477 634 479 634 480 634 478 635 481 635 476 635 476 636 481 636 479 636 408 637 481 637 478 637 479 638 482 638 480 638 480 639 482 639 483 639 408 640 484 640 481 640 479 641 484 641 482 641 412 642 484 642 408 642 481 643 484 643 479 643 482 644 485 644 483 644 483 645 485 645 419 645 419 646 485 646 420 646 484 647 486 647 482 647 417 648 486 648 412 648 482 649 486 649 485 649 412 650 486 650 484 650 485 651 486 651 420 651 420 652 486 652 422 652 422 653 486 653 417 653 120 654 122 654 301 654 120 655 301 655 418 655 118 656 418 656 426 656 118 657 120 657 418 657 116 658 426 658 429 658 116 659 118 659 426 659 114 660 429 660 432 660 114 661 116 661 429 661 112 662 432 662 435 662 112 663 114 663 432 663 110 664 435 664 438 664 110 665 112 665 435 665 108 666 438 666 441 666 108 667 110 667 438 667 106 668 441 668 444 668 106 669 108 669 441 669 104 670 444 670 447 670 104 671 106 671 444 671 102 672 447 672 450 672 102 673 104 673 447 673 100 674 450 674 451 674 100 675 102 675 450 675 98 676 100 676 451 676 98 677 451 677 454 677 96 678 98 678 454 678 96 679 454 679 457 679 94 680 96 680 457 680 94 681 457 681 460 681 92 682 94 682 460 682 92 683 460 683 463 683 90 684 92 684 463 684 90 685 463 685 468 685 88 686 90 686 468 686 88 687 468 687 471 687 86 688 88 688 471 688 86 689 471 689 474 689 84 690 86 690 474 690 84 691 474 691 477 691 84 692 477 692 480 692 81 693 84 693 480 693 81 694 480 694 483 694 79 695 81 695 483 695 79 696 483 696 419 696 76 697 79 697 419 697 76 698 419 698 421 698 77 699 76 699 421 699 77 700 421 700 487 700 74 701 487 701 488 701 74 702 77 702 487 702 73 703 488 703 489 703 73 704 74 704 488 704 71 705 489 705 490 705 71 706 73 706 489 706 65 707 71 707 490 707 420 708 491 708 421 708 421 709 491 709 487 709 492 710 493 710 416 710 422 711 493 711 420 711 416 712 493 712 422 712 420 713 493 713 491 713 491 714 494 714 487 714 495 715 496 715 492 715 493 716 496 716 491 716 492 717 496 717 493 717 491 718 496 718 494 718 487 719 497 719 488 719 494 720 497 720 487 720 494 721 498 721 497 721 496 722 498 722 494 722 495 723 498 723 496 723 488 724 499 724 489 724 497 725 499 725 488 725 500 726 501 726 495 726 495 727 501 727 498 727 498 728 501 728 497 728 497 729 501 729 499 729 489 730 502 730 490 730 490 731 502 731 503 731 499 732 502 732 489 732 503 733 504 733 505 733 505 734 504 734 506 734 506 735 504 735 500 735 502 736 504 736 503 736 500 737 504 737 501 737 501 738 504 738 499 738 499 739 504 739 502 739 414 740 492 740 416 740 327 741 492 741 414 741 507 742 327 742 329 742 507 743 492 743 327 743 508 744 500 744 495 744 509 745 510 745 511 745 512 746 510 746 508 746 512 747 495 747 492 747 512 748 492 748 507 748 512 749 508 749 495 749 513 750 507 750 511 750 513 751 512 751 507 751 513 752 510 752 512 752 513 753 511 753 510 753 514 754 515 754 516 754 509 755 517 755 510 755 518 756 519 756 506 756 520 757 506 757 500 757 520 758 500 758 508 758 520 759 518 759 506 759 521 760 516 760 519 760 521 761 519 761 518 761 521 762 514 762 516 762 522 763 508 763 510 763 522 764 517 764 514 764 522 765 520 765 508 765 522 766 518 766 520 766 522 767 521 767 518 767 522 768 514 768 521 768 522 769 510 769 517 769 523 770 524 770 506 770 523 771 506 771 519 771 525 772 519 772 516 772 525 773 523 773 519 773 526 774 516 774 515 774 526 775 525 775 516 775 490 776 503 776 527 776 527 777 503 777 528 777 528 778 505 778 529 778 503 779 505 779 528 779 529 780 506 780 524 780 505 781 506 781 529 781 490 782 47 782 65 782 490 783 527 783 47 783 530 784 38 784 37 784 531 785 530 785 37 785 532 786 37 786 42 786 532 787 531 787 37 787 533 788 42 788 43 788 533 789 532 789 42 789 527 790 43 790 47 790 527 791 533 791 43 791 534 792 535 792 536 792 536 793 535 793 537 793 537 794 535 794 538 794 531 795 539 795 530 795 530 796 539 796 534 796 534 797 539 797 535 797 538 798 540 798 541 798 535 799 540 799 538 799 539 800 542 800 535 800 535 801 542 801 540 801 531 802 542 802 539 802 540 803 543 803 541 803 532 804 544 804 531 804 531 805 544 805 542 805 540 806 544 806 543 806 542 807 544 807 540 807 541 808 545 808 546 808 543 809 545 809 541 809 533 810 547 810 532 810 532 811 547 811 544 811 544 812 547 812 543 812 543 813 547 813 545 813 546 814 548 814 524 814 524 815 548 815 529 815 545 816 548 816 546 816 529 817 549 817 528 817 528 818 549 818 527 818 527 819 549 819 533 819 533 820 549 820 547 820 548 821 549 821 529 821 547 822 549 822 545 822 545 823 549 823 548 823 526 824 550 824 525 824 551 825 546 825 524 825 551 826 552 826 546 826 553 827 524 827 523 827 553 828 551 828 524 828 554 829 555 829 556 829 554 830 557 830 552 830 554 831 556 831 557 831 554 832 552 832 551 832 558 833 523 833 525 833 558 834 550 834 555 834 558 835 551 835 553 835 558 836 554 836 551 836 558 837 555 837 554 837 558 838 553 838 523 838 558 839 525 839 550 839 559 840 546 840 552 840 559 841 552 841 557 841 559 842 560 842 538 842 559 843 538 843 541 843 559 844 541 844 546 844 561 845 557 845 556 845 561 846 556 846 562 846 561 847 562 847 560 847 561 848 560 848 559 848 561 849 559 849 557 849 563 850 564 850 560 850 565 851 566 851 537 851 565 852 564 852 566 852 565 853 537 853 538 853 565 854 538 854 560 854 565 855 560 855 564 855 567 856 564 856 563 856 568 857 569 857 570 857 571 858 564 858 567 858 572 859 537 859 566 859 572 860 566 860 564 860 572 861 573 861 537 861 572 862 564 862 571 862 574 863 567 863 575 863 574 864 571 864 567 864 576 865 572 865 571 865 576 866 573 866 572 866 576 867 577 867 573 867 576 868 571 868 574 868 578 869 575 869 579 869 578 870 574 870 575 870 580 871 581 871 577 871 580 872 577 872 576 872 580 873 576 873 574 873 580 874 574 874 578 874 582 875 579 875 583 875 582 876 578 876 579 876 584 877 580 877 578 877 584 878 578 878 582 878 584 879 585 879 581 879 584 880 581 880 580 880 586 881 583 881 587 881 586 882 582 882 583 882 588 883 584 883 582 883 588 884 589 884 585 884 588 885 585 885 584 885 588 886 582 886 586 886 590 887 587 887 591 887 590 888 586 888 587 888 592 889 593 889 589 889 592 890 589 890 588 890 592 891 588 891 586 891 592 892 586 892 590 892 594 893 591 893 595 893 594 894 590 894 591 894 596 895 592 895 590 895 596 896 597 896 593 896 596 897 593 897 592 897 596 898 590 898 594 898 598 899 595 899 599 899 598 900 594 900 595 900 600 901 601 901 597 901 600 902 596 902 594 902 600 903 597 903 596 903 600 904 594 904 598 904 602 905 599 905 603 905 602 906 598 906 599 906 604 907 601 907 600 907 604 908 605 908 601 908 604 909 600 909 598 909 604 910 598 910 602 910 606 911 603 911 607 911 606 912 602 912 603 912 608 913 602 913 606 913 608 914 609 914 605 914 608 915 604 915 602 915 608 916 605 916 604 916 610 917 607 917 611 917 610 918 606 918 607 918 612 919 613 919 609 919 612 920 608 920 606 920 612 921 606 921 610 921 612 922 609 922 608 922 614 923 610 923 611 923 614 924 611 924 615 924 616 925 610 925 614 925 616 926 617 926 613 926 616 927 613 927 612 927 616 928 612 928 610 928 618 929 615 929 619 929 618 930 614 930 615 930 618 931 616 931 614 931 620 932 621 932 617 932 620 933 617 933 616 933 620 934 616 934 618 934 622 935 618 935 619 935 622 936 619 936 623 936 624 937 618 937 622 937 624 938 625 938 621 938 624 939 620 939 618 939 624 940 621 940 620 940 626 941 623 941 627 941 626 942 622 942 623 942 628 943 622 943 626 943 628 944 629 944 625 944 628 945 625 945 624 945 628 946 624 946 622 946 630 947 627 947 631 947 630 948 626 948 627 948 632 949 633 949 629 949 632 950 629 950 628 950 632 951 628 951 626 951 632 952 626 952 630 952 634 953 631 953 635 953 634 954 630 954 631 954 636 955 637 955 633 955 636 956 633 956 632 956 636 957 632 957 630 957 636 958 630 958 634 958 638 959 635 959 639 959 638 960 634 960 635 960 640 961 634 961 638 961 640 962 641 962 637 962 640 963 637 963 636 963 640 964 636 964 634 964 642 965 639 965 643 965 642 966 638 966 639 966 644 967 640 967 638 967 644 968 641 968 640 968 644 969 638 969 642 969 644 970 645 970 641 970 646 971 643 971 647 971 646 972 642 972 643 972 648 973 644 973 642 973 648 974 645 974 644 974 648 975 642 975 646 975 648 976 649 976 645 976 648 977 650 977 649 977 651 978 647 978 652 978 651 979 646 979 647 979 653 980 648 980 646 980 653 981 650 981 648 981 653 982 646 982 651 982 654 983 652 983 569 983 654 984 651 984 652 984 654 985 569 985 568 985 655 986 650 986 653 986 655 987 653 987 651 987 655 988 654 988 568 988 655 989 568 989 656 989 655 990 656 990 657 990 655 991 651 991 654 991 655 992 658 992 650 992 655 993 657 993 658 993 537 994 573 994 536 994 659 995 660 995 661 995 534 996 662 996 530 996 530 997 662 997 663 997 536 998 664 998 534 998 534 999 664 999 662 999 573 1000 664 1000 536 1000 663 1001 665 1001 666 1001 662 1002 665 1002 663 1002 662 1003 667 1003 665 1003 577 1004 667 1004 573 1004 573 1005 667 1005 664 1005 664 1006 667 1006 662 1006 666 1007 668 1007 669 1007 665 1008 668 1008 666 1008 581 1009 670 1009 577 1009 667 1010 670 1010 665 1010 577 1011 670 1011 667 1011 665 1012 670 1012 668 1012 669 1013 671 1013 672 1013 668 1014 671 1014 669 1014 670 1015 673 1015 668 1015 585 1016 673 1016 581 1016 668 1017 673 1017 671 1017 581 1018 673 1018 670 1018 672 1019 674 1019 675 1019 671 1020 674 1020 672 1020 585 1021 676 1021 673 1021 589 1022 676 1022 585 1022 673 1023 676 1023 671 1023 671 1024 676 1024 674 1024 675 1025 677 1025 678 1025 674 1026 677 1026 675 1026 674 1027 679 1027 677 1027 593 1028 679 1028 589 1028 589 1029 679 1029 676 1029 676 1030 679 1030 674 1030 678 1031 680 1031 681 1031 677 1032 680 1032 678 1032 677 1033 682 1033 680 1033 597 1034 682 1034 593 1034 593 1035 682 1035 679 1035 679 1036 682 1036 677 1036 681 1037 683 1037 684 1037 680 1038 683 1038 681 1038 682 1039 683 1039 680 1039 601 1040 685 1040 597 1040 682 1041 685 1041 683 1041 597 1042 685 1042 682 1042 684 1043 686 1043 687 1043 683 1044 686 1044 684 1044 605 1045 688 1045 601 1045 685 1046 688 1046 683 1046 601 1047 688 1047 685 1047 683 1048 688 1048 686 1048 687 1049 689 1049 690 1049 686 1050 689 1050 687 1050 609 1051 691 1051 605 1051 686 1052 691 1052 689 1052 605 1053 691 1053 688 1053 688 1054 691 1054 686 1054 690 1055 692 1055 693 1055 689 1056 692 1056 690 1056 609 1057 694 1057 691 1057 613 1058 694 1058 609 1058 689 1059 694 1059 692 1059 691 1060 694 1060 689 1060 692 1061 695 1061 693 1061 693 1062 695 1062 696 1062 617 1063 697 1063 613 1063 692 1064 697 1064 695 1064 613 1065 697 1065 694 1065 694 1066 697 1066 692 1066 696 1067 698 1067 699 1067 695 1068 698 1068 696 1068 621 1069 700 1069 617 1069 697 1070 700 1070 695 1070 695 1071 700 1071 698 1071 617 1072 700 1072 697 1072 698 1073 701 1073 699 1073 699 1074 701 1074 702 1074 698 1075 703 1075 701 1075 625 1076 703 1076 621 1076 621 1077 703 1077 700 1077 700 1078 703 1078 698 1078 702 1079 704 1079 705 1079 701 1080 704 1080 702 1080 701 1081 706 1081 704 1081 629 1082 706 1082 625 1082 703 1083 706 1083 701 1083 625 1084 706 1084 703 1084 705 1085 707 1085 708 1085 704 1086 707 1086 705 1086 704 1087 709 1087 707 1087 633 1088 709 1088 629 1088 706 1089 709 1089 704 1089 629 1090 709 1090 706 1090 708 1091 710 1091 711 1091 707 1092 710 1092 708 1092 707 1093 712 1093 710 1093 637 1094 712 1094 633 1094 709 1095 712 1095 707 1095 633 1096 712 1096 709 1096 711 1097 713 1097 714 1097 710 1098 713 1098 711 1098 710 1099 715 1099 713 1099 641 1100 715 1100 637 1100 712 1101 715 1101 710 1101 637 1102 715 1102 712 1102 715 1103 716 1103 713 1103 714 1104 716 1104 717 1104 713 1105 716 1105 714 1105 715 1106 718 1106 716 1106 641 1107 718 1107 715 1107 645 1108 718 1108 641 1108 717 1109 719 1109 720 1109 716 1110 719 1110 717 1110 716 1111 721 1111 719 1111 718 1112 721 1112 716 1112 645 1113 721 1113 718 1113 649 1114 721 1114 645 1114 719 1115 722 1115 720 1115 721 1116 722 1116 719 1116 720 1117 722 1117 723 1117 723 1118 722 1118 659 1118 649 1119 724 1119 721 1119 721 1120 724 1120 722 1120 650 1121 724 1121 649 1121 724 1122 725 1122 722 1122 722 1123 725 1123 659 1123 659 1124 725 1124 660 1124 724 1125 726 1125 725 1125 650 1126 726 1126 724 1126 725 1127 726 1127 660 1127 660 1128 726 1128 727 1128 727 1129 726 1129 657 1129 658 1130 726 1130 650 1130 657 1131 726 1131 658 1131 38 1132 530 1132 663 1132 33 1133 663 1133 666 1133 33 1134 38 1134 663 1134 29 1135 666 1135 669 1135 29 1136 33 1136 666 1136 22 1137 669 1137 672 1137 22 1138 29 1138 669 1138 18 1139 672 1139 675 1139 18 1140 22 1140 672 1140 14 1141 18 1141 675 1141 10 1142 675 1142 678 1142 10 1143 14 1143 675 1143 6 1144 678 1144 681 1144 6 1145 10 1145 678 1145 1 1146 681 1146 684 1146 1 1147 6 1147 681 1147 2 1148 684 1148 687 1148 2 1149 1 1149 684 1149 4 1150 687 1150 690 1150 4 1151 2 1151 687 1151 8 1152 690 1152 693 1152 8 1153 4 1153 690 1153 12 1154 8 1154 693 1154 12 1155 693 1155 696 1155 16 1156 12 1156 696 1156 16 1157 696 1157 699 1157 20 1158 16 1158 699 1158 20 1159 699 1159 702 1159 24 1160 20 1160 702 1160 24 1161 702 1161 705 1161 27 1162 24 1162 705 1162 27 1163 705 1163 708 1163 31 1164 27 1164 708 1164 31 1165 708 1165 711 1165 35 1166 31 1166 711 1166 35 1167 711 1167 714 1167 40 1168 35 1168 714 1168 40 1169 714 1169 717 1169 45 1170 40 1170 717 1170 45 1171 717 1171 720 1171 49 1172 45 1172 720 1172 49 1173 720 1173 723 1173 52 1174 49 1174 723 1174 52 1175 723 1175 659 1175 55 1176 52 1176 659 1176 55 1177 659 1177 661 1177 728 1178 729 1178 61 1178 728 1179 61 1179 60 1179 730 1180 60 1180 58 1180 730 1181 728 1181 60 1181 661 1182 58 1182 55 1182 661 1183 730 1183 58 1183 731 1184 732 1184 733 1184 729 1185 728 1185 734 1185 733 1186 735 1186 736 1186 732 1187 735 1187 733 1187 735 1188 737 1188 736 1188 734 1189 738 1189 732 1189 732 1190 738 1190 735 1190 728 1191 738 1191 734 1191 736 1192 739 1192 657 1192 657 1193 739 1193 727 1193 737 1194 739 1194 736 1194 730 1195 740 1195 728 1195 735 1196 740 1196 737 1196 728 1197 740 1197 738 1197 738 1198 740 1198 735 1198 660 1199 741 1199 661 1199 727 1200 741 1200 660 1200 661 1201 741 1201 730 1201 730 1202 741 1202 740 1202 739 1203 741 1203 727 1203 737 1204 741 1204 739 1204 740 1205 741 1205 737 1205 742 1206 568 1206 570 1206 743 1207 742 1207 736 1207 743 1208 736 1208 657 1208 743 1209 656 1209 568 1209 743 1210 657 1210 656 1210 743 1211 568 1211 742 1211 744 1212 745 1212 742 1212 746 1213 747 1213 733 1213 746 1214 745 1214 747 1214 746 1215 733 1215 736 1215 746 1216 736 1216 742 1216 746 1217 742 1217 745 1217 748 1218 749 1218 750 1218 744 1219 751 1219 745 1219 752 1220 753 1220 731 1220 754 1221 733 1221 747 1221 754 1222 731 1222 733 1222 754 1223 752 1223 731 1223 755 1224 751 1224 748 1224 755 1225 750 1225 753 1225 755 1226 748 1226 750 1226 755 1227 753 1227 752 1227 756 1228 747 1228 745 1228 756 1229 754 1229 747 1229 756 1230 752 1230 754 1230 756 1231 751 1231 755 1231 756 1232 755 1232 752 1232 756 1233 745 1233 751 1233 757 1234 731 1234 753 1234 758 1235 757 1235 753 1235 759 1236 753 1236 750 1236 759 1237 750 1237 749 1237 759 1238 758 1238 753 1238 760 1239 759 1239 749 1239 729 1240 734 1240 761 1240 761 1241 734 1241 762 1241 762 1242 732 1242 763 1242 734 1243 732 1243 762 1243 763 1244 731 1244 757 1244 732 1245 731 1245 763 1245 129 1246 61 1246 729 1246 129 1247 729 1247 761 1247 764 1248 765 1248 135 1248 764 1249 135 1249 133 1249 766 1250 133 1250 132 1250 766 1251 764 1251 133 1251 761 1252 132 1252 129 1252 761 1253 766 1253 132 1253 767 1254 768 1254 769 1254 769 1255 768 1255 770 1255 770 1256 768 1256 771 1256 768 1257 772 1257 771 1257 764 1258 773 1258 765 1258 765 1259 773 1259 767 1259 767 1260 773 1260 768 1260 771 1261 774 1261 775 1261 772 1262 774 1262 771 1262 768 1263 776 1263 772 1263 773 1264 776 1264 768 1264 764 1265 776 1265 773 1265 775 1266 777 1266 757 1266 757 1267 777 1267 763 1267 774 1268 777 1268 775 1268 766 1269 778 1269 764 1269 764 1270 778 1270 776 1270 776 1271 778 1271 772 1271 772 1272 778 1272 774 1272 763 1273 779 1273 762 1273 762 1274 779 1274 761 1274 761 1275 779 1275 766 1275 766 1276 779 1276 778 1276 774 1277 779 1277 777 1277 777 1278 779 1278 763 1278 778 1279 779 1279 774 1279 780 1280 775 1280 757 1280 758 1281 780 1281 757 1281 781 1282 780 1282 758 1282 759 1283 781 1283 758 1283 782 1284 781 1284 759 1284 760 1285 782 1285 759 1285 783 1286 781 1286 782 1286 784 1287 783 1287 771 1287 784 1288 771 1288 775 1288 784 1289 780 1289 781 1289 784 1290 775 1290 780 1290 784 1291 781 1291 783 1291 785 1292 786 1292 783 1292 787 1293 788 1293 770 1293 787 1294 786 1294 788 1294 787 1295 770 1295 771 1295 787 1296 771 1296 783 1296 787 1297 783 1297 786 1297 789 1298 770 1298 788 1298 790 1299 791 1299 792 1299 793 1300 794 1300 795 1300 796 1301 786 1301 785 1301 796 1302 785 1302 797 1302 798 1303 788 1303 786 1303 798 1304 786 1304 796 1304 798 1305 789 1305 788 1305 799 1306 797 1306 800 1306 799 1307 796 1307 797 1307 801 1308 798 1308 796 1308 801 1309 789 1309 798 1309 801 1310 802 1310 789 1310 801 1311 796 1311 799 1311 803 1312 800 1312 804 1312 803 1313 799 1313 800 1313 805 1314 806 1314 802 1314 805 1315 802 1315 801 1315 805 1316 801 1316 799 1316 805 1317 799 1317 803 1317 807 1318 804 1318 808 1318 807 1319 803 1319 804 1319 809 1320 805 1320 803 1320 809 1321 803 1321 807 1321 809 1322 810 1322 806 1322 809 1323 806 1323 805 1323 811 1324 808 1324 812 1324 811 1325 807 1325 808 1325 813 1326 809 1326 807 1326 813 1327 814 1327 810 1327 813 1328 810 1328 809 1328 813 1329 807 1329 811 1329 815 1330 812 1330 816 1330 815 1331 811 1331 812 1331 817 1332 818 1332 814 1332 817 1333 814 1333 813 1333 817 1334 813 1334 811 1334 817 1335 811 1335 815 1335 819 1336 816 1336 820 1336 819 1337 815 1337 816 1337 821 1338 817 1338 815 1338 821 1339 822 1339 818 1339 821 1340 818 1340 817 1340 821 1341 815 1341 819 1341 823 1342 820 1342 824 1342 823 1343 819 1343 820 1343 825 1344 826 1344 822 1344 825 1345 819 1345 823 1345 825 1346 822 1346 821 1346 825 1347 821 1347 819 1347 827 1348 824 1348 828 1348 827 1349 823 1349 824 1349 829 1350 830 1350 826 1350 829 1351 826 1351 825 1351 829 1352 825 1352 823 1352 829 1353 823 1353 827 1353 831 1354 828 1354 832 1354 831 1355 827 1355 828 1355 833 1356 834 1356 830 1356 833 1357 830 1357 829 1357 833 1358 827 1358 831 1358 833 1359 829 1359 827 1359 835 1360 832 1360 836 1360 835 1361 831 1361 832 1361 837 1362 838 1362 834 1362 837 1363 831 1363 835 1363 837 1364 833 1364 831 1364 837 1365 834 1365 833 1365 839 1366 836 1366 840 1366 839 1367 835 1367 836 1367 841 1368 838 1368 837 1368 841 1369 837 1369 835 1369 841 1370 835 1370 839 1370 841 1371 842 1371 838 1371 843 1372 840 1372 844 1372 843 1373 839 1373 840 1373 845 1374 841 1374 839 1374 845 1375 846 1375 842 1375 845 1376 842 1376 841 1376 845 1377 839 1377 843 1377 847 1378 844 1378 848 1378 847 1379 843 1379 844 1379 849 1380 850 1380 846 1380 849 1381 845 1381 843 1381 849 1382 846 1382 845 1382 849 1383 843 1383 847 1383 851 1384 848 1384 852 1384 851 1385 847 1385 848 1385 853 1386 850 1386 849 1386 853 1387 854 1387 850 1387 853 1388 849 1388 847 1388 853 1389 847 1389 851 1389 855 1390 852 1390 856 1390 855 1391 851 1391 852 1391 857 1392 851 1392 855 1392 857 1393 858 1393 854 1393 857 1394 853 1394 851 1394 857 1395 854 1395 853 1395 859 1396 856 1396 860 1396 859 1397 855 1397 856 1397 861 1398 862 1398 858 1398 861 1399 857 1399 855 1399 861 1400 858 1400 857 1400 861 1401 855 1401 859 1401 863 1402 860 1402 864 1402 863 1403 859 1403 860 1403 863 1404 861 1404 859 1404 865 1405 861 1405 863 1405 865 1406 866 1406 862 1406 865 1407 862 1407 861 1407 867 1408 864 1408 868 1408 867 1409 863 1409 864 1409 869 1410 866 1410 865 1410 869 1411 863 1411 867 1411 869 1412 865 1412 863 1412 869 1413 870 1413 866 1413 871 1414 869 1414 867 1414 871 1415 868 1415 872 1415 871 1416 867 1416 868 1416 873 1417 869 1417 871 1417 873 1418 870 1418 869 1418 873 1419 874 1419 870 1419 875 1420 872 1420 876 1420 875 1421 871 1421 872 1421 877 1422 873 1422 871 1422 877 1423 874 1423 873 1423 877 1424 871 1424 875 1424 877 1425 878 1425 874 1425 879 1426 876 1426 791 1426 879 1427 875 1427 876 1427 879 1428 877 1428 875 1428 879 1429 790 1429 795 1429 879 1430 791 1430 790 1430 880 1431 878 1431 877 1431 880 1432 879 1432 795 1432 880 1433 794 1433 878 1433 880 1434 877 1434 879 1434 880 1435 795 1435 794 1435 794 1436 793 1436 881 1436 767 1437 882 1437 765 1437 769 1438 882 1438 767 1438 765 1439 882 1439 883 1439 789 1440 884 1440 770 1440 770 1441 884 1441 769 1441 769 1442 884 1442 882 1442 883 1443 885 1443 886 1443 882 1444 885 1444 883 1444 802 1445 887 1445 789 1445 884 1446 887 1446 882 1446 882 1447 887 1447 885 1447 789 1448 887 1448 884 1448 886 1449 888 1449 889 1449 885 1450 888 1450 886 1450 806 1451 890 1451 802 1451 802 1452 890 1452 887 1452 887 1453 890 1453 885 1453 885 1454 890 1454 888 1454 889 1455 891 1455 892 1455 888 1456 891 1456 889 1456 810 1457 893 1457 806 1457 890 1458 893 1458 888 1458 888 1459 893 1459 891 1459 806 1460 893 1460 890 1460 892 1461 894 1461 895 1461 891 1462 894 1462 892 1462 814 1463 896 1463 810 1463 893 1464 896 1464 891 1464 810 1465 896 1465 893 1465 891 1466 896 1466 894 1466 895 1467 897 1467 898 1467 894 1468 897 1468 895 1468 818 1469 899 1469 814 1469 894 1470 899 1470 897 1470 896 1471 899 1471 894 1471 814 1472 899 1472 896 1472 898 1473 900 1473 901 1473 897 1474 900 1474 898 1474 822 1475 902 1475 818 1475 818 1476 902 1476 899 1476 897 1477 902 1477 900 1477 899 1478 902 1478 897 1478 901 1479 903 1479 904 1479 902 1480 903 1480 900 1480 900 1481 903 1481 901 1481 826 1482 905 1482 822 1482 830 1483 905 1483 826 1483 902 1484 905 1484 903 1484 822 1485 905 1485 902 1485 904 1486 906 1486 907 1486 903 1487 906 1487 904 1487 905 1488 908 1488 903 1488 903 1489 908 1489 906 1489 830 1490 908 1490 905 1490 907 1491 909 1491 910 1491 906 1492 909 1492 907 1492 906 1493 911 1493 909 1493 834 1494 911 1494 830 1494 830 1495 911 1495 908 1495 908 1496 911 1496 906 1496 910 1497 912 1497 913 1497 909 1498 912 1498 910 1498 838 1499 914 1499 834 1499 834 1500 914 1500 911 1500 909 1501 914 1501 912 1501 911 1502 914 1502 909 1502 913 1503 915 1503 916 1503 912 1504 915 1504 913 1504 838 1505 917 1505 914 1505 842 1506 917 1506 838 1506 914 1507 917 1507 912 1507 912 1508 917 1508 915 1508 916 1509 918 1509 919 1509 915 1510 918 1510 916 1510 917 1511 920 1511 915 1511 915 1512 920 1512 918 1512 846 1513 920 1513 842 1513 842 1514 920 1514 917 1514 919 1515 921 1515 922 1515 918 1516 921 1516 919 1516 850 1517 923 1517 846 1517 920 1518 923 1518 918 1518 846 1519 923 1519 920 1519 918 1520 923 1520 921 1520 922 1521 924 1521 925 1521 925 1522 924 1522 926 1522 921 1523 924 1523 922 1523 854 1524 927 1524 850 1524 923 1525 927 1525 921 1525 850 1526 927 1526 923 1526 921 1527 927 1527 924 1527 924 1528 928 1528 926 1528 858 1529 929 1529 854 1529 924 1530 929 1530 928 1530 927 1531 929 1531 924 1531 854 1532 929 1532 927 1532 926 1533 930 1533 931 1533 931 1534 930 1534 932 1534 928 1535 930 1535 926 1535 862 1536 933 1536 858 1536 858 1537 933 1537 929 1537 929 1538 933 1538 928 1538 928 1539 933 1539 930 1539 930 1540 934 1540 932 1540 866 1541 935 1541 862 1541 930 1542 935 1542 934 1542 933 1543 935 1543 930 1543 862 1544 935 1544 933 1544 934 1545 936 1545 932 1545 932 1546 936 1546 937 1546 935 1547 938 1547 934 1547 870 1548 938 1548 866 1548 934 1549 938 1549 936 1549 866 1550 938 1550 935 1550 936 1551 939 1551 937 1551 937 1552 939 1552 940 1552 936 1553 941 1553 939 1553 870 1554 941 1554 938 1554 874 1555 941 1555 870 1555 938 1556 941 1556 936 1556 939 1557 942 1557 940 1557 940 1558 942 1558 943 1558 939 1559 944 1559 942 1559 874 1560 944 1560 941 1560 878 1561 944 1561 874 1561 941 1562 944 1562 939 1562 942 1563 945 1563 943 1563 944 1564 945 1564 942 1564 943 1565 945 1565 946 1565 946 1566 945 1566 947 1566 947 1567 945 1567 948 1567 794 1568 949 1568 878 1568 878 1569 949 1569 944 1569 945 1570 949 1570 948 1570 948 1571 949 1571 881 1571 944 1572 949 1572 945 1572 881 1573 949 1573 794 1573 135 1574 765 1574 883 1574 137 1575 883 1575 886 1575 137 1576 135 1576 883 1576 139 1577 886 1577 889 1577 139 1578 137 1578 886 1578 141 1579 889 1579 892 1579 141 1580 139 1580 889 1580 143 1581 892 1581 895 1581 143 1582 141 1582 892 1582 145 1583 895 1583 898 1583 145 1584 143 1584 895 1584 147 1585 898 1585 901 1585 147 1586 145 1586 898 1586 149 1587 901 1587 904 1587 149 1588 147 1588 901 1588 151 1589 904 1589 907 1589 151 1590 149 1590 904 1590 153 1591 907 1591 910 1591 153 1592 151 1592 907 1592 155 1593 910 1593 913 1593 155 1594 153 1594 910 1594 157 1595 913 1595 916 1595 157 1596 155 1596 913 1596 159 1597 157 1597 916 1597 159 1598 916 1598 919 1598 161 1599 159 1599 919 1599 161 1600 919 1600 922 1600 163 1601 161 1601 922 1601 163 1602 922 1602 925 1602 165 1603 163 1603 925 1603 165 1604 925 1604 926 1604 167 1605 165 1605 926 1605 167 1606 926 1606 931 1606 169 1607 167 1607 931 1607 169 1608 931 1608 932 1608 171 1609 169 1609 932 1609 171 1610 932 1610 937 1610 173 1611 171 1611 937 1611 173 1612 937 1612 940 1612 175 1613 173 1613 940 1613 178 1614 175 1614 940 1614 178 1615 940 1615 943 1615 180 1616 178 1616 943 1616 180 1617 943 1617 946 1617 182 1618 180 1618 946 1618 182 1619 946 1619 947 1619 183 1620 182 1620 947 1620 183 1621 947 1621 950 1621 185 1622 950 1622 951 1622 185 1623 183 1623 950 1623 186 1624 951 1624 952 1624 186 1625 185 1625 951 1625 188 1626 952 1626 953 1626 188 1627 186 1627 952 1627 948 1628 954 1628 947 1628 947 1629 954 1629 950 1629 955 1630 956 1630 793 1630 881 1631 956 1631 948 1631 793 1632 956 1632 881 1632 948 1633 956 1633 954 1633 954 1634 957 1634 950 1634 958 1635 959 1635 955 1635 956 1636 959 1636 954 1636 955 1637 959 1637 956 1637 954 1638 959 1638 957 1638 950 1639 960 1639 951 1639 957 1640 960 1640 950 1640 957 1641 961 1641 960 1641 959 1642 961 1642 957 1642 958 1643 961 1643 959 1643 951 1644 962 1644 952 1644 960 1645 962 1645 951 1645 963 1646 964 1646 958 1646 958 1647 964 1647 961 1647 961 1648 964 1648 960 1648 960 1649 964 1649 962 1649 952 1650 965 1650 953 1650 953 1651 965 1651 966 1651 962 1652 965 1652 952 1652 966 1653 967 1653 968 1653 968 1654 967 1654 969 1654 969 1655 967 1655 963 1655 965 1656 967 1656 966 1656 964 1657 967 1657 962 1657 963 1658 967 1658 964 1658 962 1659 967 1659 965 1659 970 1660 790 1660 792 1660 971 1661 970 1661 955 1661 971 1662 955 1662 793 1662 971 1663 795 1663 790 1663 971 1664 793 1664 795 1664 971 1665 790 1665 970 1665 972 1666 963 1666 958 1666 973 1667 974 1667 975 1667 976 1668 974 1668 972 1668 976 1669 958 1669 955 1669 976 1670 955 1670 970 1670 976 1671 972 1671 958 1671 977 1672 970 1672 975 1672 977 1673 976 1673 970 1673 977 1674 974 1674 976 1674 977 1675 975 1675 974 1675 978 1676 979 1676 980 1676 973 1677 981 1677 974 1677 982 1678 983 1678 969 1678 984 1679 969 1679 963 1679 984 1680 963 1680 972 1680 984 1681 982 1681 969 1681 985 1682 980 1682 983 1682 985 1683 983 1683 982 1683 985 1684 978 1684 980 1684 986 1685 972 1685 974 1685 986 1686 981 1686 978 1686 986 1687 984 1687 972 1687 986 1688 982 1688 984 1688 986 1689 985 1689 982 1689 986 1690 978 1690 985 1690 986 1691 974 1691 981 1691 987 1692 988 1692 969 1692 987 1693 969 1693 983 1693 989 1694 983 1694 980 1694 989 1695 987 1695 983 1695 990 1696 980 1696 979 1696 990 1697 989 1697 980 1697 953 1698 966 1698 991 1698 991 1699 966 1699 992 1699 992 1700 968 1700 993 1700 966 1701 968 1701 992 1701 993 1702 969 1702 988 1702 968 1703 969 1703 993 1703 953 1704 991 1704 188 1704 188 1705 991 1705 206 1705 994 1706 221 1706 219 1706 995 1707 219 1707 216 1707 995 1708 994 1708 219 1708 996 1709 216 1709 212 1709 996 1710 995 1710 216 1710 997 1711 212 1711 206 1711 997 1712 996 1712 212 1712 991 1713 997 1713 206 1713 998 1714 999 1714 1000 1714 1000 1715 999 1715 1001 1715 1001 1716 999 1716 1002 1716 995 1717 1003 1717 994 1717 994 1718 1003 1718 998 1718 998 1719 1003 1719 999 1719 1002 1720 1004 1720 1005 1720 999 1721 1004 1721 1002 1721 1003 1722 1006 1722 999 1722 999 1723 1006 1723 1004 1723 995 1724 1006 1724 1003 1724 1004 1725 1007 1725 1005 1725 996 1726 1008 1726 995 1726 995 1727 1008 1727 1006 1727 1004 1728 1008 1728 1007 1728 1006 1729 1008 1729 1004 1729 1005 1730 1009 1730 1010 1730 1007 1731 1009 1731 1005 1731 997 1732 1011 1732 996 1732 996 1733 1011 1733 1008 1733 1008 1734 1011 1734 1007 1734 1007 1735 1011 1735 1009 1735 1010 1736 1012 1736 988 1736 988 1737 1012 1737 993 1737 1009 1738 1012 1738 1010 1738 993 1739 1013 1739 992 1739 992 1740 1013 1740 991 1740 991 1741 1013 1741 997 1741 997 1742 1013 1742 1011 1742 1012 1743 1013 1743 993 1743 1011 1744 1013 1744 1009 1744 1009 1745 1013 1745 1012 1745 990 1746 1014 1746 989 1746 1015 1747 1010 1747 988 1747 1015 1748 1016 1748 1010 1748 1017 1749 988 1749 987 1749 1017 1750 1015 1750 988 1750 1018 1751 1014 1751 1019 1751 1018 1752 1019 1752 1020 1752 1018 1753 1021 1753 1016 1753 1018 1754 1020 1754 1021 1754 1018 1755 1016 1755 1015 1755 1022 1756 987 1756 989 1756 1022 1757 1015 1757 1017 1757 1022 1758 1014 1758 1018 1758 1022 1759 1018 1759 1015 1759 1022 1760 1017 1760 987 1760 1022 1761 989 1761 1014 1761 1023 1762 1010 1762 1016 1762 1023 1763 1016 1763 1021 1763 1023 1764 1024 1764 1002 1764 1023 1765 1002 1765 1005 1765 1023 1766 1005 1766 1010 1766 1025 1767 1021 1767 1020 1767 1025 1768 1020 1768 1026 1768 1025 1769 1026 1769 1024 1769 1025 1770 1024 1770 1023 1770 1025 1771 1023 1771 1021 1771 1027 1772 1028 1772 1024 1772 1029 1773 1030 1773 1001 1773 1029 1774 1028 1774 1030 1774 1029 1775 1001 1775 1002 1775 1029 1776 1002 1776 1024 1776 1029 1777 1024 1777 1028 1777 1031 1778 1001 1778 1030 1778 277 1779 1032 1779 278 1779 1033 1780 1028 1780 1027 1780 1033 1781 1027 1781 1034 1781 1035 1782 1030 1782 1028 1782 1035 1783 1031 1783 1030 1783 1035 1784 1028 1784 1033 1784 1036 1785 1034 1785 1037 1785 1036 1786 1033 1786 1034 1786 1038 1787 1035 1787 1033 1787 1038 1788 1039 1788 1031 1788 1038 1789 1033 1789 1036 1789 1038 1790 1031 1790 1035 1790 1040 1791 1036 1791 1037 1791 1040 1792 1037 1792 1041 1792 1042 1793 1043 1793 1039 1793 1042 1794 1036 1794 1040 1794 1042 1795 1039 1795 1038 1795 1042 1796 1038 1796 1036 1796 1044 1797 1040 1797 1041 1797 1044 1798 1041 1798 1045 1798 1046 1799 1042 1799 1040 1799 1046 1800 1047 1800 1043 1800 1046 1801 1043 1801 1042 1801 1046 1802 1040 1802 1044 1802 1048 1803 1045 1803 1049 1803 1048 1804 1044 1804 1045 1804 1050 1805 1051 1805 1047 1805 1050 1806 1047 1806 1046 1806 1050 1807 1046 1807 1044 1807 1050 1808 1044 1808 1048 1808 1052 1809 1049 1809 1053 1809 1052 1810 1048 1810 1049 1810 1054 1811 1055 1811 1051 1811 1054 1812 1051 1812 1050 1812 1054 1813 1050 1813 1048 1813 1054 1814 1048 1814 1052 1814 1056 1815 1053 1815 1057 1815 1056 1816 1052 1816 1053 1816 1058 1817 1059 1817 1055 1817 1058 1818 1054 1818 1052 1818 1058 1819 1052 1819 1056 1819 1058 1820 1055 1820 1054 1820 1060 1821 1057 1821 1061 1821 1060 1822 1058 1822 1056 1822 1060 1823 1056 1823 1057 1823 1062 1824 1063 1824 1059 1824 1062 1825 1058 1825 1060 1825 1062 1826 1059 1826 1058 1826 1064 1827 1061 1827 1065 1827 1064 1828 1060 1828 1061 1828 1066 1829 1063 1829 1062 1829 1066 1830 1067 1830 1063 1830 1066 1831 1062 1831 1060 1831 1066 1832 1060 1832 1064 1832 1068 1833 1065 1833 1069 1833 1068 1834 1064 1834 1065 1834 1070 1835 1071 1835 1067 1835 1070 1836 1064 1836 1068 1836 1070 1837 1067 1837 1066 1837 1070 1838 1066 1838 1064 1838 1072 1839 1069 1839 1073 1839 1072 1840 1068 1840 1069 1840 1074 1841 1071 1841 1070 1841 1074 1842 1075 1842 1071 1842 1074 1843 1068 1843 1072 1843 1074 1844 1070 1844 1068 1844 1076 1845 1072 1845 1073 1845 1076 1846 1073 1846 1077 1846 1078 1847 1079 1847 1075 1847 1078 1848 1072 1848 1076 1848 1078 1849 1075 1849 1074 1849 1078 1850 1074 1850 1072 1850 1080 1851 1077 1851 1081 1851 1080 1852 1076 1852 1077 1852 1082 1853 1083 1853 1079 1853 1082 1854 1079 1854 1078 1854 1082 1855 1078 1855 1076 1855 1082 1856 1076 1856 1080 1856 1084 1857 1081 1857 1085 1857 1084 1858 1080 1858 1081 1858 1086 1859 1082 1859 1080 1859 1086 1860 1083 1860 1082 1860 1086 1861 1080 1861 1084 1861 1086 1862 1087 1862 1083 1862 1088 1863 1085 1863 1089 1863 1088 1864 1084 1864 1085 1864 1090 1865 1091 1865 1087 1865 1090 1866 1086 1866 1084 1866 1090 1867 1087 1867 1086 1867 1090 1868 1084 1868 1088 1868 1092 1869 1088 1869 1089 1869 1092 1870 1089 1870 1093 1870 1094 1871 1095 1871 1091 1871 1094 1872 1088 1872 1092 1872 1094 1873 1090 1873 1088 1873 1094 1874 1091 1874 1090 1874 1096 1875 1093 1875 1097 1875 1096 1876 1092 1876 1093 1876 1098 1877 1099 1877 1095 1877 1098 1878 1100 1878 1099 1878 1098 1879 1095 1879 1094 1879 1098 1880 1094 1880 1092 1880 1098 1881 1092 1881 1096 1881 1101 1882 1096 1882 1097 1882 1101 1883 1097 1883 1102 1883 1103 1884 1096 1884 1101 1884 1103 1885 1098 1885 1096 1885 1103 1886 1100 1886 1098 1886 1104 1887 1101 1887 1102 1887 1104 1888 1103 1888 1101 1888 1104 1889 1102 1889 1105 1889 1106 1890 1100 1890 1103 1890 1106 1891 1107 1891 1100 1891 1106 1892 1103 1892 1104 1892 1108 1893 1104 1893 1105 1893 1108 1894 1105 1894 1109 1894 1110 1895 1104 1895 1108 1895 1110 1896 1107 1896 1106 1896 1110 1897 1111 1897 1107 1897 1110 1898 1106 1898 1104 1898 1112 1899 1108 1899 1109 1899 1112 1900 1109 1900 1113 1900 1112 1901 1110 1901 1108 1901 1114 1902 1111 1902 1110 1902 1114 1903 1115 1903 1111 1903 1114 1904 1110 1904 1112 1904 1116 1905 1112 1905 1113 1905 1116 1906 1113 1906 1032 1906 1116 1907 1032 1907 277 1907 1117 1908 277 1908 280 1908 1117 1909 280 1909 271 1909 1117 1910 1114 1910 1112 1910 1117 1911 1116 1911 277 1911 1117 1912 1115 1912 1114 1912 1117 1913 1118 1913 1115 1913 1117 1914 271 1914 1118 1914 1117 1915 1112 1915 1116 1915 1001 1916 1031 1916 1000 1916 1119 1917 274 1917 261 1917 998 1918 1120 1918 994 1918 994 1919 1120 1919 1121 1919 1000 1920 1122 1920 998 1920 998 1921 1122 1921 1120 1921 1031 1922 1122 1922 1000 1922 1121 1923 1123 1923 1124 1923 1120 1924 1123 1924 1121 1924 1120 1925 1125 1925 1123 1925 1039 1926 1125 1926 1031 1926 1031 1927 1125 1927 1122 1927 1122 1928 1125 1928 1120 1928 1124 1929 1126 1929 1127 1929 1123 1930 1126 1930 1124 1930 1043 1931 1128 1931 1039 1931 1125 1932 1128 1932 1123 1932 1039 1933 1128 1933 1125 1933 1123 1934 1128 1934 1126 1934 1127 1935 1129 1935 1130 1935 1126 1936 1129 1936 1127 1936 1128 1937 1131 1937 1126 1937 1126 1938 1131 1938 1129 1938 1047 1939 1131 1939 1043 1939 1043 1940 1131 1940 1128 1940 1130 1941 1132 1941 1133 1941 1129 1942 1132 1942 1130 1942 1047 1943 1134 1943 1131 1943 1051 1944 1134 1944 1047 1944 1131 1945 1134 1945 1129 1945 1129 1946 1134 1946 1132 1946 1133 1947 1135 1947 1136 1947 1132 1948 1135 1948 1133 1948 1132 1949 1137 1949 1135 1949 1055 1950 1137 1950 1051 1950 1134 1951 1137 1951 1132 1951 1051 1952 1137 1952 1134 1952 1136 1953 1138 1953 1139 1953 1139 1954 1138 1954 1140 1954 1135 1955 1138 1955 1136 1955 1137 1956 1141 1956 1135 1956 1059 1957 1141 1957 1055 1957 1055 1958 1141 1958 1137 1958 1135 1959 1141 1959 1138 1959 1138 1960 1142 1960 1140 1960 1141 1961 1143 1961 1138 1961 1063 1962 1143 1962 1059 1962 1138 1963 1143 1963 1142 1963 1059 1964 1143 1964 1141 1964 1140 1965 1144 1965 1145 1965 1142 1966 1144 1966 1140 1966 1067 1967 1146 1967 1063 1967 1063 1968 1146 1968 1143 1968 1143 1969 1146 1969 1142 1969 1142 1970 1146 1970 1144 1970 1145 1971 1147 1971 1148 1971 1144 1972 1147 1972 1145 1972 1144 1973 1149 1973 1147 1973 1071 1974 1149 1974 1067 1974 1067 1975 1149 1975 1146 1975 1146 1976 1149 1976 1144 1976 1148 1977 1150 1977 1151 1977 1147 1978 1150 1978 1148 1978 1071 1979 1152 1979 1149 1979 1075 1980 1152 1980 1071 1980 1147 1981 1152 1981 1150 1981 1149 1982 1152 1982 1147 1982 1150 1983 1153 1983 1151 1983 1151 1984 1153 1984 1154 1984 1150 1985 1155 1985 1153 1985 1079 1986 1155 1986 1075 1986 1083 1987 1155 1987 1079 1987 1152 1988 1155 1988 1150 1988 1075 1989 1155 1989 1152 1989 1154 1990 1156 1990 1157 1990 1153 1991 1156 1991 1154 1991 1087 1992 1158 1992 1083 1992 1083 1993 1158 1993 1155 1993 1155 1994 1158 1994 1153 1994 1153 1995 1158 1995 1156 1995 1156 1996 1159 1996 1157 1996 1157 1997 1159 1997 1160 1997 1156 1998 1161 1998 1159 1998 1087 1999 1161 1999 1158 1999 1158 2000 1161 2000 1156 2000 1160 2001 1162 2001 1163 2001 1159 2002 1162 2002 1160 2002 1161 2003 1162 2003 1159 2003 1091 2004 1164 2004 1087 2004 1095 2005 1164 2005 1091 2005 1087 2006 1164 2006 1161 2006 1161 2007 1164 2007 1162 2007 1163 2008 1165 2008 1166 2008 1162 2009 1165 2009 1163 2009 1164 2010 1165 2010 1162 2010 1099 2011 1167 2011 1095 2011 1095 2012 1167 2012 1164 2012 1164 2013 1167 2013 1165 2013 1166 2014 1168 2014 1169 2014 1165 2015 1168 2015 1166 2015 1165 2016 1170 2016 1168 2016 1099 2017 1170 2017 1167 2017 1167 2018 1170 2018 1165 2018 1169 2019 1171 2019 1172 2019 1168 2020 1171 2020 1169 2020 1170 2021 1171 2021 1168 2021 1099 2022 1173 2022 1170 2022 1170 2023 1173 2023 1171 2023 1100 2024 1173 2024 1099 2024 1172 2025 1174 2025 1175 2025 1171 2026 1174 2026 1172 2026 1173 2027 1176 2027 1171 2027 1100 2028 1176 2028 1173 2028 1171 2029 1176 2029 1174 2029 1107 2030 1176 2030 1100 2030 1111 2031 1176 2031 1107 2031 1174 2032 1177 2032 1175 2032 1175 2033 1177 2033 1178 2033 1174 2034 1179 2034 1177 2034 1176 2035 1179 2035 1174 2035 1111 2036 1179 2036 1176 2036 1177 2037 1180 2037 1178 2037 1178 2038 1180 2038 1181 2038 1177 2039 1182 2039 1180 2039 1111 2040 1182 2040 1179 2040 1179 2041 1182 2041 1177 2041 1115 2042 1182 2042 1111 2042 1180 2043 1183 2043 1181 2043 1181 2044 1183 2044 1119 2044 1119 2045 1183 2045 274 2045 1180 2046 1184 2046 1183 2046 1115 2047 1184 2047 1182 2047 1183 2048 1184 2048 274 2048 274 2049 1184 2049 272 2049 272 2050 1184 2050 271 2050 1182 2051 1184 2051 1180 2051 1118 2052 1184 2052 1115 2052 271 2053 1184 2053 1118 2053 224 2054 221 2054 994 2054 224 2055 994 2055 1121 2055 228 2056 1121 2056 1124 2056 228 2057 224 2057 1121 2057 232 2058 1124 2058 1127 2058 232 2059 228 2059 1124 2059 237 2060 1127 2060 1130 2060 237 2061 232 2061 1127 2061 241 2062 1130 2062 1133 2062 241 2063 1133 2063 1136 2063 241 2064 237 2064 1130 2064 245 2065 1136 2065 1139 2065 245 2066 241 2066 1136 2066 249 2067 1139 2067 1140 2067 249 2068 245 2068 1139 2068 253 2069 1140 2069 1145 2069 253 2070 249 2070 1140 2070 257 2071 1145 2071 1148 2071 257 2072 253 2072 1145 2072 255 2073 1148 2073 1151 2073 255 2074 257 2074 1148 2074 251 2075 1151 2075 1154 2075 251 2076 255 2076 1151 2076 247 2077 251 2077 1154 2077 247 2078 1154 2078 1157 2078 243 2079 247 2079 1157 2079 243 2080 1157 2080 1160 2080 239 2081 243 2081 1160 2081 239 2082 1160 2082 1163 2082 235 2083 239 2083 1163 2083 235 2084 1163 2084 1166 2084 230 2085 235 2085 1166 2085 230 2086 1166 2086 1169 2086 226 2087 230 2087 1169 2087 226 2088 1169 2088 1172 2088 222 2089 226 2089 1172 2089 222 2090 1172 2090 1175 2090 217 2091 222 2091 1175 2091 217 2092 1175 2092 1178 2092 214 2093 217 2093 1178 2093 214 2094 1178 2094 1181 2094 204 2095 214 2095 1181 2095 204 2096 1181 2096 1119 2096 202 2097 204 2097 1119 2097 202 2098 1119 2098 261 2098 200 2099 202 2099 261 2099 1027 2100 1024 2100 1185 2100 1027 2101 1185 2101 1186 2101 1027 2102 1186 2102 1187 2102 1034 2103 1187 2103 1188 2103 1034 2104 1027 2104 1187 2104 1037 2105 1188 2105 1189 2105 1037 2106 1034 2106 1188 2106 1041 2107 1189 2107 1190 2107 1041 2108 1037 2108 1189 2108 1045 2109 1190 2109 1191 2109 1045 2110 1041 2110 1190 2110 1049 2111 1191 2111 1192 2111 1049 2112 1045 2112 1191 2112 1053 2113 1192 2113 1193 2113 1053 2114 1049 2114 1192 2114 1057 2115 1193 2115 1194 2115 1057 2116 1053 2116 1193 2116 1061 2117 1194 2117 1195 2117 1061 2118 1057 2118 1194 2118 1065 2119 1195 2119 1196 2119 1065 2120 1061 2120 1195 2120 1069 2121 1065 2121 1196 2121 1069 2122 1196 2122 1197 2122 1073 2123 1069 2123 1197 2123 1073 2124 1197 2124 1198 2124 1077 2125 1073 2125 1198 2125 1077 2126 1198 2126 1199 2126 1081 2127 1077 2127 1199 2127 1081 2128 1199 2128 1200 2128 1085 2129 1081 2129 1200 2129 1085 2130 1200 2130 1201 2130 1089 2131 1085 2131 1201 2131 1089 2132 1201 2132 1202 2132 1093 2133 1089 2133 1202 2133 1093 2134 1202 2134 1203 2134 1097 2135 1093 2135 1203 2135 1097 2136 1203 2136 1204 2136 1102 2137 1097 2137 1204 2137 1102 2138 1204 2138 1205 2138 1105 2139 1102 2139 1205 2139 1105 2140 1205 2140 1206 2140 1109 2141 1105 2141 1206 2141 1109 2142 1206 2142 1207 2142 1113 2143 1109 2143 1207 2143 1113 2144 1207 2144 1208 2144 1032 2145 1113 2145 1208 2145 1032 2146 1208 2146 1209 2146 278 2147 1032 2147 1209 2147 276 2148 1209 2148 1210 2148 276 2149 278 2149 1209 2149 1211 2150 1212 2150 1213 2150 1210 2151 1214 2151 1211 2151 1210 2152 1211 2152 1213 2152 1209 2153 1214 2153 1210 2153 1215 2154 1216 2154 1217 2154 1218 2155 1219 2155 1220 2155 1221 2156 1222 2156 1223 2156 1224 2157 1222 2157 1225 2157 1223 2158 1222 2158 1224 2158 1226 2159 1222 2159 1216 2159 1217 2160 1222 2160 1221 2160 1216 2161 1222 2161 1217 2161 1225 2162 1222 2162 1226 2162 1225 2163 1227 2163 1228 2163 1228 2164 1227 2164 1229 2164 1230 2165 1227 2165 1231 2165 1231 2166 1227 2166 1226 2166 1226 2167 1227 2167 1225 2167 1229 2168 1227 2168 1230 2168 1232 2169 1233 2169 1212 2169 1229 2170 1233 2170 1232 2170 1212 2171 1233 2171 1213 2171 1213 2172 1233 2172 1219 2172 1220 2173 1233 2173 1230 2173 1219 2174 1233 2174 1220 2174 1230 2175 1233 2175 1229 2175 1234 2176 1221 2176 1223 2176 1235 2177 1236 2177 1237 2177 1235 2178 1221 2178 1234 2178 1235 2179 1234 2179 1236 2179 1238 2180 1239 2180 1235 2180 1240 2181 1241 2181 1217 2181 1240 2182 1239 2182 1241 2182 1240 2183 1217 2183 1221 2183 1240 2184 1221 2184 1235 2184 1240 2185 1235 2185 1239 2185 1241 2186 1242 2186 1215 2186 1241 2187 1215 2187 1217 2187 1239 2188 1243 2188 1242 2188 1239 2189 1242 2189 1241 2189 1238 2190 1244 2190 1243 2190 1238 2191 1243 2191 1239 2191 1245 2192 1215 2192 1242 2192 1246 2193 1245 2193 1242 2193 1247 2194 1242 2194 1243 2194 1247 2195 1246 2195 1242 2195 1248 2196 1243 2196 1244 2196 1248 2197 1247 2197 1243 2197 1218 2198 1220 2198 1249 2198 1250 2199 1220 2199 1251 2199 1249 2200 1220 2200 1250 2200 1251 2201 1230 2201 1252 2201 1220 2202 1230 2202 1251 2202 1230 2203 1231 2203 1252 2203 1252 2204 1226 2204 1253 2204 1231 2205 1226 2205 1252 2205 1253 2206 1216 2206 1254 2206 1226 2207 1216 2207 1253 2207 1254 2208 1215 2208 1245 2208 1216 2209 1215 2209 1254 2209 1255 2210 1249 2210 1256 2210 1255 2211 1218 2211 1249 2211 1257 2212 1256 2212 1258 2212 1257 2213 1255 2213 1256 2213 1259 2214 1258 2214 1260 2214 1259 2215 1257 2215 1258 2215 1261 2216 1262 2216 1263 2216 1259 2217 1264 2217 1257 2217 1265 2218 1266 2218 1219 2218 1265 2219 1219 2219 1218 2219 1267 2220 1218 2220 1255 2220 1267 2221 1265 2221 1218 2221 1268 2222 1263 2222 1266 2222 1268 2223 1266 2223 1265 2223 1268 2224 1261 2224 1263 2224 1269 2225 1255 2225 1257 2225 1269 2226 1264 2226 1261 2226 1269 2227 1265 2227 1267 2227 1269 2228 1267 2228 1255 2228 1269 2229 1261 2229 1268 2229 1269 2230 1268 2230 1265 2230 1269 2231 1257 2231 1264 2231 1210 2232 1263 2232 1262 2232 1270 2233 1210 2233 1213 2233 1270 2234 1213 2234 1219 2234 1270 2235 1266 2235 1263 2235 1270 2236 1219 2236 1266 2236 1270 2237 1263 2237 1210 2237 1210 2238 281 2238 276 2238 1210 2239 1262 2239 281 2239 281 2240 1262 2240 1261 2240 288 2241 281 2241 1261 2241 285 2242 1261 2242 1264 2242 285 2243 288 2243 1261 2243 286 2244 1264 2244 1259 2244 286 2245 285 2245 1264 2245 297 2246 1259 2246 1260 2246 297 2247 286 2247 1259 2247 319 2248 1260 2248 1271 2248 319 2249 297 2249 1260 2249 1272 2250 1256 2250 1249 2250 1272 2251 1249 2251 1273 2251 1274 2252 1258 2252 1256 2252 1274 2253 1256 2253 1272 2253 1271 2254 1260 2254 1258 2254 1271 2255 1258 2255 1274 2255 1275 2256 1276 2256 1277 2256 1278 2257 1279 2257 1280 2257 1281 2258 1282 2258 1245 2258 1245 2259 1282 2259 1254 2259 1254 2260 1282 2260 1253 2260 1283 2261 1282 2261 1276 2261 1277 2262 1282 2262 1281 2262 1276 2263 1282 2263 1277 2263 1253 2264 1282 2264 1283 2264 1253 2265 1284 2265 1252 2265 1252 2266 1284 2266 1251 2266 1285 2267 1284 2267 1286 2267 1286 2268 1284 2268 1283 2268 1283 2269 1284 2269 1253 2269 1251 2270 1284 2270 1285 2270 1251 2271 1287 2271 1250 2271 1250 2272 1287 2272 1249 2272 1249 2273 1287 2273 1273 2273 1273 2274 1287 2274 1279 2274 1280 2275 1287 2275 1285 2275 1285 2276 1287 2276 1251 2276 1279 2277 1287 2277 1280 2277 1288 2278 1289 2278 1290 2278 1248 2279 1291 2279 1247 2279 1292 2280 1293 2280 1281 2280 1292 2281 1281 2281 1245 2281 1294 2282 1245 2282 1246 2282 1294 2283 1292 2283 1245 2283 1295 2284 1290 2284 1293 2284 1295 2285 1293 2285 1292 2285 1295 2286 1288 2286 1290 2286 1296 2287 1246 2287 1247 2287 1296 2288 1291 2288 1288 2288 1296 2289 1292 2289 1294 2289 1296 2290 1294 2290 1246 2290 1296 2291 1288 2291 1295 2291 1296 2292 1295 2292 1292 2292 1296 2293 1247 2293 1291 2293 1297 2294 1290 2294 1289 2294 1298 2295 1297 2295 1277 2295 1298 2296 1277 2296 1281 2296 1298 2297 1293 2297 1290 2297 1298 2298 1281 2298 1293 2298 1298 2299 1290 2299 1297 2299 1299 2300 1300 2300 1297 2300 1301 2301 1302 2301 1275 2301 1301 2302 1300 2302 1302 2302 1301 2303 1275 2303 1277 2303 1301 2304 1277 2304 1297 2304 1301 2305 1297 2305 1300 2305 1303 2306 1275 2306 1302 2306 1304 2307 1305 2307 1306 2307 1307 2308 1300 2308 1299 2308 1307 2309 1299 2309 1308 2309 1309 2310 1302 2310 1300 2310 1309 2311 1300 2311 1307 2311 1309 2312 1303 2312 1302 2312 1310 2313 1308 2313 1311 2313 1310 2314 1307 2314 1308 2314 1312 2315 1309 2315 1307 2315 1312 2316 1303 2316 1309 2316 1312 2317 1313 2317 1303 2317 1312 2318 1307 2318 1310 2318 1314 2319 1311 2319 1315 2319 1314 2320 1310 2320 1311 2320 1316 2321 1317 2321 1313 2321 1316 2322 1312 2322 1310 2322 1316 2323 1313 2323 1312 2323 1316 2324 1310 2324 1314 2324 1318 2325 1315 2325 1319 2325 1318 2326 1314 2326 1315 2326 1320 2327 1316 2327 1314 2327 1320 2328 1314 2328 1318 2328 1320 2329 1321 2329 1317 2329 1320 2330 1317 2330 1316 2330 1322 2331 1318 2331 1319 2331 1322 2332 1319 2332 1323 2332 1324 2333 1321 2333 1320 2333 1324 2334 1325 2334 1321 2334 1324 2335 1320 2335 1318 2335 1324 2336 1318 2336 1322 2336 1326 2337 1323 2337 1327 2337 1326 2338 1322 2338 1323 2338 1328 2339 1322 2339 1326 2339 1328 2340 1329 2340 1325 2340 1328 2341 1325 2341 1324 2341 1328 2342 1324 2342 1322 2342 1330 2343 1327 2343 1331 2343 1330 2344 1326 2344 1327 2344 1332 2345 1326 2345 1330 2345 1332 2346 1333 2346 1329 2346 1332 2347 1334 2347 1333 2347 1332 2348 1329 2348 1328 2348 1332 2349 1328 2349 1326 2349 1335 2350 1331 2350 1336 2350 1335 2351 1330 2351 1331 2351 1337 2352 1332 2352 1330 2352 1337 2353 1330 2353 1335 2353 1337 2354 1334 2354 1332 2354 1338 2355 1336 2355 1339 2355 1338 2356 1335 2356 1336 2356 1340 2357 1341 2357 1334 2357 1340 2358 1334 2358 1337 2358 1340 2359 1335 2359 1338 2359 1340 2360 1337 2360 1335 2360 1342 2361 1339 2361 1343 2361 1342 2362 1338 2362 1339 2362 1344 2363 1338 2363 1342 2363 1344 2364 1345 2364 1341 2364 1344 2365 1346 2365 1345 2365 1344 2366 1341 2366 1340 2366 1344 2367 1340 2367 1338 2367 1347 2368 1344 2368 1342 2368 1347 2369 1343 2369 1348 2369 1347 2370 1342 2370 1343 2370 1349 2371 1350 2371 1346 2371 1349 2372 1346 2372 1344 2372 1349 2373 1344 2373 1347 2373 1351 2374 1348 2374 1352 2374 1351 2375 1347 2375 1348 2375 1353 2376 1354 2376 1350 2376 1353 2377 1349 2377 1347 2377 1353 2378 1350 2378 1349 2378 1353 2379 1347 2379 1351 2379 1355 2380 1351 2380 1352 2380 1355 2381 1352 2381 1356 2381 1357 2382 1351 2382 1355 2382 1357 2383 1354 2383 1353 2383 1357 2384 1353 2384 1351 2384 1358 2385 1356 2385 1359 2385 1358 2386 1355 2386 1356 2386 1358 2387 1357 2387 1355 2387 1360 2388 1361 2388 1354 2388 1360 2389 1354 2389 1357 2389 1360 2390 1357 2390 1358 2390 1362 2391 1359 2391 1363 2391 1362 2392 1358 2392 1359 2392 1364 2393 1365 2393 1361 2393 1364 2394 1361 2394 1360 2394 1364 2395 1360 2395 1358 2395 1364 2396 1358 2396 1362 2396 1366 2397 1363 2397 1367 2397 1366 2398 1362 2398 1363 2398 1368 2399 1369 2399 1365 2399 1368 2400 1365 2400 1364 2400 1368 2401 1364 2401 1362 2401 1368 2402 1362 2402 1366 2402 1370 2403 1367 2403 1371 2403 1370 2404 1366 2404 1367 2404 1370 2405 1368 2405 1366 2405 1372 2406 1373 2406 1369 2406 1372 2407 1369 2407 1368 2407 1372 2408 1368 2408 1370 2408 1374 2409 1371 2409 1375 2409 1374 2410 1370 2410 1371 2410 1376 2411 1372 2411 1370 2411 1376 2412 1370 2412 1374 2412 1376 2413 1377 2413 1373 2413 1376 2414 1378 2414 1377 2414 1376 2415 1373 2415 1372 2415 1379 2416 1375 2416 1380 2416 1379 2417 1374 2417 1375 2417 1381 2418 1378 2418 1376 2418 1381 2419 1374 2419 1379 2419 1381 2420 1382 2420 1378 2420 1381 2421 1376 2421 1374 2421 1383 2422 1380 2422 1384 2422 1383 2423 1381 2423 1379 2423 1383 2424 1379 2424 1380 2424 1385 2425 1382 2425 1381 2425 1385 2426 1381 2426 1383 2426 1386 2427 1384 2427 1387 2427 1386 2428 1383 2428 1384 2428 1386 2429 1385 2429 1383 2429 1388 2430 1382 2430 1385 2430 1388 2431 1385 2431 1386 2431 1388 2432 1389 2432 1382 2432 1390 2433 1387 2433 1305 2433 1390 2434 1386 2434 1387 2434 1390 2435 1305 2435 1304 2435 1391 2436 1388 2436 1386 2436 1391 2437 1389 2437 1388 2437 1391 2438 1390 2438 1304 2438 1391 2439 1304 2439 1392 2439 1391 2440 1392 2440 1393 2440 1391 2441 1386 2441 1390 2441 1391 2442 1394 2442 1389 2442 1391 2443 1393 2443 1394 2443 1395 2444 1396 2444 1397 2444 1280 2445 1398 2445 1278 2445 1285 2446 1398 2446 1280 2446 1278 2447 1398 2447 1399 2447 1283 2448 1400 2448 1286 2448 1286 2449 1400 2449 1285 2449 1285 2450 1400 2450 1398 2450 1276 2451 1401 2451 1283 2451 1283 2452 1401 2452 1400 2452 1398 2453 1402 2453 1399 2453 1399 2454 1402 2454 1403 2454 1303 2455 1404 2455 1275 2455 1275 2456 1404 2456 1276 2456 1276 2457 1404 2457 1401 2457 1400 2458 1405 2458 1398 2458 1398 2459 1405 2459 1402 2459 1400 2460 1406 2460 1405 2460 1401 2461 1406 2461 1400 2461 1403 2462 1407 2462 1408 2462 1402 2463 1407 2463 1403 2463 1313 2464 1409 2464 1303 2464 1404 2465 1409 2465 1401 2465 1303 2466 1409 2466 1404 2466 1401 2467 1409 2467 1406 2467 1405 2468 1410 2468 1402 2468 1402 2469 1410 2469 1407 2469 1405 2470 1411 2470 1410 2470 1406 2471 1411 2471 1405 2471 1408 2472 1412 2472 1413 2472 1407 2473 1412 2473 1408 2473 1317 2474 1414 2474 1313 2474 1313 2475 1414 2475 1409 2475 1409 2476 1414 2476 1406 2476 1406 2477 1414 2477 1411 2477 1410 2478 1415 2478 1407 2478 1407 2479 1415 2479 1412 2479 1411 2480 1416 2480 1410 2480 1410 2481 1416 2481 1415 2481 1412 2482 1417 2482 1413 2482 1413 2483 1417 2483 1418 2483 1321 2484 1419 2484 1317 2484 1411 2485 1419 2485 1416 2485 1414 2486 1419 2486 1411 2486 1317 2487 1419 2487 1414 2487 1415 2488 1420 2488 1412 2488 1412 2489 1420 2489 1417 2489 1416 2490 1421 2490 1415 2490 1415 2491 1421 2491 1420 2491 1418 2492 1422 2492 1423 2492 1417 2493 1422 2493 1418 2493 1325 2494 1424 2494 1321 2494 1416 2495 1424 2495 1421 2495 1419 2496 1424 2496 1416 2496 1321 2497 1424 2497 1419 2497 1421 2498 1425 2498 1420 2498 1420 2499 1425 2499 1417 2499 1417 2500 1425 2500 1422 2500 1421 2501 1426 2501 1425 2501 1422 2502 1427 2502 1423 2502 1423 2503 1427 2503 1428 2503 1329 2504 1429 2504 1325 2504 1424 2505 1429 2505 1421 2505 1421 2506 1429 2506 1426 2506 1325 2507 1429 2507 1424 2507 1425 2508 1430 2508 1422 2508 1422 2509 1430 2509 1427 2509 1426 2510 1431 2510 1425 2510 1425 2511 1431 2511 1430 2511 1428 2512 1432 2512 1433 2512 1427 2513 1432 2513 1428 2513 1333 2514 1434 2514 1329 2514 1334 2515 1434 2515 1333 2515 1426 2516 1434 2516 1431 2516 1329 2517 1434 2517 1429 2517 1429 2518 1434 2518 1426 2518 1430 2519 1435 2519 1427 2519 1431 2520 1435 2520 1430 2520 1427 2521 1435 2521 1432 2521 1431 2522 1436 2522 1435 2522 1432 2523 1437 2523 1433 2523 1433 2524 1437 2524 1438 2524 1431 2525 1439 2525 1436 2525 1434 2526 1439 2526 1431 2526 1334 2527 1439 2527 1434 2527 1432 2528 1440 2528 1437 2528 1435 2529 1440 2529 1432 2529 1435 2530 1441 2530 1440 2530 1436 2531 1441 2531 1435 2531 1437 2532 1442 2532 1438 2532 1438 2533 1442 2533 1443 2533 1436 2534 1444 2534 1441 2534 1439 2535 1444 2535 1436 2535 1334 2536 1444 2536 1439 2536 1341 2537 1444 2537 1334 2537 1437 2538 1445 2538 1442 2538 1441 2539 1445 2539 1440 2539 1440 2540 1445 2540 1437 2540 1441 2541 1446 2541 1445 2541 1445 2542 1447 2542 1442 2542 1442 2543 1447 2543 1443 2543 1443 2544 1447 2544 1448 2544 1345 2545 1449 2545 1341 2545 1341 2546 1449 2546 1444 2546 1441 2547 1449 2547 1446 2547 1444 2548 1449 2548 1441 2548 1445 2549 1450 2549 1447 2549 1445 2550 1451 2550 1450 2550 1446 2551 1451 2551 1445 2551 1447 2552 1452 2552 1448 2552 1448 2553 1452 2553 1453 2553 1346 2554 1454 2554 1345 2554 1345 2555 1454 2555 1449 2555 1449 2556 1454 2556 1446 2556 1446 2557 1454 2557 1451 2557 1447 2558 1455 2558 1452 2558 1450 2559 1455 2559 1447 2559 1451 2560 1456 2560 1450 2560 1450 2561 1456 2561 1455 2561 1455 2562 1457 2562 1452 2562 1453 2563 1457 2563 1458 2563 1452 2564 1457 2564 1453 2564 1350 2565 1459 2565 1346 2565 1346 2566 1459 2566 1454 2566 1454 2567 1459 2567 1451 2567 1451 2568 1459 2568 1456 2568 1455 2569 1460 2569 1457 2569 1456 2570 1461 2570 1455 2570 1455 2571 1461 2571 1460 2571 1458 2572 1462 2572 1463 2572 1457 2573 1462 2573 1458 2573 1354 2574 1464 2574 1350 2574 1350 2575 1464 2575 1459 2575 1459 2576 1464 2576 1456 2576 1456 2577 1464 2577 1461 2577 1460 2578 1465 2578 1457 2578 1457 2579 1465 2579 1462 2579 1461 2580 1466 2580 1460 2580 1460 2581 1466 2581 1465 2581 1462 2582 1467 2582 1463 2582 1463 2583 1467 2583 1468 2583 1465 2584 1467 2584 1462 2584 1361 2585 1469 2585 1354 2585 1354 2586 1469 2586 1464 2586 1464 2587 1469 2587 1461 2587 1461 2588 1469 2588 1466 2588 1466 2589 1470 2589 1465 2589 1465 2590 1470 2590 1467 2590 1466 2591 1471 2591 1470 2591 1468 2592 1472 2592 1473 2592 1467 2593 1472 2593 1468 2593 1365 2594 1474 2594 1361 2594 1369 2595 1474 2595 1365 2595 1361 2596 1474 2596 1469 2596 1469 2597 1474 2597 1466 2597 1466 2598 1474 2598 1471 2598 1470 2599 1475 2599 1467 2599 1467 2600 1475 2600 1472 2600 1471 2601 1476 2601 1470 2601 1474 2602 1476 2602 1471 2602 1470 2603 1476 2603 1475 2603 1473 2604 1477 2604 1478 2604 1472 2605 1477 2605 1473 2605 1475 2606 1477 2606 1472 2606 1369 2607 1479 2607 1474 2607 1474 2608 1479 2608 1476 2608 1475 2609 1480 2609 1477 2609 1475 2610 1481 2610 1480 2610 1476 2611 1481 2611 1475 2611 1478 2612 1482 2612 1483 2612 1477 2613 1482 2613 1478 2613 1369 2614 1484 2614 1479 2614 1479 2615 1484 2615 1476 2615 1476 2616 1484 2616 1481 2616 1373 2617 1484 2617 1369 2617 1477 2618 1485 2618 1482 2618 1480 2619 1485 2619 1477 2619 1481 2620 1486 2620 1480 2620 1480 2621 1486 2621 1485 2621 1483 2622 1487 2622 1488 2622 1482 2623 1487 2623 1483 2623 1484 2624 1489 2624 1481 2624 1373 2625 1489 2625 1484 2625 1377 2626 1489 2626 1373 2626 1481 2627 1489 2627 1486 2627 1485 2628 1490 2628 1482 2628 1482 2629 1490 2629 1487 2629 1486 2630 1491 2630 1485 2630 1485 2631 1491 2631 1490 2631 1490 2632 1492 2632 1487 2632 1487 2633 1492 2633 1488 2633 1488 2634 1492 2634 1493 2634 1378 2635 1494 2635 1377 2635 1377 2636 1494 2636 1489 2636 1489 2637 1494 2637 1486 2637 1486 2638 1494 2638 1491 2638 1490 2639 1495 2639 1492 2639 1491 2640 1496 2640 1490 2640 1490 2641 1496 2641 1495 2641 1493 2642 1497 2642 1498 2642 1492 2643 1497 2643 1493 2643 1382 2644 1499 2644 1378 2644 1491 2645 1499 2645 1496 2645 1378 2646 1499 2646 1494 2646 1494 2647 1499 2647 1491 2647 1492 2648 1500 2648 1497 2648 1495 2649 1500 2649 1492 2649 1495 2650 1501 2650 1500 2650 1496 2651 1501 2651 1495 2651 1498 2652 1502 2652 1395 2652 1497 2653 1502 2653 1498 2653 1396 2654 1502 2654 1503 2654 1500 2655 1502 2655 1497 2655 1395 2656 1502 2656 1396 2656 1389 2657 1504 2657 1382 2657 1382 2658 1504 2658 1499 2658 1499 2659 1504 2659 1496 2659 1496 2660 1504 2660 1501 2660 1503 2661 1505 2661 1506 2661 1500 2662 1505 2662 1502 2662 1502 2663 1505 2663 1503 2663 1506 2664 1507 2664 1508 2664 1501 2665 1507 2665 1500 2665 1500 2666 1507 2666 1505 2666 1505 2667 1507 2667 1506 2667 1394 2668 1509 2668 1389 2668 1393 2669 1509 2669 1394 2669 1507 2670 1509 2670 1508 2670 1508 2671 1509 2671 1510 2671 1510 2672 1509 2672 1393 2672 1389 2673 1509 2673 1504 2673 1504 2674 1509 2674 1501 2674 1501 2675 1509 2675 1507 2675 1511 2676 1512 2676 1513 2676 1514 2677 1515 2677 1278 2677 1514 2678 1278 2678 1399 2678 1516 2679 1517 2679 1518 2679 1516 2680 1518 2680 1519 2680 1516 2681 1519 2681 1515 2681 1516 2682 1515 2682 1514 2682 1520 2683 1399 2683 1403 2683 1520 2684 1514 2684 1399 2684 1521 2685 1522 2685 1517 2685 1521 2686 1516 2686 1514 2686 1521 2687 1514 2687 1520 2687 1521 2688 1517 2688 1516 2688 1523 2689 1520 2689 1403 2689 1523 2690 1403 2690 1408 2690 1524 2691 1525 2691 1522 2691 1524 2692 1520 2692 1523 2692 1524 2693 1521 2693 1520 2693 1524 2694 1522 2694 1521 2694 1526 2695 1523 2695 1408 2695 1526 2696 1408 2696 1413 2696 1527 2697 1528 2697 1525 2697 1527 2698 1523 2698 1526 2698 1527 2699 1524 2699 1523 2699 1527 2700 1525 2700 1524 2700 1529 2701 1413 2701 1418 2701 1529 2702 1526 2702 1413 2702 1530 2703 1531 2703 1528 2703 1530 2704 1528 2704 1527 2704 1530 2705 1527 2705 1526 2705 1530 2706 1526 2706 1529 2706 1532 2707 1418 2707 1423 2707 1532 2708 1529 2708 1418 2708 1533 2709 1534 2709 1531 2709 1533 2710 1531 2710 1530 2710 1533 2711 1530 2711 1529 2711 1533 2712 1529 2712 1532 2712 1535 2713 1532 2713 1423 2713 1535 2714 1423 2714 1428 2714 1536 2715 1537 2715 1534 2715 1536 2716 1534 2716 1533 2716 1536 2717 1532 2717 1535 2717 1536 2718 1533 2718 1532 2718 1538 2719 1433 2719 1438 2719 1538 2720 1428 2720 1433 2720 1538 2721 1535 2721 1428 2721 1539 2722 1540 2722 1537 2722 1539 2723 1535 2723 1538 2723 1539 2724 1537 2724 1536 2724 1539 2725 1536 2725 1535 2725 1541 2726 1538 2726 1438 2726 1542 2727 1543 2727 1540 2727 1542 2728 1540 2728 1539 2728 1542 2729 1539 2729 1538 2729 1542 2730 1538 2730 1541 2730 1544 2731 1438 2731 1443 2731 1544 2732 1541 2732 1438 2732 1545 2733 1541 2733 1544 2733 1545 2734 1546 2734 1543 2734 1545 2735 1543 2735 1542 2735 1545 2736 1542 2736 1541 2736 1547 2737 1443 2737 1448 2737 1547 2738 1544 2738 1443 2738 1548 2739 1549 2739 1546 2739 1548 2740 1544 2740 1547 2740 1548 2741 1545 2741 1544 2741 1548 2742 1546 2742 1545 2742 1550 2743 1547 2743 1448 2743 1550 2744 1448 2744 1453 2744 1551 2745 1549 2745 1548 2745 1551 2746 1552 2746 1549 2746 1551 2747 1547 2747 1550 2747 1551 2748 1548 2748 1547 2748 1553 2749 1453 2749 1458 2749 1553 2750 1550 2750 1453 2750 1554 2751 1552 2751 1551 2751 1554 2752 1555 2752 1552 2752 1554 2753 1551 2753 1550 2753 1554 2754 1550 2754 1553 2754 1556 2755 1553 2755 1458 2755 1556 2756 1458 2756 1463 2756 1557 2757 1558 2757 1555 2757 1557 2758 1553 2758 1556 2758 1557 2759 1554 2759 1553 2759 1557 2760 1555 2760 1554 2760 1559 2761 1463 2761 1468 2761 1559 2762 1556 2762 1463 2762 1560 2763 1561 2763 1558 2763 1560 2764 1558 2764 1557 2764 1560 2765 1557 2765 1556 2765 1560 2766 1556 2766 1559 2766 1562 2767 1559 2767 1468 2767 1562 2768 1468 2768 1473 2768 1563 2769 1564 2769 1561 2769 1563 2770 1559 2770 1562 2770 1563 2771 1560 2771 1559 2771 1563 2772 1561 2772 1560 2772 1565 2773 1473 2773 1478 2773 1565 2774 1562 2774 1473 2774 1566 2775 1567 2775 1564 2775 1566 2776 1564 2776 1563 2776 1566 2777 1563 2777 1562 2777 1566 2778 1562 2778 1565 2778 1568 2779 1565 2779 1478 2779 1568 2780 1478 2780 1483 2780 1569 2781 1570 2781 1567 2781 1569 2782 1565 2782 1568 2782 1569 2783 1566 2783 1565 2783 1569 2784 1567 2784 1566 2784 1571 2785 1568 2785 1483 2785 1571 2786 1569 2786 1568 2786 1571 2787 1483 2787 1488 2787 1572 2788 1573 2788 1570 2788 1572 2789 1569 2789 1571 2789 1572 2790 1570 2790 1569 2790 1574 2791 1571 2791 1488 2791 1574 2792 1493 2792 1498 2792 1574 2793 1488 2793 1493 2793 1575 2794 1573 2794 1572 2794 1575 2795 1571 2795 1574 2795 1575 2796 1576 2796 1573 2796 1575 2797 1572 2797 1571 2797 1577 2798 1574 2798 1498 2798 1577 2799 1498 2799 1395 2799 1578 2800 1575 2800 1574 2800 1578 2801 1576 2801 1575 2801 1578 2802 1579 2802 1576 2802 1578 2803 1574 2803 1577 2803 1580 2804 1577 2804 1395 2804 1580 2805 1395 2805 1397 2805 1580 2806 1397 2806 1581 2806 1582 2807 1579 2807 1578 2807 1582 2808 1512 2808 1579 2808 1582 2809 1578 2809 1577 2809 1582 2810 1577 2810 1580 2810 1582 2811 1580 2811 1581 2811 1582 2812 1581 2812 1513 2812 1582 2813 1513 2813 1512 2813 1583 2814 1519 2814 1518 2814 1584 2815 1583 2815 1279 2815 1584 2816 1279 2816 1278 2816 1584 2817 1515 2817 1519 2817 1584 2818 1278 2818 1515 2818 1584 2819 1519 2819 1583 2819 1271 2820 1274 2820 1583 2820 1585 2821 1272 2821 1273 2821 1585 2822 1274 2822 1272 2822 1585 2823 1273 2823 1279 2823 1585 2824 1279 2824 1583 2824 1585 2825 1583 2825 1274 2825 1271 2826 1583 2826 320 2826 1271 2827 320 2827 319 2827 322 2828 320 2828 1583 2828 322 2829 1583 2829 1518 2829 322 2830 1518 2830 1517 2830 331 2831 322 2831 1517 2831 334 2832 1517 2832 1522 2832 334 2833 331 2833 1517 2833 338 2834 1522 2834 1525 2834 338 2835 334 2835 1522 2835 342 2836 1525 2836 1528 2836 342 2837 338 2837 1525 2837 346 2838 1528 2838 1531 2838 346 2839 342 2839 1528 2839 350 2840 1531 2840 1534 2840 350 2841 346 2841 1531 2841 354 2842 1534 2842 1537 2842 354 2843 350 2843 1534 2843 358 2844 1537 2844 1540 2844 358 2845 354 2845 1537 2845 362 2846 1540 2846 1543 2846 362 2847 358 2847 1540 2847 366 2848 362 2848 1543 2848 366 2849 1543 2849 1546 2849 370 2850 366 2850 1546 2850 370 2851 1546 2851 1549 2851 374 2852 370 2852 1549 2852 374 2853 1549 2853 1552 2853 378 2854 374 2854 1552 2854 378 2855 1552 2855 1555 2855 382 2856 378 2856 1555 2856 382 2857 1555 2857 1558 2857 386 2858 1558 2858 1561 2858 386 2859 382 2859 1558 2859 390 2860 1561 2860 1564 2860 390 2861 386 2861 1561 2861 394 2862 1564 2862 1567 2862 394 2863 390 2863 1564 2863 398 2864 1567 2864 1570 2864 398 2865 394 2865 1567 2865 403 2866 1570 2866 1573 2866 403 2867 398 2867 1570 2867 406 2868 1573 2868 1576 2868 406 2869 403 2869 1573 2869 410 2870 1576 2870 1579 2870 410 2871 406 2871 1576 2871 328 2872 1579 2872 1512 2872 328 2873 410 2873 1579 2873 329 2874 1512 2874 1511 2874 329 2875 328 2875 1512 2875 507 2876 1511 2876 1586 2876 507 2877 329 2877 1511 2877 1511 2878 1513 2878 1586 2878 1587 2879 1581 2879 1397 2879 1587 2880 1513 2880 1581 2880 1587 2881 1397 2881 1588 2881 1587 2882 1588 2882 1586 2882 1587 2883 1586 2883 1513 2883 1396 2884 1589 2884 1397 2884 1503 2885 1589 2885 1396 2885 1397 2886 1589 2886 1588 2886 1508 2887 1590 2887 1506 2887 1506 2888 1590 2888 1503 2888 1503 2889 1590 2889 1589 2889 1588 2890 1591 2890 1592 2890 1592 2891 1591 2891 1593 2891 1589 2892 1591 2892 1588 2892 1594 2893 1595 2893 1393 2893 1510 2894 1595 2894 1508 2894 1393 2895 1595 2895 1510 2895 1508 2896 1595 2896 1590 2896 1590 2897 1596 2897 1589 2897 1589 2898 1596 2898 1591 2898 1593 2899 1597 2899 1598 2899 1598 2900 1597 2900 1599 2900 1599 2901 1597 2901 1600 2901 1591 2902 1597 2902 1593 2902 1601 2903 1602 2903 1603 2903 1603 2904 1602 2904 1594 2904 1590 2905 1602 2905 1596 2905 1594 2906 1602 2906 1595 2906 1595 2907 1602 2907 1590 2907 1600 2908 1604 2908 1605 2908 1605 2909 1604 2909 1606 2909 1591 2910 1604 2910 1597 2910 1596 2911 1604 2911 1591 2911 1597 2912 1604 2912 1600 2912 1606 2913 1607 2913 1608 2913 1608 2914 1607 2914 1609 2914 1609 2915 1607 2915 1601 2915 1602 2916 1607 2916 1596 2916 1601 2917 1607 2917 1602 2917 1604 2918 1607 2918 1606 2918 1596 2919 1607 2919 1604 2919 1392 2920 1594 2920 1393 2920 1304 2921 1594 2921 1392 2921 1610 2922 1304 2922 1306 2922 1610 2923 1594 2923 1304 2923 1611 2924 1601 2924 1603 2924 1612 2925 1613 2925 1614 2925 1615 2926 1613 2926 1611 2926 1615 2927 1603 2927 1594 2927 1615 2928 1594 2928 1610 2928 1615 2929 1611 2929 1603 2929 1616 2930 1610 2930 1614 2930 1616 2931 1615 2931 1610 2931 1616 2932 1613 2932 1615 2932 1616 2933 1614 2933 1613 2933 1617 2934 1618 2934 1619 2934 1620 2935 1621 2935 1609 2935 1622 2936 1609 2936 1601 2936 1622 2937 1601 2937 1611 2937 1622 2938 1620 2938 1609 2938 1623 2939 1619 2939 1621 2939 1623 2940 1624 2940 1617 2940 1623 2941 1621 2941 1620 2941 1623 2942 1617 2942 1619 2942 1625 2943 1611 2943 1613 2943 1625 2944 1613 2944 1612 2944 1625 2945 1612 2945 1624 2945 1625 2946 1622 2946 1611 2946 1625 2947 1620 2947 1622 2947 1625 2948 1623 2948 1620 2948 1625 2949 1624 2949 1623 2949 1626 2950 1627 2950 1609 2950 1626 2951 1609 2951 1621 2951 1628 2952 1621 2952 1619 2952 1628 2953 1626 2953 1621 2953 1629 2954 1619 2954 1618 2954 1629 2955 1628 2955 1619 2955 1598 2956 1599 2956 1630 2956 1631 2957 1599 2957 1632 2957 1630 2958 1599 2958 1631 2958 1632 2959 1600 2959 1633 2959 1599 2960 1600 2960 1632 2960 1600 2961 1605 2961 1633 2961 1633 2962 1606 2962 1634 2962 1605 2963 1606 2963 1633 2963 1634 2964 1608 2964 1635 2964 1606 2965 1608 2965 1634 2965 1635 2966 1609 2966 1627 2966 1608 2967 1609 2967 1635 2967 1598 2968 1630 2968 1636 2968 1637 2969 1598 2969 1636 2969 1638 2970 1636 2970 1639 2970 1638 2971 1637 2971 1636 2971 1640 2972 1639 2972 1641 2972 1640 2973 1638 2973 1639 2973 1642 2974 1643 2974 1644 2974 1640 2975 1645 2975 1638 2975 1646 2976 1593 2976 1598 2976 1646 2977 1647 2977 1593 2977 1648 2978 1598 2978 1637 2978 1648 2979 1646 2979 1598 2979 1649 2980 1645 2980 1642 2980 1649 2981 1644 2981 1647 2981 1649 2982 1642 2982 1644 2982 1649 2983 1647 2983 1646 2983 1650 2984 1637 2984 1638 2984 1650 2985 1646 2985 1648 2985 1650 2986 1645 2986 1649 2986 1650 2987 1648 2987 1637 2987 1650 2988 1649 2988 1646 2988 1650 2989 1638 2989 1645 2989 1651 2990 1588 2990 1592 2990 1651 2991 1592 2991 1593 2991 1651 2992 1593 2992 1647 2992 1651 2993 1647 2993 1644 2993 1651 2994 1586 2994 1588 2994 1652 2995 1644 2995 1643 2995 1652 2996 1643 2996 1653 2996 1652 2997 1653 2997 1586 2997 1652 2998 1586 2998 1651 2998 1652 2999 1651 2999 1644 2999 511 3000 1643 3000 509 3000 1653 3001 1643 3001 511 3001 1586 3002 511 3002 507 3002 1586 3003 1653 3003 511 3003 509 3004 1643 3004 1642 3004 517 3005 1642 3005 1645 3005 517 3006 509 3006 1642 3006 514 3007 517 3007 1645 3007 515 3008 1645 3008 1640 3008 515 3009 514 3009 1645 3009 1641 3010 515 3010 1640 3010 526 3011 1641 3011 1654 3011 526 3012 515 3012 1641 3012 550 3013 1654 3013 1655 3013 550 3014 526 3014 1654 3014 555 3015 1655 3015 1656 3015 555 3016 550 3016 1655 3016 556 3017 555 3017 1656 3017 1654 3018 1641 3018 1639 3018 1656 3019 1655 3019 1657 3019 1658 3020 1636 3020 1630 3020 1659 3021 1630 3021 1660 3021 1659 3022 1660 3022 1661 3022 1659 3023 1661 3023 1657 3023 1659 3024 1658 3024 1630 3024 1662 3025 1639 3025 1636 3025 1662 3026 1636 3026 1658 3026 1662 3027 1654 3027 1639 3027 1663 3028 1655 3028 1654 3028 1663 3029 1659 3029 1657 3029 1663 3030 1658 3030 1659 3030 1663 3031 1662 3031 1658 3031 1663 3032 1654 3032 1662 3032 1663 3033 1657 3033 1655 3033 1664 3034 1665 3034 1666 3034 1666 3035 1665 3035 1667 3035 1667 3036 1665 3036 1668 3036 1669 3037 1670 3037 1671 3037 1671 3038 1670 3038 1664 3038 1664 3039 1670 3039 1665 3039 1668 3040 1672 3040 1673 3040 1673 3041 1672 3041 1674 3041 1665 3042 1672 3042 1668 3042 1675 3043 1676 3043 1677 3043 1677 3044 1676 3044 1678 3044 1678 3045 1676 3045 1669 3045 1669 3046 1676 3046 1670 3046 1670 3047 1679 3047 1665 3047 1665 3048 1679 3048 1672 3048 1674 3049 1680 3049 1627 3049 1627 3050 1680 3050 1635 3050 1635 3051 1680 3051 1634 3051 1672 3052 1680 3052 1674 3052 1660 3053 1681 3053 1682 3053 1682 3054 1681 3054 1675 3054 1670 3055 1681 3055 1679 3055 1675 3056 1681 3056 1676 3056 1676 3057 1681 3057 1670 3057 1634 3058 1683 3058 1633 3058 1633 3059 1683 3059 1632 3059 1672 3060 1683 3060 1680 3060 1679 3061 1683 3061 1672 3061 1680 3062 1683 3062 1634 3062 1632 3063 1684 3063 1631 3063 1631 3064 1684 3064 1630 3064 1630 3065 1684 3065 1660 3065 1681 3066 1684 3066 1679 3066 1660 3067 1684 3067 1681 3067 1683 3068 1684 3068 1632 3068 1679 3069 1684 3069 1683 3069 1629 3070 1685 3070 1628 3070 1686 3071 1674 3071 1627 3071 1686 3072 1687 3072 1674 3072 1688 3073 1627 3073 1626 3073 1688 3074 1686 3074 1627 3074 1689 3075 1690 3075 1691 3075 1689 3076 1692 3076 1687 3076 1689 3077 1691 3077 1692 3077 1689 3078 1687 3078 1686 3078 1693 3079 1626 3079 1628 3079 1693 3080 1685 3080 1690 3080 1693 3081 1686 3081 1688 3081 1693 3082 1689 3082 1686 3082 1693 3083 1690 3083 1689 3083 1693 3084 1688 3084 1626 3084 1693 3085 1628 3085 1685 3085 1694 3086 1674 3086 1687 3086 1694 3087 1687 3087 1692 3087 1694 3088 1695 3088 1668 3088 1694 3089 1668 3089 1673 3089 1694 3090 1673 3090 1674 3090 1696 3091 1692 3091 1691 3091 1696 3092 1691 3092 1697 3092 1696 3093 1697 3093 1695 3093 1696 3094 1695 3094 1694 3094 1696 3095 1694 3095 1692 3095 1698 3096 1699 3096 1695 3096 1700 3097 1701 3097 1667 3097 1700 3098 1699 3098 1701 3098 1700 3099 1667 3099 1668 3099 1700 3100 1668 3100 1695 3100 1700 3101 1695 3101 1699 3101 1702 3102 1699 3102 1698 3102 1703 3103 1704 3103 1705 3103 1706 3104 1699 3104 1702 3104 1707 3105 1667 3105 1701 3105 1707 3106 1701 3106 1699 3106 1707 3107 1708 3107 1667 3107 1707 3108 1699 3108 1706 3108 1709 3109 1702 3109 1710 3109 1709 3110 1706 3110 1702 3110 1711 3111 1707 3111 1706 3111 1711 3112 1708 3112 1707 3112 1711 3113 1712 3113 1708 3113 1711 3114 1706 3114 1709 3114 1713 3115 1710 3115 1714 3115 1713 3116 1709 3116 1710 3116 1715 3117 1716 3117 1712 3117 1715 3118 1712 3118 1711 3118 1715 3119 1711 3119 1709 3119 1715 3120 1709 3120 1713 3120 1717 3121 1714 3121 1718 3121 1717 3122 1713 3122 1714 3122 1719 3123 1715 3123 1713 3123 1719 3124 1713 3124 1717 3124 1719 3125 1720 3125 1716 3125 1719 3126 1716 3126 1715 3126 1721 3127 1718 3127 1722 3127 1721 3128 1717 3128 1718 3128 1723 3129 1719 3129 1717 3129 1723 3130 1724 3130 1720 3130 1723 3131 1720 3131 1719 3131 1723 3132 1717 3132 1721 3132 1725 3133 1722 3133 1726 3133 1725 3134 1721 3134 1722 3134 1727 3135 1728 3135 1724 3135 1727 3136 1724 3136 1723 3136 1727 3137 1723 3137 1721 3137 1727 3138 1721 3138 1725 3138 1729 3139 1726 3139 1730 3139 1729 3140 1725 3140 1726 3140 1731 3141 1727 3141 1725 3141 1731 3142 1732 3142 1728 3142 1731 3143 1728 3143 1727 3143 1731 3144 1725 3144 1729 3144 1733 3145 1730 3145 1734 3145 1733 3146 1729 3146 1730 3146 1735 3147 1736 3147 1732 3147 1735 3148 1731 3148 1729 3148 1735 3149 1732 3149 1731 3149 1735 3150 1729 3150 1733 3150 1737 3151 1734 3151 1738 3151 1737 3152 1733 3152 1734 3152 1739 3153 1736 3153 1735 3153 1739 3154 1740 3154 1736 3154 1739 3155 1735 3155 1733 3155 1739 3156 1733 3156 1737 3156 1741 3157 1738 3157 1742 3157 1741 3158 1737 3158 1738 3158 1743 3159 1737 3159 1741 3159 1743 3160 1744 3160 1740 3160 1743 3161 1739 3161 1737 3161 1743 3162 1740 3162 1739 3162 1745 3163 1742 3163 1746 3163 1745 3164 1741 3164 1742 3164 1745 3165 1743 3165 1741 3165 1747 3166 1748 3166 1744 3166 1747 3167 1749 3167 1748 3167 1747 3168 1743 3168 1745 3168 1747 3169 1744 3169 1743 3169 1750 3170 1745 3170 1746 3170 1750 3171 1746 3171 1751 3171 1752 3172 1745 3172 1750 3172 1752 3173 1749 3173 1747 3173 1752 3174 1747 3174 1745 3174 1753 3175 1751 3175 1754 3175 1753 3176 1750 3176 1751 3176 1753 3177 1752 3177 1750 3177 1755 3178 1756 3178 1749 3178 1755 3179 1757 3179 1756 3179 1755 3180 1749 3180 1752 3180 1755 3181 1752 3181 1753 3181 1758 3182 1753 3182 1754 3182 1758 3183 1754 3183 1759 3183 1760 3184 1753 3184 1758 3184 1760 3185 1761 3185 1757 3185 1760 3186 1757 3186 1755 3186 1760 3187 1755 3187 1753 3187 1762 3188 1759 3188 1763 3188 1762 3189 1758 3189 1759 3189 1764 3190 1758 3190 1762 3190 1764 3191 1760 3191 1758 3191 1764 3192 1761 3192 1760 3192 1765 3193 1763 3193 1766 3193 1765 3194 1762 3194 1763 3194 1767 3195 1768 3195 1761 3195 1767 3196 1764 3196 1762 3196 1767 3197 1761 3197 1764 3197 1767 3198 1762 3198 1765 3198 1769 3199 1766 3199 1770 3199 1769 3200 1765 3200 1766 3200 1771 3201 1772 3201 1768 3201 1771 3202 1768 3202 1767 3202 1771 3203 1767 3203 1765 3203 1771 3204 1765 3204 1769 3204 1773 3205 1770 3205 1774 3205 1773 3206 1769 3206 1770 3206 1775 3207 1769 3207 1773 3207 1775 3208 1776 3208 1772 3208 1775 3209 1772 3209 1771 3209 1775 3210 1771 3210 1769 3210 1777 3211 1774 3211 1778 3211 1777 3212 1773 3212 1774 3212 1779 3213 1775 3213 1773 3213 1779 3214 1776 3214 1775 3214 1779 3215 1773 3215 1777 3215 1779 3216 1780 3216 1776 3216 1781 3217 1778 3217 1782 3217 1781 3218 1777 3218 1778 3218 1783 3219 1779 3219 1777 3219 1783 3220 1780 3220 1779 3220 1783 3221 1777 3221 1781 3221 1783 3222 1784 3222 1780 3222 1785 3223 1782 3223 1786 3223 1785 3224 1781 3224 1782 3224 1787 3225 1783 3225 1781 3225 1787 3226 1784 3226 1783 3226 1787 3227 1781 3227 1785 3227 1787 3228 1788 3228 1784 3228 1789 3229 1786 3229 1704 3229 1789 3230 1785 3230 1786 3230 1789 3231 1704 3231 1703 3231 1790 3232 1787 3232 1785 3232 1790 3233 1788 3233 1787 3233 1790 3234 1789 3234 1703 3234 1790 3235 1703 3235 1791 3235 1790 3236 1791 3236 1792 3236 1790 3237 1785 3237 1789 3237 1790 3238 1793 3238 1788 3238 1790 3239 1792 3239 1793 3239 1667 3240 1708 3240 1666 3240 1794 3241 1795 3241 1796 3241 1677 3242 1797 3242 1798 3242 1678 3243 1797 3243 1677 3243 1669 3244 1797 3244 1678 3244 1669 3245 1799 3245 1797 3245 1671 3246 1799 3246 1669 3246 1664 3247 1800 3247 1671 3247 1666 3248 1800 3248 1664 3248 1671 3249 1800 3249 1799 3249 1798 3250 1801 3250 1802 3250 1797 3251 1801 3251 1798 3251 1666 3252 1803 3252 1800 3252 1708 3253 1803 3253 1666 3253 1799 3254 1804 3254 1797 3254 1797 3255 1804 3255 1801 3255 1799 3256 1805 3256 1804 3256 1800 3257 1805 3257 1799 3257 1802 3258 1806 3258 1807 3258 1801 3259 1806 3259 1802 3259 1712 3260 1808 3260 1708 3260 1800 3261 1808 3261 1805 3261 1803 3262 1808 3262 1800 3262 1708 3263 1808 3263 1803 3263 1804 3264 1809 3264 1801 3264 1801 3265 1809 3265 1806 3265 1805 3266 1810 3266 1804 3266 1804 3267 1810 3267 1809 3267 1807 3268 1811 3268 1812 3268 1806 3269 1811 3269 1807 3269 1712 3270 1813 3270 1808 3270 1716 3271 1813 3271 1712 3271 1805 3272 1813 3272 1810 3272 1808 3273 1813 3273 1805 3273 1809 3274 1814 3274 1806 3274 1806 3275 1814 3275 1811 3275 1809 3276 1815 3276 1814 3276 1810 3277 1815 3277 1809 3277 1811 3278 1816 3278 1812 3278 1812 3279 1816 3279 1817 3279 1813 3280 1818 3280 1810 3280 1720 3281 1818 3281 1716 3281 1810 3282 1818 3282 1815 3282 1716 3283 1818 3283 1813 3283 1811 3284 1819 3284 1816 3284 1814 3285 1819 3285 1811 3285 1814 3286 1820 3286 1819 3286 1815 3287 1820 3287 1814 3287 1817 3288 1821 3288 1822 3288 1816 3289 1821 3289 1817 3289 1724 3290 1823 3290 1720 3290 1720 3291 1823 3291 1818 3291 1815 3292 1823 3292 1820 3292 1818 3293 1823 3293 1815 3293 1819 3294 1824 3294 1816 3294 1816 3295 1824 3295 1821 3295 1819 3296 1825 3296 1824 3296 1820 3297 1825 3297 1819 3297 1822 3298 1826 3298 1827 3298 1821 3299 1826 3299 1822 3299 1728 3300 1828 3300 1724 3300 1820 3301 1828 3301 1825 3301 1823 3302 1828 3302 1820 3302 1724 3303 1828 3303 1823 3303 1824 3304 1829 3304 1821 3304 1825 3305 1829 3305 1824 3305 1821 3306 1829 3306 1826 3306 1825 3307 1830 3307 1829 3307 1826 3308 1831 3308 1827 3308 1827 3309 1831 3309 1832 3309 1728 3310 1833 3310 1828 3310 1732 3311 1833 3311 1728 3311 1828 3312 1833 3312 1825 3312 1825 3313 1833 3313 1830 3313 1826 3314 1834 3314 1831 3314 1829 3315 1834 3315 1826 3315 1829 3316 1835 3316 1834 3316 1830 3317 1835 3317 1829 3317 1832 3318 1836 3318 1837 3318 1831 3319 1836 3319 1832 3319 1830 3320 1838 3320 1835 3320 1736 3321 1838 3321 1732 3321 1833 3322 1838 3322 1830 3322 1732 3323 1838 3323 1833 3323 1831 3324 1839 3324 1836 3324 1834 3325 1839 3325 1831 3325 1834 3326 1840 3326 1839 3326 1835 3327 1840 3327 1834 3327 1836 3328 1841 3328 1837 3328 1837 3329 1841 3329 1842 3329 1838 3330 1843 3330 1835 3330 1736 3331 1843 3331 1838 3331 1835 3332 1843 3332 1840 3332 1740 3333 1843 3333 1736 3333 1836 3334 1844 3334 1841 3334 1840 3335 1844 3335 1839 3335 1839 3336 1844 3336 1836 3336 1840 3337 1845 3337 1844 3337 1842 3338 1846 3338 1847 3338 1841 3339 1846 3339 1842 3339 1843 3340 1848 3340 1840 3340 1740 3341 1848 3341 1843 3341 1840 3342 1848 3342 1845 3342 1744 3343 1848 3343 1740 3343 1844 3344 1849 3344 1841 3344 1841 3345 1849 3345 1846 3345 1845 3346 1850 3346 1844 3346 1844 3347 1850 3347 1849 3347 1847 3348 1851 3348 1852 3348 1846 3349 1851 3349 1847 3349 1848 3350 1853 3350 1845 3350 1744 3351 1853 3351 1848 3351 1845 3352 1853 3352 1850 3352 1748 3353 1853 3353 1744 3353 1849 3354 1854 3354 1846 3354 1846 3355 1854 3355 1851 3355 1850 3356 1855 3356 1849 3356 1849 3357 1855 3357 1854 3357 1853 3358 1855 3358 1850 3358 1852 3359 1856 3359 1857 3359 1851 3360 1856 3360 1852 3360 1749 3361 1858 3361 1748 3361 1756 3362 1858 3362 1749 3362 1748 3363 1858 3363 1853 3363 1853 3364 1858 3364 1855 3364 1851 3365 1859 3365 1856 3365 1854 3366 1859 3366 1851 3366 1855 3367 1860 3367 1854 3367 1854 3368 1860 3368 1859 3368 1857 3369 1861 3369 1862 3369 1856 3370 1861 3370 1857 3370 1756 3371 1863 3371 1858 3371 1858 3372 1863 3372 1855 3372 1855 3373 1863 3373 1860 3373 1859 3374 1864 3374 1856 3374 1856 3375 1864 3375 1861 3375 1859 3376 1865 3376 1864 3376 1860 3377 1865 3377 1859 3377 1862 3378 1866 3378 1867 3378 1861 3379 1866 3379 1862 3379 1756 3380 1868 3380 1863 3380 1757 3381 1868 3381 1756 3381 1761 3382 1868 3382 1757 3382 1863 3383 1868 3383 1860 3383 1860 3384 1868 3384 1865 3384 1865 3385 1869 3385 1864 3385 1861 3386 1869 3386 1866 3386 1864 3387 1869 3387 1861 3387 1865 3388 1870 3388 1869 3388 1868 3389 1870 3389 1865 3389 1867 3390 1871 3390 1872 3390 1866 3391 1871 3391 1867 3391 1761 3392 1873 3392 1868 3392 1868 3393 1873 3393 1870 3393 1869 3394 1874 3394 1866 3394 1866 3395 1874 3395 1871 3395 1869 3396 1875 3396 1874 3396 1870 3397 1875 3397 1869 3397 1872 3398 1876 3398 1877 3398 1871 3399 1876 3399 1872 3399 1768 3400 1878 3400 1761 3400 1761 3401 1878 3401 1873 3401 1873 3402 1878 3402 1870 3402 1870 3403 1878 3403 1875 3403 1871 3404 1879 3404 1876 3404 1874 3405 1879 3405 1871 3405 1875 3406 1880 3406 1874 3406 1874 3407 1880 3407 1879 3407 1877 3408 1881 3408 1882 3408 1876 3409 1881 3409 1877 3409 1878 3410 1883 3410 1875 3410 1875 3411 1883 3411 1880 3411 1772 3412 1883 3412 1768 3412 1768 3413 1883 3413 1878 3413 1879 3414 1884 3414 1876 3414 1876 3415 1884 3415 1881 3415 1879 3416 1885 3416 1884 3416 1880 3417 1885 3417 1879 3417 1882 3418 1886 3418 1887 3418 1881 3419 1886 3419 1882 3419 1772 3420 1888 3420 1883 3420 1880 3421 1888 3421 1885 3421 1776 3422 1888 3422 1772 3422 1780 3423 1888 3423 1776 3423 1883 3424 1888 3424 1880 3424 1884 3425 1889 3425 1881 3425 1881 3426 1889 3426 1886 3426 1885 3427 1890 3427 1884 3427 1884 3428 1890 3428 1889 3428 1887 3429 1891 3429 1892 3429 1886 3430 1891 3430 1887 3430 1889 3431 1891 3431 1886 3431 1888 3432 1893 3432 1885 3432 1885 3433 1893 3433 1890 3433 1780 3434 1893 3434 1888 3434 1890 3435 1894 3435 1889 3435 1889 3436 1894 3436 1891 3436 1890 3437 1895 3437 1894 3437 1892 3438 1896 3438 1897 3438 1891 3439 1896 3439 1892 3439 1890 3440 1898 3440 1895 3440 1893 3441 1898 3441 1890 3441 1780 3442 1898 3442 1893 3442 1784 3443 1898 3443 1780 3443 1894 3444 1899 3444 1891 3444 1891 3445 1899 3445 1896 3445 1898 3446 1900 3446 1895 3446 1895 3447 1900 3447 1894 3447 1894 3448 1900 3448 1899 3448 1897 3449 1901 3449 1794 3449 1795 3450 1901 3450 1902 3450 1896 3451 1901 3451 1897 3451 1794 3452 1901 3452 1795 3452 1788 3453 1903 3453 1784 3453 1784 3454 1903 3454 1898 3454 1898 3455 1903 3455 1900 3455 1902 3456 1904 3456 1905 3456 1905 3457 1904 3457 1906 3457 1899 3458 1904 3458 1896 3458 1896 3459 1904 3459 1901 3459 1901 3460 1904 3460 1902 3460 1906 3461 1907 3461 1908 3461 1900 3462 1907 3462 1899 3462 1904 3463 1907 3463 1906 3463 1899 3464 1907 3464 1904 3464 1908 3465 1909 3465 1792 3465 1793 3466 1909 3466 1788 3466 1792 3467 1909 3467 1793 3467 1788 3468 1909 3468 1903 3468 1903 3469 1909 3469 1900 3469 1907 3470 1909 3470 1908 3470 1900 3471 1909 3471 1907 3471 1798 3472 1910 3472 1677 3472 1911 3473 1912 3473 1913 3473 1914 3474 1915 3474 1916 3474 1917 3475 1910 3475 1798 3475 1918 3476 1910 3476 1917 3476 1918 3477 1913 3477 1910 3477 1918 3478 1911 3478 1913 3478 1919 3479 1798 3479 1802 3479 1919 3480 1917 3480 1798 3480 1920 3481 1918 3481 1917 3481 1920 3482 1911 3482 1918 3482 1920 3483 1921 3483 1911 3483 1920 3484 1917 3484 1919 3484 1922 3485 1802 3485 1807 3485 1922 3486 1919 3486 1802 3486 1923 3487 1924 3487 1921 3487 1923 3488 1921 3488 1920 3488 1923 3489 1920 3489 1919 3489 1923 3490 1919 3490 1922 3490 1925 3491 1807 3491 1812 3491 1925 3492 1922 3492 1807 3492 1926 3493 1924 3493 1923 3493 1926 3494 1923 3494 1922 3494 1926 3495 1927 3495 1924 3495 1926 3496 1922 3496 1925 3496 1928 3497 1812 3497 1817 3497 1928 3498 1925 3498 1812 3498 1929 3499 1927 3499 1926 3499 1929 3500 1930 3500 1927 3500 1929 3501 1926 3501 1925 3501 1929 3502 1925 3502 1928 3502 1931 3503 1817 3503 1822 3503 1931 3504 1928 3504 1817 3504 1931 3505 1929 3505 1928 3505 1932 3506 1933 3506 1930 3506 1932 3507 1930 3507 1929 3507 1932 3508 1929 3508 1931 3508 1934 3509 1822 3509 1827 3509 1934 3510 1931 3510 1822 3510 1935 3511 1931 3511 1934 3511 1935 3512 1936 3512 1933 3512 1935 3513 1932 3513 1931 3513 1935 3514 1933 3514 1932 3514 1937 3515 1827 3515 1832 3515 1937 3516 1934 3516 1827 3516 1938 3517 1939 3517 1936 3517 1938 3518 1935 3518 1934 3518 1938 3519 1934 3519 1937 3519 1938 3520 1936 3520 1935 3520 1940 3521 1832 3521 1837 3521 1940 3522 1937 3522 1832 3522 1941 3523 1939 3523 1938 3523 1941 3524 1938 3524 1937 3524 1941 3525 1942 3525 1939 3525 1941 3526 1937 3526 1940 3526 1943 3527 1837 3527 1842 3527 1943 3528 1940 3528 1837 3528 1944 3529 1941 3529 1940 3529 1944 3530 1945 3530 1942 3530 1944 3531 1942 3531 1941 3531 1944 3532 1940 3532 1943 3532 1946 3533 1842 3533 1847 3533 1946 3534 1943 3534 1842 3534 1947 3535 1948 3535 1945 3535 1947 3536 1944 3536 1943 3536 1947 3537 1943 3537 1946 3537 1947 3538 1945 3538 1944 3538 1949 3539 1946 3539 1847 3539 1949 3540 1847 3540 1852 3540 1950 3541 1951 3541 1948 3541 1950 3542 1947 3542 1946 3542 1950 3543 1946 3543 1949 3543 1950 3544 1948 3544 1947 3544 1952 3545 1949 3545 1852 3545 1952 3546 1852 3546 1857 3546 1953 3547 1949 3547 1952 3547 1953 3548 1954 3548 1951 3548 1953 3549 1951 3549 1950 3549 1953 3550 1950 3550 1949 3550 1955 3551 1857 3551 1862 3551 1955 3552 1952 3552 1857 3552 1956 3553 1957 3553 1954 3553 1956 3554 1953 3554 1952 3554 1956 3555 1954 3555 1953 3555 1956 3556 1952 3556 1955 3556 1958 3557 1862 3557 1867 3557 1958 3558 1955 3558 1862 3558 1958 3559 1956 3559 1955 3559 1959 3560 1960 3560 1957 3560 1959 3561 1961 3561 1960 3561 1959 3562 1957 3562 1956 3562 1959 3563 1956 3563 1958 3563 1962 3564 1867 3564 1872 3564 1962 3565 1958 3565 1867 3565 1962 3566 1959 3566 1958 3566 1963 3567 1961 3567 1959 3567 1963 3568 1959 3568 1962 3568 1964 3569 1872 3569 1877 3569 1964 3570 1962 3570 1872 3570 1965 3571 1962 3571 1964 3571 1965 3572 1966 3572 1961 3572 1965 3573 1963 3573 1962 3573 1965 3574 1961 3574 1963 3574 1967 3575 1877 3575 1882 3575 1967 3576 1964 3576 1877 3576 1968 3577 1964 3577 1967 3577 1968 3578 1969 3578 1966 3578 1968 3579 1965 3579 1964 3579 1968 3580 1966 3580 1965 3580 1970 3581 1882 3581 1887 3581 1970 3582 1967 3582 1882 3582 1971 3583 1968 3583 1967 3583 1971 3584 1969 3584 1968 3584 1971 3585 1967 3585 1970 3585 1971 3586 1972 3586 1969 3586 1971 3587 1973 3587 1972 3587 1974 3588 1970 3588 1887 3588 1974 3589 1887 3589 1892 3589 1975 3590 1973 3590 1971 3590 1975 3591 1970 3591 1974 3591 1975 3592 1971 3592 1970 3592 1976 3593 1892 3593 1897 3593 1976 3594 1974 3594 1892 3594 1977 3595 1975 3595 1974 3595 1977 3596 1973 3596 1975 3596 1977 3597 1978 3597 1973 3597 1977 3598 1974 3598 1976 3598 1979 3599 1794 3599 1796 3599 1979 3600 1897 3600 1794 3600 1979 3601 1976 3601 1897 3601 1979 3602 1796 3602 1980 3602 1981 3603 1977 3603 1976 3603 1981 3604 1978 3604 1977 3604 1981 3605 1980 3605 1916 3605 1981 3606 1979 3606 1980 3606 1981 3607 1915 3607 1978 3607 1981 3608 1976 3608 1979 3608 1981 3609 1916 3609 1915 3609 1910 3610 1675 3610 1677 3610 1913 3611 1675 3611 1910 3611 1982 3612 1913 3612 1912 3612 1982 3613 1675 3613 1913 3613 1661 3614 1660 3614 1682 3614 1656 3615 1657 3615 1983 3615 1984 3616 1657 3616 1661 3616 1984 3617 1682 3617 1675 3617 1984 3618 1675 3618 1982 3618 1984 3619 1661 3619 1682 3619 1985 3620 1982 3620 1983 3620 1985 3621 1984 3621 1982 3621 1985 3622 1657 3622 1984 3622 1985 3623 1983 3623 1657 3623 1983 3624 1982 3624 560 3624 1983 3625 560 3625 562 3625 556 3626 1983 3626 562 3626 1656 3627 1983 3627 556 3627 563 3628 560 3628 1982 3628 563 3629 1982 3629 1912 3629 567 3630 1912 3630 1911 3630 567 3631 563 3631 1912 3631 575 3632 1911 3632 1921 3632 575 3633 567 3633 1911 3633 579 3634 1921 3634 1924 3634 579 3635 575 3635 1921 3635 583 3636 1924 3636 1927 3636 583 3637 579 3637 1924 3637 587 3638 1927 3638 1930 3638 587 3639 583 3639 1927 3639 591 3640 1930 3640 1933 3640 591 3641 587 3641 1930 3641 595 3642 1933 3642 1936 3642 595 3643 591 3643 1933 3643 599 3644 1936 3644 1939 3644 599 3645 595 3645 1936 3645 603 3646 1939 3646 1942 3646 603 3647 599 3647 1939 3647 607 3648 603 3648 1942 3648 607 3649 1942 3649 1945 3649 611 3650 607 3650 1945 3650 611 3651 1945 3651 1948 3651 615 3652 611 3652 1948 3652 615 3653 1948 3653 1951 3653 619 3654 615 3654 1951 3654 619 3655 1951 3655 1954 3655 623 3656 619 3656 1954 3656 623 3657 1954 3657 1957 3657 627 3658 623 3658 1957 3658 627 3659 1957 3659 1960 3659 631 3660 627 3660 1960 3660 631 3661 1960 3661 1961 3661 635 3662 631 3662 1961 3662 635 3663 1961 3663 1966 3663 639 3664 635 3664 1966 3664 639 3665 1966 3665 1969 3665 643 3666 639 3666 1969 3666 643 3667 1969 3667 1972 3667 647 3668 643 3668 1972 3668 647 3669 1972 3669 1973 3669 652 3670 647 3670 1973 3670 652 3671 1973 3671 1978 3671 569 3672 652 3672 1978 3672 569 3673 1978 3673 1915 3673 569 3674 1915 3674 1914 3674 570 3675 569 3675 1914 3675 742 3676 1914 3676 1986 3676 742 3677 570 3677 1914 3677 1987 3678 744 3678 742 3678 1986 3679 1987 3679 742 3679 1986 3680 1988 3680 1987 3680 1989 3681 1990 3681 1988 3681 1989 3682 1991 3682 1990 3682 1989 3683 1986 3683 1992 3683 1989 3684 1992 3684 1991 3684 1989 3685 1988 3685 1986 3685 1993 3686 1994 3686 1995 3686 1996 3687 1991 3687 1997 3687 1998 3688 1999 3688 1792 3688 1908 3689 1999 3689 1906 3689 1792 3690 1999 3690 1908 3690 2000 3691 1999 3691 1994 3691 1995 3692 1999 3692 1998 3692 1994 3693 1999 3693 1995 3693 1906 3694 1999 3694 2000 3694 1906 3695 2001 3695 1905 3695 1905 3696 2001 3696 1902 3696 2002 3697 2001 3697 2003 3697 2003 3698 2001 3698 2000 3698 2000 3699 2001 3699 1906 3699 1902 3700 2001 3700 2002 3700 1795 3701 2004 3701 1796 3701 1902 3702 2004 3702 1795 3702 1796 3703 2004 3703 1992 3703 1992 3704 2004 3704 1991 3704 1997 3705 2004 3705 2002 3705 1991 3706 2004 3706 1997 3706 2002 3707 2004 3707 1902 3707 2005 3708 1703 3708 1705 3708 2006 3709 2005 3709 1998 3709 2006 3710 1998 3710 1792 3710 2006 3711 1791 3711 1703 3711 2006 3712 1792 3712 1791 3712 2006 3713 1703 3713 2005 3713 2007 3714 2008 3714 2005 3714 2009 3715 2010 3715 1995 3715 2009 3716 2008 3716 2010 3716 2009 3717 1995 3717 1998 3717 2009 3718 1998 3718 2005 3718 2009 3719 2005 3719 2008 3719 2010 3720 2011 3720 1993 3720 2010 3721 1993 3721 1995 3721 2008 3722 2012 3722 2011 3722 2008 3723 2011 3723 2010 3723 2007 3724 2013 3724 2012 3724 2007 3725 2012 3725 2008 3725 2014 3726 1993 3726 2011 3726 2015 3727 2014 3727 2011 3727 2016 3728 2011 3728 2012 3728 2016 3729 2015 3729 2011 3729 2017 3730 2012 3730 2013 3730 2017 3731 2016 3731 2012 3731 1996 3732 1997 3732 2018 3732 2019 3733 1997 3733 2020 3733 2018 3734 1997 3734 2019 3734 2020 3735 2002 3735 2021 3735 1997 3736 2002 3736 2020 3736 2002 3737 2003 3737 2021 3737 2021 3738 2000 3738 2022 3738 2003 3739 2000 3739 2021 3739 2022 3740 1994 3740 2023 3740 2000 3741 1994 3741 2022 3741 2023 3742 1993 3742 2014 3742 1994 3743 1993 3743 2023 3743 2024 3744 2018 3744 2025 3744 2024 3745 1996 3745 2018 3745 2026 3746 2025 3746 2027 3746 2026 3747 2024 3747 2025 3747 2028 3748 2027 3748 2029 3748 2028 3749 2026 3749 2027 3749 2028 3750 2030 3750 2026 3750 2031 3751 1990 3751 1991 3751 2031 3752 1991 3752 1996 3752 2032 3753 1996 3753 2024 3753 2032 3754 2031 3754 1996 3754 2033 3755 2034 3755 1987 3755 2033 3756 1987 3756 1988 3756 2033 3757 1988 3757 1990 3757 2033 3758 1990 3758 2031 3758 2035 3759 2024 3759 2026 3759 2035 3760 2030 3760 2034 3760 2035 3761 2031 3761 2032 3761 2035 3762 2033 3762 2031 3762 2035 3763 2032 3763 2024 3763 2035 3764 2034 3764 2033 3764 2035 3765 2026 3765 2030 3765 744 3766 1987 3766 2034 3766 751 3767 744 3767 2034 3767 748 3768 2034 3768 2030 3768 748 3769 751 3769 2034 3769 749 3770 2030 3770 2028 3770 749 3771 748 3771 2030 3771 760 3772 2028 3772 2029 3772 760 3773 749 3773 2028 3773 782 3774 2029 3774 2036 3774 782 3775 760 3775 2029 3775 2037 3776 2025 3776 2018 3776 2037 3777 2018 3777 2038 3777 2039 3778 2027 3778 2025 3778 2039 3779 2025 3779 2037 3779 2036 3780 2029 3780 2027 3780 2036 3781 2027 3781 2039 3781 2040 3782 2041 3782 2042 3782 2043 3783 2044 3783 2045 3783 2046 3784 2047 3784 2014 3784 2014 3785 2047 3785 2023 3785 2023 3786 2047 3786 2022 3786 2048 3787 2047 3787 2041 3787 2042 3788 2047 3788 2046 3788 2041 3789 2047 3789 2042 3789 2022 3790 2047 3790 2048 3790 2022 3791 2049 3791 2021 3791 2021 3792 2049 3792 2020 3792 2050 3793 2049 3793 2051 3793 2051 3794 2049 3794 2048 3794 2048 3795 2049 3795 2022 3795 2020 3796 2049 3796 2050 3796 2020 3797 2052 3797 2019 3797 2019 3798 2052 3798 2018 3798 2018 3799 2052 3799 2038 3799 2038 3800 2052 3800 2044 3800 2045 3801 2052 3801 2050 3801 2050 3802 2052 3802 2020 3802 2044 3803 2052 3803 2045 3803 2017 3804 2053 3804 2016 3804 2054 3805 2055 3805 2046 3805 2054 3806 2046 3806 2014 3806 2056 3807 2014 3807 2015 3807 2056 3808 2054 3808 2014 3808 2057 3809 2058 3809 2059 3809 2057 3810 2059 3810 2060 3810 2057 3811 2060 3811 2055 3811 2057 3812 2055 3812 2054 3812 2061 3813 2015 3813 2016 3813 2061 3814 2053 3814 2058 3814 2061 3815 2054 3815 2056 3815 2061 3816 2057 3816 2054 3816 2061 3817 2056 3817 2015 3817 2061 3818 2058 3818 2057 3818 2061 3819 2016 3819 2053 3819 2062 3820 2060 3820 2059 3820 2063 3821 2062 3821 2042 3821 2063 3822 2042 3822 2046 3822 2063 3823 2055 3823 2060 3823 2063 3824 2046 3824 2055 3824 2063 3825 2060 3825 2062 3825 2064 3826 2065 3826 2062 3826 2066 3827 2067 3827 2040 3827 2066 3828 2065 3828 2067 3828 2066 3829 2040 3829 2042 3829 2066 3830 2042 3830 2062 3830 2066 3831 2062 3831 2065 3831 2068 3832 2040 3832 2067 3832 2069 3833 2070 3833 2071 3833 2072 3834 2073 3834 2074 3834 2075 3835 2065 3835 2064 3835 2075 3836 2064 3836 2076 3836 2077 3837 2067 3837 2065 3837 2077 3838 2065 3838 2075 3838 2077 3839 2068 3839 2067 3839 2078 3840 2076 3840 2079 3840 2078 3841 2075 3841 2076 3841 2080 3842 2077 3842 2075 3842 2080 3843 2068 3843 2077 3843 2080 3844 2081 3844 2068 3844 2080 3845 2075 3845 2078 3845 2082 3846 2079 3846 2083 3846 2082 3847 2078 3847 2079 3847 2084 3848 2085 3848 2081 3848 2084 3849 2081 3849 2080 3849 2084 3850 2080 3850 2078 3850 2084 3851 2078 3851 2082 3851 2086 3852 2083 3852 2087 3852 2086 3853 2082 3853 2083 3853 2088 3854 2084 3854 2082 3854 2088 3855 2082 3855 2086 3855 2088 3856 2089 3856 2085 3856 2088 3857 2085 3857 2084 3857 2090 3858 2087 3858 2091 3858 2090 3859 2086 3859 2087 3859 2092 3860 2088 3860 2086 3860 2092 3861 2093 3861 2089 3861 2092 3862 2089 3862 2088 3862 2092 3863 2086 3863 2090 3863 2094 3864 2091 3864 2095 3864 2094 3865 2090 3865 2091 3865 2096 3866 2097 3866 2093 3866 2096 3867 2093 3867 2092 3867 2096 3868 2092 3868 2090 3868 2096 3869 2090 3869 2094 3869 2098 3870 2095 3870 2099 3870 2098 3871 2094 3871 2095 3871 2100 3872 2096 3872 2094 3872 2100 3873 2101 3873 2097 3873 2100 3874 2097 3874 2096 3874 2100 3875 2094 3875 2098 3875 2102 3876 2099 3876 2103 3876 2102 3877 2098 3877 2099 3877 2104 3878 2105 3878 2101 3878 2104 3879 2098 3879 2102 3879 2104 3880 2101 3880 2100 3880 2104 3881 2100 3881 2098 3881 2106 3882 2103 3882 2107 3882 2106 3883 2102 3883 2103 3883 2106 3884 2104 3884 2102 3884 2108 3885 2104 3885 2106 3885 2108 3886 2109 3886 2105 3886 2108 3887 2105 3887 2104 3887 2110 3888 2107 3888 2111 3888 2110 3889 2106 3889 2107 3889 2112 3890 2108 3890 2106 3890 2112 3891 2113 3891 2109 3891 2112 3892 2109 3892 2108 3892 2112 3893 2106 3893 2110 3893 2114 3894 2111 3894 2115 3894 2114 3895 2110 3895 2111 3895 2116 3896 2117 3896 2113 3896 2116 3897 2112 3897 2110 3897 2116 3898 2110 3898 2114 3898 2116 3899 2113 3899 2112 3899 2118 3900 2115 3900 2119 3900 2118 3901 2114 3901 2115 3901 2120 3902 2117 3902 2116 3902 2120 3903 2114 3903 2118 3903 2120 3904 2116 3904 2114 3904 2120 3905 2121 3905 2117 3905 2122 3906 2119 3906 2123 3906 2122 3907 2118 3907 2119 3907 2124 3908 2125 3908 2121 3908 2124 3909 2121 3909 2120 3909 2124 3910 2118 3910 2122 3910 2124 3911 2120 3911 2118 3911 2126 3912 2123 3912 2127 3912 2126 3913 2122 3913 2123 3913 2128 3914 2129 3914 2125 3914 2128 3915 2125 3915 2124 3915 2128 3916 2124 3916 2122 3916 2128 3917 2122 3917 2126 3917 2130 3918 2127 3918 2131 3918 2130 3919 2126 3919 2127 3919 2132 3920 2129 3920 2128 3920 2132 3921 2133 3921 2129 3921 2132 3922 2128 3922 2126 3922 2132 3923 2126 3923 2130 3923 2134 3924 2131 3924 2135 3924 2134 3925 2130 3925 2131 3925 2134 3926 2132 3926 2130 3926 2136 3927 2137 3927 2133 3927 2136 3928 2133 3928 2132 3928 2136 3929 2132 3929 2134 3929 2138 3930 2135 3930 2139 3930 2138 3931 2134 3931 2135 3931 2140 3932 2141 3932 2137 3932 2140 3933 2136 3933 2134 3933 2140 3934 2137 3934 2136 3934 2140 3935 2134 3935 2138 3935 2142 3936 2139 3936 2143 3936 2142 3937 2138 3937 2139 3937 2144 3938 2138 3938 2142 3938 2144 3939 2145 3939 2141 3939 2144 3940 2141 3940 2140 3940 2144 3941 2140 3941 2138 3941 2146 3942 2143 3942 2147 3942 2146 3943 2144 3943 2142 3943 2146 3944 2142 3944 2143 3944 2148 3945 2145 3945 2144 3945 2148 3946 2144 3946 2146 3946 2148 3947 2149 3947 2145 3947 2150 3948 2146 3948 2147 3948 2150 3949 2147 3949 2151 3949 2152 3950 2146 3950 2150 3950 2152 3951 2149 3951 2148 3951 2152 3952 2148 3952 2146 3952 2152 3953 2153 3953 2149 3953 2154 3954 2151 3954 2155 3954 2154 3955 2152 3955 2150 3955 2154 3956 2150 3956 2151 3956 2156 3957 2153 3957 2152 3957 2156 3958 2152 3958 2154 3958 2156 3959 2157 3959 2153 3959 2158 3960 2155 3960 2070 3960 2158 3961 2154 3961 2155 3961 2158 3962 2069 3962 2074 3962 2158 3963 2070 3963 2069 3963 2159 3964 2156 3964 2154 3964 2159 3965 2157 3965 2156 3965 2159 3966 2158 3966 2074 3966 2159 3967 2154 3967 2158 3967 2159 3968 2073 3968 2157 3968 2159 3969 2074 3969 2073 3969 2073 3970 2072 3970 2160 3970 2045 3971 2161 3971 2043 3971 2050 3972 2161 3972 2045 3972 2043 3973 2161 3973 2162 3973 2048 3974 2163 3974 2051 3974 2051 3975 2163 3975 2050 3975 2050 3976 2163 3976 2161 3976 2041 3977 2164 3977 2048 3977 2048 3978 2164 3978 2163 3978 2161 3979 2165 3979 2162 3979 2162 3980 2165 3980 2166 3980 2068 3981 2167 3981 2040 3981 2040 3982 2167 3982 2041 3982 2041 3983 2167 3983 2164 3983 2163 3984 2168 3984 2161 3984 2161 3985 2168 3985 2165 3985 2163 3986 2169 3986 2168 3986 2164 3987 2169 3987 2163 3987 2166 3988 2170 3988 2171 3988 2165 3989 2170 3989 2166 3989 2081 3990 2172 3990 2068 3990 2167 3991 2172 3991 2164 3991 2068 3992 2172 3992 2167 3992 2164 3993 2172 3993 2169 3993 2168 3994 2173 3994 2165 3994 2165 3995 2173 3995 2170 3995 2168 3996 2174 3996 2173 3996 2169 3997 2174 3997 2168 3997 2171 3998 2175 3998 2176 3998 2170 3999 2175 3999 2171 3999 2085 4000 2177 4000 2081 4000 2081 4001 2177 4001 2172 4001 2172 4002 2177 4002 2169 4002 2169 4003 2177 4003 2174 4003 2173 4004 2178 4004 2170 4004 2170 4005 2178 4005 2175 4005 2174 4006 2179 4006 2173 4006 2173 4007 2179 4007 2178 4007 2175 4008 2180 4008 2176 4008 2176 4009 2180 4009 2181 4009 2089 4010 2182 4010 2085 4010 2174 4011 2182 4011 2179 4011 2177 4012 2182 4012 2174 4012 2085 4013 2182 4013 2177 4013 2178 4014 2183 4014 2175 4014 2175 4015 2183 4015 2180 4015 2179 4016 2184 4016 2178 4016 2178 4017 2184 4017 2183 4017 2181 4018 2185 4018 2186 4018 2180 4019 2185 4019 2181 4019 2093 4020 2187 4020 2089 4020 2179 4021 2187 4021 2184 4021 2182 4022 2187 4022 2179 4022 2089 4023 2187 4023 2182 4023 2183 4024 2188 4024 2180 4024 2180 4025 2188 4025 2185 4025 2184 4026 2189 4026 2183 4026 2183 4027 2189 4027 2188 4027 2185 4028 2190 4028 2186 4028 2186 4029 2190 4029 2191 4029 2097 4030 2192 4030 2093 4030 2187 4031 2192 4031 2184 4031 2184 4032 2192 4032 2189 4032 2093 4033 2192 4033 2187 4033 2185 4034 2193 4034 2190 4034 2188 4035 2193 4035 2185 4035 2189 4036 2194 4036 2188 4036 2188 4037 2194 4037 2193 4037 2191 4038 2195 4038 2196 4038 2190 4039 2195 4039 2191 4039 2101 4040 2197 4040 2097 4040 2189 4041 2197 4041 2194 4041 2097 4042 2197 4042 2192 4042 2192 4043 2197 4043 2189 4043 2193 4044 2198 4044 2190 4044 2194 4045 2198 4045 2193 4045 2190 4046 2198 4046 2195 4046 2194 4047 2199 4047 2198 4047 2195 4048 2200 4048 2196 4048 2196 4049 2200 4049 2201 4049 2198 4050 2200 4050 2195 4050 2105 4051 2202 4051 2101 4051 2101 4052 2202 4052 2197 4052 2194 4053 2202 4053 2199 4053 2197 4054 2202 4054 2194 4054 2198 4055 2203 4055 2200 4055 2198 4056 2204 4056 2203 4056 2199 4057 2204 4057 2198 4057 2200 4058 2205 4058 2201 4058 2201 4059 2205 4059 2206 4059 2199 4060 2207 4060 2204 4060 2202 4061 2207 4061 2199 4061 2109 4062 2207 4062 2105 4062 2105 4063 2207 4063 2202 4063 2200 4064 2208 4064 2205 4064 2203 4065 2208 4065 2200 4065 2204 4066 2209 4066 2203 4066 2203 4067 2209 4067 2208 4067 2205 4068 2210 4068 2206 4068 2206 4069 2210 4069 2211 4069 2113 4070 2212 4070 2109 4070 2109 4071 2212 4071 2207 4071 2204 4072 2212 4072 2209 4072 2207 4073 2212 4073 2204 4073 2208 4074 2213 4074 2205 4074 2205 4075 2213 4075 2210 4075 2209 4076 2214 4076 2208 4076 2208 4077 2214 4077 2213 4077 2210 4078 2215 4078 2211 4078 2211 4079 2215 4079 2216 4079 2117 4080 2217 4080 2113 4080 2121 4081 2217 4081 2117 4081 2209 4082 2217 4082 2214 4082 2113 4083 2217 4083 2212 4083 2212 4084 2217 4084 2209 4084 2210 4085 2218 4085 2215 4085 2213 4086 2218 4086 2210 4086 2214 4087 2218 4087 2213 4087 2217 4088 2219 4088 2214 4088 2214 4089 2219 4089 2218 4089 2216 4090 2220 4090 2221 4090 2215 4091 2220 4091 2216 4091 2121 4092 2222 4092 2217 4092 2217 4093 2222 4093 2219 4093 2218 4094 2223 4094 2215 4094 2215 4095 2223 4095 2220 4095 2218 4096 2224 4096 2223 4096 2219 4097 2224 4097 2218 4097 2221 4098 2225 4098 2226 4098 2220 4099 2225 4099 2221 4099 2125 4100 2227 4100 2121 4100 2121 4101 2227 4101 2222 4101 2222 4102 2227 4102 2219 4102 2219 4103 2227 4103 2224 4103 2223 4104 2228 4104 2220 4104 2224 4105 2228 4105 2223 4105 2220 4106 2228 4106 2225 4106 2224 4107 2229 4107 2228 4107 2225 4108 2230 4108 2226 4108 2226 4109 2230 4109 2231 4109 2129 4110 2232 4110 2125 4110 2125 4111 2232 4111 2227 4111 2227 4112 2232 4112 2224 4112 2224 4113 2232 4113 2229 4113 2225 4114 2233 4114 2230 4114 2228 4115 2233 4115 2225 4115 2229 4116 2234 4116 2228 4116 2228 4117 2234 4117 2233 4117 2231 4118 2235 4118 2236 4118 2233 4119 2235 4119 2230 4119 2230 4120 2235 4120 2231 4120 2133 4121 2237 4121 2129 4121 2137 4122 2237 4122 2133 4122 2129 4123 2237 4123 2232 4123 2232 4124 2237 4124 2229 4124 2229 4125 2237 4125 2234 4125 2233 4126 2238 4126 2235 4126 2234 4127 2239 4127 2233 4127 2237 4128 2239 4128 2234 4128 2233 4129 2239 4129 2238 4129 2236 4130 2240 4130 2241 4130 2235 4131 2240 4131 2236 4131 2137 4132 2242 4132 2237 4132 2237 4133 2242 4133 2239 4133 2235 4134 2243 4134 2240 4134 2238 4135 2243 4135 2235 4135 2238 4136 2244 4136 2243 4136 2239 4137 2244 4137 2238 4137 2241 4138 2245 4138 2246 4138 2240 4139 2245 4139 2241 4139 2137 4140 2247 4140 2242 4140 2242 4141 2247 4141 2239 4141 2141 4142 2247 4142 2137 4142 2239 4143 2247 4143 2244 4143 2243 4144 2248 4144 2240 4144 2240 4145 2248 4145 2245 4145 2244 4146 2249 4146 2243 4146 2243 4147 2249 4147 2248 4147 2245 4148 2250 4148 2246 4148 2246 4149 2250 4149 2251 4149 2248 4150 2250 4150 2245 4150 2247 4151 2252 4151 2244 4151 2141 4152 2252 4152 2247 4152 2145 4153 2252 4153 2141 4153 2244 4154 2252 4154 2249 4154 2248 4155 2253 4155 2250 4155 2249 4156 2254 4156 2248 4156 2252 4157 2254 4157 2249 4157 2248 4158 2254 4158 2253 4158 2250 4159 2255 4159 2251 4159 2251 4160 2255 4160 2256 4160 2149 4161 2257 4161 2145 4161 2145 4162 2257 4162 2252 4162 2252 4163 2257 4163 2254 4163 2253 4164 2258 4164 2250 4164 2250 4165 2258 4165 2255 4165 2254 4166 2259 4166 2253 4166 2253 4167 2259 4167 2258 4167 2256 4168 2260 4168 2261 4168 2255 4169 2260 4169 2256 4169 2258 4170 2260 4170 2255 4170 2153 4171 2262 4171 2149 4171 2149 4172 2262 4172 2257 4172 2254 4173 2262 4173 2259 4173 2257 4174 2262 4174 2254 4174 2258 4175 2263 4175 2260 4175 2259 4176 2264 4176 2258 4176 2262 4177 2264 4177 2259 4177 2258 4178 2264 4178 2263 4178 2265 4179 2266 4179 2267 4179 2261 4180 2266 4180 2265 4180 2267 4181 2266 4181 2268 4181 2268 4182 2266 4182 2269 4182 2263 4183 2266 4183 2260 4183 2260 4184 2266 4184 2261 4184 2153 4185 2270 4185 2262 4185 2157 4186 2270 4186 2153 4186 2262 4187 2270 4187 2264 4187 2269 4188 2271 4188 2272 4188 2263 4189 2271 4189 2266 4189 2266 4190 2271 4190 2269 4190 2272 4191 2273 4191 2274 4191 2264 4192 2273 4192 2263 4192 2263 4193 2273 4193 2271 4193 2271 4194 2273 4194 2272 4194 2073 4195 2275 4195 2157 4195 2264 4196 2275 4196 2273 4196 2274 4197 2275 4197 2160 4197 2273 4198 2275 4198 2274 4198 2157 4199 2275 4199 2270 4199 2270 4200 2275 4200 2264 4200 2160 4201 2275 4201 2073 4201 2276 4202 2265 4202 2267 4202 2277 4203 2278 4203 2279 4203 2280 4204 2281 4204 2043 4204 2280 4205 2043 4205 2162 4205 2282 4206 2283 4206 2284 4206 2282 4207 2284 4207 2285 4207 2282 4208 2285 4208 2281 4208 2282 4209 2281 4209 2280 4209 2286 4210 2162 4210 2166 4210 2286 4211 2280 4211 2162 4211 2287 4212 2288 4212 2283 4212 2287 4213 2282 4213 2280 4213 2287 4214 2280 4214 2286 4214 2287 4215 2283 4215 2282 4215 2289 4216 2286 4216 2166 4216 2289 4217 2166 4217 2171 4217 2290 4218 2291 4218 2288 4218 2290 4219 2286 4219 2289 4219 2290 4220 2287 4220 2286 4220 2290 4221 2288 4221 2287 4221 2292 4222 2289 4222 2171 4222 2292 4223 2171 4223 2176 4223 2293 4224 2294 4224 2291 4224 2293 4225 2289 4225 2292 4225 2293 4226 2290 4226 2289 4226 2293 4227 2291 4227 2290 4227 2295 4228 2176 4228 2181 4228 2295 4229 2292 4229 2176 4229 2296 4230 2297 4230 2294 4230 2296 4231 2294 4231 2293 4231 2296 4232 2293 4232 2292 4232 2296 4233 2292 4233 2295 4233 2298 4234 2181 4234 2186 4234 2298 4235 2295 4235 2181 4235 2299 4236 2300 4236 2297 4236 2299 4237 2297 4237 2296 4237 2299 4238 2296 4238 2295 4238 2299 4239 2295 4239 2298 4239 2301 4240 2298 4240 2186 4240 2301 4241 2186 4241 2191 4241 2302 4242 2303 4242 2300 4242 2302 4243 2300 4243 2299 4243 2302 4244 2298 4244 2301 4244 2302 4245 2299 4245 2298 4245 2304 4246 2191 4246 2196 4246 2304 4247 2301 4247 2191 4247 2305 4248 2306 4248 2303 4248 2305 4249 2301 4249 2304 4249 2305 4250 2303 4250 2302 4250 2305 4251 2302 4251 2301 4251 2307 4252 2196 4252 2201 4252 2307 4253 2304 4253 2196 4253 2308 4254 2309 4254 2306 4254 2308 4255 2304 4255 2307 4255 2308 4256 2306 4256 2305 4256 2308 4257 2305 4257 2304 4257 2310 4258 2201 4258 2206 4258 2310 4259 2307 4259 2201 4259 2311 4260 2307 4260 2310 4260 2311 4261 2312 4261 2309 4261 2311 4262 2309 4262 2308 4262 2311 4263 2308 4263 2307 4263 2313 4264 2206 4264 2211 4264 2313 4265 2310 4265 2206 4265 2314 4266 2315 4266 2312 4266 2314 4267 2310 4267 2313 4267 2314 4268 2311 4268 2310 4268 2314 4269 2312 4269 2311 4269 2316 4270 2313 4270 2211 4270 2316 4271 2211 4271 2216 4271 2317 4272 2315 4272 2314 4272 2317 4273 2318 4273 2315 4273 2317 4274 2313 4274 2316 4274 2317 4275 2314 4275 2313 4275 2319 4276 2221 4276 2226 4276 2319 4277 2216 4277 2221 4277 2319 4278 2316 4278 2216 4278 2320 4279 2318 4279 2317 4279 2320 4280 2321 4280 2318 4280 2320 4281 2317 4281 2316 4281 2320 4282 2316 4282 2319 4282 2322 4283 2319 4283 2226 4283 2323 4284 2324 4284 2321 4284 2323 4285 2320 4285 2319 4285 2323 4286 2321 4286 2320 4286 2323 4287 2319 4287 2322 4287 2325 4288 2322 4288 2226 4288 2325 4289 2226 4289 2231 4289 2325 4290 2323 4290 2322 4290 2326 4291 2327 4291 2324 4291 2326 4292 2324 4292 2323 4292 2326 4293 2323 4293 2325 4293 2328 4294 2231 4294 2236 4294 2328 4295 2325 4295 2231 4295 2329 4296 2330 4296 2327 4296 2329 4297 2327 4297 2326 4297 2329 4298 2326 4298 2325 4298 2329 4299 2325 4299 2328 4299 2331 4300 2329 4300 2328 4300 2331 4301 2241 4301 2246 4301 2331 4302 2236 4302 2241 4302 2331 4303 2328 4303 2236 4303 2332 4304 2333 4304 2330 4304 2332 4305 2330 4305 2329 4305 2332 4306 2329 4306 2331 4306 2334 4307 2331 4307 2246 4307 2335 4308 2332 4308 2331 4308 2335 4309 2336 4309 2333 4309 2335 4310 2333 4310 2332 4310 2335 4311 2331 4311 2334 4311 2337 4312 2334 4312 2246 4312 2337 4313 2251 4313 2256 4313 2337 4314 2246 4314 2251 4314 2338 4315 2335 4315 2334 4315 2338 4316 2334 4316 2337 4316 2338 4317 2336 4317 2335 4317 2338 4318 2339 4318 2336 4318 2340 4319 2337 4319 2256 4319 2341 4320 2337 4320 2340 4320 2341 4321 2339 4321 2338 4321 2341 4322 2342 4322 2339 4322 2341 4323 2338 4323 2337 4323 2343 4324 2256 4324 2261 4324 2343 4325 2340 4325 2256 4325 2344 4326 2342 4326 2341 4326 2344 4327 2345 4327 2342 4327 2344 4328 2340 4328 2343 4328 2344 4329 2341 4329 2340 4329 2346 4330 2261 4330 2265 4330 2346 4331 2343 4331 2261 4331 2346 4332 2265 4332 2276 4332 2347 4333 2278 4333 2345 4333 2347 4334 2345 4334 2344 4334 2347 4335 2343 4335 2346 4335 2347 4336 2346 4336 2276 4336 2347 4337 2344 4337 2343 4337 2347 4338 2276 4338 2279 4338 2347 4339 2279 4339 2278 4339 2348 4340 2285 4340 2284 4340 2349 4341 2348 4341 2044 4341 2349 4342 2044 4342 2043 4342 2349 4343 2281 4343 2285 4343 2349 4344 2043 4344 2281 4344 2349 4345 2285 4345 2348 4345 2036 4346 2039 4346 2348 4346 2350 4347 2037 4347 2038 4347 2350 4348 2039 4348 2037 4348 2350 4349 2038 4349 2044 4349 2350 4350 2044 4350 2348 4350 2350 4351 2348 4351 2039 4351 2036 4352 2348 4352 783 4352 2036 4353 783 4353 782 4353 785 4354 783 4354 2348 4354 785 4355 2348 4355 2284 4355 785 4356 2284 4356 2283 4356 797 4357 785 4357 2283 4357 800 4358 2283 4358 2288 4358 800 4359 797 4359 2283 4359 804 4360 2288 4360 2291 4360 804 4361 800 4361 2288 4361 808 4362 2291 4362 2294 4362 808 4363 804 4363 2291 4363 812 4364 2294 4364 2297 4364 812 4365 808 4365 2294 4365 816 4366 2297 4366 2300 4366 816 4367 812 4367 2297 4367 820 4368 2300 4368 2303 4368 820 4369 816 4369 2300 4369 824 4370 2303 4370 2306 4370 824 4371 820 4371 2303 4371 828 4372 2306 4372 2309 4372 828 4373 824 4373 2306 4373 832 4374 828 4374 2309 4374 832 4375 2309 4375 2312 4375 836 4376 832 4376 2312 4376 836 4377 2312 4377 2315 4377 840 4378 836 4378 2315 4378 840 4379 2315 4379 2318 4379 844 4380 840 4380 2318 4380 844 4381 2318 4381 2321 4381 848 4382 844 4382 2321 4382 848 4383 2321 4383 2324 4383 852 4384 2324 4384 2327 4384 852 4385 848 4385 2324 4385 856 4386 2327 4386 2330 4386 856 4387 852 4387 2327 4387 860 4388 2330 4388 2333 4388 860 4389 856 4389 2330 4389 864 4390 2333 4390 2336 4390 864 4391 860 4391 2333 4391 868 4392 2336 4392 2339 4392 868 4393 864 4393 2336 4393 872 4394 2339 4394 2342 4394 872 4395 868 4395 2339 4395 876 4396 2342 4396 2345 4396 876 4397 872 4397 2342 4397 791 4398 2345 4398 2278 4398 791 4399 876 4399 2345 4399 792 4400 2278 4400 2277 4400 792 4401 791 4401 2278 4401 970 4402 2277 4402 2351 4402 970 4403 792 4403 2277 4403 2277 4404 2279 4404 2351 4404 2352 4405 2276 4405 2267 4405 2352 4406 2279 4406 2276 4406 2352 4407 2267 4407 2353 4407 2352 4408 2353 4408 2351 4408 2352 4409 2351 4409 2279 4409 2268 4410 2354 4410 2267 4410 2269 4411 2354 4411 2268 4411 2267 4412 2354 4412 2353 4412 2274 4413 2355 4413 2272 4413 2272 4414 2355 4414 2269 4414 2269 4415 2355 4415 2354 4415 2353 4416 2356 4416 2357 4416 2357 4417 2356 4417 2358 4417 2354 4418 2356 4418 2353 4418 2359 4419 2360 4419 2072 4419 2160 4420 2360 4420 2274 4420 2072 4421 2360 4421 2160 4421 2274 4422 2360 4422 2355 4422 2355 4423 2361 4423 2354 4423 2354 4424 2361 4424 2356 4424 2358 4425 2362 4425 2363 4425 2363 4426 2362 4426 2364 4426 2364 4427 2362 4427 2365 4427 2356 4428 2362 4428 2358 4428 2366 4429 2367 4429 2368 4429 2368 4430 2367 4430 2359 4430 2355 4431 2367 4431 2361 4431 2359 4432 2367 4432 2360 4432 2360 4433 2367 4433 2355 4433 2365 4434 2369 4434 2370 4434 2370 4435 2369 4435 2371 4435 2356 4436 2369 4436 2362 4436 2361 4437 2369 4437 2356 4437 2362 4438 2369 4438 2365 4438 2371 4439 2372 4439 2373 4439 2373 4440 2372 4440 2374 4440 2374 4441 2372 4441 2366 4441 2367 4442 2372 4442 2361 4442 2366 4443 2372 4443 2367 4443 2369 4444 2372 4444 2371 4444 2361 4445 2372 4445 2369 4445 2074 4446 2359 4446 2072 4446 2069 4447 2359 4447 2074 4447 2375 4448 2069 4448 2071 4448 2375 4449 2359 4449 2069 4449 2376 4450 2366 4450 2368 4450 2377 4451 2378 4451 2379 4451 2380 4452 2378 4452 2376 4452 2380 4453 2368 4453 2359 4453 2380 4454 2359 4454 2375 4454 2380 4455 2376 4455 2368 4455 2381 4456 2375 4456 2379 4456 2381 4457 2380 4457 2375 4457 2381 4458 2378 4458 2380 4458 2381 4459 2379 4459 2378 4459 2382 4460 2383 4460 2384 4460 2385 4461 2386 4461 2374 4461 2387 4462 2374 4462 2366 4462 2387 4463 2366 4463 2376 4463 2387 4464 2385 4464 2374 4464 2388 4465 2384 4465 2386 4465 2388 4466 2389 4466 2382 4466 2388 4467 2386 4467 2385 4467 2388 4468 2382 4468 2384 4468 2390 4469 2376 4469 2378 4469 2390 4470 2378 4470 2377 4470 2390 4471 2377 4471 2389 4471 2390 4472 2387 4472 2376 4472 2390 4473 2385 4473 2387 4473 2390 4474 2388 4474 2385 4474 2390 4475 2389 4475 2388 4475 2391 4476 2392 4476 2374 4476 2391 4477 2374 4477 2386 4477 2393 4478 2386 4478 2384 4478 2393 4479 2391 4479 2386 4479 2394 4480 2384 4480 2383 4480 2394 4481 2393 4481 2384 4481 2363 4482 2364 4482 2395 4482 2396 4483 2364 4483 2397 4483 2395 4484 2364 4484 2396 4484 2397 4485 2365 4485 2398 4485 2364 4486 2365 4486 2397 4486 2398 4487 2370 4487 2399 4487 2365 4488 2370 4488 2398 4488 2399 4489 2371 4489 2400 4489 2370 4490 2371 4490 2399 4490 2400 4491 2373 4491 2392 4491 2371 4492 2373 4492 2400 4492 2373 4493 2374 4493 2392 4493 2363 4494 2395 4494 2401 4494 2402 4495 2363 4495 2401 4495 2403 4496 2401 4496 2404 4496 2403 4497 2402 4497 2401 4497 2405 4498 2404 4498 2406 4498 2405 4499 2403 4499 2404 4499 2405 4500 2407 4500 2403 4500 2408 4501 2358 4501 2363 4501 2408 4502 2409 4502 2358 4502 2408 4503 2410 4503 2409 4503 2411 4504 2363 4504 2402 4504 2411 4505 2408 4505 2363 4505 2412 4506 2413 4506 2414 4506 2412 4507 2414 4507 2410 4507 2412 4508 2410 4508 2408 4508 2415 4509 2402 4509 2403 4509 2415 4510 2407 4510 2413 4510 2415 4511 2408 4511 2411 4511 2415 4512 2413 4512 2412 4512 2415 4513 2411 4513 2402 4513 2415 4514 2412 4514 2408 4514 2415 4515 2403 4515 2407 4515 2416 4516 2353 4516 2357 4516 2416 4517 2357 4517 2358 4517 2416 4518 2358 4518 2409 4518 2416 4519 2409 4519 2410 4519 2416 4520 2351 4520 2353 4520 2417 4521 2410 4521 2414 4521 2417 4522 2414 4522 2418 4522 2417 4523 2418 4523 2351 4523 2417 4524 2351 4524 2416 4524 2417 4525 2416 4525 2410 4525 975 4526 2414 4526 973 4526 2418 4527 2414 4527 975 4527 2351 4528 975 4528 970 4528 2351 4529 2418 4529 975 4529 973 4530 2414 4530 2413 4530 981 4531 2413 4531 2407 4531 981 4532 973 4532 2413 4532 978 4533 981 4533 2407 4533 979 4534 2407 4534 2405 4534 979 4535 978 4535 2407 4535 2406 4536 979 4536 2405 4536 990 4537 2406 4537 2419 4537 990 4538 979 4538 2406 4538 1014 4539 2419 4539 2420 4539 1014 4540 990 4540 2419 4540 1019 4541 2420 4541 2421 4541 1019 4542 1014 4542 2420 4542 1020 4543 1019 4543 2421 4543 2419 4544 2406 4544 2404 4544 2421 4545 2420 4545 2422 4545 2423 4546 2401 4546 2395 4546 2424 4547 2395 4547 2425 4547 2424 4548 2425 4548 2426 4548 2424 4549 2423 4549 2395 4549 2427 4550 2404 4550 2401 4550 2427 4551 2420 4551 2419 4551 2427 4552 2401 4552 2423 4552 2427 4553 2419 4553 2404 4553 2428 4554 2426 4554 2422 4554 2428 4555 2424 4555 2426 4555 2428 4556 2423 4556 2424 4556 2428 4557 2427 4557 2423 4557 2428 4558 2420 4558 2427 4558 2428 4559 2422 4559 2420 4559 2429 4560 2430 4560 2431 4560 2431 4561 2430 4561 2432 4561 2432 4562 2430 4562 2433 4562 2434 4563 2435 4563 2436 4563 2436 4564 2435 4564 2429 4564 2429 4565 2435 4565 2430 4565 2433 4566 2437 4566 2438 4566 2438 4567 2437 4567 2439 4567 2430 4568 2437 4568 2433 4568 2440 4569 2441 4569 2442 4569 2442 4570 2441 4570 2443 4570 2443 4571 2441 4571 2434 4571 2434 4572 2441 4572 2435 4572 2435 4573 2444 4573 2430 4573 2430 4574 2444 4574 2437 4574 2439 4575 2445 4575 2392 4575 2392 4576 2445 4576 2400 4576 2400 4577 2445 4577 2399 4577 2437 4578 2445 4578 2439 4578 2425 4579 2446 4579 2447 4579 2447 4580 2446 4580 2440 4580 2435 4581 2446 4581 2444 4581 2440 4582 2446 4582 2441 4582 2441 4583 2446 4583 2435 4583 2399 4584 2448 4584 2398 4584 2398 4585 2448 4585 2397 4585 2437 4586 2448 4586 2445 4586 2444 4587 2448 4587 2437 4587 2445 4588 2448 4588 2399 4588 2397 4589 2449 4589 2396 4589 2396 4590 2449 4590 2395 4590 2395 4591 2449 4591 2425 4591 2446 4592 2449 4592 2444 4592 2425 4593 2449 4593 2446 4593 2448 4594 2449 4594 2397 4594 2444 4595 2449 4595 2448 4595 2394 4596 2450 4596 2393 4596 2451 4597 2439 4597 2392 4597 2451 4598 2452 4598 2439 4598 2451 4599 2453 4599 2452 4599 2454 4600 2392 4600 2391 4600 2454 4601 2451 4601 2392 4601 2455 4602 2450 4602 2456 4602 2455 4603 2456 4603 2457 4603 2455 4604 2457 4604 2453 4604 2455 4605 2453 4605 2451 4605 2458 4606 2391 4606 2393 4606 2458 4607 2451 4607 2454 4607 2458 4608 2450 4608 2455 4608 2458 4609 2454 4609 2391 4609 2458 4610 2455 4610 2451 4610 2458 4611 2393 4611 2450 4611 2459 4612 2439 4612 2452 4612 2459 4613 2452 4613 2453 4613 2459 4614 2460 4614 2433 4614 2459 4615 2433 4615 2438 4615 2459 4616 2438 4616 2439 4616 2461 4617 2453 4617 2457 4617 2461 4618 2457 4618 2462 4618 2461 4619 2462 4619 2460 4619 2461 4620 2460 4620 2459 4620 2461 4621 2459 4621 2453 4621 2463 4622 2464 4622 2460 4622 2465 4623 2466 4623 2432 4623 2465 4624 2464 4624 2466 4624 2465 4625 2432 4625 2433 4625 2465 4626 2433 4626 2460 4626 2465 4627 2460 4627 2464 4627 2467 4628 2432 4628 2466 4628 1236 4629 2468 4629 1237 4629 2469 4630 2464 4630 2463 4630 2469 4631 2463 4631 2470 4631 2471 4632 2466 4632 2464 4632 2471 4633 2467 4633 2466 4633 2471 4634 2464 4634 2469 4634 2472 4635 2470 4635 2473 4635 2472 4636 2469 4636 2470 4636 2474 4637 2471 4637 2469 4637 2474 4638 2475 4638 2467 4638 2474 4639 2469 4639 2472 4639 2474 4640 2467 4640 2471 4640 2476 4641 2472 4641 2473 4641 2476 4642 2473 4642 2477 4642 2478 4643 2479 4643 2475 4643 2478 4644 2472 4644 2476 4644 2478 4645 2475 4645 2474 4645 2478 4646 2474 4646 2472 4646 2480 4647 2476 4647 2477 4647 2480 4648 2477 4648 2481 4648 2482 4649 2478 4649 2476 4649 2482 4650 2483 4650 2479 4650 2482 4651 2479 4651 2478 4651 2482 4652 2476 4652 2480 4652 2484 4653 2481 4653 2485 4653 2484 4654 2480 4654 2481 4654 2486 4655 2487 4655 2483 4655 2486 4656 2483 4656 2482 4656 2486 4657 2482 4657 2480 4657 2486 4658 2480 4658 2484 4658 2488 4659 2485 4659 2489 4659 2488 4660 2484 4660 2485 4660 2490 4661 2491 4661 2487 4661 2490 4662 2487 4662 2486 4662 2490 4663 2486 4663 2484 4663 2490 4664 2484 4664 2488 4664 2492 4665 2489 4665 2493 4665 2492 4666 2488 4666 2489 4666 2494 4667 2495 4667 2491 4667 2494 4668 2490 4668 2488 4668 2494 4669 2488 4669 2492 4669 2494 4670 2491 4670 2490 4670 2496 4671 2493 4671 2497 4671 2496 4672 2492 4672 2493 4672 2498 4673 2492 4673 2496 4673 2498 4674 2499 4674 2495 4674 2498 4675 2495 4675 2494 4675 2498 4676 2494 4676 2492 4676 2500 4677 2497 4677 2501 4677 2500 4678 2496 4678 2497 4678 2502 4679 2503 4679 2499 4679 2502 4680 2496 4680 2500 4680 2502 4681 2499 4681 2498 4681 2502 4682 2498 4682 2496 4682 2504 4683 2501 4683 2505 4683 2504 4684 2500 4684 2501 4684 2506 4685 2500 4685 2504 4685 2506 4686 2507 4686 2503 4686 2506 4687 2503 4687 2502 4687 2506 4688 2502 4688 2500 4688 2508 4689 2505 4689 2509 4689 2508 4690 2504 4690 2505 4690 2510 4691 2511 4691 2507 4691 2510 4692 2504 4692 2508 4692 2510 4693 2507 4693 2506 4693 2510 4694 2506 4694 2504 4694 2512 4695 2508 4695 2509 4695 2512 4696 2509 4696 2513 4696 2512 4697 2510 4697 2508 4697 2514 4698 2510 4698 2512 4698 2514 4699 2515 4699 2511 4699 2514 4700 2511 4700 2510 4700 2516 4701 2514 4701 2512 4701 2516 4702 2513 4702 2517 4702 2516 4703 2512 4703 2513 4703 2518 4704 2514 4704 2516 4704 2518 4705 2519 4705 2515 4705 2518 4706 2515 4706 2514 4706 2520 4707 2517 4707 2521 4707 2520 4708 2516 4708 2517 4708 2522 4709 2518 4709 2516 4709 2522 4710 2523 4710 2519 4710 2522 4711 2519 4711 2518 4711 2522 4712 2516 4712 2520 4712 2524 4713 2521 4713 2525 4713 2524 4714 2520 4714 2521 4714 2524 4715 2522 4715 2520 4715 2526 4716 2527 4716 2523 4716 2526 4717 2523 4717 2522 4717 2526 4718 2522 4718 2524 4718 2528 4719 2524 4719 2525 4719 2528 4720 2525 4720 2529 4720 2530 4721 2531 4721 2527 4721 2530 4722 2532 4722 2531 4722 2530 4723 2524 4723 2528 4723 2530 4724 2527 4724 2526 4724 2530 4725 2526 4725 2524 4725 2533 4726 2529 4726 2534 4726 2533 4727 2528 4727 2529 4727 2535 4728 2532 4728 2530 4728 2535 4729 2530 4729 2528 4729 2535 4730 2528 4730 2533 4730 2536 4731 2533 4731 2534 4731 2536 4732 2534 4732 2537 4732 2536 4733 2535 4733 2533 4733 2538 4734 2535 4734 2536 4734 2538 4735 2539 4735 2532 4735 2538 4736 2540 4736 2539 4736 2538 4737 2532 4737 2535 4737 2541 4738 2536 4738 2537 4738 2541 4739 2538 4739 2536 4739 2541 4740 2537 4740 2542 4740 2543 4741 2540 4741 2538 4741 2543 4742 2538 4742 2541 4742 2544 4743 2541 4743 2542 4743 2544 4744 2543 4744 2541 4744 2544 4745 2542 4745 2545 4745 2546 4746 2540 4746 2543 4746 2546 4747 2547 4747 2540 4747 2546 4748 2543 4748 2544 4748 2548 4749 2544 4749 2545 4749 2548 4750 2545 4750 2549 4750 2550 4751 2546 4751 2544 4751 2550 4752 2544 4752 2548 4752 2550 4753 2547 4753 2546 4753 2550 4754 2551 4754 2547 4754 2552 4755 1236 4755 1234 4755 2552 4756 2548 4756 2549 4756 2552 4757 2549 4757 2468 4757 2552 4758 2468 4758 1236 4758 2553 4759 1234 4759 1223 4759 2553 4760 2550 4760 2548 4760 2553 4761 2552 4761 1234 4761 2553 4762 2551 4762 2550 4762 2553 4763 2554 4763 2551 4763 2553 4764 1223 4764 2554 4764 2553 4765 2548 4765 2552 4765 2432 4766 2467 4766 2431 4766 2555 4767 1232 4767 1212 4767 2442 4768 2556 4768 2557 4768 2443 4769 2556 4769 2442 4769 2434 4770 2556 4770 2443 4770 2434 4771 2558 4771 2556 4771 2429 4772 2558 4772 2436 4772 2436 4773 2558 4773 2434 4773 2429 4774 2559 4774 2558 4774 2431 4775 2559 4775 2429 4775 2557 4776 2560 4776 2561 4776 2556 4777 2560 4777 2557 4777 2431 4778 2562 4778 2559 4778 2467 4779 2562 4779 2431 4779 2558 4780 2563 4780 2556 4780 2556 4781 2563 4781 2560 4781 2558 4782 2564 4782 2563 4782 2559 4783 2564 4783 2558 4783 2561 4784 2565 4784 2566 4784 2560 4785 2565 4785 2561 4785 2562 4786 2567 4786 2559 4786 2475 4787 2567 4787 2467 4787 2559 4788 2567 4788 2564 4788 2467 4789 2567 4789 2562 4789 2563 4790 2568 4790 2560 4790 2560 4791 2568 4791 2565 4791 2564 4792 2569 4792 2563 4792 2563 4793 2569 4793 2568 4793 2566 4794 2570 4794 2571 4794 2565 4795 2570 4795 2566 4795 2475 4796 2572 4796 2567 4796 2479 4797 2572 4797 2475 4797 2567 4798 2572 4798 2564 4798 2564 4799 2572 4799 2569 4799 2568 4800 2573 4800 2565 4800 2565 4801 2573 4801 2570 4801 2568 4802 2574 4802 2573 4802 2569 4803 2574 4803 2568 4803 2571 4804 2575 4804 2576 4804 2570 4805 2575 4805 2571 4805 2572 4806 2577 4806 2569 4806 2483 4807 2577 4807 2479 4807 2569 4808 2577 4808 2574 4808 2479 4809 2577 4809 2572 4809 2570 4810 2578 4810 2575 4810 2573 4811 2578 4811 2570 4811 2574 4812 2579 4812 2573 4812 2573 4813 2579 4813 2578 4813 2576 4814 2580 4814 2581 4814 2575 4815 2580 4815 2576 4815 2487 4816 2582 4816 2483 4816 2483 4817 2582 4817 2577 4817 2574 4818 2582 4818 2579 4818 2577 4819 2582 4819 2574 4819 2578 4820 2583 4820 2575 4820 2575 4821 2583 4821 2580 4821 2578 4822 2584 4822 2583 4822 2579 4823 2584 4823 2578 4823 2581 4824 2585 4824 2586 4824 2580 4825 2585 4825 2581 4825 2582 4826 2587 4826 2579 4826 2579 4827 2587 4827 2584 4827 2491 4828 2587 4828 2487 4828 2487 4829 2587 4829 2582 4829 2583 4830 2588 4830 2580 4830 2580 4831 2588 4831 2585 4831 2583 4832 2589 4832 2588 4832 2584 4833 2589 4833 2583 4833 2588 4834 2590 4834 2585 4834 2586 4835 2590 4835 2591 4835 2585 4836 2590 4836 2586 4836 2495 4837 2592 4837 2491 4837 2491 4838 2592 4838 2587 4838 2584 4839 2592 4839 2589 4839 2587 4840 2592 4840 2584 4840 2588 4841 2593 4841 2590 4841 2588 4842 2594 4842 2593 4842 2589 4843 2594 4843 2588 4843 2590 4844 2595 4844 2591 4844 2591 4845 2595 4845 2596 4845 2589 4846 2597 4846 2594 4846 2499 4847 2597 4847 2495 4847 2503 4848 2597 4848 2499 4848 2495 4849 2597 4849 2592 4849 2592 4850 2597 4850 2589 4850 2593 4851 2598 4851 2590 4851 2590 4852 2598 4852 2595 4852 2593 4853 2599 4853 2598 4853 2594 4854 2599 4854 2593 4854 2595 4855 2600 4855 2596 4855 2596 4856 2600 4856 2601 4856 2597 4857 2602 4857 2594 4857 2503 4858 2602 4858 2597 4858 2594 4859 2602 4859 2599 4859 2507 4860 2602 4860 2503 4860 2595 4861 2603 4861 2600 4861 2598 4862 2603 4862 2595 4862 2598 4863 2604 4863 2603 4863 2602 4864 2604 4864 2599 4864 2599 4865 2604 4865 2598 4865 2600 4866 2605 4866 2601 4866 2601 4867 2605 4867 2606 4867 2602 4868 2607 4868 2604 4868 2507 4869 2607 4869 2602 4869 2603 4870 2608 4870 2600 4870 2600 4871 2608 4871 2605 4871 2604 4872 2609 4872 2603 4872 2603 4873 2609 4873 2608 4873 2607 4874 2609 4874 2604 4874 2606 4875 2610 4875 2611 4875 2605 4876 2610 4876 2606 4876 2507 4877 2612 4877 2607 4877 2607 4878 2612 4878 2609 4878 2511 4879 2612 4879 2507 4879 2605 4880 2613 4880 2610 4880 2608 4881 2613 4881 2605 4881 2609 4882 2614 4882 2608 4882 2608 4883 2614 4883 2613 4883 2611 4884 2615 4884 2616 4884 2610 4885 2615 4885 2611 4885 2609 4886 2617 4886 2614 4886 2515 4887 2617 4887 2511 4887 2612 4888 2617 4888 2609 4888 2511 4889 2617 4889 2612 4889 2610 4890 2618 4890 2615 4890 2613 4891 2618 4891 2610 4891 2614 4892 2618 4892 2613 4892 2614 4893 2619 4893 2618 4893 2616 4894 2620 4894 2621 4894 2615 4895 2620 4895 2616 4895 2519 4896 2622 4896 2515 4896 2515 4897 2622 4897 2617 4897 2617 4898 2622 4898 2614 4898 2614 4899 2622 4899 2619 4899 2615 4900 2623 4900 2620 4900 2618 4901 2623 4901 2615 4901 2619 4902 2624 4902 2618 4902 2622 4903 2624 4903 2619 4903 2618 4904 2624 4904 2623 4904 2621 4905 2625 4905 2626 4905 2620 4906 2625 4906 2621 4906 2523 4907 2627 4907 2519 4907 2519 4908 2627 4908 2622 4908 2622 4909 2627 4909 2624 4909 2620 4910 2628 4910 2625 4910 2623 4911 2628 4911 2620 4911 2624 4912 2629 4912 2623 4912 2623 4913 2629 4913 2628 4913 2626 4914 2630 4914 2631 4914 2625 4915 2630 4915 2626 4915 2527 4916 2632 4916 2523 4916 2523 4917 2632 4917 2627 4917 2627 4918 2632 4918 2624 4918 2624 4919 2632 4919 2629 4919 2625 4920 2633 4920 2630 4920 2628 4921 2633 4921 2625 4921 2629 4922 2634 4922 2628 4922 2628 4923 2634 4923 2633 4923 2631 4924 2635 4924 2636 4924 2630 4925 2635 4925 2631 4925 2633 4926 2635 4926 2630 4926 2531 4927 2637 4927 2527 4927 2527 4928 2637 4928 2632 4928 2632 4929 2637 4929 2629 4929 2629 4930 2637 4930 2634 4930 2633 4931 2638 4931 2635 4931 2633 4932 2639 4932 2638 4932 2634 4933 2639 4933 2633 4933 2636 4934 2640 4934 2641 4934 2635 4935 2640 4935 2636 4935 2637 4936 2642 4936 2634 4936 2634 4937 2642 4937 2639 4937 2532 4938 2642 4938 2531 4938 2531 4939 2642 4939 2637 4939 2638 4940 2643 4940 2635 4940 2639 4941 2643 4941 2638 4941 2635 4942 2643 4942 2640 4942 2639 4943 2644 4943 2643 4943 2641 4944 2645 4944 2646 4944 2643 4945 2645 4945 2640 4945 2640 4946 2645 4946 2641 4946 2639 4947 2647 4947 2644 4947 2532 4948 2647 4948 2642 4948 2539 4949 2647 4949 2532 4949 2642 4950 2647 4950 2639 4950 2643 4951 2648 4951 2645 4951 2644 4952 2649 4952 2643 4952 2643 4953 2649 4953 2648 4953 2646 4954 2650 4954 2651 4954 2645 4955 2650 4955 2646 4955 2647 4956 2652 4956 2644 4956 2539 4957 2652 4957 2647 4957 2644 4958 2652 4958 2649 4958 2540 4959 2652 4959 2539 4959 2649 4960 2653 4960 2648 4960 2648 4961 2653 4961 2645 4961 2645 4962 2653 4962 2650 4962 2652 4963 2654 4963 2649 4963 2649 4964 2654 4964 2653 4964 2651 4965 2655 4965 2656 4965 2650 4966 2655 4966 2651 4966 2540 4967 2657 4967 2652 4967 2652 4968 2657 4968 2654 4968 2547 4969 2657 4969 2540 4969 2653 4970 2658 4970 2650 4970 2650 4971 2658 4971 2655 4971 2654 4972 2659 4972 2653 4972 2653 4973 2659 4973 2658 4973 2656 4974 2660 4974 2555 4974 1232 4975 2660 4975 1229 4975 2655 4976 2660 4976 2656 4976 2658 4977 2660 4977 2655 4977 2555 4978 2660 4978 1232 4978 2551 4979 2661 4979 2547 4979 2657 4980 2661 4980 2654 4980 2554 4981 2661 4981 2551 4981 2547 4982 2661 4982 2657 4982 2654 4983 2661 4983 2659 4983 1229 4984 2662 4984 1228 4984 1228 4985 2662 4985 1225 4985 2659 4986 2662 4986 2658 4986 2658 4987 2662 4987 2660 4987 2660 4988 2662 4988 1229 4988 1225 4989 2663 4989 1224 4989 2662 4990 2663 4990 1225 4990 2659 4991 2663 4991 2662 4991 1224 4992 2664 4992 1223 4992 1223 4993 2664 4993 2554 4993 2663 4994 2664 4994 1224 4994 2554 4995 2664 4995 2661 4995 2661 4996 2664 4996 2659 4996 2659 4997 2664 4997 2663 4997 1209 4998 1208 4998 1214 4998 2665 4999 2666 4999 2667 4999 2665 5000 2667 5000 2442 5000 2665 5001 2442 5001 2557 5001 2668 5002 1187 5002 1186 5002 2668 5003 1186 5003 2666 5003 2668 5004 2666 5004 2665 5004 2669 5005 2557 5005 2561 5005 2669 5006 2665 5006 2557 5006 2670 5007 1188 5007 1187 5007 2670 5008 2668 5008 2665 5008 2670 5009 2665 5009 2669 5009 2670 5010 1187 5010 2668 5010 2671 5011 2669 5011 2561 5011 2671 5012 2561 5012 2566 5012 2672 5013 1189 5013 1188 5013 2672 5014 2669 5014 2671 5014 2672 5015 1188 5015 2670 5015 2672 5016 2670 5016 2669 5016 2673 5017 2671 5017 2566 5017 2673 5018 2566 5018 2571 5018 2674 5019 1190 5019 1189 5019 2674 5020 1189 5020 2672 5020 2674 5021 2671 5021 2673 5021 2674 5022 2672 5022 2671 5022 2675 5023 2571 5023 2576 5023 2675 5024 2673 5024 2571 5024 2676 5025 1191 5025 1190 5025 2676 5026 2674 5026 2673 5026 2676 5027 2673 5027 2675 5027 2676 5028 1190 5028 2674 5028 2677 5029 2576 5029 2581 5029 2677 5030 2675 5030 2576 5030 2678 5031 1192 5031 1191 5031 2678 5032 2675 5032 2677 5032 2678 5033 2676 5033 2675 5033 2678 5034 1191 5034 2676 5034 2679 5035 2581 5035 2586 5035 2679 5036 2677 5036 2581 5036 2680 5037 1193 5037 1192 5037 2680 5038 1192 5038 2678 5038 2680 5039 2678 5039 2677 5039 2680 5040 2677 5040 2679 5040 2681 5041 2586 5041 2591 5041 2681 5042 2679 5042 2586 5042 2682 5043 2679 5043 2681 5043 2682 5044 1193 5044 2680 5044 2682 5045 1194 5045 1193 5045 2682 5046 2680 5046 2679 5046 2683 5047 2591 5047 2596 5047 2683 5048 2681 5048 2591 5048 2683 5049 2682 5049 2681 5049 2684 5050 1195 5050 1194 5050 2684 5051 1194 5051 2682 5051 2684 5052 2682 5052 2683 5052 2685 5053 2596 5053 2601 5053 2685 5054 2683 5054 2596 5054 2686 5055 1196 5055 1195 5055 2686 5056 2683 5056 2685 5056 2686 5057 2684 5057 2683 5057 2686 5058 1195 5058 2684 5058 2687 5059 2601 5059 2606 5059 2687 5060 2685 5060 2601 5060 2688 5061 1197 5061 1196 5061 2688 5062 2685 5062 2687 5062 2688 5063 2686 5063 2685 5063 2688 5064 1196 5064 2686 5064 2689 5065 2688 5065 2687 5065 2689 5066 2606 5066 2611 5066 2689 5067 2687 5067 2606 5067 2690 5068 1197 5068 2688 5068 2690 5069 2688 5069 2689 5069 2690 5070 1198 5070 1197 5070 2691 5071 2611 5071 2616 5071 2691 5072 2689 5072 2611 5072 2692 5073 1199 5073 1198 5073 2692 5074 2690 5074 2689 5074 2692 5075 1198 5075 2690 5075 2692 5076 2689 5076 2691 5076 2693 5077 2691 5077 2616 5077 2693 5078 2616 5078 2621 5078 2694 5079 1200 5079 1199 5079 2694 5080 2691 5080 2693 5080 2694 5081 1199 5081 2692 5081 2694 5082 2692 5082 2691 5082 2695 5083 2621 5083 2626 5083 2695 5084 2693 5084 2621 5084 2695 5085 2694 5085 2693 5085 2696 5086 1201 5086 1200 5086 2696 5087 1200 5087 2694 5087 2696 5088 2694 5088 2695 5088 2697 5089 2626 5089 2631 5089 2697 5090 2695 5090 2626 5090 2698 5091 1201 5091 2696 5091 2698 5092 1202 5092 1201 5092 2698 5093 2696 5093 2695 5093 2698 5094 2695 5094 2697 5094 2699 5095 2697 5095 2631 5095 2699 5096 2631 5096 2636 5096 2700 5097 1203 5097 1202 5097 2700 5098 2697 5098 2699 5098 2700 5099 1202 5099 2698 5099 2700 5100 2698 5100 2697 5100 2701 5101 2636 5101 2641 5101 2701 5102 2699 5102 2636 5102 2702 5103 2699 5103 2701 5103 2702 5104 1204 5104 1203 5104 2702 5105 1203 5105 2700 5105 2702 5106 2700 5106 2699 5106 2703 5107 2641 5107 2646 5107 2703 5108 2701 5108 2641 5108 2704 5109 2701 5109 2703 5109 2704 5110 1205 5110 1204 5110 2704 5111 1204 5111 2702 5111 2704 5112 2702 5112 2701 5112 2705 5113 2646 5113 2651 5113 2705 5114 2703 5114 2646 5114 2706 5115 1205 5115 2704 5115 2706 5116 2703 5116 2705 5116 2706 5117 1206 5117 1205 5117 2706 5118 1207 5118 1206 5118 2706 5119 2704 5119 2703 5119 2707 5120 2651 5120 2656 5120 2707 5121 2705 5121 2651 5121 2708 5122 2705 5122 2707 5122 2708 5123 2706 5123 2705 5123 2708 5124 1207 5124 2706 5124 2708 5125 1208 5125 1207 5125 2709 5126 2707 5126 2656 5126 2709 5127 2555 5127 1212 5127 2709 5128 2656 5128 2555 5128 2709 5129 1212 5129 1211 5129 2710 5130 1208 5130 2708 5130 2710 5131 2709 5131 1211 5131 2710 5132 2708 5132 2707 5132 2710 5133 2707 5133 2709 5133 2710 5134 1211 5134 1214 5134 2710 5135 1214 5135 1208 5135 2667 5136 2440 5136 2442 5136 2666 5137 2440 5137 2667 5137 1185 5138 2666 5138 1186 5138 1185 5139 2440 5139 2666 5139 2426 5140 2425 5140 2447 5140 2421 5141 2422 5141 2711 5141 2712 5142 2422 5142 2426 5142 2712 5143 2447 5143 2440 5143 2712 5144 2440 5144 1185 5144 2712 5145 2426 5145 2447 5145 2713 5146 1185 5146 2711 5146 2713 5147 2712 5147 1185 5147 2713 5148 2422 5148 2712 5148 2713 5149 2711 5149 2422 5149 2711 5150 1185 5150 1024 5150 2711 5151 1024 5151 1026 5151 1020 5152 2711 5152 1026 5152 2421 5153 2711 5153 1020 5153 2714 5154 2715 5154 1235 5154 2714 5155 1235 5155 1237 5155 2714 5156 1237 5156 2468 5156 2716 5157 2468 5157 2549 5157 2716 5158 2714 5158 2468 5158 2717 5159 2549 5159 2545 5159 2717 5160 2716 5160 2549 5160 2718 5161 2545 5161 2542 5161 2718 5162 2717 5162 2545 5162 2719 5163 2542 5163 2537 5163 2719 5164 2718 5164 2542 5164 2720 5165 2537 5165 2534 5165 2720 5166 2719 5166 2537 5166 2721 5167 2534 5167 2529 5167 2721 5168 2720 5168 2534 5168 2722 5169 2529 5169 2525 5169 2722 5170 2721 5170 2529 5170 2723 5171 2525 5171 2521 5171 2723 5172 2722 5172 2525 5172 2724 5173 2521 5173 2517 5173 2724 5174 2723 5174 2521 5174 2725 5175 2724 5175 2517 5175 2725 5176 2517 5176 2513 5176 2726 5177 2725 5177 2513 5177 2726 5178 2513 5178 2509 5178 2727 5179 2726 5179 2509 5179 2727 5180 2509 5180 2505 5180 2728 5181 2727 5181 2505 5181 2728 5182 2505 5182 2501 5182 2729 5183 2501 5183 2497 5183 2729 5184 2728 5184 2501 5184 2730 5185 2497 5185 2493 5185 2730 5186 2729 5186 2497 5186 2731 5187 2493 5187 2489 5187 2731 5188 2730 5188 2493 5188 2732 5189 2489 5189 2485 5189 2732 5190 2731 5190 2489 5190 2733 5191 2485 5191 2481 5191 2733 5192 2732 5192 2485 5192 2734 5193 2481 5193 2477 5193 2734 5194 2733 5194 2481 5194 2735 5195 2477 5195 2473 5195 2735 5196 2734 5196 2477 5196 2736 5197 2473 5197 2470 5197 2736 5198 2735 5198 2473 5198 2737 5199 2470 5199 2463 5199 2737 5200 2736 5200 2470 5200 2738 5201 2737 5201 2463 5201 2739 5202 2463 5202 2460 5202 2739 5203 2738 5203 2463 5203 1238 5204 1235 5204 2715 5204 1238 5205 2715 5205 2740 5205 2741 5206 1289 5206 1288 5206 2742 5207 1291 5207 1248 5207 2742 5208 1288 5208 1291 5208 2742 5209 2741 5209 1288 5209 2743 5210 1248 5210 1244 5210 2743 5211 2742 5211 1248 5211 2744 5212 2743 5212 1244 5212 2745 5213 1244 5213 1238 5213 2745 5214 2744 5214 1244 5214 2740 5215 2745 5215 1238 5215 1297 5216 1289 5216 2741 5216 1297 5217 2741 5217 2746 5217 2747 5218 2748 5218 1610 5218 2747 5219 1610 5219 1306 5219 2749 5220 1306 5220 1305 5220 2749 5221 2747 5221 1306 5221 2750 5222 1305 5222 1387 5222 2750 5223 2749 5223 1305 5223 2751 5224 1387 5224 1384 5224 2751 5225 2750 5225 1387 5225 2752 5226 1384 5226 1380 5226 2752 5227 2751 5227 1384 5227 2753 5228 1380 5228 1375 5228 2753 5229 2752 5229 1380 5229 2754 5230 1375 5230 1371 5230 2754 5231 2753 5231 1375 5231 2755 5232 1371 5232 1367 5232 2755 5233 2754 5233 1371 5233 2756 5234 1367 5234 1363 5234 2756 5235 2755 5235 1367 5235 2757 5236 1363 5236 1359 5236 2757 5237 2756 5237 1363 5237 2758 5238 2757 5238 1359 5238 2758 5239 1359 5239 1356 5239 2759 5240 2758 5240 1356 5240 2759 5241 1356 5241 1352 5241 2760 5242 2759 5242 1352 5242 2760 5243 1352 5243 1348 5243 2761 5244 2760 5244 1348 5244 2761 5245 1348 5245 1343 5245 2762 5246 2761 5246 1343 5246 2762 5247 1343 5247 1339 5247 2763 5248 2762 5248 1339 5248 2763 5249 1339 5249 1336 5249 2764 5250 2763 5250 1336 5250 2764 5251 1336 5251 1331 5251 2765 5252 2764 5252 1331 5252 2765 5253 1331 5253 1327 5253 2766 5254 2765 5254 1327 5254 2766 5255 1327 5255 1323 5255 2767 5256 2766 5256 1323 5256 2767 5257 1323 5257 1319 5257 2768 5258 2767 5258 1319 5258 2768 5259 1319 5259 1315 5259 2769 5260 2768 5260 1315 5260 2769 5261 1315 5261 1311 5261 2770 5262 2769 5262 1311 5262 2770 5263 1311 5263 1308 5263 2770 5264 1308 5264 1299 5264 2771 5265 2770 5265 1299 5265 2746 5266 1299 5266 1297 5266 2746 5267 2771 5267 1299 5267 1614 5268 1610 5268 2748 5268 1614 5269 2748 5269 2772 5269 2773 5270 1614 5270 2772 5270 1612 5271 1614 5271 2773 5271 2774 5272 1691 5272 1690 5272 2775 5273 1690 5273 1685 5273 2775 5274 2774 5274 1690 5274 2776 5275 1685 5275 1629 5275 2776 5276 2775 5276 1685 5276 2777 5277 2776 5277 1629 5277 1618 5278 2777 5278 1629 5278 2778 5279 2777 5279 1618 5279 2779 5280 1618 5280 1617 5280 2779 5281 2778 5281 1618 5281 2780 5282 1617 5282 1624 5282 2780 5283 2779 5283 1617 5283 2773 5284 1624 5284 1612 5284 2773 5285 2780 5285 1624 5285 2781 5286 1691 5286 2774 5286 1697 5287 1691 5287 2781 5287 1695 5288 2781 5288 2782 5288 1695 5289 1697 5289 2781 5289 2783 5290 2784 5290 2005 5290 2783 5291 2005 5291 1705 5291 2783 5292 1705 5292 1704 5292 2785 5293 1704 5293 1786 5293 2785 5294 2783 5294 1704 5294 2786 5295 1786 5295 1782 5295 2786 5296 2785 5296 1786 5296 2787 5297 1782 5297 1778 5297 2787 5298 2786 5298 1782 5298 2788 5299 1778 5299 1774 5299 2788 5300 2787 5300 1778 5300 2789 5301 1774 5301 1770 5301 2789 5302 2788 5302 1774 5302 2790 5303 1770 5303 1766 5303 2790 5304 2789 5304 1770 5304 2791 5305 1766 5305 1763 5305 2791 5306 2790 5306 1766 5306 2792 5307 1763 5307 1759 5307 2792 5308 2791 5308 1763 5308 2793 5309 1759 5309 1754 5309 2793 5310 2792 5310 1759 5310 2794 5311 2793 5311 1754 5311 2794 5312 1754 5312 1751 5312 2795 5313 2794 5313 1751 5313 2795 5314 1751 5314 1746 5314 2796 5315 2795 5315 1746 5315 2796 5316 1746 5316 1742 5316 2797 5317 2796 5317 1742 5317 2797 5318 1742 5318 1738 5318 2798 5319 1738 5319 1734 5319 2798 5320 2797 5320 1738 5320 2799 5321 1734 5321 1730 5321 2799 5322 2798 5322 1734 5322 2800 5323 1730 5323 1726 5323 2800 5324 2799 5324 1730 5324 2801 5325 1726 5325 1722 5325 2801 5326 2800 5326 1726 5326 2802 5327 1722 5327 1718 5327 2802 5328 2801 5328 1722 5328 2803 5329 1718 5329 1714 5329 2803 5330 2802 5330 1718 5330 2804 5331 1714 5331 1710 5331 2804 5332 2803 5332 1714 5332 2805 5333 1710 5333 1702 5333 2805 5334 2804 5334 1710 5334 2806 5335 1702 5335 1698 5335 2806 5336 2805 5336 1702 5336 2807 5337 2806 5337 1698 5337 2782 5338 1698 5338 1695 5338 2782 5339 2807 5339 1698 5339 2007 5340 2005 5340 2784 5340 2007 5341 2784 5341 2808 5341 2809 5342 2059 5342 2058 5342 2810 5343 2053 5343 2017 5343 2810 5344 2058 5344 2053 5344 2810 5345 2809 5345 2058 5345 2811 5346 2017 5346 2013 5346 2811 5347 2810 5347 2017 5347 2812 5348 2811 5348 2013 5348 2813 5349 2013 5349 2007 5349 2813 5350 2812 5350 2013 5350 2808 5351 2813 5351 2007 5351 2062 5352 2059 5352 2809 5352 2062 5353 2809 5353 2814 5353 2815 5354 2816 5354 2375 5354 2815 5355 2375 5355 2071 5355 2817 5356 2071 5356 2070 5356 2817 5357 2815 5357 2071 5357 2818 5358 2070 5358 2155 5358 2818 5359 2817 5359 2070 5359 2819 5360 2155 5360 2151 5360 2819 5361 2818 5361 2155 5361 2820 5362 2151 5362 2147 5362 2820 5363 2819 5363 2151 5363 2821 5364 2147 5364 2143 5364 2821 5365 2820 5365 2147 5365 2822 5366 2143 5366 2139 5366 2822 5367 2821 5367 2143 5367 2823 5368 2139 5368 2135 5368 2823 5369 2822 5369 2139 5369 2824 5370 2135 5370 2131 5370 2824 5371 2823 5371 2135 5371 2825 5372 2131 5372 2127 5372 2825 5373 2824 5373 2131 5373 2826 5374 2825 5374 2127 5374 2826 5375 2127 5375 2123 5375 2827 5376 2826 5376 2123 5376 2827 5377 2123 5377 2119 5377 2828 5378 2827 5378 2119 5378 2828 5379 2119 5379 2115 5379 2829 5380 2828 5380 2115 5380 2829 5381 2115 5381 2111 5381 2830 5382 2829 5382 2111 5382 2830 5383 2111 5383 2107 5383 2831 5384 2830 5384 2107 5384 2831 5385 2107 5385 2103 5385 2832 5386 2831 5386 2103 5386 2832 5387 2103 5387 2099 5387 2833 5388 2832 5388 2099 5388 2833 5389 2099 5389 2095 5389 2834 5390 2833 5390 2095 5390 2834 5391 2095 5391 2091 5391 2835 5392 2834 5392 2091 5392 2835 5393 2091 5393 2087 5393 2836 5394 2835 5394 2087 5394 2836 5395 2087 5395 2083 5395 2837 5396 2836 5396 2083 5396 2837 5397 2083 5397 2079 5397 2838 5398 2837 5398 2079 5398 2838 5399 2079 5399 2076 5399 2838 5400 2076 5400 2064 5400 2839 5401 2838 5401 2064 5401 2814 5402 2064 5402 2062 5402 2814 5403 2839 5403 2064 5403 2379 5404 2375 5404 2816 5404 2379 5405 2816 5405 2840 5405 2841 5406 2379 5406 2840 5406 2377 5407 2379 5407 2841 5407 2842 5408 2457 5408 2456 5408 2843 5409 2456 5409 2450 5409 2843 5410 2842 5410 2456 5410 2844 5411 2450 5411 2394 5411 2844 5412 2843 5412 2450 5412 2845 5413 2844 5413 2394 5413 2383 5414 2845 5414 2394 5414 2846 5415 2845 5415 2383 5415 2847 5416 2383 5416 2382 5416 2847 5417 2846 5417 2383 5417 2848 5418 2389 5418 2377 5418 2848 5419 2382 5419 2389 5419 2848 5420 2847 5420 2382 5420 2841 5421 2848 5421 2377 5421 2849 5422 2457 5422 2842 5422 2462 5423 2457 5423 2849 5423 2460 5424 2849 5424 2739 5424 2460 5425 2462 5425 2849 5425 2850 5426 2851 5426 2852 5426 2842 5427 2853 5427 2849 5427 2854 5428 2855 5428 2739 5428 2854 5429 2853 5429 2850 5429 2854 5430 2852 5430 2855 5430 2854 5431 2850 5431 2852 5431 2856 5432 2739 5432 2849 5432 2856 5433 2853 5433 2854 5433 2856 5434 2854 5434 2739 5434 2856 5435 2849 5435 2853 5435 2857 5436 2858 5436 2859 5436 2859 5437 2858 5437 2860 5437 2855 5438 2861 5438 2862 5438 2863 5439 2861 5439 2857 5439 2862 5440 2861 5440 2863 5440 2857 5441 2861 5441 2858 5441 2858 5442 2864 5442 2860 5442 2852 5443 2865 5443 2855 5443 2861 5444 2865 5444 2858 5444 2855 5445 2865 5445 2861 5445 2858 5446 2865 5446 2864 5446 2860 5447 2866 5447 2867 5447 2864 5448 2866 5448 2860 5448 2864 5449 2868 5449 2866 5449 2865 5450 2868 5450 2864 5450 2852 5451 2868 5451 2865 5451 2867 5452 2869 5452 2870 5452 2866 5453 2869 5453 2867 5453 2851 5454 2871 5454 2852 5454 2852 5455 2871 5455 2868 5455 2868 5456 2871 5456 2866 5456 2866 5457 2871 5457 2869 5457 2870 5458 2872 5458 2873 5458 2873 5459 2872 5459 2874 5459 2869 5460 2872 5460 2870 5460 2874 5461 2875 5461 2876 5461 2876 5462 2875 5462 2877 5462 2877 5463 2875 5463 2851 5463 2872 5464 2875 5464 2874 5464 2851 5465 2875 5465 2871 5465 2871 5466 2875 5466 2869 5466 2869 5467 2875 5467 2872 5467 2878 5468 2855 5468 2862 5468 2879 5469 2855 5469 2878 5469 2739 5470 2879 5470 2738 5470 2739 5471 2855 5471 2879 5471 2714 5472 2716 5472 2880 5472 2881 5473 2879 5473 2878 5473 2881 5474 2878 5474 2862 5474 2881 5475 2862 5475 2882 5475 2883 5476 2737 5476 2738 5476 2883 5477 2738 5477 2879 5477 2883 5478 2879 5478 2881 5478 2884 5479 2882 5479 2885 5479 2884 5480 2881 5480 2882 5480 2886 5481 2736 5481 2737 5481 2886 5482 2883 5482 2881 5482 2886 5483 2881 5483 2884 5483 2886 5484 2737 5484 2883 5484 2887 5485 2884 5485 2885 5485 2887 5486 2885 5486 2888 5486 2889 5487 2735 5487 2736 5487 2889 5488 2884 5488 2887 5488 2889 5489 2736 5489 2886 5489 2889 5490 2886 5490 2884 5490 2890 5491 2887 5491 2888 5491 2890 5492 2888 5492 2891 5492 2892 5493 2734 5493 2735 5493 2892 5494 2735 5494 2889 5494 2892 5495 2887 5495 2890 5495 2892 5496 2889 5496 2887 5496 2893 5497 2891 5497 2894 5497 2893 5498 2890 5498 2891 5498 2895 5499 2733 5499 2734 5499 2895 5500 2892 5500 2890 5500 2895 5501 2890 5501 2893 5501 2895 5502 2734 5502 2892 5502 2896 5503 2894 5503 2897 5503 2896 5504 2893 5504 2894 5504 2898 5505 2732 5505 2733 5505 2898 5506 2893 5506 2896 5506 2898 5507 2895 5507 2893 5507 2898 5508 2733 5508 2895 5508 2899 5509 2897 5509 2900 5509 2899 5510 2896 5510 2897 5510 2901 5511 2731 5511 2732 5511 2901 5512 2732 5512 2898 5512 2901 5513 2898 5513 2896 5513 2901 5514 2896 5514 2899 5514 2902 5515 2900 5515 2903 5515 2902 5516 2899 5516 2900 5516 2904 5517 2899 5517 2902 5517 2904 5518 2731 5518 2901 5518 2904 5519 2730 5519 2731 5519 2904 5520 2901 5520 2899 5520 2905 5521 2903 5521 2906 5521 2905 5522 2902 5522 2903 5522 2907 5523 2729 5523 2730 5523 2907 5524 2904 5524 2902 5524 2907 5525 2730 5525 2904 5525 2907 5526 2902 5526 2905 5526 2908 5527 2906 5527 2909 5527 2908 5528 2905 5528 2906 5528 2910 5529 2728 5529 2729 5529 2910 5530 2905 5530 2908 5530 2910 5531 2907 5531 2905 5531 2910 5532 2729 5532 2907 5532 2911 5533 2909 5533 2912 5533 2911 5534 2908 5534 2909 5534 2913 5535 2727 5535 2728 5535 2913 5536 2910 5536 2908 5536 2913 5537 2908 5537 2911 5537 2913 5538 2728 5538 2910 5538 2914 5539 2911 5539 2912 5539 2914 5540 2912 5540 2915 5540 2916 5541 2911 5541 2914 5541 2916 5542 2726 5542 2727 5542 2916 5543 2913 5543 2911 5543 2916 5544 2727 5544 2913 5544 2917 5545 2915 5545 2918 5545 2917 5546 2914 5546 2915 5546 2919 5547 2726 5547 2916 5547 2919 5548 2916 5548 2914 5548 2919 5549 2725 5549 2726 5549 2919 5550 2914 5550 2917 5550 2920 5551 2918 5551 2921 5551 2920 5552 2917 5552 2918 5552 2922 5553 2724 5553 2725 5553 2922 5554 2725 5554 2919 5554 2922 5555 2919 5555 2917 5555 2922 5556 2917 5556 2920 5556 2923 5557 2920 5557 2921 5557 2923 5558 2921 5558 2924 5558 2925 5559 2723 5559 2724 5559 2925 5560 2920 5560 2923 5560 2925 5561 2922 5561 2920 5561 2925 5562 2724 5562 2922 5562 2926 5563 2924 5563 2927 5563 2926 5564 2923 5564 2924 5564 2928 5565 2722 5565 2723 5565 2928 5566 2723 5566 2925 5566 2928 5567 2925 5567 2923 5567 2928 5568 2923 5568 2926 5568 2929 5569 2927 5569 2930 5569 2929 5570 2926 5570 2927 5570 2931 5571 2721 5571 2722 5571 2931 5572 2722 5572 2928 5572 2931 5573 2928 5573 2926 5573 2931 5574 2926 5574 2929 5574 2932 5575 2930 5575 2933 5575 2932 5576 2929 5576 2930 5576 2934 5577 2720 5577 2721 5577 2934 5578 2931 5578 2929 5578 2934 5579 2929 5579 2932 5579 2934 5580 2721 5580 2931 5580 2935 5581 2932 5581 2933 5581 2935 5582 2933 5582 2936 5582 2937 5583 2932 5583 2935 5583 2937 5584 2719 5584 2720 5584 2937 5585 2720 5585 2934 5585 2937 5586 2934 5586 2932 5586 2938 5587 2935 5587 2936 5587 2938 5588 2936 5588 2939 5588 2938 5589 2937 5589 2935 5589 2940 5590 2718 5590 2719 5590 2940 5591 2937 5591 2938 5591 2940 5592 2719 5592 2937 5592 2941 5593 2938 5593 2939 5593 2941 5594 2939 5594 2942 5594 2943 5595 2718 5595 2940 5595 2943 5596 2717 5596 2718 5596 2943 5597 2940 5597 2938 5597 2943 5598 2938 5598 2941 5598 2944 5599 2943 5599 2941 5599 2944 5600 2941 5600 2942 5600 2944 5601 2945 5601 2946 5601 2944 5602 2942 5602 2945 5602 2944 5603 2946 5603 2947 5603 2948 5604 2943 5604 2944 5604 2948 5605 2716 5605 2717 5605 2948 5606 2717 5606 2943 5606 2948 5607 2944 5607 2947 5607 2948 5608 2947 5608 2880 5608 2948 5609 2880 5609 2716 5609 2859 5610 2949 5610 2857 5610 2950 5611 2951 5611 2952 5611 2862 5612 2953 5612 2882 5612 2863 5613 2953 5613 2862 5613 2863 5614 2954 5614 2953 5614 2857 5615 2954 5615 2863 5615 2949 5616 2954 5616 2857 5616 2882 5617 2955 5617 2885 5617 2953 5618 2955 5618 2882 5618 2949 5619 2956 5619 2954 5619 2954 5620 2956 5620 2953 5620 2957 5621 2956 5621 2949 5621 2953 5622 2956 5622 2955 5622 2885 5623 2958 5623 2888 5623 2955 5624 2958 5624 2885 5624 2955 5625 2959 5625 2958 5625 2960 5626 2959 5626 2957 5626 2956 5627 2959 5627 2955 5627 2957 5628 2959 5628 2956 5628 2888 5629 2961 5629 2891 5629 2958 5630 2961 5630 2888 5630 2960 5631 2962 5631 2959 5631 2959 5632 2962 5632 2958 5632 2963 5633 2962 5633 2960 5633 2958 5634 2962 5634 2961 5634 2891 5635 2964 5635 2894 5635 2961 5636 2964 5636 2891 5636 2963 5637 2965 5637 2962 5637 2962 5638 2965 5638 2961 5638 2966 5639 2965 5639 2963 5639 2961 5640 2965 5640 2964 5640 2894 5641 2967 5641 2897 5641 2964 5642 2967 5642 2894 5642 2966 5643 2968 5643 2965 5643 2965 5644 2968 5644 2964 5644 2969 5645 2968 5645 2966 5645 2964 5646 2968 5646 2967 5646 2897 5647 2970 5647 2900 5647 2967 5648 2970 5648 2897 5648 2969 5649 2971 5649 2968 5649 2968 5650 2971 5650 2967 5650 2972 5651 2971 5651 2969 5651 2967 5652 2971 5652 2970 5652 2900 5653 2973 5653 2903 5653 2970 5654 2973 5654 2900 5654 2974 5655 2975 5655 2972 5655 2971 5656 2975 5656 2970 5656 2972 5657 2975 5657 2971 5657 2970 5658 2975 5658 2973 5658 2903 5659 2976 5659 2906 5659 2975 5660 2976 5660 2973 5660 2973 5661 2976 5661 2903 5661 2977 5662 2978 5662 2974 5662 2974 5663 2978 5663 2975 5663 2975 5664 2978 5664 2976 5664 2906 5665 2979 5665 2909 5665 2976 5666 2979 5666 2906 5666 2976 5667 2980 5667 2979 5667 2981 5668 2980 5668 2977 5668 2978 5669 2980 5669 2976 5669 2977 5670 2980 5670 2978 5670 2909 5671 2982 5671 2912 5671 2980 5672 2982 5672 2979 5672 2979 5673 2982 5673 2909 5673 2981 5674 2983 5674 2980 5674 2984 5675 2983 5675 2981 5675 2980 5676 2983 5676 2982 5676 2912 5677 2985 5677 2915 5677 2982 5678 2985 5678 2912 5678 2986 5679 2987 5679 2984 5679 2983 5680 2987 5680 2982 5680 2984 5681 2987 5681 2983 5681 2982 5682 2987 5682 2985 5682 2985 5683 2988 5683 2915 5683 2915 5684 2988 5684 2918 5684 2985 5685 2989 5685 2988 5685 2986 5686 2989 5686 2987 5686 2990 5687 2989 5687 2986 5687 2987 5688 2989 5688 2985 5688 2918 5689 2991 5689 2921 5689 2988 5690 2991 5690 2918 5690 2989 5691 2991 5691 2988 5691 2992 5692 2993 5692 2990 5692 2990 5693 2993 5693 2989 5693 2989 5694 2993 5694 2991 5694 2921 5695 2994 5695 2924 5695 2991 5696 2994 5696 2921 5696 2995 5697 2996 5697 2992 5697 2992 5698 2996 5698 2993 5698 2993 5699 2996 5699 2991 5699 2991 5700 2996 5700 2994 5700 2924 5701 2997 5701 2927 5701 2994 5702 2997 5702 2924 5702 2998 5703 2999 5703 2995 5703 2995 5704 2999 5704 2996 5704 2996 5705 2999 5705 2994 5705 2994 5706 2999 5706 2997 5706 2927 5707 3000 5707 2930 5707 2997 5708 3000 5708 2927 5708 2999 5709 3000 5709 2997 5709 3001 5710 3002 5710 2998 5710 2998 5711 3002 5711 2999 5711 2999 5712 3002 5712 3000 5712 2930 5713 3003 5713 2933 5713 3000 5714 3003 5714 2930 5714 3002 5715 3004 5715 3000 5715 3000 5716 3004 5716 3003 5716 3005 5717 3004 5717 3001 5717 3001 5718 3004 5718 3002 5718 2933 5719 3006 5719 2936 5719 3003 5720 3006 5720 2933 5720 3005 5721 3007 5721 3004 5721 3003 5722 3007 5722 3006 5722 3008 5723 3007 5723 3005 5723 3004 5724 3007 5724 3003 5724 2939 5725 3009 5725 2942 5725 2936 5726 3009 5726 2939 5726 3006 5727 3009 5727 2936 5727 3008 5728 3010 5728 3007 5728 3011 5729 3010 5729 3008 5729 3006 5730 3010 5730 3009 5730 3007 5731 3010 5731 3006 5731 3009 5732 3012 5732 2942 5732 3011 5733 3013 5733 3010 5733 3010 5734 3013 5734 3009 5734 3009 5735 3013 5735 3012 5735 3014 5736 3013 5736 3011 5736 2945 5737 3015 5737 2946 5737 2942 5738 3015 5738 2945 5738 3013 5739 3015 5739 3012 5739 3012 5740 3015 5740 2942 5740 2946 5741 3015 5741 3016 5741 3014 5742 3017 5742 3013 5742 3016 5743 3017 5743 2952 5743 3015 5744 3017 5744 3016 5744 2950 5745 3017 5745 3014 5745 3013 5746 3017 5746 3015 5746 2952 5747 3017 5747 2950 5747 3018 5748 3019 5748 3020 5748 3021 5749 3022 5749 3023 5749 3023 5750 3022 5750 3024 5750 3024 5751 3025 5751 3026 5751 3022 5752 3025 5752 3024 5752 3027 5753 3028 5753 3019 5753 3020 5754 3028 5754 3021 5754 3021 5755 3028 5755 3022 5755 3019 5756 3028 5756 3020 5756 3026 5757 3029 5757 2951 5757 2951 5758 3029 5758 2952 5758 3025 5759 3029 5759 3026 5759 3022 5760 3030 5760 3025 5760 3027 5761 3030 5761 3028 5761 3028 5762 3030 5762 3022 5762 2952 5763 3031 5763 3016 5763 3016 5764 3031 5764 2946 5764 2946 5765 3031 5765 3027 5765 3025 5766 3031 5766 3029 5766 3029 5767 3031 5767 2952 5767 3030 5768 3031 5768 3025 5768 3027 5769 3031 5769 3030 5769 2743 5770 2744 5770 3032 5770 3033 5771 3034 5771 3019 5771 3033 5772 3019 5772 3018 5772 3035 5773 3018 5773 3036 5773 3035 5774 3033 5774 3018 5774 3037 5775 2744 5775 2745 5775 3037 5776 2745 5776 2740 5776 3037 5777 2740 5777 3038 5777 3037 5778 3038 5778 3034 5778 3037 5779 3034 5779 3033 5779 3039 5780 3036 5780 3032 5780 3039 5781 3033 5781 3035 5781 3039 5782 2744 5782 3037 5782 3039 5783 3037 5783 3033 5783 3039 5784 3035 5784 3036 5784 3039 5785 3032 5785 2744 5785 2715 5786 3038 5786 2740 5786 3040 5787 3034 5787 3038 5787 3040 5788 3019 5788 3034 5788 3040 5789 2715 5789 3027 5789 3040 5790 3027 5790 3019 5790 3040 5791 3038 5791 2715 5791 2714 5792 2880 5792 2715 5792 3041 5793 2947 5793 2946 5793 3041 5794 2880 5794 2947 5794 3041 5795 2946 5795 3027 5795 3041 5796 3027 5796 2715 5796 3041 5797 2715 5797 2880 5797 3036 5798 3018 5798 3042 5798 3036 5799 3042 5799 3043 5799 3032 5800 3043 5800 3044 5800 3032 5801 3036 5801 3043 5801 2743 5802 3044 5802 2742 5802 2743 5803 3032 5803 3044 5803 3023 5804 3045 5804 3021 5804 3021 5805 3046 5805 3020 5805 3045 5806 3046 5806 3021 5806 3020 5807 3047 5807 3018 5807 3046 5808 3047 5808 3020 5808 3047 5809 3042 5809 3018 5809 3048 5810 3049 5810 3050 5810 3051 5811 3049 5811 3048 5811 3050 5812 3049 5812 3052 5812 3049 5813 3053 5813 3052 5813 3054 5814 3055 5814 3056 5814 3056 5815 3055 5815 3051 5815 3051 5816 3055 5816 3049 5816 3052 5817 3057 5817 3058 5817 3053 5818 3057 5818 3052 5818 3049 5819 3059 5819 3053 5819 3054 5820 3059 5820 3055 5820 3055 5821 3059 5821 3049 5821 3058 5822 3060 5822 3045 5822 3045 5823 3060 5823 3046 5823 3057 5824 3060 5824 3058 5824 3061 5825 3062 5825 3054 5825 3059 5826 3062 5826 3053 5826 3054 5827 3062 5827 3059 5827 3053 5828 3062 5828 3057 5828 3046 5829 3063 5829 3047 5829 3047 5830 3063 5830 3042 5830 3042 5831 3063 5831 3061 5831 3061 5832 3063 5832 3062 5832 3057 5833 3063 5833 3060 5833 3060 5834 3063 5834 3046 5834 3062 5835 3063 5835 3057 5835 2746 5836 3064 5836 2771 5836 3065 5837 2746 5837 3054 5837 3065 5838 3054 5838 3056 5838 3065 5839 3066 5839 3064 5839 3065 5840 3056 5840 3066 5840 3065 5841 3064 5841 2746 5841 2741 5842 3067 5842 2746 5842 3068 5843 3069 5843 3061 5843 3068 5844 3067 5844 3069 5844 3068 5845 3061 5845 3054 5845 3068 5846 3054 5846 2746 5846 3068 5847 2746 5847 3067 5847 3069 5848 3043 5848 3042 5848 3069 5849 3042 5849 3061 5849 3067 5850 3044 5850 3043 5850 3067 5851 3043 5851 3069 5851 2741 5852 2742 5852 3044 5852 2741 5853 3044 5853 3067 5853 2747 5854 2749 5854 3070 5854 3071 5855 3066 5855 3056 5855 3071 5856 3056 5856 3072 5856 3073 5857 2770 5857 2771 5857 3073 5858 2771 5858 3064 5858 3073 5859 3064 5859 3066 5859 3073 5860 3066 5860 3071 5860 3074 5861 3072 5861 3075 5861 3074 5862 3071 5862 3072 5862 3076 5863 2769 5863 2770 5863 3076 5864 3073 5864 3071 5864 3076 5865 3071 5865 3074 5865 3076 5866 2770 5866 3073 5866 3077 5867 3074 5867 3075 5867 3077 5868 3075 5868 3078 5868 3079 5869 2768 5869 2769 5869 3079 5870 3074 5870 3077 5870 3079 5871 3076 5871 3074 5871 3079 5872 2769 5872 3076 5872 3080 5873 3077 5873 3078 5873 3080 5874 3078 5874 3081 5874 3082 5875 2767 5875 2768 5875 3082 5876 3077 5876 3080 5876 3082 5877 3079 5877 3077 5877 3082 5878 2768 5878 3079 5878 3083 5879 3081 5879 3084 5879 3083 5880 3080 5880 3081 5880 3085 5881 2766 5881 2767 5881 3085 5882 2767 5882 3082 5882 3085 5883 3082 5883 3080 5883 3085 5884 3080 5884 3083 5884 3086 5885 3084 5885 3087 5885 3086 5886 3083 5886 3084 5886 3088 5887 2765 5887 2766 5887 3088 5888 2766 5888 3085 5888 3088 5889 3085 5889 3083 5889 3088 5890 3083 5890 3086 5890 3089 5891 3086 5891 3087 5891 3089 5892 3087 5892 3090 5892 3091 5893 2764 5893 2765 5893 3091 5894 2765 5894 3088 5894 3091 5895 3086 5895 3089 5895 3091 5896 3088 5896 3086 5896 3092 5897 3090 5897 3093 5897 3092 5898 3089 5898 3090 5898 3094 5899 2763 5899 2764 5899 3094 5900 3089 5900 3092 5900 3094 5901 2764 5901 3091 5901 3094 5902 3091 5902 3089 5902 3095 5903 3093 5903 3096 5903 3095 5904 3092 5904 3093 5904 3097 5905 2762 5905 2763 5905 3097 5906 3092 5906 3095 5906 3097 5907 2763 5907 3094 5907 3097 5908 3094 5908 3092 5908 3098 5909 3099 5909 3100 5909 3098 5910 3096 5910 3099 5910 3098 5911 3095 5911 3096 5911 3101 5912 3095 5912 3098 5912 3101 5913 2761 5913 2762 5913 3101 5914 2762 5914 3097 5914 3101 5915 3097 5915 3095 5915 3102 5916 3098 5916 3100 5916 3103 5917 2760 5917 2761 5917 3103 5918 3098 5918 3102 5918 3103 5919 3101 5919 3098 5919 3103 5920 2761 5920 3101 5920 3104 5921 3105 5921 3106 5921 3104 5922 3100 5922 3105 5922 3104 5923 3102 5923 3100 5923 3107 5924 2759 5924 2760 5924 3107 5925 2760 5925 3103 5925 3107 5926 3103 5926 3102 5926 3107 5927 3102 5927 3104 5927 3108 5928 3104 5928 3106 5928 3109 5929 3104 5929 3108 5929 3109 5930 2758 5930 2759 5930 3109 5931 2759 5931 3107 5931 3109 5932 3107 5932 3104 5932 3110 5933 3108 5933 3106 5933 3110 5934 3106 5934 3111 5934 3112 5935 2757 5935 2758 5935 3112 5936 2758 5936 3109 5936 3112 5937 3109 5937 3108 5937 3112 5938 3108 5938 3110 5938 3113 5939 3111 5939 3114 5939 3113 5940 3110 5940 3111 5940 3115 5941 2756 5941 2757 5941 3115 5942 2757 5942 3112 5942 3115 5943 3112 5943 3110 5943 3115 5944 3110 5944 3113 5944 3116 5945 3117 5945 3118 5945 3116 5946 3114 5946 3117 5946 3116 5947 3113 5947 3114 5947 3119 5948 2755 5948 2756 5948 3119 5949 3115 5949 3113 5949 3119 5950 2756 5950 3115 5950 3119 5951 3113 5951 3116 5951 3120 5952 3116 5952 3118 5952 3121 5953 2754 5953 2755 5953 3121 5954 2755 5954 3119 5954 3121 5955 3119 5955 3116 5955 3121 5956 3116 5956 3120 5956 3122 5957 3123 5957 3124 5957 3122 5958 3118 5958 3123 5958 3122 5959 3120 5959 3118 5959 3125 5960 3121 5960 3120 5960 3125 5961 2753 5961 2754 5961 3125 5962 3120 5962 3122 5962 3125 5963 2754 5963 3121 5963 3126 5964 3122 5964 3124 5964 3126 5965 3125 5965 3122 5965 3127 5966 2753 5966 3125 5966 3127 5967 3125 5967 3126 5967 3127 5968 2752 5968 2753 5968 3128 5969 3124 5969 3129 5969 3128 5970 3126 5970 3124 5970 3130 5971 3127 5971 3126 5971 3130 5972 3126 5972 3128 5972 3130 5973 2752 5973 3127 5973 3130 5974 2751 5974 2752 5974 3131 5975 3130 5975 3128 5975 3131 5976 3128 5976 3129 5976 3131 5977 3132 5977 3133 5977 3131 5978 3129 5978 3132 5978 3134 5979 3130 5979 3131 5979 3134 5980 2751 5980 3130 5980 3134 5981 2750 5981 2751 5981 3135 5982 3134 5982 3131 5982 3135 5983 3131 5983 3133 5983 3135 5984 3133 5984 3136 5984 3135 5985 3136 5985 3137 5985 3135 5986 3137 5986 3070 5986 3138 5987 2749 5987 2750 5987 3138 5988 2750 5988 3134 5988 3138 5989 3134 5989 3135 5989 3138 5990 3135 5990 3070 5990 3138 5991 3070 5991 2749 5991 3051 5992 3072 5992 3056 5992 3050 5993 3139 5993 3048 5993 3140 5994 3141 5994 3142 5994 3048 5995 3143 5995 3051 5995 3051 5996 3143 5996 3072 5996 3048 5997 3144 5997 3143 5997 3139 5998 3144 5998 3048 5998 3072 5999 3145 5999 3075 5999 3143 6000 3145 6000 3072 6000 3139 6001 3146 6001 3144 6001 3144 6002 3146 6002 3143 6002 3147 6003 3146 6003 3139 6003 3143 6004 3146 6004 3145 6004 3075 6005 3148 6005 3078 6005 3145 6006 3148 6006 3075 6006 3145 6007 3149 6007 3148 6007 3150 6008 3149 6008 3147 6008 3146 6009 3149 6009 3145 6009 3147 6010 3149 6010 3146 6010 3078 6011 3151 6011 3081 6011 3148 6012 3151 6012 3078 6012 3150 6013 3152 6013 3149 6013 3149 6014 3152 6014 3148 6014 3153 6015 3152 6015 3150 6015 3148 6016 3152 6016 3151 6016 3081 6017 3154 6017 3084 6017 3151 6018 3154 6018 3081 6018 3153 6019 3155 6019 3152 6019 3156 6020 3155 6020 3153 6020 3152 6021 3155 6021 3151 6021 3151 6022 3155 6022 3154 6022 3084 6023 3157 6023 3087 6023 3154 6024 3157 6024 3084 6024 3156 6025 3158 6025 3155 6025 3159 6026 3158 6026 3156 6026 3155 6027 3158 6027 3154 6027 3154 6028 3158 6028 3157 6028 3087 6029 3160 6029 3090 6029 3157 6030 3160 6030 3087 6030 3158 6031 3161 6031 3157 6031 3159 6032 3161 6032 3158 6032 3162 6033 3161 6033 3159 6033 3157 6034 3161 6034 3160 6034 3090 6035 3163 6035 3093 6035 3160 6036 3163 6036 3090 6036 3164 6037 3165 6037 3162 6037 3162 6038 3165 6038 3161 6038 3160 6039 3165 6039 3163 6039 3161 6040 3165 6040 3160 6040 3093 6041 3166 6041 3096 6041 3163 6042 3166 6042 3093 6042 3163 6043 3167 6043 3166 6043 3164 6044 3167 6044 3165 6044 3168 6045 3167 6045 3164 6045 3165 6046 3167 6046 3163 6046 3166 6047 3169 6047 3096 6047 3096 6048 3169 6048 3099 6048 3168 6049 3170 6049 3167 6049 3167 6050 3170 6050 3166 6050 3171 6051 3170 6051 3168 6051 3166 6052 3170 6052 3169 6052 3099 6053 3172 6053 3100 6053 3169 6054 3172 6054 3099 6054 3173 6055 3174 6055 3171 6055 3170 6056 3174 6056 3169 6056 3169 6057 3174 6057 3172 6057 3171 6058 3174 6058 3170 6058 3100 6059 3175 6059 3105 6059 3172 6060 3175 6060 3100 6060 3176 6061 3177 6061 3173 6061 3174 6062 3177 6062 3172 6062 3172 6063 3177 6063 3175 6063 3173 6064 3177 6064 3174 6064 3105 6065 3178 6065 3106 6065 3175 6066 3178 6066 3105 6066 3177 6067 3178 6067 3175 6067 3176 6068 3179 6068 3177 6068 3180 6069 3179 6069 3176 6069 3177 6070 3179 6070 3178 6070 3106 6071 3181 6071 3111 6071 3178 6072 3181 6072 3106 6072 3179 6073 3181 6073 3178 6073 3182 6074 3183 6074 3180 6074 3180 6075 3183 6075 3179 6075 3179 6076 3183 6076 3181 6076 3111 6077 3184 6077 3114 6077 3181 6078 3184 6078 3111 6078 3183 6079 3184 6079 3181 6079 3185 6080 3186 6080 3182 6080 3182 6081 3186 6081 3183 6081 3183 6082 3186 6082 3184 6082 3114 6083 3187 6083 3117 6083 3184 6084 3187 6084 3114 6084 3185 6085 3188 6085 3186 6085 3189 6086 3188 6086 3185 6086 3186 6087 3188 6087 3184 6087 3184 6088 3188 6088 3187 6088 3117 6089 3190 6089 3118 6089 3187 6090 3190 6090 3117 6090 3191 6091 3192 6091 3189 6091 3187 6092 3192 6092 3190 6092 3189 6093 3192 6093 3188 6093 3188 6094 3192 6094 3187 6094 3118 6095 3193 6095 3123 6095 3190 6096 3193 6096 3118 6096 3194 6097 3195 6097 3191 6097 3190 6098 3195 6098 3193 6098 3191 6099 3195 6099 3192 6099 3192 6100 3195 6100 3190 6100 3193 6101 3196 6101 3123 6101 3123 6102 3196 6102 3124 6102 3194 6103 3197 6103 3195 6103 3195 6104 3197 6104 3193 6104 3193 6105 3197 6105 3196 6105 3198 6106 3197 6106 3194 6106 3129 6107 3199 6107 3132 6107 3124 6108 3199 6108 3129 6108 3196 6109 3199 6109 3124 6109 3197 6110 3200 6110 3196 6110 3198 6111 3200 6111 3197 6111 3196 6112 3200 6112 3199 6112 3201 6113 3200 6113 3198 6113 3132 6114 3202 6114 3133 6114 3199 6115 3202 6115 3132 6115 3200 6116 3203 6116 3199 6116 3201 6117 3203 6117 3200 6117 3199 6118 3203 6118 3202 6118 3204 6119 3203 6119 3201 6119 3133 6120 3205 6120 3136 6120 3136 6121 3205 6121 3206 6121 3202 6122 3205 6122 3133 6122 3203 6123 3207 6123 3202 6123 3204 6124 3207 6124 3203 6124 3206 6125 3207 6125 3142 6125 3205 6126 3207 6126 3206 6126 3140 6127 3207 6127 3204 6127 3202 6128 3207 6128 3205 6128 3142 6129 3207 6129 3140 6129 3206 6130 3208 6130 3136 6130 3136 6131 3208 6131 3209 6131 3210 6132 3211 6132 3141 6132 3141 6133 3211 6133 3142 6133 3142 6134 3211 6134 3206 6134 3206 6135 3211 6135 3208 6135 3209 6136 3212 6136 3213 6136 3208 6137 3212 6137 3209 6137 3211 6138 3214 6138 3208 6138 3208 6139 3214 6139 3212 6139 3210 6140 3214 6140 3211 6140 3212 6141 3215 6141 3213 6141 3216 6142 3217 6142 3210 6142 3212 6143 3217 6143 3215 6143 3210 6144 3217 6144 3214 6144 3214 6145 3217 6145 3212 6145 3213 6146 3218 6146 3219 6146 3215 6147 3218 6147 3213 6147 3220 6148 3221 6148 3216 6148 3216 6149 3221 6149 3217 6149 3217 6150 3221 6150 3215 6150 3215 6151 3221 6151 3218 6151 3219 6152 3222 6152 3223 6152 3223 6153 3222 6153 3224 6153 3218 6154 3222 6154 3219 6154 3224 6155 3225 6155 3226 6155 3226 6156 3225 6156 3227 6156 3227 6157 3225 6157 3220 6157 3220 6158 3225 6158 3221 6158 3222 6159 3225 6159 3224 6159 3221 6160 3225 6160 3218 6160 3218 6161 3225 6161 3222 6161 2780 6162 2773 6162 3228 6162 2778 6163 2779 6163 3229 6163 3230 6164 3219 6164 3223 6164 3230 6165 3231 6165 3219 6165 3232 6166 3223 6166 3233 6166 3232 6167 3230 6167 3223 6167 3234 6168 3228 6168 3231 6168 3234 6169 2780 6169 3228 6169 3234 6170 3231 6170 3230 6170 3235 6171 3233 6171 3229 6171 3235 6172 2779 6172 2780 6172 3235 6173 3230 6173 3232 6173 3235 6174 2780 6174 3234 6174 3235 6175 3232 6175 3233 6175 3235 6176 3234 6176 3230 6176 3235 6177 3229 6177 2779 6177 3236 6178 3219 6178 3231 6178 3236 6179 3231 6179 3228 6179 3236 6180 2748 6180 3209 6180 3236 6181 3209 6181 3213 6181 3236 6182 3213 6182 3219 6182 3237 6183 3228 6183 2773 6183 3237 6184 2773 6184 2772 6184 3237 6185 2772 6185 2748 6185 3237 6186 2748 6186 3236 6186 3237 6187 3236 6187 3228 6187 2747 6188 3070 6188 2748 6188 3238 6189 3137 6189 3136 6189 3238 6190 3070 6190 3137 6190 3238 6191 3136 6191 3209 6191 3238 6192 3209 6192 2748 6192 3238 6193 2748 6193 3070 6193 3223 6194 3239 6194 3240 6194 3233 6195 3223 6195 3240 6195 3229 6196 3240 6196 3241 6196 3229 6197 3233 6197 3240 6197 2778 6198 3241 6198 2777 6198 2778 6199 3229 6199 3241 6199 3227 6200 3242 6200 3226 6200 3226 6201 3243 6201 3224 6201 3242 6202 3243 6202 3226 6202 3224 6203 3244 6203 3223 6203 3243 6204 3244 6204 3224 6204 3244 6205 3239 6205 3223 6205 3245 6206 3246 6206 3247 6206 3248 6207 3246 6207 3245 6207 3247 6208 3246 6208 3249 6208 3250 6209 3251 6209 3252 6209 3252 6210 3251 6210 3248 6210 3248 6211 3251 6211 3246 6211 3246 6212 3253 6212 3249 6212 3254 6213 3255 6213 3250 6213 3246 6214 3255 6214 3253 6214 3251 6215 3255 6215 3246 6215 3250 6216 3255 6216 3251 6216 3249 6217 3256 6217 3257 6217 3253 6218 3256 6218 3249 6218 3255 6219 3258 6219 3253 6219 3253 6220 3258 6220 3256 6220 3254 6221 3258 6221 3255 6221 3257 6222 3259 6222 3260 6222 3256 6223 3259 6223 3257 6223 3261 6224 3262 6224 3254 6224 3254 6225 3262 6225 3258 6225 3258 6226 3262 6226 3256 6226 3256 6227 3262 6227 3259 6227 3260 6228 3263 6228 3242 6228 3242 6229 3263 6229 3243 6229 3259 6230 3263 6230 3260 6230 3243 6231 3264 6231 3244 6231 3244 6232 3264 6232 3239 6232 3239 6233 3264 6233 3261 6233 3263 6234 3264 6234 3243 6234 3261 6235 3264 6235 3262 6235 3262 6236 3264 6236 3259 6236 3259 6237 3264 6237 3263 6237 2782 6238 3265 6238 2807 6238 3266 6239 2782 6239 3250 6239 3266 6240 3250 6240 3252 6240 3266 6241 3267 6241 3265 6241 3266 6242 3252 6242 3267 6242 3266 6243 3265 6243 2782 6243 3268 6244 3261 6244 3254 6244 2774 6245 3269 6245 2781 6245 3270 6246 3269 6246 3268 6246 3270 6247 3254 6247 3250 6247 3270 6248 3250 6248 2782 6248 3270 6249 3268 6249 3254 6249 3271 6250 2782 6250 2781 6250 3271 6251 3270 6251 2782 6251 3271 6252 3269 6252 3270 6252 3271 6253 2781 6253 3269 6253 2776 6254 2777 6254 3241 6254 2774 6255 2775 6255 3269 6255 3272 6256 3240 6256 3239 6256 3273 6257 3239 6257 3261 6257 3273 6258 3261 6258 3268 6258 3273 6259 3272 6259 3239 6259 3274 6260 3241 6260 3240 6260 3274 6261 3240 6261 3272 6261 3274 6262 2776 6262 3241 6262 3275 6263 3268 6263 3269 6263 3275 6264 2775 6264 2776 6264 3275 6265 3273 6265 3268 6265 3275 6266 3272 6266 3273 6266 3275 6267 3274 6267 3272 6267 3275 6268 2776 6268 3274 6268 3275 6269 3269 6269 2775 6269 2806 6270 2807 6270 3265 6270 2783 6271 2785 6271 3276 6271 3277 6272 3267 6272 3252 6272 3277 6273 3252 6273 3278 6273 3279 6274 3265 6274 3267 6274 3279 6275 2806 6275 3265 6275 3279 6276 3267 6276 3277 6276 3280 6277 3278 6277 3281 6277 3280 6278 3277 6278 3278 6278 3282 6279 2805 6279 2806 6279 3282 6280 3279 6280 3277 6280 3282 6281 3277 6281 3280 6281 3282 6282 2806 6282 3279 6282 3283 6283 3280 6283 3281 6283 3283 6284 3281 6284 3284 6284 3285 6285 2804 6285 2805 6285 3285 6286 3280 6286 3283 6286 3285 6287 2805 6287 3282 6287 3285 6288 3282 6288 3280 6288 3286 6289 3283 6289 3284 6289 3286 6290 3284 6290 3287 6290 3288 6291 2803 6291 2804 6291 3288 6292 2804 6292 3285 6292 3288 6293 3283 6293 3286 6293 3288 6294 3285 6294 3283 6294 3289 6295 3287 6295 3290 6295 3289 6296 3286 6296 3287 6296 3291 6297 2802 6297 2803 6297 3291 6298 3288 6298 3286 6298 3291 6299 3286 6299 3289 6299 3291 6300 2803 6300 3288 6300 3292 6301 3290 6301 3293 6301 3292 6302 3289 6302 3290 6302 3294 6303 2801 6303 2802 6303 3294 6304 3289 6304 3292 6304 3294 6305 2802 6305 3291 6305 3294 6306 3291 6306 3289 6306 3295 6307 3293 6307 3296 6307 3295 6308 3292 6308 3293 6308 3297 6309 2800 6309 2801 6309 3297 6310 2801 6310 3294 6310 3297 6311 3294 6311 3292 6311 3297 6312 3292 6312 3295 6312 3298 6313 3296 6313 3299 6313 3298 6314 3295 6314 3296 6314 3300 6315 2799 6315 2800 6315 3300 6316 2800 6316 3297 6316 3300 6317 3297 6317 3295 6317 3300 6318 3295 6318 3298 6318 3301 6319 3299 6319 3302 6319 3301 6320 3298 6320 3299 6320 3303 6321 2798 6321 2799 6321 3303 6322 3300 6322 3298 6322 3303 6323 2799 6323 3300 6323 3303 6324 3298 6324 3301 6324 3304 6325 3302 6325 3305 6325 3304 6326 3301 6326 3302 6326 3306 6327 2797 6327 2798 6327 3306 6328 3301 6328 3304 6328 3306 6329 3303 6329 3301 6329 3306 6330 2798 6330 3303 6330 3307 6331 3305 6331 3308 6331 3307 6332 3304 6332 3305 6332 3309 6333 2796 6333 2797 6333 3309 6334 3306 6334 3304 6334 3309 6335 3304 6335 3307 6335 3309 6336 2797 6336 3306 6336 3310 6337 3307 6337 3308 6337 3310 6338 3308 6338 3311 6338 3310 6339 3309 6339 3307 6339 3312 6340 2795 6340 2796 6340 3312 6341 2796 6341 3309 6341 3312 6342 3309 6342 3310 6342 3313 6343 3311 6343 3314 6343 3313 6344 3310 6344 3311 6344 3315 6345 2795 6345 3312 6345 3315 6346 2794 6346 2795 6346 3315 6347 2793 6347 2794 6347 3315 6348 3312 6348 3310 6348 3315 6349 3310 6349 3313 6349 3316 6350 3313 6350 3314 6350 3316 6351 3314 6351 3317 6351 3316 6352 3315 6352 3313 6352 3318 6353 2793 6353 3315 6353 3318 6354 3315 6354 3316 6354 3319 6355 3317 6355 3320 6355 3319 6356 3316 6356 3317 6356 3321 6357 2792 6357 2793 6357 3321 6358 2793 6358 3318 6358 3321 6359 3318 6359 3316 6359 3321 6360 3316 6360 3319 6360 3322 6361 3320 6361 3323 6361 3322 6362 3319 6362 3320 6362 3324 6363 2791 6363 2792 6363 3324 6364 2790 6364 2791 6364 3324 6365 2792 6365 3321 6365 3324 6366 3321 6366 3319 6366 3324 6367 3319 6367 3322 6367 3325 6368 3323 6368 3326 6368 3325 6369 3322 6369 3323 6369 3327 6370 2790 6370 3324 6370 3327 6371 3324 6371 3322 6371 3327 6372 3322 6372 3325 6372 3328 6373 3327 6373 3325 6373 3328 6374 3326 6374 3329 6374 3328 6375 3325 6375 3326 6375 3330 6376 2789 6376 2790 6376 3330 6377 2790 6377 3327 6377 3330 6378 3327 6378 3328 6378 3331 6379 3328 6379 3329 6379 3331 6380 3330 6380 3328 6380 3331 6381 3329 6381 3332 6381 3333 6382 2788 6382 2789 6382 3333 6383 2789 6383 3330 6383 3333 6384 3330 6384 3331 6384 3334 6385 3331 6385 3332 6385 3334 6386 3332 6386 3335 6386 3336 6387 2788 6387 3333 6387 3336 6388 2787 6388 2788 6388 3336 6389 3333 6389 3331 6389 3336 6390 3331 6390 3334 6390 3337 6391 3334 6391 3335 6391 3337 6392 3335 6392 3338 6392 3339 6393 3336 6393 3334 6393 3339 6394 3334 6394 3337 6394 3339 6395 2787 6395 3336 6395 3339 6396 2786 6396 2787 6396 3339 6397 2785 6397 2786 6397 3340 6398 3339 6398 3337 6398 3340 6399 3337 6399 3338 6399 3340 6400 3341 6400 3342 6400 3340 6401 3338 6401 3341 6401 3340 6402 3342 6402 3343 6402 3344 6403 3339 6403 3340 6403 3344 6404 2785 6404 3339 6404 3344 6405 3340 6405 3343 6405 3344 6406 3343 6406 3276 6406 3344 6407 3276 6407 2785 6407 3247 6408 3345 6408 3245 6408 3341 6409 3346 6409 3342 6409 3252 6410 3347 6410 3278 6410 3248 6411 3347 6411 3252 6411 3248 6412 3348 6412 3347 6412 3245 6413 3348 6413 3248 6413 3345 6414 3348 6414 3245 6414 3278 6415 3349 6415 3281 6415 3347 6416 3349 6416 3278 6416 3348 6417 3350 6417 3347 6417 3351 6418 3350 6418 3345 6418 3347 6419 3350 6419 3349 6419 3345 6420 3350 6420 3348 6420 3281 6421 3352 6421 3284 6421 3349 6422 3352 6422 3281 6422 3349 6423 3353 6423 3352 6423 3350 6424 3353 6424 3349 6424 3354 6425 3353 6425 3351 6425 3351 6426 3353 6426 3350 6426 3284 6427 3355 6427 3287 6427 3352 6428 3355 6428 3284 6428 3353 6429 3356 6429 3352 6429 3357 6430 3356 6430 3354 6430 3352 6431 3356 6431 3355 6431 3354 6432 3356 6432 3353 6432 3287 6433 3358 6433 3290 6433 3355 6434 3358 6434 3287 6434 3359 6435 3360 6435 3357 6435 3357 6436 3360 6436 3356 6436 3356 6437 3360 6437 3355 6437 3355 6438 3360 6438 3358 6438 3290 6439 3361 6439 3293 6439 3358 6440 3361 6440 3290 6440 3359 6441 3362 6441 3360 6441 3363 6442 3362 6442 3359 6442 3360 6443 3362 6443 3358 6443 3358 6444 3362 6444 3361 6444 3293 6445 3364 6445 3296 6445 3361 6446 3364 6446 3293 6446 3363 6447 3365 6447 3362 6447 3366 6448 3365 6448 3363 6448 3362 6449 3365 6449 3361 6449 3361 6450 3365 6450 3364 6450 3296 6451 3367 6451 3299 6451 3364 6452 3367 6452 3296 6452 3368 6453 3369 6453 3366 6453 3366 6454 3369 6454 3365 6454 3365 6455 3369 6455 3364 6455 3364 6456 3369 6456 3367 6456 3299 6457 3370 6457 3302 6457 3367 6458 3370 6458 3299 6458 3368 6459 3371 6459 3369 6459 3367 6460 3371 6460 3370 6460 3372 6461 3371 6461 3368 6461 3369 6462 3371 6462 3367 6462 3370 6463 3373 6463 3302 6463 3302 6464 3373 6464 3305 6464 3372 6465 3374 6465 3371 6465 3370 6466 3374 6466 3373 6466 3375 6467 3374 6467 3372 6467 3371 6468 3374 6468 3370 6468 3305 6469 3376 6469 3308 6469 3373 6470 3376 6470 3305 6470 3377 6471 3378 6471 3379 6471 3379 6472 3378 6472 3375 6472 3374 6473 3378 6473 3373 6473 3375 6474 3378 6474 3374 6474 3373 6475 3378 6475 3376 6475 3376 6476 3380 6476 3308 6476 3308 6477 3380 6477 3311 6477 3378 6478 3380 6478 3376 6478 3381 6479 3382 6479 3377 6479 3377 6480 3382 6480 3378 6480 3378 6481 3382 6481 3380 6481 3380 6482 3383 6482 3311 6482 3311 6483 3383 6483 3314 6483 3380 6484 3384 6484 3383 6484 3385 6485 3384 6485 3381 6485 3381 6486 3384 6486 3382 6486 3382 6487 3384 6487 3380 6487 3314 6488 3386 6488 3317 6488 3383 6489 3386 6489 3314 6489 3384 6490 3387 6490 3383 6490 3385 6491 3387 6491 3384 6491 3383 6492 3387 6492 3386 6492 3317 6493 3388 6493 3320 6493 3386 6494 3388 6494 3317 6494 3387 6495 3388 6495 3386 6495 3389 6496 3390 6496 3385 6496 3385 6497 3390 6497 3387 6497 3387 6498 3390 6498 3388 6498 3320 6499 3391 6499 3323 6499 3388 6500 3391 6500 3320 6500 3388 6501 3392 6501 3391 6501 3393 6502 3392 6502 3389 6502 3390 6503 3392 6503 3388 6503 3389 6504 3392 6504 3390 6504 3323 6505 3394 6505 3326 6505 3391 6506 3394 6506 3323 6506 3391 6507 3395 6507 3394 6507 3396 6508 3395 6508 3393 6508 3392 6509 3395 6509 3391 6509 3393 6510 3395 6510 3392 6510 3326 6511 3397 6511 3329 6511 3394 6512 3397 6512 3326 6512 3394 6513 3398 6513 3397 6513 3399 6514 3398 6514 3396 6514 3395 6515 3398 6515 3394 6515 3396 6516 3398 6516 3395 6516 3329 6517 3400 6517 3332 6517 3397 6518 3400 6518 3329 6518 3398 6519 3401 6519 3397 6519 3399 6520 3401 6520 3398 6520 3397 6521 3401 6521 3400 6521 3402 6522 3401 6522 3399 6522 3332 6523 3403 6523 3335 6523 3400 6524 3403 6524 3332 6524 3401 6525 3404 6525 3400 6525 3402 6526 3404 6526 3401 6526 3400 6527 3404 6527 3403 6527 3405 6528 3404 6528 3402 6528 3335 6529 3406 6529 3338 6529 3403 6530 3406 6530 3335 6530 3404 6531 3407 6531 3403 6531 3405 6532 3407 6532 3404 6532 3408 6533 3407 6533 3405 6533 3403 6534 3407 6534 3406 6534 3338 6535 3409 6535 3341 6535 3406 6536 3409 6536 3338 6536 3341 6537 3409 6537 3346 6537 3407 6538 3410 6538 3406 6538 3411 6539 3410 6539 3412 6539 3408 6540 3410 6540 3407 6540 3346 6541 3410 6541 3411 6541 3412 6542 3410 6542 3413 6542 3409 6543 3410 6543 3346 6543 3413 6544 3410 6544 3408 6544 3406 6545 3410 6545 3409 6545 3414 6546 3415 6546 3416 6546 3417 6547 3418 6547 3419 6547 3419 6548 3418 6548 3420 6548 3420 6549 3421 6549 3422 6549 3418 6550 3421 6550 3420 6550 3423 6551 3424 6551 3415 6551 3416 6552 3424 6552 3417 6552 3417 6553 3424 6553 3418 6553 3415 6554 3424 6554 3416 6554 3422 6555 3425 6555 3412 6555 3412 6556 3425 6556 3411 6556 3421 6557 3425 6557 3422 6557 3418 6558 3426 6558 3421 6558 3423 6559 3426 6559 3424 6559 3424 6560 3426 6560 3418 6560 3411 6561 3427 6561 3346 6561 3346 6562 3427 6562 3342 6562 3342 6563 3427 6563 3423 6563 3423 6564 3427 6564 3426 6564 3425 6565 3427 6565 3411 6565 3421 6566 3427 6566 3425 6566 3426 6567 3427 6567 3421 6567 2811 6568 2812 6568 3428 6568 3429 6569 3430 6569 3415 6569 3429 6570 3415 6570 3414 6570 3431 6571 3414 6571 3432 6571 3431 6572 3429 6572 3414 6572 3433 6573 2813 6573 2808 6573 3433 6574 2808 6574 3434 6574 3433 6575 3434 6575 3430 6575 3433 6576 3430 6576 3429 6576 3435 6577 2812 6577 2813 6577 3435 6578 3432 6578 3428 6578 3435 6579 3429 6579 3431 6579 3435 6580 3433 6580 3429 6580 3435 6581 2813 6581 3433 6581 3435 6582 3431 6582 3432 6582 3435 6583 3428 6583 2812 6583 2784 6584 3434 6584 2808 6584 3436 6585 3430 6585 3434 6585 3436 6586 3415 6586 3430 6586 3436 6587 2784 6587 3423 6587 3436 6588 3423 6588 3415 6588 3436 6589 3434 6589 2784 6589 2783 6590 3276 6590 2784 6590 3437 6591 3343 6591 3342 6591 3437 6592 3276 6592 3343 6592 3437 6593 3342 6593 3423 6593 3437 6594 3423 6594 2784 6594 3437 6595 2784 6595 3276 6595 3432 6596 3414 6596 3438 6596 3432 6597 3438 6597 3439 6597 3428 6598 3439 6598 3440 6598 3428 6599 3432 6599 3439 6599 2811 6600 3440 6600 2810 6600 2811 6601 3428 6601 3440 6601 3419 6602 3441 6602 3417 6602 3417 6603 3442 6603 3416 6603 3441 6604 3442 6604 3417 6604 3416 6605 3443 6605 3414 6605 3442 6606 3443 6606 3416 6606 3443 6607 3438 6607 3414 6607 3444 6608 3445 6608 3446 6608 3447 6609 3445 6609 3444 6609 3446 6610 3445 6610 3448 6610 3445 6611 3449 6611 3448 6611 3450 6612 3451 6612 3452 6612 3452 6613 3451 6613 3447 6613 3447 6614 3451 6614 3445 6614 3448 6615 3453 6615 3454 6615 3449 6616 3453 6616 3448 6616 3445 6617 3455 6617 3449 6617 3450 6618 3455 6618 3451 6618 3451 6619 3455 6619 3445 6619 3454 6620 3456 6620 3441 6620 3441 6621 3456 6621 3442 6621 3453 6622 3456 6622 3454 6622 3457 6623 3458 6623 3450 6623 3455 6624 3458 6624 3449 6624 3450 6625 3458 6625 3455 6625 3449 6626 3458 6626 3453 6626 3442 6627 3459 6627 3443 6627 3443 6628 3459 6628 3438 6628 3438 6629 3459 6629 3457 6629 3457 6630 3459 6630 3458 6630 3453 6631 3459 6631 3456 6631 3456 6632 3459 6632 3442 6632 3458 6633 3459 6633 3453 6633 2814 6634 3460 6634 2839 6634 3461 6635 2814 6635 3450 6635 3461 6636 3450 6636 3452 6636 3461 6637 3462 6637 3460 6637 3461 6638 3452 6638 3462 6638 3461 6639 3460 6639 2814 6639 2809 6640 3463 6640 2814 6640 3464 6641 3465 6641 3457 6641 3464 6642 3463 6642 3465 6642 3464 6643 3457 6643 3450 6643 3464 6644 3450 6644 2814 6644 3464 6645 2814 6645 3463 6645 3465 6646 3439 6646 3438 6646 3465 6647 3438 6647 3457 6647 3463 6648 3440 6648 3439 6648 3463 6649 3439 6649 3465 6649 2809 6650 2810 6650 3440 6650 2809 6651 3440 6651 3463 6651 3466 6652 3467 6652 3468 6652 2815 6653 2817 6653 3469 6653 3470 6654 3462 6654 3452 6654 3470 6655 3452 6655 3471 6655 3472 6656 2838 6656 2839 6656 3472 6657 2839 6657 3460 6657 3472 6658 3460 6658 3462 6658 3472 6659 3462 6659 3470 6659 3473 6660 3471 6660 3474 6660 3473 6661 3470 6661 3471 6661 3475 6662 2837 6662 2838 6662 3475 6663 3472 6663 3470 6663 3475 6664 3470 6664 3473 6664 3475 6665 2838 6665 3472 6665 3476 6666 3473 6666 3474 6666 3476 6667 3474 6667 3477 6667 3478 6668 2836 6668 2837 6668 3478 6669 3473 6669 3476 6669 3478 6670 3475 6670 3473 6670 3478 6671 2837 6671 3475 6671 3479 6672 3476 6672 3477 6672 3479 6673 3477 6673 3480 6673 3481 6674 2835 6674 2836 6674 3481 6675 3476 6675 3479 6675 3481 6676 3478 6676 3476 6676 3481 6677 2836 6677 3478 6677 3482 6678 3480 6678 3483 6678 3482 6679 3479 6679 3480 6679 3484 6680 2834 6680 2835 6680 3484 6681 2835 6681 3481 6681 3484 6682 3481 6682 3479 6682 3484 6683 3479 6683 3482 6683 3485 6684 3483 6684 3486 6684 3485 6685 3482 6685 3483 6685 3487 6686 2833 6686 2834 6686 3487 6687 2834 6687 3484 6687 3487 6688 3484 6688 3482 6688 3487 6689 3482 6689 3485 6689 3488 6690 3485 6690 3486 6690 3488 6691 3486 6691 3489 6691 3490 6692 2832 6692 2833 6692 3490 6693 2833 6693 3487 6693 3490 6694 3485 6694 3488 6694 3490 6695 3487 6695 3485 6695 3491 6696 3489 6696 3492 6696 3491 6697 3488 6697 3489 6697 3493 6698 2831 6698 2832 6698 3493 6699 3488 6699 3491 6699 3493 6700 2832 6700 3490 6700 3493 6701 3490 6701 3488 6701 3494 6702 3492 6702 3495 6702 3494 6703 3491 6703 3492 6703 3496 6704 2830 6704 2831 6704 3496 6705 3491 6705 3494 6705 3496 6706 2831 6706 3493 6706 3496 6707 3493 6707 3491 6707 3497 6708 3495 6708 3498 6708 3497 6709 3494 6709 3495 6709 3497 6710 3496 6710 3494 6710 3499 6711 2829 6711 2830 6711 3499 6712 3496 6712 3497 6712 3499 6713 2830 6713 3496 6713 3500 6714 3501 6714 3502 6714 3500 6715 3498 6715 3501 6715 3500 6716 3497 6716 3498 6716 3503 6717 3499 6717 3497 6717 3503 6718 3497 6718 3500 6718 3503 6719 2828 6719 2829 6719 3503 6720 2829 6720 3499 6720 3504 6721 3500 6721 3502 6721 3505 6722 2827 6722 2828 6722 3505 6723 3503 6723 3500 6723 3505 6724 2828 6724 3503 6724 3505 6725 3500 6725 3504 6725 3506 6726 3502 6726 3507 6726 3506 6727 3505 6727 3504 6727 3506 6728 3504 6728 3502 6728 3508 6729 2826 6729 2827 6729 3508 6730 2827 6730 3505 6730 3508 6731 3505 6731 3506 6731 3509 6732 3506 6732 3507 6732 3509 6733 3507 6733 3510 6733 3511 6734 2826 6734 3508 6734 3511 6735 2825 6735 2826 6735 3511 6736 3506 6736 3509 6736 3511 6737 3508 6737 3506 6737 3512 6738 3510 6738 3513 6738 3512 6739 3509 6739 3510 6739 3514 6740 2824 6740 2825 6740 3514 6741 2825 6741 3511 6741 3514 6742 3511 6742 3509 6742 3514 6743 3509 6743 3512 6743 3515 6744 3512 6744 3513 6744 3515 6745 3513 6745 3516 6745 3517 6746 2823 6746 2824 6746 3517 6747 3512 6747 3515 6747 3517 6748 3514 6748 3512 6748 3517 6749 2824 6749 3514 6749 3518 6750 3516 6750 3519 6750 3518 6751 3515 6751 3516 6751 3520 6752 2822 6752 2823 6752 3520 6753 2823 6753 3517 6753 3520 6754 3517 6754 3515 6754 3520 6755 3515 6755 3518 6755 3521 6756 3518 6756 3519 6756 3521 6757 3519 6757 3522 6757 3523 6758 2821 6758 2822 6758 3523 6759 3518 6759 3521 6759 3523 6760 3520 6760 3518 6760 3523 6761 2822 6761 3520 6761 3524 6762 3521 6762 3522 6762 3524 6763 3522 6763 3525 6763 3526 6764 3523 6764 3521 6764 3526 6765 2820 6765 2821 6765 3526 6766 3521 6766 3524 6766 3526 6767 2821 6767 3523 6767 3527 6768 3524 6768 3525 6768 3527 6769 3525 6769 3528 6769 3529 6770 3524 6770 3527 6770 3529 6771 2820 6771 3526 6771 3529 6772 2819 6772 2820 6772 3529 6773 3526 6773 3524 6773 3530 6774 3527 6774 3528 6774 3530 6775 3528 6775 3531 6775 3532 6776 3527 6776 3530 6776 3532 6777 2819 6777 3529 6777 3532 6778 2818 6778 2819 6778 3532 6779 3529 6779 3527 6779 3533 6780 3530 6780 3531 6780 3533 6781 3531 6781 3467 6781 3533 6782 3532 6782 3530 6782 3533 6783 3467 6783 3466 6783 3534 6784 2817 6784 2818 6784 3534 6785 2818 6785 3532 6785 3534 6786 3533 6786 3466 6786 3534 6787 3466 6787 3469 6787 3534 6788 3532 6788 3533 6788 3534 6789 3469 6789 2817 6789 3447 6790 3471 6790 3452 6790 3535 6791 3536 6791 3537 6791 3447 6792 3538 6792 3471 6792 3447 6793 3539 6793 3538 6793 3540 6794 3539 6794 3446 6794 3446 6795 3539 6795 3444 6795 3444 6796 3539 6796 3447 6796 3471 6797 3541 6797 3474 6797 3538 6798 3541 6798 3471 6798 3540 6799 3542 6799 3539 6799 3539 6800 3542 6800 3538 6800 3543 6801 3542 6801 3540 6801 3538 6802 3542 6802 3541 6802 3474 6803 3544 6803 3477 6803 3541 6804 3544 6804 3474 6804 3541 6805 3545 6805 3544 6805 3542 6806 3545 6806 3541 6806 3543 6807 3545 6807 3542 6807 3546 6808 3545 6808 3543 6808 3477 6809 3547 6809 3480 6809 3544 6810 3547 6810 3477 6810 3545 6811 3548 6811 3544 6811 3549 6812 3548 6812 3546 6812 3544 6813 3548 6813 3547 6813 3546 6814 3548 6814 3545 6814 3480 6815 3550 6815 3483 6815 3547 6816 3550 6816 3480 6816 3547 6817 3551 6817 3550 6817 3552 6818 3551 6818 3549 6818 3549 6819 3551 6819 3548 6819 3548 6820 3551 6820 3547 6820 3483 6821 3553 6821 3486 6821 3550 6822 3553 6822 3483 6822 3552 6823 3554 6823 3551 6823 3551 6824 3554 6824 3550 6824 3550 6825 3554 6825 3553 6825 3555 6826 3554 6826 3552 6826 3486 6827 3556 6827 3489 6827 3553 6828 3556 6828 3486 6828 3555 6829 3557 6829 3554 6829 3554 6830 3557 6830 3553 6830 3558 6831 3557 6831 3555 6831 3553 6832 3557 6832 3556 6832 3489 6833 3559 6833 3492 6833 3556 6834 3559 6834 3489 6834 3556 6835 3560 6835 3559 6835 3561 6836 3560 6836 3558 6836 3558 6837 3560 6837 3557 6837 3557 6838 3560 6838 3556 6838 3492 6839 3562 6839 3495 6839 3559 6840 3562 6840 3492 6840 3560 6841 3563 6841 3559 6841 3564 6842 3563 6842 3561 6842 3561 6843 3563 6843 3560 6843 3559 6844 3563 6844 3562 6844 3562 6845 3565 6845 3495 6845 3495 6846 3565 6846 3498 6846 3563 6847 3566 6847 3562 6847 3567 6848 3566 6848 3564 6848 3564 6849 3566 6849 3563 6849 3562 6850 3566 6850 3565 6850 3498 6851 3568 6851 3501 6851 3565 6852 3568 6852 3498 6852 3569 6853 3570 6853 3567 6853 3566 6854 3570 6854 3565 6854 3565 6855 3570 6855 3568 6855 3567 6856 3570 6856 3566 6856 3568 6857 3571 6857 3501 6857 3501 6858 3571 6858 3502 6858 3572 6859 3573 6859 3569 6859 3569 6860 3573 6860 3570 6860 3568 6861 3573 6861 3571 6861 3570 6862 3573 6862 3568 6862 3571 6863 3574 6863 3502 6863 3502 6864 3574 6864 3507 6864 3571 6865 3575 6865 3574 6865 3576 6866 3575 6866 3572 6866 3572 6867 3575 6867 3573 6867 3573 6868 3575 6868 3571 6868 3507 6869 3577 6869 3510 6869 3574 6870 3577 6870 3507 6870 3578 6871 3579 6871 3576 6871 3575 6872 3579 6872 3574 6872 3576 6873 3579 6873 3575 6873 3574 6874 3579 6874 3577 6874 3510 6875 3580 6875 3513 6875 3577 6876 3580 6876 3510 6876 3581 6877 3582 6877 3578 6877 3578 6878 3582 6878 3579 6878 3579 6879 3582 6879 3577 6879 3577 6880 3582 6880 3580 6880 3513 6881 3583 6881 3516 6881 3580 6882 3583 6882 3513 6882 3581 6883 3584 6883 3582 6883 3585 6884 3584 6884 3581 6884 3582 6885 3584 6885 3580 6885 3580 6886 3584 6886 3583 6886 3516 6887 3586 6887 3519 6887 3583 6888 3586 6888 3516 6888 3587 6889 3588 6889 3585 6889 3583 6890 3588 6890 3586 6890 3584 6891 3588 6891 3583 6891 3585 6892 3588 6892 3584 6892 3519 6893 3589 6893 3522 6893 3586 6894 3589 6894 3519 6894 3586 6895 3590 6895 3589 6895 3591 6896 3590 6896 3587 6896 3587 6897 3590 6897 3588 6897 3588 6898 3590 6898 3586 6898 3522 6899 3592 6899 3525 6899 3589 6900 3592 6900 3522 6900 3590 6901 3593 6901 3589 6901 3591 6902 3593 6902 3590 6902 3589 6903 3593 6903 3592 6903 3594 6904 3593 6904 3591 6904 3525 6905 3595 6905 3528 6905 3592 6906 3595 6906 3525 6906 3594 6907 3596 6907 3593 6907 3592 6908 3596 6908 3595 6908 3597 6909 3596 6909 3594 6909 3593 6910 3596 6910 3592 6910 3531 6911 3598 6911 3467 6911 3528 6912 3598 6912 3531 6912 3596 6913 3598 6913 3595 6913 3595 6914 3598 6914 3528 6914 3597 6915 3599 6915 3596 6915 3600 6916 3599 6916 3597 6916 3596 6917 3599 6917 3598 6917 3467 6918 3601 6918 3468 6918 3468 6919 3601 6919 3602 6919 3598 6920 3601 6920 3467 6920 3600 6921 3603 6921 3599 6921 3599 6922 3603 6922 3598 6922 3602 6923 3603 6923 3537 6923 3598 6924 3603 6924 3601 6924 3601 6925 3603 6925 3602 6925 3535 6926 3603 6926 3600 6926 3537 6927 3603 6927 3535 6927 3602 6928 3604 6928 3468 6928 3468 6929 3604 6929 3605 6929 3606 6930 3607 6930 3536 6930 3536 6931 3607 6931 3537 6931 3537 6932 3607 6932 3602 6932 3602 6933 3607 6933 3604 6933 3605 6934 3608 6934 3609 6934 3604 6935 3608 6935 3605 6935 3607 6936 3610 6936 3604 6936 3604 6937 3610 6937 3608 6937 3606 6938 3610 6938 3607 6938 3608 6939 3611 6939 3609 6939 3612 6940 3613 6940 3606 6940 3608 6941 3613 6941 3611 6941 3606 6942 3613 6942 3610 6942 3610 6943 3613 6943 3608 6943 3609 6944 3614 6944 3615 6944 3611 6945 3614 6945 3609 6945 3616 6946 3617 6946 3612 6946 3612 6947 3617 6947 3613 6947 3613 6948 3617 6948 3611 6948 3611 6949 3617 6949 3614 6949 3615 6950 3618 6950 3619 6950 3619 6951 3618 6951 3620 6951 3614 6952 3618 6952 3615 6952 3620 6953 3621 6953 3622 6953 3622 6954 3621 6954 3623 6954 3623 6955 3621 6955 3616 6955 3616 6956 3621 6956 3617 6956 3618 6957 3621 6957 3620 6957 3617 6958 3621 6958 3614 6958 3614 6959 3621 6959 3618 6959 2848 6960 2841 6960 3624 6960 2846 6961 2847 6961 3625 6961 3626 6962 3615 6962 3619 6962 3626 6963 3627 6963 3615 6963 3626 6964 3624 6964 3627 6964 3628 6965 3619 6965 3629 6965 3628 6966 3626 6966 3619 6966 3630 6967 3624 6967 3626 6967 3630 6968 2848 6968 3624 6968 3631 6969 3629 6969 3625 6969 3631 6970 2847 6970 2848 6970 3631 6971 3626 6971 3628 6971 3631 6972 2848 6972 3630 6972 3631 6973 3628 6973 3629 6973 3631 6974 3625 6974 2847 6974 3631 6975 3630 6975 3626 6975 3632 6976 3615 6976 3627 6976 3632 6977 3627 6977 3624 6977 3632 6978 2816 6978 3605 6978 3632 6979 3605 6979 3609 6979 3632 6980 3609 6980 3615 6980 3633 6981 3624 6981 2841 6981 3633 6982 2841 6982 2840 6982 3633 6983 2840 6983 2816 6983 3633 6984 2816 6984 3632 6984 3633 6985 3632 6985 3624 6985 2815 6986 3469 6986 2816 6986 3634 6987 3466 6987 3468 6987 3634 6988 3469 6988 3466 6988 3634 6989 3468 6989 3605 6989 3634 6990 3605 6990 2816 6990 3634 6991 2816 6991 3469 6991 3619 6992 2877 6992 3635 6992 3629 6993 3619 6993 3635 6993 3625 6994 3635 6994 3636 6994 3625 6995 3629 6995 3635 6995 2846 6996 3636 6996 2845 6996 2846 6997 3625 6997 3636 6997 2873 6998 2874 6998 3623 6998 3623 6999 2874 6999 3622 6999 3622 7000 2876 7000 3620 7000 2874 7001 2876 7001 3622 7001 3620 7002 2877 7002 3619 7002 2876 7003 2877 7003 3620 7003 3623 7004 3637 7004 2873 7004 3638 7005 3637 7005 3623 7005 3639 7006 2859 7006 2860 7006 3640 7007 2860 7007 2867 7007 3640 7008 3639 7008 2860 7008 3641 7009 2867 7009 2870 7009 3641 7010 3640 7010 2867 7010 3642 7011 2870 7011 2873 7011 3642 7012 3641 7012 2870 7012 3637 7013 3642 7013 2873 7013 2859 7014 3639 7014 3643 7014 2949 7015 3643 7015 3644 7015 2949 7016 2859 7016 3643 7016 2957 7017 3644 7017 3645 7017 2957 7018 2949 7018 3644 7018 2960 7019 3645 7019 3646 7019 2960 7020 2957 7020 3645 7020 2963 7021 3646 7021 3647 7021 2963 7022 2960 7022 3646 7022 2966 7023 3647 7023 3648 7023 2966 7024 2963 7024 3647 7024 2969 7025 3648 7025 3649 7025 2969 7026 2966 7026 3648 7026 2972 7027 3649 7027 3650 7027 2972 7028 2969 7028 3649 7028 2974 7029 3650 7029 3651 7029 2974 7030 2972 7030 3650 7030 2977 7031 3651 7031 3652 7031 2977 7032 2974 7032 3651 7032 2981 7033 3652 7033 3653 7033 2981 7034 2977 7034 3652 7034 2984 7035 2981 7035 3653 7035 2986 7036 2984 7036 3653 7036 2986 7037 3653 7037 3654 7037 2990 7038 2986 7038 3654 7038 2990 7039 3654 7039 3655 7039 2992 7040 2990 7040 3655 7040 2992 7041 3655 7041 3656 7041 2995 7042 2992 7042 3656 7042 2995 7043 3656 7043 3657 7043 2998 7044 2995 7044 3657 7044 2998 7045 3657 7045 3658 7045 3001 7046 3658 7046 3659 7046 3001 7047 2998 7047 3658 7047 3005 7048 3001 7048 3659 7048 3005 7049 3659 7049 3660 7049 3008 7050 3660 7050 3661 7050 3008 7051 3005 7051 3660 7051 3011 7052 3661 7052 3662 7052 3011 7053 3008 7053 3661 7053 3014 7054 3662 7054 3663 7054 3014 7055 3011 7055 3662 7055 2950 7056 3663 7056 3664 7056 2950 7057 3014 7057 3663 7057 2951 7058 2950 7058 3664 7058 2951 7059 3664 7059 3665 7059 3666 7060 3667 7060 3023 7060 3666 7061 3023 7061 3024 7061 3668 7062 3024 7062 3026 7062 3668 7063 3666 7063 3024 7063 3665 7064 3026 7064 2951 7064 3665 7065 3668 7065 3026 7065 3045 7066 3023 7066 3667 7066 3045 7067 3667 7067 3669 7067 3670 7068 3050 7068 3052 7068 3671 7069 3052 7069 3058 7069 3671 7070 3670 7070 3052 7070 3672 7071 3058 7071 3045 7071 3672 7072 3671 7072 3058 7072 3669 7073 3672 7073 3045 7073 3050 7074 3670 7074 3673 7074 3139 7075 3673 7075 3674 7075 3139 7076 3050 7076 3673 7076 3147 7077 3674 7077 3675 7077 3147 7078 3139 7078 3674 7078 3150 7079 3675 7079 3676 7079 3150 7080 3147 7080 3675 7080 3153 7081 3676 7081 3677 7081 3153 7082 3150 7082 3676 7082 3156 7083 3677 7083 3678 7083 3156 7084 3153 7084 3677 7084 3159 7085 3678 7085 3679 7085 3159 7086 3156 7086 3678 7086 3162 7087 3679 7087 3680 7087 3162 7088 3159 7088 3679 7088 3164 7089 3680 7089 3681 7089 3164 7090 3162 7090 3680 7090 3168 7091 3681 7091 3682 7091 3168 7092 3164 7092 3681 7092 3171 7093 3682 7093 3683 7093 3171 7094 3168 7094 3682 7094 3173 7095 3683 7095 3684 7095 3173 7096 3171 7096 3683 7096 3176 7097 3173 7097 3684 7097 3176 7098 3684 7098 3685 7098 3180 7099 3176 7099 3685 7099 3180 7100 3685 7100 3686 7100 3182 7101 3180 7101 3686 7101 3182 7102 3686 7102 3687 7102 3185 7103 3182 7103 3687 7103 3185 7104 3687 7104 3688 7104 3189 7105 3688 7105 3689 7105 3189 7106 3185 7106 3688 7106 3191 7107 3689 7107 3690 7107 3191 7108 3189 7108 3689 7108 3194 7109 3191 7109 3690 7109 3194 7110 3690 7110 3691 7110 3198 7111 3691 7111 3692 7111 3198 7112 3194 7112 3691 7112 3201 7113 3692 7113 3693 7113 3201 7114 3198 7114 3692 7114 3204 7115 3693 7115 3694 7115 3204 7116 3201 7116 3693 7116 3140 7117 3204 7117 3694 7117 3141 7118 3694 7118 3695 7118 3141 7119 3140 7119 3694 7119 3210 7120 3141 7120 3695 7120 3210 7121 3695 7121 3696 7121 3210 7122 3696 7122 3697 7122 3216 7123 3697 7123 3698 7123 3216 7124 3210 7124 3697 7124 3220 7125 3698 7125 3699 7125 3220 7126 3216 7126 3698 7126 3227 7127 3220 7127 3699 7127 3699 7128 3242 7128 3227 7128 3699 7129 3700 7129 3242 7129 3701 7130 3702 7130 3247 7130 3701 7131 3247 7131 3249 7131 3703 7132 3249 7132 3257 7132 3703 7133 3701 7133 3249 7133 3704 7134 3257 7134 3260 7134 3704 7135 3703 7135 3257 7135 3700 7136 3260 7136 3242 7136 3700 7137 3704 7137 3260 7137 3345 7138 3247 7138 3702 7138 3345 7139 3702 7139 3705 7139 3351 7140 3705 7140 3706 7140 3351 7141 3345 7141 3705 7141 3354 7142 3706 7142 3707 7142 3354 7143 3351 7143 3706 7143 3357 7144 3707 7144 3708 7144 3357 7145 3354 7145 3707 7145 3359 7146 3708 7146 3709 7146 3359 7147 3357 7147 3708 7147 3363 7148 3709 7148 3710 7148 3363 7149 3359 7149 3709 7149 3366 7150 3710 7150 3711 7150 3366 7151 3363 7151 3710 7151 3368 7152 3711 7152 3712 7152 3368 7153 3366 7153 3711 7153 3372 7154 3712 7154 3713 7154 3372 7155 3713 7155 3714 7155 3372 7156 3368 7156 3712 7156 3375 7157 3714 7157 3715 7157 3375 7158 3372 7158 3714 7158 3379 7159 3715 7159 3716 7159 3379 7160 3375 7160 3715 7160 3377 7161 3379 7161 3716 7161 3377 7162 3716 7162 3717 7162 3381 7163 3377 7163 3717 7163 3381 7164 3717 7164 3718 7164 3385 7165 3381 7165 3718 7165 3385 7166 3718 7166 3719 7166 3389 7167 3385 7167 3719 7167 3389 7168 3719 7168 3720 7168 3393 7169 3720 7169 3721 7169 3393 7170 3389 7170 3720 7170 3396 7171 3721 7171 3722 7171 3396 7172 3393 7172 3721 7172 3399 7173 3396 7173 3722 7173 3399 7174 3722 7174 3723 7174 3402 7175 3723 7175 3724 7175 3402 7176 3399 7176 3723 7176 3405 7177 3724 7177 3725 7177 3405 7178 3402 7178 3724 7178 3408 7179 3725 7179 3726 7179 3408 7180 3405 7180 3725 7180 3413 7181 3726 7181 3727 7181 3413 7182 3408 7182 3726 7182 3412 7183 3413 7183 3727 7183 3728 7184 3419 7184 3420 7184 3729 7185 3420 7185 3422 7185 3729 7186 3728 7186 3420 7186 3730 7187 3422 7187 3412 7187 3730 7188 3729 7188 3422 7188 3727 7189 3730 7189 3412 7189 3441 7190 3419 7190 3728 7190 3441 7191 3728 7191 3731 7191 3732 7192 3733 7192 3446 7192 3732 7193 3446 7193 3448 7193 3734 7194 3448 7194 3454 7194 3734 7195 3732 7195 3448 7195 3731 7196 3454 7196 3441 7196 3731 7197 3734 7197 3454 7197 3540 7198 3446 7198 3733 7198 3540 7199 3733 7199 3735 7199 3543 7200 3735 7200 3736 7200 3543 7201 3540 7201 3735 7201 3546 7202 3736 7202 3737 7202 3546 7203 3543 7203 3736 7203 3549 7204 3737 7204 3738 7204 3549 7205 3546 7205 3737 7205 3552 7206 3738 7206 3739 7206 3552 7207 3549 7207 3738 7207 3555 7208 3739 7208 3740 7208 3555 7209 3552 7209 3739 7209 3558 7210 3740 7210 3741 7210 3558 7211 3555 7211 3740 7211 3561 7212 3741 7212 3742 7212 3561 7213 3558 7213 3741 7213 3564 7214 3742 7214 3743 7214 3564 7215 3561 7215 3742 7215 3567 7216 3743 7216 3744 7216 3567 7217 3564 7217 3743 7217 3569 7218 3744 7218 3745 7218 3569 7219 3567 7219 3744 7219 3572 7220 3569 7220 3745 7220 3572 7221 3745 7221 3746 7221 3576 7222 3572 7222 3746 7222 3576 7223 3746 7223 3747 7223 3578 7224 3576 7224 3747 7224 3578 7225 3747 7225 3748 7225 3581 7226 3578 7226 3748 7226 3581 7227 3748 7227 3749 7227 3585 7228 3581 7228 3749 7228 3585 7229 3749 7229 3750 7229 3587 7230 3750 7230 3751 7230 3587 7231 3585 7231 3750 7231 3591 7232 3587 7232 3751 7232 3591 7233 3751 7233 3752 7233 3594 7234 3752 7234 3753 7234 3594 7235 3591 7235 3752 7235 3597 7236 3753 7236 3754 7236 3597 7237 3594 7237 3753 7237 3600 7238 3754 7238 3755 7238 3600 7239 3755 7239 3756 7239 3600 7240 3597 7240 3754 7240 3535 7241 3600 7241 3756 7241 3535 7242 3756 7242 3757 7242 3536 7243 3535 7243 3757 7243 3606 7244 3536 7244 3757 7244 3606 7245 3757 7245 3758 7245 3612 7246 3758 7246 3759 7246 3612 7247 3606 7247 3758 7247 3616 7248 3759 7248 3760 7248 3616 7249 3612 7249 3759 7249 3623 7250 3760 7250 3638 7250 3623 7251 3616 7251 3760 7251 3712 7252 3761 7252 3713 7252 3713 7253 3762 7253 3714 7253 3761 7254 3762 7254 3713 7254 3711 7255 3763 7255 3712 7255 3712 7256 3763 7256 3761 7256 3762 7257 3764 7257 3714 7257 3714 7258 3764 7258 3715 7258 3711 7259 3765 7259 3763 7259 3710 7260 3765 7260 3711 7260 3715 7261 3766 7261 3716 7261 3764 7262 3766 7262 3715 7262 3710 7263 3767 7263 3765 7263 3709 7264 3767 7264 3710 7264 3716 7265 3768 7265 3717 7265 3766 7266 3768 7266 3716 7266 3709 7267 3769 7267 3767 7267 3708 7268 3769 7268 3709 7268 3768 7269 3770 7269 3717 7269 3717 7270 3770 7270 3718 7270 3708 7271 3771 7271 3769 7271 3707 7272 3771 7272 3708 7272 3770 7273 3772 7273 3718 7273 3718 7274 3772 7274 3719 7274 3707 7275 3773 7275 3771 7275 3719 7276 3774 7276 3720 7276 3772 7277 3774 7277 3719 7277 3707 7278 3775 7278 3773 7278 3706 7279 3775 7279 3707 7279 3774 7280 3776 7280 3720 7280 3720 7281 3776 7281 3721 7281 3705 7282 3777 7282 3706 7282 3706 7283 3777 7283 3775 7283 3721 7284 3778 7284 3722 7284 3776 7285 3778 7285 3721 7285 3701 7286 3779 7286 3702 7286 3702 7287 3779 7287 3705 7287 3705 7288 3779 7288 3777 7288 3778 7289 3780 7289 3722 7289 3722 7290 3780 7290 3723 7290 3701 7291 3781 7291 3779 7291 3704 7292 3781 7292 3703 7292 3703 7293 3781 7293 3701 7293 3780 7294 3782 7294 3723 7294 3723 7295 3782 7295 3724 7295 3704 7296 3783 7296 3781 7296 3700 7297 3783 7297 3704 7297 3724 7298 3784 7298 3725 7298 3782 7299 3784 7299 3724 7299 3700 7300 3785 7300 3783 7300 3725 7301 3786 7301 3726 7301 3784 7302 3786 7302 3725 7302 3700 7303 3787 7303 3785 7303 3786 7304 3788 7304 3726 7304 3726 7305 3788 7305 3727 7305 3700 7306 3789 7306 3787 7306 3788 7307 3790 7307 3727 7307 3727 7308 3790 7308 3730 7308 3730 7309 3791 7309 3729 7309 3729 7310 3791 7310 3728 7310 3790 7311 3791 7311 3730 7311 3791 7312 3792 7312 3728 7312 3700 7313 3793 7313 3789 7313 3700 7314 3794 7314 3793 7314 3794 7315 3699 7315 3795 7315 3795 7316 3699 7316 3796 7316 3700 7317 3699 7317 3794 7317 3699 7318 3797 7318 3796 7318 3699 7319 3798 7319 3797 7319 3698 7320 3799 7320 3699 7320 3699 7321 3799 7321 3798 7321 3698 7322 3800 7322 3799 7322 3696 7323 3800 7323 3697 7323 3697 7324 3800 7324 3698 7324 3696 7325 3801 7325 3800 7325 3694 7326 3801 7326 3695 7326 3695 7327 3801 7327 3696 7327 3694 7328 3802 7328 3801 7328 3693 7329 3802 7329 3694 7329 3693 7330 3803 7330 3802 7330 3692 7331 3803 7331 3693 7331 3692 7332 3804 7332 3803 7332 3691 7333 3805 7333 3692 7333 3692 7334 3805 7334 3804 7334 3690 7335 3806 7335 3691 7335 3691 7336 3806 7336 3805 7336 3689 7337 3807 7337 3690 7337 3690 7338 3807 7338 3806 7338 3688 7339 3808 7339 3689 7339 3689 7340 3808 7340 3807 7340 3687 7341 3809 7341 3688 7341 3688 7342 3809 7342 3808 7342 3687 7343 3810 7343 3809 7343 3687 7344 3686 7344 3810 7344 3686 7345 3811 7345 3810 7345 3686 7346 3685 7346 3811 7346 3685 7347 3812 7347 3811 7347 3685 7348 3684 7348 3812 7348 3684 7349 3813 7349 3812 7349 3684 7350 3683 7350 3813 7350 3683 7351 3814 7351 3813 7351 3683 7352 3682 7352 3814 7352 3682 7353 3815 7353 3814 7353 3815 7354 3681 7354 3816 7354 3682 7355 3681 7355 3815 7355 3816 7356 3680 7356 3817 7356 3681 7357 3680 7357 3816 7357 3817 7358 3679 7358 3818 7358 3680 7359 3679 7359 3817 7359 3818 7360 3678 7360 3819 7360 3679 7361 3678 7361 3818 7361 3819 7362 3677 7362 3820 7362 3678 7363 3677 7363 3819 7363 3820 7364 3676 7364 3821 7364 3677 7365 3676 7365 3820 7365 3821 7366 3675 7366 3822 7366 3676 7367 3675 7367 3821 7367 3822 7368 3674 7368 3823 7368 3675 7369 3674 7369 3822 7369 3823 7370 3673 7370 3824 7370 3674 7371 3673 7371 3823 7371 3673 7372 3670 7372 3824 7372 3824 7373 3670 7373 3825 7373 3670 7374 3671 7374 3825 7374 3825 7375 3671 7375 3826 7375 3671 7376 3672 7376 3826 7376 3672 7377 3669 7377 3826 7377 3826 7378 3669 7378 3827 7378 3728 7379 3828 7379 3731 7379 3792 7380 3828 7380 3728 7380 3828 7381 3829 7381 3731 7381 3731 7382 3829 7382 3734 7382 3734 7383 3829 7383 3732 7383 3829 7384 3830 7384 3732 7384 3732 7385 3830 7385 3733 7385 3830 7386 3831 7386 3733 7386 3733 7387 3831 7387 3735 7387 3831 7388 3832 7388 3735 7388 3735 7389 3832 7389 3736 7389 3832 7390 3833 7390 3736 7390 3736 7391 3833 7391 3737 7391 3833 7392 3834 7392 3737 7392 3737 7393 3834 7393 3738 7393 3834 7394 3835 7394 3738 7394 3738 7395 3835 7395 3739 7395 3835 7396 3836 7396 3739 7396 3739 7397 3836 7397 3740 7397 3836 7398 3837 7398 3740 7398 3740 7399 3837 7399 3741 7399 3837 7400 3838 7400 3741 7400 3741 7401 3838 7401 3742 7401 3838 7402 3839 7402 3742 7402 3742 7403 3839 7403 3743 7403 3839 7404 3840 7404 3743 7404 3840 7405 3744 7405 3743 7405 3840 7406 3841 7406 3744 7406 3841 7407 3745 7407 3744 7407 3841 7408 3842 7408 3745 7408 3842 7409 3746 7409 3745 7409 3842 7410 3843 7410 3746 7410 3843 7411 3747 7411 3746 7411 3843 7412 3844 7412 3747 7412 3844 7413 3748 7413 3747 7413 3844 7414 3845 7414 3748 7414 3846 7415 3749 7415 3845 7415 3845 7416 3749 7416 3748 7416 3847 7417 3750 7417 3846 7417 3846 7418 3750 7418 3749 7418 3848 7419 3751 7419 3847 7419 3847 7420 3751 7420 3750 7420 3849 7421 3752 7421 3848 7421 3848 7422 3752 7422 3751 7422 3850 7423 3753 7423 3849 7423 3849 7424 3753 7424 3752 7424 3850 7425 3754 7425 3753 7425 3851 7426 3754 7426 3852 7426 3852 7427 3754 7427 3850 7427 3851 7428 3755 7428 3754 7428 3853 7429 3755 7429 3851 7429 3853 7430 3756 7430 3755 7430 3854 7431 3756 7431 3853 7431 3854 7432 3757 7432 3756 7432 3854 7433 3758 7433 3757 7433 3855 7434 3758 7434 3854 7434 3855 7435 3759 7435 3758 7435 3855 7436 3760 7436 3759 7436 3856 7437 3760 7437 3855 7437 3856 7438 3638 7438 3760 7438 3857 7439 3638 7439 3858 7439 3858 7440 3638 7440 3856 7440 3857 7441 3859 7441 3638 7441 3859 7442 3860 7442 3638 7442 3860 7443 3861 7443 3638 7443 3669 7444 3667 7444 3827 7444 3827 7445 3667 7445 3862 7445 3862 7446 3667 7446 3863 7446 3667 7447 3666 7447 3863 7447 3863 7448 3668 7448 3864 7448 3666 7449 3668 7449 3863 7449 3864 7450 3665 7450 3865 7450 3668 7451 3665 7451 3864 7451 3865 7452 3664 7452 3866 7452 3665 7453 3664 7453 3865 7453 3866 7454 3663 7454 3867 7454 3664 7455 3663 7455 3866 7455 3861 7456 3637 7456 3638 7456 3868 7457 3637 7457 3869 7457 3869 7458 3637 7458 3870 7458 3870 7459 3637 7459 3871 7459 3871 7460 3637 7460 3872 7460 3872 7461 3637 7461 3861 7461 3873 7462 3642 7462 3868 7462 3868 7463 3642 7463 3637 7463 3867 7464 3662 7464 3874 7464 3663 7465 3662 7465 3867 7465 3873 7466 3641 7466 3642 7466 3662 7467 3661 7467 3874 7467 3874 7468 3661 7468 3875 7468 3873 7469 3640 7469 3641 7469 3876 7470 3640 7470 3873 7470 3876 7471 3639 7471 3640 7471 3875 7472 3660 7472 3877 7472 3661 7473 3660 7473 3875 7473 3876 7474 3643 7474 3639 7474 3878 7475 3643 7475 3876 7475 3877 7476 3659 7476 3879 7476 3660 7477 3659 7477 3877 7477 3878 7478 3644 7478 3643 7478 3880 7479 3644 7479 3878 7479 3879 7480 3658 7480 3881 7480 3659 7481 3658 7481 3879 7481 3880 7482 3645 7482 3644 7482 3882 7483 3645 7483 3883 7483 3883 7484 3645 7484 3880 7484 3881 7485 3657 7485 3884 7485 3658 7486 3657 7486 3881 7486 3882 7487 3646 7487 3645 7487 3885 7488 3646 7488 3882 7488 3884 7489 3656 7489 3886 7489 3657 7490 3656 7490 3884 7490 3887 7491 3647 7491 3885 7491 3885 7492 3647 7492 3646 7492 3656 7493 3655 7493 3886 7493 3886 7494 3655 7494 3888 7494 3887 7495 3648 7495 3647 7495 3889 7496 3648 7496 3887 7496 3655 7497 3654 7497 3888 7497 3888 7498 3654 7498 3890 7498 3891 7499 3649 7499 3889 7499 3889 7500 3649 7500 3648 7500 3654 7501 3653 7501 3890 7501 3890 7502 3653 7502 3892 7502 3891 7503 3650 7503 3649 7503 3893 7504 3650 7504 3891 7504 3892 7505 3652 7505 3894 7505 3653 7506 3652 7506 3892 7506 3652 7507 3651 7507 3894 7507 3894 7508 3651 7508 3893 7508 3893 7509 3651 7509 3650 7509 3831 7510 136 7510 3832 7510 3832 7511 138 7511 3833 7511 136 7512 138 7512 3832 7512 3833 7513 140 7513 3834 7513 138 7514 140 7514 3833 7514 3834 7515 142 7515 3835 7515 140 7516 142 7516 3834 7516 3835 7517 144 7517 3836 7517 142 7518 144 7518 3835 7518 3836 7519 146 7519 3837 7519 144 7520 146 7520 3836 7520 3837 7521 148 7521 3838 7521 146 7522 148 7522 3837 7522 3838 7523 150 7523 3839 7523 148 7524 150 7524 3838 7524 3839 7525 152 7525 3840 7525 150 7526 152 7526 3839 7526 3840 7527 154 7527 3841 7527 152 7528 154 7528 3840 7528 3841 7529 156 7529 3842 7529 154 7530 156 7530 3841 7530 3842 7531 158 7531 3843 7531 156 7532 158 7532 3842 7532 3843 7533 160 7533 3844 7533 158 7534 160 7534 3843 7534 3844 7535 162 7535 3845 7535 160 7536 162 7536 3844 7536 3845 7537 164 7537 3846 7537 162 7538 164 7538 3845 7538 3846 7539 166 7539 3847 7539 164 7540 166 7540 3846 7540 3847 7541 168 7541 3848 7541 166 7542 168 7542 3847 7542 3848 7543 170 7543 3849 7543 168 7544 170 7544 3848 7544 3849 7545 172 7545 3850 7545 170 7546 172 7546 3849 7546 3850 7547 174 7547 3852 7547 172 7548 174 7548 3850 7548 174 7549 176 7549 3852 7549 3852 7550 176 7550 3851 7550 3851 7551 177 7551 3853 7551 176 7552 177 7552 3851 7552 177 7553 179 7553 3853 7553 3853 7554 179 7554 3854 7554 3854 7555 181 7555 3855 7555 179 7556 181 7556 3854 7556 3855 7557 184 7557 3856 7557 181 7558 184 7558 3855 7558 3856 7559 187 7559 3858 7559 184 7560 187 7560 3856 7560 3858 7561 189 7561 3857 7561 187 7562 189 7562 3858 7562 3857 7563 190 7563 3859 7563 189 7564 190 7564 3857 7564 3859 7565 191 7565 3860 7565 190 7566 191 7566 3859 7566 3860 7567 192 7567 3861 7567 191 7568 192 7568 3860 7568 192 7569 193 7569 3861 7569 3861 7570 193 7570 3872 7570 193 7571 207 7571 3872 7571 3872 7572 207 7572 3871 7572 207 7573 208 7573 3871 7573 3871 7574 208 7574 3870 7574 3870 7575 209 7575 3869 7575 208 7576 209 7576 3870 7576 3869 7577 210 7577 3868 7577 209 7578 210 7578 3869 7578 3868 7579 211 7579 3873 7579 210 7580 211 7580 3868 7580 3873 7581 213 7581 3876 7581 211 7582 213 7582 3873 7582 3876 7583 220 7583 3878 7583 213 7584 220 7584 3876 7584 3878 7585 225 7585 3880 7585 220 7586 225 7586 3878 7586 3880 7587 229 7587 3883 7587 225 7588 229 7588 3880 7588 3883 7589 233 7589 3882 7589 229 7590 233 7590 3883 7590 3882 7591 234 7591 3885 7591 233 7592 234 7592 3882 7592 3885 7593 238 7593 3887 7593 234 7594 238 7594 3885 7594 3887 7595 242 7595 3889 7595 238 7596 242 7596 3887 7596 3889 7597 246 7597 3891 7597 242 7598 246 7598 3889 7598 246 7599 250 7599 3891 7599 3891 7600 250 7600 3893 7600 250 7601 254 7601 3893 7601 3893 7602 254 7602 3894 7602 254 7603 256 7603 3894 7603 3894 7604 256 7604 3892 7604 256 7605 252 7605 3892 7605 3892 7606 252 7606 3890 7606 252 7607 248 7607 3890 7607 3890 7608 248 7608 3888 7608 248 7609 244 7609 3888 7609 3888 7610 244 7610 3886 7610 244 7611 240 7611 3886 7611 3886 7612 240 7612 3884 7612 240 7613 236 7613 3884 7613 3884 7614 236 7614 3881 7614 3881 7615 231 7615 3879 7615 236 7616 231 7616 3881 7616 3879 7617 227 7617 3877 7617 231 7618 227 7618 3879 7618 227 7619 223 7619 3877 7619 3877 7620 223 7620 3875 7620 3875 7621 218 7621 3874 7621 223 7622 218 7622 3875 7622 3874 7623 215 7623 3867 7623 218 7624 215 7624 3874 7624 3867 7625 205 7625 3866 7625 215 7626 205 7626 3867 7626 3866 7627 203 7627 3865 7627 205 7628 203 7628 3866 7628 203 7629 201 7629 3865 7629 3828 7630 130 7630 3829 7630 3829 7631 131 7631 3830 7631 130 7632 131 7632 3829 7632 3830 7633 134 7633 3831 7633 131 7634 134 7634 3830 7634 134 7635 136 7635 3831 7635 62 7636 130 7636 3828 7636 62 7637 3828 7637 3792 7637 3788 7638 54 7638 3790 7638 3790 7639 57 7639 3791 7639 54 7640 57 7640 3790 7640 3791 7641 59 7641 3792 7641 57 7642 59 7642 3791 7642 59 7643 62 7643 3792 7643 3824 7644 121 7644 3823 7644 121 7645 119 7645 3823 7645 119 7646 117 7646 3823 7646 3823 7647 117 7647 3822 7647 117 7648 115 7648 3822 7648 3822 7649 115 7649 3821 7649 115 7650 113 7650 3821 7650 3821 7651 113 7651 3820 7651 113 7652 111 7652 3820 7652 3820 7653 111 7653 3819 7653 111 7654 109 7654 3819 7654 3819 7655 109 7655 3818 7655 109 7656 107 7656 3818 7656 3818 7657 107 7657 3817 7657 107 7658 105 7658 3817 7658 3817 7659 105 7659 3816 7659 105 7660 103 7660 3816 7660 3816 7661 103 7661 3815 7661 103 7662 101 7662 3815 7662 3815 7663 101 7663 3814 7663 101 7664 99 7664 3814 7664 3814 7665 99 7665 3813 7665 99 7666 97 7666 3813 7666 3813 7667 97 7667 3812 7667 3812 7668 95 7668 3811 7668 97 7669 95 7669 3812 7669 3811 7670 93 7670 3810 7670 95 7671 93 7671 3811 7671 3810 7672 91 7672 3809 7672 93 7673 91 7673 3810 7673 3809 7674 89 7674 3808 7674 91 7675 89 7675 3809 7675 3808 7676 87 7676 3807 7676 89 7677 87 7677 3808 7677 3807 7678 85 7678 3806 7678 87 7679 85 7679 3807 7679 85 7680 83 7680 3806 7680 3806 7681 83 7681 3805 7681 83 7682 82 7682 3805 7682 3805 7683 82 7683 3804 7683 82 7684 80 7684 3804 7684 3804 7685 80 7685 3803 7685 80 7686 78 7686 3803 7686 3803 7687 78 7687 3802 7687 78 7688 75 7688 3802 7688 3802 7689 75 7689 3801 7689 75 7690 72 7690 3801 7690 3801 7691 72 7691 3800 7691 72 7692 70 7692 3800 7692 3800 7693 70 7693 3799 7693 70 7694 69 7694 3799 7694 3799 7695 69 7695 3798 7695 69 7696 68 7696 3798 7696 3798 7697 68 7697 3797 7697 68 7698 67 7698 3797 7698 3797 7699 67 7699 3796 7699 67 7700 66 7700 3796 7700 3796 7701 66 7701 3795 7701 66 7702 64 7702 3795 7702 3795 7703 64 7703 3794 7703 3794 7704 63 7704 3793 7704 64 7705 63 7705 3794 7705 3793 7706 56 7706 3789 7706 63 7707 56 7707 3793 7707 3789 7708 53 7708 3787 7708 56 7709 53 7709 3789 7709 3787 7710 50 7710 3785 7710 53 7711 50 7711 3787 7711 3785 7712 46 7712 3783 7712 50 7713 46 7713 3785 7713 3783 7714 41 7714 3781 7714 46 7715 41 7715 3783 7715 3781 7716 36 7716 3779 7716 41 7717 36 7717 3781 7717 3779 7718 32 7718 3777 7718 36 7719 32 7719 3779 7719 3777 7720 28 7720 3775 7720 32 7721 28 7721 3777 7721 3775 7722 25 7722 3773 7722 28 7723 25 7723 3775 7723 3773 7724 21 7724 3771 7724 25 7725 21 7725 3773 7725 3771 7726 17 7726 3769 7726 21 7727 17 7727 3771 7727 3769 7728 13 7728 3767 7728 17 7729 13 7729 3769 7729 3767 7730 9 7730 3765 7730 13 7731 9 7731 3767 7731 9 7732 5 7732 3765 7732 3765 7733 5 7733 3763 7733 3763 7734 0 7734 3761 7734 5 7735 0 7735 3763 7735 0 7736 3 7736 3761 7736 3761 7737 3 7737 3762 7737 3762 7738 7 7738 3764 7738 3 7739 7 7739 3762 7739 3764 7740 11 7740 3766 7740 7 7741 11 7741 3764 7741 3766 7742 15 7742 3768 7742 11 7743 15 7743 3766 7743 3768 7744 19 7744 3770 7744 15 7745 19 7745 3768 7745 3770 7746 23 7746 3772 7746 19 7747 23 7747 3770 7747 23 7748 26 7748 3772 7748 3772 7749 26 7749 3774 7749 26 7750 30 7750 3774 7750 3774 7751 30 7751 3776 7751 30 7752 34 7752 3776 7752 3776 7753 34 7753 3778 7753 34 7754 39 7754 3778 7754 3778 7755 39 7755 3780 7755 39 7756 44 7756 3780 7756 3780 7757 44 7757 3782 7757 44 7758 48 7758 3782 7758 3782 7759 48 7759 3784 7759 48 7760 51 7760 3784 7760 3784 7761 51 7761 3786 7761 51 7762 54 7762 3786 7762 3786 7763 54 7763 3788 7763 128 7764 125 7764 3827 7764 3827 7765 125 7765 3826 7765 3826 7766 123 7766 3825 7766 125 7767 123 7767 3826 7767 3825 7768 121 7768 3824 7768 123 7769 121 7769 3825 7769 195 7770 128 7770 3827 7770 195 7771 3827 7771 3862 7771 201 7772 199 7772 3865 7772 3865 7773 199 7773 3864 7773 3864 7774 196 7774 3863 7774 199 7775 196 7775 3864 7775 3863 7776 195 7776 3862 7776 196 7777 195 7777 3863 7777 2844 7778 2845 7778 3636 7778 2842 7779 2843 7779 2853 7779 3895 7780 3635 7780 2877 7780 3896 7781 2877 7781 2851 7781 3896 7782 2851 7782 2850 7782 3896 7783 3895 7783 2877 7783 3897 7784 3636 7784 3635 7784 3897 7785 3635 7785 3895 7785 3897 7786 2844 7786 3636 7786 3898 7787 2850 7787 2853 7787 3898 7788 2843 7788 2844 7788 3898 7789 3896 7789 2850 7789 3898 7790 3895 7790 3896 7790 3898 7791 3897 7791 3895 7791 3898 7792 2844 7792 3897 7792 3898 7793 2853 7793 2843 7793 1914 7794 1916 7794 1986 7794 3899 7795 1980 7795 1796 7795 3899 7796 1916 7796 1980 7796 3899 7797 1796 7797 1992 7797 3899 7798 1992 7798 1986 7798 3899 7799 1986 7799 1916 7799</p>
        </triangles>
      </mesh>
    </geometry>
  </library_geometries>
  <library_materials>
    <material id="mat_RUBBER_D_1_002_shape001" name="RUBBER_D_1_002_shape001">
      <instance_effect url="#effect_RUBBER_D_1_002_shape001"/>
    </material>
  </library_materials>
  <library_visual_scenes>
    <visual_scene id="myscene">
      <node id="node0" name="node0">
        <instance_geometry url="#geometry0">
          <bind_material>
            <technique_common>
              <instance_material symbol="ref_RUBBER_D_1_002_shape001" target="#mat_RUBBER_D_1_002_shape001"/>
            </technique_common>
          </bind_material>
        </instance_geometry>
      </node>
    </visual_scene>
  </library_visual_scenes>
  <scene>
    <instance_visual_scene url="#myscene"/>
  </scene>
</COLLADA>
