<COLLADA xmlns="http://www.collada.org/2005/11/COLLADASchema" version="1.4.1">
  <asset>
    <contributor/>
    <created>2026-09-16T16:52:36.749569</created>
    <modified>2026-09-16T16:52:36.749569</modified>
    <unit name="meter" meter="1.0"/>
    <up_axis>Z_UP</up_axis>
  </asset>
  <library_effects>
    <effect id="effect_SD_CARD_SMD_SD_CARD_11P_SD_CARD_SMD_SD_CARD_11P_HwOR001_shape002" name="effect_SD_CARD_SMD_SD_CARD_11P_SD_CARD_SMD_SD_CARD_11P_HwOR001_shape002">
      <profile_COMMON>
        <technique sid="common">
          <phong>
            <emission>
              <color>0.0 0.0 0.0 1.0</color>
            </emission>
            <ambient>
              <color>0.0 0.0 0.0 1.0</color>
            </ambient>
            <diffuse>
              <color>0.67843097448349 0.7098039984703064 0.7411760091781616 1.0</color>
            </diffuse>
            <specular>
              <color>1 1 1 1.0</color>
            </specular>
            <shininess>
              <float>0.0</float>
            </shininess>
            <reflective>
              <color>0.0 0.0 0.0 1.0</color>
            </reflective>
            <reflectivity>
              <float>0.0</float>
            </reflectivity>
            <transparent>
              <color>0.0 0.0 0.0 1.0</color>
            </transparent>
            <transparency>
              <float>1.0</float>
            </transparency>
          </phong>
        </technique>
        <extra>
          <technique profile="GOOGLEEARTH">
            <double_sided>0</double_sided>
          </technique>
        </extra>
      </profile_COMMON>
    </effect>
  </library_effects>
  <library_geometries>
    <geometry id="geometry0" name="SD_CARD_SMD_SD_CARD_11P_SD_CARD_SMD_SD_CARD_11P_HwOR001_shape002">
      <mesh>
        <source id="cubeverts-array0">
          <float_array count="8145" id="cubeverts-array0-array">-0.007774997 0.008529935 -1.000038e-05 -0.007774997 0.007775567 -1.000038e-05 -0.008324997 0.008529935 -1.000038e-05 -0.008324997 0.007775567 -1.000038e-05 -0.007774997 0.008529935 0.0001899996 -0.008324997 0.008529935 0.0001899996 -0.007774997 0.007775567 0.0001899996 -0.008324997 0.007775567 0.0001899996 -0.007774997 0.007764986 0.0002228007 -0.008324997 0.007764986 0.0002228007 -0.008324997 0.007467606 0.0004912291 -0.008324997 0.007384303 0.0004999994 -0.007774997 0.007384303 0.0004999994 -0.007774997 0.007467606 0.0004912291 -0.008324997 0.007547255 0.0004653027 -0.007774997 0.007547255 0.0004653027 -0.008324997 0.007619759 0.0004233572 -0.007774997 0.007619759 0.0004233572 -0.008324997 0.007681938 0.0003672319 -0.007774997 0.007681938 0.0003672319 -0.008324997 0.007731065 0.000299388 -0.007774997 0.007731065 0.000299388 -0.007774997 0.007329935 0.0004999994 -0.008324997 0.007329935 0.0004999994 -0.007774997 0.007329935 0.0002999995 -0.008324997 0.007329935 0.0002999995 -0.007774997 0.007384303 0.0002999995 -0.008324997 0.007384303 0.0002999995 -0.008324997 0.007465779 0.0002826512 -0.007774997 0.007465779 0.0002826512 -0.008324997 0.00753312 0.0002336157 -0.007774997 0.00753312 0.0002336157 -0.008324997 0.007574645 0.0001614001 -0.007774997 0.007574645 0.0001614001 -0.007774997 0.007585226 0.000128599 -0.008324997 0.007585226 0.000128599 -0.008324997 0.007694091 7.34798e-06 -0.007774997 0.007694091 7.34798e-06 -0.008324997 0.00762675 5.638339e-05 -0.007774997 0.00762675 5.638339e-05 -0.002849999 0.008529935 -1.000038e-05 -0.002849999 0.007775567 -1.000038e-05 -0.003399999 0.008529935 -1.000038e-05 -0.003399999 0.007775567 -1.000038e-05 -0.002849999 0.008529935 0.0001899996 -0.003399999 0.008529935 0.0001899996 -0.002849999 0.007775567 0.0001899996 -0.003399999 0.007775567 0.0001899996 -0.002849999 0.007764986 0.0002228007 -0.003399999 0.007764986 0.0002228007 -0.003399999 0.007467606 0.0004912291 -0.003399999 0.007384303 0.0004999994 -0.002849999 0.007384303 0.0004999994 -0.002849999 0.007467606 0.0004912291 -0.003399999 0.007547255 0.0004653027 -0.002849999 0.007547255 0.0004653027 -0.003399999 0.007619759 0.0004233572 -0.002849999 0.007619759 0.0004233572 -0.003399999 0.007681938 0.0003672319 -0.002849999 0.007681938 0.0003672319 -0.003399999 0.007731065 0.000299388 -0.002849999 0.007731065 0.000299388 -0.002849999 0.007329935 0.0004999994 -0.003399999 0.007329935 0.0004999994 -0.002849999 0.007329935 0.0002999995 -0.003399999 0.007329935 0.0002999995 -0.002849999 0.007384303 0.0002999995 -0.003399999 0.007384303 0.0002999995 -0.003399999 0.007465779 0.0002826512 -0.002849999 0.007465779 0.0002826512 -0.003399999 0.00753312 0.0002336157 -0.002849999 0.00753312 0.0002336157 -0.003399999 0.007574645 0.0001614001 -0.002849999 0.007574645 0.0001614001 -0.002849999 0.007585226 0.000128599 -0.003399999 0.007585226 0.000128599 -0.003399999 0.007694091 7.34798e-06 -0.002849999 0.007694091 7.34798e-06 -0.003399999 0.00762675 5.638339e-05 -0.002849999 0.00762675 5.638339e-05 0.008974997 -0.0004459161 0.001413705 0.009774997 -0.0005197576 0.001359562 0.009774997 -0.0004459161 0.001413705 0.008974997 -0.0005197576 0.001359562 0.008974997 -0.0003656392 0.001457746 0.009774997 -0.0003656392 0.001457746 0.008974997 -0.0002803005 0.001490933 0.009774997 -0.0002803005 0.001490933 0.008974997 -0.0001913601 0.001512696 0.009774997 -0.0001913601 0.001512696 0.008974997 -0.00010034 0.001522665 0.009774997 -0.00010034 0.001522665 0.008974997 -8.797475e-06 0.001520667 0.009774997 -8.797475e-06 0.001520667 0.008974997 8.17012e-05 0.001506738 0.009774997 8.17012e-05 0.001506738 0.008974997 0.0001696075 0.001481116 0.009774997 0.0001696075 0.001481116 0.008974997 -0.0003912002 0.001206353 0.008974997 -0.0003198064 0.001256343 0.009774997 -0.0003912002 0.001206353 0.009774997 -0.0003198064 0.001256343 0.008974997 -0.0002408165 0.001293177 0.009774997 -0.0002408165 0.001293177 0.008974997 -0.0001566305 0.001315735 0.009774997 -0.0001566305 0.001315735 0.008974997 -6.980647e-05 0.001323331 0.009774997 -6.980647e-05 0.001323331 0.008974997 1.701758e-05 0.001315735 0.009774997 1.701758e-05 0.001315735 0.008974997 0.0001012035 0.001293177 0.009774997 0.0001012035 0.001293177 0.009774997 -0.001498619 0.0005381995 0.008974997 -0.001498619 0.0005381995 0.009774997 -0.001370062 0.0003849906 0.008974997 -0.001370062 0.0003849906 0.009774997 0.00274709 0.0003301532 0.008974997 0.00274709 0.0003301532 0.008974997 0.002860054 0.0003033803 0.008974997 0.0029181 0.0002999995 0.009774997 0.0029181 0.0002999995 0.009774997 0.002860054 0.0003033803 0.008974997 0.002802792 0.0003134771 0.009774997 0.002802792 0.0003134771 0.008974997 0.003329937 0.0002999995 0.009774997 0.003329937 0.0002999995 0.008974997 0.003329937 0.0004999994 0.009774997 0.003329937 0.0004999994 0.009774997 0.0029181 0.0004999994 0.008974997 0.0029181 0.0004999994 0.008974997 0.002883272 0.0005020279 0.009774997 0.002883272 0.0005020279 0.008974997 0.002848915 0.000508086 0.009774997 0.002848915 0.000508086 0.009774997 0.002815494 0.0005180916 0.008974997 0.002815494 0.0005180916 0.007149997 0.008529935 -1.000038e-05 0.007149997 0.007775567 -1.000038e-05 0.006599998 0.008529935 -1.000038e-05 0.006599998 0.007775567 -1.000038e-05 0.007149997 0.008529935 0.0001899996 0.006599998 0.008529935 0.0001899996 0.007149997 0.007775567 0.0001899996 0.006599998 0.007775567 0.0001899996 0.007149997 0.007764986 0.0002228007 0.006599998 0.007764986 0.0002228007 0.006599998 0.007467606 0.0004912291 0.006599998 0.007384303 0.0004999994 0.007149997 0.007384303 0.0004999994 0.007149997 0.007467606 0.0004912291 0.006599998 0.007547255 0.0004653027 0.007149997 0.007547255 0.0004653027 0.006599998 0.007619759 0.0004233572 0.007149997 0.007619759 0.0004233572 0.006599998 0.007681938 0.0003672319 0.007149997 0.007681938 0.0003672319 0.006599998 0.007731065 0.000299388 0.007149997 0.007731065 0.000299388 0.007149997 0.007329935 0.0004999994 0.006599998 0.007329935 0.0004999994 0.007149997 0.007329935 0.0002999995 0.006599998 0.007329935 0.0002999995 0.007149997 0.007384303 0.0002999995 0.006599998 0.007384303 0.0002999995 0.006599998 0.007465779 0.0002826512 0.007149997 0.007465779 0.0002826512 0.006599998 0.00753312 0.0002336157 0.007149997 0.00753312 0.0002336157 0.006599998 0.007574645 0.0001614001 0.007149997 0.007574645 0.0001614001 0.007149997 0.007585226 0.000128599 0.006599998 0.007585226 0.000128599 0.006599998 0.007694091 7.34798e-06 0.007149997 0.007694091 7.34798e-06 0.006599998 0.00762675 5.638339e-05 0.007149997 0.00762675 5.638339e-05 -0.01015 0.0005356385 0.0008476679 -0.009349997 0.0005356385 0.0008476679 -0.009349997 0.0006235449 0.0008732902 -0.01015 0.0006235449 0.0008732902 -0.01015 0.0007140436 0.0008872193 -0.009349997 0.0007140436 0.0008872193 -0.01015 0.0008055861 0.0008892168 -0.009349997 0.0008055861 0.0008892168 -0.01015 0.0008966062 0.0008792484 -0.009349997 0.0008966062 0.0008792484 -0.009349997 0.0006040425 0.0006597294 -0.01015 0.0006040425 0.0006597294 -0.009349997 0.0006882285 0.000682287 -0.01015 0.0006882285 0.000682287 -0.009349997 0.0007750525 0.0006898831 -0.01015 0.0007750525 0.0006898831 -0.009349997 0.0008618766 0.000682287 -0.01015 0.0008618766 0.000682287 -0.008524997 0.0006235449 0.0008732902 -0.007724997 0.0005356385 0.0008476679 -0.007724997 0.0006235449 0.0008732902 -0.008524997 0.0005356385 0.0008476679 -0.008524997 0.0007140436 0.0008872193 -0.007724997 0.0007140436 0.0008872193 -0.008524997 0.0008055861 0.0008892168 -0.007724997 0.0008055861 0.0008892168 -0.008524997 0.0008966062 0.0008792484 -0.007724997 0.0008966062 0.0008792484 -0.008524997 0.0006040425 0.0006597294 -0.008524997 0.0006882285 0.000682287 -0.007724997 0.0006040425 0.0006597294 -0.007724997 0.0006882285 0.000682287 -0.008524997 0.0007750525 0.0006898831 -0.007724997 0.0007750525 0.0006898831 -0.008524997 0.0008618766 0.000682287 -0.007724997 0.0008618766 0.000682287 -0.006024998 0.0005356385 0.0008476679 -0.005224998 0.0005356385 0.0008476679 -0.005224998 0.0006235449 0.0008732902 -0.006024998 0.0006235449 0.0008732902 -0.006024998 0.0007140436 0.0008872193 -0.005224998 0.0007140436 0.0008872193 -0.006024998 0.0008055861 0.0008892168 -0.005224998 0.0008055861 0.0008892168 -0.006024998 0.0008966062 0.0008792484 -0.005224998 0.0008966062 0.0008792484 -0.005224998 0.0006040425 0.0006597294 -0.006024998 0.0006040425 0.0006597294 -0.005224998 0.0006882285 0.000682287 -0.006024998 0.0006882285 0.000682287 -0.006024998 0.0007750525 0.0006898831 -0.005224998 0.0007750525 0.0006898831 -0.006024998 0.0008618766 0.000682287 -0.005224998 0.0008618766 0.000682287 -0.003524999 0.0005356385 0.0008476679 -0.002724999 0.0005356385 0.0008476679 -0.002724999 0.0006235449 0.0008732902 -0.003524999 0.0006235449 0.0008732902 -0.003524999 0.0007140436 0.0008872193 -0.002724999 0.0007140436 0.0008872193 -0.003524999 0.0008055861 0.0008892168 -0.002724999 0.0008055861 0.0008892168 -0.003524999 0.0008966062 0.0008792484 -0.002724999 0.0008966062 0.0008792484 -0.002724999 0.0006040425 0.0006597294 -0.003524999 0.0006040425 0.0006597294 -0.002724999 0.0006882285 0.000682287 -0.003524999 0.0006882285 0.000682287 -0.003524999 0.0007750525 0.0006898831 -0.002724999 0.0007750525 0.0006898831 -0.003524999 0.0008618766 0.000682287 -0.002724999 0.0008618766 0.000682287 -0.001025 0.0006235449 0.0008732902 -0.0002249999 0.0005356385 0.0008476679 -0.0002249999 0.0006235449 0.0008732902 -0.001025 0.0005356385 0.0008476679 -0.001025 0.0007140436 0.0008872193 -0.0002249999 0.0007140436 0.0008872193 -0.001025 0.0008055861 0.0008892168 -0.0002249999 0.0008055861 0.0008892168 -0.001025 0.0008966062 0.0008792484 -0.0002249999 0.0008966062 0.0008792484 -0.001025 0.0006040425 0.0006597294 -0.001025 0.0006882285 0.000682287 -0.0002249999 0.0006040425 0.0006597294 -0.0002249999 0.0006882285 0.000682287 -0.001025 0.0007750525 0.0006898831 -0.0002249999 0.0007750525 0.0006898831 -0.001025 0.0008618766 0.000682287 -0.0002249999 0.0008618766 0.000682287 0.001474999 0.0005356385 0.0008476679 0.002274999 0.0005356385 0.0008476679 0.002274999 0.0006235449 0.0008732902 0.001474999 0.0006235449 0.0008732902 0.001474999 0.0007140436 0.0008872193 0.002274999 0.0007140436 0.0008872193 0.001474999 0.0008055861 0.0008892168 0.002274999 0.0008055861 0.0008892168 0.001474999 0.0008966062 0.0008792484 0.002274999 0.0008966062 0.0008792484 0.002274999 0.0006040425 0.0006597294 0.001474999 0.0006040425 0.0006597294 0.002274999 0.0006882285 0.000682287 0.001474999 0.0006882285 0.000682287 0.001474999 0.0007750525 0.0006898831 0.002274999 0.0007750525 0.0006898831 0.001474999 0.0008618766 0.000682287 0.002274999 0.0008618766 0.000682287 0.003974998 0.0005356385 0.0008476679 0.004774998 0.0005356385 0.0008476679 0.004774998 0.0006235449 0.0008732902 0.003974998 0.0006235449 0.0008732902 0.003974998 0.0007140436 0.0008872193 0.004774998 0.0007140436 0.0008872193 0.003974998 0.0008055861 0.0008892168 0.004774998 0.0008055861 0.0008892168 0.003974998 0.0008966062 0.0008792484 0.004774998 0.0008966062 0.0008792484 0.004774998 0.0006040425 0.0006597294 0.003974998 0.0006040425 0.0006597294 0.004774998 0.0006882285 0.000682287 0.003974998 0.0006882285 0.000682287 0.003974998 0.0007750525 0.0006898831 0.004774998 0.0007750525 0.0006898831 0.003974998 0.0008618766 0.000682287 0.004774998 0.0008618766 0.000682287 0.006474998 0.0005356385 0.0008476679 0.007274997 0.0005356385 0.0008476679 0.007274997 0.0006235449 0.0008732902 0.006474998 0.0006235449 0.0008732902 0.006474998 0.0007140436 0.0008872193 0.007274997 0.0007140436 0.0008872193 0.006474998 0.0008055861 0.0008892168 0.007274997 0.0008055861 0.0008892168 0.006474998 0.0008966062 0.0008792484 0.007274997 0.0008966062 0.0008792484 0.007274997 0.0006040425 0.0006597294 0.006474998 0.0006040425 0.0006597294 0.007274997 0.0006882285 0.000682287 0.006474998 0.0006882285 0.000682287 0.006474998 0.0007750525 0.0006898831 0.007274997 0.0007750525 0.0006898831 0.006474998 0.0008618766 0.000682287 0.007274997 0.0008618766 0.000682287 0.008888606 0.005249444 -0.0008333334 0.00888333 0.005329936 -0.0008333334 0.008949997 0.005329936 -0.0009 0.008958836 0.00523173 -0.0009 0.008904343 0.005170331 -0.0008333334 0.008985067 0.00513668 -0.0009 0.00882251 0.005240743 -0.0007666668 0.008756413 0.005232041 -0.0007000001 0.008749997 0.005329936 -0.0007000001 0.008816664 0.005329936 -0.0007666668 0.008930271 0.005093948 -0.0008333334 0.00902785 0.005047841 -0.0009 0.008839948 0.005153076 -0.0007666668 0.008775553 0.005135821 -0.0007000001 0.008965948 0.005021603 -0.0008333334 0.008868679 0.005068436 -0.0007666668 0.008807087 0.005042923 -0.0007000001 0.009010762 0.004954533 -0.0008333334 0.009085808 0.00496807 -0.0009 0.008908213 0.004988269 -0.0007666668 0.008850477 0.004954936 -0.0007000001 0.009063948 0.004893887 -0.0008333334 0.009157077 0.004899929 -0.0009 0.008957871 0.004913949 -0.0007666668 0.008904982 0.004873365 -0.0007000001 0.009124594 0.004840701 -0.0008333334 0.009016807 0.004846746 -0.0007666668 0.008969666 0.004799606 -0.0007000001 0.009191664 0.004795887 -0.0008333334 0.009239368 0.004845608 -0.0009 0.00908401 0.004787811 -0.0007666668 0.009043426 0.004734921 -0.0007000001 0.009264009 0.00476021 -0.0008333334 0.009330037 0.004806855 -0.0009 0.00915833 0.004738152 -0.0007666668 0.009124996 0.004680417 -0.0007000001 0.009340391 0.004734282 -0.0008333334 0.009426168 0.004784914 -0.0009 0.009238496 0.004698618 -0.0007666668 0.009212984 0.004637026 -0.0007000001 0.009419505 0.004718545 -0.0008333334 0.009323137 0.004669887 -0.0007666668 0.009305882 0.004605492 -0.0007000001 0.009499996 0.004713269 -0.0008333334 0.009524673 0.00478049 -0.0009 0.009410804 0.004652449 -0.0007666668 0.009402102 0.004586352 -0.0007000001 0.009580487 0.004718545 -0.0008333334 0.009622383 0.004793725 -0.0009 0.009499996 0.004646603 -0.0007666668 0.009499996 0.004579936 -0.0007000001 0.009659601 0.004734282 -0.0008333334 0.00971616 0.004824196 -0.0009 0.00958919 0.004652449 -0.0007666668 0.009597891 0.004586352 -0.0007000001 0.009735985 0.00476021 -0.0008333334 0.009676856 0.004669887 -0.0007666668 0.009694111 0.004605492 -0.0007000001 0.00980833 0.004795887 -0.0008333334 0.00980299 0.004870921 -0.0009 0.009761497 0.004698618 -0.0007666668 0.009787009 0.004637026 -0.0007000001 0.0098754 0.004840701 -0.0008333334 0.009880081 0.004932399 -0.0009 0.009841663 0.004738152 -0.0007666668 0.009874996 0.004680417 -0.0007000001 0.009936046 0.004893887 -0.0008333334 0.009915983 0.004787811 -0.0007666668 0.009956568 0.004734921 -0.0007000001 0.009989231 0.004954533 -0.0008333334 0.009944956 0.005006654 -0.0009 0.009983186 0.004846746 -0.0007666668 0.01003033 0.004799606 -0.0007000001 0.01003405 0.005021603 -0.0008333334 0.009995529 0.0050913 -0.0009 0.01004212 0.004913949 -0.0007666668 0.01009501 0.004873365 -0.0007000001 0.01006972 0.005093948 -0.0008333334 0.01003018 0.005183616 -0.0009 0.01009178 0.004988269 -0.0007666668 0.01014952 0.004954936 -0.0007000001 0.01009565 0.005170331 -0.0008333334 0.01013131 0.005068436 -0.0007666668 0.01019291 0.005042923 -0.0007000001 0.01011139 0.005249444 -0.0008333334 0.01004778 0.005280634 -0.0009 0.01016005 0.005153076 -0.0007666668 0.01022444 0.005135821 -0.0007000001 0.01011666 0.005329936 -0.0008333334 0.01004778 0.005379237 -0.0009 0.01017748 0.005240743 -0.0007666668 0.01024358 0.005232041 -0.0007000001 0.01011139 0.005410427 -0.0008333334 0.01003018 0.005476256 -0.0009 0.01018333 0.005329936 -0.0007666668 0.01025 0.005329936 -0.0007000001 0.01009565 0.005489541 -0.0008333334 0.01017748 0.005419128 -0.0007666668 0.01024358 0.00542783 -0.0007000001 0.01006972 0.005565924 -0.0008333334 0.009995529 0.005568572 -0.0009 0.01016005 0.005506795 -0.0007666668 0.01022444 0.00552405 -0.0007000001 0.01019291 0.005616948 -0.0007000001 0.01003405 0.005638269 -0.0008333334 0.009944956 0.005653217 -0.0009 0.01013131 0.005591436 -0.0007666668 0.009989231 0.005705338 -0.0008333334 0.009880081 0.005727473 -0.0009 0.01009178 0.005671602 -0.0007666668 0.01014952 0.005704936 -0.0007000001 0.01009501 0.005786507 -0.0007000001 0.009936046 0.005765985 -0.0008333334 0.01004212 0.005745923 -0.0007666668 0.0098754 0.00581917 -0.0008333334 0.00980299 0.005788951 -0.0009 0.009983186 0.005813125 -0.0007666668 0.01003033 0.005860266 -0.0007000001 0.009956568 0.005924951 -0.0007000001 0.00980833 0.005863985 -0.0008333334 0.00971616 0.005835676 -0.0009 0.009915983 0.00587206 -0.0007666668 0.009874996 0.005979455 -0.0007000001 0.009735985 0.005899661 -0.0008333334 0.009841663 0.00592172 -0.0007666668 0.009659601 0.00592559 -0.0008333334 0.009622383 0.005866146 -0.0009 0.009761497 0.005961253 -0.0007666668 0.009787009 0.006022845 -0.0007000001 0.009580487 0.005941327 -0.0008333334 0.009524673 0.005879382 -0.0009 0.009676856 0.005989985 -0.0007666668 0.009694111 0.00605438 -0.0007000001 0.009597891 0.006073519 -0.0007000001 0.009499996 0.005946602 -0.0008333334 0.009426168 0.005874958 -0.0009 0.00958919 0.006007423 -0.0007666668 0.009419505 0.005941327 -0.0008333334 0.009499996 0.006013269 -0.0007666668 0.009499996 0.006079936 -0.0007000001 0.009340391 0.00592559 -0.0008333334 0.009330037 0.005853016 -0.0009 0.009410804 0.006007423 -0.0007666668 0.009402102 0.006073519 -0.0007000001 0.009264009 0.005899661 -0.0008333334 0.009239368 0.005814263 -0.0009 0.009323137 0.005989985 -0.0007666668 0.009305882 0.00605438 -0.0007000001 0.009212984 0.006022845 -0.0007000001 0.009191664 0.005863985 -0.0008333334 0.009157077 0.005759943 -0.0009 0.009238496 0.005961253 -0.0007666668 0.009124594 0.00581917 -0.0008333334 0.00915833 0.00592172 -0.0007666668 0.009124996 0.005979455 -0.0007000001 0.009063948 0.005765985 -0.0008333334 0.009085808 0.005691802 -0.0009 0.00908401 0.00587206 -0.0007666668 0.009043426 0.005924951 -0.0007000001 0.008969666 0.005860266 -0.0007000001 0.009010762 0.005705338 -0.0008333334 0.00902785 0.00561203 -0.0009 0.009016807 0.005813125 -0.0007666668 0.008965948 0.005638269 -0.0008333334 0.008957871 0.005745923 -0.0007666668 0.008904982 0.005786507 -0.0007000001 0.008930271 0.005565924 -0.0008333334 0.008985067 0.005523192 -0.0009 0.008908213 0.005671602 -0.0007666668 0.008850477 0.005704936 -0.0007000001 0.008904343 0.005489541 -0.0008333334 0.008958836 0.005428142 -0.0009 0.008868679 0.005591436 -0.0007666668 0.008807087 0.005616948 -0.0007000001 0.008888606 0.005410427 -0.0008333334 0.008839948 0.005506795 -0.0007666668 0.008775553 0.00552405 -0.0007000001 0.008756413 0.00542783 -0.0007000001 0.00882251 0.005419128 -0.0007666668 -0.01180926 0.005261862 -0.0008333334 -0.01188333 0.005329936 -0.0007666668 -0.01181666 0.005329936 -0.0008333334 -0.01175 0.005329936 -0.0009 -0.01173097 0.005234265 -0.0009 -0.01178739 0.005196971 -0.0008333334 -0.01187437 0.00524753 -0.0007666668 -0.01193948 0.005233199 -0.0007000001 -0.01195 0.005329936 -0.0007000001 -0.01175209 0.005138297 -0.0008333334 -0.01167677 0.005153159 -0.0009 -0.0118479 0.005168978 -0.0007666668 -0.0119084 0.005140985 -0.0007000001 -0.011705 0.005088584 -0.0008333334 -0.01180516 0.005097952 -0.0007666668 -0.01185824 0.005057608 -0.0007000001 -0.01164832 0.005050157 -0.0008333334 -0.01159567 0.005098966 -0.0009 -0.01174816 0.005037774 -0.0007666668 -0.01179132 0.004986963 -0.0007000001 -0.01158471 0.005024812 -0.0008333334 -0.0115 0.005079936 -0.0009 -0.01167955 0.004991256 -0.0007666668 -0.01171078 0.004932355 -0.0007000001 -0.01151714 0.005013733 -0.0008333334 -0.01160255 0.004960575 -0.0007666668 -0.01162038 0.004896338 -0.0007000001 -0.01144876 0.005017441 -0.0008333334 -0.01140432 0.005098966 -0.0009 -0.01152075 0.004947165 -0.0007666668 -0.01152436 0.004880596 -0.0007000001 -0.01138279 0.00503576 -0.0008333334 -0.01143798 0.004951653 -0.0007666668 -0.01142719 0.004885864 -0.0007000001 -0.01132229 0.005067834 -0.0008333334 -0.01132322 0.005153159 -0.0009 -0.01135811 0.004973828 -0.0007666668 -0.01133343 0.004911896 -0.0007000001 -0.0112701 0.005112164 -0.0008333334 -0.01128487 0.005012655 -0.0007666668 -0.01124746 0.004957476 -0.0007000001 -0.01122866 0.005166677 -0.0008333334 -0.01126903 0.005234265 -0.0009 -0.0112217 0.005066318 -0.0007666668 -0.0111733 0.005020471 -0.0007000001 -0.01119991 0.005228824 -0.0008333334 -0.01117153 0.005132307 -0.0007666668 -0.01111441 0.005097937 -0.0007000001 -0.01118519 0.005295698 -0.0008333334 -0.01125 0.005329936 -0.0009 -0.01113673 0.005207537 -0.0007666668 -0.01107355 0.00518625 -0.0007000001 -0.01118519 0.005364173 -0.0008333334 -0.01126903 0.005425607 -0.0009 -0.01111891 0.00528849 -0.0007666668 -0.01105263 0.005281282 -0.0007000001 -0.01119991 0.005431048 -0.0008333334 -0.01111891 0.005371381 -0.0007666668 -0.01105263 0.005378589 -0.0007000001 -0.01107355 0.005473621 -0.0007000001 -0.01122866 0.005493195 -0.0008333334 -0.01132322 0.005506712 -0.0009 -0.01113673 0.005452334 -0.0007666668 -0.0112701 0.005547707 -0.0008333334 -0.01117153 0.005527565 -0.0007666668 -0.01111441 0.005561935 -0.0007000001 -0.01132229 0.005592037 -0.0008333334 -0.01140432 0.005560905 -0.0009 -0.0112217 0.005593554 -0.0007666668 -0.0111733 0.0056394 -0.0007000001 -0.01138279 0.005624112 -0.0008333334 -0.01128487 0.005647216 -0.0007666668 -0.01124746 0.005702395 -0.0007000001 -0.01144876 0.005642431 -0.0008333334 -0.0115 0.005579936 -0.0009 -0.01135811 0.005686043 -0.0007666668 -0.01133343 0.005747975 -0.0007000001 -0.01151714 0.005646138 -0.0008333334 -0.01143798 0.005708219 -0.0007666668 -0.01142719 0.005774007 -0.0007000001 -0.01158471 0.00563506 -0.0008333334 -0.01159567 0.005560905 -0.0009 -0.01152075 0.005712707 -0.0007666668 -0.01152436 0.005779275 -0.0007000001 -0.01164832 0.005609715 -0.0008333334 -0.01167677 0.005506712 -0.0009 -0.01160255 0.005699296 -0.0007666668 -0.01162038 0.005763533 -0.0007000001 -0.011705 0.005571287 -0.0008333334 -0.01167955 0.005668615 -0.0007666668 -0.01171078 0.005727516 -0.0007000001 -0.01175209 0.005521574 -0.0008333334 -0.01173097 0.005425607 -0.0009 -0.01174816 0.005622097 -0.0007666668 -0.01179132 0.005672908 -0.0007000001 -0.01178739 0.005462901 -0.0008333334 -0.01180516 0.005561919 -0.0007666668 -0.01185824 0.005602264 -0.0007000001 -0.01180926 0.00539801 -0.0008333334 -0.0118479 0.005490893 -0.0007666668 -0.0119084 0.005518886 -0.0007000001 -0.01193948 0.005426672 -0.0007000001 -0.01187437 0.005412341 -0.0007666668 -0.01193948 0.005233199 -3.798204e-10 -0.01195 0.005329936 -3.798204e-10 -0.0119084 0.005140985 -3.798204e-10 -0.01185824 0.005057608 -3.798204e-10 -0.01179132 0.004986963 -3.798204e-10 -0.01171078 0.004932355 -3.798204e-10 -0.01162038 0.004896338 -3.798204e-10 -0.01152436 0.004880596 -3.798204e-10 -0.01142719 0.004885864 -3.798204e-10 -0.01133343 0.004911896 -3.798204e-10 -0.01124746 0.004957476 -3.798204e-10 -0.0111733 0.005020471 -3.798204e-10 -0.01111441 0.005097937 -3.798204e-10 -0.01107355 0.00518625 -3.798204e-10 -0.01105263 0.005281282 -3.798204e-10 -0.01105263 0.005378589 -3.798204e-10 -0.01107355 0.005473621 -3.798204e-10 -0.01111441 0.005561935 -3.798204e-10 -0.0111733 0.0056394 -3.798204e-10 -0.01124746 0.005702395 -3.798204e-10 -0.01133343 0.005747975 -3.798204e-10 -0.01142719 0.005774007 -3.798204e-10 -0.01152436 0.005779275 -3.798204e-10 -0.01162038 0.005763533 -3.798204e-10 -0.01171078 0.005727516 -3.798204e-10 -0.01179132 0.005672908 -3.798204e-10 -0.01185824 0.005602264 -3.798204e-10 -0.0119084 0.005518886 -3.798204e-10 -0.01193948 0.005426672 -3.798204e-10 0.008749997 0.005329936 -3.798204e-10 0.008756413 0.005232041 -3.798204e-10 0.008775553 0.005135821 -3.798204e-10 0.008807087 0.005042923 -3.798204e-10 0.008850477 0.004954936 -3.798204e-10 0.008904982 0.004873365 -3.798204e-10 0.008969666 0.004799606 -3.798204e-10 0.009043426 0.004734921 -3.798204e-10 0.009124996 0.004680417 -3.798204e-10 0.009212984 0.004637026 -3.798204e-10 0.009305882 0.004605492 -3.798204e-10 0.009402102 0.004586352 -3.798204e-10 0.009499996 0.004579936 -3.798204e-10 0.009597891 0.004586352 -3.798204e-10 0.009694111 0.004605492 -3.798204e-10 0.009787009 0.004637026 -3.798204e-10 0.009874996 0.004680417 -3.798204e-10 0.009956568 0.004734921 -3.798204e-10 0.01003033 0.004799606 -3.798204e-10 0.01009501 0.004873365 -3.798204e-10 0.01014952 0.004954936 -3.798204e-10 0.01019291 0.005042923 -3.798204e-10 0.01022444 0.005135821 -3.798204e-10 0.01024358 0.005232041 -3.798204e-10 0.01025 0.005329936 -3.798204e-10 0.01024358 0.00542783 -3.798204e-10 0.01022444 0.00552405 -3.798204e-10 0.01019291 0.005616948 -3.798204e-10 0.01014952 0.005704936 -3.798204e-10 0.01009501 0.005786507 -3.798204e-10 0.01003033 0.005860266 -3.798204e-10 0.009956568 0.005924951 -3.798204e-10 0.009874996 0.005979455 -3.798204e-10 0.009787009 0.006022845 -3.798204e-10 0.009694111 0.00605438 -3.798204e-10 0.009597891 0.006073519 -3.798204e-10 0.009499996 0.006079936 -3.798204e-10 0.009402102 0.006073519 -3.798204e-10 0.009305882 0.00605438 -3.798204e-10 0.009212984 0.006022845 -3.798204e-10 0.009124996 0.005979455 -3.798204e-10 0.009043426 0.005924951 -3.798204e-10 0.008969666 0.005860266 -3.798204e-10 0.008904982 0.005786507 -3.798204e-10 0.008850477 0.005704936 -3.798204e-10 0.008807087 0.005616948 -3.798204e-10 0.008775553 0.00552405 -3.798204e-10 0.008756413 0.00542783 -3.798204e-10 0.01208 0.0008299374 0.002299999 0.009949996 0.0008299374 0.002299999 0.009949996 0.0008299374 0.0004999994 0.01208 0.0008299374 0.0004999994 -0.008699997 0.0008299374 0.0004999994 -0.009174996 0.0008299374 0.0006999993 -0.009174996 0.0008299374 0.0004999994 -0.008699997 0.0008299374 0.0006999993 -0.006199998 0.0008299374 0.002299999 -0.007549997 0.0008299374 0.002299999 -0.007549997 0.0008299374 0.0004999994 -0.006199998 0.0008299374 0.0004999994 -0.003699999 0.0008299374 0.002299999 -0.005049998 0.0008299374 0.002299999 -0.005049998 0.0008299374 0.0004999994 -0.003699999 0.0008299374 0.0004999994 -0.0012 0.0008299374 0.002299999 -0.002549999 0.0008299374 0.002299999 -0.002549999 0.0008299374 0.0004999994 -0.0012 0.0008299374 0.0004999994 0.001299999 0.0008299374 0.002299999 -4.999998e-05 0.0008299374 0.002299999 -4.999998e-05 0.0008299374 0.0004999994 0.001299999 0.0008299374 0.0004999994 0.003799999 0.0008299374 0.002299999 0.002449999 0.0008299374 0.002299999 0.002449999 0.0008299374 0.0004999994 0.003799999 0.0008299374 0.0004999994 -0.01205 0.0008299374 0.0004999994 -0.01305 0.0008299374 -3.798205e-10 -0.01205 0.0008299374 -3.798204e-10 -0.01305 0.0008299374 0.002299999 -0.010325 0.0008299374 0.0006999993 -0.01098771 0.0008299374 0.0006999993 -0.010325 0.0008299374 0.0004999994 -0.01098771 0.0008299374 0.002299999 0.007449997 0.0008299374 0.002299999 0.007449997 0.0008299374 0.0004999994 0.008799996 0.0008299374 0.0004999994 0.008799996 0.0008299374 0.002299999 -0.01208 -0.005170061 0.002299999 -0.01305 -0.005170061 0.002299999 -0.01208 -0.009170059 0.002299999 -0.01305 -0.009170059 0.002299999 0.006299998 0.0008299374 0.002299999 0.004949998 0.0008299374 0.002299999 0.004949998 0.0008299374 0.0004999994 0.006299998 0.0008299374 0.0004999994 -0.01205 -0.005170061 -3.798204e-10 -0.01205 -0.005170061 0.0004999994 -0.01208 -0.005170061 0.0004999994 -0.01305 -0.005170061 -3.798205e-10 -0.01305 -0.009170059 -3.798205e-10 -0.0107502 -0.009170059 -3.798204e-10 -0.01208 -0.009170059 0.0004999994 -0.0107502 -0.009170059 0.0004999994 -0.009846753 -0.008598752 -3.798204e-10 -0.009810512 -0.008512079 0.0004999994 -0.009846753 -0.008598752 0.0004999994 -0.009810512 -0.008512079 -3.798204e-10 -0.009890969 -0.008681641 -3.798204e-10 -0.009890969 -0.008681641 0.0004999994 -0.009942768 -0.008760015 -3.798204e-10 -0.009942768 -0.008760015 0.0004999994 -0.01000169 -0.008833181 -3.798204e-10 -0.01000169 -0.008833181 0.0004999994 -0.01006722 -0.008900496 -3.798204e-10 -0.01006722 -0.008900496 0.0004999994 -0.01013878 -0.008961365 -3.798204e-10 -0.01013878 -0.008961365 0.0004999994 -0.01021574 -0.009015249 -3.798204e-10 -0.01021574 -0.009015249 0.0004999994 -0.01029741 -0.009061674 -3.798204e-10 -0.01029741 -0.009061674 0.0004999994 -0.01038308 -0.00910023 -3.798204e-10 -0.01038308 -0.00910023 0.0004999994 -0.01047199 -0.009130577 -3.798204e-10 -0.01047199 -0.009130577 0.0004999994 -0.01056335 -0.009152447 -3.798204e-10 -0.01056335 -0.009152447 0.0004999994 -0.01065636 -0.009165647 -3.798204e-10 -0.01065636 -0.009165647 0.0004999994 -0.008833601 -0.00582804 -3.798204e-10 -0.008833601 -0.00582804 0.0004999994 -0.008797359 -0.005741368 -3.798204e-10 -0.008797359 -0.005741368 0.0004999994 -0.008753143 -0.005658479 -3.798204e-10 -0.008753143 -0.005658479 0.0004999994 -0.008701344 -0.005580105 -3.798204e-10 -0.008701344 -0.005580105 0.0004999994 -0.008642419 -0.005506938 -3.798204e-10 -0.008642419 -0.005506938 0.0004999994 -0.008576888 -0.005439623 -3.798204e-10 -0.008576888 -0.005439623 0.0004999994 -0.008505329 -0.005378755 -3.798204e-10 -0.008505329 -0.005378755 0.0004999994 -0.008428374 -0.00532487 -3.798204e-10 -0.008428374 -0.00532487 0.0004999994 -0.008346703 -0.005278445 -3.798204e-10 -0.008346703 -0.005278445 0.0004999994 -0.008261034 -0.005239889 -3.798204e-10 -0.008261034 -0.005239889 0.0004999994 -0.008172126 -0.005209542 -3.798204e-10 -0.008172126 -0.005209542 0.0004999994 -0.008080762 -0.005187673 -3.798204e-10 -0.008080762 -0.005187673 0.0004999994 -0.00798775 -0.005174473 -3.798204e-10 -0.00798775 -0.005174473 0.0004999994 -0.007893909 -0.005170061 -3.798204e-10 -0.007893909 -0.005170061 0.0004999994 0.007893909 -0.005170061 -3.798204e-10 0.007893909 -0.005170061 0.0004999994 0.00798775 -0.005174473 0.0004999994 0.00798775 -0.005174473 -3.798204e-10 0.008080762 -0.005187673 0.0004999994 0.008080762 -0.005187673 -3.798204e-10 0.008172126 -0.005209542 0.0004999994 0.008172126 -0.005209542 -3.798204e-10 0.008261034 -0.005239889 0.0004999994 0.008261034 -0.005239889 -3.798204e-10 0.008346703 -0.005278445 0.0004999994 0.008346703 -0.005278445 -3.798204e-10 0.008428374 -0.00532487 0.0004999994 0.008428374 -0.00532487 -3.798204e-10 0.008505329 -0.005378755 0.0004999994 0.008505329 -0.005378755 -3.798204e-10 0.008576888 -0.005439623 0.0004999994 0.008576888 -0.005439623 -3.798204e-10 0.008642419 -0.005506938 0.0004999994 0.008642419 -0.005506938 -3.798204e-10 0.008701344 -0.005580105 0.0004999994 0.008701344 -0.005580105 -3.798204e-10 0.008753143 -0.005658479 0.0004999994 0.008753143 -0.005658479 -3.798204e-10 0.008797359 -0.005741368 0.0004999994 0.008797359 -0.005741368 -3.798204e-10 0.008833601 -0.00582804 -3.798204e-10 0.008833601 -0.00582804 0.0004999994 0.009810512 -0.008512079 -3.798204e-10 0.009810512 -0.008512079 0.0004999994 0.0107502 -0.009170059 -3.798204e-10 0.0107502 -0.009170059 0.0004999994 0.01065636 -0.009165647 0.0004999994 0.01065636 -0.009165647 -3.798204e-10 0.01056335 -0.009152447 0.0004999994 0.01056335 -0.009152447 -3.798204e-10 0.01047199 -0.009130577 0.0004999994 0.01047199 -0.009130577 -3.798204e-10 0.01038308 -0.00910023 0.0004999994 0.01038308 -0.00910023 -3.798204e-10 0.01029741 -0.009061674 0.0004999994 0.01029741 -0.009061674 -3.798204e-10 0.01021574 -0.009015249 0.0004999994 0.01021574 -0.009015249 -3.798204e-10 0.01013878 -0.008961365 0.0004999994 0.01013878 -0.008961365 -3.798204e-10 0.01006722 -0.008900496 0.0004999994 0.01006722 -0.008900496 -3.798204e-10 0.01000169 -0.008833181 0.0004999994 0.01000169 -0.008833181 -3.798204e-10 0.009942768 -0.008760015 0.0004999994 0.009942768 -0.008760015 -3.798204e-10 0.009890969 -0.008681641 0.0004999994 0.009890969 -0.008681641 -3.798204e-10 0.009846753 -0.008598752 0.0004999994 0.009846753 -0.008598752 -3.798204e-10 0.01208 -0.009170059 0.0004999994 0.01305 -0.009170059 -3.798204e-10 0.01305 -0.009170059 0.002299999 0.01208 -0.009170059 0.002299999 0.01305 0.0001299376 -3.798204e-10 0.01305 0.0001299376 0.002299999 0.01085 0.002329937 -3.798204e-10 0.01085 0.002329937 0.002299999 0.01085 0.007329935 -3.798204e-10 0.01085 0.007329935 0.002299999 -0.01305 0.007329935 0.002299999 -0.01305 0.007329935 -3.798205e-10 0.009949996 0.003329937 0.002299999 0.008799996 0.003329937 0.002299999 0.007449997 0.003329937 0.002299999 0.006299998 0.003329937 0.002299999 0.004949998 0.003329937 0.002299999 0.003799999 0.003329937 0.002299999 0.002449999 0.003329937 0.002299999 0.001299999 0.003329937 0.002299999 -4.999998e-05 0.003329937 0.002299999 -0.0012 0.003329937 0.002299999 -0.002549999 0.003329937 0.002299999 -0.003699999 0.003329937 0.002299999 -0.005049998 0.003329937 0.002299999 -0.006199998 0.003329937 0.002299999 -0.007549997 0.003329937 0.002299999 -0.00808031 0.004884083 0.002299999 -0.00808031 0.003329937 0.002299999 -0.008089917 0.004981628 0.002299999 -0.00811837 0.005075425 0.002299999 -0.008164576 0.005161868 0.002299999 -0.008226757 0.005237637 0.002299999 -0.008302525 0.005299818 0.002299999 -0.01098771 0.004884083 0.002299999 -0.008482765 0.005374475 0.002299999 -0.00858031 0.005384083 0.002299999 -0.01048771 0.005384083 0.002299999 -0.01058525 0.005374475 0.002299999 -0.01067905 0.005346023 0.002299999 -0.01076549 0.005299818 0.002299999 -0.01084126 0.005237637 0.002299999 -0.01090344 0.005161868 0.002299999 -0.01094965 0.005075425 0.002299999 -0.0109781 0.004981628 0.002299999 -0.008388968 0.005346023 0.002299999 0.009949996 -0.002670061 -3.798204e-10 0.008799996 -0.002670061 -3.798204e-10 0.006299998 -0.001170062 -3.798204e-10 0.007449997 -0.001170062 -3.798204e-10 0.004949998 -0.001170062 -3.798204e-10 0.009949996 0.003329937 -3.798204e-10 0.003799999 -0.001170062 -3.798204e-10 0.008799996 0.003329937 -3.798204e-10 0.007449997 0.003329937 -3.798204e-10 0.002449999 -0.001170062 -3.798204e-10 0.006299998 0.003329937 -3.798204e-10 0.001299999 -0.001170062 -3.798204e-10 0.004949998 0.003329937 -3.798204e-10 -4.999998e-05 -0.001170062 -3.798204e-10 0.003799999 0.003329937 -3.798204e-10 0.002449999 0.003329937 -3.798204e-10 0.001299999 0.003329937 -3.798204e-10 -0.002549999 -0.001170062 -3.798204e-10 -0.0012 -0.001170062 -3.798204e-10 -0.003699999 -0.001170062 -3.798204e-10 -4.999998e-05 0.003329937 -3.798204e-10 -0.005049998 -0.001170062 -3.798204e-10 -0.006199998 -0.001170062 -3.798204e-10 -0.002549999 0.003329937 -3.798204e-10 -0.0012 0.003329937 -3.798204e-10 -0.007549997 -0.001170062 -3.798204e-10 -0.008699997 -0.001170062 -3.798204e-10 -0.009174996 -0.001170062 -3.798204e-10 -0.005049998 0.003329937 -3.798204e-10 -0.003699999 0.003329937 -3.798204e-10 -0.010325 -0.001170062 -3.798204e-10 -0.006199998 0.003329937 -3.798204e-10 -0.007549997 0.003329937 -3.798204e-10 -0.008699997 0.003329937 -3.798204e-10 -0.009174996 0.003329937 -3.798204e-10 -0.010325 0.003329937 -3.798204e-10 0.009949996 -0.002670061 0.0004999994 0.008799996 -0.002670061 0.0004999994 0.007449997 -0.001170062 0.0004999994 0.006299998 -0.001170062 0.0004999994 0.004949998 -0.001170062 0.0004999994 0.003799999 -0.001170062 0.0004999994 0.002449999 -0.001170062 0.0004999994 0.001299999 -0.001170062 0.0004999994 -4.999998e-05 -0.001170062 0.0004999994 -0.002549999 -0.001170062 0.0004999994 -0.0012 -0.001170062 0.0004999994 -0.003699999 -0.001170062 0.0004999994 -0.005049998 -0.001170062 0.0004999994 -0.006199998 -0.001170062 0.0004999994 -0.007549997 -0.001170062 0.0004999994 -0.008699997 -0.001170062 0.0004999994 -0.009174996 -0.001170062 0.0004999994 -0.010325 -0.001170062 0.0004999994 -0.01098771 0.004884083 0.0006999993 -0.01048771 0.005384083 0.0006999993 -0.01058525 0.005374475 0.0006999993 -0.01067905 0.005346023 0.0006999993 -0.01076549 0.005299818 0.0006999993 -0.01084126 0.005237637 0.0006999993 -0.01090344 0.005161868 0.0006999993 -0.01094965 0.005075425 0.0006999993 -0.0109781 0.004981628 0.0006999993 -0.00858031 0.005384083 0.0006999993 -0.00808031 0.004884083 0.0006999993 -0.008089917 0.004981628 0.0006999993 -0.00811837 0.005075425 0.0006999993 -0.008164576 0.005161868 0.0006999993 -0.008226757 0.005237637 0.0006999993 -0.008302525 0.005299818 0.0006999993 -0.008388968 0.005346023 0.0006999993 -0.008482765 0.005374475 0.0006999993 -0.00808031 0.003329937 0.0006999993 -0.010325 0.003329937 0.0006999993 -0.008699997 0.003329937 0.0006999993 -0.009174996 0.003329937 0.0006999993 -0.01015 0.003329937 0.0004999994 -0.01015 0.003329937 0.0002999995 -0.009349997 0.003329937 0.0002999995 -0.009349997 0.003329937 0.0004999994 -0.008524997 0.003329937 0.0004999994 -0.008524997 0.003329937 0.0002999995 -0.007724997 0.003329937 0.0002999995 -0.007724997 0.003329937 0.0004999994 0.006474998 0.003329937 0.0002999995 0.006474998 0.003329937 0.0004999994 0.007274997 0.003329937 0.0002999995 0.007274997 0.003329937 0.0004999994 0.003974998 0.003329937 0.0002999995 0.003974998 0.003329937 0.0004999994 0.004774998 0.003329937 0.0002999995 0.004774998 0.003329937 0.0004999994 0.001474999 0.003329937 0.0002999995 0.001474999 0.003329937 0.0004999994 0.002274999 0.003329937 0.0002999995 0.002274999 0.003329937 0.0004999994 -0.001025 0.003329937 0.0002999995 -0.001025 0.003329937 0.0004999994 -0.0002249999 0.003329937 0.0002999995 -0.0002249999 0.003329937 0.0004999994 -0.003524999 0.003329937 0.0002999995 -0.003524999 0.003329937 0.0004999994 -0.002724999 0.003329937 0.0002999995 -0.002724999 0.003329937 0.0004999994 -0.006024998 0.003329937 0.0002999995 -0.006024998 0.003329937 0.0004999994 -0.005224998 0.003329937 0.0002999995 -0.005224998 0.003329937 0.0004999994 0.007274997 -0.0003384662 0.0005295198 0.006474998 -0.0003384662 0.0005295198 0.007274997 -0.0002700622 0.0003415813 0.006474998 -0.0002700622 0.0003415813 0.007274997 0.002986857 0.0003075956 0.006474998 0.002986857 0.0003075956 0.006474998 0.003044608 0.0003008454 0.006474998 0.003073681 0.0002999995 0.007274997 0.003073681 0.0002999995 0.007274997 0.003044608 0.0003008454 0.006474998 0.003015635 0.0003033803 0.007274997 0.003015635 0.0003033803 0.007274997 0.003073681 0.0004999994 0.006474998 0.003073681 0.0004999994 0.006474998 0.003056237 0.000500507 0.007274997 0.003056237 0.000500507 0.006474998 0.003038853 0.0005020279 0.007274997 0.003038853 0.0005020279 0.007274997 0.003021586 0.0005045571 0.006474998 0.003021586 0.0005045571 0.004774998 -0.0003384662 0.0005295198 0.003974998 -0.0003384662 0.0005295198 0.004774998 -0.0002700622 0.0003415813 0.003974998 -0.0002700622 0.0003415813 0.004774998 0.002986857 0.0003075956 0.003974998 0.002986857 0.0003075956 0.003974998 0.003044608 0.0003008454 0.003974998 0.003073681 0.0002999995 0.004774998 0.003073681 0.0002999995 0.004774998 0.003044608 0.0003008454 0.003974998 0.003015635 0.0003033803 0.004774998 0.003015635 0.0003033803 0.004774998 0.003073681 0.0004999994 0.003974998 0.003073681 0.0004999994 0.003974998 0.003056237 0.000500507 0.004774998 0.003056237 0.000500507 0.003974998 0.003038853 0.0005020279 0.004774998 0.003038853 0.0005020279 0.004774998 0.003021586 0.0005045571 0.003974998 0.003021586 0.0005045571 0.002274999 -0.0003384662 0.0005295198 0.001474999 -0.0003384662 0.0005295198 0.002274999 -0.0002700622 0.0003415813 0.001474999 -0.0002700622 0.0003415813 0.002274999 0.002986857 0.0003075956 0.001474999 0.002986857 0.0003075956 0.001474999 0.003044608 0.0003008454 0.001474999 0.003073681 0.0002999995 0.002274999 0.003073681 0.0002999995 0.002274999 0.003044608 0.0003008454 0.001474999 0.003015635 0.0003033803 0.002274999 0.003015635 0.0003033803 0.002274999 0.003073681 0.0004999994 0.001474999 0.003073681 0.0004999994 0.001474999 0.003056237 0.000500507 0.002274999 0.003056237 0.000500507 0.001474999 0.003038853 0.0005020279 0.002274999 0.003038853 0.0005020279 0.002274999 0.003021586 0.0005045571 0.001474999 0.003021586 0.0005045571 -0.0002249999 -0.0003384662 0.0005295198 -0.001025 -0.0003384662 0.0005295198 -0.0002249999 -0.0002700622 0.0003415813 -0.001025 -0.0002700622 0.0003415813 -0.0002249999 0.002986857 0.0003075956 -0.001025 0.002986857 0.0003075956 -0.001025 0.003044608 0.0003008454 -0.001025 0.003073681 0.0002999995 -0.0002249999 0.003073681 0.0002999995 -0.0002249999 0.003044608 0.0003008454 -0.001025 0.003015635 0.0003033803 -0.0002249999 0.003015635 0.0003033803 -0.0002249999 0.003073681 0.0004999994 -0.001025 0.003073681 0.0004999994 -0.001025 0.003056237 0.000500507 -0.0002249999 0.003056237 0.000500507 -0.001025 0.003038853 0.0005020279 -0.0002249999 0.003038853 0.0005020279 -0.0002249999 0.003021586 0.0005045571 -0.001025 0.003021586 0.0005045571 -0.002724999 -0.0003384662 0.0005295198 -0.003524999 -0.0003384662 0.0005295198 -0.002724999 -0.0002700622 0.0003415813 -0.003524999 -0.0002700622 0.0003415813 -0.002724999 0.002986857 0.0003075956 -0.003524999 0.002986857 0.0003075956 -0.003524999 0.003044608 0.0003008454 -0.003524999 0.003073681 0.0002999995 -0.002724999 0.003073681 0.0002999995 -0.002724999 0.003044608 0.0003008454 -0.002724999 0.003015635 0.0003033803 -0.003524999 0.003015635 0.0003033803 -0.002724999 0.003073681 0.0004999994 -0.003524999 0.003073681 0.0004999994 -0.003524999 0.003056237 0.000500507 -0.002724999 0.003056237 0.000500507 -0.002724999 0.003038853 0.0005020279 -0.003524999 0.003038853 0.0005020279 -0.002724999 0.003021586 0.0005045571 -0.003524999 0.003021586 0.0005045571 -0.005224998 -0.0003384662 0.0005295198 -0.006024998 -0.0003384662 0.0005295198 -0.005224998 -0.0002700622 0.0003415813 -0.006024998 -0.0002700622 0.0003415813 -0.005224998 0.002986857 0.0003075956 -0.006024998 0.002986857 0.0003075956 -0.006024998 0.003044608 0.0003008454 -0.006024998 0.003073681 0.0002999995 -0.005224998 0.003073681 0.0002999995 -0.005224998 0.003044608 0.0003008454 -0.005224998 0.003015635 0.0003033803 -0.006024998 0.003015635 0.0003033803 -0.005224998 0.003073681 0.0004999994 -0.006024998 0.003073681 0.0004999994 -0.006024998 0.003056237 0.000500507 -0.005224998 0.003056237 0.000500507 -0.005224998 0.003038853 0.0005020279 -0.006024998 0.003038853 0.0005020279 -0.005224998 0.003021586 0.0005045571 -0.006024998 0.003021586 0.0005045571 -0.007724997 -0.0003384662 0.0005295198 -0.008524997 -0.0003384662 0.0005295198 -0.007724997 -0.0002700622 0.0003415813 -0.008524997 -0.0002700622 0.0003415813 -0.007724997 0.002986857 0.0003075956 -0.008524997 0.002986857 0.0003075956 -0.008524997 0.003044608 0.0003008454 -0.008524997 0.003073681 0.0002999995 -0.007724997 0.003073681 0.0002999995 -0.007724997 0.003044608 0.0003008454 -0.007724997 0.003015635 0.0003033803 -0.008524997 0.003015635 0.0003033803 -0.007724997 0.003073681 0.0004999994 -0.008524997 0.003073681 0.0004999994 -0.008524997 0.003056237 0.000500507 -0.007724997 0.003056237 0.000500507 -0.007724997 0.003038853 0.0005020279 -0.008524997 0.003038853 0.0005020279 -0.007724997 0.003021586 0.0005045571 -0.008524997 0.003021586 0.0005045571 -0.009349997 -0.0002700622 0.0003415813 -0.009349997 -0.0003384662 0.0005295198 -0.01015 -0.0002700622 0.0003415813 -0.01015 -0.0003384662 0.0005295198 -0.009349997 0.002986857 0.0003075956 -0.01015 0.002986857 0.0003075956 -0.01015 0.003044608 0.0003008454 -0.01015 0.003073681 0.0002999995 -0.009349997 0.003073681 0.0002999995 -0.009349997 0.003044608 0.0003008454 -0.01015 0.003015635 0.0003033803 -0.009349997 0.003015635 0.0003033803 -0.009349997 0.003073681 0.0004999994 -0.01015 0.003073681 0.0004999994 -0.01015 0.003056237 0.000500507 -0.009349997 0.003056237 0.000500507 -0.01015 0.003038853 0.0005020279 -0.009349997 0.003038853 0.0005020279 -0.009349997 0.003021586 0.0005045571 -0.01015 0.003021586 0.0005045571 -0.005349998 0.008529935 -1.000038e-05 -0.005349998 0.007775567 -1.000038e-05 -0.005899998 0.008529935 -1.000038e-05 -0.005899998 0.007775567 -1.000038e-05 -0.005349998 0.008529935 0.0001899996 -0.005899998 0.008529935 0.0001899996 -0.005349998 0.007775567 0.0001899996 -0.005899998 0.007775567 0.0001899996 -0.005349998 0.007764986 0.0002228007 -0.005899998 0.007764986 0.0002228007 -0.005899998 0.007467606 0.0004912291 -0.005899998 0.007384303 0.0004999994 -0.005349998 0.007384303 0.0004999994 -0.005349998 0.007467606 0.0004912291 -0.005899998 0.007547255 0.0004653027 -0.005349998 0.007547255 0.0004653027 -0.005899998 0.007619759 0.0004233572 -0.005349998 0.007619759 0.0004233572 -0.005899998 0.007681938 0.0003672319 -0.005349998 0.007681938 0.0003672319 -0.005899998 0.007731065 0.000299388 -0.005349998 0.007731065 0.000299388 -0.005349998 0.007329935 0.0004999994 -0.005899998 0.007329935 0.0004999994 -0.005349998 0.007329935 0.0002999995 -0.005899998 0.007329935 0.0002999995 -0.005349998 0.007384303 0.0002999995 -0.005899998 0.007384303 0.0002999995 -0.005899998 0.007465779 0.0002826512 -0.005349998 0.007465779 0.0002826512 -0.005899998 0.00753312 0.0002336157 -0.005349998 0.00753312 0.0002336157 -0.005899998 0.007574645 0.0001614001 -0.005349998 0.007574645 0.0001614001 -0.005349998 0.007585226 0.000128599 -0.005899998 0.007585226 0.000128599 -0.005899998 0.007694091 7.34798e-06 -0.005349998 0.007694091 7.34798e-06 -0.005899998 0.00762675 5.638339e-05 -0.005349998 0.00762675 5.638339e-05 -0.01085 0.008529935 -3.798205e-10 -0.01085 0.008529935 0.0002999995 -0.01085 0.007329935 -3.798205e-10 -0.01085 0.007329935 0.0002999995 -0.01125 0.008529935 0.002299999 -0.01125 0.008529935 -3.798205e-10 -0.01125 0.007329935 0.002299999 -0.01125 0.007329935 -3.798205e-10 -0.01105 0.008529935 0.002299999 -0.01105 0.007329935 0.002299999 -0.01105 0.008529935 0.0002999995 -0.01105 0.007329935 0.0002999995 -0.009034009 0.003369691 0.001852037 -0.009034009 0.003369691 0.002432037 -0.009034009 0.003232878 0.001852037 -0.009034009 0.003232878 0.002432037 -0.00923401 0.003369691 0.002432037 -0.00923401 0.003232878 0.001852037 -0.00923401 0.003232878 0.002432037 -0.00923401 0.003369691 0.001852037 -0.009049994 0.003369691 0.001771674 -0.009049994 0.003232878 0.001771674 -0.009095517 0.003369691 0.001703545 -0.009095517 0.003232878 0.001703545 -0.009163646 0.003369691 0.001658022 -0.009163646 0.003232878 0.001658022 -0.009244009 0.003232878 0.001642037 -0.009244009 0.003369691 0.001642037 -0.009235349 0.003369691 0.001847037 -0.009235349 0.003232878 0.001847037 -0.009239009 0.003369691 0.001843377 -0.009239009 0.003232878 0.001843377 -0.009244009 0.003369691 0.001842037 -0.009244009 0.003232878 0.001842037 -0.009244009 0.003369691 0.002642037 -0.009244009 0.003232878 0.002642037 -0.009163646 0.003232878 0.002626051 -0.009163646 0.003369691 0.002626051 -0.009095517 0.003232878 0.002580529 -0.009095517 0.003369691 0.002580529 -0.009049994 0.003232878 0.0025124 -0.009049994 0.003369691 0.0025124 -0.009244009 0.003369691 0.002442037 -0.009239009 0.003369691 0.002440697 -0.009244009 0.003232878 0.002442037 -0.009239009 0.003232878 0.002440697 -0.009235349 0.003369691 0.002437037 -0.009235349 0.003232878 0.002437037 -0.009034009 0.00225718 0.001852037 -0.009034009 0.00225718 0.002432037 -0.00923401 0.00225718 0.001852037 -0.00923401 0.00225718 0.002432037 -0.009034009 0.002515001 0.002432037 -0.009034009 0.002515001 0.001852037 -0.00923401 0.002515001 0.002432037 -0.00923401 0.002515001 0.001852037 -0.009034009 0.00225718 0.001642037 -0.009165959 0.00225718 0.00165708 -0.009099092 0.00225718 0.001700054 -0.009052985 0.00225718 0.001764802 -0.009034128 0.00225718 0.001842043 -0.009244009 0.00225718 0.001642037 -0.01003401 0.00225718 0.001842037 -0.009244009 0.00225718 0.001842037 -0.009636018 0.002515001 0.001842037 -0.009244009 0.002515001 0.001842037 -0.01003401 0.003369691 0.001842037 -0.009636018 0.003232878 0.001842037 -0.01003401 0.003369691 0.001642037 -0.01003401 0.00225718 0.001642037 -0.009636018 0.002515001 0.001642037 -0.009244009 0.002515001 0.001642037 -0.009636018 0.003232878 0.001642037 -0.01003401 -0.003917795 0.002899999 -0.01003401 -0.003871279 0.002698645 -0.01003401 -0.003917795 0.002699999 -0.01003401 -0.00385965 0.002898307 -0.01003401 -0.00382492 0.002694589 -0.01003401 -0.003801702 0.002893237 -0.01003401 -0.003778876 0.002687845 -0.01003401 -0.003744147 0.002884806 -0.01003401 -0.005430305 0.002699999 -0.01003401 -0.005430305 0.002899999 -0.009034009 -0.003871279 0.002698645 -0.009034009 -0.00385965 0.002898307 -0.009034009 -0.003917795 0.002899999 -0.009034009 -0.003917795 0.002699999 -0.009034009 -0.00382492 0.002694589 -0.009034009 -0.003801702 0.002893237 -0.009034009 -0.003778876 0.002687845 -0.009034009 -0.003744147 0.002884806 -0.009034009 0.002048803 0.001660268 -0.009034009 0.002083532 0.001857229 -0.01003401 0.002083532 0.001857229 -0.01003401 0.002117869 0.001650151 -0.01003401 0.002048803 0.001660268 -0.01003401 0.002141088 0.001848799 -0.01003401 0.002187407 0.001644067 -0.01003401 0.002199035 0.001843729 -0.009034009 0.002117869 0.001650151 -0.009034009 0.002141088 0.001848799 -0.009034009 0.002187407 0.001644067 -0.009034009 0.002199035 0.001843729 -0.009034009 -0.005430305 0.002699999 -0.009034009 -0.005430305 0.002899999 -0.009034036 0.00225718 0.001848706 -0.009034115 0.00225718 0.001845376 -0.009235349 0.00225718 0.001847037 -0.009239009 0.00225718 0.001843377 -0.009049994 0.002515001 0.001771674 -0.009095517 0.002515001 0.001703545 -0.009163646 0.002515001 0.001658022 -0.009235349 0.002515001 0.001847037 -0.009239009 0.002515001 0.001843377 -0.009244009 0.00225718 0.002442037 -0.009163646 0.00225718 0.002626051 -0.009244009 0.00225718 0.002642037 -0.009239009 0.00225718 0.002440697 -0.009095517 0.00225718 0.002580529 -0.009235349 0.00225718 0.002437037 -0.009049994 0.00225718 0.0025124 -0.009244009 0.002515001 0.002642037 -0.009163646 0.002515001 0.002626051 -0.009095517 0.002515001 0.002580529 -0.009049994 0.002515001 0.0025124 -0.009244009 0.002515001 0.002442037 -0.009239009 0.002515001 0.002440697 -0.009235349 0.002515001 0.002437037 -0.01003401 0.003369691 0.002642037 -0.01003401 0.003369691 0.002442037 -0.01003401 0.00225718 0.002442037 -0.01003401 0.00225718 0.002642037 -0.009636018 0.002515001 0.002642037 -0.009636018 0.003232878 0.002642037 -0.009636018 0.002515001 0.002442037 -0.009636018 0.003232878 0.002442037 0.004649998 0.008529935 -1.000038e-05 0.004649998 0.007775567 -1.000038e-05 0.004099998 0.008529935 -1.000038e-05 0.004099998 0.007775567 -1.000038e-05 0.004649998 0.008529935 0.0001899996 0.004099998 0.008529935 0.0001899996 0.004649998 0.007775567 0.0001899996 0.004099998 0.007775567 0.0001899996 0.004649998 0.007764986 0.0002228007 0.004099998 0.007764986 0.0002228007 0.004099998 0.007467606 0.0004912291 0.004099998 0.007384303 0.0004999994 0.004649998 0.007384303 0.0004999994 0.004649998 0.007467606 0.0004912291 0.004099998 0.007547255 0.0004653027 0.004649998 0.007547255 0.0004653027 0.004099998 0.007619759 0.0004233572 0.004649998 0.007619759 0.0004233572 0.004099998 0.007681938 0.0003672319 0.004649998 0.007681938 0.0003672319 0.004099998 0.007731065 0.000299388 0.004649998 0.007731065 0.000299388 0.004649998 0.007329935 0.0004999994 0.004099998 0.007329935 0.0004999994 0.004649998 0.007329935 0.0002999995 0.004099998 0.007329935 0.0002999995 0.004649998 0.007384303 0.0002999995 0.004099998 0.007384303 0.0002999995 0.004099998 0.007465779 0.0002826512 0.004649998 0.007465779 0.0002826512 0.004099998 0.00753312 0.0002336157 0.004649998 0.00753312 0.0002336157 0.004099998 0.007574645 0.0001614001 0.004649998 0.007574645 0.0001614001 0.004649998 0.007585226 0.000128599 0.004099998 0.007585226 0.000128599 0.004099998 0.007694091 7.34798e-06 0.004649998 0.007694091 7.34798e-06 0.004099998 0.00762675 5.638339e-05 0.004649998 0.00762675 5.638339e-05 -0.01205 0.008529935 -3.798205e-10 -0.01205 0.008529935 0.0002999995 -0.01205 0.007329935 -3.798205e-10 -0.01205 0.007329935 0.0002999995 -0.01245 0.008529935 0.002299999 -0.01245 0.008529935 -3.798205e-10 -0.01245 0.007329935 0.002299999 -0.01245 0.007329935 -3.798205e-10 -0.01225 0.008529935 0.002299999 -0.01225 0.007329935 0.002299999 -0.01225 0.008529935 0.0002999995 -0.01225 0.007329935 0.0002999995 0.009649997 0.008529935 -1.000038e-05 0.009649997 0.007775567 -1.000038e-05 0.009099997 0.008529935 -1.000038e-05 0.009099997 0.007775567 -1.000038e-05 0.009649997 0.008529935 0.0001899996 0.009099997 0.008529935 0.0001899996 0.009649997 0.007775567 0.0001899996 0.009099997 0.007775567 0.0001899996 0.009649997 0.007764986 0.0002228007 0.009099997 0.007764986 0.0002228007 0.009099997 0.007467606 0.0004912291 0.009099997 0.007384303 0.0004999994 0.009649997 0.007384303 0.0004999994 0.009649997 0.007467606 0.0004912291 0.009099997 0.007547255 0.0004653027 0.009649997 0.007547255 0.0004653027 0.009099997 0.007619759 0.0004233572 0.009649997 0.007619759 0.0004233572 0.009099997 0.007681938 0.0003672319 0.009649997 0.007681938 0.0003672319 0.009099997 0.007731065 0.000299388 0.009649997 0.007731065 0.000299388 0.009649997 0.007329935 0.0004999994 0.009099997 0.007329935 0.0004999994 0.009649997 0.007329935 0.0002999995 0.009099997 0.007329935 0.0002999995 0.009649997 0.007384303 0.0002999995 0.009099997 0.007384303 0.0002999995 0.009099997 0.007465779 0.0002826512 0.009649997 0.007465779 0.0002826512 0.009099997 0.00753312 0.0002336157 0.009649997 0.00753312 0.0002336157 0.009099997 0.007574645 0.0001614001 0.009649997 0.007574645 0.0001614001 0.009649997 0.007585226 0.000128599 0.009099997 0.007585226 0.000128599 0.009099997 0.007694091 7.34798e-06 0.009649997 0.007694091 7.34798e-06 0.009099997 0.00762675 5.638339e-05 0.009649997 0.00762675 5.638339e-05 0.002149999 0.008529935 -1.000038e-05 0.002149999 0.007775567 -1.000038e-05 0.001599999 0.008529935 -1.000038e-05 0.001599999 0.007775567 -1.000038e-05 0.002149999 0.008529935 0.0001899996 0.001599999 0.008529935 0.0001899996 0.002149999 0.007775567 0.0001899996 0.001599999 0.007775567 0.0001899996 0.002149999 0.007764986 0.0002228007 0.001599999 0.007764986 0.0002228007 0.001599999 0.007467606 0.0004912291 0.001599999 0.007384303 0.0004999994 0.002149999 0.007384303 0.0004999994 0.002149999 0.007467606 0.0004912291 0.001599999 0.007547255 0.0004653027 0.002149999 0.007547255 0.0004653027 0.001599999 0.007619759 0.0004233572 0.002149999 0.007619759 0.0004233572 0.001599999 0.007681938 0.0003672319 0.002149999 0.007681938 0.0003672319 0.001599999 0.007731065 0.000299388 0.002149999 0.007731065 0.000299388 0.002149999 0.007329935 0.0004999994 0.001599999 0.007329935 0.0004999994 0.002149999 0.007329935 0.0002999995 0.001599999 0.007329935 0.0002999995 0.002149999 0.007384303 0.0002999995 0.001599999 0.007384303 0.0002999995 0.001599999 0.007465779 0.0002826512 0.002149999 0.007465779 0.0002826512 0.001599999 0.00753312 0.0002336157 0.002149999 0.00753312 0.0002336157 0.001599999 0.007574645 0.0001614001 0.002149999 0.007574645 0.0001614001 0.002149999 0.007585226 0.000128599 0.001599999 0.007585226 0.000128599 0.001599999 0.007694091 7.34798e-06 0.002149999 0.007694091 7.34798e-06 0.001599999 0.00762675 5.638339e-05 0.002149999 0.00762675 5.638339e-05 -0.009474997 0.008529935 -1.000038e-05 -0.009474997 0.007775567 -1.000038e-05 -0.010025 0.008529935 -1.000038e-05 -0.010025 0.007775567 -1.000038e-05 -0.009474997 0.008529935 0.0001899996 -0.010025 0.008529935 0.0001899996 -0.009474997 0.007775567 0.0001899996 -0.010025 0.007775567 0.0001899996 -0.009474997 0.007764986 0.0002228007 -0.010025 0.007764986 0.0002228007 -0.010025 0.007467606 0.0004912291 -0.010025 0.007384303 0.0004999994 -0.009474997 0.007384303 0.0004999994 -0.009474997 0.007467606 0.0004912291 -0.010025 0.007547255 0.0004653027 -0.009474997 0.007547255 0.0004653027 -0.010025 0.007619759 0.0004233572 -0.009474997 0.007619759 0.0004233572 -0.010025 0.007681938 0.0003672319 -0.009474997 0.007681938 0.0003672319 -0.010025 0.007731065 0.000299388 -0.009474997 0.007731065 0.000299388 -0.009474997 0.007329935 0.0004999994 -0.010025 0.007329935 0.0004999994 -0.009474997 0.007329935 0.0002999995 -0.010025 0.007329935 0.0002999995 -0.009474997 0.007384303 0.0002999995 -0.010025 0.007384303 0.0002999995 -0.010025 0.007465779 0.0002826512 -0.009474997 0.007465779 0.0002826512 -0.010025 0.00753312 0.0002336157 -0.009474997 0.00753312 0.0002336157 -0.010025 0.007574645 0.0001614001 -0.009474997 0.007574645 0.0001614001 -0.009474997 0.007585226 0.000128599 -0.010025 0.007585226 0.000128599 -0.010025 0.007694091 7.34798e-06 -0.009474997 0.007694091 7.34798e-06 -0.010025 0.00762675 5.638339e-05 -0.009474997 0.00762675 5.638339e-05 -0.0003499999 0.008529935 -1.000038e-05 -0.0003499999 0.007775567 -1.000038e-05 -0.0008999997 0.008529935 -1.000038e-05 -0.0008999997 0.007775567 -1.000038e-05 -0.0003499999 0.008529935 0.0001899996 -0.0008999997 0.008529935 0.0001899996 -0.0003499999 0.007775567 0.0001899996 -0.0008999997 0.007775567 0.0001899996 -0.0003499999 0.007764986 0.0002228007 -0.0008999997 0.007764986 0.0002228007 -0.0008999997 0.007467606 0.0004912291 -0.0008999997 0.007384303 0.0004999994 -0.0003499999 0.007384303 0.0004999994 -0.0003499999 0.007467606 0.0004912291 -0.0008999997 0.007547255 0.0004653027 -0.0003499999 0.007547255 0.0004653027 -0.0008999997 0.007619759 0.0004233572 -0.0003499999 0.007619759 0.0004233572 -0.0008999997 0.007681938 0.0003672319 -0.0003499999 0.007681938 0.0003672319 -0.0008999997 0.007731065 0.000299388 -0.0003499999 0.007731065 0.000299388 -0.0003499999 0.007329935 0.0004999994 -0.0008999997 0.007329935 0.0004999994 -0.0003499999 0.007329935 0.0002999995 -0.0008999997 0.007329935 0.0002999995 -0.0003499999 0.007384303 0.0002999995 -0.0008999997 0.007384303 0.0002999995 -0.0008999997 0.007465779 0.0002826512 -0.0003499999 0.007465779 0.0002826512 -0.0008999997 0.00753312 0.0002336157 -0.0003499999 0.00753312 0.0002336157 -0.0008999997 0.007574645 0.0001614001 -0.0003499999 0.007574645 0.0001614001 -0.0003499999 0.007585226 0.000128599 -0.0008999997 0.007585226 0.000128599 -0.0008999997 0.007694091 7.34798e-06 -0.0003499999 0.007694091 7.34798e-06 -0.0008999997 0.00762675 5.638339e-05 -0.0003499999 0.00762675 5.638339e-05 -0.01384999 -0.008925042 0.0001899996 -0.01378606 -0.008850953 0.0001899996 -0.01384999 -0.008925042 -1.000038e-05 -0.01378606 -0.008850953 -1.000038e-05 -0.01372896 -0.008771474 0.0001899996 -0.01372896 -0.008771474 -1.000038e-05 -0.01367916 -0.008687235 -1.000038e-05 -0.01367916 -0.008687235 0.0001899996 -0.01363703 -0.008598903 -1.000038e-05 -0.01363703 -0.008598903 0.0001899996 -0.01360293 -0.008507175 0.0001899996 -0.01360293 -0.008507175 -1.000038e-05 -0.01357711 -0.008412781 -1.000038e-05 -0.01357711 -0.008412781 0.0001899996 -0.01355978 -0.008316465 -1.000038e-05 -0.01355978 -0.008316465 0.0001899996 -0.01355108 -0.00821899 0.0001899996 -0.01355108 -0.00821899 -1.000038e-05 -0.01355108 -0.008121128 0.0001899996 -0.01355108 -0.008121128 -1.000038e-05 -0.01355978 -0.008023654 -1.000038e-05 -0.01355978 -0.008023654 0.0001899996 -0.01357711 -0.007927338 -1.000038e-05 -0.01357711 -0.007927338 0.0001899996 -0.01360293 -0.007832943 -1.000038e-05 -0.01360293 -0.007832943 0.0001899996 -0.01363703 -0.007741216 0.0001899996 -0.01363703 -0.007741216 -1.000038e-05 -0.01367916 -0.007652884 0.0001899996 -0.01367916 -0.007652884 -1.000038e-05 -0.01372896 -0.007568645 -1.000038e-05 -0.01372896 -0.007568645 0.0001899996 -0.01378606 -0.007489166 0.0001899996 -0.01378606 -0.007489166 -1.000038e-05 -0.01384999 -0.007415076 0.0001899996 -0.01384999 -0.007415076 -1.000038e-05 -0.01384999 0.005574952 -1.000038e-05 -0.01384999 0.005574952 0.0001899996 -0.01378606 0.005649042 -1.000038e-05 -0.01378606 0.005649042 0.0001899996 -0.01372896 0.005728521 -1.000038e-05 -0.01372896 0.005728521 0.0001899996 -0.01367916 0.00581276 -1.000038e-05 -0.01367916 0.00581276 0.0001899996 -0.01363703 0.005901092 -1.000038e-05 -0.01363703 0.005901092 0.0001899996 -0.01360293 0.005992819 -1.000038e-05 -0.01360293 0.005992819 0.0001899996 -0.01357711 0.006087214 -1.000038e-05 -0.01357711 0.006087214 0.0001899996 -0.01355978 0.006183529 -1.000038e-05 -0.01355978 0.006183529 0.0001899996 -0.01355108 0.006281004 0.0001899996 -0.01355108 0.006281004 -1.000038e-05 -0.01355108 0.006378866 0.0001899996 -0.01355108 0.006378866 -1.000038e-05 -0.01355978 0.006476341 0.0001899996 -0.01355978 0.006476341 -1.000038e-05 -0.01357711 0.006572657 0.0001899996 -0.01357711 0.006572657 -1.000038e-05 -0.01360293 0.006667052 0.0001899996 -0.01360293 0.006667052 -1.000038e-05 -0.01363703 0.006758779 0.0001899996 -0.01363703 0.006758779 -1.000038e-05 -0.01367916 0.006847111 0.0001899996 -0.01367916 0.006847111 -1.000038e-05 -0.01372896 0.00693135 0.0001899996 -0.01372896 0.00693135 -1.000038e-05 -0.01378606 0.007010829 0.0001899996 -0.01378606 0.007010829 -1.000038e-05 -0.01384999 0.007084918 0.0001899996 -0.01384999 0.007084918 -1.000038e-05 0.01314999 -0.00717006 0.0003999995 0.01314999 -0.00714077 0.0004707101 0.01334999 -0.00717006 0.0003999995 0.01334999 -0.00714077 0.0004707101 0.01314999 -0.00707006 0.0004999994 0.01334999 -0.00707006 0.0004999994 0.01314999 -0.006999349 0.0004707101 0.01334999 -0.006999349 0.0004707101 0.01314999 -0.00697006 0.0003999995 0.01334999 -0.00697006 0.0003999995 0.01095 0.005129936 0.0003999995 0.01095 0.005159225 0.0004707101 0.01115 0.005129936 0.0003999995 0.01115 0.005159225 0.0004707101 0.01095 0.005229936 0.0004999994 0.01115 0.005229936 0.0004999994 0.01095 0.005300646 0.0004707101 0.01115 0.005300646 0.0004707101 0.01095 0.005329936 0.0003999995 0.01115 0.005329936 0.0003999995 -0.01208 -0.008670059 0.002899999 -0.01314 -0.009170059 0.002899999 -0.01208 -0.009170059 0.002899999 -0.01098771 -0.005430305 0.002899999 -0.01168 -0.008670059 0.002899999 -0.00808031 -0.005430305 0.002899999 -0.01168 -0.008770059 0.002899999 -0.01314 0.007329935 0.002899999 -0.01098771 0.004884083 0.002899999 -0.0109781 0.004981628 0.002899999 -0.01094965 0.005075425 0.002899999 -0.01090344 0.005161868 0.002899999 -0.01084126 0.005237637 0.002899999 -0.01076549 0.005299818 0.002899999 -0.01067905 0.005346023 0.002899999 -0.01058525 0.005374475 0.002899999 -0.01048771 0.005384083 0.002899999 -0.00858031 0.005384083 0.002899999 -0.008482765 0.005374475 0.002899999 -0.002493479 0.005162762 0.002899999 -0.002535133 0.005202254 0.002899999 -0.00808031 0.004884083 0.002899999 -0.002578205 0.005259926 0.002899999 -0.00225507 0.004967906 0.002899999 -0.002447318 0.005130225 0.002899999 -0.00239686 0.00510479 0.002899999 -0.002610121 0.005324501 0.002899999 -0.002342335 0.005086575 0.002899999 -0.002629738 0.005393666 0.002899999 -0.002113387 0.004922696 0.002899999 -0.002636352 0.005464941 0.002899999 -0.008089917 0.004981628 0.002899999 0.01168 -0.008770059 0.002899999 -0.002628924 0.005540899 0.002899999 -0.00811837 0.005075425 0.002899999 -0.002606907 0.00561387 0.002899999 -0.008164576 0.005161868 0.002899999 0.01168 -0.008670059 0.002899999 -0.002571162 0.005681004 0.002899999 -0.008226757 0.005237637 0.002899999 -0.002248929 0.005364681 0.002899999 -0.002446505 0.005340353 0.002899999 -0.002339925 0.005248044 0.002899999 -0.002484523 0.005469761 0.002899999 -0.002523083 0.005739679 0.002899999 -0.008302525 0.005299818 0.002899999 -0.00241373 0.005639966 0.002899999 -0.002463255 0.005788988 0.002899999 -0.008388968 0.005346023 0.002899999 -0.002395573 0.005825443 0.002899999 -0.002243526 0.005710759 0.002899999 -0.002113387 0.005407102 0.002899999 -0.001619341 0.005156464 0.002899999 -0.001943182 0.004993489 0.002899999 -0.001549452 0.005081755 0.002899999 -0.001872389 0.005187794 0.002899999 -0.001872389 0.005163694 0.002899999 -0.002115797 0.005674609 0.002899999 -0.002013447 0.005385696 0.002899999 -0.001407263 0.005081755 0.002899999 -0.002067371 0.005767695 0.002899999 -0.001534992 0.005366132 0.002899999 -0.001544632 0.005231174 0.002899999 -0.001530172 0.005228764 0.002899999 -0.001421723 0.005228764 0.002899999 -0.002084467 0.005956577 0.002899999 -0.002322311 0.005847817 0.002899999 -0.002245935 0.005855358 0.002899999 -0.002190506 0.005850538 0.002899999 -0.001609701 0.005493861 0.002899999 -0.001994093 0.005840898 0.002899999 -0.001932638 0.005325162 0.002899999 0.01314 -0.009170059 0.002899999 0.01208 -0.008670059 0.002899999 0.01208 -0.009170059 0.002899999 -0.002017474 0.005997257 0.002899999 -0.001900932 0.005888796 0.002899999 -0.001297911 0.00528841 0.002899999 -0.001946253 0.006026737 0.002899999 -0.00179286 0.005905967 0.002899999 -0.001455463 0.00560472 0.002899999 -0.001248205 0.005416742 0.002899999 -0.001436183 0.00560472 0.002899999 -0.00166965 0.00588262 0.002899999 -0.001491914 0.00572296 0.002899999 -0.001303333 0.005549592 0.002899999 -0.001566322 0.005818605 0.002899999 -0.0008211837 0.005082931 0.002899999 -0.001149985 0.005239966 0.002899999 -0.001187955 0.005190204 0.002899999 -0.001121878 0.005296038 0.002899999 -0.001346034 0.005092802 0.002899999 -0.001288008 0.005115025 0.002899999 -0.001234817 0.005147799 0.002899999 -0.001242481 0.005687563 0.002899999 -0.001360126 0.005786438 0.002899999 -0.001337374 0.005734859 0.002899999 -0.0005774473 0.005096274 0.002899999 -0.0006388796 0.005121575 0.002899999 -0.0006388796 0.005082931 0.002899999 -0.0005661163 0.005087936 0.002899999 -0.0005530077 0.005081979 0.002899999 -0.0005381254 0.005078403 0.002899999 -0.0005982424 0.005147742 0.002899999 -0.0006562089 0.005235601 0.002899999 -0.0007774273 0.005121575 0.002899999 -0.0007774273 0.005235601 0.002899999 -0.0008211837 0.005421891 0.002899999 -0.001117765 0.005523383 0.002899999 -0.001098786 0.005419152 0.002899999 -0.001104611 0.005356467 0.002899999 -0.0006562089 0.005274419 0.002899999 -0.0007774273 0.0053829 0.002899999 -0.0007774273 0.005274419 0.002899999 -0.0004461779 0.005082931 0.002899999 -0.000478394 0.005088009 0.002899999 -0.0004984436 0.005079912 0.002899999 -0.0004613425 0.005101496 0.002899999 -0.0004461779 0.005120362 0.002899999 -0.0004473043 0.005120362 0.002899999 -0.0005745879 0.005266794 0.002899999 -0.0005179211 0.005226764 0.002899999 -0.0005745879 0.005308038 0.002899999 -0.0006465911 0.0053829 0.002899999 -0.000331427 0.005085206 0.002899999 -0.0003461879 0.005091422 0.002899999 -0.0004037211 0.005082931 0.002899999 -0.0003155577 0.005080765 0.002899999 -0.0003461879 0.005135265 0.002899999 -0.0008211837 0.005620658 0.002899999 -0.001167471 0.005614962 0.002899999 -0.0006465911 0.005421891 0.002899999 -0.0004952198 0.005296081 0.002899999 -0.0004492447 0.005262735 0.002899999 -0.0004461779 0.005236814 0.002899999 -0.0004737711 0.005292375 0.002899999 -0.0001518399 0.00497237 0.002899999 -0.0002598513 0.005078415 0.002899999 -0.0002805099 0.005077212 0.002899999 -0.000298584 0.0050781 0.002899999 -0.0005214736 0.005077212 0.002899999 -0.0004584438 0.005281258 0.002899999 -0.0001457943 0.00497086 0.002899999 -0.000139189 0.004969775 0.002899999 -0.0001320633 0.004969122 0.002899999 -0.000491234 0.005330566 0.002899999 -0.0001244596 0.004968904 0.002899999 -0.0001518399 0.005010148 0.002899999 -0.000241198 0.005082026 0.002899999 -0.0002245686 0.005088038 0.002899999 -0.0002099796 0.005096447 0.002899999 -0.0003338841 0.005221392 0.002899999 -0.0003261228 0.005213434 0.002899999 -0.0004037211 0.005238721 0.002899999 -0.0003391478 0.005229705 0.002899999 -0.0003148057 0.005205423 0.002899999 -0.0003429128 0.005238868 0.002899999 -0.0002999635 0.005197382 0.002899999 -0.0003451739 0.005248867 0.002899999 -0.0002816363 0.005189332 0.002899999 -0.0002763508 0.00511187 0.002899999 -0.0001980503 0.005106829 0.002899999 -0.0003459279 0.005259689 0.002899999 -0.0002664111 0.005183345 0.002899999 -0.0002262692 0.005144623 0.002899999 -0.000238795 0.005120062 0.002899999 -0.000229401 0.005130298 0.002899999 -0.0002538837 0.005177718 0.002899999 -0.0002544472 0.005113918 0.002899999 -0.000244124 0.005172483 0.002899999 -0.0001895183 0.005119023 0.002899999 -0.0002371866 0.005167671 0.002899999 -8.425562e-05 0.005039434 0.002899999 -0.0001277521 0.005005295 0.002899999 -0.0003021715 0.005263502 0.002899999 -0.0002929003 0.005240973 0.002899999 -0.0002867886 0.005236534 0.002899999 -0.0006424321 0.005620658 0.002899999 -0.0002948816 0.005282283 0.002899999 -0.0003013579 0.00527046 0.002899999 -0.0002989227 0.005276734 0.002899999 -0.0002892611 0.005287069 0.002899999 -0.00027787 0.005231585 0.002899999 -6.562663e-05 0.00508345 0.002899999 -0.0001843946 0.005133014 0.002899999 -0.0002558156 0.005296081 0.002899999 -0.0002661548 0.00522613 0.002899999 -0.0002516566 0.005220179 0.002899999 -0.0005850722 0.005661209 0.002899999 -0.0006424321 0.005659303 0.002899999 -0.0006040966 0.005686196 0.002899999 -0.0001942966 0.005278578 0.002899999 -0.0002057747 0.005196911 0.002899999 -0.000196896 0.005188812 0.002899999 -0.0002179025 0.005204864 0.002899999 -0.000233221 0.005212632 0.002899999 -0.0001906814 0.00518025 0.002899999 -0.0006176905 0.005714953 0.002899999 -3.8333e-05 0.005142716 0.002899999 -4.985697e-05 0.005143063 0.002899999 -4.465818e-05 0.005123134 0.002899999 -4.353178e-05 0.005123134 0.002899999 -0.0006258489 0.005747467 0.002899999 -0.0007774273 0.005659303 0.002899999 -0.0008211837 0.00595962 0.002899999 -0.001389731 0.005835879 0.002899999 -0.001425718 0.005882395 0.002899999 -0.001467513 0.005925247 0.002899999 -0.001622036 0.006018302 0.002899999 -0.00179527 0.006050566 0.002899999 -0.0004686193 0.00561494 0.002899999 -0.0003187209 0.00531133 0.002899999 -0.0005109249 0.005662859 0.002899999 -0.0005493738 0.005689629 0.002899999 -0.000531427 0.005674016 0.002899999 -0.0006285687 0.005783727 0.002899999 -0.0001605912 0.005325021 0.002899999 -0.0002516566 0.005330566 0.002899999 -0.0001942966 0.005319822 0.002899999 -0.0004878771 0.005656163 0.002899999 -0.0007774273 0.00595962 0.002899999 -0.0004622941 0.005653931 0.002899999 0.000117544 0.005082931 0.002899999 -3.807306e-05 0.005046366 0.002899999 -0.0005826461 0.005786326 0.002899999 -0.0004380124 0.005655351 0.002899999 -0.0004153193 0.005659611 0.002899999 -0.0003747812 0.005634695 0.002899999 -0.0003942358 0.005666707 0.002899999 -0.000306937 0.005620658 0.002899999 -0.0003747812 0.005676632 0.002899999 -0.0005796134 0.00591543 0.002899999 2.777826e-05 0.005325021 0.002899999 -0.0001131089 0.005325021 0.002899999 0.0002998481 0.005082931 0.002899999 0.0003638799 0.005082931 0.002899999 0.0002998481 0.005121575 0.002899999 -0.0004546692 0.005925827 0.002899999 -0.0005470344 0.005888223 0.002899999 -0.0001246329 0.005620658 0.002899999 -0.0004551025 0.005965338 0.002899999 0.0002825189 0.005235601 0.002899999 0.0001613005 0.005235601 0.002899999 0.0001613005 0.005121575 0.002899999 -0.0003747812 0.005905725 0.002899999 0.000117544 0.005421891 0.002899999 7.179466e-05 0.005325021 0.002899999 0.0004571115 0.005082931 0.002899999 0.0002825189 0.005274419 0.002899999 0.0001613005 0.0053829 0.002899999 0.0001613005 0.005274419 0.002899999 -6.060113e-05 0.005620658 0.002899999 -0.0001246329 0.005659303 0.002899999 -0.0001419622 0.005773329 0.002899999 -0.0002631806 0.005659303 0.002899999 -0.0002631806 0.005773329 0.002899999 -0.000306937 0.00595962 0.002899999 -0.0003917613 0.005957535 0.002899999 -0.0003747812 0.005951475 0.002899999 -0.000410822 0.005961868 0.002899999 -0.0004319432 0.00596447 0.002899999 3.263046e-05 0.005620658 0.002899999 -0.0001419622 0.005812147 0.002899999 -0.0002631806 0.005920629 0.002899999 -0.0002631806 0.005812147 0.002899999 0.0002921366 0.0053829 0.002899999 7.108855e-05 0.005623627 0.002899999 0.0001058484 0.005632531 0.002899999 0.0006586511 0.005082931 0.002899999 0.0004955696 0.005085899 0.002899999 0.0005303295 0.005094803 0.002899999 0.0005613841 0.005109643 0.002899999 0.0005887275 0.005130413 0.002899999 0.0006110902 0.00515616 0.002899999 0.0003638799 0.005421891 0.002899999 0.0002921366 0.005421891 0.002899999 -0.0001323444 0.005920629 0.002899999 0.0007069998 0.005082931 0.002899999 0.0006270664 0.005185801 0.002899999 -0.0001323444 0.00595962 0.002899999 0.0002341701 0.005620658 0.002899999 0.0001369032 0.00564737 0.002899999 0.0001642464 0.00566814 0.002899999 0.0001866092 0.005693888 0.002899999 -6.060113e-05 0.00595962 0.002899999 0.0002825189 0.005620658 0.002899999 0.0002025854 0.005723529 0.002899999 0.000915298 0.005082931 0.002899999 0.0009636467 0.005082931 0.002899999 0.000880726 0.005175642 0.002899999 0.000739579 0.005175642 0.002899999 0.000490817 0.005620658 0.002899999 0.0004605773 0.005421891 0.002899999 0.0005391657 0.005620658 0.002899999 0.0005887275 0.005377008 0.002899999 0.000456245 0.00571337 0.002899999 0.0003150979 0.00571337 0.002899999 0.0007877544 0.005421891 0.002899999 0.0006398488 0.005256743 0.002899999 0.0008345435 0.005421891 0.002899999 0.0003632734 0.00595962 0.002899999 3.609632e-05 0.00595962 0.002899999 0.0001642464 0.005914736 0.002899999 0.0002153678 0.005794471 0.002899999 0.0004100624 0.00595962 0.002899999 0.01094 0.002329937 0.002899999 0.01314 0.0001299376 0.002899999 0.01115 0.002329937 0.002899999 0.01334999 0.0001299376 0.002899999 0.01094 0.007329935 0.002899999 -0.001871828 0.006044592 0.002899999 0.0002121721 0.005757059 0.002899999 0.0006366531 0.005219331 0.002899999 -0.0001862402 0.005170721 0.002899999 -0.0001835747 0.00516023 0.002899999 -0.000182686 0.005148782 0.002899999 0.01165 0.005329936 -1.000038e-05 0.01165 0.005574952 0.0001899996 0.01165 0.005329936 0.0001899996 0.01165 0.005574952 -1.000038e-05 0.01384999 -0.009170059 -1.000038e-05 0.01384999 -0.008925042 0.0001899996 0.01384999 -0.009170059 0.0001899996 0.01384999 -0.008925042 -1.000038e-05 -0.01384999 -0.00717006 0.0001899996 -0.01384999 -0.00717006 -1.000038e-05 -0.01384999 0.007329935 0.0001899996 -0.01384999 0.007329935 -1.000038e-05 -0.01168 -0.008670059 0.002699999 -0.01208 -0.008670059 0.002699999 -0.01314 -0.009170059 0.002699999 -0.01208 -0.009170059 0.002699999 0.01314 -0.009170059 0.002699999 0.01208 -0.009170059 0.002699999 -0.01334999 0.005129936 -3.798204e-10 -0.01314999 0.005129936 -3.798204e-10 -0.01334999 -0.00697006 -3.798204e-10 -0.01314999 -0.00697006 -3.798204e-10 -0.01334999 -0.009170059 0.002689999 -0.01334999 -0.00702841 0.002297493 -0.01334999 -0.007109516 0.0022433 -0.01334999 -0.007163709 0.002162194 -0.01334999 -0.006932739 0.002316524 -0.01334999 -0.007182739 0.002066524 -0.01334999 -0.006651262 0.001939944 -0.01334999 -0.006786561 0.001804645 -0.01334999 -0.006732368 0.001885751 -0.01334999 -0.006555591 0.001958974 -0.01334999 -0.006805591 0.001708975 -0.01334999 -0.007182739 0.0008918493 -0.01334999 -0.009170059 0.0001999995 -0.01334999 -0.007163709 0.0007961784 -0.01334999 -0.006805591 0.001262949 -0.01334999 -0.006732368 0.001086172 -0.01334999 -0.006786561 0.001167278 -0.01334999 -0.006651262 0.001031979 -0.01334999 -0.007109516 0.0007150726 -0.01334999 -0.00714077 0.0004707101 -0.01334999 -0.00717006 0.0003999995 -0.01334999 -0.00702841 0.0006608794 -0.01334999 -0.00707006 0.0004999994 -0.01334999 -0.006555591 0.001012949 -0.01334999 -0.006932739 0.0006418493 -0.01334999 -0.006999349 0.0004707101 -0.01334999 -0.00697006 0.0003999995 -0.01334999 -0.00717006 0.0001999995 -0.01334999 -0.003561793 0.001958974 -0.01334999 -0.003561793 0.001012949 -0.01334999 0.007329935 0.002689999 -0.01334999 0.005159225 0.0004707101 -0.01334999 -0.003561793 0.002316524 -0.01334999 0.005129936 0.0003999995 -0.01334999 -0.003561793 0.0006418493 -0.01334999 0.005229936 0.0004999994 -0.01334999 0.005300646 0.0004707101 -0.01334999 0.007329935 0.0001999995 -0.01334999 0.005329936 0.0003999995 -0.01334999 0.005329936 0.0001999995 -0.01314999 -0.00702841 0.002297493 -0.01314999 -0.009170059 0.002689999 -0.01314999 -0.007109516 0.0022433 -0.01314999 -0.007163709 0.002162194 -0.01314999 -0.006932739 0.002316524 -0.01314999 -0.007182739 0.002066524 -0.01314999 -0.006555591 0.001958974 -0.01314999 -0.006651262 0.001939944 -0.01314999 -0.006732368 0.001885751 -0.01314999 -0.006786561 0.001804645 -0.01314999 -0.006805591 0.001708975 -0.01314999 -0.007182739 0.0008918493 -0.01314999 -0.009170059 0.0001999995 -0.01314999 -0.007163709 0.0007961784 -0.01314999 -0.006732368 0.001086172 -0.01314999 -0.006805591 0.001262949 -0.01314999 -0.006786561 0.001167278 -0.01314999 -0.006651262 0.001031979 -0.01314999 -0.00714077 0.0004707101 -0.01314999 -0.007109516 0.0007150726 -0.01314999 -0.00707006 0.0004999994 -0.01314999 -0.00702841 0.0006608794 -0.01314999 -0.00717006 0.0003999995 -0.01314999 -0.006555591 0.001012949 -0.01314999 -0.006999349 0.0004707101 -0.01314999 -0.006932739 0.0006418493 -0.01314999 -0.00697006 0.0003999995 -0.01314999 -0.00717006 0.0001999995 -0.01314999 -0.003561793 0.001012949 -0.01314999 -0.003561793 0.001958974 -0.01314999 0.005159225 0.0004707101 -0.01314999 0.007329935 0.002689999 -0.01314999 -0.003561793 0.002316524 -0.01314999 0.005229936 0.0004999994 -0.01314999 0.005129936 0.0003999995 -0.01314999 -0.003561793 0.0006418493 -0.01314999 0.005300646 0.0004707101 -0.01314999 0.007329935 0.0001999995 -0.01314999 0.005329936 0.0003999995 -0.01314999 0.005329936 0.0001999995 0.01314999 0.0001299376 -3.798204e-10 0.01334999 0.0001299376 -3.798204e-10 0.01314999 -0.00697006 -3.798204e-10 0.01334999 -0.00697006 -3.798204e-10 0.01314999 -0.009170059 0.0001999995 0.01334999 -0.009170059 0.002689999 0.01314999 -0.009170059 0.002689999 0.01334999 -0.009170059 0.0001999995 0.01334999 -0.00717006 0.0001999995 0.01334999 0.0001299376 0.002689999 0.01314999 -0.00717006 0.0001999995 0.01314999 0.0001299376 0.002689999 0.01095 0.007329935 0.002689999 0.01115 0.007329935 0.002689999 0.01095 0.007329935 0.0001999995 0.01115 0.007329935 0.0001999995 0.01115 0.005129936 -3.798204e-10 0.01115 0.002329937 -3.798204e-10 0.01115 0.002329937 0.002689999 0.01115 0.005329936 0.0001999995 0.01095 0.005129936 -3.798204e-10 0.01095 0.002329937 -3.798204e-10 0.01095 0.002329937 0.002689999 0.01095 0.005329936 0.0001999995 0.01113102 0.002329937 0.002777232 0.01108491 0.002329937 0.002841981 0.01101805 0.002329937 0.002884955 0.01114988 0.002329937 0.002699991 0.01321805 0.0001299376 0.002884955 0.01328491 0.0001299376 0.002841981 0.01333102 0.0001299376 0.002777232 0.01334988 0.0001299376 0.002699991 -0.01098771 -0.005430305 0.002699999 -0.00808031 -0.005430305 0.002699999 -0.01168 -0.008770059 0.002699999 -0.01314 0.007329935 0.002699999 -0.01098771 0.004884083 0.002699999 -0.0109781 0.004981628 0.002699999 -0.01094965 0.005075425 0.002699999 -0.01090344 0.005161868 0.002699999 -0.01084126 0.005237637 0.002699999 -0.01076549 0.005299818 0.002699999 -0.01067905 0.005346023 0.002699999 -0.01058525 0.005374475 0.002699999 -0.01048771 0.005384083 0.002699999 -0.00858031 0.005384083 0.002699999 -0.008482765 0.005374475 0.002699999 0.01168 -0.008770059 0.002699999 0.01168 -0.008670059 0.002699999 0.01208 -0.008670059 0.002699999 -0.00808031 0.004884083 0.002699999 0.01094 0.002329937 0.002699999 0.01314 0.0001299376 0.002699999 -0.008089917 0.004981628 0.002699999 0.01094 0.007329935 0.002699999 -0.00811837 0.005075425 0.002699999 -0.008164576 0.005161868 0.002699999 -0.008226757 0.005237637 0.002699999 -0.008302525 0.005299818 0.002699999 -0.008388968 0.005346023 0.002699999 -0.01314499 -0.009170059 0.002698659 -0.01322036 -0.009170059 0.002884013 -0.01328849 -0.009170059 0.002838491 -0.01314865 -0.009170059 0.002694999 -0.01333401 -0.009170059 0.002770362 -0.01328849 0.007329935 0.002838491 -0.01314865 0.007329935 0.002694999 -0.01333401 0.007329935 0.002770362 -0.01322036 0.007329935 0.002884013 -0.01314499 0.007329935 0.002698659 0.01334997 0.0001299376 0.002693329 0.01334989 0.0001299376 0.002696658 0.01314865 0.0001299376 0.002694999 0.01314499 0.0001299376 0.002698659 0.01333401 -0.009170059 0.002770362 0.01314865 -0.009170059 0.002694999 0.01322036 -0.009170059 0.002884013 0.01314499 -0.009170059 0.002698659 0.01328849 -0.009170059 0.002838491 0.01113401 0.007329935 0.002770362 0.01094866 0.007329935 0.002694999 0.01102036 0.007329935 0.002884013 0.010945 0.007329935 0.002698659 0.01108849 0.007329935 0.002838491 0.01114997 0.002329937 0.002693329 0.01114989 0.002329937 0.002696658 0.01094866 0.002329937 0.002694999 0.010945 0.002329937 0.002698659 0.01096598 0.005329936 0.0001196361 0.01115134 0.005329936 0.0001949995 0.0110115 0.005329936 5.150718e-05 0.011155 0.005329936 0.0001913393 0.01107963 0.005329936 5.984916e-06 0.01116 0.005329936 0.0001899996 0.01116 0.005329936 -1.000038e-05 0.01096598 0.007329935 0.0001196361 0.01115134 0.007329935 0.0001949995 0.0110115 0.007329935 5.150718e-05 0.011155 0.007329935 0.0001913393 0.01116 0.007329935 0.0001899996 0.01107963 0.007329935 5.984916e-06 0.01116 0.007329935 -1.000038e-05 0.01165 0.007329935 0.0001899996 0.01165 0.007329935 -1.000038e-05 0.01158606 0.005649042 -1.000038e-05 0.01152896 0.005728521 -1.000038e-05 0.01147916 0.00581276 -1.000038e-05 0.01143703 0.005901092 -1.000038e-05 0.01140293 0.005992819 -1.000038e-05 0.01137711 0.006087214 -1.000038e-05 0.01135978 0.006183529 -1.000038e-05 0.01135108 0.006281004 -1.000038e-05 0.01147916 0.006847111 -1.000038e-05 0.01152896 0.00693135 -1.000038e-05 0.01143703 0.006758779 -1.000038e-05 0.01140293 0.006667052 -1.000038e-05 0.01137711 0.006572657 -1.000038e-05 0.01135978 0.006476341 -1.000038e-05 0.01135108 0.006378866 -1.000038e-05 0.01158606 0.007010829 -1.000038e-05 0.01165 0.007084918 -1.000038e-05 0.01158606 0.005649042 0.0001899996 0.01152896 0.005728521 0.0001899996 0.01147916 0.00581276 0.0001899996 0.01143703 0.005901092 0.0001899996 0.01140293 0.005992819 0.0001899996 0.01137711 0.006087214 0.0001899996 0.01135978 0.006183529 0.0001899996 0.01135108 0.006281004 0.0001899996 0.01147916 0.006847111 0.0001899996 0.01152896 0.00693135 0.0001899996 0.01143703 0.006758779 0.0001899996 0.01140293 0.006667052 0.0001899996 0.01137711 0.006572657 0.0001899996 0.01135978 0.006476341 0.0001899996 0.01135108 0.006378866 0.0001899996 0.01158606 0.007010829 0.0001899996 0.01165 0.007084918 0.0001899996 0.01316598 -0.009170059 0.0001196361 0.01335133 -0.009170059 0.0001949995 0.0132115 -0.009170059 5.150718e-05 0.01335499 -0.009170059 0.0001913393 0.01327963 -0.009170059 5.984916e-06 0.01335999 -0.009170059 0.0001899996 0.01335999 -0.009170059 -1.000038e-05 0.01316598 -0.00717006 0.0001196361 0.01335133 -0.00717006 0.0001949995 0.0132115 -0.00717006 5.150718e-05 0.01335499 -0.00717006 0.0001913393 0.01335999 -0.00717006 0.0001899996 0.01327963 -0.00717006 5.984916e-06 0.01335999 -0.00717006 -1.000038e-05 0.01384999 -0.00717006 0.0001899996 0.01384999 -0.00717006 -1.000038e-05 0.01378606 -0.008850953 -1.000038e-05 0.01372896 -0.008771474 -1.000038e-05 0.01367916 -0.008687235 -1.000038e-05 0.01363703 -0.008598903 -1.000038e-05 0.01360293 -0.008507175 -1.000038e-05 0.01357711 -0.008412781 -1.000038e-05 0.01355978 -0.008316465 -1.000038e-05 0.01355108 -0.00821899 -1.000038e-05 0.01367916 -0.007652884 -1.000038e-05 0.01372896 -0.007568645 -1.000038e-05 0.01363703 -0.007741216 -1.000038e-05 0.01360293 -0.007832943 -1.000038e-05 0.01357711 -0.007927338 -1.000038e-05 0.01355978 -0.008023654 -1.000038e-05 0.01355108 -0.008121128 -1.000038e-05 0.01378606 -0.007489166 -1.000038e-05 0.01384999 -0.007415076 -1.000038e-05 0.01378606 -0.008850953 0.0001899996 0.01372896 -0.008771474 0.0001899996 0.01367916 -0.008687235 0.0001899996 0.01363703 -0.008598903 0.0001899996 0.01360293 -0.008507175 0.0001899996 0.01357711 -0.008412781 0.0001899996 0.01355978 -0.008316465 0.0001899996 0.01355108 -0.00821899 0.0001899996 0.01367916 -0.007652884 0.0001899996 0.01372896 -0.007568645 0.0001899996 0.01363703 -0.007741216 0.0001899996 0.01360293 -0.007832943 0.0001899996 0.01357711 -0.007927338 0.0001899996 0.01355978 -0.008023654 0.0001899996 0.01355108 -0.008121128 0.0001899996 0.01378606 -0.007489166 0.0001899996 0.01384999 -0.007415076 0.0001899996 -0.01335999 -0.00717006 0.0001899996 -0.01327963 -0.00717006 5.984916e-06 -0.01335999 -0.00717006 -1.000038e-05 -0.01335499 -0.00717006 0.0001913393 -0.0132115 -0.00717006 5.150718e-05 -0.01335133 -0.00717006 0.0001949995 -0.01316598 -0.00717006 0.0001196361 -0.01327963 -0.009170059 5.984916e-06 -0.01335999 -0.009170059 0.0001899996 -0.01335999 -0.009170059 -1.000038e-05 -0.01335499 -0.009170059 0.0001913393 -0.0132115 -0.009170059 5.150718e-05 -0.01335133 -0.009170059 0.0001949995 -0.01316598 -0.009170059 0.0001196361 -0.01384999 -0.009170059 0.0001899996 -0.01384999 -0.009170059 -1.000038e-05 -0.01335999 0.007329935 0.0001899996 -0.01327963 0.007329935 5.984916e-06 -0.01335999 0.007329935 -1.000038e-05 -0.01335499 0.007329935 0.0001913393 -0.0132115 0.007329935 5.150718e-05 -0.01335133 0.007329935 0.0001949995 -0.01316598 0.007329935 0.0001196361 -0.01327963 0.005329936 5.984916e-06 -0.01335999 0.005329936 0.0001899996 -0.01335999 0.005329936 -1.000038e-05 -0.01335499 0.005329936 0.0001913393 -0.0132115 0.005329936 5.150718e-05 -0.01335133 0.005329936 0.0001949995 -0.01316598 0.005329936 0.0001196361 -0.01384999 0.005329936 0.0001899996 -0.01384999 0.005329936 -1.000038e-05 -0.01168 -0.008771277 0.002900073 -0.01168 -0.008787145 0.002700695 -0.01168 -0.008795651 0.002701564 -0.01168 -0.008770873 0.002900032 -0.01168 -0.008778609 0.002700173 -0.01168 -0.008770466 0.002900007 0.01168 -0.008787145 0.002700695 0.01168 -0.008771277 0.002900073 0.01168 -0.008795651 0.002701564 0.01168 -0.008778609 0.002700173 0.01168 -0.008770873 0.002900032 0.01168 -0.008770466 0.002900007 -0.01168 -0.009155548 0.002947256 -0.01168 -0.009179921 0.002748746 0.01168 -0.009179921 0.002748746 0.01168 -0.009155548 0.002947256 -0.0006424321 0.005659303 0.002909999 -0.0006424321 0.005620658 0.002909999 -0.0007774273 0.005659303 0.002909999 -0.0007774273 0.00595962 0.002909999 -0.0008211837 0.00595962 0.002909999 -0.0008211837 0.005620658 0.002909999 -0.0004686193 0.00561494 0.002909999 -0.0003747812 0.005634695 0.002909999 -0.0003747812 0.005676632 0.002909999 -0.0003942358 0.005666707 0.002909999 -0.0004153193 0.005659611 0.002909999 -0.0004380124 0.005655351 0.002909999 -0.0004622941 0.005653931 0.002909999 -0.0004878771 0.005656163 0.002909999 -0.0005109249 0.005662859 0.002909999 -0.000531427 0.005674016 0.002909999 -0.0005493738 0.005689629 0.002909999 -0.0005826461 0.005786326 0.002909999 -0.0005470344 0.005888223 0.002909999 -0.0004546692 0.005925827 0.002909999 -0.0003747812 0.005905725 0.002909999 -0.0003747812 0.005951475 0.002909999 -0.0003917613 0.005957535 0.002909999 -0.000410822 0.005961868 0.002909999 -0.0004319432 0.00596447 0.002909999 -0.0004551025 0.005965338 0.002909999 -0.0005796134 0.00591543 0.002909999 -0.0006285687 0.005783727 0.002909999 -0.0006258489 0.005747467 0.002909999 -0.0006176905 0.005714953 0.002909999 -0.0006040966 0.005686196 0.002909999 -0.0005850722 0.005661209 0.002909999 -0.0001246329 0.005659303 0.002909999 -0.0001246329 0.005620658 0.002909999 -0.0002631806 0.005659303 0.002909999 -0.0002631806 0.005773329 0.002909999 -0.0001419622 0.005773329 0.002909999 -0.0001419622 0.005812147 0.002909999 -0.0002631806 0.005812147 0.002909999 -0.0002631806 0.005920629 0.002909999 -0.0001323444 0.005920629 0.002909999 -0.0001323444 0.00595962 0.002909999 -0.000306937 0.00595962 0.002909999 -0.000306937 0.005620658 0.002909999 3.263046e-05 0.005620658 0.002909999 -1.684467e-05 0.005659303 0.002909999 -6.060113e-05 0.005620658 0.002909999 3.237052e-05 0.005659303 0.002909999 6.290182e-05 0.005661513 0.002909999 7.108855e-05 0.005623627 0.002909999 8.987972e-05 0.005668144 0.002909999 0.0001058484 0.005632531 0.002909999 0.0001132952 0.005679192 0.002909999 0.0001369032 0.00564737 0.002909999 0.0001331404 0.005694654 0.002909999 0.0001642464 0.00566814 0.002909999 0.0001489809 0.005713958 0.002909999 0.0001866092 0.005693888 0.002909999 0.0001603003 0.005736833 0.002909999 -1.684467e-05 0.005920629 0.002909999 -6.060113e-05 0.00595962 0.002909999 0.0002025854 0.005723529 0.002909999 0.0001670938 0.00576327 0.002909999 0.0002121721 0.005757059 0.002909999 0.0001693586 0.005793258 0.002909999 3.609632e-05 0.00595962 0.002909999 3.436339e-05 0.005920629 0.002909999 6.325677e-05 0.005918635 0.002909999 8.919492e-05 0.005912655 0.002909999 0.0002153678 0.005794471 0.002909999 0.0001670334 0.00582303 0.002909999 0.0001600594 0.00584888 0.002909999 0.0001642464 0.005914736 0.002909999 0.0001121731 0.005902691 0.002909999 0.0001321872 0.005888742 0.002909999 0.0001484414 0.005870789 0.002909999 3.436339e-05 0.005920629 0.002899999 -1.684467e-05 0.005920629 0.002899999 -1.684467e-05 0.005659303 0.002899999 3.237052e-05 0.005659303 0.002899999 6.290182e-05 0.005661513 0.002899999 8.987972e-05 0.005668144 0.002899999 0.0001132952 0.005679192 0.002899999 0.0001331404 0.005694654 0.002899999 0.0001489809 0.005713958 0.002899999 0.0001603003 0.005736833 0.002899999 0.0001670938 0.00576327 0.002899999 0.0001693586 0.005793258 0.002899999 0.0001670334 0.00582303 0.002899999 0.0001600594 0.00584888 0.002899999 0.0001484414 0.005870789 0.002899999 0.0001321872 0.005888742 0.002899999 0.0001121731 0.005902691 0.002899999 8.919492e-05 0.005912655 0.002899999 6.325677e-05 0.005918635 0.002899999 0.0005391657 0.005620658 0.002909999 0.000456245 0.00571337 0.002909999 0.000490817 0.005620658 0.002909999 0.0004427282 0.005751668 0.002909999 0.0002825189 0.005620658 0.002909999 0.0003150979 0.00571337 0.002909999 0.0002341701 0.005620658 0.002909999 0.0003289613 0.005751668 0.002909999 0.0004100624 0.00595962 0.002909999 0.0003915201 0.005892555 0.002909999 0.0003862347 0.005916296 0.002909999 0.0003632734 0.00595962 0.002909999 0.0003851949 0.005916296 0.002909999 0.0003796495 0.005892555 0.002909999 0.0004427282 0.005751668 0.002899999 0.0003289613 0.005751668 0.002899999 0.0003915201 0.005892555 0.002899999 0.0003862347 0.005916296 0.002899999 0.0003851949 0.005916296 0.002899999 0.0003796495 0.005892555 0.002899999 -0.0006388796 0.005121575 0.002909999 -0.0006388796 0.005082931 0.002909999 -0.0007774273 0.005121575 0.002909999 -0.0007774273 0.005235601 0.002909999 -0.0006562089 0.005235601 0.002909999 -0.0006562089 0.005274419 0.002909999 -0.0007774273 0.005274419 0.002909999 -0.0007774273 0.0053829 0.002909999 -0.0006465911 0.0053829 0.002909999 -0.0006465911 0.005421891 0.002909999 -0.0008211837 0.005421891 0.002909999 -0.0008211837 0.005082931 0.002909999 -0.0005428753 0.005122961 0.002909999 -0.0005774473 0.005096274 0.002909999 -0.0005661163 0.005087936 0.002909999 -0.0005362712 0.005118188 0.002909999 -0.0005530077 0.005081979 0.002909999 -0.0005381254 0.005078403 0.002909999 -0.0005286632 0.005114776 0.002909999 -0.0005200596 0.005112727 0.002909999 -0.0005214736 0.005077212 0.002909999 -0.0005551791 0.005151208 0.002909999 -0.0005982424 0.005147742 0.002909999 -0.0005104696 0.005112043 0.002909999 -0.0004984436 0.005079912 0.002909999 -0.0005544737 0.005160492 0.002909999 -0.0004970893 0.005113281 0.002909999 -0.000478394 0.005088009 0.002909999 -0.0005523584 0.005168708 0.002909999 -0.0005488369 0.005175841 0.002909999 -0.0004849343 0.00511699 0.002909999 -0.0004613425 0.005101496 0.002909999 -0.0004740235 0.005123166 0.002909999 -0.0004473043 0.005120362 0.002909999 -0.0004643736 0.005131799 0.002909999 -0.0004461779 0.005120362 0.002909999 -0.0004037211 0.005082931 0.002909999 -0.0004461779 0.005082931 0.002909999 -0.0005179211 0.005226764 0.002909999 -0.0005439151 0.00518188 0.002909999 -0.0005028447 0.005196784 0.002909999 -0.0004461779 0.005181188 0.002909999 -0.0004461779 0.005236814 0.002909999 -0.0004461779 0.005204409 0.002909999 -0.0004952198 0.005296081 0.002909999 -0.0005745879 0.005308038 0.002909999 -0.0005745879 0.005266794 0.002909999 -0.0004037211 0.005238721 0.002909999 -0.0004584438 0.005281258 0.002909999 -0.0004492447 0.005262735 0.002909999 -0.000491234 0.005330566 0.002909999 -0.0004737711 0.005292375 0.002909999 -0.0005439151 0.00518188 0.002899999 -0.0005028447 0.005196784 0.002899999 -0.0005488369 0.005175841 0.002899999 -0.0005523584 0.005168708 0.002899999 -0.0005544737 0.005160492 0.002899999 -0.0005551791 0.005151208 0.002899999 -0.0005428753 0.005122961 0.002899999 -0.0005362712 0.005118188 0.002899999 -0.0005286632 0.005114776 0.002899999 -0.0005200596 0.005112727 0.002899999 -0.0005104696 0.005112043 0.002899999 -0.0004970893 0.005113281 0.002899999 -0.0004849343 0.00511699 0.002899999 -0.0004740235 0.005123166 0.002899999 -0.0004643736 0.005131799 0.002899999 -0.0004461779 0.005181188 0.002899999 -0.0004461779 0.005204409 0.002899999 -0.0002763508 0.00511187 0.002909999 -0.0003461879 0.005135265 0.002909999 -0.0003461879 0.005091422 0.002909999 -0.000331427 0.005085206 0.002909999 -0.0003155577 0.005080765 0.002909999 -0.000298584 0.0050781 0.002909999 -0.0002805099 0.005077212 0.002909999 -0.0002598513 0.005078415 0.002909999 -0.000241198 0.005082026 0.002909999 -0.0002245686 0.005088038 0.002909999 -0.0002099796 0.005096447 0.002909999 -0.0001980503 0.005106829 0.002909999 -0.0001895183 0.005119023 0.002909999 -0.0001843946 0.005133014 0.002909999 -0.000182686 0.005148782 0.002909999 -0.0001835747 0.00516023 0.002909999 -0.0001862402 0.005170721 0.002909999 -0.0001906814 0.00518025 0.002909999 -0.000196896 0.005188812 0.002909999 -0.0002057747 0.005196911 0.002909999 -0.0002179025 0.005204864 0.002909999 -0.000233221 0.005212632 0.002909999 -0.0002516566 0.005220179 0.002909999 -0.0002661548 0.00522613 0.002909999 -0.00027787 0.005231585 0.002909999 -0.0002867886 0.005236534 0.002909999 -0.0002929003 0.005240973 0.002909999 -0.0003021715 0.005263502 0.002909999 -0.0003013579 0.00527046 0.002909999 -0.0002989227 0.005276734 0.002909999 -0.0002948816 0.005282283 0.002909999 -0.0002892611 0.005287069 0.002909999 -0.0002558156 0.005296081 0.002909999 -0.0001942966 0.005278578 0.002909999 -0.0001942966 0.005319822 0.002909999 -0.0002516566 0.005330566 0.002909999 -0.0003187209 0.00531133 0.002909999 -0.0003459279 0.005259689 0.002909999 -0.0003451739 0.005248867 0.002909999 -0.0003429128 0.005238868 0.002909999 -0.0003391478 0.005229705 0.002909999 -0.0003338841 0.005221392 0.002909999 -0.0003261228 0.005213434 0.002909999 -0.0003148057 0.005205423 0.002909999 -0.0002999635 0.005197382 0.002909999 -0.0002816363 0.005189332 0.002909999 -0.0002664111 0.005183345 0.002909999 -0.0002538837 0.005177718 0.002909999 -0.000244124 0.005172483 0.002909999 -0.0002371866 0.005167671 0.002909999 -0.0002262692 0.005144623 0.002909999 -0.000229401 0.005130298 0.002909999 -0.000238795 0.005120062 0.002909999 -0.0002544472 0.005113918 0.002909999 7.179466e-05 0.005325021 0.002909999 2.777826e-05 0.005325021 0.002909999 -3.8333e-05 0.005142716 0.002909999 -4.353178e-05 0.005123134 0.002909999 -4.465818e-05 0.005123134 0.002909999 -4.985697e-05 0.005143063 0.002909999 -0.0001131089 0.005325021 0.002909999 -0.0001605912 0.005325021 0.002909999 -6.562663e-05 0.00508345 0.002909999 -8.425562e-05 0.005039434 0.002909999 -0.0001277521 0.005005295 0.002909999 -0.0001518399 0.005010148 0.002909999 -0.0001518399 0.00497237 0.002909999 -0.0001457943 0.00497086 0.002909999 -0.000139189 0.004969775 0.002909999 -0.0001320633 0.004969122 0.002909999 -0.0001244596 0.004968904 0.002909999 -3.807306e-05 0.005046366 0.002909999 0.0002998481 0.005121575 0.002909999 0.0002998481 0.005082931 0.002909999 0.0001613005 0.005121575 0.002909999 0.0001613005 0.005235601 0.002909999 0.0002825189 0.005235601 0.002909999 0.0002825189 0.005274419 0.002909999 0.0001613005 0.005274419 0.002909999 0.0001613005 0.0053829 0.002909999 0.0002921366 0.0053829 0.002909999 0.0002921366 0.005421891 0.002909999 0.000117544 0.005421891 0.002909999 0.000117544 0.005082931 0.002909999 0.0004571115 0.005082931 0.002909999 0.0004076363 0.005121575 0.002909999 0.0003638799 0.005082931 0.002909999 0.0004568515 0.005121575 0.002909999 0.0004873828 0.005123785 0.002909999 0.0004955696 0.005085899 0.002909999 0.0005143607 0.005130415 0.002909999 0.0005303295 0.005094803 0.002909999 0.0005377762 0.005141464 0.002909999 0.0005613841 0.005109643 0.002909999 0.0005576214 0.005156927 0.002909999 0.0005887275 0.005130413 0.002909999 0.0005734619 0.00517623 0.002909999 0.0006110902 0.00515616 0.002909999 0.0005847813 0.005199105 0.002909999 0.0004076363 0.0053829 0.002909999 0.0003638799 0.005421891 0.002909999 0.0006270664 0.005185801 0.002909999 0.0005915748 0.005225542 0.002909999 0.0006366531 0.005219331 0.002909999 0.0005938396 0.00525553 0.002909999 0.0004605773 0.005421891 0.002909999 0.0004588444 0.0053829 0.002909999 0.0004877378 0.005380907 0.002909999 0.0005136759 0.005374928 0.002909999 0.0006398488 0.005256743 0.002909999 0.0005915144 0.005285302 0.002909999 0.0005845404 0.005311152 0.002909999 0.0005887275 0.005377008 0.002909999 0.0005366542 0.005364963 0.002909999 0.0005566683 0.005351015 0.002909999 0.0005729224 0.005333061 0.002909999 0.0004588444 0.0053829 0.002899999 0.0004076363 0.0053829 0.002899999 0.0004076363 0.005121575 0.002899999 0.0004568515 0.005121575 0.002899999 0.0004873828 0.005123785 0.002899999 0.0005143607 0.005130415 0.002899999 0.0005377762 0.005141464 0.002899999 0.0005576214 0.005156927 0.002899999 0.0005734619 0.00517623 0.002899999 0.0005847813 0.005199105 0.002899999 0.0005915748 0.005225542 0.002899999 0.0005938396 0.00525553 0.002899999 0.0005915144 0.005285302 0.002899999 0.0005845404 0.005311152 0.002899999 0.0005729224 0.005333061 0.002899999 0.0005566683 0.005351015 0.002899999 0.0005366542 0.005364963 0.002899999 0.0005136759 0.005374928 0.002899999 0.0004877378 0.005380907 0.002899999 0.0009636467 0.005082931 0.002909999 0.000880726 0.005175642 0.002909999 0.000915298 0.005082931 0.002909999 0.0008672092 0.00521394 0.002909999 0.0007069998 0.005082931 0.002909999 0.000739579 0.005175642 0.002909999 0.0006586511 0.005082931 0.002909999 0.0007534423 0.00521394 0.002909999 0.0008345435 0.005421891 0.002909999 0.0008160011 0.005354827 0.002909999 0.0008107157 0.005378568 0.002909999 0.0007877544 0.005421891 0.002909999 0.0008096759 0.005378568 0.002909999 0.0008041306 0.005354827 0.002909999 0.0008672092 0.00521394 0.002899999 0.0007534423 0.00521394 0.002899999 0.0008160011 0.005354827 0.002899999 0.0008107157 0.005378568 0.002899999 0.0008096759 0.005378568 0.002899999 0.0008041306 0.005354827 0.002899999 -0.001149985 0.005239966 0.002909999 -0.001297911 0.00528841 0.002909999 -0.001187955 0.005190204 0.002909999 -0.001121878 0.005296038 0.002909999 -0.001234817 0.005147799 0.002909999 -0.001288008 0.005115025 0.002909999 -0.001421723 0.005228764 0.002909999 -0.001346034 0.005092802 0.002909999 -0.001407263 0.005081755 0.002909999 -0.001104611 0.005356467 0.002909999 -0.001248205 0.005416742 0.002909999 -0.001098786 0.005419152 0.002909999 -0.001117765 0.005523383 0.002909999 -0.001530172 0.005228764 0.002909999 -0.001549452 0.005081755 0.002909999 -0.001619341 0.005156464 0.002909999 -0.001544632 0.005231174 0.002909999 -0.001303333 0.005549592 0.002909999 -0.001167471 0.005614962 0.002909999 -0.001242481 0.005687563 0.002909999 -0.001337374 0.005734859 0.002909999 -0.001436183 0.00560472 0.002909999 -0.001943182 0.004993489 0.002909999 -0.002115797 0.005067295 0.002909999 -0.002113387 0.004922696 0.002909999 -0.001872389 0.005187794 0.002909999 -0.002021808 0.005161284 0.002909999 -0.001872389 0.005163694 0.002909999 -0.001491914 0.00572296 0.002909999 -0.001455463 0.00560472 0.002909999 -0.001360126 0.005786438 0.002909999 -0.00225507 0.004967906 0.002909999 -0.001389731 0.005835879 0.002909999 -0.001932638 0.005325162 0.002909999 -0.001609701 0.005493861 0.002909999 -0.001534992 0.005366132 0.002909999 -0.001425718 0.005882395 0.002909999 -0.002209786 0.005161284 0.002909999 -0.002115797 0.005255273 0.002909999 -0.001566322 0.005818605 0.002909999 -0.001467513 0.005925247 0.002909999 -0.00201345 0.005385697 0.002909999 -0.002342335 0.005086575 0.002909999 -0.002113387 0.005407102 0.002909999 -0.00166965 0.00588262 0.002909999 -0.00239686 0.00510479 0.002909999 -0.002339925 0.005248044 0.002909999 -0.002447318 0.005130225 0.002909999 -0.002248929 0.005364681 0.002909999 -0.001622036 0.006018302 0.002909999 -0.002493479 0.005162762 0.002909999 -0.00179286 0.005905967 0.002909999 -0.002446505 0.005340353 0.002909999 -0.002535133 0.005202254 0.002909999 -0.002578205 0.005259926 0.002909999 -0.00179527 0.006050566 0.002909999 -0.001871828 0.006044592 0.002909999 -0.001900932 0.005888796 0.002909999 -0.002610121 0.005324501 0.002909999 -0.002067371 0.005767695 0.002909999 -0.002243526 0.005710759 0.002909999 -0.002115797 0.005674609 0.002909999 -0.001946253 0.006026737 0.002909999 -0.002017474 0.005997257 0.002909999 -0.001994093 0.005840898 0.002909999 -0.002629738 0.005393666 0.002909999 -0.002484523 0.005469761 0.002909999 -0.002190506 0.005850538 0.002909999 -0.002084467 0.005956577 0.002909999 -0.002245935 0.005855358 0.002909999 -0.002636352 0.005464941 0.002909999 -0.002628924 0.005540899 0.002909999 -0.002322311 0.005847817 0.002909999 -0.002606907 0.00561387 0.002909999 -0.00241373 0.005639966 0.002909999 -0.002395573 0.005825443 0.002909999 -0.002571162 0.005681004 0.002909999 -0.002463255 0.005788988 0.002909999 -0.002523083 0.005739679 0.002909999 -0.002021808 0.005161284 0.002899999 -0.002115797 0.005067295 0.002899999 -0.002115797 0.005255273 0.002899999 -0.002209786 0.005161284 0.002899999</float_array>
          <technique_common>
            <accessor count="2715" source="#cubeverts-array0-array" stride="3">
              <param type="float" name="X"/>
              <param type="float" name="Y"/>
              <param type="float" name="Z"/>
            </accessor>
          </technique_common>
        </source>
        <source id="cubenormals-array0">
          <float_array count="16254" id="cubenormals-array0-array">-0 -0 -1 0 0 -1 0 1 0 0 1 0 0 0 1 0 -0 1 0 0.9517086 0.3070032 0 0.9517086 0.3070032 0 0.1047035 0.9945035 -0 0.1047035 0.9945035 -0 0.3095213 0.9508926 0 0.3095213 0.9508926 -0 0.5007637 0.865584 0 0.5007637 0.865584 -0 0.6700464 0.7423192 0 0.6700464 0.7423192 -0 0.8099492 0.5865002 0 0.8099492 0.5865002 -0 0.9143339 0.4049611 0 0.9143339 0.4049611 0 0 1 0 -0 1 0 -1 0 0 -1 0 -0 -0 -1 0 0 -1 0 -0.2082568 -0.9780741 0 -0.2082568 -0.9780741 0 -0.5886419 -0.8083939 0 -0.5886419 -0.8083939 0 -0.8669041 -0.498475 0 -0.8669041 -0.498475 -0 -0.9517085 -0.3070033 0 -0.9517085 -0.3070033 0 -0.2082568 -0.9780741 0 -0.2082568 -0.9780741 0 -0.8669066 -0.4984706 0 -0.5886419 -0.8083939 0 -0.5886419 -0.8083939 0 -0.8669066 -0.4984706 1 0 0 1 0 -0 1 0 0 1 0 0 1 0 -0 1 0 0 1 0 -0 1 0 0 1 0 0 1 0 0 1 0 0 1 0 0 1 0 0 1 0 0 1 0 -0 1 0 -0 1 0 -0 1 0 0 -1 -0 0 -1 -0 -0 -1 0 0 -1 -0 0 -1 0 0 -1 0 -0 -1 0 0 -1 0 -0 -1 0 0 -1 0 -0 -1 0 -0 -1 0 0 -1 0 0 -1 0 -0 -1 0 0 -1 0 -0 -1 -0 -0 -1 0 0 -0 -0 -1 0 0 -1 0 1 0 0 1 0 0 0 1 0 -0 1 0 0.9517086 0.3070032 0 0.9517086 0.3070032 0 0.1047035 0.9945035 -0 0.1047035 0.9945035 -0 0.3095213 0.9508926 0 0.3095213 0.9508926 -0 0.5007637 0.865584 0 0.5007637 0.865584 -0 0.6700464 0.7423192 0 0.6700464 0.7423192 -0 0.8099492 0.5865002 0 0.8099492 0.5865002 -0 0.9143339 0.4049611 0 0.9143339 0.4049611 0 0 1 0 -0 1 0 -1 0 0 -1 0 -0 -0 -1 0 0 -1 0 -0.2082568 -0.9780741 0 -0.2082568 -0.9780741 0 -0.5886419 -0.8083939 0 -0.5886419 -0.8083939 0 -0.8669041 -0.498475 0 -0.8669041 -0.498475 -0 -0.9517085 -0.3070033 0 -0.9517085 -0.3070033 0 -0.2082568 -0.9780741 0 -0.2082568 -0.9780741 0 -0.5886419 -0.8083939 0 -0.5886419 -0.8083939 0 -0.8669066 -0.4984706 0 -0.8669066 -0.4984706 1 0 0 1 0 -0 1 0 0 1 0 0 1 0 -0 1 0 0 1 0 -0 1 0 0 1 0 0 1 0 0 1 0 0 1 0 0 1 0 0 1 0 0 1 0 -0 1 0 -0 1 0 -0 1 0 0 -1 -0 0 -1 -0 -0 -1 0 0 -1 -0 0 -1 0 0 -1 0 -0 -1 0 0 -1 0 -0 -1 0 0 -1 0 -0 -1 0 -0 -1 0 0 -1 0 0 -1 0 -0 -1 0 0 -1 0 -0 -1 -0 -0 -1 0 0 0 -0.5913093 0.8064449 0 -0.5913093 0.8064449 0 -0.4809896 0.8767263 0 -0.4809896 0.8767263 0 -0.3624372 0.9320081 0 -0.3624372 0.9320081 0 -0.2376859 0.971342 0 -0.2376859 0.971342 0 -0.1088677 0.9940562 0 -0.1088677 0.9940562 -0 0.02181494 0.999762 0 0.02181494 0.999762 -0 0.1521239 0.9883615 0 0.1521239 0.9883615 -0 0.2798291 0.9600498 0 0.2798291 0.9600498 0 0.573576 -0.8191523 0 0.573576 -0.8191523 0 0.4226187 -0.9063075 0 0.4226187 -0.9063075 0 0.2588197 -0.9659257 0 0.2588197 -0.9659257 0 0.08715454 -0.9961948 0 0.08715454 -0.9961948 0 -0.08715454 -0.9961948 0 -0.08715454 -0.9961948 0 -0.2588196 -0.9659257 0 -0.2588196 -0.9659257 0 -0.6427876 0.7660444 0 -0.6427876 0.7660444 -0 -0.7660443 -0.6427878 0 -0.7660443 -0.6427878 0 0.6427877 -0.7660445 0 0.6427877 -0.7660445 -0 -0.3420201 -0.9396927 0 -0.3420201 -0.9396927 0 -0.05814495 -0.9983082 0 -0.05814495 -0.9983082 0 -0.1736487 -0.9848077 0 -0.2868029 -0.9579896 0 -0.1736487 -0.9848077 0 -0.2868029 -0.9579896 0 0 -1 0 0 -1 0 1 0 0 1 0 0 0 1 0 0 1 0 0.05814477 0.9983082 -0 0.05814477 0.9983082 0 0.1736482 0.9848078 0 0.2868027 0.9579897 -0 0.1736482 0.9848078 0 0.2868027 0.9579897 0 0.3420202 0.9396926 0 0.3420202 0.9396926 1 0 -0 1 0 0 1 0 0 1 0 0 1 0 0 1 0 0 1 0 0 1 0 -0 1 0 0 1 0 0 1 0 -0 1 0 0 1 0 -0 1 0 0 1 0 -0 1 0 0 1 0 0 1 0 0 1 0 -0 1 0 0 1 0 -0 1 0 0 1 0 -0 1 0 -0 1 0 0 1 0 -0 -1 0 0 -1 0 -0 -1 0 -0 -1 0 -0 -1 0 0 -1 0 -0 -1 0 0 -1 0 0 -1 0 -0 -1 0 0 -1 -0 0 -1 0 -0 -1 -0 0 -1 0 -0 -1 -0 0 -1 0 -0 -1 0 -0 -1 -0 0 -1 -0 0 -1 -0 0 -1 0 0 -1 -0 0 -1 0 0 -1 0 -0 -1 -0 -0 -1 0 0 -0 -0 -1 0 0 -1 0 1 0 0 1 0 0 0 1 0 -0 1 0 0.9517086 0.3070032 0 0.9517086 0.3070032 0 0.1047035 0.9945035 -0 0.1047035 0.9945035 -0 0.3095213 0.9508926 0 0.3095213 0.9508926 -0 0.5007637 0.865584 0 0.5007637 0.865584 -0 0.6700464 0.7423192 0 0.6700464 0.7423192 -0 0.8099492 0.5865002 0 0.8099492 0.5865002 -0 0.9143339 0.4049611 0 0.9143339 0.4049611 0 0 1 0 -0 1 0 -1 0 0 -1 0 -0 -0 -1 0 0 -1 0 -0.2082568 -0.9780741 0 -0.2082568 -0.9780741 0 -0.5886419 -0.8083939 0 -0.5886419 -0.8083939 0 -0.8669041 -0.498475 0 -0.8669041 -0.498475 -0 -0.9517085 -0.3070033 0 -0.9517085 -0.3070033 0 -0.2082568 -0.9780741 0 -0.2082568 -0.9780741 0 -0.5886419 -0.8083939 0 -0.5886419 -0.8083939 0 -0.8669066 -0.4984706 0 -0.8669066 -0.4984706 1 0 0 1 0 -0 1 0 0 1 0 0 1 0 -0 1 0 0 1 0 -0 1 0 0 1 0 0 1 0 0 1 0 0 1 0 0 1 0 0 1 0 0 1 0 -0 1 0 -0 1 0 -0 1 0 0 -1 -0 0 -1 -0 -0 -1 0 0 -1 -0 0 -1 0 0 -1 0 -0 -1 0 0 -1 0 -0 -1 0 0 -1 0 -0 -1 0 -0 -1 0 0 -1 0 0 -1 0 -0 -1 0 0 -1 0 -0 -1 -0 -0 -1 0 0 0 -0.279829 0.9600498 0 -0.279829 0.9600498 0 -0.1521233 0.9883615 0 -0.1521233 0.9883615 0 -0.02181494 0.999762 0 -0.02181494 0.999762 -0 0.1088671 0.9940563 0 0.1088671 0.9940563 0 0.258819 -0.9659258 0 0.0871559 -0.9961947 0 0.258819 -0.9659258 -0 -0.0871559 -0.9961947 0 0.0871559 -0.9961947 0 -0.0871559 -0.9961947 0 -0.279829 0.9600498 0 -0.279829 0.9600498 0 -0.1521233 0.9883615 0 -0.1521233 0.9883615 0 -0.02181494 0.999762 0 -0.02181494 0.999762 -0 0.1088671 0.9940563 0 0.1088671 0.9940563 0 0.258819 -0.9659259 0 0.258819 -0.9659259 0 0.08715591 -0.9961947 0 0.08715591 -0.9961947 0 -0.08715591 -0.9961947 0 -0.08715591 -0.9961947 0 -0.279829 0.9600498 0 -0.279829 0.9600498 0 -0.1521233 0.9883615 0 -0.1521233 0.9883615 0 -0.02181494 0.999762 0 -0.02181494 0.999762 -0 0.1088671 0.9940563 0 0.1088671 0.9940563 0 0.258819 -0.9659259 0 0.258819 -0.9659259 0 0.08715591 -0.9961947 0 0.08715591 -0.9961947 0 -0.08715591 -0.9961947 0 -0.08715591 -0.9961947 0 -0.279829 0.9600498 0 -0.279829 0.9600498 0 -0.1521233 0.9883615 0 -0.1521233 0.9883615 0 -0.02181494 0.999762 0 -0.02181494 0.999762 -0 0.1088671 0.9940563 0 0.1088671 0.9940563 0 0.258819 -0.9659259 0 0.258819 -0.9659259 0 0.08715591 -0.9961947 0 0.08715591 -0.9961947 0 -0.08715591 -0.9961947 0 -0.08715591 -0.9961947 0 -0.279829 0.9600498 0 -0.279829 0.9600498 0 -0.1521233 0.9883615 0 -0.1521233 0.9883615 0 -0.02181494 0.999762 0 -0.02181494 0.999762 -0 0.1088671 0.9940563 0 0.1088671 0.9940563 0 0.258819 -0.9659259 0 0.258819 -0.9659259 0 0.08715591 -0.9961947 0 0.08715591 -0.9961947 0 -0.08715591 -0.9961947 0 -0.08715591 -0.9961947 0 -0.279829 0.9600498 0 -0.279829 0.9600498 0 -0.1521233 0.9883615 0 -0.1521233 0.9883615 0 -0.02181494 0.999762 0 -0.02181494 0.999762 -0 0.1088671 0.9940563 0 0.1088671 0.9940563 0 0.258819 -0.9659259 0 0.258819 -0.9659259 0 0.08715591 -0.9961947 0 0.08715591 -0.9961947 0 -0.08715591 -0.9961947 0 -0.08715591 -0.9961947 0 -0.279829 0.9600498 0 -0.279829 0.9600498 0 -0.1521233 0.9883615 0 -0.1521233 0.9883615 0 -0.02181494 0.999762 0 -0.02181494 0.999762 -0 0.1088671 0.9940563 0 0.1088671 0.9940563 0 0.258819 -0.9659259 0 0.258819 -0.9659259 0 0.08715591 -0.9961947 0 0.08715591 -0.9961947 0 -0.08715591 -0.9961947 0 -0.08715591 -0.9961947 0 -0.279829 0.9600498 0 -0.279829 0.9600498 0 -0.1521233 0.9883615 0 -0.1521233 0.9883615 0 -0.02181494 0.999762 0 -0.02181494 0.999762 -0 0.1088671 0.9940563 0 0.1088671 0.9940563 0 0.258819 -0.9659259 0 0.258819 -0.9659259 0 0.08715591 -0.9961947 0 0.08715591 -0.9961947 0 -0.08715591 -0.9961947 0 -0.08715591 -0.9961947 -0.7063486 -0.04629709 -0.7063485 -0.6953792 -0.06258491 -0.7159126 -0.7000126 -0.1392397 -0.7004246 -0.6704887 -0.1850408 -0.718474 -0.7063486 -0.04629627 -0.7063485 -0.7063486 -0.04629706 -0.7063485 -0.706349 -0.04629667 -0.7063483 -0.706349 -0.04629667 -0.7063483 -0.6748372 -0.2290771 -0.7015116 -0.6311653 -0.3039559 -0.7136114 -0.694263 -0.1380977 -0.7063483 -0.6942639 -0.1380962 -0.7063478 -0.6942628 -0.1380973 -0.7063486 -0.6942628 -0.1380973 -0.7063486 -0.6320159 -0.3116777 -0.7095159 -0.6702982 -0.2275328 -0.7063491 -0.670297 -0.2275359 -0.7063493 -0.6702985 -0.2275338 -0.7063485 -0.6702994 -0.2275341 -0.7063478 -0.5906776 -0.3946753 -0.7037979 -0.5635322 -0.4094318 -0.7174935 -0.6348633 -0.3130776 -0.7063504 -0.6348615 -0.313081 -0.7063505 -0.6348637 -0.3130797 -0.7063493 -0.6348637 -0.3130797 -0.7063492 -0.5369169 -0.4708624 -0.7000064 -0.4811712 -0.5032597 -0.7177772 -0.5885677 -0.3932646 -0.7063504 -0.5885679 -0.3932709 -0.7063469 -0.5885668 -0.393265 -0.706351 -0.5885677 -0.3932646 -0.7063504 -0.4687519 -0.5345061 -0.7032601 -0.5321984 -0.4667262 -0.7063507 -0.5322014 -0.4667274 -0.7063478 -0.5322013 -0.4667287 -0.7063469 -0.5322 -0.4667258 -0.7063498 -0.3910038 -0.5851868 -0.710403 -0.3863148 -0.5852406 -0.7129195 -0.4667255 -0.5321993 -0.7063506 -0.466731 -0.5322016 -0.7063452 -0.4667244 -0.5322039 -0.7063479 -0.4667235 -0.5322028 -0.7063493 -0.2734133 -0.6396846 -0.7183654 -0.3150406 -0.6388309 -0.7018864 -0.3932717 -0.5885689 -0.7063454 -0.3932685 -0.5885661 -0.7063497 -0.3932637 -0.5885691 -0.7063498 -0.393269 -0.5885648 -0.7063503 -0.155255 -0.6802217 -0.7163758 -0.2294732 -0.6760041 -0.7002575 -0.31308 -0.6348647 -0.7063481 -0.3130812 -0.6348628 -0.7063494 -0.3130812 -0.6348628 -0.7063494 -0.3130839 -0.6348631 -0.7063479 -0.1382314 -0.6949432 -0.7056529 -0.227535 -0.6702982 -0.7063485 -0.2275367 -0.6702994 -0.7063468 -0.2275352 -0.670299 -0.7063477 -0.1380963 -0.6942644 -0.7063473 -0.227535 -0.6702983 -0.7063485 -0.04624905 -0.7056156 -0.7070839 -0.03134597 -0.6980038 -0.7154077 -0.1380982 -0.6942621 -0.706349 -0.1380973 -0.694263 -0.7063483 -0.1380974 -0.6942633 -0.7063481 0.04666695 -0.7119915 -0.7006356 0.09335575 -0.6891919 -0.7185396 -0.0462969 -0.7063487 -0.7063484 -0.04629629 -0.7063489 -0.7063482 -0.04629708 -0.7063488 -0.7063482 -0.04629689 -0.7063485 -0.7063488 0.1390952 -0.6992862 -0.7011786 0.2162791 -0.6656282 -0.7142566 0.04629629 -0.7063488 -0.7063483 0.04629642 -0.706349 -0.7063483 0.04629705 -0.7063484 -0.7063487 0.04629642 -0.7063489 -0.7063483 0.2267861 -0.6680963 -0.7086716 0.1380971 -0.6942631 -0.7063482 0.1380961 -0.6942634 -0.7063482 0.1380974 -0.6942633 -0.7063481 0.1380972 -0.6942623 -0.7063491 0.3139498 -0.636619 -0.7043803 0.3302383 -0.613692 -0.7171643 0.2275345 -0.6702967 -0.70635 0.2275373 -0.6702975 -0.7063484 0.2275373 -0.6702975 -0.7063484 0.2275344 -0.670301 -0.706346 0.3967269 -0.5937521 -0.7000473 0.4339638 -0.5441738 -0.7180184 0.3130832 -0.6348642 -0.7063472 0.3130797 -0.6348674 -0.7063459 0.3130777 -0.6348633 -0.7063503 0.3130831 -0.6348617 -0.7063495 0.4690759 -0.5348755 -0.7027631 0.393265 -0.5885678 -0.7063503 0.3932711 -0.5885679 -0.7063468 0.3932662 -0.5885729 -0.7063452 0.3932694 -0.5885655 -0.7063496 0.5286497 -0.4618675 -0.7121852 0.5284411 -0.4634293 -0.711325 0.466725 -0.5321988 -0.7063513 0.4667264 -0.5321986 -0.7063505 0.4667303 -0.5322009 -0.7063462 0.5322028 -0.4667283 -0.706346 0.4667298 -0.5322025 -0.7063453 0.5973303 -0.3568873 -0.7182117 0.591905 -0.3954955 -0.7023046 0.5321991 -0.4667253 -0.7063508 0.5321978 -0.4667256 -0.7063516 0.5322013 -0.4667287 -0.7063469 0.652824 -0.24501 -0.7167921 0.6403796 -0.3158022 -0.7001306 0.5885715 -0.3932664 -0.7063463 0.5885636 -0.3932695 -0.7063512 0.5885673 -0.3932653 -0.7063504 0.5885671 -0.3932718 -0.7063469 0.6715744 -0.2279695 -0.7049949 0.6348684 -0.3130801 -0.7063447 0.6348666 -0.3130812 -0.7063459 0.6348628 -0.3130817 -0.7063491 0.6348625 -0.3130791 -0.7063506 0.6880358 -0.124857 -0.7148549 0.6927839 -0.1378018 -0.7078567 0.6702979 -0.2275336 -0.7063493 0.6702969 -0.2275392 -0.7063483 0.6703024 -0.2275351 -0.7063444 0.6702985 -0.2275365 -0.7063476 0.695462 0 -0.7185628 0.7117449 -0.04665079 -0.7008871 0.694263 -0.1380961 -0.7063486 0.694263 -0.1380973 -0.7063483 0.6942627 -0.1380977 -0.7063485 0.6942636 -0.1380975 -0.7063478 0.688036 0.1248564 -0.7148548 0.7117449 0.04665079 -0.7008871 0.7063488 -0.04629708 -0.7063482 0.7063487 -0.04629665 -0.7063485 0.7063489 -0.04629629 -0.7063482 0.7063487 -0.04629665 -0.7063485 0.6927844 0.1378019 -0.7078562 0.706349 0.04629667 -0.7063483 0.7063486 0.04629627 -0.7063485 0.706349 0.04629667 -0.7063483 0.7063486 0.04629706 -0.7063485 0.694263 0.1380961 -0.7063486 0.652823 0.2450109 -0.7167927 0.6715755 0.2279685 -0.7049941 0.694263 0.1380966 -0.7063487 0.6942633 0.1380966 -0.7063483 0.6942635 0.1380978 -0.7063478 0.670298 0.2275384 -0.7063475 0.6403787 0.3158018 -0.7001317 0.5973291 0.3568866 -0.7182129 0.6702985 0.2275338 -0.7063485 0.6702976 0.2275347 -0.7063493 0.6703025 0.2275352 -0.7063444 0.6348628 0.3130817 -0.7063491 0.5919039 0.3954947 -0.702306 0.5286501 0.4618649 -0.7121867 0.6348674 0.3130796 -0.7063459 0.5885715 0.3932664 -0.7063463 0.6348677 0.3130817 -0.7063447 0.6348625 0.3130791 -0.7063505 0.5284407 0.4634326 -0.7113232 0.5885636 0.3932695 -0.7063512 0.5885704 0.3932673 -0.7063467 0.5885643 0.39327 -0.7063502 0.4690771 0.5348769 -0.7027612 0.4339649 0.5441753 -0.7180164 0.5321997 0.4667292 -0.7063479 0.5321985 0.4667248 -0.7063516 0.466725 0.5321988 -0.7063513 0.5322013 0.4667287 -0.7063469 0.5321984 0.4667262 -0.7063507 0.3967303 0.593751 -0.7000463 0.3302383 0.613692 -0.7171643 0.3932679 0.5885691 -0.7063475 0.393265 0.5885678 -0.7063503 0.4667264 0.5321986 -0.7063505 0.466728 0.5322005 -0.706348 0.4667297 0.5322002 -0.7063472 0.3139473 0.6366225 -0.7043784 0.3932694 0.5885655 -0.7063496 0.3932711 0.5885679 -0.7063468 0.2162798 0.6656304 -0.7142543 0.2267868 0.6680986 -0.7086692 0.3130804 0.6348646 -0.7063481 0.3130782 0.6348643 -0.7063493 0.3130818 0.6348615 -0.7063502 0.3130792 0.6348664 -0.706347 0.2275337 0.6702988 -0.7063484 0.09335575 0.6891919 -0.7185396 0.1390996 0.6992871 -0.7011768 0.227535 0.6702982 -0.7063485 0.1380971 0.6942631 -0.7063482 0.2275367 0.6702959 -0.7063501 0.2275365 0.6702952 -0.7063507 -0.03134597 0.6980038 -0.7154077 0.04666695 0.7119915 -0.7006356 0.1381 0.6942618 -0.706349 0.1380969 0.6942607 -0.7063508 0.1380974 0.6942633 -0.7063481 -0.04624905 0.7056156 -0.7070839 -0.04629708 0.7063488 -0.7063482 0.04629629 0.7063489 -0.7063482 0.04629639 0.7063485 -0.7063487 0.04629708 0.7063488 -0.7063482 0.04629642 0.7063489 -0.7063484 -0.1552584 0.6802216 -0.7163752 -0.1382354 0.6949427 -0.7056527 -0.04629626 0.7063485 -0.7063487 -0.0462969 0.7063487 -0.7063484 -0.04629691 0.7063489 -0.7063482 -0.2734133 0.6396846 -0.7183654 -0.2294732 0.676004 -0.7002575 -0.1380972 0.6942623 -0.7063491 -0.1380984 0.6942628 -0.7063484 -0.227535 0.6702982 -0.7063485 -0.1380998 0.694261 -0.7063499 -0.1380974 0.6942633 -0.7063481 -0.3863115 0.5852407 -0.7129213 -0.3150365 0.6388311 -0.7018881 -0.2275357 0.6702963 -0.7063501 -0.227535 0.6702983 -0.7063485 -0.2275347 0.6702974 -0.7063493 -0.3910079 0.5851868 -0.7104008 -0.3130817 0.634864 -0.7063481 -0.3130808 0.6348619 -0.7063503 -0.3130795 0.6348636 -0.7063493 -0.3130798 0.6348635 -0.7063494 -0.4687532 0.5345076 -0.7032582 -0.4811724 0.5032609 -0.7177753 -0.3932679 0.5885691 -0.7063475 -0.3932694 0.5885655 -0.7063496 -0.3932681 0.5885655 -0.7063504 -0.4667255 0.5321993 -0.7063506 -0.3932694 0.5885655 -0.7063496 -0.5369156 0.470865 -0.7000055 -0.5635329 0.40943 -0.717494 -0.4667269 0.532197 -0.7063514 -0.4667244 0.5322039 -0.7063479 -0.4667247 0.5322043 -0.7063473 -0.5906764 0.3946745 -0.7037993 -0.5321978 0.4667256 -0.7063516 -0.5321975 0.4667274 -0.7063507 -0.5322007 0.4667282 -0.7063478 -0.532202 0.4667279 -0.706347 -0.6320149 0.3116772 -0.709517 -0.6311646 0.3039571 -0.7136115 -0.5885673 0.3932653 -0.7063504 -0.5885674 0.3932644 -0.706351 -0.5885708 0.3932667 -0.7063467 -0.5885651 0.3932689 -0.7063503 -0.6748378 0.2290759 -0.7015113 -0.6704893 0.185041 -0.7184734 -0.6348628 0.3130817 -0.7063491 -0.6348625 0.3130791 -0.7063505 -0.6348644 0.3130781 -0.7063493 -0.6348625 0.3130791 -0.7063506 -0.7000131 0.1392398 -0.7004241 -0.6953794 0.06258463 -0.7159125 -0.7063488 0.04629711 -0.7063482 -0.7063486 0.04629709 -0.7063485 -0.6702982 0.2275349 -0.7063485 -0.6702979 0.2275336 -0.7063493 -0.6702999 0.2275322 -0.7063478 -0.6942635 0.1380978 -0.7063478 -0.6702979 0.2275336 -0.7063493 -0.6942633 0.1380966 -0.7063483 -0.694263 0.1380961 -0.7063486 -0.7063487 0.04629665 -0.7063485 -0.7063486 0.04629627 -0.7063485 -0.694263 0.1380966 -0.7063487 -0.706349 0.04629667 -0.7063483 -0.7050204 -0.07667464 -0.7050299 -0.7050251 -0.07667515 -0.7050251 -0.6693271 -0.1331342 -0.7309421 -0.6765751 -0.2279611 -0.7001999 -0.7050235 -0.07667745 -0.7050266 -0.7050252 -0.07668071 -0.7050245 -0.705023 -0.07668047 -0.7050267 -0.6017588 -0.3620685 -0.7118938 -0.5696486 -0.3806298 -0.7284377 -0.6720584 -0.2264452 -0.7050248 -0.6720604 -0.22644 -0.7050246 -0.6720577 -0.2264425 -0.7050264 -0.6720577 -0.2264425 -0.7050264 -0.5201936 -0.4927557 -0.6975604 -0.6076672 -0.3656234 -0.7050248 -0.6076673 -0.3656235 -0.7050248 -0.6076671 -0.3656235 -0.7050248 -0.6076673 -0.3656235 -0.7050248 -0.3836166 -0.5741202 -0.7233424 -0.3890925 -0.5738665 -0.7206137 -0.5148656 -0.4876998 -0.7050264 -0.5148651 -0.487703 -0.7050246 -0.5148651 -0.487703 -0.7050246 -0.5148609 -0.4877042 -0.7050267 -0.1339493 -0.6734083 -0.7270343 -0.2653503 -0.6659793 -0.6971805 -0.3979813 -0.5869842 -0.7050251 -0.3979851 -0.5869821 -0.7050248 -0.3979822 -0.5869823 -0.7050263 -0.3979821 -0.5869823 -0.7050263 -0.1131729 -0.6903097 -0.7146078 -0.2624951 -0.6588133 -0.7050257 -0.2624953 -0.6588152 -0.7050239 -0.2624965 -0.6588135 -0.7050251 -0.2624965 -0.6588135 -0.7050251 0.03871447 -0.7139995 -0.699075 0.1332514 -0.6699064 -0.73039 -0.1147345 -0.6998404 -0.7050243 -0.1147354 -0.6998396 -0.7050251 -0.1147347 -0.6998393 -0.7050254 -0.1147348 -0.6998401 -0.7050246 0.1891754 -0.6813428 -0.7070959 0.03839432 -0.7081404 -0.7050269 0.03839748 -0.7081423 -0.7050249 0.0383969 -0.708143 -0.7050242 0.0383975 -0.7081426 -0.7050247 0.3330421 -0.6281878 -0.7031807 0.3789789 -0.5671796 -0.7312196 0.1897278 -0.6833313 -0.705026 0.1897279 -0.6833324 -0.705025 0.1897262 -0.6833341 -0.7050238 0.1897252 -0.6833304 -0.7050276 0.4613302 -0.5431139 -0.7015709 0.3321836 -0.6265709 -0.7050269 0.3321865 -0.6265712 -0.7050254 0.3321864 -0.6265711 -0.7050254 0.3321856 -0.6265722 -0.7050248 0.5686593 -0.3799688 -0.729555 0.5610985 -0.426543 -0.7093868 0.4591166 -0.5405101 -0.7050253 0.4591164 -0.5405076 -0.7050273 0.4591148 -0.5405119 -0.7050251 0.4591136 -0.5405104 -0.705027 0.649742 -0.300605 -0.6981919 0.5645718 -0.4291821 -0.7050258 0.564579 -0.4291797 -0.7050215 0.5645704 -0.4291824 -0.7050267 0.5645706 -0.4291812 -0.7050273 0.6751652 -0.1342954 -0.7253391 0.6802573 -0.1497336 -0.7175165 0.6436359 -0.2977781 -0.7050256 0.6436384 -0.2977811 -0.705022 0.6436428 -0.2977739 -0.705021 0.6436377 -0.2977715 -0.7050267 0.675165 0.1342947 -0.7253394 0.7170165 0 -0.6970563 0.6926031 -0.1524522 -0.7050242 0.6926008 -0.1524544 -0.705026 0.6926038 -0.1524513 -0.7050238 0.6926051 -0.1524554 -0.7050216 0.6802573 0.1497336 -0.7175165 0.7091838 0 -0.7050236 0.7091838 0 -0.7050237 0.6926038 0.1524516 -0.7050238 0.7091837 0 -0.7050237 0.7091837 0 -0.7050237 0.5686593 0.3799688 -0.729555 0.649742 0.300605 -0.6981919 0.6926031 0.1524558 -0.7050235 0.6926001 0.1524552 -0.7050267 0.6926066 0.1524519 -0.7050209 0.5610984 0.426543 -0.7093868 0.6436387 0.2977794 -0.7050224 0.6436347 0.2977794 -0.7050261 0.6436374 0.2977714 -0.705027 0.6436425 0.2977737 -0.7050213 0.3789789 0.5671796 -0.7312196 0.4613302 0.5431139 -0.7015709 0.5645743 0.429184 -0.7050228 0.5645747 0.4291764 -0.705027 0.5645711 0.4291829 -0.7050259 0.5645723 0.4291825 -0.7050253 0.3330421 0.6281878 -0.7031807 0.4591158 0.5405082 -0.7050273 0.3321856 0.6265722 -0.7050248 0.4591171 0.5405097 -0.7050254 0.4591148 0.540512 -0.7050251 0.459118 0.5405095 -0.7050249 0.1891754 0.6813428 -0.7070959 0.1332514 0.6699064 -0.73039 0.3321864 0.6265711 -0.7050254 0.3321867 0.6265717 -0.7050248 0.3321853 0.6265742 -0.7050232 0.03870961 0.7140015 -0.6990732 0.1897263 0.6833344 -0.7050235 0.189728 0.6833323 -0.705025 0.1897259 0.6833331 -0.7050248 0.1897282 0.6833336 -0.7050237 -0.1131686 0.6903132 -0.7146052 -0.1339493 0.6734083 -0.7270343 0.03839196 0.7081425 -0.7050249 0.03839346 0.7081434 -0.7050241 0.03839443 0.7081423 -0.7050251 -0.1147305 0.6998401 -0.7050253 0.03839345 0.7081431 -0.7050244 -0.2653503 0.6659793 -0.6971805 -0.3836166 0.5741202 -0.7233424 -0.1147308 0.6998402 -0.7050253 -0.1147311 0.699841 -0.7050244 -0.1147309 0.6998409 -0.7050245 -0.3890925 0.5738665 -0.7206137 -0.2624963 0.6588129 -0.7050257 -0.262495 0.6588142 -0.705025 -0.2624954 0.658814 -0.705025 -0.262497 0.6588147 -0.7050238 -0.3979851 0.5869821 -0.7050248 -0.5696498 0.3806305 -0.7284364 -0.5201966 0.4927537 -0.6975597 -0.397983 0.5869815 -0.7050263 -0.3979858 0.5869816 -0.7050248 -0.397986 0.586982 -0.7050244 -0.6017574 0.3620706 -0.7118939 -0.5148653 0.4877028 -0.7050247 -0.5148617 0.4877036 -0.7050267 -0.5148636 0.4877021 -0.7050263 -0.6076646 0.365625 -0.7050263 -0.514863 0.4877048 -0.7050249 -0.669327 0.1331335 -0.7309423 -0.7050205 0.0766741 -0.70503 -0.7050252 0.07667461 -0.7050251 -0.676575 0.2279611 -0.7002 -0.6076692 0.3656225 -0.7050235 -0.6720588 0.2264465 -0.7050241 -0.6076672 0.3656235 -0.7050249 -0.6076673 0.3656235 -0.7050248 -0.6720604 0.22644 -0.7050246 -0.7050235 0.07667708 -0.7050266 -0.6720577 0.2264425 -0.7050264 -0.7050251 0.07668027 -0.7050245 -0.705023 0.07668003 -0.7050267 -0.6720577 0.2264425 -0.7050264 -0.9941378 -0.1081212 0 -0.9941378 -0.1081212 -0 -0.9476522 -0.3193045 -0 -0.9476522 -0.3193045 0 -0.8568558 -0.5155561 -0 -0.8568558 -0.5155561 0 -0.7260004 -0.6876944 -0 -0.7260004 -0.6876944 0 -0.5611833 -0.8276915 -0 -0.5611833 -0.8276915 0 -0.3701374 -0.928977 -0 -0.3701374 -0.928977 0 -0.161784 -0.9868262 -0 -0.161784 -0.9868262 0 0.05413901 -0.9985334 0 0.05413901 -0.9985334 0 0.2675306 -0.9635494 0 0.2675306 -0.9635494 0 0.4684048 -0.8835139 0 0.4684048 -0.8835139 0 0.6473889 -0.7621598 0 0.6473889 -0.7621598 0 0.7960945 -0.6051724 0 0.7960945 -0.6051724 0 0.9075752 -0.4198896 0 0.9075752 -0.4198896 0 0.9766209 -0.2149687 0 0.9766209 -0.2149687 0 1 0 0 1 0 0 0.9766212 0.2149677 0 0.9766212 0.2149677 0 0.9075752 0.4198896 0 0.9075752 0.4198896 0 0.7960945 0.6051724 0 0.7960945 0.6051724 0 0.6473861 0.7621622 0 0.6473861 0.7621622 0 0.4684048 0.8835139 0 0.4684048 0.8835139 0 0.2675306 0.9635494 0 0.2675306 0.9635494 0 0.05413901 0.9985334 0 0.05413901 0.9985334 0 -0.1617792 0.986827 0 -0.1617792 0.986827 0 -0.3701374 0.928977 0 -0.3701374 0.928977 0 -0.5611867 0.8276892 0 -0.5611867 0.8276892 0 -0.725998 0.6876969 0 -0.725998 0.6876969 0 -0.8568571 0.515554 0 -0.8568571 0.515554 0 -0.9476517 0.319306 0 -0.9476517 0.319306 0 -0.9941378 0.1081207 0 -0.9941378 0.1081207 0 -0.997859 -0.06540278 -0 -0.997859 -0.06540278 -0 -0.9807852 -0.1950907 -0 -0.9807852 -0.1950907 -0 -0.9469314 -0.3214359 -0 -0.9469314 -0.3214359 -0 -0.8968741 -0.4422861 -0 -0.8968741 -0.4422861 -0 -0.831468 -0.5555725 -0 -0.831468 -0.5555725 -0 -0.7518404 -0.6593452 -0 -0.7518404 -0.6593452 -0 -0.6593452 -0.7518404 -0 -0.6593452 -0.7518404 -0 -0.5555714 -0.8314689 -0 -0.5555714 -0.8314689 -0 -0.4422881 -0.8968731 -0 -0.4422881 -0.8968731 -0 -0.3214388 -0.9469303 -0 -0.3214388 -0.9469303 -0 -0.1950916 -0.9807851 -0 -0.1950916 -0.9807851 -0 -0.06540278 -0.997859 -0 -0.06540278 -0.997859 -0 0.06540278 -0.997859 0 0.06540278 -0.997859 0 0.1950897 -0.9807854 0 0.1950897 -0.9807854 0 0.3214388 -0.9469303 0 0.3214388 -0.9469303 0 0.4422919 -0.8968711 0 0.4422919 -0.8968711 0 0.555567 -0.8314719 0 0.6593452 -0.7518404 0 0.555567 -0.8314719 0 0.6593452 -0.7518404 0 0.7518404 -0.6593452 0 0.7518404 -0.6593452 0 0.8314726 -0.5555658 0 0.8968741 -0.4422861 0 0.8314726 -0.5555658 0 0.8968741 -0.4422861 0 0.9469284 -0.3214446 0 0.9469284 -0.3214446 0 0.9807852 -0.1950907 0 0.9807852 -0.1950907 0 0.997859 -0.06540278 0 0.997859 0.06540278 0 0.997859 -0.06540278 0 0.997859 0.06540278 0 0.9807852 0.1950907 0 0.9807852 0.1950907 0 0.9469289 0.3214431 0 0.9469289 0.3214431 0 0.8968741 0.4422861 0 0.8968741 0.4422861 0 0.8314726 0.5555658 0 0.8314726 0.5555658 0 0.7518404 0.6593452 0 0.7518404 0.6593452 0 0.6593452 0.7518404 0 0.6593452 0.7518404 0 0.555567 0.8314719 0 0.555567 0.8314719 0 0.4422919 0.8968711 0 0.4422919 0.8968711 0 0.3214388 0.9469303 0 0.3214388 0.9469303 0 0.1950897 0.9807854 0 0.1950897 0.9807854 0 0.06540278 0.997859 0 0.06540278 0.997859 0 -0.06540278 0.997859 0 -0.06540278 0.997859 0 -0.1950916 0.9807851 0 -0.1950916 0.9807851 0 -0.3214388 0.9469303 0 -0.3214388 0.9469303 0 -0.4422881 0.8968731 0 -0.4422881 0.8968731 0 -0.5555714 0.8314689 0 -0.5555714 0.8314689 0 -0.6593452 0.7518404 0 -0.6593452 0.7518404 0 -0.7518404 0.6593452 0 -0.7518404 0.6593452 0 -0.831468 0.5555725 0 -0.831468 0.5555725 0 -0.8968741 0.4422861 0 -0.8968741 0.4422861 0 -0.9469318 0.3214344 0 -0.9469318 0.3214344 0 -0.9807852 0.1950907 0 -0.9807852 0.1950907 0 -0.997859 0.06540278 0 -0.997859 0.06540278 0 -0 -1 0 0 -1 -0 0 -1 0 -0 -1 -0 -0 -1 0 0 -1 -0 -0 -1 0 0 -1 -0 -0 -1 0 0 -1 -0 -0 -1 0 0 -1 -0 -0 -1 0 0 -1 -0 0 -1 -0 0 -1 0 -0 -1 -0 0 -1 -0 -0 -1 0 0 -1 0 0 -1 0 -0 -1 -0 0 0 1 0 0 1 -0 -1 0 0 -1 -0 -1 0 -0 -1 -0 0 0 1 0 0 1 0 0 1 0 0 1 0 -1 0 -0 -1 -0 0 -0 -1 0 0 -1 0 -0 -1 -0 -0 -1 -0 0.9225929 -0.3857749 0 0.9225929 -0.3857749 0 0.8823136 -0.470662 0 0.8823136 -0.470662 0 0.8342566 -0.5513762 0 0.8342566 -0.5513762 0 0.7788334 -0.6272309 0 0.7788334 -0.6272309 0 0.7165346 -0.6975515 0 0.7165346 -0.6975515 0 0.6479151 -0.7617126 0 0.6479151 -0.7617126 0 0.5735775 -0.8191513 0 0.5735775 -0.8191513 0 0.4941742 -0.8693629 0 0.4941742 -0.8693629 0 0.4104149 -0.9118989 0 0.4104149 -0.9118989 0 0.3230292 -0.946389 0 0.3230292 -0.946389 0 0.2327924 -0.9725265 0 0.2327924 -0.9725265 0 0.140506 -0.9900798 0 0.140506 -0.9900798 0 0.04697094 -0.9988962 0 0.04697094 -0.9988962 0 0.9396926 -0.3420202 0 0.9396926 -0.3420202 0 0.9225885 -0.3857853 0 0.9225885 -0.3857853 0 0.8823189 -0.470652 0 0.8823189 -0.470652 0 0.8342566 -0.5513762 0 0.8342566 -0.5513762 0 0.7788304 -0.6272345 0 0.7788304 -0.6272345 0 0.7165372 -0.6975488 0 0.7165372 -0.6975488 0 0.6479151 -0.7617126 0 0.6479151 -0.7617126 0 0.5735775 -0.8191513 0 0.5735775 -0.8191513 0 0.4941742 -0.8693629 0 0.4941742 -0.8693629 0 0.4104111 -0.9119006 0 0.4104111 -0.9119006 0 0.3230292 -0.946389 0 0.3230292 -0.946389 0 0.2327924 -0.9725265 0 0.2327924 -0.9725265 0 0.1405018 -0.9900804 0 0.1405018 -0.9900804 0 0.0469707 -0.9988962 0 0.0469707 -0.9988962 0 -0 -1 0 -0 -1 -0 -0.0469707 -0.9988962 -0 -0.1405018 -0.9900804 -0 -0.0469707 -0.9988962 0 -0.2327924 -0.9725265 -0 -0.1405018 -0.9900804 0 -0.3230292 -0.946389 -0 -0.2327924 -0.9725265 0 -0.4104111 -0.9119006 -0 -0.3230292 -0.946389 0 -0.4941742 -0.8693629 -0 -0.4104111 -0.9119006 0 -0.5735775 -0.8191513 -0 -0.4941742 -0.8693629 0 -0.6479151 -0.7617126 -0 -0.5735775 -0.8191513 0 -0.7165372 -0.6975488 -0 -0.6479151 -0.7617126 0 -0.7788304 -0.6272345 -0 -0.7165372 -0.6975488 0 -0.8342566 -0.5513762 -0 -0.7788304 -0.6272345 0 -0.8823189 -0.470652 -0 -0.8342566 -0.5513762 0 -0.8823189 -0.470652 0 -0.9225885 -0.3857853 0 -0.9225885 -0.3857853 0 -0.9396926 -0.3420202 0 -0.9396926 -0.3420202 -0 -0.04697094 -0.9988962 0 -0.140506 -0.9900798 0 -0.04697094 -0.9988962 0 -0.2327924 -0.9725265 0 -0.140506 -0.9900798 0 -0.3230292 -0.946389 0 -0.2327924 -0.9725265 0 -0.4104149 -0.9118989 0 -0.3230292 -0.946389 0 -0.4941742 -0.8693629 0 -0.4104149 -0.9118989 0 -0.5735775 -0.8191513 0 -0.4941742 -0.8693629 0 -0.6479151 -0.7617126 0 -0.5735775 -0.8191513 0 -0.7165346 -0.6975515 0 -0.6479151 -0.7617126 0 -0.7788334 -0.6272309 0 -0.7165346 -0.6975515 0 -0.8342566 -0.5513762 0 -0.7788334 -0.6272309 0 -0.8823136 -0.470662 0 -0.8342566 -0.5513762 0 -0.9225929 -0.3857749 0 -0.8823136 -0.470662 0 -0.9225929 -0.3857749 0 -0 -1 0 -0 -1 0 -0 -1 0 0 -1 -0 1 0 -0 1 0 0 0.7071066 0.7071069 0 0.7071066 0.7071069 0 1 0 -0 1 0 0 0 1 0 -0 1 0 -1 0 -0 -1 -0 0 0 -0 1 0 0 1 0 0 1 0 0 1 0 0 1 0 -0 1 0 -0 1 0 -0 1 0 0 1 0 0 1 0 0 1 0 0 1 0 0 1 0 -0 1 0 0 1 0 0 1 0 0 1 0 0 1 0 0 1 0 0 1 0 0 1 0 0 1 0 -0 1 0 0 1 0 0 1 0 0 1 0 0 1 0 0 1 0 0 1 0 0 1 0 0 1 0 0 1 0 0 1 0 0 1 0 0 1 0 0 1 0 0 1 0 -0 1 0 0 1 0 0 1 0 0 1 0 0 1 0 0 1 0 0 1 0 0 1 0 0 1 0 0 1 0 0 1 0 0 1 0 0 1 0 0 1 0 0 1 0 0 1 0 0 1 0 0 1 0 0 1 0 0 -1 0 0 -1 0 0 -1 0 0 -1 0 0 -1 0 0 -1 0 0 -1 0 0 -1 0 0 -1 0 0 -1 0 0 -1 1.235838e-14 1.764957e-14 -1 0 0 -1 9.473907e-15 3.448221e-15 -1 9.168295e-15 0 -1 5.265375e-15 -1.861393e-15 -1 0 0 -1 0 0 -1 0 0 -1 0 0 -1 0 0 -1 0 0 -1 0 0 -1 0 0 -1 0 0 -1 0 -0 -1 0 0 -1 0 0 -1 0 0 -1 0 0 -1 1.094827e-14 -1.970689e-15 -1 0 0 -1 0 0 -1 0 0 -1 0 -0 -1 0 0 -1 0 0 -1 0 0 -1 0 -0 -1 0 0 -1 0 -0 -1 0 0 -1 0 -0 -1 0 0 -1 0 -0 -1 0 0 -1 0 0 -1 0 -0 -1 0 0 -1 0 -0 -1 0 -0 -1 0 -0 -1 0 -0 -1 0 -0 -1 0 0 -1 0 -0 -1 0 0 -1 0 -0 -1 0 -0 -1 0 -0 -1 2.105313e-14 2.154741e-14 -1 0 -0 -1 0 0 -1 0 0 -1 0 0 -1 0 0 -1 0 0 -1 0 0 -1 0 0 -1 0 0 -1 0 0 -1 0 0 -1 0 0 -1 0 0 -1 0 0 -1 0 0 -1 0 0 -1 0 0 -1 0 0 -1 0 0 -1 0 0 -1 0 0 -1 0 0 -1 0 -7.10543e-15 -1 0 0 -1 0 0 -1 0 0 -1 0 0 -1 0 0 -1 0 -7.10543e-15 -1 0 0 -1 0 0 -1 0 0 -1 2.105313e-14 0 -1 7.820271e-15 -8.917325e-15 -1 2.105313e-14 0 -1 2.105313e-14 -4.301325e-14 -1 0 0 -1 0 0 -1 0 0 -1 0 0 -1 0 0 -1 0 0 -1 0 0 -1 0 0 -1 0 0 -1 0 0 -1 0 0 -1 0 0 -1 0 -0 -1 0 1.095243e-14 -1 0 7.10543e-15 -1 0 7.10543e-15 -1 3.600461e-15 4.500595e-17 -1 0 7.10543e-15 -1 0 1.095243e-14 -1 0 0 -1 2.105312e-14 -1.49683e-14 -1 0 -0 -1 0 0 -1 0 0 -1 0 0 -1 0 -0 -1 0 0 -1 0 0 -1 0 0 -1 0 0 -1 0 0 -1 0 0 -1 1.235838e-14 4.015834e-15 -1 0 0 -1 0 0 -1 0 0 -1 0 0 -1 0 0 -1 2.842171e-14 0 -1 0 0 -1 0 0 -1 0 0 -1 2.105312e-14 0 -1 2.105312e-14 0 -1 0 -0 -1 0 0 -1 0 0 -1 0 0 -1 0 -0 -1 0 0 -1 0 -0 -1 0 0 -1 0 0 -1 0 -0 -1 0 0 -1 0 -0 -1 0 0 -1 0 0 -1 0 -0 -1 0 0 -1 0 0 -1 0 0 -1 0 -0 -1 0 0 -1 0 0 -1 0 0 -1 2.842171e-14 -2.350103e-15 -1 0 -0 -1 0 0 -1 0 0 -1 3.846027e-15 5.67252e-15 -1 0 0 -1 0 0 -1 5.469538e-15 5.180949e-15 -1 0 0 -1 2.105313e-14 5.49961e-14 -1 7.608586e-15 4.577962e-15 -1 1.095601e-14 3.691546e-15 -1 2.15722e-14 -2.346154e-15 -1 1.622416e-14 -5.466641e-15 -1 1.273794e-14 -7.664165e-15 -1 1.00491e-14 -9.518948e-15 -1 7.67613e-15 -1.132146e-14 -1 5.301574e-15 -1.330598e-14 -1 2.587461e-15 -1.578309e-14 -1 -1.049758e-15 -1.936161e-14 -1 -7.139166e-15 -2.571271e-14 -1 -2.242585e-14 -4.230006e-14 -1 -2.644054e-15 -2.039133e-14 -1 2.559315e-14 0 -1 3.220656e-14 3.502746e-15 -1 0 -1.421085e-14 -1 3.56758e-15 -4.556942e-15 -1 3.523919e-15 -5.273921e-15 -1 3.725582e-15 -2.102721e-15 -1 0 -1.421087e-14 -1 0 -1.421085e-14 -1 0 -0 -1 0 0 -1 0 0 -1 0 0 -1 0 -0 -1 1 0 0 1 0 0 -1 -0 -0 -1 0 0 0 0 1 0 0 1 0 0 1 0 0 1 0 0 1 0 0 1 0 0 1 0 0 1 0 0 1 0 0 1 0 0 1 0 0 1 0 0 1 0 0 1 0 -0 1 0 -0 1 0 -0 1 0 -0 1 0 -0 1 0 -0 1 0 0 1 0 -0 1 0 -0 1 0 -0 1 0 -0 1 0 -0 1 0 -0 1 0 -0 1 0 0 1 0 -0 1 0 0 1 0 -0 1 0 0 1 0 0 1 0 0 1 0 0 1 0 -0 1 0 0 1 0 0 1 0 0 1 0 -0 1 0 0 1 0 0 1 0 0 1 0 0 1 0 0 1 0 0 1 0 0 1 0 0 1 0 -0 1 0 -0 1 0 -0 1 0 0 1 0 0 1 0 0 1 0 0 1 0 0 1 0 0 1 -0 0 1 -0 0 1 -0 0 1 0 0 1 0 0 1 0 0 1 0 0 1 0 0 1 0 0 1 0 0 1 0 0 1 0 -0 1 0 0 1 0 0 1 0 0 1 0 0 1 0 0 1 0 0 1 0 0 1 0 0 1 0 0 1 0 -0 1 0 0 1 0 0 1 0 0 1 0 0 1 0 0 1 0 0 1 0 0 1 0 0 1 0 0 1 0 0 1 0 0 1 0 0 1 0 0 1 0 0 1 0 0 1 0 0 1 1 0 -0 1 0 0 0.09801622 -0.9951848 0 0.09801622 -0.9951848 0 0.2902842 -0.9569405 0 0.2902842 -0.9569405 0 0.4713956 -0.8819219 0 0.4713956 -0.8819219 0 0.6343926 -0.7730109 0 0.7730109 -0.6343926 0 0.6343926 -0.7730109 0 0.7730109 -0.6343926 0 0.881923 -0.4713935 0 0.9569401 -0.2902856 0 0.881923 -0.4713935 0 0.9569401 -0.2902856 0 0.9951848 -0.0980167 0 0.9951848 -0.0980167 0 0 -1 0 0 -1 0 -0.9951848 -0.0980167 0 -0.9951848 -0.0980167 -0 -0.9569401 -0.2902856 0 -0.9569401 -0.2902856 -0 -0.881919 -0.4714011 0 -0.881919 -0.4714011 -0 -0.7730109 -0.6343926 0 -0.7730109 -0.6343926 -0 -0.6343974 -0.773007 0 -0.6343974 -0.773007 -0 -0.4713915 -0.8819241 0 -0.4713915 -0.8819241 -0 -0.2902842 -0.9569405 0 -0.09801719 -0.9951847 0 -0.2902842 -0.9569405 -0 -0.09801719 -0.9951847 0 -1 -0 -0 -1 0 0 0 0 1 0 0 1 0 0 1 0 0 1 0 0 1 0 0 1 0 0 1 0 0 1 0 0 1 0 0 1 0 0 1 0 0 1 0 0 1 0 0 1 0 0 1 0 0 1 0 0 1 0 0 1 0 0 1 0 0 1 0 0 1 0 0 1 0 0 1 0 0 1 0 0 -1 0 0 -1 0 0 -1 0 0 -1 0 0 -1 0 0 -1 0 0 -1 0 0 -1 0 0 -1 0 0 -1 0 0 -1 0 0 -1 0 0 -1 0 0 -1 0 0 -1 0 0 -1 0 0 -1 0 0 -1 0 0 -1 0 0 -1 0 0 -1 0 0 -1 0 0 -1 0 0 -1 0 0 -1 0 0 -1 0 0 -1 0 0 -1 0 0 -1 0 -0 -1 0 0 -1 0 0 -1 0 0 -1 0 0 -1 0 0 -1 0 0 -1 0 0 -1 0 0 -1 0 0 -1 0 0 -1 0 0 -1 0 0 -1 0 0 -1 0 0 -1 0 0 -1 0 -0 -1 0 0 -1 0 1 0 0 1 0 -1 0 0 -1 0 0 -1 0 -0 -1 0 0 1 0 0 1 0 0 1 0 -0 1 0 0 -0 -1 -0 -0 -1 0 0 -1 0 0 -1 0 0 -1 0 0 -1 0 0 -1 0 0 -1 0 0 1 0 0 1 0 -1 0 0 -1 0 0 -1 0 -0 -1 0 0 -0 -1 -0 -0 -1 0 0 -1 0 0 -1 0 0 -1 0 0 -1 0 0 -1 0 0 -1 0 0 -1 0 0 -1 0 1 0 0 1 0 0 1 0 -0 1 0 0 -0 -1 0 0 -1 0 0 -1 0 0 -1 0 -0 -1 0 0 -1 0 0 -1 0 0 -1 0 -1 0 0 -1 0 0 -1 0 -0 -1 0 0 1 0 0 1 0 0 1 0 -0 1 0 0 0 1 0 0 1 0 -0 -1 0 0 -1 0 0 -1 0 0 -1 0 0 -1 0 -0 -1 0 0 -1 0 0 -1 0 1 0 0 1 0 0 1 0 -0 1 0 0 0 1 0 0 1 0 -1 0 0 -1 0 0 -1 0 -0 -1 0 0 -0 -1 0 0 -1 0 0 -1 0 0 -1 0 0 -1 0 -0 -1 0 0 -1 0 0 -1 0 1 0 0 1 0 0 1 0 -0 1 0 0 0 1 0 0 1 0 -1 0 0 -1 0 0 -1 0 -0 -1 0 0 -0 -1 0 0 -1 0 0 -1 0 0 -1 0 0 -1 0 -0 -1 0 0 -1 0 0 -1 0 1 0 0 1 0 0 1 0 -0 1 0 0 0 1 0 0 1 0 -1 0 0 -1 0 0 -1 0 -0 -1 0 0 -0 -1 0 0 -1 0 0 -1 0 0 -1 0 0 -1 0 -0 -1 0 0 -1 0 0 -1 0 1 0 0 1 0 0 1 0 -0 1 0 0 0 1 0 0 1 0 -1 0 0 -1 0 0 -1 0 -0 -1 0 0 -0 -1 0 0 -1 0 0 -1 0 0 -1 0 0 -1 0 -0 -1 0 0 -1 0 0 -1 0 1 0 0 1 0 0 1 0 -0 1 0 0 0 1 0 0 1 0 -1 0 0 -1 0 0 -1 0 -0 -1 0 0 0 -1 0 0 -1 0 -1 0 0 -1 0 0 -1 0 -0 -1 0 0 1 0 0 1 0 0 1 0 -0 1 0 0 0 1 0 0 1 0 0 -0.3420201 0.9396927 0 -0.3420201 0.9396927 -0 -0.9396926 -0.3420202 0 -0.9396926 -0.3420202 0 0.3420201 -0.9396926 0 0.3420201 -0.9396926 -0 -0.1736481 -0.9848078 0 -0.1736481 -0.9848078 0 -0.02908523 -0.9995769 0 -0.02908523 -0.9995769 0 -0.08715627 -0.9961947 0 -0.1449319 -0.9894416 0 -0.08715627 -0.9961947 0 -0.1449319 -0.9894416 0 0 -1 0 0 -1 0 0 1 0 0 1 0 0.02908539 0.9995769 -0 0.02908539 0.9995769 0 0.08715475 0.9961948 0 0.1449337 0.9894413 -0 0.08715475 0.9961948 0 0.1449337 0.9894413 0 0.1736482 0.9848078 0 0.1736482 0.9848078 1 0 0 1 0 0 1 0 -0 1 0 -0 1 0 0 1 0 -0 1 0 0 1 0 -0 1 0 0 1 0 0 1 0 -0 1 0 0 1 0 -0 1 0 -0 1 0 0 1 0 -0 1 0 0 1 0 -0 1 0 0 -1 0 0 -1 0 0 -1 0 -0 -1 0 0 -1 0 -0 -1 0 0 -1 0 -0 -1 -0 0 -1 0 -0 -1 -0 0 -1 -0 0 -1 0 -0 -1 0 0 -1 -0 0 -1 0 -0 -1 -0 -0 -1 0 -0 -1 0 0 -1 0 -0 0 -0.3420201 0.9396927 0 -0.3420201 0.9396927 -0 -0.9396926 -0.3420202 0 -0.9396926 -0.3420202 0 0.3420201 -0.9396926 0 0.3420201 -0.9396926 -0 -0.1736481 -0.9848078 0 -0.1736481 -0.9848078 0 -0.02908523 -0.9995769 0 -0.02908523 -0.9995769 0 -0.08715627 -0.9961947 0 -0.1449319 -0.9894416 0 -0.08715627 -0.9961947 0 -0.1449319 -0.9894416 0 0 -1 0 0 -1 0 0 1 0 0 1 0 0.02908539 0.9995769 -0 0.02908539 0.9995769 0 0.08715475 0.9961948 0 0.1449337 0.9894413 -0 0.08715475 0.9961948 0 0.1449337 0.9894413 0 0.1736482 0.9848078 0 0.1736482 0.9848078 1 0 0 1 0 0 1 0 -0 1 0 -0 1 0 0 1 0 -0 1 0 0 1 0 -0 1 0 0 1 0 0 1 0 -0 1 0 0 1 0 -0 1 0 -0 1 0 0 1 0 -0 1 0 0 1 0 -0 1 0 0 -1 0 0 -1 0 0 -1 0 -0 -1 0 0 -1 0 -0 -1 0 0 -1 0 -0 -1 -0 0 -1 0 -0 -1 -0 0 -1 -0 0 -1 0 -0 -1 0 0 -1 -0 0 -1 0 -0 -1 -0 -0 -1 0 -0 -1 0 0 -1 0 -0 0 -0.3420201 0.9396927 0 -0.3420201 0.9396927 -0 -0.9396926 -0.3420202 0 -0.9396926 -0.3420202 0 0.3420201 -0.9396926 0 0.3420201 -0.9396926 -0 -0.1736481 -0.9848078 0 -0.1736481 -0.9848078 0 -0.02908523 -0.9995769 0 -0.02908523 -0.9995769 0 -0.08715627 -0.9961947 0 -0.1449319 -0.9894416 0 -0.08715627 -0.9961947 0 -0.1449319 -0.9894416 0 0 -1 0 0 -1 0 0 1 0 0 1 0 0.02908539 0.9995769 -0 0.02908539 0.9995769 0 0.08715475 0.9961948 0 0.1449337 0.9894413 -0 0.08715475 0.9961948 0 0.1449337 0.9894413 0 0.1736482 0.9848078 0 0.1736482 0.9848078 1 0 0 1 0 0 1 0 -0 1 0 -0 1 0 0 1 0 -0 1 0 0 1 0 -0 1 0 0 1 0 0 1 0 -0 1 0 0 1 0 -0 1 0 -0 1 0 0 1 0 -0 1 0 0 1 0 -0 1 0 0 -1 0 0 -1 0 0 -1 0 -0 -1 0 0 -1 0 -0 -1 0 0 -1 0 -0 -1 -0 0 -1 0 -0 -1 -0 0 -1 -0 0 -1 0 -0 -1 0 0 -1 -0 0 -1 0 -0 -1 -0 -0 -1 0 -0 -1 0 0 -1 0 -0 0 -0.3420201 0.9396927 0 -0.3420201 0.9396927 -0 -0.9396926 -0.3420202 0 -0.9396926 -0.3420202 0 0.3420201 -0.9396926 0 0.3420201 -0.9396926 -0 -0.1736481 -0.9848078 0 -0.1736481 -0.9848078 0 -0.02908523 -0.9995769 0 -0.02908523 -0.9995769 0 -0.08715627 -0.9961947 0 -0.1449319 -0.9894416 0 -0.08715627 -0.9961947 0 -0.1449319 -0.9894416 0 0 -1 0 0 -1 0 0 1 0 0 1 0 0.02908539 0.9995769 -0 0.02908539 0.9995769 0 0.08715475 0.9961948 0 0.1449337 0.9894413 -0 0.08715475 0.9961948 0 0.1449337 0.9894413 0 0.1736482 0.9848078 0 0.1736482 0.9848078 1 0 0 1 0 0 1 0 -0 1 0 -0 1 0 0 1 0 -0 1 0 0 1 0 -0 1 0 0 1 0 0 1 0 -0 1 0 0 1 0 -0 1 0 -0 1 0 0 1 0 -0 1 0 0 1 0 -0 1 0 0 -1 0 0 -1 0 0 -1 0 -0 -1 0 0 -1 0 -0 -1 0 0 -1 0 -0 -1 -0 0 -1 0 -0 -1 -0 0 -1 -0 0 -1 0 -0 -1 0 0 -1 -0 0 -1 0 -0 -1 -0 -0 -1 0 -0 -1 0 0 -1 0 -0 0 -0.3420201 0.9396927 0 -0.3420201 0.9396927 -0 -0.9396926 -0.3420202 0 -0.9396926 -0.3420202 0 0.3420201 -0.9396926 0 0.3420201 -0.9396926 -0 -0.1736481 -0.9848078 0 -0.1736481 -0.9848078 0 -0.02908523 -0.9995769 0 -0.02908523 -0.9995769 0 -0.08715627 -0.9961947 0 -0.1449319 -0.9894416 0 -0.08715627 -0.9961947 0 -0.1449319 -0.9894416 0 0 -1 0 0 -1 0 0 1 0 0 1 0 0.02908539 0.9995769 0 0.08715475 0.9961948 -0 0.02908539 0.9995769 0 0.1449337 0.9894413 0 0.08715475 0.9961948 0 0.1449337 0.9894413 0 0.1736482 0.9848078 0 0.1736482 0.9848078 1 0 0 1 0 0 1 0 -0 1 0 -0 1 0 0 1 0 -0 1 0 0 1 0 -0 1 0 0 1 0 0 1 0 -0 1 0 0 1 0 -0 1 0 -0 1 0 0 1 0 -0 1 0 0 1 0 -0 1 0 0 -1 0 0 -1 0 0 -1 0 -0 -1 0 0 -1 0 -0 -1 0 0 -1 0 -0 -1 -0 0 -1 0 -0 -1 -0 0 -1 -0 0 -1 0 -0 -1 0 0 -1 -0 0 -1 0 -0 -1 -0 -0 -1 0 -0 -1 0 0 -1 0 -0 0 -0.3420201 0.9396927 0 -0.3420201 0.9396927 -0 -0.9396926 -0.3420202 0 -0.9396926 -0.3420202 0 0.3420201 -0.9396926 0 0.3420201 -0.9396926 -0 -0.1736481 -0.9848078 0 -0.1736481 -0.9848078 0 -0.02908523 -0.9995769 0 -0.02908523 -0.9995769 0 -0.08715627 -0.9961947 0 -0.1449319 -0.9894416 0 -0.08715627 -0.9961947 0 -0.1449319 -0.9894416 0 0 -1 0 0 -1 0 0 1 0 0 1 0 0.02908539 0.9995769 0 0.08715475 0.9961948 -0 0.02908539 0.9995769 0 0.1449337 0.9894413 0 0.08715475 0.9961948 0 0.1449337 0.9894413 0 0.1736482 0.9848078 0 0.1736482 0.9848078 1 0 0 1 0 0 1 0 -0 1 0 -0 1 0 0 1 0 -0 1 0 0 1 0 -0 1 0 0 1 0 0 1 0 -0 1 0 0 1 0 -0 1 0 -0 1 0 0 1 0 -0 1 0 0 1 0 -0 1 0 0 -1 0 0 -1 0 0 -1 0 -0 -1 0 0 -1 0 -0 -1 0 0 -1 0 -0 -1 -0 0 -1 0 -0 -1 -0 0 -1 -0 0 -1 0 -0 -1 0 0 -1 -0 0 -1 0 -0 -1 -0 -0 -1 0 -0 -1 0 0 -1 0 -0 0 -0.3420201 0.9396927 0 -0.3420201 0.9396927 -0 -0.9396926 -0.3420202 0 -0.9396926 -0.3420202 0 0.3420201 -0.9396926 0 0.3420201 -0.9396926 -0 -0.1736481 -0.9848078 0 -0.1736481 -0.9848078 0 -0.02908523 -0.9995769 0 -0.02908523 -0.9995769 0 -0.08715627 -0.9961947 0 -0.1449319 -0.9894416 0 -0.08715627 -0.9961947 0 -0.1449319 -0.9894416 0 0 -1 0 0 -1 0 0 1 0 0 1 0 0.02908539 0.9995769 0 0.08715475 0.9961948 -0 0.02908539 0.9995769 0 0.1449337 0.9894413 0 0.08715475 0.9961948 0 0.1449337 0.9894413 0 0.1736482 0.9848078 0 0.1736482 0.9848078 1 0 0 1 0 0 1 0 -0 1 0 -0 1 0 0 1 0 -0 1 0 0 1 0 -0 1 0 0 1 0 0 1 0 -0 1 0 0 1 0 -0 1 0 -0 1 0 0 1 0 -0 1 0 0 1 0 -0 1 0 0 -1 0 0 -1 0 0 -1 0 -0 -1 0 0 -1 0 -0 -1 0 0 -1 0 -0 -1 -0 0 -1 0 -0 -1 -0 0 -1 -0 0 -1 0 -0 -1 0 0 -1 -0 0 -1 0 -0 -1 -0 -0 -1 0 -0 -1 0 0 -1 0 -0 -0 -0.9396926 -0.3420202 0 -0.9396926 -0.3420202 0 0.3420202 -0.9396926 0 0.3420202 -0.9396926 -0 -0.1736481 -0.9848077 0 -0.1736481 -0.9848077 0 -0.02908523 -0.9995769 0 -0.02908523 -0.9995769 0 -0.1449319 -0.9894416 0 -0.08715627 -0.9961947 0 -0.08715627 -0.9961947 0 -0.1449319 -0.9894416 0 0 -1 0 0 -1 0 0 1 0 0 1 0 0.02908539 0.9995769 -0 0.02908539 0.9995769 0 0.08715475 0.9961948 0 0.1449337 0.9894413 -0 0.08715475 0.9961948 0 0.1449337 0.9894413 0 0.1736482 0.9848077 0 0.1736482 0.9848077 0 -0.3420201 0.9396926 0 -0.3420201 0.9396926 1 0 0 1 0 -0 1 0 0 1 0 -0 1 0 0 1 0 -0 1 0 0 1 0 -0 1 0 0 1 0 0 1 0 -0 1 0 0 1 0 -0 1 0 -0 1 0 0 1 0 -0 1 0 0 1 0 0 1 0 -0 -1 0 0 -1 0 -0 -1 0 0 -1 0 0 -1 0 -0 -1 0 0 -1 0 -0 -1 -0 0 -1 0 -0 -1 -0 0 -1 -0 0 -1 0 -0 -1 0 0 -1 -0 0 -1 0 -0 -1 -0 -0 -1 0 -0 -1 -0 -0 -1 0 0 -0 -0 -1 0 0 -1 0 1 0 0 1 0 0 0 1 0 -0 1 0 0.9517086 0.3070032 0 0.9517086 0.3070032 0 0.1047035 0.9945035 -0 0.1047035 0.9945035 -0 0.3095213 0.9508926 0 0.3095213 0.9508926 -0 0.5007637 0.865584 0 0.5007637 0.865584 -0 0.6700464 0.7423192 0 0.6700464 0.7423192 -0 0.8099492 0.5865002 0 0.8099492 0.5865002 -0 0.9143339 0.4049611 0 0.9143339 0.4049611 0 0 1 0 -0 1 0 -1 0 0 -1 0 -0 -0 -1 0 0 -1 0 -0.2082568 -0.9780741 0 -0.2082568 -0.9780741 0 -0.5886419 -0.8083939 0 -0.5886419 -0.8083939 0 -0.8669041 -0.498475 0 -0.8669041 -0.498475 -0 -0.9517085 -0.3070033 0 -0.9517085 -0.3070033 0 -0.2082568 -0.9780741 0 -0.2082568 -0.9780741 0 -0.5886419 -0.8083939 0 -0.5886419 -0.8083939 0 -0.8669066 -0.4984706 0 -0.8669066 -0.4984706 1 0 0 1 0 -0 1 0 0 1 0 0 1 0 -0 1 0 0 1 0 -0 1 0 0 1 0 0 1 0 0 1 0 0 1 0 0 1 0 0 1 0 0 1 0 -0 1 0 -0 1 0 -0 1 0 0 -1 -0 0 -1 -0 -0 -1 0 0 -1 -0 0 -1 0 0 -1 0 -0 -1 0 0 -1 0 -0 -1 0 0 -1 0 -0 -1 0 -0 -1 0 0 -1 0 0 -1 0 -0 -1 0 0 -1 0 -0 -1 -0 -0 -1 0 0 1 0 -0 1 0 0 -1 -0 -0 -1 0 0 0 0 1 0 0 1 0 0 -1 0 0 -1 0 1 0 0 1 0 0 1 0 0 1 0 0 -1 0 0 -1 0 -0 -1 0 0 -1 0 1 0 -0 1 0 0 0 0 1 0 0 1 1 0 -0 1 0 0 -1 -0 0 -1 0 -0 0.9807848 0 -0.1950926 0.9807848 0 -0.1950926 0.831467 0 -0.5555742 0.831467 0 -0.5555742 0.1950903 0 -0.9807853 0.5555725 0 -0.8314681 0.5555725 0 -0.8314681 0.1950903 0 -0.9807853 -0.9659638 0 0.2586774 -0.9659638 0 0.2586774 -0.7071183 0 0.7070953 -0.7071183 0 0.7070953 -0.2588005 0 0.9659308 -0.2588005 0 0.9659308 0.1950903 0 0.9807853 0.5555715 0 0.8314688 0.1950903 0 0.9807853 0.831467 0 0.5555742 0.5555715 0 0.8314688 0.9807848 0 0.1950926 0.831467 0 0.5555742 0.9807848 0 0.1950926 -0.2588005 -0 -0.9659308 -0.2588005 0 -0.9659308 -0.7071298 0 -0.7070838 -0.7071298 -0 -0.7070838 -0.9659623 0 -0.2586831 -0.9659623 -0 -0.2586831 0 -1 0 0 -1 0 0 1 0 0 1 0 1 0 0 1 0 -0 -1 0 -0 -1 -0 0 0 1 0 0 1 0 0 1 0 0 1 0 0 0 1 0 -0 1 0 0 1 0 -0 1 0 -0 1 0 -0 1 0 1 0 0 1 0 0 0 -1 -0 -0 -1 0 0 -1 -0 -0 -1 0 -0 -1 -0 0 -1 -1 0 0 -1 0 -0 -1 -0 0 -1 0 -0 -1 -0 0 -1 -0 0 -1 0 -0 -1 -0 0 1 0 -0 1 0 0 1 0 -0 1 0 0 1 0 -0 1 0 0 1 0 -0 1 0 0 -1 0 -0 -1 0 -0 -1 -0 0 -1 0 -0 -1 -0 0 -1 -0 -0 -1 0 0 -1 -0 0 1 0 -0 1 0 0 1 0 -0 1 0 0 0.9999977 0.002067494 0.0005960285 1 0 0 -0 -0.1449315 -0.9894417 -0 -0.1449315 -0.9894417 -0 -0.08715704 -0.9961946 0 -0.08715704 -0.9961946 -0 -0.02908368 -0.999577 0 -0.02908368 -0.999577 -0 -0.02908368 -0.999577 0 -0.1736482 -0.9848077 -0 -0.1736482 -0.9848077 0 -0.1449351 -0.9894412 -0 -0.1449351 -0.9894412 0 -0.08715335 -0.996195 -0 -0.08715335 -0.996195 0 -0.02908544 -0.999577 -0 -0.02908544 -0.999577 0 0 -1 0 0 -1 0 -1 0 0 -1 0 0 0 1 0 0 1 0 0.1449299 0.9894419 0 0.1449299 0.9894419 0 0.08715454 0.9961948 0 0.08715454 0.9961948 0 0.02908842 0.9995768 0 0.02908842 0.9995768 0 0.1736482 0.9848077 0 0.1736482 0.9848077 0 0.1449314 0.9894418 0 0.1449314 0.9894418 0 0.08715694 0.9961946 0 0.08715694 0.9961946 0 0.02908433 0.999577 0 0.02908432 0.9995769 -2.668393e-05 0.02898803 0.9995797 -1 0 -0 -1 -0 0 1 0 0 1 0 -0 0 -1 0 0 -1 0 0 -1 0 0 -1 0 0 -1 0 0 -1 0 0 1 0 0 1 0 0 1 0 0 1 0 0 1 0 0 1 0 0 1 0 0.999992 -0.0003071227 -0.004004831 0.9997175 0.0002034638 -0.02376445 0.9999679 0 -0.008016923 0.9714566 -0.00494817 -0.2371657 0.98076 0.00710908 -0.1950876 0.8145748 -0.003439975 -0.5800483 0.8314559 0.00516162 -0.5555668 0.5406457 -0.00177719 -0.8412485 0.555569 0.003554674 -0.8314629 0.1892534 0 -0.9819283 0.19509 0.001833687 -0.9807836 -0.9659638 0 0.2586774 -0.9659638 0 0.2586774 -0.7071183 0 0.7070953 -0.7071183 0 0.7070953 -0.2588005 0 0.9659308 -0.2588005 0 0.9659308 0 -1 0 0 -1 0 -0 -1 0 0 -1 0 0 -1 0 -0 -1 0 0 -1 0 0 1 0 0 1 0 0 1 0 0 1 0 -0 1 0 0 1 0 0 1 0 0.1950903 0 0.9807853 0.5555715 0 0.8314688 0.1950903 0 0.9807853 0.831467 0 0.5555742 0.5555715 0 0.8314688 0.9807848 0 0.1950926 0.831467 0 0.5555742 0.9807848 0 0.1950926 -0.2588005 -0 -0.9659308 -0.2588005 0 -0.9659308 -0.7071298 0 -0.7070838 -0.7071298 -0 -0.7070838 -0.9659622 0 -0.2586831 -0.9659622 -0 -0.2586831 0 1 0 0 1 0 0 -1 0 0 -1 0 0 0 1 0 0 1 0 0 1 0 0 1 0 0 1 0 0 1 0 0 -1 0 0 -1 0 0 -1 0 0 -1 0 0 -1 0 0 -1 -1 -0 -0 -1 0 0 1 0 -0 1 0 0 0 -1 0 -0 -1 0 0 -1 0 0 -1 0 0 -1 0 0 -1 0 0 -1 0 0 -1 0 0 -1 0 0 -1 0 0 -1 0 0 -1 0 0 -1 0 0 -1 0 0 -1 0 0 -1 0 0 -1 0 0 -1 0 -0 -1 0 0 -1 0 0 1 0 0 1 0 0 1 0 0 1 0 0 1 0 0 1 0 -0 1 0 0 1 0 0 1 0 0 1 0 0 1 0 0 1 0 0 1 0 0 1 0 0 1 0 0 1 0 0 1 0 0 1 0 0 1 0 0 1 0 1 0 0 1 0 -0 -0 -0 -1 0 0 -1 0 1 0 0 1 0 0 0 1 0 -0 1 0 0.9517086 0.3070032 0 0.9517086 0.3070032 0 0.1047035 0.9945035 -0 0.1047035 0.9945035 -0 0.3095213 0.9508926 0 0.3095213 0.9508926 -0 0.5007637 0.865584 0 0.5007637 0.865584 -0 0.6700464 0.7423192 0 0.6700464 0.7423192 -0 0.8099492 0.5865002 0 0.8099492 0.5865002 -0 0.9143339 0.4049611 0 0.9143339 0.4049611 0 0 1 0 -0 1 0 -1 0 0 -1 0 -0 -0 -1 0 0 -1 0 -0.2082568 -0.9780741 0 -0.2082568 -0.9780741 0 -0.5886419 -0.8083939 0 -0.5886419 -0.8083939 0 -0.8669041 -0.498475 0 -0.8669041 -0.498475 -0 -0.9517085 -0.3070033 0 -0.9517085 -0.3070033 0 -0.2082568 -0.9780741 0 -0.2082568 -0.9780741 0 -0.5886419 -0.8083939 0 -0.5886419 -0.8083939 0 -0.8669066 -0.4984706 0 -0.8669066 -0.4984706 1 0 0 1 0 -0 1 0 0 1 0 0 1 0 -0 1 0 0 1 0 -0 1 0 0 1 0 0 1 0 0 1 0 0 1 0 0 1 0 0 1 0 0 1 0 -0 1 0 -0 1 0 -0 1 0 0 -1 -0 0 -1 -0 -0 -1 0 0 -1 -0 0 -1 0 0 -1 0 -0 -1 0 0 -1 0 -0 -1 0 0 -1 0 -0 -1 0 -0 -1 0 0 -1 0 0 -1 0 -0 -1 0 0 -1 0 -0 -1 -0 -0 -1 0 0 1 0 -0 1 0 0 -1 -0 -0 -1 0 0 0 0 1 0 0 1 0 0 -1 0 0 -1 0 1 0 0 1 0 0 1 0 0 1 0 0 -1 0 0 -1 0 -0 -1 0 0 -1 0 1 0 -0 1 0 0 0 0 1 0 0 1 -0 -0 -1 0 0 -1 0 1 0 0 1 0 0 0 1 0 -0 1 0 0.9517085 0.3070032 0 0.9517085 0.3070032 0 0.1047035 0.9945034 -0 0.1047035 0.9945034 -0 0.3095213 0.9508925 0 0.3095213 0.9508925 -0 0.5007637 0.8655841 0 0.5007637 0.8655841 -0 0.6700464 0.7423193 0 0.6700464 0.7423193 -0 0.8099491 0.5865002 0 0.8099491 0.5865002 -0 0.9143339 0.4049611 0 0.9143339 0.4049611 0 0 1 0 -0 1 0 -1 0 0 -1 0 -0 -0 -1 0 0 -1 0 -0.2082568 -0.9780741 0 -0.2082568 -0.9780741 0 -0.5886419 -0.8083939 0 -0.5886419 -0.8083939 0 -0.8669041 -0.498475 0 -0.8669041 -0.498475 -0 -0.9517084 -0.3070033 0 -0.9517084 -0.3070033 0 -0.2082569 -0.9780741 0 -0.2082569 -0.9780741 0 -0.8669066 -0.4984707 0 -0.5886419 -0.808394 0 -0.5886419 -0.808394 0 -0.8669066 -0.4984707 1 0 0 1 0 -0 1 0 0 1 0 0 1 0 -0 1 0 0 1 0 -0 1 0 0 1 0 0 1 0 0 1 0 0 1 0 0 1 0 0 1 0 0 1 0 -0 1 0 -0 1 0 -0 1 0 0 -1 -0 0 -1 -0 -0 -1 0 0 -1 -0 0 -1 0 0 -1 0 -0 -1 0 0 -1 0 -0 -1 0 0 -1 0 -0 -1 0 -0 -1 0 0 -1 0 0 -1 0 -0 -1 0 0 -1 0 -0 -1 -0 -0 -1 0 0 -0 -0 -1 0 0 -1 0 1 0 0 1 0 0 0 1 0 -0 1 0 0.9517086 0.3070032 0 0.9517086 0.3070032 0 0.1047035 0.9945035 -0 0.1047035 0.9945035 -0 0.3095213 0.9508926 0 0.3095213 0.9508926 -0 0.5007637 0.865584 0 0.5007637 0.865584 -0 0.6700464 0.7423192 0 0.6700464 0.7423192 -0 0.8099492 0.5865002 0 0.8099492 0.5865002 -0 0.9143339 0.4049611 0 0.9143339 0.4049611 0 0 1 0 -0 1 0 -1 0 0 -1 0 -0 -0 -1 0 0 -1 0 -0.2082568 -0.9780741 0 -0.2082568 -0.9780741 0 -0.5886419 -0.8083939 0 -0.5886419 -0.8083939 0 -0.8669041 -0.498475 0 -0.8669041 -0.498475 -0 -0.9517085 -0.3070033 0 -0.9517085 -0.3070033 0 -0.2082568 -0.9780741 0 -0.2082568 -0.9780741 0 -0.5886419 -0.8083939 0 -0.5886419 -0.8083939 0 -0.8669066 -0.4984706 0 -0.8669066 -0.4984706 1 0 0 1 0 -0 1 0 0 1 0 0 1 0 -0 1 0 0 1 0 -0 1 0 0 1 0 0 1 0 0 1 0 0 1 0 0 1 0 0 1 0 0 1 0 -0 1 0 -0 1 0 -0 1 0 0 -1 -0 0 -1 -0 -0 -1 0 0 -1 -0 0 -1 0 0 -1 0 -0 -1 0 0 -1 0 -0 -1 0 0 -1 0 -0 -1 0 -0 -1 0 0 -1 0 0 -1 0 -0 -1 0 0 -1 0 -0 -1 -0 -0 -1 0 0 -0 -0 -1 0 0 -1 0 1 0 0 1 0 0 0 1 0 -0 1 0 0.9517085 0.3070032 0 0.9517085 0.3070032 0 0.1047035 0.9945034 -0 0.1047035 0.9945034 -0 0.3095213 0.9508925 0 0.3095213 0.9508925 -0 0.5007637 0.8655841 0 0.5007637 0.8655841 -0 0.6700464 0.7423193 0 0.6700464 0.7423193 -0 0.8099491 0.5865002 0 0.8099491 0.5865002 -0 0.9143339 0.4049611 0 0.9143339 0.4049611 0 0 1 0 -0 1 0 -1 0 0 -1 0 -0 -0 -1 0 0 -1 0 -0.2082568 -0.9780741 0 -0.2082568 -0.9780741 0 -0.5886419 -0.8083939 0 -0.5886419 -0.8083939 0 -0.8669041 -0.498475 0 -0.8669041 -0.498475 -0 -0.9517084 -0.3070033 0 -0.9517084 -0.3070033 0 -0.2082569 -0.9780741 0 -0.2082569 -0.9780741 0 -0.5886419 -0.808394 0 -0.5886419 -0.808394 0 -0.8669066 -0.4984707 0 -0.8669066 -0.4984707 1 0 0 1 0 -0 1 0 0 1 0 0 1 0 -0 1 0 0 1 0 -0 1 0 0 1 0 0 1 0 0 1 0 0 1 0 0 1 0 0 1 0 0 1 0 -0 1 0 -0 1 0 -0 1 0 0 -1 -0 0 -1 -0 -0 -1 0 0 -1 -0 0 -1 0 0 -1 0 -0 -1 0 0 -1 0 -0 -1 0 0 -1 0 -0 -1 0 -0 -1 0 0 -1 0 0 -1 0 -0 -1 0 0 -1 0 -0 -1 -0 -0 -1 0 0 -0 -0 -1 0 0 -1 0 1 0 0 1 0 0 0 1 0 -0 1 0 0.9517084 0.3070031 0 0.9517084 0.3070031 0 0.1047035 0.9945035 -0 0.1047035 0.9945035 -0 0.3095213 0.9508926 0 0.3095213 0.9508926 -0 0.5007637 0.865584 0 0.5007637 0.865584 -0 0.6700464 0.7423192 0 0.6700464 0.7423192 -0 0.8099491 0.5865002 0 0.8099491 0.5865002 -0 0.9143339 0.4049611 0 0.9143339 0.4049611 0 0 1 0 -0 1 0 -1 0 0 -1 0 -0 -0 -1 0 0 -1 0 -0.2082568 -0.9780742 0 -0.2082568 -0.9780742 0 -0.5886419 -0.8083939 0 -0.5886419 -0.8083939 0 -0.8669041 -0.4984749 0 -0.8669041 -0.4984749 -0 -0.9517084 -0.3070033 0 -0.9517084 -0.3070033 0 -0.2082569 -0.9780742 0 -0.2082569 -0.9780742 0 -0.5886419 -0.8083939 0 -0.5886419 -0.8083939 0 -0.8669066 -0.4984706 0 -0.8669066 -0.4984706 1 0 0 1 0 -0 1 0 0 1 0 0 1 0 -0 1 0 0 1 0 -0 1 0 0 1 0 0 1 0 0 1 0 0 1 0 0 1 0 0 1 0 0 1 0 -0 1 0 -0 1 0 -0 1 0 0 -1 -0 0 -1 -0 -0 -1 0 0 -1 -0 0 -1 0 0 -1 0 -0 -1 0 0 -1 0 -0 -1 0 0 -1 0 -0 -1 0 -0 -1 0 0 -1 0 0 -1 0 -0 -1 0 0 -1 0 -0 -1 -0 -0 -1 0 0 -0.7570841 0.6533173 0 -0.7570841 0.6533173 0 -0.8121521 0.5834457 0 -0.8607925 0.5089562 0 -0.8121521 0.5834457 0 -0.9026228 0.4304324 0 -0.8607925 0.5089562 0 -0.9026228 0.4304324 0 -0.9373047 0.348511 0 -0.9645719 0.2638199 0 -0.9373047 0.348511 0 -0.9842019 0.1770499 0 -0.9645719 0.2638199 0 -0.9842019 0.1770499 0 -0.996042 0.08888464 0 -0.996042 0.08888464 0 -1 0 0 -0.9960418 -0.08888549 0 -1 0 0 -0.9842021 -0.1770482 0 -0.9960418 -0.08888549 0 -0.9645719 -0.2638199 0 -0.9842021 -0.1770482 0 -0.9645719 -0.2638199 0 -0.9373041 -0.3485126 0 -0.9373041 -0.3485126 -0 -0.9026237 -0.4304306 0 -0.8607925 -0.5089562 0 -0.9026237 -0.4304306 -0 -0.8607925 -0.5089562 0 -0.8121505 -0.5834479 -0 -0.8121505 -0.5834479 0 -0.7570862 -0.6533149 -0 -0.7570862 -0.6533149 0 -0.7570884 0.6533126 0 -0.8121505 0.5834479 0 -0.7570884 0.6533126 0 -0.8607925 0.5089562 0 -0.8121505 0.5834479 0 -0.9026228 0.4304324 0 -0.8607925 0.5089562 0 -0.9373041 0.3485126 0 -0.9026228 0.4304324 0 -0.9645719 0.2638199 0 -0.9373041 0.3485126 0 -0.984202 0.1770491 0 -0.9645719 0.2638199 0 -0.984202 0.1770491 0 -0.996042 0.08888464 0 -0.996042 0.08888464 0 -1 0 0 -1 0 0 -0.996042 -0.08888464 0 -0.996042 -0.08888464 -0 -0.984202 -0.1770491 0 -0.984202 -0.1770491 -0 -0.9645719 -0.2638199 0 -0.9645719 -0.2638199 -0 -0.9373041 -0.3485126 0 -0.9373041 -0.3485126 -0 -0.9026228 -0.4304324 0 -0.9026228 -0.4304324 -0 -0.8607925 -0.5089562 0 -0.8607925 -0.5089562 -0 -0.8121521 -0.5834457 -0 -0.8121521 -0.5834457 0 -0.7570862 -0.6533149 -0 -0.7570862 -0.6533149 0 0 0.9238798 -0.3826827 0 0.9238798 -0.3826827 0 0.3826833 -0.9238796 0 0.3826833 -0.9238796 0 -0.3826833 -0.9238796 0 -0.3826833 -0.9238796 0 -0.9238798 -0.3826827 0 -0.9238798 -0.3826827 0 0.9238798 -0.3826827 0 0.9238798 -0.3826827 0 0.3826833 -0.9238796 0 0.3826833 -0.9238796 0 -0.3826833 -0.9238796 0 -0.3826833 -0.9238796 0 -0.9238798 -0.3826827 0 -0.9238798 -0.3826827 0 0 1 0 0 1 0 0 1 0 0 1 0 0 1 0 0 1 0 0 1 0 0 1 0 0 1 0 0 1 0 0 1 0 0 1 0 0 1 0 0 1 0 0 1 0 0 1 0 0 1 0 0 1 0 0 1 0 0 1 0 0 1 0 0 1 0 0 1 0 0 1 0 0 1 0 0 1 0 0 1 0 0 1 0 0 1 0 0 1 0 0 1 0 0 1 0 0 1 0 0 1 0 0 1 0 0 1 0 0 1 0 0 1 0 0 1 0 0 1 0 0 1 0 0 1 0 0 1 0 0 1 0 0 1 0 0 1 0 0 1 0 0 1 0 0 1 0 0 1 0 0 1 0 0 1 0 0 1 0 0 1 0 0 1 0 0 1 0 0 1 0 0 1 0 0 1 0 0 1 0 0 1 0 0 1 0 0 1 0 0 1 0 0 1 0 0 1 0 0 1 0 0 1 0 0 1 0 0 1 0 0 1 0 0 1 0 0 1 0 0 1 0 0 1 0 0 1 0 0 1 0 0 1 0 0 1 0 0 1 0 0 1 0 0 1 0 0 1 0 0 1 0 0 1 0 0 1 0 0 1 0 0 1 0 0 1 0 0 1 0 0 1 0 0 1 0 0 1 0 0 1 0 0 1 0 0 1 0 0 1 0 0 1 0 0 1 0 0 1 0 0 1 0 0 1 0 0 1 0 0 1 0 0 1 0 0 1 0 0 1 0 0 1 0 0 1 0 0 1 0 0 1 0 0 1 0 0 1 0 0 1 0 0 1 0 0 1 0 0 1 0 0 1 0 0 1 0 0 1 0 0 1 0 0 1 0 0 1 0 0 1 0 0 1 0 0 1 0 0 1 0 0 1 0 0 1 0 0 1 0 0 1 0 0 1 0 0 1 0 0 1 0 0 1 0 0 1 0 0 1 0 0 1 0 0 1 0 0 1 0 0 1 0 0 1 0 0 1 0 0 1 0 0 1 0 0 1 0 0 1 0 0 1 0 0 1 0 0 1 0 0 1 0 0 1 0 0 1 0 0 1 0 0 1 0 0 1 0 0 1 0 0 1 0 0 1 0 0 1 0 0 1 0 0 1 0 0 1 0 0 1 0 0 1 0 0 1 0 0 1 0 0 1 0 0 1 0 0 1 0 0 1 0 0 1 0 0 1 0 0 1 0 0 1 0 0 1 0 0 1 0 0 1 0 0 1 0 0 1 0 0 1 0 0 1 0 0 1 0 0 1 0 0 1 0 0 1 0 0 1 0 0 1 0 0 1 0 0 1 0 0 1 0 0 1 0 0 1 0 0 1 0 0 1 0 0 1 0 0 1 0 0 1 0 0 1 0 0 1 0 0 1 0 0 1 0 0 1 0 0 1 0 0 1 0 0 1 0 0 1 0 0 1 0 0 1 0 0 1 0 0 1 0 0 1 0 0 1 0 0 1 0 0 1 0 0 1 0 0 1 0 0 1 0 0 1 0 0 1 0 0 1 0 0 1 0 0 1 0 0 1 0 0 1 0 0 1 0 0 1 0 0 1 0 0 1 0 0 1 0 0 1 0 0 1 0 0 1 0 0 1 0 0 1 0 0 1 0 0 1 0 0 1 0 0 1 0 0 1 0 0 1 0 0 1 0 0 1 0 0 1 0 0 1 0 0 1 0 0 1 0 0 1 0 0 1 0 0 1 0 0 1 0 0 1 0 0 1 0 0 1 0 0 1 0 0 1 0 0 1 0 0 1 0 0 1 0 0 1 0 0 1 0 0 1 0 0 1 0 0 1 0 0 1 0 0 1 0 0 1 0 0 1 0 0 1 0 0 1 0 0 1 0 0 1 0 0 1 0 0 1 0 0 1 0 0 1 0 0 1 0 0 1 0 0 1 0 0 1 0 0 1 0 0 1 0 0 1 0 0 1 0 0 1 0 0 1 0 0 1 0 0 1 0 0 1 0 0 1 0 0 1 0 0 1 0 0 1 0 0 1 0 0 1 0 0 1 0 0 1 0 0 1 0 0 1 0 0 1 0 0 1 0 0 1 0 0 1 0 0 1 0 0 1 0 0 1 0 0 1 0 0 1 0 -0 1 0 0 1 0 0 1 0 0 1 0 0 1 0 0 1 0 0 1 0 0 1 0 0 1 0 -0 1 0 0 1 0 -0 1 0 0 1 0 0 1 0 -0 1 0 0 1 0 -0 1 0 0 1 0 -0 1 0 0 1 0 0 1 0 -0 1 0 0 1 0 0 1 0 0 1 0 0 1 0 0 1 0 0 1 0 0 1 0 0 1 0 0 1 0 0 1 0 -0 1 0 0 1 1 0 0 1 0 -0 1 0 0 1 0 -0 -1 -0 -0 -1 0 0 -1 -0 -0 -1 0 0 0 -1 0 0 -1 0 -0 -1 0 0 -1 0 0 -1 0 0 -1 0 0 0 -1 0 0 -1 -1 0 0 -1 -0 0 -1 0 0 -1 -0 0 -1 0 0 -1 0 -0 -1 0 -0 -1 0 0 -1 -0 -0 -1 0 -0 -1 0 0 -1 0 0 -1 -0 0 -1 -0 0 -1 0 0 -1 -0 0 -1 0 -0 -1 0 0 -1 0 -0 -1 0 0 -1 -0 0 -1 0 -0 -1 0 0 -1 0 -0 -1 -0 -0 -1 0 0 -1 0 0 -1 -0 0 -1 0 0 -1 0 0 -1 0 0 -1 0 0 -1 0 0 -1 -0 -0 -1 0 0 -1 0 0 -1 0 -0 -1 0 0 -1 0 0 -1 0 0 -1 0 -0 -1 0 0 1 0 0 1 0 -0 1 0 0 1 0 -0 1 0 0 1 0 0 1 0 0 1 0 0 1 0 -0 1 0 0 1 0 0 1 0 0 1 0 -0 1 0 -0 1 0 0 1 0 0 1 0 -0 1 0 0 1 0 -0 1 0 0 1 0 -0 1 0 0 1 0 -0 1 0 -0 1 0 -0 1 0 0 1 0 -0 1 0 -0 1 0 0 1 0 -0 1 0 0 1 0 0 1 0 -0 1 0 -0 1 0 0 1 0 0 1 0 -0 1 0 0 1 0 0 1 0 0 1 0 0 1 0 0 0 1 0 0 1 0 0 -1 0 0 -1 0 0 0 -1 0 0 -1 0 -1 0 0 -1 0 1 0 -0 1 0 -0 1 0 0 1 0 0 1 0 0 1 0 0 1 0 -0 1 0 -0 1 0 -0 -1 0 -0 -1 0 0 -1 0 0 -1 0 0 -1 0 0 -1 0 0 -1 0 0 -1 0 -0 -1 -0 0 -0 1 0 0 1 0 1 0 -0 1 0 0 1 0 -0 1 0 -0 1 0 0 1 -0 -0 1 0 -0 1 0 -0 1 0 -0 -1 0 -0 -1 -0 0 -1 0 0 -1 -0 0 -1 0 0 -1 0 0 -1 0 0 -1 0 -0 -1 -0 0 0 0 -1 0 0 -1 0 1 0 0 1 0 -0 1 0 0 1 0 0 -1 0 0 -1 0 0 -1 0 -0 -1 0 0 0 -1 0 0 -1 0 0 -1 0 0 -1 0 -0 -1 0 0 -1 0 0 -1 0 0 -1 0 0 -1 0 0 -1 0 0 -1 0 0 -1 0 0 -1 0 0 -1 0 0 -1 0 0 -1 0 0 -1 0 -0 -1 0 0 -1 0 0 -1 0 0 -1 0 0 -1 0 0 -1 0 0 -1 -3.407913e-05 -3.407914e-05 -1 -3.407913e-05 -3.407914e-05 -1 0 0 -1 0 0 -1 0 0 -1 0 0 -1 0 0 -1 0 0 -1 0 -0 -1 0 0 -1 0 0 -1 0 0 -1 0 1 0 0 1 0 0.7071066 0.7071068 -0.000417622 0.7071068 0.7071067 -0.0004214533 0 -1 0 0 -1 0 0 -1 0 0 -1 0 -0 -1 0 0 -1 0 0 -1 0 0 1 0 0 1 0 0 1 0 0 1 0 0 1 0 0 1 0 0 1 0 -0.9807871 0 0.1950814 -0.831467 0 0.5555742 -0.9807871 0 0.1950814 -0.5555715 0 0.8314688 -0.831467 0 0.5555742 -0.1950931 0 0.9807847 -0.5555715 0 0.8314688 -0.1950931 0 0.9807847 0.9659193 0 -0.2588435 0.7071068 0 -0.7071068 0.9659193 0 -0.2588435 0.2588466 0 -0.9659184 0.7071068 0 -0.7071068 0.2588466 0 -0.9659184 0 1 0 0 1 0 0 1 0 0 1 0 0 1 0 0 1 0 0 -1 0 0 -1 0 0 -1 0 0 -1 0 0 -1 0 -0 -1 0 0 -1 0 0.999992 8.411757e-06 0.004005406 0.9997175 -5.743373e-06 0.0237687 0.9999701 -0 0.007731727 0.9714689 0.0001372037 0.2371669 0.980787 -0.0001971433 0.1950814 0.8145812 9.540426e-05 0.5800496 0.8314669 -0.0001430387 0.5555741 0.5406509 4.926979e-05 0.8412471 0.5555715 -9.849307e-05 0.8314688 0.1892563 -0 0.9819278 0.1950931 -5.083393e-05 0.9807847 -0.9659193 0 -0.2588435 -0.9659193 0 -0.2588435 -0.7071068 0 -0.7071068 -0.7071068 0 -0.7071068 -0.2588466 0 -0.9659184 -0.2588466 0 -0.9659184 0 1 0 0 1 0 0 1 0 0 1 0 0 1 0 0 1 0 0 1 0 0 1 0 0 1 0 0 -1 0 -0 -1 0 0 -1 0 0 -1 0 -0 -1 0 -0 -1 0 0.9999679 0 0.008018069 0.9997174 1.049199e-05 0.0237687 0.9807847 0.0003665221 0.1950926 0.999992 -1.58366e-05 0.004005403 0.8314723 0.0002661959 0.5555661 0.9714717 -0.0002550308 0.2371555 0.5555661 0.0001832031 0.8314723 0.8145812 -0.0001774519 0.5800496 0.1950931 9.458821e-05 0.9807847 0.5406508 -9.153871e-05 0.8412471 0.1892541 -0 0.9819282 -0.9659193 0 -0.2588435 -0.9659193 0 -0.2588435 -0.7071068 0 -0.7071068 -0.7071068 0 -0.7071068 -0.2588005 0 -0.9659307 -0.2588005 0 -0.9659307 -0 -1 -0 0 -1 0 0 -1 0 -0 -1 -0 -0 1 0 0 1 0 0 -1 0 0 -1 0 0 1 0 0 1 0 0 -1 0 -0 -1 -0 -0 1 0 0 1 0 0 -0.9238798 -0.3826827 -0 -0.9238798 -0.3826827 0 -0.3826833 -0.9238796 -0 -0.3826833 -0.9238796 0 0.3826833 -0.9238796 0 0.3826833 -0.9238796 0 0.9238798 -0.3826827 0 0.9238798 -0.3826827 0 1 0 -0 1 0 0 -0.9238798 -0.3826827 -0 -0.9238798 -0.3826827 0 -0.3826833 -0.9238796 -0 -0.3826833 -0.9238796 0 0.3826833 -0.9238796 0 0.3826833 -0.9238796 0 0.9238798 -0.3826827 0 0.9238798 -0.3826827 0 -1 0 -0 -1 -0 -0 -1 0 -0 -1 0 0 -1 0 -0 -1 0 0 -1 0 0 -1 0 0 -1 0 -0 1 0 0 1 0 0 1 0 0 1 0 0 1 0 0 1 0 0 1 0 -0.1950908 -0 -0.9807851 -0.5555665 -0 -0.8314721 -0.1950908 -0 -0.9807851 -0.5555665 -0 -0.8314721 -0.9807848 -0 -0.1950927 -0.8314726 -0 -0.5555657 -0.8314726 0 -0.5555657 -0.9807848 -0 -0.1950927 0.258814 0 0.9659272 0.258814 0 0.9659272 0.7071111 0 0.7071025 0.7071111 0 0.7071025 0.9659177 0 0.2588493 0.9659177 0 0.2588493 0 -1 0 0 -1 0 0 1 0 0 1 0 0 0 -1 0 0 -1 0 0 -1 0 0 -1 0 0 -1 0 0 -1 0 0 -1 0 0 -1 0 0 -1 0 0 -1 0 0 -1 0 0 -1 0 0 -1 0 0 -1 0 0 -1 0 0 -1 0 0 -1 0 0 -1 0 0 -1 0 0 -1 0 0 1 0 0 1 0 0 1 0 0 1 0 0 1 0 0 1 0 0 1 0 0 1 0 0 1 0 0 1 0 0 1 0 0 1 0 0 1 0 0 1 0 0 1 0 0 1 0 0 1 0 0 1 0 0 1 0 0 1 1 0 -0 1 0 0 -0 -1 0 -0 -1 0 0 -1 0 -0 -1 0 0 -1 0 0 -1 0 0 -1 0 -0 1 0 0 1 0 0 1 0 0 1 0 0 1 0 0 1 0 0 1 0 -0.1950908 -0 -0.9807851 -0.5555719 -0 -0.8314685 -0.1950908 -0 -0.9807851 -0.8314673 -0 -0.5555738 -0.5555719 -0 -0.8314685 -0.9807848 -0 -0.1950927 -0.8314673 -0 -0.5555738 -0.9807848 -0 -0.1950927 0.258814 0 0.9659272 0.258814 0 0.9659272 0.7071111 0 0.7071025 0.7071111 0 0.7071025 0.9659177 0 0.2588493 0.9659177 0 0.2588493 -0 -1 -0 0 -1 0 0 1 0 -0 1 0 0 0 -1 0 0 -1 0 0 -1 0 0 -1 0 0 -1 0 0 -1 0 0 -1 0 0 -1 0 0 -1 0 0 -1 0 0 -1 0 0 -1 0 0 -1 0 0 -1 0 0 -1 0 0 -1 0 0 -1 0 0 -1 0 0 -1 0 0 -1 0 0 1 0 0 1 0 0 1 0 0 1 0 0 1 0 0 1 0 0 1 0 0 1 0 0 1 0 0 1 0 0 1 0 0 1 0 0 1 0 0 1 0 0 1 0 0 1 0 0 1 0 0 1 0 0 1 0 0 1 1 0 -0 1 0 0 0 1 0 0 1 0 0 1 0 0 1 0 0 1 0 0 1 0 0 1 0 -0 -1 0 0 -1 0 0 -1 0 0 -1 0 0 -1 0 0 -1 0 0 -1 0 0.1950908 0 -0.9807851 0.5555719 0 -0.8314685 0.1950908 0 -0.9807851 0.8314673 0 -0.5555738 0.5555719 0 -0.8314685 0.9807848 0 -0.1950927 0.8314673 0 -0.5555738 0.9807848 0 -0.1950927 -0.258814 0 0.9659272 -0.7071111 0 0.7071025 -0.258814 0 0.9659272 -0.9659177 0 0.2588493 -0.7071111 0 0.7071025 -0.9659177 0 0.2588493 -0 1 0 0 1 0 0 -1 0 -0 -1 -0 0 0 -1 0 0 -1 0 0 -1 0 0 -1 0 0 -1 0 0 -1 0 0 -1 0 0 -1 0 0 -1 0 -0 -1 0 -0 -1 0 -0 -1 0 -0 -1 0 -0 -1 0 -0 -1 0 -0 -1 0 -0 -1 0 0 -1 0 0 -1 0 -0 -1 0 0 1 0 0 1 0 -0 1 0 -0 1 0 -0 1 0 -0 1 0 -0 1 0 -0 1 0 0 1 0 0 1 0 0 1 0 0 1 0 0 1 0 0 1 0 0 1 0 0 1 0 -0 1 0 -0 1 0 0 1 0 0 1 -1 0 0 -1 -0 -0 0 1 0 0 1 0 0 1 0 0 1 0 0 1 0 0 1 0 0 1 0 -0 -1 0 0 -1 0 0 -1 0 0 -1 0 0 -1 0 0 -1 0 0 -1 0 0.1950908 0 -0.9807851 0.5555719 0 -0.8314685 0.1950908 0 -0.9807851 0.8314673 0 -0.5555738 0.5555719 0 -0.8314685 0.9807848 0 -0.1950927 0.8314673 0 -0.5555738 0.9807848 0 -0.1950927 -0.258814 0 0.9659272 -0.258814 0 0.9659272 -0.9659177 0 0.2588493 -0.7071111 0 0.7071025 -0.7071111 0 0.7071025 -0.9659177 0 0.2588493 -0 1 0 0 1 0 0 -1 0 -0 -1 -0 0 0 -1 0 0 -1 0 0 -1 0 0 -1 0 0 -1 0 0 -1 0 0 -1 0 0 -1 0 0 -1 0 -0 -1 0 -0 -1 0 -0 -1 0 -0 -1 0 -0 -1 0 -0 -1 0 -0 -1 0 -0 -1 0 0 -1 0 0 -1 0 -0 -1 0 0 1 0 0 1 0 -0 1 0 -0 1 0 -0 1 0 -0 1 0 -0 1 0 -0 1 0 0 1 0 0 1 0 0 1 0 0 1 0 0 1 0 0 1 0 0 1 0 0 1 0 -0 1 0 -0 1 0 0 1 0 0 1 -1 0 0 -1 0 -0 0 0 -1 0 0 -1 0 0.9807854 -0.1950899 0 0.9807854 -0.1950899 0 0.8314701 -0.5555696 0 0.8314701 -0.5555696 0 0.5555713 -0.8314689 0 0.5555713 -0.8314689 0 0.1950895 -0.9807854 0 0.1950895 -0.9807854 0 1 0 -0 1 0 0 0.1950895 0.9807854 0 0.555571 0.8314692 0 0.1950895 0.9807854 0 0.8314701 0.5555694 0 0.555571 0.8314692 0 0.9807853 0.1950901 0 0.8314701 0.5555694 0 0.9807853 0.1950901 0 0 1 0 0 1 0 -1 0 0 -1 0 0 0 -1 0 0 -1 0 -0.1950916 -0.980785 0 -0.1950916 -0.980785 0 -0.5555705 -0.8314694 0 -0.5555705 -0.8314694 0 -0.8314681 -0.5555725 0 -0.8314681 -0.5555725 0 -0.9807853 -0.1950902 0 -0.9807853 -0.1950902 -0 -1 -0 0 -1 0 0 -0.9807853 0.1950902 0 -0.8314681 0.5555725 0 -0.9807853 0.1950902 0 -0.8314681 0.5555725 0 -0.5555705 0.8314694 0 -0.5555705 0.8314694 0 -0.1950904 0.9807853 0 -0.1950904 0.9807853 0 0 1 0 0 1 -0 -1 -0 0 -1 0 -1 0 0 -1 -0 -0 0 1 0 0 1 0 1 0 -0 1 0 0 0.09801623 -0.9951848 0 0.09801623 -0.9951848 0 0.2902842 -0.9569405 0 0.2902842 -0.9569405 0 0.4713956 -0.8819219 0 0.4713956 -0.8819219 0 0.6343927 -0.773011 0 0.6343927 -0.773011 0 0.773011 -0.6343927 0 0.773011 -0.6343927 0 0.881923 -0.4713936 0 0.881923 -0.4713936 0 0.95694 -0.2902855 0 0.95694 -0.2902855 0 0.9951848 -0.0980167 0 0.9951848 -0.0980167 0 0 -1 0 0 -1 0 -0.9951848 -0.0980167 0 -0.9951848 -0.0980167 -0 -0.95694 -0.2902855 0 -0.95694 -0.2902855 -0 -0.881919 -0.4714011 0 -0.881919 -0.4714011 -0 -0.773011 -0.6343927 0 -0.773011 -0.6343927 -0 -0.6343974 -0.773007 0 -0.6343974 -0.773007 -0 -0.4713915 -0.881924 0 -0.4713915 -0.881924 -0 -0.2902842 -0.9569405 0 -0.2902842 -0.9569405 -0 -0.09801718 -0.9951847 0 -0.09801718 -0.9951847 -0 -1 0 0 -1 0 0 1 0 0 1 0 0 0 -1 0 0 -1 0 -1 0 0 -1 0 0 1 0 -0 1 0 0 -1 0 0 -1 0 0 -1 -0 0 -1 -0 0 -1 0 -0 -1 -0 0 1 0 -0 1 0 -0 1 0 0 1 0 0 1 0 0 1 0 -0 0 -0.1016291 -0.9948224 -0 -0.1016291 -0.9948224 -0 -0.06105904 -0.9981341 0 -0.06105904 -0.9981341 -0 -0.02035046 -0.9997929 0 -0.02035046 -0.9997929 0 0.1014782 0.9948378 0 0.1014782 0.9948378 0 0.06135958 0.9981158 0 0.06135958 0.9981158 0 0.01990238 0.999802 0 0.01990238 0.999802 -1 0 -0 -1 0 0 1 0 0 1 0 0 0 -0.1218698 -0.9925461 -0 -0.1218698 -0.9925461 0 0.1218695 0.9925461 0 0.1218695 0.9925461 0 -0.9925467 0.1218653 0 -0.9925467 0.1218653 0.7570862 -0.6533149 0 0.7570862 -0.6533149 0 0.8121505 -0.5834479 0 0.8121505 -0.5834479 0 0.8607925 -0.5089562 0 0.8607925 -0.5089562 0 0.9026237 -0.4304306 0 0.9026237 -0.4304306 0 0.9373041 -0.3485126 0 0.9373041 -0.3485126 0 0.9645719 -0.2638199 0 0.9645719 -0.2638199 0 0.9842021 -0.1770482 0 0.9842021 -0.1770482 0 0.9960418 -0.08888549 0 0.9960418 -0.08888549 0 1 0 0 1 0 0 0.996042 0.08888464 0 0.996042 0.08888464 0 0.9842019 0.1770499 0 0.9842019 0.1770499 0 0.9645719 0.2638199 0 0.9373047 0.348511 -0 0.9645719 0.2638199 0 0.9373047 0.348511 0 0.9026228 0.4304324 0 0.9026228 0.4304324 0 0.8607925 0.5089562 0 0.8121521 0.5834457 -0 0.8607925 0.5089562 0 0.8121521 0.5834457 0 0.7570841 0.6533173 0 0.7570841 0.6533173 0 0.7570814 -0.6533206 0 0.7570814 -0.6533206 0 0.8121568 -0.5834393 0 0.8121568 -0.5834393 0 0.8607925 -0.5089562 0 0.8607925 -0.5089562 0 0.9026189 -0.4304404 0 0.9026189 -0.4304404 0 0.9373072 -0.348504 0 0.9373072 -0.348504 0 0.9645694 -0.263829 0 0.9645694 -0.263829 0 0.984202 -0.1770491 0 0.984202 -0.1770491 0 0.9960428 -0.08887497 0 0.9960428 -0.08887497 0 1 0 0 1 0 0 0.9960428 0.08887497 0 0.9960428 0.08887497 0 0.984202 0.1770491 0 0.984202 0.1770491 0 0.9645694 0.263829 0 0.9373072 0.348504 -0 0.9645694 0.263829 0 0.9373072 0.348504 0 0.9026189 0.4304404 0 0.9026189 0.4304404 0 0.8607925 0.5089562 0 0.8121551 0.5834416 -0 0.8607925 0.5089562 0 0.8121551 0.5834416 0 0.7570835 0.6533182 0 0.7570835 0.6533182 0 1 0 0 1 0 -0 0 1 0 0 1 0 1 0 0 1 0 -0 0 1 0 0 1 0 -1 -0 -0 -1 0 0 0 -1 0 0 -1 0 0 0 1 0 0 1 0 0 1 0 0 1 0.2060102 -0.9785499 0 0.2060102 -0.9785499 0 1 0 0 1 0 -0 -0.4544361 0.8907794 0 -0.4544361 0.8907794 0 -0.3189767 0.9477626 0 -0.3189767 0.9477626 0 -0.1845024 0.9828321 0 -0.1845024 0.9828321 0 -0.05840082 0.9982932 0 -0.05840082 0.9982932 0 0.08693659 0.9962138 0 0.08693659 0.9962138 -0 0.2789995 0.9602913 -0 0.2789995 0.9602913 0 0.477997 0.8783614 -0 0.477997 0.8783614 0 0.656338 0.754467 0 0.656338 0.754467 -0 0.9455886 0.3253645 -0 0.9455886 0.3253645 0 0.9440084 -0.3299211 0 0.9440084 -0.3299211 0 0.3770741 -0.9261832 0 0.3770741 -0.9261832 0 -0.2440207 -0.96977 0 -0.2440207 -0.96977 0 1 0 0 1 0 -0 0.3361297 0.9418157 0 0.3361297 0.9418157 -0 0.2216946 0.9751161 0 0.2216946 0.9751161 -0 0.1222742 0.9924964 0 0.1222742 0.9924964 -0 0.03742602 0.9992994 0 0.03742602 0.9992994 -0 -0.3720575 0.9282097 0 -0.3720575 0.9282097 0 -0.9373388 0.3484193 0 -0.9373388 0.3484193 0 -0.9971986 -0.07479842 0 -0.9971986 -0.07479842 0 -0.9699326 -0.2433739 0 -0.9699326 -0.2433739 0 -0.9040738 -0.4273764 0 -0.9040738 -0.4273764 0 -0.7956381 -0.6057722 0 -0.7956381 -0.6057722 0 -0.3692452 -0.9293321 0 -0.3692452 -0.9293321 0 0 0 1 0 0 1 0 0 1 0 0 1 0 0 1 0 0 1 0 0 1 0 0 1 0 0 1 0 0 1 0 0 1 0 0 1 0 0 1 0 0 1 0 0 1 0 0 1 0 0 1 0 0 1 0 0 1 0 0 1 0 0 1 0 0 1 0 0 1 0 0 1 1 0 0 1 0 -0 0 1 0 0 1 0 1 0 0 1 0 -0 0 -1 0 0 -1 0 1 0 0 1 0 -0 0 1 0 0 1 0 1 0 0 1 0 -0 0 -1 0 0 -1 0 1 0 0 1 0 -0 0 1 0 0 1 0 -1 -0 -0 -1 0 0 0 -1 0 0 -1 0 0 0 1 0 0 1 0 -0 1 0 0 1 0 0 1 0 0 1 0 0 1 0 0 1 0 0 1 0 0 1 0 0 1 0 0 1 0 0 1 0 0 1 0 0 1 0 0 1 0 0 1 0 0 1 0 0 1 0 0 1 0 0 1 0 0 1 0 0 1 0 0 1 0 0 1 0 0 1 0 0 1 0 0 1 0 0 1 0 0 1 0 0 1 0 0 1 0 0 1 0 0 1 0 0 1 0 0 1 0 0 1 0 0 1 0 0 1 0 0 1 0 0 1 0 0 1 0 -1 0 0 -1 0 0.07695413 -0.9970347 0 0.07695413 -0.9970347 0 0.2481574 -0.9687197 0 0.2481574 -0.9687197 0 0.4311461 -0.9022821 0 0.4311461 -0.9022821 0 0.6048834 -0.7963141 0 0.6048834 -0.7963141 0 0.7549912 -0.6557349 0 0.7549912 -0.6557349 0 0.8802789 -0.4744565 0 0.8802789 -0.4744565 0 0.9614713 -0.2749052 0 0.9614713 -0.2749052 0 0.9963716 -0.085109 0 0.9963716 -0.085109 0 0.9203067 0.3911975 -0 0.9203067 0.3911975 0 0.3305519 0.9437878 0 0.3305519 0.9437878 -0 0 1 0 0 1 0 -1 -0 -0 -1 0 0 0 -1 0 0 -1 0 1 0 -0 1 0 0 0 1 0 0 1 0 -0.07220039 0.9973902 0 -0.07220039 0.9973902 0 -0.2386859 0.9710968 0 -0.2386859 0.9710968 0 -0.4267226 0.9043826 0 -0.4267226 0.9043826 0 -0.6146156 0.7888268 0 -0.6146156 0.7888268 0 -0.773043 0.6343536 0 -0.773043 0.6343536 0 -0.8962699 0.4435091 0 -0.8962699 0.4435091 0 -0.9685341 0.2488809 0 -0.9685341 0.2488809 0 -0.9971603 0.07530947 0 -0.9971603 0.07530947 0 -0.9969642 -0.07786214 0 -0.9969642 -0.07786214 0 -0.9654792 -0.2604799 0 -0.9654792 -0.2604799 0 -0.8834665 -0.4684943 0 -0.8834665 -0.4684943 0 -0.7413273 -0.6711437 0 -0.7413273 -0.6711437 0 -0.5717708 -0.8204134 0 -0.5717708 -0.8204134 0 -0.3978509 -0.9174501 0 -0.3978509 -0.9174501 0 -0.2246387 -0.9744421 0 -0.2246387 -0.9744421 0 -0.06883677 -0.997628 0 -0.06883677 -0.997628 0 0 0 1 0 0 1 0 0 1 0 0 1 0 0 1 0 0 1 0 0 1 0 0 1 0 0 1 0 0 1 0 0 1 0 0 1 0 0 1 0 0 1 0 0 1 0 0 1 0 0 1 0 0 1 0 0 1 0 -0 1 0 0 1 0 0 1 0 -0 1 0 0 1 0 -0 1 0 0 1 0 0 1 0 0 1 0 0 1 0 -0 1 0 0 1 0.9345105 0.3559356 0 0.9345105 0.3559356 0 0 1 0 0 1 0 -0.9345105 0.3559355 0 -0.9345105 0.3559355 0 0 -1 0 0 -1 0 0.9434449 -0.3315292 0 0.9434449 -0.3315292 0 0 -1 0 0 -1 0 -0.9369749 -0.3493964 -0 -0.9369749 -0.3493964 0 0 -1 0 0 -1 0 0 1 0 0 1 0 -0.9398438 -0.3416045 -0 -0.9398438 -0.3416045 0 -0.9761034 -0.2173069 0 -0.9761034 -0.2173069 0 0 -1 0 0 -1 0 0.973789 -0.2274534 0 0.973789 -0.2274534 0 0.9409536 -0.3385358 0 0.9409536 -0.3385358 0 0 0 1 0 0 1 0 0 1 0 0 1 1 0 0 1 0 -0 0 1 0 0 1 0 1 0 0 1 0 -0 0 -1 0 0 -1 0 1 0 0 1 0 -0 0 1 0 0 1 0 1 0 0 1 0 -0 0 -1 0 0 -1 0 1 0 0 1 0 -0 0 1 0 0 1 0 -1 -0 -0 -1 0 0 0 -1 0 0 -1 0 0 0 1 0 0 1 0 -0 1 0 0 1 0 0 1 0 0 1 0 0 1 0 0 1 0 0 1 0 0 1 0 0 1 0 0 1 0 0 1 0 0 1 0 0 1 0 0 1 0 0 1 0 0 1 0 0 1 0 0 1 0 0 1 0 0 1 0 0 1 0 0 1 0 0 1 0 0 1 0 0 1 0 0 1 0 0 1 0 0 1 0 0 1 0 0 1 0 0 1 0 0 1 0 0 1 0 0 1 0 0 1 0 0 1 0 0 1 0 0 1 0 0 1 0 0 1 0 0 1 0 0 1 0 0 1 0 0 1 0 0 1 0 0 1 0 0 1 0 0 1 -0.26091 0.9653631 0 -0.26091 0.9653631 0 -1 -0 -0 -1 0 0 0.3461788 -0.9381685 0 0.3461788 -0.9381685 0 -0.1702603 -0.9853991 0 -0.1702603 -0.9853991 0 -0.5871298 -0.8094928 0 -0.5871298 -0.8094928 0 -0.8956292 -0.4448014 0 -0.8956292 -0.4448014 0 -0.9930733 -0.1174969 0 -0.9930733 -0.1174969 0 -0.1387388 0.9903291 0 -0.1387388 0.9903291 0 -0.7013175 0.712849 0 -0.7013175 0.712849 0 -0.9271793 -0.3746178 0 -0.9271793 -0.3746178 0 -0.592685 -0.8054343 0 -0.592685 -0.8054343 0 -0.4137262 -0.9104013 0 -0.4137262 -0.9104013 0 -0.2335933 -0.9723344 0 -0.2335933 -0.9723344 0 -0.07137848 -0.9974493 0 -0.07137848 -0.9974493 0 0.1164342 -0.9931984 0 0.1164342 -0.9931984 0 0.3744717 -0.9272383 0 0.3744717 -0.9272383 0 0.6203719 -0.7843078 0 0.6203719 -0.7843078 0 0.8022585 -0.5969768 0 0.8022585 -0.5969768 0 0 -1 0 0 -1 0 -1 -0 -0 -1 0 0 0 -1 0 0 -1 0 1 0 0 1 0 -0 0.7239748 0.6898265 0 0.7239748 0.6898265 -0 0.3411134 -0.9400222 0 0.3411134 -0.9400222 0 0.7751715 -0.6317509 0 0.7751715 -0.6317509 0 0.8966903 -0.4426585 0 0.8966903 -0.4426585 0 0.9684176 -0.2493338 0 0.9684176 -0.2493338 0 0.9971258 -0.07576389 0 0.9971258 -0.07576389 0 0.9168026 0.3993407 0 0.9168026 0.3993407 -0 0.5857298 0.8105063 0 0.5857298 0.8105063 -0 0.4092349 0.9124292 -0 0.4092349 0.9124292 0 0.2317235 0.9727817 -0 0.2317235 0.9727817 0 0.0710717 0.9974712 -0 0.0710717 0.9974712 0 -0.09208582 0.9957511 0 -0.09208582 0.9957511 0 -0.2918808 0.9564547 0 -0.2918808 0.9564547 0 -0.4926022 0.8702546 0 -0.4926022 0.8702546 0 -0.6667536 0.7452782 0 -0.6667536 0.7452782 0 -0.938343 0.3457057 0 -0.938343 0.3457057 0 -1 0 -0 -1 -0 0 0.1333502 -0.9910689 0 0.1333502 -0.9910689 0 0 0 1 0 0 1 0 0 1 0 0 1 0 0 1 0 0 1 0 0 1 0 0 1 0 0 1 0 0 1 0 0 1 0 0 1 0 0 1 0 0 1 0 0 1 0.3176397 0.9482115 0 0.3176397 0.9482115 -0 -1 -0 -0 -1 0 0 -0.388083 -0.9216245 0 -0.388083 -0.9216245 0 -0.2694827 -0.9630052 0 -0.2694827 -0.9630052 0 -0.155109 -0.9878974 0 -0.155109 -0.9878974 0 -0.04909106 -0.9987943 0 -0.04909106 -0.9987943 0 0.05816 -0.9983072 0 0.05816 -0.9983072 0 0.1900128 -0.9817816 0 0.1900128 -0.9817816 0 0.3400131 -0.9404207 0 0.3400131 -0.9404207 0 0.4994007 -0.8663711 0 0.4994007 -0.8663711 0 0.6564799 -0.7543436 0 0.6564799 -0.7543436 0 0.8193543 -0.5732875 0 0.8193543 -0.5732875 0 0.93901 -0.3438896 0 0.93901 -0.3438896 0 0.9941803 -0.1077294 0 0.9941803 -0.1077294 0 0.9970006 0.07739364 0 0.9970006 0.07739364 -0 0.9692064 0.2462496 -0 0.9692064 0.2462496 0 0.9063926 0.4224365 -0 0.9063926 0.4224365 0 0.8092918 0.5874068 0 0.8092918 0.5874068 -0 0.6739284 0.7387967 0 0.6739284 0.7387967 -0 0.5483591 0.836243 0 0.5483591 0.836243 -0 0.4522779 0.891877 0 0.4522779 0.891877 -0 0.3788302 0.9254662 -0 0.3788302 0.9254662 0 0.37977 0.925081 0 0.37977 0.925081 -0 0.4220572 0.9065692 0 0.4220572 0.9065692 -0 0.4852521 0.8743742 0 0.4852521 0.8743742 -0 0.5876931 0.809084 0 0.5876931 0.809084 -0 0.9247522 0.3805697 0 0.9247522 0.3805697 -0 0.9932343 -0.1161272 0 0.9932343 -0.1161272 0 0.9322423 -0.3618346 0 0.9322423 -0.3618346 0 0.8083326 -0.5887261 0 0.8083326 -0.5887261 0 0.6483644 -0.7613301 0 0.6483644 -0.7613301 0 0.2601541 -0.9655672 0 0.2601541 -0.9655672 0 -0.2736434 -0.9618313 0 -0.2736434 -0.9618313 0 1 0 0 1 0 -0 0.1841081 0.982906 0 0.1841081 0.982906 -0 -0.2757065 0.9612419 0 -0.2757065 0.9612419 0 -0.8847238 0.4661156 0 -0.8847238 0.4661156 0 -0.9975814 -0.06950785 0 -0.9975814 -0.06950785 0 -0.9753739 -0.220558 0 -0.9753739 -0.220558 0 -0.9249612 -0.3800616 0 -0.9249612 -0.3800616 0 -0.8448787 -0.534958 0 -0.8448787 -0.534958 0 -0.7158961 -0.6982068 0 -0.7158961 -0.6982068 0 -0.5777373 -0.8162228 0 -0.5777373 -0.8162228 0 -0.476346 -0.8792579 0 -0.476346 -0.8792579 0 -0.4021513 -0.9155733 0 -0.4021513 -0.9155733 0 -0.3659873 -0.9306198 0 -0.3659873 -0.9306198 0 -0.4097186 -0.9122119 0 -0.4097186 -0.9122119 0 -0.4726647 -0.8812423 0 -0.4726647 -0.8812423 0 -0.570005 -0.8216412 0 -0.570005 -0.8216412 0 -0.9037375 -0.4280869 0 -0.9037375 -0.4280869 0 -0.9769247 0.2135844 0 -0.9769247 0.2135844 0 -0.7367671 0.6761467 0 -0.7367671 0.6761467 0 -0.3653687 0.9308629 0 -0.3653687 0.9308629 0 -0.09309512 0.9956572 0 -0.09309512 0.9956572 0 0 0 1 0 0 1 0 0 1 0 0 1 0 0 1 0 0 1 0 0 1 0 0 1 0 0 1 0 0 1 0 0 1 0 0 1 0 0 1 0 0 1 0 -0 1 0 0 1 0 0 1 0 0 1 0 0 1 0 0 1 0 -0 1 0 0 1 0 -0 1 0 0 1 0 -0 1 0 0 1 0 0 1 0 0 1 0 0 1 0 -0 1 0 0 1 0 -0 1 0 0 1 0 -0 1 0 0 1 0 0 1 0 0 1 0 0 1 0 0 1 0 0 1 0 0 1 0 0 1 0 -0 1 0 0 1 0 0 1 0 0 1 0 0 1 0 0 1 0 0 1 0 0 1 0 0 1 0 0 1 0 1 0 0 1 0 -0.9400933 0.3409174 0 -0.9400933 0.3409174 0 -0.9665189 0.2565955 0 -0.9665189 0.2565955 0 0 1 0 0 1 0 0.967618 0.252419 0 0.967618 0.252419 0 0.9445575 0.3283459 0 0.9445575 0.3283459 0 0 1 0 0 1 0 -0.9306704 -0.3658588 -0 -0.9306704 -0.3658588 0 -0.920917 0.3897586 0 -0.920917 0.3897586 0 -0.617406 0.7866446 0 -0.617406 0.7866446 0 0.1974759 0.9803078 0 0.1974759 0.9803078 -0 -1 -0 -0 -1 0 0 -0.2422756 -0.9702074 0 -0.2422756 -0.9702074 0 -0.1620618 -0.9867806 0 -0.1620618 -0.9867806 0 -0.09129465 -0.9958239 0 -0.09129465 -0.9958239 0 -0.02870973 -0.9995878 0 -0.02870973 -0.9995878 0 0.6676034 -0.7445171 0 0.6676034 -0.7445171 0 0.9303007 -0.3667977 0 0.9303007 -0.3667977 0 0 0 1 0 0 1 0 0 1 0 0 1 0 0 1 0 0 1 0 0 1 0 0 1 0 0 1 0 0 1 0 0 1 0 0 1 0 0 1 0 0 1 0 0 1 0 0 1 1 0 0 1 0 -0 0 1 0 0 1 0 1 0 0 1 0 -0 0 -1 0 0 -1 0 1 0 0 1 0 -0 0 1 0 0 1 0 1 0 0 1 0 -0 0 -1 0 0 -1 0 1 0 0 1 0 -0 0 1 0 0 1 0 -1 -0 -0 -1 0 0 0 -1 0 0 -1 0 0 0 1 0 0 1 0 -0 1 0 0 1 0 0 1 0 0 1 0 0 1 0 0 1 0 0 1 0 0 1 0 0 1 0 0 1 0 0 1 0 0 1 0 0 1 0 0 1 0 0 1 0 0 1 0 0 1 0 0 1 0 0 1 0 0 1 0 0 1 0 0 1 0 0 1 0 0 1 0 0 1 0 0 1 0 0 1 0 0 1 0 0 1 0 0 1 0 0 1 0 0 1 0 0 1 0 0 1 0 0 1 0 0 1 0 0 1 0 0 1 0 0 1 0 0 1 0 -1 0 0 -1 0 0.07695416 -0.9970347 0 0.07695416 -0.9970347 0 0.2481573 -0.9687198 0 0.2481573 -0.9687198 0 0.4311466 -0.9022819 0 0.4311466 -0.9022819 0 0.6048827 -0.7963145 0 0.6048827 -0.7963145 0 0.7549917 -0.6557344 0 0.7549917 -0.6557344 0 0.8802756 -0.4744628 0 0.8802756 -0.4744628 0 0.9614723 -0.2749019 0 0.9614723 -0.2749019 0 0.9963717 -0.08510781 0 0.9963717 -0.08510781 0 0.9203069 0.3911972 0 0.9203069 0.3911972 -0 0.3305487 0.9437889 0 0.3305487 0.9437889 -0 0 1 0 0 1 0 -1 -0 -0 -1 0 0 0 -1 0 0 -1 0 1 0 -0 1 0 0 0 1 0 0 1 0 -0.07220043 0.9973902 0 -0.07220043 0.9973902 0 -0.2386697 0.9711008 0 -0.2386697 0.9711008 0 -0.4267228 0.9043825 0 -0.4267228 0.9043825 0 -0.6146271 0.7888178 0 -0.6146271 0.7888178 0 -0.7730425 0.6343544 0 -0.7730425 0.6343544 0 -0.8962701 0.4435086 0 -0.8962701 0.4435086 0 -0.968533 0.2488851 0 -0.968533 0.2488851 0 -0.9971603 0.07530828 0 -0.9971603 0.07530828 0 -0.996964 -0.07786287 0 -0.996964 -0.07786287 0 -0.9654804 -0.2604755 0 -0.9654804 -0.2604755 0 -0.8834665 -0.4684943 0 -0.8834665 -0.4684943 0 -0.7413273 -0.6711437 0 -0.7413273 -0.6711437 0 -0.5717578 -0.8204224 0 -0.5717578 -0.8204224 0 -0.3978663 -0.9174434 0 -0.3978663 -0.9174434 0 -0.2246387 -0.9744421 0 -0.2246387 -0.9744421 0 -0.06882039 -0.997629 0 -0.06882039 -0.997629 0 0 0 1 0 0 1 0 0 1 0 0 1 0 0 1 0 0 1 0 0 1 0 0 1 0 0 1 0 0 1 0 0 1 0 0 1 0 0 1 0 0 1 0 0 1 0 0 1 0 0 1 0 0 1 0 0 1 0 -0 1 0 0 1 0 0 1 0 -0 1 0 0 1 0 -0 1 0 0 1 0 0 1 0 0 1 0 0 1 0 -0 1 0 0 1 0.9345103 0.3559361 0 0.9345103 0.3559361 0 0 1 0 0 1 0 -0.9345103 0.3559361 0 -0.9345103 0.3559361 0 0 -1 0 0 -1 0 0.9434448 -0.3315298 0 0.9434448 -0.3315298 0 0 -1 0 0 -1 0 -0.9369749 -0.3493964 -0 -0.9369749 -0.3493964 0 0 -1 0 0 -1 0 0 1 0 0 1 0 -0.9398441 -0.3416037 -0 -0.9398441 -0.3416037 0 -0.9761034 -0.2173069 0 -0.9761034 -0.2173069 0 0 -1 0 0 -1 0 0.973789 -0.2274534 0 0.973789 -0.2274534 0 0.9409538 -0.3385349 0 0.9409538 -0.3385349 0 0 0 1 0 0 1 0 0 1 0 0 1 0 0 1 0 0 1 0 0 1 0 0 1 0 0 1 0 0 1 0 0 1 0 0 1 0 0 1 0 0 1 0 0 1 0 0 1 0 0 1 0 0 1 0 0 1 0 0 1 0 0 1 0 0 1 0 0 1 0 0 1 0 0 1 0 0 1 0 0 1 0 0 1 0 0 1 0 0 1 0 0 1 0 0 1 0 0 1 0 0 1 0 0 1 0 0 1 0 0 1 0 0 1 0 0 1 0 0 1 0 0 1 0 0 1 0 0 1 0 0 1 0 0 1 0 -0 1 0 -0 1 0 0 1 0 0 1 0 0 1 0 0 1 0 0 1 0 0 1 0 0 1 0 -0 1 0 0 1 0 0 1 0 0 1 0 0 1 0 0 1 0 0 1 0 0 1 0 0 1 0 0 1 0 0 1 0 0 1 0 0 1 0 0 1 0 0 1 0 0 1 0 0 1 0 0 1 0 0 1 0 0 1 0 0 1 0 0 1 0 0 1 0 0 1 0 0 1 0 0 1 0 0 1 0 0 1 0 0 1 0.9838244 0.1791362 0 0.9838244 0.1791362 -0 0.8788878 0.4770285 0 0.8788878 0.4770285 -0 0.6954709 0.7185543 0 0.6954709 0.7185543 -0 0.4460749 0.8949956 0 0.4460749 0.8949956 -0 0.9149377 0.4035951 0 0.9149377 0.4035951 -0 0.8579502 0.5137329 0 0.8579502 0.5137329 -0 0.790939 0.611895 0 0.790939 0.611895 -0 0.715881 0.6982223 -0 0.715881 0.6982223 0 0.515885 0.8566579 0 0.515885 0.8566579 -0 0.1830955 0.9830952 0 0.1830955 0.9830952 -0 -0.07778729 0.9969699 0 -0.07778729 0.9969699 0 -0.233289 0.9724075 0 -0.233289 0.9724075 0 -0.3824534 0.9239748 0 -0.3824534 0.9239748 0 -0.5190336 0.8547539 0 -0.5190336 0.8547539 0 -0.7071068 0.7071068 0 -0.7071068 0.7071068 0 0.08662814 0.9962407 0 0.08662814 0.9962407 -0 -0.09825363 0.9951614 0 -0.09825363 0.9951614 0 -0.2920844 0.9563926 0 -0.2920844 0.9563926 0 -0.4742032 0.8804154 0 -0.4742032 0.8804154 0 -0.6360092 0.7716815 0 -0.6360092 0.7716815 0 -0.7734911 0.6338071 0 -0.7734911 0.6338071 0 -0.8826755 0.4699829 0 -0.8826755 0.4699829 0 -0.9573719 0.2888581 0 -0.9573719 0.2888581 0 -0.9952527 0.09732541 0 -0.9952527 0.09732541 0 -0.9957215 -0.09240443 0 -0.9957215 -0.09240443 0 -0.9620531 -0.2728622 0 -0.9620531 -0.2728622 0 -0.8964804 -0.4430833 0 -0.8964804 -0.4430833 0 -0.8012139 -0.5983781 0 -0.8012139 -0.5983781 0 -0.6880273 -0.7256848 0 -0.6880273 -0.7256848 0 -0.5761251 -0.8173615 0 -0.5761251 -0.8173615 0 -0.4501209 -0.8929676 0 -0.4501209 -0.8929676 0 -0.3168535 -0.9484745 0 -0.3168535 -0.9484745 0 -0.8056247 -0.5924263 0 -0.8056247 -0.5924263 0 -0.3039906 -0.952675 0 -0.3039906 -0.952675 0 0.3840352 -0.9233184 0 0.3840352 -0.9233184 0 0.9233186 -0.3840349 0 0.9233186 -0.3840349 0 1 0 0 1 0 -0 0.4673076 -0.8840948 0 0.4673076 -0.8840948 0 0.8631878 0.5048829 0 0.8631878 0.5048829 0 -0.4630188 0.8863484 0 -0.4630188 0.8863484 0 0.5995299 0.8003523 8.070801e-05 0.5995363 0.8003476 -0 0.209437 0.9778222 0 0.2094407 0.9778213 -3.832434e-05 -0.2986882 0.9543508 0 -0.2986882 0.9543508 0 -0.7884416 0.6151096 0 -0.7884416 0.6151096 0 0.6546899 0.7558975 0 0.6546899 0.7558975 -0 0.9594506 0.2818767 -0 0.9594506 0.2818767 0 0.9233183 -0.3840354 0 0.9233183 -0.3840354 0 0.3840354 -0.9233183 0 0.3840354 -0.9233183 0 -0.2723249 -0.9622054 0 -0.2723249 -0.9622054 0 0.8871355 -0.461509 0 0.8871355 -0.461509 0 0.7067407 -0.7074727 0 0.7067407 -0.7074727 0 0.4572503 -0.8893381 0 0.4572503 -0.8893381 0 0.1569194 -0.9876114 0 0.1569194 -0.9876114 0 -0.1861756 -0.9825165 0 -0.1861756 -0.9825165 0 -0.5266522 -0.8500808 0 -0.5266522 -0.8500808 0 -0.7892851 -0.614027 0 -0.7892851 -0.614027 0 -0.9556209 -0.294599 0 -0.9556209 -0.294599 0 0 -1 0 0 -1 0 -0.3832784 -0.9236329 0 -0.3832784 -0.9236329 0 -0.9236334 -0.3832772 0 -0.9236334 -0.3832772 0 -0.9324969 0.3611779 0 -0.9324969 0.3611779 0 -0.4340115 0.9009074 0 -0.4340115 0.9009074 0 0 1 0 0 1 0 0.1643963 0.9863944 0 0.1643963 0.9863944 -0 -0.7071073 0.7071062 0 -0.7071073 0.7071062 0 -0.7302716 -0.683157 0 -0.7302716 -0.683157 0 0 -1 0 0 -1 0 0.1775583 -0.9841103 0 0.1775583 -0.9841103 0 0.3576539 -0.9338542 0 0.3576539 -0.9338542 0 0.5245743 -0.8513647 0 0.5245743 -0.8513647 0 0.6709629 -0.741491 0 0.6709629 -0.741491 0 0.7949995 -0.6066101 0 0.7949995 -0.6066101 0 0.8939698 -0.4481271 0 0.8939698 -0.4481271 0 0.9615195 -0.2747364 0 0.9615195 -0.2747364 0 0.9957104 -0.09252391 0 0.9957104 -0.09252391 0 -0.7071077 0.7071059 0 -0.7071077 0.7071059 0 -0.7071077 -0.7071059 0 -0.7071077 -0.7071059 0 0.7071077 -0.7071059 0 0.7071077 -0.7071059 0 0.7071077 0.7071059 -0 0.7071077 0.7071059 0 0 0 1 0 0 1</float_array>
          <technique_common>
            <accessor count="5418" source="#cubenormals-array0-array" stride="3">
              <param type="float" name="X"/>
              <param type="float" name="Y"/>
              <param type="float" name="Z"/>
            </accessor>
          </technique_common>
        </source>
        <vertices id="cubeverts-array0-vertices">
          <input semantic="POSITION" source="#cubeverts-array0"/>
        </vertices>
        <triangles count="5418" material="ref_SD_CARD_SMD_SD_CARD_11P_SD_CARD_SMD_SD_CARD_11P_HwOR001_shape002">
          <input offset="0" semantic="VERTEX" source="#cubeverts-array0-vertices"/>
          <input offset="1" semantic="NORMAL" source="#cubenormals-array0"/>
          <p>0 0 1 0 2 0 2 1 1 1 3 1 4 2 2 2 5 2 4 3 0 3 2 3 6 4 5 4 7 4 6 5 4 5 5 5 8 6 7 6 9 6 8 7 6 7 7 7 10 8 11 8 12 8 10 9 12 9 13 9 14 10 13 10 15 10 14 11 10 11 13 11 16 12 15 12 17 12 16 13 14 13 15 13 18 14 17 14 19 14 18 15 16 15 17 15 20 16 19 16 21 16 20 17 18 17 19 17 9 18 21 18 8 18 9 19 20 19 21 19 22 20 11 20 23 20 22 21 12 21 11 21 24 22 23 22 25 22 24 23 22 23 23 23 26 24 24 24 27 24 27 25 24 25 25 25 26 26 28 26 29 26 27 27 28 27 26 27 29 28 30 28 31 28 28 29 30 29 29 29 31 30 32 30 33 30 30 31 32 31 31 31 34 32 33 32 35 32 35 33 33 33 32 33 36 34 3 34 1 34 36 35 1 35 37 35 38 36 39 36 34 36 38 37 37 37 39 37 38 38 36 38 37 38 35 39 38 39 34 39 26 40 13 40 12 40 26 41 12 41 22 41 26 42 22 42 24 42 29 43 15 43 13 43 29 44 13 44 26 44 17 45 15 45 29 45 31 46 17 46 29 46 19 47 17 47 31 47 21 48 31 48 33 48 21 49 19 49 31 49 8 50 21 50 33 50 6 51 33 51 34 51 6 52 34 52 39 52 6 53 8 53 33 53 37 54 6 54 39 54 1 55 6 55 37 55 0 56 4 56 6 56 0 57 6 57 1 57 10 58 27 58 11 58 11 59 27 59 23 59 23 60 27 60 25 60 14 61 28 61 10 61 10 62 28 62 27 62 14 63 16 63 28 63 16 64 30 64 28 64 16 65 18 65 30 65 30 66 20 66 32 66 18 67 20 67 30 67 20 68 9 68 32 68 32 69 7 69 35 69 35 70 7 70 38 70 9 71 7 71 32 71 7 72 36 72 38 72 7 73 3 73 36 73 5 74 2 74 7 74 7 75 2 75 3 75 40 76 41 76 42 76 42 77 41 77 43 77 44 78 42 78 45 78 44 79 40 79 42 79 46 80 45 80 47 80 46 81 44 81 45 81 48 82 47 82 49 82 48 83 46 83 47 83 50 84 51 84 52 84 50 85 52 85 53 85 54 86 53 86 55 86 54 87 50 87 53 87 56 88 55 88 57 88 56 89 54 89 55 89 58 90 57 90 59 90 58 91 56 91 57 91 60 92 59 92 61 92 60 93 58 93 59 93 49 94 61 94 48 94 49 95 60 95 61 95 62 96 51 96 63 96 62 97 52 97 51 97 64 98 63 98 65 98 64 99 62 99 63 99 66 100 64 100 67 100 67 101 64 101 65 101 66 102 68 102 69 102 67 103 68 103 66 103 69 104 70 104 71 104 68 105 70 105 69 105 71 106 72 106 73 106 70 107 72 107 71 107 74 108 73 108 75 108 75 109 73 109 72 109 76 110 43 110 41 110 76 111 41 111 77 111 78 112 77 112 79 112 78 113 76 113 77 113 75 114 79 114 74 114 75 115 78 115 79 115 66 116 53 116 52 116 66 117 52 117 62 117 66 118 62 118 64 118 69 119 55 119 53 119 69 120 53 120 66 120 57 121 55 121 69 121 71 122 57 122 69 122 59 123 57 123 71 123 61 124 71 124 73 124 61 125 59 125 71 125 48 126 61 126 73 126 46 127 73 127 74 127 46 128 74 128 79 128 46 129 48 129 73 129 77 130 46 130 79 130 41 131 46 131 77 131 40 132 44 132 46 132 40 133 46 133 41 133 50 134 67 134 51 134 51 135 67 135 63 135 63 136 67 136 65 136 54 137 68 137 50 137 50 138 68 138 67 138 54 139 56 139 68 139 56 140 70 140 68 140 56 141 58 141 70 141 70 142 60 142 72 142 58 143 60 143 70 143 60 144 49 144 72 144 72 145 47 145 75 145 75 146 47 146 78 146 49 147 47 147 72 147 47 148 76 148 78 148 47 149 43 149 76 149 45 150 42 150 47 150 47 151 42 151 43 151 80 152 81 152 82 152 80 153 83 153 81 153 84 154 82 154 85 154 84 155 80 155 82 155 86 156 85 156 87 156 86 157 84 157 85 157 88 158 87 158 89 158 88 159 86 159 87 159 90 160 89 160 91 160 90 161 88 161 89 161 92 162 91 162 93 162 92 163 90 163 91 163 94 164 93 164 95 164 94 165 92 165 93 165 96 166 95 166 97 166 96 167 94 167 95 167 98 168 99 168 100 168 100 169 99 169 101 169 101 170 102 170 103 170 99 171 102 171 101 171 103 172 104 172 105 172 102 173 104 173 103 173 105 174 106 174 107 174 104 175 106 175 105 175 107 176 108 176 109 176 106 177 108 177 107 177 109 178 110 178 111 178 108 179 110 179 109 179 112 180 81 180 113 180 113 181 81 181 83 181 114 182 113 182 115 182 114 183 112 183 113 183 98 184 114 184 115 184 100 185 114 185 98 185 116 186 110 186 117 186 116 187 111 187 110 187 118 188 119 188 120 188 118 189 120 189 121 189 122 190 121 190 123 190 122 191 123 191 116 191 122 192 118 192 121 192 117 193 122 193 116 193 124 194 125 194 120 194 124 195 120 195 119 195 125 196 124 196 126 196 127 197 125 197 126 197 127 198 126 198 128 198 128 199 126 199 129 199 128 200 130 200 131 200 129 201 130 201 128 201 131 202 132 202 133 202 133 203 132 203 134 203 130 204 132 204 131 204 132 205 135 205 134 205 97 206 134 206 96 206 96 207 134 207 135 207 114 208 81 208 112 208 100 209 82 209 81 209 100 210 81 210 114 210 101 211 85 211 82 211 101 212 82 212 100 212 103 213 87 213 85 213 103 214 85 214 101 214 105 215 91 215 89 215 105 216 89 216 87 216 105 217 87 217 103 217 107 218 93 218 91 218 107 219 91 219 105 219 109 220 95 220 93 220 109 221 93 221 107 221 111 222 97 222 95 222 111 223 95 223 109 223 134 224 97 224 111 224 116 225 133 225 134 225 116 226 134 226 111 226 123 227 131 227 133 227 123 228 133 228 116 228 121 229 128 229 131 229 121 230 131 230 123 230 120 231 128 231 121 231 127 232 128 232 120 232 125 233 127 233 120 233 83 234 115 234 113 234 80 235 98 235 83 235 83 236 98 236 115 236 84 237 99 237 80 237 80 238 99 238 98 238 86 239 102 239 84 239 84 240 102 240 99 240 90 241 104 241 88 241 88 242 104 242 86 242 86 243 104 243 102 243 92 244 106 244 90 244 90 245 106 245 104 245 94 246 108 246 92 246 92 247 108 247 106 247 96 248 110 248 94 248 94 249 110 249 108 249 96 250 135 250 110 250 132 251 117 251 135 251 135 252 117 252 110 252 130 253 122 253 132 253 132 254 122 254 117 254 129 255 118 255 130 255 130 256 118 256 122 256 129 257 119 257 118 257 126 258 124 258 129 258 129 259 124 259 119 259 136 260 137 260 138 260 138 261 137 261 139 261 140 262 138 262 141 262 140 263 136 263 138 263 142 264 141 264 143 264 142 265 140 265 141 265 144 266 143 266 145 266 144 267 142 267 143 267 146 268 147 268 148 268 146 269 148 269 149 269 150 270 149 270 151 270 150 271 146 271 149 271 152 272 151 272 153 272 152 273 150 273 151 273 154 274 153 274 155 274 154 275 152 275 153 275 156 276 155 276 157 276 156 277 154 277 155 277 145 278 157 278 144 278 145 279 156 279 157 279 158 280 147 280 159 280 158 281 148 281 147 281 160 282 159 282 161 282 160 283 158 283 159 283 162 284 160 284 163 284 163 285 160 285 161 285 162 286 164 286 165 286 163 287 164 287 162 287 165 288 166 288 167 288 164 289 166 289 165 289 167 290 168 290 169 290 166 291 168 291 167 291 170 292 169 292 171 292 171 293 169 293 168 293 172 294 139 294 137 294 172 295 137 295 173 295 174 296 173 296 175 296 174 297 172 297 173 297 171 298 175 298 170 298 171 299 174 299 175 299 162 300 149 300 148 300 162 301 148 301 158 301 162 302 158 302 160 302 165 303 151 303 149 303 165 304 149 304 162 304 153 305 151 305 165 305 167 306 153 306 165 306 155 307 153 307 167 307 157 308 167 308 169 308 157 309 155 309 167 309 144 310 157 310 169 310 142 311 169 311 170 311 142 312 170 312 175 312 142 313 144 313 169 313 173 314 142 314 175 314 137 315 142 315 173 315 136 316 140 316 142 316 136 317 142 317 137 317 146 318 163 318 147 318 147 319 163 319 159 319 159 320 163 320 161 320 150 321 164 321 146 321 146 322 164 322 163 322 150 323 152 323 164 323 152 324 166 324 164 324 152 325 154 325 166 325 166 326 156 326 168 326 154 327 156 327 166 327 156 328 145 328 168 328 168 329 143 329 171 329 171 330 143 330 174 330 145 331 143 331 168 331 143 332 172 332 174 332 143 333 139 333 172 333 141 334 138 334 143 334 143 335 138 335 139 335 176 336 177 336 178 336 179 337 176 337 178 337 180 338 178 338 181 338 180 339 179 339 178 339 182 340 181 340 183 340 182 341 180 341 181 341 184 342 183 342 185 342 184 343 182 343 183 343 186 344 187 344 188 344 188 345 189 345 190 345 187 346 189 346 188 346 190 347 191 347 192 347 189 348 191 348 190 348 191 349 193 349 192 349 194 350 195 350 196 350 194 351 197 351 195 351 198 352 196 352 199 352 198 353 194 353 196 353 200 354 199 354 201 354 200 355 198 355 199 355 202 356 201 356 203 356 202 357 200 357 201 357 204 358 205 358 206 358 206 359 205 359 207 359 207 360 208 360 209 360 205 361 208 361 207 361 209 362 210 362 211 362 208 363 210 363 209 363 212 364 213 364 214 364 215 365 212 365 214 365 216 366 214 366 217 366 216 367 215 367 214 367 218 368 217 368 219 368 218 369 216 369 217 369 220 370 219 370 221 370 220 371 218 371 219 371 222 372 223 372 224 372 223 373 225 373 224 373 224 374 226 374 227 374 225 375 226 375 224 375 227 376 228 376 229 376 226 377 228 377 227 377 230 378 231 378 232 378 233 379 230 379 232 379 234 380 232 380 235 380 234 381 233 381 232 381 236 382 235 382 237 382 236 383 234 383 235 383 238 384 237 384 239 384 238 385 236 385 237 385 240 386 241 386 242 386 241 387 243 387 242 387 242 388 244 388 245 388 243 389 244 389 242 389 245 390 246 390 247 390 244 391 246 391 245 391 248 392 249 392 250 392 248 393 251 393 249 393 252 394 250 394 253 394 252 395 248 395 250 395 254 396 253 396 255 396 254 397 252 397 253 397 256 398 255 398 257 398 256 399 254 399 255 399 258 400 259 400 260 400 260 401 259 401 261 401 261 402 262 402 263 402 259 403 262 403 261 403 263 404 264 404 265 404 262 405 264 405 263 405 266 406 267 406 268 406 269 407 266 407 268 407 270 408 268 408 271 408 270 409 269 409 268 409 272 410 271 410 273 410 272 411 270 411 271 411 274 412 273 412 275 412 274 413 272 413 273 413 276 414 277 414 278 414 277 415 279 415 278 415 278 416 280 416 281 416 279 417 280 417 278 417 281 418 282 418 283 418 280 419 282 419 281 419 284 420 285 420 286 420 287 421 284 421 286 421 288 422 286 422 289 422 288 423 287 423 286 423 290 424 289 424 291 424 290 425 288 425 289 425 292 426 291 426 293 426 292 427 290 427 291 427 294 428 295 428 296 428 295 429 297 429 296 429 296 430 298 430 299 430 297 431 298 431 296 431 299 432 300 432 301 432 298 433 300 433 299 433 302 434 303 434 304 434 305 435 302 435 304 435 306 436 304 436 307 436 306 437 305 437 304 437 308 438 307 438 309 438 308 439 306 439 307 439 310 440 309 440 311 440 310 441 308 441 309 441 312 442 313 442 314 442 313 443 315 443 314 443 314 444 316 444 317 444 315 445 316 445 314 445 317 446 318 446 319 446 316 447 318 447 317 447 320 448 321 448 322 448 320 449 322 449 323 449 324 450 320 450 323 450 324 451 323 451 325 451 326 452 327 452 328 452 326 453 321 453 320 453 326 454 328 454 329 454 326 455 329 455 321 455 330 456 324 456 325 456 330 457 325 457 331 457 332 458 333 458 327 458 332 459 320 459 324 459 332 460 327 460 326 460 332 461 326 461 320 461 334 462 330 462 331 462 335 463 336 463 333 463 335 464 324 464 330 464 335 465 333 465 332 465 335 466 332 466 324 466 337 467 334 467 331 467 337 468 331 468 338 468 339 469 340 469 336 469 339 470 330 470 334 470 339 471 336 471 335 471 339 472 335 472 330 472 341 473 337 473 338 473 341 474 338 474 342 474 343 475 340 475 339 475 343 476 344 476 340 476 343 477 334 477 337 477 343 478 339 478 334 478 345 479 341 479 342 479 346 480 343 480 337 480 346 481 347 481 344 481 346 482 344 482 343 482 346 483 337 483 341 483 348 484 345 484 342 484 348 485 342 485 349 485 350 486 351 486 347 486 350 487 341 487 345 487 350 488 347 488 346 488 350 489 346 489 341 489 352 490 349 490 353 490 352 491 348 491 349 491 354 492 350 492 345 492 354 493 355 493 351 493 354 494 345 494 348 494 354 495 351 495 350 495 356 496 353 496 357 496 356 497 352 497 353 497 358 498 359 498 355 498 358 499 355 499 354 499 358 500 354 500 348 500 358 501 348 501 352 501 360 502 356 502 357 502 361 503 362 503 359 503 361 504 352 504 356 504 361 505 358 505 352 505 361 506 356 506 360 506 361 507 359 507 358 507 363 508 360 508 357 508 363 509 357 509 364 509 365 510 366 510 362 510 365 511 362 511 361 511 365 512 361 512 360 512 367 513 363 513 364 513 367 514 364 514 368 514 369 515 365 515 360 515 369 516 370 516 366 516 369 517 360 517 363 517 369 518 366 518 365 518 371 519 367 519 368 519 371 520 368 520 372 520 373 521 374 521 370 521 373 522 370 522 369 522 373 523 363 523 367 523 373 524 369 524 363 524 375 525 371 525 372 525 376 526 377 526 374 526 376 527 367 527 371 527 376 528 374 528 373 528 376 529 373 529 367 529 378 530 375 530 372 530 378 531 372 531 379 531 380 532 381 532 377 532 380 533 376 533 371 533 380 534 377 534 376 534 380 535 371 535 375 535 382 536 378 536 379 536 382 537 379 537 383 537 384 538 385 538 381 538 384 539 380 539 375 539 384 540 381 540 380 540 384 541 375 541 378 541 386 542 382 542 383 542 387 543 388 543 385 543 387 544 385 544 384 544 387 545 378 545 382 545 387 546 384 546 378 546 389 547 383 547 390 547 389 548 386 548 383 548 391 549 392 549 388 549 391 550 388 550 387 550 391 551 382 551 386 551 391 552 386 552 389 552 391 553 387 553 382 553 393 554 390 554 394 554 393 555 389 555 390 555 395 556 396 556 392 556 395 557 392 557 391 557 395 558 391 558 389 558 397 559 394 559 398 559 397 560 393 560 394 560 399 561 400 561 396 561 399 562 396 562 395 562 399 563 389 563 393 563 399 564 395 564 389 564 401 565 397 565 398 565 402 566 403 566 400 566 402 567 400 567 399 567 402 568 393 568 397 568 402 569 399 569 393 569 404 570 398 570 405 570 404 571 401 571 398 571 406 572 402 572 397 572 406 573 407 573 403 573 406 574 403 574 402 574 406 575 397 575 401 575 408 576 405 576 409 576 408 577 404 577 405 577 410 578 401 578 404 578 410 579 407 579 406 579 410 580 411 580 407 580 410 581 406 581 401 581 412 582 409 582 413 582 412 583 408 583 409 583 414 584 404 584 408 584 414 585 411 585 410 585 414 586 415 586 411 586 414 587 410 587 404 587 416 588 412 588 413 588 417 589 415 589 414 589 417 590 418 590 415 590 417 591 414 591 408 591 417 592 408 592 412 592 417 593 412 593 416 593 419 594 413 594 420 594 419 595 416 595 413 595 421 596 418 596 417 596 421 597 417 597 416 597 421 598 422 598 418 598 421 599 423 599 422 599 424 600 419 600 420 600 424 601 420 601 425 601 426 602 421 602 416 602 426 603 416 603 419 603 426 604 423 604 421 604 426 605 419 605 424 605 427 606 424 606 425 606 427 607 425 607 428 607 429 608 430 608 423 608 429 609 431 609 430 609 429 610 423 610 426 610 429 611 426 611 424 611 432 612 427 612 428 612 433 613 431 613 429 613 433 614 424 614 427 614 433 615 429 615 424 615 434 616 432 616 428 616 434 617 428 617 435 617 436 618 427 618 432 618 436 619 437 619 431 619 436 620 438 620 437 620 436 621 433 621 427 621 436 622 431 622 433 622 439 623 434 623 435 623 439 624 435 624 440 624 441 625 434 625 439 625 441 626 442 626 438 626 441 627 438 627 436 627 441 628 436 628 432 628 441 629 432 629 434 629 443 630 439 630 440 630 444 631 441 631 439 631 444 632 442 632 441 632 445 633 440 633 446 633 445 634 443 634 440 634 447 635 439 635 443 635 447 636 444 636 439 636 447 637 448 637 442 637 447 638 442 638 444 638 447 639 443 639 445 639 449 640 446 640 450 640 449 641 445 641 446 641 451 642 452 642 448 642 451 643 453 643 452 643 451 644 448 644 447 644 451 645 447 645 445 645 454 646 450 646 455 646 454 647 449 647 450 647 456 648 445 648 449 648 456 649 451 649 445 649 456 650 453 650 451 650 457 651 454 651 455 651 458 652 454 652 457 652 458 653 459 653 453 653 458 654 456 654 449 654 458 655 449 655 454 655 458 656 453 656 456 656 460 657 455 657 461 657 460 658 457 658 455 658 462 659 463 659 459 659 462 660 458 660 457 660 462 661 459 661 458 661 464 662 461 662 465 662 464 663 460 663 461 663 466 664 463 664 462 664 466 665 467 665 463 665 466 666 468 666 467 666 466 667 457 667 460 667 466 668 462 668 457 668 469 669 465 669 470 669 469 670 464 670 465 670 471 671 460 671 464 671 471 672 468 672 466 672 471 673 466 673 460 673 472 674 469 674 470 674 473 675 468 675 471 675 473 676 471 676 464 676 473 677 474 677 468 677 473 678 464 678 469 678 475 679 472 679 470 679 475 680 470 680 476 680 477 681 469 681 472 681 477 682 474 682 473 682 477 683 478 683 474 683 477 684 479 684 478 684 477 685 473 685 469 685 480 686 475 686 476 686 480 687 476 687 481 687 482 688 472 688 475 688 482 689 479 689 477 689 482 690 477 690 472 690 483 691 480 691 481 691 484 692 482 692 475 692 484 693 475 693 480 693 484 694 479 694 482 694 484 695 485 695 479 695 486 696 483 696 481 696 486 697 481 697 487 697 488 698 480 698 483 698 488 699 484 699 480 699 488 700 485 700 484 700 488 701 489 701 485 701 490 702 486 702 487 702 490 703 487 703 491 703 492 704 483 704 486 704 492 705 489 705 488 705 492 706 493 706 489 706 492 707 488 707 483 707 494 708 490 708 491 708 494 709 491 709 322 709 494 710 321 710 329 710 494 711 322 711 321 711 495 712 486 712 490 712 495 713 493 713 492 713 495 714 496 714 493 714 495 715 497 715 496 715 495 716 492 716 486 716 498 717 495 717 490 717 498 718 490 718 494 718 498 719 494 719 329 719 498 720 328 720 497 720 498 721 497 721 495 721 498 722 329 722 328 722 499 723 500 723 501 723 499 724 501 724 502 724 499 725 502 725 503 725 504 726 499 726 503 726 505 727 506 727 507 727 505 728 507 728 500 728 505 729 500 729 499 729 508 730 504 730 503 730 508 731 503 731 509 731 510 732 511 732 506 732 510 733 499 733 504 733 510 734 506 734 505 734 510 735 505 735 499 735 512 736 508 736 509 736 513 737 514 737 511 737 513 738 510 738 504 738 513 739 504 739 508 739 513 740 511 740 510 740 515 741 509 741 516 741 515 742 512 742 509 742 517 743 518 743 514 743 517 744 513 744 508 744 517 745 514 745 513 745 517 746 508 746 512 746 519 747 516 747 520 747 519 748 515 748 516 748 521 749 522 749 518 749 521 750 512 750 515 750 521 751 518 751 517 751 521 752 517 752 512 752 523 753 519 753 520 753 524 754 515 754 519 754 524 755 525 755 522 755 524 756 522 756 521 756 524 757 521 757 515 757 526 758 523 758 520 758 526 759 520 759 527 759 528 760 529 760 525 760 528 761 519 761 523 761 528 762 524 762 519 762 528 763 525 763 524 763 530 764 526 764 527 764 531 765 532 765 529 765 531 766 529 766 528 766 531 767 523 767 526 767 531 768 528 768 523 768 533 769 530 769 527 769 533 770 527 770 534 770 535 771 536 771 532 771 535 772 526 772 530 772 535 773 531 773 526 773 535 774 532 774 531 774 537 775 533 775 534 775 538 776 539 776 536 776 538 777 536 777 535 777 538 778 535 778 530 778 538 779 530 779 533 779 540 780 534 780 541 780 540 781 537 781 534 781 542 782 543 782 539 782 542 783 533 783 537 783 542 784 538 784 533 784 542 785 539 785 538 785 544 786 540 786 541 786 545 787 543 787 542 787 545 788 546 788 543 788 545 789 537 789 540 789 545 790 542 790 537 790 547 791 541 791 548 791 547 792 544 792 541 792 549 793 550 793 546 793 549 794 540 794 544 794 549 795 546 795 545 795 549 796 545 796 540 796 551 797 548 797 552 797 551 798 547 798 548 798 553 799 554 799 550 799 553 800 550 800 549 800 553 801 544 801 547 801 553 802 549 802 544 802 555 803 551 803 552 803 556 804 547 804 551 804 556 805 557 805 554 805 556 806 558 806 557 806 556 807 554 807 553 807 556 808 553 808 547 808 559 809 552 809 560 809 559 810 555 810 552 810 561 811 556 811 551 811 561 812 558 812 556 812 561 813 551 813 555 813 562 814 559 814 560 814 563 815 564 815 558 815 563 816 555 816 559 816 563 817 558 817 561 817 563 818 561 818 555 818 565 819 560 819 566 819 565 820 562 820 560 820 567 821 564 821 563 821 567 822 568 822 564 822 567 823 559 823 562 823 567 824 563 824 559 824 569 825 565 825 566 825 570 826 568 826 567 826 570 827 565 827 569 827 570 828 567 828 562 828 570 829 571 829 568 829 570 830 562 830 565 830 572 831 569 831 566 831 572 832 566 832 573 832 574 833 570 833 569 833 574 834 571 834 570 834 574 835 575 835 571 835 576 836 572 836 573 836 577 837 575 837 574 837 577 838 578 838 575 838 577 839 574 839 569 839 577 840 569 840 572 840 579 841 576 841 573 841 579 842 573 842 580 842 581 843 572 843 576 843 581 844 577 844 572 844 581 845 582 845 578 845 581 846 576 846 579 846 581 847 578 847 577 847 583 848 579 848 580 848 583 849 580 849 584 849 585 850 581 850 579 850 585 851 586 851 582 851 585 852 582 852 581 852 587 853 583 853 584 853 588 854 585 854 579 854 588 855 589 855 586 855 588 856 579 856 583 856 588 857 586 857 585 857 588 858 583 858 587 858 590 859 584 859 591 859 590 860 587 860 584 860 592 861 593 861 589 861 592 862 589 862 588 862 592 863 588 863 587 863 594 864 590 864 591 864 595 865 596 865 593 865 595 866 593 866 592 866 595 867 587 867 590 867 595 868 590 868 594 868 595 869 592 869 587 869 597 870 591 870 502 870 597 871 501 871 500 871 597 872 502 872 501 872 597 873 594 873 591 873 598 874 599 874 596 874 598 875 600 875 599 875 598 876 596 876 595 876 598 877 595 877 594 877 598 878 594 878 597 878 601 879 507 879 600 879 601 880 600 880 598 880 601 881 500 881 507 881 601 882 597 882 500 882 601 883 598 883 597 883 602 884 603 884 507 884 602 885 507 885 506 885 604 886 506 886 511 886 604 887 602 887 506 887 605 888 511 888 514 888 605 889 604 889 511 889 606 890 514 890 518 890 606 891 605 891 514 891 607 892 518 892 522 892 607 893 606 893 518 893 608 894 522 894 525 894 608 895 607 895 522 895 609 896 525 896 529 896 609 897 608 897 525 897 610 898 529 898 532 898 610 899 609 899 529 899 611 900 532 900 536 900 611 901 610 901 532 901 612 902 611 902 536 902 612 903 536 903 539 903 613 904 612 904 539 904 613 905 539 905 543 905 614 906 613 906 543 906 614 907 543 907 546 907 615 908 614 908 546 908 615 909 546 909 550 909 616 910 615 910 550 910 616 911 550 911 554 911 617 912 616 912 554 912 617 913 554 913 557 913 618 914 617 914 557 914 618 915 557 915 558 915 619 916 618 916 558 916 619 917 558 917 564 917 620 918 619 918 564 918 620 919 564 919 568 919 621 920 620 920 568 920 621 921 568 921 571 921 622 922 621 922 571 922 622 923 571 923 575 923 622 924 575 924 578 924 623 925 622 925 578 925 624 926 623 926 578 926 624 927 578 927 582 927 625 928 624 928 582 928 625 929 582 929 586 929 626 930 586 930 589 930 626 931 625 931 586 931 627 932 589 932 593 932 627 933 626 933 589 933 628 934 593 934 596 934 628 935 627 935 593 935 629 936 596 936 599 936 629 937 628 937 596 937 630 938 599 938 600 938 630 939 629 939 599 939 603 940 600 940 507 940 603 941 630 941 600 941 631 942 328 942 327 942 632 943 631 943 327 943 632 944 327 944 333 944 633 945 632 945 333 945 633 946 333 946 336 946 634 947 633 947 336 947 634 948 336 948 340 948 635 949 634 949 340 949 635 950 340 950 344 950 636 951 635 951 344 951 636 952 344 952 347 952 637 953 636 953 347 953 637 954 347 954 351 954 638 955 637 955 351 955 638 956 351 956 355 956 639 957 638 957 355 957 639 958 355 958 359 958 640 959 639 959 359 959 640 960 359 960 362 960 641 961 640 961 362 961 641 962 362 962 366 962 642 963 641 963 366 963 642 964 366 964 370 964 643 965 642 965 370 965 644 966 643 966 370 966 644 967 370 967 374 967 644 968 374 968 377 968 645 969 644 969 377 969 646 970 645 970 377 970 646 971 377 971 381 971 646 972 381 972 385 972 647 973 646 973 385 973 647 974 385 974 388 974 648 975 388 975 392 975 648 976 647 976 388 976 649 977 648 977 392 977 650 978 392 978 396 978 650 979 649 979 392 979 651 980 396 980 400 980 651 981 400 981 403 981 651 982 650 982 396 982 652 983 651 983 403 983 653 984 403 984 407 984 653 985 652 985 403 985 654 986 407 986 411 986 654 987 653 987 407 987 655 988 411 988 415 988 655 989 415 989 418 989 655 990 654 990 411 990 656 991 655 991 418 991 657 992 656 992 418 992 657 993 418 993 422 993 658 994 657 994 422 994 658 995 422 995 423 995 659 996 658 996 423 996 659 997 423 997 430 997 660 998 659 998 430 998 660 999 430 999 431 999 660 1000 431 1000 437 1000 661 1001 660 1001 437 1001 662 1002 661 1002 437 1002 662 1003 437 1003 438 1003 663 1004 662 1004 438 1004 663 1005 438 1005 442 1005 664 1006 663 1006 442 1006 664 1007 442 1007 448 1007 664 1008 448 1008 452 1008 665 1009 664 1009 452 1009 666 1010 665 1010 452 1010 666 1011 452 1011 453 1011 667 1012 666 1012 453 1012 667 1013 453 1013 459 1013 667 1014 459 1014 463 1014 668 1015 667 1015 463 1015 669 1016 668 1016 463 1016 669 1017 463 1017 467 1017 670 1018 669 1018 467 1018 670 1019 467 1019 468 1019 670 1020 468 1020 474 1020 671 1021 670 1021 474 1021 672 1022 671 1022 474 1022 672 1023 474 1023 478 1023 673 1024 672 1024 478 1024 673 1025 478 1025 479 1025 673 1026 479 1026 485 1026 674 1027 673 1027 485 1027 675 1028 674 1028 485 1028 675 1029 485 1029 489 1029 675 1030 489 1030 493 1030 676 1031 675 1031 493 1031 677 1032 676 1032 493 1032 677 1033 493 1033 496 1033 678 1034 677 1034 496 1034 678 1035 496 1035 497 1035 678 1036 497 1036 328 1036 631 1037 678 1037 328 1037 679 1038 680 1038 681 1038 679 1039 681 1039 682 1039 683 1040 684 1040 685 1040 686 1041 684 1041 683 1041 687 1042 688 1042 689 1042 687 1043 689 1043 690 1043 691 1044 692 1044 693 1044 691 1045 693 1045 694 1045 695 1046 696 1046 697 1046 695 1047 697 1047 698 1047 699 1048 700 1048 701 1048 699 1049 701 1049 702 1049 703 1050 704 1050 705 1050 703 1051 705 1051 706 1051 707 1052 708 1052 709 1052 710 1053 708 1053 707 1053 711 1054 712 1054 713 1054 714 1055 707 1055 712 1055 714 1056 710 1056 707 1056 707 1057 713 1057 712 1057 715 1058 716 1058 717 1058 718 1059 715 1059 717 1059 719 1060 720 1060 721 1060 721 1061 720 1061 722 1061 723 1062 724 1062 725 1062 723 1063 725 1063 726 1063 707 1064 709 1064 727 1064 707 1065 727 1065 728 1065 729 1066 727 1066 730 1066 728 1067 727 1067 729 1067 720 1068 729 1068 730 1068 719 1069 729 1069 720 1069 720 1070 730 1070 731 1070 720 1071 731 1071 722 1071 732 1072 733 1072 731 1072 722 1073 731 1073 733 1073 734 1074 733 1074 732 1074 721 1075 722 1075 733 1075 735 1076 736 1076 737 1076 735 1077 738 1077 736 1077 739 1078 737 1078 740 1078 739 1079 735 1079 737 1079 741 1080 740 1080 742 1080 741 1081 739 1081 740 1081 743 1082 742 1082 744 1082 743 1083 741 1083 742 1083 745 1084 744 1084 746 1084 745 1085 743 1085 744 1085 747 1086 746 1086 748 1086 747 1087 745 1087 746 1087 749 1088 748 1088 750 1088 749 1089 747 1089 748 1089 751 1090 750 1090 752 1090 751 1091 749 1091 750 1091 753 1092 752 1092 754 1092 753 1093 751 1093 752 1093 755 1094 754 1094 756 1094 755 1095 753 1095 754 1095 757 1096 756 1096 758 1096 757 1097 755 1097 756 1097 759 1098 758 1098 760 1098 759 1099 757 1099 758 1099 732 1100 760 1100 734 1100 732 1101 759 1101 760 1101 761 1102 736 1102 738 1102 762 1103 736 1103 761 1103 761 1104 763 1104 762 1104 762 1105 763 1105 764 1105 764 1106 765 1106 766 1106 763 1107 765 1107 764 1107 766 1108 767 1108 768 1108 765 1109 767 1109 766 1109 768 1110 769 1110 770 1110 767 1111 769 1111 768 1111 770 1112 771 1112 772 1112 769 1113 771 1113 770 1113 772 1114 773 1114 774 1114 771 1115 773 1115 772 1115 774 1116 775 1116 776 1116 773 1117 775 1117 774 1117 776 1118 777 1118 778 1118 775 1119 777 1119 776 1119 778 1120 779 1120 780 1120 777 1121 779 1121 778 1121 780 1122 781 1122 782 1122 779 1123 781 1123 780 1123 782 1124 783 1124 784 1124 781 1125 783 1125 782 1125 784 1126 785 1126 786 1126 783 1127 785 1127 784 1127 786 1128 787 1128 788 1128 785 1129 787 1129 786 1129 789 1130 788 1130 787 1130 790 1131 788 1131 789 1131 790 1132 789 1132 791 1132 791 1133 792 1133 793 1133 789 1134 792 1134 791 1134 793 1135 794 1135 795 1135 792 1136 794 1136 793 1136 795 1137 796 1137 797 1137 794 1138 796 1138 795 1138 797 1139 798 1139 799 1139 796 1140 798 1140 797 1140 799 1141 800 1141 801 1141 798 1142 800 1142 799 1142 801 1143 802 1143 803 1143 800 1144 802 1144 801 1144 803 1145 804 1145 805 1145 802 1146 804 1146 803 1146 805 1147 806 1147 807 1147 804 1148 806 1148 805 1148 807 1149 808 1149 809 1149 806 1150 808 1150 807 1150 809 1151 810 1151 811 1151 808 1152 810 1152 809 1152 811 1153 812 1153 813 1153 810 1154 812 1154 811 1154 812 1155 814 1155 813 1155 813 1156 815 1156 816 1156 814 1157 815 1157 813 1157 817 1158 816 1158 815 1158 818 1159 816 1159 817 1159 819 1160 820 1160 821 1160 822 1161 821 1161 823 1161 822 1162 819 1162 821 1162 824 1163 823 1163 825 1163 824 1164 822 1164 823 1164 826 1165 825 1165 827 1165 826 1166 824 1166 825 1166 828 1167 827 1167 829 1167 828 1168 826 1168 827 1168 830 1169 829 1169 831 1169 830 1170 828 1170 829 1170 832 1171 831 1171 833 1171 832 1172 830 1172 831 1172 834 1173 833 1173 835 1173 834 1174 832 1174 833 1174 836 1175 835 1175 837 1175 836 1176 834 1176 835 1176 838 1177 837 1177 839 1177 838 1178 836 1178 837 1178 840 1179 839 1179 841 1179 840 1180 838 1180 839 1180 842 1181 841 1181 843 1181 842 1182 840 1182 841 1182 844 1183 843 1183 818 1183 844 1184 842 1184 843 1184 817 1185 844 1185 818 1185 845 1186 820 1186 819 1186 846 1187 845 1187 819 1187 847 1188 848 1188 845 1188 847 1189 845 1189 846 1189 849 1190 850 1190 847 1190 849 1191 847 1191 846 1191 851 1192 850 1192 849 1192 852 1193 850 1193 851 1193 853 1194 854 1194 852 1194 853 1195 852 1195 851 1195 855 1196 853 1196 856 1196 855 1197 854 1197 853 1197 855 1198 856 1198 708 1198 855 1199 708 1199 710 1199 847 1200 850 1200 848 1200 679 1201 852 1201 680 1201 852 1202 857 1202 680 1202 858 1203 859 1203 718 1203 718 1204 859 1204 715 1204 857 1205 854 1205 858 1205 858 1206 854 1206 859 1206 852 1207 854 1207 857 1207 854 1208 860 1208 859 1208 860 1209 861 1209 723 1209 723 1210 861 1210 724 1210 854 1211 861 1211 860 1211 854 1212 862 1212 861 1212 703 1213 862 1213 704 1213 854 1214 863 1214 862 1214 862 1215 863 1215 704 1215 854 1216 864 1216 863 1216 854 1217 865 1217 864 1217 864 1218 865 1218 699 1218 699 1219 865 1219 700 1219 866 1220 867 1220 695 1220 695 1221 867 1221 696 1221 691 1222 868 1222 692 1222 868 1223 869 1223 692 1223 870 1224 871 1224 687 1224 687 1225 871 1225 688 1225 871 1226 872 1226 873 1226 870 1227 872 1227 871 1227 870 1228 874 1228 872 1228 869 1229 875 1229 870 1229 870 1230 875 1230 874 1230 868 1231 876 1231 869 1231 869 1232 876 1232 875 1232 867 1233 877 1233 868 1233 868 1234 877 1234 876 1234 867 1235 878 1235 877 1235 866 1236 878 1236 867 1236 714 1237 879 1237 710 1237 880 1238 855 1238 881 1238 881 1239 855 1239 882 1239 882 1240 855 1240 883 1240 883 1241 855 1241 884 1241 884 1242 855 1242 885 1242 885 1243 855 1243 886 1243 886 1244 855 1244 887 1244 887 1245 855 1245 888 1245 888 1246 855 1246 889 1246 889 1247 855 1247 879 1247 879 1248 855 1248 710 1248 854 1249 855 1249 880 1249 854 1250 880 1250 890 1250 854 1251 890 1251 878 1251 854 1252 878 1252 866 1252 854 1253 866 1253 865 1253 850 1254 852 1254 679 1254 679 1255 848 1255 850 1255 828 1256 822 1256 824 1256 828 1257 824 1257 826 1257 836 1258 828 1258 830 1258 836 1259 830 1259 832 1259 836 1260 832 1260 834 1260 842 1261 836 1261 838 1261 842 1262 838 1262 840 1262 844 1263 836 1263 842 1263 844 1264 819 1264 822 1264 844 1265 822 1265 828 1265 844 1266 828 1266 836 1266 817 1267 846 1267 819 1267 817 1268 819 1268 844 1268 815 1269 846 1269 817 1269 891 1270 849 1270 846 1270 891 1271 846 1271 815 1271 891 1272 815 1272 814 1272 891 1273 814 1273 812 1273 891 1274 812 1274 810 1274 891 1275 810 1275 808 1275 891 1276 808 1276 806 1276 891 1277 806 1277 804 1277 892 1278 804 1278 802 1278 892 1279 802 1279 800 1279 892 1280 800 1280 798 1280 892 1281 891 1281 804 1281 892 1282 798 1282 796 1282 892 1283 796 1283 794 1283 892 1284 794 1284 792 1284 892 1285 792 1285 789 1285 851 1286 849 1286 891 1286 893 1287 892 1287 789 1287 893 1288 894 1288 892 1288 895 1289 893 1289 789 1289 648 1290 649 1290 896 1290 650 1291 896 1291 649 1291 647 1292 648 1292 896 1292 651 1293 896 1293 650 1293 651 1294 851 1294 896 1294 646 1295 647 1295 896 1295 652 1296 851 1296 651 1296 645 1297 646 1297 896 1297 653 1298 851 1298 652 1298 644 1299 645 1299 896 1299 654 1300 851 1300 653 1300 897 1301 895 1301 789 1301 643 1302 644 1302 896 1302 642 1303 896 1303 898 1303 642 1304 643 1304 896 1304 641 1305 642 1305 898 1305 640 1306 641 1306 898 1306 639 1307 640 1307 898 1307 638 1308 639 1308 898 1308 637 1309 638 1309 898 1309 899 1310 898 1310 894 1310 636 1311 637 1311 898 1311 636 1312 898 1312 899 1312 635 1313 636 1313 899 1313 634 1314 635 1314 899 1314 633 1315 634 1315 899 1315 900 1316 897 1316 789 1316 632 1317 633 1317 899 1317 853 1318 665 1318 666 1318 853 1319 664 1319 665 1319 853 1320 663 1320 664 1320 853 1321 662 1321 663 1321 853 1322 661 1322 662 1322 853 1323 660 1323 661 1323 853 1324 659 1324 660 1324 853 1325 658 1325 659 1325 853 1326 657 1326 658 1326 853 1327 656 1327 657 1327 853 1328 655 1328 656 1328 853 1329 654 1329 655 1329 667 1330 853 1330 666 1330 668 1331 853 1331 667 1331 669 1332 853 1332 668 1332 670 1333 853 1333 669 1333 671 1334 853 1334 670 1334 901 1335 678 1335 631 1335 901 1336 677 1336 678 1336 901 1337 631 1337 632 1337 901 1338 632 1338 899 1338 902 1339 900 1339 789 1339 903 1340 901 1340 893 1340 903 1341 676 1341 677 1341 903 1342 675 1342 676 1342 903 1343 677 1343 901 1343 903 1344 893 1344 895 1344 904 1345 902 1345 789 1345 905 1346 675 1346 903 1346 905 1347 674 1347 675 1347 905 1348 673 1348 674 1348 905 1349 897 1349 900 1349 906 1350 672 1350 673 1350 906 1351 905 1351 900 1351 906 1352 673 1352 905 1352 749 1353 745 1353 747 1353 753 1354 743 1354 745 1354 753 1355 749 1355 751 1355 753 1356 745 1356 749 1356 755 1357 739 1357 741 1357 755 1358 741 1358 743 1358 755 1359 743 1359 753 1359 759 1360 738 1360 735 1360 759 1361 735 1361 739 1361 759 1362 755 1362 757 1362 759 1363 739 1363 755 1363 732 1364 738 1364 759 1364 907 1365 902 1365 904 1365 907 1366 672 1366 906 1366 787 1367 908 1367 909 1367 787 1368 910 1368 908 1368 787 1369 904 1369 789 1369 787 1370 909 1370 904 1370 911 1371 672 1371 907 1371 911 1372 907 1372 904 1372 912 1373 910 1373 787 1373 913 1374 912 1374 787 1374 914 1375 909 1375 908 1375 914 1376 915 1376 909 1376 916 1377 787 1377 785 1377 916 1378 913 1378 787 1378 727 1379 771 1379 769 1379 727 1380 769 1380 767 1380 727 1381 767 1381 765 1381 727 1382 765 1382 763 1382 727 1383 763 1383 761 1383 727 1384 761 1384 738 1384 727 1385 732 1385 731 1385 727 1386 738 1386 732 1386 917 1387 916 1387 785 1387 917 1388 785 1388 783 1388 917 1389 783 1389 781 1389 917 1390 781 1390 779 1390 730 1391 727 1391 731 1391 918 1392 917 1392 779 1392 918 1393 779 1393 777 1393 918 1394 777 1394 775 1394 919 1395 910 1395 912 1395 919 1396 920 1396 910 1396 921 1397 771 1397 727 1397 921 1398 775 1398 773 1398 921 1399 773 1399 771 1399 921 1400 918 1400 775 1400 922 1401 913 1401 916 1401 923 1402 922 1402 916 1402 924 1403 917 1403 918 1403 925 1404 924 1404 918 1404 612 1405 613 1405 926 1405 614 1406 926 1406 613 1406 611 1407 612 1407 926 1407 615 1408 926 1408 614 1408 615 1409 925 1409 926 1409 610 1410 611 1410 926 1410 616 1411 925 1411 615 1411 609 1412 610 1412 926 1412 617 1413 925 1413 616 1413 617 1414 924 1414 925 1414 608 1415 926 1415 709 1415 608 1416 609 1416 926 1416 618 1417 923 1417 924 1417 618 1418 924 1418 617 1418 607 1419 709 1419 708 1419 607 1420 608 1420 709 1420 619 1421 923 1421 618 1421 619 1422 922 1422 923 1422 606 1423 607 1423 708 1423 620 1424 922 1424 619 1424 620 1425 919 1425 922 1425 605 1426 606 1426 708 1426 621 1427 919 1427 620 1427 621 1428 920 1428 919 1428 604 1429 605 1429 708 1429 602 1430 604 1430 708 1430 856 1431 630 1431 603 1431 856 1432 629 1432 630 1432 856 1433 628 1433 629 1433 856 1434 627 1434 628 1434 856 1435 626 1435 627 1435 856 1436 625 1436 626 1436 856 1437 624 1437 625 1437 856 1438 623 1438 624 1438 856 1439 622 1439 623 1439 856 1440 621 1440 622 1440 856 1441 920 1441 621 1441 856 1442 602 1442 708 1442 856 1443 603 1443 602 1443 856 1444 914 1444 920 1444 856 1445 853 1445 671 1445 856 1446 671 1446 672 1446 856 1447 672 1447 911 1447 856 1448 911 1448 915 1448 856 1449 915 1449 914 1449 853 1450 851 1450 654 1450 727 1451 709 1451 926 1451 727 1452 926 1452 921 1452 891 1453 896 1453 851 1453 898 1454 892 1454 894 1454 729 1455 721 1455 733 1455 719 1456 721 1456 729 1456 679 1457 682 1457 848 1457 848 1458 682 1458 845 1458 821 1459 825 1459 823 1459 827 1460 831 1460 829 1460 821 1461 831 1461 825 1461 825 1462 831 1462 827 1462 831 1463 835 1463 833 1463 835 1464 839 1464 837 1464 821 1465 841 1465 831 1465 831 1466 841 1466 835 1466 835 1467 841 1467 839 1467 820 1468 843 1468 821 1468 821 1469 843 1469 841 1469 845 1470 818 1470 820 1470 820 1471 818 1471 843 1471 845 1472 816 1472 818 1472 805 1473 927 1473 803 1473 807 1474 927 1474 805 1474 809 1475 927 1475 807 1475 811 1476 927 1476 809 1476 813 1477 927 1477 811 1477 816 1478 927 1478 813 1478 845 1479 927 1479 816 1479 791 1480 928 1480 790 1480 793 1481 928 1481 791 1481 795 1482 928 1482 793 1482 797 1483 928 1483 795 1483 799 1484 928 1484 797 1484 801 1485 928 1485 799 1485 803 1486 928 1486 801 1486 927 1487 928 1487 803 1487 845 1488 682 1488 927 1488 682 1489 681 1489 927 1489 928 1490 717 1490 929 1490 928 1491 930 1491 790 1491 929 1492 930 1492 928 1492 717 1493 716 1493 929 1493 930 1494 931 1494 790 1494 930 1495 726 1495 931 1495 931 1496 932 1496 790 1496 726 1497 725 1497 931 1497 932 1498 933 1498 790 1498 932 1499 706 1499 933 1499 933 1500 934 1500 790 1500 706 1501 705 1501 933 1501 934 1502 935 1502 790 1502 702 1503 701 1503 934 1503 934 1504 701 1504 935 1504 746 1505 750 1505 748 1505 744 1506 750 1506 746 1506 742 1507 750 1507 744 1507 740 1508 737 1508 742 1508 742 1509 737 1509 750 1509 737 1510 736 1510 750 1510 736 1511 756 1511 750 1511 752 1512 756 1512 754 1512 750 1513 756 1513 752 1513 736 1514 758 1514 756 1514 736 1515 760 1515 758 1515 736 1516 734 1516 760 1516 936 1517 788 1517 937 1517 938 1518 788 1518 936 1518 937 1519 788 1519 935 1519 935 1520 788 1520 790 1520 736 1521 733 1521 734 1521 937 1522 697 1522 936 1522 698 1523 697 1523 937 1523 938 1524 939 1524 788 1524 939 1525 940 1525 788 1525 938 1526 693 1526 939 1526 694 1527 693 1527 938 1527 788 1528 941 1528 786 1528 940 1529 941 1529 788 1529 764 1530 728 1530 762 1530 766 1531 728 1531 764 1531 768 1532 728 1532 766 1532 770 1533 728 1533 768 1533 772 1534 728 1534 770 1534 736 1535 728 1535 733 1535 762 1536 728 1536 736 1536 728 1537 729 1537 733 1537 940 1538 690 1538 941 1538 782 1539 942 1539 780 1539 784 1540 942 1540 782 1540 786 1541 942 1541 784 1541 941 1542 942 1542 786 1542 778 1543 943 1543 776 1543 780 1544 943 1544 778 1544 942 1545 943 1545 780 1545 690 1546 689 1546 941 1546 774 1547 944 1547 772 1547 776 1548 944 1548 774 1548 772 1549 944 1549 728 1549 943 1550 944 1550 776 1550 683 1551 685 1551 942 1551 942 1552 685 1552 943 1552 713 1553 707 1553 944 1553 707 1554 728 1554 944 1554 945 1555 879 1555 712 1555 712 1556 879 1556 714 1556 946 1557 883 1557 947 1557 882 1558 883 1558 946 1558 947 1559 884 1559 948 1559 883 1560 884 1560 947 1560 948 1561 885 1561 949 1561 884 1562 885 1562 948 1562 949 1563 886 1563 950 1563 950 1564 886 1564 951 1564 885 1565 886 1565 949 1565 886 1566 887 1566 951 1566 951 1567 888 1567 952 1567 952 1568 888 1568 953 1568 887 1569 888 1569 951 1569 888 1570 889 1570 953 1570 953 1571 879 1571 945 1571 889 1572 879 1572 953 1572 954 1573 881 1573 946 1573 946 1574 881 1574 882 1574 955 1575 874 1575 956 1575 872 1576 874 1576 955 1576 956 1577 875 1577 957 1577 874 1578 875 1578 956 1578 957 1579 876 1579 958 1579 875 1580 876 1580 957 1580 958 1581 877 1581 959 1581 876 1582 877 1582 958 1582 959 1583 878 1583 960 1583 877 1584 878 1584 959 1584 960 1585 890 1585 961 1585 878 1586 890 1586 960 1586 961 1587 880 1587 962 1587 962 1588 880 1588 954 1588 890 1589 880 1589 961 1589 880 1590 881 1590 954 1590 872 1591 955 1591 873 1591 873 1592 955 1592 963 1592 964 1593 712 1593 711 1593 945 1594 712 1594 964 1594 952 1595 953 1595 945 1595 949 1596 950 1596 951 1596 949 1597 951 1597 952 1597 965 1598 966 1598 684 1598 965 1599 684 1599 686 1599 946 1600 947 1600 948 1600 946 1601 948 1601 949 1601 946 1602 964 1602 966 1602 946 1603 945 1603 964 1603 946 1604 952 1604 945 1604 946 1605 949 1605 952 1605 954 1606 946 1606 966 1606 955 1607 965 1607 963 1607 955 1608 966 1608 965 1608 955 1609 954 1609 966 1609 962 1610 954 1610 955 1610 957 1611 955 1611 956 1611 957 1612 962 1612 955 1612 959 1613 957 1613 958 1613 959 1614 960 1614 961 1614 959 1615 961 1615 962 1615 959 1616 962 1616 957 1616 349 1617 357 1617 353 1617 331 1618 349 1618 342 1618 331 1619 342 1619 338 1619 440 1620 435 1620 428 1620 323 1621 331 1621 325 1621 450 1622 446 1622 440 1622 465 1623 461 1623 455 1623 481 1624 322 1624 491 1624 481 1625 491 1625 487 1625 476 1626 470 1626 465 1626 476 1627 455 1627 450 1627 476 1628 428 1628 425 1628 476 1629 425 1629 420 1629 476 1630 420 1630 413 1630 476 1631 413 1631 409 1631 476 1632 409 1632 405 1632 476 1633 405 1633 398 1633 476 1634 398 1634 394 1634 476 1635 394 1635 390 1635 476 1636 390 1636 383 1636 476 1637 383 1637 379 1637 476 1638 379 1638 372 1638 476 1639 372 1639 368 1639 476 1640 368 1640 364 1640 476 1641 364 1641 357 1641 476 1642 323 1642 322 1642 476 1643 450 1643 440 1643 476 1644 331 1644 323 1644 476 1645 357 1645 349 1645 476 1646 349 1646 331 1646 476 1647 465 1647 455 1647 476 1648 440 1648 428 1648 476 1649 322 1649 481 1649 584 1650 502 1650 591 1650 584 1651 580 1651 573 1651 584 1652 573 1652 566 1652 584 1653 566 1653 560 1653 584 1654 560 1654 552 1654 584 1655 552 1655 548 1655 584 1656 548 1656 541 1656 584 1657 541 1657 534 1657 584 1658 534 1658 527 1658 584 1659 527 1659 520 1659 584 1660 520 1660 516 1660 584 1661 516 1661 509 1661 584 1662 509 1662 503 1662 584 1663 503 1663 502 1663 943 1664 918 1664 944 1664 944 1665 918 1665 921 1665 943 1666 685 1666 918 1666 684 1667 966 1667 685 1667 966 1668 925 1668 685 1668 925 1669 918 1669 685 1669 921 1670 713 1670 944 1670 713 1671 964 1671 711 1671 926 1672 964 1672 713 1672 921 1673 926 1673 713 1673 967 1674 964 1674 968 1674 968 1675 964 1675 926 1675 926 1676 925 1676 968 1676 925 1677 969 1677 968 1677 969 1678 966 1678 970 1678 970 1679 966 1679 967 1679 967 1680 966 1680 964 1680 925 1681 966 1681 969 1681 941 1682 916 1682 942 1682 942 1683 916 1683 917 1683 941 1684 689 1684 916 1684 688 1685 871 1685 689 1685 871 1686 923 1686 689 1686 923 1687 916 1687 689 1687 971 1688 965 1688 972 1688 972 1689 965 1689 924 1689 923 1690 973 1690 924 1690 924 1691 973 1691 972 1691 971 1692 963 1692 965 1692 923 1693 974 1693 973 1693 963 1694 871 1694 873 1694 974 1695 871 1695 963 1695 923 1696 871 1696 974 1696 971 1697 974 1697 963 1697 917 1698 683 1698 942 1698 683 1699 965 1699 686 1699 924 1700 965 1700 683 1700 917 1701 924 1701 683 1701 975 1702 976 1702 901 1702 901 1703 899 1703 975 1703 899 1704 977 1704 975 1704 899 1705 978 1705 977 1705 976 1706 860 1706 901 1706 978 1707 859 1707 976 1707 976 1708 859 1708 860 1708 899 1709 859 1709 978 1709 929 1710 716 1710 894 1710 715 1711 859 1711 716 1711 859 1712 899 1712 716 1712 899 1713 894 1713 716 1713 893 1714 726 1714 930 1714 726 1715 860 1715 723 1715 901 1716 860 1716 726 1716 893 1717 901 1717 726 1717 929 1718 894 1718 930 1718 930 1719 894 1719 893 1719 979 1720 980 1720 905 1720 903 1721 981 1721 905 1721 905 1722 981 1722 979 1722 903 1723 982 1723 981 1723 982 1724 862 1724 980 1724 980 1725 862 1725 905 1725 982 1726 861 1726 862 1726 903 1727 861 1727 982 1727 897 1728 706 1728 932 1728 706 1729 862 1729 703 1729 905 1730 862 1730 706 1730 897 1731 905 1731 706 1731 931 1732 895 1732 932 1732 932 1733 895 1733 897 1733 931 1734 725 1734 895 1734 724 1735 861 1735 725 1735 861 1736 903 1736 725 1736 903 1737 895 1737 725 1737 983 1738 984 1738 907 1738 906 1739 985 1739 907 1739 907 1740 985 1740 983 1740 906 1741 986 1741 985 1741 986 1742 864 1742 984 1742 984 1743 864 1743 907 1743 986 1744 863 1744 864 1744 906 1745 863 1745 986 1745 902 1746 702 1746 934 1746 702 1747 864 1747 699 1747 907 1748 864 1748 702 1748 902 1749 907 1749 702 1749 933 1750 900 1750 934 1750 934 1751 900 1751 902 1751 933 1752 705 1752 900 1752 704 1753 863 1753 705 1753 863 1754 906 1754 705 1754 906 1755 900 1755 705 1755 987 1756 988 1756 915 1756 911 1757 989 1757 915 1757 915 1758 989 1758 987 1758 911 1759 990 1759 989 1759 990 1760 866 1760 988 1760 988 1761 866 1761 915 1761 990 1762 865 1762 866 1762 911 1763 865 1763 990 1763 909 1764 698 1764 937 1764 698 1765 866 1765 695 1765 915 1766 866 1766 698 1766 909 1767 915 1767 698 1767 935 1768 904 1768 937 1768 937 1769 904 1769 909 1769 935 1770 701 1770 904 1770 700 1771 865 1771 701 1771 865 1772 911 1772 701 1772 911 1773 904 1773 701 1773 991 1774 992 1774 920 1774 914 1775 993 1775 920 1775 920 1776 993 1776 991 1776 914 1777 994 1777 993 1777 994 1778 868 1778 992 1778 992 1779 868 1779 920 1779 994 1780 867 1780 868 1780 914 1781 867 1781 994 1781 910 1782 694 1782 938 1782 694 1783 868 1783 691 1783 920 1784 868 1784 694 1784 910 1785 920 1785 694 1785 936 1786 908 1786 938 1786 938 1787 908 1787 910 1787 936 1788 697 1788 908 1788 696 1789 867 1789 697 1789 867 1790 914 1790 697 1790 914 1791 908 1791 697 1791 995 1792 996 1792 922 1792 919 1793 997 1793 922 1793 922 1794 997 1794 995 1794 919 1795 998 1795 997 1795 998 1796 870 1796 996 1796 996 1797 870 1797 922 1797 998 1798 869 1798 870 1798 919 1799 869 1799 998 1799 913 1800 690 1800 940 1800 690 1801 870 1801 687 1801 922 1802 870 1802 690 1802 913 1803 922 1803 690 1803 939 1804 912 1804 940 1804 940 1805 912 1805 913 1805 939 1806 693 1806 912 1806 692 1807 869 1807 693 1807 869 1808 919 1808 693 1808 919 1809 912 1809 693 1809 896 1810 858 1810 898 1810 896 1811 857 1811 858 1811 927 1812 681 1812 891 1812 680 1813 857 1813 681 1813 857 1814 896 1814 681 1814 896 1815 891 1815 681 1815 892 1816 717 1816 928 1816 717 1817 858 1817 718 1817 898 1818 858 1818 717 1818 892 1819 898 1819 717 1819 927 1820 891 1820 928 1820 928 1821 891 1821 892 1821 999 1822 303 1822 1000 1822 1000 1823 303 1823 302 1823 1001 1824 1000 1824 1002 1824 1001 1825 999 1825 1000 1825 313 1826 1001 1826 1002 1826 312 1827 1001 1827 313 1827 1003 1828 318 1828 1004 1828 1003 1829 319 1829 318 1829 1005 1830 1006 1830 1007 1830 1005 1831 1007 1831 1008 1831 1009 1832 1008 1832 1010 1832 1009 1833 1010 1833 1003 1833 1009 1834 1005 1834 1008 1834 1004 1835 1009 1835 1003 1835 975 1836 977 1836 1007 1836 975 1837 1007 1837 1006 1837 978 1838 976 1838 1011 1838 1011 1839 976 1839 1012 1839 1011 1840 1013 1840 1014 1840 1012 1841 1013 1841 1011 1841 1014 1842 1015 1842 1016 1842 1016 1843 1015 1843 1017 1843 1013 1844 1015 1844 1014 1844 1015 1845 1018 1845 1017 1845 311 1846 1018 1846 310 1846 311 1847 1017 1847 1018 1847 312 1848 303 1848 999 1848 312 1849 999 1849 1001 1849 312 1850 304 1850 303 1850 314 1851 307 1851 304 1851 314 1852 304 1852 312 1852 317 1853 309 1853 307 1853 317 1854 307 1854 314 1854 319 1855 311 1855 309 1855 319 1856 309 1856 317 1856 1003 1857 1016 1857 1017 1857 1003 1858 1017 1858 311 1858 1003 1859 311 1859 319 1859 1010 1860 1016 1860 1003 1860 1008 1861 1014 1861 1016 1861 1008 1862 1016 1862 1010 1862 1007 1863 1011 1863 1014 1863 1007 1864 1014 1864 1008 1864 977 1865 978 1865 1011 1865 977 1866 1011 1866 1007 1866 1000 1867 313 1867 1002 1867 305 1868 313 1868 302 1868 302 1869 313 1869 1000 1869 306 1870 315 1870 305 1870 305 1871 315 1871 313 1871 308 1872 316 1872 306 1872 306 1873 316 1873 315 1873 310 1874 318 1874 308 1874 308 1875 318 1875 316 1875 1015 1876 1004 1876 1018 1876 1018 1877 1004 1877 310 1877 310 1878 1004 1878 318 1878 1015 1879 1009 1879 1004 1879 1013 1880 1005 1880 1015 1880 1015 1881 1005 1881 1009 1881 1012 1882 1006 1882 1013 1882 1013 1883 1006 1883 1005 1883 1012 1884 976 1884 1006 1884 976 1885 975 1885 1006 1885 1019 1886 285 1886 1020 1886 1020 1887 285 1887 284 1887 1021 1888 1020 1888 1022 1888 1021 1889 1019 1889 1020 1889 295 1890 1021 1890 1022 1890 294 1891 1021 1891 295 1891 1023 1892 300 1892 1024 1892 1023 1893 301 1893 300 1893 1025 1894 1026 1894 1027 1894 1025 1895 1027 1895 1028 1895 1029 1896 1028 1896 1030 1896 1029 1897 1030 1897 1023 1897 1029 1898 1025 1898 1028 1898 1024 1899 1029 1899 1023 1899 979 1900 981 1900 1027 1900 979 1901 1027 1901 1026 1901 982 1902 980 1902 1031 1902 1031 1903 980 1903 1032 1903 1031 1904 1033 1904 1034 1904 1032 1905 1033 1905 1031 1905 1034 1906 1035 1906 1036 1906 1036 1907 1035 1907 1037 1907 1033 1908 1035 1908 1034 1908 1035 1909 1038 1909 1037 1909 293 1910 1038 1910 292 1910 293 1911 1037 1911 1038 1911 294 1912 285 1912 1019 1912 294 1913 1019 1913 1021 1913 294 1914 286 1914 285 1914 296 1915 289 1915 286 1915 296 1916 286 1916 294 1916 299 1917 291 1917 289 1917 299 1918 289 1918 296 1918 301 1919 293 1919 291 1919 301 1920 291 1920 299 1920 1023 1921 1036 1921 1037 1921 1023 1922 1037 1922 293 1922 1023 1923 293 1923 301 1923 1030 1924 1036 1924 1023 1924 1028 1925 1034 1925 1036 1925 1028 1926 1036 1926 1030 1926 1027 1927 1031 1927 1034 1927 1027 1928 1034 1928 1028 1928 981 1929 982 1929 1031 1929 981 1930 1031 1930 1027 1930 1020 1931 295 1931 1022 1931 287 1932 295 1932 284 1932 284 1933 295 1933 1020 1933 288 1934 297 1934 287 1934 287 1935 297 1935 295 1935 290 1936 298 1936 288 1936 288 1937 298 1937 297 1937 292 1938 300 1938 290 1938 290 1939 300 1939 298 1939 1035 1940 1024 1940 1038 1940 1038 1941 1024 1941 292 1941 292 1942 1024 1942 300 1942 1035 1943 1029 1943 1024 1943 1033 1944 1025 1944 1035 1944 1035 1945 1025 1945 1029 1945 1032 1946 1026 1946 1033 1946 1033 1947 1026 1947 1025 1947 1032 1948 980 1948 1026 1948 980 1949 979 1949 1026 1949 1039 1950 267 1950 1040 1950 1040 1951 267 1951 266 1951 1041 1952 1040 1952 1042 1952 1041 1953 1039 1953 1040 1953 277 1954 1041 1954 1042 1954 276 1955 1041 1955 277 1955 1043 1956 282 1956 1044 1956 1043 1957 283 1957 282 1957 1045 1958 1046 1958 1047 1958 1045 1959 1047 1959 1048 1959 1049 1960 1048 1960 1050 1960 1049 1961 1050 1961 1043 1961 1049 1962 1045 1962 1048 1962 1044 1963 1049 1963 1043 1963 983 1964 985 1964 1047 1964 983 1965 1047 1965 1046 1965 986 1966 984 1966 1051 1966 1051 1967 984 1967 1052 1967 1051 1968 1053 1968 1054 1968 1052 1969 1053 1969 1051 1969 1054 1970 1055 1970 1056 1970 1056 1971 1055 1971 1057 1971 1053 1972 1055 1972 1054 1972 1055 1973 1058 1973 1057 1973 275 1974 1058 1974 274 1974 275 1975 1057 1975 1058 1975 276 1976 267 1976 1039 1976 276 1977 1039 1977 1041 1977 276 1978 268 1978 267 1978 278 1979 271 1979 268 1979 278 1980 268 1980 276 1980 281 1981 273 1981 271 1981 281 1982 271 1982 278 1982 283 1983 275 1983 273 1983 283 1984 273 1984 281 1984 1043 1985 1056 1985 1057 1985 1043 1986 1057 1986 275 1986 1043 1987 275 1987 283 1987 1050 1988 1056 1988 1043 1988 1048 1989 1054 1989 1056 1989 1048 1990 1056 1990 1050 1990 1047 1991 1051 1991 1054 1991 1047 1992 1054 1992 1048 1992 985 1993 986 1993 1051 1993 985 1994 1051 1994 1047 1994 1040 1995 277 1995 1042 1995 269 1996 277 1996 266 1996 266 1997 277 1997 1040 1997 270 1998 279 1998 269 1998 269 1999 279 1999 277 1999 272 2000 280 2000 270 2000 270 2001 280 2001 279 2001 274 2002 282 2002 272 2002 272 2003 282 2003 280 2003 1055 2004 1044 2004 1058 2004 1058 2005 1044 2005 274 2005 274 2006 1044 2006 282 2006 1055 2007 1049 2007 1044 2007 1053 2008 1045 2008 1055 2008 1055 2009 1045 2009 1049 2009 1052 2010 1046 2010 1053 2010 1053 2011 1046 2011 1045 2011 1052 2012 984 2012 1046 2012 984 2013 983 2013 1046 2013 1059 2014 249 2014 1060 2014 1060 2015 249 2015 251 2015 1061 2016 1060 2016 1062 2016 1061 2017 1059 2017 1060 2017 258 2018 1061 2018 1062 2018 260 2019 1061 2019 258 2019 1063 2020 264 2020 1064 2020 1063 2021 265 2021 264 2021 1065 2022 1066 2022 1067 2022 1065 2023 1067 2023 1068 2023 1069 2024 1068 2024 1070 2024 1069 2025 1070 2025 1063 2025 1069 2026 1065 2026 1068 2026 1064 2027 1069 2027 1063 2027 987 2028 989 2028 1067 2028 987 2029 1067 2029 1066 2029 990 2030 988 2030 1071 2030 1071 2031 988 2031 1072 2031 1071 2032 1073 2032 1074 2032 1072 2033 1073 2033 1071 2033 1074 2034 1075 2034 1076 2034 1076 2035 1075 2035 1077 2035 1073 2036 1075 2036 1074 2036 1075 2037 1078 2037 1077 2037 257 2038 1078 2038 256 2038 257 2039 1077 2039 1078 2039 260 2040 249 2040 1059 2040 260 2041 1059 2041 1061 2041 260 2042 250 2042 249 2042 261 2043 253 2043 250 2043 261 2044 250 2044 260 2044 263 2045 255 2045 253 2045 263 2046 253 2046 261 2046 265 2047 257 2047 255 2047 265 2048 255 2048 263 2048 1063 2049 1076 2049 1077 2049 1063 2050 1077 2050 257 2050 1063 2051 257 2051 265 2051 1070 2052 1076 2052 1063 2052 1068 2053 1074 2053 1076 2053 1068 2054 1076 2054 1070 2054 1067 2055 1071 2055 1074 2055 1067 2056 1074 2056 1068 2056 989 2057 990 2057 1071 2057 989 2058 1071 2058 1067 2058 1060 2059 258 2059 1062 2059 248 2060 258 2060 251 2060 251 2061 258 2061 1060 2061 252 2062 259 2062 248 2062 248 2063 259 2063 258 2063 254 2064 262 2064 252 2064 252 2065 262 2065 259 2065 256 2066 264 2066 254 2066 254 2067 264 2067 262 2067 1075 2068 1064 2068 1078 2068 1078 2069 1064 2069 256 2069 256 2070 1064 2070 264 2070 1075 2071 1069 2071 1064 2071 1073 2072 1065 2072 1075 2072 1075 2073 1065 2073 1069 2073 1072 2074 1066 2074 1073 2074 1073 2075 1066 2075 1065 2075 1072 2076 988 2076 1066 2076 988 2077 987 2077 1066 2077 1079 2078 231 2078 1080 2078 1080 2079 231 2079 230 2079 1081 2080 1080 2080 1082 2080 1081 2081 1079 2081 1080 2081 241 2082 1081 2082 1082 2082 240 2083 1081 2083 241 2083 1083 2084 246 2084 1084 2084 1083 2085 247 2085 246 2085 1085 2086 1086 2086 1087 2086 1085 2087 1087 2087 1088 2087 1085 2088 1088 2088 1089 2088 1090 2089 1089 2089 1083 2089 1090 2090 1085 2090 1089 2090 1084 2091 1090 2091 1083 2091 991 2092 993 2092 1087 2092 991 2093 1087 2093 1086 2093 994 2094 992 2094 1091 2094 1091 2095 992 2095 1092 2095 1091 2096 1093 2096 1094 2096 1094 2097 1093 2097 1095 2097 1092 2098 1093 2098 1091 2098 1095 2099 1096 2099 1097 2099 1093 2100 1096 2100 1095 2100 1096 2101 1098 2101 1097 2101 239 2102 1098 2102 238 2102 239 2103 1097 2103 1098 2103 240 2104 231 2104 1079 2104 240 2105 1079 2105 1081 2105 240 2106 232 2106 231 2106 242 2107 235 2107 232 2107 242 2108 232 2108 240 2108 245 2109 237 2109 235 2109 245 2110 235 2110 242 2110 247 2111 239 2111 237 2111 247 2112 237 2112 245 2112 1083 2113 1095 2113 1097 2113 1083 2114 1097 2114 239 2114 1083 2115 239 2115 247 2115 1089 2116 1095 2116 1083 2116 1088 2117 1094 2117 1095 2117 1088 2118 1095 2118 1089 2118 1087 2119 1091 2119 1094 2119 1087 2120 1094 2120 1088 2120 993 2121 994 2121 1091 2121 993 2122 1091 2122 1087 2122 1080 2123 241 2123 1082 2123 233 2124 241 2124 230 2124 230 2125 241 2125 1080 2125 234 2126 243 2126 233 2126 233 2127 243 2127 241 2127 236 2128 244 2128 234 2128 234 2129 244 2129 243 2129 238 2130 246 2130 236 2130 236 2131 246 2131 244 2131 1096 2132 1084 2132 1098 2132 1098 2133 1084 2133 238 2133 238 2134 1084 2134 246 2134 1096 2135 1090 2135 1084 2135 1093 2136 1085 2136 1096 2136 1096 2137 1085 2137 1090 2137 1092 2138 1086 2138 1093 2138 1093 2139 1086 2139 1085 2139 1092 2140 992 2140 1086 2140 992 2141 991 2141 1086 2141 1099 2142 213 2142 1100 2142 1100 2143 213 2143 212 2143 1101 2144 1100 2144 1102 2144 1101 2145 1099 2145 1100 2145 223 2146 1101 2146 1102 2146 222 2147 1101 2147 223 2147 1103 2148 228 2148 1104 2148 1103 2149 229 2149 228 2149 1105 2150 1106 2150 1107 2150 1105 2151 1107 2151 1108 2151 1105 2152 1108 2152 1109 2152 1110 2153 1109 2153 1103 2153 1110 2154 1105 2154 1109 2154 1104 2155 1110 2155 1103 2155 995 2156 997 2156 1107 2156 995 2157 1107 2157 1106 2157 998 2158 996 2158 1111 2158 1111 2159 996 2159 1112 2159 1111 2160 1113 2160 1114 2160 1114 2161 1113 2161 1115 2161 1112 2162 1113 2162 1111 2162 1115 2163 1116 2163 1117 2163 1113 2164 1116 2164 1115 2164 1116 2165 1118 2165 1117 2165 221 2166 1118 2166 220 2166 221 2167 1117 2167 1118 2167 222 2168 213 2168 1099 2168 222 2169 1099 2169 1101 2169 222 2170 214 2170 213 2170 224 2171 217 2171 214 2171 224 2172 214 2172 222 2172 227 2173 219 2173 217 2173 227 2174 217 2174 224 2174 229 2175 221 2175 219 2175 229 2176 219 2176 227 2176 1103 2177 1115 2177 1117 2177 1103 2178 1117 2178 221 2178 1103 2179 221 2179 229 2179 1109 2180 1115 2180 1103 2180 1108 2181 1114 2181 1115 2181 1108 2182 1115 2182 1109 2182 1107 2183 1111 2183 1114 2183 1107 2184 1114 2184 1108 2184 997 2185 998 2185 1111 2185 997 2186 1111 2186 1107 2186 1100 2187 223 2187 1102 2187 215 2188 223 2188 212 2188 212 2189 223 2189 1100 2189 216 2190 225 2190 215 2190 215 2191 225 2191 223 2191 218 2192 226 2192 216 2192 216 2193 226 2193 225 2193 220 2194 228 2194 218 2194 218 2195 228 2195 226 2195 1116 2196 1104 2196 1118 2196 1118 2197 1104 2197 220 2197 220 2198 1104 2198 228 2198 1116 2199 1110 2199 1104 2199 1113 2200 1105 2200 1116 2200 1116 2201 1105 2201 1110 2201 1112 2202 1106 2202 1113 2202 1113 2203 1106 2203 1105 2203 1112 2204 996 2204 1106 2204 996 2205 995 2205 1106 2205 1119 2206 195 2206 1120 2206 1120 2207 195 2207 197 2207 1121 2208 1120 2208 1122 2208 1121 2209 1119 2209 1120 2209 204 2210 1121 2210 1122 2210 206 2211 1121 2211 204 2211 1123 2212 210 2212 1124 2212 1123 2213 211 2213 210 2213 1125 2214 1126 2214 1127 2214 1125 2215 1127 2215 1128 2215 1125 2216 1128 2216 1129 2216 1130 2217 1129 2217 1123 2217 1130 2218 1125 2218 1129 2218 1124 2219 1130 2219 1123 2219 972 2220 973 2220 1127 2220 972 2221 1127 2221 1126 2221 974 2222 971 2222 1131 2222 1131 2223 971 2223 1132 2223 1131 2224 1133 2224 1134 2224 1134 2225 1133 2225 1135 2225 1132 2226 1133 2226 1131 2226 1135 2227 1136 2227 1137 2227 1133 2228 1136 2228 1135 2228 1136 2229 1138 2229 1137 2229 203 2230 1138 2230 202 2230 203 2231 1137 2231 1138 2231 206 2232 195 2232 1119 2232 206 2233 1119 2233 1121 2233 206 2234 196 2234 195 2234 207 2235 199 2235 196 2235 207 2236 196 2236 206 2236 209 2237 201 2237 199 2237 209 2238 199 2238 207 2238 211 2239 203 2239 201 2239 211 2240 201 2240 209 2240 1123 2241 1135 2241 1137 2241 1123 2242 1137 2242 203 2242 1123 2243 203 2243 211 2243 1129 2244 1135 2244 1123 2244 1128 2245 1134 2245 1135 2245 1128 2246 1135 2246 1129 2246 1127 2247 1131 2247 1134 2247 1127 2248 1134 2248 1128 2248 973 2249 974 2249 1131 2249 973 2250 1131 2250 1127 2250 1120 2251 204 2251 1122 2251 194 2252 204 2252 197 2252 197 2253 204 2253 1120 2253 198 2254 205 2254 194 2254 194 2255 205 2255 204 2255 200 2256 208 2256 198 2256 198 2257 208 2257 205 2257 202 2258 210 2258 200 2258 200 2259 210 2259 208 2259 1136 2260 1124 2260 1138 2260 1138 2261 1124 2261 202 2261 202 2262 1124 2262 210 2262 1136 2263 1130 2263 1124 2263 1133 2264 1125 2264 1136 2264 1136 2265 1125 2265 1130 2265 1132 2266 1126 2266 1133 2266 1133 2267 1126 2267 1125 2267 1132 2268 971 2268 1126 2268 971 2269 972 2269 1126 2269 1139 2270 1140 2270 1141 2270 1141 2271 1140 2271 1142 2271 186 2272 1139 2272 187 2272 187 2273 1139 2273 1141 2273 1143 2274 192 2274 1144 2274 1144 2275 192 2275 193 2275 1145 2276 1146 2276 1147 2276 1145 2277 1147 2277 1148 2277 1149 2278 1150 2278 1143 2278 1149 2279 1148 2279 1150 2279 1149 2280 1145 2280 1148 2280 1144 2281 1149 2281 1143 2281 1146 2282 969 2282 1147 2282 968 2283 969 2283 1146 2283 970 2284 967 2284 1151 2284 1151 2285 967 2285 1152 2285 1151 2286 1153 2286 1154 2286 1152 2287 1153 2287 1151 2287 1154 2288 1155 2288 1156 2288 1156 2289 1155 2289 1157 2289 1153 2290 1155 2290 1154 2290 1155 2291 1158 2291 1157 2291 185 2292 1158 2292 184 2292 185 2293 1157 2293 1158 2293 1140 2294 177 2294 1142 2294 1142 2295 177 2295 176 2295 186 2296 1140 2296 1139 2296 186 2297 178 2297 177 2297 186 2298 177 2298 1140 2298 188 2299 181 2299 178 2299 188 2300 178 2300 186 2300 190 2301 183 2301 181 2301 190 2302 181 2302 188 2302 192 2303 185 2303 183 2303 192 2304 183 2304 190 2304 1143 2305 1156 2305 1157 2305 1143 2306 1157 2306 185 2306 1143 2307 185 2307 192 2307 1150 2308 1156 2308 1143 2308 1148 2309 1154 2309 1156 2309 1148 2310 1156 2310 1150 2310 1147 2311 1151 2311 1154 2311 1147 2312 1154 2312 1148 2312 970 2313 1151 2313 1147 2313 969 2314 970 2314 1147 2314 179 2315 187 2315 176 2315 176 2316 187 2316 1142 2316 1142 2317 187 2317 1141 2317 180 2318 189 2318 179 2318 179 2319 189 2319 187 2319 182 2320 191 2320 180 2320 180 2321 191 2321 189 2321 184 2322 193 2322 182 2322 182 2323 193 2323 191 2323 1155 2324 1144 2324 1158 2324 1158 2325 1144 2325 184 2325 184 2326 1144 2326 193 2326 1155 2327 1149 2327 1144 2327 1153 2328 1145 2328 1155 2328 1155 2329 1145 2329 1149 2329 1152 2330 1146 2330 1153 2330 1153 2331 1146 2331 1145 2331 967 2332 968 2332 1152 2332 1152 2333 968 2333 1146 2333 1159 2334 1160 2334 1161 2334 1161 2335 1160 2335 1162 2335 1163 2336 1161 2336 1164 2336 1163 2337 1159 2337 1161 2337 1165 2338 1164 2338 1166 2338 1165 2339 1163 2339 1164 2339 1167 2340 1166 2340 1168 2340 1167 2341 1165 2341 1166 2341 1169 2342 1170 2342 1171 2342 1169 2343 1171 2343 1172 2343 1173 2344 1172 2344 1174 2344 1173 2345 1169 2345 1172 2345 1175 2346 1174 2346 1176 2346 1175 2347 1173 2347 1174 2347 1177 2348 1176 2348 1178 2348 1177 2349 1175 2349 1176 2349 1179 2350 1178 2350 1180 2350 1179 2351 1177 2351 1178 2351 1168 2352 1180 2352 1167 2352 1168 2353 1179 2353 1180 2353 1181 2354 1170 2354 1182 2354 1181 2355 1171 2355 1170 2355 1183 2356 1182 2356 1184 2356 1183 2357 1181 2357 1182 2357 1185 2358 1183 2358 1186 2358 1186 2359 1183 2359 1184 2359 1185 2360 1187 2360 1188 2360 1186 2361 1187 2361 1185 2361 1188 2362 1189 2362 1190 2362 1187 2363 1189 2363 1188 2363 1190 2364 1191 2364 1192 2364 1189 2365 1191 2365 1190 2365 1193 2366 1192 2366 1194 2366 1194 2367 1192 2367 1191 2367 1195 2368 1162 2368 1160 2368 1195 2369 1160 2369 1196 2369 1197 2370 1196 2370 1198 2370 1197 2371 1195 2371 1196 2371 1194 2372 1198 2372 1193 2372 1194 2373 1197 2373 1198 2373 1185 2374 1172 2374 1171 2374 1185 2375 1171 2375 1181 2375 1185 2376 1181 2376 1183 2376 1188 2377 1174 2377 1172 2377 1188 2378 1172 2378 1185 2378 1176 2379 1174 2379 1188 2379 1190 2380 1176 2380 1188 2380 1178 2381 1176 2381 1190 2381 1180 2382 1190 2382 1192 2382 1180 2383 1178 2383 1190 2383 1167 2384 1180 2384 1192 2384 1165 2385 1192 2385 1193 2385 1165 2386 1193 2386 1198 2386 1165 2387 1167 2387 1192 2387 1196 2388 1165 2388 1198 2388 1160 2389 1165 2389 1196 2389 1159 2390 1163 2390 1165 2390 1159 2391 1165 2391 1160 2391 1169 2392 1186 2392 1170 2392 1170 2393 1186 2393 1182 2393 1182 2394 1186 2394 1184 2394 1173 2395 1187 2395 1169 2395 1169 2396 1187 2396 1186 2396 1173 2397 1175 2397 1187 2397 1175 2398 1189 2398 1187 2398 1175 2399 1177 2399 1189 2399 1189 2400 1179 2400 1191 2400 1177 2401 1179 2401 1189 2401 1179 2402 1168 2402 1191 2402 1191 2403 1166 2403 1194 2403 1194 2404 1166 2404 1197 2404 1168 2405 1166 2405 1191 2405 1166 2406 1195 2406 1197 2406 1166 2407 1162 2407 1195 2407 1164 2408 1161 2408 1166 2408 1166 2409 1161 2409 1162 2409 1199 2410 1200 2410 1201 2410 1201 2411 1200 2411 1202 2411 1203 2412 1204 2412 1205 2412 1205 2413 1204 2413 1206 2413 1207 2414 1203 2414 1208 2414 1208 2415 1203 2415 1205 2415 1204 2416 1199 2416 1206 2416 1206 2417 1199 2417 1201 2417 1209 2418 1199 2418 1204 2418 1200 2419 1199 2419 1209 2419 1203 2420 1209 2420 1204 2420 1207 2421 1209 2421 1203 2421 1201 2422 1210 2422 1206 2422 1201 2423 1202 2423 1210 2423 1210 2424 1205 2424 1206 2424 1210 2425 1208 2425 1205 2425 1209 2426 1207 2426 1210 2426 1210 2427 1207 2427 1208 2427 1200 2428 1209 2428 1210 2428 1200 2429 1210 2429 1202 2429 1211 2430 1212 2430 1213 2430 1213 2431 1212 2431 1214 2431 1215 2432 1216 2432 1217 2432 1215 2433 1218 2433 1216 2433 1219 2434 1213 2434 1220 2434 1219 2435 1211 2435 1213 2435 1221 2436 1220 2436 1222 2436 1221 2437 1219 2437 1220 2437 1223 2438 1224 2438 1225 2438 1223 2439 1222 2439 1224 2439 1223 2440 1221 2440 1222 2440 1226 2441 1223 2441 1225 2441 1218 2442 1227 2442 1216 2442 1216 2443 1227 2443 1228 2443 1228 2444 1229 2444 1230 2444 1227 2445 1229 2445 1228 2445 1230 2446 1231 2446 1232 2446 1229 2447 1231 2447 1230 2447 1233 2448 1234 2448 1235 2448 1236 2449 1235 2449 1237 2449 1236 2450 1233 2450 1235 2450 1238 2451 1237 2451 1239 2451 1238 2452 1236 2452 1237 2452 1240 2453 1239 2453 1214 2453 1240 2454 1238 2454 1239 2454 1212 2455 1240 2455 1214 2455 1241 2456 1242 2456 1243 2456 1243 2457 1242 2457 1244 2457 1244 2458 1245 2458 1246 2458 1242 2459 1245 2459 1244 2459 1246 2460 1215 2460 1217 2460 1245 2461 1215 2461 1246 2461 1247 2462 1248 2462 1249 2462 1249 2463 1248 2463 1250 2463 1215 2464 1211 2464 1218 2464 1212 2465 1211 2465 1215 2465 1247 2466 1251 2466 1248 2466 1252 2467 1251 2467 1247 2467 1253 2468 1254 2468 1249 2468 1253 2469 1249 2469 1250 2469 1255 2470 1256 2470 1257 2470 1258 2471 1255 2471 1257 2471 1259 2472 1255 2472 1258 2472 1255 2473 1260 2473 1256 2473 1261 2474 1262 2474 1263 2474 1262 2475 1264 2475 1263 2475 1263 2476 1265 2476 1261 2476 1263 2477 1266 2477 1265 2477 1232 2478 1231 2478 1266 2478 1266 2479 1231 2479 1265 2479 1231 2480 1226 2480 1267 2480 1231 2481 1267 2481 1265 2481 1260 2482 1268 2482 1269 2482 1270 2483 1260 2483 1269 2483 1267 2484 1269 2484 1268 2484 1271 2485 1269 2485 1267 2485 1226 2486 1225 2486 1271 2486 1226 2487 1271 2487 1267 2487 1272 2488 1273 2488 1274 2488 1275 2489 1276 2489 1273 2489 1275 2490 1273 2490 1272 2490 1277 2491 1278 2491 1276 2491 1277 2492 1276 2492 1275 2492 1279 2493 1278 2493 1277 2493 1272 2494 1274 2494 1280 2494 1272 2495 1280 2495 1281 2495 1282 2496 1283 2496 1284 2496 1282 2497 1284 2497 1285 2497 1286 2498 1287 2498 1283 2498 1286 2499 1283 2499 1282 2499 1288 2500 1289 2500 1287 2500 1288 2501 1287 2501 1286 2501 1290 2502 1291 2502 1289 2502 1290 2503 1289 2503 1288 2503 1292 2504 1293 2504 1294 2504 1295 2505 1296 2505 1293 2505 1295 2506 1293 2506 1292 2506 1297 2507 1268 2507 1296 2507 1297 2508 1296 2508 1295 2508 1261 2509 1268 2509 1297 2509 1294 2510 1278 2510 1279 2510 1292 2511 1294 2511 1279 2511 1298 2512 1299 2512 1291 2512 1298 2513 1291 2513 1290 2513 1300 2514 1301 2514 1299 2514 1300 2515 1299 2515 1298 2515 1255 2516 1259 2516 1301 2516 1255 2517 1301 2517 1300 2517 1290 2518 1294 2518 1293 2518 1298 2519 1290 2519 1293 2519 1300 2520 1293 2520 1296 2520 1300 2521 1298 2521 1293 2521 1260 2522 1296 2522 1268 2522 1260 2523 1300 2523 1296 2523 1255 2524 1300 2524 1260 2524 1290 2525 1288 2525 1278 2525 1290 2526 1278 2526 1294 2526 1278 2527 1286 2527 1276 2527 1288 2528 1286 2528 1278 2528 1276 2529 1282 2529 1273 2529 1286 2530 1282 2530 1276 2530 1273 2531 1285 2531 1274 2531 1282 2532 1285 2532 1273 2532 1274 2533 1285 2533 1302 2533 1274 2534 1302 2534 1280 2534 1302 2535 1303 2535 1281 2535 1302 2536 1281 2536 1280 2536 1303 2537 1272 2537 1281 2537 1284 2538 1272 2538 1303 2538 1287 2539 1289 2539 1279 2539 1287 2540 1279 2540 1277 2540 1283 2541 1277 2541 1275 2541 1283 2542 1287 2542 1277 2542 1284 2543 1275 2543 1272 2543 1284 2544 1283 2544 1275 2544 1289 2545 1292 2545 1279 2545 1289 2546 1291 2546 1292 2546 1291 2547 1299 2547 1292 2547 1292 2548 1299 2548 1295 2548 1295 2549 1301 2549 1297 2549 1299 2550 1301 2550 1295 2550 1297 2551 1262 2551 1261 2551 1301 2552 1262 2552 1297 2552 1301 2553 1259 2553 1262 2553 1265 2554 1267 2554 1268 2554 1265 2555 1268 2555 1261 2555 1302 2556 1285 2556 1303 2556 1285 2557 1284 2557 1303 2557 1304 2558 1247 2558 1249 2558 1305 2559 1304 2559 1249 2559 1259 2560 1306 2560 1307 2560 1259 2561 1249 2561 1306 2561 1259 2562 1305 2562 1249 2562 1262 2563 1259 2563 1307 2563 1211 2564 1219 2564 1218 2564 1218 2565 1219 2565 1227 2565 1231 2566 1223 2566 1226 2566 1229 2567 1223 2567 1231 2567 1227 2568 1221 2568 1229 2568 1219 2569 1221 2569 1227 2569 1229 2570 1221 2570 1223 2570 1252 2571 1305 2571 1259 2571 1252 2572 1304 2572 1305 2572 1252 2573 1247 2573 1304 2573 1308 2574 1259 2574 1258 2574 1308 2575 1252 2575 1259 2575 1309 2576 1258 2576 1257 2576 1309 2577 1308 2577 1258 2577 1310 2578 1257 2578 1256 2578 1310 2579 1309 2579 1257 2579 1270 2580 1256 2580 1260 2580 1270 2581 1310 2581 1256 2581 1254 2582 1311 2582 1249 2582 1249 2583 1311 2583 1306 2583 1306 2584 1312 2584 1307 2584 1311 2585 1312 2585 1306 2585 1307 2586 1264 2586 1262 2586 1312 2587 1264 2587 1307 2587 1313 2588 1314 2588 1315 2588 1316 2589 1314 2589 1313 2589 1317 2590 1314 2590 1316 2590 1318 2591 1317 2591 1316 2591 1319 2592 1318 2592 1250 2592 1319 2593 1317 2593 1318 2593 1248 2594 1319 2594 1250 2594 1236 2595 1241 2595 1233 2595 1236 2596 1242 2596 1241 2596 1236 2597 1238 2597 1242 2597 1238 2598 1245 2598 1242 2598 1245 2599 1240 2599 1215 2599 1238 2600 1240 2600 1245 2600 1240 2601 1212 2601 1215 2601 1320 2602 1315 2602 1314 2602 1321 2603 1314 2603 1317 2603 1321 2604 1320 2604 1314 2604 1322 2605 1317 2605 1319 2605 1322 2606 1321 2606 1317 2606 1323 2607 1319 2607 1248 2607 1323 2608 1322 2608 1319 2608 1251 2609 1323 2609 1248 2609 1324 2610 1325 2610 1313 2610 1313 2611 1325 2611 1316 2611 1316 2612 1326 2612 1318 2612 1325 2613 1326 2613 1316 2613 1318 2614 1253 2614 1250 2614 1326 2615 1253 2615 1318 2615 1233 2616 1241 2616 1327 2616 1327 2617 1241 2617 1328 2617 1313 2618 1315 2618 1329 2618 1329 2619 1315 2619 1330 2619 1320 2620 1331 2620 1315 2620 1331 2621 1330 2621 1315 2621 1233 2622 1332 2622 1234 2622 1332 2623 1327 2623 1331 2623 1331 2624 1327 2624 1330 2624 1233 2625 1327 2625 1332 2625 1333 2626 1324 2626 1313 2626 1329 2627 1333 2627 1313 2627 1334 2628 1241 2628 1243 2628 1328 2629 1334 2629 1333 2629 1328 2630 1333 2630 1329 2630 1328 2631 1241 2631 1334 2631 1327 2632 1328 2632 1330 2632 1330 2633 1328 2633 1329 2633 1271 2634 1266 2634 1269 2634 1269 2635 1266 2635 1263 2635 1271 2636 1232 2636 1266 2636 1224 2637 1232 2637 1225 2637 1225 2638 1232 2638 1271 2638 1224 2639 1230 2639 1232 2639 1224 2640 1222 2640 1230 2640 1222 2641 1228 2641 1230 2641 1228 2642 1220 2642 1216 2642 1222 2643 1220 2643 1228 2643 1220 2644 1213 2644 1216 2644 1334 2645 1243 2645 1332 2645 1213 2646 1217 2646 1216 2646 1213 2647 1214 2647 1217 2647 1243 2648 1234 2648 1332 2648 1244 2649 1235 2649 1243 2649 1243 2650 1235 2650 1234 2650 1217 2651 1239 2651 1246 2651 1214 2652 1239 2652 1217 2652 1246 2653 1237 2653 1244 2653 1239 2654 1237 2654 1246 2654 1244 2655 1237 2655 1235 2655 1321 2656 1324 2656 1320 2656 1320 2657 1324 2657 1331 2657 1331 2658 1324 2658 1333 2658 1321 2659 1325 2659 1324 2659 1321 2660 1322 2660 1325 2660 1322 2661 1326 2661 1325 2661 1326 2662 1323 2662 1253 2662 1322 2663 1323 2663 1326 2663 1323 2664 1251 2664 1253 2664 1251 2665 1254 2665 1253 2665 1251 2666 1252 2666 1254 2666 1264 2667 1270 2667 1263 2667 1263 2668 1270 2668 1269 2668 1254 2669 1308 2669 1311 2669 1252 2670 1308 2670 1254 2670 1312 2671 1310 2671 1264 2671 1264 2672 1310 2672 1270 2672 1311 2673 1309 2673 1312 2673 1312 2674 1309 2674 1310 2674 1308 2675 1309 2675 1311 2675 1333 2676 1332 2676 1331 2676 1334 2677 1332 2677 1333 2677 1335 2678 1336 2678 1337 2678 1337 2679 1336 2679 1338 2679 1339 2680 1337 2680 1340 2680 1339 2681 1335 2681 1337 2681 1341 2682 1340 2682 1342 2682 1341 2683 1339 2683 1340 2683 1343 2684 1342 2684 1344 2684 1343 2685 1341 2685 1342 2685 1345 2686 1346 2686 1347 2686 1345 2687 1347 2687 1348 2687 1349 2688 1348 2688 1350 2688 1349 2689 1345 2689 1348 2689 1351 2690 1350 2690 1352 2690 1351 2691 1349 2691 1350 2691 1353 2692 1352 2692 1354 2692 1353 2693 1351 2693 1352 2693 1355 2694 1354 2694 1356 2694 1355 2695 1353 2695 1354 2695 1344 2696 1356 2696 1343 2696 1344 2697 1355 2697 1356 2697 1357 2698 1346 2698 1358 2698 1357 2699 1347 2699 1346 2699 1359 2700 1358 2700 1360 2700 1359 2701 1357 2701 1358 2701 1361 2702 1359 2702 1362 2702 1362 2703 1359 2703 1360 2703 1361 2704 1363 2704 1364 2704 1362 2705 1363 2705 1361 2705 1364 2706 1365 2706 1366 2706 1363 2707 1365 2707 1364 2707 1366 2708 1367 2708 1368 2708 1365 2709 1367 2709 1366 2709 1369 2710 1368 2710 1370 2710 1370 2711 1368 2711 1367 2711 1371 2712 1338 2712 1336 2712 1371 2713 1336 2713 1372 2713 1373 2714 1372 2714 1374 2714 1373 2715 1371 2715 1372 2715 1370 2716 1374 2716 1369 2716 1370 2717 1373 2717 1374 2717 1361 2718 1348 2718 1347 2718 1361 2719 1347 2719 1357 2719 1361 2720 1357 2720 1359 2720 1364 2721 1350 2721 1348 2721 1364 2722 1348 2722 1361 2722 1352 2723 1350 2723 1364 2723 1366 2724 1352 2724 1364 2724 1354 2725 1352 2725 1366 2725 1356 2726 1366 2726 1368 2726 1356 2727 1354 2727 1366 2727 1343 2728 1356 2728 1368 2728 1341 2729 1368 2729 1369 2729 1341 2730 1369 2730 1374 2730 1341 2731 1343 2731 1368 2731 1372 2732 1341 2732 1374 2732 1336 2733 1341 2733 1372 2733 1335 2734 1339 2734 1341 2734 1335 2735 1341 2735 1336 2735 1345 2736 1362 2736 1346 2736 1346 2737 1362 2737 1358 2737 1358 2738 1362 2738 1360 2738 1349 2739 1363 2739 1345 2739 1345 2740 1363 2740 1362 2740 1349 2741 1351 2741 1363 2741 1351 2742 1365 2742 1363 2742 1351 2743 1353 2743 1365 2743 1365 2744 1355 2744 1367 2744 1353 2745 1355 2745 1365 2745 1355 2746 1344 2746 1367 2746 1367 2747 1342 2747 1370 2747 1370 2748 1342 2748 1373 2748 1344 2749 1342 2749 1367 2749 1342 2750 1371 2750 1373 2750 1342 2751 1338 2751 1371 2751 1340 2752 1337 2752 1342 2752 1342 2753 1337 2753 1338 2753 1375 2754 1376 2754 1377 2754 1377 2755 1376 2755 1378 2755 1379 2756 1380 2756 1381 2756 1381 2757 1380 2757 1382 2757 1383 2758 1379 2758 1384 2758 1384 2759 1379 2759 1381 2759 1380 2760 1375 2760 1382 2760 1382 2761 1375 2761 1377 2761 1385 2762 1375 2762 1380 2762 1376 2763 1375 2763 1385 2763 1379 2764 1385 2764 1380 2764 1383 2765 1385 2765 1379 2765 1377 2766 1386 2766 1382 2766 1377 2767 1378 2767 1386 2767 1386 2768 1381 2768 1382 2768 1386 2769 1384 2769 1381 2769 1385 2770 1383 2770 1386 2770 1386 2771 1383 2771 1384 2771 1376 2772 1385 2772 1386 2772 1376 2773 1386 2773 1378 2773 1387 2774 1388 2774 1389 2774 1389 2775 1388 2775 1390 2775 1391 2776 1389 2776 1392 2776 1391 2777 1387 2777 1389 2777 1393 2778 1392 2778 1394 2778 1393 2779 1391 2779 1392 2779 1395 2780 1394 2780 1396 2780 1395 2781 1393 2781 1394 2781 1397 2782 1398 2782 1399 2782 1397 2783 1399 2783 1400 2783 1401 2784 1400 2784 1402 2784 1401 2785 1397 2785 1400 2785 1403 2786 1402 2786 1404 2786 1403 2787 1401 2787 1402 2787 1405 2788 1404 2788 1406 2788 1405 2789 1403 2789 1404 2789 1407 2790 1406 2790 1408 2790 1407 2791 1405 2791 1406 2791 1396 2792 1408 2792 1395 2792 1396 2793 1407 2793 1408 2793 1409 2794 1398 2794 1410 2794 1409 2795 1399 2795 1398 2795 1411 2796 1410 2796 1412 2796 1411 2797 1409 2797 1410 2797 1413 2798 1411 2798 1414 2798 1414 2799 1411 2799 1412 2799 1413 2800 1415 2800 1416 2800 1414 2801 1415 2801 1413 2801 1416 2802 1417 2802 1418 2802 1415 2803 1417 2803 1416 2803 1418 2804 1419 2804 1420 2804 1417 2805 1419 2805 1418 2805 1421 2806 1420 2806 1422 2806 1422 2807 1420 2807 1419 2807 1423 2808 1390 2808 1388 2808 1423 2809 1388 2809 1424 2809 1425 2810 1426 2810 1421 2810 1425 2811 1424 2811 1426 2811 1425 2812 1423 2812 1424 2812 1422 2813 1425 2813 1421 2813 1413 2814 1400 2814 1399 2814 1413 2815 1399 2815 1409 2815 1413 2816 1409 2816 1411 2816 1416 2817 1402 2817 1400 2817 1416 2818 1400 2818 1413 2818 1404 2819 1402 2819 1416 2819 1418 2820 1404 2820 1416 2820 1406 2821 1404 2821 1418 2821 1408 2822 1418 2822 1420 2822 1408 2823 1406 2823 1418 2823 1395 2824 1408 2824 1420 2824 1393 2825 1420 2825 1421 2825 1393 2826 1421 2826 1426 2826 1393 2827 1395 2827 1420 2827 1424 2828 1393 2828 1426 2828 1388 2829 1393 2829 1424 2829 1387 2830 1391 2830 1393 2830 1387 2831 1393 2831 1388 2831 1397 2832 1414 2832 1398 2832 1398 2833 1414 2833 1410 2833 1410 2834 1414 2834 1412 2834 1401 2835 1415 2835 1397 2835 1397 2836 1415 2836 1414 2836 1401 2837 1403 2837 1415 2837 1403 2838 1417 2838 1415 2838 1403 2839 1405 2839 1417 2839 1417 2840 1407 2840 1419 2840 1405 2841 1407 2841 1417 2841 1407 2842 1396 2842 1419 2842 1419 2843 1394 2843 1422 2843 1422 2844 1394 2844 1425 2844 1396 2845 1394 2845 1419 2845 1394 2846 1423 2846 1425 2846 1394 2847 1390 2847 1423 2847 1392 2848 1389 2848 1394 2848 1394 2849 1389 2849 1390 2849 1427 2850 1428 2850 1429 2850 1429 2851 1428 2851 1430 2851 1431 2852 1429 2852 1432 2852 1431 2853 1427 2853 1429 2853 1433 2854 1432 2854 1434 2854 1433 2855 1431 2855 1432 2855 1435 2856 1434 2856 1436 2856 1435 2857 1433 2857 1434 2857 1437 2858 1438 2858 1439 2858 1437 2859 1439 2859 1440 2859 1441 2860 1440 2860 1442 2860 1441 2861 1437 2861 1440 2861 1443 2862 1442 2862 1444 2862 1443 2863 1441 2863 1442 2863 1445 2864 1444 2864 1446 2864 1445 2865 1443 2865 1444 2865 1447 2866 1446 2866 1448 2866 1447 2867 1445 2867 1446 2867 1436 2868 1448 2868 1435 2868 1436 2869 1447 2869 1448 2869 1449 2870 1438 2870 1450 2870 1449 2871 1439 2871 1438 2871 1451 2872 1450 2872 1452 2872 1451 2873 1449 2873 1450 2873 1453 2874 1451 2874 1454 2874 1454 2875 1451 2875 1452 2875 1453 2876 1455 2876 1456 2876 1454 2877 1455 2877 1453 2877 1456 2878 1457 2878 1458 2878 1455 2879 1457 2879 1456 2879 1458 2880 1459 2880 1460 2880 1457 2881 1459 2881 1458 2881 1461 2882 1460 2882 1462 2882 1462 2883 1460 2883 1459 2883 1463 2884 1430 2884 1428 2884 1463 2885 1428 2885 1464 2885 1465 2886 1464 2886 1466 2886 1465 2887 1463 2887 1464 2887 1462 2888 1466 2888 1461 2888 1462 2889 1465 2889 1466 2889 1453 2890 1440 2890 1439 2890 1453 2891 1439 2891 1449 2891 1453 2892 1449 2892 1451 2892 1456 2893 1442 2893 1440 2893 1456 2894 1440 2894 1453 2894 1444 2895 1442 2895 1456 2895 1458 2896 1444 2896 1456 2896 1446 2897 1444 2897 1458 2897 1448 2898 1458 2898 1460 2898 1448 2899 1446 2899 1458 2899 1435 2900 1448 2900 1460 2900 1433 2901 1460 2901 1461 2901 1433 2902 1461 2902 1466 2902 1433 2903 1435 2903 1460 2903 1464 2904 1433 2904 1466 2904 1428 2905 1433 2905 1464 2905 1427 2906 1431 2906 1433 2906 1427 2907 1433 2907 1428 2907 1437 2908 1454 2908 1438 2908 1438 2909 1454 2909 1450 2909 1450 2910 1454 2910 1452 2910 1441 2911 1455 2911 1437 2911 1437 2912 1455 2912 1454 2912 1441 2913 1443 2913 1455 2913 1443 2914 1457 2914 1455 2914 1443 2915 1445 2915 1457 2915 1457 2916 1447 2916 1459 2916 1445 2917 1447 2917 1457 2917 1447 2918 1436 2918 1459 2918 1459 2919 1434 2919 1462 2919 1462 2920 1434 2920 1465 2920 1436 2921 1434 2921 1459 2921 1434 2922 1463 2922 1465 2922 1434 2923 1430 2923 1463 2923 1432 2924 1429 2924 1434 2924 1434 2925 1429 2925 1430 2925 1467 2926 1468 2926 1469 2926 1469 2927 1468 2927 1470 2927 1471 2928 1469 2928 1472 2928 1471 2929 1467 2929 1469 2929 1473 2930 1472 2930 1474 2930 1473 2931 1471 2931 1472 2931 1475 2932 1474 2932 1476 2932 1475 2933 1473 2933 1474 2933 1477 2934 1478 2934 1479 2934 1477 2935 1479 2935 1480 2935 1481 2936 1480 2936 1482 2936 1481 2937 1477 2937 1480 2937 1483 2938 1482 2938 1484 2938 1483 2939 1481 2939 1482 2939 1485 2940 1484 2940 1486 2940 1485 2941 1483 2941 1484 2941 1487 2942 1486 2942 1488 2942 1487 2943 1485 2943 1486 2943 1476 2944 1488 2944 1475 2944 1476 2945 1487 2945 1488 2945 1489 2946 1478 2946 1490 2946 1489 2947 1479 2947 1478 2947 1491 2948 1490 2948 1492 2948 1491 2949 1489 2949 1490 2949 1493 2950 1491 2950 1494 2950 1494 2951 1491 2951 1492 2951 1493 2952 1495 2952 1496 2952 1494 2953 1495 2953 1493 2953 1496 2954 1497 2954 1498 2954 1495 2955 1497 2955 1496 2955 1498 2956 1499 2956 1500 2956 1497 2957 1499 2957 1498 2957 1501 2958 1500 2958 1502 2958 1502 2959 1500 2959 1499 2959 1503 2960 1470 2960 1468 2960 1503 2961 1468 2961 1504 2961 1505 2962 1504 2962 1506 2962 1505 2963 1503 2963 1504 2963 1502 2964 1506 2964 1501 2964 1502 2965 1505 2965 1506 2965 1493 2966 1480 2966 1479 2966 1493 2967 1479 2967 1489 2967 1493 2968 1489 2968 1491 2968 1496 2969 1482 2969 1480 2969 1496 2970 1480 2970 1493 2970 1484 2971 1482 2971 1496 2971 1498 2972 1484 2972 1496 2972 1486 2973 1484 2973 1498 2973 1488 2974 1498 2974 1500 2974 1488 2975 1486 2975 1498 2975 1475 2976 1488 2976 1500 2976 1473 2977 1500 2977 1501 2977 1473 2978 1501 2978 1506 2978 1473 2979 1475 2979 1500 2979 1504 2980 1473 2980 1506 2980 1468 2981 1473 2981 1504 2981 1467 2982 1471 2982 1473 2982 1467 2983 1473 2983 1468 2983 1477 2984 1494 2984 1478 2984 1478 2985 1494 2985 1490 2985 1490 2986 1494 2986 1492 2986 1481 2987 1495 2987 1477 2987 1477 2988 1495 2988 1494 2988 1481 2989 1483 2989 1495 2989 1483 2990 1497 2990 1495 2990 1483 2991 1485 2991 1497 2991 1497 2992 1487 2992 1499 2992 1485 2993 1487 2993 1497 2993 1487 2994 1476 2994 1499 2994 1499 2995 1474 2995 1502 2995 1502 2996 1474 2996 1505 2996 1476 2997 1474 2997 1499 2997 1474 2998 1503 2998 1505 2998 1474 2999 1470 2999 1503 2999 1472 3000 1469 3000 1474 3000 1474 3001 1469 3001 1470 3001 1507 3002 1508 3002 1509 3002 1509 3003 1508 3003 1510 3003 1511 3004 1509 3004 1512 3004 1511 3005 1507 3005 1509 3005 1513 3006 1512 3006 1514 3006 1513 3007 1511 3007 1512 3007 1515 3008 1514 3008 1516 3008 1515 3009 1513 3009 1514 3009 1517 3010 1518 3010 1519 3010 1517 3011 1519 3011 1520 3011 1521 3012 1520 3012 1522 3012 1521 3013 1517 3013 1520 3013 1523 3014 1522 3014 1524 3014 1523 3015 1521 3015 1522 3015 1525 3016 1524 3016 1526 3016 1525 3017 1523 3017 1524 3017 1527 3018 1526 3018 1528 3018 1527 3019 1525 3019 1526 3019 1516 3020 1528 3020 1515 3020 1516 3021 1527 3021 1528 3021 1529 3022 1518 3022 1530 3022 1529 3023 1519 3023 1518 3023 1531 3024 1530 3024 1532 3024 1531 3025 1529 3025 1530 3025 1533 3026 1531 3026 1534 3026 1534 3027 1531 3027 1532 3027 1533 3028 1535 3028 1536 3028 1534 3029 1535 3029 1533 3029 1536 3030 1537 3030 1538 3030 1535 3031 1537 3031 1536 3031 1538 3032 1539 3032 1540 3032 1537 3033 1539 3033 1538 3033 1541 3034 1540 3034 1542 3034 1542 3035 1540 3035 1539 3035 1543 3036 1510 3036 1508 3036 1543 3037 1508 3037 1544 3037 1545 3038 1544 3038 1546 3038 1545 3039 1543 3039 1544 3039 1542 3040 1546 3040 1541 3040 1542 3041 1545 3041 1546 3041 1533 3042 1520 3042 1519 3042 1533 3043 1519 3043 1529 3043 1533 3044 1529 3044 1531 3044 1536 3045 1522 3045 1520 3045 1536 3046 1520 3046 1533 3046 1524 3047 1522 3047 1536 3047 1538 3048 1524 3048 1536 3048 1526 3049 1524 3049 1538 3049 1528 3050 1538 3050 1540 3050 1528 3051 1526 3051 1538 3051 1515 3052 1528 3052 1540 3052 1513 3053 1540 3053 1541 3053 1513 3054 1541 3054 1546 3054 1513 3055 1515 3055 1540 3055 1544 3056 1513 3056 1546 3056 1508 3057 1513 3057 1544 3057 1507 3058 1511 3058 1513 3058 1507 3059 1513 3059 1508 3059 1517 3060 1534 3060 1518 3060 1518 3061 1534 3061 1530 3061 1530 3062 1534 3062 1532 3062 1521 3063 1535 3063 1517 3063 1517 3064 1535 3064 1534 3064 1521 3065 1523 3065 1535 3065 1523 3066 1537 3066 1535 3066 1523 3067 1525 3067 1537 3067 1537 3068 1527 3068 1539 3068 1525 3069 1527 3069 1537 3069 1527 3070 1516 3070 1539 3070 1539 3071 1514 3071 1542 3071 1542 3072 1514 3072 1545 3072 1516 3073 1514 3073 1539 3073 1514 3074 1543 3074 1545 3074 1514 3075 1510 3075 1543 3075 1512 3076 1509 3076 1514 3076 1514 3077 1509 3077 1510 3077 1547 3078 1548 3078 1549 3078 1549 3079 1548 3079 1550 3079 1550 3080 1551 3080 1552 3080 1552 3081 1551 3081 1553 3081 1548 3082 1551 3082 1550 3082 1553 3083 1554 3083 1555 3083 1551 3084 1554 3084 1553 3084 1554 3085 1556 3085 1555 3085 1555 3086 1557 3086 1558 3086 1558 3087 1557 3087 1559 3087 1556 3088 1557 3088 1555 3088 1559 3089 1560 3089 1561 3089 1557 3090 1560 3090 1559 3090 1560 3091 1562 3091 1561 3091 1561 3092 1563 3092 1564 3092 1562 3093 1563 3093 1561 3093 1564 3094 1565 3094 1566 3094 1566 3095 1565 3095 1567 3095 1563 3096 1565 3096 1564 3096 1567 3097 1568 3097 1569 3097 1565 3098 1568 3098 1567 3098 1569 3099 1570 3099 1571 3099 1568 3100 1570 3100 1569 3100 1570 3101 1572 3101 1571 3101 1571 3102 1573 3102 1574 3102 1572 3103 1573 3103 1571 3103 1574 3104 1575 3104 1576 3104 1576 3105 1575 3105 1577 3105 1573 3106 1575 3106 1574 3106 1575 3107 1578 3107 1577 3107 1578 3108 1579 3108 1577 3108 1577 3109 1579 3109 1580 3109 1579 3110 1581 3110 1580 3110 1580 3111 1581 3111 1582 3111 1583 3112 1584 3112 1585 3112 1585 3113 1586 3113 1587 3113 1584 3114 1586 3114 1585 3114 1587 3115 1588 3115 1589 3115 1586 3116 1588 3116 1587 3116 1589 3117 1590 3117 1591 3117 1588 3118 1590 3118 1589 3118 1591 3119 1592 3119 1593 3119 1590 3120 1592 3120 1591 3120 1593 3121 1594 3121 1595 3121 1592 3122 1594 3122 1593 3122 1595 3123 1596 3123 1597 3123 1594 3124 1596 3124 1595 3124 1596 3125 1598 3125 1597 3125 1597 3126 1599 3126 1600 3126 1598 3127 1599 3127 1597 3127 1600 3128 1601 3128 1602 3128 1599 3129 1601 3129 1600 3129 1602 3130 1603 3130 1604 3130 1601 3131 1603 3131 1602 3131 1604 3132 1605 3132 1606 3132 1603 3133 1605 3133 1604 3133 1606 3134 1607 3134 1608 3134 1605 3135 1607 3135 1606 3135 1608 3136 1609 3136 1610 3136 1607 3137 1609 3137 1608 3137 1610 3138 1611 3138 1612 3138 1609 3139 1611 3139 1610 3139 1612 3140 1613 3140 1614 3140 1611 3141 1613 3141 1612 3141 1613 3142 1615 3142 1614 3142 1614 3143 1615 3143 1616 3143 1615 3144 1617 3144 1616 3144 1616 3145 1617 3145 1618 3145 1619 3146 1620 3146 1621 3146 1621 3147 1620 3147 1622 3147 1622 3148 1623 3148 1624 3148 1620 3149 1623 3149 1622 3149 1624 3150 1625 3150 1626 3150 1623 3151 1625 3151 1624 3151 1626 3152 1627 3152 1628 3152 1625 3153 1627 3153 1626 3153 1629 3154 1630 3154 1631 3154 1631 3155 1630 3155 1632 3155 1632 3156 1633 3156 1634 3156 1630 3157 1633 3157 1632 3157 1634 3158 1635 3158 1636 3158 1633 3159 1635 3159 1634 3159 1636 3160 1637 3160 1638 3160 1635 3161 1637 3161 1636 3161 1639 3162 1640 3162 1641 3162 1642 3163 1639 3163 1643 3163 1642 3164 1640 3164 1639 3164 1644 3165 1643 3165 1645 3165 1644 3166 1642 3166 1643 3166 1646 3167 1642 3167 1647 3167 1646 3168 1648 3168 1649 3168 1646 3169 1647 3169 1648 3169 1646 3170 1640 3170 1642 3170 1650 3171 1646 3171 1649 3171 1651 3172 1646 3172 1650 3172 1652 3173 1646 3173 1651 3173 1653 3174 1646 3174 1652 3174 1654 3175 1646 3175 1653 3175 1655 3176 1646 3176 1654 3176 1656 3177 1646 3177 1655 3177 1657 3178 1646 3178 1656 3178 1658 3179 1659 3179 1660 3179 1661 3180 1660 3180 1659 3180 1662 3181 1660 3181 1644 3181 1662 3182 1663 3182 1658 3182 1662 3183 1664 3183 1663 3183 1662 3184 1658 3184 1660 3184 1665 3185 1660 3185 1661 3185 1666 3186 1664 3186 1662 3186 1667 3187 1660 3187 1665 3187 1668 3188 1662 3188 1644 3188 1669 3189 1670 3189 1660 3189 1669 3190 1660 3190 1667 3190 1671 3191 1644 3191 1645 3191 1672 3192 1673 3192 1670 3192 1672 3193 1670 3193 1669 3193 1674 3194 1675 3194 1673 3194 1674 3195 1673 3195 1672 3195 1676 3196 1644 3196 1671 3196 1677 3197 1678 3197 1675 3197 1677 3198 1675 3198 1674 3198 1679 3199 1680 3199 1681 3199 1679 3200 1682 3200 1680 3200 1683 3201 1678 3201 1677 3201 1683 3202 1684 3202 1678 3202 1685 3203 1682 3203 1679 3203 1686 3204 1687 3204 1684 3204 1686 3205 1684 3205 1683 3205 1688 3206 1687 3206 1686 3206 1688 3207 1657 3207 1687 3207 1689 3208 1685 3208 1679 3208 1689 3209 1679 3209 1690 3209 1691 3210 1692 3210 1693 3210 1691 3211 1694 3211 1695 3211 1691 3212 1695 3212 1692 3212 1696 3213 1689 3213 1690 3213 1696 3214 1690 3214 1697 3214 1698 3215 1693 3215 1692 3215 1698 3216 1692 3216 1668 3216 1699 3217 1696 3217 1697 3217 1700 3218 1691 3218 1701 3218 1700 3219 1694 3219 1691 3219 1700 3220 1701 3220 1702 3220 1700 3221 1702 3221 1703 3221 1704 3222 1705 3222 1706 3222 1704 3223 1688 3223 1705 3223 1704 3224 1706 3224 1707 3224 1708 3225 1709 3225 1699 3225 1708 3226 1699 3226 1697 3226 1708 3227 1697 3227 1710 3227 1711 3228 1712 3228 1713 3228 1714 3229 1657 3229 1688 3229 1714 3230 1688 3230 1704 3230 1715 3231 1709 3231 1708 3231 1716 3232 1700 3232 1703 3232 1717 3233 1657 3233 1714 3233 1717 3234 1646 3234 1657 3234 1718 3235 1715 3235 1708 3235 1719 3236 1708 3236 1700 3236 1720 3237 1700 3237 1716 3237 1721 3238 1719 3238 1700 3238 1722 3239 1718 3239 1708 3239 1723 3240 1708 3240 1719 3240 1724 3241 1700 3241 1720 3241 1724 3242 1721 3242 1700 3242 1725 3243 1708 3243 1723 3243 1725 3244 1722 3244 1708 3244 1726 3245 1727 3245 1728 3245 1726 3246 1729 3246 1727 3246 1726 3247 1730 3247 1698 3247 1726 3248 1731 3248 1730 3248 1726 3249 1732 3249 1731 3249 1726 3250 1728 3250 1732 3250 1726 3251 1698 3251 1668 3251 1733 3252 1734 3252 1735 3252 1736 3253 1737 3253 1738 3253 1739 3254 1736 3254 1738 3254 1740 3255 1739 3255 1738 3255 1741 3256 1740 3256 1738 3256 1742 3257 1737 3257 1736 3257 1743 3258 1737 3258 1742 3258 1743 3259 1744 3259 1737 3259 1743 3260 1745 3260 1744 3260 1746 3261 1747 3261 1748 3261 1746 3262 1748 3262 1749 3262 1750 3263 1751 3263 1752 3263 1753 3264 1754 3264 1755 3264 1756 3265 1754 3265 1753 3265 1757 3266 1756 3266 1753 3266 1757 3267 1758 3267 1756 3267 1759 3268 1743 3268 1742 3268 1759 3269 1750 3269 1743 3269 1760 3270 1759 3270 1742 3270 1761 3271 1750 3271 1759 3271 1762 3272 1751 3272 1750 3272 1762 3273 1750 3273 1761 3273 1763 3274 1764 3274 1765 3274 1766 3275 1763 3275 1765 3275 1767 3276 1765 3276 1764 3276 1768 3277 1747 3277 1746 3277 1768 3278 1769 3278 1747 3278 1768 3279 1746 3279 1770 3279 1771 3280 1759 3280 1760 3280 1772 3281 1760 3281 1773 3281 1774 3282 1771 3282 1760 3282 1775 3283 1726 3283 1668 3283 1775 3284 1741 3284 1738 3284 1775 3285 1766 3285 1765 3285 1775 3286 1753 3286 1755 3286 1775 3287 1776 3287 1777 3287 1775 3288 1778 3288 1766 3288 1775 3289 1777 3289 1778 3289 1775 3290 1765 3290 1753 3290 1775 3291 1755 3291 1779 3291 1775 3292 1738 3292 1726 3292 1775 3293 1779 3293 1741 3293 1780 3294 1760 3294 1772 3294 1780 3295 1774 3295 1760 3295 1781 3296 1775 3296 1668 3296 1782 3297 1781 3297 1668 3297 1782 3298 1668 3298 1644 3298 1783 3299 1782 3299 1644 3299 1784 3300 1762 3300 1761 3300 1784 3301 1770 3301 1762 3301 1785 3302 1783 3302 1644 3302 1786 3303 1776 3303 1775 3303 1786 3304 1787 3304 1776 3304 1788 3305 1787 3305 1786 3305 1789 3306 1788 3306 1786 3306 1790 3307 1767 3307 1791 3307 1790 3308 1792 3308 1767 3308 1793 3309 1792 3309 1790 3309 1794 3310 1791 3310 1767 3310 1795 3311 1792 3311 1793 3311 1796 3312 1794 3312 1767 3312 1797 3313 1792 3313 1795 3313 1798 3314 1767 3314 1799 3314 1798 3315 1796 3315 1767 3315 1800 3316 1789 3316 1786 3316 1801 3317 1792 3317 1797 3317 1802 3318 1798 3318 1799 3318 1803 3319 1804 3319 1805 3319 1806 3320 1799 3320 1807 3320 1806 3321 1802 3321 1799 3321 1808 3322 1806 3322 1807 3322 1809 3323 1800 3323 1786 3323 1810 3324 1807 3324 1804 3324 1810 3325 1804 3325 1803 3325 1810 3326 1808 3326 1807 3326 1811 3327 1786 3327 1812 3327 1811 3328 1809 3328 1786 3328 1813 3329 1814 3329 1815 3329 1816 3330 1768 3330 1770 3330 1817 3331 1818 3331 1813 3331 1817 3332 1819 3332 1818 3332 1820 3333 1815 3333 1821 3333 1820 3334 1817 3334 1813 3334 1820 3335 1813 3335 1815 3335 1822 3336 1809 3336 1811 3336 1822 3337 1823 3337 1809 3337 1824 3338 1825 3338 1826 3338 1824 3339 1821 3339 1825 3339 1824 3340 1820 3340 1821 3340 1827 3341 1828 3341 1816 3341 1829 3342 1828 3342 1827 3342 1830 3343 1824 3343 1826 3343 1830 3344 1831 3344 1832 3344 1830 3345 1833 3345 1831 3345 1830 3346 1834 3346 1833 3346 1830 3347 1826 3347 1834 3347 1830 3348 1832 3348 1835 3348 1836 3349 1828 3349 1829 3349 1837 3350 1838 3350 1839 3350 1837 3351 1839 3351 1840 3351 1841 3352 1842 3352 1828 3352 1841 3353 1828 3353 1836 3353 1843 3354 1844 3354 1734 3354 1843 3355 1845 3355 1844 3355 1843 3356 1846 3356 1845 3356 1843 3357 1733 3357 1769 3357 1843 3358 1734 3358 1733 3358 1843 3359 1769 3359 1768 3359 1843 3360 1847 3360 1846 3360 1843 3361 1848 3361 1847 3361 1849 3362 1827 3362 1816 3362 1849 3363 1784 3363 1850 3363 1849 3364 1816 3364 1770 3364 1849 3365 1770 3365 1784 3365 1851 3366 1852 3366 1853 3366 1854 3367 1842 3367 1841 3367 1855 3368 1856 3368 1857 3368 1855 3369 1857 3369 1830 3369 1858 3370 1852 3370 1851 3370 1859 3371 1848 3371 1843 3371 1859 3372 1842 3372 1854 3372 1860 3373 1852 3373 1858 3373 1861 3374 1862 3374 1785 3374 1863 3375 1852 3375 1860 3375 1864 3376 1863 3376 1860 3376 1865 3377 1863 3377 1864 3377 1866 3378 1849 3378 1850 3378 1867 3379 1863 3379 1865 3379 1868 3380 1869 3380 1866 3380 1868 3381 1850 3381 1856 3381 1868 3382 1866 3382 1850 3382 1870 3383 1859 3383 1854 3383 1871 3384 1872 3384 1838 3384 1871 3385 1838 3385 1837 3385 1873 3386 1861 3386 1785 3386 1874 3387 1873 3387 1785 3387 1874 3388 1875 3388 1873 3388 1876 3389 1877 3389 1863 3389 1876 3390 1863 3390 1867 3390 1878 3391 1855 3391 1872 3391 1878 3392 1856 3392 1855 3392 1878 3393 1868 3393 1856 3393 1879 3394 1859 3394 1870 3394 1879 3395 1848 3395 1859 3395 1880 3396 1881 3396 1882 3396 1880 3397 1875 3397 1874 3397 1880 3398 1882 3398 1875 3398 1883 3399 1876 3399 1867 3399 1883 3400 1867 3400 1869 3400 1884 3401 1871 3401 1885 3401 1886 3402 1874 3402 1785 3402 1887 3403 1888 3403 1889 3403 1890 3404 1871 3404 1884 3404 1890 3405 1878 3405 1872 3405 1890 3406 1872 3406 1871 3406 1890 3407 1891 3407 1878 3407 1892 3408 1891 3408 1890 3408 1892 3409 1893 3409 1891 3409 1892 3410 1894 3410 1893 3410 1895 3411 1896 3411 1897 3411 1895 3412 1898 3412 1896 3412 1895 3413 1899 3413 1898 3413 1895 3414 1897 3414 1883 3414 1900 3415 1890 3415 1884 3415 1901 3416 1902 3416 1903 3416 1904 3417 1888 3417 1887 3417 1905 3418 1900 3418 1884 3418 1906 3419 1905 3419 1884 3419 1907 3420 1908 3420 1886 3420 1907 3421 1909 3421 1908 3421 1907 3422 1910 3422 1909 3422 1907 3423 1911 3423 1910 3423 1907 3424 1886 3424 1785 3424 1912 3425 1911 3425 1907 3425 1913 3426 1914 3426 1904 3426 1913 3427 1904 3427 1887 3427 1915 3428 1902 3428 1901 3428 1916 3429 1907 3429 1785 3429 1917 3430 1912 3430 1907 3430 1918 3431 1899 3431 1895 3431 1918 3432 1879 3432 1899 3432 1919 3433 1920 3433 1906 3433 1919 3434 1921 3434 1920 3434 1919 3435 1906 3435 1884 3435 1919 3436 1884 3436 1914 3436 1922 3437 1921 3437 1919 3437 1923 3438 1879 3438 1918 3438 1923 3439 1918 3439 1915 3439 1923 3440 1915 3440 1901 3440 1924 3441 1914 3441 1913 3441 1924 3442 1919 3442 1914 3442 1925 3443 1922 3443 1919 3443 1926 3444 1916 3444 1785 3444 1927 3445 1785 3445 1644 3445 1927 3446 1644 3446 1676 3446 1927 3447 1926 3447 1785 3447 1928 3448 1916 3448 1926 3448 1928 3449 1929 3449 1916 3449 1930 3450 1924 3450 1913 3450 1930 3451 1913 3451 1931 3451 1932 3452 1931 3452 1933 3452 1932 3453 1930 3453 1931 3453 1934 3454 1924 3454 1930 3454 1934 3455 1935 3455 1924 3455 1936 3456 1933 3456 1937 3456 1936 3457 1932 3457 1933 3457 1938 3458 1932 3458 1936 3458 1939 3459 1940 3459 1941 3459 1939 3460 1941 3460 1942 3460 1943 3461 1932 3461 1938 3461 1944 3462 1927 3462 1676 3462 1945 3463 1676 3463 1712 3463 1945 3464 1944 3464 1676 3464 1946 3465 1945 3465 1947 3465 1946 3466 1944 3466 1945 3466 1948 3467 1943 3467 1938 3467 1948 3468 1927 3468 1944 3468 1948 3469 1938 3469 1927 3469 1711 3470 1945 3470 1712 3470 1948 3471 1646 3471 1848 3471 1848 3472 1646 3472 1949 3472 1949 3473 1646 3473 1717 3473 1948 3474 1848 3474 1879 3474 1948 3475 1879 3475 1923 3475 1948 3476 1923 3476 1940 3476 1948 3477 1940 3477 1939 3477 1948 3478 1939 3478 1943 3478 1868 3479 1895 3479 1883 3479 1868 3480 1883 3480 1869 3480 1919 3481 1939 3481 1925 3481 1925 3482 1939 3482 1950 3482 1950 3483 1939 3483 1942 3483 1726 3484 1746 3484 1749 3484 1726 3485 1749 3485 1729 3485 1874 3486 1913 3486 1887 3486 1874 3487 1887 3487 1880 3487 1907 3488 1936 3488 1917 3488 1917 3489 1936 3489 1951 3489 1951 3490 1936 3490 1937 3490 1861 3491 1884 3491 1885 3491 1861 3492 1885 3492 1862 3492 1822 3493 1855 3493 1830 3493 1822 3494 1830 3494 1835 3494 1822 3495 1835 3495 1952 3495 1822 3496 1952 3496 1953 3496 1822 3497 1953 3497 1954 3497 1822 3498 1954 3498 1823 3498 1784 3499 1792 3499 1850 3499 1850 3500 1792 3500 1801 3500 1792 3501 1765 3501 1767 3501 1890 3502 1923 3502 1901 3502 1890 3503 1901 3503 1892 3503 1955 3504 1956 3504 1957 3504 1958 3505 1956 3505 1955 3505 1959 3506 1960 3506 1961 3506 1962 3507 1960 3507 1959 3507 1963 3508 1964 3508 1581 3508 1581 3509 1964 3509 1582 3509 1965 3510 1966 3510 1617 3510 1617 3511 1966 3511 1618 3511 1967 3512 1643 3512 1639 3512 1967 3513 1639 3513 1968 3513 1641 3514 1640 3514 1969 3514 1970 3515 1641 3515 1969 3515 1971 3516 1713 3516 1972 3516 1971 3517 1711 3517 1713 3517 1973 3518 1974 3518 1975 3518 1975 3519 1974 3519 1976 3519 1977 3520 1978 3520 1979 3520 1979 3521 1980 3521 1977 3521 1977 3522 1981 3522 1978 3522 1980 3523 1982 3523 1977 3523 1983 3524 1984 3524 1985 3524 1984 3525 1986 3525 1987 3525 1983 3526 1986 3526 1984 3526 1977 3527 1988 3527 1989 3527 1982 3528 1988 3528 1977 3528 1988 3529 1990 3529 1989 3529 1991 3530 1992 3530 1993 3530 1991 3531 1994 3531 1992 3531 1995 3532 1996 3532 1990 3532 1996 3533 1997 3533 1990 3533 1990 3534 1997 3534 1989 3534 1998 3535 1999 3535 1995 3535 1995 3536 1999 3536 1996 3536 1987 3537 2000 3537 1991 3537 1986 3538 2000 3538 1987 3538 1991 3539 2000 3539 1994 3539 2001 3540 2002 3540 1998 3540 1998 3541 2002 3541 1999 3541 2001 3542 2003 3542 2002 3542 1997 3543 2004 3543 1989 3543 2005 3544 2006 3544 1986 3544 1986 3545 2006 3545 2000 3545 2007 3546 2008 3546 2009 3546 2008 3547 2010 3547 2009 3547 2005 3548 2010 3548 2006 3548 2006 3549 2010 3549 2011 3549 2009 3550 2010 3550 2005 3550 2007 3551 2012 3551 2008 3551 2007 3552 2013 3552 2012 3552 2010 3553 1973 3553 2011 3553 2013 3554 2014 3554 2015 3554 2015 3555 2014 3555 2016 3555 2007 3556 2014 3556 2013 3556 1977 3557 2007 3557 1981 3557 1981 3558 2007 3558 2009 3558 1973 3559 1975 3559 2011 3559 2001 3560 2011 3560 1975 3560 2001 3561 1975 3561 2003 3561 2017 3562 2018 3562 2019 3562 2020 3563 2019 3563 2018 3563 2021 3564 2018 3564 2017 3564 2022 3565 2020 3565 2018 3565 2023 3566 2024 3566 2025 3566 2023 3567 2025 3567 2026 3567 2023 3568 2026 3568 2027 3568 2028 3569 2018 3569 2029 3569 2028 3570 2022 3570 2018 3570 2030 3571 2028 3571 2029 3571 2031 3572 2032 3572 2033 3572 2034 3573 2032 3573 2031 3573 2035 3574 2036 3574 2030 3574 2037 3575 2038 3575 2036 3575 2037 3576 2036 3576 2035 3576 2039 3577 2035 3577 2030 3577 2039 3578 2030 3578 2029 3578 2040 3579 2027 3579 2032 3579 2040 3580 2023 3580 2027 3580 2040 3581 2032 3581 2034 3581 2041 3582 2042 3582 2038 3582 2041 3583 2038 3583 2037 3583 2043 3584 2042 3584 2041 3584 2044 3585 2039 3585 2029 3585 2045 3586 2046 3586 2023 3586 2045 3587 2023 3587 2040 3587 2047 3588 2048 3588 2049 3588 2050 3589 2048 3589 2047 3589 2051 3590 2046 3590 2045 3590 2051 3591 2047 3591 2049 3591 2051 3592 2049 3592 2046 3592 2051 3593 2045 3593 2052 3593 2053 3594 2048 3594 2050 3594 1974 3595 2051 3595 2052 3595 2054 3596 2053 3596 2055 3596 2054 3597 2055 3597 2056 3597 2054 3598 2048 3598 2053 3598 1976 3599 1974 3599 2052 3599 2048 3600 2018 3600 2049 3600 2049 3601 2018 3601 2021 3601 2052 3602 2042 3602 1976 3602 1976 3603 2042 3603 2043 3603 2048 3604 2054 3604 2007 3604 2007 3605 2054 3605 2014 3605 2029 3606 1977 3606 1989 3606 2029 3607 2018 3607 1977 3607 2057 3608 2058 3608 2059 3608 2059 3609 2058 3609 2060 3609 2061 3610 2062 3610 2063 3610 2064 3611 2062 3611 2061 3611 2065 3612 1621 3612 2064 3612 1621 3613 1622 3613 2064 3613 1626 3614 2062 3614 1624 3614 1624 3615 2062 3615 1622 3615 1622 3616 2062 3616 2064 3616 2060 3617 2058 3617 1628 3617 1628 3618 2066 3618 1626 3618 2058 3619 2066 3619 1628 3619 1626 3620 2066 3620 2062 3620 1619 3621 2067 3621 2061 3621 1620 3622 1619 3622 2061 3622 2063 3623 1625 3623 1623 3623 2063 3624 1623 3624 1620 3624 2063 3625 1620 3625 2061 3625 2057 3626 2059 3626 1627 3626 2068 3627 1627 3627 1625 3627 2068 3628 2057 3628 1627 3628 2068 3629 1625 3629 2063 3629 2069 3630 2070 3630 2071 3630 2071 3631 2070 3631 2072 3631 2073 3632 1631 3632 2074 3632 2074 3633 1632 3633 2075 3633 1631 3634 1632 3634 2074 3634 1632 3635 1634 3635 2075 3635 2076 3636 2072 3636 1638 3636 1638 3637 2072 3637 1636 3637 1636 3638 2070 3638 1634 3638 2072 3639 2070 3639 1636 3639 1634 3640 2070 3640 2075 3640 1629 3641 2077 3641 2078 3641 1630 3642 2078 3642 2079 3642 1630 3643 1629 3643 2078 3643 1633 3644 1630 3644 2079 3644 2071 3645 2080 3645 1637 3645 2071 3646 1637 3646 1635 3646 2069 3647 1635 3647 1633 3647 2069 3648 2071 3648 1635 3648 2069 3649 1633 3649 2079 3649 2077 3650 2073 3650 2078 3650 2078 3651 2073 3651 2074 3651 1946 3652 2081 3652 2082 3652 1946 3653 2082 3653 2083 3653 1944 3654 1946 3654 2083 3654 1946 3655 2084 3655 2081 3655 1947 3656 2085 3656 2086 3656 2087 3657 1947 3657 2086 3657 2088 3658 1947 3658 2087 3658 1947 3659 1945 3659 2085 3659 1969 3660 1968 3660 1970 3660 1968 3661 2089 3661 1967 3661 1969 3662 2089 3662 1968 3662 1967 3663 2090 3663 2091 3663 2089 3664 2090 3664 1967 3664 2089 3665 2092 3665 2093 3665 2094 3666 2092 3666 2095 3666 2093 3667 2092 3667 2094 3667 1969 3668 2092 3668 2089 3668 2092 3669 2096 3669 2095 3669 2092 3670 2097 3670 2096 3670 2092 3671 2098 3671 2097 3671 2092 3672 2099 3672 2098 3672 2092 3673 2100 3673 2099 3673 2092 3674 2101 3674 2100 3674 2092 3675 2102 3675 2101 3675 2092 3676 2103 3676 2102 3676 2090 3677 2104 3677 2091 3677 2090 3678 2105 3678 2104 3678 2106 3679 1971 3679 1972 3679 2107 3680 2108 3680 2090 3680 2090 3681 2108 3681 2105 3681 2105 3682 2109 3682 2106 3682 2108 3683 2109 3683 2105 3683 2109 3684 2084 3684 2088 3684 2108 3685 2084 3685 2109 3685 2110 3686 2111 3686 2107 3686 2112 3687 2111 3687 2110 3687 2113 3688 2111 3688 2112 3688 2114 3689 2111 3689 2113 3689 2115 3690 2111 3690 2114 3690 2107 3691 2111 3691 2108 3691 2109 3692 1971 3692 2106 3692 2092 3693 2111 3693 2103 3693 2103 3694 2111 3694 2116 3694 2116 3695 2111 3695 2115 3695 1948 3696 2111 3696 2092 3696 1948 3697 2092 3697 1646 3697 2084 3698 1947 3698 2088 3698 1946 3699 1947 3699 2084 3699 2117 3700 2118 3700 2119 3700 2120 3701 2119 3701 2121 3701 2120 3702 2117 3702 2119 3702 1969 3703 1640 3703 2118 3703 1969 3704 2118 3704 2117 3704 2018 3705 2121 3705 1977 3705 2018 3706 2120 3706 2121 3706 2122 3707 2123 3707 2124 3707 2125 3708 2126 3708 2122 3708 2122 3709 2126 3709 2123 3709 1646 3710 2092 3710 2125 3710 2125 3711 2092 3711 2126 3711 2124 3712 2048 3712 2007 3712 2123 3713 2048 3713 2124 3713 2007 3714 1977 3714 2121 3714 2124 3715 2121 3715 2119 3715 2124 3716 2007 3716 2121 3716 2122 3717 2119 3717 2118 3717 2122 3718 2124 3718 2119 3718 2125 3719 2118 3719 1640 3719 2125 3720 2122 3720 2118 3720 1646 3721 2125 3721 1640 3721 2018 3722 2048 3722 2120 3722 2120 3723 2123 3723 2117 3723 2048 3724 2123 3724 2120 3724 2117 3725 2126 3725 1969 3725 2123 3726 2126 3726 2117 3726 2126 3727 2092 3727 1969 3727 2127 3728 2066 3728 2068 3728 2128 3729 2127 3729 2068 3729 2088 3730 2129 3730 2130 3730 2088 3731 2068 3731 2129 3731 2088 3732 2128 3732 2068 3732 2109 3733 2088 3733 2130 3733 2062 3734 2131 3734 2063 3734 2063 3735 2131 3735 2132 3735 1971 3736 2133 3736 1711 3736 2134 3737 2133 3737 1971 3737 2132 3738 2135 3738 2134 3738 2131 3739 2135 3739 2132 3739 2134 3740 2135 3740 2133 3740 2062 3741 2128 3741 2088 3741 2062 3742 2127 3742 2128 3742 2062 3743 2066 3743 2127 3743 2131 3744 2088 3744 2087 3744 2131 3745 2062 3745 2088 3745 2135 3746 2087 3746 2086 3746 2135 3747 2131 3747 2087 3747 2133 3748 2086 3748 2085 3748 2133 3749 2135 3749 2086 3749 1711 3750 2085 3750 1945 3750 1711 3751 2133 3751 2085 3751 2063 3752 2132 3752 2068 3752 2068 3753 2132 3753 2129 3753 2129 3754 2134 3754 2130 3754 2132 3755 2134 3755 2129 3755 2130 3756 1971 3756 2109 3756 2134 3757 1971 3757 2130 3757 2068 3758 2058 3758 2057 3758 2066 3759 2058 3759 2068 3759 2136 3760 2070 3760 2069 3760 2136 3761 2069 3761 2137 3761 2138 3762 2139 3762 2111 3762 2138 3763 2111 3763 1948 3763 2140 3764 2137 3764 2139 3764 2140 3765 2136 3765 2137 3765 2140 3766 2139 3766 2138 3766 2075 3767 2141 3767 2079 3767 2141 3768 2142 3768 2079 3768 2079 3769 2084 3769 2143 3769 2143 3770 2084 3770 2144 3770 2142 3771 2084 3771 2079 3771 2084 3772 2108 3772 2144 3772 2141 3773 2075 3773 2070 3773 2142 3774 2141 3774 2070 3774 2084 3775 2070 3775 2136 3775 2084 3776 2142 3776 2070 3776 2081 3777 2136 3777 2140 3777 2081 3778 2084 3778 2136 3778 2082 3779 2140 3779 2138 3779 2082 3780 2081 3780 2140 3780 2083 3781 2138 3781 1948 3781 2083 3782 2082 3782 2138 3782 1944 3783 2083 3783 1948 3783 2079 3784 2143 3784 2069 3784 2069 3785 2143 3785 2137 3785 2137 3786 2144 3786 2139 3786 2143 3787 2144 3787 2137 3787 2139 3788 2108 3788 2111 3788 2144 3789 2108 3789 2139 3789 2075 3790 2079 3790 2074 3790 2074 3791 2079 3791 2078 3791 2076 3792 1637 3792 2080 3792 1638 3793 1637 3793 2076 3793 1629 3794 1631 3794 2073 3794 1629 3795 2073 3795 2077 3795 2060 3796 1627 3796 2059 3796 2060 3797 1628 3797 1627 3797 2065 3798 2067 3798 1619 3798 1621 3799 2065 3799 1619 3799 2003 3800 1975 3800 1976 3800 2043 3801 2003 3801 1976 3801 1997 3802 2039 3802 2044 3802 1997 3803 2044 3803 2004 3803 2003 3804 2041 3804 2002 3804 2043 3805 2041 3805 2003 3805 2002 3806 2037 3806 1999 3806 2041 3807 2037 3807 2002 3807 1999 3808 2035 3808 1996 3808 2037 3809 2035 3809 1999 3809 1996 3810 2039 3810 1997 3810 2035 3811 2039 3811 1996 3811 2051 3812 1974 3812 1973 3812 2010 3813 2051 3813 1973 3813 2015 3814 2053 3814 2013 3814 2055 3815 2053 3815 2015 3815 2013 3816 2050 3816 2012 3816 2053 3817 2050 3817 2013 3817 2012 3818 2047 3818 2008 3818 2050 3819 2047 3819 2012 3819 2008 3820 2051 3820 2010 3820 2047 3821 2051 3821 2008 3821 2015 3822 2016 3822 2056 3822 2055 3823 2015 3823 2056 3823 2076 3824 2080 3824 2145 3824 2146 3825 2076 3825 2145 3825 2147 3826 2146 3826 2145 3826 2148 3827 2146 3827 2147 3827 2149 3828 2150 3828 2148 3828 2149 3829 2148 3829 2147 3829 2151 3830 2150 3830 2149 3830 2071 3831 2072 3831 2152 3831 2072 3832 2153 3832 2152 3832 2153 3833 2154 3833 2152 3833 2153 3834 2155 3834 2154 3834 2156 3835 2157 3835 2155 3835 2155 3836 2157 3836 2154 3836 2156 3837 2158 3837 2157 3837 2158 3838 2151 3838 2149 3838 2157 3839 2149 3839 2147 3839 2157 3840 2158 3840 2149 3840 2154 3841 2157 3841 2147 3841 2152 3842 2145 3842 2080 3842 2152 3843 2147 3843 2145 3843 2152 3844 2154 3844 2147 3844 2071 3845 2152 3845 2080 3845 2156 3846 2155 3846 2150 3846 2150 3847 2155 3847 2148 3847 2148 3848 2153 3848 2146 3848 2155 3849 2153 3849 2148 3849 2146 3850 2072 3850 2076 3850 2153 3851 2072 3851 2146 3851 1955 3852 1957 3852 2151 3852 2151 3853 1957 3853 2150 3853 2159 3854 2160 3854 2156 3854 2156 3855 2160 3855 2158 3855 2151 3856 2161 3856 1955 3856 1955 3857 2161 3857 1958 3857 2151 3858 2162 3858 2161 3858 2151 3859 2163 3859 2162 3859 2151 3860 2164 3860 2163 3860 2151 3861 2165 3861 2164 3861 2151 3862 2166 3862 2165 3862 2151 3863 2167 3863 2166 3863 2151 3864 2168 3864 2167 3864 2169 3865 2158 3865 2170 3865 2171 3866 2158 3866 2169 3866 2172 3867 2158 3867 2171 3867 2173 3868 2158 3868 2172 3868 2174 3869 2158 3869 2173 3869 2175 3870 2158 3870 2174 3870 2158 3871 2176 3871 2170 3871 2176 3872 2160 3872 2177 3872 2158 3873 2160 3873 2176 3873 2151 3874 2158 3874 2168 3874 2168 3875 2158 3875 2175 3875 2178 3876 2150 3876 1957 3876 2178 3877 1957 3877 1956 3877 2179 3878 2150 3878 2178 3878 2180 3879 2150 3879 2179 3879 2181 3880 2150 3880 2180 3880 2182 3881 2150 3881 2181 3881 2183 3882 2150 3882 2182 3882 2184 3883 2150 3883 2183 3883 2185 3884 2150 3884 2184 3884 2156 3885 2186 3885 2187 3885 2156 3886 2188 3886 2186 3886 2156 3887 2189 3887 2188 3887 2156 3888 2190 3888 2189 3888 2156 3889 2191 3889 2190 3889 2156 3890 2192 3890 2191 3890 2193 3891 2156 3891 2187 3891 2159 3892 2193 3892 2194 3892 2159 3893 2156 3893 2193 3893 2156 3894 2150 3894 2185 3894 2156 3895 2185 3895 2192 3895 2160 3896 2159 3896 2177 3896 2177 3897 2159 3897 2194 3897 2064 3898 2061 3898 2195 3898 2196 3899 2064 3899 2195 3899 2197 3900 2196 3900 2195 3900 2198 3901 2196 3901 2197 3901 2199 3902 2200 3902 2198 3902 2199 3903 2198 3903 2197 3903 2201 3904 2200 3904 2199 3904 2067 3905 2065 3905 2202 3905 2065 3906 2203 3906 2202 3906 2203 3907 2204 3907 2202 3907 2203 3908 2205 3908 2204 3908 2206 3909 2207 3909 2205 3909 2205 3910 2207 3910 2204 3910 2206 3911 2208 3911 2207 3911 2208 3912 2201 3912 2199 3912 2207 3913 2199 3913 2197 3913 2207 3914 2208 3914 2199 3914 2204 3915 2197 3915 2195 3915 2204 3916 2207 3916 2197 3916 2202 3917 2195 3917 2061 3917 2202 3918 2204 3918 2195 3918 2067 3919 2202 3919 2061 3919 2206 3920 2205 3920 2200 3920 2200 3921 2205 3921 2198 3921 2198 3922 2203 3922 2196 3922 2205 3923 2203 3923 2198 3923 2196 3924 2065 3924 2064 3924 2203 3925 2065 3925 2196 3925 1961 3926 2200 3926 1959 3926 1959 3927 2200 3927 2201 3927 2208 3928 2209 3928 2210 3928 2206 3929 2209 3929 2208 3929 2201 3930 2211 3930 1959 3930 1959 3931 2211 3931 1962 3931 2201 3932 2212 3932 2211 3932 2201 3933 2213 3933 2212 3933 2201 3934 2214 3934 2213 3934 2201 3935 2215 3935 2214 3935 2201 3936 2216 3936 2215 3936 2201 3937 2217 3937 2216 3937 2201 3938 2218 3938 2217 3938 2219 3939 2208 3939 2220 3939 2221 3940 2208 3940 2219 3940 2222 3941 2208 3941 2221 3941 2223 3942 2208 3942 2222 3942 2224 3943 2208 3943 2223 3943 2225 3944 2208 3944 2224 3944 2208 3945 2226 3945 2220 3945 2226 3946 2210 3946 2227 3946 2208 3947 2210 3947 2226 3947 2201 3948 2208 3948 2225 3948 2201 3949 2225 3949 2218 3949 2228 3950 2200 3950 1961 3950 2228 3951 1961 3951 1960 3951 2229 3952 2200 3952 2228 3952 2230 3953 2200 3953 2229 3953 2231 3954 2200 3954 2230 3954 2232 3955 2200 3955 2231 3955 2233 3956 2200 3956 2232 3956 2234 3957 2200 3957 2233 3957 2235 3958 2200 3958 2234 3958 2206 3959 2236 3959 2237 3959 2206 3960 2238 3960 2236 3960 2206 3961 2239 3961 2238 3961 2206 3962 2240 3962 2239 3962 2206 3963 2241 3963 2240 3963 2206 3964 2242 3964 2241 3964 2243 3965 2206 3965 2237 3965 2209 3966 2243 3966 2244 3966 2209 3967 2206 3967 2243 3967 2206 3968 2200 3968 2242 3968 2242 3969 2200 3969 2235 3969 2210 3970 2209 3970 2227 3970 2227 3971 2209 3971 2244 3971 2245 3972 2246 3972 2247 3972 2248 3973 2246 3973 2245 3973 2249 3974 2246 3974 2248 3974 2250 3975 2249 3975 2248 3975 2251 3976 2250 3976 2004 3976 2251 3977 2249 3977 2250 3977 2044 3978 2251 3978 2004 3978 2252 3979 2253 3979 2254 3979 2252 3980 2255 3980 2253 3980 2252 3981 2256 3981 2255 3981 2256 3982 2257 3982 2255 3982 2257 3983 2258 3983 1989 3983 2256 3984 2258 3984 2257 3984 2258 3985 2029 3985 1989 3985 2254 3986 2247 3986 2246 3986 2252 3987 2246 3987 2249 3987 2252 3988 2254 3988 2246 3988 2256 3989 2249 3989 2251 3989 2256 3990 2252 3990 2249 3990 2258 3991 2251 3991 2044 3991 2258 3992 2256 3992 2251 3992 2029 3993 2258 3993 2044 3993 2253 3994 2255 3994 2245 3994 2248 3995 2255 3995 2250 3995 2245 3996 2255 3996 2248 3996 2250 3997 2257 3997 2004 3997 2255 3998 2257 3998 2250 3998 2257 3999 1989 3999 2004 3999 1963 4000 2245 4000 1964 4000 1964 4001 2245 4001 2247 4001 2254 4002 2259 4002 2260 4002 2253 4003 2259 4003 2254 4003 1964 4004 1580 4004 1582 4004 1964 4005 2247 4005 1580 4005 2247 4006 1577 4006 1580 4006 2247 4007 1576 4007 1577 4007 2247 4008 1574 4008 1576 4008 2247 4009 1571 4009 1574 4009 2247 4010 1569 4010 1571 4010 2247 4011 1567 4011 1569 4011 1550 4012 2260 4012 1549 4012 1552 4013 2254 4013 1550 4013 1553 4014 2254 4014 1552 4014 1555 4015 2254 4015 1553 4015 1558 4016 2254 4016 1555 4016 1559 4017 2254 4017 1558 4017 1561 4018 2254 4018 1559 4018 1550 4019 2254 4019 2260 4019 2247 4020 2254 4020 1566 4020 2247 4021 1566 4021 1567 4021 1566 4022 2254 4022 1564 4022 1564 4023 2254 4023 1561 4023 1579 4024 1963 4024 1581 4024 2245 4025 1963 4025 1579 4025 1578 4026 2245 4026 1579 4026 1575 4027 2245 4027 1578 4027 1573 4028 2245 4028 1575 4028 1572 4029 2245 4029 1573 4029 1570 4030 2245 4030 1572 4030 1568 4031 2245 4031 1570 4031 2259 4032 1548 4032 1547 4032 2253 4033 1551 4033 1548 4033 2253 4034 1554 4034 1551 4034 2253 4035 1556 4035 1554 4035 2253 4036 1557 4036 1556 4036 2253 4037 1560 4037 1557 4037 2253 4038 1562 4038 1560 4038 2253 4039 1548 4039 2259 4039 2253 4040 2245 4040 1565 4040 1565 4041 2245 4041 1568 4041 2253 4042 1565 4042 1563 4042 2253 4043 1563 4043 1562 4043 2259 4044 1549 4044 2260 4044 1547 4045 1549 4045 2259 4045 2261 4046 2262 4046 2263 4046 2264 4047 2262 4047 2261 4047 2265 4048 2262 4048 2264 4048 2266 4049 2265 4049 2264 4049 2267 4050 2266 4050 2014 4050 2267 4051 2265 4051 2266 4051 2054 4052 2267 4052 2014 4052 2268 4053 2269 4053 2270 4053 2268 4054 2271 4054 2269 4054 2268 4055 2272 4055 2271 4055 2272 4056 2273 4056 2271 4056 2273 4057 2274 4057 2016 4057 2272 4058 2274 4058 2273 4058 2274 4059 2056 4059 2016 4059 2270 4060 2263 4060 2262 4060 2268 4061 2262 4061 2265 4061 2268 4062 2270 4062 2262 4062 2272 4063 2265 4063 2267 4063 2272 4064 2268 4064 2265 4064 2274 4065 2267 4065 2054 4065 2274 4066 2272 4066 2267 4066 2056 4067 2274 4067 2054 4067 2269 4068 2271 4068 2261 4068 2261 4069 2271 4069 2264 4069 2266 4070 2273 4070 2014 4070 2264 4071 2273 4071 2266 4071 2271 4072 2273 4072 2264 4072 2273 4073 2016 4073 2014 4073 1965 4074 2261 4074 1966 4074 1966 4075 2261 4075 2263 4075 2270 4076 2275 4076 2276 4076 2269 4077 2275 4077 2270 4077 1966 4078 1616 4078 1618 4078 1966 4079 2263 4079 1616 4079 2263 4080 1614 4080 1616 4080 2263 4081 1612 4081 1614 4081 2263 4082 1610 4082 1612 4082 2263 4083 1608 4083 1610 4083 2263 4084 1606 4084 1608 4084 2263 4085 1604 4085 1606 4085 1585 4086 2276 4086 1583 4086 1587 4087 2270 4087 1585 4087 1589 4088 2270 4088 1587 4088 1591 4089 2270 4089 1589 4089 1593 4090 2270 4090 1591 4090 1595 4091 2270 4091 1593 4091 1597 4092 2270 4092 1595 4092 1585 4093 2270 4093 2276 4093 2263 4094 2270 4094 1602 4094 2263 4095 1602 4095 1604 4095 1602 4096 2270 4096 1600 4096 1600 4097 2270 4097 1597 4097 1615 4098 1965 4098 1617 4098 2261 4099 1965 4099 1615 4099 1613 4100 2261 4100 1615 4100 1611 4101 2261 4101 1613 4101 1609 4102 2261 4102 1611 4102 1607 4103 2261 4103 1609 4103 1605 4104 2261 4104 1607 4104 1603 4105 2261 4105 1605 4105 2275 4106 1586 4106 1584 4106 2269 4107 1588 4107 1586 4107 2269 4108 1590 4108 1588 4108 2269 4109 1592 4109 1590 4109 2269 4110 1594 4110 1592 4110 2269 4111 1596 4111 1594 4111 2269 4112 1598 4112 1596 4112 2269 4113 1586 4113 2275 4113 2269 4114 2261 4114 1601 4114 1601 4115 2261 4115 1603 4115 2269 4116 1601 4116 1599 4116 2269 4117 1599 4117 1598 4117 2275 4118 1584 4118 2276 4118 1584 4119 1583 4119 2276 4119 1981 4120 2049 4120 2021 4120 2009 4121 2049 4121 1981 4121 2022 4122 1980 4122 2020 4122 1982 4123 1980 4123 2022 4123 2020 4124 1979 4124 2019 4124 1980 4125 1979 4125 2020 4125 2019 4126 1978 4126 2017 4126 1979 4127 1978 4127 2019 4127 2017 4128 1981 4128 2021 4128 1978 4129 1981 4129 2017 4129 1988 4130 1982 4130 2028 4130 1982 4131 2022 4131 2028 4131 2042 4132 2001 4132 2038 4132 2038 4133 1998 4133 2036 4133 2001 4134 1998 4134 2038 4134 2036 4135 1995 4135 2030 4135 1998 4136 1995 4136 2036 4136 2030 4137 1990 4137 2028 4137 1995 4138 1990 4138 2030 4138 1990 4139 1988 4139 2028 4139 2052 4140 2011 4140 2042 4140 2042 4141 2011 4141 2001 4141 2052 4142 2006 4142 2011 4142 2052 4143 2045 4143 2006 4143 2000 4144 2045 4144 2040 4144 2006 4145 2045 4145 2000 4145 1994 4146 2000 4146 2040 4146 1994 4147 2040 4147 2034 4147 1992 4148 2034 4148 2031 4148 1992 4149 1994 4149 2034 4149 1993 4150 2031 4150 2033 4150 1993 4151 1992 4151 2031 4151 1991 4152 2033 4152 2032 4152 1991 4153 1993 4153 2033 4153 2027 4154 1987 4154 2032 4154 2032 4155 1987 4155 1991 4155 1987 4156 2027 4156 2026 4156 1984 4157 2026 4157 2025 4157 1984 4158 1987 4158 2026 4158 1985 4159 1984 4159 2025 4159 1983 4160 2025 4160 2024 4160 1983 4161 1985 4161 2025 4161 1986 4162 2024 4162 2023 4162 1986 4163 1983 4163 2024 4163 2046 4164 2005 4164 2023 4164 2023 4165 2005 4165 1986 4165 2049 4166 2009 4166 2046 4166 2046 4167 2009 4167 2005 4167 1644 4168 2107 4168 2090 4168 1660 4169 2107 4169 1644 4169 1642 4170 2090 4170 2089 4170 1644 4171 2090 4171 1642 4171 2093 4172 1647 4172 2089 4172 2089 4173 1647 4173 1642 4173 2101 4174 1654 4174 2100 4174 1655 4175 1654 4175 2101 4175 2100 4176 1653 4176 2099 4176 1654 4177 1653 4177 2100 4177 2099 4178 1652 4178 2098 4178 1653 4179 1652 4179 2099 4179 2098 4180 1651 4180 2097 4180 1652 4181 1651 4181 2098 4181 2097 4182 1650 4182 2096 4182 1651 4183 1650 4183 2097 4183 2096 4184 1649 4184 2095 4184 1650 4185 1649 4185 2096 4185 2095 4186 1648 4186 2094 4186 1649 4187 1648 4187 2095 4187 2094 4188 1647 4188 2093 4188 1648 4189 1647 4189 2094 4189 2102 4190 1656 4190 2101 4190 2101 4191 1656 4191 1655 4191 2107 4192 1670 4192 2110 4192 1660 4193 1670 4193 2107 4193 2110 4194 1673 4194 2112 4194 1670 4195 1673 4195 2110 4195 2112 4196 1675 4196 2113 4196 1673 4197 1675 4197 2112 4197 2113 4198 1678 4198 2114 4198 1675 4199 1678 4199 2113 4199 2114 4200 1684 4200 2115 4200 1678 4201 1684 4201 2114 4201 2115 4202 1687 4202 2116 4202 1684 4203 1687 4203 2115 4203 2116 4204 1657 4204 2103 4204 1687 4205 1657 4205 2116 4205 2103 4206 1656 4206 2102 4206 1657 4207 1656 4207 2103 4207 1972 4208 1712 4208 2106 4208 1713 4209 1712 4209 1972 4209 1639 4210 1641 4210 1968 4210 1968 4211 1641 4211 1970 4211 2106 4212 1676 4212 2105 4212 2106 4213 1712 4213 1676 4213 1645 4214 1643 4214 1967 4214 1645 4215 1967 4215 2091 4215 2105 4216 1676 4216 1671 4216 2105 4217 1671 4217 2104 4217 2277 4218 2278 4218 2279 4218 2280 4219 2281 4219 2278 4219 2280 4220 2278 4220 2277 4220 2282 4221 2281 4221 2280 4221 1645 4222 2091 4222 2281 4222 1645 4223 2281 4223 2282 4223 2283 4224 2284 4224 2285 4224 2286 4225 2287 4225 2283 4225 2283 4226 2287 4226 2284 4226 2104 4227 2288 4227 2286 4227 2286 4228 2288 4228 2287 4228 2104 4229 1671 4229 2288 4229 2283 4230 2285 4230 2279 4230 2283 4231 2279 4231 2278 4231 2286 4232 2278 4232 2281 4232 2286 4233 2283 4233 2278 4233 2104 4234 2281 4234 2091 4234 2104 4235 2286 4235 2281 4235 2284 4236 2287 4236 2277 4236 2277 4237 2287 4237 2280 4237 2280 4238 2288 4238 2282 4238 2287 4239 2288 4239 2280 4239 2282 4240 1671 4240 1645 4240 2288 4241 1671 4241 2282 4241 2289 4242 2279 4242 2290 4242 2289 4243 2277 4243 2279 4243 2284 4244 2291 4244 2285 4244 2284 4245 2292 4245 2291 4245 2279 4246 2291 4246 2290 4246 2285 4247 2291 4247 2279 4247 2292 4248 2284 4248 2277 4248 2292 4249 2277 4249 2289 4249 2291 4250 2292 4250 2290 4250 2290 4251 2292 4251 2289 4251 2227 4252 2244 4252 2226 4252 2244 4253 2243 4253 2226 4253 2226 4254 2237 4254 2220 4254 2243 4255 2237 4255 2226 4255 2220 4256 2236 4256 2219 4256 2237 4257 2236 4257 2220 4257 2219 4258 2238 4258 2221 4258 2236 4259 2238 4259 2219 4259 2221 4260 2239 4260 2222 4260 2238 4261 2239 4261 2221 4261 2222 4262 2240 4262 2223 4262 2239 4263 2240 4263 2222 4263 2223 4264 2241 4264 2224 4264 2240 4265 2241 4265 2223 4265 2224 4266 2242 4266 2225 4266 2241 4267 2242 4267 2224 4267 2225 4268 2235 4268 2218 4268 2242 4269 2235 4269 2225 4269 2218 4270 2234 4270 2217 4270 2235 4271 2234 4271 2218 4271 2217 4272 2233 4272 2216 4272 2234 4273 2233 4273 2217 4273 2216 4274 2232 4274 2215 4274 2215 4275 2232 4275 2214 4275 2233 4276 2232 4276 2216 4276 2232 4277 2231 4277 2214 4277 2214 4278 2230 4278 2213 4278 2231 4279 2230 4279 2214 4279 2213 4280 2229 4280 2212 4280 2212 4281 2229 4281 2211 4281 2230 4282 2229 4282 2213 4282 2229 4283 2228 4283 2211 4283 2228 4284 1960 4284 2211 4284 2211 4285 1960 4285 1962 4285 2194 4286 2193 4286 2177 4286 2177 4287 2193 4287 2176 4287 2176 4288 2187 4288 2170 4288 2193 4289 2187 4289 2176 4289 2170 4290 2186 4290 2169 4290 2187 4291 2186 4291 2170 4291 2169 4292 2188 4292 2171 4292 2186 4293 2188 4293 2169 4293 2171 4294 2189 4294 2172 4294 2188 4295 2189 4295 2171 4295 2172 4296 2190 4296 2173 4296 2189 4297 2190 4297 2172 4297 2173 4298 2191 4298 2174 4298 2190 4299 2191 4299 2173 4299 2174 4300 2192 4300 2175 4300 2191 4301 2192 4301 2174 4301 2175 4302 2185 4302 2168 4302 2192 4303 2185 4303 2175 4303 2168 4304 2184 4304 2167 4304 2185 4305 2184 4305 2168 4305 2167 4306 2183 4306 2166 4306 2184 4307 2183 4307 2167 4307 2166 4308 2182 4308 2165 4308 2165 4309 2182 4309 2164 4309 2183 4310 2182 4310 2166 4310 2182 4311 2181 4311 2164 4311 2164 4312 2180 4312 2163 4312 2181 4313 2180 4313 2164 4313 2163 4314 2179 4314 2162 4314 2162 4315 2179 4315 2161 4315 2180 4316 2179 4316 2163 4316 2179 4317 2178 4317 2161 4317 2178 4318 1956 4318 2161 4318 2161 4319 1956 4319 1958 4319 1816 4320 2293 4320 2294 4320 1828 4321 2293 4321 1816 4321 2293 4322 1828 4322 2295 4322 2295 4323 1828 4323 1842 4323 1842 4324 2296 4324 2295 4324 1859 4325 2296 4325 1842 4325 2296 4326 1859 4326 2297 4326 2297 4327 1859 4327 1843 4327 2297 4328 1843 4328 2298 4328 2298 4329 1843 4329 1768 4329 1768 4330 2294 4330 2298 4330 1816 4331 2294 4331 1768 4331 2293 4332 2295 4332 2294 4332 2295 4333 2298 4333 2294 4333 2296 4334 2297 4334 2295 4334 2295 4335 2297 4335 2298 4335 2299 4336 1866 4336 2300 4336 1849 4337 1866 4337 2299 4337 1866 4338 2301 4338 2300 4338 1869 4339 2301 4339 1866 4339 1869 4340 2302 4340 2301 4340 1869 4341 1867 4341 2302 4341 2302 4342 1865 4342 2303 4342 1867 4343 1865 4343 2302 4343 2303 4344 1864 4344 2304 4344 1865 4345 1864 4345 2303 4345 2304 4346 1860 4346 2305 4346 1864 4347 1860 4347 2304 4347 2305 4348 1858 4348 2306 4348 1860 4349 1858 4349 2305 4349 1858 4350 2307 4350 2306 4350 1858 4351 1851 4351 2307 4351 1851 4352 2308 4352 2307 4352 1851 4353 1853 4353 2308 4353 2308 4354 1852 4354 2309 4354 1853 4355 1852 4355 2308 4355 1852 4356 2310 4356 2309 4356 1852 4357 1863 4357 2310 4357 2310 4358 1877 4358 2311 4358 1863 4359 1877 4359 2310 4359 2311 4360 1876 4360 2312 4360 1877 4361 1876 4361 2311 4361 2312 4362 1883 4362 2313 4362 1876 4363 1883 4363 2312 4363 1883 4364 2314 4364 2313 4364 1897 4365 2314 4365 1883 4365 2314 4366 1896 4366 2315 4366 1897 4367 1896 4367 2314 4367 2315 4368 1898 4368 2316 4368 1896 4369 1898 4369 2315 4369 2316 4370 1899 4370 2317 4370 1898 4371 1899 4371 2316 4371 2317 4372 1879 4372 2318 4372 1899 4373 1879 4373 2317 4373 2318 4374 1870 4374 2319 4374 1879 4375 1870 4375 2318 4375 2319 4376 1854 4376 2320 4376 1870 4377 1854 4377 2319 4377 2320 4378 1841 4378 2321 4378 1854 4379 1841 4379 2320 4379 2321 4380 1836 4380 2322 4380 1841 4381 1836 4381 2321 4381 2322 4382 1829 4382 2323 4382 1836 4383 1829 4383 2322 4383 2323 4384 1827 4384 2324 4384 1829 4385 1827 4385 2323 4385 2324 4386 1849 4386 2299 4386 1827 4387 1849 4387 2324 4387 2309 4388 2322 4388 2323 4388 2309 4389 2323 4389 2324 4389 2308 4390 2309 4390 2324 4390 2307 4391 2324 4391 2299 4391 2307 4392 2308 4392 2324 4392 2306 4393 2307 4393 2299 4393 2305 4394 2306 4394 2299 4394 2310 4395 2320 4395 2321 4395 2310 4396 2321 4396 2322 4396 2310 4397 2322 4397 2309 4397 2304 4398 2305 4398 2299 4398 2300 4399 2303 4399 2304 4399 2300 4400 2304 4400 2299 4400 2302 4401 2303 4401 2300 4401 2301 4402 2302 4402 2300 4402 2319 4403 2320 4403 2310 4403 2311 4404 2319 4404 2310 4404 2318 4405 2311 4405 2312 4405 2318 4406 2319 4406 2311 4406 2317 4407 2318 4407 2312 4407 2316 4408 2312 4408 2313 4408 2316 4409 2317 4409 2312 4409 2315 4410 2316 4410 2313 4410 2314 4411 2315 4411 2313 4411 1878 4412 2325 4412 2326 4412 1891 4413 2325 4413 1878 4413 2325 4414 1891 4414 2327 4414 2327 4415 1891 4415 1893 4415 1893 4416 2328 4416 2327 4416 1894 4417 2328 4417 1893 4417 1894 4418 2329 4418 2328 4418 1892 4419 2329 4419 1894 4419 1892 4420 2330 4420 2329 4420 1901 4421 2330 4421 1892 4421 2330 4422 1901 4422 2331 4422 2331 4423 1901 4423 1903 4423 1903 4424 2332 4424 2331 4424 1902 4425 2332 4425 1903 4425 1902 4426 2333 4426 2332 4426 1915 4427 2333 4427 1902 4427 1915 4428 2334 4428 2333 4428 1918 4429 2334 4429 1915 4429 2334 4430 1918 4430 2335 4430 2335 4431 1918 4431 1895 4431 2335 4432 1895 4432 2336 4432 2336 4433 1895 4433 1868 4433 1868 4434 2326 4434 2336 4434 1878 4435 2326 4435 1868 4435 2325 4436 2327 4436 2326 4436 2327 4437 2336 4437 2326 4437 2327 4438 2328 4438 2336 4438 2330 4439 2331 4439 2329 4439 2329 4440 2331 4440 2328 4440 2334 4441 2332 4441 2333 4441 2332 4442 2335 4442 2331 4442 2334 4443 2335 4443 2332 4443 2328 4444 2335 4444 2336 4444 2331 4445 2335 4445 2328 4445 2337 4446 2338 4446 2339 4446 2340 4447 2338 4447 2337 4447 2341 4448 2337 4448 2342 4448 2341 4449 2340 4449 2337 4449 2343 4450 2342 4450 2344 4450 2343 4451 2341 4451 2342 4451 2345 4452 2344 4452 2346 4452 2345 4453 2343 4453 2344 4453 2347 4454 2345 4454 2346 4454 2348 4455 2347 4455 2346 4455 2349 4456 2347 4456 2348 4456 2350 4457 2349 4457 2348 4457 2351 4458 2349 4458 2350 4458 2352 4459 2353 4459 2339 4459 2352 4460 2339 4460 2338 4460 2354 4461 2351 4461 2350 4461 2355 4462 2351 4462 2354 4462 2356 4463 2357 4463 2355 4463 2356 4464 2355 4464 2354 4464 2358 4465 2352 4465 2359 4465 2358 4466 2359 4466 2360 4466 2358 4467 2353 4467 2352 4467 2361 4468 2358 4468 2360 4468 2362 4469 2363 4469 2357 4469 2362 4470 2364 4470 2363 4470 2362 4471 2357 4471 2356 4471 2365 4472 2366 4472 2367 4472 2365 4473 2361 4473 2366 4473 2365 4474 2368 4474 2364 4474 2365 4475 2367 4475 2368 4475 2365 4476 2364 4476 2362 4476 2365 4477 2358 4477 2361 4477 1890 4478 2337 4478 2339 4478 1900 4479 2337 4479 1890 4479 2337 4480 1905 4480 2342 4480 1900 4481 1905 4481 2337 4481 2342 4482 1906 4482 2344 4482 1905 4483 1906 4483 2342 4483 2344 4484 1920 4484 2346 4484 1906 4485 1920 4485 2344 4485 2346 4486 1921 4486 2348 4486 1920 4487 1921 4487 2346 4487 2348 4488 1922 4488 2350 4488 1921 4489 1922 4489 2348 4489 1922 4490 2354 4490 2350 4490 1922 4491 1925 4491 2354 4491 1925 4492 2356 4492 2354 4492 1925 4493 1950 4493 2356 4493 2356 4494 1942 4494 2362 4494 1950 4495 1942 4495 2356 4495 1942 4496 2365 4496 2362 4496 1942 4497 1941 4497 2365 4497 2365 4498 1940 4498 2358 4498 1941 4499 1940 4499 2365 4499 2358 4500 1940 4500 2353 4500 2353 4501 1940 4501 1923 4501 2353 4502 1923 4502 2339 4502 2339 4503 1923 4503 1890 4503 2369 4504 2359 4504 2352 4504 2369 4505 2352 4505 2370 4505 2370 4506 2352 4506 2338 4506 2370 4507 2338 4507 2371 4507 2340 4508 2372 4508 2371 4508 2340 4509 2371 4509 2338 4509 2373 4510 2372 4510 2340 4510 2373 4511 2340 4511 2341 4511 2374 4512 2341 4512 2343 4512 2374 4513 2373 4513 2341 4513 2375 4514 2343 4514 2345 4514 2375 4515 2374 4515 2343 4515 2376 4516 2345 4516 2347 4516 2376 4517 2375 4517 2345 4517 2377 4518 2376 4518 2347 4518 2377 4519 2347 4519 2349 4519 2351 4520 2377 4520 2349 4520 2378 4521 2377 4521 2351 4521 2355 4522 2378 4522 2351 4522 2379 4523 2378 4523 2355 4523 2357 4524 2379 4524 2355 4524 2380 4525 2379 4525 2357 4525 2381 4526 2380 4526 2357 4526 2381 4527 2357 4527 2363 4527 2382 4528 2363 4528 2364 4528 2382 4529 2381 4529 2363 4529 2383 4530 2364 4530 2368 4530 2383 4531 2382 4531 2364 4531 2384 4532 2368 4532 2367 4532 2384 4533 2383 4533 2368 4533 2366 4534 2384 4534 2367 4534 2385 4535 2384 4535 2366 4535 2386 4536 2366 4536 2361 4536 2386 4537 2385 4537 2366 4537 2387 4538 2361 4538 2360 4538 2387 4539 2386 4539 2361 4539 2369 4540 2360 4540 2359 4540 2369 4541 2387 4541 2360 4541 2378 4542 2374 4542 2375 4542 2378 4543 2375 4543 2376 4543 2378 4544 2376 4544 2377 4544 2370 4545 2371 4545 2372 4545 2379 4546 2373 4546 2374 4546 2379 4547 2374 4547 2378 4547 2369 4548 2372 4548 2373 4548 2369 4549 2370 4549 2372 4549 2380 4550 2369 4550 2373 4550 2380 4551 2373 4551 2379 4551 2387 4552 2369 4552 2380 4552 2381 4553 2387 4553 2380 4553 2386 4554 2387 4554 2381 4554 2385 4555 2381 4555 2382 4555 2385 4556 2386 4556 2381 4556 2384 4557 2382 4557 2383 4557 2384 4558 2385 4558 2382 4558 2388 4559 2389 4559 2390 4559 2388 4560 2391 4560 2389 4560 2392 4561 2393 4561 2394 4561 2389 4562 2395 4562 2393 4562 2391 4563 2395 4563 2389 4563 2393 4564 2395 4564 2394 4564 2391 4565 2396 4565 2397 4565 2397 4566 2396 4566 2398 4566 2388 4567 2396 4567 2391 4567 2398 4568 2399 4568 2400 4568 2400 4569 2399 4569 2401 4569 2401 4570 2399 4570 2395 4570 2395 4571 2399 4571 2394 4571 2396 4572 2399 4572 2398 4572 2396 4573 2388 4573 1943 4573 1943 4574 2388 4574 1932 4574 2396 4575 1943 4575 2399 4575 2399 4576 1943 4576 1939 4576 2394 4577 2399 4577 1919 4577 1919 4578 2399 4578 1939 4578 1919 4579 2392 4579 2394 4579 1924 4580 2392 4580 1919 4580 2393 4581 2392 4581 1935 4581 1935 4582 2392 4582 1924 4582 1935 4583 2389 4583 2393 4583 1934 4584 2389 4584 1935 4584 2390 4585 2389 4585 1930 4585 1930 4586 2389 4586 1934 4586 1930 4587 2388 4587 2390 4587 1932 4588 2388 4588 1930 4588 2391 4589 2402 4589 2403 4589 2391 4590 2403 4590 2395 4590 2391 4591 2404 4591 2402 4591 2391 4592 2397 4592 2404 4592 2405 4593 2404 4593 2397 4593 2405 4594 2397 4594 2398 4594 2405 4595 2398 4595 2400 4595 2405 4596 2400 4596 2406 4596 2407 4597 2406 4597 2400 4597 2407 4598 2400 4598 2401 4598 2401 4599 2403 4599 2407 4599 2401 4600 2395 4600 2403 4600 2404 4601 2403 4601 2402 4601 2404 4602 2407 4602 2403 4602 2406 4603 2407 4603 2404 4603 2405 4604 2406 4604 2404 4604 1738 4605 2408 4605 2409 4605 1737 4606 2408 4606 1738 4606 2408 4607 1737 4607 2410 4607 2410 4608 1737 4608 1744 4608 1744 4609 2411 4609 2410 4609 1745 4610 2411 4610 1744 4610 1745 4611 2412 4611 2411 4611 1743 4612 2412 4612 1745 4612 1743 4613 2413 4613 2412 4613 1750 4614 2413 4614 1743 4614 2413 4615 1750 4615 2414 4615 2414 4616 1750 4616 1752 4616 1752 4617 2415 4617 2414 4617 1751 4618 2415 4618 1752 4618 1751 4619 2416 4619 2415 4619 1762 4620 2416 4620 1751 4620 1762 4621 2417 4621 2416 4621 1770 4622 2417 4622 1762 4622 2417 4623 1770 4623 2418 4623 2418 4624 1770 4624 1746 4624 2418 4625 1746 4625 2419 4625 2419 4626 1746 4626 1726 4626 1726 4627 2409 4627 2419 4627 1738 4628 2409 4628 1726 4628 2408 4629 2410 4629 2409 4629 2410 4630 2419 4630 2409 4630 2410 4631 2411 4631 2419 4631 2413 4632 2414 4632 2412 4632 2412 4633 2414 4633 2411 4633 2417 4634 2415 4634 2416 4634 2415 4635 2418 4635 2414 4635 2417 4636 2418 4636 2415 4636 2411 4637 2418 4637 2419 4637 2414 4638 2418 4638 2411 4638 2420 4639 2421 4639 2422 4639 2423 4640 2422 4640 2424 4640 2423 4641 2424 4641 2425 4641 2423 4642 2420 4642 2422 4642 2426 4643 2423 4643 2425 4643 2427 4644 2425 4644 2428 4644 2427 4645 2426 4645 2425 4645 2429 4646 2430 4646 2421 4646 2429 4647 2421 4647 2420 4647 2431 4648 2428 4648 2432 4648 2431 4649 2427 4649 2428 4649 2433 4650 2430 4650 2429 4650 2434 4651 2432 4651 2435 4651 2434 4652 2431 4652 2432 4652 2436 4653 2430 4653 2433 4653 2437 4654 2430 4654 2436 4654 2438 4655 2434 4655 2435 4655 2439 4656 2438 4656 2435 4656 2440 4657 2438 4657 2439 4657 2441 4658 2442 4658 2440 4658 2441 4659 2440 4659 2439 4659 2443 4660 2442 4660 2441 4660 2444 4661 2443 4661 2445 4661 2446 4662 2447 4662 2448 4662 2449 4663 2443 4663 2444 4663 2449 4664 2442 4664 2443 4664 2450 4665 2448 4665 2451 4665 2450 4666 2446 4666 2448 4666 2452 4667 2453 4667 2454 4667 2455 4668 2456 4668 2457 4668 2455 4669 2457 4669 2450 4669 2455 4670 2449 4670 2444 4670 2455 4671 2450 4671 2451 4671 2455 4672 2451 4672 2449 4672 2458 4673 2453 4673 2452 4673 2458 4674 2452 4674 2459 4674 2458 4675 2459 4675 2456 4675 2458 4676 2456 4676 2455 4676 2446 4677 2430 4677 2447 4677 2447 4678 2430 4678 2437 4678 2458 4679 1761 4679 2453 4679 1784 4680 1761 4680 2458 4680 2453 4681 1761 4681 2454 4681 2454 4682 1761 4682 1759 4682 2454 4683 1771 4683 2452 4683 1759 4684 1771 4684 2454 4684 2452 4685 1774 4685 2459 4685 1771 4686 1774 4686 2452 4686 2459 4687 1780 4687 2456 4687 1774 4688 1780 4688 2459 4688 2456 4689 1772 4689 2457 4689 1780 4690 1772 4690 2456 4690 2457 4691 1773 4691 2450 4691 1772 4692 1773 4692 2457 4692 2446 4693 2450 4693 1760 4693 1760 4694 2450 4694 1773 4694 1760 4695 2430 4695 2446 4695 1760 4696 1742 4696 2430 4696 2430 4697 1736 4697 2421 4697 1742 4698 1736 4698 2430 4698 2421 4699 1739 4699 2422 4699 1736 4700 1739 4700 2421 4700 2422 4701 1740 4701 2424 4701 1739 4702 1740 4702 2422 4702 2424 4703 1741 4703 2425 4703 1740 4704 1741 4704 2424 4704 2425 4705 1779 4705 2428 4705 1741 4706 1779 4706 2425 4706 2428 4707 1755 4707 2432 4707 1779 4708 1755 4708 2428 4708 2432 4709 1754 4709 2435 4709 1755 4710 1754 4710 2432 4710 2435 4711 1756 4711 2439 4711 1754 4712 1756 4712 2435 4712 2439 4713 1758 4713 2441 4713 1756 4714 1758 4714 2439 4714 1758 4715 2443 4715 2441 4715 1757 4716 2443 4716 1758 4716 2443 4717 1757 4717 2445 4717 2445 4718 1757 4718 1753 4718 1753 4719 2444 4719 2445 4719 1765 4720 2444 4720 1753 4720 1765 4721 2455 4721 2444 4721 1792 4722 2455 4722 1765 4722 2455 4723 1784 4723 2458 4723 1792 4724 1784 4724 2455 4724 2460 4725 2461 4725 2448 4725 2460 4726 2448 4726 2447 4726 2462 4727 2460 4727 2447 4727 2462 4728 2447 4728 2437 4728 2463 4729 2437 4729 2436 4729 2463 4730 2462 4730 2437 4730 2464 4731 2436 4731 2433 4731 2464 4732 2463 4732 2436 4732 2465 4733 2433 4733 2429 4733 2465 4734 2464 4734 2433 4734 2466 4735 2465 4735 2429 4735 2466 4736 2429 4736 2420 4736 2467 4737 2466 4737 2420 4737 2467 4738 2420 4738 2423 4738 2468 4739 2423 4739 2426 4739 2468 4740 2467 4740 2423 4740 2469 4741 2426 4741 2427 4741 2469 4742 2468 4742 2426 4742 2470 4743 2427 4743 2431 4743 2470 4744 2469 4744 2427 4744 2471 4745 2470 4745 2431 4745 2471 4746 2431 4746 2434 4746 2472 4747 2434 4747 2438 4747 2472 4748 2471 4748 2434 4748 2473 4749 2438 4749 2440 4749 2473 4750 2472 4750 2438 4750 2474 4751 2440 4751 2442 4751 2474 4752 2473 4752 2440 4752 2449 4753 2474 4753 2442 4753 2475 4754 2474 4754 2449 4754 2451 4755 2476 4755 2475 4755 2451 4756 2475 4756 2449 4756 2451 4757 2461 4757 2476 4757 2451 4758 2448 4758 2461 4758 2465 4759 2466 4759 2467 4759 2465 4760 2467 4760 2468 4760 2465 4761 2468 4761 2469 4761 2464 4762 2465 4762 2469 4762 2460 4763 2462 4763 2463 4763 2460 4764 2463 4764 2464 4764 2460 4765 2469 4765 2470 4765 2460 4766 2464 4766 2469 4766 2461 4767 2470 4767 2471 4767 2461 4768 2471 4768 2472 4768 2461 4769 2472 4769 2473 4769 2461 4770 2473 4770 2474 4770 2461 4771 2460 4771 2470 4771 2475 4772 2461 4772 2474 4772 2476 4773 2461 4773 2475 4773 2477 4774 1767 4774 2478 4774 1799 4775 1767 4775 2477 4775 2478 4776 1767 4776 2479 4776 2479 4777 1767 4777 1764 4777 2479 4778 1763 4778 2480 4778 1764 4779 1763 4779 2479 4779 2480 4780 1766 4780 2481 4780 1763 4781 1766 4781 2480 4781 2481 4782 1778 4782 2482 4782 1766 4783 1778 4783 2481 4783 2482 4784 1777 4784 2483 4784 1778 4785 1777 4785 2482 4785 1777 4786 2484 4786 2483 4786 1777 4787 1776 4787 2484 4787 2484 4788 1787 4788 2485 4788 1776 4789 1787 4789 2484 4789 2485 4790 1788 4790 2486 4790 1787 4791 1788 4791 2485 4791 2486 4792 1789 4792 2487 4792 1788 4793 1789 4793 2486 4793 1789 4794 2488 4794 2487 4794 1789 4795 1800 4795 2488 4795 2488 4796 1809 4796 2489 4796 1800 4797 1809 4797 2488 4797 2489 4798 1823 4798 2490 4798 1809 4799 1823 4799 2489 4799 2490 4800 1954 4800 2491 4800 1823 4801 1954 4801 2490 4801 2491 4802 1953 4802 2492 4802 1954 4803 1953 4803 2491 4803 1953 4804 2493 4804 2492 4804 1953 4805 1952 4805 2493 4805 1952 4806 2494 4806 2493 4806 1952 4807 1835 4807 2494 4807 2494 4808 1832 4808 2495 4808 1835 4809 1832 4809 2494 4809 2495 4810 1831 4810 2496 4810 1832 4811 1831 4811 2495 4811 2496 4812 1833 4812 2497 4812 1831 4813 1833 4813 2496 4813 2497 4814 1834 4814 2498 4814 1833 4815 1834 4815 2497 4815 1834 4816 2499 4816 2498 4816 1834 4817 1826 4817 2499 4817 2499 4818 1825 4818 2500 4818 1826 4819 1825 4819 2499 4819 2500 4820 1821 4820 2501 4820 1825 4821 1821 4821 2500 4821 2501 4822 1815 4822 2502 4822 1821 4823 1815 4823 2501 4823 2502 4824 1814 4824 2503 4824 1815 4825 1814 4825 2502 4825 2503 4826 1813 4826 2504 4826 1814 4827 1813 4827 2503 4827 2504 4828 1818 4828 2505 4828 1813 4829 1818 4829 2504 4829 2505 4830 1819 4830 2506 4830 1818 4831 1819 4831 2505 4831 2506 4832 1817 4832 2507 4832 1819 4833 1817 4833 2506 4833 2507 4834 1820 4834 2508 4834 1817 4835 1820 4835 2507 4835 2508 4836 1824 4836 2509 4836 1820 4837 1824 4837 2508 4837 2509 4838 1830 4838 2510 4838 1824 4839 1830 4839 2509 4839 1830 4840 2511 4840 2510 4840 1857 4841 2511 4841 1830 4841 2511 4842 1856 4842 2512 4842 1857 4843 1856 4843 2511 4843 2512 4844 1850 4844 2513 4844 1856 4845 1850 4845 2512 4845 1850 4846 2514 4846 2513 4846 1850 4847 1801 4847 2514 4847 2514 4848 1797 4848 2515 4848 1801 4849 1797 4849 2514 4849 2515 4850 1795 4850 2516 4850 1797 4851 1795 4851 2515 4851 2516 4852 1793 4852 2517 4852 1795 4853 1793 4853 2516 4853 2517 4854 1790 4854 2518 4854 1793 4855 1790 4855 2517 4855 2518 4856 1791 4856 2519 4856 1790 4857 1791 4857 2518 4857 2519 4858 1794 4858 2520 4858 1791 4859 1794 4859 2519 4859 2520 4860 1796 4860 2521 4860 1794 4861 1796 4861 2520 4861 2521 4862 1798 4862 2522 4862 1796 4863 1798 4863 2521 4863 2522 4864 1802 4864 2523 4864 1798 4865 1802 4865 2522 4865 2523 4866 1806 4866 2524 4866 1802 4867 1806 4867 2523 4867 2524 4868 1808 4868 2525 4868 1806 4869 1808 4869 2524 4869 2525 4870 1810 4870 2526 4870 1808 4871 1810 4871 2525 4871 2526 4872 1803 4872 2527 4872 1810 4873 1803 4873 2526 4873 2527 4874 1805 4874 2528 4874 1803 4875 1805 4875 2527 4875 2528 4876 1804 4876 2529 4876 1805 4877 1804 4877 2528 4877 2529 4878 1807 4878 2530 4878 1804 4879 1807 4879 2529 4879 2530 4880 1799 4880 2477 4880 1807 4881 1799 4881 2530 4881 2486 4882 2529 4882 2485 4882 2487 4883 2529 4883 2486 4883 2488 4884 2528 4884 2487 4884 2489 4885 2528 4885 2488 4885 2487 4886 2528 4886 2529 4886 2485 4887 2530 4887 2484 4887 2529 4888 2530 4888 2485 4888 2492 4889 2527 4889 2491 4889 2493 4890 2527 4890 2492 4890 2490 4891 2527 4891 2489 4891 2491 4892 2527 4892 2490 4892 2489 4893 2527 4893 2528 4893 2493 4894 2494 4894 2527 4894 2484 4895 2477 4895 2483 4895 2483 4896 2477 4896 2482 4896 2530 4897 2477 4897 2484 4897 2477 4898 2481 4898 2482 4898 2496 4899 2526 4899 2495 4899 2495 4900 2526 4900 2494 4900 2494 4901 2526 4901 2527 4901 2526 4902 2497 4902 2525 4902 2496 4903 2497 4903 2526 4903 2525 4904 2498 4904 2524 4904 2497 4905 2498 4905 2525 4905 2524 4906 2499 4906 2523 4906 2498 4907 2499 4907 2524 4907 2480 4908 2478 4908 2479 4908 2481 4909 2478 4909 2480 4909 2477 4910 2478 4910 2481 4910 2523 4911 2500 4911 2522 4911 2499 4912 2500 4912 2523 4912 2522 4913 2501 4913 2521 4913 2500 4914 2501 4914 2522 4914 2521 4915 2502 4915 2520 4915 2501 4916 2502 4916 2521 4916 2502 4917 2503 4917 2520 4917 2503 4918 2519 4918 2520 4918 2511 4919 2509 4919 2510 4919 2503 4920 2518 4920 2519 4920 2503 4921 2517 4921 2518 4921 2504 4922 2516 4922 2503 4922 2503 4923 2516 4923 2517 4923 2509 4924 2512 4924 2508 4924 2511 4925 2512 4925 2509 4925 2504 4926 2515 4926 2516 4926 2505 4927 2514 4927 2504 4927 2504 4928 2514 4928 2515 4928 2506 4929 2513 4929 2505 4929 2507 4930 2513 4930 2506 4930 2508 4931 2513 4931 2507 4931 2512 4932 2513 4932 2508 4932 2505 4933 2513 4933 2514 4933 2531 4934 1885 4934 2532 4934 2532 4935 1885 4935 1871 4935 2533 4936 2532 4936 1837 4936 1837 4937 2532 4937 1871 4937 2533 4938 1840 4938 2534 4938 1837 4939 1840 4939 2533 4939 2534 4940 1840 4940 2535 4940 2535 4941 1840 4941 1839 4941 2536 4942 2535 4942 1838 4942 1838 4943 2535 4943 1839 4943 2537 4944 2536 4944 1872 4944 1872 4945 2536 4945 1838 4945 2537 4946 1872 4946 2538 4946 2538 4947 1872 4947 1855 4947 2539 4948 2538 4948 1822 4948 1822 4949 2538 4949 1855 4949 2540 4950 2539 4950 1811 4950 1811 4951 2539 4951 1822 4951 2540 4952 1812 4952 2541 4952 1811 4953 1812 4953 2540 4953 2541 4954 1786 4954 2542 4954 1812 4955 1786 4955 2541 4955 2542 4956 1786 4956 2543 4956 2543 4957 1786 4957 1775 4957 2543 4958 1781 4958 2544 4958 1775 4959 1781 4959 2543 4959 2544 4960 1782 4960 2545 4960 1781 4961 1782 4961 2544 4961 2545 4962 1783 4962 2546 4962 1782 4963 1783 4963 2545 4963 2546 4964 1785 4964 2547 4964 1783 4965 1785 4965 2546 4965 2547 4966 1862 4966 2548 4966 1785 4967 1862 4967 2547 4967 2531 4968 2548 4968 1885 4968 1885 4969 2548 4969 1862 4969 2542 4970 2543 4970 2544 4970 2541 4971 2544 4971 2545 4971 2541 4972 2545 4972 2546 4972 2541 4973 2546 4973 2547 4973 2541 4974 2542 4974 2544 4974 2540 4975 2541 4975 2547 4975 2548 4976 2540 4976 2547 4976 2539 4977 2540 4977 2548 4977 2534 4978 2539 4978 2548 4978 2534 4979 2535 4979 2539 4979 2536 4980 2539 4980 2535 4980 2533 4981 2534 4981 2548 4981 2537 4982 2538 4982 2536 4982 2531 4983 2532 4983 2533 4983 2531 4984 2533 4984 2548 4984 2538 4985 2539 4985 2536 4985 1873 4986 2549 4986 2550 4986 1875 4987 2549 4987 1873 4987 2549 4988 1875 4988 2551 4988 2551 4989 1875 4989 1882 4989 1882 4990 2552 4990 2551 4990 1881 4991 2552 4991 1882 4991 1881 4992 2553 4992 2552 4992 1880 4993 2553 4993 1881 4993 1880 4994 2554 4994 2553 4994 1887 4995 2554 4995 1880 4995 2554 4996 1887 4996 2555 4996 2555 4997 1887 4997 1889 4997 1889 4998 2556 4998 2555 4998 1888 4999 2556 4999 1889 4999 1888 5000 2557 5000 2556 5000 1904 5001 2557 5001 1888 5001 1904 5002 2558 5002 2557 5002 1914 5003 2558 5003 1904 5003 2558 5004 1914 5004 2559 5004 2559 5005 1914 5005 1884 5005 2559 5006 1884 5006 2560 5006 2560 5007 1884 5007 1861 5007 1861 5008 2550 5008 2560 5008 1873 5009 2550 5009 1861 5009 2549 5010 2551 5010 2550 5010 2551 5011 2560 5011 2550 5011 2551 5012 2552 5012 2560 5012 2554 5013 2555 5013 2553 5013 2553 5014 2555 5014 2552 5014 2558 5015 2556 5015 2557 5015 2556 5016 2559 5016 2555 5016 2558 5017 2559 5017 2556 5017 2552 5018 2559 5018 2560 5018 2555 5019 2559 5019 2552 5019 2561 5020 2562 5020 2563 5020 2564 5021 2562 5021 2561 5021 2565 5022 2561 5022 2566 5022 2565 5023 2564 5023 2561 5023 2567 5024 2566 5024 2568 5024 2567 5025 2565 5025 2566 5025 2569 5026 2568 5026 2570 5026 2569 5027 2567 5027 2568 5027 2571 5028 2569 5028 2570 5028 2572 5029 2571 5029 2570 5029 2573 5030 2571 5030 2572 5030 2574 5031 2573 5031 2572 5031 2575 5032 2573 5032 2574 5032 2576 5033 2577 5033 2563 5033 2576 5034 2563 5034 2562 5034 2578 5035 2575 5035 2574 5035 2579 5036 2575 5036 2578 5036 2580 5037 2581 5037 2579 5037 2580 5038 2579 5038 2578 5038 2582 5039 2576 5039 2583 5039 2582 5040 2583 5040 2584 5040 2582 5041 2577 5041 2576 5041 2585 5042 2582 5042 2584 5042 2586 5043 2587 5043 2581 5043 2586 5044 2588 5044 2587 5044 2586 5045 2581 5045 2580 5045 2589 5046 2590 5046 2591 5046 2589 5047 2585 5047 2590 5047 2589 5048 2592 5048 2588 5048 2589 5049 2591 5049 2592 5049 2589 5050 2588 5050 2586 5050 2589 5051 2582 5051 2585 5051 1874 5052 2561 5052 2563 5052 1886 5053 2561 5053 1874 5053 2561 5054 1908 5054 2566 5054 1886 5055 1908 5055 2561 5055 2566 5056 1909 5056 2568 5056 1908 5057 1909 5057 2566 5057 2568 5058 1910 5058 2570 5058 1909 5059 1910 5059 2568 5059 2570 5060 1911 5060 2572 5060 1910 5061 1911 5061 2570 5061 2572 5062 1912 5062 2574 5062 1911 5063 1912 5063 2572 5063 2574 5064 1917 5064 2578 5064 1912 5065 1917 5065 2574 5065 2578 5066 1951 5066 2580 5066 1917 5067 1951 5067 2578 5067 2580 5068 1937 5068 2586 5068 1951 5069 1937 5069 2580 5069 2586 5070 1933 5070 2589 5070 1937 5071 1933 5071 2586 5071 2589 5072 1931 5072 2582 5072 1933 5073 1931 5073 2589 5073 2582 5074 1931 5074 2577 5074 2577 5075 1931 5075 1913 5075 2577 5076 1913 5076 2563 5076 2563 5077 1913 5077 1874 5077 2593 5078 2583 5078 2576 5078 2593 5079 2576 5079 2594 5079 2594 5080 2576 5080 2562 5080 2594 5081 2562 5081 2595 5081 2564 5082 2596 5082 2595 5082 2564 5083 2595 5083 2562 5083 2597 5084 2596 5084 2564 5084 2597 5085 2564 5085 2565 5085 2598 5086 2565 5086 2567 5086 2598 5087 2597 5087 2565 5087 2599 5088 2567 5088 2569 5088 2599 5089 2598 5089 2567 5089 2600 5090 2569 5090 2571 5090 2600 5091 2599 5091 2569 5091 2601 5092 2600 5092 2571 5092 2601 5093 2571 5093 2573 5093 2602 5094 2573 5094 2575 5094 2602 5095 2601 5095 2573 5095 2603 5096 2575 5096 2579 5096 2603 5097 2602 5097 2575 5097 2604 5098 2579 5098 2581 5098 2604 5099 2603 5099 2579 5099 2587 5100 2604 5100 2581 5100 2605 5101 2604 5101 2587 5101 2606 5102 2587 5102 2588 5102 2606 5103 2605 5103 2587 5103 2607 5104 2588 5104 2592 5104 2607 5105 2606 5105 2588 5105 2608 5106 2592 5106 2591 5106 2608 5107 2607 5107 2592 5107 2609 5108 2608 5108 2591 5108 2609 5109 2591 5109 2590 5109 2610 5110 2590 5110 2585 5110 2610 5111 2609 5111 2590 5111 2611 5112 2585 5112 2584 5112 2611 5113 2610 5113 2585 5113 2593 5114 2584 5114 2583 5114 2593 5115 2611 5115 2584 5115 2602 5116 2598 5116 2599 5116 2602 5117 2599 5117 2600 5117 2602 5118 2600 5118 2601 5118 2594 5119 2595 5119 2596 5119 2603 5120 2597 5120 2598 5120 2603 5121 2598 5121 2602 5121 2593 5122 2596 5122 2597 5122 2593 5123 2594 5123 2596 5123 2604 5124 2593 5124 2597 5124 2604 5125 2597 5125 2603 5125 2611 5126 2593 5126 2604 5126 2605 5127 2611 5127 2604 5127 2610 5128 2611 5128 2605 5128 2609 5129 2605 5129 2606 5129 2609 5130 2610 5130 2605 5130 2608 5131 2606 5131 2607 5131 2608 5132 2609 5132 2606 5132 2612 5133 2613 5133 2614 5133 2612 5134 2615 5134 2613 5134 2616 5135 2617 5135 2618 5135 2613 5136 2619 5136 2617 5136 2615 5137 2619 5137 2613 5137 2617 5138 2619 5138 2618 5138 2615 5139 2620 5139 2621 5139 2621 5140 2620 5140 2622 5140 2612 5141 2620 5141 2615 5141 2622 5142 2623 5142 2624 5142 2624 5143 2623 5143 2625 5143 2625 5144 2623 5144 2619 5144 2619 5145 2623 5145 2618 5145 2620 5146 2623 5146 2622 5146 2620 5147 2612 5147 1938 5147 1938 5148 2612 5148 1927 5148 2620 5149 1938 5149 2623 5149 2623 5150 1938 5150 1936 5150 2618 5151 2623 5151 1907 5151 1907 5152 2623 5152 1936 5152 1907 5153 2616 5153 2618 5153 1916 5154 2616 5154 1907 5154 2617 5155 2616 5155 1929 5155 1929 5156 2616 5156 1916 5156 1929 5157 2613 5157 2617 5157 1928 5158 2613 5158 1929 5158 2614 5159 2613 5159 1926 5159 1926 5160 2613 5160 1928 5160 1926 5161 2612 5161 2614 5161 1927 5162 2612 5162 1926 5162 2615 5163 2626 5163 2627 5163 2615 5164 2627 5164 2619 5164 2615 5165 2628 5165 2626 5165 2615 5166 2621 5166 2628 5166 2629 5167 2628 5167 2621 5167 2629 5168 2621 5168 2622 5168 2629 5169 2622 5169 2624 5169 2629 5170 2624 5170 2630 5170 2631 5171 2630 5171 2624 5171 2631 5172 2624 5172 2625 5172 2625 5173 2627 5173 2631 5173 2625 5174 2619 5174 2627 5174 2628 5175 2627 5175 2626 5175 2628 5176 2631 5176 2627 5176 2630 5177 2631 5177 2628 5177 2629 5178 2630 5178 2628 5178 2632 5179 2633 5179 2634 5179 2635 5180 2633 5180 2632 5180 2636 5181 2633 5181 2637 5181 2634 5182 2633 5182 2636 5182 2633 5183 2638 5183 2637 5183 2639 5184 2638 5184 2640 5184 2637 5185 2638 5185 2639 5185 2641 5186 2642 5186 2635 5186 2643 5187 2642 5187 2641 5187 2644 5188 2642 5188 2643 5188 2635 5189 2642 5189 2633 5189 2640 5190 2645 5190 2646 5190 2638 5191 2645 5191 2640 5191 2645 5192 2647 5192 2646 5192 2645 5193 2648 5193 2647 5193 2644 5194 2649 5194 2642 5194 2650 5195 2649 5195 2644 5195 2650 5196 2651 5196 2649 5196 2649 5197 2652 5197 2653 5197 2651 5198 2652 5198 2649 5198 2654 5199 2655 5199 2656 5199 2657 5200 2658 5200 2659 5200 2659 5201 2658 5201 2654 5201 2654 5202 2658 5202 2655 5202 2653 5203 2660 5203 2661 5203 2652 5204 2660 5204 2653 5204 2662 5205 2660 5205 2652 5205 2655 5206 2663 5206 2656 5206 2662 5207 2664 5207 2660 5207 2657 5208 2665 5208 2658 5208 2666 5209 2665 5209 2667 5209 2667 5210 2665 5210 2657 5210 2664 5211 2668 5211 2660 5211 2655 5212 2669 5212 2663 5212 2665 5213 2670 5213 2658 5213 2668 5214 2671 5214 2660 5214 2668 5215 2672 5215 2671 5215 2665 5216 2673 5216 2670 5216 2669 5217 2674 5217 2663 5217 2673 5218 2675 5218 2670 5218 2672 5219 2676 5219 2671 5219 2677 5220 2678 5220 2679 5220 2674 5221 2678 5221 2677 5221 2669 5222 2678 5222 2674 5222 2669 5223 2680 5223 2678 5223 2675 5224 2680 5224 2670 5224 2670 5225 2680 5225 2669 5225 2672 5226 2681 5226 2676 5226 2678 5227 2682 5227 2679 5227 2681 5228 2683 5228 2676 5228 2682 5229 2684 5229 2685 5229 2678 5230 2684 5230 2682 5230 2684 5231 2686 5231 2685 5231 2681 5232 2687 5232 2683 5232 2687 5233 2688 5233 2683 5233 2683 5234 2688 5234 2689 5234 2684 5235 2690 5235 2686 5235 2691 5236 2692 5236 2693 5236 2688 5237 2694 5237 2689 5237 2694 5238 2695 5238 2689 5238 2689 5239 2695 5239 2696 5239 2684 5240 2697 5240 2690 5240 2698 5241 2697 5241 2684 5241 2691 5242 2699 5242 2692 5242 2691 5243 2700 5243 2699 5243 2695 5244 2700 5244 2696 5244 2696 5245 2700 5245 2691 5245 2699 5246 2701 5246 2692 5246 2698 5247 2702 5247 2697 5247 2698 5248 2703 5248 2702 5248 2701 5249 2704 5249 2692 5249 2698 5250 2705 5250 2703 5250 2706 5251 2705 5251 2698 5251 2704 5252 2707 5252 2692 5252 2692 5253 2707 5253 2706 5253 2706 5254 2708 5254 2705 5254 2707 5255 2709 5255 2706 5255 2706 5256 2710 5256 2708 5256 2709 5257 2710 5257 2706 5257 2643 5258 1747 5258 2644 5258 1748 5259 1747 5259 2643 5259 2644 5260 1769 5260 2650 5260 1747 5261 1769 5261 2644 5261 2650 5262 1733 5262 2651 5262 1769 5263 1733 5263 2650 5263 2651 5264 1735 5264 2652 5264 1733 5265 1735 5265 2651 5265 2652 5266 1734 5266 2662 5266 1735 5267 1734 5267 2652 5267 2662 5268 1844 5268 2664 5268 1734 5269 1844 5269 2662 5269 2664 5270 1845 5270 2668 5270 1844 5271 1845 5271 2664 5271 1845 5272 2672 5272 2668 5272 1845 5273 1846 5273 2672 5273 2672 5274 1847 5274 2681 5274 1846 5275 1847 5275 2672 5275 2681 5276 1848 5276 2687 5276 1847 5277 1848 5277 2681 5277 2687 5278 1949 5278 2688 5278 1848 5279 1949 5279 2687 5279 2688 5280 1717 5280 2694 5280 1949 5281 1717 5281 2688 5281 2694 5282 1714 5282 2695 5282 1717 5283 1714 5283 2694 5283 2695 5284 1704 5284 2700 5284 1714 5285 1704 5285 2695 5285 2700 5286 1707 5286 2699 5286 1704 5287 1707 5287 2700 5287 2699 5288 1706 5288 2701 5288 1707 5289 1706 5289 2699 5289 2701 5290 1705 5290 2704 5290 1706 5291 1705 5291 2701 5291 2704 5292 1688 5292 2707 5292 1705 5293 1688 5293 2704 5293 2707 5294 1686 5294 2709 5294 1688 5295 1686 5295 2707 5295 2709 5296 1683 5296 2710 5296 1686 5297 1683 5297 2709 5297 2710 5298 1677 5298 2708 5298 1683 5299 1677 5299 2710 5299 1677 5300 2705 5300 2708 5300 1677 5301 1674 5301 2705 5301 2705 5302 1672 5302 2703 5302 1674 5303 1672 5303 2705 5303 2703 5304 1669 5304 2702 5304 1672 5305 1669 5305 2703 5305 2702 5306 1667 5306 2697 5306 1669 5307 1667 5307 2702 5307 1667 5308 2690 5308 2697 5308 1667 5309 1665 5309 2690 5309 2690 5310 1661 5310 2686 5310 1665 5311 1661 5311 2690 5311 1661 5312 2685 5312 2686 5312 1661 5313 1659 5313 2685 5313 2685 5314 1658 5314 2682 5314 1659 5315 1658 5315 2685 5315 2682 5316 1663 5316 2679 5316 1658 5317 1663 5317 2682 5317 2679 5318 1664 5318 2677 5318 1663 5319 1664 5319 2679 5319 2677 5320 1666 5320 2674 5320 1664 5321 1666 5321 2677 5321 2674 5322 1662 5322 2663 5322 1666 5323 1662 5323 2674 5323 2663 5324 1668 5324 2656 5324 1662 5325 1668 5325 2663 5325 2656 5326 1692 5326 2654 5326 1668 5327 1692 5327 2656 5327 2654 5328 1695 5328 2659 5328 1692 5329 1695 5329 2654 5329 1695 5330 2657 5330 2659 5330 1694 5331 2657 5331 1695 5331 2667 5332 2657 5332 1700 5332 1700 5333 2657 5333 1694 5333 2666 5334 2667 5334 1708 5334 1708 5335 2667 5335 1700 5335 2665 5336 2666 5336 1710 5336 1710 5337 2666 5337 1708 5337 2665 5338 1697 5338 2673 5338 1710 5339 1697 5339 2665 5339 2673 5340 1690 5340 2675 5340 1697 5341 1690 5341 2673 5341 2675 5342 1679 5342 2680 5342 1690 5343 1679 5343 2675 5343 2680 5344 1681 5344 2678 5344 1679 5345 1681 5345 2680 5345 2678 5346 1680 5346 2684 5346 1681 5347 1680 5347 2678 5347 1680 5348 2698 5348 2684 5348 1680 5349 1682 5349 2698 5349 2698 5350 1685 5350 2706 5350 1682 5351 1685 5351 2698 5351 2706 5352 1689 5352 2692 5352 1685 5353 1689 5353 2706 5353 1689 5354 2693 5354 2692 5354 1689 5355 1696 5355 2693 5355 2693 5356 1699 5356 2691 5356 1696 5357 1699 5357 2693 5357 2691 5358 1709 5358 2696 5358 1699 5359 1709 5359 2691 5359 2696 5360 1715 5360 2689 5360 1709 5361 1715 5361 2696 5361 1715 5362 2683 5362 2689 5362 1715 5363 1718 5363 2683 5363 2683 5364 1722 5364 2676 5364 1718 5365 1722 5365 2683 5365 2676 5366 1725 5366 2671 5366 1722 5367 1725 5367 2676 5367 2671 5368 1723 5368 2660 5368 1725 5369 1723 5369 2671 5369 2660 5370 1719 5370 2661 5370 1723 5371 1719 5371 2660 5371 1719 5372 2653 5372 2661 5372 1721 5373 2653 5373 1719 5373 2653 5374 1724 5374 2649 5374 1721 5375 1724 5375 2653 5375 2649 5376 1720 5376 2642 5376 1724 5377 1720 5377 2649 5377 2642 5378 1716 5378 2633 5378 1720 5379 1716 5379 2642 5379 2633 5380 1703 5380 2638 5380 1716 5381 1703 5381 2633 5381 2638 5382 1703 5382 2645 5382 2645 5383 1703 5383 1702 5383 2645 5384 1701 5384 2648 5384 1702 5385 1701 5385 2645 5385 2648 5386 1691 5386 2647 5386 1701 5387 1691 5387 2648 5387 2647 5388 1693 5388 2646 5388 1691 5389 1693 5389 2647 5389 1693 5390 2640 5390 2646 5390 1698 5391 2640 5391 1693 5391 2640 5392 1730 5392 2639 5392 1698 5393 1730 5393 2640 5393 2639 5394 1731 5394 2637 5394 1730 5395 1731 5395 2639 5395 2637 5396 1732 5396 2636 5396 1731 5397 1732 5397 2637 5397 2636 5398 1728 5398 2634 5398 1732 5399 1728 5399 2636 5399 2634 5400 1727 5400 2632 5400 1728 5401 1727 5401 2634 5401 1727 5402 2635 5402 2632 5402 1727 5403 1729 5403 2635 5403 1729 5404 2641 5404 2635 5404 1729 5405 1749 5405 2641 5405 1749 5406 2643 5406 2641 5406 1749 5407 1748 5407 2643 5407 2711 5408 2712 5408 2655 5408 2711 5409 2655 5409 2658 5409 2713 5410 2658 5410 2670 5410 2713 5411 2711 5411 2658 5411 2714 5412 2713 5412 2670 5412 2714 5413 2670 5413 2669 5413 2712 5414 2669 5414 2655 5414 2712 5415 2714 5415 2669 5415 2711 5416 2714 5416 2712 5416 2713 5417 2714 5417 2711 5417</p>
        </triangles>
      </mesh>
    </geometry>
  </library_geometries>
  <library_materials>
    <material id="mat_SD_CARD_SMD_SD_CARD_11P_SD_CARD_SMD_SD_CARD_11P_HwOR001_shape002" name="SD_CARD_SMD_SD_CARD_11P_SD_CARD_SMD_SD_CARD_11P_HwOR001_shape002">
      <instance_effect url="#effect_SD_CARD_SMD_SD_CARD_11P_SD_CARD_SMD_SD_CARD_11P_HwOR001_shape002"/>
    </material>
  </library_materials>
  <library_visual_scenes>
    <visual_scene id="myscene">
      <node id="node0" name="node0">
        <instance_geometry url="#geometry0">
          <bind_material>
            <technique_common>
              <instance_material symbol="ref_SD_CARD_SMD_SD_CARD_11P_SD_CARD_SMD_SD_CARD_11P_HwOR001_shape002" target="#mat_SD_CARD_SMD_SD_CARD_11P_SD_CARD_SMD_SD_CARD_11P_HwOR001_shape002"/>
            </technique_common>
          </bind_material>
        </instance_geometry>
      </node>
    </visual_scene>
  </library_visual_scenes>
  <scene>
    <instance_visual_scene url="#myscene"/>
  </scene>
</COLLADA>
