<COLLADA xmlns="http://www.collada.org/2005/11/COLLADASchema" version="1.4.1">
  <asset>
    <contributor/>
    <created>2026-09-16T16:52:39.214186</created>
    <modified>2026-09-16T16:52:39.214186</modified>
    <unit name="meter" meter="1.0"/>
    <up_axis>Z_UP</up_axis>
  </asset>
  <library_effects>
    <effect id="effect_SOT_23_3_L2_9_W1_3_P1_90_LS2_4_BR_SOT_23_3P_L2_9_W1_3_H1_0_LS2_4_P0_95_HwOR003_shape002" name="effect_SOT_23_3_L2_9_W1_3_P1_90_LS2_4_BR_SOT_23_3P_L2_9_W1_3_H1_0_LS2_4_P0_95_HwOR003_shape002">
      <profile_COMMON>
        <technique sid="common">
          <phong>
            <emission>
              <color>0.0 0.0 0.0 1.0</color>
            </emission>
            <ambient>
              <color>0.0 0.0 0.0 1.0</color>
            </ambient>
            <diffuse>
              <color>0.67843097448349 0.7098039984703064 0.7411760091781616 1.0</color>
            </diffuse>
            <specular>
              <color>1 1 1 1.0</color>
            </specular>
            <shininess>
              <float>0.0</float>
            </shininess>
            <reflective>
              <color>0.0 0.0 0.0 1.0</color>
            </reflective>
            <reflectivity>
              <float>0.0</float>
            </reflectivity>
            <transparent>
              <color>0.0 0.0 0.0 1.0</color>
            </transparent>
            <transparency>
              <float>1.0</float>
            </transparency>
          </phong>
        </technique>
        <extra>
          <technique profile="GOOGLEEARTH">
            <double_sided>0</double_sided>
          </technique>
        </extra>
      </profile_COMMON>
    </effect>
  </library_effects>
  <library_geometries>
    <geometry id="geometry0" name="SOT_23_3_L2_9_W1_3_P1_90_LS2_4_BR_SOT_23_3P_L2_9_W1_3_H1_0_LS2_4_P0_95_HwOR003_shape002">
      <mesh>
        <source id="cubeverts-array0">
          <float_array count="5175" id="cubeverts-array0-array">0.0003532341 -0.001026731 0.001046868 0.000316704 -0.0009385394 0.001046868 0.0003532341 -0.001026731 0.0009969798 0.000316704 -0.0009385394 0.0009969798 0.0002285125 -0.0009020092 0.001046868 0.0002285125 -0.0009020092 0.0009969798 0.000140321 -0.0009385394 0.001046868 0.000140321 -0.0009385394 0.0009969798 0.0001037909 -0.001026731 0.001046868 0.0001037909 -0.001026731 0.0009969798 0.000140321 -0.001114922 0.001046868 0.000140321 -0.001114922 0.0009969798 0.0002285125 -0.001151453 0.001046868 0.0002285125 -0.001151453 0.0009969798 0.000316704 -0.001114922 0.001046868 0.000316704 -0.001114922 0.0009969798 0.0005278444 0.001326037 4.909542e-05 0.0001033721 0.0002803288 4.909542e-05 0.0001033721 0.0003825397 4.909542e-05 -9.618253e-05 0.0003825397 4.909542e-05 -0.000527819 0.001326037 4.909542e-05 0.0001058057 0.0001697524 4.909542e-05 8.146973e-05 0.0002803288 4.909542e-05 7.359231e-06 0.0002632936 4.909542e-05 8.146973e-05 0.0003557701 4.909542e-05 -9.618253e-05 0.0003557701 4.909542e-05 8.390333e-05 0.000166064 4.909542e-05 7.112697e-05 0.0001148445 4.909542e-05 5.724161e-06 0.0002365241 4.909542e-05 0.0001033721 7.590698e-05 4.909542e-05 9.30293e-05 0.0001148445 4.909542e-05 0.0001033721 -3.11711e-05 4.909542e-05 -9.861612e-05 0.0001618052 4.909542e-05 -6.393743e-05 0.0001148445 4.909542e-05 -7.671379e-05 0.000161577 4.909542e-05 0.0001033721 -7.010858e-05 4.909542e-05 8.146973e-05 -3.11711e-05 4.909542e-05 1.332914e-05 -2.143673e-05 4.909542e-05 8.146973e-05 4.913746e-05 4.909542e-05 1.332914e-05 4.913746e-05 4.909542e-05 -9.618253e-05 7.590698e-05 4.909542e-05 -9.070694e-05 0.0001148445 4.909542e-05 -8.573195e-06 4.913746e-05 4.909542e-05 -8.573195e-06 -2.143673e-05 4.909542e-05 -7.428019e-05 4.913746e-05 4.909542e-05 -7.428019e-05 -2.630391e-05 4.909542e-05 -9.618253e-05 -2.630391e-05 4.909542e-05 -9.618253e-05 -7.010858e-05 4.909542e-05 0.0001033721 -0.0002453272 4.909542e-05 1.085125e-06 -0.0002307257 4.909542e-05 0.0001033721 -0.0001243701 4.909542e-05 0.0001033721 -0.0002745304 4.909542e-05 4.739944e-05 -0.0003760188 4.909542e-05 4.739944e-05 -0.0002935808 4.909542e-05 0.0001033721 -0.00039621 4.909542e-05 -9.618253e-05 -0.0003207686 4.909542e-05 -9.618253e-05 -0.0001264234 4.909542e-05 0.0005278444 -0.001326063 4.909542e-05 0.0001033721 -0.0004254131 4.909542e-05 -9.618253e-05 -0.0003475381 4.909542e-05 -0.000527819 -0.001326063 4.909542e-05 0.0001303562 0.0006951045 0.001046868 0.0005278444 0.001326037 0.001046868 0.0001303562 0.0007285663 0.001046868 -4.441565e-05 0.000850246 0.001046868 -0.000527819 0.001326037 0.001046868 3.605451e-05 0.0007604122 0.001046868 3.605451e-05 0.0007285663 0.001046868 0.0001333982 0.0005515605 0.001046868 -0.000119087 0.0007656406 0.001046868 -9.722164e-07 0.0005802693 0.001046868 -3.54312e-07 0.0005802693 0.001046868 5.882192e-05 0.0006403486 0.001046868 -0.000119087 0.0006951045 0.001046868 -6.304784e-05 0.0006312227 0.001046868 1.476058e-05 0.000539345 0.001046868 8.700787e-05 0.0004943331 0.001046868 0.0001060203 0.0005515605 0.001046868 6.077069e-05 0.0006068867 0.001046868 1.476058e-05 0.000518669 0.001046868 4.518049e-05 0.0004456612 0.001046868 0.0001204698 0.0004943331 0.001046868 2.084456e-05 0.0004456612 0.001046868 -1.261734e-05 0.000518669 0.001046868 -9.475109e-05 0.0005523686 0.001046868 -1.261734e-05 0.0005382994 0.001046868 -5.530027e-05 0.0005977608 0.001046868 -0.000122129 0.000560639 0.001046868 -7.573865e-05 0.000503459 0.001046868 4.518049e-05 0.0003513595 0.001046868 5.882192e-05 0.0003057297 0.001046868 2.084456e-05 0.0003513595 0.001046868 0.0001333982 0.0002169415 0.001046868 0.0001303562 0.0001171262 0.001046868 0.0001204698 0.0001597141 0.001046868 -3.54312e-07 0.0002456503 0.001046868 -9.722164e-07 0.0002456503 0.001046868 -6.304784e-05 0.0002966037 0.001046868 -0.0001031166 0.000503459 0.001046868 0.0001029783 0.0001171262 0.001046868 8.700787e-05 0.0001597141 0.001046868 1.476058e-05 0.0002047261 0.001046868 0.0001060203 0.0002169415 0.001046868 6.077069e-05 0.0002722678 0.001046868 1.476058e-05 0.00018405 0.001046868 -9.475109e-05 0.0002177496 0.001046868 -1.261734e-05 0.0002036804 0.001046868 -5.530027e-05 0.0002631418 0.001046868 -0.000122129 0.00022602 0.001046868 -7.573865e-05 0.0001688401 0.001046868 -1.261734e-05 0.00018405 0.001046868 0.0001303562 -3.801531e-05 0.001046868 3.348784e-05 5.528825e-05 0.001046868 0.0001029783 -5.313912e-06 0.001046868 -5.530027e-05 0.0001110422 0.001046868 -0.0001031166 0.0001688401 0.001046868 2.084456e-05 -8.060318e-05 0.001046868 4.518049e-05 -8.060318e-05 0.001046868 1.827788e-05 2.971651e-05 0.001046868 -9.475109e-05 3.261591e-05 0.001046868 -5.287619e-05 8.062233e-05 0.001046868 -0.000122129 3.56579e-05 0.001046868 -6.442624e-05 -2.888934e-05 0.001046868 4.518049e-05 -0.0001749049 0.001046868 0.0001179981 -3.801531e-05 0.001046868 0.0001303562 -0.0002752906 0.001046868 2.084456e-05 -0.0001749049 0.001046868 -9.17091e-05 -0.0002022828 0.001046868 -9.494121e-05 -2.888934e-05 0.001046868 -0.000119087 -0.0002022828 0.001046868 -9.17091e-05 -0.0002752906 0.001046868 2.687679e-06 -0.0004030542 0.001046868 0.0001333982 -0.0005228326 0.001046868 0.0001303562 -0.0003087525 0.001046868 -9.17091e-05 -0.0003787183 0.001046868 -9.17091e-05 -0.0003087525 0.001046868 0.0001333982 -0.0007600604 0.001046868 6.604664e-05 -0.0006707494 0.001046868 8.581536e-06 -0.0006403295 0.001046868 -0.000122129 -0.0005187925 0.001046868 -0.000119087 -0.0003787183 0.001046868 0.0001204698 -0.000822849 0.001046868 -7.864227e-06 -0.0007363899 0.001046868 1.556861e-05 -0.0007618665 0.001046868 8.396587e-05 -0.000822849 0.001046868 0.0001060203 -0.0007563529 0.001046868 6.880344e-05 -0.0007042113 0.001046868 -7.878064e-05 -0.0006798754 0.001046868 -0.0001152845 -0.0006798754 0.001046868 0.0005278444 -0.001326063 0.001046868 -9.475109e-05 -0.0007372929 0.001046868 -5.848486e-05 -0.000789387 0.001046868 -0.000122129 -0.0007346312 0.001046868 -5.520521e-05 -0.000822849 0.001046868 -0.000527819 -0.001326063 0.001046868 -0.0006485397 -0.001396895 0.0006477592 -0.0006485397 0.00139687 0.0006477592 -0.0006485397 -0.001396895 0.0004482046 -0.0006485397 0.00139687 0.0004482046 -0.0005986511 -0.001446784 0.0006477592 -0.0005986511 -0.001446784 0.0004482046 0.0005986765 -0.001446784 0.0006477592 0.0005986765 -0.001446784 0.0004482046 0.0006485652 0.00139687 0.0006477592 0.0006485652 -0.001396895 0.0006477592 0.0006485652 0.00139687 0.0004482046 0.0006485652 -0.001396895 0.0004482046 0.0005986765 0.001446758 0.0004482046 -0.0005986511 0.001446758 0.0006477592 0.0005986765 0.001446758 0.0006477592 -0.0005986511 0.001446758 0.0004482046 0.0005991563 0.001446756 0.0004481931 0.0005989164 0.001446758 0.0004482017 0.0005993962 0.001446753 0.0004481786 0.0005996361 0.001446749 0.0004481585 0.0005278444 0.001374957 8.92001e-05 -0.0005991309 0.001446756 0.0004481931 -0.000598891 0.001446758 0.0004482017 -0.0005993708 0.001446753 0.0004481786 -0.0005996107 0.001446749 0.0004481585 -0.000527819 0.001374957 8.92001e-05 -0.0006485305 0.001397829 0.0004481585 -0.0005767388 0.001326037 8.92001e-05 -0.0005767388 -0.001326063 8.92001e-05 -0.0006485305 -0.001397854 0.0004481585 0.0006485559 -0.001397854 0.0004481585 0.0005767642 -0.001326063 8.92001e-05 0.0005767642 0.001326037 8.92001e-05 0.0006485559 0.001397829 0.0004481585 -0.0005991309 -0.001446781 0.0004481931 -0.000598891 -0.001446783 0.0004482017 -0.0005993708 -0.001446778 0.0004481786 -0.0005996107 -0.001446774 0.0004481585 -0.000527819 -0.001374983 8.92001e-05 0.0005991563 -0.001446781 0.0004481931 0.0005989164 -0.001446783 0.0004482017 0.0005993962 -0.001446778 0.0004481786 0.0005996361 -0.001446774 0.0004481585 0.0005278444 -0.001374983 8.92001e-05 0.0005989164 -0.001446783 0.0006477621 0.0005991563 -0.001446781 0.0006477708 0.0005993962 -0.001446778 0.0006477852 0.0005996361 -0.001446774 0.0006478053 0.0005278444 -0.001374983 0.001006764 -0.000527819 -0.001374983 0.001006764 -0.0005991309 -0.001446781 0.0006477708 -0.000598891 -0.001446783 0.0006477621 -0.0005993708 -0.001446778 0.0006477852 -0.0005996107 -0.001446774 0.0006478053 0.0006485559 0.001397829 0.0006478053 0.0005767642 0.001326037 0.001006764 0.0005767642 -0.001326063 0.001006764 0.0006485559 -0.001397854 0.0006478053 -0.0006485305 -0.001397854 0.0006478053 -0.0005767388 -0.001326063 0.001006764 -0.0005767388 0.001326037 0.001006764 -0.0006485305 0.001397829 0.0006478053 -0.000598891 0.001446758 0.0006477621 -0.0005991309 0.001446756 0.0006477708 -0.0005993708 0.001446753 0.0006477852 -0.0005996107 0.001446749 0.0006478053 -0.000527819 0.001374957 0.001006764 0.0005278444 0.001374957 0.001006764 0.0005991563 0.001446756 0.0006477708 0.0005989164 0.001446758 0.0006477621 0.0005993962 0.001446753 0.0006477852 0.0005996361 0.001446749 0.0006478053 0.0005278444 0.001348087 5.423261e-05 -0.000527819 0.001348087 5.423261e-05 0.0005278444 0.001365596 6.858619e-05 -0.000527819 0.001365596 6.858619e-05 -0.0005517513 0.001367793 8.584649e-05 -0.0005673772 0.001326037 6.858619e-05 -0.0005695745 0.00134997 8.584649e-05 -0.0005498686 0.001326037 5.423261e-05 -0.0005608954 0.001357666 7.912352e-05 -0.0005408071 0.001357666 6.265496e-05 0.0005517768 0.001367793 8.584649e-05 0.000549894 0.001326037 5.423261e-05 0.0005674025 0.001326037 6.858619e-05 0.0005695999 0.00134997 8.584649e-05 0.0005408325 0.001357666 6.265496e-05 0.0005609208 0.001357666 7.912352e-05 -0.0005498686 -0.001326063 5.423261e-05 -0.0005673772 -0.001326063 6.858619e-05 -0.0006445565 0.001416403 0.0004467265 -0.0006339277 0.001432146 0.000446225 -0.000618185 0.001442775 0.0004467265 0.0006445819 0.001416403 0.0004467265 0.0006339531 0.001432146 0.000446225 0.0006182104 0.001442775 0.0004467265 0.000549894 -0.001326063 5.423261e-05 0.0005674025 -0.001326063 6.858619e-05 -0.000527819 -0.001348112 5.423261e-05 0.0005278444 -0.001348112 5.423261e-05 -0.000527819 -0.001365621 6.858619e-05 0.0005278444 -0.001365621 6.858619e-05 -0.0005695745 -0.001349995 8.584649e-05 -0.0005517513 -0.001367818 8.584649e-05 -0.0005608954 -0.001357692 7.912352e-05 -0.0005408071 -0.001357692 6.265496e-05 -0.0006445565 0.001416403 0.0006492373 -0.0006339277 0.001432146 0.0006497388 -0.000618185 0.001442775 0.0006492373 0.0006182104 0.001442775 0.0006492373 0.0006339531 0.001432146 0.0006497388 0.0006445819 0.001416403 0.0006492373 0.0005695999 -0.001349995 8.584649e-05 0.0005517768 -0.001367818 8.584649e-05 0.0005408325 -0.001357692 6.265496e-05 0.0005609208 -0.001357692 7.912352e-05 -0.000618185 -0.0014428 0.0004467265 -0.0006339277 -0.001432171 0.000446225 -0.0006445565 -0.001416429 0.0004467265 -0.0005517513 0.001367793 0.001010117 -0.0005695745 0.00134997 0.001010117 -0.000527819 0.001348087 0.001041731 0.0005278444 0.001348087 0.001041731 -0.000527819 0.001365596 0.001027378 0.0005278444 0.001365596 0.001027378 0.0005517768 0.001367793 0.001010117 0.0005695999 0.00134997 0.001010117 0.0006182104 -0.0014428 0.0004467265 0.0006339531 -0.001432171 0.000446225 0.0006445819 -0.001416429 0.0004467265 -0.000618185 -0.0014428 0.0006492373 -0.0006339277 -0.001432171 0.0006497388 -0.0006445565 -0.001416429 0.0006492373 -0.0005498686 0.001326037 0.001041731 -0.0005673772 0.001326037 0.001027378 -0.0005408071 0.001357666 0.001033309 -0.0005608954 0.001357666 0.00101684 0.0005674025 0.001326037 0.001027378 0.000549894 0.001326037 0.001041731 0.0005609208 0.001357666 0.00101684 0.0005408325 0.001357666 0.001033309 0.0006445819 -0.001416429 0.0006492373 0.0006339531 -0.001432171 0.0006497388 0.0006182104 -0.0014428 0.0006492373 -0.0005695745 -0.001349995 0.001010117 -0.0005517513 -0.001367818 0.001010117 -0.0005498686 -0.001326063 0.001041731 -0.0005673772 -0.001326063 0.001027378 0.000549894 -0.001326063 0.001041731 0.0005674025 -0.001326063 0.001027378 0.0005695999 -0.001349995 0.001010117 0.0005517768 -0.001367818 0.001010117 -0.000527819 -0.001348112 0.001041731 -0.000527819 -0.001365621 0.001027378 -0.0005408071 -0.001357692 0.001033309 -0.0005608954 -0.001357692 0.00101684 0.0005278444 -0.001348112 0.001041731 0.0005278444 -0.001365621 0.001027378 0.0005609208 -0.001357692 0.00101684 0.0005408325 -0.001357692 0.001033309 8.396587e-05 -0.000822849 0.001036891 0.0001204698 -0.000822849 0.001036891 0.0001060203 -0.0007563529 0.001036891 6.880344e-05 -0.0007042113 0.001036891 1.556861e-05 -0.0007618665 0.001036891 -5.520521e-05 -0.000822849 0.001036891 -0.000122129 -0.0007346312 0.001036891 -0.0001152845 -0.0006798754 0.001036891 -7.878064e-05 -0.0006798754 0.001036891 -9.475109e-05 -0.0007372929 0.001036891 -5.848486e-05 -0.000789387 0.001036891 -7.864227e-06 -0.0007363899 0.001036891 6.604664e-05 -0.0006707494 0.001036891 0.0001333982 -0.0007600604 0.001036891 0.0001333982 -0.0005228326 0.001036891 8.581536e-06 -0.0006403295 0.001036891 -0.000122129 -0.0005187925 0.001036891 2.687679e-06 -0.0004030542 0.001036891 0.0001060203 -0.0005227376 0.001036891 6.347574e-06 -0.0004365161 0.001036891 -9.475109e-05 -0.0005206462 0.001036891 5.872263e-06 -0.0006068676 0.001036891 5.872263e-06 -0.0006068676 0.001046868 -9.475109e-05 -0.0005206462 0.001046868 6.347574e-06 -0.0004365161 0.001046868 0.0001060203 -0.0005227376 0.001046868 -0.000119087 -0.0002022828 0.001036891 -9.17091e-05 -0.0002022828 0.001036891 -9.17091e-05 -0.0002752906 0.001036891 0.0001303562 -0.0002752906 0.001036891 0.0001303562 -0.0003087525 0.001036891 -9.17091e-05 -0.0003087525 0.001036891 -9.17091e-05 -0.0003787183 0.001036891 -0.000119087 -0.0003787183 0.001036891 2.084456e-05 -8.060318e-05 0.001036891 4.518049e-05 -8.060318e-05 0.001036891 4.518049e-05 -0.0001749049 0.001036891 2.084456e-05 -0.0001749049 0.001036891 1.827788e-05 2.971651e-05 0.001036891 -5.287619e-05 8.062233e-05 0.001036891 -9.475109e-05 3.261591e-05 0.001036891 -6.442624e-05 -2.888934e-05 0.001036891 -9.494121e-05 -2.888934e-05 0.001036891 -0.000122129 3.56579e-05 0.001036891 -5.530027e-05 0.0001110422 0.001036891 3.348784e-05 5.528825e-05 0.001036891 0.0001029783 -5.313912e-06 0.001036891 0.0001029783 0.0001171262 0.001036891 0.0001303562 0.0001171262 0.001036891 0.0001303562 -3.801531e-05 0.001036891 0.0001179981 -3.801531e-05 0.001036891 8.700787e-05 0.0001597141 0.001036891 0.0001204698 0.0001597141 0.001036891 0.0001060203 0.0002169415 0.001036891 6.077069e-05 0.0002722678 0.001036891 1.476058e-05 0.0002047261 0.001036891 1.476058e-05 0.00018405 0.001036891 -1.261734e-05 0.00018405 0.001036891 -1.261734e-05 0.0002036804 0.001036891 -5.530027e-05 0.0002631418 0.001036891 -9.475109e-05 0.0002177496 0.001036891 -7.573865e-05 0.0001688401 0.001036891 -0.0001031166 0.0001688401 0.001036891 -0.000122129 0.00022602 0.001036891 -6.304784e-05 0.0002966037 0.001036891 -9.722164e-07 0.0002456503 0.001036891 -3.54312e-07 0.0002456503 0.001036891 5.882192e-05 0.0003057297 0.001036891 0.0001333982 0.0002169415 0.001036891 2.084456e-05 0.0004456612 0.001036891 4.518049e-05 0.0004456612 0.001036891 4.518049e-05 0.0003513595 0.001036891 2.084456e-05 0.0003513595 0.001036891 8.700787e-05 0.0004943331 0.001036891 0.0001204698 0.0004943331 0.001036891 0.0001060203 0.0005515605 0.001036891 6.077069e-05 0.0006068867 0.001036891 1.476058e-05 0.000539345 0.001036891 1.476058e-05 0.000518669 0.001036891 -1.261734e-05 0.000518669 0.001036891 -1.261734e-05 0.0005382994 0.001036891 -5.530027e-05 0.0005977608 0.001036891 -9.475109e-05 0.0005523686 0.001036891 -7.573865e-05 0.000503459 0.001036891 -0.0001031166 0.000503459 0.001036891 -0.000122129 0.000560639 0.001036891 -6.304784e-05 0.0006312227 0.001036891 -9.722164e-07 0.0005802693 0.001036891 -3.54312e-07 0.0005802693 0.001036891 5.882192e-05 0.0006403486 0.001036891 0.0001333982 0.0005515605 0.001036891 3.605451e-05 0.0007285663 0.001036891 3.605451e-05 0.0007604122 0.001036891 0.0001303562 0.0007285663 0.001036891 0.0001303562 0.0006951045 0.001036891 -0.000119087 0.0006951045 0.001036891 -0.000119087 0.0007656406 0.001036891 -4.441565e-05 0.000850246 0.001036891 -4.313231e-05 0.0008167841 0.001036891 8.676598e-06 0.000757798 0.001036891 8.676598e-06 0.0007285663 0.001036891 -9.17091e-05 0.00076084 0.001036891 -9.17091e-05 0.0007285663 0.001036891 -9.17091e-05 0.0007285663 0.001046868 -9.17091e-05 0.00076084 0.001046868 -4.313231e-05 0.0008167841 0.001046868 8.676598e-06 0.000757798 0.001046868 8.676598e-06 0.0007285663 0.001046868 -9.618253e-05 -0.0003475381 5.907315e-05 0.0001033721 -0.0004254131 5.907315e-05 0.0001033721 -0.00039621 5.907315e-05 4.739944e-05 -0.0003760188 5.907315e-05 4.739944e-05 -0.0002935808 5.907315e-05 0.0001033721 -0.0002745304 5.907315e-05 0.0001033721 -0.0002453272 5.907315e-05 -9.618253e-05 -0.0003207686 5.907315e-05 2.54971e-05 -0.0003003112 5.907315e-05 2.54971e-05 -0.0003670449 5.907315e-05 -7.18466e-05 -0.0003339252 5.907315e-05 -7.18466e-05 -0.0003332788 5.907315e-05 -5.785345e-05 -0.0003300847 5.907315e-05 -5.785345e-05 -0.0003370053 5.907315e-05 2.54971e-05 -0.0003670449 4.909542e-05 2.54971e-05 -0.0003003112 4.909542e-05 -5.785345e-05 -0.0003300847 4.909542e-05 -7.18466e-05 -0.0003332788 4.909542e-05 -7.18466e-05 -0.0003339252 4.909542e-05 -5.785345e-05 -0.0003370053 4.909542e-05 0.0001033721 -0.0001243701 5.907315e-05 0.0001033721 -7.010858e-05 5.907315e-05 -9.618253e-05 -7.010858e-05 5.907315e-05 -9.618253e-05 -0.0001264234 5.907315e-05 1.085125e-06 -0.0002307257 5.907315e-05 -7.428019e-05 -9.68781e-05 5.907315e-05 -7.428019e-05 -0.0001263094 5.907315e-05 8.146973e-05 -9.68781e-05 5.907315e-05 1.655499e-06 -0.0002039562 5.907315e-05 8.146973e-05 -0.0001252066 5.907315e-05 -7.428019e-05 -0.0001263094 4.909542e-05 -7.428019e-05 -9.68781e-05 4.909542e-05 1.655499e-06 -0.0002039562 4.909542e-05 8.146973e-05 -0.0001252066 4.909542e-05 8.146973e-05 -9.68781e-05 4.909542e-05 8.146973e-05 -3.11711e-05 5.907315e-05 0.0001033721 -3.11711e-05 5.907315e-05 0.0001033721 7.590698e-05 5.907315e-05 -9.618253e-05 7.590698e-05 5.907315e-05 -9.618253e-05 -2.630391e-05 5.907315e-05 -7.428019e-05 -2.630391e-05 5.907315e-05 -7.428019e-05 4.913746e-05 5.907315e-05 -8.573195e-06 4.913746e-05 5.907315e-05 -8.573195e-06 -2.143673e-05 5.907315e-05 1.332914e-05 -2.143673e-05 5.907315e-05 1.332914e-05 4.913746e-05 5.907315e-05 8.146973e-05 4.913746e-05 5.907315e-05 7.112697e-05 0.0001148445 5.907315e-05 9.30293e-05 0.0001148445 5.907315e-05 0.0001058057 0.0001697524 5.907315e-05 7.359231e-06 0.0002632936 5.907315e-05 -9.861612e-05 0.0001618052 5.907315e-05 -9.070694e-05 0.0001148445 5.907315e-05 -6.393743e-05 0.0001148445 5.907315e-05 -7.671379e-05 0.000161577 5.907315e-05 5.724161e-06 0.0002365241 5.907315e-05 8.390333e-05 0.000166064 5.907315e-05 8.146973e-05 0.0002803288 5.907315e-05 0.0001033721 0.0002803288 5.907315e-05 0.0001033721 0.0003825397 5.907315e-05 -9.618253e-05 0.0003825397 5.907315e-05 -9.618253e-05 0.0003557701 5.907315e-05 8.146973e-05 0.0003557701 5.907315e-05 0.001234143 -0.001146115 5.00102e-06 0.001239468 -0.001146115 9.629727e-06 0.001234491 -0.001147452 9.977733e-06 0.001242763 -0.001137474 4.398257e-06 0.001244445 -0.001137474 9.281721e-06 0.001243111 -0.001142463 9.374969e-06 0.001233795 -0.001137474 2.430792e-08 0.001238865 -0.001137474 1.009808e-06 0.001233889 -0.001142463 1.357814e-06 0.001240806 -0.001144529 6.829664e-06 0.00123673 -0.001144529 3.287005e-06 0.001149815 -0.001137474 5.896785e-06 0.001149815 -0.0007583202 5.896785e-06 0.001233795 -0.0007583202 2.430792e-08 0.00124006 -0.0007483425 8.960513e-05 0.001234491 -0.0007483425 9.977733e-06 0.001150511 -0.0007483425 1.585021e-05 0.001156079 -0.0007483425 9.54776e-05 0.001156775 -0.001137474 0.000105431 0.001240756 -0.001137474 9.955855e-05 0.001240756 -0.0007583202 9.955855e-05 0.001156775 -0.0007583202 0.000105431 0.00124006 -0.001147452 8.960513e-05 0.001156079 -0.001147452 9.54776e-05 0.001150511 -0.001147452 1.585021e-05 0.0009818429 -0.001137474 8.782229e-05 0.0009328154 -0.001137474 0.0001694178 0.0009328154 -0.0007583202 0.0001694178 0.0009818429 -0.0007583202 8.782229e-05 0.001057867 -0.0007583202 3.05343e-05 0.001057867 -0.001137474 3.05343e-05 0.001097232 -0.0007483425 0.0001112456 0.001062241 -0.0007483425 3.950222e-05 0.0009892579 -0.0007483425 9.449869e-05 0.001048577 -0.0007483425 0.0001479099 0.001017199 -0.0007483425 0.000200131 0.0009421914 -0.0007483425 0.0001728304 0.001026575 -0.001137474 0.0002035436 0.001055992 -0.001137474 0.0001545863 0.001026575 -0.0007583202 0.0002035436 0.001055992 -0.0007583202 0.0001545863 0.001101606 -0.001137474 0.0001202135 0.001101606 -0.0007583202 0.0001202135 0.0009892579 -0.001147452 9.449869e-05 0.001017199 -0.001147452 0.000200131 0.0009421914 -0.001147452 0.0001728304 0.001048577 -0.001147452 0.0001479099 0.001097232 -0.001147452 0.0001112456 0.001062241 -0.001147452 3.950222e-05 0.0008490301 -0.001137474 0.0003996161 0.0008490301 -0.0007583202 0.0003996161 0.0009334141 -0.0007483425 0.0004303294 0.0008584061 -0.0007483425 0.0004030287 0.0009427901 -0.001137474 0.0004337419 0.0009427901 -0.0007583202 0.0004337419 0.0009334141 -0.001147452 0.0004303294 0.0008584061 -0.001147452 0.0004030287 0.0007083901 -0.0007583202 0.0004980933 0.0007676697 -0.0007583202 0.000485853 0.0007083901 -0.001137474 0.0004980933 0.0007676697 -0.001137474 0.000485853 0.0008172532 -0.0007583202 0.0004511343 0.0008172532 -0.001137474 0.0004511343 0.0007083901 -0.0007483425 0.0005878928 0.0007716218 -0.0007483425 0.0004950147 0.0007083901 -0.0007483425 0.000508071 0.0008032376 -0.0007483425 0.0005683084 0.0008245107 -0.0007483425 0.0004579815 0.000882571 -0.0007483425 0.0005127586 0.0007833992 -0.0007583202 0.0005863256 0.0007083901 -0.0007583202 0.0005978706 0.0007083901 -0.001137474 0.0005978706 0.0007833992 -0.001137474 0.0005863256 0.0008514649 -0.0007583202 0.0005527593 0.0008514649 -0.001137474 0.0005527593 0.0009062867 -0.0007583202 0.0005002788 0.0009062867 -0.001137474 0.0005002788 0.0007716218 -0.001147452 0.0004950147 0.0007083901 -0.001147452 0.0005878928 0.0007083901 -0.001147452 0.000508071 0.0008032376 -0.001147452 0.0005683084 0.0008245107 -0.001147452 0.0004579815 0.000882571 -0.001147452 0.0005127586 0.0006485652 -0.001147452 0.000508071 0.0006485652 -0.001147452 0.0005878928 0.0006485652 -0.0007583202 0.0004980933 0.0006485652 -0.001137474 0.0004980933 0.0006485652 -0.0007483425 0.0005878928 0.0006485652 -0.0007483425 0.000508071 0.0006485652 -0.001137474 0.0005978706 0.0006485652 -0.0007583202 0.0005978706 0.001250013 -0.001137474 8.890912e-05 0.001244445 -0.0007583202 9.281721e-06 0.001250013 -0.0007583202 8.890912e-05 0.0006485652 -0.0007496792 0.0005030822 0.0006485652 -0.0007533313 0.00049943 0.0006485652 -0.0007533313 0.0005965338 0.0006485652 -0.0007496792 0.0005928817 0.0006485652 -0.001142463 0.00049943 0.0006485652 -0.001146115 0.0005030822 0.0006485652 -0.001146115 0.0005928817 0.0006485652 -0.001142463 0.0005965338 0.0007083901 -0.0007533313 0.0005965338 0.0007083901 -0.0007496792 0.0005928817 0.0007829972 -0.0007533313 0.0005850507 0.000781899 -0.0007496792 0.0005815676 0.0008506981 -0.0007533313 0.0005516642 0.0008486034 -0.0007496792 0.0005486726 0.0008861998 -0.0007496792 0.0005161821 0.0009052262 -0.0007533313 0.000499465 0.0009415339 -0.0007533313 0.0004332847 0.0009023288 -0.0007496792 0.0004972417 0.0009381021 -0.0007496792 0.0004320357 0.0007083901 -0.001146115 0.0005928817 0.0007083901 -0.001142463 0.0005965338 0.001021887 -0.0007496792 0.0002018373 0.001025319 -0.0007533313 0.0002030864 0.0007083901 -0.0007496792 0.0005030822 0.0007083901 -0.0007533313 0.00049943 0.0009415339 -0.001142463 0.0004332847 0.0009052262 -0.001142463 0.000499465 0.0009023288 -0.001146115 0.0004972417 0.0009381021 -0.001146115 0.0004320357 0.0008861998 -0.001146115 0.0005161821 0.0008506981 -0.001142463 0.0005516642 0.0008486034 -0.001146115 0.0005486726 0.0008052136 -0.001146115 0.0005728893 0.001156682 -0.0007533313 0.0001040975 0.001099419 -0.0007496792 0.0001157296 0.001156427 -0.0007496792 0.0001004543 0.00110102 -0.0007533313 0.0001190121 0.001052284 -0.0007496792 0.0001512481 0.001054999 -0.0007533313 0.0001536919 0.0008537181 -0.0007496792 0.0004013224 0.0008502862 -0.0007533313 0.0004000733 0.0007696458 -0.0007496792 0.0004904339 0.0007681992 -0.0007533313 0.0004870804 0.000820882 -0.0007496792 0.0004545579 0.0008182255 -0.0007533313 0.0004520517 0.001025319 -0.001142463 0.0002030864 0.001021887 -0.001146115 0.0002018373 0.001240408 -0.0007496792 9.458184e-05 0.001240662 -0.0007533313 9.822505e-05 0.0009340716 -0.0007533313 0.000169875 0.0009375034 -0.0007496792 0.0001711241 0.001156427 -0.001146115 0.0001004543 0.001156682 -0.001142463 0.0001040975 0.001052284 -0.001146115 0.0001512481 0.001054999 -0.001142463 0.0001536919 0.001099419 -0.001146115 0.0001157296 0.00110102 -0.001142463 0.0001190121 0.001245639 -0.0007583202 9.787704e-05 0.00124868 -0.0007533313 8.900236e-05 0.001249027 -0.0007583202 9.397908e-05 0.001245036 -0.0007496792 8.925712e-05 0.001243208 -0.0007512649 9.591918e-05 0.00124675 -0.0007512649 9.184381e-05 0.001150163 -0.0007496792 1.08735e-05 0.001058453 -0.0007533313 3.173577e-05 0.001149908 -0.0007533313 7.230291e-06 0.001060054 -0.0007496792 3.501826e-05 0.0009828364 -0.0007533313 8.871676e-05 0.0009855504 -0.0007496792 9.116049e-05 0.001240662 -0.001142463 9.822505e-05 0.001240408 -0.001146115 9.458184e-05 0.001249027 -0.001137474 9.397908e-05 0.001245639 -0.001137474 9.787704e-05 0.001243111 -0.0007533313 9.374969e-06 0.001239468 -0.0007496792 9.629727e-06 0.001233889 -0.0007533313 1.357814e-06 0.001234143 -0.0007496792 5.00102e-06 0.001245036 -0.001146115 8.925712e-05 0.00124868 -0.001142463 8.900236e-05 0.001243208 -0.001144529 9.591918e-05 0.00124675 -0.001144529 9.184381e-05 0.001242763 -0.0007583202 4.398257e-06 0.001238865 -0.0007583202 1.009808e-06 0.001240806 -0.0007512649 6.829664e-06 0.00123673 -0.0007512649 3.287005e-06 0.001150163 -0.001146115 1.08735e-05 0.001149908 -0.001142463 7.230291e-06 0.0009375034 -0.001146115 0.0001711241 0.0009828364 -0.001142463 8.871676e-05 0.0009340716 -0.001142463 0.000169875 0.0009855504 -0.001146115 9.116049e-05 0.001058453 -0.001142463 3.173577e-05 0.001060054 -0.001146115 3.501826e-05 0.0008537181 -0.001146115 0.0004013224 0.0008502862 -0.001142463 0.0004000733 0.0007083901 -0.001146115 0.0005030822 0.000820882 -0.001146115 0.0004545579 0.0008182255 -0.001142463 0.0004520517 0.0007696458 -0.001146115 0.0004904339 0.0007681992 -0.001142463 0.0004870804 0.0007083901 -0.001142463 0.00049943 0.001234143 0.0007496538 5.00102e-06 0.001239468 0.0007496538 9.629727e-06 0.001234491 0.0007483171 9.977733e-06 0.001242763 0.0007582948 4.398257e-06 0.001244445 0.0007582948 9.281721e-06 0.001243111 0.0007533059 9.374969e-06 0.001233795 0.0007582948 2.430792e-08 0.001238865 0.0007582948 1.009808e-06 0.001233889 0.0007533059 1.357814e-06 0.001240806 0.0007512395 6.829664e-06 0.00123673 0.0007512395 3.287005e-06 0.001149815 0.0007582948 5.896785e-06 0.001149815 0.001137449 5.896785e-06 0.001233795 0.001137449 2.430792e-08 0.00124006 0.001147426 8.960513e-05 0.001234491 0.001147426 9.977733e-06 0.001150511 0.001147426 1.585021e-05 0.001156079 0.001147426 9.54776e-05 0.001156775 0.0007582948 0.000105431 0.001240756 0.0007582948 9.955855e-05 0.001240756 0.001137449 9.955855e-05 0.001156775 0.001137449 0.000105431 0.00124006 0.0007483171 8.960513e-05 0.001156079 0.0007483171 9.54776e-05 0.001150511 0.0007483171 1.585021e-05 0.0009818429 0.0007582948 8.782229e-05 0.0009328154 0.0007582948 0.0001694178 0.0009328154 0.001137449 0.0001694178 0.0009818429 0.001137449 8.782229e-05 0.001057867 0.0007582948 3.05343e-05 0.001057867 0.001137449 3.05343e-05 0.001097232 0.001147426 0.0001112456 0.001062241 0.001147426 3.950222e-05 0.0009892579 0.001147426 9.449869e-05 0.001048577 0.001147426 0.0001479099 0.001017199 0.001147426 0.000200131 0.0009421914 0.001147426 0.0001728304 0.001026575 0.001137449 0.0002035436 0.001026575 0.0007582948 0.0002035436 0.001055992 0.001137449 0.0001545863 0.001055992 0.0007582948 0.0001545863 0.001101606 0.001137449 0.0001202135 0.001101606 0.0007582948 0.0001202135 0.0009892579 0.0007483171 9.449869e-05 0.001017199 0.0007483171 0.000200131 0.0009421914 0.0007483171 0.0001728304 0.001048577 0.0007483171 0.0001479099 0.001097232 0.0007483171 0.0001112456 0.001062241 0.0007483171 3.950222e-05 0.0008490301 0.0007582948 0.0003996161 0.0008490301 0.001137449 0.0003996161 0.0009334141 0.001147426 0.0004303294 0.0008584061 0.001147426 0.0004030287 0.0009427901 0.0007582948 0.0004337419 0.0009427901 0.001137449 0.0004337419 0.0009334141 0.0007483171 0.0004303294 0.0008584061 0.0007483171 0.0004030287 0.0007083901 0.001137449 0.0004980933 0.0007676697 0.001137449 0.000485853 0.0007083901 0.0007582948 0.0004980933 0.0007676697 0.0007582948 0.000485853 0.0008172532 0.001137449 0.0004511343 0.0008172532 0.0007582948 0.0004511343 0.0007083901 0.001147426 0.0005878928 0.0007716218 0.001147426 0.0004950147 0.0007083901 0.001147426 0.000508071 0.0008032376 0.001147426 0.0005683084 0.0008245107 0.001147426 0.0004579815 0.000882571 0.001147426 0.0005127586 0.0007833992 0.001137449 0.0005863256 0.0007083901 0.001137449 0.0005978706 0.0007083901 0.0007582948 0.0005978706 0.0007833992 0.0007582948 0.0005863256 0.0008514649 0.001137449 0.0005527593 0.0008514649 0.0007582948 0.0005527593 0.0009062867 0.001137449 0.0005002788 0.0009062867 0.0007582948 0.0005002788 0.0007716218 0.0007483171 0.0004950147 0.0007083901 0.0007483171 0.0005878928 0.0007083901 0.0007483171 0.000508071 0.0008032376 0.0007483171 0.0005683084 0.0008245107 0.0007483171 0.0004579815 0.000882571 0.0007483171 0.0005127586 0.0006485652 0.0007483171 0.000508071 0.0006485652 0.0007483171 0.0005878928 0.0006485652 0.001137449 0.0004980933 0.0006485652 0.0007582948 0.0004980933 0.0006485652 0.001147426 0.0005878928 0.0006485652 0.001147426 0.000508071 0.0006485652 0.0007582948 0.0005978706 0.0006485652 0.001137449 0.0005978706 0.001250013 0.0007582948 8.890912e-05 0.001244445 0.001137449 9.281721e-06 0.001250013 0.001137449 8.890912e-05 0.0006485652 0.001146089 0.0005030822 0.0006485652 0.001142437 0.00049943 0.0006485652 0.001142437 0.0005965338 0.0006485652 0.001146089 0.0005928817 0.0006485652 0.0007533059 0.00049943 0.0006485652 0.0007496538 0.0005030822 0.0006485652 0.0007496538 0.0005928817 0.0006485652 0.0007533059 0.0005965338 0.0007083901 0.001142437 0.0005965338 0.0007083901 0.001146089 0.0005928817 0.0007829972 0.001142437 0.0005850507 0.000781899 0.001146089 0.0005815676 0.0008506981 0.001142437 0.0005516642 0.0008486034 0.001146089 0.0005486726 0.0008861998 0.001146089 0.0005161821 0.0009052262 0.001142437 0.000499465 0.0009415339 0.001142437 0.0004332847 0.0009023288 0.001146089 0.0004972417 0.0009381021 0.001146089 0.0004320357 0.0007083901 0.0007496538 0.0005928817 0.0007083901 0.0007533059 0.0005965338 0.001021887 0.001146089 0.0002018373 0.001025319 0.001142437 0.0002030864 0.0007083901 0.001146089 0.0005030822 0.0007083901 0.001142437 0.00049943 0.0009415339 0.0007533059 0.0004332847 0.0009052262 0.0007533059 0.000499465 0.0009023288 0.0007496538 0.0004972417 0.0009381021 0.0007496538 0.0004320357 0.0008861998 0.0007496538 0.0005161821 0.0008506981 0.0007533059 0.0005516642 0.0008486034 0.0007496538 0.0005486726 0.0008052136 0.0007496538 0.0005728893 0.001156682 0.001142437 0.0001040975 0.001099419 0.001146089 0.0001157296 0.001156427 0.001146089 0.0001004543 0.00110102 0.001142437 0.0001190121 0.001052284 0.001146089 0.0001512481 0.001054999 0.001142437 0.0001536919 0.0008537181 0.001146089 0.0004013224 0.0008502862 0.001142437 0.0004000733 0.0007696458 0.001146089 0.0004904339 0.0007681992 0.001142437 0.0004870804 0.000820882 0.001146089 0.0004545579 0.0008182255 0.001142437 0.0004520517 0.001025319 0.0007533059 0.0002030864 0.001021887 0.0007496538 0.0002018373 0.001240408 0.001146089 9.458184e-05 0.001240662 0.001142437 9.822505e-05 0.0009340716 0.001142437 0.000169875 0.0009375034 0.001146089 0.0001711241 0.001156427 0.0007496538 0.0001004543 0.001156682 0.0007533059 0.0001040975 0.001052284 0.0007496538 0.0001512481 0.001054999 0.0007533059 0.0001536919 0.001099419 0.0007496538 0.0001157296 0.00110102 0.0007533059 0.0001190121 0.001245639 0.001137449 9.787704e-05 0.00124868 0.001142437 8.900236e-05 0.001249027 0.001137449 9.397908e-05 0.001245036 0.001146089 8.925712e-05 0.001243208 0.001144504 9.591918e-05 0.00124675 0.001144504 9.184381e-05 0.001150163 0.001146089 1.08735e-05 0.001058453 0.001142437 3.173577e-05 0.001149908 0.001142437 7.230291e-06 0.001060054 0.001146089 3.501826e-05 0.0009828364 0.001142437 8.871676e-05 0.0009855504 0.001146089 9.116049e-05 0.001240662 0.0007533059 9.822505e-05 0.001240408 0.0007496538 9.458184e-05 0.001249027 0.0007582948 9.397908e-05 0.001245639 0.0007582948 9.787704e-05 0.001243111 0.001142437 9.374969e-06 0.001239468 0.001146089 9.629727e-06 0.001233889 0.001142437 1.357814e-06 0.001234143 0.001146089 5.00102e-06 0.001245036 0.0007496538 8.925712e-05 0.00124868 0.0007533059 8.900236e-05 0.001243208 0.0007512395 9.591918e-05 0.00124675 0.0007512395 9.184381e-05 0.001242763 0.001137449 4.398257e-06 0.001238865 0.001137449 1.009808e-06 0.001240806 0.001144504 6.829664e-06 0.00123673 0.001144504 3.287005e-06 0.001150163 0.0007496538 1.08735e-05 0.001149908 0.0007533059 7.230291e-06 0.0009375034 0.0007496538 0.0001711241 0.0009828364 0.0007533059 8.871676e-05 0.0009340716 0.0007533059 0.000169875 0.0009855504 0.0007496538 9.116049e-05 0.001058453 0.0007533059 3.173577e-05 0.001060054 0.0007496538 3.501826e-05 0.0008537181 0.0007496538 0.0004013224 0.0008502862 0.0007533059 0.0004000733 0.0007083901 0.0007496538 0.0005030822 0.000820882 0.0007496538 0.0004545579 0.0008182255 0.0007533059 0.0004520517 0.0007696458 0.0007496538 0.0004904339 0.0007681992 0.0007533059 0.0004870804 0.0007083901 0.0007533059 0.00049943 -0.001233863 0.000194553 1.357814e-06 -0.00123377 0.0001895642 2.430792e-08 -0.00123884 0.0001895642 1.009808e-06 -0.001243086 0.000194553 9.374969e-06 -0.001242738 0.0001895642 4.398257e-06 -0.001244419 0.0001895642 9.281721e-06 -0.001234466 0.0001995419 9.977733e-06 -0.001234118 0.0001982051 5.00102e-06 -0.001239443 0.0001982051 9.629727e-06 -0.001236705 0.0001966195 3.287005e-06 -0.00124078 0.0001966195 6.829664e-06 -0.00114979 0.0001895642 5.896785e-06 -0.00114979 -0.0001895896 5.896785e-06 -0.00123377 -0.0001895896 2.430792e-08 -0.001156054 -0.0001995673 9.54776e-05 -0.001234466 -0.0001995673 9.977733e-06 -0.001150486 -0.0001995673 1.585021e-05 -0.001240034 -0.0001995673 8.960513e-05 -0.00115675 0.0001895642 0.000105431 -0.00124073 0.0001895642 9.955855e-05 -0.00124073 -0.0001895896 9.955855e-05 -0.00115675 -0.0001895896 0.000105431 -0.001156054 0.0001995419 9.54776e-05 -0.001150486 0.0001995419 1.585021e-05 -0.001240034 0.0001995419 8.960513e-05 -0.0009818175 0.0001895642 8.782229e-05 -0.00093279 0.0001895642 0.0001694178 -0.00093279 -0.0001895896 0.0001694178 -0.0009818175 -0.0001895896 8.782229e-05 -0.001057841 0.0001895642 3.05343e-05 -0.001057841 -0.0001895896 3.05343e-05 -0.001048552 -0.0001995673 0.0001479099 -0.001062215 -0.0001995673 3.950222e-05 -0.0009892324 -0.0001995673 9.449869e-05 -0.001097207 -0.0001995673 0.0001112456 -0.001017174 -0.0001995673 0.000200131 -0.000942166 -0.0001995673 0.0001728304 -0.00102655 0.0001895642 0.0002035436 -0.001055966 0.0001895642 0.0001545863 -0.00102655 -0.0001895896 0.0002035436 -0.001055966 -0.0001895896 0.0001545863 -0.001101581 0.0001895642 0.0001202135 -0.001101581 -0.0001895896 0.0001202135 -0.0009892324 0.0001995419 9.449869e-05 -0.001017174 0.0001995419 0.000200131 -0.000942166 0.0001995419 0.0001728304 -0.001048552 0.0001995419 0.0001479099 -0.001062215 0.0001995419 3.950222e-05 -0.001097207 0.0001995419 0.0001112456 -0.0008490047 0.0001895642 0.0003996161 -0.0008490047 -0.0001895896 0.0003996161 -0.0009333887 -0.0001995673 0.0004303294 -0.0008583807 -0.0001995673 0.0004030287 -0.0009427647 0.0001895642 0.0004337419 -0.0009427647 -0.0001895896 0.0004337419 -0.0009333887 0.0001995419 0.0004303294 -0.0008583807 0.0001995419 0.0004030287 -0.0007083647 -0.0001895896 0.0004980933 -0.0007676443 -0.0001895896 0.000485853 -0.0007083647 0.0001895642 0.0004980933 -0.0007676443 0.0001895642 0.000485853 -0.0008172278 -0.0001895896 0.0004511343 -0.0008172278 0.0001895642 0.0004511343 -0.0007083647 -0.0001995673 0.0005878928 -0.0007715963 -0.0001995673 0.0004950147 -0.0007083647 -0.0001995673 0.000508071 -0.0008032122 -0.0001995673 0.0005683084 -0.0008244853 -0.0001995673 0.0004579815 -0.0008825456 -0.0001995673 0.0005127586 -0.0007833737 -0.0001895896 0.0005863256 -0.0007083647 -0.0001895896 0.0005978706 -0.0007083647 0.0001895642 0.0005978706 -0.0007833737 0.0001895642 0.0005863256 -0.0008514395 -0.0001895896 0.0005527593 -0.0008514395 0.0001895642 0.0005527593 -0.0009062613 -0.0001895896 0.0005002788 -0.0009062613 0.0001895642 0.0005002788 -0.0007715963 0.0001995419 0.0004950147 -0.0007083647 0.0001995419 0.0005878928 -0.0007083647 0.0001995419 0.000508071 -0.0008032122 0.0001995419 0.0005683084 -0.0008244853 0.0001995419 0.0004579815 -0.0008825456 0.0001995419 0.0005127586 -0.0006485397 0.0001995419 0.000508071 -0.0006485397 0.0001995419 0.0005878928 -0.0006485397 -0.0001895896 0.0004980933 -0.0006485397 0.0001895642 0.0004980933 -0.0006485397 -0.0001995673 0.0005878928 -0.0006485397 -0.0001995673 0.000508071 -0.0006485397 0.0001895642 0.0005978706 -0.0006485397 -0.0001895896 0.0005978706 -0.001249988 0.0001895642 8.890912e-05 -0.001244419 -0.0001895896 9.281721e-06 -0.001249988 -0.0001895896 8.890912e-05 -0.0006485397 -0.0001945784 0.00049943 -0.0006485397 -0.0001982305 0.0005030822 -0.0006485397 -0.0001945784 0.0005965338 -0.0006485397 -0.0001982305 0.0005928817 -0.0006485397 0.000194553 0.00049943 -0.0006485397 0.0001982051 0.0005030822 -0.0006485397 0.0001982051 0.0005928817 -0.0006485397 0.000194553 0.0005965338 -0.0007083647 -0.0001945784 0.0005965338 -0.0007083647 -0.0001982305 0.0005928817 -0.0009415085 -0.0001945784 0.0004332847 -0.0009380767 -0.0001982305 0.0004320357 -0.0007829717 -0.0001945784 0.0005850507 -0.0007818736 -0.0001982305 0.0005815676 -0.0008051881 -0.0001982305 0.0005728893 -0.0008506727 -0.0001945784 0.0005516642 -0.000848578 -0.0001982305 0.0005486726 -0.0008861744 -0.0001982305 0.0005161821 -0.0007083647 0.0001982051 0.0005928817 -0.0007083647 0.000194553 0.0005965338 -0.001021862 -0.0001982305 0.0002018373 -0.001025294 -0.0001945784 0.0002030864 -0.0007083647 -0.0001982305 0.0005030822 -0.0007083647 -0.0001945784 0.00049943 -0.0009052008 0.000194553 0.000499465 -0.0009415085 0.000194553 0.0004332847 -0.0009023034 0.0001982051 0.0004972417 -0.0009380767 0.0001982051 0.0004320357 -0.0008506727 0.000194553 0.0005516642 -0.000848578 0.0001982051 0.0005486726 -0.0008051881 0.0001982051 0.0005728893 -0.0007829717 0.000194553 0.0005850507 -0.0007818736 0.0001982051 0.0005815676 -0.001099394 -0.0001982305 0.0001157296 -0.001156402 -0.0001982305 0.0001004543 -0.001100995 -0.0001945784 0.0001190121 -0.001156657 -0.0001945784 0.0001040975 -0.001052259 -0.0001982305 0.0001512481 -0.001054973 -0.0001945784 0.0001536919 -0.0008536927 -0.0001982305 0.0004013224 -0.0007696204 -0.0001982305 0.0004904339 -0.0007681738 -0.0001945784 0.0004870804 -0.0008208566 -0.0001982305 0.0004545579 -0.0008182001 -0.0001945784 0.0004520517 -0.0008502609 -0.0001945784 0.0004000733 -0.001025294 0.000194553 0.0002030864 -0.001021862 0.0001982051 0.0002018373 -0.001240382 -0.0001982305 9.458184e-05 -0.001240637 -0.0001945784 9.822505e-05 -0.0009340461 -0.0001945784 0.000169875 -0.000937478 -0.0001982305 0.0001711241 -0.001156402 0.0001982051 0.0001004543 -0.001052259 0.0001982051 0.0001512481 -0.001054973 0.000194553 0.0001536919 -0.001099394 0.0001982051 0.0001157296 -0.001100995 0.000194553 0.0001190121 -0.001156657 0.000194553 0.0001040975 -0.001245011 -0.0001982305 8.925712e-05 -0.001249002 -0.0001895896 9.397908e-05 -0.001248654 -0.0001945784 8.900236e-05 -0.001245614 -0.0001895896 9.787704e-05 -0.001246725 -0.0001966449 9.184381e-05 -0.001243182 -0.0001966449 9.591918e-05 -0.001150138 -0.0001982305 1.08735e-05 -0.001058427 -0.0001945784 3.173577e-05 -0.001149883 -0.0001945784 7.230291e-06 -0.001060028 -0.0001982305 3.501826e-05 -0.000982811 -0.0001945784 8.871676e-05 -0.000985525 -0.0001982305 9.116049e-05 -0.001240637 0.000194553 9.822505e-05 -0.001240382 0.0001982051 9.458184e-05 -0.001249002 0.0001895642 9.397908e-05 -0.001245614 0.0001895642 9.787704e-05 -0.001243086 -0.0001945784 9.374969e-06 -0.001239443 -0.0001982305 9.629727e-06 -0.001233863 -0.0001945784 1.357814e-06 -0.001234118 -0.0001982305 5.00102e-06 -0.001248654 0.000194553 8.900236e-05 -0.001245011 0.0001982051 8.925712e-05 -0.001246725 0.0001966195 9.184381e-05 -0.001243182 0.0001966195 9.591918e-05 -0.00123884 -0.0001895896 1.009808e-06 -0.001242738 -0.0001895896 4.398257e-06 -0.001236705 -0.0001966449 3.287005e-06 -0.00124078 -0.0001966449 6.829664e-06 -0.001150138 0.0001982051 1.08735e-05 -0.001149883 0.000194553 7.230291e-06 -0.000937478 0.0001982051 0.0001711241 -0.000982811 0.000194553 8.871676e-05 -0.0009340461 0.000194553 0.000169875 -0.000985525 0.0001982051 9.116049e-05 -0.001058427 0.000194553 3.173577e-05 -0.001060028 0.0001982051 3.501826e-05 -0.0008536927 0.0001982051 0.0004013224 -0.0008502609 0.000194553 0.0004000733 -0.0007083647 0.000194553 0.00049943 -0.0008208566 0.0001982051 0.0004545579 -0.0008182001 0.000194553 0.0004520517 -0.0007696204 0.0001982051 0.0004904339 -0.0007083647 0.0001982051 0.0005030822 -0.0007681738 0.000194553 0.0004870804 -0.0003743151 0.000906354 0.001046868 -0.0003812556 0.000906354 0.001047866 -0.0003743151 0.000906354 0.001047866 -0.0003812556 0.000906354 0.001046868 -0.0003812556 0.0008821089 0.001047866 -0.0003812556 0.0008821089 0.001046868 -0.0004351922 0.0008821089 0.001047866 -0.0004351922 0.0008821089 0.001046868 -0.0004351922 0.0008742503 0.001047866 -0.0004351922 0.0008742503 0.001046868 -0.0003743151 0.0008742503 0.001047866 -0.0003743151 0.0008742503 0.001046868 -0.000373288 0.0009375706 0.001047866 -0.0003768361 0.0009544238 0.001046868 -0.0003768361 0.0009544238 0.001047866 -0.000373288 0.0009375706 0.001046868 -0.0003843679 0.0009544238 0.001047866 -0.0003843679 0.0009544238 0.001046868 -0.0003825853 0.0009509298 0.001046868 -0.0003825853 0.0009509298 0.001047866 -0.000381311 0.0009471432 0.001046868 -0.000381311 0.0009471432 0.001047866 -0.0003805459 0.0009430676 0.001046868 -0.0003805459 0.0009430676 0.001047866 -0.0003802907 0.0009387066 0.001046868 -0.0003802907 0.0009387066 0.001047866 -0.0003806917 0.0009341119 0.001046868 -0.0003806917 0.0009341119 0.001047866 -0.0003818943 0.0009299725 0.001046868 -0.0003818943 0.0009299725 0.001047866 -0.0003838981 0.0009262904 0.001046868 -0.0003838981 0.0009262904 0.001047866 -0.0003867021 0.0009230672 0.001046868 -0.0003867021 0.0009230672 0.001047866 -0.0004040689 0.0009170915 0.001046868 -0.0004040689 0.0009170915 0.001047866 -0.0004223694 0.0009234873 0.001046868 -0.0004223694 0.0009234873 0.001047866 -0.0004291232 0.000940076 0.001046868 -0.0004291232 0.000940076 0.001047866 -0.0004255129 0.0009544238 0.001046868 -0.0004255129 0.0009544238 0.001047866 -0.0004337294 0.0009544238 0.001047866 -0.0004337294 0.0009544238 0.001046868 -0.0004348179 0.0009513742 0.001046868 -0.0004348179 0.0009513742 0.001047866 -0.0004355961 0.0009479509 0.001046868 -0.0004355961 0.0009479509 0.001047866 -0.0004360634 0.0009441576 0.001046868 -0.0004360634 0.0009441576 0.001047866 -0.0004362192 0.0009399982 0.001046868 -0.0004362192 0.0009399982 0.001047866 -0.0004272557 0.0009176361 0.001046868 -0.0004272557 0.0009176361 0.001047866 -0.0004036021 0.0009088438 0.001046868 -0.0004036021 0.0009088438 0.001047866 -0.0003970898 0.0009093323 0.001046868 -0.0003970898 0.0009093323 0.001047866 -0.0003912503 0.0009107975 0.001046868 -0.0003912503 0.0009107975 0.001047866 -0.0003860857 0.0009132389 0.001046868 -0.0003860857 0.0009132389 0.001047866 -0.0003815979 0.0009166557 0.001046868 -0.0003815979 0.0009166557 0.001047866 -0.0003743151 0.0009993502 0.001046868 -0.0003812556 0.0009993502 0.001047866 -0.0003743151 0.0009993502 0.001047866 -0.0003812556 0.0009993502 0.001046868 -0.0003812556 0.0009744672 0.001047866 -0.0003812556 0.0009744672 0.001046868 -0.0004017347 0.0009744672 0.001047866 -0.0004017347 0.0009744672 0.001046868 -0.0004017347 0.0009962379 0.001047866 -0.0004017347 0.0009962379 0.001046868 -0.0004087063 0.0009962379 0.001047866 -0.0004087063 0.0009962379 0.001046868 -0.0004087063 0.0009744672 0.001047866 -0.0004087063 0.0009744672 0.001046868 -0.0004281895 0.0009744672 0.001047866 -0.0004281895 0.0009744672 0.001046868 -0.0004281895 0.0009979653 0.001047866 -0.0004281895 0.0009979653 0.001046868 -0.0004351922 0.0009979653 0.001047866 -0.0004351922 0.0009979653 0.001046868 -0.0004351922 0.0009666086 0.001047866 -0.0004351922 0.0009666086 0.001046868 -0.0003743151 0.0009666086 0.001047866 -0.0003743151 0.0009666086 0.001046868 -0.0003876047 0.001045646 0.001047866 -0.0003791125 0.001046322 0.001047866 -0.0003828428 0.001051233 0.001047866 -0.0003910716 0.001048491 0.001047866 -0.0003874671 0.001055249 0.001047866 -0.0003848276 0.001042082 0.001047866 -0.0003764474 0.001040745 0.001047866 -0.00039518 0.001050524 0.001047866 -0.0003927906 0.001058118 0.001047866 -0.0003828434 0.001037877 0.001047866 -0.0003748482 0.001034502 0.001047866 -0.000399928 0.001051744 0.001047866 -0.0003988125 0.00105984 0.001047866 -0.0003816525 0.001033031 0.001047866 -0.0003743151 0.001027595 0.001047866 -0.0004053138 0.001052151 0.001047866 -0.0004055317 0.001060414 0.001047866 -0.0003812556 0.001027548 0.001047866 -0.0004106609 0.001051733 0.001047866 -0.0003812556 0.001018709 0.001047866 -0.0003743151 0.00101085 0.001047866 -0.0004153034 0.001050481 0.001047866 -0.0004271313 0.001051233 0.001047866 -0.0004192383 0.001048394 0.001047866 -0.0004224628 0.001045475 0.001047866 -0.0004249679 0.00104188 0.001047866 -0.0004267575 0.001037754 0.001047866 -0.0004351922 0.001028217 0.001047866 -0.0004278314 0.001033095 0.001047866 -0.0004281895 0.001027906 0.001047866 -0.0004281895 0.001018709 0.001047866 -0.0004351922 0.00101085 0.001047866 -0.0003791125 0.001046322 0.001046868 -0.0003876047 0.001045646 0.001046868 -0.0003828428 0.001051233 0.001046868 -0.0003910716 0.001048491 0.001046868 -0.0003874671 0.001055249 0.001046868 -0.0003764474 0.001040745 0.001046868 -0.0003848276 0.001042082 0.001046868 -0.00039518 0.001050524 0.001046868 -0.0003927906 0.001058118 0.001046868 -0.0003748482 0.001034502 0.001046868 -0.0003828434 0.001037877 0.001046868 -0.000399928 0.001051744 0.001046868 -0.0003988125 0.00105984 0.001046868 -0.0003743151 0.001027595 0.001046868 -0.0003816525 0.001033031 0.001046868 -0.0004053138 0.001052151 0.001046868 -0.0004055317 0.001060414 0.001046868 -0.0003812556 0.001027548 0.001046868 -0.0004106609 0.001051733 0.001046868 -0.0003812556 0.001018709 0.001046868 -0.0003743151 0.00101085 0.001046868 -0.0004153034 0.001050481 0.001046868 -0.0004192383 0.001048394 0.001046868 -0.0004271313 0.001051233 0.001046868 -0.0004224628 0.001045475 0.001046868 -0.0004249679 0.00104188 0.001046868 -0.0004267575 0.001037754 0.001046868 -0.0004278314 0.001033095 0.001046868 -0.0004351922 0.001028217 0.001046868 -0.0004281895 0.001027906 0.001046868 -0.0004281895 0.001018709 0.001046868 -0.0004351922 0.00101085 0.001046868 -0.0004351922 0.001086978 0.001047866 -0.0004274114 0.001090915 0.001047866 -0.0004351922 0.001095381 0.001047866 -0.0004231475 0.001092051 0.001047866 -0.0004231475 0.001089919 0.001047866 -0.0003978443 0.001101248 0.001047866 -0.0003743151 0.001118568 0.001047866 -0.000390966 0.001103675 0.001047866 -0.0003743151 0.001109885 0.001047866 -0.0003978443 0.001080815 0.001047866 -0.000390966 0.001078326 0.001047866 -0.0003743151 0.001063791 0.001047866 -0.0003743151 0.001072474 0.001047866 -0.0004274114 0.001090915 0.001046868 -0.0004351922 0.001086978 0.001046868 -0.0004351922 0.001095381 0.001046868 -0.0004231475 0.001092051 0.001046868 -0.0004231475 0.001089919 0.001046868 -0.0003978443 0.001101248 0.001046868 -0.0003743151 0.001118568 0.001046868 -0.000390966 0.001103675 0.001046868 -0.0003743151 0.001109885 0.001046868 -0.0003978443 0.001080815 0.001046868 -0.000390966 0.001078326 0.001046868 -0.0003743151 0.001063791 0.001046868 -0.0003743151 0.001072474 0.001046868 -0.0002777396 0.000906992 0.001046868 -0.00028468 0.000906992 0.001047866 -0.0002777396 0.000906992 0.001047866 -0.00028468 0.000906992 0.001046868 -0.00028468 0.0008821089 0.001047866 -0.00028468 0.0008821089 0.001046868 -0.0003051592 0.0008821089 0.001047866 -0.0003051592 0.0008821089 0.001046868 -0.0003051592 0.0009038796 0.001047866 -0.0003051592 0.0009038796 0.001046868 -0.0003121308 0.0009038796 0.001047866 -0.0003121308 0.0009038796 0.001046868 -0.0003121308 0.0008821089 0.001047866 -0.0003121308 0.0008821089 0.001046868 -0.0003316139 0.0008821089 0.001047866 -0.0003316139 0.0008821089 0.001046868 -0.0003316139 0.000905607 0.001047866 -0.0003316139 0.000905607 0.001046868 -0.0003386167 0.000905607 0.001047866 -0.0003386167 0.000905607 0.001046868 -0.0003386167 0.0008742503 0.001047866 -0.0003386167 0.0008742503 0.001046868 -0.0002777396 0.0008742503 0.001047866 -0.0002777396 0.0008742503 0.001046868 -0.0002844622 0.0009413987 0.001047866 -0.0002777396 0.000941601 0.001047866 -0.0002777396 0.0009492263 0.001047866 -0.0002849658 0.0009366 0.001047866 -0.0002810739 0.0009388775 0.001047866 -0.0002865163 0.0009383331 0.001047866 -0.0002838567 0.0009346404 0.001047866 -0.0002786516 0.000935815 0.001047866 -0.0002831905 0.0009324574 0.001047866 -0.0002771974 0.0009322141 0.001047866 -0.0002829683 0.0009300543 0.001047866 -0.0002767125 0.000928078 0.001047866 -0.0002953865 0.000941601 0.001047866 -0.000283091 0.000928332 0.001047866 -0.0002769265 0.0009250873 0.001047866 -0.0003057194 0.0009492263 0.001047866 -0.000283459 0.0009267867 0.001047866 -0.000299557 0.000941601 0.001047866 -0.0002840719 0.0009254203 0.001047866 -0.0002786386 0.0009200602 0.001047866 -0.0002775686 0.0009224145 0.001047866 -0.000284929 0.0009242343 0.001047866 -0.000280136 0.0009180251 0.001047866 -0.000305377 0.000941601 0.001047866 -0.0002981876 0.0009314237 0.001047866 -0.0002900021 0.0009220245 0.001047866 -0.0003100323 0.0009410502 0.001047866 -0.000313359 0.0009393981 0.001047866 -0.0003035719 0.000928716 0.001047866 -0.0002955109 0.0009240475 0.001047866 -0.0002893797 0.0009142904 0.001047866 -0.0002931451 0.0009225311 0.001047866 -0.0002944263 0.0009231635 0.001047866 -0.0002916695 0.0009221512 0.001047866 -0.0003222147 0.000933509 0.001047866 -0.0003160212 0.0009327931 0.001047866 -0.0003153556 0.0009366453 0.001047866 -0.0003181687 0.0009185387 0.001047866 -0.0003107614 0.0009185387 0.001047866 -0.0002777396 0.000941601 0.001046868 -0.0002844622 0.0009413987 0.001046868 -0.0002777396 0.0009492263 0.001046868 -0.0002810739 0.0009388775 0.001046868 -0.0002849658 0.0009366 0.001046868 -0.0002865163 0.0009383331 0.001046868 -0.0002786516 0.000935815 0.001046868 -0.0002838567 0.0009346404 0.001046868 -0.0002771974 0.0009322141 0.001046868 -0.0002831905 0.0009324574 0.001046868 -0.0002767125 0.000928078 0.001046868 -0.0002829683 0.0009300543 0.001046868 -0.0002953865 0.000941601 0.001046868 -0.0002769265 0.0009250873 0.001046868 -0.000283091 0.000928332 0.001046868 -0.0003057194 0.0009492263 0.001046868 -0.000283459 0.0009267867 0.001046868 -0.000299557 0.000941601 0.001046868 -0.0002786386 0.0009200602 0.001046868 -0.0002840719 0.0009254203 0.001046868 -0.0002775686 0.0009224145 0.001046868 -0.000284929 0.0009242343 0.001046868 -0.000280136 0.0009180251 0.001046868 -0.000305377 0.000941601 0.001046868 -0.0002981876 0.0009314237 0.001046868 -0.0002900021 0.0009220245 0.001046868 -0.0003100323 0.0009410502 0.001046868 -0.000313359 0.0009393981 0.001046868 -0.0002955109 0.0009240475 0.001046868 -0.0003035719 0.000928716 0.001046868 -0.0002931451 0.0009225311 0.001046868 -0.0002893797 0.0009142904 0.001046868 -0.0002944263 0.0009231635 0.001046868 -0.0002916695 0.0009221512 0.001046868 -0.0003222147 0.000933509 0.001046868 -0.0003160212 0.0009327931 0.001046868 -0.0003153556 0.0009366453 0.001046868 -0.0003107614 0.0009185387 0.001046868 -0.0003181687 0.0009185387 0.001046868 -0.0002829371 0.0009721019 0.001047866 -0.0002871388 0.0009595591 0.001046868 -0.0002871388 0.0009595591 0.001047866 -0.0002829371 0.0009721019 0.001046868 -0.0002792646 0.0009595591 0.001047866 -0.0002792646 0.0009595591 0.001046868 -0.0002781483 0.0009622102 0.001046868 -0.0002781483 0.0009622102 0.001047866 -0.0002773507 0.0009650603 0.001046868 -0.0002773507 0.0009650603 0.001047866 -0.000276872 0.0009681088 0.001046868 -0.000276872 0.0009681088 0.001047866 -0.0002767125 0.0009713549 0.001046868 -0.0002767125 0.0009713549 0.001047866 -0.0002769287 0.0009750651 0.001047866 -0.0002769287 0.0009750651 0.001046868 -0.000277577 0.0009784153 0.001047866 -0.000277577 0.0009784153 0.001046868 -0.0002786569 0.0009814019 0.001047866 -0.0002786569 0.0009814019 0.001046868 -0.0002801672 0.0009840221 0.001047866 -0.0002801672 0.0009840221 0.001046868 -0.0002820318 0.0009861646 0.001046868 -0.0002820318 0.0009861646 0.001047866 -0.0002842218 0.0009876969 0.001046868 -0.0002842218 0.0009876969 0.001047866 -0.0002867344 0.0009886171 0.001046868 -0.0002867344 0.0009886171 0.001047866 -0.0002895664 0.000988924 0.001046868 -0.0002895664 0.000988924 0.001047866 -0.0002916225 0.0009887643 0.001046868 -0.0002916225 0.0009887643 0.001047866 -0.0002935067 0.0009882857 0.001046868 -0.0002935067 0.0009882857 0.001047866 -0.0002952181 0.000987488 0.001046868 -0.0002952181 0.000987488 0.001047866 -0.0002967559 0.0009863719 0.001046868 -0.0002967559 0.0009863719 0.001047866 -0.0002982105 0.0009847773 0.001046868 -0.0002982105 0.0009847773 0.001047866 -0.0002996387 0.0009825991 0.001046868 -0.0002996387 0.0009825991 0.001047866 -0.0003010339 0.0009798479 0.001046868 -0.0003010339 0.0009798479 0.001047866 -0.0003023892 0.0009765369 0.001046868 -0.0003023892 0.0009765369 0.001047866 -0.0003034582 0.000973933 0.001046868 -0.0003034582 0.000973933 0.001047866 -0.0003044377 0.000971829 0.001046868 -0.0003044377 0.000971829 0.001047866 -0.0003053266 0.0009702272 0.001046868 -0.0003053266 0.0009702272 0.001047866 -0.000306124 0.0009691296 0.001046868 -0.000306124 0.0009691296 0.001047866 -0.00031017 0.0009674644 0.001046868 -0.00031017 0.0009674644 0.001047866 -0.0003114198 0.0009676106 0.001046868 -0.0003114198 0.0009676106 0.001047866 -0.0003125466 0.000968048 0.001046868 -0.0003125466 0.000968048 0.001047866 -0.0003135431 0.0009687737 0.001046868 -0.0003135431 0.0009687737 0.001047866 -0.0003144028 0.0009697832 0.001046868 -0.0003144028 0.0009697832 0.001047866 -0.0003160212 0.00097579 0.001046868 -0.0003160212 0.00097579 0.001047866 -0.0003128777 0.0009868387 0.001046868 -0.0003128777 0.0009868387 0.001047866 -0.0003202851 0.0009868387 0.001047866 -0.0003202851 0.0009868387 0.001046868 -0.0003222147 0.0009765369 0.001046868 -0.0003222147 0.0009765369 0.001047866 -0.00031876 0.0009644922 0.001046868 -0.00031876 0.0009644922 0.001047866 -0.0003094853 0.0009596059 0.001046868 -0.0003094853 0.0009596059 0.001047866 -0.0003075417 0.0009597413 0.001046868 -0.0003075417 0.0009597413 0.001047866 -0.0003057458 0.0009601474 0.001046868 -0.0003057458 0.0009601474 0.001047866 -0.0003041002 0.0009608235 0.001046868 -0.0003041002 0.0009608235 0.001047866 -0.0003026071 0.0009617689 0.001046868 -0.0003026071 0.0009617689 0.001047866 -0.0003011779 0.0009631628 0.001046868 -0.0003011779 0.0009631628 0.001047866 -0.0002997392 0.0009651954 0.001046868 -0.0002997392 0.0009651954 0.001047866 -0.0002982951 0.000967861 0.001046868 -0.0002982951 0.000967861 0.001047866 -0.0002968493 0.0009711526 0.001046868 -0.0002968493 0.0009711526 0.001047866 -0.0002929588 0.0009791357 0.001046868 -0.0002929588 0.0009791357 0.001047866 -0.0002888194 0.0009810964 0.001046868 -0.0002888194 0.0009810964 0.001047866 -0.0002862468 0.000980534 0.001046868 -0.0002862468 0.000980534 0.001047866 -0.0002844084 0.0009788468 0.001046868 -0.0002844084 0.0009788468 0.001047866 -0.000283305 0.0009760357 0.001046868 -0.000283305 0.0009760357 0.001047866 -0.0003212188 0.001026723 0.001047866 -0.0003212188 0.001034629 0.001047866 -0.0003212188 0.001026723 0.001046868 -0.0003212188 0.001034629 0.001046868 -0.0002884771 0.00101485 0.001047866 -0.0002884771 0.00101485 0.001046868 -0.0002849602 0.001013913 0.001046868 -0.0002849602 0.001013913 0.001047866 -0.0002885393 0.00101278 0.001047866 -0.0002885393 0.00101278 0.001046868 -0.0003212188 0.00100142 0.001047866 -0.0003212188 0.00100142 0.001046868 -0.0003212188 0.0009928922 0.001047866 -0.0003212188 0.0009928922 0.001046868 -0.0002778329 0.001009948 0.001047866 -0.0002778329 0.001009948 0.001046868 -0.0002699276 0.001006602 0.001047866 -0.0002699276 0.001006602 0.001046868 -0.0002637963 0.00099879 0.001046868 -0.0002637963 0.00099879 0.001047866 -0.0002646678 0.0009944639 0.001046868 -0.0002646678 0.0009944639 0.001047866 -0.0002578829 0.0009944639 0.001047866 -0.0002578829 0.0009944639 0.001046868 -0.0002576118 0.0009955497 0.001046868 -0.0002576118 0.0009955497 0.001047866 -0.000257417 0.000996736 0.001046868 -0.000257417 0.000996736 0.001047866 -0.0002572996 0.0009980158 0.001046868 -0.0002572996 0.0009980158 0.001047866 -0.0002572604 0.0009993814 0.001046868 -0.0002572604 0.0009993814 0.001047866 -0.0002711726 0.001014896 0.001046868 -0.0002711726 0.001014896 0.001047866 -0.0002777396 0.001075587 0.001046868 -0.00028468 0.001075587 0.001047866 -0.0002777396 0.001075587 0.001047866 -0.00028468 0.001075587 0.001046868 -0.00028468 0.001050704 0.001047866 -0.00028468 0.001050704 0.001046868 -0.0003051592 0.001050704 0.001047866 -0.0003051592 0.001050704 0.001046868 -0.0003051592 0.001072474 0.001047866 -0.0003051592 0.001072474 0.001046868 -0.0003121308 0.001072474 0.001047866 -0.0003121308 0.001072474 0.001046868 -0.0003121308 0.001050704 0.001047866 -0.0003121308 0.001050704 0.001046868 -0.0003316139 0.001050704 0.001047866 -0.0003316139 0.001050704 0.001046868 -0.0003316139 0.001074202 0.001047866 -0.0003316139 0.001074202 0.001046868 -0.0003386167 0.001074202 0.001047866 -0.0003386167 0.001074202 0.001046868 -0.0003386167 0.001042845 0.001047866 -0.0003386167 0.001042845 0.001046868 -0.0002777396 0.001042845 0.001047866 -0.0002777396 0.001042845 0.001046868 -0.0002910292 0.001121883 0.001047866 -0.000282537 0.001122558 0.001047866 -0.0002862673 0.001127469 0.001047866 -0.0002944961 0.001124727 0.001047866 -0.0002908916 0.001131486 0.001047866 -0.0002882521 0.001118318 0.001047866 -0.0002798719 0.001116981 0.001047866 -0.0002986045 0.00112676 0.001047866 -0.0002962151 0.001134355 0.001047866 -0.0002862679 0.001114113 0.001047866 -0.0002782727 0.001110738 0.001047866 -0.0003033525 0.001127981 0.001047866 -0.0003022369 0.001136077 0.001047866 -0.000285077 0.001109268 0.001047866 -0.0002777396 0.001103831 0.001047866 -0.0003087384 0.001128387 0.001047866 -0.0003089562 0.001136651 0.001047866 -0.00028468 0.001103784 0.001047866 -0.0003140854 0.00112797 0.001047866 -0.00028468 0.001094945 0.001047866 -0.0002777396 0.001087087 0.001047866 -0.0003187279 0.001126717 0.001047866 -0.0003305557 0.001127469 0.001047866 -0.0003226628 0.001124631 0.001047866 -0.0003258873 0.001121711 0.001047866 -0.0003283923 0.001118117 0.001047866 -0.000330182 0.00111399 0.001047866 -0.0003386167 0.001104454 0.001047866 -0.0003312559 0.001109332 0.001047866 -0.0003316139 0.001104142 0.001047866 -0.0003316139 0.001094945 0.001047866 -0.0003386167 0.001087087 0.001047866 -0.000282537 0.001122558 0.001046868 -0.0002910292 0.001121883 0.001046868 -0.0002862673 0.001127469 0.001046868 -0.0002944961 0.001124727 0.001046868 -0.0002908916 0.001131486 0.001046868 -0.0002798719 0.001116981 0.001046868 -0.0002882521 0.001118318 0.001046868 -0.0002986045 0.00112676 0.001046868 -0.0002962151 0.001134355 0.001046868 -0.0002782727 0.001110738 0.001046868 -0.0002862679 0.001114113 0.001046868 -0.0003033525 0.001127981 0.001046868 -0.0003022369 0.001136077 0.001046868 -0.0002777396 0.001103831 0.001046868 -0.000285077 0.001109268 0.001046868 -0.0003087384 0.001128387 0.001046868 -0.0003089562 0.001136651 0.001046868 -0.00028468 0.001103784 0.001046868 -0.0003140854 0.00112797 0.001046868 -0.00028468 0.001094945 0.001046868 -0.0002777396 0.001087087 0.001046868 -0.0003187279 0.001126717 0.001046868 -0.0003226628 0.001124631 0.001046868 -0.0003305557 0.001127469 0.001046868 -0.0003258873 0.001121711 0.001046868 -0.0003283923 0.001118117 0.001046868 -0.000330182 0.00111399 0.001046868 -0.0003312559 0.001109332 0.001046868 -0.0003386167 0.001104454 0.001046868 -0.0003316139 0.001104142 0.001046868 -0.0003316139 0.001094945 0.001046868 -0.0003386167 0.001087087 0.001046868 -0.0003386167 0.001163214 0.001047866 -0.0003308358 0.001167151 0.001047866 -0.0003386167 0.001171618 0.001047866 -0.000326572 0.001168287 0.001047866 -0.000326572 0.001166155 0.001047866 -0.0003012688 0.001177484 0.001047866 -0.0002777396 0.001194804 0.001047866 -0.0002943905 0.001179912 0.001047866 -0.0002777396 0.001186121 0.001047866 -0.0003012688 0.001157052 0.001047866 -0.0002943905 0.001154562 0.001047866 -0.0002777396 0.001140027 0.001047866 -0.0002777396 0.001148711 0.001047866 -0.0003308358 0.001167151 0.001046868 -0.0003386167 0.001163214 0.001046868 -0.0003386167 0.001171618 0.001046868 -0.000326572 0.001168287 0.001046868 -0.000326572 0.001166155 0.001046868 -0.0003012688 0.001177484 0.001046868 -0.0002777396 0.001194804 0.001046868 -0.0002943905 0.001179912 0.001046868 -0.0002777396 0.001186121 0.001046868 -0.0003012688 0.001157052 0.001046868 -0.0002943905 0.001154562 0.001046868 -0.0002777396 0.001140027 0.001046868 -0.0002777396 0.001148711 0.001046868 -0.0003948254 0.000781543 0.001047866 -0.0003376918 0.0007975577 0.001047866 -0.0003381246 0.0008243931 0.001047866 -0.0003714525 0.0007637969 0.001047866 -0.0004040889 0.0007774566 0.001047866 -0.0003714525 0.0007603343 0.001047866 -0.0004129685 0.0007721395 0.001047866 -0.0004213229 0.0007656764 0.001047866 -0.0004290189 0.0007581701 0.001047866 -0.0004504533 0.0006855555 0.001047866 -0.0004255563 0.000699738 0.001047866 -0.0004515261 0.0006993052 0.001047866 -0.0004386376 0.0007449508 0.001047866 -0.0004457264 0.0007304312 0.001047866 -0.0004500671 0.0007150582 0.001047866 -0.0004472465 0.0006721888 0.001047866 -0.0002970058 0.0008083784 0.001047866 -0.0004419519 0.0006593975 0.001047866 -0.0004346457 0.0006473656 0.001047866 -0.0002893899 0.000799962 0.001047866 -0.0003039311 0.0007663938 0.001047866 -0.0002835037 0.000790409 0.001047866 -0.0002795125 0.0007799876 0.001047866 -0.0002775284 0.0007689909 0.001047866 -0.0003039311 0.0007469165 0.001047866 -0.0003043639 0.0007443196 0.001047866 -0.0003033444 0.0007392192 0.001047866 -0.0003004143 0.0007348514 0.001047866 -0.0002960465 0.0007319213 0.001047866 -0.0003840047 0.0006417388 0.001047866 -0.0004156012 0.0006283211 0.001047866 -0.0003867632 0.0006363397 0.001047866 -0.0002909462 0.0007309018 0.001047866 -0.0002775284 0.0007434539 0.001047866 -0.0003888132 0.0006305646 0.001047866 -0.0003900744 0.00062464 0.001047866 -0.0003904971 0.0006187989 0.001047866 -0.0004151126 0.0006046489 0.001047866 -0.0004164669 0.000618366 0.001047866 -0.0004110942 0.0005914913 0.001047866 -0.000404547 0.0005793356 0.001047866 -0.000395691 0.0005685905 0.001047866 -0.0003274659 0.0006679844 0.001047866 -0.0003086922 0.0006417388 0.001047866 -0.0003212443 0.0006746339 0.001047866 -0.000332118 0.0006601163 0.001047866 -0.0003349924 0.0006513817 0.001047866 -0.0003359605 0.0006421716 0.001047866 -0.000296573 0.0006854547 0.001047866 -0.0002922446 0.0006854547 0.001047866 -0.0003472141 0.0005755158 0.001047866 -0.0002749314 0.0006417388 0.001047866 -0.0003073937 0.0006014856 0.001047866 -0.0003463484 0.0005482475 0.001047866 -0.0002489616 0.0006421716 0.001047866 -0.0002783941 0.0006010528 0.001047866 -0.0002816656 0.00059126 0.001047866 -0.0002862335 0.0005821978 0.001047866 -0.0002920772 0.0005739073 0.001047866 -0.0002991699 0.0005664264 0.001047866 -0.0003286024 0.0007460508 0.001047866 -0.0003515424 0.0007326331 0.001047866 -0.0003376918 0.0007975577 0.001046868 -0.0003948254 0.000781543 0.001046868 -0.0003381246 0.0008243931 0.001046868 -0.0003714525 0.0007637969 0.001046868 -0.0003714525 0.0007603343 0.001046868 -0.0004040889 0.0007774566 0.001046868 -0.0004129685 0.0007721395 0.001046868 -0.0004213229 0.0007656764 0.001046868 -0.0004290189 0.0007581701 0.001046868 -0.0004255563 0.000699738 0.001046868 -0.0004504533 0.0006855555 0.001046868 -0.0004515261 0.0006993052 0.001046868 -0.0004386376 0.0007449508 0.001046868 -0.0004457264 0.0007304312 0.001046868 -0.0004500671 0.0007150582 0.001046868 -0.0004472465 0.0006721888 0.001046868 -0.0002970058 0.0008083784 0.001046868 -0.0004419519 0.0006593975 0.001046868 -0.0004346457 0.0006473656 0.001046868 -0.0003039311 0.0007663938 0.001046868 -0.0002893899 0.000799962 0.001046868 -0.0002835037 0.000790409 0.001046868 -0.0002795125 0.0007799876 0.001046868 -0.0002775284 0.0007689909 0.001046868 -0.0003039311 0.0007469165 0.001046868 -0.0003033444 0.0007392192 0.001046868 -0.0003043639 0.0007443196 0.001046868 -0.0003004143 0.0007348514 0.001046868 -0.0002960465 0.0007319213 0.001046868 -0.0003840047 0.0006417388 0.001046868 -0.0004156012 0.0006283211 0.001046868 -0.0003867632 0.0006363397 0.001046868 -0.0002909462 0.0007309018 0.001046868 -0.0002775284 0.0007434539 0.001046868 -0.0003888132 0.0006305646 0.001046868 -0.0003900744 0.00062464 0.001046868 -0.0003904971 0.0006187989 0.001046868 -0.0004151126 0.0006046489 0.001046868 -0.0004164669 0.000618366 0.001046868 -0.0004110942 0.0005914913 0.001046868 -0.000404547 0.0005793356 0.001046868 -0.000395691 0.0005685905 0.001046868 -0.0003086922 0.0006417388 0.001046868 -0.0003274659 0.0006679844 0.001046868 -0.0003212443 0.0006746339 0.001046868 -0.000332118 0.0006601163 0.001046868 -0.0003349924 0.0006513817 0.001046868 -0.0003359605 0.0006421716 0.001046868 -0.000296573 0.0006854547 0.001046868 -0.0002922446 0.0006854547 0.001046868 -0.0003472141 0.0005755158 0.001046868 -0.0002749314 0.0006417388 0.001046868 -0.0003073937 0.0006014856 0.001046868 -0.0003463484 0.0005482475 0.001046868 -0.0002489616 0.0006421716 0.001046868 -0.0002783941 0.0006010528 0.001046868 -0.0002816656 0.00059126 0.001046868 -0.0002862335 0.0005821978 0.001046868 -0.0002920772 0.0005739073 0.001046868 -0.0002991699 0.0005664264 0.001046868 -0.0003286024 0.0007460508 0.001046868 -0.0003515424 0.0007326331 0.001046868</float_array>
          <technique_common>
            <accessor count="1725" source="#cubeverts-array0-array" stride="3">
              <param type="float" name="X"/>
              <param type="float" name="Y"/>
              <param type="float" name="Z"/>
            </accessor>
          </technique_common>
        </source>
        <source id="cubenormals-array0">
          <float_array count="10194" id="cubenormals-array0-array">-0.9238796 -0.3826833 -0 -0.9238796 -0.3826833 0 -0.3826836 -0.9238794 0 -0.3826836 -0.9238794 -0 0.3826836 -0.9238794 0 0.3826836 -0.9238794 0 0.9238796 -0.3826834 0 0.9238796 -0.3826834 0 0.9238796 0.3826834 0 0.9238796 0.3826834 0 0.3826836 0.9238794 0 0.3826836 0.9238794 0 -0.3826836 0.9238794 0 -0.3826836 0.9238794 0 -0.9238796 0.3826833 0 -0.9238796 0.3826833 0 0 0 -1 -0 0 -1 0 0 -1 -0 -0 -1 0 0 -1 -0 0 -1 -0 -0 -1 0 0 -1 -0 0 -1 0 0 -1 -0 -0 -1 0 0 -1 0 0 -1 -0 0 -1 -0 0 -1 0 0 -1 0 0 -1 -0 -0 -1 0 0 -1 -0 0 -1 0 0 -1 -0 0 -1 -0 0 -1 -0 -0 -1 -0 -0 -1 -0 0 -1 -0 -0 -1 0 0 -1 -0 0 -1 0 0 -1 0 0 -1 0 0 -1 -0 0 -1 0 0 -1 0 0 -1 0 0 -1 0 0 -1 0 0 -1 0 -0 -1 0 0 -1 -0 0 -1 -0 0 -1 -0 0 -1 0 0 -1 -0 0 -1 -0 0 -1 -0 0 -1 -0 0 -1 0 0 -1 -0 0 -1 0 0 -1 0 0 -1 -0 0 -1 0 0 1 -0 0 1 -0 0 1 -0 -0 1 0 0 1 0 -0 1 0 -0 1 0 0 1 0 -0 1 -0 0 1 -0 0 1 0 0 1 -0 0 1 0 0 1 0 -0 1 0 0 1 0 -0 1 -0 0 1 0 -0 1 0 0 1 0 0 1 0 -0 1 -0 0 1 0 0 1 0 -0 1 0 0 1 0 0 1 0 -0 1 0 0 1 0 0 1 0 -0 1 0 0 1 0 0 1 0 0 1 0 0 1 0 -0 1 -0 0 1 0 -0 1 0 0 1 -0 0 1 0 0 1 -0 0 1 -0 0 1 0 0 1 0 -0 1 0 0 1 0 -0 1 0 0 1 0 0 1 -0 0 1 0 0 1 0 -0 1 -0 0 1 0 0 1 0 0 1 0 -0 1 0 -0 1 -0 0 1 0 -0 1 0 0 1 0 0 1 0 -0 1 -0 0 1 0 0 1 0 0 1 0 -0 1 -0 0 1 0 0 1 0 -0 1 0 0 1 0 0 1 0 -0 1 0 0 1 0 0 1 -0 0 1 -0 0 1 0 0 1 0 0 1 0 0 1 0 -0 1 -0 0 1 -0 0 1 0 0 1 0 0 1 -0 -0 1 -0 0 1 0 0 1 -0 0 1 0 0 1 -0 0 1 0 -0 1 0 -0 1 0 0 1 0 0 1 0 -0 1 0 0 1 0 0 1 0 -0 1 0 0 1 0 -0 1 0 0 1 0 0 1 -0 0 1 0 -0 1 -0 0 1 0 0 1 0 0 1 0 0 1 0 0 1 0 0 1 0 0 1 0 0 1 0 0 1 0 0 1 0 0 1 0 0 1 0 0 1 -0 0 1 0 0 1 0 0 1 -1 0 0 -1 0 0 0 -1 0 0 -1 -0 1 0 0 1 0 0 0 1 -0 0 1 0 0.0002781473 0.9833821 -0.1815475 -0.0004005709 0.977975 -0.2087217 7.309736e-05 0.9805807 -0.196116 7.239848e-05 0.9805779 -0.19613 -0.0002781473 0.9833821 -0.1815475 0.0004005709 0.977975 -0.2087217 -7.309736e-05 0.9805807 -0.196116 0 0.9805806 -0.1961163 0 0.9805806 -0.1961163 -7.239784e-05 0.9805779 -0.19613 -0.9805825 -4.827163e-05 -0.1961069 -0.9805825 4.827099e-05 -0.196107 -0.9805807 -0 -0.1961161 -0.9805807 -0 -0.1961161 0.9805803 -1.206163e-05 -0.1961185 0.9805806 0 -0.1961162 0.9805803 1.206227e-05 -0.1961186 0.9805806 0 -0.1961163 -0.0002781473 -0.9833821 -0.1815475 0.0004005709 -0.977975 -0.2087217 -0.0004398575 -0.9824866 -0.1863329 4.827635e-05 -0.9805825 -0.1961071 0.0002781473 -0.9833821 -0.1815475 -0.0004005709 -0.977975 -0.2087217 0.0004398575 -0.9824866 -0.1863329 0 -0.9805806 -0.1961163 0 -0.9805806 -0.1961163 -4.827571e-05 -0.9805825 -0.1961071 0.0001984059 -0.9828721 0.1842885 -0.0004221722 -0.9779015 0.2090657 0.0004088077 -0.9823684 0.1869552 -4.827571e-05 -0.9805825 0.1961071 0 -0.9805807 0.1961163 0 -0.9805806 0.1961163 -0.0001984059 -0.9828721 0.1842885 0.0004221722 -0.9779015 0.2090657 4.827635e-05 -0.9805825 0.1961071 -0.0004088077 -0.9823684 0.1869552 0.9805803 1.206227e-05 0.1961186 0.9805806 -0 0.1961163 0.9805806 -0 0.1961163 0.9805803 -1.206163e-05 0.1961185 -0.9805825 4.827099e-05 0.196107 -0.9805807 0 0.1961161 -0.9805807 0 0.1961161 -0.9805825 -4.827163e-05 0.1961069 -0.0001984059 0.9828721 0.1842885 0.0004221722 0.9779015 0.2090657 -4.046374e-05 0.98045 0.1967684 -7.239784e-05 0.9805779 0.19613 0 0.9805806 0.1961163 0 0.9805806 0.1961163 0.0001984059 0.9828721 0.1842885 -0.0004221722 0.9779015 0.2090657 7.239848e-05 0.9805779 0.19613 4.046374e-05 0.98045 0.1967684 0 0.2269069 -0.9739164 0 0.2269069 -0.9739164 0 0.6339874 -0.7733433 0 0.6339874 -0.7733433 0 0.9105051 -0.4134978 0 0.9105051 -0.4134978 -0.2098419 0.890233 -0.4042915 -0.8902317 0.2098434 -0.4042934 -0.2212813 0.2212819 -0.9497731 -0.7033607 0.7033607 -0.1027983 -0.7461681 0.3430091 -0.5705943 -0.0338744 0.6336235 -0.7728994 -0.5911443 0.3613745 -0.7210804 -0.2789626 0.8248094 -0.4918021 -0.4294761 0.7355979 -0.5238758 -0.3300574 0.3300583 -0.8843775 -0.5911448 0.3613751 -0.7210796 0.2098414 0.8902331 -0.4042915 0.2212813 0.2212819 -0.9497731 0.8902317 0.2098434 -0.4042934 0.0338744 0.6336235 -0.7728994 0.2789623 0.8248093 -0.4918026 0.3300574 0.3300583 -0.8843775 0.591144 0.3613751 -0.7210802 0.7033617 0.7033593 -0.1028011 0.4294769 0.7355968 -0.5238768 0.591145 0.3613746 -0.7210798 0.7461681 0.3430091 -0.5705943 -0.2269063 0 -0.9739165 -0.2269063 -0 -0.9739165 -0.6339887 -0 -0.7733423 -0.6339887 0 -0.7733423 -0.9105041 -0 -0.4135 -0.9105041 0 -0.4135 -0.9554625 0.186814 -0.2284554 -0.8030305 0.5337254 -0.2651022 -0.9386138 0.2472734 -0.2405408 -0.5337277 0.8030289 -0.2651024 -0.679577 0.679577 -0.2763152 -0.1868082 0.9554639 -0.2284544 -0.2472713 0.9386145 -0.2405405 0.9386138 0.2472733 -0.2405407 0.9554625 0.186814 -0.2284554 0.6795783 0.6795759 -0.2763152 0.8030306 0.5337254 -0.2651022 0.2472705 0.9386147 -0.2405404 0.5337275 0.8030291 -0.2651023 0.1868082 0.9554639 -0.2284544 0.2269063 0 -0.9739165 0.2269063 0 -0.9739165 0.6339887 0 -0.7733423 0.6339887 0 -0.7733423 0.9105041 0 -0.4135 0.9105041 0 -0.4135 0 -0.2269069 -0.9739164 0 -0.2269069 -0.9739164 0 -0.6339874 -0.7733433 0 -0.6339874 -0.7733433 0 -0.9105051 -0.4134978 0 -0.9105051 -0.4134978 -0.8902317 -0.2098434 -0.4042934 -0.2212813 -0.2212819 -0.9497731 -0.2098419 -0.890233 -0.4042915 -0.591144 -0.3613751 -0.7210802 -0.7033607 -0.7033607 -0.1027983 -0.7461681 -0.3430091 -0.5705943 -0.0338744 -0.6336235 -0.7728994 -0.4294761 -0.7355979 -0.5238758 -0.591145 -0.3613746 -0.7210798 -0.3300574 -0.3300583 -0.8843775 -0.2789626 -0.8248094 -0.4918021 -0.9999542 0.009565968 0 -0.9999543 0.009565969 0 -0.9778686 0.2092201 0 -0.9778686 0.20922 0 -0.8287885 0.559562 0 -0.8287885 0.5595619 0 -0.2092141 0.9778699 0 -0.5595641 0.828787 0 -0.5595642 0.8287871 0 -0.2092141 0.9778699 0 -0.01242449 0.9999228 0 -0.016892 0.9998572 0 -0.016892 0.9998573 0 -0.01242449 0.9999229 0 -0.002484464 0.9999969 0 -0.006956353 0.9999757 0 -0.006956353 0.9999757 0 -0.002484464 0.9999969 0 0.002484464 0.9999969 0 0.002484464 0.9999969 -0 0.006956353 0.9999757 -0 0.006956353 0.9999757 0 0.016892 0.9998572 -0 0.01242449 0.9999228 -0 0.01242449 0.9999229 0 0.2092141 0.9778699 -0 0.016892 0.9998573 -0 0.2092141 0.9778699 -0 0.8287885 0.559562 -0 0.5595642 0.8287871 -0 0.5595641 0.828787 0 0.8287885 0.559562 -0 0.9778686 0.2092201 -0 0.9778686 0.2092201 0 0.9999536 0.009628079 -0 0.9999537 0.009628079 0 0.2212813 -0.2212819 -0.9497731 0.8902317 -0.2098434 -0.4042934 0.2098414 -0.8902331 -0.4042915 0.0338744 -0.6336235 -0.7728994 0.3300574 -0.3300583 -0.8843775 0.2789623 -0.8248093 -0.4918026 0.591144 -0.3613751 -0.7210802 0.7033617 -0.7033593 -0.1028011 0.591145 -0.3613746 -0.7210798 0.7461681 -0.3430091 -0.5705943 0.4294769 -0.7355968 -0.5238768 -0.1868137 -0.9554626 -0.2284555 -0.5337277 -0.8030289 -0.2651024 -0.2472713 -0.9386145 -0.2405405 -0.8030305 -0.5337254 -0.2651022 -0.679577 -0.679577 -0.2763152 -0.9554625 -0.186814 -0.2284554 -0.9386138 -0.2472734 -0.2405407 -0.1868074 0.9554641 0.2284543 -0.5337279 0.8030287 0.2651025 -0.2472714 0.9386144 0.2405406 -0.8030304 0.5337257 0.2651023 -0.6795771 0.6795771 0.2763153 -0.9554627 0.1868134 0.2284552 -0.9386138 0.2472735 0.2405408 -0 0.2269075 0.9739163 0 0.2269075 0.9739163 -0 0.6339887 0.7733423 0 0.6339887 0.7733423 -0 0.9105051 0.4134978 0 0.9105051 0.4134978 0.1868075 0.9554641 0.2284543 0.2472708 0.9386146 0.2405405 0.6795782 0.6795759 0.2763152 0.5337278 0.8030288 0.2651024 0.9386138 0.2472735 0.2405408 0.8030303 0.5337258 0.2651023 0.9554627 0.1868133 0.2284553 0.2472705 -0.9386147 -0.2405404 0.186814 -0.9554625 -0.2284555 0.6795783 -0.6795759 -0.2763152 0.5337275 -0.8030291 -0.2651023 0.9386138 -0.2472733 -0.2405407 0.8030305 -0.5337254 -0.2651022 0.9554625 -0.186814 -0.2284554 -0.002484464 -0.9999969 0 -0.002484464 -0.9999969 0 -0.006956353 -0.9999757 0 -0.006956353 -0.9999757 0 -0.01242449 -0.9999228 0 -0.01242449 -0.9999229 0 -0.01639531 -0.9998656 0 -0.01639531 -0.9998655 0 -0.5595641 -0.828787 0 -0.20922 -0.9778686 0 -0.2092201 -0.9778686 0 -0.5595642 -0.8287871 0 -0.9778686 -0.20922 0 -0.8287885 -0.559562 0 -0.8287885 -0.559562 0 -0.9999543 -0.009565969 0 -0.9778686 -0.2092201 0 -0.9999542 -0.009565968 0 -0.2098421 0.8902329 0.4042914 -0.2212819 0.2212825 0.9497728 -0.8902317 0.2098437 0.4042934 -0.03387389 0.6336249 0.7728985 -0.2789622 0.82481 0.4918012 -0.330058 0.3300589 0.8843772 -0.7033608 0.7033608 0.1027971 -0.5911456 0.3613739 0.7210796 -0.4294745 0.7355996 0.5238748 -0.5911443 0.3613749 0.7210802 -0.7461703 0.3430077 0.5705923 0.2098416 0.8902331 0.4042915 0.8902317 0.2098437 0.4042934 0.2212819 0.2212825 0.9497728 0.7033617 0.7033594 0.1028 0.7461703 0.3430077 0.5705923 0.03387389 0.6336249 0.7728985 0.5911453 0.3613749 0.7210793 0.4294753 0.7355984 0.5238758 0.2789619 0.8248098 0.4918018 0.330058 0.3300589 0.8843772 0.5911444 0.361374 0.7210805 0.9999536 -0.009628079 0 0.9999536 -0.009628079 0 0.8287885 -0.559562 0 0.9778686 -0.20922 0 0.9778686 -0.2092201 0 0.8287885 -0.559562 0 0.20922 -0.9778686 0 0.5595641 -0.828787 0 0.5595642 -0.8287871 0 0.2092201 -0.9778686 0 0.01639531 -0.9998655 0 0.01639531 -0.9998656 0 0.01242449 -0.9999229 0 0.01242449 -0.9999228 0 0.006956353 -0.9999757 0 0.006956353 -0.9999757 0 0.002484464 -0.9999969 0 0.002484464 -0.9999969 0 -0.9554627 -0.1868134 0.2284552 -0.8030304 -0.5337257 0.2651023 -0.9386138 -0.2472735 0.2405408 -0.5337279 -0.8030287 0.2651025 -0.6795771 -0.6795771 0.2763153 -0.1868131 -0.9554627 0.2284554 -0.2472714 -0.9386144 0.2405406 -0.2269069 0 0.9739164 -0.63399 0 0.7733412 -0.2269069 0 0.9739164 -0.63399 0 0.7733412 -0.9105041 0 0.4135 -0.9105041 0 0.4135 0.2269069 0 0.9739164 0.2269069 0 0.9739164 0.63399 0 0.7733412 0.63399 0 0.7733412 0.9105041 0 0.4135 0.9105041 0 0.4135 0.9554627 -0.1868133 0.2284553 0.9386138 -0.2472735 0.2405408 0.6795782 -0.6795759 0.2763152 0.8030303 -0.5337258 0.2651023 0.2472708 -0.9386146 0.2405405 0.5337278 -0.8030288 0.2651024 0.1868133 -0.9554627 0.2284555 -0.2212819 -0.2212825 0.9497728 -0.8902317 -0.2098437 0.4042934 -0.2098421 -0.8902329 0.4042914 -0.5911453 -0.3613749 0.7210793 -0.03387389 -0.6336249 0.7728985 -0.330058 -0.3300589 0.8843772 -0.2789622 -0.82481 0.4918012 -0.7033608 -0.7033608 0.1027971 -0.4294745 -0.7355996 0.5238748 -0.5911444 -0.361374 0.7210805 -0.7461703 -0.3430077 0.5705923 0.8902317 -0.2098437 0.4042934 0.2212819 -0.2212825 0.9497728 0.2098416 -0.8902331 0.4042915 0.7033617 -0.7033594 0.1028 0.7461703 -0.3430077 0.5705923 0.5911453 -0.3613749 0.7210793 0.03387389 -0.6336249 0.7728985 0.5911444 -0.361374 0.7210805 0.4294753 -0.7355984 0.5238758 0.330058 -0.3300589 0.8843772 0.2789619 -0.8248098 0.4918018 0 -0.2269075 0.9739163 0 -0.6339887 0.7733423 0 -0.2269075 0.9739163 0 -0.6339887 0.7733423 0 -0.9105051 0.4134978 0 -0.9105051 0.4134978 0 0 1 0 0 1 0 0 1 0 -0 1 -0 0 1 0 0 1 0 1 0 0 1 0 0.9491572 -0.3148024 0 0.9491572 -0.3148024 0 0.8139338 0.5809575 0 0.8139338 0.5809575 0 -0.7347105 0.6783808 0 -0.7347105 0.6783808 0 -0.6527588 0.7575658 0 -0.6527588 0.7575658 0 0.7966913 0.6043865 0 0.7966913 0.6043865 0 0.9922779 -0.1240347 0 0.9922779 -0.1240347 0 0 -1 0 0 -1 0 -0.9634265 0.267973 0 -0.9634265 0.267973 0 -0.8207068 -0.5713496 0 -0.8207068 -0.5713496 -0 0.7231346 -0.6907072 0 0.7231346 -0.6907072 0 0.6640354 -0.7477012 0 0.6640354 -0.7477012 0 -0.7984166 -0.6021056 0 -0.7984166 -0.6021056 -0 -0.9794527 0.2016737 0 -0.9794527 0.2016737 0 -0 0 1 -0 0 1 0 0 1 0 0 1 0 0 1 0 0 1 0 -0 1 -0 0 1 -0 -0 1 -0 -0 1 0 0 1 0 0 1 -0.6854339 0.7281348 0 -0.6854339 0.7281348 0 0.6809412 0.7323381 0 0.6809412 0.7323381 0 0.6799368 -0.7332706 0 0.6799368 -0.7332706 0 -0.6756032 -0.7372655 0 -0.6756032 -0.7372655 -0 -0 -0 1 -0 -0 1 0 0 1 0 -0 1 0 0 1 0 0 1 -0 0 1 0 0 1 -0.6506733 -0.7593578 0 -0.6506733 -0.7593578 -0 -0.639651 0.7686654 0 -0.639651 0.7686654 0 0.6542301 0.7562956 0 0.6542301 0.7562956 0 0.6432176 -0.7656834 0 0.6432176 -0.7656834 0 0 0 1 -0 0 1 0 -1 0 0 -1 0 -1 0 0 -1 0 0 0 -1 0 0 -1 0 -1 0 0 -1 0 0 0 1 0 0 1 0 -1 0 0 -1 0 0 0 1 0 0 1 0 1 0 0 1 -0 0 -0 0 1 0 0 1 0 0 1 0 0 1 -0 0 1 0 0 1 0 -1 0 0 -1 0 -1 0 0 -1 0 0 0 1 0 0 1 0 1 0 0 1 -0 0 0 0 1 -0 0 1 0.5818548 0.8132927 0 0.5818548 0.8132927 0 -0.7535927 0.6573417 0 -0.7535927 0.6573417 0 -0.8969086 -0.4422162 0 -0.8969086 -0.4422162 -0 0 1 0 0 1 0 0.9215842 0.3881784 0 0.9215842 0.3881784 0 0.7482937 -0.6633675 0 0.7482937 -0.6633675 0 -0.5317909 -0.8468757 0 -0.5317909 -0.8468757 -0 -0.6572629 -0.7536614 0 -0.6572629 -0.7536614 -0 1 0 0 1 -0 0 0 -1 0 0 -1 0 -1 0 0 -1 0 0 0 1 0 0 1 0 0.5618677 0.8272271 0 0.5618677 0.8272271 0 0 0 1 -0 0 1 0 0 1 0 0 1 -0 -0 1 0 0 1 -0 0 1 -0 0 1 0 0 1 -0 0 1 0 -0 1 0 1 0 0 1 0 0.9489982 -0.3152817 0 0.9489982 -0.3152817 0 0.7740759 0.6330928 0 0.7740759 0.6330928 0 -0.8264611 0.5629938 0 -0.8264611 0.5629938 0 -1 0 0 -1 0 0 0 1 0 0 1 0 1 0 0 1 -0 0 0.8123711 0.5831409 0 0.8123711 0.5831409 0 -0.7547757 0.655983 0 -0.7547757 0.655983 0 -0.9320557 -0.3623152 0 -0.9320557 -0.3623152 -0 0 1 0 0 1 0 0.9489197 0.3155178 0 0.9489197 0.3155178 0 0.7668227 -0.6418589 0 0.7668227 -0.6418589 0 -0.6344616 -0.7729543 0 -0.6344616 -0.7729543 -0 0 -1 0 0 -1 0 0.7124411 -0.7017319 0 0.7124411 -0.7017319 0 -0.7657291 -0.6431631 0 -0.7657291 -0.6431631 -0 -0.9754185 0.2203603 0 -0.9754185 0.2203603 0 0 0 1 -0 0 1 0 0 1 -0 -0 1 0 0 1 -0 0 1 0 0 1 0 0 1 -0 0 1 0 0 1 0 0 1 -0 0 1 0 -0 1 -0 -0 1 0 0 1 -0 0 1 0 -1 0 0 -1 0 -1 0 0 -1 0 0 0 1 0 0 1 0 1 0 0 1 -0 0 0 0 1 -0 0 1 0 1 0 0 1 0 0.948998 -0.3152817 0 0.948998 -0.3152817 0 0.7740759 0.6330928 0 0.7740759 0.6330928 0 -0.8264611 0.5629938 0 -0.8264611 0.5629938 0 -1 0 0 -1 0 0 0 1 0 0 1 0 1 0 0 1 -0 0 0.8123711 0.5831409 0 0.8123711 0.5831409 0 -0.7547757 0.655983 0 -0.7547757 0.655983 0 -0.9320558 -0.3623149 0 -0.9320558 -0.3623149 -0 0 1 0 0 1 0 0.9489197 0.3155178 0 0.9489197 0.3155178 0 0.7668227 -0.6418589 0 0.7668227 -0.6418589 0 -0.6344616 -0.7729545 0 -0.6344616 -0.7729545 -0 0 -1 0 0 -1 0 0.7124408 -0.7017322 0 0.7124408 -0.7017322 0 -0.7657291 -0.6431633 0 -0.7657291 -0.6431633 -0 -0.9754185 0.2203603 0 -0.9754185 0.2203603 0 0 0 1 -0 0 1 0 0 1 -0 -0 1 0 0 1 -0 0 1 0 0 1 0 0 1 -0 0 1 0 0 1 0 0 1 -0 0 1 0 -0 1 -0 -0 1 0 0 1 -0 0 1 -1 0 0 -1 0 0 0 -1 0 0 -1 0 -1 0 0 -1 0 0 0 1 0 0 1 0 1 0 0 1 -0 0 0.7497519 -0.6617191 0 0.7497519 -0.6617191 0 -0.7448599 -0.667221 0 -0.7448599 -0.667221 -0 -0 -0 1 0 -0 1 -0 0 1 0 -0 1 0 0 1 -0 0 1 0 0 1 0 -0 1 0 0 1 0 0 1 0 0 1 -0 0 1 -1 0 0 -1 0 0 -0.7550747 0.6556387 0 -0.7550747 0.6556387 0 0.7513375 0.6599182 0 0.7513375 0.6599182 0 1 0 0 1 -0 0 0 -1 0 0 -1 0 -0 0 1 0 0 1 0 0 1 0.3635424 0.9315776 0 0.3635424 0.9315776 0 -1 0 0 -1 0 0 -0.33933 -0.9406674 -0 -0.33933 -0.9406674 0 -1 0 0 -1 0 0 -0.3222027 0.9466707 0 -0.3222027 0.9466707 0 -1 0 0 -1 0 0 0.3536224 -0.9353883 0 0.3536224 -0.9353883 0 1 0 0 1 -0 0 -0 0 -1 -0 0 -1 0 0 -1 0 0 -1 0 0 -1 0 0 -1 0 0 -1 0 0 -1 -0 0 -1 0 0 -1 -0 0 -1 -0 0 -1 0 0 -1 0 0 -1 1 0 0 1 -0 0 -0.3363907 0.9417226 0 -0.3363907 0.9417226 0 -0.2225373 0.9749242 0 -0.2225373 0.9749242 0 -1 0 0 -1 0 0 -0.2149627 -0.9766223 0 -0.2149627 -0.9766223 0 -0.3390536 -0.940767 -0 -0.3390536 -0.940767 0 -1 0 0 -1 0 0 0 -1 0 0 -1 0 1 0 0 1 -0 0 0.7313389 0.6820142 0 0.7313389 0.6820142 -0 -0.7207587 0.6931859 0 -0.7207587 0.6931859 0 0 0 -1 -0 0 -1 0 0 -1 0 0 -1 0 0 -1 -0 0 -1 0 0 -1 0 0 -1 0 0 -1 0 0 -1 -1 0 0 -1 0 0 -0.7149405 -0.6991853 0 -0.7149405 -0.6991853 0 0.702343 -0.7118387 0 0.702343 -0.7118387 0 1 0 0 1 -0 0 0 1 0 0 1 0 0 1 0 0 1 0 -1 0 0 -1 0 0 0 -1 0 0 -1 0 1 0 0 1 -0 0 0 1 0 0 1 0 -1 0 0 -1 0 0 0 1 0 0 1 0 1 0 0 1 -0 0 0 1 0 0 1 0 -1 0 0 -1 0 0 0 1 0 0 1 0 1 0 0 1 -0 0 0 -0 -1 0 0 -1 0 0 -1 0 0 -1 0 0 -1 0 0 -1 0 0 -1 -0 0 -1 0 0 -1 -0 0 -1 0 1 0 0 1 0 -0.9739804 0.2266325 0 -0.9739804 0.2266325 0 -0.6888157 -0.7249365 0 -0.6888157 -0.7249365 0 0.6916521 -0.7222308 0 0.6916521 -0.7222308 0 0.9861119 0.1660821 0 0.9861119 0.1660821 -0 0 1 0 0 1 0 -0.9646006 -0.2637152 0 -0.9646006 -0.2637152 0 -0.6726897 0.7399247 0 -0.6726897 0.7399247 0 0.6694835 0.7428269 0 0.6694835 0.7428269 -0 0.9702696 -0.2420272 0 0.9702696 -0.2420272 0 -0 0 -1 0 0 -1 0 0 -1 0 0 -1 -0 0 -1 0 0 -1 0 0 -1 0 0 -1 0 1 0 0 1 0 -1 0 0 -1 0 0 0 -1 0 0 -1 0 1 0 0 1 -0 0 0 1 0 0 1 0 1 0 0 1 -0 0 0 -0 -1 0 0 -1 0 0 -1 0 0 -1 0 0 -1 0 0 -1 0 0 -1 0 0 -1 0 0 -1 -0 0 -1 0 0 -1 0.2324803 -0.9351094 -0.2674382 0.9153608 -0.2505618 -0.3151719 0.1847219 -0.2505631 -0.9503136 0.704285 -0.7070259 -0.06400894 0.8178169 -0.3768385 -0.4349348 0.600019 -0.404385 -0.6902536 -0.03463879 -0.7070308 -0.7063339 0.3073164 -0.8835001 -0.353531 0.3073209 -0.8834981 -0.3535324 0.6000202 -0.4043861 -0.6902519 0.3168941 -0.3768377 -0.8703858 -0.06975648 0 -0.997564 -0.06975648 0 -0.997564 0 1 0 0 1 0 0.06975652 0 0.997564 0.06975652 -0 0.997564 -0 -1 0 0 -1 0 -0.8571674 0 -0.515038 -0.8571674 0 -0.515038 -0.6018149 0 -0.7986356 -0.2588192 0 -0.9659258 -0.6018149 0 -0.7986356 -0.2588192 0 -0.9659258 0 1 0 0 1 0 0 1 0 0 1 0 0 1 0 0 1 0 0.8571679 -0 0.5150371 0.8571679 0 0.5150371 0.601815 0 0.7986356 0.601815 -0 0.7986356 0.2588188 0 0.9659259 0.2588188 -0 0.9659259 0 -1 0 -0 -1 0 -0 -1 0 0 -1 0 -0 -1 0 0 -1 0 -0.9396926 0 -0.3420202 -0.9396926 0 -0.3420202 0 1 0 -0 1 0 0.9396926 0 0.3420203 0.9396926 -0 0.3420203 0 -1 -0 0 -1 0 -0.2022176 -0 -0.9793406 -0.2022176 0 -0.9793406 -0.5735765 0 -0.8191521 -0.5735765 -0 -0.8191521 -0.8511168 0 -0.5249764 -0.8511168 -0 -0.5249764 0 1 0 0 1 0 0 1 0 0 1 0 0 1 0 0 1 0 0.1521235 0 0.9883615 0.1521235 0 0.9883615 0.4422888 0 0.8968727 0.4422888 0 0.8968727 0.6915132 0 0.7223638 0.6915132 0 0.7223638 0.8767267 0 0.4809889 0.8767267 0 0.4809889 0 -1 0 0 -1 0 0 -1 0 -0 -1 0 0 -1 0 -0 -1 0 0 -1 0 0 -1 0 -0 -0 -1 0 0 -1 0 1 0 0 1 0 0 -0 1 0 0 1 0.997564 0 -0.06975718 0.997564 0 -0.06975718 -1 -0 0 -1 -0 0 -1 0 0 -1 0 0 -1 0 0 -1 0 0 -1 0 0 -1 0 0 -1 0 0 -1 0 0 -1 0 0 -1 0 0 -1 0 0 -1 0 0 0 0.2588289 0.9659231 -0 0.2588289 0.9659231 -0 0.7071068 0.7071068 0 0.7071068 0.7071068 -0 0.9659261 0.2588182 0 0.9659261 0.2588182 0.3555078 0.5949116 0.7208983 0.1470529 0.2560151 0.9554223 0.147054 0.2560045 0.955425 0.581352 0.2451093 0.7758551 0.03980435 0.9651605 0.2586131 0.1081952 0.7029557 0.7029558 0.03081336 0.9883224 0.1492293 0.108194 0.7029608 0.702951 0.3447184 0.7000757 0.6253504 0.3437319 0.2514299 0.9047825 0.07647753 0.991071 0.1092213 0.3003603 0.7015961 0.6461784 0.6662424 0.2678673 0.6959656 0.6700711 0.2559299 0.6967815 0.1700542 0.9655879 0.196778 0.463549 0.7052677 0.5363953 0.8475111 0.256001 0.4649606 0.8475094 0.2560098 0.464959 0.665327 0.2558335 0.701348 0.2294034 0.9651605 0.125855 0.6235573 0.702956 0.3420953 0.1296914 0.9883223 0.07999482 0.1972914 0.9658415 0.1680072 0.6235536 0.7029605 0.3420928 0.5387008 0.706653 0.4587407 0 -0.9659231 0.2588289 0 -0.9659231 0.2588289 0 -0.7071068 0.7071068 0 -0.7071068 0.7071068 0 -0.2588318 0.9659224 0 -0.2588318 0.9659224 0.2432102 0.9659259 0.08852124 0.6644626 0.7071071 0.2418447 0.2432076 0.9659266 0.08852036 0.9076725 0.258823 0.3303656 0.6644675 0.7071022 0.2418463 0.9076697 0.2588336 0.3303649 0 0.9659261 -0.2588182 0 0.9659261 -0.2588182 0 0.7071097 -0.7071039 0 0.7071097 -0.7071039 0 0.2588182 -0.9659261 0 0.2588182 -0.9659261 0.8475085 -0.256012 0.4649593 0.1470535 -0.256018 0.9554214 0.1418133 -0.6999604 0.6999604 0.1194281 -0.8069703 0.5783908 0.1327107 -0.9573794 0.2565396 0.8475107 -0.2560038 0.4649598 0.1296971 -0.9883212 0.0799983 0.6235573 -0.702956 0.3420953 0.2294129 -0.9651574 0.1258603 0.6235536 -0.7029605 0.3420928 0.666242 -0.267869 0.6959653 0.5387008 -0.7066531 0.4587407 0.6653269 -0.2558365 0.7013472 0.1972996 -0.9658386 0.1680141 0.6700706 -0.2559326 0.6967812 0.07648088 -0.9910703 0.1092261 0.1700613 -0.965585 0.1967862 0.4635489 -0.7052678 0.5363951 0.4261257 -0.2678668 0.8640974 0.1267525 -0.9655859 0.2271068 0.3455039 -0.705268 0.619051 -0.1585221 -0.9273344 0.339001 0.4255831 -0.255933 0.8679731 0.2503051 0.2543748 0.9341525 0.2257155 0.9647065 0.1356238 0.8289691 0.2543875 0.4980936 0.06815408 0.9647065 0.2543545 0.06815443 0.9647063 0.2543554 0.1847017 0.7005206 0.6893158 0.2503058 0.2543708 0.9341533 0.1847014 0.7005214 0.689315 0.6117058 0.7005163 0.3675498 0.1584759 0.9647059 0.2103045 0.1584743 0.9647065 0.2103028 0.2257182 0.9647058 0.1356251 0.5820195 0.2543693 0.7723662 0.4294737 0.7005216 0.5699314 0.5820199 0.2543654 0.7723671 0.611701 0.7005218 0.3675477 0.8289725 0.2543682 0.4980978 0.4294734 0.7005221 0.5699311 -0.2246113 0.9645495 -0.1385422 -0.8232431 0.2538238 -0.5077837 -0.05336557 0.9645497 -0.2584494 -0.05336528 0.9645499 -0.2584484 -0.1955956 0.2538191 -0.9472688 -0.1444737 0.6996911 -0.6996854 -0.1955955 0.2538158 -0.9472697 -0.1444734 0.699692 -0.6996846 -0.1513678 0.9645497 -0.2161755 -0.6080789 0.6996884 -0.3750684 -0.1513667 0.9645501 -0.2161741 -0.2246116 0.9645495 -0.1385424 -0.5547924 0.2538216 -0.7923256 -0.5547928 0.2538167 -0.792327 -0.4097881 0.6996924 -0.5852386 -0.4097897 0.69969 -0.5852404 -0.8232434 0.2538217 -0.5077841 -0.608077 0.6996904 -0.3750675 0.9076716 -0.2588258 0.3303656 0.907669 -0.2588364 0.3303644 0.6644626 -0.7071071 0.2418447 0.6644674 -0.7071022 0.2418462 0.2432203 -0.9659229 0.08852492 0.2432177 -0.9659237 0.08852403 0.01805411 0.9659265 0.2581863 0.04932532 0.7071068 0.7053844 0.01805421 0.9659262 0.2581871 0.06737952 0.2588205 0.9635725 0.0493252 0.7071075 0.7053836 0.06737962 0.2588193 0.9635728 -0.907672 0.2588243 -0.3303657 -0.9076722 0.2588234 -0.3303657 -0.6644626 0.7071073 -0.2418445 -0.6644669 0.7071027 -0.2418462 -0.2432099 0.965926 -0.08852118 -0.2432079 0.9659265 -0.08852039 0.8289685 -0.2543903 0.4980933 0.068157 -0.9647036 0.254365 0.250305 -0.2543777 0.9341517 0.6117058 -0.7005163 0.3675498 0.2257249 -0.9647036 0.1356292 0.2257274 -0.9647027 0.1356309 0.611701 -0.7005218 0.3675477 0.8289719 -0.254371 0.4980974 0.1584811 -0.9647035 0.2103114 0.1847016 -0.7005205 0.6893159 0.1584823 -0.9647028 0.2103134 0.06815717 -0.9647033 0.254366 0.5820197 -0.2543685 0.7723663 0.4294734 -0.7005222 0.5699309 0.1847015 -0.7005214 0.689315 0.5820189 -0.2543719 0.7723659 0.2503056 -0.2543737 0.9341527 0.4294737 -0.7005216 0.5699315 0.3151794 0.250562 0.9153582 0.9503147 0.2505581 0.1847231 0.2674335 0.9351124 0.2324738 0.06401999 0.7070307 0.7042791 0.4349463 0.3768431 0.8178087 0.3535439 0.8834911 0.3073277 0.7063291 0.7070372 -0.03460779 0.6902516 0.4043886 0.6000187 0.6902463 0.4043926 0.6000223 0.8703774 0.3768456 0.3169078 0.3535388 0.8834934 0.3073268 -0.06815451 0.9647061 -0.2543562 -0.2257158 0.9647064 -0.1356238 -0.2503051 0.2543796 -0.9341512 -0.2503054 0.2543768 -0.9341519 -0.1847015 0.7005211 -0.6893154 -0.06815476 0.9647059 -0.254357 -0.1847014 0.7005214 -0.689315 -0.8289707 0.2543783 -0.4980957 -0.8289706 0.2543788 -0.4980957 -0.5820182 0.2543779 -0.7723644 -0.582018 0.2543782 -0.7723643 -0.6117051 0.7005169 -0.3675498 -0.1584748 0.9647064 -0.210303 -0.4294738 0.7005216 -0.5699313 -0.1584766 0.9647055 -0.2103057 -0.611702 0.7005209 -0.3675475 -0.4294743 0.7005209 -0.5699319 -0.2257159 0.9647064 -0.1356239 0.06737947 -0.2588234 0.9635717 0.06737958 -0.2588222 0.9635721 0.04932532 -0.7071068 0.7053844 0.0493252 -0.7071075 0.7053836 0.01805486 -0.9659235 0.258197 0.01805497 -0.9659233 0.2581978 0.981627 -0 0.1908097 0.981627 0 0.1908097 0.7547138 -0 0.6560542 0.7547138 0 0.6560542 0.3255648 -0 0.9455197 0.3255648 0 0.9455197 0.9635742 0.2588141 -0.06738035 0.7053886 0.7071025 -0.04932608 0.9635741 0.2588142 -0.06738035 0.2581851 0.9659268 -0.01805386 0.7053772 0.707114 -0.04932422 0.2581909 0.9659252 -0.01805465 -0.06737955 0.258821 -0.9635724 -0.06737956 0.258821 -0.9635724 -0.04932524 0.7071074 -0.7053837 -0.04932524 0.7071074 -0.7053837 -0.0180542 0.9659262 -0.258187 -0.0180542 0.9659263 -0.2581871 0.2674439 -0.9351072 0.2324829 0.3151792 -0.2505648 0.9153575 0.950314 -0.2505609 0.184723 0.06400445 -0.7070308 0.7042804 0.4349411 -0.3768422 0.8178118 0.6902516 -0.4043886 0.6000187 0.7063282 -0.7070373 -0.03462335 0.3535322 -0.883498 0.307321 0.3535307 -0.8835004 0.3073161 0.6902463 -0.4043926 0.6000223 0.8703798 -0.3768447 0.3169023 0.9153615 0.250559 -0.3151722 0.184722 0.2505604 -0.9503143 0.2324713 0.9351147 -0.2674278 0.7042837 0.7070256 -0.06402449 0.8178138 0.3768394 -0.43494 0.3073276 0.8834926 -0.3535402 -0.03462322 0.7070307 -0.7063348 0.600019 0.404385 -0.6902536 0.6000202 0.4043861 -0.6902519 0.3168997 0.3768386 -0.8703834 0.3073284 0.8834905 -0.3535448 0.9635733 -0.258817 -0.0673803 0.9635733 -0.2588171 -0.06738029 0.7053772 -0.707114 -0.04932423 0.7053885 -0.7071025 -0.04932608 0.2582016 -0.9659223 -0.0180554 0.2581959 -0.9659238 -0.01805462 0.9455224 0 -0.325557 0.6560532 0 -0.7547146 0.9455224 0 -0.325557 0.6560532 0 -0.7547146 0.1908086 0 -0.9816273 0.1908086 0 -0.9816273 -0.01805496 -0.9659234 -0.2581978 -0.01805495 -0.9659234 -0.2581978 -0.04932525 -0.7071074 -0.7053837 -0.04932524 -0.7071074 -0.7053837 -0.0673795 -0.2588239 -0.9635715 -0.0673795 -0.2588238 -0.9635715 -0.2257251 -0.9647035 -0.1356294 -0.06815735 -0.9647031 -0.2543668 -0.82897 -0.2543812 -0.4980953 -0.82897 -0.2543816 -0.4980952 -0.6117051 -0.7005169 -0.3675498 -0.2257252 -0.9647034 -0.1356295 -0.611702 -0.7005209 -0.3675475 -0.2503048 -0.2543825 -0.9341504 -0.2503052 -0.2543796 -0.9341511 -0.5820175 -0.2543817 -0.7723636 -0.5820176 -0.2543811 -0.7723638 -0.1847015 -0.7005211 -0.6893154 -0.1584833 -0.9647025 -0.2103142 -0.4294744 -0.7005206 -0.569932 -0.1584812 -0.9647034 -0.2103118 -0.1847014 -0.7005214 -0.689315 -0.4294739 -0.7005216 -0.5699313 -0.06815758 -0.9647029 -0.2543675 -0.2432179 -0.9659237 -0.08852413 -0.2432203 -0.965923 -0.08852493 -0.9076713 -0.2588272 -0.3303654 -0.6644626 -0.7071071 -0.2418447 -0.6644669 -0.7071027 -0.2418461 -0.9076716 -0.2588263 -0.3303655 -0.8232425 -0.2538268 -0.5077832 -0.05336769 -0.9645467 -0.2584601 -0.6080789 -0.6996884 -0.3750684 -0.2246206 -0.9645466 -0.1385479 -0.2246209 -0.9645465 -0.1385482 -0.608077 -0.6996904 -0.3750675 -0.8232428 -0.2538245 -0.5077838 -0.1513732 -0.964547 -0.2161831 -0.1513739 -0.9645466 -0.2161844 -0.05336757 -0.9645469 -0.2584591 -0.1955955 -0.2538219 -0.9472681 -0.1444737 -0.6996911 -0.6996854 -0.5547926 -0.2538197 -0.7923261 -0.1955954 -0.2538186 -0.947269 -0.4097895 -0.69969 -0.5852406 -0.1444734 -0.699692 -0.6996846 -0.5547916 -0.2538244 -0.7923253 -0.4097883 -0.6996923 -0.5852385 0 -0.2588211 -0.9659253 0 -0.2588211 -0.9659253 0 -0.7071097 -0.7071039 0 -0.7071097 -0.7071039 0 -0.9659231 -0.2588289 0 -0.9659231 -0.2588289 0.2324713 -0.9351147 -0.2674278 0.9153615 -0.250559 -0.3151722 0.184722 -0.2505603 -0.9503143 0.7042837 -0.7070256 -0.06402449 0.8178138 -0.3768394 -0.43494 0.600019 -0.404385 -0.6902536 -0.03462322 -0.7070307 -0.7063348 0.3073254 -0.8834928 -0.3535413 0.3073299 -0.8834907 -0.3535428 0.6000202 -0.4043861 -0.6902519 0.3168997 -0.3768386 -0.8703834 -0.06975648 0 -0.997564 -0.06975648 0 -0.997564 0 1 0 0 1 0 0.06975652 0 0.997564 0.06975652 -0 0.997564 -0 -1 0 0 -1 0 -0.8571674 0 -0.515038 -0.8571674 0 -0.515038 -0.6018149 0 -0.7986356 -0.2588192 0 -0.9659258 -0.6018149 0 -0.7986356 -0.2588192 0 -0.9659258 0 1 0 0 1 0 0 1 0 0 1 0 0 1 0 0 1 0 0.8571679 0 0.5150371 0.601815 0 0.7986356 0.8571679 0 0.5150371 0.2588188 0 0.9659259 0.601815 0 0.7986356 0.2588188 0 0.9659259 0 -1 0 -0 -1 0 -0 -1 0 0 -1 0 -0 -1 0 0 -1 0 -0.9396926 0 -0.3420202 -0.9396926 0 -0.3420202 0 1 0 -0 1 0 0.9396926 0 0.3420203 0.9396926 -0 0.3420203 0 -1 -0 0 -1 0 -0.2022176 -0 -0.9793406 -0.2022176 0 -0.9793406 -0.5735765 0 -0.8191521 -0.5735765 -0 -0.8191521 -0.8511168 0 -0.5249764 -0.8511168 -0 -0.5249764 0 1 0 0 1 0 0 1 0 0 1 0 0 1 0 0 1 0 0.1521235 0 0.9883615 0.1521235 0 0.9883615 0.4422888 0 0.8968727 0.4422888 0 0.8968727 0.6915132 0 0.7223638 0.6915132 0 0.7223638 0.8767267 0 0.4809889 0.8767267 0 0.4809889 0 -1 0 0 -1 0 0 -1 0 -0 -1 0 0 -1 0 -0 -1 0 0 -1 0 0 -1 0 -0 -0 -1 0 0 -1 0 1 0 0 1 0 0 -0 1 0 0 1 0.997564 0 -0.06975718 0.997564 0 -0.06975718 -1 -0 0 -1 -0 0 -1 0 0 -1 0 0 -1 0 0 -1 0 0 -1 0 0 -1 0 0 -1 0 0 -1 0 0 -1 0 0 -1 0 0 -1 0 0 -1 0 0 0 0.2588318 0.9659224 -0 0.2588318 0.9659224 -0 0.7071068 0.7071068 0 0.7071068 0.7071068 -0 0.9659231 0.2588289 0 0.9659231 0.2588289 0.3555078 0.5949116 0.7208983 0.1470527 0.2560179 0.9554215 0.1470539 0.2560073 0.9554242 0.5813507 0.2451122 0.7758552 0.03980601 0.9651576 0.2586238 0.1081952 0.7029557 0.7029558 0.0308147 0.9883214 0.1492358 0.108194 0.7029608 0.702951 0.3447168 0.7000759 0.6253511 0.3437322 0.2514327 0.9047816 0.07648088 0.9910703 0.1092261 0.300361 0.7015962 0.6461779 0.666242 0.267869 0.6959653 0.6700705 0.2559327 0.696781 0.1700613 0.965585 0.1967862 0.463549 0.7052677 0.5363953 0.8475104 0.2560038 0.4649603 0.8475087 0.2560126 0.4649587 0.6653269 0.2558363 0.7013472 0.2294129 0.9651574 0.1258603 0.6235573 0.702956 0.3420953 0.1296971 0.9883212 0.0799983 0.1972996 0.9658386 0.1680142 0.6235536 0.7029605 0.3420928 0.5387008 0.706653 0.4587407 0 -0.9659261 0.2588182 0 -0.9659261 0.2588182 0 -0.7071068 0.7071068 0 -0.7071068 0.7071068 0 -0.2588289 0.9659231 0 -0.2588289 0.9659231 0.2432203 0.9659229 0.08852492 0.6644626 0.7071071 0.2418447 0.2432177 0.9659237 0.08852403 0.9076717 0.2588259 0.3303654 0.6644675 0.7071022 0.2418463 0.9076689 0.2588364 0.3303646 0 0.9659231 -0.2588289 0 0.9659231 -0.2588289 0 0.7071097 -0.7071039 0 0.7071097 -0.7071039 0 0.2588211 -0.9659253 0 0.2588211 -0.9659253 0.8475092 -0.2560092 0.4649596 0.1470536 -0.2560151 0.9554222 0.1418139 -0.6999604 0.6999604 0.1194281 -0.8069703 0.5783908 0.1327109 -0.9573822 0.2565289 0.8475114 -0.2560009 0.4649601 0.1296914 -0.9883223 0.07999482 0.6235573 -0.702956 0.3420953 0.2294034 -0.9651605 0.125855 0.6235536 -0.7029605 0.3420928 0.6662424 -0.2678673 0.6959656 0.5387008 -0.7066531 0.4587407 0.665327 -0.2558336 0.7013481 0.1972914 -0.9658415 0.1680072 0.6700712 -0.2559298 0.6967815 0.07647753 -0.991071 0.1092213 0.1700542 -0.9655879 0.196778 0.4635489 -0.7052678 0.5363951 0.426126 -0.2678652 0.8640978 0.1267472 -0.9655888 0.2270973 0.3455039 -0.705268 0.619051 -0.1585302 -0.9273359 0.3389929 0.4255833 -0.2559302 0.8679739 0.250305 0.2543777 0.9341517 0.2257248 0.9647036 0.1356294 0.8289685 0.2543903 0.4980933 0.06815691 0.9647037 0.2543651 0.06815726 0.9647033 0.254366 0.1847017 0.7005206 0.6893158 0.2503056 0.2543737 0.9341527 0.1847014 0.7005214 0.689315 0.6117058 0.7005163 0.3675498 0.1584824 0.9647029 0.2103132 0.1584809 0.9647034 0.2103115 0.2257275 0.9647028 0.1356307 0.582019 0.2543721 0.7723656 0.4294737 0.7005216 0.5699314 0.5820195 0.2543683 0.7723666 0.611701 0.7005218 0.3675477 0.8289719 0.254371 0.4980974 0.4294734 0.7005221 0.5699311 -0.2246206 0.9645466 -0.138548 -0.8232425 0.2538267 -0.5077832 -0.05336778 0.9645467 -0.2584601 -0.0533675 0.9645469 -0.2584591 -0.1955955 0.2538219 -0.9472681 -0.1444737 0.6996911 -0.6996854 -0.1955954 0.2538186 -0.947269 -0.1444734 0.699692 -0.6996846 -0.1513741 0.9645466 -0.2161844 -0.6080789 0.6996884 -0.3750684 -0.151373 0.9645471 -0.2161831 -0.2246209 0.9645465 -0.1385481 -0.554792 0.2538245 -0.792325 -0.5547923 0.2538196 -0.7923264 -0.4097881 0.6996924 -0.5852386 -0.4097897 0.69969 -0.5852404 -0.8232428 0.2538245 -0.5077838 -0.608077 0.6996904 -0.3750675 0.9076724 -0.258823 0.3303658 0.9076698 -0.2588336 0.3303647 0.6644626 -0.7071071 0.2418447 0.6644674 -0.7071022 0.2418462 0.2432102 -0.9659259 0.08852124 0.2432076 -0.9659266 0.08852035 0.01805486 0.9659235 0.258197 0.04932532 0.7071068 0.7053844 0.01805496 0.9659233 0.2581978 0.06737947 0.2588234 0.9635717 0.0493252 0.7071075 0.7053836 0.06737958 0.2588222 0.9635721 -0.9076713 0.2588272 -0.3303654 -0.9076715 0.2588263 -0.3303655 -0.6644626 0.7071073 -0.2418445 -0.6644669 0.7071027 -0.2418462 -0.24322 0.9659231 -0.08852486 -0.243218 0.9659237 -0.08852408 0.8289691 -0.2543875 0.4980936 0.06815416 -0.9647065 0.2543545 0.2503051 -0.2543748 0.9341525 0.6117058 -0.7005163 0.3675498 0.2257156 -0.9647065 0.1356235 0.225718 -0.9647058 0.1356253 0.611701 -0.7005218 0.3675477 0.8289725 -0.2543682 0.4980978 0.1584745 -0.9647065 0.2103027 0.1847016 -0.7005205 0.6893159 0.1584758 -0.9647059 0.2103047 0.06815435 -0.9647063 0.2543555 0.5820202 -0.2543656 0.7723669 0.4294734 -0.7005222 0.5699309 0.1847015 -0.7005214 0.689315 0.5820193 -0.2543691 0.7723663 0.2503058 -0.2543708 0.9341533 0.4294737 -0.7005216 0.5699315 0.3151792 0.2505648 0.9153575 0.950314 0.2505609 0.184723 0.2674439 0.9351072 0.2324829 0.06400445 0.7070308 0.7042804 0.4349411 0.3768422 0.8178118 0.3535336 0.8834984 0.3073186 0.7063282 0.7070373 -0.03462335 0.6902516 0.4043886 0.6000187 0.6902463 0.4043926 0.6000223 0.8703798 0.3768447 0.3169023 0.3535284 0.8835008 0.3073178 -0.06815734 0.9647031 -0.2543668 -0.2257252 0.9647035 -0.1356295 -0.2503048 0.2543825 -0.9341504 -0.2503052 0.2543796 -0.9341511 -0.1847015 0.7005211 -0.6893154 -0.06815758 0.9647029 -0.2543675 -0.1847014 0.7005214 -0.689315 -0.82897 0.2543812 -0.4980953 -0.82897 0.2543816 -0.4980952 -0.5820177 0.2543808 -0.7723638 -0.5820176 0.2543811 -0.7723638 -0.6117051 0.7005169 -0.3675498 -0.1584814 0.9647034 -0.2103117 -0.4294738 0.7005216 -0.5699313 -0.1584832 0.9647025 -0.2103144 -0.611702 0.7005209 -0.3675475 -0.4294743 0.7005209 -0.5699319 -0.2257252 0.9647034 -0.1356295 0.06737952 -0.2588205 0.9635725 0.06737962 -0.2588193 0.9635728 0.04932532 -0.7071068 0.7053844 0.0493252 -0.7071075 0.7053836 0.01805411 -0.9659265 0.2581863 0.01805421 -0.9659262 0.2581871 0.981627 -0 0.1908097 0.981627 0 0.1908097 0.7547138 -0 0.6560542 0.7547138 0 0.6560542 0.3255648 -0 0.9455197 0.3255648 0 0.9455197 0.9635733 0.258817 -0.0673803 0.7053886 0.7071025 -0.04932608 0.9635733 0.2588171 -0.0673803 0.2581959 0.9659238 -0.01805461 0.7053772 0.707114 -0.04932422 0.2582016 0.9659223 -0.0180554 -0.0673795 0.2588239 -0.9635715 -0.0673795 0.2588239 -0.9635715 -0.04932524 0.7071074 -0.7053837 -0.04932524 0.7071074 -0.7053837 -0.01805495 0.9659234 -0.2581978 -0.01805495 0.9659234 -0.2581978 0.2674335 -0.9351124 0.2324738 0.3151794 -0.250562 0.9153582 0.9503147 -0.2505581 0.1847231 0.06401999 -0.7070307 0.7042791 0.4349463 -0.3768431 0.8178087 0.6902516 -0.4043886 0.6000187 0.7063291 -0.7070372 -0.03460779 0.3535425 -0.8834907 0.30733 0.353541 -0.8834931 0.3073251 0.6902463 -0.4043926 0.6000223 0.8703774 -0.3768456 0.3169078 0.9153608 0.2505618 -0.3151719 0.1847219 0.2505632 -0.9503136 0.2324804 0.9351094 -0.2674382 0.704285 0.7070259 -0.06400894 0.8178169 0.3768385 -0.4349348 0.3073186 0.8834998 -0.3535298 -0.03463879 0.7070308 -0.7063339 0.600019 0.404385 -0.6902536 0.6000202 0.4043861 -0.6902519 0.3168941 0.3768377 -0.8703858 0.3073193 0.8834977 -0.3535344 0.9635742 -0.2588141 -0.06738035 0.9635741 -0.2588142 -0.06738035 0.7053772 -0.707114 -0.04932423 0.7053885 -0.7071025 -0.04932608 0.2581909 -0.9659252 -0.01805465 0.2581852 -0.9659268 -0.01805387 0.9455224 0 -0.325557 0.6560532 0 -0.7547146 0.9455224 0 -0.325557 0.1908086 0 -0.9816273 0.6560532 0 -0.7547146 0.1908086 0 -0.9816273 -0.01805421 -0.9659263 -0.2581871 -0.0180542 -0.9659262 -0.258187 -0.04932525 -0.7071074 -0.7053837 -0.04932524 -0.7071074 -0.7053837 -0.06737955 -0.258821 -0.9635724 -0.06737956 -0.258821 -0.9635724 -0.2257158 -0.9647065 -0.1356238 -0.06815452 -0.9647061 -0.2543563 -0.8289707 -0.2543783 -0.4980957 -0.8289706 -0.2543788 -0.4980957 -0.6117051 -0.7005169 -0.3675498 -0.2257159 -0.9647064 -0.1356239 -0.611702 -0.7005209 -0.3675475 -0.2503051 -0.2543796 -0.9341512 -0.2503054 -0.2543768 -0.9341519 -0.5820179 -0.2543789 -0.7723641 -0.582018 -0.2543782 -0.7723643 -0.1847015 -0.7005211 -0.6893154 -0.1584767 -0.9647055 -0.2103055 -0.4294744 -0.7005206 -0.569932 -0.1584747 -0.9647064 -0.2103031 -0.1847014 -0.7005214 -0.689315 -0.4294739 -0.7005216 -0.5699313 -0.06815476 -0.9647059 -0.254357 -0.2432078 -0.9659265 -0.08852044 -0.2432102 -0.9659259 -0.08852124 -0.907672 -0.2588243 -0.3303657 -0.6644626 -0.7071071 -0.2418447 -0.6644669 -0.7071027 -0.2418461 -0.9076722 -0.2588234 -0.3303657 -0.823243 -0.253824 -0.5077837 -0.05336548 -0.9645497 -0.2584494 -0.6080789 -0.6996884 -0.3750684 -0.2246113 -0.9645495 -0.1385422 -0.2246116 -0.9645495 -0.1385424 -0.608077 -0.6996904 -0.3750675 -0.8232434 -0.2538217 -0.5077841 -0.1513669 -0.96455 -0.2161742 -0.1513676 -0.9645496 -0.2161754 -0.05336536 -0.9645499 -0.2584484 -0.1955956 -0.2538191 -0.9472688 -0.1444737 -0.6996911 -0.6996854 -0.5547931 -0.2538168 -0.7923267 -0.1955955 -0.2538158 -0.9472697 -0.4097895 -0.69969 -0.5852406 -0.1444734 -0.699692 -0.6996846 -0.554792 -0.2538216 -0.7923259 -0.4097883 -0.6996923 -0.5852385 0 -0.2588182 -0.9659261 0 -0.2588182 -0.9659261 0 -0.7071097 -0.7071039 0 -0.7071097 -0.7071039 0 -0.9659261 -0.2588182 0 -0.9659261 -0.2588182 -0.1847221 0.2505597 -0.9503145 -0.9153617 0.2505583 -0.3151723 -0.2324713 0.9351147 -0.2674278 -0.6000196 0.4043828 -0.6902543 0.03462888 0.7070293 -0.706336 -0.3168984 0.3768363 -0.8703849 -0.7042856 0.7070243 -0.06401903 -0.3073261 0.8834922 -0.3535422 -0.6000208 0.404384 -0.6902525 -0.8178154 0.3768371 -0.4349389 -0.3073253 0.8834944 -0.3535375 0.06975648 0 -0.997564 0.06975648 0 -0.997564 0 -1 -0 0 -1 0 -0.06975652 0 0.997564 -0.06975652 0 0.997564 0 1 0 0 1 -0 0.8571673 0 -0.5150379 0.8571673 0 -0.5150379 0.6018149 0 -0.7986356 0.2588192 0 -0.9659258 0.6018149 0 -0.7986356 0.2588192 0 -0.9659258 0 -1 -0 0 -1 -0 0 -1 0 0 -1 0 0 -1 -0 0 -1 0 -0.8571679 0 0.5150371 -0.8571679 0 0.5150371 -0.601815 0 0.7986355 -0.601815 0 0.7986355 -0.2588188 0 0.9659259 -0.2588188 0 0.9659259 0 1 -0 -0 1 0 0 1 -0 0 1 0 0 1 -0 0 1 0 0.9396926 0 -0.3420202 0.9396926 0 -0.3420202 0 -1 0 -0 -1 0 -0.9396926 0 0.3420202 -0.9396926 0 0.3420202 0 1 0 0 1 0 0.2022176 0 -0.9793406 0.2022176 0 -0.9793406 0.5735763 0 -0.8191521 0.5735763 0 -0.8191521 0.8511168 0 -0.5249764 0.8511168 0 -0.5249764 0 -1 -0 0 -1 -0 0 -1 0 0 -1 -0 0 -1 0 0 -1 0 -0.1521236 0 0.9883615 -0.1521236 0 0.9883615 -0.4422885 0 0.8968729 -0.4422885 0 0.8968729 -0.6915131 0 0.7223639 -0.6915131 0 0.7223639 -0.8767267 0 0.4809889 -0.8767267 0 0.4809889 0 1 0 0 1 -0 0 1 0 -0 1 0 0 1 -0 -0 1 0 0 1 0 0 1 -0 0 0 -1 0 0 -1 0 -1 0 0 -1 -0 -0 0 1 0 0 1 -0.997564 -0 -0.06975718 -0.997564 0 -0.06975718 1 0 0 1 0 0 1 0 0 1 0 0 1 0 -0 1 0 0 1 0 -0 1 0 -0 1 0 -0 1 0 0 1 0 0 1 0 -0 1 0 0 1 0 0 0 -0.2588282 0.9659234 0 -0.2588282 0.9659234 0 -0.7071068 0.7071068 0 -0.7071068 0.7071068 0 -0.9659254 0.2588209 0 -0.9659254 0.2588209 -0.8475093 -0.2560087 0.4649597 -0.6092441 -0.6999603 0.3726624 -0.5026642 -0.806969 0.3100481 -0.195671 -0.9573815 0.2124468 -0.147053 -0.2560144 0.9554224 -0.1470542 -0.2560037 0.9554251 -0.03980477 -0.9651598 0.2586158 -0.1081952 -0.7029557 0.7029558 -0.0308137 -0.9883221 0.1492309 -0.1081942 -0.70296 0.7029518 -0.4261256 -0.2678656 0.8640978 -0.2468292 -0.7066513 0.6631133 -0.4314952 -0.2558345 0.8650784 -0.09039747 -0.9658414 0.2428553 -0.4255828 -0.2559296 0.8679742 -0.07647827 -0.9910709 0.1092223 -0.1267491 -0.9655877 0.227101 -0.3455035 -0.705268 0.6190512 -0.6662425 -0.2678669 0.6959658 -0.463549 -0.7052677 0.5363953 -0.6700714 -0.2559292 0.6967816 -0.1700547 -0.9655877 0.1967786 -0.3727702 -0.9273357 -0.0330281 0 0.9659261 0.2588182 0 0.9659261 0.2588182 0 0.7071054 0.7071083 0 0.7071054 0.7071083 0 0.2588282 0.9659234 0 0.2588282 0.9659234 -0.2432127 -0.9659252 0.08852223 -0.2432101 -0.9659259 0.0885212 -0.6644626 -0.7071072 0.2418445 -0.6644673 -0.7071022 0.2418464 -0.9076725 -0.2588223 0.3303659 -0.90767 -0.2588328 0.3303647 0 -0.9659254 -0.2588209 -0 -0.9659254 -0.2588209 -0 -0.7071096 -0.7071039 0 -0.7071096 -0.7071039 -0 -0.2588175 -0.9659263 0 -0.2588175 -0.9659263 -0.5558332 0.5949095 0.5806308 -0.8475095 0.2560091 0.4649591 -0.8475113 0.2560003 0.4649608 -0.5302319 0.2451079 0.8116503 -0.1296908 0.9883224 0.07999454 -0.6235585 0.7029546 0.342096 -0.2294034 0.9651605 0.125855 -0.6235548 0.7029591 0.3420935 -0.4697377 0.7000741 0.5378129 -0.7326546 0.2514283 0.6324564 -0.07647744 0.9910711 0.1092211 -0.504481 0.7015945 0.5032535 -0.4261256 0.2678652 0.8640979 -0.4255829 0.2559296 0.8679743 -0.1267478 0.9655885 0.2270986 -0.3455043 0.7052664 0.6190526 -0.147053 0.2560144 0.9554224 -0.1470542 0.2560037 0.9554251 -0.431495 0.2558346 0.8650784 -0.1081955 0.7029544 0.7029573 -0.03980435 0.9651605 0.2586131 -0.03081336 0.9883224 0.1492293 -0.1081944 0.7029586 0.7029532 -0.09039652 0.965842 0.2428527 -0.2468297 0.7066498 0.6631147 -0.2257178 -0.9647058 0.1356252 -0.8289693 -0.2543868 0.4980938 -0.06815479 -0.9647058 0.2543571 -0.06815514 -0.9647056 0.2543581 -0.2503055 -0.2543702 0.9341537 -0.1847017 -0.7005206 0.6893158 -0.2503056 -0.2543741 0.9341525 -0.1847014 -0.7005214 0.689315 -0.6117058 -0.7005163 0.3675498 -0.1584775 -0.9647052 0.2103067 -0.158476 -0.9647058 0.210305 -0.2257205 -0.964705 0.1356265 -0.5820197 -0.2543685 0.7723663 -0.58202 -0.2543647 0.7723673 -0.4294737 -0.7005216 0.5699314 -0.4294734 -0.7005221 0.5699311 -0.611701 -0.7005218 0.3675477 -0.8289727 -0.2543674 0.4980979 0.2246136 -0.9645488 -0.1385437 0.05336611 -0.9645489 -0.2584521 0.053366 -0.964549 -0.2584517 0.1955957 -0.2538184 -0.947269 0.1444737 -0.6996911 -0.6996854 0.1955955 -0.2538151 -0.9472699 0.1444734 -0.699692 -0.6996846 0.1513692 -0.9645489 -0.2161777 0.1513693 -0.9645489 -0.2161778 0.2246139 -0.9645487 -0.1385438 0.8232432 -0.253823 -0.507784 0.6080788 -0.6996883 -0.3750686 0.5547925 -0.2538209 -0.7923258 0.8232437 -0.253821 -0.5077841 0.5547929 -0.253816 -0.7923272 0.4097881 -0.6996924 -0.5852386 0.6080772 -0.6996904 -0.3750674 0.4097897 -0.69969 -0.5852404 -0.9076725 0.2588223 0.3303659 -0.9076698 0.2588328 0.3303647 -0.6644639 0.7071057 0.2418452 -0.6644688 0.7071007 0.2418467 -0.2432102 0.9659259 0.08852124 -0.2432076 0.9659266 0.08852035 -0.01805433 -0.9659258 0.258189 -0.04932532 -0.7071068 0.7053844 -0.01805437 -0.9659256 0.2581894 -0.0493252 -0.7071075 0.7053836 -0.06737962 -0.2588198 0.9635727 -0.06737956 -0.2588185 0.963573 0.9076726 -0.2588223 -0.3303657 0.907675 -0.2588126 -0.3303668 0.6644626 -0.7071073 -0.2418445 0.6644619 -0.7071081 -0.2418442 0.2432124 -0.9659253 -0.0885221 0.2432104 -0.9659258 -0.08852132 -0.8289693 0.2543868 0.4980938 -0.06815416 0.9647065 0.2543545 -0.6117071 0.7005148 0.3675505 -0.2257156 0.9647065 0.1356235 -0.225718 0.9647058 0.1356253 -0.6117022 0.7005203 0.3675484 -0.8289727 0.2543674 0.4980979 -0.1584745 0.9647065 0.2103027 -0.1584758 0.9647059 0.2103047 -0.06815435 0.9647063 0.2543555 -0.2503056 0.2543741 0.9341525 -0.1847021 0.7005191 0.6893172 -0.5820202 0.2543649 0.7723671 -0.2503055 0.2543702 0.9341537 -0.4294742 0.7005207 0.569932 -0.1847018 0.7005199 0.6893164 -0.5820194 0.2543684 0.7723665 -0.4294746 0.7005201 0.5699325 -0.2674302 -0.9351141 0.2324709 -0.9503148 -0.2505574 0.1847232 -0.3151795 -0.2505613 0.9153584 -0.7063289 -0.7070372 -0.03461167 -0.3535384 -0.8834949 0.3073229 -0.8703781 -0.3768442 0.3169075 -0.06401612 -0.7070308 0.7042794 -0.6902508 -0.4043912 0.600018 -0.35354 -0.8834926 0.3073278 -0.690248 -0.4043874 0.6000239 -0.4349459 -0.3768417 0.8178095 0.06815521 -0.9647053 -0.2543589 0.2257182 -0.9647057 -0.1356251 0.2503058 -0.2543734 -0.9341526 0.2503054 -0.2543761 -0.934152 0.1847007 -0.700524 -0.6893125 0.06815546 -0.9647052 -0.2543596 0.1847016 -0.7005214 -0.6893149 0.8289726 -0.2543686 -0.4980974 0.8289707 -0.2543781 -0.4980957 0.5820183 -0.2543772 -0.7723646 0.5820181 -0.2543775 -0.7723644 0.6117005 -0.7005224 -0.367547 0.1584775 -0.9647051 -0.2103067 0.4294738 -0.7005216 -0.5699313 0.1584782 -0.9647048 -0.2103079 0.6117017 -0.7005209 -0.3675478 0.4294743 -0.7005209 -0.5699319 0.2257204 -0.964705 -0.1356266 -0.06737962 0.2588198 0.9635727 -0.06737956 0.2588185 0.963573 -0.04932542 0.7071053 0.7053857 -0.0493253 0.7071061 0.705385 -0.01805414 0.9659264 0.2581863 -0.01805418 0.9659263 0.2581867 -0.981627 0 0.1908097 -0.981627 0 0.1908097 -0.7547138 0 0.6560541 -0.3255648 0 0.9455197 -0.7547138 0 0.6560541 -0.3255648 0 0.9455197 -0.9635743 -0.2588135 -0.06738036 -0.9635743 -0.2588135 -0.06738036 -0.7053887 -0.7071025 -0.04932503 -0.705377 -0.707114 -0.04932527 -0.2581879 -0.9659261 -0.01805405 -0.2581879 -0.9659261 -0.01805405 0.06737959 -0.2588188 -0.9635729 0.06737947 -0.2588203 -0.9635726 0.04932519 -0.7071082 -0.7053829 0.04932517 -0.7071074 -0.7053837 0.01805439 -0.9659255 -0.2581897 0.01805439 -0.9659256 -0.2581898 -0.9503148 0.2505574 0.1847232 -0.3151795 0.2505613 0.9153584 -0.2674276 0.9351154 0.2324686 -0.7063302 0.7070358 -0.03461344 -0.8703789 0.3768433 0.3169066 -0.6902511 0.4043905 0.6000182 -0.06401455 0.7070293 0.704281 -0.3535362 0.8834952 0.3073245 -0.6902483 0.4043866 0.600024 -0.4349452 0.3768409 0.8178103 -0.3535413 0.8834929 0.3073254 -0.2324736 -0.9351134 -0.2674304 -0.1847221 -0.2505597 -0.9503145 -0.9153617 -0.2505583 -0.3151722 0.03462711 -0.7070307 -0.7063346 -0.6000194 -0.4043835 -0.690254 -0.3168993 -0.3768371 -0.8703842 -0.7042841 -0.7070257 -0.0640206 -0.3073261 -0.8834922 -0.3535422 -0.6000206 -0.4043848 -0.6902524 -0.3073253 -0.8834944 -0.3535375 -0.8178145 -0.3768379 -0.4349397 -0.9635743 0.2588134 -0.06738037 -0.9635743 0.2588135 -0.06738036 -0.7053787 0.7071126 -0.04932432 -0.7053899 0.7071011 -0.04932618 -0.2581851 0.9659268 -0.01805386 -0.2581852 0.9659268 -0.01805387 -0.9455224 0 -0.325557 -0.9455224 0 -0.325557 -0.6560532 0 -0.7547145 -0.6560532 0 -0.7547145 -0.1908086 0 -0.9816273 -0.1908086 0 -0.9816273 0.01805421 0.9659263 -0.2581871 0.0180542 0.9659262 -0.258187 0.04932522 0.7071068 -0.7053844 0.04932534 0.707106 -0.7053851 0.06737959 0.2588188 -0.9635729 0.06737947 0.2588203 -0.9635726 0.2257158 0.9647065 -0.1356236 0.06815452 0.9647061 -0.2543563 0.8289726 0.2543686 -0.4980974 0.8289707 0.2543781 -0.4980957 0.6117017 0.7005209 -0.3675477 0.2257181 0.9647057 -0.1356252 0.611703 0.7005196 -0.3675486 0.2503058 0.2543734 -0.9341526 0.2503054 0.2543761 -0.934152 0.582018 0.2543782 -0.7723643 0.5820181 0.2543775 -0.7723644 0.1847011 0.7005225 -0.6893139 0.1584766 0.9647055 -0.2103055 0.4294752 0.7005192 -0.5699332 0.1584758 0.9647058 -0.2103047 0.184702 0.70052 -0.6893163 0.4294747 0.7005201 -0.5699325 0.06815476 0.9647059 -0.254357 0.2432078 0.9659265 -0.08852044 0.2432102 0.9659259 -0.08852124 0.9076726 0.2588223 -0.3303657 0.664464 0.7071058 -0.241845 0.6644632 0.7071066 -0.2418447 0.907675 0.2588126 -0.3303668 0.1955954 0.2538184 -0.9472691 0.2246113 0.9645495 -0.1385422 0.2246116 0.9645495 -0.1385424 0.8232432 0.253823 -0.507784 0.60808 0.6996869 -0.3750694 0.8232437 0.253821 -0.5077841 0.6080784 0.6996889 -0.3750681 0.05336545 0.9645497 -0.258449 0.1513678 0.9645496 -0.2161756 0.05336557 0.9645497 -0.2584494 0.1513676 0.9645496 -0.2161754 0.144474 0.6996897 -0.6996868 0.5547932 0.2538161 -0.7923269 0.5547922 0.2538208 -0.7923261 0.4097903 0.6996886 -0.5852418 0.4097891 0.6996909 -0.5852396 0.1955958 0.2538151 -0.9472699 0.1444737 0.6996905 -0.6996859 0 0.2588175 -0.9659263 0 0.2588175 -0.9659263 0 0.7071082 -0.7071053 0 0.7071082 -0.7071053 0 0.9659261 -0.2588182 0 0.9659261 -0.2588182 0 1 -0 0 1 0 -1 0 0 -1 0 0 -0 1 0 0 1 0 -1 0 0 -1 0 0 -0 -1 -0 0 -1 0 1 0 0 1 0 0 0 0 1 -0 0 1 -0 0 1 0 0 1 0 0 -1 -0 0 -1 0 0 -1 0 0 -1 0.9785498 0.2060104 0 0.9785498 0.2060104 -0 0 1 -0 0 1 0 -0.8907752 -0.4544443 0 -0.8907752 -0.4544443 0 -0.9477656 -0.3189677 0 -0.9477656 -0.3189677 0 -0.9828315 -0.1845055 0 -0.9828315 -0.1845055 0 -0.9982933 -0.05839808 0 -0.9982933 -0.05839808 0 -0.9962144 0.08692936 0 -0.9962144 0.08692936 0 -0.9602908 0.2790011 0 -0.9602908 0.2790011 0 -0.8783614 0.4779972 0 -0.8783614 0.4779972 0 -0.7544672 0.6563378 0 -0.7544672 0.6563378 0 -0.3253635 0.9455891 0 -0.3253635 0.9455891 0 0.3299208 0.9440086 0 0.3299208 0.9440086 -0 0.9261817 0.3770775 0 0.9261817 0.3770775 -0 0.96977 -0.2440207 0 0.96977 -0.2440207 0 -0 1 0 0 1 0 -0.9418081 0.336151 0 -0.9418081 0.336151 0 -0.975117 0.2216908 0 -0.975117 0.2216908 0 -0.9924973 0.1222668 0 -0.9924973 0.1222668 0 -0.9992991 0.03743273 0 -0.9992991 0.03743273 0 -0.9282095 -0.3720579 0 -0.9282095 -0.3720579 0 -0.3484173 -0.9373395 0 -0.3484173 -0.9373395 0 0.07479585 -0.9971988 0 0.07479585 -0.9971988 0 0.2433683 -0.969934 0 0.2433683 -0.969934 0 0.4273827 -0.9040708 0 0.4273827 -0.9040708 0 0.6057643 -0.7956442 0 0.6057643 -0.7956442 0 0.9293328 -0.3692431 0 0.9293328 -0.3692431 0 0 -0 1 0 -0 1 -0 0 1 0 -0 1 -0 -0 1 0 0 1 0 0 1 0 0 1 0 0 1 0 -0 1 0 -0 1 0 0 1 0 0 1 -0 0 1 0 0 1 0 -0 1 0 -0 1 -0 0 1 0 -0 1 0 0 1 0 0 1 -0 0 1 0 0 1 0 -0 1 -0 0 -1 0 0 -1 0 0 -1 0 0 -1 0 0 -1 -0 0 -1 0 0 -1 0 -0 -1 0 -0 -1 0 0 -1 -0 0 -1 -0 0 -1 -0 0 -1 0 0 -1 0 0 -1 -0 0 -1 0 0 -1 0 0 -1 -0 0 -1 -0 0 -1 0 -0 -1 0 0 -1 0 0 -1 -0 0 -1 0 1 -0 0 1 0 -1 0 0 -1 0 0 -0 1 0 0 1 0 1 0 0 1 0 0 -0 1 0 0 1 0 -1 0 0 -1 0 0 -0 1 0 0 1 0 1 0 0 1 0 0 0 1 -0 0 1 0 -1 0 0 -1 0 0 -0 -1 -0 0 -1 0 1 0 0 1 0 0 -0 0 1 0 0 1 0 0 1 0 0 1 -0 0 1 -0 0 1 -0 0 1 -0 0 1 0 0 1 -0 0 1 0 0 -1 0 0 -1 -0 0 -1 0 0 -1 0 0 -1 0 0 -1 0 0 -1 0 0 -1 0 0 -1 0 0 -1 0 0 1 0 0 1 -0 0 1 -0 0 1 0 -0 1 0 0 1 -0 0 1 -0 0 1 0 -0 1 0 0 1 -0 0 1 -0 0 1 0 -0 1 0 -0 1 -0 0 1 0 -0 1 0 0 1 0 0 1 0 -0 1 0 0 1 0 0 1 -0 0 1 0 -0 1 0 -0 1 0 -0 1 0 0 1 -0 0 1 0 0 1 -0 0 1 0 -0 1 0 0 1 0 0 1 -0 0 -1 -0 0 -1 0 0 -1 0 0 -1 0 0 -1 -0 0 -1 0 0 -1 0 0 -1 -0 0 -1 -0 0 -1 0 0 -1 0 0 -1 -0 0 -1 -0 0 -1 0 0 -1 -0 0 -1 -0 0 -1 0 0 -1 0 -0 -1 -0 0 -1 0 0 -1 0 0 -1 -0 0 -1 -0 0 -1 -0 0 -1 -0 0 -1 0 0 -1 -0 0 -1 0 0 -1 -0 -0 -1 0 0 -1 -0 0 -1 1 0 0 1 0 0 0.9970346 0.07695442 0 0.9970346 0.07695442 -0 0.9687192 0.2481593 0 0.9687192 0.2481593 -0 0.9022818 0.4311469 0 0.9022818 0.4311469 -0 0.7963178 0.6048785 0 0.7963178 0.6048785 -0 0.6557319 0.7549939 0 0.6557319 0.7549939 -0 0.4744522 0.8802813 0 0.4744522 0.8802813 -0 0.2749159 0.9614683 0 0.2749159 0.9614683 -0 0.0850978 0.9963726 0 0.0850978 0.9963726 -0 -0.3911929 0.9203088 0 -0.3911929 0.9203088 0 -0.9437891 0.3305486 0 -0.9437891 0.3305486 0 -1 0 0 -1 0 0 -0 -1 -0 0 -1 0 1 0 0 1 0 0 0 1 0 -0 1 0 -1 0 0 -1 0 0 -0.9973897 -0.07220548 0 -0.9973897 -0.07220548 0 -0.9711003 -0.2386716 0 -0.9711003 -0.2386716 0 -0.9043806 -0.4267268 0 -0.9043806 -0.4267268 0 -0.788828 -0.6146139 0 -0.788828 -0.6146139 0 -0.634352 -0.7730443 0 -0.634352 -0.7730443 0 -0.4434934 -0.8962777 0 -0.4434934 -0.8962777 0 -0.2488843 -0.9685333 0 -0.2488843 -0.9685333 0 -0.07530653 -0.9971604 0 -0.07530653 -0.9971604 0 0.07785988 -0.9969643 0 0.07785988 -0.9969643 0 0.2604822 -0.9654787 0 0.2604822 -0.9654787 0 0.4684767 -0.8834759 0 0.4684767 -0.8834759 0 0.6711442 -0.7413268 0 0.6711442 -0.7413268 0 0.820417 -0.5717657 0 0.820417 -0.5717657 0 0.9174474 -0.397857 0 0.9174474 -0.397857 0 0.9744417 -0.2246405 0 0.9744417 -0.2246405 0 0.9976286 -0.06882746 0 0.9976286 -0.06882746 0 0 0 1 0 -0 1 0 0 1 0 -0 1 0 -0 1 0 -0 1 0 0 1 -0 0 1 -0 0 1 -0 0 1 0 0 1 0 0 1 0 0 1 -0 0 -1 -0 0 -1 -0 0 -1 0 0 -1 0 0 -1 0 0 -1 -0 0 -1 0 0 -1 0 0 -1 0 0 -1 0 0 -1 0 0 -1 0 0 -1 -0.3559353 0.9345106 0 -0.3559353 0.9345106 0 -1 0 0 -1 0 0 -0.3559353 -0.9345106 -0 -0.3559353 -0.9345106 0 1 0 0 1 0 0 0.3315272 0.9434456 0 0.3315272 0.9434456 0 1 0 0 1 0 0 0.3493977 -0.9369746 0 0.3493977 -0.9369746 0 1 0 0 1 0 0 -1 0 0 -1 0 0 0.3416062 -0.9398432 0 0.3416062 -0.9398432 0 0.2574306 -0.9662967 0 0.2574306 -0.9662967 0 0.2274639 0.9737865 0 0.2274639 0.9737865 -0 0.3385344 0.940954 0 0.3385344 0.940954 0 0 1 -0 0 1 0 -1 0 0 -1 0 0 -0 1 0 0 1 0 1 0 0 1 0 0 -0 1 0 0 1 0 -1 0 0 -1 0 0 -0 1 0 0 1 0 1 0 0 1 0 0 -0 1 0 0 1 0 -1 0 0 -1 0 0 -0 -1 -0 0 -1 0 1 0 0 1 0 0 -0 0 1 0 0 1 0 0 1 0 0 1 -0 0 1 -0 0 1 -0 0 1 -0 0 1 0 0 1 -0 0 1 0 0 -1 0 0 -1 -0 0 -1 0 0 -1 0 0 -1 0 0 -1 0 0 -1 0 0 -1 0 0 -1 0 0 -1 0 0 1 0 0 1 0 -0 1 0 0 1 0 -0 1 -0 0 1 0 -0 1 -0 0 1 0 -0 1 -0 0 1 0 0 1 0 0 1 -0 0 1 -0 0 1 -0 0 1 0 -0 1 0 0 1 0 0 1 -0 0 1 -0 0 1 0 -0 1 0 -0 1 0 0 1 -0 0 1 0 0 1 0 0 1 -0 0 1 0 -0 1 0 0 1 0 0 1 0 0 1 0 -0 1 0 0 1 -0 0 1 0 0 1 0 0 1 0 -0 1 0 0 1 0 0 1 -0 0 -1 -0 0 -1 0 0 -1 -0 0 -1 0 0 -1 0 0 -1 0 0 -1 0 0 -1 -0 0 -1 0 0 -1 0 0 -1 0 0 -1 0 0 -1 0 0 -1 0 0 -1 0 0 -1 0 0 -1 0 0 -1 0 0 -1 0 0 -1 -0 0 -1 0 0 -1 -0 -0 -1 0 0 -1 -0 0 -1 -0 0 -1 0 0 -1 -0 0 -1 -0 -0 -1 -0 -0 -1 -0 -0 -1 -0 0 -1 -0 0 -1 0 0 -1 -0 0 -1 0 0 -1 -0 0 -1 0 0 -1 0 0 -1 -0.9653635 -0.2609088 0 -0.9653635 -0.2609088 0 -0 -1 -0 0 -1 0 0.9381685 0.3461789 0 0.9381685 0.3461789 -0 0.9853985 -0.1702633 0 0.9853985 -0.1702633 0 0.8094929 -0.5871296 0 0.8094929 -0.5871296 0 0.4447985 -0.8956307 0 0.4447985 -0.8956307 0 0.1174993 -0.993073 0 0.1174993 -0.993073 0 -0.9903285 -0.1387422 -0 -0.9903285 -0.1387422 0 -0.7128504 -0.7013162 0 -0.7128504 -0.7013162 0 0.3746159 -0.9271801 0 0.3746159 -0.9271801 0 0.8054361 -0.5926827 0 0.8054361 -0.5926827 0 0.9103977 -0.4137343 0 0.9103977 -0.4137343 0 0.9723372 -0.2335817 0 0.9723372 -0.2335817 0 0.997448 -0.07139681 0 0.997448 -0.07139681 0 0.9931977 0.1164406 0 0.9931977 0.1164406 -0 0.9272395 0.3744689 0 0.9272395 0.3744689 -0 0.7843099 0.6203694 0 0.7843099 0.6203694 -0 0.5969779 0.8022578 0 0.5969779 0.8022578 -0 0.0300785 -0.9995475 0 0.0300785 -0.9995475 0 1 0 0 1 0 0 -0 1 0 0 1 0 -0.6898258 0.7239754 0 -0.6898258 0.7239754 0 0.9400243 0.3411075 0 0.9400243 0.3411075 -0 0.6317497 0.7751724 0 0.6317497 0.7751724 -0 0.4426271 0.8967057 -0 0.4426271 0.8967057 0 0.2493456 0.9684146 -0 0.2493456 0.9684146 0 0.07577927 0.9971246 -0 0.07577927 0.9971246 0 -0.3993472 0.9167998 0 -0.3993472 0.9167998 0 -0.8105052 0.5857314 0 -0.8105052 0.5857314 0 -0.9124094 0.4092788 0 -0.9124094 0.4092788 0 -0.9727946 0.2316696 0 -0.9727946 0.2316696 0 -0.9974722 0.07105815 0 -0.9974722 0.07105815 0 -0.9957532 -0.09206217 0 -0.9957532 -0.09206217 0 -0.9564534 -0.2918848 0 -0.9564534 -0.2918848 0 -0.8702575 -0.492597 0 -0.8702575 -0.492597 0 -0.7452892 -0.6667413 0 -0.7452892 -0.6667413 0 -0.3457046 -0.9383434 0 -0.3457046 -0.9383434 0 0 -1 0 0 -1 0 0.9910684 0.133354 0 0.9910684 0.133354 0 -0.9482118 0.3176387 0 -0.9482118 0.3176387 0 -0 -1 -0 0 -1 0 0.9216217 -0.3880894 0 0.9216217 -0.3880894 0 0.963002 -0.2694944 0 0.963002 -0.2694944 0 0.9878981 -0.1551045 0 0.9878981 -0.1551045 0 0.9987941 -0.04909516 0 0.9987941 -0.04909516 0 0.9983063 0.0581772 -0 0.9983063 0.0581772 0 0.981785 0.1899953 -0 0.981785 0.1899953 0 0.9404171 0.3400231 -0 0.9404171 0.3400231 0 0.8663821 0.4993817 -0 0.8663821 0.4993817 0 0.7543303 0.6564951 0 0.7543303 0.6564951 -0 0.5732813 0.8193587 0 0.5732813 0.8193587 -0 0.3439081 0.9390033 0 0.3439081 0.9390033 -0 0.10772 0.9941812 0 0.10772 0.9941812 -0 -0.07740154 0.997 0 -0.07740154 0.997 0 -0.2462275 0.9692121 0 -0.2462275 0.9692121 0 -0.4224663 0.9063786 0 -0.4224663 0.9063786 0 -0.5873787 0.8093122 0 -0.5873787 0.8093122 0 -0.7387969 0.6739281 0 -0.7387969 0.6739281 0 -0.8362457 0.548355 0 -0.8362457 0.548355 0 -0.8918777 0.4522766 0 -0.8918777 0.4522766 0 -0.9254687 0.3788242 0 -0.9254687 0.3788242 0 -0.9250828 0.3797655 0 -0.9250828 0.3797655 0 -0.9065699 0.4220558 0 -0.9065699 0.4220558 0 -0.8743705 0.4852589 0 -0.8743705 0.4852589 0 -0.8090798 0.5876988 0 -0.8090798 0.5876988 0 -0.3805751 0.9247501 0 -0.3805751 0.9247501 0 0.1161514 0.9932315 0 0.1161514 0.9932315 -0 0.3618489 0.9322368 0 0.3618489 0.9322368 -0 0.588712 0.8083428 0 0.588712 0.8083428 -0 0.7613311 0.6483632 0 0.7613311 0.6483632 -0 0.9655671 0.2601542 0 0.9655671 0.2601542 -0 0.9618303 -0.2736464 0 0.9618303 -0.2736464 0 -0 1 0 0 1 0 -0.9829057 0.1841096 0 -0.9829057 0.1841096 0 -0.9612424 -0.2757048 0 -0.9612424 -0.2757048 0 -0.466111 -0.8847262 0 -0.466111 -0.8847262 0 0.06950657 -0.9975815 0 0.06950657 -0.9975815 0 0.2205555 -0.9753745 0 0.2205555 -0.9753745 0 0.3800504 -0.9249658 0 0.3800504 -0.9249658 0 0.5349482 -0.8448849 0 0.5349482 -0.8448849 0 0.6982141 -0.7158889 0 0.6982141 -0.7158889 0 0.8162295 -0.5777277 0 0.8162295 -0.5777277 0 0.8792542 -0.4763528 0 0.8792542 -0.4763528 0 0.9155689 -0.4021612 0 0.9155689 -0.4021612 0 0.8989354 -0.4380812 0 0.8989354 -0.4380812 0 0.4280844 -0.9037388 0 0.4280844 -0.9037388 0 -0.213574 -0.9769269 0 -0.213574 -0.9769269 0 -0.6761501 -0.7367638 0 -0.6761501 -0.7367638 0 -0.9308644 -0.3653647 0 -0.9308644 -0.3653647 0 -0.9956565 -0.09310284 0 -0.9956565 -0.09310284 0 -0 0 1 -0 0 1 0 0 1 0 0 1 0 0 1 0 0 1 0 0 1 -0 0 1 -0 0 1 -0 0 1 0 0 1 -0 0 1 0 -0 1 -0 0 1 -0 0 1 -0 0 1 0 0 1 0 0 1 0 0 1 -0 0 1 -0 0 1 -0 0 1 -0 0 1 0 -0 1 -0 0 1 0 0 1 0 0 1 -0 0 1 0 -0 1 -0 0 1 0 0 1 -0 0 1 0 -0 1 0 -0 1 0 0 1 0 -0 1 0 0 1 -0 0 1 0 0 1 0 -0 1 -0 0 1 0 -0 1 -0 0 1 -0 0 1 0 0 1 0 0 1 0 0 1 0 0 1 0 0 1 0 0 -1 0 0 -1 0 0 -1 0 0 -1 -0 0 -1 -0 0 -1 -0 0 -1 0 0 -1 0 0 -1 0 0 -1 -0 0 -1 0 0 -1 -0 0 -1 0 0 -1 0 0 -1 0 0 -1 0 0 -1 0 0 -1 0 0 -1 0 0 -1 0 0 -1 0 0 -1 0 0 -1 -0 0 -1 0 0 -1 0 0 -1 0 0 -1 0 0 -1 -0 0 -1 0 0 -1 0 0 -1 0 0 -1 -0 0 -1 -0 0 -1 0 0 -1 -0 0 -1 -0 0 -1 0 0 -1 -0 0 -1 -0 0 -1 0 0 -1 -0 0 -1 0 0 -1 0 0 -1 0 0 -1 -0 0 -1 0 0 -1 -0 0 -1 0 0 -1 -1 0 0 -1 0 0 -0.3409168 -0.9400935 -0 -0.3409168 -0.9400935 0 -0.2574404 -0.9662942 0 -0.2574404 -0.9662942 0 -0.3017278 0.9533941 0 -0.3017278 0.9533941 0 -0.3283445 0.944558 0 -0.3283445 0.944558 0 -1 0 0 -1 0 0 0.3658593 -0.9306701 0 0.3658593 -0.9306701 0 -0.3897562 -0.9209181 -0 -0.3897562 -0.9209181 0 -0.7866473 -0.6174026 0 -0.7866473 -0.6174026 0 -0.9803084 0.1974731 0 -0.9803084 0.1974731 0 0 -1 0 0 -1 -0 0.9702051 -0.242285 0 0.9702051 -0.242285 0 0.9867825 -0.1620509 0 0.9867825 -0.1620509 0 0.9958235 -0.09129889 0 0.9958235 -0.09129889 0 0.9995885 -0.0286862 0 0.9995885 -0.0286862 0 0.7445197 0.6676005 0 0.7445197 0.6676005 -0 0.3667971 0.9303009 0 0.3667971 0.9303009 0 -0 -0 1 0 0 1 0 0 1 -0 0 1 0 -0 1 -0 0 1 0 0 1 0 0 1 -0 0 1 -0 0 1 -0 0 1 0 0 1 -0 0 1 0 0 1 0 0 1 0 0 -1 0 0 -1 0 0 -1 0 0 -1 -0 0 -1 0 0 -1 0 0 -1 -0 0 -1 0 0 -1 0 0 -1 0 0 -1 0 0 -1 0 0 -1 0 0 -1 -0 0 -1 0 1 -0 0 1 0 -1 0 0 -1 0 0 -0 1 0 0 1 0 1 0 0 1 0 0 0 1 -0 0 1 0 -1 0 0 -1 0 0 0 1 -0 0 1 0 1 0 0 1 0 0 -0 1 0 0 1 0 -1 0 0 -1 0 0 -0 -1 -0 0 -1 0 1 0 0 1 0 0 -0 0 1 0 0 1 0 0 1 0 0 1 -0 0 1 -0 0 1 -0 0 1 -0 0 1 0 0 1 -0 0 1 0 0 -1 0 0 -1 -0 0 -1 0 0 -1 0 0 -1 0 0 -1 0 0 -1 0 0 -1 0 0 -1 0 0 -1 0 0 1 0 0 1 -0 0 1 -0 0 1 0 -0 1 0 0 1 -0 0 1 -0 0 1 0 -0 1 0 0 1 -0 0 1 -0 0 1 0 -0 1 0 -0 1 -0 0 1 0 -0 1 0 0 1 0 0 1 0 -0 1 0 0 1 0 0 1 -0 0 1 0 -0 1 0 -0 1 0 -0 1 0 0 1 -0 0 1 0 0 1 -0 0 1 0 -0 1 0 0 1 0 0 1 -0 0 -1 -0 0 -1 0 0 -1 0 0 -1 0 0 -1 -0 0 -1 0 0 -1 0 0 -1 -0 0 -1 -0 0 -1 0 0 -1 0 0 -1 -0 0 -1 -0 0 -1 0 0 -1 -0 0 -1 -0 0 -1 0 0 -1 0 -0 -1 -0 0 -1 0 0 -1 0 0 -1 -0 0 -1 -0 0 -1 -0 0 -1 -0 0 -1 0 0 -1 -0 0 -1 0 0 -1 -0 -0 -1 0 0 -1 -0 0 -1 1 0 0 1 0 0 0.9970344 0.07695737 0 0.9970344 0.07695737 -0 0.9687192 0.2481593 0 0.9687192 0.2481593 -0 0.9022837 0.4311429 0 0.9022837 0.4311429 -0 0.7963084 0.6048909 0 0.7963084 0.6048909 -0 0.655743 0.7549841 0 0.655743 0.7549841 -0 0.4744522 0.8802813 0 0.4744522 0.8802813 -0 0.2748996 0.9614729 0 0.2748996 0.9614729 -0 0.08511499 0.9963712 0 0.08511499 0.9963712 -0 -0.3911977 0.9203067 0 -0.3911977 0.9203067 0 -0.9437884 0.3305501 0 -0.9437884 0.3305501 0 -1 0 0 -1 0 0 -0 -1 -0 0 -1 0 1 0 0 1 0 0 0 1 0 -0 1 0 -1 0 0 -1 0 0 -0.9973893 -0.07221087 0 -0.9973893 -0.07221087 0 -0.971099 -0.2386771 0 -0.971099 -0.2386771 0 -0.9043853 -0.4267169 0 -0.9043853 -0.4267169 0 -0.7888213 -0.6146226 0 -0.7888213 -0.6146226 0 -0.634352 -0.7730443 0 -0.634352 -0.7730443 0 -0.4435143 -0.8962674 0 -0.4435143 -0.8962674 0 -0.2488829 -0.9685336 0 -0.2488829 -0.9685336 0 -0.07530653 -0.9971604 0 -0.07530653 -0.9971604 0 0.07786031 -0.9969643 0 0.07786031 -0.9969643 0 0.2604806 -0.9654791 0 0.2604806 -0.9654791 0 0.4684767 -0.8834759 0 0.4684767 -0.8834759 0 0.6711592 -0.7413132 0 0.6711592 -0.7413132 0 0.8204202 -0.5717611 0 0.8204202 -0.5717611 0 0.9174408 -0.3978721 0 0.9174408 -0.3978721 0 0.9744417 -0.2246405 0 0.9744417 -0.2246405 0 0.997629 -0.06882176 0 0.997629 -0.06882176 0 0 0 1 0 -0 1 0 0 1 0 -0 1 0 -0 1 0 -0 1 0 0 1 -0 0 1 -0 0 1 -0 0 1 0 0 1 0 0 1 0 0 1 -0 0 -1 -0 0 -1 -0 0 -1 0 0 -1 0 0 -1 0 0 -1 -0 0 -1 0 0 -1 0 0 -1 0 0 -1 0 0 -1 0 0 -1 0 0 -1 -0.3559353 0.9345106 0 -0.3559353 0.9345106 0 -1 0 0 -1 0 0 -0.3559369 -0.9345099 -0 -0.3559369 -0.9345099 0 1 0 0 1 0 0 0.3315272 0.9434456 0 0.3315272 0.9434456 0 1 0 0 1 0 0 0.3493918 -0.9369767 0 0.3493918 -0.9369767 0 1 0 0 1 0 0 -1 0 0 -1 0 0 0.3416023 -0.9398446 0 0.3416023 -0.9398446 0 0.2574575 -0.9662896 0 0.2574575 -0.9662896 0 0.2274396 0.9737921 0 0.2274396 0.9737921 -0 0.3385344 0.940954 0 0.3385344 0.940954 0 0 0 1 0 -0 1 -0 0 1 -0 0 1 -0 0 1 0 0 1 0 0 1 0 -0 1 -0 0 1 -0 0 1 -0 0 1 0 0 1 -0 0 1 -0 0 1 0 -0 1 -0 0 1 -0 0 1 0 0 1 0 0 1 -0 0 1 0 0 1 0 0 1 0 0 1 -0 0 1 -0 -0 1 -0 -0 1 -0 0 1 0 -0 1 0 0 1 -0 -0 1 -0 0 1 0 -0 1 0 0 1 -0 0 1 0 0 1 0 -0 1 0 0 1 -0 0 1 -0 0 1 -0 0 1 -0 0 1 -0 0 1 -0 0 1 -0 0 1 -0 0 1 -0 0 1 0 0 1 0 0 1 -0 0 1 0 -0 1 -0 0 1 -0 -0 1 0 0 1 0 0 1 0 0 1 -0 0 1 0 -0 1 0 0 1 0 0 1 0 0 1 -0 0 -1 0 0 -1 0 0 -1 0 0 -1 0 0 -1 -0 0 -1 0 0 -1 0 0 -1 0 0 -1 0 0 -1 0 0 -1 -0 0 -1 0 0 -1 0 0 -1 -0 0 -1 0 0 -1 0 0 -1 0 0 -1 0 0 -1 0 0 -1 -0 0 -1 -0 0 -1 0 0 -1 0 0 -1 0 0 -1 0 0 -1 0 0 -1 -0 0 -1 -0 0 -1 0 0 -1 0 0 -1 -0 0 -1 -0 0 -1 0 0 -1 0 0 -1 0 0 -1 -0 0 -1 0 0 -1 0 0 -1 0 0 -1 0 0 -1 0 0 -1 0 0 -1 0 0 -1 0 0 -1 0 0 -1 -0 0 -1 0 0 -1 0 0 -1 -0 0 -1 0 0 -1 0 0 -1 0 0 -1 0 0 -1 0 0 -1 0 0 -1 -0 0 -1 0 0 -1 0 -0 -1 0 0 -1 -0.6029189 0.7978025 0 -0.6029189 0.7978025 0 -0.4035975 0.9149366 0 -0.4035975 0.9149366 0 -0.5137363 0.8579482 0 -0.5137363 0.8579482 0 -0.6118899 0.790943 0 -0.6118899 0.790943 0 -0.6982251 0.7158782 0 -0.6982251 0.7158782 0 -0.8086012 0.5883571 0 -0.8086012 0.5883571 0 -0.8986205 0.4387267 0 -0.8986205 0.4387267 0 -0.9623722 0.2717348 0 -0.9623722 0.2717348 0 -0.9957386 0.09222104 0 -0.9957386 0.09222104 0 -0.9969698 -0.07779054 0 -0.9969698 -0.07779054 0 -0.9724072 -0.2332901 0 -0.9724072 -0.2332901 0 -0.9239763 -0.3824498 0 -0.9239763 -0.3824498 0 -0.8547529 -0.5190352 0 -0.8547529 -0.5190352 0 -0.7071068 -0.7071068 0 -0.7071068 -0.7071068 0 -0.9962408 0.0866273 0 -0.9962408 0.0866273 0 -0.9951616 -0.09825175 0 -0.9951616 -0.09825175 0 -0.9563929 -0.2920835 0 -0.9563929 -0.2920835 0 -0.8804149 -0.4742042 0 -0.8804149 -0.4742042 0 -0.7716808 -0.6360099 0 -0.7716808 -0.6360099 0 -0.3811575 -0.9245101 0 -0.3811575 -0.9245101 0 0.359553 -0.9331247 0 0.359553 -0.9331247 0 0.7256835 -0.6880287 0 0.7256835 -0.6880287 0 0.8173605 -0.5761266 0 0.8173605 -0.5761266 0 0.8929694 -0.4501173 0 0.8929694 -0.4501173 0 0.9484735 -0.3168564 0 0.9484735 -0.3168564 0 0.8131546 -0.5820478 0 0.8131546 -0.5820478 0 0.7071071 0.7071064 0 0.7071071 0.7071064 -0 -0 1 0 0 1 0 0.8840948 0.4673075 0 0.8840948 0.4673075 0 -0.5048827 0.8631879 0 -0.5048827 0.8631879 0 -0.8863487 -0.4630184 -0 -0.8863487 -0.4630184 0 -0.7302142 0.6832181 0 -0.7302142 0.6832181 0 -0.8607919 0.5089571 0 -0.8607919 0.5089571 0 -0.9498875 0.3125919 0 -0.9498875 0.3125919 0 -0.9945207 0.1045399 0 -0.9945207 0.1045399 0 -0.8184127 -0.5746309 0 -0.8184127 -0.5746309 0 -0.5462677 0.8376107 0 -0.5462677 0.8376107 0 0.707107 0.7071065 0 0.707107 0.7071065 -0 0.9973918 -0.07217933 0 0.9973918 -0.07217933 0 0.9780855 -0.2082037 0 0.9780855 -0.2082037 0 0.9423854 -0.3345293 0 0.9423854 -0.3345293 0 0.8905043 -0.4549749 0 0.8905043 -0.4549749 0 0.8129129 0.5823852 0 0.8129129 0.5823852 -0 0.7459378 -0.6660157 0 0.7459378 -0.6660157 0 1 0 0 1 0 0 0.7071074 -0.7071061 0 0.7071074 -0.7071061 0 -0.6782805 -0.734803 0 -0.6782805 -0.734803 0 -1 0 0 -1 0 0 -0.9863946 0.1643953 0 -0.9863946 0.1643953 0 -0.9806038 -0.1960004 0 -0.9806038 -0.1960004 0 -0.8304454 -0.5570999 0 -0.8304454 -0.5570999 0 -0.5570986 -0.8304464 0 -0.5570986 -0.8304464 0 -0.195996 -0.9806046 0 -0.195996 -0.9806046 0 0.683156 -0.7302724 0 0.683156 -0.7302724 0 1 -0 0 1 0 0 0.9841108 0.1775555 0 0.9841108 0.1775555 -0 0.9338557 0.3576501 0 0.9338557 0.3576501 -0 0.8513619 0.5245788 0 0.8513619 0.5245788 -0 0.7414914 0.6709625 0 0.7414914 0.6709625 -0 0.3629192 0.9318206 0 0.3629192 0.9318206 -0</float_array>
          <technique_common>
            <accessor count="3398" source="#cubenormals-array0-array" stride="3">
              <param type="float" name="X"/>
              <param type="float" name="Y"/>
              <param type="float" name="Z"/>
            </accessor>
          </technique_common>
        </source>
        <vertices id="cubeverts-array0-vertices">
          <input semantic="POSITION" source="#cubeverts-array0"/>
        </vertices>
        <triangles count="3398" material="ref_SOT_23_3_L2_9_W1_3_P1_90_LS2_4_BR_SOT_23_3P_L2_9_W1_3_H1_0_LS2_4_P0_95_HwOR003_shape002">
          <input offset="0" semantic="VERTEX" source="#cubeverts-array0-vertices"/>
          <input offset="1" semantic="NORMAL" source="#cubenormals-array0"/>
          <p>0 0 1 0 2 0 2 1 1 1 3 1 3 2 4 2 5 2 1 3 4 3 3 3 5 4 6 4 7 4 4 5 6 5 5 5 7 6 8 6 9 6 6 7 8 7 7 7 9 8 10 8 11 8 8 9 10 9 9 9 11 10 12 10 13 10 10 11 12 11 11 11 13 12 14 12 15 12 12 13 14 13 13 13 15 14 0 14 2 14 14 15 0 15 15 15 16 16 17 16 18 16 16 17 19 17 20 17 18 18 19 18 16 18 17 19 21 19 22 19 16 20 21 20 17 20 22 21 23 21 24 21 19 22 25 22 20 22 23 23 25 23 24 23 26 24 27 24 28 24 21 25 29 25 30 25 30 26 29 26 27 26 16 27 29 27 21 27 16 28 31 28 29 28 25 29 32 29 20 29 23 30 32 30 25 30 28 31 33 31 34 31 27 32 33 32 28 32 31 33 35 33 36 33 36 34 37 34 38 34 38 35 37 35 39 35 35 36 37 36 36 36 33 37 40 37 41 37 41 38 40 38 32 38 32 39 40 39 20 39 42 40 43 40 44 40 43 41 45 41 44 41 40 42 46 42 20 42 43 43 47 43 45 43 45 44 47 44 46 44 48 45 49 45 50 45 51 46 52 46 53 46 54 47 52 47 51 47 49 48 55 48 56 48 48 49 57 49 51 49 54 50 57 50 58 50 51 51 57 51 54 51 35 52 57 52 50 52 31 53 57 53 35 53 16 54 57 54 31 54 50 55 57 55 48 55 59 56 60 56 55 56 58 57 60 57 59 57 47 58 60 58 46 58 57 59 60 59 58 59 55 60 60 60 56 60 56 61 60 61 47 61 46 62 60 62 20 62 48 63 55 63 49 63 29 64 40 64 27 64 27 65 40 65 33 65 21 66 23 66 22 66 35 67 47 67 37 67 37 68 47 68 43 68 61 69 62 69 63 69 64 70 63 70 62 70 65 71 64 71 62 71 66 72 63 72 64 72 67 73 63 73 66 73 68 74 62 74 61 74 69 75 64 75 65 75 70 76 71 76 72 76 73 77 69 77 65 77 74 78 70 78 72 78 75 79 76 79 77 79 75 80 77 80 78 80 79 81 76 81 75 81 80 82 81 82 76 82 80 83 76 83 79 83 82 84 79 84 83 84 82 85 80 85 79 85 84 86 85 86 86 86 87 87 73 87 65 87 87 88 74 88 73 88 88 89 83 89 85 89 88 90 85 90 84 90 88 91 82 91 83 91 89 92 81 92 80 92 90 93 81 93 89 93 90 94 89 94 91 94 92 95 62 95 68 95 92 96 68 96 81 96 92 97 81 97 90 97 93 98 62 98 92 98 93 99 92 99 94 99 95 100 90 100 91 100 96 101 95 101 91 101 97 102 88 102 98 102 97 103 91 103 82 103 97 104 82 104 88 104 97 105 96 105 91 105 99 106 94 106 100 106 99 107 93 107 94 107 101 108 100 108 102 108 101 109 102 109 103 109 104 110 100 110 101 110 105 111 106 111 107 111 108 112 98 112 87 112 108 113 87 113 65 113 108 114 97 114 98 114 109 115 106 115 105 115 109 116 110 116 106 116 111 117 62 117 93 117 112 118 113 118 99 118 112 119 99 119 100 119 112 120 100 120 104 120 114 121 112 121 104 121 114 122 104 122 110 122 114 123 109 123 115 123 114 124 110 124 109 124 116 125 117 125 118 125 119 126 118 126 120 126 121 127 108 127 65 127 121 128 115 128 108 128 121 129 114 129 115 129 122 130 118 130 119 130 122 131 116 131 118 131 123 132 124 132 117 132 123 133 111 133 124 133 125 134 111 134 123 134 126 135 125 135 123 135 127 136 116 136 122 136 127 137 122 137 128 137 127 138 126 138 116 138 129 139 127 139 128 139 129 140 128 140 121 140 130 141 125 141 126 141 130 142 126 142 127 142 131 143 132 143 133 143 134 144 131 144 135 144 1 145 111 145 125 145 1 146 133 146 132 146 1 147 125 147 133 147 136 148 132 148 137 148 136 149 1 149 132 149 138 150 137 150 132 150 139 151 131 151 134 151 139 152 134 152 140 152 4 153 1 153 136 153 141 154 4 154 136 154 142 155 137 155 138 155 143 156 144 156 145 156 143 157 145 157 146 157 147 158 142 158 138 158 147 159 138 159 139 159 148 160 147 160 139 160 149 161 0 161 14 161 149 162 111 162 1 162 149 163 62 163 111 163 149 164 1 164 0 164 6 165 141 165 144 165 6 166 4 166 141 166 150 167 142 167 147 167 151 168 142 168 150 168 152 169 148 169 139 169 153 170 144 170 143 170 153 171 6 171 144 171 8 172 6 172 153 172 12 173 149 173 14 173 154 174 152 174 139 174 154 175 8 175 153 175 154 176 129 176 121 176 154 177 153 177 152 177 154 178 121 178 65 178 154 179 139 179 140 179 154 180 140 180 129 180 154 181 149 181 12 181 154 182 10 182 8 182 154 183 12 183 10 183 61 184 73 184 72 184 72 185 73 185 74 185 72 186 68 186 61 186 124 187 118 187 117 187 133 188 135 188 131 188 155 189 156 189 157 189 157 190 156 190 158 190 159 191 160 191 161 191 161 192 160 192 162 192 163 193 164 193 165 193 165 194 164 194 166 194 167 195 168 195 169 195 170 196 168 196 167 196 171 197 167 197 172 197 173 198 167 198 171 198 174 199 167 199 173 199 174 200 175 200 167 200 170 201 176 201 177 201 170 202 178 202 176 202 170 203 179 203 178 203 167 204 180 204 170 204 175 205 180 205 167 205 170 206 180 206 179 206 181 207 182 207 158 207 157 208 183 208 184 208 158 209 183 209 157 209 182 210 183 210 158 210 185 211 186 211 166 211 186 212 165 212 166 212 165 213 187 213 188 213 186 214 187 214 165 214 189 215 160 215 190 215 191 216 160 216 189 216 192 217 160 217 191 217 192 218 193 218 160 218 162 219 194 219 195 219 162 220 196 220 194 220 162 221 197 221 196 221 160 222 198 222 162 222 193 223 198 223 160 223 162 224 198 224 197 224 161 225 199 225 200 225 161 226 200 226 201 226 161 227 201 227 202 227 161 228 202 228 203 228 159 229 203 229 204 229 159 230 161 230 203 230 205 231 206 231 159 231 207 232 205 232 159 232 208 233 159 233 204 233 208 234 207 234 159 234 163 235 209 235 210 235 211 236 163 236 210 236 164 237 163 237 211 237 212 238 164 238 211 238 155 239 213 239 214 239 156 240 214 240 215 240 156 241 155 241 214 241 216 242 156 242 215 242 168 243 217 243 218 243 168 244 218 244 219 244 168 245 219 245 220 245 168 246 220 246 221 246 222 247 168 247 221 247 169 248 168 248 222 248 223 249 224 249 169 249 225 250 223 250 169 250 226 251 169 251 222 251 226 252 225 252 169 252 227 253 20 253 228 253 227 254 16 254 20 254 229 255 228 255 230 255 229 256 227 256 228 256 175 257 230 257 180 257 175 258 229 258 230 258 230 259 231 259 180 259 232 260 182 260 233 260 20 261 234 261 228 261 235 262 233 262 231 262 235 263 232 263 233 263 236 264 230 264 228 264 236 265 234 265 232 265 236 266 231 266 230 266 236 267 235 267 231 267 236 268 228 268 234 268 236 269 232 269 235 269 237 270 229 270 175 270 238 271 16 271 227 271 187 272 239 272 240 272 241 273 227 273 229 273 241 274 229 274 237 274 241 275 238 275 227 275 242 276 239 276 238 276 242 277 237 277 240 277 242 278 241 278 237 278 242 279 238 279 241 279 242 280 240 280 239 280 234 281 20 281 60 281 234 282 60 282 243 282 232 283 243 283 244 283 232 284 234 284 243 284 182 285 244 285 183 285 182 286 232 286 244 286 182 287 181 287 245 287 233 288 245 288 246 288 233 289 182 289 245 289 231 290 246 290 247 290 231 291 233 291 246 291 180 292 247 292 179 292 180 293 231 293 247 293 248 294 187 294 240 294 248 295 188 295 187 295 249 296 240 296 237 296 249 297 248 297 240 297 250 298 237 298 175 298 250 299 249 299 237 299 174 300 250 300 175 300 251 301 16 301 238 301 251 302 57 302 16 302 252 303 238 303 239 303 252 304 251 304 238 304 186 305 239 305 187 305 186 306 252 306 239 306 253 307 60 307 57 307 253 308 57 308 254 308 255 309 254 309 256 309 255 310 253 310 254 310 193 311 256 311 198 311 193 312 255 312 256 312 257 313 183 313 244 313 253 314 243 314 60 314 193 315 258 315 255 315 259 316 244 316 243 316 259 317 258 317 257 317 259 318 257 318 244 318 260 319 253 319 255 319 260 320 258 320 259 320 260 321 259 321 243 321 260 322 243 322 253 322 260 323 255 323 258 323 181 324 158 324 156 324 181 325 156 325 216 325 181 326 216 326 261 326 245 327 181 327 261 327 246 328 261 328 262 328 246 329 245 329 261 329 247 330 263 330 220 330 247 331 262 331 263 331 247 332 246 332 262 332 179 333 247 333 220 333 178 334 219 334 218 334 178 335 220 335 219 335 178 336 179 336 220 336 176 337 178 337 218 337 177 338 217 338 168 338 177 339 218 339 217 339 177 340 176 340 218 340 170 341 177 341 168 341 172 342 167 342 169 342 172 343 169 343 224 343 171 344 224 344 223 344 171 345 172 345 224 345 173 346 225 346 226 346 173 347 223 347 225 347 173 348 171 348 223 348 174 349 226 349 264 349 174 350 173 350 226 350 250 351 174 351 264 351 249 352 265 352 266 352 249 353 264 353 265 353 249 354 250 354 264 354 248 355 249 355 266 355 188 356 266 356 209 356 188 357 248 357 266 357 165 358 209 358 163 358 165 359 188 359 209 359 254 360 57 360 251 360 267 361 252 361 186 361 268 362 198 362 256 362 269 363 256 363 254 363 269 364 254 364 251 364 269 365 268 365 256 365 270 366 251 366 252 366 270 367 267 367 268 367 270 368 269 368 251 368 270 369 252 369 267 369 270 370 268 370 269 370 193 371 192 371 271 371 258 372 271 372 272 372 258 373 193 373 271 373 257 374 272 374 273 374 257 375 258 375 272 375 183 376 273 376 184 376 183 377 257 377 273 377 221 378 220 378 263 378 274 379 263 379 262 379 274 380 221 380 263 380 275 381 262 381 261 381 275 382 274 382 262 382 215 383 261 383 216 383 215 384 275 384 261 384 276 385 62 385 277 385 276 386 65 386 62 386 278 387 277 387 279 387 278 388 276 388 277 388 221 389 279 389 222 389 221 390 278 390 279 390 264 391 226 391 222 391 264 392 222 392 280 392 265 393 280 393 281 393 265 394 264 394 280 394 266 395 281 395 210 395 266 396 265 396 281 396 209 397 266 397 210 397 282 398 198 398 268 398 282 399 197 399 198 399 283 400 268 400 267 400 283 401 282 401 268 401 284 402 267 402 186 402 284 403 283 403 267 403 185 404 284 404 186 404 190 405 160 405 159 405 190 406 159 406 206 406 189 407 206 407 205 407 189 408 190 408 206 408 191 409 205 409 207 409 191 410 189 410 205 410 192 411 207 411 208 411 192 412 191 412 207 412 271 413 285 413 286 413 271 414 208 414 285 414 271 415 192 415 208 415 272 416 271 416 286 416 273 417 287 417 213 417 273 418 286 418 287 418 273 419 272 419 286 419 184 420 213 420 155 420 184 421 273 421 213 421 157 422 184 422 155 422 274 423 278 423 221 423 288 424 65 424 276 424 215 425 289 425 275 425 290 426 276 426 278 426 290 427 278 427 274 427 290 428 288 428 276 428 291 429 274 429 275 429 291 430 289 430 288 430 291 431 290 431 274 431 291 432 288 432 290 432 291 433 275 433 289 433 279 434 280 434 222 434 292 435 210 435 281 435 62 436 293 436 277 436 294 437 281 437 280 437 294 438 292 438 281 438 295 439 279 439 277 439 295 440 293 440 292 440 295 441 294 441 280 441 295 442 280 442 279 442 295 443 277 443 293 443 295 444 292 444 294 444 185 445 166 445 164 445 185 446 164 446 212 446 284 447 296 447 297 447 284 448 212 448 296 448 284 449 185 449 212 449 283 450 284 450 297 450 282 451 298 451 202 451 282 452 297 452 298 452 282 453 283 453 297 453 197 454 282 454 202 454 196 455 202 455 201 455 196 456 197 456 202 456 194 457 201 457 200 457 194 458 196 458 201 458 195 459 200 459 199 459 195 460 194 460 200 460 162 461 199 461 161 461 162 462 195 462 199 462 214 463 213 463 287 463 299 464 287 464 286 464 299 465 214 465 287 465 300 466 286 466 285 466 300 467 299 467 286 467 204 468 285 468 208 468 204 469 300 469 285 469 301 470 65 470 288 470 301 471 288 471 289 471 301 472 154 472 65 472 302 473 301 473 289 473 214 474 289 474 215 474 214 475 302 475 289 475 293 476 62 476 149 476 293 477 149 477 303 477 292 478 303 478 304 478 292 479 293 479 303 479 210 480 304 480 211 480 210 481 292 481 304 481 296 482 212 482 211 482 296 483 211 483 305 483 297 484 305 484 306 484 297 485 296 485 305 485 298 486 306 486 203 486 298 487 297 487 306 487 202 488 298 488 203 488 307 489 154 489 301 489 299 490 302 490 214 490 300 491 204 491 308 491 309 492 301 492 302 492 309 493 308 493 307 493 309 494 307 494 301 494 309 495 300 495 308 495 310 496 299 496 300 496 310 497 300 497 309 497 310 498 309 498 302 498 310 499 302 499 299 499 305 500 211 500 304 500 311 501 303 501 149 501 203 502 306 502 312 502 313 503 306 503 305 503 313 504 305 504 304 504 314 505 304 505 303 505 314 506 311 506 312 506 314 507 313 507 304 507 314 508 306 508 313 508 314 509 303 509 311 509 314 510 312 510 306 510 149 511 154 511 307 511 311 512 307 512 308 512 311 513 149 513 307 513 312 514 311 514 308 514 203 515 308 515 204 515 203 516 312 516 308 516 11 517 2 517 3 517 11 518 3 518 5 518 11 519 5 519 7 519 11 520 7 520 9 520 11 521 13 521 15 521 11 522 15 522 2 522 315 523 144 523 141 523 315 524 141 524 316 524 145 525 144 525 315 525 145 526 315 526 317 526 146 527 145 527 317 527 146 528 317 528 318 528 143 529 146 529 318 529 143 530 318 530 319 530 153 531 143 531 319 531 153 532 319 532 320 532 152 533 153 533 320 533 152 534 320 534 321 534 148 535 152 535 321 535 148 536 321 536 322 536 148 537 322 537 323 537 148 538 323 538 147 538 150 539 147 539 323 539 150 540 323 540 324 540 151 541 150 541 324 541 151 542 324 542 325 542 142 543 151 543 325 543 142 544 325 544 326 544 137 545 142 545 326 545 137 546 326 546 327 546 136 547 137 547 327 547 136 548 327 548 328 548 141 549 136 549 328 549 141 550 328 550 316 550 321 551 324 551 322 551 322 552 324 552 323 552 321 553 325 553 324 553 321 554 320 554 325 554 326 555 318 555 327 555 325 556 319 556 326 556 320 557 319 557 325 557 326 558 319 558 318 558 317 559 328 559 318 559 318 560 328 560 327 560 315 561 316 561 317 561 317 562 316 562 328 562 138 563 132 563 329 563 138 564 329 564 330 564 139 565 138 565 330 565 139 566 330 566 331 566 131 567 139 567 331 567 131 568 331 568 332 568 132 569 131 569 332 569 132 570 332 570 329 570 333 571 329 571 332 571 334 572 333 572 332 572 335 573 334 573 332 573 330 574 333 574 336 574 330 575 336 575 335 575 330 576 329 576 333 576 331 577 335 577 332 577 331 578 330 578 335 578 337 579 338 579 335 579 337 580 335 580 336 580 338 581 339 581 334 581 338 582 334 582 335 582 339 583 340 583 333 583 339 584 333 584 334 584 340 585 337 585 336 585 340 586 336 586 333 586 337 587 340 587 339 587 338 588 337 588 339 588 129 589 341 589 342 589 129 590 342 590 127 590 343 591 130 591 127 591 343 592 127 592 342 592 130 593 343 593 344 593 130 594 344 594 125 594 345 595 133 595 125 595 345 596 125 596 344 596 346 597 135 597 133 597 346 598 133 598 345 598 347 599 134 599 135 599 347 600 135 600 346 600 348 601 140 601 134 601 348 602 134 602 347 602 140 603 348 603 341 603 140 604 341 604 129 604 341 605 343 605 342 605 341 606 348 606 343 606 343 607 348 607 346 607 348 608 347 608 346 608 343 609 345 609 344 609 346 610 345 610 343 610 116 611 349 611 350 611 116 612 350 612 117 612 351 613 123 613 117 613 351 614 117 614 350 614 352 615 126 615 123 615 352 616 123 616 351 616 126 617 352 617 349 617 126 618 349 618 116 618 352 619 351 619 349 619 349 620 351 620 350 620 120 621 118 621 353 621 120 622 353 622 354 622 119 623 120 623 354 623 119 624 354 624 355 624 122 625 119 625 355 625 122 626 355 626 356 626 357 627 128 627 122 627 357 628 122 628 356 628 121 629 128 629 357 629 121 630 357 630 358 630 114 631 121 631 358 631 114 632 358 632 359 632 112 633 114 633 359 633 112 634 359 634 360 634 113 635 112 635 360 635 113 636 360 636 361 636 113 637 361 637 362 637 113 638 362 638 99 638 99 639 362 639 363 639 99 640 363 640 93 640 364 641 111 641 93 641 364 642 93 642 363 642 365 643 124 643 111 643 365 644 111 644 364 644 118 645 124 645 365 645 118 646 365 646 353 646 358 647 354 647 359 647 358 648 355 648 354 648 358 649 357 649 355 649 357 650 356 650 355 650 354 651 360 651 359 651 354 652 353 652 360 652 362 653 361 653 363 653 353 654 361 654 360 654 353 655 365 655 361 655 361 656 364 656 363 656 365 657 364 657 361 657 366 658 100 658 94 658 366 659 94 659 367 659 102 660 100 660 366 660 102 661 366 661 368 661 103 662 102 662 368 662 103 663 368 663 369 663 101 664 103 664 369 664 101 665 369 665 370 665 371 666 104 666 101 666 371 667 101 667 370 667 372 668 110 668 104 668 372 669 104 669 371 669 110 670 372 670 373 670 110 671 373 671 106 671 107 672 106 672 373 672 107 673 373 673 374 673 105 674 107 674 374 674 105 675 374 675 375 675 109 676 105 676 375 676 109 677 375 677 376 677 377 678 115 678 109 678 377 679 109 679 376 679 108 680 115 680 377 680 108 681 377 681 378 681 97 682 108 682 378 682 97 683 378 683 379 683 96 684 97 684 379 684 96 685 379 685 380 685 96 686 380 686 381 686 96 687 381 687 95 687 90 688 95 688 381 688 90 689 381 689 382 689 92 690 90 690 382 690 92 691 382 691 383 691 94 692 92 692 383 692 94 693 383 693 367 693 378 694 374 694 379 694 378 695 375 695 374 695 378 696 377 696 375 696 374 697 380 697 379 697 377 698 376 698 375 698 380 699 373 699 381 699 374 700 373 700 380 700 381 701 369 701 382 701 381 702 370 702 369 702 373 703 370 703 381 703 372 704 371 704 373 704 373 705 371 705 370 705 368 706 383 706 369 706 369 707 383 707 382 707 366 708 367 708 368 708 368 709 367 709 383 709 82 710 384 710 385 710 82 711 385 711 80 711 386 712 89 712 80 712 386 713 80 713 385 713 387 714 91 714 89 714 387 715 89 715 386 715 91 716 387 716 384 716 91 717 384 717 82 717 387 718 386 718 384 718 384 719 386 719 385 719 388 720 76 720 81 720 388 721 81 721 389 721 77 722 76 722 388 722 77 723 388 723 390 723 78 724 77 724 390 724 78 725 390 725 391 725 75 726 78 726 391 726 75 727 391 727 392 727 393 728 79 728 75 728 393 729 75 729 392 729 394 730 83 730 79 730 394 731 79 731 393 731 83 732 394 732 395 732 83 733 395 733 85 733 86 734 85 734 395 734 86 735 395 735 396 735 84 736 86 736 396 736 84 737 396 737 397 737 88 738 84 738 397 738 88 739 397 739 398 739 399 740 98 740 88 740 399 741 88 741 398 741 87 742 98 742 399 742 87 743 399 743 400 743 74 744 87 744 400 744 74 745 400 745 401 745 70 746 74 746 401 746 70 747 401 747 402 747 70 748 402 748 403 748 70 749 403 749 71 749 72 750 71 750 403 750 72 751 403 751 404 751 68 752 72 752 404 752 68 753 404 753 405 753 81 754 68 754 405 754 81 755 405 755 389 755 400 756 396 756 401 756 400 757 397 757 396 757 400 758 399 758 397 758 396 759 402 759 401 759 399 760 398 760 397 760 402 761 395 761 403 761 396 762 395 762 402 762 403 763 391 763 404 763 403 764 392 764 391 764 395 765 392 765 403 765 394 766 393 766 395 766 395 767 393 767 392 767 390 768 405 768 391 768 391 769 405 769 404 769 388 770 389 770 390 770 390 771 389 771 405 771 406 772 67 772 66 772 406 773 66 773 407 773 67 774 406 774 408 774 67 775 408 775 63 775 409 776 61 776 63 776 409 777 63 777 408 777 410 778 73 778 61 778 410 779 61 779 409 779 73 780 410 780 411 780 73 781 411 781 69 781 64 782 69 782 411 782 64 783 411 783 412 783 66 784 64 784 412 784 66 785 412 785 407 785 413 786 407 786 412 786 414 787 407 787 413 787 406 788 409 788 408 788 406 789 407 789 414 789 415 790 406 790 414 790 411 791 416 791 413 791 411 792 413 792 412 792 417 793 416 793 411 793 410 794 415 794 417 794 410 795 417 795 411 795 410 796 409 796 415 796 415 797 409 797 406 797 417 798 418 798 419 798 417 799 419 799 416 799 419 800 420 800 413 800 419 801 413 801 416 801 420 802 421 802 414 802 420 803 414 803 413 803 422 804 415 804 414 804 422 805 414 805 421 805 418 806 417 806 415 806 418 807 415 807 422 807 419 808 421 808 420 808 418 809 422 809 421 809 418 810 421 810 419 810 423 811 58 811 59 811 423 812 424 812 58 812 58 813 424 813 425 813 58 814 425 814 54 814 425 815 52 815 54 815 425 816 426 816 52 816 52 817 426 817 427 817 52 818 427 818 53 818 427 819 51 819 53 819 427 820 428 820 51 820 51 821 428 821 429 821 51 822 429 822 48 822 429 823 55 823 48 823 429 824 430 824 55 824 423 825 59 825 55 825 423 826 55 826 430 826 428 827 427 827 429 827 427 828 431 828 429 828 424 829 426 829 425 829 426 830 432 830 427 830 427 831 432 831 431 831 433 832 430 832 434 832 434 833 430 833 435 833 435 834 430 834 431 834 431 835 430 835 429 835 432 836 423 836 436 836 436 837 423 837 433 837 433 838 423 838 430 838 424 839 423 839 426 839 426 840 423 840 432 840 432 841 437 841 438 841 432 842 438 842 431 842 435 843 438 843 439 843 435 844 431 844 438 844 439 845 440 845 434 845 439 846 434 846 435 846 441 847 433 847 434 847 441 848 434 848 440 848 441 849 442 849 436 849 441 850 436 850 433 850 432 851 442 851 437 851 432 852 436 852 442 852 50 853 443 853 444 853 50 854 444 854 35 854 445 855 47 855 35 855 445 856 35 856 444 856 446 857 56 857 47 857 446 858 47 858 445 858 49 859 56 859 446 859 49 860 446 860 447 860 50 861 49 861 447 861 50 862 447 862 443 862 446 863 445 863 448 863 449 864 446 864 448 864 450 865 445 865 444 865 450 866 448 866 445 866 451 867 446 867 449 867 443 868 452 868 450 868 443 869 450 869 444 869 447 870 451 870 452 870 447 871 452 871 443 871 447 872 446 872 451 872 453 873 449 873 448 873 453 874 448 874 454 874 453 875 455 875 451 875 453 876 451 876 449 876 455 877 456 877 452 877 455 878 452 878 451 878 452 879 456 879 457 879 452 880 457 880 450 880 454 881 448 881 450 881 454 882 450 882 457 882 36 883 458 883 459 883 36 884 459 884 31 884 31 885 459 885 460 885 31 886 460 886 29 886 461 887 40 887 29 887 461 888 29 888 460 888 462 889 46 889 40 889 462 890 40 890 461 890 46 891 462 891 463 891 46 892 463 892 45 892 45 893 463 893 464 893 45 894 464 894 44 894 44 895 464 895 465 895 44 896 465 896 42 896 466 897 43 897 42 897 466 898 42 898 465 898 43 899 466 899 467 899 43 900 467 900 37 900 37 901 467 901 468 901 37 902 468 902 39 902 39 903 468 903 469 903 39 904 469 904 38 904 458 905 36 905 38 905 458 906 38 906 469 906 460 907 459 907 469 907 469 908 468 908 460 908 459 909 458 909 469 909 468 910 461 910 460 910 465 911 461 911 468 911 465 912 464 912 461 912 467 913 466 913 468 913 468 914 466 914 465 914 463 915 462 915 464 915 464 916 462 916 461 916 27 917 470 917 471 917 27 918 471 918 30 918 21 919 30 919 471 919 21 920 471 920 472 920 23 921 21 921 472 921 23 922 472 922 473 922 32 923 23 923 473 923 32 924 473 924 474 924 41 925 32 925 474 925 41 926 474 926 475 926 41 927 475 927 476 927 41 928 476 928 33 928 34 929 33 929 476 929 34 930 476 930 477 930 28 931 34 931 477 931 28 932 477 932 478 932 26 933 28 933 478 933 26 934 478 934 479 934 27 935 26 935 479 935 27 936 479 936 470 936 478 937 474 937 473 937 478 938 477 938 474 938 475 939 474 939 477 939 476 940 475 940 477 940 472 941 479 941 478 941 472 942 478 942 473 942 471 943 470 943 479 943 471 944 479 944 472 944 22 945 480 945 481 945 22 946 481 946 17 946 17 947 481 947 482 947 17 948 482 948 18 948 483 949 19 949 18 949 483 950 18 950 482 950 484 951 25 951 19 951 484 952 19 952 483 952 25 953 484 953 485 953 25 954 485 954 24 954 480 955 22 955 24 955 480 956 24 956 485 956 482 957 481 957 485 957 481 958 480 958 485 958 485 959 483 959 482 959 485 960 484 960 483 960 438 961 442 961 439 961 437 962 442 962 438 962 442 963 440 963 439 963 442 964 441 964 440 964 456 965 454 965 457 965 456 966 453 966 454 966 456 967 455 967 453 967 486 968 487 968 488 968 489 969 490 969 491 969 492 970 493 970 494 970 495 971 491 971 487 971 495 972 489 972 491 972 496 973 493 973 489 973 496 974 486 974 494 974 496 975 495 975 487 975 496 976 487 976 486 976 496 977 489 977 495 977 496 978 494 978 493 978 492 979 497 979 498 979 492 980 498 980 499 980 500 981 501 981 502 981 500 982 502 982 503 982 504 983 505 983 506 983 504 984 506 984 507 984 508 985 509 985 510 985 488 986 508 986 510 986 511 987 512 987 513 987 511 988 513 988 514 988 511 989 514 989 515 989 516 990 515 990 498 990 516 991 511 991 515 991 497 992 516 992 498 992 517 993 518 993 519 993 517 994 519 994 520 994 521 995 519 995 522 995 521 996 520 996 519 996 503 997 502 997 518 997 503 998 518 998 517 998 523 999 524 999 525 999 525 1000 524 1000 526 1000 526 1001 527 1001 528 1001 524 1002 527 1002 526 1002 528 1003 504 1003 507 1003 527 1004 504 1004 528 1004 529 1005 530 1005 531 1005 532 1006 530 1006 529 1006 533 1007 532 1007 529 1007 534 1008 533 1008 529 1008 509 1009 533 1009 534 1009 510 1010 509 1010 534 1010 512 1011 535 1011 536 1011 512 1012 536 1012 513 1012 537 1013 521 1013 522 1013 538 1014 537 1014 522 1014 539 1015 523 1015 525 1015 539 1016 525 1016 540 1016 541 1017 542 1017 531 1017 541 1018 531 1018 530 1018 543 1019 544 1019 545 1019 545 1020 544 1020 546 1020 546 1021 547 1021 548 1021 544 1022 547 1022 546 1022 548 1023 536 1023 535 1023 547 1024 536 1024 548 1024 549 1025 550 1025 551 1025 552 1026 553 1026 550 1026 552 1027 550 1027 549 1027 554 1028 537 1028 538 1028 554 1029 538 1029 553 1029 554 1030 553 1030 552 1030 555 1031 556 1031 557 1031 555 1032 557 1032 558 1032 559 1033 558 1033 560 1033 559 1034 555 1034 558 1034 561 1035 560 1035 562 1035 561 1036 559 1036 560 1036 540 1037 562 1037 539 1037 540 1038 561 1038 562 1038 563 1039 564 1039 565 1039 563 1040 566 1040 564 1040 567 1041 566 1041 563 1041 568 1042 566 1042 567 1042 542 1043 568 1043 567 1043 541 1044 568 1044 542 1044 565 1045 564 1045 569 1045 569 1046 564 1046 570 1046 543 1047 545 1047 571 1047 571 1048 545 1048 572 1048 549 1049 551 1049 573 1049 573 1050 551 1050 574 1050 557 1051 556 1051 575 1051 575 1052 556 1052 576 1052 577 1053 578 1053 579 1053 577 1054 490 1054 578 1054 580 1055 571 1055 574 1055 581 1056 571 1056 580 1056 571 1057 573 1057 574 1057 573 1058 582 1058 583 1058 571 1059 576 1059 573 1059 573 1060 576 1060 582 1060 584 1061 569 1061 572 1061 585 1062 569 1062 584 1062 572 1063 575 1063 571 1063 571 1064 575 1064 576 1064 569 1065 575 1065 572 1065 569 1066 570 1066 575 1066 570 1067 586 1067 575 1067 586 1068 587 1068 575 1068 582 1069 576 1069 556 1069 582 1070 556 1070 588 1070 583 1071 588 1071 589 1071 583 1072 582 1072 588 1072 573 1073 589 1073 549 1073 573 1074 583 1074 589 1074 559 1075 552 1075 555 1075 590 1076 588 1076 556 1076 590 1077 556 1077 555 1077 590 1078 555 1078 552 1078 591 1079 549 1079 589 1079 591 1080 589 1080 588 1080 591 1081 552 1081 549 1081 591 1082 588 1082 590 1082 591 1083 590 1083 552 1083 592 1084 552 1084 559 1084 593 1085 554 1085 552 1085 593 1086 552 1086 592 1086 594 1087 559 1087 561 1087 594 1088 592 1088 559 1088 594 1089 554 1089 593 1089 594 1090 593 1090 592 1090 595 1091 561 1091 540 1091 595 1092 540 1092 596 1092 595 1093 594 1093 561 1093 597 1094 598 1094 537 1094 597 1095 596 1095 598 1095 597 1096 537 1096 554 1096 597 1097 554 1097 594 1097 597 1098 595 1098 596 1098 597 1099 594 1099 595 1099 586 1100 570 1100 564 1100 586 1101 564 1101 599 1101 587 1102 599 1102 600 1102 587 1103 586 1103 599 1103 575 1104 600 1104 557 1104 575 1105 587 1105 600 1105 521 1106 537 1106 598 1106 601 1107 598 1107 596 1107 601 1108 521 1108 598 1108 602 1109 596 1109 540 1109 602 1110 601 1110 596 1110 525 1111 602 1111 540 1111 580 1112 574 1112 551 1112 580 1113 551 1113 603 1113 581 1114 603 1114 604 1114 581 1115 580 1115 603 1115 571 1116 604 1116 543 1116 571 1117 581 1117 604 1117 562 1118 605 1118 539 1118 600 1119 558 1119 557 1119 599 1120 558 1120 600 1120 564 1121 566 1121 558 1121 564 1122 558 1122 599 1122 606 1123 605 1123 562 1123 607 1124 568 1124 541 1124 607 1125 608 1125 605 1125 607 1126 541 1126 608 1126 607 1127 605 1127 606 1127 609 1128 562 1128 560 1128 609 1129 607 1129 606 1129 609 1130 606 1130 562 1130 609 1131 568 1131 607 1131 610 1132 609 1132 560 1132 611 1133 566 1133 568 1133 611 1134 568 1134 609 1134 611 1135 609 1135 610 1135 612 1136 560 1136 558 1136 612 1137 566 1137 611 1137 612 1138 611 1138 610 1138 612 1139 558 1139 566 1139 612 1140 610 1140 560 1140 528 1141 507 1141 613 1141 601 1142 520 1142 521 1142 525 1143 526 1143 602 1143 614 1144 615 1144 503 1144 614 1145 503 1145 517 1145 616 1146 613 1146 615 1146 616 1147 528 1147 613 1147 616 1148 615 1148 614 1148 617 1149 601 1149 602 1149 617 1150 517 1150 520 1150 617 1151 614 1151 517 1151 617 1152 520 1152 601 1152 618 1153 526 1153 528 1153 618 1154 616 1154 614 1154 618 1155 528 1155 616 1155 618 1156 617 1156 602 1156 618 1157 602 1157 526 1157 618 1158 614 1158 617 1158 619 1159 553 1159 538 1159 536 1160 547 1160 620 1160 621 1161 603 1161 551 1161 621 1162 551 1162 550 1162 622 1163 543 1163 604 1163 622 1164 604 1164 603 1164 622 1165 544 1165 543 1165 622 1166 603 1166 621 1166 623 1167 550 1167 553 1167 623 1168 619 1168 620 1168 623 1169 621 1169 550 1169 623 1170 553 1170 619 1170 624 1171 547 1171 544 1171 624 1172 544 1172 622 1172 624 1173 622 1173 621 1173 624 1174 621 1174 623 1174 624 1175 620 1175 547 1175 624 1176 623 1176 620 1176 523 1177 539 1177 605 1177 625 1178 523 1178 605 1178 626 1179 605 1179 608 1179 626 1180 625 1180 605 1180 530 1181 608 1181 541 1181 530 1182 626 1182 608 1182 500 1183 503 1183 615 1183 627 1184 615 1184 613 1184 627 1185 500 1185 615 1185 628 1186 613 1186 507 1186 628 1187 627 1187 613 1187 506 1188 628 1188 507 1188 629 1189 536 1189 620 1189 629 1190 513 1190 536 1190 630 1191 620 1191 619 1191 630 1192 629 1192 620 1192 522 1193 619 1193 538 1193 522 1194 630 1194 619 1194 524 1195 523 1195 625 1195 631 1196 533 1196 509 1196 504 1197 527 1197 632 1197 633 1198 625 1198 626 1198 633 1199 626 1199 530 1199 633 1200 530 1200 532 1200 634 1201 625 1201 633 1201 634 1202 524 1202 625 1202 635 1203 532 1203 533 1203 635 1204 631 1204 632 1204 635 1205 633 1205 532 1205 635 1206 533 1206 631 1206 636 1207 527 1207 524 1207 636 1208 634 1208 633 1208 636 1209 635 1209 632 1209 636 1210 524 1210 634 1210 636 1211 632 1211 527 1211 636 1212 633 1212 635 1212 628 1213 506 1213 637 1213 638 1214 639 1214 579 1214 500 1215 627 1215 640 1215 641 1216 627 1216 628 1216 641 1217 628 1217 637 1217 641 1218 640 1218 627 1218 642 1219 638 1219 640 1219 642 1220 637 1220 639 1220 642 1221 641 1221 637 1221 642 1222 639 1222 638 1222 642 1223 640 1223 641 1223 518 1224 502 1224 643 1224 522 1225 519 1225 630 1225 644 1226 645 1226 498 1226 644 1227 498 1227 515 1227 646 1228 643 1228 645 1228 646 1229 518 1229 643 1229 646 1230 645 1230 644 1230 647 1231 513 1231 629 1231 647 1232 514 1232 513 1232 647 1233 515 1233 514 1233 647 1234 644 1234 515 1234 648 1235 629 1235 630 1235 648 1236 519 1236 518 1236 648 1237 646 1237 644 1237 648 1238 518 1238 646 1238 648 1239 647 1239 629 1239 648 1240 644 1240 647 1240 648 1241 630 1241 519 1241 649 1242 504 1242 632 1242 649 1243 505 1243 504 1243 650 1244 632 1244 631 1244 650 1245 649 1245 632 1245 508 1246 631 1246 509 1246 508 1247 650 1247 631 1247 651 1248 579 1248 639 1248 651 1249 577 1249 579 1249 652 1250 639 1250 637 1250 652 1251 651 1251 639 1251 505 1252 637 1252 506 1252 505 1253 652 1253 637 1253 579 1254 578 1254 653 1254 638 1255 653 1255 654 1255 638 1256 579 1256 653 1256 640 1257 654 1257 501 1257 640 1258 638 1258 654 1258 500 1259 640 1259 501 1259 499 1260 498 1260 645 1260 655 1261 499 1261 645 1261 656 1262 645 1262 643 1262 656 1263 655 1263 645 1263 501 1264 643 1264 502 1264 501 1265 656 1265 643 1265 657 1266 650 1266 508 1266 652 1267 505 1267 649 1267 577 1268 651 1268 658 1268 659 1269 649 1269 650 1269 659 1270 652 1270 649 1270 660 1271 651 1271 652 1271 660 1272 657 1272 658 1272 660 1273 659 1273 650 1273 660 1274 650 1274 657 1274 660 1275 652 1275 659 1275 660 1276 658 1276 651 1276 653 1277 578 1277 661 1277 655 1278 662 1278 499 1278 501 1279 654 1279 656 1279 663 1280 654 1280 653 1280 663 1281 653 1281 661 1281 663 1282 656 1282 654 1282 664 1283 655 1283 656 1283 664 1284 661 1284 662 1284 664 1285 663 1285 661 1285 664 1286 662 1286 655 1286 664 1287 656 1287 663 1287 491 1288 577 1288 658 1288 491 1289 490 1289 577 1289 487 1290 658 1290 657 1290 487 1291 491 1291 658 1291 488 1292 657 1292 508 1292 488 1293 487 1293 657 1293 578 1294 490 1294 489 1294 661 1295 489 1295 493 1295 661 1296 578 1296 489 1296 662 1297 661 1297 493 1297 499 1298 493 1298 492 1298 499 1299 662 1299 493 1299 486 1300 488 1300 510 1300 486 1301 510 1301 665 1301 494 1302 665 1302 666 1302 494 1303 486 1303 665 1303 492 1304 666 1304 497 1304 492 1305 494 1305 666 1305 529 1306 531 1306 667 1306 510 1307 534 1307 665 1307 668 1308 669 1308 512 1308 668 1309 512 1309 511 1309 670 1310 667 1310 669 1310 670 1311 529 1311 667 1311 670 1312 669 1312 668 1312 671 1313 497 1313 666 1313 671 1314 516 1314 497 1314 671 1315 511 1315 516 1315 671 1316 668 1316 511 1316 672 1317 666 1317 665 1317 672 1318 534 1318 529 1318 672 1319 670 1319 668 1319 672 1320 529 1320 670 1320 672 1321 671 1321 666 1321 672 1322 668 1322 671 1322 672 1323 665 1323 534 1323 667 1324 531 1324 542 1324 667 1325 542 1325 673 1325 669 1326 674 1326 535 1326 669 1327 673 1327 674 1327 669 1328 667 1328 673 1328 512 1329 669 1329 535 1329 548 1330 535 1330 674 1330 675 1331 563 1331 565 1331 676 1332 674 1332 673 1332 676 1333 673 1333 542 1333 676 1334 542 1334 567 1334 677 1335 674 1335 676 1335 677 1336 548 1336 674 1336 678 1337 567 1337 563 1337 678 1338 676 1338 567 1338 678 1339 563 1339 675 1339 679 1340 680 1340 545 1340 679 1341 675 1341 680 1341 679 1342 546 1342 548 1342 679 1343 545 1343 546 1343 679 1344 677 1344 676 1344 679 1345 678 1345 675 1345 679 1346 548 1346 677 1346 679 1347 676 1347 678 1347 584 1348 545 1348 680 1348 584 1349 572 1349 545 1349 585 1350 680 1350 675 1350 585 1351 584 1351 680 1351 569 1352 675 1352 565 1352 569 1353 585 1353 675 1353 681 1354 682 1354 683 1354 684 1355 685 1355 686 1355 687 1356 688 1356 689 1356 690 1357 686 1357 682 1357 690 1358 684 1358 686 1358 691 1359 688 1359 684 1359 691 1360 681 1360 689 1360 691 1361 690 1361 682 1361 691 1362 682 1362 681 1362 691 1363 684 1363 690 1363 691 1364 689 1364 688 1364 687 1365 692 1365 693 1365 687 1366 693 1366 694 1366 695 1367 696 1367 697 1367 695 1368 697 1368 698 1368 699 1369 700 1369 701 1369 699 1370 701 1370 702 1370 703 1371 704 1371 705 1371 683 1372 703 1372 705 1372 706 1373 707 1373 708 1373 706 1374 708 1374 709 1374 710 1375 709 1375 711 1375 710 1376 711 1376 693 1376 710 1377 706 1377 709 1377 692 1378 710 1378 693 1378 712 1379 713 1379 714 1379 712 1380 714 1380 715 1380 716 1381 714 1381 717 1381 716 1382 715 1382 714 1382 698 1383 697 1383 713 1383 698 1384 713 1384 712 1384 718 1385 719 1385 720 1385 720 1386 721 1386 722 1386 719 1387 721 1387 720 1387 722 1388 723 1388 702 1388 721 1389 723 1389 722 1389 723 1390 699 1390 702 1390 724 1391 725 1391 726 1391 727 1392 725 1392 724 1392 728 1393 727 1393 724 1393 729 1394 728 1394 724 1394 704 1395 728 1395 729 1395 705 1396 704 1396 729 1396 707 1397 730 1397 731 1397 707 1398 731 1398 708 1398 732 1399 716 1399 717 1399 733 1400 732 1400 717 1400 734 1401 719 1401 718 1401 734 1402 718 1402 735 1402 736 1403 737 1403 726 1403 736 1404 726 1404 725 1404 738 1405 739 1405 740 1405 740 1406 739 1406 741 1406 741 1407 742 1407 743 1407 739 1408 742 1408 741 1408 743 1409 731 1409 730 1409 742 1410 731 1410 743 1410 744 1411 745 1411 746 1411 747 1412 748 1412 745 1412 747 1413 745 1413 744 1413 749 1414 732 1414 733 1414 749 1415 733 1415 748 1415 749 1416 748 1416 747 1416 750 1417 751 1417 752 1417 750 1418 752 1418 753 1418 754 1419 753 1419 755 1419 754 1420 750 1420 753 1420 756 1421 755 1421 757 1421 756 1422 754 1422 755 1422 735 1423 757 1423 734 1423 735 1424 756 1424 757 1424 758 1425 759 1425 760 1425 758 1426 761 1426 759 1426 762 1427 761 1427 758 1427 763 1428 761 1428 762 1428 737 1429 763 1429 762 1429 736 1430 763 1430 737 1430 760 1431 759 1431 764 1431 764 1432 759 1432 765 1432 738 1433 740 1433 766 1433 766 1434 740 1434 767 1434 744 1435 746 1435 768 1435 768 1436 746 1436 769 1436 752 1437 751 1437 770 1437 770 1438 751 1438 771 1438 772 1439 773 1439 774 1439 772 1440 685 1440 773 1440 775 1441 766 1441 769 1441 776 1442 766 1442 775 1442 766 1443 768 1443 769 1443 768 1444 777 1444 778 1444 766 1445 771 1445 768 1445 768 1446 771 1446 777 1446 779 1447 764 1447 767 1447 780 1448 764 1448 779 1448 767 1449 770 1449 766 1449 766 1450 770 1450 771 1450 764 1451 770 1451 767 1451 764 1452 765 1452 770 1452 765 1453 781 1453 770 1453 781 1454 782 1454 770 1454 777 1455 771 1455 751 1455 777 1456 751 1456 783 1456 778 1457 783 1457 784 1457 778 1458 777 1458 783 1458 768 1459 784 1459 744 1459 768 1460 778 1460 784 1460 754 1461 747 1461 750 1461 785 1462 783 1462 751 1462 785 1463 751 1463 750 1463 785 1464 750 1464 747 1464 786 1465 744 1465 784 1465 786 1466 784 1466 783 1466 786 1467 747 1467 744 1467 786 1468 783 1468 785 1468 786 1469 785 1469 747 1469 787 1470 747 1470 754 1470 788 1471 749 1471 747 1471 788 1472 747 1472 787 1472 789 1473 754 1473 756 1473 789 1474 787 1474 754 1474 789 1475 749 1475 788 1475 789 1476 788 1476 787 1476 790 1477 756 1477 735 1477 790 1478 735 1478 791 1478 790 1479 789 1479 756 1479 792 1480 793 1480 732 1480 792 1481 791 1481 793 1481 792 1482 732 1482 749 1482 792 1483 749 1483 789 1483 792 1484 790 1484 791 1484 792 1485 789 1485 790 1485 781 1486 765 1486 759 1486 781 1487 759 1487 794 1487 782 1488 794 1488 795 1488 782 1489 781 1489 794 1489 770 1490 795 1490 752 1490 770 1491 782 1491 795 1491 716 1492 732 1492 793 1492 796 1493 793 1493 791 1493 796 1494 716 1494 793 1494 797 1495 791 1495 735 1495 797 1496 796 1496 791 1496 718 1497 797 1497 735 1497 775 1498 769 1498 746 1498 775 1499 746 1499 798 1499 776 1500 798 1500 799 1500 776 1501 775 1501 798 1501 766 1502 799 1502 738 1502 766 1503 776 1503 799 1503 757 1504 800 1504 734 1504 795 1505 753 1505 752 1505 794 1506 753 1506 795 1506 759 1507 761 1507 753 1507 759 1508 753 1508 794 1508 801 1509 800 1509 757 1509 802 1510 763 1510 736 1510 802 1511 803 1511 800 1511 802 1512 736 1512 803 1512 802 1513 800 1513 801 1513 804 1514 757 1514 755 1514 804 1515 802 1515 801 1515 804 1516 801 1516 757 1516 804 1517 763 1517 802 1517 805 1518 804 1518 755 1518 806 1519 761 1519 763 1519 806 1520 763 1520 804 1520 806 1521 804 1521 805 1521 807 1522 755 1522 753 1522 807 1523 761 1523 806 1523 807 1524 806 1524 805 1524 807 1525 753 1525 761 1525 807 1526 805 1526 755 1526 722 1527 702 1527 808 1527 796 1528 715 1528 716 1528 718 1529 720 1529 797 1529 809 1530 810 1530 698 1530 809 1531 698 1531 712 1531 811 1532 808 1532 810 1532 811 1533 722 1533 808 1533 811 1534 810 1534 809 1534 812 1535 796 1535 797 1535 812 1536 712 1536 715 1536 812 1537 809 1537 712 1537 812 1538 715 1538 796 1538 813 1539 720 1539 722 1539 813 1540 811 1540 809 1540 813 1541 722 1541 811 1541 813 1542 812 1542 797 1542 813 1543 797 1543 720 1543 813 1544 809 1544 812 1544 814 1545 748 1545 733 1545 731 1546 742 1546 815 1546 816 1547 798 1547 746 1547 816 1548 746 1548 745 1548 817 1549 738 1549 799 1549 817 1550 799 1550 798 1550 817 1551 739 1551 738 1551 817 1552 798 1552 816 1552 818 1553 745 1553 748 1553 818 1554 814 1554 815 1554 818 1555 816 1555 745 1555 818 1556 748 1556 814 1556 819 1557 742 1557 739 1557 819 1558 739 1558 817 1558 819 1559 817 1559 816 1559 819 1560 816 1560 818 1560 819 1561 815 1561 742 1561 819 1562 818 1562 815 1562 719 1563 734 1563 800 1563 820 1564 719 1564 800 1564 821 1565 800 1565 803 1565 821 1566 820 1566 800 1566 725 1567 803 1567 736 1567 725 1568 821 1568 803 1568 695 1569 698 1569 810 1569 822 1570 810 1570 808 1570 822 1571 695 1571 810 1571 823 1572 808 1572 702 1572 823 1573 822 1573 808 1573 701 1574 823 1574 702 1574 824 1575 731 1575 815 1575 824 1576 708 1576 731 1576 825 1577 815 1577 814 1577 825 1578 824 1578 815 1578 717 1579 814 1579 733 1579 717 1580 825 1580 814 1580 721 1581 719 1581 820 1581 826 1582 728 1582 704 1582 699 1583 723 1583 827 1583 828 1584 820 1584 821 1584 828 1585 821 1585 725 1585 828 1586 725 1586 727 1586 829 1587 820 1587 828 1587 829 1588 721 1588 820 1588 830 1589 727 1589 728 1589 830 1590 826 1590 827 1590 830 1591 828 1591 727 1591 830 1592 728 1592 826 1592 831 1593 723 1593 721 1593 831 1594 829 1594 828 1594 831 1595 830 1595 827 1595 831 1596 721 1596 829 1596 831 1597 827 1597 723 1597 831 1598 828 1598 830 1598 823 1599 701 1599 832 1599 833 1600 834 1600 774 1600 695 1601 822 1601 835 1601 836 1602 822 1602 823 1602 836 1603 823 1603 832 1603 836 1604 835 1604 822 1604 837 1605 833 1605 835 1605 837 1606 832 1606 834 1606 837 1607 836 1607 832 1607 837 1608 834 1608 833 1608 837 1609 835 1609 836 1609 713 1610 697 1610 838 1610 717 1611 714 1611 825 1611 839 1612 840 1612 693 1612 839 1613 693 1613 711 1613 841 1614 838 1614 840 1614 841 1615 713 1615 838 1615 841 1616 840 1616 839 1616 842 1617 708 1617 824 1617 842 1618 709 1618 708 1618 842 1619 711 1619 709 1619 842 1620 839 1620 711 1620 843 1621 824 1621 825 1621 843 1622 714 1622 713 1622 843 1623 841 1623 839 1623 843 1624 713 1624 841 1624 843 1625 842 1625 824 1625 843 1626 839 1626 842 1626 843 1627 825 1627 714 1627 844 1628 699 1628 827 1628 844 1629 700 1629 699 1629 845 1630 827 1630 826 1630 845 1631 844 1631 827 1631 703 1632 826 1632 704 1632 703 1633 845 1633 826 1633 846 1634 774 1634 834 1634 846 1635 772 1635 774 1635 847 1636 834 1636 832 1636 847 1637 846 1637 834 1637 700 1638 832 1638 701 1638 700 1639 847 1639 832 1639 774 1640 773 1640 848 1640 833 1641 848 1641 849 1641 833 1642 774 1642 848 1642 835 1643 849 1643 696 1643 835 1644 833 1644 849 1644 695 1645 835 1645 696 1645 694 1646 693 1646 840 1646 850 1647 694 1647 840 1647 851 1648 840 1648 838 1648 851 1649 850 1649 840 1649 696 1650 838 1650 697 1650 696 1651 851 1651 838 1651 852 1652 845 1652 703 1652 847 1653 700 1653 844 1653 772 1654 846 1654 853 1654 854 1655 844 1655 845 1655 854 1656 847 1656 844 1656 855 1657 846 1657 847 1657 855 1658 852 1658 853 1658 855 1659 854 1659 845 1659 855 1660 845 1660 852 1660 855 1661 847 1661 854 1661 855 1662 853 1662 846 1662 848 1663 773 1663 856 1663 850 1664 857 1664 694 1664 696 1665 849 1665 851 1665 858 1666 849 1666 848 1666 858 1667 848 1667 856 1667 858 1668 851 1668 849 1668 859 1669 850 1669 851 1669 859 1670 856 1670 857 1670 859 1671 858 1671 856 1671 859 1672 857 1672 850 1672 859 1673 851 1673 858 1673 686 1674 772 1674 853 1674 686 1675 685 1675 772 1675 682 1676 853 1676 852 1676 682 1677 686 1677 853 1677 683 1678 852 1678 703 1678 683 1679 682 1679 852 1679 773 1680 685 1680 684 1680 856 1681 684 1681 688 1681 856 1682 773 1682 684 1682 857 1683 688 1683 687 1683 857 1684 856 1684 688 1684 694 1685 857 1685 687 1685 681 1686 683 1686 705 1686 681 1687 705 1687 860 1687 689 1688 860 1688 861 1688 689 1689 681 1689 860 1689 687 1690 861 1690 692 1690 687 1691 689 1691 861 1691 724 1692 726 1692 862 1692 705 1693 729 1693 860 1693 863 1694 864 1694 707 1694 863 1695 707 1695 706 1695 865 1696 862 1696 864 1696 865 1697 724 1697 862 1697 865 1698 864 1698 863 1698 866 1699 692 1699 861 1699 866 1700 710 1700 692 1700 866 1701 706 1701 710 1701 866 1702 863 1702 706 1702 867 1703 861 1703 860 1703 867 1704 729 1704 724 1704 867 1705 865 1705 863 1705 867 1706 724 1706 865 1706 867 1707 866 1707 861 1707 867 1708 863 1708 866 1708 867 1709 860 1709 729 1709 862 1710 726 1710 737 1710 862 1711 737 1711 868 1711 864 1712 869 1712 730 1712 864 1713 868 1713 869 1713 864 1714 862 1714 868 1714 707 1715 864 1715 730 1715 743 1716 730 1716 869 1716 870 1717 758 1717 760 1717 871 1718 869 1718 868 1718 871 1719 868 1719 737 1719 871 1720 737 1720 762 1720 872 1721 869 1721 871 1721 872 1722 743 1722 869 1722 873 1723 762 1723 758 1723 873 1724 871 1724 762 1724 873 1725 758 1725 870 1725 874 1726 875 1726 740 1726 874 1727 870 1727 875 1727 874 1728 741 1728 743 1728 874 1729 740 1729 741 1729 874 1730 872 1730 871 1730 874 1731 873 1731 870 1731 874 1732 743 1732 872 1732 874 1733 871 1733 873 1733 779 1734 740 1734 875 1734 779 1735 767 1735 740 1735 780 1736 875 1736 870 1736 780 1737 779 1737 875 1737 764 1738 870 1738 760 1738 764 1739 780 1739 870 1739 876 1740 877 1740 878 1740 879 1741 880 1741 881 1741 882 1742 883 1742 884 1742 885 1743 878 1743 880 1743 885 1744 883 1744 876 1744 885 1745 876 1745 878 1745 886 1746 879 1746 884 1746 886 1747 883 1747 885 1747 886 1748 885 1748 880 1748 886 1749 880 1749 879 1749 886 1750 884 1750 883 1750 877 1751 887 1751 888 1751 877 1752 888 1752 889 1752 890 1753 891 1753 892 1753 893 1754 891 1754 890 1754 894 1755 895 1755 896 1755 894 1756 896 1756 897 1756 882 1757 898 1757 899 1757 882 1758 900 1758 898 1758 901 1759 902 1759 903 1759 901 1760 903 1760 904 1760 905 1761 904 1761 906 1761 905 1762 906 1762 888 1762 905 1763 901 1763 904 1763 887 1764 905 1764 888 1764 907 1765 908 1765 909 1765 910 1766 892 1766 908 1766 910 1767 908 1767 907 1767 911 1768 909 1768 912 1768 911 1769 907 1769 909 1769 890 1770 892 1770 910 1770 913 1771 914 1771 915 1771 915 1772 914 1772 916 1772 916 1773 917 1773 918 1773 914 1774 917 1774 916 1774 918 1775 894 1775 897 1775 917 1776 894 1776 918 1776 919 1777 920 1777 921 1777 922 1778 920 1778 919 1778 923 1779 924 1779 922 1779 923 1780 922 1780 919 1780 899 1781 898 1781 924 1781 899 1782 924 1782 923 1782 902 1783 925 1783 926 1783 902 1784 926 1784 903 1784 927 1785 911 1785 912 1785 928 1786 927 1786 912 1786 929 1787 913 1787 915 1787 929 1788 915 1788 930 1788 931 1789 932 1789 921 1789 931 1790 921 1790 920 1790 933 1791 934 1791 935 1791 935 1792 934 1792 936 1792 936 1793 937 1793 938 1793 934 1794 937 1794 936 1794 938 1795 926 1795 925 1795 937 1796 926 1796 938 1796 939 1797 940 1797 941 1797 942 1798 943 1798 940 1798 942 1799 940 1799 939 1799 944 1800 927 1800 928 1800 944 1801 928 1801 943 1801 944 1802 943 1802 942 1802 945 1803 946 1803 947 1803 945 1804 947 1804 948 1804 949 1805 948 1805 950 1805 949 1806 945 1806 948 1806 951 1807 950 1807 952 1807 951 1808 949 1808 950 1808 930 1809 952 1809 929 1809 930 1810 951 1810 952 1810 953 1811 954 1811 955 1811 953 1812 956 1812 954 1812 957 1813 956 1813 953 1813 958 1814 956 1814 957 1814 932 1815 958 1815 957 1815 931 1816 958 1816 932 1816 955 1817 954 1817 959 1817 959 1818 954 1818 960 1818 933 1819 935 1819 961 1819 961 1820 935 1820 962 1820 939 1821 941 1821 963 1821 963 1822 941 1822 964 1822 947 1823 946 1823 965 1823 965 1824 946 1824 966 1824 967 1825 968 1825 969 1825 967 1826 881 1826 968 1826 970 1827 964 1827 971 1827 961 1828 964 1828 970 1828 961 1829 963 1829 964 1829 963 1830 972 1830 973 1830 961 1831 966 1831 963 1831 963 1832 966 1832 972 1832 974 1833 959 1833 962 1833 975 1834 959 1834 974 1834 962 1835 965 1835 961 1835 961 1836 965 1836 966 1836 959 1837 965 1837 962 1837 959 1838 960 1838 965 1838 960 1839 976 1839 965 1839 976 1840 977 1840 965 1840 972 1841 966 1841 946 1841 972 1842 946 1842 978 1842 973 1843 978 1843 979 1843 973 1844 972 1844 978 1844 963 1845 979 1845 939 1845 963 1846 973 1846 979 1846 980 1847 951 1847 930 1847 981 1848 951 1848 980 1848 927 1849 944 1849 951 1849 927 1850 951 1850 981 1850 982 1851 978 1851 946 1851 982 1852 946 1852 945 1852 983 1853 939 1853 979 1853 983 1854 979 1854 978 1854 983 1855 942 1855 939 1855 983 1856 978 1856 982 1856 984 1857 945 1857 949 1857 984 1858 983 1858 982 1858 984 1859 982 1859 945 1859 984 1860 942 1860 983 1860 985 1861 984 1861 949 1861 986 1862 944 1862 942 1862 986 1863 942 1863 984 1863 986 1864 984 1864 985 1864 987 1865 949 1865 951 1865 987 1866 986 1866 985 1866 987 1867 985 1867 949 1867 987 1868 944 1868 986 1868 987 1869 951 1869 944 1869 976 1870 960 1870 954 1870 976 1871 954 1871 988 1871 977 1872 988 1872 989 1872 977 1873 976 1873 988 1873 965 1874 989 1874 947 1874 965 1875 977 1875 989 1875 990 1876 927 1876 981 1876 990 1877 911 1877 927 1877 991 1878 981 1878 980 1878 991 1879 990 1879 981 1879 915 1880 980 1880 930 1880 915 1881 991 1881 980 1881 971 1882 964 1882 941 1882 971 1883 941 1883 992 1883 970 1884 992 1884 993 1884 970 1885 971 1885 992 1885 961 1886 993 1886 933 1886 961 1887 970 1887 993 1887 950 1888 958 1888 952 1888 994 1889 995 1889 929 1889 994 1890 929 1890 952 1890 994 1891 952 1891 958 1891 996 1892 958 1892 931 1892 996 1893 997 1893 995 1893 996 1894 931 1894 997 1894 996 1895 995 1895 994 1895 996 1896 994 1896 958 1896 998 1897 958 1897 950 1897 999 1898 956 1898 958 1898 999 1899 958 1899 998 1899 1000 1900 950 1900 948 1900 1000 1901 998 1901 950 1901 1000 1902 956 1902 999 1902 1000 1903 999 1903 998 1903 1001 1904 947 1904 989 1904 1001 1905 948 1905 947 1905 1001 1906 1000 1906 948 1906 1002 1907 989 1907 988 1907 1002 1908 988 1908 954 1908 1002 1909 954 1909 956 1909 1002 1910 1001 1910 989 1910 1002 1911 956 1911 1000 1911 1002 1912 1000 1912 1001 1912 990 1913 907 1913 911 1913 915 1914 916 1914 991 1914 1003 1915 1004 1915 890 1915 1003 1916 890 1916 910 1916 1005 1917 918 1917 897 1917 1005 1918 1006 1918 1004 1918 1005 1919 897 1919 1006 1919 1005 1920 1004 1920 1003 1920 1007 1921 990 1921 991 1921 1007 1922 910 1922 907 1922 1007 1923 1003 1923 910 1923 1007 1924 907 1924 990 1924 1008 1925 916 1925 918 1925 1008 1926 918 1926 1005 1926 1008 1927 1005 1927 1003 1927 1008 1928 1003 1928 1007 1928 1008 1929 1007 1929 991 1929 1008 1930 991 1930 916 1930 1009 1931 943 1931 928 1931 1010 1932 992 1932 941 1932 1010 1933 941 1933 940 1933 1011 1934 933 1934 993 1934 1011 1935 993 1935 992 1935 1011 1936 934 1936 933 1936 1011 1937 992 1937 1010 1937 1012 1938 940 1938 943 1938 1012 1939 1010 1939 940 1939 1012 1940 943 1940 1009 1940 1013 1941 1014 1941 926 1941 1013 1942 1009 1942 1014 1942 1013 1943 937 1943 934 1943 1013 1944 926 1944 937 1944 1013 1945 934 1945 1011 1945 1013 1946 1011 1946 1010 1946 1013 1947 1012 1947 1009 1947 1013 1948 1010 1948 1012 1948 913 1949 929 1949 995 1949 1015 1950 913 1950 995 1950 1016 1951 995 1951 997 1951 1016 1952 1015 1952 995 1952 920 1953 997 1953 931 1953 920 1954 1016 1954 997 1954 893 1955 890 1955 1004 1955 1017 1956 1004 1956 1006 1956 1017 1957 893 1957 1004 1957 1018 1958 1017 1958 1006 1958 896 1959 1006 1959 897 1959 896 1960 1018 1960 1006 1960 1019 1961 926 1961 1014 1961 1019 1962 903 1962 926 1962 1020 1963 1014 1963 1009 1963 1020 1964 1019 1964 1014 1964 912 1965 1009 1965 928 1965 912 1966 1020 1966 1009 1966 914 1967 913 1967 1015 1967 1021 1968 924 1968 898 1968 1022 1969 1015 1969 1016 1969 1022 1970 1016 1970 920 1970 1022 1971 920 1971 922 1971 1023 1972 1015 1972 1022 1972 1023 1973 914 1973 1015 1973 1024 1974 922 1974 924 1974 1024 1975 1022 1975 922 1975 1024 1976 924 1976 1021 1976 1025 1977 1026 1977 894 1977 1025 1978 1021 1978 1026 1978 1025 1979 917 1979 914 1979 1025 1980 894 1980 917 1980 1025 1981 1023 1981 1022 1981 1025 1982 1024 1982 1021 1982 1025 1983 914 1983 1023 1983 1025 1984 1022 1984 1024 1984 1017 1985 1027 1985 893 1985 1028 1986 969 1986 1029 1986 896 1987 1030 1987 1018 1987 1031 1988 1029 1988 1027 1988 1031 1989 1027 1989 1017 1989 1031 1990 1028 1990 1029 1990 1032 1991 1017 1991 1018 1991 1032 1992 1030 1992 1028 1992 1032 1993 1031 1993 1017 1993 1032 1994 1028 1994 1031 1994 1032 1995 1018 1995 1030 1995 908 1996 892 1996 1033 1996 912 1997 909 1997 1020 1997 1034 1998 1035 1998 888 1998 1034 1999 888 1999 906 1999 1036 2000 1033 2000 1035 2000 1036 2001 908 2001 1033 2001 1036 2002 1035 2002 1034 2002 1037 2003 903 2003 1019 2003 1037 2004 904 2004 903 2004 1037 2005 906 2005 904 2005 1037 2006 1034 2006 906 2006 1038 2007 1019 2007 1020 2007 1038 2008 909 2008 908 2008 1038 2009 1036 2009 1034 2009 1038 2010 908 2010 1036 2010 1038 2011 1037 2011 1019 2011 1038 2012 1034 2012 1037 2012 1038 2013 1020 2013 909 2013 895 2014 894 2014 1026 2014 1039 2015 895 2015 1026 2015 1040 2016 1026 2016 1021 2016 1040 2017 1039 2017 1026 2017 900 2018 1021 2018 898 2018 900 2019 1040 2019 1021 2019 1041 2020 969 2020 1028 2020 1041 2021 967 2021 969 2021 1042 2022 1028 2022 1030 2022 1042 2023 1030 2023 896 2023 1042 2024 1041 2024 1028 2024 895 2025 1042 2025 896 2025 1029 2026 969 2026 968 2026 1029 2027 968 2027 1043 2027 1027 2028 1043 2028 1044 2028 1027 2029 1029 2029 1043 2029 893 2030 1044 2030 891 2030 893 2031 1027 2031 1044 2031 889 2032 888 2032 1035 2032 1045 2033 889 2033 1035 2033 1046 2034 1035 2034 1033 2034 1046 2035 1045 2035 1035 2035 891 2036 1033 2036 892 2036 891 2037 1046 2037 1033 2037 1047 2038 967 2038 1041 2038 1039 2039 1042 2039 895 2039 900 2040 1048 2040 1040 2040 1049 2041 1048 2041 1047 2041 1049 2042 1047 2042 1041 2042 1050 2043 1041 2043 1042 2043 1050 2044 1039 2044 1040 2044 1050 2045 1048 2045 1049 2045 1050 2046 1049 2046 1041 2046 1050 2047 1042 2047 1039 2047 1050 2048 1040 2048 1048 2048 1044 2049 1046 2049 891 2049 1051 2050 889 2050 1045 2050 968 2051 1052 2051 1043 2051 1053 2052 1045 2052 1046 2052 1053 2053 1052 2053 1051 2053 1053 2054 1051 2054 1045 2054 1054 2055 1044 2055 1043 2055 1054 2056 1053 2056 1046 2056 1054 2057 1052 2057 1053 2057 1054 2058 1046 2058 1044 2058 1054 2059 1043 2059 1052 2059 879 2060 967 2060 1047 2060 879 2061 881 2061 967 2061 884 2062 1047 2062 1048 2062 884 2063 879 2063 1047 2063 882 2064 1048 2064 900 2064 882 2065 884 2065 1048 2065 1052 2066 968 2066 881 2066 1052 2067 881 2067 880 2067 1051 2068 880 2068 878 2068 1051 2069 1052 2069 880 2069 889 2070 878 2070 877 2070 889 2071 1051 2071 878 2071 883 2072 882 2072 899 2072 883 2073 899 2073 1055 2073 876 2074 1055 2074 1056 2074 876 2075 883 2075 1055 2075 877 2076 1056 2076 887 2076 877 2077 876 2077 1056 2077 919 2078 921 2078 1057 2078 899 2079 923 2079 1055 2079 1058 2080 1059 2080 902 2080 1058 2081 902 2081 901 2081 1060 2082 1057 2082 1059 2082 1060 2083 919 2083 1057 2083 1060 2084 1059 2084 1058 2084 1061 2085 887 2085 1056 2085 1061 2086 905 2086 887 2086 1061 2087 901 2087 905 2087 1061 2088 1058 2088 901 2088 1062 2089 1056 2089 1055 2089 1062 2090 923 2090 919 2090 1062 2091 1060 2091 1058 2091 1062 2092 919 2092 1060 2092 1062 2093 1061 2093 1056 2093 1062 2094 1058 2094 1061 2094 1062 2095 1055 2095 923 2095 1057 2096 921 2096 932 2096 1057 2097 932 2097 1063 2097 1059 2098 1064 2098 925 2098 1059 2099 1063 2099 1064 2099 1059 2100 1057 2100 1063 2100 902 2101 1059 2101 925 2101 935 2102 936 2102 1065 2102 1066 2103 1063 2103 932 2103 1066 2104 932 2104 957 2104 1067 2105 925 2105 1064 2105 1067 2106 1064 2106 1063 2106 1067 2107 938 2107 925 2107 1067 2108 1063 2108 1066 2108 1068 2109 953 2109 955 2109 1068 2110 957 2110 953 2110 1068 2111 955 2111 1069 2111 1068 2112 1066 2112 957 2112 1070 2113 1069 2113 1065 2113 1070 2114 936 2114 938 2114 1070 2115 938 2115 1067 2115 1070 2116 1067 2116 1066 2116 1070 2117 1066 2117 1068 2117 1070 2118 1065 2118 936 2118 1070 2119 1068 2119 1069 2119 974 2120 935 2120 1065 2120 974 2121 962 2121 935 2121 975 2122 1065 2122 1069 2122 975 2123 974 2123 1065 2123 959 2124 1069 2124 955 2124 959 2125 975 2125 1069 2125 1071 2126 1072 2126 1073 2126 1074 2127 1072 2127 1071 2127 1075 2128 1072 2128 1076 2128 1076 2129 1072 2129 1074 2129 1077 2130 1075 2130 1078 2130 1078 2131 1075 2131 1076 2131 1079 2132 1077 2132 1080 2132 1080 2133 1077 2133 1078 2133 1081 2134 1079 2134 1082 2134 1082 2135 1079 2135 1080 2135 1073 2136 1081 2136 1071 2136 1071 2137 1081 2137 1082 2137 1079 2138 1075 2138 1077 2138 1072 2139 1075 2139 1073 2139 1075 2140 1081 2140 1073 2140 1079 2141 1081 2141 1075 2141 1076 2142 1074 2142 1071 2142 1076 2143 1080 2143 1078 2143 1082 2144 1080 2144 1076 2144 1082 2145 1076 2145 1071 2145 1083 2146 1084 2146 1085 2146 1086 2147 1084 2147 1083 2147 1084 2148 1087 2148 1085 2148 1088 2149 1087 2149 1084 2149 1087 2150 1089 2150 1090 2150 1088 2151 1089 2151 1087 2151 1090 2152 1091 2152 1092 2152 1089 2153 1091 2153 1090 2153 1092 2154 1093 2154 1094 2154 1091 2155 1093 2155 1092 2155 1094 2156 1095 2156 1096 2156 1093 2157 1095 2157 1094 2157 1096 2158 1097 2158 1098 2158 1095 2159 1097 2159 1096 2159 1098 2160 1099 2160 1100 2160 1097 2161 1099 2161 1098 2161 1100 2162 1101 2162 1102 2162 1099 2163 1101 2163 1100 2163 1102 2164 1103 2164 1104 2164 1101 2165 1103 2165 1102 2165 1104 2166 1105 2166 1106 2166 1103 2167 1105 2167 1104 2167 1106 2168 1107 2168 1108 2168 1105 2169 1107 2169 1106 2169 1108 2170 1109 2170 1110 2170 1107 2171 1109 2171 1108 2171 1110 2172 1111 2172 1112 2172 1109 2173 1111 2173 1110 2173 1113 2174 1112 2174 1114 2174 1114 2175 1112 2175 1111 2175 1113 2176 1115 2176 1116 2176 1114 2177 1115 2177 1113 2177 1116 2178 1117 2178 1118 2178 1115 2179 1117 2179 1116 2179 1118 2180 1119 2180 1120 2180 1117 2181 1119 2181 1118 2181 1120 2182 1121 2182 1122 2182 1119 2183 1121 2183 1120 2183 1122 2184 1123 2184 1124 2184 1121 2185 1123 2185 1122 2185 1124 2186 1125 2186 1126 2186 1123 2187 1125 2187 1124 2187 1126 2188 1127 2188 1128 2188 1125 2189 1127 2189 1126 2189 1128 2190 1129 2190 1130 2190 1127 2191 1129 2191 1128 2191 1130 2192 1131 2192 1132 2192 1129 2193 1131 2193 1130 2193 1132 2194 1133 2194 1134 2194 1131 2195 1133 2195 1132 2195 1134 2196 1086 2196 1083 2196 1133 2197 1086 2197 1134 2197 1090 2198 1085 2198 1087 2198 1092 2199 1085 2199 1090 2199 1094 2200 1083 2200 1085 2200 1094 2201 1085 2201 1092 2201 1096 2202 1083 2202 1094 2202 1098 2203 1083 2203 1096 2203 1100 2204 1083 2204 1098 2204 1134 2205 1100 2205 1102 2205 1134 2206 1102 2206 1104 2206 1134 2207 1083 2207 1100 2207 1132 2208 1134 2208 1104 2208 1130 2209 1132 2209 1104 2209 1116 2210 1112 2210 1113 2210 1106 2211 1130 2211 1104 2211 1118 2212 1112 2212 1116 2212 1128 2213 1130 2213 1106 2213 1110 2214 1112 2214 1118 2214 1120 2215 1110 2215 1118 2215 1126 2216 1128 2216 1106 2216 1122 2217 1110 2217 1120 2217 1108 2218 1110 2218 1122 2218 1124 2219 1106 2219 1108 2219 1124 2220 1126 2220 1106 2220 1124 2221 1108 2221 1122 2221 1084 2222 1089 2222 1088 2222 1084 2223 1091 2223 1089 2223 1086 2224 1093 2224 1084 2224 1084 2225 1093 2225 1091 2225 1086 2226 1095 2226 1093 2226 1086 2227 1097 2227 1095 2227 1086 2228 1099 2228 1097 2228 1099 2229 1133 2229 1101 2229 1101 2230 1133 2230 1103 2230 1086 2231 1133 2231 1099 2231 1133 2232 1131 2232 1103 2232 1131 2233 1129 2233 1103 2233 1111 2234 1115 2234 1114 2234 1129 2235 1105 2235 1103 2235 1111 2236 1117 2236 1115 2236 1129 2237 1127 2237 1105 2237 1111 2238 1109 2238 1117 2238 1109 2239 1119 2239 1117 2239 1127 2240 1125 2240 1105 2240 1109 2241 1121 2241 1119 2241 1109 2242 1107 2242 1121 2242 1105 2243 1123 2243 1107 2243 1125 2244 1123 2244 1105 2244 1107 2245 1123 2245 1121 2245 1135 2246 1136 2246 1137 2246 1138 2247 1136 2247 1135 2247 1139 2248 1136 2248 1140 2248 1140 2249 1136 2249 1138 2249 1141 2250 1139 2250 1142 2250 1142 2251 1139 2251 1140 2251 1143 2252 1141 2252 1144 2252 1144 2253 1141 2253 1142 2253 1145 2254 1143 2254 1146 2254 1146 2255 1143 2255 1144 2255 1147 2256 1145 2256 1148 2256 1148 2257 1145 2257 1146 2257 1149 2258 1147 2258 1150 2258 1150 2259 1147 2259 1148 2259 1151 2260 1149 2260 1152 2260 1152 2261 1149 2261 1150 2261 1152 2262 1153 2262 1151 2262 1154 2263 1153 2263 1152 2263 1155 2264 1153 2264 1156 2264 1156 2265 1153 2265 1154 2265 1157 2266 1155 2266 1158 2266 1158 2267 1155 2267 1156 2267 1137 2268 1157 2268 1135 2268 1135 2269 1157 2269 1158 2269 1153 2270 1149 2270 1151 2270 1153 2271 1155 2271 1149 2271 1155 2272 1147 2272 1149 2272 1147 2273 1141 2273 1145 2273 1145 2274 1141 2274 1143 2274 1136 2275 1139 2275 1137 2275 1141 2276 1157 2276 1139 2276 1139 2277 1157 2277 1137 2277 1155 2278 1157 2278 1147 2278 1147 2279 1157 2279 1141 2279 1150 2280 1154 2280 1152 2280 1156 2281 1154 2281 1150 2281 1148 2282 1156 2282 1150 2282 1142 2283 1148 2283 1146 2283 1142 2284 1146 2284 1144 2284 1140 2285 1138 2285 1135 2285 1158 2286 1142 2286 1140 2286 1158 2287 1140 2287 1135 2287 1158 2288 1156 2288 1148 2288 1158 2289 1148 2289 1142 2289 1159 2290 1160 2290 1161 2290 1162 2291 1161 2291 1163 2291 1162 2292 1159 2292 1161 2292 1164 2293 1165 2293 1160 2293 1164 2294 1160 2294 1159 2294 1166 2295 1163 2295 1167 2295 1166 2296 1162 2296 1163 2296 1168 2297 1169 2297 1165 2297 1168 2298 1165 2298 1164 2298 1170 2299 1167 2299 1171 2299 1170 2300 1166 2300 1167 2300 1172 2301 1173 2301 1169 2301 1172 2302 1169 2302 1168 2302 1174 2303 1171 2303 1175 2303 1174 2304 1170 2304 1171 2304 1176 2305 1173 2305 1172 2305 1177 2306 1174 2306 1175 2306 1178 2307 1173 2307 1176 2307 1179 2308 1173 2308 1178 2308 1180 2309 1177 2309 1175 2309 1181 2310 1182 2310 1180 2310 1181 2311 1180 2311 1175 2311 1183 2312 1182 2312 1181 2312 1184 2313 1183 2313 1181 2313 1185 2314 1184 2314 1181 2314 1186 2315 1187 2315 1185 2315 1186 2316 1188 2316 1187 2316 1186 2317 1185 2317 1181 2317 1189 2318 1179 2318 1178 2318 1189 2319 1188 2319 1186 2319 1190 2320 1179 2320 1189 2320 1190 2321 1189 2321 1186 2321 1191 2322 1192 2322 1193 2322 1193 2323 1194 2323 1195 2323 1192 2324 1194 2324 1193 2324 1196 2325 1197 2325 1191 2325 1191 2326 1197 2326 1192 2326 1195 2327 1198 2327 1199 2327 1194 2328 1198 2328 1195 2328 1200 2329 1201 2329 1196 2329 1196 2330 1201 2330 1197 2330 1199 2331 1202 2331 1203 2331 1198 2332 1202 2332 1199 2332 1204 2333 1205 2333 1200 2333 1200 2334 1205 2334 1201 2334 1203 2335 1206 2335 1207 2335 1202 2336 1206 2336 1203 2336 1204 2337 1208 2337 1205 2337 1206 2338 1209 2338 1207 2338 1204 2339 1210 2339 1208 2339 1204 2340 1211 2340 1210 2340 1209 2341 1212 2341 1207 2341 1213 2342 1214 2342 1212 2342 1212 2343 1214 2343 1207 2343 1213 2344 1215 2344 1214 2344 1215 2345 1216 2345 1214 2345 1216 2346 1217 2346 1214 2346 1218 2347 1219 2347 1217 2347 1220 2348 1219 2348 1218 2348 1217 2349 1219 2349 1214 2349 1211 2350 1221 2350 1210 2350 1220 2351 1221 2351 1219 2351 1211 2352 1222 2352 1221 2352 1221 2353 1222 2353 1219 2353 1173 2354 1179 2354 1204 2354 1204 2355 1179 2355 1211 2355 1173 2356 1200 2356 1169 2356 1204 2357 1200 2357 1173 2357 1169 2358 1196 2358 1165 2358 1200 2359 1196 2359 1169 2359 1165 2360 1191 2360 1160 2360 1196 2361 1191 2361 1165 2361 1160 2362 1193 2362 1161 2362 1191 2363 1193 2363 1160 2363 1161 2364 1195 2364 1163 2364 1193 2365 1195 2365 1161 2365 1163 2366 1199 2366 1167 2366 1195 2367 1199 2367 1163 2367 1167 2368 1203 2368 1171 2368 1199 2369 1203 2369 1167 2369 1171 2370 1207 2370 1175 2370 1203 2371 1207 2371 1171 2371 1175 2372 1214 2372 1181 2372 1207 2373 1214 2373 1175 2373 1181 2374 1219 2374 1186 2374 1214 2375 1219 2375 1181 2375 1190 2376 1186 2376 1222 2376 1222 2377 1186 2377 1219 2377 1179 2378 1190 2378 1211 2378 1211 2379 1190 2379 1222 2379 1188 2380 1221 2380 1220 2380 1188 2381 1189 2381 1221 2381 1189 2382 1210 2382 1221 2382 1189 2383 1178 2383 1210 2383 1178 2384 1208 2384 1210 2384 1178 2385 1176 2385 1208 2385 1205 2386 1208 2386 1176 2386 1205 2387 1176 2387 1172 2387 1201 2388 1172 2388 1168 2388 1201 2389 1205 2389 1172 2389 1197 2390 1168 2390 1164 2390 1197 2391 1201 2391 1168 2391 1192 2392 1164 2392 1159 2392 1192 2393 1197 2393 1164 2393 1194 2394 1192 2394 1159 2394 1194 2395 1159 2395 1162 2395 1198 2396 1162 2396 1166 2396 1198 2397 1194 2397 1162 2397 1202 2398 1166 2398 1170 2398 1202 2399 1198 2399 1166 2399 1206 2400 1170 2400 1174 2400 1206 2401 1202 2401 1170 2401 1209 2402 1206 2402 1174 2402 1209 2403 1174 2403 1177 2403 1212 2404 1177 2404 1180 2404 1212 2405 1209 2405 1177 2405 1213 2406 1180 2406 1182 2406 1213 2407 1212 2407 1180 2407 1215 2408 1182 2408 1183 2408 1215 2409 1213 2409 1182 2409 1216 2410 1215 2410 1183 2410 1216 2411 1183 2411 1184 2411 1217 2412 1184 2412 1185 2412 1217 2413 1216 2413 1184 2413 1218 2414 1185 2414 1187 2414 1218 2415 1217 2415 1185 2415 1220 2416 1187 2416 1188 2416 1220 2417 1218 2417 1187 2417 1223 2418 1224 2418 1225 2418 1224 2419 1226 2419 1225 2419 1223 2420 1227 2420 1224 2420 1226 2421 1228 2421 1225 2421 1228 2422 1229 2422 1225 2422 1230 2423 1229 2423 1228 2423 1230 2424 1231 2424 1229 2424 1223 2425 1232 2425 1227 2425 1228 2426 1232 2426 1230 2426 1232 2427 1233 2427 1230 2427 1233 2428 1234 2428 1235 2428 1223 2429 1234 2429 1232 2429 1232 2430 1234 2430 1233 2430 1236 2431 1237 2431 1238 2431 1239 2432 1236 2432 1238 2432 1240 2433 1237 2433 1236 2433 1241 2434 1239 2434 1238 2434 1242 2435 1241 2435 1238 2435 1242 2436 1243 2436 1241 2436 1244 2437 1243 2437 1242 2437 1245 2438 1237 2438 1240 2438 1245 2439 1241 2439 1243 2439 1246 2440 1245 2440 1243 2440 1247 2441 1246 2441 1248 2441 1247 2442 1237 2442 1245 2442 1247 2443 1245 2443 1246 2443 1225 2444 1229 2444 1238 2444 1238 2445 1229 2445 1242 2445 1223 2446 1225 2446 1237 2446 1237 2447 1225 2447 1238 2447 1234 2448 1223 2448 1247 2448 1247 2449 1223 2449 1237 2449 1235 2450 1234 2450 1248 2450 1248 2451 1234 2451 1247 2451 1233 2452 1235 2452 1246 2452 1246 2453 1235 2453 1248 2453 1230 2454 1233 2454 1243 2454 1243 2455 1233 2455 1246 2455 1231 2456 1230 2456 1244 2456 1244 2457 1230 2457 1243 2457 1229 2458 1231 2458 1242 2458 1242 2459 1231 2459 1244 2459 1232 2460 1241 2460 1245 2460 1232 2461 1228 2461 1241 2461 1228 2462 1239 2462 1241 2462 1228 2463 1226 2463 1239 2463 1236 2464 1239 2464 1226 2464 1236 2465 1226 2465 1224 2465 1240 2466 1236 2466 1224 2466 1240 2467 1224 2467 1227 2467 1227 2468 1245 2468 1240 2468 1227 2469 1232 2469 1245 2469 1249 2470 1250 2470 1251 2470 1252 2471 1250 2471 1249 2471 1253 2472 1250 2472 1254 2472 1254 2473 1250 2473 1252 2473 1255 2474 1253 2474 1256 2474 1256 2475 1253 2475 1254 2475 1257 2476 1255 2476 1258 2476 1258 2477 1255 2477 1256 2477 1259 2478 1257 2478 1260 2478 1260 2479 1257 2479 1258 2479 1261 2480 1259 2480 1262 2480 1262 2481 1259 2481 1260 2481 1263 2482 1261 2482 1264 2482 1264 2483 1261 2483 1262 2483 1265 2484 1263 2484 1266 2484 1266 2485 1263 2485 1264 2485 1267 2486 1265 2486 1268 2486 1268 2487 1265 2487 1266 2487 1269 2488 1267 2488 1270 2488 1270 2489 1267 2489 1268 2489 1271 2490 1269 2490 1272 2490 1272 2491 1269 2491 1270 2491 1251 2492 1271 2492 1249 2492 1249 2493 1271 2493 1272 2493 1267 2494 1263 2494 1265 2494 1267 2495 1269 2495 1263 2495 1269 2496 1261 2496 1263 2496 1261 2497 1255 2497 1259 2497 1259 2498 1255 2498 1257 2498 1250 2499 1253 2499 1251 2499 1255 2500 1271 2500 1253 2500 1253 2501 1271 2501 1251 2501 1269 2502 1271 2502 1261 2502 1261 2503 1271 2503 1255 2503 1264 2504 1268 2504 1266 2504 1270 2505 1268 2505 1264 2505 1262 2506 1270 2506 1264 2506 1256 2507 1262 2507 1260 2507 1256 2508 1260 2508 1258 2508 1254 2509 1252 2509 1249 2509 1272 2510 1256 2510 1254 2510 1272 2511 1254 2511 1249 2511 1272 2512 1270 2512 1262 2512 1272 2513 1262 2513 1256 2513 1273 2514 1274 2514 1275 2514 1276 2515 1277 2515 1273 2515 1276 2516 1273 2516 1278 2516 1279 2517 1280 2517 1277 2517 1279 2518 1277 2518 1276 2518 1281 2519 1282 2519 1280 2519 1281 2520 1280 2520 1279 2520 1283 2521 1284 2521 1282 2521 1283 2522 1282 2522 1281 2522 1285 2523 1273 2523 1275 2523 1285 2524 1278 2524 1273 2524 1286 2525 1287 2525 1284 2525 1286 2526 1284 2526 1283 2526 1288 2527 1285 2527 1275 2527 1289 2528 1287 2528 1286 2528 1290 2529 1285 2529 1288 2529 1291 2530 1292 2530 1293 2530 1291 2531 1293 2531 1287 2531 1291 2532 1287 2532 1289 2532 1294 2533 1292 2533 1291 2533 1295 2534 1292 2534 1294 2534 1296 2535 1290 2535 1288 2535 1297 2536 1290 2536 1296 2536 1298 2537 1295 2537 1294 2537 1299 2538 1296 2538 1288 2538 1300 2539 1299 2539 1288 2539 1301 2540 1302 2540 1297 2540 1301 2541 1297 2541 1296 2541 1303 2542 1304 2542 1305 2542 1303 2543 1306 2543 1304 2543 1303 2544 1298 2544 1306 2544 1303 2545 1295 2545 1298 2545 1307 2546 1300 2546 1288 2546 1307 2547 1308 2547 1309 2547 1307 2548 1309 2548 1300 2548 1310 2549 1311 2549 1308 2549 1310 2550 1308 2550 1307 2550 1301 2551 1303 2551 1302 2551 1302 2552 1303 2552 1305 2552 1312 2553 1313 2553 1314 2553 1315 2554 1316 2554 1313 2554 1313 2555 1316 2555 1317 2555 1318 2556 1319 2556 1315 2556 1315 2557 1319 2557 1316 2557 1320 2558 1321 2558 1318 2558 1318 2559 1321 2559 1319 2559 1322 2560 1323 2560 1320 2560 1320 2561 1323 2561 1321 2561 1313 2562 1324 2562 1314 2562 1317 2563 1324 2563 1313 2563 1325 2564 1326 2564 1322 2564 1322 2565 1326 2565 1323 2565 1324 2566 1327 2566 1314 2566 1325 2567 1328 2567 1326 2567 1324 2568 1329 2568 1327 2568 1330 2569 1331 2569 1332 2569 1332 2570 1331 2570 1325 2570 1325 2571 1331 2571 1328 2571 1330 2572 1333 2572 1331 2572 1330 2573 1334 2573 1333 2573 1329 2574 1335 2574 1327 2574 1329 2575 1336 2575 1335 2575 1334 2576 1337 2576 1333 2576 1335 2577 1338 2577 1327 2577 1338 2578 1339 2578 1327 2578 1340 2579 1341 2579 1336 2579 1336 2580 1341 2580 1335 2580 1342 2581 1343 2581 1344 2581 1345 2582 1343 2582 1342 2582 1337 2583 1343 2583 1345 2583 1334 2584 1343 2584 1337 2584 1339 2585 1346 2585 1327 2585 1347 2586 1346 2586 1348 2586 1348 2587 1346 2587 1339 2587 1349 2588 1350 2588 1347 2588 1347 2589 1350 2589 1346 2589 1343 2590 1341 2590 1340 2590 1343 2591 1340 2591 1344 2591 1307 2592 1350 2592 1310 2592 1346 2593 1350 2593 1307 2593 1311 2594 1310 2594 1349 2594 1349 2595 1310 2595 1350 2595 1311 2596 1347 2596 1308 2596 1349 2597 1347 2597 1311 2597 1308 2598 1348 2598 1309 2598 1347 2599 1348 2599 1308 2599 1309 2600 1339 2600 1300 2600 1348 2601 1339 2601 1309 2601 1300 2602 1338 2602 1299 2602 1339 2603 1338 2603 1300 2603 1299 2604 1335 2604 1296 2604 1338 2605 1335 2605 1299 2605 1301 2606 1296 2606 1341 2606 1341 2607 1296 2607 1335 2607 1301 2608 1343 2608 1303 2608 1341 2609 1343 2609 1301 2609 1303 2610 1334 2610 1295 2610 1343 2611 1334 2611 1303 2611 1334 2612 1292 2612 1295 2612 1334 2613 1330 2613 1292 2613 1292 2614 1332 2614 1293 2614 1330 2615 1332 2615 1292 2615 1293 2616 1325 2616 1287 2616 1332 2617 1325 2617 1293 2617 1287 2618 1322 2618 1284 2618 1325 2619 1322 2619 1287 2619 1284 2620 1320 2620 1282 2620 1322 2621 1320 2621 1284 2621 1282 2622 1318 2622 1280 2622 1320 2623 1318 2623 1282 2623 1280 2624 1315 2624 1277 2624 1318 2625 1315 2625 1280 2625 1277 2626 1313 2626 1273 2626 1315 2627 1313 2627 1277 2627 1273 2628 1313 2628 1274 2628 1274 2629 1313 2629 1312 2629 1275 2630 1274 2630 1314 2630 1314 2631 1274 2631 1312 2631 1288 2632 1275 2632 1327 2632 1327 2633 1275 2633 1314 2633 1288 2634 1346 2634 1307 2634 1327 2635 1346 2635 1288 2635 1340 2636 1336 2636 1297 2636 1340 2637 1297 2637 1302 2637 1344 2638 1340 2638 1302 2638 1344 2639 1302 2639 1305 2639 1342 2640 1305 2640 1304 2640 1342 2641 1344 2641 1305 2641 1345 2642 1304 2642 1306 2642 1345 2643 1342 2643 1304 2643 1337 2644 1306 2644 1298 2644 1337 2645 1345 2645 1306 2645 1333 2646 1337 2646 1298 2646 1333 2647 1298 2647 1294 2647 1331 2648 1333 2648 1294 2648 1331 2649 1294 2649 1291 2649 1328 2650 1291 2650 1289 2650 1328 2651 1331 2651 1291 2651 1326 2652 1289 2652 1286 2652 1326 2653 1328 2653 1289 2653 1323 2654 1286 2654 1283 2654 1323 2655 1326 2655 1286 2655 1321 2656 1323 2656 1283 2656 1321 2657 1283 2657 1281 2657 1319 2658 1281 2658 1279 2658 1319 2659 1321 2659 1281 2659 1316 2660 1279 2660 1276 2660 1316 2661 1319 2661 1279 2661 1317 2662 1276 2662 1278 2662 1317 2663 1316 2663 1276 2663 1324 2664 1317 2664 1278 2664 1324 2665 1278 2665 1285 2665 1290 2666 1329 2666 1324 2666 1290 2667 1324 2667 1285 2667 1290 2668 1336 2668 1329 2668 1290 2669 1297 2669 1336 2669 1351 2670 1352 2670 1353 2670 1354 2671 1352 2671 1351 2671 1355 2672 1353 2672 1356 2672 1356 2673 1353 2673 1352 2673 1355 2674 1357 2674 1358 2674 1356 2675 1357 2675 1355 2675 1358 2676 1359 2676 1360 2676 1357 2677 1359 2677 1358 2677 1360 2678 1361 2678 1362 2678 1359 2679 1361 2679 1360 2679 1362 2680 1363 2680 1364 2680 1361 2681 1363 2681 1362 2681 1363 2682 1365 2682 1364 2682 1363 2683 1366 2683 1365 2683 1366 2684 1367 2684 1365 2684 1366 2685 1368 2685 1367 2685 1368 2686 1369 2686 1367 2686 1368 2687 1370 2687 1369 2687 1370 2688 1371 2688 1369 2688 1370 2689 1372 2689 1371 2689 1371 2690 1373 2690 1374 2690 1372 2691 1373 2691 1371 2691 1374 2692 1375 2692 1376 2692 1373 2693 1375 2693 1374 2693 1376 2694 1377 2694 1378 2694 1375 2695 1377 2695 1376 2695 1378 2696 1379 2696 1380 2696 1377 2697 1379 2697 1378 2697 1380 2698 1381 2698 1382 2698 1379 2699 1381 2699 1380 2699 1382 2700 1383 2700 1384 2700 1381 2701 1383 2701 1382 2701 1384 2702 1385 2702 1386 2702 1383 2703 1385 2703 1384 2703 1386 2704 1387 2704 1388 2704 1385 2705 1387 2705 1386 2705 1388 2706 1389 2706 1390 2706 1387 2707 1389 2707 1388 2707 1390 2708 1391 2708 1392 2708 1389 2709 1391 2709 1390 2709 1392 2710 1393 2710 1394 2710 1391 2711 1393 2711 1392 2711 1394 2712 1395 2712 1396 2712 1393 2713 1395 2713 1394 2713 1396 2714 1397 2714 1398 2714 1395 2715 1397 2715 1396 2715 1398 2716 1399 2716 1400 2716 1397 2717 1399 2717 1398 2717 1400 2718 1401 2718 1402 2718 1399 2719 1401 2719 1400 2719 1402 2720 1403 2720 1404 2720 1401 2721 1403 2721 1402 2721 1404 2722 1405 2722 1406 2722 1403 2723 1405 2723 1404 2723 1406 2724 1407 2724 1408 2724 1405 2725 1407 2725 1406 2725 1408 2726 1409 2726 1410 2726 1407 2727 1409 2727 1408 2727 1410 2728 1411 2728 1412 2728 1409 2729 1411 2729 1410 2729 1412 2730 1413 2730 1414 2730 1411 2731 1413 2731 1412 2731 1414 2732 1415 2732 1416 2732 1413 2733 1415 2733 1414 2733 1416 2734 1417 2734 1418 2734 1415 2735 1417 2735 1416 2735 1419 2736 1418 2736 1420 2736 1420 2737 1418 2737 1417 2737 1419 2738 1421 2738 1422 2738 1420 2739 1421 2739 1419 2739 1422 2740 1423 2740 1424 2740 1421 2741 1423 2741 1422 2741 1424 2742 1425 2742 1426 2742 1423 2743 1425 2743 1424 2743 1426 2744 1427 2744 1428 2744 1425 2745 1427 2745 1426 2745 1428 2746 1429 2746 1430 2746 1427 2747 1429 2747 1428 2747 1430 2748 1431 2748 1432 2748 1429 2749 1431 2749 1430 2749 1432 2750 1433 2750 1434 2750 1431 2751 1433 2751 1432 2751 1434 2752 1435 2752 1436 2752 1433 2753 1435 2753 1434 2753 1436 2754 1437 2754 1438 2754 1435 2755 1437 2755 1436 2755 1438 2756 1439 2756 1440 2756 1437 2757 1439 2757 1438 2757 1440 2758 1441 2758 1442 2758 1439 2759 1441 2759 1440 2759 1442 2760 1443 2760 1444 2760 1441 2761 1443 2761 1442 2761 1444 2762 1445 2762 1446 2762 1443 2763 1445 2763 1444 2763 1446 2764 1447 2764 1448 2764 1445 2765 1447 2765 1446 2765 1448 2766 1449 2766 1450 2766 1447 2767 1449 2767 1448 2767 1450 2768 1451 2768 1452 2768 1449 2769 1451 2769 1450 2769 1452 2770 1354 2770 1351 2770 1451 2771 1354 2771 1452 2771 1422 2772 1416 2772 1419 2772 1419 2773 1416 2773 1418 2773 1422 2774 1414 2774 1416 2774 1422 2775 1424 2775 1414 2775 1424 2776 1412 2776 1414 2776 1424 2777 1410 2777 1412 2777 1424 2778 1408 2778 1410 2778 1390 2779 1444 2779 1388 2779 1392 2780 1444 2780 1390 2780 1394 2781 1444 2781 1392 2781 1396 2782 1444 2782 1394 2782 1388 2783 1444 2783 1386 2783 1444 2784 1446 2784 1386 2784 1382 2785 1446 2785 1380 2785 1384 2786 1446 2786 1382 2786 1386 2787 1446 2787 1384 2787 1378 2788 1446 2788 1376 2788 1380 2789 1446 2789 1378 2789 1408 2790 1426 2790 1406 2790 1424 2791 1426 2791 1408 2791 1398 2792 1442 2792 1396 2792 1400 2793 1442 2793 1398 2793 1396 2794 1442 2794 1444 2794 1426 2795 1428 2795 1406 2795 1446 2796 1448 2796 1376 2796 1376 2797 1448 2797 1374 2797 1400 2798 1440 2798 1442 2798 1402 2799 1440 2799 1400 2799 1428 2800 1430 2800 1406 2800 1406 2801 1430 2801 1404 2801 1402 2802 1438 2802 1440 2802 1404 2803 1438 2803 1402 2803 1430 2804 1432 2804 1404 2804 1432 2805 1434 2805 1404 2805 1404 2806 1436 2806 1438 2806 1434 2807 1436 2807 1404 2807 1448 2808 1371 2808 1374 2808 1448 2809 1450 2809 1371 2809 1450 2810 1369 2810 1371 2810 1452 2811 1367 2811 1450 2811 1450 2812 1367 2812 1369 2812 1351 2813 1365 2813 1452 2813 1452 2814 1365 2814 1367 2814 1351 2815 1364 2815 1365 2815 1351 2816 1362 2816 1364 2816 1351 2817 1360 2817 1362 2817 1353 2818 1360 2818 1351 2818 1353 2819 1358 2819 1360 2819 1353 2820 1355 2820 1358 2820 1415 2821 1421 2821 1420 2821 1415 2822 1420 2822 1417 2822 1413 2823 1421 2823 1415 2823 1423 2824 1421 2824 1413 2824 1411 2825 1423 2825 1413 2825 1409 2826 1423 2826 1411 2826 1407 2827 1423 2827 1409 2827 1443 2828 1389 2828 1387 2828 1443 2829 1391 2829 1389 2829 1443 2830 1393 2830 1391 2830 1443 2831 1395 2831 1393 2831 1443 2832 1387 2832 1385 2832 1445 2833 1443 2833 1385 2833 1445 2834 1381 2834 1379 2834 1445 2835 1383 2835 1381 2835 1445 2836 1385 2836 1383 2836 1445 2837 1377 2837 1375 2837 1445 2838 1379 2838 1377 2838 1425 2839 1407 2839 1405 2839 1425 2840 1423 2840 1407 2840 1441 2841 1397 2841 1395 2841 1441 2842 1399 2842 1397 2842 1441 2843 1395 2843 1443 2843 1427 2844 1425 2844 1405 2844 1447 2845 1445 2845 1375 2845 1447 2846 1375 2846 1373 2846 1439 2847 1399 2847 1441 2847 1439 2848 1401 2848 1399 2848 1429 2849 1427 2849 1405 2849 1429 2850 1405 2850 1403 2850 1437 2851 1401 2851 1439 2851 1437 2852 1403 2852 1401 2852 1431 2853 1429 2853 1403 2853 1433 2854 1431 2854 1403 2854 1435 2855 1403 2855 1437 2855 1435 2856 1433 2856 1403 2856 1372 2857 1447 2857 1373 2857 1449 2858 1447 2858 1372 2858 1370 2859 1449 2859 1372 2859 1368 2860 1451 2860 1449 2860 1368 2861 1449 2861 1370 2861 1366 2862 1354 2862 1451 2862 1366 2863 1451 2863 1368 2863 1363 2864 1354 2864 1366 2864 1361 2865 1354 2865 1363 2865 1359 2866 1352 2866 1354 2866 1359 2867 1354 2867 1361 2867 1357 2868 1352 2868 1359 2868 1356 2869 1352 2869 1357 2869 1453 2870 1454 2870 1455 2870 1455 2871 1454 2871 1456 2871 1457 2872 1453 2872 1458 2872 1458 2873 1453 2873 1455 2873 1457 2874 1459 2874 1460 2874 1458 2875 1459 2875 1457 2875 1461 2876 1460 2876 1462 2876 1462 2877 1460 2877 1459 2877 1463 2878 1461 2878 1464 2878 1464 2879 1461 2879 1462 2879 1465 2880 1463 2880 1466 2880 1466 2881 1463 2881 1464 2881 1467 2882 1465 2882 1468 2882 1468 2883 1465 2883 1466 2883 1469 2884 1467 2884 1470 2884 1470 2885 1467 2885 1468 2885 1469 2886 1471 2886 1472 2886 1470 2887 1471 2887 1469 2887 1472 2888 1473 2888 1474 2888 1471 2889 1473 2889 1472 2889 1474 2890 1473 2890 1475 2890 1475 2891 1473 2891 1476 2891 1475 2892 1477 2892 1478 2892 1476 2893 1477 2893 1475 2893 1478 2894 1479 2894 1480 2894 1477 2895 1479 2895 1478 2895 1480 2896 1481 2896 1482 2896 1479 2897 1481 2897 1480 2897 1482 2898 1483 2898 1484 2898 1481 2899 1483 2899 1482 2899 1484 2900 1485 2900 1486 2900 1483 2901 1485 2901 1484 2901 1454 2902 1486 2902 1456 2902 1456 2903 1486 2903 1485 2903 1469 2904 1484 2904 1486 2904 1472 2905 1478 2905 1480 2905 1472 2906 1480 2906 1482 2906 1472 2907 1482 2907 1484 2907 1472 2908 1484 2908 1469 2908 1467 2909 1469 2909 1486 2909 1474 2910 1475 2910 1478 2910 1474 2911 1478 2911 1472 2911 1460 2912 1467 2912 1486 2912 1457 2913 1460 2913 1486 2913 1461 2914 1467 2914 1460 2914 1454 2915 1457 2915 1486 2915 1453 2916 1457 2916 1454 2916 1465 2917 1461 2917 1463 2917 1465 2918 1467 2918 1461 2918 1483 2919 1470 2919 1485 2919 1477 2920 1471 2920 1479 2920 1479 2921 1471 2921 1481 2921 1481 2922 1471 2922 1483 2922 1483 2923 1471 2923 1470 2923 1470 2924 1468 2924 1485 2924 1476 2925 1473 2925 1477 2925 1477 2926 1473 2926 1471 2926 1468 2927 1459 2927 1485 2927 1459 2928 1458 2928 1485 2928 1468 2929 1462 2929 1459 2929 1458 2930 1456 2930 1485 2930 1458 2931 1455 2931 1456 2931 1462 2932 1466 2932 1464 2932 1468 2933 1466 2933 1462 2933 1487 2934 1488 2934 1489 2934 1490 2935 1488 2935 1487 2935 1491 2936 1488 2936 1492 2936 1492 2937 1488 2937 1490 2937 1493 2938 1491 2938 1494 2938 1494 2939 1491 2939 1492 2939 1495 2940 1493 2940 1496 2940 1496 2941 1493 2941 1494 2941 1496 2942 1497 2942 1495 2942 1498 2943 1497 2943 1496 2943 1499 2944 1497 2944 1500 2944 1500 2945 1497 2945 1498 2945 1500 2946 1501 2946 1499 2946 1502 2947 1501 2947 1500 2947 1503 2948 1501 2948 1504 2948 1504 2949 1501 2949 1502 2949 1505 2950 1503 2950 1506 2950 1506 2951 1503 2951 1504 2951 1507 2952 1505 2952 1508 2952 1508 2953 1505 2953 1506 2953 1509 2954 1507 2954 1510 2954 1510 2955 1507 2955 1508 2955 1489 2956 1509 2956 1487 2956 1487 2957 1509 2957 1510 2957 1505 2958 1501 2958 1503 2958 1505 2959 1507 2959 1501 2959 1507 2960 1499 2960 1501 2960 1499 2961 1493 2961 1497 2961 1497 2962 1493 2962 1495 2962 1488 2963 1491 2963 1489 2963 1493 2964 1509 2964 1491 2964 1491 2965 1509 2965 1489 2965 1507 2966 1509 2966 1499 2966 1499 2967 1509 2967 1493 2967 1502 2968 1506 2968 1504 2968 1508 2969 1506 2969 1502 2969 1500 2970 1508 2970 1502 2970 1494 2971 1500 2971 1498 2971 1494 2972 1498 2972 1496 2972 1492 2973 1490 2973 1487 2973 1510 2974 1494 2974 1492 2974 1510 2975 1492 2975 1487 2975 1510 2976 1508 2976 1500 2976 1510 2977 1500 2977 1494 2977 1511 2978 1512 2978 1513 2978 1514 2979 1513 2979 1515 2979 1514 2980 1511 2980 1513 2980 1516 2981 1517 2981 1512 2981 1516 2982 1512 2982 1511 2982 1518 2983 1515 2983 1519 2983 1518 2984 1514 2984 1515 2984 1520 2985 1521 2985 1517 2985 1520 2986 1517 2986 1516 2986 1522 2987 1519 2987 1523 2987 1522 2988 1518 2988 1519 2988 1524 2989 1525 2989 1521 2989 1524 2990 1521 2990 1520 2990 1526 2991 1523 2991 1527 2991 1526 2992 1522 2992 1523 2992 1528 2993 1525 2993 1524 2993 1529 2994 1526 2994 1527 2994 1530 2995 1525 2995 1528 2995 1531 2996 1525 2996 1530 2996 1532 2997 1529 2997 1527 2997 1533 2998 1534 2998 1532 2998 1533 2999 1532 2999 1527 2999 1535 3000 1534 3000 1533 3000 1536 3001 1535 3001 1533 3001 1537 3002 1536 3002 1533 3002 1538 3003 1539 3003 1537 3003 1538 3004 1540 3004 1539 3004 1538 3005 1537 3005 1533 3005 1541 3006 1531 3006 1530 3006 1541 3007 1540 3007 1538 3007 1542 3008 1531 3008 1541 3008 1542 3009 1541 3009 1538 3009 1543 3010 1544 3010 1545 3010 1545 3011 1546 3011 1547 3011 1544 3012 1546 3012 1545 3012 1548 3013 1549 3013 1543 3013 1543 3014 1549 3014 1544 3014 1547 3015 1550 3015 1551 3015 1546 3016 1550 3016 1547 3016 1552 3017 1553 3017 1548 3017 1548 3018 1553 3018 1549 3018 1551 3019 1554 3019 1555 3019 1550 3020 1554 3020 1551 3020 1556 3021 1557 3021 1552 3021 1552 3022 1557 3022 1553 3022 1555 3023 1558 3023 1559 3023 1554 3024 1558 3024 1555 3024 1556 3025 1560 3025 1557 3025 1558 3026 1561 3026 1559 3026 1556 3027 1562 3027 1560 3027 1556 3028 1563 3028 1562 3028 1561 3029 1564 3029 1559 3029 1565 3030 1566 3030 1564 3030 1564 3031 1566 3031 1559 3031 1565 3032 1567 3032 1566 3032 1567 3033 1568 3033 1566 3033 1568 3034 1569 3034 1566 3034 1570 3035 1571 3035 1569 3035 1572 3036 1571 3036 1570 3036 1569 3037 1571 3037 1566 3037 1563 3038 1573 3038 1562 3038 1572 3039 1573 3039 1571 3039 1563 3040 1574 3040 1573 3040 1573 3041 1574 3041 1571 3041 1525 3042 1531 3042 1556 3042 1556 3043 1531 3043 1563 3043 1525 3044 1552 3044 1521 3044 1556 3045 1552 3045 1525 3045 1521 3046 1548 3046 1517 3046 1552 3047 1548 3047 1521 3047 1517 3048 1543 3048 1512 3048 1548 3049 1543 3049 1517 3049 1512 3050 1545 3050 1513 3050 1543 3051 1545 3051 1512 3051 1513 3052 1547 3052 1515 3052 1545 3053 1547 3053 1513 3053 1515 3054 1551 3054 1519 3054 1547 3055 1551 3055 1515 3055 1519 3056 1555 3056 1523 3056 1551 3057 1555 3057 1519 3057 1523 3058 1559 3058 1527 3058 1555 3059 1559 3059 1523 3059 1527 3060 1566 3060 1533 3060 1559 3061 1566 3061 1527 3061 1533 3062 1571 3062 1538 3062 1566 3063 1571 3063 1533 3063 1542 3064 1538 3064 1574 3064 1574 3065 1538 3065 1571 3065 1531 3066 1542 3066 1563 3066 1563 3067 1542 3067 1574 3067 1540 3068 1573 3068 1572 3068 1540 3069 1541 3069 1573 3069 1541 3070 1562 3070 1573 3070 1541 3071 1530 3071 1562 3071 1530 3072 1560 3072 1562 3072 1530 3073 1528 3073 1560 3073 1557 3074 1560 3074 1528 3074 1557 3075 1528 3075 1524 3075 1553 3076 1524 3076 1520 3076 1553 3077 1557 3077 1524 3077 1549 3078 1520 3078 1516 3078 1549 3079 1553 3079 1520 3079 1544 3080 1516 3080 1511 3080 1544 3081 1549 3081 1516 3081 1546 3082 1544 3082 1511 3082 1546 3083 1511 3083 1514 3083 1550 3084 1514 3084 1518 3084 1550 3085 1546 3085 1514 3085 1554 3086 1518 3086 1522 3086 1554 3087 1550 3087 1518 3087 1558 3088 1522 3088 1526 3088 1558 3089 1554 3089 1522 3089 1561 3090 1558 3090 1526 3090 1561 3091 1526 3091 1529 3091 1564 3092 1529 3092 1532 3092 1564 3093 1561 3093 1529 3093 1565 3094 1532 3094 1534 3094 1565 3095 1564 3095 1532 3095 1567 3096 1534 3096 1535 3096 1567 3097 1565 3097 1534 3097 1568 3098 1567 3098 1535 3098 1568 3099 1535 3099 1536 3099 1569 3100 1536 3100 1537 3100 1569 3101 1568 3101 1536 3101 1570 3102 1537 3102 1539 3102 1570 3103 1569 3103 1537 3103 1572 3104 1539 3104 1540 3104 1572 3105 1570 3105 1539 3105 1575 3106 1576 3106 1577 3106 1576 3107 1578 3107 1577 3107 1575 3108 1579 3108 1576 3108 1578 3109 1580 3109 1577 3109 1580 3110 1581 3110 1577 3110 1582 3111 1581 3111 1580 3111 1582 3112 1583 3112 1581 3112 1575 3113 1584 3113 1579 3113 1580 3114 1584 3114 1582 3114 1584 3115 1585 3115 1582 3115 1585 3116 1586 3116 1587 3116 1575 3117 1586 3117 1584 3117 1584 3118 1586 3118 1585 3118 1588 3119 1589 3119 1590 3119 1591 3120 1588 3120 1590 3120 1592 3121 1589 3121 1588 3121 1593 3122 1591 3122 1590 3122 1594 3123 1593 3123 1590 3123 1594 3124 1595 3124 1593 3124 1596 3125 1595 3125 1594 3125 1597 3126 1589 3126 1592 3126 1597 3127 1593 3127 1595 3127 1598 3128 1597 3128 1595 3128 1599 3129 1598 3129 1600 3129 1599 3130 1589 3130 1597 3130 1599 3131 1597 3131 1598 3131 1577 3132 1581 3132 1590 3132 1590 3133 1581 3133 1594 3133 1575 3134 1577 3134 1589 3134 1589 3135 1577 3135 1590 3135 1586 3136 1575 3136 1599 3136 1599 3137 1575 3137 1589 3137 1587 3138 1586 3138 1600 3138 1600 3139 1586 3139 1599 3139 1585 3140 1587 3140 1598 3140 1598 3141 1587 3141 1600 3141 1582 3142 1585 3142 1595 3142 1595 3143 1585 3143 1598 3143 1583 3144 1582 3144 1596 3144 1596 3145 1582 3145 1595 3145 1581 3146 1583 3146 1594 3146 1594 3147 1583 3147 1596 3147 1584 3148 1593 3148 1597 3148 1584 3149 1580 3149 1593 3149 1580 3150 1591 3150 1593 3150 1580 3151 1578 3151 1591 3151 1588 3152 1591 3152 1578 3152 1588 3153 1578 3153 1576 3153 1592 3154 1588 3154 1576 3154 1592 3155 1576 3155 1579 3155 1579 3156 1597 3156 1592 3156 1579 3157 1584 3157 1597 3157 1601 3158 1602 3158 1603 3158 1604 3159 1602 3159 1601 3159 1605 3160 1606 3160 1601 3160 1607 3161 1606 3161 1605 3161 1608 3162 1606 3162 1607 3162 1609 3163 1606 3163 1608 3163 1601 3164 1606 3164 1604 3164 1610 3165 1611 3165 1612 3165 1613 3166 1611 3166 1609 3166 1614 3167 1611 3167 1613 3167 1615 3168 1611 3168 1614 3168 1612 3169 1611 3169 1615 3169 1609 3170 1611 3170 1606 3170 1610 3171 1616 3171 1611 3171 1602 3172 1617 3172 1603 3172 1616 3173 1618 3173 1611 3173 1618 3174 1619 3174 1611 3174 1620 3175 1621 3175 1622 3175 1617 3176 1621 3176 1620 3176 1602 3177 1621 3177 1617 3177 1621 3178 1623 3178 1622 3178 1621 3179 1624 3179 1623 3179 1625 3180 1624 3180 1621 3180 1626 3181 1627 3181 1625 3181 1627 3182 1628 3182 1625 3182 1628 3183 1629 3183 1625 3183 1619 3184 1630 3184 1611 3184 1631 3185 1630 3185 1619 3185 1631 3186 1632 3186 1630 3186 1629 3187 1633 3187 1625 3187 1625 3188 1634 3188 1624 3188 1633 3189 1634 3189 1625 3189 1631 3190 1635 3190 1632 3190 1631 3191 1636 3191 1635 3191 1631 3192 1637 3192 1636 3192 1638 3193 1637 3193 1639 3193 1639 3194 1637 3194 1631 3194 1638 3195 1640 3195 1637 3195 1640 3196 1641 3196 1637 3196 1641 3197 1642 3197 1637 3197 1643 3198 1644 3198 1645 3198 1646 3199 1644 3199 1643 3199 1647 3200 1644 3200 1646 3200 1648 3201 1644 3201 1647 3201 1649 3202 1644 3202 1650 3202 1645 3203 1644 3203 1649 3203 1642 3204 1651 3204 1637 3204 1648 3205 1653 3205 1644 3205 1642 3206 1654 3206 1651 3206 1652 3207 1655 3207 1650 3207 1652 3208 1656 3208 1655 3208 1653 3209 1656 3209 1644 3209 1653 3210 1657 3210 1656 3210 1653 3211 1658 3211 1657 3211 1653 3212 1659 3212 1658 3212 1651 3213 1660 3213 1653 3213 1654 3214 1660 3214 1651 3214 1653 3215 1660 3215 1659 3215 1649 3216 1661 3216 1662 3216 1649 3217 1662 3217 1645 3217 1663 3218 1664 3218 1665 3218 1663 3219 1666 3219 1664 3219 1667 3220 1668 3220 1664 3220 1667 3221 1669 3221 1668 3221 1667 3222 1670 3222 1669 3222 1667 3223 1671 3223 1670 3223 1667 3224 1664 3224 1666 3224 1672 3225 1673 3225 1674 3225 1672 3226 1675 3226 1671 3226 1672 3227 1676 3227 1675 3227 1672 3228 1677 3228 1676 3228 1672 3229 1674 3229 1677 3229 1672 3230 1671 3230 1667 3230 1678 3231 1673 3231 1672 3231 1679 3232 1663 3232 1665 3232 1680 3233 1678 3233 1672 3233 1681 3234 1680 3234 1672 3234 1682 3235 1683 3235 1684 3235 1682 3236 1679 3236 1683 3236 1682 3237 1663 3237 1679 3237 1685 3238 1682 3238 1684 3238 1686 3239 1682 3239 1685 3239 1686 3240 1687 3240 1682 3240 1688 3241 1689 3241 1687 3241 1690 3242 1688 3242 1687 3242 1691 3243 1690 3243 1687 3243 1692 3244 1681 3244 1672 3244 1692 3245 1693 3245 1681 3245 1694 3246 1693 3246 1692 3246 1695 3247 1691 3247 1687 3247 1696 3248 1687 3248 1686 3248 1696 3249 1695 3249 1687 3249 1697 3250 1693 3250 1694 3250 1698 3251 1693 3251 1697 3251 1699 3252 1693 3252 1698 3252 1699 3253 1700 3253 1701 3253 1699 3254 1701 3254 1693 3254 1702 3255 1700 3255 1699 3255 1703 3256 1702 3256 1699 3256 1704 3257 1703 3257 1699 3257 1705 3258 1706 3258 1707 3258 1705 3259 1708 3259 1706 3259 1705 3260 1709 3260 1708 3260 1705 3261 1710 3261 1709 3261 1705 3262 1711 3262 1712 3262 1705 3263 1707 3263 1711 3263 1713 3264 1704 3264 1699 3264 1715 3265 1710 3265 1705 3265 1716 3266 1704 3266 1713 3266 1717 3267 1714 3267 1712 3267 1718 3268 1714 3268 1717 3268 1718 3269 1715 3269 1705 3269 1719 3270 1715 3270 1718 3270 1720 3271 1715 3271 1719 3271 1721 3272 1715 3272 1720 3272 1722 3273 1713 3273 1715 3273 1722 3274 1716 3274 1713 3274 1722 3275 1715 3275 1721 3275 1723 3276 1711 3276 1724 3276 1724 3277 1711 3277 1707 3277 1603 3278 1664 3278 1601 3278 1665 3279 1664 3279 1603 3279 1601 3280 1668 3280 1605 3280 1664 3281 1668 3281 1601 3281 1605 3282 1669 3282 1607 3282 1668 3283 1669 3283 1605 3283 1607 3284 1670 3284 1608 3284 1669 3285 1670 3285 1607 3285 1608 3286 1671 3286 1609 3286 1670 3287 1671 3287 1608 3287 1671 3288 1613 3288 1609 3288 1671 3289 1675 3289 1613 3289 1613 3290 1676 3290 1614 3290 1675 3291 1676 3291 1613 3291 1614 3292 1677 3292 1615 3292 1676 3293 1677 3293 1614 3293 1615 3294 1674 3294 1612 3294 1677 3295 1674 3295 1615 3295 1612 3296 1673 3296 1610 3296 1674 3297 1673 3297 1612 3297 1610 3298 1678 3298 1616 3298 1673 3299 1678 3299 1610 3299 1616 3300 1680 3300 1618 3300 1678 3301 1680 3301 1616 3301 1618 3302 1681 3302 1619 3302 1680 3303 1681 3303 1618 3303 1619 3304 1693 3304 1631 3304 1681 3305 1693 3305 1619 3305 1631 3306 1701 3306 1639 3306 1693 3307 1701 3307 1631 3307 1639 3308 1700 3308 1638 3308 1701 3309 1700 3309 1639 3309 1638 3310 1702 3310 1640 3310 1700 3311 1702 3311 1638 3311 1640 3312 1703 3312 1641 3312 1702 3313 1703 3313 1640 3313 1641 3314 1704 3314 1642 3314 1703 3315 1704 3315 1641 3315 1704 3316 1654 3316 1642 3316 1704 3317 1716 3317 1654 3317 1716 3318 1660 3318 1654 3318 1716 3319 1722 3319 1660 3319 1660 3320 1721 3320 1659 3320 1722 3321 1721 3321 1660 3321 1659 3322 1720 3322 1658 3322 1721 3323 1720 3323 1659 3323 1658 3324 1719 3324 1657 3324 1720 3325 1719 3325 1658 3325 1657 3326 1718 3326 1656 3326 1719 3327 1718 3327 1657 3327 1656 3328 1717 3328 1655 3328 1718 3329 1717 3329 1656 3329 1655 3330 1712 3330 1650 3330 1717 3331 1712 3331 1655 3331 1649 3332 1650 3332 1711 3332 1711 3333 1650 3333 1712 3333 1661 3334 1649 3334 1723 3334 1723 3335 1649 3335 1711 3335 1662 3336 1661 3336 1724 3336 1724 3337 1661 3337 1723 3337 1645 3338 1662 3338 1707 3338 1707 3339 1662 3339 1724 3339 1645 3340 1706 3340 1643 3340 1707 3341 1706 3341 1645 3341 1643 3342 1708 3342 1646 3342 1706 3343 1708 3343 1643 3343 1646 3344 1709 3344 1647 3344 1708 3345 1709 3345 1646 3345 1647 3346 1710 3346 1648 3346 1709 3347 1710 3347 1647 3347 1648 3348 1715 3348 1653 3348 1710 3349 1715 3349 1648 3349 1715 3350 1651 3350 1653 3350 1715 3351 1713 3351 1651 3351 1651 3352 1699 3352 1637 3352 1713 3353 1699 3353 1651 3353 1637 3354 1698 3354 1636 3354 1699 3355 1698 3355 1637 3355 1636 3356 1697 3356 1635 3356 1698 3357 1697 3357 1636 3357 1635 3358 1694 3358 1632 3358 1697 3359 1694 3359 1635 3359 1632 3360 1692 3360 1630 3360 1694 3361 1692 3361 1632 3361 1630 3362 1672 3362 1611 3362 1692 3363 1672 3363 1630 3363 1611 3364 1667 3364 1606 3364 1672 3365 1667 3365 1611 3365 1604 3366 1606 3366 1666 3366 1666 3367 1606 3367 1667 3367 1604 3368 1663 3368 1602 3368 1666 3369 1663 3369 1604 3369 1602 3370 1682 3370 1621 3370 1663 3371 1682 3371 1602 3371 1625 3372 1621 3372 1687 3372 1687 3373 1621 3373 1682 3373 1625 3374 1689 3374 1626 3374 1687 3375 1689 3375 1625 3375 1626 3376 1688 3376 1627 3376 1689 3377 1688 3377 1626 3377 1627 3378 1690 3378 1628 3378 1688 3379 1690 3379 1627 3379 1628 3380 1691 3380 1629 3380 1690 3381 1691 3381 1628 3381 1629 3382 1695 3382 1633 3382 1691 3383 1695 3383 1629 3383 1633 3384 1696 3384 1634 3384 1695 3385 1696 3385 1633 3385 1634 3386 1696 3386 1624 3386 1624 3387 1696 3387 1686 3387 1624 3388 1685 3388 1623 3388 1686 3389 1685 3389 1624 3389 1623 3390 1684 3390 1622 3390 1685 3391 1684 3391 1623 3391 1622 3392 1683 3392 1620 3392 1684 3393 1683 3393 1622 3393 1620 3394 1679 3394 1617 3394 1683 3395 1679 3395 1620 3395 1617 3396 1665 3396 1603 3396 1679 3397 1665 3397 1617 3397</p>
        </triangles>
      </mesh>
    </geometry>
  </library_geometries>
  <library_materials>
    <material id="mat_SOT_23_3_L2_9_W1_3_P1_90_LS2_4_BR_SOT_23_3P_L2_9_W1_3_H1_0_LS2_4_P0_95_HwOR003_shape002" name="SOT_23_3_L2_9_W1_3_P1_90_LS2_4_BR_SOT_23_3P_L2_9_W1_3_H1_0_LS2_4_P0_95_HwOR003_shape002">
      <instance_effect url="#effect_SOT_23_3_L2_9_W1_3_P1_90_LS2_4_BR_SOT_23_3P_L2_9_W1_3_H1_0_LS2_4_P0_95_HwOR003_shape002"/>
    </material>
  </library_materials>
  <library_visual_scenes>
    <visual_scene id="myscene">
      <node id="node0" name="node0">
        <instance_geometry url="#geometry0">
          <bind_material>
            <technique_common>
              <instance_material symbol="ref_SOT_23_3_L2_9_W1_3_P1_90_LS2_4_BR_SOT_23_3P_L2_9_W1_3_H1_0_LS2_4_P0_95_HwOR003_shape002" target="#mat_SOT_23_3_L2_9_W1_3_P1_90_LS2_4_BR_SOT_23_3P_L2_9_W1_3_H1_0_LS2_4_P0_95_HwOR003_shape002"/>
            </technique_common>
          </bind_material>
        </instance_geometry>
      </node>
    </visual_scene>
  </library_visual_scenes>
  <scene>
    <instance_visual_scene url="#myscene"/>
  </scene>
</COLLADA>
