<COLLADA xmlns="http://www.collada.org/2005/11/COLLADASchema" version="1.4.1">
  <asset>
    <contributor/>
    <created>2026-09-17T08:47:02.219799</created>
    <modified>2026-09-17T08:47:02.219799</modified>
    <unit name="meter" meter="1.0"/>
    <up_axis>Z_UP</up_axis>
  </asset>
  <library_effects>
    <effect id="effect_Standoffs001_shape001" name="effect_Standoffs001_shape001">
      <profile_COMMON>
        <technique sid="common">
          <phong>
            <emission>
              <color>0.0 0.0 0.0 1.0</color>
            </emission>
            <ambient>
              <color>0.0 0.0 0.0 1.0</color>
            </ambient>
            <diffuse>
              <color>0.67843097448349 0.7098039984703064 0.7411760091781616 1.0</color>
            </diffuse>
            <specular>
              <color>1 1 1 1.0</color>
            </specular>
            <shininess>
              <float>0.0</float>
            </shininess>
            <reflective>
              <color>0.0 0.0 0.0 1.0</color>
            </reflective>
            <reflectivity>
              <float>0.0</float>
            </reflectivity>
            <transparent>
              <color>0.0 0.0 0.0 1.0</color>
            </transparent>
            <transparency>
              <float>1.0</float>
            </transparency>
          </phong>
        </technique>
        <extra>
          <technique profile="GOOGLEEARTH">
            <double_sided>0</double_sided>
          </technique>
        </extra>
      </profile_COMMON>
    </effect>
  </library_effects>
  <library_geometries>
    <geometry id="geometry0" name="Standoffs001_shape001">
      <mesh>
        <source id="cubeverts-array0">
          <float_array count="3024" id="cubeverts-array0-array">0.04895821 0.0458124 0.0885 0.04896194 0.04596194 0.0885 0.04896194 0.04596194 0.1385 0.04895821 0.0458124 0.1385 0.04894703 0.04566324 0.1385 0.04894703 0.04566324 0.0885 0.04892843 0.04551481 0.0885 0.04892843 0.04551481 0.1385 0.04890246 0.0453675 0.0885 0.04890246 0.0453675 0.1385 0.04886917 0.04522167 0.1385 0.04886917 0.04522167 0.0885 0.04882866 0.04507767 0.1385 0.04882866 0.04507767 0.0885 0.04878102 0.04493588 0.1385 0.04878102 0.04493588 0.0885 0.04872637 0.04479663 0.0885 0.04872637 0.04479663 0.1385 0.04866485 0.04466029 0.0885 0.04866485 0.04466029 0.1385 0.04859661 0.04452718 0.0885 0.04859661 0.04452718 0.1385 0.04852181 0.04439764 0.0885 0.04852181 0.04439764 0.1385 0.04844066 0.04427198 0.0885 0.04844066 0.04427198 0.1385 0.04835334 0.04415053 0.1385 0.04835334 0.04415053 0.0885 0.04826007 0.04403358 0.0885 0.04826007 0.04403358 0.1385 0.04816109 0.04392142 0.1385 0.04816109 0.04392142 0.0885 0.04805665 0.04381434 0.0885 0.04805665 0.04381434 0.1385 0.047947 0.0437126 0.0885 0.047947 0.0437126 0.1385 0.04783241 0.04361645 0.0885 0.04783241 0.04361645 0.1385 0.04771317 0.04352613 0.1385 0.04771317 0.04352613 0.0885 0.04758958 0.04344186 0.0885 0.04758958 0.04344186 0.1385 0.04746194 0.04336386 0.0885 0.04746194 0.04336386 0.1385 0.04733057 0.04329232 0.1385 0.04733057 0.04329232 0.0885 0.0471958 0.04322742 0.0885 0.0471958 0.04322742 0.1385 0.04705796 0.04316932 0.0885 0.04705796 0.04316932 0.1385 0.0469174 0.04311816 0.1385 0.0469174 0.04311816 0.0885 0.04677446 0.04307407 0.1385 0.04677446 0.04307407 0.0885 0.04662951 0.04303716 0.1385 0.04662951 0.04303716 0.0885 0.04648288 0.04300752 0.0885 0.04648288 0.04300752 0.1385 0.04633497 0.04298522 0.0885 0.04633497 0.04298522 0.1385 0.04618613 0.04297033 0.0885 0.04618613 0.04297033 0.1385 0.04603673 0.04296287 0.1385 0.04603673 0.04296287 0.0885 0.04588715 0.04296287 0.0885 0.04588715 0.04296287 0.1385 0.04573775 0.04297033 0.0885 0.04573775 0.04297033 0.1385 0.04558891 0.04298522 0.0885 0.04558891 0.04298522 0.1385 0.045441 0.04300752 0.1385 0.045441 0.04300752 0.0885 0.04529438 0.04303716 0.0885 0.04529438 0.04303716 0.1385 0.04514942 0.04307407 0.0885 0.04514942 0.04307407 0.1385 0.04500648 0.04311816 0.0885 0.04500648 0.04311816 0.1385 0.04486592 0.04316932 0.0885 0.04486592 0.04316932 0.1385 0.04472808 0.04322742 0.1385 0.04472808 0.04322742 0.0885 0.04459331 0.04329232 0.0885 0.04459331 0.04329232 0.1385 0.04446194 0.04336386 0.0885 0.04446194 0.04336386 0.1385 0.0443343 0.04344186 0.0885 0.0443343 0.04344186 0.1385 0.04421071 0.04352613 0.1385 0.04421071 0.04352613 0.0885 0.04409147 0.04361645 0.0885 0.04409147 0.04361645 0.1385 0.04397688 0.0437126 0.0885 0.04397688 0.0437126 0.1385 0.04386723 0.04381434 0.0885 0.04386723 0.04381434 0.1385 0.04376279 0.04392142 0.0885 0.04376279 0.04392142 0.1385 0.04366381 0.04403358 0.0885 0.04366381 0.04403358 0.1385 0.04357054 0.04415053 0.0885 0.04357054 0.04415053 0.1385 0.04348322 0.04427198 0.0885 0.04348322 0.04427198 0.1385 0.04340207 0.04439764 0.0885 0.04340207 0.04439764 0.1385 0.04332727 0.04452718 0.0885 0.04332727 0.04452718 0.1385 0.04325903 0.04466029 0.0885 0.04325903 0.04466029 0.1385 0.04319751 0.04479663 0.0885 0.04319751 0.04479663 0.1385 0.04314286 0.04493588 0.0885 0.04314286 0.04493588 0.1385 0.04309522 0.04507767 0.0885 0.04309522 0.04507767 0.1385 0.04305471 0.04522167 0.1385 0.04305471 0.04522167 0.0885 0.04302142 0.0453675 0.0885 0.04302142 0.0453675 0.1385 0.04299545 0.04551481 0.0885 0.04299545 0.04551481 0.1385 0.04297685 0.04566324 0.1385 0.04297685 0.04566324 0.0885 0.04296567 0.0458124 0.0885 0.04296567 0.0458124 0.1385 0.04296194 0.04596194 0.0885 0.04296194 0.04596194 0.1385 0.04296567 0.04611148 0.0885 0.04296567 0.04611148 0.1385 0.04297685 0.04626064 0.1385 0.04297685 0.04626064 0.0885 0.04299545 0.04640907 0.0885 0.04299545 0.04640907 0.1385 0.04302142 0.04655638 0.0885 0.04302142 0.04655638 0.1385 0.04305471 0.04670221 0.0885 0.04305471 0.04670221 0.1385 0.04309522 0.04684621 0.0885 0.04309522 0.04684621 0.1385 0.04314286 0.046988 0.0885 0.04314286 0.046988 0.1385 0.04319751 0.04712725 0.0885 0.04319751 0.04712725 0.1385 0.04325903 0.04726359 0.0885 0.04325903 0.04726359 0.1385 0.04332727 0.0473967 0.0885 0.04332727 0.0473967 0.1385 0.04340207 0.04752625 0.0885 0.04340207 0.04752625 0.1385 0.04348322 0.0476519 0.1385 0.04348322 0.0476519 0.0885 0.04357054 0.04777335 0.0885 0.04357054 0.04777335 0.1385 0.04366381 0.0478903 0.0885 0.04366381 0.0478903 0.1385 0.04376279 0.04800246 0.0885 0.04376279 0.04800246 0.1385 0.04386723 0.04810954 0.0885 0.04386723 0.04810954 0.1385 0.04397688 0.04821128 0.0885 0.04397688 0.04821128 0.1385 0.04409147 0.04830743 0.0885 0.04409147 0.04830743 0.1385 0.04421071 0.04839775 0.0885 0.04421071 0.04839775 0.1385 0.0443343 0.04848202 0.0885 0.0443343 0.04848202 0.1385 0.04446194 0.04856002 0.0885 0.04446194 0.04856002 0.1385 0.04459331 0.04863156 0.0885 0.04459331 0.04863156 0.1385 0.04472808 0.04869646 0.1385 0.04472808 0.04869646 0.0885 0.04486592 0.04875456 0.0885 0.04486592 0.04875456 0.1385 0.04500648 0.04880572 0.0885 0.04500648 0.04880572 0.1385 0.04514942 0.04884982 0.0885 0.04514942 0.04884982 0.1385 0.04529438 0.04888673 0.0885 0.04529438 0.04888673 0.1385 0.045441 0.04891636 0.0885 0.045441 0.04891636 0.1385 0.04558891 0.04893866 0.0885 0.04558891 0.04893866 0.1385 0.04573775 0.04895355 0.0885 0.04573775 0.04895355 0.1385 0.04588715 0.04896101 0.0885 0.04588715 0.04896101 0.1385 0.04603673 0.04896101 0.0885 0.04603673 0.04896101 0.1385 0.04618613 0.04895355 0.0885 0.04618613 0.04895355 0.1385 0.04633497 0.04893866 0.0885 0.04633497 0.04893866 0.1385 0.04648288 0.04891636 0.0885 0.04648288 0.04891636 0.1385 0.04662951 0.04888673 0.0885 0.04662951 0.04888673 0.1385 0.04677446 0.04884982 0.0885 0.04677446 0.04884982 0.1385 0.0469174 0.04880572 0.0885 0.0469174 0.04880572 0.1385 0.04705796 0.04875456 0.0885 0.04705796 0.04875456 0.1385 0.0471958 0.04869646 0.0885 0.0471958 0.04869646 0.1385 0.04733057 0.04863156 0.0885 0.04733057 0.04863156 0.1385 0.04746194 0.04856002 0.0885 0.04746194 0.04856002 0.1385 0.04758958 0.04848202 0.1385 0.04758958 0.04848202 0.0885 0.04771317 0.04839775 0.0885 0.04771317 0.04839775 0.1385 0.04783241 0.04830743 0.0885 0.04783241 0.04830743 0.1385 0.047947 0.04821128 0.1385 0.047947 0.04821128 0.0885 0.04805665 0.04810954 0.0885 0.04805665 0.04810954 0.1385 0.04816109 0.04800246 0.1385 0.04816109 0.04800246 0.0885 0.04826007 0.0478903 0.0885 0.04826007 0.0478903 0.1385 0.04835334 0.04777335 0.0885 0.04835334 0.04777335 0.1385 0.04844066 0.0476519 0.0885 0.04844066 0.0476519 0.1385 0.04852181 0.04752625 0.0885 0.04852181 0.04752625 0.1385 0.04859661 0.0473967 0.0885 0.04859661 0.0473967 0.1385 0.04866485 0.04726359 0.0885 0.04866485 0.04726359 0.1385 0.04872637 0.04712725 0.0885 0.04872637 0.04712725 0.1385 0.04878102 0.046988 0.0885 0.04878102 0.046988 0.1385 0.04882866 0.04684621 0.0885 0.04882866 0.04684621 0.1385 0.04886917 0.04670221 0.0885 0.04886917 0.04670221 0.1385 0.04890246 0.04655638 0.1385 0.04890246 0.04655638 0.0885 0.04892843 0.04640907 0.0885 0.04892843 0.04640907 0.1385 0.04894703 0.04626064 0.0885 0.04894703 0.04626064 0.1385 0.04895821 0.04611148 0.0885 0.04895821 0.04611148 0.1385 0.04895821 -0.04611148 0.0885 0.04896194 -0.04596194 0.0885 0.04896194 -0.04596194 0.1385 0.04895821 -0.04611148 0.1385 0.04894703 -0.04626064 0.1385 0.04894703 -0.04626064 0.0885 0.04892843 -0.04640907 0.0885 0.04892843 -0.04640907 0.1385 0.04890246 -0.04655638 0.0885 0.04890246 -0.04655638 0.1385 0.04886917 -0.04670221 0.1385 0.04886917 -0.04670221 0.0885 0.04882866 -0.04684621 0.1385 0.04882866 -0.04684621 0.0885 0.04878102 -0.046988 0.1385 0.04878102 -0.046988 0.0885 0.04872637 -0.04712725 0.0885 0.04872637 -0.04712725 0.1385 0.04866485 -0.04726359 0.0885 0.04866485 -0.04726359 0.1385 0.04859661 -0.0473967 0.0885 0.04859661 -0.0473967 0.1385 0.04852181 -0.04752625 0.0885 0.04852181 -0.04752625 0.1385 0.04844066 -0.0476519 0.0885 0.04844066 -0.0476519 0.1385 0.04835334 -0.04777335 0.1385 0.04835334 -0.04777335 0.0885 0.04826007 -0.0478903 0.0885 0.04826007 -0.0478903 0.1385 0.04816109 -0.04800246 0.1385 0.04816109 -0.04800246 0.0885 0.04805665 -0.04810954 0.0885 0.04805665 -0.04810954 0.1385 0.047947 -0.04821128 0.0885 0.047947 -0.04821128 0.1385 0.04783241 -0.04830743 0.0885 0.04783241 -0.04830743 0.1385 0.04771317 -0.04839775 0.1385 0.04771317 -0.04839775 0.0885 0.04758958 -0.04848202 0.0885 0.04758958 -0.04848202 0.1385 0.04746194 -0.04856002 0.0885 0.04746194 -0.04856002 0.1385 0.04733057 -0.04863156 0.1385 0.04733057 -0.04863156 0.0885 0.0471958 -0.04869646 0.0885 0.0471958 -0.04869646 0.1385 0.04705796 -0.04875456 0.0885 0.04705796 -0.04875456 0.1385 0.0469174 -0.04880572 0.1385 0.0469174 -0.04880572 0.0885 0.04677446 -0.04884982 0.1385 0.04677446 -0.04884982 0.0885 0.04662951 -0.04888673 0.1385 0.04662951 -0.04888673 0.0885 0.04648288 -0.04891636 0.0885 0.04648288 -0.04891636 0.1385 0.04633497 -0.04893866 0.0885 0.04633497 -0.04893866 0.1385 0.04618613 -0.04895355 0.0885 0.04618613 -0.04895355 0.1385 0.04603673 -0.04896101 0.1385 0.04603673 -0.04896101 0.0885 0.04588715 -0.04896101 0.0885 0.04588715 -0.04896101 0.1385 0.04573775 -0.04895355 0.0885 0.04573775 -0.04895355 0.1385 0.04558891 -0.04893866 0.0885 0.04558891 -0.04893866 0.1385 0.045441 -0.04891636 0.1385 0.045441 -0.04891636 0.0885 0.04529438 -0.04888673 0.0885 0.04529438 -0.04888673 0.1385 0.04514942 -0.04884982 0.0885 0.04514942 -0.04884982 0.1385 0.04500648 -0.04880572 0.0885 0.04500648 -0.04880572 0.1385 0.04486592 -0.04875456 0.0885 0.04486592 -0.04875456 0.1385 0.04472808 -0.04869646 0.1385 0.04472808 -0.04869646 0.0885 0.04459331 -0.04863156 0.0885 0.04459331 -0.04863156 0.1385 0.04446194 -0.04856002 0.0885 0.04446194 -0.04856002 0.1385 0.0443343 -0.04848202 0.0885 0.0443343 -0.04848202 0.1385 0.04421071 -0.04839775 0.1385 0.04421071 -0.04839775 0.0885 0.04409147 -0.04830743 0.0885 0.04409147 -0.04830743 0.1385 0.04397688 -0.04821128 0.0885 0.04397688 -0.04821128 0.1385 0.04386723 -0.04810954 0.0885 0.04386723 -0.04810954 0.1385 0.04376279 -0.04800246 0.0885 0.04376279 -0.04800246 0.1385 0.04366381 -0.0478903 0.0885 0.04366381 -0.0478903 0.1385 0.04357054 -0.04777335 0.0885 0.04357054 -0.04777335 0.1385 0.04348322 -0.0476519 0.0885 0.04348322 -0.0476519 0.1385 0.04340207 -0.04752625 0.0885 0.04340207 -0.04752625 0.1385 0.04332727 -0.0473967 0.0885 0.04332727 -0.0473967 0.1385 0.04325903 -0.04726359 0.0885 0.04325903 -0.04726359 0.1385 0.04319751 -0.04712725 0.0885 0.04319751 -0.04712725 0.1385 0.04314286 -0.046988 0.0885 0.04314286 -0.046988 0.1385 0.04309522 -0.04684621 0.0885 0.04309522 -0.04684621 0.1385 0.04305471 -0.04670221 0.1385 0.04305471 -0.04670221 0.0885 0.04302142 -0.04655638 0.0885 0.04302142 -0.04655638 0.1385 0.04299545 -0.04640907 0.0885 0.04299545 -0.04640907 0.1385 0.04297685 -0.04626064 0.1385 0.04297685 -0.04626064 0.0885 0.04296567 -0.04611148 0.0885 0.04296567 -0.04611148 0.1385 0.04296194 -0.04596194 0.0885 0.04296194 -0.04596194 0.1385 0.04296567 -0.0458124 0.0885 0.04296567 -0.0458124 0.1385 0.04297685 -0.04566324 0.1385 0.04297685 -0.04566324 0.0885 0.04299545 -0.04551481 0.0885 0.04299545 -0.04551481 0.1385 0.04302142 -0.0453675 0.0885 0.04302142 -0.0453675 0.1385 0.04305471 -0.04522167 0.0885 0.04305471 -0.04522167 0.1385 0.04309522 -0.04507767 0.0885 0.04309522 -0.04507767 0.1385 0.04314286 -0.04493588 0.0885 0.04314286 -0.04493588 0.1385 0.04319751 -0.04479663 0.0885 0.04319751 -0.04479663 0.1385 0.04325903 -0.04466029 0.0885 0.04325903 -0.04466029 0.1385 0.04332727 -0.04452718 0.0885 0.04332727 -0.04452718 0.1385 0.04340207 -0.04439764 0.0885 0.04340207 -0.04439764 0.1385 0.04348322 -0.04427198 0.1385 0.04348322 -0.04427198 0.0885 0.04357054 -0.04415053 0.0885 0.04357054 -0.04415053 0.1385 0.04366381 -0.04403358 0.0885 0.04366381 -0.04403358 0.1385 0.04376279 -0.04392142 0.0885 0.04376279 -0.04392142 0.1385 0.04386723 -0.04381434 0.0885 0.04386723 -0.04381434 0.1385 0.04397688 -0.0437126 0.0885 0.04397688 -0.0437126 0.1385 0.04409147 -0.04361645 0.0885 0.04409147 -0.04361645 0.1385 0.04421071 -0.04352613 0.0885 0.04421071 -0.04352613 0.1385 0.0443343 -0.04344186 0.0885 0.0443343 -0.04344186 0.1385 0.04446194 -0.04336386 0.0885 0.04446194 -0.04336386 0.1385 0.04459331 -0.04329232 0.0885 0.04459331 -0.04329232 0.1385 0.04472808 -0.04322742 0.1385 0.04472808 -0.04322742 0.0885 0.04486592 -0.04316932 0.0885 0.04486592 -0.04316932 0.1385 0.04500648 -0.04311816 0.0885 0.04500648 -0.04311816 0.1385 0.04514942 -0.04307407 0.0885 0.04514942 -0.04307407 0.1385 0.04529438 -0.04303716 0.0885 0.04529438 -0.04303716 0.1385 0.045441 -0.04300752 0.0885 0.045441 -0.04300752 0.1385 0.04558891 -0.04298522 0.0885 0.04558891 -0.04298522 0.1385 0.04573775 -0.04297033 0.0885 0.04573775 -0.04297033 0.1385 0.04588715 -0.04296287 0.0885 0.04588715 -0.04296287 0.1385 0.04603673 -0.04296287 0.0885 0.04603673 -0.04296287 0.1385 0.04618613 -0.04297033 0.0885 0.04618613 -0.04297033 0.1385 0.04633497 -0.04298522 0.0885 0.04633497 -0.04298522 0.1385 0.04648288 -0.04300752 0.0885 0.04648288 -0.04300752 0.1385 0.04662951 -0.04303716 0.0885 0.04662951 -0.04303716 0.1385 0.04677446 -0.04307407 0.0885 0.04677446 -0.04307407 0.1385 0.0469174 -0.04311816 0.0885 0.0469174 -0.04311816 0.1385 0.04705796 -0.04316932 0.0885 0.04705796 -0.04316932 0.1385 0.0471958 -0.04322742 0.0885 0.0471958 -0.04322742 0.1385 0.04733057 -0.04329232 0.0885 0.04733057 -0.04329232 0.1385 0.04746194 -0.04336386 0.0885 0.04746194 -0.04336386 0.1385 0.04758958 -0.04344186 0.1385 0.04758958 -0.04344186 0.0885 0.04771317 -0.04352613 0.0885 0.04771317 -0.04352613 0.1385 0.04783241 -0.04361645 0.0885 0.04783241 -0.04361645 0.1385 0.047947 -0.0437126 0.1385 0.047947 -0.0437126 0.0885 0.04805665 -0.04381434 0.0885 0.04805665 -0.04381434 0.1385 0.04816109 -0.04392142 0.1385 0.04816109 -0.04392142 0.0885 0.04826007 -0.04403358 0.0885 0.04826007 -0.04403358 0.1385 0.04835334 -0.04415053 0.0885 0.04835334 -0.04415053 0.1385 0.04844066 -0.04427198 0.0885 0.04844066 -0.04427198 0.1385 0.04852181 -0.04439764 0.0885 0.04852181 -0.04439764 0.1385 0.04859661 -0.04452718 0.0885 0.04859661 -0.04452718 0.1385 0.04866485 -0.04466029 0.0885 0.04866485 -0.04466029 0.1385 0.04872637 -0.04479663 0.0885 0.04872637 -0.04479663 0.1385 0.04878102 -0.04493588 0.0885 0.04878102 -0.04493588 0.1385 0.04882866 -0.04507767 0.0885 0.04882866 -0.04507767 0.1385 0.04886917 -0.04522167 0.0885 0.04886917 -0.04522167 0.1385 0.04890246 -0.0453675 0.1385 0.04890246 -0.0453675 0.0885 0.04892843 -0.04551481 0.0885 0.04892843 -0.04551481 0.1385 0.04894703 -0.04566324 0.0885 0.04894703 -0.04566324 0.1385 0.04895821 -0.0458124 0.0885 0.04895821 -0.0458124 0.1385 -0.04296567 -0.04611148 0.0885 -0.04296194 -0.04596194 0.0885 -0.04296194 -0.04596194 0.1385 -0.04296567 -0.04611148 0.1385 -0.04297685 -0.04626064 0.1385 -0.04297685 -0.04626064 0.0885 -0.04299545 -0.04640907 0.0885 -0.04299545 -0.04640907 0.1385 -0.04302142 -0.04655638 0.0885 -0.04302142 -0.04655638 0.1385 -0.04305471 -0.04670221 0.1385 -0.04305471 -0.04670221 0.0885 -0.04309522 -0.04684621 0.1385 -0.04309522 -0.04684621 0.0885 -0.04314286 -0.046988 0.1385 -0.04314286 -0.046988 0.0885 -0.04319751 -0.04712725 0.0885 -0.04319751 -0.04712725 0.1385 -0.04325903 -0.04726359 0.0885 -0.04325903 -0.04726359 0.1385 -0.04332727 -0.0473967 0.0885 -0.04332727 -0.0473967 0.1385 -0.04340207 -0.04752625 0.0885 -0.04340207 -0.04752625 0.1385 -0.04348322 -0.0476519 0.0885 -0.04348322 -0.0476519 0.1385 -0.04357054 -0.04777335 0.1385 -0.04357054 -0.04777335 0.0885 -0.04366381 -0.0478903 0.0885 -0.04366381 -0.0478903 0.1385 -0.04376279 -0.04800246 0.1385 -0.04376279 -0.04800246 0.0885 -0.04386723 -0.04810954 0.0885 -0.04386723 -0.04810954 0.1385 -0.04397688 -0.04821128 0.0885 -0.04397688 -0.04821128 0.1385 -0.04409147 -0.04830743 0.0885 -0.04409147 -0.04830743 0.1385 -0.04421071 -0.04839775 0.1385 -0.04421071 -0.04839775 0.0885 -0.0443343 -0.04848202 0.0885 -0.0443343 -0.04848202 0.1385 -0.04446194 -0.04856002 0.0885 -0.04446194 -0.04856002 0.1385 -0.04459331 -0.04863156 0.1385 -0.04459331 -0.04863156 0.0885 -0.04472808 -0.04869646 0.0885 -0.04472808 -0.04869646 0.1385 -0.04486592 -0.04875456 0.0885 -0.04486592 -0.04875456 0.1385 -0.04500648 -0.04880572 0.1385 -0.04500648 -0.04880572 0.0885 -0.04514942 -0.04884982 0.1385 -0.04514942 -0.04884982 0.0885 -0.04529438 -0.04888673 0.1385 -0.04529438 -0.04888673 0.0885 -0.045441 -0.04891636 0.0885 -0.045441 -0.04891636 0.1385 -0.04558891 -0.04893866 0.0885 -0.04558891 -0.04893866 0.1385 -0.04573775 -0.04895355 0.0885 -0.04573775 -0.04895355 0.1385 -0.04588715 -0.04896101 0.1385 -0.04588715 -0.04896101 0.0885 -0.04603673 -0.04896101 0.0885 -0.04603673 -0.04896101 0.1385 -0.04618613 -0.04895355 0.0885 -0.04618613 -0.04895355 0.1385 -0.04633497 -0.04893866 0.0885 -0.04633497 -0.04893866 0.1385 -0.04648288 -0.04891636 0.1385 -0.04648288 -0.04891636 0.0885 -0.04662951 -0.04888673 0.0885 -0.04662951 -0.04888673 0.1385 -0.04677446 -0.04884982 0.0885 -0.04677446 -0.04884982 0.1385 -0.0469174 -0.04880572 0.0885 -0.0469174 -0.04880572 0.1385 -0.04705796 -0.04875456 0.0885 -0.04705796 -0.04875456 0.1385 -0.0471958 -0.04869646 0.1385 -0.0471958 -0.04869646 0.0885 -0.04733057 -0.04863156 0.0885 -0.04733057 -0.04863156 0.1385 -0.04746194 -0.04856002 0.0885 -0.04746194 -0.04856002 0.1385 -0.04758958 -0.04848202 0.0885 -0.04758958 -0.04848202 0.1385 -0.04771317 -0.04839775 0.1385 -0.04771317 -0.04839775 0.0885 -0.04783241 -0.04830743 0.0885 -0.04783241 -0.04830743 0.1385 -0.047947 -0.04821128 0.0885 -0.047947 -0.04821128 0.1385 -0.04805665 -0.04810954 0.0885 -0.04805665 -0.04810954 0.1385 -0.04816109 -0.04800246 0.0885 -0.04816109 -0.04800246 0.1385 -0.04826007 -0.0478903 0.0885 -0.04826007 -0.0478903 0.1385 -0.04835334 -0.04777335 0.0885 -0.04835334 -0.04777335 0.1385 -0.04844066 -0.0476519 0.0885 -0.04844066 -0.0476519 0.1385 -0.04852181 -0.04752625 0.0885 -0.04852181 -0.04752625 0.1385 -0.04859661 -0.0473967 0.0885 -0.04859661 -0.0473967 0.1385 -0.04866485 -0.04726359 0.0885 -0.04866485 -0.04726359 0.1385 -0.04872637 -0.04712725 0.0885 -0.04872637 -0.04712725 0.1385 -0.04878102 -0.046988 0.0885 -0.04878102 -0.046988 0.1385 -0.04882866 -0.04684621 0.0885 -0.04882866 -0.04684621 0.1385 -0.04886917 -0.04670221 0.1385 -0.04886917 -0.04670221 0.0885 -0.04890246 -0.04655638 0.0885 -0.04890246 -0.04655638 0.1385 -0.04892843 -0.04640907 0.0885 -0.04892843 -0.04640907 0.1385 -0.04894703 -0.04626064 0.1385 -0.04894703 -0.04626064 0.0885 -0.04895821 -0.04611148 0.0885 -0.04895821 -0.04611148 0.1385 -0.04896194 -0.04596194 0.0885 -0.04896194 -0.04596194 0.1385 -0.04895821 -0.0458124 0.0885 -0.04895821 -0.0458124 0.1385 -0.04894703 -0.04566324 0.1385 -0.04894703 -0.04566324 0.0885 -0.04892843 -0.04551481 0.0885 -0.04892843 -0.04551481 0.1385 -0.04890246 -0.0453675 0.0885 -0.04890246 -0.0453675 0.1385 -0.04886917 -0.04522167 0.0885 -0.04886917 -0.04522167 0.1385 -0.04882866 -0.04507767 0.0885 -0.04882866 -0.04507767 0.1385 -0.04878102 -0.04493588 0.0885 -0.04878102 -0.04493588 0.1385 -0.04872637 -0.04479663 0.0885 -0.04872637 -0.04479663 0.1385 -0.04866485 -0.04466029 0.0885 -0.04866485 -0.04466029 0.1385 -0.04859661 -0.04452718 0.0885 -0.04859661 -0.04452718 0.1385 -0.04852181 -0.04439764 0.0885 -0.04852181 -0.04439764 0.1385 -0.04844066 -0.04427198 0.1385 -0.04844066 -0.04427198 0.0885 -0.04835334 -0.04415053 0.0885 -0.04835334 -0.04415053 0.1385 -0.04826007 -0.04403358 0.0885 -0.04826007 -0.04403358 0.1385 -0.04816109 -0.04392142 0.0885 -0.04816109 -0.04392142 0.1385 -0.04805665 -0.04381434 0.0885 -0.04805665 -0.04381434 0.1385 -0.047947 -0.0437126 0.0885 -0.047947 -0.0437126 0.1385 -0.04783241 -0.04361645 0.0885 -0.04783241 -0.04361645 0.1385 -0.04771317 -0.04352613 0.0885 -0.04771317 -0.04352613 0.1385 -0.04758958 -0.04344186 0.0885 -0.04758958 -0.04344186 0.1385 -0.04746194 -0.04336386 0.0885 -0.04746194 -0.04336386 0.1385 -0.04733057 -0.04329232 0.0885 -0.04733057 -0.04329232 0.1385 -0.0471958 -0.04322742 0.1385 -0.0471958 -0.04322742 0.0885 -0.04705796 -0.04316932 0.0885 -0.04705796 -0.04316932 0.1385 -0.0469174 -0.04311816 0.0885 -0.0469174 -0.04311816 0.1385 -0.04677446 -0.04307407 0.0885 -0.04677446 -0.04307407 0.1385 -0.04662951 -0.04303716 0.0885 -0.04662951 -0.04303716 0.1385 -0.04648288 -0.04300752 0.0885 -0.04648288 -0.04300752 0.1385 -0.04633497 -0.04298522 0.0885 -0.04633497 -0.04298522 0.1385 -0.04618613 -0.04297033 0.0885 -0.04618613 -0.04297033 0.1385 -0.04603673 -0.04296287 0.0885 -0.04603673 -0.04296287 0.1385 -0.04588715 -0.04296287 0.0885 -0.04588715 -0.04296287 0.1385 -0.04573775 -0.04297033 0.0885 -0.04573775 -0.04297033 0.1385 -0.04558891 -0.04298522 0.0885 -0.04558891 -0.04298522 0.1385 -0.045441 -0.04300752 0.0885 -0.045441 -0.04300752 0.1385 -0.04529438 -0.04303716 0.0885 -0.04529438 -0.04303716 0.1385 -0.04514942 -0.04307407 0.0885 -0.04514942 -0.04307407 0.1385 -0.04500648 -0.04311816 0.0885 -0.04500648 -0.04311816 0.1385 -0.04486592 -0.04316932 0.0885 -0.04486592 -0.04316932 0.1385 -0.04472808 -0.04322742 0.0885 -0.04472808 -0.04322742 0.1385 -0.04459331 -0.04329232 0.0885 -0.04459331 -0.04329232 0.1385 -0.04446194 -0.04336386 0.0885 -0.04446194 -0.04336386 0.1385 -0.0443343 -0.04344186 0.1385 -0.0443343 -0.04344186 0.0885 -0.04421071 -0.04352613 0.0885 -0.04421071 -0.04352613 0.1385 -0.04409147 -0.04361645 0.0885 -0.04409147 -0.04361645 0.1385 -0.04397688 -0.0437126 0.1385 -0.04397688 -0.0437126 0.0885 -0.04386723 -0.04381434 0.0885 -0.04386723 -0.04381434 0.1385 -0.04376279 -0.04392142 0.1385 -0.04376279 -0.04392142 0.0885 -0.04366381 -0.04403358 0.0885 -0.04366381 -0.04403358 0.1385 -0.04357054 -0.04415053 0.0885 -0.04357054 -0.04415053 0.1385 -0.04348322 -0.04427198 0.0885 -0.04348322 -0.04427198 0.1385 -0.04340207 -0.04439764 0.0885 -0.04340207 -0.04439764 0.1385 -0.04332727 -0.04452718 0.0885 -0.04332727 -0.04452718 0.1385 -0.04325903 -0.04466029 0.0885 -0.04325903 -0.04466029 0.1385 -0.04319751 -0.04479663 0.0885 -0.04319751 -0.04479663 0.1385 -0.04314286 -0.04493588 0.0885 -0.04314286 -0.04493588 0.1385 -0.04309522 -0.04507767 0.0885 -0.04309522 -0.04507767 0.1385 -0.04305471 -0.04522167 0.0885 -0.04305471 -0.04522167 0.1385 -0.04302142 -0.0453675 0.1385 -0.04302142 -0.0453675 0.0885 -0.04299545 -0.04551481 0.0885 -0.04299545 -0.04551481 0.1385 -0.04297685 -0.04566324 0.0885 -0.04297685 -0.04566324 0.1385 -0.04296567 -0.0458124 0.0885 -0.04296567 -0.0458124 0.1385 -0.04296567 0.0458124 0.0885 -0.04296194 0.04596194 0.0885 -0.04296194 0.04596194 0.1385 -0.04296567 0.0458124 0.1385 -0.04297685 0.04566324 0.1385 -0.04297685 0.04566324 0.0885 -0.04299545 0.04551481 0.0885 -0.04299545 0.04551481 0.1385 -0.04302142 0.0453675 0.0885 -0.04302142 0.0453675 0.1385 -0.04305471 0.04522167 0.1385 -0.04305471 0.04522167 0.0885 -0.04309522 0.04507767 0.1385 -0.04309522 0.04507767 0.0885 -0.04314286 0.04493588 0.1385 -0.04314286 0.04493588 0.0885 -0.04319751 0.04479663 0.0885 -0.04319751 0.04479663 0.1385 -0.04325903 0.04466029 0.0885 -0.04325903 0.04466029 0.1385 -0.04332727 0.04452718 0.0885 -0.04332727 0.04452718 0.1385 -0.04340207 0.04439764 0.0885 -0.04340207 0.04439764 0.1385 -0.04348322 0.04427198 0.0885 -0.04348322 0.04427198 0.1385 -0.04357054 0.04415053 0.1385 -0.04357054 0.04415053 0.0885 -0.04366381 0.04403358 0.0885 -0.04366381 0.04403358 0.1385 -0.04376279 0.04392142 0.1385 -0.04376279 0.04392142 0.0885 -0.04386723 0.04381434 0.0885 -0.04386723 0.04381434 0.1385 -0.04397688 0.0437126 0.0885 -0.04397688 0.0437126 0.1385 -0.04409147 0.04361645 0.0885 -0.04409147 0.04361645 0.1385 -0.04421071 0.04352613 0.1385 -0.04421071 0.04352613 0.0885 -0.0443343 0.04344186 0.0885 -0.0443343 0.04344186 0.1385 -0.04446194 0.04336386 0.0885 -0.04446194 0.04336386 0.1385 -0.04459331 0.04329232 0.1385 -0.04459331 0.04329232 0.0885 -0.04472808 0.04322742 0.0885 -0.04472808 0.04322742 0.1385 -0.04486592 0.04316932 0.0885 -0.04486592 0.04316932 0.1385 -0.04500648 0.04311816 0.1385 -0.04500648 0.04311816 0.0885 -0.04514942 0.04307407 0.1385 -0.04514942 0.04307407 0.0885 -0.04529438 0.04303716 0.1385 -0.04529438 0.04303716 0.0885 -0.045441 0.04300752 0.0885 -0.045441 0.04300752 0.1385 -0.04558891 0.04298522 0.0885 -0.04558891 0.04298522 0.1385 -0.04573775 0.04297033 0.0885 -0.04573775 0.04297033 0.1385 -0.04588715 0.04296287 0.1385 -0.04588715 0.04296287 0.0885 -0.04603673 0.04296287 0.0885 -0.04603673 0.04296287 0.1385 -0.04618613 0.04297033 0.0885 -0.04618613 0.04297033 0.1385 -0.04633497 0.04298522 0.0885 -0.04633497 0.04298522 0.1385 -0.04648288 0.04300752 0.1385 -0.04648288 0.04300752 0.0885 -0.04662951 0.04303716 0.0885 -0.04662951 0.04303716 0.1385 -0.04677446 0.04307407 0.0885 -0.04677446 0.04307407 0.1385 -0.0469174 0.04311816 0.0885 -0.0469174 0.04311816 0.1385 -0.04705796 0.04316932 0.0885 -0.04705796 0.04316932 0.1385 -0.0471958 0.04322742 0.1385 -0.0471958 0.04322742 0.0885 -0.04733057 0.04329232 0.0885 -0.04733057 0.04329232 0.1385 -0.04746194 0.04336386 0.0885 -0.04746194 0.04336386 0.1385 -0.04758958 0.04344186 0.0885 -0.04758958 0.04344186 0.1385 -0.04771317 0.04352613 0.1385 -0.04771317 0.04352613 0.0885 -0.04783241 0.04361645 0.0885 -0.04783241 0.04361645 0.1385 -0.047947 0.0437126 0.0885 -0.047947 0.0437126 0.1385 -0.04805665 0.04381434 0.0885 -0.04805665 0.04381434 0.1385 -0.04816109 0.04392142 0.0885 -0.04816109 0.04392142 0.1385 -0.04826007 0.04403358 0.0885 -0.04826007 0.04403358 0.1385 -0.04835334 0.04415053 0.0885 -0.04835334 0.04415053 0.1385 -0.04844066 0.04427198 0.0885 -0.04844066 0.04427198 0.1385 -0.04852181 0.04439764 0.0885 -0.04852181 0.04439764 0.1385 -0.04859661 0.04452718 0.0885 -0.04859661 0.04452718 0.1385 -0.04866485 0.04466029 0.0885 -0.04866485 0.04466029 0.1385 -0.04872637 0.04479663 0.0885 -0.04872637 0.04479663 0.1385 -0.04878102 0.04493588 0.0885 -0.04878102 0.04493588 0.1385 -0.04882866 0.04507767 0.0885 -0.04882866 0.04507767 0.1385 -0.04886917 0.04522167 0.1385 -0.04886917 0.04522167 0.0885 -0.04890246 0.0453675 0.0885 -0.04890246 0.0453675 0.1385 -0.04892843 0.04551481 0.0885 -0.04892843 0.04551481 0.1385 -0.04894703 0.04566324 0.1385 -0.04894703 0.04566324 0.0885 -0.04895821 0.0458124 0.0885 -0.04895821 0.0458124 0.1385 -0.04896194 0.04596194 0.0885 -0.04896194 0.04596194 0.1385 -0.04895821 0.04611148 0.0885 -0.04895821 0.04611148 0.1385 -0.04894703 0.04626064 0.1385 -0.04894703 0.04626064 0.0885 -0.04892843 0.04640907 0.0885 -0.04892843 0.04640907 0.1385 -0.04890246 0.04655638 0.0885 -0.04890246 0.04655638 0.1385 -0.04886917 0.04670221 0.0885 -0.04886917 0.04670221 0.1385 -0.04882866 0.04684621 0.0885 -0.04882866 0.04684621 0.1385 -0.04878102 0.046988 0.0885 -0.04878102 0.046988 0.1385 -0.04872637 0.04712725 0.0885 -0.04872637 0.04712725 0.1385 -0.04866485 0.04726359 0.0885 -0.04866485 0.04726359 0.1385 -0.04859661 0.0473967 0.0885 -0.04859661 0.0473967 0.1385 -0.04852181 0.04752625 0.0885 -0.04852181 0.04752625 0.1385 -0.04844066 0.0476519 0.1385 -0.04844066 0.0476519 0.0885 -0.04835334 0.04777335 0.0885 -0.04835334 0.04777335 0.1385 -0.04826007 0.0478903 0.0885 -0.04826007 0.0478903 0.1385 -0.04816109 0.04800246 0.0885 -0.04816109 0.04800246 0.1385 -0.04805665 0.04810954 0.0885 -0.04805665 0.04810954 0.1385 -0.047947 0.04821128 0.0885 -0.047947 0.04821128 0.1385 -0.04783241 0.04830743 0.0885 -0.04783241 0.04830743 0.1385 -0.04771317 0.04839775 0.0885 -0.04771317 0.04839775 0.1385 -0.04758958 0.04848202 0.0885 -0.04758958 0.04848202 0.1385 -0.04746194 0.04856002 0.0885 -0.04746194 0.04856002 0.1385 -0.04733057 0.04863156 0.0885 -0.04733057 0.04863156 0.1385 -0.0471958 0.04869646 0.1385 -0.0471958 0.04869646 0.0885 -0.04705796 0.04875456 0.0885 -0.04705796 0.04875456 0.1385 -0.0469174 0.04880572 0.0885 -0.0469174 0.04880572 0.1385 -0.04677446 0.04884982 0.0885 -0.04677446 0.04884982 0.1385 -0.04662951 0.04888673 0.0885 -0.04662951 0.04888673 0.1385 -0.04648288 0.04891636 0.0885 -0.04648288 0.04891636 0.1385 -0.04633497 0.04893866 0.0885 -0.04633497 0.04893866 0.1385 -0.04618613 0.04895355 0.0885 -0.04618613 0.04895355 0.1385 -0.04603673 0.04896101 0.0885 -0.04603673 0.04896101 0.1385 -0.04588715 0.04896101 0.0885 -0.04588715 0.04896101 0.1385 -0.04573775 0.04895355 0.0885 -0.04573775 0.04895355 0.1385 -0.04558891 0.04893866 0.0885 -0.04558891 0.04893866 0.1385 -0.045441 0.04891636 0.0885 -0.045441 0.04891636 0.1385 -0.04529438 0.04888673 0.0885 -0.04529438 0.04888673 0.1385 -0.04514942 0.04884982 0.0885 -0.04514942 0.04884982 0.1385 -0.04500648 0.04880572 0.0885 -0.04500648 0.04880572 0.1385 -0.04486592 0.04875456 0.0885 -0.04486592 0.04875456 0.1385 -0.04472808 0.04869646 0.0885 -0.04472808 0.04869646 0.1385 -0.04459331 0.04863156 0.0885 -0.04459331 0.04863156 0.1385 -0.04446194 0.04856002 0.0885 -0.04446194 0.04856002 0.1385 -0.0443343 0.04848202 0.1385 -0.0443343 0.04848202 0.0885 -0.04421071 0.04839775 0.0885 -0.04421071 0.04839775 0.1385 -0.04409147 0.04830743 0.0885 -0.04409147 0.04830743 0.1385 -0.04397688 0.04821128 0.1385 -0.04397688 0.04821128 0.0885 -0.04386723 0.04810954 0.0885 -0.04386723 0.04810954 0.1385 -0.04376279 0.04800246 0.1385 -0.04376279 0.04800246 0.0885 -0.04366381 0.0478903 0.0885 -0.04366381 0.0478903 0.1385 -0.04357054 0.04777335 0.0885 -0.04357054 0.04777335 0.1385 -0.04348322 0.0476519 0.0885 -0.04348322 0.0476519 0.1385 -0.04340207 0.04752625 0.0885 -0.04340207 0.04752625 0.1385 -0.04332727 0.0473967 0.0885 -0.04332727 0.0473967 0.1385 -0.04325903 0.04726359 0.0885 -0.04325903 0.04726359 0.1385 -0.04319751 0.04712725 0.0885 -0.04319751 0.04712725 0.1385 -0.04314286 0.046988 0.0885 -0.04314286 0.046988 0.1385 -0.04309522 0.04684621 0.0885 -0.04309522 0.04684621 0.1385 -0.04305471 0.04670221 0.0885 -0.04305471 0.04670221 0.1385 -0.04302142 0.04655638 0.1385 -0.04302142 0.04655638 0.0885 -0.04299545 0.04640907 0.0885 -0.04299545 0.04640907 0.1385 -0.04297685 0.04626064 0.0885 -0.04297685 0.04626064 0.1385 -0.04296567 0.04611148 0.0885 -0.04296567 0.04611148 0.1385</float_array>
          <technique_common>
            <accessor count="1008" source="#cubeverts-array0-array" stride="3">
              <param type="float" name="X"/>
              <param type="float" name="Y"/>
              <param type="float" name="Z"/>
            </accessor>
          </technique_common>
        </source>
        <source id="cubenormals-array0">
          <float_array count="6000" id="cubenormals-array0-array">0.9996889 -0.02494122 0 0.9972045 -0.07472084 0 0.9996889 -0.02494122 0 0.9972045 -0.07472084 0 0.9922389 -0.1243454 0 0.9922389 -0.1243454 0 0.9749265 -0.222527 0 0.9848079 -0.1736471 0 0.9848079 -0.1736471 0 0.9626266 -0.270832 0 0.9749265 -0.222527 0 0.9479257 -0.3184914 0 0.9626266 -0.270832 0 0.9479257 -0.3184914 0 0.9308736 -0.3653415 0 0.9308736 -0.3653415 0 0.9115098 -0.4112785 0 0.9115098 -0.4112785 0 0.8898729 -0.4562084 0 0.8898729 -0.4562084 0 0.866017 -0.5000145 0 0.866017 -0.5000145 0 0.8400365 -0.5425299 0 0.8119376 -0.5837443 0 0.8400365 -0.5425299 0 0.8119376 -0.5837443 0 0.7818307 -0.6234908 0 0.7497754 -0.6616925 0 0.7818307 -0.6234908 0 0.7497754 -0.6616925 0 0.7158755 -0.6982279 0 0.7158755 -0.6982279 0 0.6801664 -0.7330577 0 0.6801664 -0.7330577 0 0.642777 -0.7660534 0 0.6038164 -0.7971234 0 0.642777 -0.7660534 0 0.6038164 -0.7971234 0 0.5633155 -0.8262419 0 0.5633155 -0.8262419 0 0.4782659 -0.878215 0 0.5214356 -0.8532906 0 0.5214356 -0.8532906 0 0.4782659 -0.878215 0 0.4338624 -0.9009791 0 0.4338624 -0.9009791 0 0.3420072 -0.9396974 0 0.3884491 -0.9214701 0 0.3884491 -0.9214701 0 0.2947793 -0.9555654 0 0.3420072 -0.9396974 0 0.2467577 -0.9690772 0 0.2947793 -0.9555654 0 0.2467577 -0.9690772 0 0.1981215 -0.9801775 0 0.1981215 -0.9801775 0 0.1490612 -0.9888279 0 0.1490612 -0.9888279 0 0.04985622 -0.9987564 0 0.09955926 -0.9950316 0 0.09955926 -0.9950316 0 0.04985622 -0.9987564 0 0 -1 0 0 -1 0 -0.04985622 -0.9987564 0 -0.04985622 -0.9987564 0 -0.1490612 -0.9888279 0 -0.09955926 -0.9950316 0 -0.09955926 -0.9950316 0 -0.1490612 -0.9888279 0 -0.1981215 -0.9801775 0 -0.1981215 -0.9801775 0 -0.2467577 -0.9690772 0 -0.2467577 -0.9690772 0 -0.2947793 -0.9555654 0 -0.2947793 -0.9555654 0 -0.3884491 -0.9214701 0 -0.3420072 -0.9396974 0 -0.3420072 -0.9396974 0 -0.3884491 -0.9214701 0 -0.4338624 -0.9009791 0 -0.4338624 -0.9009791 0 -0.4782659 -0.878215 0 -0.4782659 -0.878215 0 -0.5633155 -0.8262419 0 -0.5214356 -0.8532906 0 -0.5214356 -0.8532906 0 -0.5633155 -0.8262419 0 -0.6038164 -0.7971234 0 -0.6038164 -0.7971234 0 -0.642777 -0.7660534 0 -0.642777 -0.7660534 0 -0.6801664 -0.7330577 0 -0.6801664 -0.7330577 0 -0.7158755 -0.6982279 0 -0.7158755 -0.6982279 0 -0.7497754 -0.6616925 0 -0.7497754 -0.6616925 0 -0.7818307 -0.6234908 0 -0.7818307 -0.6234908 0 -0.8119376 -0.5837443 0 -0.8119376 -0.5837443 0 -0.8400365 -0.5425299 0 -0.8400365 -0.5425299 0 -0.866017 -0.5000145 0 -0.866017 -0.5000145 0 -0.8898729 -0.4562084 0 -0.8898729 -0.4562084 0 -0.9115098 -0.4112785 0 -0.9115098 -0.4112785 0 -0.9308736 -0.3653415 0 -0.9308736 -0.3653415 0 -0.9479257 -0.3184914 0 -0.9626266 -0.270832 0 -0.9479257 -0.3184914 0 -0.9626266 -0.270832 0 -0.9749265 -0.222527 0 -0.9749265 -0.222527 0 -0.9922389 -0.1243454 0 -0.9848079 -0.1736471 0 -0.9848079 -0.1736471 0 -0.9922389 -0.1243454 0 -0.9972045 -0.07472084 0 -0.9972045 -0.07472084 0 -0.9996889 -0.02494122 0 -0.9996889 -0.02494122 0 -0.9996889 0.02494122 0 -0.9972045 0.07472084 0 -0.9996889 0.02494122 0 -0.9972045 0.07472084 0 -0.9922389 0.1243454 0 -0.9922389 0.1243454 0 -0.9848079 0.1736471 0 -0.9848079 0.1736471 0 -0.9749265 0.222527 0 -0.9749265 0.222527 0 -0.9626266 0.270832 0 -0.9626266 0.270832 0 -0.9479257 0.3184914 0 -0.9479257 0.3184914 0 -0.9308736 0.3653415 0 -0.9308736 0.3653415 0 -0.9115098 0.4112785 0 -0.9115098 0.4112785 0 -0.8898729 0.4562084 0 -0.8898729 0.4562084 0 -0.866017 0.5000145 0 -0.8400365 0.5425299 0 -0.866017 0.5000145 0 -0.8400365 0.5425299 0 -0.8119376 0.5837443 0 -0.8119376 0.5837443 0 -0.7818307 0.6234908 0 -0.7818307 0.6234908 0 -0.7497754 0.6616925 0 -0.7497754 0.6616925 0 -0.7158755 0.6982279 0 -0.7158755 0.6982279 0 -0.6801664 0.7330577 0 -0.6801664 0.7330577 0 -0.642777 0.7660534 0 -0.642777 0.7660534 0 -0.6038164 0.7971234 0 -0.6038164 0.7971234 0 -0.5633155 0.8262419 0 -0.5633155 0.8262419 0 -0.5214356 0.8532906 0 -0.5214356 0.8532906 0 -0.4338624 0.9009791 0 -0.4782659 0.878215 0 -0.4782659 0.878215 0 -0.4338624 0.9009791 0 -0.3884491 0.9214701 0 -0.3884491 0.9214701 0 -0.3420072 0.9396974 0 -0.3420072 0.9396974 0 -0.2947793 0.9555654 0 -0.2947793 0.9555654 0 -0.2467577 0.9690772 0 -0.2467577 0.9690772 0 -0.1981215 0.9801775 0 -0.1981215 0.9801775 0 -0.1490612 0.9888279 0 -0.1490612 0.9888279 0 -0.09955926 0.9950316 0 -0.09955926 0.9950316 0 -0.04985622 0.9987564 0 -0.04985622 0.9987564 0 0 1 0 0 1 -0 0.04985622 0.9987564 0 0.04985622 0.9987564 -0 0.09955926 0.9950316 0 0.09955926 0.9950316 -0 0.1490612 0.9888279 0 0.1490612 0.9888279 -0 0.1981215 0.9801775 0 0.1981215 0.9801775 -0 0.2467577 0.9690772 -0 0.2467577 0.9690772 0 0.2947793 0.9555654 0 0.2947793 0.9555654 -0 0.3420072 0.9396974 -0 0.3420072 0.9396974 0 0.3884491 0.9214701 -0 0.3884491 0.9214701 0 0.4338624 0.9009791 -0 0.4338624 0.9009791 0 0.5214356 0.8532906 -0 0.4782659 0.878215 -0 0.4782659 0.878215 0 0.5214356 0.8532906 -0 0.5633155 0.8262419 -0 0.5633155 0.8262419 0 0.642777 0.7660534 -0 0.6038164 0.7971234 -0 0.6038164 0.7971234 0 0.642777 0.7660534 -0 0.7158755 0.6982279 -0 0.6801664 0.7330577 -0 0.6801664 0.7330577 0 0.7158755 0.6982279 -0 0.7497754 0.6616925 -0 0.7497754 0.6616925 0 0.7818307 0.6234908 0 0.7818307 0.6234908 -0 0.8119376 0.5837443 0 0.8119376 0.5837443 -0 0.8400365 0.5425299 0 0.8400365 0.5425299 -0 0.866017 0.5000145 0 0.866017 0.5000145 -0 0.8898729 0.4562084 0 0.8898729 0.4562084 -0 0.9115098 0.4112785 0 0.9115098 0.4112785 -0 0.9308736 0.3653415 0 0.9308736 0.3653415 -0 0.9479257 0.3184914 -0 0.9479257 0.3184914 0 0.9626266 0.270832 0 0.9749265 0.222527 -0 0.9626266 0.270832 -0 0.9749265 0.222527 -0 0.9848079 0.1736471 -0 0.9848079 0.1736471 0 0.9922389 0.1243454 -0 0.9922389 0.1243454 0 0.9972045 0.07472084 -0 0.9972045 0.07472084 0 0.9996889 0.02494122 -0 0.9996889 0.02494122 0 0 0 -1 0 0 -1 0 0 -1 0 0 -1 0 0 -1 0 0 -1 0 0 -1 0 0 -1 0 0 -1 0 0 -1 0 0 -1 0 0 -1 0 0 -1 0 0 -1 0 0 -1 0 0 -1 0 0 -1 0 0 -1 0 0 -1 0 0 -1 0 0 -1 0 0 -1 0 0 -1 0 0 -1 0 0 -1 0 0 -1 0 0 -1 0 0 -1 0 0 -1 0 -0 -1 0 0 -1 0 0 -1 0 -0 -1 0 -0 -1 0 -0 -1 0 -0 -1 0 0 -1 0 0 -1 0 0 -1 0 0 -1 0 0 -1 0 0 -1 0 0 -1 0 -0 -1 0 -0 -1 0 -0 -1 0 0 -1 0 0 -1 0 -0 -1 0 -0 -1 0 0 -1 0 0 -1 0 0 -1 0 0 -1 0 0 -1 0 -0 -1 0 0 -1 0 -0 -1 0 -0 -1 0 0 -1 0 0 -1 0 0 -1 0 -0 -1 0 -0 -1 0 -0 -1 0 0 -1 0 -0 -1 0 -0 -1 0 -0 -1 0 0 -1 0 0 -1 0 0 -1 0 0 -1 0 0 -1 0 0 -1 0 -0 -1 0 -0 -1 0 0 -1 0 0 -1 0 0 -1 0 0 -1 0 -0 -1 0 -0 -1 -0 -0 -1 0 0 -1 0 -0 -1 0 0 -1 0 0 -1 0 0 -1 0 0 -1 -0 -0 -1 -0 -0 -1 0 -0 -1 -0 -0 -1 -0 -0 -1 0 -0 -1 0 -0 -1 0 0 -1 0 0 -1 0 0 -1 0 0 -1 -0 -0 -1 -0 -0 -1 -0 -0 -1 0 -0 -1 0 0 -1 0 0 -1 0 0 -1 -0 -0 -1 -0 -0 -1 0 0 -1 0 0 -1 0 -0 -1 0 0 -1 0 0 -1 -0 -0 -1 -0 -0 -1 -0 -0 -1 -0 -0 -1 0 0 -1 0 -0 -1 0 0 -1 0 0 -1 0 0 -1 0 0 1 0 0 1 0 0 1 0 0 1 0 0 1 0 0 1 0 0 1 0 0 1 0 0 1 0 0 1 0 0 1 0 0 1 0 0 1 0 0 1 0 0 1 0 0 1 0 0 1 0 0 1 0 0 1 0 0 1 0 0 1 0 0 1 0 0 1 0 0 1 0 0 1 0 0 1 0 0 1 0 0 1 0 0 1 0 0 1 0 0 1 0 0 1 0 0 1 0 0 1 0 0 1 0 0 1 0 0 1 0 0 1 0 0 1 0 0 1 0 0 1 0 0 1 0 0 1 0 0 1 0 0 1 0 0 1 0 0 1 0 0 1 0 0 1 0 0 1 0 0 1 0 0 1 0 0 1 0 0 1 0 0 1 0 0 1 0 0 1 0 0 1 0 0 1 0 0 1 0 0 1 0 0 1 0 0 1 0 0 1 0 0 1 0 0 1 0 0 1 0 0 1 0 0 1 0 0 1 0 0 1 0 0 1 0 0 1 0 0 1 0 0 1 0 0 1 0 0 1 0 0 1 0 0 1 0 0 1 0 0 1 0 0 1 0 0 1 0 0 1 0 0 1 0 0 1 0 0 1 0 0 1 0 0 1 0 0 1 0 0 1 0 0 1 0 0 1 0 0 1 0 0 1 0 0 1 0 0 1 0 0 1 0 0 1 0 0 1 0 0 1 0 0 1 0 0 1 0 0 1 0 0 1 0 0 1 0 0 1 0 0 1 0 0 1 0 0 1 0 0 1 0 0 1 0 0 1 0 0 1 0 0 1 0 0 1 0 0 1 0 0 1 0 0 1 0 0 1 0 0 1 0 0 1 0 0 1 0 0 1 0.9996889 -0.02494122 0 0.9972045 -0.07472084 0 0.9996889 -0.02494122 0 0.9972045 -0.07472084 0 0.9922389 -0.1243454 0 0.9922389 -0.1243454 0 0.9749265 -0.222527 0 0.9848079 -0.1736471 0 0.9848079 -0.1736471 0 0.9626266 -0.270832 0 0.9749265 -0.222527 0 0.9479257 -0.3184914 0 0.9626266 -0.270832 0 0.9479257 -0.3184914 0 0.9308736 -0.3653415 0 0.9308736 -0.3653415 0 0.9115098 -0.4112785 0 0.9115098 -0.4112785 0 0.8898729 -0.4562084 0 0.8898729 -0.4562084 0 0.866017 -0.5000145 0 0.866017 -0.5000145 0 0.8400365 -0.5425299 0 0.8119376 -0.5837443 0 0.8400365 -0.5425299 0 0.8119376 -0.5837443 0 0.7818307 -0.6234908 0 0.7497754 -0.6616925 0 0.7818307 -0.6234908 0 0.7497754 -0.6616925 0 0.7158755 -0.6982279 0 0.7158755 -0.6982279 0 0.6801664 -0.7330577 0 0.6801664 -0.7330577 0 0.642777 -0.7660534 0 0.6038164 -0.7971234 0 0.642777 -0.7660534 0 0.6038164 -0.7971234 0 0.5633155 -0.8262419 0 0.5633155 -0.8262419 0 0.4782659 -0.878215 0 0.5214356 -0.8532906 0 0.5214356 -0.8532906 0 0.4782659 -0.878215 0 0.4338624 -0.9009791 0 0.4338624 -0.9009791 0 0.3420072 -0.9396974 0 0.3884491 -0.9214701 0 0.3884491 -0.9214701 0 0.2947793 -0.9555654 0 0.3420072 -0.9396974 0 0.2467577 -0.9690772 0 0.2947793 -0.9555654 0 0.2467577 -0.9690772 0 0.1981215 -0.9801775 0 0.1981215 -0.9801775 0 0.1490612 -0.9888279 0 0.1490612 -0.9888279 0 0.04985622 -0.9987564 0 0.09955926 -0.9950316 0 0.09955926 -0.9950316 0 0.04985622 -0.9987564 0 0 -1 0 0 -1 0 -0.04985622 -0.9987564 0 -0.04985622 -0.9987564 0 -0.1490612 -0.9888279 0 -0.09955926 -0.9950316 0 -0.09955926 -0.9950316 0 -0.1490612 -0.9888279 0 -0.1981215 -0.9801775 0 -0.1981215 -0.9801775 0 -0.2467577 -0.9690772 0 -0.2467577 -0.9690772 0 -0.2947793 -0.9555654 0 -0.2947793 -0.9555654 0 -0.3884491 -0.9214701 0 -0.3420072 -0.9396974 0 -0.3420072 -0.9396974 0 -0.3884491 -0.9214701 0 -0.4338624 -0.9009791 0 -0.4338624 -0.9009791 0 -0.4782659 -0.878215 0 -0.4782659 -0.878215 0 -0.5633155 -0.8262419 0 -0.5214356 -0.8532906 0 -0.5214356 -0.8532906 0 -0.5633155 -0.8262419 0 -0.6038164 -0.7971234 0 -0.6038164 -0.7971234 0 -0.642777 -0.7660534 0 -0.642777 -0.7660534 0 -0.6801664 -0.7330577 0 -0.6801664 -0.7330577 0 -0.7158755 -0.6982279 0 -0.7158755 -0.6982279 0 -0.7497754 -0.6616925 0 -0.7497754 -0.6616925 0 -0.7818307 -0.6234908 0 -0.7818307 -0.6234908 0 -0.8119376 -0.5837443 0 -0.8119376 -0.5837443 0 -0.8400365 -0.5425299 0 -0.8400365 -0.5425299 0 -0.866017 -0.5000145 0 -0.866017 -0.5000145 0 -0.8898729 -0.4562084 0 -0.8898729 -0.4562084 0 -0.9115098 -0.4112785 0 -0.9115098 -0.4112785 0 -0.9308736 -0.3653415 0 -0.9308736 -0.3653415 0 -0.9479257 -0.3184914 0 -0.9626266 -0.270832 0 -0.9479257 -0.3184914 0 -0.9626266 -0.270832 0 -0.9749265 -0.222527 0 -0.9749265 -0.222527 0 -0.9922389 -0.1243454 0 -0.9848079 -0.1736471 0 -0.9848079 -0.1736471 0 -0.9922389 -0.1243454 0 -0.9972045 -0.07472084 0 -0.9972045 -0.07472084 0 -0.9996889 -0.02494122 0 -0.9996889 -0.02494122 0 -0.9996889 0.02494122 0 -0.9972045 0.07472084 0 -0.9996889 0.02494122 0 -0.9972045 0.07472084 0 -0.9922389 0.1243454 0 -0.9922389 0.1243454 0 -0.9848079 0.1736471 0 -0.9848079 0.1736471 0 -0.9749265 0.222527 0 -0.9749265 0.222527 0 -0.9626266 0.270832 0 -0.9626266 0.270832 0 -0.9479257 0.3184914 0 -0.9479257 0.3184914 0 -0.9308736 0.3653415 0 -0.9308736 0.3653415 0 -0.9115098 0.4112785 0 -0.9115098 0.4112785 0 -0.8898729 0.4562084 0 -0.8898729 0.4562084 0 -0.866017 0.5000145 0 -0.8400365 0.5425299 0 -0.866017 0.5000145 0 -0.8400365 0.5425299 0 -0.8119376 0.5837443 0 -0.8119376 0.5837443 0 -0.7818307 0.6234908 0 -0.7818307 0.6234908 0 -0.7497754 0.6616925 0 -0.7497754 0.6616925 0 -0.7158755 0.6982279 0 -0.7158755 0.6982279 0 -0.6801664 0.7330577 0 -0.6801664 0.7330577 0 -0.642777 0.7660534 0 -0.642777 0.7660534 0 -0.6038164 0.7971234 0 -0.6038164 0.7971234 0 -0.5633155 0.8262419 0 -0.5633155 0.8262419 0 -0.5214356 0.8532906 0 -0.5214356 0.8532906 0 -0.4338624 0.9009791 0 -0.4782659 0.878215 0 -0.4782659 0.878215 0 -0.4338624 0.9009791 0 -0.3884491 0.9214701 0 -0.3884491 0.9214701 0 -0.3420072 0.9396974 0 -0.3420072 0.9396974 0 -0.2947793 0.9555654 0 -0.2947793 0.9555654 0 -0.2467577 0.9690772 0 -0.2467577 0.9690772 0 -0.1981215 0.9801775 0 -0.1981215 0.9801775 0 -0.1490612 0.9888279 0 -0.1490612 0.9888279 0 -0.09955926 0.9950316 0 -0.09955926 0.9950316 0 -0.04985622 0.9987564 0 -0.04985622 0.9987564 0 0 1 0 0 1 -0 0.04985622 0.9987564 0 0.04985622 0.9987564 -0 0.09955926 0.9950316 0 0.09955926 0.9950316 -0 0.1490612 0.9888279 0 0.1490612 0.9888279 -0 0.1981215 0.9801775 0 0.1981215 0.9801775 -0 0.2467577 0.9690772 -0 0.2467577 0.9690772 0 0.2947793 0.9555654 0 0.2947793 0.9555654 -0 0.3420072 0.9396974 -0 0.3420072 0.9396974 0 0.3884491 0.9214701 -0 0.3884491 0.9214701 0 0.4338624 0.9009791 -0 0.4338624 0.9009791 0 0.5214356 0.8532906 -0 0.4782659 0.878215 -0 0.4782659 0.878215 0 0.5214356 0.8532906 -0 0.5633155 0.8262419 -0 0.5633155 0.8262419 0 0.642777 0.7660534 -0 0.6038164 0.7971234 -0 0.6038164 0.7971234 0 0.642777 0.7660534 -0 0.7158755 0.6982279 -0 0.6801664 0.7330577 -0 0.6801664 0.7330577 0 0.7158755 0.6982279 -0 0.7497754 0.6616925 -0 0.7497754 0.6616925 0 0.7818307 0.6234908 0 0.7818307 0.6234908 -0 0.8119376 0.5837443 0 0.8119376 0.5837443 -0 0.8400365 0.5425299 0 0.8400365 0.5425299 -0 0.866017 0.5000145 0 0.866017 0.5000145 -0 0.8898729 0.4562084 0 0.8898729 0.4562084 -0 0.9115098 0.4112785 0 0.9115098 0.4112785 -0 0.9308736 0.3653415 0 0.9308736 0.3653415 -0 0.9479257 0.3184914 -0 0.9479257 0.3184914 0 0.9626266 0.270832 0 0.9749265 0.222527 -0 0.9626266 0.270832 -0 0.9749265 0.222527 -0 0.9848079 0.1736471 -0 0.9848079 0.1736471 0 0.9922389 0.1243454 -0 0.9922389 0.1243454 0 0.9972045 0.07472084 -0 0.9972045 0.07472084 0 0.9996889 0.02494122 -0 0.9996889 0.02494122 0 0 0 -1 0 0 -1 0 0 -1 0 0 -1 0 0 -1 0 0 -1 0 0 -1 0 0 -1 0 0 -1 0 0 -1 0 0 -1 0 0 -1 0 0 -1 0 0 -1 0 0 -1 0 0 -1 0 0 -1 0 0 -1 0 0 -1 0 0 -1 0 0 -1 0 0 -1 0 0 -1 0 0 -1 0 0 -1 0 0 -1 0 0 -1 0 0 -1 0 0 -1 0 0 -1 0 -0 -1 0 0 -1 0 0 -1 0 -0 -1 0 -0 -1 0 -0 -1 0 -0 -1 0 0 -1 0 0 -1 0 0 -1 0 0 -1 0 0 -1 0 -0 -1 0 0 -1 0 0 -1 0 0 -1 0 0 -1 0 -0 -1 0 -0 -1 0 0 -1 0 -0 -1 0 -0 -1 0 0 -1 0 -0 -1 0 0 -1 0 0 -1 0 0 -1 0 -0 -1 0 -0 -1 0 0 -1 0 0 -1 0 -0 -1 0 -0 -1 0 -0 -1 0 0 -1 0 -0 -1 0 -0 -1 0 -0 -1 0 0 -1 0 0 -1 0 0 -1 0 0 -1 0 0 -1 0 0 -1 0 0 -1 0 -0 -1 0 -0 -1 0 0 -1 0 0 -1 0 0 -1 0 0 -1 0 -0 -1 0 -0 -1 -0 -0 -1 0 -0 -1 0 0 -1 0 0 -1 0 0 -1 0 0 -1 0 0 -1 -0 -0 -1 0 -0 -1 -0 -0 -1 0 0 -1 0 0 -1 -0 -0 -1 -0 -0 -1 0 -0 -1 0 -0 -1 -0 -0 -1 -0 -0 -1 -0 -0 -1 0 -0 -1 0 0 -1 -0 -0 -1 -0 -0 -1 0 0 -1 0 0 -1 0 0 -1 0 0 -1 0 0 -1 0 0 -1 0 -0 -1 0 0 -1 -0 -0 -1 -0 -0 -1 0 0 -1 -0 -0 -1 0 0 -1 -0 -0 -1 0 -0 -1 0 0 -1 0 0 -1 0 0 -1 0 0 1 0 0 1 0 0 1 0 0 1 0 0 1 0 0 1 0 0 1 0 0 1 0 0 1 0 0 1 0 0 1 0 0 1 0 0 1 0 0 1 0 0 1 0 0 1 0 0 1 0 0 1 0 0 1 0 0 1 0 0 1 0 0 1 0 0 1 0 0 1 0 0 1 0 0 1 0 0 1 0 0 1 0 0 1 0 0 1 0 0 1 0 0 1 0 0 1 0 0 1 0 0 1 0 0 1 0 0 1 0 0 1 0 0 1 0 0 1 0 0 1 0 0 1 0 0 1 0 0 1 0 0 1 0 0 1 0 0 1 0 0 1 0 0 1 0 0 1 0 0 1 0 0 1 0 0 1 0 0 1 0 0 1 0 0 1 0 0 1 0 0 1 0 0 1 0 0 1 0 0 1 0 0 1 0 0 1 0 0 1 0 0 1 0 0 1 0 0 1 0 0 1 0 0 1 0 0 1 0 0 1 0 0 1 0 0 1 0 0 1 0 0 1 0 0 1 0 0 1 0 0 1 0 0 1 0 0 1 0 0 1 0 0 1 0 0 1 0 0 1 0 0 1 0 0 1 0 0 1 0 0 1 0 0 1 0 0 1 0 0 1 0 0 1 0 0 1 0 0 1 0 0 1 0 0 1 0 0 1 0 0 1 0 0 1 0 0 1 0 0 1 0 0 1 0 0 1 0 0 1 0 0 1 0 0 1 0 0 1 0 0 1 0 0 1 0 0 1 0 0 1 0 0 1 0 0 1 0 0 1 0 0 1 0 0 1 0 0 1 0 0 1 0 0 1 0 0 1 0 0 1 0 0 1 0 0 1 0 0 1 0.9996889 -0.02494122 0 0.9972045 -0.07472084 0 0.9996889 -0.02494122 0 0.9972045 -0.07472084 0 0.9922389 -0.1243454 0 0.9922389 -0.1243454 0 0.9749265 -0.222527 0 0.9848079 -0.1736471 0 0.9848079 -0.1736471 0 0.9626266 -0.270832 0 0.9749265 -0.222527 0 0.9479257 -0.3184914 0 0.9626266 -0.270832 0 0.9479257 -0.3184914 0 0.9308736 -0.3653415 0 0.9308736 -0.3653415 0 0.9115098 -0.4112785 0 0.9115098 -0.4112785 0 0.8898729 -0.4562084 0 0.8898729 -0.4562084 0 0.866017 -0.5000145 0 0.866017 -0.5000145 0 0.8400365 -0.5425299 0 0.8119376 -0.5837443 0 0.8400365 -0.5425299 0 0.8119376 -0.5837443 0 0.7818307 -0.6234908 0 0.7497754 -0.6616925 0 0.7818307 -0.6234908 0 0.7497754 -0.6616925 0 0.7158755 -0.6982279 0 0.7158755 -0.6982279 0 0.6801664 -0.7330577 0 0.6801664 -0.7330577 0 0.642777 -0.7660534 0 0.6038164 -0.7971234 0 0.642777 -0.7660534 0 0.6038164 -0.7971234 0 0.5633155 -0.8262419 0 0.5633155 -0.8262419 0 0.4782659 -0.878215 0 0.5214356 -0.8532906 0 0.5214356 -0.8532906 0 0.4782659 -0.878215 0 0.4338624 -0.9009791 0 0.4338624 -0.9009791 0 0.3420072 -0.9396974 0 0.3884491 -0.9214701 0 0.3884491 -0.9214701 0 0.2947793 -0.9555654 0 0.3420072 -0.9396974 0 0.2467577 -0.9690772 0 0.2947793 -0.9555654 0 0.2467577 -0.9690772 0 0.1981215 -0.9801775 0 0.1981215 -0.9801775 0 0.1490612 -0.9888279 0 0.1490612 -0.9888279 0 0.04985622 -0.9987564 0 0.09955926 -0.9950316 0 0.09955926 -0.9950316 0 0.04985622 -0.9987564 0 0 -1 0 0 -1 0 -0.04985622 -0.9987564 0 -0.04985622 -0.9987564 0 -0.1490612 -0.9888279 0 -0.09955926 -0.9950316 0 -0.09955926 -0.9950316 0 -0.1490612 -0.9888279 0 -0.1981215 -0.9801775 0 -0.1981215 -0.9801775 0 -0.2467577 -0.9690772 0 -0.2467577 -0.9690772 0 -0.2947793 -0.9555654 0 -0.2947793 -0.9555654 0 -0.3884491 -0.9214701 0 -0.3420072 -0.9396974 0 -0.3420072 -0.9396974 0 -0.3884491 -0.9214701 0 -0.4338624 -0.9009791 0 -0.4338624 -0.9009791 0 -0.4782659 -0.878215 0 -0.4782659 -0.878215 0 -0.5633155 -0.8262419 0 -0.5214356 -0.8532906 0 -0.5214356 -0.8532906 0 -0.5633155 -0.8262419 0 -0.6038164 -0.7971234 0 -0.6038164 -0.7971234 0 -0.642777 -0.7660534 0 -0.642777 -0.7660534 0 -0.6801664 -0.7330577 0 -0.6801664 -0.7330577 0 -0.7158755 -0.6982279 0 -0.7158755 -0.6982279 0 -0.7497754 -0.6616925 0 -0.7497754 -0.6616925 0 -0.7818307 -0.6234908 0 -0.7818307 -0.6234908 0 -0.8119376 -0.5837443 0 -0.8119376 -0.5837443 0 -0.8400365 -0.5425299 0 -0.8400365 -0.5425299 0 -0.866017 -0.5000145 0 -0.866017 -0.5000145 0 -0.8898729 -0.4562084 0 -0.8898729 -0.4562084 0 -0.9115098 -0.4112785 0 -0.9115098 -0.4112785 0 -0.9308736 -0.3653415 0 -0.9308736 -0.3653415 0 -0.9479257 -0.3184914 0 -0.9626266 -0.270832 0 -0.9479257 -0.3184914 0 -0.9626266 -0.270832 0 -0.9749265 -0.222527 0 -0.9749265 -0.222527 0 -0.9922389 -0.1243454 0 -0.9848079 -0.1736471 0 -0.9848079 -0.1736471 0 -0.9922389 -0.1243454 0 -0.9972045 -0.07472084 0 -0.9972045 -0.07472084 0 -0.9996889 -0.02494122 0 -0.9996889 -0.02494122 0 -0.9996889 0.02494122 0 -0.9972045 0.07472084 0 -0.9996889 0.02494122 0 -0.9972045 0.07472084 0 -0.9922389 0.1243454 0 -0.9922389 0.1243454 0 -0.9848079 0.1736471 0 -0.9848079 0.1736471 0 -0.9749265 0.222527 0 -0.9749265 0.222527 0 -0.9626266 0.270832 0 -0.9626266 0.270832 0 -0.9479257 0.3184914 0 -0.9479257 0.3184914 0 -0.9308736 0.3653415 0 -0.9308736 0.3653415 0 -0.9115098 0.4112785 0 -0.9115098 0.4112785 0 -0.8898729 0.4562084 0 -0.8898729 0.4562084 0 -0.866017 0.5000145 0 -0.8400365 0.5425299 0 -0.866017 0.5000145 0 -0.8400365 0.5425299 0 -0.8119376 0.5837443 0 -0.8119376 0.5837443 0 -0.7818307 0.6234908 0 -0.7818307 0.6234908 0 -0.7497754 0.6616925 0 -0.7497754 0.6616925 0 -0.7158755 0.6982279 0 -0.7158755 0.6982279 0 -0.6801664 0.7330577 0 -0.6801664 0.7330577 0 -0.642777 0.7660534 0 -0.642777 0.7660534 0 -0.6038164 0.7971234 0 -0.6038164 0.7971234 0 -0.5633155 0.8262419 0 -0.5633155 0.8262419 0 -0.5214356 0.8532906 0 -0.5214356 0.8532906 0 -0.4338624 0.9009791 0 -0.4782659 0.878215 0 -0.4782659 0.878215 0 -0.4338624 0.9009791 0 -0.3884491 0.9214701 0 -0.3884491 0.9214701 0 -0.3420072 0.9396974 0 -0.3420072 0.9396974 0 -0.2947793 0.9555654 0 -0.2947793 0.9555654 0 -0.2467577 0.9690772 0 -0.2467577 0.9690772 0 -0.1981215 0.9801775 0 -0.1981215 0.9801775 0 -0.1490612 0.9888279 0 -0.1490612 0.9888279 0 -0.09955926 0.9950316 0 -0.09955926 0.9950316 0 -0.04985622 0.9987564 0 -0.04985622 0.9987564 0 0 1 0 0 1 -0 0.04985622 0.9987564 0 0.04985622 0.9987564 -0 0.09955926 0.9950316 0 0.09955926 0.9950316 -0 0.1490612 0.9888279 0 0.1490612 0.9888279 -0 0.1981215 0.9801775 0 0.1981215 0.9801775 -0 0.2467577 0.9690772 -0 0.2467577 0.9690772 0 0.2947793 0.9555654 0 0.2947793 0.9555654 -0 0.3420072 0.9396974 -0 0.3420072 0.9396974 0 0.3884491 0.9214701 -0 0.3884491 0.9214701 0 0.4338624 0.9009791 -0 0.4338624 0.9009791 0 0.5214356 0.8532906 -0 0.4782659 0.878215 -0 0.4782659 0.878215 0 0.5214356 0.8532906 -0 0.5633155 0.8262419 -0 0.5633155 0.8262419 0 0.642777 0.7660534 -0 0.6038164 0.7971234 -0 0.6038164 0.7971234 0 0.642777 0.7660534 -0 0.7158755 0.6982279 -0 0.6801664 0.7330577 -0 0.6801664 0.7330577 0 0.7158755 0.6982279 -0 0.7497754 0.6616925 -0 0.7497754 0.6616925 0 0.7818307 0.6234908 0 0.7818307 0.6234908 -0 0.8119376 0.5837443 0 0.8119376 0.5837443 -0 0.8400365 0.5425299 0 0.8400365 0.5425299 -0 0.866017 0.5000145 0 0.866017 0.5000145 -0 0.8898729 0.4562084 0 0.8898729 0.4562084 -0 0.9115098 0.4112785 0 0.9115098 0.4112785 -0 0.9308736 0.3653415 0 0.9308736 0.3653415 -0 0.9479257 0.3184914 -0 0.9479257 0.3184914 0 0.9626266 0.270832 0 0.9749265 0.222527 -0 0.9626266 0.270832 -0 0.9749265 0.222527 -0 0.9848079 0.1736471 -0 0.9848079 0.1736471 0 0.9922389 0.1243454 -0 0.9922389 0.1243454 0 0.9972045 0.07472084 -0 0.9972045 0.07472084 0 0.9996889 0.02494122 -0 0.9996889 0.02494122 0 0 0 -1 0 0 -1 0 0 -1 0 0 -1 0 0 -1 0 0 -1 0 0 -1 0 0 -1 0 0 -1 0 0 -1 0 0 -1 0 0 -1 0 0 -1 0 0 -1 0 0 -1 0 0 -1 0 0 -1 0 0 -1 0 0 -1 0 0 -1 0 0 -1 0 0 -1 0 0 -1 0 0 -1 0 0 -1 0 0 -1 0 0 -1 0 0 -1 0 0 -1 0 -0 -1 0 0 -1 0 0 -1 0 -0 -1 0 -0 -1 0 -0 -1 0 -0 -1 0 0 -1 0 0 -1 0 0 -1 0 0 -1 0 0 -1 0 -0 -1 0 -0 -1 0 0 -1 0 0 -1 0 0 -1 0 0 -1 0 0 -1 0 -0 -1 0 -0 -1 0 0 -1 0 -0 -1 0 0 -1 0 -0 -1 0 0 -1 0 0 -1 0 0 -1 0 -0 -1 0 -0 -1 0 0 -1 0 0 -1 0 -0 -1 0 -0 -1 0 -0 -1 0 0 -1 0 -0 -1 0 -0 -1 0 0 -1 0 0 -1 0 0 -1 0 0 -1 0 0 -1 0 0 -1 0 0 -1 0 -0 -1 0 -0 -1 0 0 -1 0 0 -1 0 0 -1 0 0 -1 0 -0 -1 0 0 -1 0 0 -1 0 -0 -1 0 -0 -1 -0 -0 -1 -0 -0 -1 0 0 -1 0 0 -1 0 0 -1 0 -0 -1 -0 -0 -1 -0 -0 -1 -0 -0 -1 0 -0 -1 0 -0 -1 0 0 -1 0 0 -1 0 0 -1 -0 -0 -1 -0 -0 -1 -0 -0 -1 0 -0 -1 0 0 -1 0 0 -1 0 0 -1 -0 -0 -1 -0 -0 -1 0 0 -1 0 0 -1 0 -0 -1 0 0 -1 0 0 -1 -0 -0 -1 -0 -0 -1 0 0 -1 -0 -0 -1 -0 -0 -1 0 -0 -1 0 0 -1 0 -0 -1 0 0 -1 0 0 -1 0 0 -1 0 0 1 0 0 1 0 0 1 0 0 1 0 0 1 0 0 1 0 0 1 0 0 1 0 0 1 0 0 1 0 0 1 0 0 1 0 0 1 0 0 1 0 0 1 0 0 1 0 0 1 0 0 1 0 0 1 0 0 1 0 0 1 0 0 1 0 0 1 0 0 1 0 0 1 0 0 1 0 0 1 0 0 1 0 0 1 0 0 1 0 0 1 0 0 1 0 0 1 0 0 1 0 0 1 0 0 1 0 0 1 0 0 1 0 0 1 0 0 1 0 0 1 0 0 1 0 0 1 0 0 1 0 0 1 0 0 1 0 0 1 0 0 1 0 0 1 0 0 1 0 0 1 0 0 1 0 0 1 0 0 1 0 0 1 0 0 1 0 0 1 0 0 1 0 0 1 0 0 1 0 0 1 0 0 1 0 0 1 0 0 1 0 0 1 0 0 1 0 0 1 0 0 1 0 0 1 0 0 1 0 0 1 0 0 1 0 0 1 0 0 1 0 0 1 0 0 1 0 0 1 0 0 1 0 0 1 0 0 1 0 0 1 0 0 1 0 0 1 0 0 1 0 0 1 0 0 1 0 0 1 0 0 1 0 0 1 0 0 1 0 0 1 0 0 1 0 0 1 0 0 1 0 0 1 0 0 1 0 0 1 0 0 1 0 0 1 0 0 1 0 0 1 0 0 1 0 0 1 0 0 1 0 0 1 0 0 1 0 0 1 0 0 1 0 0 1 0 0 1 0 0 1 0 0 1 0 0 1 0 0 1 0 0 1 0 0 1 0 0 1 0 0 1 0 0 1 0 0 1 0 0 1 0 0 1 0 0 1 0 0 1 0.9996889 -0.02494122 0 0.9972045 -0.07472084 0 0.9996889 -0.02494122 0 0.9972045 -0.07472084 0 0.9922389 -0.1243454 0 0.9922389 -0.1243454 0 0.9749265 -0.222527 0 0.9848079 -0.1736471 0 0.9848079 -0.1736471 0 0.9626266 -0.270832 0 0.9749265 -0.222527 0 0.9479257 -0.3184914 0 0.9626266 -0.270832 0 0.9479257 -0.3184914 0 0.9308736 -0.3653415 0 0.9308736 -0.3653415 0 0.9115098 -0.4112785 0 0.9115098 -0.4112785 0 0.8898729 -0.4562084 0 0.8898729 -0.4562084 0 0.866017 -0.5000145 0 0.866017 -0.5000145 0 0.8400365 -0.5425299 0 0.8119376 -0.5837443 0 0.8400365 -0.5425299 0 0.8119376 -0.5837443 0 0.7818307 -0.6234908 0 0.7497754 -0.6616925 0 0.7818307 -0.6234908 0 0.7497754 -0.6616925 0 0.7158755 -0.6982279 0 0.7158755 -0.6982279 0 0.6801664 -0.7330577 0 0.6801664 -0.7330577 0 0.642777 -0.7660534 0 0.6038164 -0.7971234 0 0.642777 -0.7660534 0 0.6038164 -0.7971234 0 0.5633155 -0.8262419 0 0.5633155 -0.8262419 0 0.4782659 -0.878215 0 0.5214356 -0.8532906 0 0.5214356 -0.8532906 0 0.4782659 -0.878215 0 0.4338624 -0.9009791 0 0.4338624 -0.9009791 0 0.3420072 -0.9396974 0 0.3884491 -0.9214701 0 0.3884491 -0.9214701 0 0.2947793 -0.9555654 0 0.3420072 -0.9396974 0 0.2467577 -0.9690772 0 0.2947793 -0.9555654 0 0.2467577 -0.9690772 0 0.1981215 -0.9801775 0 0.1981215 -0.9801775 0 0.1490612 -0.9888279 0 0.1490612 -0.9888279 0 0.04985622 -0.9987564 0 0.09955926 -0.9950316 0 0.09955926 -0.9950316 0 0.04985622 -0.9987564 0 0 -1 0 0 -1 0 -0.04985622 -0.9987564 0 -0.04985622 -0.9987564 0 -0.1490612 -0.9888279 0 -0.09955926 -0.9950316 0 -0.09955926 -0.9950316 0 -0.1490612 -0.9888279 0 -0.1981215 -0.9801775 0 -0.1981215 -0.9801775 0 -0.2467577 -0.9690772 0 -0.2467577 -0.9690772 0 -0.2947793 -0.9555654 0 -0.2947793 -0.9555654 0 -0.3884491 -0.9214701 0 -0.3420072 -0.9396974 0 -0.3420072 -0.9396974 0 -0.3884491 -0.9214701 0 -0.4338624 -0.9009791 0 -0.4338624 -0.9009791 0 -0.4782659 -0.878215 0 -0.4782659 -0.878215 0 -0.5633155 -0.8262419 0 -0.5214356 -0.8532906 0 -0.5214356 -0.8532906 0 -0.5633155 -0.8262419 0 -0.6038164 -0.7971234 0 -0.6038164 -0.7971234 0 -0.642777 -0.7660534 0 -0.642777 -0.7660534 0 -0.6801664 -0.7330577 0 -0.6801664 -0.7330577 0 -0.7158755 -0.6982279 0 -0.7158755 -0.6982279 0 -0.7497754 -0.6616925 0 -0.7497754 -0.6616925 0 -0.7818307 -0.6234908 0 -0.7818307 -0.6234908 0 -0.8119376 -0.5837443 0 -0.8119376 -0.5837443 0 -0.8400365 -0.5425299 0 -0.8400365 -0.5425299 0 -0.866017 -0.5000145 0 -0.866017 -0.5000145 0 -0.8898729 -0.4562084 0 -0.8898729 -0.4562084 0 -0.9115098 -0.4112785 0 -0.9115098 -0.4112785 0 -0.9308736 -0.3653415 0 -0.9308736 -0.3653415 0 -0.9479257 -0.3184914 0 -0.9626266 -0.270832 0 -0.9479257 -0.3184914 0 -0.9626266 -0.270832 0 -0.9749265 -0.222527 0 -0.9749265 -0.222527 0 -0.9922389 -0.1243454 0 -0.9848079 -0.1736471 0 -0.9848079 -0.1736471 0 -0.9922389 -0.1243454 0 -0.9972045 -0.07472084 0 -0.9972045 -0.07472084 0 -0.9996889 -0.02494122 0 -0.9996889 -0.02494122 0 -0.9996889 0.02494122 0 -0.9972045 0.07472084 0 -0.9996889 0.02494122 0 -0.9972045 0.07472084 0 -0.9922389 0.1243454 0 -0.9922389 0.1243454 0 -0.9848079 0.1736471 0 -0.9848079 0.1736471 0 -0.9749265 0.222527 0 -0.9749265 0.222527 0 -0.9626266 0.270832 0 -0.9626266 0.270832 0 -0.9479257 0.3184914 0 -0.9479257 0.3184914 0 -0.9308736 0.3653415 0 -0.9308736 0.3653415 0 -0.9115098 0.4112785 0 -0.9115098 0.4112785 0 -0.8898729 0.4562084 0 -0.8898729 0.4562084 0 -0.866017 0.5000145 0 -0.8400365 0.5425299 0 -0.866017 0.5000145 0 -0.8400365 0.5425299 0 -0.8119376 0.5837443 0 -0.8119376 0.5837443 0 -0.7818307 0.6234908 0 -0.7818307 0.6234908 0 -0.7497754 0.6616925 0 -0.7497754 0.6616925 0 -0.7158755 0.6982279 0 -0.7158755 0.6982279 0 -0.6801664 0.7330577 0 -0.6801664 0.7330577 0 -0.642777 0.7660534 0 -0.642777 0.7660534 0 -0.6038164 0.7971234 0 -0.6038164 0.7971234 0 -0.5633155 0.8262419 0 -0.5633155 0.8262419 0 -0.5214356 0.8532906 0 -0.5214356 0.8532906 0 -0.4338624 0.9009791 0 -0.4782659 0.878215 0 -0.4782659 0.878215 0 -0.4338624 0.9009791 0 -0.3884491 0.9214701 0 -0.3884491 0.9214701 0 -0.3420072 0.9396974 0 -0.3420072 0.9396974 0 -0.2947793 0.9555654 0 -0.2947793 0.9555654 0 -0.2467577 0.9690772 0 -0.2467577 0.9690772 0 -0.1981215 0.9801775 0 -0.1981215 0.9801775 0 -0.1490612 0.9888279 0 -0.1490612 0.9888279 0 -0.09955926 0.9950316 0 -0.09955926 0.9950316 0 -0.04985622 0.9987564 0 -0.04985622 0.9987564 0 0 1 0 0 1 -0 0.04985622 0.9987564 0 0.04985622 0.9987564 -0 0.09955926 0.9950316 0 0.09955926 0.9950316 -0 0.1490612 0.9888279 0 0.1490612 0.9888279 -0 0.1981215 0.9801775 0 0.1981215 0.9801775 -0 0.2467577 0.9690772 -0 0.2467577 0.9690772 0 0.2947793 0.9555654 0 0.2947793 0.9555654 -0 0.3420072 0.9396974 -0 0.3420072 0.9396974 0 0.3884491 0.9214701 -0 0.3884491 0.9214701 0 0.4338624 0.9009791 -0 0.4338624 0.9009791 0 0.5214356 0.8532906 -0 0.4782659 0.878215 -0 0.4782659 0.878215 0 0.5214356 0.8532906 -0 0.5633155 0.8262419 -0 0.5633155 0.8262419 0 0.642777 0.7660534 -0 0.6038164 0.7971234 -0 0.6038164 0.7971234 0 0.642777 0.7660534 -0 0.7158755 0.6982279 -0 0.6801664 0.7330577 -0 0.6801664 0.7330577 0 0.7158755 0.6982279 -0 0.7497754 0.6616925 -0 0.7497754 0.6616925 0 0.7818307 0.6234908 0 0.7818307 0.6234908 -0 0.8119376 0.5837443 0 0.8119376 0.5837443 -0 0.8400365 0.5425299 0 0.8400365 0.5425299 -0 0.866017 0.5000145 0 0.866017 0.5000145 -0 0.8898729 0.4562084 0 0.8898729 0.4562084 -0 0.9115098 0.4112785 0 0.9115098 0.4112785 -0 0.9308736 0.3653415 0 0.9308736 0.3653415 -0 0.9479257 0.3184914 -0 0.9479257 0.3184914 0 0.9626266 0.270832 0 0.9749265 0.222527 -0 0.9626266 0.270832 -0 0.9749265 0.222527 -0 0.9848079 0.1736471 -0 0.9848079 0.1736471 0 0.9922389 0.1243454 -0 0.9922389 0.1243454 0 0.9972045 0.07472084 -0 0.9972045 0.07472084 0 0.9996889 0.02494122 -0 0.9996889 0.02494122 0 0 0 -1 0 0 -1 0 0 -1 0 0 -1 0 0 -1 0 0 -1 0 0 -1 0 0 -1 0 0 -1 0 0 -1 0 0 -1 0 0 -1 0 0 -1 0 0 -1 0 0 -1 0 0 -1 0 0 -1 0 0 -1 0 0 -1 0 0 -1 0 0 -1 0 0 -1 0 0 -1 0 0 -1 0 0 -1 0 0 -1 0 0 -1 0 0 -1 0 0 -1 0 -0 -1 0 0 -1 0 0 -1 0 -0 -1 0 -0 -1 0 -0 -1 0 -0 -1 0 0 -1 0 0 -1 0 0 -1 0 0 -1 0 0 -1 0 0 -1 0 -0 -1 0 -0 -1 0 0 -1 0 0 -1 0 -0 -1 0 -0 -1 0 -0 -1 0 0 -1 0 0 -1 0 0 -1 0 0 -1 0 0 -1 0 0 -1 0 -0 -1 0 0 -1 0 -0 -1 0 -0 -1 0 0 -1 0 0 -1 0 0 -1 0 -0 -1 0 -0 -1 0 -0 -1 0 0 -1 0 -0 -1 0 -0 -1 0 0 -1 0 0 -1 0 0 -1 0 0 -1 0 0 -1 0 0 -1 0 -0 -1 0 -0 -1 0 0 -1 0 0 -1 0 0 -1 0 0 -1 0 -0 -1 0 0 -1 0 0 -1 0 -0 -1 0 -0 -1 -0 -0 -1 -0 -0 -1 0 0 -1 0 0 -1 0 0 -1 0 -0 -1 -0 -0 -1 -0 -0 -1 -0 -0 -1 0 -0 -1 0 -0 -1 0 0 -1 0 0 -1 0 0 -1 -0 -0 -1 -0 -0 -1 -0 -0 -1 0 -0 -1 0 0 -1 0 0 -1 0 0 -1 -0 -0 -1 -0 -0 -1 0 0 -1 0 0 -1 0 0 -1 0 -0 -1 0 0 -1 -0 -0 -1 0 0 -1 -0 -0 -1 -0 -0 -1 -0 -0 -1 0 0 -1 0 -0 -1 0 -0 -1 0 0 -1 0 0 -1 0 0 -1 0 0 1 0 0 1 0 0 1 0 0 1 0 0 1 0 0 1 0 0 1 0 0 1 0 0 1 0 0 1 0 0 1 0 0 1 0 0 1 0 0 1 0 0 1 0 0 1 0 0 1 0 0 1 0 0 1 0 0 1 0 0 1 0 0 1 0 0 1 0 0 1 0 0 1 0 0 1 0 0 1 0 0 1 0 0 1 0 0 1 0 0 1 0 0 1 0 0 1 0 0 1 0 0 1 0 0 1 0 0 1 0 0 1 0 0 1 0 0 1 0 0 1 0 0 1 0 0 1 0 0 1 0 0 1 0 0 1 0 0 1 0 0 1 0 0 1 0 0 1 0 0 1 0 0 1 0 0 1 0 0 1 0 0 1 0 0 1 0 0 1 0 0 1 0 0 1 0 0 1 0 0 1 0 0 1 0 0 1 0 0 1 0 0 1 0 0 1 0 0 1 0 0 1 0 0 1 0 0 1 0 0 1 0 0 1 0 0 1 0 0 1 0 0 1 0 0 1 0 0 1 0 0 1 0 0 1 0 0 1 0 0 1 0 0 1 0 0 1 0 0 1 0 0 1 0 0 1 0 0 1 0 0 1 0 0 1 0 0 1 0 0 1 0 0 1 0 0 1 0 0 1 0 0 1 0 0 1 0 0 1 0 0 1 0 0 1 0 0 1 0 0 1 0 0 1 0 0 1 0 0 1 0 0 1 0 0 1 0 0 1 0 0 1 0 0 1 0 0 1 0 0 1 0 0 1 0 0 1 0 0 1 0 0 1 0 0 1 0 0 1 0 0 1 0 0 1 0 0 1 0 0 1 0 0 1 0 0 1 0 0 1</float_array>
          <technique_common>
            <accessor count="2000" source="#cubenormals-array0-array" stride="3">
              <param type="float" name="X"/>
              <param type="float" name="Y"/>
              <param type="float" name="Z"/>
            </accessor>
          </technique_common>
        </source>
        <vertices id="cubeverts-array0-vertices">
          <input semantic="POSITION" source="#cubeverts-array0"/>
        </vertices>
        <triangles count="2000" material="ref_Standoffs001_shape001">
          <input offset="0" semantic="VERTEX" source="#cubeverts-array0-vertices"/>
          <input offset="1" semantic="NORMAL" source="#cubenormals-array0"/>
          <p>0 0 1 0 2 0 0 1 3 1 4 1 0 2 2 2 3 2 5 3 0 3 4 3 6 4 4 4 7 4 6 5 5 5 4 5 8 6 9 6 10 6 8 7 7 7 9 7 8 8 6 8 7 8 11 9 10 9 12 9 11 10 8 10 10 10 13 11 12 11 14 11 13 12 11 12 12 12 15 13 13 13 14 13 16 14 14 14 17 14 16 15 15 15 14 15 18 16 17 16 19 16 18 17 16 17 17 17 20 18 19 18 21 18 20 19 18 19 19 19 22 20 20 20 21 20 22 21 21 21 23 21 24 22 22 22 23 22 24 23 25 23 26 23 24 24 23 24 25 24 27 25 24 25 26 25 28 26 27 26 26 26 28 27 29 27 30 27 28 28 26 28 29 28 31 29 28 29 30 29 32 30 31 30 30 30 32 31 30 31 33 31 34 32 32 32 33 32 34 33 33 33 35 33 36 34 34 34 35 34 36 35 37 35 38 35 36 36 35 36 37 36 39 37 36 37 38 37 40 38 38 38 41 38 40 39 39 39 38 39 42 40 43 40 44 40 42 41 41 41 43 41 42 42 40 42 41 42 45 43 42 43 44 43 46 44 44 44 47 44 46 45 45 45 44 45 48 46 49 46 50 46 48 47 47 47 49 47 48 48 46 48 47 48 51 49 50 49 52 49 51 50 48 50 50 50 53 51 52 51 54 51 53 52 51 52 52 52 55 53 53 53 54 53 56 54 54 54 57 54 56 55 55 55 54 55 58 56 57 56 59 56 58 57 56 57 57 57 60 58 61 58 62 58 60 59 59 59 61 59 60 60 58 60 59 60 63 61 60 61 62 61 64 62 62 62 65 62 64 63 63 63 62 63 66 64 65 64 67 64 66 65 64 65 65 65 68 66 69 66 70 66 68 67 67 67 69 67 68 68 66 68 67 68 71 69 68 69 70 69 72 70 71 70 70 70 72 71 70 71 73 71 74 72 72 72 73 72 74 73 73 73 75 73 76 74 74 74 75 74 76 75 75 75 77 75 78 76 79 76 80 76 78 77 77 77 79 77 78 78 76 78 77 78 81 79 78 79 80 79 82 80 80 80 83 80 82 81 81 81 80 81 84 82 83 82 85 82 84 83 82 83 83 83 86 84 87 84 88 84 86 85 85 85 87 85 86 86 84 86 85 86 89 87 86 87 88 87 90 88 88 88 91 88 90 89 89 89 88 89 92 90 91 90 93 90 92 91 90 91 91 91 94 92 93 92 95 92 94 93 92 93 93 93 96 94 95 94 97 94 96 95 94 95 95 95 98 96 97 96 99 96 98 97 96 97 97 97 100 98 99 98 101 98 100 99 98 99 99 99 102 100 101 100 103 100 102 101 100 101 101 101 104 102 103 102 105 102 104 103 102 103 103 103 106 104 104 104 105 104 106 105 105 105 107 105 108 106 106 106 107 106 108 107 107 107 109 107 110 108 108 108 109 108 110 109 109 109 111 109 112 110 110 110 111 110 112 111 111 111 113 111 114 112 112 112 113 112 114 113 115 113 116 113 114 114 113 114 115 114 117 115 114 115 116 115 118 116 117 116 116 116 118 117 116 117 119 117 120 118 121 118 122 118 120 119 119 119 121 119 120 120 118 120 119 120 123 121 120 121 122 121 124 122 123 122 122 122 124 123 122 123 125 123 126 124 124 124 125 124 126 125 125 125 127 125 128 126 126 126 127 126 128 127 129 127 130 127 128 128 127 128 129 128 131 129 128 129 130 129 132 130 131 130 130 130 132 131 130 131 133 131 134 132 132 132 133 132 134 133 133 133 135 133 136 134 134 134 135 134 136 135 135 135 137 135 138 136 136 136 137 136 138 137 137 137 139 137 140 138 138 138 139 138 140 139 139 139 141 139 142 140 140 140 141 140 142 141 141 141 143 141 144 142 142 142 143 142 144 143 143 143 145 143 146 144 144 144 145 144 146 145 145 145 147 145 148 146 146 146 147 146 148 147 149 147 150 147 148 148 147 148 149 148 151 149 148 149 150 149 152 150 151 150 150 150 152 151 150 151 153 151 154 152 152 152 153 152 154 153 153 153 155 153 156 154 154 154 155 154 156 155 155 155 157 155 158 156 156 156 157 156 158 157 157 157 159 157 160 158 159 158 161 158 160 159 158 159 159 159 162 160 160 160 161 160 162 161 161 161 163 161 164 162 163 162 165 162 164 163 162 163 163 163 166 164 165 164 167 164 166 165 164 165 165 165 168 166 167 166 169 166 168 167 166 167 167 167 170 168 171 168 172 168 170 169 169 169 171 169 170 170 168 170 169 170 173 171 170 171 172 171 174 172 173 172 172 172 174 173 172 173 175 173 176 174 174 174 175 174 176 175 175 175 177 175 178 176 176 176 177 176 178 177 177 177 179 177 180 178 178 178 179 178 180 179 179 179 181 179 182 180 180 180 181 180 182 181 181 181 183 181 184 182 182 182 183 182 184 183 183 183 185 183 186 184 184 184 185 184 186 185 185 185 187 185 188 186 186 186 187 186 188 187 187 187 189 187 190 188 188 188 189 188 190 189 189 189 191 189 192 190 190 190 191 190 192 191 191 191 193 191 194 192 192 192 193 192 194 193 193 193 195 193 196 194 194 194 195 194 196 195 195 195 197 195 198 196 196 196 197 196 198 197 197 197 199 197 200 198 199 198 201 198 200 199 198 199 199 199 202 200 200 200 201 200 202 201 201 201 203 201 204 202 203 202 205 202 204 203 202 203 203 203 206 204 205 204 207 204 206 205 204 205 205 205 208 206 207 206 209 206 208 207 206 207 207 207 210 208 211 208 212 208 210 209 209 209 211 209 210 210 208 210 209 210 213 211 210 211 212 211 214 212 212 212 215 212 214 213 213 213 212 213 216 214 217 214 218 214 216 215 215 215 217 215 216 216 214 216 215 216 219 217 216 217 218 217 220 218 221 218 222 218 220 219 218 219 221 219 220 220 219 220 218 220 223 221 220 221 222 221 224 222 222 222 225 222 224 223 223 223 222 223 226 224 224 224 225 224 226 225 225 225 227 225 228 226 226 226 227 226 228 227 227 227 229 227 230 228 228 228 229 228 230 229 229 229 231 229 232 230 230 230 231 230 232 231 231 231 233 231 234 232 232 232 233 232 234 233 233 233 235 233 236 234 234 234 235 234 236 235 235 235 237 235 238 236 236 236 237 236 238 237 237 237 239 237 240 238 239 238 241 238 240 239 238 239 239 239 242 240 240 240 241 240 242 241 243 241 244 241 242 242 241 242 243 242 245 243 242 243 244 243 246 244 244 244 247 244 246 245 245 245 244 245 248 246 247 246 249 246 248 247 246 247 247 247 250 248 249 248 251 248 250 249 248 249 249 249 1 250 251 250 2 250 1 251 250 251 251 251 98 252 90 252 96 252 96 253 90 253 94 253 94 254 90 254 92 254 100 255 102 255 98 255 90 256 86 256 89 256 104 257 106 257 102 257 86 258 82 258 84 258 98 259 108 259 90 259 102 260 108 260 98 260 106 261 108 261 102 261 86 262 78 262 82 262 82 263 78 263 81 263 90 264 76 264 86 264 86 265 76 265 78 265 112 266 114 266 110 266 110 267 114 267 108 267 114 268 117 268 108 268 90 269 68 269 76 269 76 270 68 270 74 270 74 271 68 271 72 271 72 272 68 272 71 272 120 273 123 273 118 273 118 274 123 274 117 274 117 275 123 275 108 275 68 276 64 276 66 276 124 277 126 277 123 277 126 278 128 278 123 278 68 279 60 279 64 279 64 280 60 280 63 280 131 281 132 281 128 281 128 282 132 282 123 282 60 283 56 283 58 283 134 284 136 284 132 284 132 285 138 285 123 285 136 286 138 286 132 286 140 287 142 287 138 287 53 288 46 288 51 288 51 289 46 289 48 289 60 290 46 290 56 290 68 291 46 291 60 291 90 292 46 292 68 292 56 293 46 293 55 293 55 294 46 294 53 294 144 295 146 295 142 295 142 296 148 296 138 296 146 297 148 297 142 297 46 298 40 298 45 298 45 299 40 299 42 299 152 300 154 300 151 300 151 301 154 301 148 301 90 302 34 302 46 302 40 303 34 303 39 303 39 304 34 304 36 304 46 305 34 305 40 305 108 306 34 306 90 306 156 307 158 307 154 307 34 308 31 308 32 308 154 309 160 309 148 309 158 310 160 310 154 310 34 311 28 311 31 311 28 312 24 312 27 312 28 313 22 313 24 313 166 314 168 314 164 314 164 315 168 315 162 315 162 316 168 316 160 316 28 317 20 317 22 317 170 318 173 318 168 318 160 319 173 319 148 319 168 320 173 320 160 320 20 321 15 321 18 321 18 322 15 322 16 322 108 323 15 323 34 323 34 324 15 324 28 324 28 325 15 325 20 325 123 326 15 326 108 326 176 327 178 327 174 327 174 328 178 328 173 328 13 329 8 329 11 329 13 330 6 330 8 330 15 331 5 331 13 331 13 332 5 332 6 332 186 333 188 333 184 333 184 334 188 334 182 334 190 335 192 335 188 335 1 336 248 336 250 336 138 337 248 337 123 337 5 338 248 338 0 338 0 339 248 339 1 339 123 340 248 340 15 340 15 341 248 341 5 341 192 342 194 342 188 342 194 343 196 343 188 343 188 344 196 344 182 344 196 345 200 345 182 345 198 346 200 346 196 346 182 347 200 347 180 347 180 348 200 348 178 348 248 349 240 349 246 349 246 350 240 350 245 350 245 351 240 351 242 351 248 352 238 352 240 352 200 353 206 353 178 353 204 354 206 354 202 354 202 355 206 355 200 355 178 356 206 356 173 356 238 357 234 357 236 357 248 358 232 358 238 358 238 359 232 359 234 359 208 360 210 360 206 360 210 361 213 361 206 361 232 362 228 362 230 362 138 363 228 363 248 363 148 364 228 364 138 364 248 365 228 365 232 365 228 366 224 366 226 366 216 367 219 367 214 367 214 368 219 368 213 368 206 369 219 369 173 369 213 370 219 370 206 370 148 371 219 371 228 371 173 372 219 372 148 372 224 373 220 373 223 373 219 374 220 374 228 374 228 375 220 375 224 375 91 376 99 376 97 376 91 377 97 377 95 377 91 378 95 378 93 378 103 379 101 379 99 379 87 380 91 380 88 380 107 381 105 381 103 381 83 382 87 382 85 382 109 383 99 383 91 383 109 384 103 384 99 384 109 385 107 385 103 385 79 386 87 386 83 386 79 387 83 387 80 387 77 388 91 388 87 388 77 389 87 389 79 389 115 390 113 390 111 390 115 391 111 391 109 391 116 392 115 392 109 392 69 393 91 393 77 393 69 394 77 394 75 394 69 395 75 395 73 395 69 396 73 396 70 396 122 397 121 397 119 397 122 398 119 398 116 398 122 399 116 399 109 399 65 400 69 400 67 400 127 401 125 401 122 401 129 402 127 402 122 402 61 403 69 403 65 403 61 404 65 404 62 404 133 405 130 405 129 405 133 406 129 406 122 406 57 407 61 407 59 407 137 408 135 408 133 408 139 409 133 409 122 409 139 410 137 410 133 410 143 411 141 411 139 411 47 412 52 412 50 412 47 413 50 413 49 413 47 414 61 414 57 414 47 415 69 415 61 415 47 416 91 416 69 416 47 417 57 417 54 417 47 418 54 418 52 418 147 419 145 419 143 419 149 420 143 420 139 420 149 421 147 421 143 421 41 422 47 422 44 422 41 423 44 423 43 423 155 424 153 424 150 424 155 425 150 425 149 425 35 426 91 426 47 426 35 427 41 427 38 427 35 428 38 428 37 428 35 429 47 429 41 429 35 430 109 430 91 430 159 431 157 431 155 431 30 432 35 432 33 432 161 433 155 433 149 433 161 434 159 434 155 434 29 435 35 435 30 435 25 436 29 436 26 436 23 437 29 437 25 437 169 438 167 438 165 438 169 439 165 439 163 439 169 440 163 440 161 440 21 441 29 441 23 441 172 442 171 442 169 442 172 443 161 443 149 443 172 444 169 444 161 444 14 445 21 445 19 445 14 446 19 446 17 446 14 447 109 447 35 447 14 448 35 448 29 448 14 449 29 449 21 449 14 450 122 450 109 450 179 451 177 451 175 451 179 452 175 452 172 452 9 453 12 453 10 453 7 454 12 454 9 454 4 455 14 455 12 455 4 456 12 456 7 456 189 457 187 457 185 457 189 458 185 458 183 458 193 459 191 459 189 459 249 460 2 460 251 460 249 461 139 461 122 461 249 462 4 462 3 462 249 463 3 463 2 463 249 464 122 464 14 464 249 465 14 465 4 465 195 466 193 466 189 466 197 467 195 467 189 467 197 468 189 468 183 468 201 469 197 469 183 469 201 470 199 470 197 470 201 471 183 471 181 471 201 472 181 472 179 472 241 473 249 473 247 473 241 474 247 474 244 474 241 475 244 475 243 475 239 476 249 476 241 476 207 477 201 477 179 477 207 478 205 478 203 478 207 479 203 479 201 479 207 480 179 480 172 480 235 481 239 481 237 481 233 482 249 482 239 482 233 483 239 483 235 483 211 484 209 484 207 484 212 485 211 485 207 485 229 486 233 486 231 486 229 487 139 487 249 487 229 488 149 488 139 488 229 489 249 489 233 489 225 490 229 490 227 490 218 491 217 491 215 491 218 492 215 492 212 492 218 493 207 493 172 493 218 494 212 494 207 494 218 495 149 495 229 495 218 496 172 496 149 496 221 497 225 497 222 497 221 498 218 498 229 498 221 499 229 499 225 499 252 500 253 500 254 500 252 501 255 501 256 501 252 502 254 502 255 502 257 503 252 503 256 503 258 504 256 504 259 504 258 505 257 505 256 505 260 506 261 506 262 506 260 507 259 507 261 507 260 508 258 508 259 508 263 509 262 509 264 509 263 510 260 510 262 510 265 511 264 511 266 511 265 512 263 512 264 512 267 513 265 513 266 513 268 514 266 514 269 514 268 515 267 515 266 515 270 516 269 516 271 516 270 517 268 517 269 517 272 518 271 518 273 518 272 519 270 519 271 519 274 520 272 520 273 520 274 521 273 521 275 521 276 522 274 522 275 522 276 523 277 523 278 523 276 524 275 524 277 524 279 525 276 525 278 525 280 526 279 526 278 526 280 527 281 527 282 527 280 528 278 528 281 528 283 529 280 529 282 529 284 530 283 530 282 530 284 531 282 531 285 531 286 532 284 532 285 532 286 533 285 533 287 533 288 534 286 534 287 534 288 535 289 535 290 535 288 536 287 536 289 536 291 537 288 537 290 537 292 538 290 538 293 538 292 539 291 539 290 539 294 540 295 540 296 540 294 541 293 541 295 541 294 542 292 542 293 542 297 543 294 543 296 543 298 544 296 544 299 544 298 545 297 545 296 545 300 546 301 546 302 546 300 547 299 547 301 547 300 548 298 548 299 548 303 549 302 549 304 549 303 550 300 550 302 550 305 551 304 551 306 551 305 552 303 552 304 552 307 553 305 553 306 553 308 554 306 554 309 554 308 555 307 555 306 555 310 556 309 556 311 556 310 557 308 557 309 557 312 558 313 558 314 558 312 559 311 559 313 559 312 560 310 560 311 560 315 561 312 561 314 561 316 562 314 562 317 562 316 563 315 563 314 563 318 564 317 564 319 564 318 565 316 565 317 565 320 566 321 566 322 566 320 567 319 567 321 567 320 568 318 568 319 568 323 569 320 569 322 569 324 570 323 570 322 570 324 571 322 571 325 571 326 572 324 572 325 572 326 573 325 573 327 573 328 574 326 574 327 574 328 575 327 575 329 575 330 576 331 576 332 576 330 577 329 577 331 577 330 578 328 578 329 578 333 579 330 579 332 579 334 580 332 580 335 580 334 581 333 581 332 581 336 582 335 582 337 582 336 583 334 583 335 583 338 584 339 584 340 584 338 585 337 585 339 585 338 586 336 586 337 586 341 587 338 587 340 587 342 588 340 588 343 588 342 589 341 589 340 589 344 590 343 590 345 590 344 591 342 591 343 591 346 592 345 592 347 592 346 593 344 593 345 593 348 594 347 594 349 594 348 595 346 595 347 595 350 596 349 596 351 596 350 597 348 597 349 597 352 598 351 598 353 598 352 599 350 599 351 599 354 600 353 600 355 600 354 601 352 601 353 601 356 602 355 602 357 602 356 603 354 603 355 603 358 604 356 604 357 604 358 605 357 605 359 605 360 606 358 606 359 606 360 607 359 607 361 607 362 608 360 608 361 608 362 609 361 609 363 609 364 610 362 610 363 610 364 611 363 611 365 611 366 612 364 612 365 612 366 613 367 613 368 613 366 614 365 614 367 614 369 615 366 615 368 615 370 616 369 616 368 616 370 617 368 617 371 617 372 618 373 618 374 618 372 619 371 619 373 619 372 620 370 620 371 620 375 621 372 621 374 621 376 622 375 622 374 622 376 623 374 623 377 623 378 624 376 624 377 624 378 625 377 625 379 625 380 626 378 626 379 626 380 627 381 627 382 627 380 628 379 628 381 628 383 629 380 629 382 629 384 630 383 630 382 630 384 631 382 631 385 631 386 632 384 632 385 632 386 633 385 633 387 633 388 634 386 634 387 634 388 635 387 635 389 635 390 636 388 636 389 636 390 637 389 637 391 637 392 638 390 638 391 638 392 639 391 639 393 639 394 640 392 640 393 640 394 641 393 641 395 641 396 642 394 642 395 642 396 643 395 643 397 643 398 644 396 644 397 644 398 645 397 645 399 645 400 646 398 646 399 646 400 647 401 647 402 647 400 648 399 648 401 648 403 649 400 649 402 649 404 650 403 650 402 650 404 651 402 651 405 651 406 652 404 652 405 652 406 653 405 653 407 653 408 654 406 654 407 654 408 655 407 655 409 655 410 656 408 656 409 656 410 657 409 657 411 657 412 658 411 658 413 658 412 659 410 659 411 659 414 660 412 660 413 660 414 661 413 661 415 661 416 662 415 662 417 662 416 663 414 663 415 663 418 664 417 664 419 664 418 665 416 665 417 665 420 666 419 666 421 666 420 667 418 667 419 667 422 668 423 668 424 668 422 669 421 669 423 669 422 670 420 670 421 670 425 671 422 671 424 671 426 672 425 672 424 672 426 673 424 673 427 673 428 674 426 674 427 674 428 675 427 675 429 675 430 676 428 676 429 676 430 677 429 677 431 677 432 678 430 678 431 678 432 679 431 679 433 679 434 680 432 680 433 680 434 681 433 681 435 681 436 682 434 682 435 682 436 683 435 683 437 683 438 684 436 684 437 684 438 685 437 685 439 685 440 686 438 686 439 686 440 687 439 687 441 687 442 688 440 688 441 688 442 689 441 689 443 689 444 690 442 690 443 690 444 691 443 691 445 691 446 692 444 692 445 692 446 693 445 693 447 693 448 694 446 694 447 694 448 695 447 695 449 695 450 696 448 696 449 696 450 697 449 697 451 697 452 698 451 698 453 698 452 699 450 699 451 699 454 700 452 700 453 700 454 701 453 701 455 701 456 702 455 702 457 702 456 703 454 703 455 703 458 704 457 704 459 704 458 705 456 705 457 705 460 706 459 706 461 706 460 707 458 707 459 707 462 708 463 708 464 708 462 709 461 709 463 709 462 710 460 710 461 710 465 711 462 711 464 711 466 712 464 712 467 712 466 713 465 713 464 713 468 714 469 714 470 714 468 715 467 715 469 715 468 716 466 716 467 716 471 717 468 717 470 717 472 718 473 718 474 718 472 719 470 719 473 719 472 720 471 720 470 720 475 721 472 721 474 721 476 722 474 722 477 722 476 723 475 723 474 723 478 724 476 724 477 724 478 725 477 725 479 725 480 726 478 726 479 726 480 727 479 727 481 727 482 728 480 728 481 728 482 729 481 729 483 729 484 730 482 730 483 730 484 731 483 731 485 731 486 732 484 732 485 732 486 733 485 733 487 733 488 734 486 734 487 734 488 735 487 735 489 735 490 736 488 736 489 736 490 737 489 737 491 737 492 738 491 738 493 738 492 739 490 739 491 739 494 740 492 740 493 740 494 741 495 741 496 741 494 742 493 742 495 742 497 743 494 743 496 743 498 744 496 744 499 744 498 745 497 745 496 745 500 746 499 746 501 746 500 747 498 747 499 747 502 748 501 748 503 748 502 749 500 749 501 749 253 750 503 750 254 750 253 751 502 751 503 751 350 752 342 752 348 752 348 753 342 753 346 753 346 754 342 754 344 754 352 755 354 755 350 755 342 756 338 756 341 756 356 757 358 757 354 757 338 758 334 758 336 758 338 759 330 759 334 759 334 760 330 760 333 760 342 761 328 761 338 761 338 762 328 762 330 762 364 763 366 763 362 763 366 764 369 764 362 764 342 765 320 765 328 765 328 766 320 766 326 766 326 767 320 767 324 767 324 768 320 768 323 768 350 769 375 769 342 769 354 770 375 770 350 770 358 771 375 771 354 771 372 772 375 772 370 772 370 773 375 773 369 773 369 774 375 774 362 774 362 775 375 775 360 775 360 776 375 776 358 776 320 777 316 777 318 777 376 778 378 778 375 778 378 779 380 779 375 779 320 780 312 780 316 780 316 781 312 781 315 781 383 782 384 782 380 782 380 783 384 783 375 783 312 784 308 784 310 784 386 785 388 785 384 785 384 786 390 786 375 786 388 787 390 787 384 787 392 788 394 788 390 788 305 789 298 789 303 789 303 790 298 790 300 790 312 791 298 791 308 791 308 792 298 792 307 792 307 793 298 793 305 793 396 794 398 794 394 794 298 795 294 795 297 795 312 796 294 796 298 796 342 797 294 797 320 797 320 798 294 798 312 798 394 799 400 799 390 799 398 800 400 800 394 800 292 801 288 801 291 801 404 802 406 802 403 802 403 803 406 803 400 803 288 804 284 804 286 804 408 805 410 805 406 805 294 806 283 806 292 806 292 807 283 807 288 807 288 808 283 808 284 808 406 809 412 809 400 809 410 810 412 810 406 810 280 811 276 811 279 811 280 812 274 812 276 812 418 813 420 813 416 813 416 814 420 814 414 814 414 815 420 815 412 815 280 816 272 816 274 816 422 817 425 817 420 817 412 818 425 818 400 818 420 819 425 819 412 819 283 820 267 820 280 820 272 821 267 821 270 821 270 822 267 822 268 822 342 823 267 823 294 823 294 824 267 824 283 824 280 825 267 825 272 825 375 826 267 826 342 826 428 827 430 827 426 827 426 828 430 828 425 828 265 829 260 829 263 829 265 830 258 830 260 830 267 831 257 831 265 831 265 832 257 832 258 832 438 833 440 833 436 833 436 834 440 834 434 834 442 835 444 835 440 835 390 836 500 836 375 836 253 837 500 837 502 837 257 838 500 838 252 838 252 839 500 839 253 839 375 840 500 840 267 840 267 841 500 841 257 841 444 842 446 842 440 842 440 843 448 843 434 843 446 844 448 844 440 844 500 845 494 845 498 845 498 846 494 846 497 846 448 847 452 847 434 847 450 848 452 848 448 848 434 849 452 849 432 849 432 850 452 850 430 850 456 851 458 851 454 851 454 852 458 852 452 852 452 853 458 853 430 853 430 854 458 854 425 854 490 855 486 855 488 855 460 856 462 856 458 856 462 857 465 857 458 857 494 858 480 858 492 858 492 859 480 859 490 859 486 860 480 860 484 860 484 861 480 861 482 861 390 862 480 862 500 862 500 863 480 863 494 863 400 864 480 864 390 864 490 865 480 865 486 865 466 866 468 866 465 866 465 867 468 867 458 867 480 868 476 868 478 868 458 869 471 869 425 869 400 870 471 870 480 870 468 871 471 871 458 871 425 872 471 872 400 872 476 873 472 873 475 873 480 874 472 874 476 874 471 875 472 875 480 875 343 876 351 876 349 876 343 877 349 877 347 877 343 878 347 878 345 878 355 879 353 879 351 879 339 880 343 880 340 880 359 881 357 881 355 881 335 882 339 882 337 882 331 883 339 883 335 883 331 884 335 884 332 884 329 885 343 885 339 885 329 886 339 886 331 886 367 887 365 887 363 887 368 888 367 888 363 888 321 889 343 889 329 889 321 890 329 890 327 890 321 891 327 891 325 891 321 892 325 892 322 892 374 893 351 893 343 893 374 894 355 894 351 894 374 895 359 895 355 895 374 896 373 896 371 896 374 897 371 897 368 897 374 898 368 898 363 898 374 899 363 899 361 899 374 900 361 900 359 900 317 901 321 901 319 901 379 902 377 902 374 902 381 903 379 903 374 903 313 904 321 904 317 904 313 905 317 905 314 905 385 906 382 906 381 906 385 907 381 907 374 907 309 908 313 908 311 908 389 909 387 909 385 909 391 910 385 910 374 910 391 911 389 911 385 911 395 912 393 912 391 912 299 913 304 913 302 913 299 914 302 914 301 914 299 915 313 915 309 915 299 916 309 916 306 916 299 917 306 917 304 917 399 918 397 918 395 918 295 919 299 919 296 919 295 920 313 920 299 920 295 921 343 921 321 921 295 922 321 922 313 922 401 923 395 923 391 923 401 924 399 924 395 924 289 925 293 925 290 925 407 926 405 926 402 926 407 927 402 927 401 927 285 928 289 928 287 928 411 929 409 929 407 929 282 930 295 930 293 930 282 931 293 931 289 931 282 932 289 932 285 932 413 933 407 933 401 933 413 934 411 934 407 934 277 935 281 935 278 935 275 936 281 936 277 936 421 937 419 937 417 937 421 938 417 938 415 938 421 939 415 939 413 939 273 940 281 940 275 940 424 941 423 941 421 941 424 942 413 942 401 942 424 943 421 943 413 943 266 944 282 944 281 944 266 945 273 945 271 945 266 946 271 946 269 946 266 947 343 947 295 947 266 948 295 948 282 948 266 949 281 949 273 949 266 950 374 950 343 950 431 951 429 951 427 951 431 952 427 952 424 952 261 953 264 953 262 953 259 954 264 954 261 954 256 955 266 955 264 955 256 956 264 956 259 956 441 957 439 957 437 957 441 958 437 958 435 958 445 959 443 959 441 959 501 960 391 960 374 960 501 961 254 961 503 961 501 962 256 962 255 962 501 963 255 963 254 963 501 964 374 964 266 964 501 965 266 965 256 965 447 966 445 966 441 966 449 967 441 967 435 967 449 968 447 968 441 968 495 969 501 969 499 969 495 970 499 970 496 970 453 971 449 971 435 971 453 972 451 972 449 972 453 973 435 973 433 973 453 974 433 974 431 974 459 975 457 975 455 975 459 976 455 976 453 976 459 977 453 977 431 977 459 978 431 978 424 978 487 979 491 979 489 979 463 980 461 980 459 980 464 981 463 981 459 981 481 982 495 982 493 982 481 983 493 983 491 983 481 984 487 984 485 984 481 985 485 985 483 985 481 986 391 986 501 986 481 987 501 987 495 987 481 988 401 988 391 988 481 989 491 989 487 989 469 990 467 990 464 990 469 991 464 991 459 991 477 992 481 992 479 992 470 993 459 993 424 993 470 994 401 994 481 994 470 995 469 995 459 995 470 996 424 996 401 996 473 997 477 997 474 997 473 998 481 998 477 998 473 999 470 999 481 999 504 1000 505 1000 506 1000 504 1001 507 1001 508 1001 504 1002 506 1002 507 1002 509 1003 504 1003 508 1003 510 1004 508 1004 511 1004 510 1005 509 1005 508 1005 512 1006 513 1006 514 1006 512 1007 511 1007 513 1007 512 1008 510 1008 511 1008 515 1009 514 1009 516 1009 515 1010 512 1010 514 1010 517 1011 516 1011 518 1011 517 1012 515 1012 516 1012 519 1013 517 1013 518 1013 520 1014 518 1014 521 1014 520 1015 519 1015 518 1015 522 1016 521 1016 523 1016 522 1017 520 1017 521 1017 524 1018 523 1018 525 1018 524 1019 522 1019 523 1019 526 1020 524 1020 525 1020 526 1021 525 1021 527 1021 528 1022 526 1022 527 1022 528 1023 529 1023 530 1023 528 1024 527 1024 529 1024 531 1025 528 1025 530 1025 532 1026 531 1026 530 1026 532 1027 533 1027 534 1027 532 1028 530 1028 533 1028 535 1029 532 1029 534 1029 536 1030 535 1030 534 1030 536 1031 534 1031 537 1031 538 1032 536 1032 537 1032 538 1033 537 1033 539 1033 540 1034 538 1034 539 1034 540 1035 541 1035 542 1035 540 1036 539 1036 541 1036 543 1037 540 1037 542 1037 544 1038 542 1038 545 1038 544 1039 543 1039 542 1039 546 1040 547 1040 548 1040 546 1041 545 1041 547 1041 546 1042 544 1042 545 1042 549 1043 546 1043 548 1043 550 1044 548 1044 551 1044 550 1045 549 1045 548 1045 552 1046 553 1046 554 1046 552 1047 551 1047 553 1047 552 1048 550 1048 551 1048 555 1049 554 1049 556 1049 555 1050 552 1050 554 1050 557 1051 556 1051 558 1051 557 1052 555 1052 556 1052 559 1053 557 1053 558 1053 560 1054 558 1054 561 1054 560 1055 559 1055 558 1055 562 1056 561 1056 563 1056 562 1057 560 1057 561 1057 564 1058 565 1058 566 1058 564 1059 563 1059 565 1059 564 1060 562 1060 563 1060 567 1061 564 1061 566 1061 568 1062 566 1062 569 1062 568 1063 567 1063 566 1063 570 1064 569 1064 571 1064 570 1065 568 1065 569 1065 572 1066 573 1066 574 1066 572 1067 571 1067 573 1067 572 1068 570 1068 571 1068 575 1069 572 1069 574 1069 576 1070 575 1070 574 1070 576 1071 574 1071 577 1071 578 1072 576 1072 577 1072 578 1073 577 1073 579 1073 580 1074 578 1074 579 1074 580 1075 579 1075 581 1075 582 1076 583 1076 584 1076 582 1077 581 1077 583 1077 582 1078 580 1078 581 1078 585 1079 582 1079 584 1079 586 1080 584 1080 587 1080 586 1081 585 1081 584 1081 588 1082 587 1082 589 1082 588 1083 586 1083 587 1083 590 1084 591 1084 592 1084 590 1085 589 1085 591 1085 590 1086 588 1086 589 1086 593 1087 590 1087 592 1087 594 1088 592 1088 595 1088 594 1089 593 1089 592 1089 596 1090 595 1090 597 1090 596 1091 594 1091 595 1091 598 1092 597 1092 599 1092 598 1093 596 1093 597 1093 600 1094 599 1094 601 1094 600 1095 598 1095 599 1095 602 1096 601 1096 603 1096 602 1097 600 1097 601 1097 604 1098 603 1098 605 1098 604 1099 602 1099 603 1099 606 1100 605 1100 607 1100 606 1101 604 1101 605 1101 608 1102 607 1102 609 1102 608 1103 606 1103 607 1103 610 1104 608 1104 609 1104 610 1105 609 1105 611 1105 612 1106 610 1106 611 1106 612 1107 611 1107 613 1107 614 1108 612 1108 613 1108 614 1109 613 1109 615 1109 616 1110 614 1110 615 1110 616 1111 615 1111 617 1111 618 1112 616 1112 617 1112 618 1113 619 1113 620 1113 618 1114 617 1114 619 1114 621 1115 618 1115 620 1115 622 1116 621 1116 620 1116 622 1117 620 1117 623 1117 624 1118 625 1118 626 1118 624 1119 623 1119 625 1119 624 1120 622 1120 623 1120 627 1121 624 1121 626 1121 628 1122 627 1122 626 1122 628 1123 626 1123 629 1123 630 1124 628 1124 629 1124 630 1125 629 1125 631 1125 632 1126 630 1126 631 1126 632 1127 633 1127 634 1127 632 1128 631 1128 633 1128 635 1129 632 1129 634 1129 636 1130 635 1130 634 1130 636 1131 634 1131 637 1131 638 1132 636 1132 637 1132 638 1133 637 1133 639 1133 640 1134 638 1134 639 1134 640 1135 639 1135 641 1135 642 1136 640 1136 641 1136 642 1137 641 1137 643 1137 644 1138 642 1138 643 1138 644 1139 643 1139 645 1139 646 1140 644 1140 645 1140 646 1141 645 1141 647 1141 648 1142 646 1142 647 1142 648 1143 647 1143 649 1143 650 1144 648 1144 649 1144 650 1145 649 1145 651 1145 652 1146 650 1146 651 1146 652 1147 653 1147 654 1147 652 1148 651 1148 653 1148 655 1149 652 1149 654 1149 656 1150 655 1150 654 1150 656 1151 654 1151 657 1151 658 1152 656 1152 657 1152 658 1153 657 1153 659 1153 660 1154 658 1154 659 1154 660 1155 659 1155 661 1155 662 1156 660 1156 661 1156 662 1157 661 1157 663 1157 664 1158 663 1158 665 1158 664 1159 662 1159 663 1159 666 1160 664 1160 665 1160 666 1161 665 1161 667 1161 668 1162 667 1162 669 1162 668 1163 666 1163 667 1163 670 1164 669 1164 671 1164 670 1165 668 1165 669 1165 672 1166 671 1166 673 1166 672 1167 670 1167 671 1167 674 1168 675 1168 676 1168 674 1169 673 1169 675 1169 674 1170 672 1170 673 1170 677 1171 674 1171 676 1171 678 1172 677 1172 676 1172 678 1173 676 1173 679 1173 680 1174 678 1174 679 1174 680 1175 679 1175 681 1175 682 1176 680 1176 681 1176 682 1177 681 1177 683 1177 684 1178 682 1178 683 1178 684 1179 683 1179 685 1179 686 1180 684 1180 685 1180 686 1181 685 1181 687 1181 688 1182 686 1182 687 1182 688 1183 687 1183 689 1183 690 1184 688 1184 689 1184 690 1185 689 1185 691 1185 692 1186 690 1186 691 1186 692 1187 691 1187 693 1187 694 1188 692 1188 693 1188 694 1189 693 1189 695 1189 696 1190 694 1190 695 1190 696 1191 695 1191 697 1191 698 1192 696 1192 697 1192 698 1193 697 1193 699 1193 700 1194 698 1194 699 1194 700 1195 699 1195 701 1195 702 1196 700 1196 701 1196 702 1197 701 1197 703 1197 704 1198 703 1198 705 1198 704 1199 702 1199 703 1199 706 1200 704 1200 705 1200 706 1201 705 1201 707 1201 708 1202 707 1202 709 1202 708 1203 706 1203 707 1203 710 1204 709 1204 711 1204 710 1205 708 1205 709 1205 712 1206 711 1206 713 1206 712 1207 710 1207 711 1207 714 1208 715 1208 716 1208 714 1209 713 1209 715 1209 714 1210 712 1210 713 1210 717 1211 714 1211 716 1211 718 1212 716 1212 719 1212 718 1213 717 1213 716 1213 720 1214 721 1214 722 1214 720 1215 719 1215 721 1215 720 1216 718 1216 719 1216 723 1217 720 1217 722 1217 724 1218 725 1218 726 1218 724 1219 722 1219 725 1219 724 1220 723 1220 722 1220 727 1221 724 1221 726 1221 728 1222 726 1222 729 1222 728 1223 727 1223 726 1223 730 1224 728 1224 729 1224 730 1225 729 1225 731 1225 732 1226 730 1226 731 1226 732 1227 731 1227 733 1227 734 1228 732 1228 733 1228 734 1229 733 1229 735 1229 736 1230 734 1230 735 1230 736 1231 735 1231 737 1231 738 1232 736 1232 737 1232 738 1233 737 1233 739 1233 740 1234 738 1234 739 1234 740 1235 739 1235 741 1235 742 1236 740 1236 741 1236 742 1237 741 1237 743 1237 744 1238 743 1238 745 1238 744 1239 742 1239 743 1239 746 1240 744 1240 745 1240 746 1241 747 1241 748 1241 746 1242 745 1242 747 1242 749 1243 746 1243 748 1243 750 1244 748 1244 751 1244 750 1245 749 1245 748 1245 752 1246 751 1246 753 1246 752 1247 750 1247 751 1247 754 1248 753 1248 755 1248 754 1249 752 1249 753 1249 505 1250 755 1250 506 1250 505 1251 754 1251 755 1251 600 1252 602 1252 598 1252 598 1253 602 1253 596 1253 604 1254 606 1254 602 1254 602 1255 590 1255 596 1255 596 1256 590 1256 594 1256 594 1257 590 1257 593 1257 608 1258 610 1258 606 1258 590 1259 586 1259 588 1259 590 1260 582 1260 586 1260 586 1261 582 1261 585 1261 602 1262 580 1262 590 1262 590 1263 580 1263 582 1263 616 1264 618 1264 614 1264 618 1265 621 1265 614 1265 580 1266 572 1266 578 1266 578 1267 572 1267 576 1267 576 1268 572 1268 575 1268 606 1269 627 1269 602 1269 610 1270 627 1270 606 1270 624 1271 627 1271 622 1271 622 1272 627 1272 621 1272 614 1273 627 1273 612 1273 621 1274 627 1274 614 1274 612 1275 627 1275 610 1275 572 1276 568 1276 570 1276 628 1277 630 1277 627 1277 630 1278 632 1278 627 1278 572 1279 564 1279 568 1279 568 1280 564 1280 567 1280 635 1281 636 1281 632 1281 632 1282 636 1282 627 1282 564 1283 560 1283 562 1283 636 1284 640 1284 627 1284 638 1285 640 1285 636 1285 642 1286 644 1286 640 1286 644 1287 646 1287 640 1287 557 1288 550 1288 555 1288 555 1289 550 1289 552 1289 564 1290 550 1290 560 1290 560 1291 550 1291 559 1291 559 1292 550 1292 557 1292 646 1293 650 1293 640 1293 648 1294 650 1294 646 1294 550 1295 546 1295 549 1295 564 1296 546 1296 550 1296 602 1297 546 1297 580 1297 580 1298 546 1298 572 1298 572 1299 546 1299 564 1299 655 1300 656 1300 652 1300 652 1301 656 1301 650 1301 544 1302 540 1302 543 1302 656 1303 658 1303 650 1303 540 1304 536 1304 538 1304 660 1305 662 1305 658 1305 546 1306 535 1306 544 1306 544 1307 535 1307 540 1307 540 1308 535 1308 536 1308 658 1309 664 1309 650 1309 662 1310 664 1310 658 1310 532 1311 528 1311 531 1311 532 1312 526 1312 528 1312 670 1313 672 1313 668 1313 668 1314 672 1314 666 1314 666 1315 672 1315 664 1315 532 1316 524 1316 526 1316 674 1317 677 1317 672 1317 672 1318 677 1318 664 1318 535 1319 519 1319 532 1319 524 1320 519 1320 522 1320 522 1321 519 1321 520 1321 546 1322 519 1322 535 1322 627 1323 519 1323 602 1323 532 1324 519 1324 524 1324 602 1325 519 1325 546 1325 680 1326 682 1326 678 1326 678 1327 682 1327 677 1327 517 1328 512 1328 515 1328 517 1329 510 1329 512 1329 519 1330 509 1330 517 1330 517 1331 509 1331 510 1331 640 1332 504 1332 627 1332 627 1333 504 1333 519 1333 519 1334 504 1334 509 1334 690 1335 692 1335 688 1335 688 1336 692 1336 686 1336 694 1337 696 1337 692 1337 696 1338 698 1338 692 1338 505 1339 750 1339 754 1339 754 1340 750 1340 752 1340 504 1341 750 1341 505 1341 692 1342 700 1342 686 1342 698 1343 700 1343 692 1343 702 1344 704 1344 700 1344 700 1345 704 1345 686 1345 686 1346 704 1346 684 1346 684 1347 704 1347 682 1347 750 1348 744 1348 749 1348 749 1349 744 1349 746 1349 750 1350 742 1350 744 1350 704 1351 710 1351 682 1351 708 1352 710 1352 706 1352 706 1353 710 1353 704 1353 682 1354 710 1354 677 1354 742 1355 738 1355 740 1355 742 1356 736 1356 738 1356 750 1357 736 1357 742 1357 712 1358 714 1358 710 1358 714 1359 717 1359 710 1359 504 1360 732 1360 750 1360 736 1361 732 1361 734 1361 650 1362 732 1362 640 1362 750 1363 732 1363 736 1363 640 1364 732 1364 504 1364 717 1365 718 1365 710 1365 718 1366 720 1366 710 1366 732 1367 728 1367 730 1367 720 1368 723 1368 710 1368 710 1369 723 1369 677 1369 664 1370 723 1370 650 1370 650 1371 723 1371 732 1371 677 1372 723 1372 664 1372 728 1373 724 1373 727 1373 723 1374 724 1374 732 1374 732 1375 724 1375 728 1375 603 1376 601 1376 599 1376 603 1377 599 1377 597 1377 607 1378 605 1378 603 1378 591 1379 603 1379 597 1379 591 1380 597 1380 595 1380 591 1381 595 1381 592 1381 611 1382 609 1382 607 1382 587 1383 591 1383 589 1383 583 1384 591 1384 587 1384 583 1385 587 1385 584 1385 581 1386 603 1386 591 1386 581 1387 591 1387 583 1387 619 1388 617 1388 615 1388 620 1389 619 1389 615 1389 573 1390 581 1390 579 1390 573 1391 579 1391 577 1391 573 1392 577 1392 574 1392 626 1393 607 1393 603 1393 626 1394 611 1394 607 1394 626 1395 625 1395 623 1395 626 1396 623 1396 620 1396 626 1397 615 1397 613 1397 626 1398 620 1398 615 1398 626 1399 613 1399 611 1399 569 1400 573 1400 571 1400 631 1401 629 1401 626 1401 633 1402 631 1402 626 1402 565 1403 573 1403 569 1403 565 1404 569 1404 566 1404 637 1405 634 1405 633 1405 637 1406 633 1406 626 1406 561 1407 565 1407 563 1407 641 1408 637 1408 626 1408 641 1409 639 1409 637 1409 645 1410 643 1410 641 1410 647 1411 645 1411 641 1411 551 1412 556 1412 554 1412 551 1413 554 1413 553 1413 551 1414 565 1414 561 1414 551 1415 561 1415 558 1415 551 1416 558 1416 556 1416 651 1417 647 1417 641 1417 651 1418 649 1418 647 1418 547 1419 551 1419 548 1419 547 1420 565 1420 551 1420 547 1421 603 1421 581 1421 547 1422 581 1422 573 1422 547 1423 573 1423 565 1423 657 1424 654 1424 653 1424 657 1425 653 1425 651 1425 541 1426 545 1426 542 1426 659 1427 657 1427 651 1427 537 1428 541 1428 539 1428 663 1429 661 1429 659 1429 534 1430 547 1430 545 1430 534 1431 545 1431 541 1431 534 1432 541 1432 537 1432 665 1433 659 1433 651 1433 665 1434 663 1434 659 1434 529 1435 533 1435 530 1435 527 1436 533 1436 529 1436 673 1437 671 1437 669 1437 673 1438 669 1438 667 1438 673 1439 667 1439 665 1439 525 1440 533 1440 527 1440 676 1441 675 1441 673 1441 676 1442 673 1442 665 1442 518 1443 534 1443 533 1443 518 1444 525 1444 523 1444 518 1445 523 1445 521 1445 518 1446 547 1446 534 1446 518 1447 626 1447 603 1447 518 1448 533 1448 525 1448 518 1449 603 1449 547 1449 683 1450 681 1450 679 1450 683 1451 679 1451 676 1451 513 1452 516 1452 514 1452 511 1453 516 1453 513 1453 508 1454 518 1454 516 1454 508 1455 516 1455 511 1455 507 1456 641 1456 626 1456 507 1457 626 1457 518 1457 507 1458 518 1458 508 1458 693 1459 691 1459 689 1459 693 1460 689 1460 687 1460 697 1461 695 1461 693 1461 699 1462 697 1462 693 1462 751 1463 506 1463 755 1463 751 1464 755 1464 753 1464 751 1465 507 1465 506 1465 701 1466 693 1466 687 1466 701 1467 699 1467 693 1467 705 1468 703 1468 701 1468 705 1469 701 1469 687 1469 705 1470 687 1470 685 1470 705 1471 685 1471 683 1471 745 1472 751 1472 748 1472 745 1473 748 1473 747 1473 743 1474 751 1474 745 1474 711 1475 705 1475 683 1475 711 1476 709 1476 707 1476 711 1477 707 1477 705 1477 711 1478 683 1478 676 1478 739 1479 743 1479 741 1479 737 1480 743 1480 739 1480 737 1481 751 1481 743 1481 715 1482 713 1482 711 1482 716 1483 715 1483 711 1483 733 1484 507 1484 751 1484 733 1485 737 1485 735 1485 733 1486 651 1486 641 1486 733 1487 751 1487 737 1487 733 1488 641 1488 507 1488 719 1489 716 1489 711 1489 721 1490 719 1490 711 1490 729 1491 733 1491 731 1491 722 1492 721 1492 711 1492 722 1493 711 1493 676 1493 722 1494 665 1494 651 1494 722 1495 651 1495 733 1495 722 1496 676 1496 665 1496 725 1497 729 1497 726 1497 725 1498 722 1498 733 1498 725 1499 733 1499 729 1499 756 1500 757 1500 758 1500 756 1501 759 1501 760 1501 756 1502 758 1502 759 1502 761 1503 756 1503 760 1503 762 1504 760 1504 763 1504 762 1505 761 1505 760 1505 764 1506 765 1506 766 1506 764 1507 763 1507 765 1507 764 1508 762 1508 763 1508 767 1509 766 1509 768 1509 767 1510 764 1510 766 1510 769 1511 768 1511 770 1511 769 1512 767 1512 768 1512 771 1513 769 1513 770 1513 772 1514 770 1514 773 1514 772 1515 771 1515 770 1515 774 1516 773 1516 775 1516 774 1517 772 1517 773 1517 776 1518 775 1518 777 1518 776 1519 774 1519 775 1519 778 1520 776 1520 777 1520 778 1521 777 1521 779 1521 780 1522 778 1522 779 1522 780 1523 781 1523 782 1523 780 1524 779 1524 781 1524 783 1525 780 1525 782 1525 784 1526 783 1526 782 1526 784 1527 785 1527 786 1527 784 1528 782 1528 785 1528 787 1529 784 1529 786 1529 788 1530 787 1530 786 1530 788 1531 786 1531 789 1531 790 1532 788 1532 789 1532 790 1533 789 1533 791 1533 792 1534 790 1534 791 1534 792 1535 793 1535 794 1535 792 1536 791 1536 793 1536 795 1537 792 1537 794 1537 796 1538 794 1538 797 1538 796 1539 795 1539 794 1539 798 1540 799 1540 800 1540 798 1541 797 1541 799 1541 798 1542 796 1542 797 1542 801 1543 798 1543 800 1543 802 1544 800 1544 803 1544 802 1545 801 1545 800 1545 804 1546 805 1546 806 1546 804 1547 803 1547 805 1547 804 1548 802 1548 803 1548 807 1549 806 1549 808 1549 807 1550 804 1550 806 1550 809 1551 808 1551 810 1551 809 1552 807 1552 808 1552 811 1553 809 1553 810 1553 812 1554 810 1554 813 1554 812 1555 811 1555 810 1555 814 1556 813 1556 815 1556 814 1557 812 1557 813 1557 816 1558 817 1558 818 1558 816 1559 815 1559 817 1559 816 1560 814 1560 815 1560 819 1561 816 1561 818 1561 820 1562 818 1562 821 1562 820 1563 819 1563 818 1563 822 1564 821 1564 823 1564 822 1565 820 1565 821 1565 824 1566 825 1566 826 1566 824 1567 823 1567 825 1567 824 1568 822 1568 823 1568 827 1569 824 1569 826 1569 828 1570 827 1570 826 1570 828 1571 826 1571 829 1571 830 1572 828 1572 829 1572 830 1573 829 1573 831 1573 832 1574 830 1574 831 1574 832 1575 831 1575 833 1575 834 1576 835 1576 836 1576 834 1577 833 1577 835 1577 834 1578 832 1578 833 1578 837 1579 834 1579 836 1579 838 1580 836 1580 839 1580 838 1581 837 1581 836 1581 840 1582 839 1582 841 1582 840 1583 838 1583 839 1583 842 1584 843 1584 844 1584 842 1585 841 1585 843 1585 842 1586 840 1586 841 1586 845 1587 842 1587 844 1587 846 1588 844 1588 847 1588 846 1589 845 1589 844 1589 848 1590 847 1590 849 1590 848 1591 846 1591 847 1591 850 1592 849 1592 851 1592 850 1593 848 1593 849 1593 852 1594 851 1594 853 1594 852 1595 850 1595 851 1595 854 1596 853 1596 855 1596 854 1597 852 1597 853 1597 856 1598 855 1598 857 1598 856 1599 854 1599 855 1599 858 1600 857 1600 859 1600 858 1601 856 1601 857 1601 860 1602 859 1602 861 1602 860 1603 858 1603 859 1603 862 1604 860 1604 861 1604 862 1605 861 1605 863 1605 864 1606 862 1606 863 1606 864 1607 863 1607 865 1607 866 1608 864 1608 865 1608 866 1609 865 1609 867 1609 868 1610 866 1610 867 1610 868 1611 867 1611 869 1611 870 1612 868 1612 869 1612 870 1613 871 1613 872 1613 870 1614 869 1614 871 1614 873 1615 870 1615 872 1615 874 1616 873 1616 872 1616 874 1617 872 1617 875 1617 876 1618 877 1618 878 1618 876 1619 875 1619 877 1619 876 1620 874 1620 875 1620 879 1621 876 1621 878 1621 880 1622 879 1622 878 1622 880 1623 878 1623 881 1623 882 1624 880 1624 881 1624 882 1625 881 1625 883 1625 884 1626 882 1626 883 1626 884 1627 885 1627 886 1627 884 1628 883 1628 885 1628 887 1629 884 1629 886 1629 888 1630 887 1630 886 1630 888 1631 886 1631 889 1631 890 1632 888 1632 889 1632 890 1633 889 1633 891 1633 892 1634 890 1634 891 1634 892 1635 891 1635 893 1635 894 1636 892 1636 893 1636 894 1637 893 1637 895 1637 896 1638 894 1638 895 1638 896 1639 895 1639 897 1639 898 1640 896 1640 897 1640 898 1641 897 1641 899 1641 900 1642 898 1642 899 1642 900 1643 899 1643 901 1643 902 1644 900 1644 901 1644 902 1645 901 1645 903 1645 904 1646 902 1646 903 1646 904 1647 905 1647 906 1647 904 1648 903 1648 905 1648 907 1649 904 1649 906 1649 908 1650 907 1650 906 1650 908 1651 906 1651 909 1651 910 1652 908 1652 909 1652 910 1653 909 1653 911 1653 912 1654 910 1654 911 1654 912 1655 911 1655 913 1655 914 1656 912 1656 913 1656 914 1657 913 1657 915 1657 916 1658 915 1658 917 1658 916 1659 914 1659 915 1659 918 1660 916 1660 917 1660 918 1661 917 1661 919 1661 920 1662 919 1662 921 1662 920 1663 918 1663 919 1663 922 1664 921 1664 923 1664 922 1665 920 1665 921 1665 924 1666 923 1666 925 1666 924 1667 922 1667 923 1667 926 1668 927 1668 928 1668 926 1669 925 1669 927 1669 926 1670 924 1670 925 1670 929 1671 926 1671 928 1671 930 1672 929 1672 928 1672 930 1673 928 1673 931 1673 932 1674 930 1674 931 1674 932 1675 931 1675 933 1675 934 1676 932 1676 933 1676 934 1677 933 1677 935 1677 936 1678 934 1678 935 1678 936 1679 935 1679 937 1679 938 1680 936 1680 937 1680 938 1681 937 1681 939 1681 940 1682 938 1682 939 1682 940 1683 939 1683 941 1683 942 1684 940 1684 941 1684 942 1685 941 1685 943 1685 944 1686 942 1686 943 1686 944 1687 943 1687 945 1687 946 1688 944 1688 945 1688 946 1689 945 1689 947 1689 948 1690 946 1690 947 1690 948 1691 947 1691 949 1691 950 1692 948 1692 949 1692 950 1693 949 1693 951 1693 952 1694 950 1694 951 1694 952 1695 951 1695 953 1695 954 1696 952 1696 953 1696 954 1697 953 1697 955 1697 956 1698 955 1698 957 1698 956 1699 954 1699 955 1699 958 1700 956 1700 957 1700 958 1701 957 1701 959 1701 960 1702 959 1702 961 1702 960 1703 958 1703 959 1703 962 1704 961 1704 963 1704 962 1705 960 1705 961 1705 964 1706 963 1706 965 1706 964 1707 962 1707 963 1707 966 1708 967 1708 968 1708 966 1709 965 1709 967 1709 966 1710 964 1710 965 1710 969 1711 966 1711 968 1711 970 1712 968 1712 971 1712 970 1713 969 1713 968 1713 972 1714 973 1714 974 1714 972 1715 971 1715 973 1715 972 1716 970 1716 971 1716 975 1717 972 1717 974 1717 976 1718 977 1718 978 1718 976 1719 974 1719 977 1719 976 1720 975 1720 974 1720 979 1721 976 1721 978 1721 980 1722 978 1722 981 1722 980 1723 979 1723 978 1723 982 1724 980 1724 981 1724 982 1725 981 1725 983 1725 984 1726 982 1726 983 1726 984 1727 983 1727 985 1727 986 1728 984 1728 985 1728 986 1729 985 1729 987 1729 988 1730 986 1730 987 1730 988 1731 987 1731 989 1731 990 1732 988 1732 989 1732 990 1733 989 1733 991 1733 992 1734 990 1734 991 1734 992 1735 991 1735 993 1735 994 1736 992 1736 993 1736 994 1737 993 1737 995 1737 996 1738 995 1738 997 1738 996 1739 994 1739 995 1739 998 1740 996 1740 997 1740 998 1741 999 1741 1000 1741 998 1742 997 1742 999 1742 1001 1743 998 1743 1000 1743 1002 1744 1000 1744 1003 1744 1002 1745 1001 1745 1000 1745 1004 1746 1003 1746 1005 1746 1004 1747 1002 1747 1003 1747 1006 1748 1005 1748 1007 1748 1006 1749 1004 1749 1005 1749 757 1750 1007 1750 758 1750 757 1751 1006 1751 1007 1751 852 1752 854 1752 850 1752 850 1753 854 1753 848 1753 856 1754 858 1754 854 1754 854 1755 842 1755 848 1755 848 1756 842 1756 846 1756 846 1757 842 1757 845 1757 860 1758 862 1758 858 1758 842 1759 838 1759 840 1759 858 1760 864 1760 854 1760 862 1761 864 1761 858 1761 842 1762 834 1762 838 1762 838 1763 834 1763 837 1763 854 1764 832 1764 842 1764 842 1765 832 1765 834 1765 868 1766 870 1766 866 1766 866 1767 870 1767 864 1767 870 1768 873 1768 864 1768 854 1769 824 1769 832 1769 832 1770 824 1770 830 1770 830 1771 824 1771 828 1771 828 1772 824 1772 827 1772 876 1773 879 1773 874 1773 874 1774 879 1774 873 1774 873 1775 879 1775 864 1775 824 1776 820 1776 822 1776 880 1777 882 1777 879 1777 882 1778 884 1778 879 1778 824 1779 816 1779 820 1779 820 1780 816 1780 819 1780 887 1781 888 1781 884 1781 884 1782 888 1782 879 1782 816 1783 812 1783 814 1783 888 1784 892 1784 879 1784 890 1785 892 1785 888 1785 894 1786 896 1786 892 1786 896 1787 898 1787 892 1787 809 1788 802 1788 807 1788 807 1789 802 1789 804 1789 816 1790 802 1790 812 1790 824 1791 802 1791 816 1791 812 1792 802 1792 811 1792 811 1793 802 1793 809 1793 898 1794 902 1794 892 1794 900 1795 902 1795 898 1795 802 1796 796 1796 801 1796 801 1797 796 1797 798 1797 907 1798 908 1798 904 1798 904 1799 908 1799 902 1799 908 1800 910 1800 902 1800 796 1801 790 1801 795 1801 795 1802 790 1802 792 1802 824 1803 790 1803 802 1803 802 1804 790 1804 796 1804 864 1805 790 1805 854 1805 854 1806 790 1806 824 1806 912 1807 914 1807 910 1807 790 1808 787 1808 788 1808 910 1809 916 1809 902 1809 914 1810 916 1810 910 1810 790 1811 784 1811 787 1811 784 1812 780 1812 783 1812 784 1813 778 1813 780 1813 922 1814 924 1814 920 1814 920 1815 924 1815 918 1815 918 1816 924 1816 916 1816 784 1817 776 1817 778 1817 926 1818 929 1818 924 1818 924 1819 929 1819 916 1819 776 1820 771 1820 774 1820 774 1821 771 1821 772 1821 864 1822 771 1822 790 1822 790 1823 771 1823 784 1823 784 1824 771 1824 776 1824 879 1825 771 1825 864 1825 932 1826 934 1826 930 1826 930 1827 934 1827 929 1827 769 1828 764 1828 767 1828 769 1829 762 1829 764 1829 771 1830 761 1830 769 1830 769 1831 761 1831 762 1831 892 1832 756 1832 879 1832 879 1833 756 1833 771 1833 771 1834 756 1834 761 1834 942 1835 944 1835 940 1835 940 1836 944 1836 938 1836 946 1837 948 1837 944 1837 948 1838 950 1838 944 1838 757 1839 1002 1839 1006 1839 1006 1840 1002 1840 1004 1840 756 1841 1002 1841 757 1841 944 1842 952 1842 938 1842 950 1843 952 1843 944 1843 952 1844 956 1844 938 1844 954 1845 956 1845 952 1845 938 1846 956 1846 936 1846 936 1847 956 1847 934 1847 1002 1848 996 1848 1001 1848 1001 1849 996 1849 998 1849 1002 1850 994 1850 996 1850 956 1851 962 1851 934 1851 960 1852 962 1852 958 1852 958 1853 962 1853 956 1853 934 1854 962 1854 929 1854 994 1855 990 1855 992 1855 1002 1856 988 1856 994 1856 994 1857 988 1857 990 1857 964 1858 966 1858 962 1858 966 1859 969 1859 962 1859 892 1860 984 1860 756 1860 988 1861 984 1861 986 1861 756 1862 984 1862 1002 1862 902 1863 984 1863 892 1863 1002 1864 984 1864 988 1864 969 1865 970 1865 962 1865 984 1866 980 1866 982 1866 972 1867 975 1867 970 1867 962 1868 975 1868 929 1868 970 1869 975 1869 962 1869 902 1870 975 1870 984 1870 916 1871 975 1871 902 1871 929 1872 975 1872 916 1872 980 1873 976 1873 979 1873 975 1874 976 1874 984 1874 984 1875 976 1875 980 1875 855 1876 853 1876 851 1876 855 1877 851 1877 849 1877 859 1878 857 1878 855 1878 843 1879 855 1879 849 1879 843 1880 849 1880 847 1880 843 1881 847 1881 844 1881 863 1882 861 1882 859 1882 839 1883 843 1883 841 1883 865 1884 859 1884 855 1884 865 1885 863 1885 859 1885 835 1886 843 1886 839 1886 835 1887 839 1887 836 1887 833 1888 855 1888 843 1888 833 1889 843 1889 835 1889 871 1890 869 1890 867 1890 871 1891 867 1891 865 1891 872 1892 871 1892 865 1892 825 1893 855 1893 833 1893 825 1894 833 1894 831 1894 825 1895 831 1895 829 1895 825 1896 829 1896 826 1896 878 1897 877 1897 875 1897 878 1898 875 1898 872 1898 878 1899 872 1899 865 1899 821 1900 825 1900 823 1900 883 1901 881 1901 878 1901 885 1902 883 1902 878 1902 817 1903 825 1903 821 1903 817 1904 821 1904 818 1904 889 1905 886 1905 885 1905 889 1906 885 1906 878 1906 813 1907 817 1907 815 1907 893 1908 889 1908 878 1908 893 1909 891 1909 889 1909 897 1910 895 1910 893 1910 899 1911 897 1911 893 1911 803 1912 808 1912 806 1912 803 1913 806 1913 805 1913 803 1914 817 1914 813 1914 803 1915 825 1915 817 1915 803 1916 813 1916 810 1916 803 1917 810 1917 808 1917 903 1918 899 1918 893 1918 903 1919 901 1919 899 1919 797 1920 803 1920 800 1920 797 1921 800 1921 799 1921 909 1922 906 1922 905 1922 909 1923 905 1923 903 1923 911 1924 909 1924 903 1924 791 1925 797 1925 794 1925 791 1926 794 1926 793 1926 791 1927 825 1927 803 1927 791 1928 803 1928 797 1928 791 1929 865 1929 855 1929 791 1930 855 1930 825 1930 915 1931 913 1931 911 1931 786 1932 791 1932 789 1932 917 1933 911 1933 903 1933 917 1934 915 1934 911 1934 785 1935 791 1935 786 1935 781 1936 785 1936 782 1936 779 1937 785 1937 781 1937 925 1938 923 1938 921 1938 925 1939 921 1939 919 1939 925 1940 919 1940 917 1940 777 1941 785 1941 779 1941 928 1942 927 1942 925 1942 928 1943 925 1943 917 1943 770 1944 777 1944 775 1944 770 1945 775 1945 773 1945 770 1946 865 1946 791 1946 770 1947 791 1947 785 1947 770 1948 785 1948 777 1948 770 1949 878 1949 865 1949 935 1950 933 1950 931 1950 935 1951 931 1951 928 1951 765 1952 768 1952 766 1952 763 1953 768 1953 765 1953 760 1954 770 1954 768 1954 760 1955 768 1955 763 1955 759 1956 893 1956 878 1956 759 1957 878 1957 770 1957 759 1958 770 1958 760 1958 945 1959 943 1959 941 1959 945 1960 941 1960 939 1960 949 1961 947 1961 945 1961 951 1962 949 1962 945 1962 1003 1963 758 1963 1007 1963 1003 1964 1007 1964 1005 1964 1003 1965 759 1965 758 1965 953 1966 945 1966 939 1966 953 1967 951 1967 945 1967 957 1968 953 1968 939 1968 957 1969 955 1969 953 1969 957 1970 939 1970 937 1970 957 1971 937 1971 935 1971 997 1972 1003 1972 1000 1972 997 1973 1000 1973 999 1973 995 1974 1003 1974 997 1974 963 1975 957 1975 935 1975 963 1976 961 1976 959 1976 963 1977 959 1977 957 1977 963 1978 935 1978 928 1978 991 1979 995 1979 993 1979 989 1980 1003 1980 995 1980 989 1981 995 1981 991 1981 967 1982 965 1982 963 1982 968 1983 967 1983 963 1983 985 1984 893 1984 759 1984 985 1985 989 1985 987 1985 985 1986 759 1986 1003 1986 985 1987 903 1987 893 1987 985 1988 1003 1988 989 1988 971 1989 968 1989 963 1989 981 1990 985 1990 983 1990 974 1991 973 1991 971 1991 974 1992 963 1992 928 1992 974 1993 971 1993 963 1993 974 1994 903 1994 985 1994 974 1995 917 1995 903 1995 974 1996 928 1996 917 1996 977 1997 981 1997 978 1997 977 1998 974 1998 985 1998 977 1999 985 1999 981 1999</p>
        </triangles>
      </mesh>
    </geometry>
  </library_geometries>
  <library_materials>
    <material id="mat_Standoffs001_shape001" name="Standoffs001_shape001">
      <instance_effect url="#effect_Standoffs001_shape001"/>
    </material>
  </library_materials>
  <library_visual_scenes>
    <visual_scene id="myscene">
      <node id="node0" name="node0">
        <instance_geometry url="#geometry0">
          <bind_material>
            <technique_common>
              <instance_material symbol="ref_Standoffs001_shape001" target="#mat_Standoffs001_shape001"/>
            </technique_common>
          </bind_material>
        </instance_geometry>
      </node>
    </visual_scene>
  </library_visual_scenes>
  <scene>
    <instance_visual_scene url="#myscene"/>
  </scene>
</COLLADA>
