<COLLADA xmlns="http://www.collada.org/2005/11/COLLADASchema" version="1.4.1">
  <asset>
    <contributor/>
    <created>2026-09-16T16:52:53.415745</created>
    <modified>2026-09-16T16:52:53.415745</modified>
    <unit name="meter" meter="1.0"/>
    <up_axis>Z_UP</up_axis>
  </asset>
  <library_effects>
    <effect id="effect_T10_M3_35_42_075_20_1_004_shape002" name="effect_T10_M3_35_42_075_20_1_004_shape002">
      <profile_COMMON>
        <technique sid="common">
          <phong>
            <emission>
              <color>0.0 0.0 0.0 1.0</color>
            </emission>
            <ambient>
              <color>0.0 0.0 0.0 1.0</color>
            </ambient>
            <diffuse>
              <color>0.67843097448349 0.7098039984703064 0.7411760091781616 1.0</color>
            </diffuse>
            <specular>
              <color>1 1 1 1.0</color>
            </specular>
            <shininess>
              <float>0.0</float>
            </shininess>
            <reflective>
              <color>0.0 0.0 0.0 1.0</color>
            </reflective>
            <reflectivity>
              <float>0.0</float>
            </reflectivity>
            <transparent>
              <color>0.0 0.0 0.0 1.0</color>
            </transparent>
            <transparency>
              <float>1.0</float>
            </transparency>
          </phong>
        </technique>
        <extra>
          <technique profile="GOOGLEEARTH">
            <double_sided>0</double_sided>
          </technique>
        </extra>
      </profile_COMMON>
    </effect>
  </library_effects>
  <library_geometries>
    <geometry id="geometry0" name="T10_M3_35_42_075_20_1_004_shape002">
      <mesh>
        <source id="cubeverts-array0">
          <float_array count="3276" id="cubeverts-array0-array">-0.04567136 -0.01427 -0.02081459 -0.04533953 -0.01427 -0.02035758 -0.04575672 -0.01427 -0.02075409 -0.04583895 -0.01427 -0.02068941 -0.04526254 -0.01427 -0.0204199 -0.04539875 -0.01427 -0.02096959 -0.04549216 -0.01427 -0.02092247 -0.04558311 -0.01427 -0.02087076 -0.04539202 -0.01427 -0.02027358 -0.04591785 -0.01427 -0.02062072 -0.04599324 -0.01427 -0.02054819 -0.04516946 -0.01427 -0.02045376 -0.04520548 -0.01427 -0.02104958 -0.04530312 -0.01427 -0.02101199 -0.0454143 -0.01427 -0.02017706 -0.04606493 -0.01427 -0.02047199 -0.04613273 -0.01427 -0.02039231 -0.04619648 -0.01427 -0.02030936 -0.04507042 -0.01427 -0.02045547 -0.04500521 -0.01427 -0.02110995 -0.0451061 -0.01427 -0.02108226 -0.04497623 -0.01427 -0.02042482 -0.04459167 -0.01427 -0.02116963 -0.04469604 -0.01427 -0.02116246 -0.04479993 -0.01427 -0.0211501 -0.04490307 -0.01427 -0.02113258 -0.04651731 -0.01427 -0.0196551 -0.04598365 -0.01427 -0.01926955 -0.04654387 -0.01427 -0.01955391 -0.04656535 -0.01427 -0.01945152 -0.04591001 -0.01427 -0.0193358 -0.04636187 -0.01427 -0.02004293 -0.04640794 -0.01427 -0.019949 -0.04644926 -0.01427 -0.01985289 -0.04648576 -0.01427 -0.01975484 -0.04543838 -0.01427 -0.01978273 -0.04625601 -0.01427 -0.02022333 -0.04631119 -0.01427 -0.02013445 -0.04603169 -0.01427 -0.01918293 -0.04658171 -0.01427 -0.01934818 -0.0465929 -0.01427 -0.01924417 -0.0465989 -0.01427 -0.01913972 -0.04604891 -0.01427 -0.01908539 -0.04659968 -0.01427 -0.0190351 -0.04659526 -0.01427 -0.01893058 -0.04557673 -0.01427 -0.01954794 -0.04545871 -0.01427 -0.01969105 -0.04550638 -0.01427 -0.01961014 -0.04603343 -0.01427 -0.01898755 -0.04658563 -0.01427 -0.01882641 -0.04657083 -0.01427 -0.01872284 -0.04448516 -0.01427 -0.02117158 -0.04462587 -0.01427 -0.02024226 -0.04448708 -0.01427 -0.02117159 -0.04448326 -0.01427 -0.02117156 -0.04448135 -0.01427 -0.02117155 -0.04598693 -0.01427 -0.01890009 -0.04655089 -0.01427 -0.01862014 -0.04652586 -0.01427 -0.01851856 -0.04591448 -0.01427 -0.01883254 -0.0464958 -0.01427 -0.01841835 -0.04646079 -0.01427 -0.01831977 -0.04642091 -0.01427 -0.01822305 -0.04435336 -0.01427 -0.02023984 -0.04437679 -0.01427 -0.02116801 -0.04453682 -0.01427 -0.02021244 -0.04444292 -0.01427 -0.02021161 -0.04399982 -0.01427 -0.02041615 -0.0439642 -0.01427 -0.02110213 -0.04406599 -0.01427 -0.02112629 -0.04416885 -0.01427 -0.02114536 -0.04427254 -0.01427 -0.02115928 -0.04390509 -0.01427 -0.02044512 -0.04376486 -0.01427 -0.02103875 -0.04386374 -0.01427 -0.02107292 -0.0438061 -0.01427 -0.02044166 -0.04357281 -0.01427 -0.02095586 -0.0436678 -0.01427 -0.0209997 -0.04558502 -0.01427 -0.01861452 -0.04637627 -0.01427 -0.01812844 -0.04632697 -0.01427 -0.01803616 -0.04371363 -0.01427 -0.02040615 -0.04338997 -0.01427 -0.02085427 -0.04348012 -0.01427 -0.02090734 -0.04330256 -0.01427 -0.02079678 -0.04363776 -0.01427 -0.02034246 -0.04321813 -0.01427 -0.020735 -0.04313688 -0.01427 -0.0206691 -0.04358677 -0.01427 -0.02025755 -0.04545086 -0.01427 -0.01837731 -0.04627313 -0.01427 -0.01794646 -0.04546956 -0.01427 -0.01846934 -0.04551579 -0.01427 -0.01855108 -0.04305901 -0.01427 -0.02059923 -0.04298472 -0.01427 -0.02052557 -0.04356621 -0.01427 -0.02016065 -0.04543379 -0.01427 -0.01798261 -0.04621489 -0.01427 -0.01785955 -0.0461524 -0.01427 -0.01777565 -0.04608581 -0.01427 -0.01769496 -0.04601528 -0.01427 -0.01761769 -0.04291419 -0.01427 -0.0204483 -0.04541323 -0.01427 -0.01788572 -0.04594099 -0.01427 -0.01754403 -0.04586312 -0.01427 -0.01747416 -0.0428476 -0.01427 -0.02036761 -0.04536224 -0.01427 -0.0178008 -0.04578187 -0.01427 -0.01740826 -0.04278511 -0.01427 -0.02028371 -0.04354914 -0.01427 -0.01976595 -0.04348421 -0.01427 -0.01959218 -0.04353044 -0.01427 -0.01967393 -0.04569744 -0.01427 -0.01734648 -0.04528637 -0.01427 -0.01773711 -0.04341498 -0.01427 -0.01952874 -0.04272687 -0.01427 -0.0201968 -0.04561003 -0.01427 -0.01728899 -0.04267303 -0.01427 -0.0201071 -0.04551988 -0.01427 -0.01723592 -0.04262373 -0.01427 -0.02001483 -0.04542719 -0.01427 -0.0171874 -0.0451939 -0.01427 -0.0177016 -0.04257909 -0.01427 -0.01992021 -0.0453322 -0.01427 -0.01714356 -0.04308552 -0.01427 -0.01931072 -0.04253921 -0.01427 -0.01982349 -0.04455708 -0.01427 -0.01793166 -0.04446318 -0.01427 -0.01793082 -0.04464664 -0.01427 -0.01790342 -0.04523514 -0.01427 -0.01710451 -0.04509491 -0.01427 -0.01769814 -0.04437413 -0.01427 -0.017901 -0.0425042 -0.01427 -0.01972491 -0.04513626 -0.01427 -0.01707034 -0.04247414 -0.01427 -0.0196247 -0.04301307 -0.01427 -0.01924317 -0.04500018 -0.01427 -0.01772711 -0.0450358 -0.01427 -0.01704113 -0.04342327 -0.01427 -0.01859532 -0.04354129 -0.01427 -0.01845221 -0.04349362 -0.01427 -0.01853312 -0.04244911 -0.01427 -0.01952312 -0.04493401 -0.01427 -0.01701697 -0.04356162 -0.01427 -0.01836053 -0.04242917 -0.01427 -0.01942042 -0.04296657 -0.01427 -0.01915571 -0.04483115 -0.01427 -0.0169979 -0.04241437 -0.01427 -0.01931685 -0.04472746 -0.01427 -0.01698399 -0.04240474 -0.01427 -0.01921268 -0.04295109 -0.01427 -0.01905787 -0.04462321 -0.01427 -0.01697525 -0.04240032 -0.01427 -0.01910816 -0.04451865 -0.01427 -0.01697171 -0.04451674 -0.01427 -0.0169717 -0.04451484 -0.01427 -0.01697168 -0.04451292 -0.01427 -0.01697167 -0.0424011 -0.01427 -0.01900354 -0.04440833 -0.01427 -0.01697363 -0.04402377 -0.01427 -0.01771844 -0.0424071 -0.01427 -0.01889909 -0.04296831 -0.01427 -0.01896033 -0.04430396 -0.01427 -0.0169808 -0.04241829 -0.01427 -0.01879508 -0.04420007 -0.01427 -0.01699316 -0.04243465 -0.01427 -0.01869174 -0.04301635 -0.01427 -0.01887371 -0.04409693 -0.01427 -0.01701068 -0.04245613 -0.01427 -0.01858936 -0.04399479 -0.01427 -0.01703331 -0.04392958 -0.01427 -0.01768779 -0.04248269 -0.01427 -0.01848816 -0.04308999 -0.01427 -0.01880746 -0.0438939 -0.01427 -0.017061 -0.04251424 -0.01427 -0.01838842 -0.04383054 -0.01427 -0.0176895 -0.04379452 -0.01427 -0.01709368 -0.04255074 -0.01427 -0.01829037 -0.04369688 -0.01427 -0.01713127 -0.04259206 -0.01427 -0.01819426 -0.04360125 -0.01427 -0.01717367 -0.04373746 -0.01427 -0.01772336 -0.04263813 -0.01427 -0.01810033 -0.04350784 -0.01427 -0.01722079 -0.04268881 -0.01427 -0.01800881 -0.04341689 -0.01427 -0.0172725 -0.04274399 -0.01427 -0.01791993 -0.04366047 -0.01427 -0.01778568 -0.04332864 -0.01427 -0.01732867 -0.04280352 -0.01427 -0.0178339 -0.0435857 -0.01427 -0.0179662 -0.04324328 -0.01427 -0.01738917 -0.04286727 -0.01427 -0.01775095 -0.04360798 -0.01427 -0.01786968 -0.04316105 -0.01427 -0.01745385 -0.04293507 -0.01427 -0.01767127 -0.04308215 -0.01427 -0.01752254 -0.04300676 -0.01427 -0.01759507 -0.04451909 -0.0142566 -0.01692171 -0.04437171 -0.01422 -0.02125447 -0.04448058 -0.01422 -0.02125815 -0.04448046 -0.01417 -0.02127154 -0.04437083 -0.01417 -0.02126784 -0.04437386 -0.0142566 -0.02121793 -0.04448091 -0.0142566 -0.02122155 -0.04426316 -0.01422 -0.02124537 -0.04426152 -0.01417 -0.02125867 -0.04426712 -0.0142566 -0.02120898 -0.04415519 -0.01422 -0.02123088 -0.0441528 -0.01417 -0.02124406 -0.04416097 -0.0142566 -0.02119473 -0.04404809 -0.01422 -0.02121102 -0.04404494 -0.01417 -0.02122405 -0.04405565 -0.0142566 -0.02117521 -0.0439421 -0.01422 -0.02118586 -0.04393822 -0.01417 -0.0211987 -0.04395144 -0.0142566 -0.02115047 -0.0438375 -0.01422 -0.02115545 -0.04383289 -0.01417 -0.02116805 -0.04384859 -0.0142566 -0.02112057 -0.04373454 -0.01422 -0.02111987 -0.04372923 -0.01417 -0.02113219 -0.04374735 -0.0142566 -0.02108559 -0.04363348 -0.01422 -0.02107921 -0.04362747 -0.01417 -0.02109121 -0.04364799 -0.0142566 -0.0210456 -0.04353457 -0.01422 -0.02103356 -0.04352789 -0.01417 -0.02104521 -0.04355074 -0.0142566 -0.02100072 -0.04343806 -0.01422 -0.02098305 -0.04343073 -0.01417 -0.0209943 -0.04345584 -0.0142566 -0.02095105 -0.04334419 -0.01422 -0.02092779 -0.04333622 -0.01417 -0.02093861 -0.04336353 -0.0142566 -0.02089672 -0.04325318 -0.01422 -0.02086792 -0.0432446 -0.01417 -0.02087828 -0.04327405 -0.0142566 -0.02083785 -0.04316527 -0.01422 -0.0208036 -0.04315611 -0.01417 -0.02081346 -0.04318761 -0.0142566 -0.02077461 -0.04308067 -0.01422 -0.02073498 -0.04307096 -0.01417 -0.0207443 -0.04310442 -0.0142566 -0.02070713 -0.04299959 -0.01422 -0.02066223 -0.04298936 -0.01417 -0.02067099 -0.0430247 -0.0142566 -0.0206356 -0.04292223 -0.01422 -0.02058553 -0.04291151 -0.01417 -0.0205937 -0.04294865 -0.0142566 -0.02056019 -0.0428488 -0.01422 -0.02050507 -0.04283762 -0.01417 -0.02051263 -0.04287644 -0.0142566 -0.02048108 -0.04277946 -0.01422 -0.02042106 -0.04276786 -0.01417 -0.02042798 -0.04280826 -0.0142566 -0.02039847 -0.04271439 -0.01422 -0.0203337 -0.0427024 -0.01417 -0.02033995 -0.04274427 -0.0142566 -0.02031257 -0.04265375 -0.01422 -0.0202432 -0.04264141 -0.01417 -0.02024877 -0.04268465 -0.0142566 -0.02022359 -0.04259769 -0.01422 -0.0201498 -0.04258505 -0.01417 -0.02015467 -0.04262954 -0.0142566 -0.02013175 -0.04254636 -0.01422 -0.02005372 -0.04253345 -0.01417 -0.02005787 -0.04257906 -0.0142566 -0.02003728 -0.04249987 -0.01422 -0.01995521 -0.04248673 -0.01417 -0.01995862 -0.04253335 -0.0142566 -0.01994042 -0.04245835 -0.01422 -0.0198545 -0.04244502 -0.01417 -0.01985716 -0.04249252 -0.0142566 -0.01984139 -0.04242189 -0.01422 -0.01975185 -0.04240842 -0.01417 -0.01975375 -0.04245668 -0.0142566 -0.01974046 -0.04239059 -0.01422 -0.01964751 -0.04237702 -0.01417 -0.01964865 -0.0424259 -0.0142566 -0.01963787 -0.04236453 -0.01422 -0.01954174 -0.04235089 -0.01417 -0.01954211 -0.04240028 -0.0142566 -0.01953387 -0.04234377 -0.01422 -0.0194348 -0.04233012 -0.01417 -0.0194344 -0.04237986 -0.0142566 -0.01942872 -0.04232836 -0.01422 -0.01932697 -0.04231473 -0.01417 -0.01932579 -0.04236471 -0.0142566 -0.01932269 -0.04231834 -0.01422 -0.0192185 -0.04230478 -0.01417 -0.01921655 -0.04235485 -0.0142566 -0.01921604 -0.04231373 -0.01422 -0.01910966 -0.04230029 -0.01417 -0.01910694 -0.04235033 -0.0142566 -0.01910902 -0.04231455 -0.01422 -0.01900073 -0.04230126 -0.01417 -0.01899725 -0.04235113 -0.0142566 -0.01900192 -0.04232079 -0.01422 -0.01889198 -0.0423077 -0.01417 -0.01888775 -0.04235727 -0.0142566 -0.01889499 -0.04233244 -0.01422 -0.01878367 -0.04231959 -0.01417 -0.0187787 -0.04236872 -0.0142566 -0.01878849 -0.04234947 -0.01422 -0.01867608 -0.0423369 -0.01417 -0.01867038 -0.04238547 -0.0142566 -0.0186827 -0.04237184 -0.01422 -0.01856947 -0.04235959 -0.01417 -0.01856306 -0.04240746 -0.0142566 -0.01857787 -0.04239949 -0.01422 -0.0184641 -0.0423876 -0.01417 -0.018457 -0.04243465 -0.0142566 -0.01847427 -0.04243235 -0.01422 -0.01836024 -0.04242086 -0.01417 -0.01835247 -0.04246696 -0.0142566 -0.01837215 -0.04247035 -0.01422 -0.01825815 -0.0424593 -0.01417 -0.01824973 -0.04250432 -0.0142566 -0.01827177 -0.04251338 -0.01422 -0.01815808 -0.0425028 -0.01417 -0.01814902 -0.04254663 -0.0142566 -0.01817337 -0.04256134 -0.01422 -0.01806028 -0.04255127 -0.01417 -0.01805062 -0.0425938 -0.0142566 -0.01807721 -0.04261412 -0.01422 -0.01796498 -0.04260459 -0.01417 -0.01795475 -0.04264568 -0.0142566 -0.01798351 -0.04267157 -0.01422 -0.01787243 -0.04266262 -0.01417 -0.01786166 -0.04270218 -0.0142566 -0.01789251 -0.04273356 -0.01422 -0.01778286 -0.04272521 -0.01417 -0.01777158 -0.04276313 -0.0142566 -0.01780443 -0.04279994 -0.01422 -0.01769649 -0.04279222 -0.01417 -0.01768473 -0.0428284 -0.0142566 -0.0177195 -0.04287054 -0.01422 -0.01761352 -0.04286348 -0.01417 -0.01760133 -0.04289781 -0.0142566 -0.01763793 -0.04294518 -0.01422 -0.01753418 -0.0429388 -0.01417 -0.01752158 -0.0429712 -0.0142566 -0.01755992 -0.04302367 -0.01422 -0.01745865 -0.043018 -0.01417 -0.01744569 -0.04304839 -0.0142566 -0.01748565 -0.04310583 -0.01422 -0.01738713 -0.04310089 -0.01417 -0.01737384 -0.04312917 -0.0142566 -0.01741533 -0.04319146 -0.01422 -0.01731979 -0.04318726 -0.01417 -0.01730621 -0.04321336 -0.0142566 -0.01734911 -0.04328033 -0.01422 -0.01725679 -0.04327689 -0.01417 -0.01724297 -0.04330074 -0.0142566 -0.01728717 -0.04337223 -0.01422 -0.0171983 -0.04336956 -0.01417 -0.01718428 -0.04339111 -0.0142566 -0.01722966 -0.04346692 -0.01422 -0.01714446 -0.04346504 -0.01417 -0.01713028 -0.04348421 -0.0142566 -0.01717672 -0.04356418 -0.01422 -0.0170954 -0.0435631 -0.01417 -0.0170811 -0.04357985 -0.0142566 -0.01712848 -0.04366376 -0.01422 -0.01705125 -0.04366348 -0.01417 -0.01703687 -0.04367776 -0.0142566 -0.01708507 -0.04376542 -0.01422 -0.01701211 -0.04376595 -0.01417 -0.01699771 -0.04377772 -0.0142566 -0.01704659 -0.0438689 -0.01422 -0.01697808 -0.04387024 -0.01417 -0.01696369 -0.04387947 -0.0142566 -0.01701313 -0.04397395 -0.01422 -0.01694925 -0.04397609 -0.01417 -0.01693492 -0.04398276 -0.0142566 -0.01698478 -0.0440803 -0.01422 -0.01692568 -0.04408324 -0.01417 -0.01691146 -0.04408733 -0.0142566 -0.01696161 -0.0441877 -0.01422 -0.01690744 -0.04419144 -0.01417 -0.01689338 -0.04419293 -0.0142566 -0.01694367 -0.04429587 -0.01422 -0.01689458 -0.0443004 -0.01417 -0.0168807 -0.04429929 -0.0142566 -0.01693102 -0.04440454 -0.01422 -0.01688711 -0.04440986 -0.01417 -0.01687348 -0.04440614 -0.0142566 -0.01692368 -0.04451346 -0.01422 -0.01688507 -0.04451954 -0.01417 -0.01687172 -0.04451942 -0.01422 -0.01688511 -0.04451323 -0.0142566 -0.01692167 -0.04462829 -0.01422 -0.01688879 -0.04462917 -0.01417 -0.01687543 -0.04462614 -0.0142566 -0.01692533 -0.04473684 -0.01422 -0.01689789 -0.04473848 -0.01417 -0.01688459 -0.04473288 -0.0142566 -0.01693428 -0.04484481 -0.01422 -0.01691239 -0.0448472 -0.01417 -0.0168992 -0.04483903 -0.0142566 -0.01694853 -0.04495191 -0.01422 -0.01693224 -0.04495506 -0.01417 -0.01691921 -0.04494435 -0.0142566 -0.01696805 -0.0450579 -0.01422 -0.0169574 -0.04506178 -0.01417 -0.01694456 -0.04504856 -0.0142566 -0.01699279 -0.0451625 -0.01422 -0.01698781 -0.04516711 -0.01417 -0.01697521 -0.04515141 -0.0142566 -0.01702269 -0.04526546 -0.01422 -0.01702339 -0.04527077 -0.01417 -0.01701107 -0.04525265 -0.0142566 -0.01705767 -0.04536652 -0.01422 -0.01706405 -0.04537253 -0.01417 -0.01705205 -0.04535201 -0.0142566 -0.01709766 -0.04546543 -0.01422 -0.0171097 -0.04547211 -0.01417 -0.01709805 -0.04544926 -0.0142566 -0.01714254 -0.04556194 -0.01422 -0.01716021 -0.04556927 -0.01417 -0.01714896 -0.04554416 -0.0142566 -0.01719221 -0.04565581 -0.01422 -0.01721547 -0.04566378 -0.01417 -0.01720465 -0.04563647 -0.0142566 -0.01724654 -0.04574682 -0.01422 -0.01727534 -0.0457554 -0.01417 -0.01726498 -0.04572595 -0.0142566 -0.01730541 -0.04583473 -0.01422 -0.01733966 -0.04584389 -0.01417 -0.01732981 -0.04581239 -0.0142566 -0.01736865 -0.04591933 -0.01422 -0.01740828 -0.04592904 -0.01417 -0.01739896 -0.04589558 -0.0142566 -0.01743613 -0.04600041 -0.01422 -0.01748104 -0.04601064 -0.01417 -0.01747227 -0.0459753 -0.0142566 -0.01750766 -0.04607777 -0.01422 -0.01755773 -0.04608849 -0.01417 -0.01754956 -0.04605135 -0.0142566 -0.01758307 -0.0461512 -0.01422 -0.01763819 -0.04616238 -0.01417 -0.01763063 -0.04612356 -0.0142566 -0.01766218 -0.04622054 -0.01422 -0.0177222 -0.04623214 -0.01417 -0.01771528 -0.04619174 -0.0142566 -0.01774479 -0.04628561 -0.01422 -0.01780956 -0.0462976 -0.01417 -0.01780331 -0.04625573 -0.0142566 -0.01783069 -0.04634625 -0.01422 -0.01790006 -0.04635859 -0.01417 -0.01789449 -0.04631535 -0.0142566 -0.01791967 -0.04640231 -0.01422 -0.01799346 -0.04641495 -0.01417 -0.01798859 -0.04637046 -0.0142566 -0.01801151 -0.04645364 -0.01422 -0.01808954 -0.04646655 -0.01417 -0.01808539 -0.04642094 -0.0142566 -0.01810598 -0.04650013 -0.01422 -0.01818805 -0.04651327 -0.01417 -0.01818464 -0.04646665 -0.0142566 -0.01820284 -0.04654165 -0.01422 -0.01828876 -0.04655498 -0.01417 -0.0182861 -0.04650748 -0.0142566 -0.01830187 -0.04657811 -0.01422 -0.01839141 -0.04659158 -0.01417 -0.01838951 -0.04654332 -0.0142566 -0.0184028 -0.04660941 -0.01422 -0.01849575 -0.04662298 -0.01417 -0.01849461 -0.0465741 -0.0142566 -0.01850539 -0.04663547 -0.01422 -0.01860152 -0.04664911 -0.01417 -0.01860115 -0.04659972 -0.0142566 -0.01860939 -0.04665623 -0.01422 -0.01870846 -0.04666988 -0.01417 -0.01870886 -0.04662014 -0.0142566 -0.01871454 -0.04667164 -0.01422 -0.01881629 -0.04668527 -0.01417 -0.01881747 -0.04663529 -0.0142566 -0.01882057 -0.04668166 -0.01422 -0.01892476 -0.04669522 -0.01417 -0.01892671 -0.04664515 -0.0142566 -0.01892722 -0.04668627 -0.01422 -0.0190336 -0.04669971 -0.01417 -0.01903632 -0.04664967 -0.0142566 -0.01903424 -0.04668545 -0.01422 -0.01914253 -0.04669874 -0.01417 -0.01914601 -0.04664887 -0.0142566 -0.01914134 -0.04667921 -0.01422 -0.01925128 -0.0466923 -0.01417 -0.01925551 -0.04664273 -0.0142566 -0.01924827 -0.04666756 -0.01422 -0.01935959 -0.04668041 -0.01417 -0.01936456 -0.04663128 -0.0142566 -0.01935477 -0.04665053 -0.01422 -0.01946718 -0.0466631 -0.01417 -0.01947288 -0.04661453 -0.0142566 -0.01946056 -0.04662816 -0.01422 -0.01957379 -0.04664041 -0.01417 -0.01958021 -0.04659254 -0.0142566 -0.01956539 -0.04660051 -0.01422 -0.01967916 -0.0466124 -0.01417 -0.01968626 -0.04656535 -0.0142566 -0.01966899 -0.04656765 -0.01422 -0.01978302 -0.04657914 -0.01417 -0.01979079 -0.04653304 -0.0142566 -0.01977111 -0.04652965 -0.01422 -0.01988511 -0.0465407 -0.01417 -0.01989354 -0.04649568 -0.0142566 -0.01987149 -0.04648662 -0.01422 -0.01998518 -0.0464972 -0.01417 -0.01999424 -0.04645337 -0.0142566 -0.01996989 -0.04643866 -0.01422 -0.02008298 -0.04644873 -0.01417 -0.02009264 -0.0464062 -0.0142566 -0.02006606 -0.04638588 -0.01422 -0.02017828 -0.04639541 -0.01417 -0.02018851 -0.04635432 -0.0142566 -0.02015976 -0.04632843 -0.01422 -0.02027083 -0.04633738 -0.01417 -0.0202816 -0.04629782 -0.0142566 -0.02025076 -0.04626644 -0.01422 -0.0203604 -0.04627479 -0.01417 -0.02037168 -0.04623687 -0.0142566 -0.02033883 -0.04620006 -0.01422 -0.02044678 -0.04620778 -0.01417 -0.02045853 -0.0461716 -0.0142566 -0.02042376 -0.04612946 -0.01422 -0.02052974 -0.04613652 -0.01417 -0.02054193 -0.04610219 -0.0142566 -0.02050533 -0.04605482 -0.01422 -0.02060908 -0.0460612 -0.01417 -0.02062168 -0.0460288 -0.0142566 -0.02058334 -0.04597633 -0.01422 -0.02068461 -0.045982 -0.01417 -0.02069757 -0.04595161 -0.0142566 -0.02065761 -0.04589417 -0.01422 -0.02075613 -0.04589911 -0.01417 -0.02076942 -0.04587083 -0.0142566 -0.02072793 -0.04580854 -0.01422 -0.02082347 -0.04581274 -0.01417 -0.02083705 -0.04578664 -0.0142566 -0.02079415 -0.04571967 -0.01422 -0.02088647 -0.04572311 -0.01417 -0.02090029 -0.04569926 -0.0142566 -0.02085609 -0.04562777 -0.01422 -0.02094496 -0.04563044 -0.01417 -0.02095898 -0.04560889 -0.0142566 -0.0209136 -0.04553308 -0.01422 -0.0209988 -0.04553496 -0.01417 -0.02101299 -0.04551579 -0.0142566 -0.02096654 -0.04543582 -0.01422 -0.02104786 -0.0454369 -0.01417 -0.02106216 -0.04542015 -0.0142566 -0.02101478 -0.04533624 -0.01422 -0.02109201 -0.04533652 -0.01417 -0.02110639 -0.04532224 -0.0142566 -0.02105819 -0.04523458 -0.01422 -0.02113115 -0.04523405 -0.01417 -0.02114556 -0.04522228 -0.0142566 -0.02109668 -0.0451311 -0.01422 -0.02116518 -0.04512976 -0.01417 -0.02117957 -0.04512053 -0.0142566 -0.02113013 -0.04502605 -0.01422 -0.02119401 -0.04502391 -0.01417 -0.02120834 -0.04501724 -0.0142566 -0.02115848 -0.0449197 -0.01422 -0.02121758 -0.04491676 -0.01417 -0.0212318 -0.04491267 -0.0142566 -0.02118165 -0.0448123 -0.01422 -0.02123582 -0.04480856 -0.01417 -0.02124988 -0.04480707 -0.0142566 -0.02119959 -0.04470413 -0.01422 -0.02124868 -0.0446996 -0.01417 -0.02126256 -0.04470071 -0.0142566 -0.02121224 -0.04459546 -0.01422 -0.02125615 -0.04459014 -0.01417 -0.02126978 -0.04459386 -0.0142566 -0.02121958 -0.04448654 -0.01422 -0.02125819 -0.04448677 -0.0142566 -0.02122159 -0.04451954 -0.01352 -0.01687172 -0.04462917 -0.01352 -0.01687543 -0.04473848 -0.01352 -0.01688459 -0.0448472 -0.01352 -0.0168992 -0.04495506 -0.01352 -0.01691921 -0.04506178 -0.01352 -0.01694456 -0.04516711 -0.01352 -0.01697521 -0.04527077 -0.01352 -0.01701107 -0.04537253 -0.01352 -0.01705205 -0.04547211 -0.01352 -0.01709805 -0.04556927 -0.01352 -0.01714896 -0.04566378 -0.01352 -0.01720465 -0.0457554 -0.01352 -0.01726498 -0.04584389 -0.01352 -0.01732981 -0.04592904 -0.01352 -0.01739896 -0.04601064 -0.01352 -0.01747227 -0.04608849 -0.01352 -0.01754956 -0.04616238 -0.01352 -0.01763063 -0.04623214 -0.01352 -0.01771528 -0.0462976 -0.01352 -0.01780331 -0.04635859 -0.01352 -0.01789449 -0.04641495 -0.01352 -0.01798859 -0.04646655 -0.01352 -0.01808539 -0.04651327 -0.01352 -0.01818464 -0.04655498 -0.01352 -0.0182861 -0.04659158 -0.01352 -0.01838951 -0.04662298 -0.01352 -0.01849461 -0.04664911 -0.01352 -0.01860115 -0.04666988 -0.01352 -0.01870886 -0.04668527 -0.01352 -0.01881747 -0.04669522 -0.01352 -0.01892671 -0.04669971 -0.01352 -0.01903632 -0.04669874 -0.01352 -0.01914601 -0.0466923 -0.01352 -0.01925551 -0.04668041 -0.01352 -0.01936456 -0.0466631 -0.01352 -0.01947288 -0.04664041 -0.01352 -0.01958021 -0.0466124 -0.01352 -0.01968626 -0.04657914 -0.01352 -0.01979079 -0.0465407 -0.01352 -0.01989354 -0.0464972 -0.01352 -0.01999424 -0.04644873 -0.01352 -0.02009264 -0.04639541 -0.01352 -0.02018851 -0.04633738 -0.01352 -0.0202816 -0.04627479 -0.01352 -0.02037168 -0.04620778 -0.01352 -0.02045853 -0.04613652 -0.01352 -0.02054193 -0.0460612 -0.01352 -0.02062168 -0.045982 -0.01352 -0.02069757 -0.04589911 -0.01352 -0.02076942 -0.04581274 -0.01352 -0.02083705 -0.04572311 -0.01352 -0.02090029 -0.04563044 -0.01352 -0.02095898 -0.04553496 -0.01352 -0.02101299 -0.0454369 -0.01352 -0.02106216 -0.04533652 -0.01352 -0.02110639 -0.04523405 -0.01352 -0.02114556 -0.04512976 -0.01352 -0.02117957 -0.04502391 -0.01352 -0.02120834 -0.04491676 -0.01352 -0.0212318 -0.04480856 -0.01352 -0.02124988 -0.0446996 -0.01352 -0.02126256 -0.04459014 -0.01352 -0.02126978 -0.04448046 -0.01352 -0.02127154 -0.04437083 -0.01352 -0.02126784 -0.04426152 -0.01352 -0.02125867 -0.0441528 -0.01352 -0.02124406 -0.04404494 -0.01352 -0.02122405 -0.04393822 -0.01352 -0.0211987 -0.04383289 -0.01352 -0.02116805 -0.04372923 -0.01352 -0.02113219 -0.04362747 -0.01352 -0.02109121 -0.04352789 -0.01352 -0.02104521 -0.04343073 -0.01352 -0.0209943 -0.04333622 -0.01352 -0.02093861 -0.0432446 -0.01352 -0.02087828 -0.04315611 -0.01352 -0.02081346 -0.04307096 -0.01352 -0.0207443 -0.04298936 -0.01352 -0.02067099 -0.04291151 -0.01352 -0.0205937 -0.04283762 -0.01352 -0.02051263 -0.04276786 -0.01352 -0.02042798 -0.0427024 -0.01352 -0.02033995 -0.04264141 -0.01352 -0.02024877 -0.04258505 -0.01352 -0.02015467 -0.04253345 -0.01352 -0.02005787 -0.04248673 -0.01352 -0.01995862 -0.04244502 -0.01352 -0.01985716 -0.04240842 -0.01352 -0.01975375 -0.04237702 -0.01352 -0.01964865 -0.04235089 -0.01352 -0.01954211 -0.04233012 -0.01352 -0.0194344 -0.04231473 -0.01352 -0.01932579 -0.04230478 -0.01352 -0.01921655 -0.04230029 -0.01352 -0.01910694 -0.04230126 -0.01352 -0.01899725 -0.0423077 -0.01352 -0.01888775 -0.04231959 -0.01352 -0.0187787 -0.0423369 -0.01352 -0.01867038 -0.04235959 -0.01352 -0.01856306 -0.0423876 -0.01352 -0.018457 -0.04242086 -0.01352 -0.01835247 -0.0424593 -0.01352 -0.01824973 -0.0425028 -0.01352 -0.01814902 -0.04255127 -0.01352 -0.01805062 -0.04260459 -0.01352 -0.01795475 -0.04266262 -0.01352 -0.01786166 -0.04272521 -0.01352 -0.01777158 -0.04279222 -0.01352 -0.01768473 -0.04286348 -0.01352 -0.01760133 -0.0429388 -0.01352 -0.01752158 -0.043018 -0.01352 -0.01744569 -0.04310089 -0.01352 -0.01737384 -0.04318726 -0.01352 -0.01730621 -0.04327689 -0.01352 -0.01724297 -0.04336956 -0.01352 -0.01718428 -0.04346504 -0.01352 -0.01713028 -0.0435631 -0.01352 -0.0170811 -0.04366348 -0.01352 -0.01703687 -0.04376595 -0.01352 -0.01699771 -0.04387024 -0.01352 -0.01696369 -0.04397609 -0.01352 -0.01693492 -0.04408324 -0.01352 -0.01691146 -0.04419144 -0.01352 -0.01689338 -0.0443004 -0.01352 -0.0168807 -0.04440986 -0.01352 -0.01687348 -0.04557004 -0.01352 -0.01802043 -0.045499 -0.01352 -0.0179527 -0.0456365 -0.01352 -0.01809267 -0.04542368 -0.01352 -0.01788976 -0.04569809 -0.01352 -0.01816909 -0.0453444 -0.01352 -0.01783188 -0.04575455 -0.01352 -0.01824938 -0.04526151 -0.01352 -0.0177793 -0.04580565 -0.01352 -0.0183332 -0.04517535 -0.01352 -0.01773227 -0.04585115 -0.01352 -0.01842017 -0.04508631 -0.01352 -0.01769096 -0.04589086 -0.01352 -0.01850994 -0.04499475 -0.01352 -0.01765557 -0.04592462 -0.01352 -0.0186021 -0.04490108 -0.01352 -0.01762625 -0.04595228 -0.01352 -0.01869629 -0.04480569 -0.01352 -0.01760311 -0.04597372 -0.01352 -0.01879207 -0.04470899 -0.01352 -0.01758626 -0.04598885 -0.01352 -0.01888906 -0.04461139 -0.01352 -0.01757577 -0.0459976 -0.01352 -0.01898682 -0.04451332 -0.01352 -0.01757169 -0.04599994 -0.01352 -0.01908495 -0.04441519 -0.01352 -0.01757403 -0.04599586 -0.01352 -0.01918302 -0.04431742 -0.01352 -0.01758278 -0.04598537 -0.01352 -0.01928062 -0.04422044 -0.01352 -0.01759791 -0.04596852 -0.01352 -0.01937732 -0.04412465 -0.01352 -0.01761935 -0.04594538 -0.01352 -0.01947271 -0.04591606 -0.01352 -0.01956639 -0.04403048 -0.01352 -0.01764701 -0.0439383 -0.01352 -0.01768077 -0.04588067 -0.01352 -0.01965794 -0.04384854 -0.01352 -0.01772048 -0.04583936 -0.01352 -0.01974698 -0.04579233 -0.01352 -0.01983314 -0.04376157 -0.01352 -0.01776598 -0.04573975 -0.01352 -0.01991603 -0.04367775 -0.01352 -0.01781707 -0.04359746 -0.01352 -0.01787354 -0.04568187 -0.01352 -0.0199953 -0.04561893 -0.01352 -0.02007063 -0.04352103 -0.01352 -0.01793513 -0.0455512 -0.01352 -0.02014167 -0.0434488 -0.01352 -0.01800159 -0.04547897 -0.01352 -0.02020813 -0.04338107 -0.01352 -0.01807264 -0.04540254 -0.01352 -0.02026972 -0.04331813 -0.01352 -0.01814795 -0.04326025 -0.01352 -0.01822723 -0.04532225 -0.01352 -0.02032619 -0.04320767 -0.01352 -0.01831012 -0.04523843 -0.01352 -0.02037728 -0.04515146 -0.01352 -0.02042278 -0.04316064 -0.01352 -0.01839628 -0.0450617 -0.01352 -0.02046249 -0.04311933 -0.01352 -0.01848532 -0.04308394 -0.01352 -0.01857688 -0.04496952 -0.01352 -0.02049625 -0.04487535 -0.01352 -0.02052391 -0.04305462 -0.01352 -0.01867055 -0.04477956 -0.01352 -0.02054535 -0.04303148 -0.01352 -0.01876594 -0.04301463 -0.01352 -0.01886264 -0.04468258 -0.01352 -0.02056048 -0.04458481 -0.01352 -0.02056923 -0.04300414 -0.01352 -0.01896024 -0.04448668 -0.01352 -0.02057157 -0.04300006 -0.01352 -0.01905831 -0.0430024 -0.01352 -0.01915644 -0.04438861 -0.01352 -0.02056749 -0.04301115 -0.01352 -0.0192542 -0.04429101 -0.01352 -0.020557 -0.04419431 -0.01352 -0.02054015 -0.04302628 -0.01352 -0.01935119 -0.04304772 -0.01352 -0.01944698 -0.04409892 -0.01352 -0.02051701 -0.04307538 -0.01352 -0.01954116 -0.04400525 -0.01352 -0.02048769 -0.04391369 -0.01352 -0.0204523 -0.04310914 -0.01352 -0.01963333 -0.04314885 -0.01352 -0.01972309 -0.04382465 -0.01352 -0.020411 -0.04319435 -0.01352 -0.01981006 -0.04373849 -0.01352 -0.02036396 -0.0436556 -0.01352 -0.02031138 -0.04324545 -0.01352 -0.01989388 -0.04357632 -0.01352 -0.0202535 -0.04330191 -0.01352 -0.01997417 -0.0433635 -0.01352 -0.02005059 -0.043501 -0.01352 -0.02019056 -0.04342996 -0.01352 -0.02012283 -0.04451332 -0.01077 -0.01757169 -0.04441519 -0.01077 -0.01757403 -0.04431742 -0.01077 -0.01758278 -0.04422044 -0.01077 -0.01759791 -0.04412465 -0.01077 -0.01761935 -0.04403048 -0.01077 -0.01764701 -0.0439383 -0.01077 -0.01768077 -0.04384854 -0.01077 -0.01772048 -0.04376157 -0.01077 -0.01776598 -0.04367775 -0.01077 -0.01781707 -0.04359746 -0.01077 -0.01787354 -0.04352103 -0.01077 -0.01793513 -0.0434488 -0.01077 -0.01800159 -0.04338107 -0.01077 -0.01807264 -0.04331813 -0.01077 -0.01814795 -0.04326025 -0.01077 -0.01822723 -0.04320767 -0.01077 -0.01831012 -0.04316064 -0.01077 -0.01839628 -0.04311933 -0.01077 -0.01848532 -0.04308394 -0.01077 -0.01857688 -0.04305462 -0.01077 -0.01867055 -0.04303148 -0.01077 -0.01876594 -0.04301463 -0.01077 -0.01886264 -0.04300414 -0.01077 -0.01896024 -0.04300006 -0.01077 -0.01905831 -0.0430024 -0.01077 -0.01915644 -0.04301115 -0.01077 -0.0192542 -0.04302628 -0.01077 -0.01935119 -0.04304772 -0.01077 -0.01944698 -0.04307538 -0.01077 -0.01954116 -0.04310914 -0.01077 -0.01963333 -0.04314885 -0.01077 -0.01972309 -0.04319435 -0.01077 -0.01981006 -0.04324545 -0.01077 -0.01989388 -0.04330191 -0.01077 -0.01997417 -0.0433635 -0.01077 -0.02005059 -0.04342996 -0.01077 -0.02012283 -0.043501 -0.01077 -0.02019056 -0.04357632 -0.01077 -0.0202535 -0.0436556 -0.01077 -0.02031138 -0.04373849 -0.01077 -0.02036396 -0.04382465 -0.01077 -0.020411 -0.04391369 -0.01077 -0.0204523 -0.04400525 -0.01077 -0.02048769 -0.04409892 -0.01077 -0.02051701 -0.04419431 -0.01077 -0.02054015 -0.04429101 -0.01077 -0.020557 -0.04438861 -0.01077 -0.02056749 -0.04448668 -0.01077 -0.02057157 -0.04458481 -0.01077 -0.02056923 -0.04468258 -0.01077 -0.02056048 -0.04477956 -0.01077 -0.02054535 -0.04487535 -0.01077 -0.02052391 -0.04496952 -0.01077 -0.02049625 -0.0450617 -0.01077 -0.02046249 -0.04515146 -0.01077 -0.02042278 -0.04523843 -0.01077 -0.02037728 -0.04532225 -0.01077 -0.02032619 -0.04540254 -0.01077 -0.02026972 -0.04547897 -0.01077 -0.02020813 -0.0455512 -0.01077 -0.02014167 -0.04561893 -0.01077 -0.02007063 -0.04568187 -0.01077 -0.0199953 -0.04573975 -0.01077 -0.01991603 -0.04579233 -0.01077 -0.01983314 -0.04583936 -0.01077 -0.01974698 -0.04588067 -0.01077 -0.01965794 -0.04591606 -0.01077 -0.01956639 -0.04594538 -0.01077 -0.01947271 -0.04596852 -0.01077 -0.01937732 -0.04598537 -0.01077 -0.01928062 -0.04599586 -0.01077 -0.01918302 -0.04599994 -0.01077 -0.01908495 -0.0459976 -0.01077 -0.01898682 -0.04598885 -0.01077 -0.01888906 -0.04597372 -0.01077 -0.01879207 -0.04595228 -0.01077 -0.01869629 -0.04592462 -0.01077 -0.0186021 -0.04589086 -0.01077 -0.01850994 -0.04585115 -0.01077 -0.01842017 -0.04580565 -0.01077 -0.0183332 -0.04575455 -0.01077 -0.01824938 -0.04569809 -0.01077 -0.01816909 -0.0456365 -0.01077 -0.01809267 -0.04557004 -0.01077 -0.01802043 -0.045499 -0.01077 -0.0179527 -0.04542368 -0.01077 -0.01788976 -0.0453444 -0.01077 -0.01783188 -0.04526151 -0.01077 -0.0177793 -0.04517535 -0.01077 -0.01773227 -0.04508631 -0.01077 -0.01769096 -0.04499475 -0.01077 -0.01765557 -0.04490108 -0.01077 -0.01762625 -0.04480569 -0.01077 -0.01760311 -0.04470899 -0.01077 -0.01758626 -0.04461139 -0.01077 -0.01757577 -0.0452008 -0.01077 -0.01978499 -0.0451275 -0.01077 -0.01985024 -0.04526735 -0.01077 -0.01971286 -0.0453265 -0.01077 -0.01963456 -0.04504816 -0.01077 -0.019908 -0.0453777 -0.01077 -0.01955084 -0.04496355 -0.01077 -0.0199577 -0.04542044 -0.01077 -0.0194625 -0.04487446 -0.01077 -0.01999887 -0.04545432 -0.01077 -0.0193704 -0.04478178 -0.01077 -0.02003111 -0.04547902 -0.01077 -0.01927542 -0.04468637 -0.01077 -0.02005411 -0.04458918 -0.01077 -0.02006765 -0.04549427 -0.01077 -0.01917848 -0.04549996 -0.01077 -0.01908051 -0.04449112 -0.01077 -0.02007159 -0.04439315 -0.01077 -0.0200659 -0.04549602 -0.01077 -0.01898245 -0.04429621 -0.01077 -0.02005064 -0.04548248 -0.01077 -0.01888526 -0.04420123 -0.01077 -0.02002596 -0.04545948 -0.01077 -0.01878986 -0.04410913 -0.01077 -0.01999207 -0.04542724 -0.01077 -0.01869717 -0.04402079 -0.01077 -0.01994933 -0.04538607 -0.01077 -0.01860808 -0.04393707 -0.01077 -0.01989813 -0.04533637 -0.01077 -0.01852347 -0.04385877 -0.01077 -0.01983898 -0.04527861 -0.01077 -0.01844413 -0.04378664 -0.01077 -0.01977243 -0.04521336 -0.01077 -0.01837083 -0.04514123 -0.01077 -0.01830429 -0.04372139 -0.01077 -0.01969913 -0.04506293 -0.01077 -0.01824513 -0.04366363 -0.01077 -0.01961979 -0.04497921 -0.01077 -0.01819393 -0.04361393 -0.01077 -0.01953518 -0.04489087 -0.01077 -0.01815119 -0.04357276 -0.01077 -0.01944609 -0.04354052 -0.01077 -0.0193534 -0.04479877 -0.01077 -0.01811731 -0.04351752 -0.01077 -0.019258 -0.04470379 -0.01077 -0.01809262 -0.04460685 -0.01077 -0.01807735 -0.04350398 -0.01077 -0.0191608 -0.04350004 -0.01077 -0.01906275 -0.04450888 -0.01077 -0.01807167 -0.04350573 -0.01077 -0.01896478 -0.04441082 -0.01077 -0.01807561 -0.04352098 -0.01077 -0.01886784 -0.04431363 -0.01077 -0.01808915 -0.04354568 -0.01077 -0.01877286 -0.04421822 -0.01077 -0.01811215 -0.04357956 -0.01077 -0.01868076 -0.04412554 -0.01077 -0.01814439 -0.0436223 -0.01077 -0.01859242 -0.04403645 -0.01077 -0.01818556 -0.0436735 -0.01077 -0.0185087 -0.04395184 -0.01077 -0.01823526 -0.04373265 -0.01077 -0.0184304 -0.0438725 -0.01077 -0.01829302 -0.0437992 -0.01077 -0.01835827 -0.04449112 -0.01377 -0.02007159 -0.04458918 -0.01377 -0.02006765 -0.04468637 -0.01377 -0.02005411 -0.04478178 -0.01377 -0.02003111 -0.04487446 -0.01377 -0.01999887 -0.04496355 -0.01377 -0.0199577 -0.04504816 -0.01377 -0.019908 -0.0451275 -0.01377 -0.01985024 -0.0452008 -0.01377 -0.01978499 -0.04526735 -0.01377 -0.01971286 -0.0453265 -0.01377 -0.01963456 -0.0453777 -0.01377 -0.01955084 -0.04542044 -0.01377 -0.0194625 -0.04545432 -0.01377 -0.0193704 -0.04547902 -0.01377 -0.01927542 -0.04549427 -0.01377 -0.01917848 -0.04549996 -0.01377 -0.01908051 -0.04549602 -0.01377 -0.01898245 -0.04548248 -0.01377 -0.01888526 -0.04545948 -0.01377 -0.01878986 -0.04542724 -0.01377 -0.01869717 -0.04538607 -0.01377 -0.01860808 -0.04533637 -0.01377 -0.01852347 -0.04527861 -0.01377 -0.01844413 -0.04521336 -0.01377 -0.01837083 -0.04514123 -0.01377 -0.01830429 -0.04506293 -0.01377 -0.01824513 -0.04497921 -0.01377 -0.01819393 -0.04489087 -0.01377 -0.01815119 -0.04479877 -0.01377 -0.01811731 -0.04470379 -0.01377 -0.01809262 -0.04460685 -0.01377 -0.01807735 -0.04450888 -0.01377 -0.01807167 -0.04543379 -0.01377 -0.01798261 -0.04545086 -0.01377 -0.01837731 -0.04546956 -0.01377 -0.01846934 -0.04551579 -0.01377 -0.01855108 -0.04541323 -0.01377 -0.01788572 -0.04536224 -0.01377 -0.0178008 -0.04528637 -0.01377 -0.01773711 -0.0451939 -0.01377 -0.0177016 -0.04509491 -0.01377 -0.01769814 -0.04500018 -0.01377 -0.01772711 -0.04558502 -0.01377 -0.01861452 -0.04464664 -0.01377 -0.01790342 -0.04591448 -0.01377 -0.01883254 -0.04455708 -0.01377 -0.01793166 -0.04598365 -0.01377 -0.01926955 -0.04591001 -0.01377 -0.0193358 -0.04603169 -0.01377 -0.01918293 -0.04604891 -0.01377 -0.01908539 -0.04603343 -0.01377 -0.01898755 -0.04598693 -0.01377 -0.01890009 -0.04446318 -0.01377 -0.01793082 -0.04441082 -0.01377 -0.01807561 -0.04437413 -0.01377 -0.017901 -0.04431363 -0.01377 -0.01808915 -0.04421822 -0.01377 -0.01811215 -0.04402377 -0.01377 -0.01771844 -0.04557673 -0.01377 -0.01954794 -0.04412554 -0.01377 -0.01814439 -0.04550638 -0.01377 -0.01961014 -0.04403645 -0.01377 -0.01818556 -0.04392958 -0.01377 -0.01768779 -0.04383054 -0.01377 -0.0176895 -0.04373746 -0.01377 -0.01772336 -0.04366047 -0.01377 -0.01778568 -0.04545871 -0.01377 -0.01969105 -0.04360798 -0.01377 -0.01786968 -0.04543838 -0.01377 -0.01978273 -0.0435857 -0.01377 -0.0179662 -0.04395184 -0.01377 -0.01823526 -0.0438725 -0.01377 -0.01829302 -0.0437992 -0.01377 -0.01835827 -0.0454143 -0.01377 -0.02017706 -0.04356162 -0.01377 -0.01836053 -0.04373265 -0.01377 -0.0184304 -0.0436735 -0.01377 -0.0185087 -0.04354129 -0.01377 -0.01845221 -0.0436223 -0.01377 -0.01859242 -0.04539202 -0.01377 -0.02027358 -0.04533953 -0.01377 -0.02035758 -0.04349362 -0.01377 -0.01853312 -0.04357956 -0.01377 -0.01868076 -0.04526254 -0.01377 -0.0204199 -0.04342327 -0.01377 -0.01859532 -0.04354568 -0.01377 -0.01877286 -0.04516946 -0.01377 -0.02045376 -0.04352098 -0.01377 -0.01886784 -0.04507042 -0.01377 -0.02045547 -0.04497623 -0.01377 -0.02042482 -0.04462587 -0.01377 -0.02024226 -0.04453682 -0.01377 -0.02021244 -0.04308999 -0.01377 -0.01880746 -0.04350573 -0.01377 -0.01896478 -0.04350004 -0.01377 -0.01906275 -0.04444292 -0.01377 -0.02021161 -0.04439315 -0.01377 -0.0200659 -0.04301635 -0.01377 -0.01887371 -0.04435336 -0.01377 -0.02023984 -0.04429621 -0.01377 -0.02005064 -0.04420123 -0.01377 -0.02002596 -0.04296831 -0.01377 -0.01896033 -0.04348421 -0.01377 -0.01959218 -0.04357276 -0.01377 -0.01944609 -0.04361393 -0.01377 -0.01953518 -0.04341498 -0.01377 -0.01952874 -0.04354052 -0.01377 -0.0193534 -0.04351752 -0.01377 -0.019258 -0.04295109 -0.01377 -0.01905787 -0.04353044 -0.01377 -0.01967393 -0.04366363 -0.01377 -0.01961979 -0.04296657 -0.01377 -0.01915571 -0.04354914 -0.01377 -0.01976595 -0.04372139 -0.01377 -0.01969913 -0.04378664 -0.01377 -0.01977243 -0.04308552 -0.01377 -0.01931072 -0.04350398 -0.01377 -0.0191608 -0.04301307 -0.01377 -0.01924317 -0.04399982 -0.01377 -0.02041615 -0.04410913 -0.01377 -0.01999207 -0.04402079 -0.01377 -0.01994933 -0.04390509 -0.01377 -0.02044512 -0.04356621 -0.01377 -0.02016065 -0.04393707 -0.01377 -0.01989813 -0.04385877 -0.01377 -0.01983898 -0.0438061 -0.01377 -0.02044166 -0.04358677 -0.01377 -0.02025755 -0.04371363 -0.01377 -0.02040615 -0.04363776 -0.01377 -0.02034246</float_array>
          <technique_common>
            <accessor count="1092" source="#cubeverts-array0-array" stride="3">
              <param type="float" name="X"/>
              <param type="float" name="Y"/>
              <param type="float" name="Z"/>
            </accessor>
          </technique_common>
        </source>
        <source id="cubenormals-array0">
          <float_array count="6552" id="cubenormals-array0-array">0 -1 0 0 -1 0 0 -1 0 0 -1 0 0 -1 0 0 -1 0 -0 -1 0 0 -1 0 0 -1 0 0 -1 0 0 -1 0 0 -1 0 -0 -1 0 0 -1 0 0 -1 0 0 -1 0 0 -1 0 0 -1 0 0 -1 0 0 -1 0 0 -1 0 0 -1 0 0 -1 0 0 -1 0 0 -1 0 0 -1 0 0 -1 0 0 -1 0 0 -1 0 0 -1 0 0 -1 0 -0 -1 0 0 -1 0 0 -1 0 0 -1 0 0 -1 0 -0 -1 0 0 -1 0 0 -1 0 -0 -1 0 0 -1 0 -0 -1 0 0 -1 0 -0 -1 -0 0 -1 0 0 -1 0 0 -1 0 0 -1 0 0 -1 0 -0 -1 0 -0 -1 0 -0 -1 0 0 -1 0 0 -1 0 0 -1 0 0 -1 0 0 -1 0 0 -1 0 0 -1 0 0 -1 0 0 -1 0 0 -1 0 -0 -1 0 0 -1 0 0 -1 0 0 -1 0 -0 -1 0 -0 -1 0 -0 -1 0 -0 -1 0 0 -1 0 -0 -1 0 -0 -1 0 0 -1 0 -0 -1 0 -0 -1 0 0 -1 0 0 -1 0 0 -1 0 0 -1 0 -0 -1 0 -0 -1 0 0 -1 0 0 -1 0 0 -1 0 0 -1 0 0 -1 0 0 -1 0 0 -1 0 -0 -1 0 -0 -1 0 0 -1 0 0 -1 0 0 -1 0 0 -1 0 0 -1 0 0 -1 0 0 -1 0 0 -1 0 0 -1 0 0 -1 0 0 -1 0 0 -1 0 0 -1 0 0 -1 0 0 -1 0 0 -1 0 0 -1 0 0 -1 0 0 -1 0 0 -1 0 0 -1 0 0 -1 0 0 -1 0 0 -1 0 0 -1 0 0 -1 0 0 -1 0 0 -1 0 -0 -1 0 0 -1 0 0 -1 0 0 -1 0 0 -1 0 0 -1 0 0 -1 0 -0 -1 0 0 -1 0 0 -1 0 0 -1 0 0 -1 0 0 -1 0 0 -1 0 0 -1 0 0 -1 0 0 -1 0 0 -1 0 0 -1 0 0 -1 0 0 -1 0 0 -1 0 0 -1 0 0 -1 0 0 -1 0 0 -1 0 0 -1 0 0 -1 0 0 -1 0 -0 -1 0 0 -1 0 0 -1 0 0 -1 0 0 -1 0 0 -1 0 0 -1 0 -0 -1 0 -0 -1 0 0 -1 0 0 -1 0 -0 -1 0 0 -1 0 -0 -1 0 0 -1 0 0 -1 0 -0 -1 0 0 -1 0 -0 -1 0 0 -1 0 -0 -1 0 0 -1 0 -0 -1 0 0 -1 0 0 -1 0 -0 -1 0 0 -1 0 -0 -1 0 0 -1 0 0 -1 0 0 -1 0 -0 -1 0 0 -1 0 -0 -1 0 0 -1 0 0 -1 0 -0 -1 0 0 -1 0 0 -1 0 0 -1 0 -0 -1 0 0 -1 0 -0 -1 0 0 -1 0 0 -1 0 -0 -1 0 0 -1 0 0 -1 0 -0 -1 0 0 -1 0 -0.00181187 -0.9659189 0.2588386 -0.00232934 -0.9659239 0.2588156 0.03262631 -0.258748 -0.9653938 0.03265163 -0.2586973 -0.9654065 0.008750515 -0.9659038 -0.2587534 0.02390309 -0.7069935 -0.706816 0.008746848 -0.9659017 -0.2587613 0.02388669 -0.7070165 -0.7067935 0.08073922 -0.2586586 -0.9625887 0.08067568 -0.2587827 -0.9625606 0.05906596 -0.7070127 -0.7047298 0.02162379 -0.965902 -0.2580034 0.05906301 -0.7070167 -0.7047262 0.02162332 -0.9659017 -0.2580045 0.1285163 -0.2588288 -0.9573354 0.1286244 -0.2586218 -0.9573769 0.03444559 -0.9659021 -0.2566061 0.0940875 -0.7070122 -0.7009147 0.03444365 -0.9659007 -0.2566116 0.09409443 -0.7070035 -0.7009224 0.1761735 -0.2586066 -0.9497818 0.176031 -0.2588744 -0.9497353 0.1288846 -0.7070025 -0.6953676 0.04718571 -0.9659014 -0.2545743 0.1288824 -0.7070051 -0.6953654 0.04718468 -0.9659005 -0.2545778 0.2230884 -0.2589481 -0.9397752 0.2233105 -0.2585374 -0.9398356 0.05980172 -0.9659002 -0.251914 0.1633511 -0.7070024 -0.6880872 0.1633388 -0.7070163 -0.6880759 0.05980291 -0.9659014 -0.251909 0.2698894 -0.258487 -0.9275474 0.2696288 -0.2589628 -0.9274905 0.07227444 -0.9659039 -0.2486086 0.07227161 -0.9659002 -0.2486236 0.1974207 -0.706996 -0.6791036 0.197402 -0.7070161 -0.6790881 0.315783 -0.2584675 -0.9129489 0.31549 -0.2589968 -0.9129001 0.08456703 -0.9659017 -0.2447086 0.2310001 -0.7070029 -0.6684205 0.2310071 -0.7069956 -0.6684257 0.08456817 -0.9659037 -0.2447004 0.3605393 -0.2590601 -0.8960465 0.3609011 -0.2584115 -0.8960881 0.2639876 -0.7070081 -0.6560869 0.2639928 -0.7070029 -0.6560905 0.09664713 -0.9659016 -0.2401947 0.09664723 -0.9659019 -0.2401934 0.4051364 -0.2583592 -0.876992 0.4047274 -0.2590888 -0.8769657 0.120064 -0.9659023 -0.2293848 0.2963469 -0.7070023 -0.6421263 0.108491 -0.9659023 -0.2350795 0.1084909 -0.9659016 -0.2350828 0.2963398 -0.7070092 -0.642122 0.4478973 -0.2591202 -0.8557131 0.4483532 -0.258309 -0.8557195 0.3279565 -0.7070035 -0.6265705 0.1200632 -0.9659025 -0.2293842 0.3279606 -0.7069996 -0.6265727 0.4904387 -0.2582903 -0.8323196 0.4899523 -0.2591554 -0.8323372 0.1313347 -0.9659044 -0.2231141 0.3587666 -0.7069824 -0.6094771 0.3587499 -0.7069978 -0.6094692 0.1313351 -0.9659027 -0.2231213 0.5307692 -0.2592212 -0.8069005 0.5313277 -0.2582254 -0.8068522 0.142288 -0.9659024 -0.2163019 0.142287 -0.9659045 -0.2162936 0.388685 -0.7069809 -0.5908485 0.3886409 -0.7070205 -0.5908302 0.5703184 -0.2592365 -0.7794442 0.5709 -0.2581944 -0.7793643 0.1528854 -0.9658999 -0.2089577 0.4175959 -0.7070217 -0.5707312 0.1528837 -0.9659026 -0.2089472 0.417606 -0.7070128 -0.5707348 0.6084017 -0.2592913 -0.7500769 0.6090485 -0.2581238 -0.7499548 0.4455092 -0.7069958 -0.5492525 0.1630964 -0.9659039 -0.2010703 0.1631 -0.9658999 -0.2010867 0.4454901 -0.7070125 -0.5492467 0.6456667 -0.2581158 -0.7186729 0.6450158 -0.2593026 -0.71883 0.1822942 -0.9659023 -0.1838519 0.1729109 -0.9659023 -0.1927033 0.4723231 -0.7069941 -0.5263747 0.1729093 -0.9659039 -0.1926972 0.4723213 -0.7069957 -0.5263743 0.6807089 -0.2580534 -0.6855974 0.679992 -0.2593777 -0.6858091 0.1823 -0.9659008 -0.1838538 0.4979531 -0.7069941 -0.5021972 0.4979338 -0.7070104 -0.5021934 0.7133088 -0.2593973 -0.6510789 0.7140375 -0.2580298 -0.6508232 0.1912318 -0.9658991 -0.1745543 0.52233 -0.7070113 -0.4767666 0.1912296 -0.9659007 -0.1745484 0.5223367 -0.7070057 -0.4767675 0.7455842 -0.2580181 -0.6144355 0.7448308 -0.2594575 -0.6147429 0.5454266 -0.7070062 -0.450169 0.2076437 -0.9659006 -0.1546612 0.1996859 -0.9659007 -0.1648071 0.1996887 -0.965899 -0.1648135 0.5454314 -0.7070022 -0.4501694 0.5671701 -0.7070022 -0.4224522 0.7752938 -0.2579832 -0.5765104 0.7745014 -0.2595297 -0.5768812 0.2076324 -0.9659034 -0.1546593 0.5671778 -0.7069829 -0.4224742 0.8030823 -0.2579387 -0.5371466 0.802263 -0.2595772 -0.5375813 0.2150845 -0.9659035 -0.144115 0.5875356 -0.7069825 -0.3936719 0.2150887 -0.9659014 -0.1441225 0.5874992 -0.7070127 -0.3936721 0.8280275 -0.259614 -0.4969619 0.8288705 -0.2578809 -0.4964587 0.2219952 -0.9659023 -0.1332321 0.2219972 -0.9659014 -0.1332352 0.6063749 -0.7070131 -0.3639257 0.6063662 -0.7070205 -0.3639262 0.8526118 -0.2578187 -0.4545135 0.8517529 -0.2596405 -0.4550866 0.2283517 -0.9659034 -0.1220091 0.2283542 -0.9659023 -0.1220127 0.62374 -0.7070203 -0.3332725 0.6237586 -0.7070049 -0.3332706 0.8733531 -0.2596569 -0.4121077 0.8742129 -0.257769 -0.4114694 0.6395751 -0.7070101 -0.3017952 0.2341451 -0.9659033 -0.1104842 0.2341525 -0.9659005 -0.1104937 0.6395813 -0.707005 -0.3017943 0.8936172 -0.2577914 -0.3674125 0.892785 -0.2596907 -0.3680977 0.2393629 -0.9659013 -0.09869251 0.239365 -0.9659005 -0.09869494 0.6538258 -0.7069946 -0.2695742 0.6538078 -0.7070099 -0.269578 0.9099761 -0.2597954 -0.3231871 0.9108697 -0.257667 -0.3223729 0.6664361 -0.7069953 -0.2366869 0.2439752 -0.965903 -0.08664477 0.6664287 -0.7070016 -0.2366888 0.2439807 -0.9659012 -0.08665054 0.9249643 -0.2597515 -0.2774352 0.9257901 -0.2576888 -0.276603 0.2479825 -0.965905 -0.07438012 0.247988 -0.9659031 -0.07438534 0.6774099 -0.7069882 -0.2031834 0.6773947 -0.7070014 -0.2031882 0.9376037 -0.2598568 -0.2310278 0.9384376 -0.2576615 -0.2300985 0.251381 -0.9659037 -0.06194724 0.2513775 -0.9659049 -0.06194421 0.6866843 -0.7069879 -0.1692121 0.6867029 -0.7069716 -0.1692053 0.9479293 -0.2599096 -0.184057 0.9487606 -0.2575906 -0.1830317 0.2541634 -0.9659016 -0.04934579 0.2541563 -0.9659038 -0.04934026 0.6942799 -0.7069716 -0.134783 0.694242 -0.7070057 -0.1347992 0.9559177 -0.2599185 -0.1366152 0.9567181 -0.2575361 -0.1355195 0.2562943 -0.9659045 -0.03662829 0.2563043 -0.9659017 -0.03663532 0.7000915 -0.7070063 -0.1000689 0.7001155 -0.7069843 -0.1000572 0.7042304 -0.7069841 -0.06506113 0.9615285 -0.2599459 -0.08883191 0.9622917 -0.2575053 -0.08766894 0.2578014 -0.9659044 -0.02381753 0.2578005 -0.9659045 -0.02381697 0.7042296 -0.7069851 -0.06506044 0.9654864 -0.2574278 -0.03958454 0.9647453 -0.2599959 -0.04084795 0.2586795 -0.9659011 -0.0109514 0.7065966 -0.7069847 -0.02989806 0.7065667 -0.7070138 -0.0299165 0.258668 -0.9659043 -0.01094496 0.9662579 -0.2574344 0.008568943 0.7071799 -0.7070135 0.00532459 0.9655812 -0.2600002 0.007270179 0.2589052 -0.9659008 0.001944776 0.2589034 -0.9659013 0.001945672 0.7071949 -0.7069986 0.005314603 0.9646431 -0.2573834 0.05672296 0.7060533 -0.7069987 0.04051714 0.9639993 -0.260087 0.05531947 0.2584789 -0.9659029 0.01484035 0.706039 -0.7070125 0.04052571 0.258487 -0.9659008 0.01483681 0.9606116 -0.257399 0.1047427 0.960035 -0.2601194 0.1032987 0.257423 -0.965902 0.02768943 0.2574194 -0.9659029 0.02769081 0.7031451 -0.7070119 0.07563787 0.7031718 -0.706983 0.07566045 0.9542248 -0.2572721 0.1525321 0.6985346 -0.7069837 0.1105589 0.9536806 -0.2602114 0.1509415 0.255722 -0.9659025 0.04048051 0.255724 -0.965902 0.04047986 0.6985095 -0.7070068 0.1105707 0.9449863 -0.2601658 0.1982789 0.9454467 -0.2572495 0.1998833 0.6921641 -0.7069771 0.1452312 0.6921396 -0.7070064 0.1452059 0.25339 -0.9659025 0.05315939 0.2533888 -0.9659027 0.05315968 0.9343166 -0.2572471 0.2467315 0.9339293 -0.2602233 0.2450715 0.6840739 -0.7069772 0.1795164 0.2504258 -0.9659027 0.06571737 0.6840636 -0.7069903 0.1795045 0.250409 -0.9659069 0.06572098 0.9208572 -0.2571958 0.2930397 0.9205402 -0.2603023 0.2912877 0.6742711 -0.7069907 0.2133605 0.2468268 -0.9659067 0.0781064 0.6742591 -0.7070011 0.213364 0.2468499 -0.9659013 0.07810265 0.9051219 -0.257128 0.3385847 0.6627994 -0.7070016 0.2466691 0.9048862 -0.2603277 0.3367647 0.2426528 -0.9659013 0.09030206 0.6628181 -0.7069857 0.2466646 0.2426345 -0.9659056 0.09030412 0.8869833 -0.2603402 0.3814229 0.8871266 -0.2571632 0.3832408 0.6497033 -0.7069855 0.2793871 0.6497031 -0.7069857 0.279387 0.2324529 -0.9659045 0.1139915 0.2378404 -0.9659046 0.1022748 0.2378366 -0.9659055 0.1022751 0.8669198 -0.2570722 0.427041 0.8668646 -0.2604562 0.4250981 0.6349865 -0.7069862 0.3113883 0.6349715 -0.7069988 0.3113904 0.2264951 -0.9659029 0.1254257 0.2324572 -0.9659028 0.1139971 0.8446257 -0.2604402 0.4677375 0.8445829 -0.2570347 0.4696944 0.618697 -0.7069821 0.3426226 0.6186878 -0.706999 0.3426044 0.2264931 -0.9659038 0.1254227 0.2199608 -0.9659037 0.1365551 0.8202764 -0.2604849 0.5092094 0.8201297 -0.2569434 0.511241 0.6008531 -0.7069823 0.3730302 0.6008323 -0.7070248 0.3729833 0.2199649 -0.9659019 0.1365617 0.7938859 -0.2604728 0.5494534 0.5815 -0.7070246 0.4024598 0.7936375 -0.2569347 0.5514746 0.2128942 -0.9659019 0.1473421 0.5815129 -0.707014 0.4024599 0.2052953 -0.9659005 0.1577655 0.2129001 -0.9659004 0.147343 0.7651678 -0.2568702 0.5903693 0.7655311 -0.2605438 0.5882849 0.5607603 -0.707013 0.4309065 0.2052878 -0.9659047 0.1577498 0.5607687 -0.7069908 0.4309319 0.7347962 -0.2568636 0.6277704 0.7352666 -0.2605585 0.6256934 0.5385981 -0.7069955 0.4583333 0.1971686 -0.9659048 0.1677872 0.5385997 -0.7069905 0.4583393 0.197185 -0.9659007 0.1677911 0.7026032 -0.2568308 0.6636164 0.7031937 -0.2606282 0.6615071 0.5151064 -0.7070059 0.4845699 0.515109 -0.7069959 0.4845818 0.1885813 -0.9659008 0.1774053 0.1795083 -0.965902 0.1865746 0.1885767 -0.965902 0.177404 0.668653 -0.2567928 0.6978257 0.6693645 -0.2606747 0.6957009 0.4903322 -0.7070057 0.5096245 0.1795049 -0.9659048 0.1865633 0.4903462 -0.7069939 0.5096276 0.6330434 -0.2567149 0.7303106 0.633886 -0.2607138 0.72816 0.4643442 -0.7070115 0.5334033 0.1699872 -0.9659048 0.1952748 0.4643467 -0.7069944 0.5334238 0.1699968 -0.9659023 0.1952787 0.5958671 -0.2567169 0.760946 0.5968173 -0.260716 0.7588388 0.4371943 -0.7070051 0.5558821 0.4371939 -0.7070115 0.5558744 0.1600566 -0.9659023 0.2035056 0.1600679 -0.9658993 0.2035108 0.5571988 -0.2566622 0.7897177 0.5582889 -0.2607926 0.7875918 0.4089871 -0.7069917 0.5769681 0.4089868 -0.7070054 0.5769516 0.1497348 -0.9658996 0.2112286 0.1390143 -0.9659059 0.2184052 0.1497108 -0.9659061 0.2112159 0.5171391 -0.2566383 0.8165194 0.5183499 -0.2608188 0.8144243 0.3797229 -0.7069914 0.5966354 0.1390166 -0.9659003 0.2184283 0.3797234 -0.7070073 0.5966161 0.4758052 -0.2565706 0.8412972 0.4771581 -0.2608705 0.839206 0.3495536 -0.7070071 0.6147791 0.1279745 -0.9659003 0.2250758 0.3495535 -0.707006 0.6147802 0.1166006 -0.9659029 0.2311621 0.1279652 -0.9659029 0.2250696 0.4332919 -0.256569 0.8639621 0.4347534 -0.2608812 0.8619341 0.3184896 -0.7070068 0.6314316 0.1166006 -0.9659026 0.2311634 0.1049454 -0.9659024 0.236683 0.3185027 -0.7069942 0.6314389 0.3896948 -0.2565329 0.8844936 0.3912974 -0.260956 0.8824898 0.2866655 -0.7069952 0.6465142 0.1049452 -0.9659016 0.2366869 0.2866573 -0.7070032 0.6465092 0.3451059 -0.2564868 0.902838 0.3468424 -0.2609982 0.9008775 0.2540974 -0.7070042 0.6599845 0.08087709 -0.9659037 0.2459449 0.09301937 -0.9659039 0.2416134 0.09302701 -0.9659014 0.2416203 0.2541047 -0.7069969 0.6599895 0.2996877 -0.2564341 0.9189281 0.3015553 -0.2610281 0.9170216 0.08087647 -0.9659027 0.245949 0.2209192 -0.7069976 0.6718252 0.2209217 -0.707005 0.6718168 0.2535111 -0.2563973 0.932734 0.2555007 -0.2610548 0.9308974 0.1871888 -0.7070057 0.6819848 0.06852885 -0.9659027 0.2496711 0.1871852 -0.7069966 0.6819952 0.05600906 -0.9659033 0.2527724 0.06852777 -0.9659032 0.2496699 0.152991 -0.7069953 0.6904718 0.2067097 -0.2563622 0.944219 0.2088241 -0.2610952 0.9424552 0.05600834 -0.9659026 0.2527753 0.043346 -0.9659025 0.2552519 0.1529902 -0.7069962 0.6904711 0.1616322 -0.2611339 0.9516744 0.159377 -0.2562862 0.953371 0.1184149 -0.707014 0.6972151 0.1184056 -0.7069955 0.6972356 0.04334682 -0.9659032 0.2552492 0.1116835 -0.2562929 0.9601253 0.08353394 -0.7070131 0.7022496 0.1140207 -0.2611362 0.9585443 0.03058604 -0.9659032 0.2570906 0.01773906 -0.9659027 0.2582973 0.0305871 -0.9659027 0.2570922 0.0835486 -0.7069946 0.7022666 0.06366467 -0.256232 0.9645164 0.06615221 -0.2612202 0.9630098 0.04846109 -0.7069942 0.7055571 0.01774082 -0.9659037 0.258293 0.04846634 -0.7070028 0.705548 0.01551335 -0.2561958 0.9665003 -0.00741571 -0.258823 0.9658963 0.01810143 -0.2612349 0.9651055 -0.001937844 -0.9659213 0.2588285 -0.005428446 -0.7071131 0.7070797 0.01326203 -0.7070038 0.7070854 -0.005293979 -0.7071021 0.7070915 -0.001808028 -0.9659226 0.2588247 0.004857172 -0.9659025 0.2588604 0.01326118 -0.7070025 0.7070867 0.004854759 -0.9659038 0.2588559 0.00181187 -0.9659189 -0.2588386 0.00232934 -0.9659239 -0.2588156 -0.03262631 -0.258748 0.9653938 -0.03265163 -0.2586973 0.9654065 -0.008745906 -0.9659038 0.2587534 -0.0238905 -0.7069936 0.7068163 -0.008746536 -0.9659041 0.2587521 -0.02388733 -0.7069981 0.706812 -0.08073922 -0.2586586 0.9625887 -0.08067568 -0.2587827 0.9625606 -0.05906596 -0.7070127 0.7047298 -0.02162379 -0.965902 0.2580034 -0.05907705 -0.7069982 0.7047436 -0.02162714 -0.9659042 0.2579951 -0.1285163 -0.2588288 0.9573354 -0.1286244 -0.2586218 0.9573769 -0.03444559 -0.9659021 0.2566061 -0.0940875 -0.7070122 0.7009147 -0.03444365 -0.9659007 0.2566116 -0.09409443 -0.7070035 0.7009224 -0.1761735 -0.2586066 0.9497818 -0.176031 -0.2588744 0.9497353 -0.1288846 -0.7070025 0.6953676 -0.04718571 -0.9659014 0.2545743 -0.1288824 -0.7070051 0.6953654 -0.04718468 -0.9659005 0.2545778 -0.2230884 -0.2589481 0.9397752 -0.2233105 -0.2585374 0.9398356 -0.05979965 -0.9659026 0.2519053 -0.1633392 -0.7070025 0.6880899 -0.1633429 -0.7069983 0.6880933 -0.05979853 -0.9659014 0.2519099 -0.2698894 -0.258487 0.9275474 -0.2696288 -0.2589628 0.9274905 -0.07227444 -0.9659039 0.2486086 -0.07227343 -0.9659025 0.2486139 -0.1974207 -0.706996 0.6791036 -0.1974186 -0.7069982 0.6791018 -0.3157859 -0.258435 0.9129571 -0.3154749 -0.2589967 0.9129053 -0.08456419 -0.9659041 0.2447004 -0.2309891 -0.7070027 0.6684244 -0.2309958 -0.7069957 0.6684295 -0.08456401 -0.9659038 0.2447017 -0.360557 -0.2590283 0.8960485 -0.3609011 -0.2584115 0.8960881 -0.2639982 -0.7070082 0.6560825 -0.2640037 -0.7070028 0.6560862 -0.09664713 -0.9659016 0.2401947 -0.09664805 -0.9659042 0.240184 -0.4051364 -0.2583592 0.876992 -0.4047274 -0.2590888 0.8769657 -0.2963469 -0.7070023 0.6421263 -0.108491 -0.9659023 0.2350795 -0.1084909 -0.9659016 0.2350828 -0.2963398 -0.7070092 0.642122 -0.4478973 -0.2591202 0.8557131 -0.4483532 -0.258309 0.8557195 -0.3279466 -0.7070036 0.6265756 -0.1200599 -0.9659023 0.2293868 -0.1200598 -0.9659047 0.2293767 -0.3279682 -0.7069833 0.6265872 -0.4904387 -0.2582903 0.8323196 -0.4899523 -0.2591554 0.8323372 -0.1313347 -0.9659044 0.2231141 -0.3587666 -0.7069824 0.6094771 -0.3587673 -0.7069817 0.6094775 -0.1313346 -0.9659048 0.2231125 -0.5307692 -0.2592212 0.8069005 -0.5313277 -0.2582254 0.8068522 -0.142288 -0.9659024 0.2163019 -0.142287 -0.9659045 0.2162936 -0.3886409 -0.7070205 0.5908302 -0.388685 -0.7069809 0.5908485 -0.5709 -0.2581944 0.7793643 -0.5703184 -0.2592365 0.7794442 -0.1528854 -0.9658999 0.2089577 -0.4175959 -0.7070217 0.5707312 -0.1528837 -0.9659026 0.2089472 -0.417606 -0.7070128 0.5707348 -0.6084017 -0.2592913 0.7500769 -0.6090485 -0.2581238 0.7499548 -0.1630964 -0.9659039 0.2010703 -0.4454901 -0.7070125 0.5492467 -0.1631 -0.9658999 0.2010867 -0.4455092 -0.7069958 0.5492525 -0.6456667 -0.2581158 0.7186729 -0.6450158 -0.2593026 0.71883 -0.1729109 -0.9659023 0.1927033 -0.4723231 -0.7069941 0.5263747 -0.1729093 -0.9659039 0.1926972 -0.4723213 -0.7069957 0.5263743 -0.6807089 -0.2580534 0.6855974 -0.679992 -0.2593777 0.6858091 -0.1912276 -0.9659007 0.1745505 -0.1822981 -0.9659008 0.1838558 -0.1822962 -0.9659023 0.18385 -0.4979531 -0.7069941 0.5021972 -0.4979338 -0.7070104 0.5021934 -0.7140375 -0.2580298 0.6508232 -0.7133088 -0.2593973 0.6510789 -0.52233 -0.7070113 0.4767666 -0.1912337 -0.9658992 0.1745522 -0.5223367 -0.7070057 0.4767675 -0.7455842 -0.2580181 0.6144355 -0.7448308 -0.2594575 0.6147429 -0.5454266 -0.7070062 0.450169 -0.2076499 -0.9658992 0.1546623 -0.1996886 -0.9658991 0.1648132 -0.1996887 -0.965899 0.1648135 -0.5454314 -0.7070022 0.4501694 -0.7752938 -0.2579832 0.5765104 -0.5671701 -0.7070022 0.4224522 -0.7745014 -0.2595297 0.5768812 -0.5671778 -0.7069829 0.4224742 -0.2076324 -0.9659034 0.1546593 -0.8030823 -0.2579387 0.5371466 -0.802263 -0.2595772 0.5375813 -0.2150845 -0.9659035 0.144115 -0.5875356 -0.7069825 0.3936719 -0.2150887 -0.9659014 0.1441225 -0.5874992 -0.7070127 0.3936721 -0.8280275 -0.259614 0.4969619 -0.8288705 -0.2578809 0.4964587 -0.2219952 -0.9659023 0.1332321 -0.2219972 -0.9659014 0.1332352 -0.6063749 -0.7070131 0.3639257 -0.6063662 -0.7070205 0.3639262 -0.8517529 -0.2596405 0.4550866 -0.8526118 -0.2578187 0.4545135 -0.2283517 -0.9659034 0.1220091 -0.62374 -0.7070203 0.3332725 -0.6237586 -0.7070049 0.3332706 -0.2283542 -0.9659023 0.1220127 -0.8742129 -0.257769 0.4114694 -0.8733531 -0.2596569 0.4121077 -0.2341451 -0.9659033 0.1104842 -0.2341525 -0.9659005 0.1104937 -0.6395751 -0.7070101 0.3017952 -0.6395813 -0.707005 0.3017943 -0.892785 -0.2596907 0.3680977 -0.8936172 -0.2577914 0.3674125 -0.2393629 -0.9659013 0.09869251 -0.6538078 -0.7070099 0.269578 -0.6538258 -0.7069946 0.2695742 -0.239365 -0.9659005 0.09869494 -0.9108697 -0.257667 0.3223729 -0.9099761 -0.2597954 0.3231871 -0.6664361 -0.7069953 0.2366869 -0.2439752 -0.965903 0.08664477 -0.2439807 -0.9659012 0.08665054 -0.6664287 -0.7070016 0.2366888 -0.9249643 -0.2597515 0.2774352 -0.9257901 -0.2576888 0.276603 -0.2479825 -0.965905 0.07438012 -0.247988 -0.9659031 0.07438534 -0.6773947 -0.7070014 0.2031882 -0.6774099 -0.7069882 0.2031834 -0.9376037 -0.2598568 0.2310278 -0.6866871 -0.7069878 0.1692014 -0.9384376 -0.2576615 0.2300985 -0.251381 -0.9659037 0.06194724 -0.2513775 -0.9659049 0.06194421 -0.6867003 -0.7069714 0.1692161 -0.9479293 -0.2599096 0.184057 -0.9487606 -0.2575906 0.1830317 -0.2541563 -0.9659038 0.04934026 -0.2563052 -0.9659016 0.03662987 -0.2541634 -0.9659016 0.04934579 -0.6942799 -0.7069716 0.134783 -0.694242 -0.7070057 0.1347992 -0.9559177 -0.2599185 0.1366152 -0.7000939 -0.7070062 0.1000541 -0.9567181 -0.2575361 0.1355195 -0.7001135 -0.7069841 0.100072 -0.2562936 -0.9659045 0.03663379 -0.9615285 -0.2599459 0.08883191 -0.9622917 -0.2575053 0.08766894 -0.2578021 -0.9659041 0.02381804 -0.2578005 -0.9659045 0.02381697 -0.7042305 -0.7069842 0.06506053 -0.7042295 -0.706985 0.06506105 -0.965486 -0.2574292 0.03958521 -0.9647453 -0.2599959 0.04084795 -0.7065955 -0.706985 0.02991771 -0.2586791 -0.9659013 0.01095118 -0.2586684 -0.9659041 0.01094517 -0.7065681 -0.7070132 0.02989738 -0.9662578 -0.2574344 -0.008568794 -0.9655813 -0.26 -0.007270179 -0.2589052 -0.9659008 -0.001944776 -0.7071798 -0.7070138 -0.005314395 -0.7071947 -0.7069988 -0.00532471 -0.2589035 -0.9659013 -0.001945637 -0.9646431 -0.2573834 -0.05672296 -0.7060533 -0.7069987 -0.04051714 -0.9639993 -0.260087 -0.05531947 -0.2584794 -0.9659027 -0.01484038 -0.7060379 -0.7070136 -0.04052637 -0.258487 -0.9659008 -0.01483708 -0.9606114 -0.2573991 -0.1047445 -0.9600348 -0.2601195 -0.1033004 -0.257423 -0.965902 -0.02768943 -0.2574204 -0.9659027 -0.02769042 -0.7031432 -0.7070138 -0.07563631 -0.7031736 -0.7069811 -0.07566198 -0.9542262 -0.2572667 -0.1525324 -0.6985378 -0.7069809 -0.1105574 -0.9536811 -0.2602113 -0.1509389 -0.255722 -0.9659025 -0.04048051 -0.255724 -0.965902 -0.04047986 -0.6985095 -0.7070068 -0.1105707 -0.9454474 -0.2572492 -0.1998799 -0.9449883 -0.2601587 -0.1982793 -0.6921358 -0.7070062 -0.1452253 -0.6921684 -0.7069769 -0.1452119 -0.25339 -0.9659025 -0.05315939 -0.2533888 -0.9659027 -0.05315968 -0.9343166 -0.2572471 -0.2467315 -0.9339293 -0.2602233 -0.2450715 -0.684076 -0.7069774 -0.1795077 -0.2504258 -0.9659027 -0.06571737 -0.6840611 -0.7069904 -0.179513 -0.250409 -0.9659069 -0.06572098 -0.9208572 -0.2571958 -0.2930397 -0.9205402 -0.2603023 -0.2912877 -0.6742691 -0.7069906 -0.2133672 -0.2468268 -0.9659067 -0.0781064 -0.6742613 -0.707001 -0.2133574 -0.24265 -0.9659012 -0.0903099 -0.2468499 -0.9659013 -0.07810265 -0.9051219 -0.257128 -0.3385847 -0.6627994 -0.7070016 -0.2466691 -0.9048862 -0.2603277 -0.3367647 -0.2426376 -0.9659055 -0.0902964 -0.6628181 -0.7069857 -0.2466646 -0.8869833 -0.2603402 -0.3814229 -0.8871266 -0.2571632 -0.3832408 -0.6497033 -0.7069855 -0.2793871 -0.6497031 -0.7069857 -0.279387 -0.2378366 -0.9659055 -0.1022751 -0.2378404 -0.9659046 -0.1022748 -0.8669198 -0.2570722 -0.427041 -0.8668646 -0.2604562 -0.4250981 -0.6349865 -0.7069862 -0.3113883 -0.2324515 -0.9659046 -0.1139944 -0.6349715 -0.7069988 -0.3113904 -0.2324586 -0.9659029 -0.1139943 -0.8446257 -0.2604402 -0.4677375 -0.8445829 -0.2570347 -0.4696944 -0.618697 -0.7069821 -0.3426226 -0.6186878 -0.706999 -0.3426044 -0.2264958 -0.9659029 -0.1254243 -0.2199608 -0.9659037 -0.1365551 -0.2264922 -0.9659037 -0.1254241 -0.8202716 -0.2604855 -0.5092168 -0.8201256 -0.2569616 -0.5112384 -0.6008531 -0.7069823 -0.3730302 -0.600837 -0.7070152 -0.372994 -0.2199649 -0.9659019 -0.1365617 -0.7938872 -0.2604917 -0.5494426 -0.5815126 -0.7070142 -0.4024599 -0.7936375 -0.2569347 -0.5514746 -0.2128942 -0.9659019 -0.1473421 -0.5815129 -0.707014 -0.4024599 -0.2129001 -0.9659004 -0.147343 -0.7651678 -0.2568702 -0.5903693 -0.7655311 -0.2605438 -0.5882849 -0.5607557 -0.707013 -0.4309127 -0.2052983 -0.9659006 -0.1577614 -0.2052873 -0.9659033 -0.1577594 -0.5607598 -0.7070021 -0.430925 -0.7347962 -0.2568636 -0.6277704 -0.7352666 -0.2605585 -0.6256934 -0.5385928 -0.7070024 -0.4583289 -0.1971751 -0.9659031 -0.1677887 -0.5386012 -0.7069954 -0.4583298 -0.197185 -0.9659007 -0.1677911 -0.7026032 -0.2568308 -0.6636164 -0.7031937 -0.2606282 -0.6615071 -0.5151135 -0.706996 -0.4845768 -0.1885813 -0.9659008 -0.1774053 -0.5151016 -0.707006 -0.4845749 -0.1795083 -0.965902 -0.1865746 -0.1885767 -0.965902 -0.177404 -0.668653 -0.2567928 -0.6978257 -0.6693645 -0.2606747 -0.6957009 -0.4903404 -0.706994 -0.5096331 -0.4903379 -0.7070057 -0.509619 -0.1795049 -0.9659048 -0.1865633 -0.6330389 -0.2567409 -0.7303054 -0.6338761 -0.2607147 -0.7281681 -0.4643483 -0.7069945 -0.5334222 -0.1699872 -0.9659048 -0.1952748 -0.4643445 -0.7069978 -0.5334213 -0.160061 -0.9659024 -0.203502 -0.1699968 -0.9659023 -0.1952787 -0.5958627 -0.256744 -0.7609403 -0.5968128 -0.260743 -0.7588331 -0.4372033 -0.7069905 -0.5558935 -0.4372028 -0.706997 -0.5558857 -0.1600634 -0.9658994 -0.2035142 -0.5571988 -0.2566622 -0.7897177 -0.5582959 -0.2608195 -0.7875779 -0.4089867 -0.7070066 -0.5769502 -0.4089872 -0.7069902 -0.5769699 -0.1497317 -0.9658996 -0.2112308 -0.1390152 -0.9659038 -0.218414 -0.1497152 -0.9659041 -0.2112221 -0.5171391 -0.2566383 -0.8165194 -0.5183499 -0.2608188 -0.8144243 -0.3797234 -0.7070071 -0.5966164 -0.1390157 -0.9659024 -0.2184197 -0.3797234 -0.7070073 -0.5966161 -0.1279697 -0.9659025 -0.2250693 -0.4758013 -0.2566006 -0.8412903 -0.4771452 -0.2608717 -0.839213 -0.3495437 -0.7070069 -0.6147849 -0.1279696 -0.965903 -0.2250672 -0.349562 -0.70699 -0.6147938 -0.1166006 -0.9659029 -0.2311621 -0.4332919 -0.256569 -0.8639621 -0.4347633 -0.2609105 -0.8619203 -0.3185068 -0.7069905 -0.6314411 -0.1166006 -0.9659026 -0.2311634 -0.3185027 -0.7069942 -0.6314389 -0.3896948 -0.2565329 -0.8844936 -0.3912974 -0.260956 -0.8824898 -0.2866623 -0.7070031 -0.646507 -0.1049469 -0.9659016 -0.2366863 -0.1049438 -0.9659025 -0.2366838 -0.2866606 -0.7069952 -0.6465165 -0.3451059 -0.2564868 -0.902838 -0.3468424 -0.2609982 -0.9008775 -0.08087709 -0.9659037 -0.2459449 -0.09301937 -0.9659039 -0.2416134 -0.254102 -0.7070043 -0.6599827 -0.09302701 -0.9659014 -0.2416203 -0.2541 -0.706997 -0.6599913 -0.2996877 -0.2564341 -0.9189281 -0.3015553 -0.2610281 -0.9170216 -0.2209239 -0.7069977 -0.6718235 -0.2209169 -0.707005 -0.6718182 -0.08087647 -0.9659027 -0.245949 -0.1871828 -0.7070057 -0.6819865 -0.2535111 -0.2563973 -0.932734 -0.2555007 -0.2610548 -0.9308974 -0.06852459 -0.9659027 -0.2496724 -0.1871748 -0.7070145 -0.6819797 -0.05600654 -0.9659008 -0.2527823 -0.06853011 -0.9659008 -0.2496785 -0.1529871 -0.7070133 -0.6904542 -0.2067097 -0.2563622 -0.944219 -0.2088241 -0.2610952 -0.9424552 -0.05600834 -0.9659026 -0.2527753 -0.04335056 -0.9659024 -0.255251 -0.1529863 -0.7070143 -0.6904535 -0.1616157 -0.2611356 -0.9516767 -0.1593755 -0.2563201 -0.9533622 -0.1184148 -0.7070138 -0.6972154 -0.04335131 -0.9659032 -0.2552485 -0.03058227 -0.9659031 -0.2570911 -0.1184059 -0.706996 -0.697235 -0.1116835 -0.2562929 -0.9601253 -0.1140363 -0.2611686 -0.9585336 -0.08354828 -0.7069949 -0.7022662 -0.03058168 -0.9659027 -0.2570927 -0.08353399 -0.707013 -0.7022498 -0.01774375 -0.9659026 -0.2582968 -0.06366467 -0.256232 -0.9645164 -0.06615221 -0.2612202 -0.9630098 -0.04846567 -0.7070125 -0.7055383 -0.01774541 -0.9659036 -0.2582928 -0.04847303 -0.7070027 -0.7055477 -0.01551335 -0.2561958 -0.9665003 -0.01810143 -0.2612349 -0.9651055 0.00741571 -0.258823 -0.9658963 0.001937844 -0.9659213 -0.2588285 -0.004854759 -0.9659038 -0.2588559 -0.01326118 -0.7070025 -0.7070867 0.005428446 -0.7071131 -0.7070797 0.005293979 -0.7071021 -0.7070915 0.001808028 -0.9659226 -0.2588247 -0.004857172 -0.9659025 -0.2588604 -0.01326203 -0.7070038 -0.7070854 -0.0338023 0 0.9994285 -0.0338023 0 0.9994285 -0.08358366 0 0.9965008 -0.08358366 0 0.9965008 -0.1331545 0 0.9910953 -0.1331545 0 0.9910953 -0.1823775 0 0.9832286 -0.1823775 0 0.9832286 -0.23117 0 0.9729134 -0.23117 0 0.9729134 -0.2793844 0 0.9601794 -0.2793844 0 0.9601794 -0.3268908 0 0.9450621 -0.3268908 0 0.9450621 -0.3735901 0 0.9275939 -0.3735901 0 0.9275939 -0.4193746 0 0.9078133 -0.4193746 0 0.9078133 -0.4641038 0 0.8857809 -0.4641038 0 0.8857809 -0.5076651 0 0.8615544 -0.5076651 0 0.8615544 -0.5499805 0 0.8351775 -0.5499805 0 0.8351775 -0.5909369 0 0.8067178 -0.5909369 0 0.8067178 -0.6304119 0 0.7762607 -0.6304119 0 0.7762607 -0.6683131 0 0.74388 -0.6683131 0 0.74388 -0.7045723 0 0.7096322 -0.7045723 0 0.7096322 -0.7390646 0 0.6736346 -0.7390646 0 0.6736346 -0.7717143 0 0.6359693 -0.7717143 0 0.6359693 -0.8024574 0 0.5967094 -0.8024574 0 0.5967094 -0.8312094 0 0.5559595 -0.8312094 0 0.5559595 -0.857887 0 0.5138385 -0.857887 0 0.5138385 -0.8824444 0 0.4704168 -0.8824444 0 0.4704168 -0.9047887 0 0.4258607 -0.9047887 0 0.4258607 -0.9248775 0 0.3802652 -0.9248775 0 0.3802652 -0.942701 0 0.3336385 -0.942701 0 0.3336385 -0.9581487 0 0.2862709 -0.9581487 0 0.2862709 -0.9712311 0 0.2381392 -0.9712311 0 0.2381392 -0.9818953 0 0.1894239 -0.9901161 0 0.1402504 -0.9818953 0 0.1894239 -0.9958757 0 0.09072858 -0.9901161 0 0.1402504 -0.9991605 0 0.04096587 -0.9958757 0 0.09072858 -0.9991605 0 0.04096587 -0.9999606 0 -0.008867675 -0.9982756 0 -0.05870061 -0.9999606 0 -0.008867675 -0.9982756 0 -0.05870061 -0.9941077 0 -0.1083969 -0.9941077 0 -0.1083969 -0.9874638 0 -0.1578454 -0.9874638 0 -0.1578454 -0.9783745 0 -0.2068411 -0.9783745 0 -0.2068411 -0.9668555 0 -0.2553243 -0.9668555 0 -0.2553243 -0.9529139 0 -0.303241 -0.9529139 0 -0.303241 -0.9366133 0 -0.3503649 -0.9366133 0 -0.3503649 -0.9180009 0 -0.3965786 -0.9180009 0 -0.3965786 -0.8970683 0 -0.441892 -0.8739456 0 -0.4860238 -0.8970683 0 -0.441892 -0.8739456 0 -0.4860238 -0.848621 0 -0.5290014 -0.848621 0 -0.5290014 -0.8212063 0 -0.5706314 -0.8212063 0 -0.5706314 -0.7917337 0 -0.6108664 -0.7917337 0 -0.6108664 -0.7603062 0 -0.6495648 -0.7603062 0 -0.6495648 -0.7269891 0 -0.6866491 -0.7269891 0 -0.6866491 -0.6918532 0 -0.7220381 -0.6918532 0 -0.7220381 -0.6549941 0 -0.755634 -0.6549941 0 -0.755634 -0.6165291 0 -0.7873321 -0.6165291 0 -0.7873321 -0.5765112 0 -0.8170893 -0.5765112 0 -0.8170893 -0.5350595 0 -0.8448144 -0.5350595 0 -0.8448144 -0.4922841 0 -0.8704346 -0.4922841 0 -0.8704346 -0.4482983 0 -0.893884 -0.4482983 0 -0.893884 -0.4031872 0 -0.9151175 -0.4031872 0 -0.9151175 -0.35705 0 -0.9340852 -0.35705 0 -0.9340852 -0.3100554 0 -0.9507185 -0.3100554 0 -0.9507185 -0.2622787 0 -0.9649922 -0.2622787 0 -0.9649922 -0.2138566 0 -0.9768651 -0.2138566 0 -0.9768651 -0.1648839 0 -0.9863129 -0.1648839 0 -0.9863129 -0.1155428 0 -0.9933025 -0.1155428 0 -0.9933025 -0.0658635 0 -0.9978285 -0.0658635 0 -0.9978285 -0.01604899 0 -0.9998711 -0.01604899 0 -0.9998711 0.0338023 0 -0.9994285 0.0338023 0 -0.9994285 0.08358366 0 -0.9965008 0.08358366 0 -0.9965008 0.1331545 0 -0.9910953 0.1331545 0 -0.9910953 0.1823775 0 -0.9832286 0.1823775 0 -0.9832286 0.23117 0 -0.9729134 0.23117 0 -0.9729134 0.2793844 0 -0.9601794 0.2793844 0 -0.9601794 0.3268908 0 -0.9450621 0.3268908 0 -0.9450621 0.3735901 0 -0.9275939 0.3735901 0 -0.9275939 0.4193746 0 -0.9078133 0.4193746 0 -0.9078133 0.4641038 0 -0.8857809 0.4641038 0 -0.8857809 0.5076651 0 -0.8615544 0.5076651 0 -0.8615544 0.5499805 0 -0.8351775 0.5499805 0 -0.8351775 0.5909369 0 -0.8067178 0.5909369 0 -0.8067178 0.6304119 0 -0.7762607 0.6304119 0 -0.7762607 0.6683131 0 -0.74388 0.6683131 0 -0.74388 0.7045723 0 -0.7096322 0.7045723 0 -0.7096322 0.7390646 0 -0.6736346 0.7717143 0 -0.6359693 0.7390646 0 -0.6736346 0.7717143 0 -0.6359693 0.8024574 0 -0.5967094 0.8024574 0 -0.5967094 0.8312094 0 -0.5559595 0.8312094 0 -0.5559595 0.857887 0 -0.5138385 0.857887 0 -0.5138385 0.8824444 0 -0.4704168 0.8824444 0 -0.4704168 0.9047887 0 -0.4258607 0.9047887 0 -0.4258607 0.9248775 0 -0.3802652 0.9248775 0 -0.3802652 0.942701 0 -0.3336385 0.942701 0 -0.3336385 0.9581487 0 -0.2862709 0.9581487 0 -0.2862709 0.9712311 0 -0.2381392 0.9818953 0 -0.1894239 0.9712311 0 -0.2381392 0.9901161 0 -0.1402504 0.9818953 0 -0.1894239 0.9958757 0 -0.09072858 0.9901161 0 -0.1402504 0.9958757 0 -0.09072858 0.9991606 0 -0.04096517 0.9991606 0 -0.04096517 0.9999606 -0 0.008867828 0.9982756 -0 0.05870061 0.9999606 0 0.008867828 0.9982756 -0 0.05870061 0.9941079 -0 0.108395 0.9941079 0 0.108395 0.9874638 -0 0.1578454 0.9874638 0 0.1578454 0.9783738 -0 0.2068446 0.9783738 0 0.2068446 0.9668555 -0 0.2553243 0.9668555 0 0.2553243 0.9529139 -0 0.303241 0.9529139 0 0.303241 0.9366133 -0 0.3503649 0.9366133 0 0.3503649 0.9180009 -0 0.3965786 0.9180009 0 0.3965786 0.8970683 -0 0.441892 0.8739456 -0 0.4860238 0.8970683 0 0.441892 0.8739456 -0 0.4860238 0.848621 0 0.5290014 0.848621 -0 0.5290014 0.8212063 0 0.5706314 0.8212063 -0 0.5706314 0.7917337 0 0.6108664 0.7917337 -0 0.6108664 0.7603062 0 0.6495648 0.7603062 -0 0.6495648 0.7269891 0 0.6866491 0.7269891 -0 0.6866491 0.6918532 -0 0.7220381 0.6918532 -0 0.7220381 0.6549941 0 0.755634 0.6549941 -0 0.755634 0.6165291 0 0.7873321 0.6165291 -0 0.7873321 0.5765112 0 0.8170893 0.5765112 -0 0.8170893 0.5350595 0 0.8448144 0.5350595 -0 0.8448144 0.4922841 -0 0.8704346 0.4922841 -0 0.8704346 0.4482983 0 0.893884 0.4482983 -0 0.893884 0.4031872 0 0.9151175 0.4031872 -0 0.9151175 0.35705 0 0.9340852 0.35705 -0 0.9340852 0.3100554 -0 0.9507185 0.3100554 0 0.9507185 0.2622787 -0 0.9649922 0.2622787 0 0.9649922 0.2138566 -0 0.9768651 0.2138566 0 0.9768651 0.1648839 -0 0.9863129 0.1648839 0 0.9863129 0.1155428 -0 0.9933025 0.1155428 0 0.9933025 0.0658635 -0 0.9978285 0.0658635 0 0.9978285 0.01604899 -0 0.9998711 0.01604899 0 0.9998711 0 1 0 0 1 0 0 1 0 0 1 0 0 1 0 0 1 0 0 1 0 0 1 0 0 1 0 0 1 0 0 1 0 0 1 0 0 1 0 0 1 0 0 1 0 0 1 0 0 1 0 0 1 0 0 1 0 0 1 0 0 1 0 0 1 0 0 1 0 0 1 0 0 1 0 0 1 0 0 1 0 0 1 0 0 1 0 0 1 0 0 1 0 0 1 0 0 1 0 0 1 0 0 1 0 0 1 0 0 1 0 0 1 0 0 1 0 0 1 0 0 1 0 0 1 0 0 1 0 0 1 0 0 1 0 0 1 0 0 1 0 0 1 0 0 1 0 0 1 0 0 1 0 0 1 0 0 1 0 0 1 0 0 1 0 0 1 0 0 1 0 0 1 0 0 1 0 0 1 0 0 1 0 0 1 0 0 1 0 0 1 0 0 1 0 -0 1 0 0 1 0 0 1 0 0 1 0 0 1 0 -0 1 0 0 1 0 0 1 0 0 1 0 -0 1 0 -0 1 0 -0 1 0 0 1 0 0 1 0 0 1 0 0 1 0 0 1 0 0 1 0 -0 1 0 0 1 0 0 1 0 0 1 0 -0 1 0 0 1 0 -0 1 0 -0 1 0 0 1 0 0 1 0 0 1 0 -0 1 0 0 1 0 0 1 0 0 1 0 0 1 0 0 1 0 -0 1 0 0 1 0 0 1 0 -0 1 0 0 1 0 0 1 0 0 1 0 0 1 0 0 1 0 0 1 0 0 1 0 0 1 0 0 1 0 0 1 0 0 1 0 0 1 0 0 1 0 -0 1 0 0 1 0 0 1 0 -0 1 0 0 1 0 0 1 0 0 1 0 -0 1 0 0 1 0 0 1 0 0 1 0 0 1 0 0 1 0 0 1 0 -0 1 0 0 1 0 0 1 0 0 1 0 -0 1 0 0 1 0 0 1 0 -0 1 0 0 1 0 0 1 0 0 1 0 0 1 0 0 1 0 0 1 0 -0 1 0 0 1 0 0 1 0 0 1 0 0 1 0 -0 1 0 0 1 0 0 1 0 -0 1 0 0 1 0 0 1 0 0 1 0 0 1 0 0 1 0 0 1 0 0 1 0 0 1 0 0 1 0 0 1 0 0 1 0 0 1 0 0 1 0 0 1 0 0 1 0 0 1 0 0 1 0 0 1 0 0 1 0 0 1 0 0 1 0 0 1 0 0 1 0 0 1 0 0 1 0 0 1 0 0 1 0 0 1 0 0 1 0 0 1 0 0 1 0 0 1 0 0 1 0 0 1 0 0 1 0 0 1 0 0 1 0 0 1 0 0 1 0 0 1 0 0 1 0 0 1 0 0 1 0 0 1 0 0 1 0 0 1 0 0 1 0 0 1 0 0 1 0 0 1 0 0 1 0 0 1 0 0 1 0 0 1 0 0 1 0 0 1 0 0 1 0 0 1 0 0 1 0 0 1 0 0 1 0 0 1 0 0 1 0 0 1 0 0 1 0 0 1 0 0 1 0 0 1 0 0.02384254 0 0.9997157 0.02384254 0 0.9997157 0.08917084 0 0.9960163 0.08917084 0 0.9960163 0.1541303 0 0.9880505 0.1541303 0 0.9880505 0.2184116 0 0.9758567 0.2184116 0 0.9758567 0.2817844 0 0.9594777 0.2817844 0 0.9594777 0.3439155 0 0.9390005 0.3439155 0 0.9390005 0.4046054 0 0.9144914 0.4046054 0 0.9144914 0.4635539 0 0.8860688 0.4635539 0 0.8860688 0.5204955 0 0.8538645 0.5204955 0 0.8538645 0.575232 0 0.8179902 0.575232 0 0.8179902 0.6274991 0 0.7786173 0.6274991 0 0.7786173 0.6771049 0 0.7358865 0.6771049 0 0.7358865 0.7237626 0 0.690049 0.7237626 0 0.690049 0.7673365 0 0.6412445 0.7673365 0 0.6412445 0.8076474 0 0.5896658 0.8076474 0 0.5896658 0.8444679 0 0.5356063 0.8444679 0 0.5356063 0.8777128 0 0.479187 0.9071513 0 0.4208047 0.8777128 0 0.479187 0.9071513 0 0.4208047 0.9327449 0 0.3605372 0.9327449 0 0.3605372 0.9543222 0 0.2987795 0.9718251 0 0.2357035 0.9543222 0 0.2987795 0.9851567 0 0.1716577 0.9718251 0 0.2357035 0.9851567 0 0.1716577 0.9942767 0 0.106835 0.999135 0 0.04158366 0.9942767 0 0.106835 0.9997163 0 -0.02382313 0.999135 0 0.04158366 0.9997163 0 -0.02382313 0.9960145 0 -0.08919185 0.9960145 0 -0.08919185 0.9880564 0 -0.1540923 0.9880564 0 -0.1540923 0.9758484 0 -0.2184486 0.9758484 0 -0.2184486 0.9594861 0 -0.281756 0.9594861 0 -0.281756 0.938992 0 -0.3439389 0.938992 0 -0.3439389 0.9144914 0 -0.4046054 0.9144914 0 -0.4046054 0.8860847 0 -0.4635234 0.8860847 0 -0.4635234 0.8538471 0 -0.5205238 0.8538471 0 -0.5205238 0.8179995 0 -0.575219 0.8179995 0 -0.575219 0.7786001 0 -0.6275203 0.7786001 0 -0.6275203 0.735914 0 -0.6770751 0.735914 0 -0.6770751 0.6900588 0 -0.7237533 0.6900588 0 -0.7237533 0.6412235 0 -0.7673541 0.6412235 0 -0.7673541 0.5896658 0 -0.8076474 0.5896658 0 -0.8076474 0.5355836 0 -0.8444822 0.5355836 0 -0.8444822 0.4792251 0 -0.877692 0.4792251 0 -0.877692 0.4207801 0 -0.9071626 0.4207801 0 -0.9071626 0.3605476 0 -0.9327409 0.3605476 0 -0.9327409 0.2987618 0 -0.9543278 0.2987618 0 -0.9543278 0.2357263 0 -0.9718195 0.2357263 0 -0.9718195 0.1716544 0 -0.9851572 0.1716544 0 -0.9851572 0.106835 0 -0.9942767 0.106835 0 -0.9942767 0.04160306 0 -0.9991342 0.04160306 0 -0.9991342 -0.02384254 -0 -0.9997157 -0.02384254 -0 -0.9997157 -0.08917084 -0 -0.9960163 -0.08917084 -0 -0.9960163 -0.1541303 -0 -0.9880505 -0.1541303 -0 -0.9880505 -0.2184116 -0 -0.9758567 -0.2184116 -0 -0.9758567 -0.2817844 -0 -0.9594777 -0.2817844 -0 -0.9594777 -0.3439326 -0 -0.9389943 -0.3439326 -0 -0.9389943 -0.4045891 -0 -0.9144985 -0.4045891 -0 -0.9144985 -0.4635539 -0 -0.8860688 -0.4635539 -0 -0.8860688 -0.5204955 -0 -0.8538645 -0.5204955 -0 -0.8538645 -0.575245 -0 -0.8179811 -0.575245 -0 -0.8179811 -0.6274991 -0 -0.7786173 -0.6274991 -0 -0.7786173 -0.6770945 -0 -0.7358962 -0.6770945 -0 -0.7358962 -0.7237626 -0 -0.690049 -0.7237626 -0 -0.690049 -0.7673445 -0 -0.641235 -0.7673445 -0 -0.641235 -0.8076406 -0 -0.589675 -0.8076406 -0 -0.589675 -0.8444679 -0 -0.5356063 -0.8444679 0 -0.5356063 -0.8777128 -0 -0.479187 -0.9071513 -0 -0.4208047 -0.8777128 -0 -0.479187 -0.9071513 -0 -0.4208047 -0.9327449 -0 -0.3605372 -0.9327449 0 -0.3605372 -0.9543222 -0 -0.2987795 -0.9543222 0 -0.2987795 -0.9718251 -0 -0.2357035 -0.9718251 0 -0.2357035 -0.9851567 -0 -0.1716577 -0.9942767 -0 -0.106835 -0.9851567 0 -0.1716577 -0.999135 -0 -0.04158366 -0.9942767 -0 -0.106835 -0.999135 -0 -0.04158366 -0.9997163 0 0.02382313 -0.9997163 0 0.02382313 -0.9960146 0 0.08919012 -0.9960146 0 0.08919012 -0.988056 0 0.1540953 -0.988056 0 0.1540953 -0.9758484 0 0.2184486 -0.9758484 0 0.2184486 -0.9594861 0 0.281756 -0.9594861 0 0.281756 -0.938992 0 0.3439389 -0.938992 0 0.3439389 -0.9144914 0 0.4046054 -0.9144914 0 0.4046054 -0.8860847 0 0.4635234 -0.8860847 0 0.4635234 -0.8538471 0 0.5205238 -0.8538471 0 0.5205238 -0.8179995 0 0.575219 -0.8179995 0 0.575219 -0.7786001 0 0.6275203 -0.7786001 0 0.6275203 -0.735914 0 0.6770751 -0.735914 0 0.6770751 -0.6900588 0 0.7237533 -0.6900588 0 0.7237533 -0.6412235 0 0.7673541 -0.6412235 0 0.7673541 -0.5896658 0 0.8076474 -0.5896658 0 0.8076474 -0.5355836 0 0.8444822 -0.5355836 0 0.8444822 -0.4792251 0 0.877692 -0.4792251 0 0.877692 -0.4207801 0 0.9071626 -0.4207801 0 0.9071626 -0.3605476 0 0.9327409 -0.3605476 0 0.9327409 -0.2987618 0 0.9543278 -0.2987618 0 0.9543278 -0.2357263 0 0.9718195 -0.2357263 0 0.9718195 -0.1716544 0 0.9851572 -0.1716544 0 0.9851572 -0.1068542 0 0.9942747 -0.1068542 0 0.9942747 -0.04158366 0 0.999135 -0.04158366 0 0.999135 0 1 0 0 1 0 0 1 0 0 1 0 0 1 0 0 1 0 0 1 0 0 1 0 0 1 0 0 1 0 0 1 0 0 1 0 0 1 0 0 1 0 0 1 0 0 1 0 0 1 0 0 1 0 0 1 0 0 1 0 0 1 0 0 1 0 0 1 0 0 1 0 0 1 0 0 1 0 0 1 0 0 1 0 0 1 0 0 1 0 0 1 0 0 1 0 0 1 0 0 1 0 0 1 0 0 1 0 0 1 0 0 1 0 0 1 0 0 1 0 0 1 0 0 1 0 0 1 0 0 1 0 0 1 0 0 1 0 0 1 0 0 1 0 0 1 0 0 1 0 0 1 0 0 1 0 0 1 0 0 1 0 0 1 0 0 1 0 0 1 0 0 1 0 0 1 0 0 1 0 0 1 0 0 1 0 0 1 0 0 1 0 0 1 0 0 1 0 0 1 0 0 1 0 0 1 0 0 1 0 0 1 0 0 1 0 0 1 0 0 1 0 0 1 0 0 1 0 0 1 0 0 1 0 0 1 0 0 1 0 0 1 0 0 1 0 0 1 0 0 1 0 0 1 0 0 1 0 0 1 0 0 1 0 0 1 0 0 1 0 0 1 0 0 1 0 0 1 0 0 1 0 0 1 0 0 1 0 0 1 0 0 1 0 0 1 0 0 1 0 0 1 0 0 1 0 0 1 0 0 1 0 0 1 0 0 1 0 0 1 0 0 1 0 0 1 0 0 1 0 0 1 0 0 1 0 0 1 0 0 1 0 0 1 0 0 1 0 0 1 0 0 1 0 0 1 0 0 1 0 0 1 0 0 1 0 0 1 0 0 1 0 0 1 0 0 1 0 0 1 0 0 1 0 0 1 0 0 1 0 0 1 0 0 1 0 0 1 0 0 1 0 0 1 0 0 1 0 0 1 0 0 1 0 0 1 0 0 1 0 0 1 0 0 1 0 0 1 0 0 1 0 0 1 0 0 1 0 0 1 0 0 1 0 0 1 0 0 1 0 0 1 0 0 1 0 0 1 0 0 1 0 0 1 0 0 1 0 0 1 0 0 1 0 0 1 0 0 1 0 0.04019313 -0 0.9991919 0.1379402 -0 0.9904406 0.04019313 0 0.9991919 0.2343505 -0 0.9721522 0.1379402 0 0.9904406 0.3285161 -0 0.9444984 0.2343505 0 0.9721522 0.4195129 -0 0.9077494 0.3285161 0 0.9444984 0.5064645 -0 0.8622608 0.4195129 0 0.9077494 0.5885449 -0 0.8084645 0.5064645 0 0.8622608 0.6649584 -0 0.7468804 0.5885449 0 0.8084645 0.6649584 0 0.7468804 0.734951 -0 0.6781203 0.734951 0 0.6781203 0.7978773 -0 0.6028199 0.7978773 0 0.6028199 0.8531324 -0 0.5216945 0.8531324 0 0.5216945 0.9001592 0 0.4355609 0.9385216 -0 0.3452207 0.9001592 0 0.4355609 0.967827 -0 0.2516164 0.9385216 0 0.3452207 0.967827 0 0.2516164 0.9878377 0 0.1554885 0.9878377 0 0.1554885 0.9991919 0 -0.04019313 0.998319 0 0.0579575 0.998319 0 0.0579575 0.9991919 0 -0.04019313 0.9904383 0 -0.1379566 0.9904383 0 -0.1379566 0.9445026 0 -0.3285041 0.97215 0 -0.2343593 0.97215 0 -0.2343593 0.9445026 0 -0.3285041 0.9077533 0 -0.4195043 0.9077533 0 -0.4195043 0.8622608 0 -0.5064645 0.8622608 0 -0.5064645 0.7468901 0 -0.6649475 0.808462 0 -0.5885484 0.808462 0 -0.5885484 0.7468901 0 -0.6649475 0.6028199 0 -0.7978773 0.6780904 0 -0.7349785 0.6780904 0 -0.7349785 0.6028199 0 -0.7978773 0.4355609 0 -0.9001592 0.5217031 0 -0.8531271 0.5217031 0 -0.8531271 0.4355609 0 -0.9001592 0.25158 0 -0.9678365 0.3452379 0 -0.9385152 0.3452379 0 -0.9385152 0.1555234 0 -0.9878322 0.25158 0 -0.9678365 0.1555234 0 -0.9878322 0.05791989 0 -0.9983213 0.05791989 0 -0.9983213 -0 -1 0 0 -1 0 -0 -1 0 0 -1 0 0 -1 0 -0 -1 0 0 -1 0 0 -1 0 0 -1 0 0 -1 0 -0 -1 0 0 -1 0 0 -1 0 0 -1 0 0 -1 0 0 -1 0 0 -1 0 -0 -1 0 0 -1 0 0 -1 0 -0 -1 0 0 -1 0 0 -1 0 -0 -1 0 0 -1 0 0 -1 0 -0 -1 0 0 -1 0 0 -1 0 0 -1 0 0 -1 0 -0 -1 0 0 -1 0 0 -1 0 -0 -1 0 0 -1 0 0 -1 0 0 -1 0 -0 -1 0 0 -1 0 -0 -1 0 0 -1 0 0 -1 0 0 -1 0 0 -1 0 0 -1 0 -0 -1 0 0 -1 0 0 -1 0 0 -1 0 0 -1 0 0 -1 0 0 -1 0 -0 -1 0 0 -1 0 -0 -1 0 -0 -1 0 0 -1 0 -0 -1 0 0 -1 0 0 -1 0 -0 -1 0 0 -1 0 0 -1 0 0 -1 0 0 -1 0 0 -1 0 -0 -1 0 0 -1 0 -0 -1 0 -0 -1 0 0 -1 0 -0 -1 0 0 -1 0 0 -1 0 -0 -1 0 0 -1 0 0 -1 0 -0 -1 0 0 -1 0 0 -1 0 0 -1 0 0 -1 0 0 -1 0 0 -1 0 -0 -1 0 0 -1 0 0 -1 0 -0 -1 0 -0 -1 0 0 -1 0 -0 -1 0 0 -1 0 0 -1 0 -0 -1 0 0 -1 0 -0 -1 0 0 -1 0 0 -1 0 0 -1 0 -0 -1 0 0 -1 0 -0 -1 0 0 -1 0 0 -1 0 -0 -1 0 0 -1 0 0 -1 0 0 -1 0 0 -1 0 -0 -1 0 0 -1 0 -0 -1 0 0 -1 0 0 -1 0 0 -1 0 -0 -1 0 0 -1 0 0 -1 0 0 -1 0 0 -1 0 0 -1 0 0 -1 0 0 -1 0 0 -1 0 -0 -1 0 0 -1 0 -0 -1 0 0 -1 0 -0 -1 0 0.4462787 -0 0.894894 0.4462787 0 0.894894 0.3007027 -0 0.9537179 -0.00887599 0 0.9999605 0.3007027 -0 0.9537179 -0.00887599 0 0.9999605 -0.3175984 0 0.9482253 -0.3175984 0 0.9482253 -0.4620984 0 0.8868287 -0.4620984 0 0.8868287 -0.3093508 0 0.950948 0.01717642 -0 0.9998524 -0.3093508 0 0.950948 0.3418297 -0 0.9397619 0.01717642 0 0.9998524 0.6292331 -0 0.7772166 0.3418297 0 0.9397619 0.8480242 -0 0.5299574 0.6292331 0 0.7772166 0.9743792 -0 0.2249115 0.8480242 0 0.5299574 0.9743792 0 0.2249115 0.9981403 -0 0.06095713 0.9981403 0 0.06095713 0.9762968 -0 0.2164358 0.9762968 -0 0.2164358 0.8615466 -0 0.5076786 0.8615466 0 0.5076786 0.6623898 -0 0.7491594 0.6623898 0 0.7491594 0.536967 0 0.8436033 0.536967 0 0.8436033 0.6688647 -0 0.7433841 0.8744841 -0 0.4850543 0.6688647 0 0.7433841 0.9847733 -0 0.1738435 0.8744841 0 0.4850543 0.9877062 0 -0.1563215 0.9847733 0 0.1738435 0.8829556 0 -0.4694565 0.9877062 0 -0.1563215 0.6819696 0 -0.7313805 0.8829556 0 -0.4694565 0.6819696 0 -0.7313805 0.5518637 0 -0.8339343 0.5518637 0 -0.8339343 0.6755812 0 -0.7372857 0.6755812 0 -0.7372857 0.8704493 0 -0.492258 0.8704493 0 -0.492258 0.9799826 0 -0.1990837 0.9799826 0 -0.1990837 0.9990656 0 -0.04321975 0.9990656 0 -0.04321975 0.9782184 0 -0.2075785 0.9782184 0 -0.2075785 0.8573162 0 -0.5147902 0.8573162 0 -0.5147902 0.6429342 0 -0.7659215 0.6429342 0 -0.7659215 0.3584732 0 -0.93354 0.3584732 0 -0.93354 0.03492916 0 -0.9993898 0.03492916 0 -0.9993898 -0.2924035 0 -0.956295 -0.2924035 -0 -0.956295 -0.4462748 0 -0.894896 -0.4462748 0 -0.894896 -0.3007211 0 -0.9537121 0.00887599 0 -0.9999605 -0.3007211 0 -0.9537121 0.00887599 0 -0.9999605 0.3175984 0 -0.9482253 0.3175984 0 -0.9482253 0.4620984 0 -0.8868287 0.4620984 0 -0.8868287 0.3093682 0 -0.9509423 -0.01719567 0 -0.9998521 0.3093682 0 -0.9509423 -0.3418297 0 -0.9397619 -0.01719567 0 -0.9998521 -0.6292331 0 -0.7772166 -0.3418297 0 -0.9397619 -0.8480242 0 -0.5299574 -0.6292331 0 -0.7772166 -0.9743792 0 -0.2249115 -0.8480242 0 -0.5299574 -0.9743792 0 -0.2249115 -0.9981403 0 -0.06095742 -0.9981403 0 -0.06095742 -0.9762978 0 -0.2164315 -0.9762978 0 -0.2164315 -0.8615466 0 -0.5076786 -0.8615466 0 -0.5076786 -0.6623898 0 -0.7491594 -0.6623898 0 -0.7491594 -0.536967 -0 -0.8436033 -0.536967 0 -0.8436033 -0.6688647 0 -0.7433841 -0.8744841 0 -0.4850543 -0.6688647 0 -0.7433841 -0.9847733 0 -0.1738435 -0.8744841 0 -0.4850543 -0.9877062 0 0.1563215 -0.9847733 0 -0.1738435 -0.8829556 0 0.4694565 -0.9877062 0 0.1563215 -0.6819696 0 0.7313805 -0.8829556 0 0.4694565 -0.6819696 0 0.7313805 -0.5518637 0 0.8339343 -0.5518637 0 0.8339343 -0.6755812 0 0.7372857 -0.6755812 0 0.7372857 -0.8704493 0 0.492258 -0.8704493 0 0.492258 -0.9799826 0 0.1990837 -0.9799826 0 0.1990837 -0.9990656 0 0.04321975 -0.9990656 0 0.04321975 -0.9782184 0 0.2075785 -0.9782184 0 0.2075785 -0.8573162 0 0.5147902 -0.8573162 0 0.5147902 -0.6429342 0 0.7659215 -0.6429342 0 0.7659215 -0.3584732 0 0.93354 -0.3584732 0 0.93354 -0.03492916 0 0.9993898 -0.03492916 0 0.9993898 0.2924035 0 0.956295 0.2924035 0 0.956295 -0.04019313 0 -0.9991919 -0.1379402 0 -0.9904406 -0.04019313 0 -0.9991919 -0.2343505 0 -0.9721522 -0.1379402 0 -0.9904406 -0.3285161 0 -0.9444984 -0.2343505 0 -0.9721522 -0.4195129 0 -0.9077494 -0.3285161 0 -0.9444984 -0.5064645 0 -0.8622608 -0.4195129 0 -0.9077494 -0.5885449 0 -0.8084645 -0.5064645 0 -0.8622608 -0.6649584 0 -0.7468804 -0.5885449 0 -0.8084645 -0.6649584 0 -0.7468804 -0.734951 0 -0.6781203 -0.734951 0 -0.6781203 -0.7978773 -0 -0.6028199 -0.8531324 0 -0.5216945 -0.7978773 0 -0.6028199 -0.8531324 0 -0.5216945 -0.9001592 0 -0.4355609 -0.9001592 0 -0.4355609 -0.967827 0 -0.2516164 -0.9385216 0 -0.3452207 -0.9385216 -0 -0.3452207 -0.967827 0 -0.2516164 -0.998319 0 -0.0579575 -0.9878377 0 -0.1554885 -0.9878377 -0 -0.1554885 -0.9991919 0 0.04019391 -0.998319 0 -0.0579575 -0.9991919 0 0.04019391 -0.97215 0 0.2343593 -0.9904386 0 0.137954 -0.9904386 0 0.137954 -0.97215 0 0.2343593 -0.9445026 0 0.3285041 -0.9445026 0 0.3285041 -0.9077533 0 0.4195043 -0.9077533 0 0.4195043 -0.8622608 0 0.5064645 -0.8622608 0 0.5064645 -0.7468987 0 0.6649379 -0.8084553 0 0.5885576 -0.8084553 0 0.5885576 -0.7468987 0 0.6649379 -0.6028199 0 0.7978773 -0.6780904 0 0.7349785 -0.6780904 0 0.7349785 -0.6028199 0 0.7978773 -0.4355609 0 0.9001592 -0.5217031 0 0.8531271 -0.5217031 0 0.8531271 -0.4355609 0 0.9001592 -0.25158 0 0.9678365 -0.3452379 0 0.9385152 -0.3452379 0 0.9385152 -0.25158 0 0.9678365 -0.1555045 0 0.9878352 -0.1555045 0 0.9878352 -0.05793926 0 0.9983201 -0.05793926 0 0.9983201</float_array>
          <technique_common>
            <accessor count="2184" source="#cubenormals-array0-array" stride="3">
              <param type="float" name="X"/>
              <param type="float" name="Y"/>
              <param type="float" name="Z"/>
            </accessor>
          </technique_common>
        </source>
        <vertices id="cubeverts-array0-vertices">
          <input semantic="POSITION" source="#cubeverts-array0"/>
        </vertices>
        <triangles count="2184" material="ref_T10_M3_35_42_075_20_1_004_shape002">
          <input offset="0" semantic="VERTEX" source="#cubeverts-array0-vertices"/>
          <input offset="1" semantic="NORMAL" source="#cubenormals-array0"/>
          <p>0 0 1 0 2 0 2 1 1 1 3 1 0 2 4 2 1 2 5 3 4 3 6 3 6 4 4 4 7 4 7 5 4 5 0 5 1 6 8 6 3 6 3 7 8 7 9 7 9 8 8 8 10 8 5 9 11 9 4 9 12 10 11 10 13 10 13 11 11 11 5 11 8 12 14 12 10 12 10 13 14 13 15 13 15 14 14 14 16 14 16 15 14 15 17 15 12 16 18 16 11 16 19 17 18 17 20 17 20 18 18 18 12 18 19 19 21 19 18 19 22 20 21 20 23 20 23 21 21 21 24 21 24 22 21 22 25 22 25 23 21 23 19 23 26 24 27 24 28 24 28 25 27 25 29 25 26 26 30 26 27 26 31 27 30 27 32 27 32 28 30 28 33 28 33 29 30 29 34 29 34 30 30 30 26 30 14 31 35 31 17 31 17 32 35 32 36 32 36 33 35 33 37 33 29 34 38 34 39 34 39 35 38 35 40 35 27 36 38 36 29 36 41 37 42 37 43 37 43 38 42 38 44 38 38 39 42 39 40 39 40 40 42 40 41 40 35 41 45 41 37 41 31 42 45 42 30 42 46 43 45 43 35 43 37 44 45 44 31 44 46 45 47 45 45 45 44 46 48 46 49 46 49 47 48 47 50 47 42 48 48 48 44 48 51 49 52 49 53 49 54 50 52 50 51 50 55 51 52 51 54 51 22 52 52 52 21 52 53 53 52 53 22 53 50 54 56 54 57 54 57 55 56 55 58 55 48 56 56 56 50 56 58 57 59 57 60 57 60 58 59 58 61 58 56 59 59 59 58 59 59 60 62 60 61 60 55 61 63 61 52 61 64 62 63 62 55 62 52 63 63 63 65 63 65 64 63 64 66 64 64 65 67 65 63 65 68 66 67 66 69 66 69 67 67 67 70 67 70 68 67 68 71 68 71 69 67 69 64 69 68 70 72 70 67 70 73 71 72 71 74 71 74 72 72 72 68 72 73 73 75 73 72 73 76 74 75 74 77 74 77 75 75 75 73 75 62 76 78 76 79 76 79 77 78 77 80 77 59 78 78 78 62 78 76 79 81 79 75 79 82 80 81 80 83 80 83 81 81 81 76 81 82 82 84 82 81 82 84 83 85 83 81 83 84 84 86 84 85 84 86 85 87 85 85 85 85 86 87 86 88 86 80 87 89 87 90 87 78 88 89 88 80 88 91 89 89 89 92 89 92 90 89 90 78 90 87 91 93 91 88 91 93 92 94 92 88 92 88 93 94 93 95 93 90 94 96 94 97 94 97 95 96 95 98 95 98 96 96 96 99 96 99 97 96 97 100 97 89 98 96 98 90 98 94 99 101 99 95 99 100 100 102 100 103 100 103 101 102 101 104 101 96 102 102 102 100 102 101 103 105 103 95 103 102 104 106 104 104 104 104 105 106 105 107 105 105 106 108 106 95 106 109 107 110 107 111 107 106 108 112 108 107 108 106 109 113 109 112 109 109 110 114 110 110 110 108 111 115 111 95 111 95 112 115 112 109 112 113 113 116 113 112 113 109 114 117 114 114 114 115 115 117 115 109 115 113 116 118 116 116 116 117 117 119 117 114 117 113 118 120 118 118 118 121 119 120 119 113 119 119 120 122 120 114 120 121 121 123 121 120 121 122 122 124 122 114 122 122 123 125 123 124 123 126 124 127 124 128 124 121 125 129 125 123 125 130 126 129 126 121 126 127 127 131 127 128 127 125 128 132 128 124 128 130 129 133 129 129 129 124 130 134 130 135 130 132 131 134 131 124 131 136 132 137 132 130 132 130 133 137 133 133 133 138 134 139 134 140 134 134 135 141 135 135 135 136 136 142 136 137 136 138 137 143 137 139 137 135 138 144 138 145 138 141 139 144 139 135 139 136 140 146 140 142 140 144 141 147 141 145 141 136 142 148 142 146 142 145 143 149 143 150 143 147 144 149 144 145 144 128 145 151 145 136 145 136 146 151 146 148 146 149 147 152 147 150 147 131 148 153 148 128 148 128 149 153 149 151 149 131 150 154 150 153 150 131 151 155 151 154 151 131 152 156 152 155 152 152 153 157 153 150 153 131 154 158 154 156 154 159 155 158 155 131 155 157 156 160 156 150 156 150 157 160 157 161 157 159 158 162 158 158 158 160 159 163 159 161 159 159 160 164 160 162 160 163 161 165 161 161 161 161 162 165 162 166 162 159 163 167 163 164 163 165 164 168 164 166 164 159 165 169 165 167 165 170 166 169 166 159 166 166 167 171 167 172 167 168 168 171 168 166 168 170 169 173 169 169 169 171 170 174 170 172 170 175 171 176 171 170 171 170 172 176 172 173 172 174 173 177 173 172 173 175 174 178 174 176 174 177 175 179 175 172 175 175 176 180 176 178 176 181 177 180 177 175 177 172 178 182 178 138 178 179 179 182 179 172 179 181 180 183 180 180 180 182 181 184 181 138 181 138 182 184 182 143 182 181 183 185 183 183 183 184 184 186 184 143 184 187 185 188 185 181 185 181 186 188 186 185 186 143 187 189 187 190 187 186 188 189 188 143 188 187 189 191 189 188 189 189 190 192 190 190 190 193 191 194 191 187 191 187 192 194 192 191 192 192 193 195 193 190 193 193 194 196 194 194 194 190 195 197 195 193 195 195 196 197 196 190 196 193 197 197 197 196 197 154 198 155 198 198 198 153 199 154 199 198 199 199 200 200 200 201 200 199 201 201 201 202 201 203 202 55 202 204 202 203 203 204 203 200 203 203 204 64 204 55 204 203 205 200 205 199 205 205 206 202 206 206 206 205 207 199 207 202 207 207 208 199 208 205 208 207 209 71 209 64 209 207 210 203 210 199 210 207 211 64 211 203 211 208 212 205 212 206 212 208 213 206 213 209 213 210 214 71 214 207 214 210 215 207 215 205 215 210 216 70 216 71 216 210 217 205 217 208 217 211 218 209 218 212 218 211 219 208 219 209 219 213 220 208 220 211 220 213 221 69 221 70 221 213 222 210 222 208 222 213 223 70 223 210 223 214 224 211 224 212 224 214 225 212 225 215 225 216 226 68 226 69 226 216 227 213 227 211 227 216 228 211 228 214 228 216 229 69 229 213 229 217 230 215 230 218 230 217 231 214 231 215 231 219 232 74 232 68 232 219 233 68 233 216 233 219 234 214 234 217 234 219 235 216 235 214 235 220 236 218 236 221 236 220 237 217 237 218 237 222 238 73 238 74 238 222 239 217 239 220 239 222 240 219 240 217 240 222 241 74 241 219 241 223 242 220 242 221 242 223 243 221 243 224 243 225 244 220 244 223 244 225 245 222 245 220 245 225 246 77 246 73 246 225 247 73 247 222 247 226 248 224 248 227 248 226 249 223 249 224 249 228 250 83 250 76 250 228 251 223 251 226 251 228 252 76 252 77 252 228 253 77 253 225 253 228 254 225 254 223 254 229 255 226 255 227 255 229 256 227 256 230 256 231 257 228 257 226 257 231 258 83 258 228 258 231 259 226 259 229 259 232 260 230 260 233 260 232 261 229 261 230 261 234 262 82 262 83 262 234 263 229 263 232 263 234 264 231 264 229 264 234 265 83 265 231 265 235 266 232 266 233 266 235 267 233 267 236 267 237 268 84 268 82 268 237 269 82 269 234 269 237 270 234 270 232 270 237 271 232 271 235 271 238 272 235 272 236 272 238 273 236 273 239 273 240 274 86 274 84 274 240 275 237 275 235 275 240 276 84 276 237 276 240 277 235 277 238 277 241 278 238 278 239 278 241 279 239 279 242 279 243 280 238 280 241 280 243 281 87 281 86 281 243 282 86 282 240 282 243 283 240 283 238 283 244 284 242 284 245 284 244 285 241 285 242 285 246 286 94 286 93 286 246 287 93 287 87 287 246 288 241 288 244 288 246 289 87 289 243 289 246 290 243 290 241 290 247 291 245 291 248 291 247 292 244 292 245 292 249 293 94 293 246 293 249 294 246 294 244 294 249 295 244 295 247 295 250 296 247 296 248 296 250 297 248 297 251 297 252 298 101 298 94 298 252 299 249 299 247 299 252 300 94 300 249 300 252 301 247 301 250 301 253 302 251 302 254 302 253 303 250 303 251 303 255 304 252 304 250 304 255 305 108 305 105 305 255 306 105 306 101 306 255 307 101 307 252 307 255 308 250 308 253 308 256 309 255 309 253 309 256 310 254 310 257 310 256 311 253 311 254 311 258 312 108 312 255 312 258 313 255 313 256 313 259 314 257 314 260 314 259 315 256 315 257 315 261 316 108 316 258 316 261 317 258 317 256 317 261 318 115 318 108 318 261 319 256 319 259 319 262 320 259 320 260 320 262 321 260 321 263 321 264 322 117 322 115 322 264 323 115 323 261 323 264 324 261 324 259 324 264 325 259 325 262 325 265 326 263 326 266 326 265 327 262 327 263 327 267 328 119 328 117 328 267 329 117 329 264 329 267 330 264 330 262 330 267 331 262 331 265 331 268 332 265 332 266 332 268 333 266 333 269 333 270 334 265 334 268 334 270 335 119 335 267 335 270 336 122 336 119 336 270 337 267 337 265 337 271 338 269 338 272 338 271 339 268 339 269 339 273 340 125 340 122 340 273 341 122 341 270 341 273 342 268 342 271 342 273 343 270 343 268 343 274 344 271 344 272 344 274 345 272 345 275 345 276 346 273 346 271 346 276 347 132 347 125 347 276 348 271 348 274 348 276 349 125 349 273 349 277 350 274 350 275 350 277 351 275 351 278 351 279 352 134 352 132 352 279 353 132 353 276 353 279 354 274 354 277 354 279 355 276 355 274 355 280 356 277 356 278 356 280 357 278 357 281 357 282 358 141 358 134 358 282 359 134 359 279 359 282 360 279 360 277 360 282 361 277 361 280 361 283 362 280 362 281 362 283 363 281 363 284 363 285 364 144 364 141 364 285 365 141 365 282 365 285 366 282 366 280 366 285 367 280 367 283 367 286 368 283 368 284 368 286 369 284 369 287 369 288 370 147 370 144 370 288 371 144 371 285 371 288 372 285 372 283 372 288 373 283 373 286 373 289 374 288 374 286 374 289 375 286 375 287 375 289 376 287 376 290 376 291 377 149 377 147 377 291 378 147 378 288 378 291 379 288 379 289 379 292 380 290 380 293 380 292 381 289 381 290 381 294 382 152 382 149 382 294 383 291 383 289 383 294 384 289 384 292 384 294 385 149 385 291 385 295 386 293 386 296 386 295 387 294 387 292 387 295 388 292 388 293 388 297 389 157 389 152 389 297 390 152 390 294 390 297 391 294 391 295 391 298 392 296 392 299 392 298 393 297 393 295 393 298 394 295 394 296 394 300 395 160 395 157 395 300 396 297 396 298 396 300 397 157 397 297 397 301 398 299 398 302 398 301 399 298 399 299 399 303 400 163 400 160 400 303 401 160 401 300 401 303 402 300 402 298 402 303 403 298 403 301 403 304 404 302 404 305 404 304 405 303 405 301 405 304 406 301 406 302 406 306 407 165 407 163 407 306 408 163 408 303 408 306 409 303 409 304 409 307 410 304 410 305 410 307 411 305 411 308 411 309 412 304 412 307 412 309 413 306 413 304 413 309 414 165 414 306 414 309 415 168 415 165 415 310 416 308 416 311 416 310 417 307 417 308 417 312 418 309 418 307 418 312 419 168 419 309 419 312 420 307 420 310 420 312 421 171 421 168 421 313 422 311 422 314 422 313 423 310 423 311 423 313 424 312 424 310 424 315 425 171 425 312 425 315 426 312 426 313 426 315 427 174 427 171 427 316 428 314 428 317 428 316 429 315 429 313 429 316 430 313 430 314 430 318 431 174 431 315 431 318 432 315 432 316 432 318 433 177 433 174 433 319 434 316 434 317 434 319 435 317 435 320 435 321 436 316 436 319 436 321 437 318 437 316 437 321 438 182 438 179 438 321 439 179 439 177 439 321 440 177 440 318 440 322 441 320 441 323 441 322 442 319 442 320 442 322 443 321 443 319 443 324 444 321 444 322 444 324 445 184 445 182 445 324 446 182 446 321 446 325 447 322 447 323 447 325 448 323 448 326 448 327 449 322 449 325 449 327 450 324 450 322 450 327 451 184 451 324 451 327 452 186 452 184 452 328 453 325 453 326 453 328 454 326 454 329 454 330 455 327 455 325 455 330 456 325 456 328 456 330 457 186 457 327 457 331 458 328 458 329 458 331 459 330 459 328 459 331 460 329 460 332 460 333 461 186 461 330 461 333 462 330 462 331 462 333 463 192 463 189 463 333 464 189 464 186 464 334 465 332 465 335 465 334 466 331 466 332 466 336 467 333 467 331 467 336 468 192 468 333 468 336 469 331 469 334 469 337 470 335 470 338 470 337 471 334 471 335 471 339 472 334 472 337 472 339 473 192 473 336 473 339 474 336 474 334 474 339 475 195 475 192 475 340 476 338 476 341 476 340 477 337 477 338 477 342 478 337 478 340 478 342 479 339 479 337 479 342 480 195 480 339 480 342 481 196 481 197 481 342 482 197 482 195 482 343 483 341 483 344 483 343 484 340 484 341 484 343 485 342 485 340 485 345 486 196 486 342 486 345 487 342 487 343 487 346 488 344 488 347 488 346 489 343 489 344 489 348 490 343 490 346 490 348 491 196 491 345 491 348 492 345 492 343 492 348 493 194 493 196 493 349 494 347 494 350 494 349 495 346 495 347 495 351 496 346 496 349 496 351 497 348 497 346 497 351 498 194 498 348 498 351 499 191 499 194 499 352 500 350 500 353 500 352 501 349 501 350 501 354 502 349 502 352 502 354 503 351 503 349 503 354 504 191 504 351 504 354 505 185 505 188 505 354 506 188 506 191 506 355 507 353 507 356 507 355 508 352 508 353 508 357 509 354 509 352 509 357 510 185 510 354 510 357 511 352 511 355 511 358 512 356 512 359 512 358 513 355 513 356 513 360 514 357 514 355 514 360 515 185 515 357 515 360 516 355 516 358 516 360 517 180 517 183 517 360 518 183 518 185 518 361 519 359 519 362 519 361 520 358 520 359 520 361 521 360 521 358 521 363 522 180 522 360 522 363 523 178 523 180 523 363 524 360 524 361 524 364 525 362 525 365 525 364 526 361 526 362 526 364 527 363 527 361 527 366 528 178 528 363 528 366 529 363 529 364 529 367 530 365 530 368 530 367 531 364 531 365 531 367 532 366 532 364 532 369 533 173 533 176 533 369 534 176 534 178 534 369 535 178 535 366 535 369 536 366 536 367 536 370 537 368 537 371 537 370 538 367 538 368 538 372 539 173 539 369 539 372 540 369 540 367 540 372 541 367 541 370 541 373 542 371 542 374 542 373 543 370 543 371 543 375 544 372 544 370 544 375 545 173 545 372 545 375 546 370 546 373 546 375 547 167 547 169 547 375 548 169 548 173 548 376 549 375 549 373 549 376 550 374 550 377 550 376 551 373 551 374 551 378 552 167 552 375 552 378 553 164 553 167 553 378 554 375 554 376 554 379 555 376 555 377 555 379 556 377 556 380 556 381 557 376 557 379 557 381 558 378 558 376 558 381 559 164 559 378 559 382 560 380 560 383 560 382 561 381 561 379 561 382 562 379 562 380 562 384 563 164 563 381 563 384 564 158 564 162 564 384 565 162 565 164 565 384 566 381 566 382 566 385 567 383 567 386 567 385 568 382 568 383 568 387 569 384 569 382 569 387 570 158 570 384 570 387 571 382 571 385 571 388 572 386 572 389 572 388 573 389 573 390 573 388 574 385 574 386 574 391 575 198 575 155 575 391 576 388 576 390 576 391 577 385 577 388 577 391 578 390 578 198 578 391 579 155 579 156 579 391 580 156 580 158 580 391 581 387 581 385 581 391 582 158 582 387 582 54 583 51 583 204 583 55 584 54 584 204 584 392 585 390 585 389 585 392 586 389 586 393 586 394 587 153 587 198 587 394 588 198 588 390 588 394 589 151 589 153 589 394 590 390 590 392 590 395 591 393 591 396 591 395 592 392 592 393 592 397 593 392 593 395 593 397 594 148 594 151 594 397 595 394 595 392 595 397 596 151 596 394 596 398 597 395 597 396 597 398 598 396 598 399 598 400 599 148 599 397 599 400 600 397 600 395 600 400 601 146 601 148 601 400 602 395 602 398 602 401 603 399 603 402 603 401 604 398 604 399 604 403 605 398 605 401 605 403 606 142 606 146 606 403 607 400 607 398 607 403 608 146 608 400 608 404 609 401 609 402 609 404 610 402 610 405 610 406 611 137 611 142 611 406 612 403 612 401 612 406 613 401 613 404 613 406 614 142 614 403 614 407 615 405 615 408 615 407 616 404 616 405 616 409 617 133 617 137 617 409 618 137 618 406 618 409 619 404 619 407 619 409 620 406 620 404 620 410 621 408 621 411 621 410 622 407 622 408 622 412 623 129 623 133 623 412 624 407 624 410 624 412 625 409 625 407 625 412 626 133 626 409 626 413 627 410 627 411 627 413 628 411 628 414 628 415 629 410 629 413 629 415 630 412 630 410 630 415 631 123 631 129 631 415 632 129 632 412 632 416 633 414 633 417 633 416 634 413 634 414 634 418 635 413 635 416 635 418 636 120 636 123 636 418 637 123 637 415 637 418 638 415 638 413 638 419 639 416 639 417 639 419 640 417 640 420 640 421 641 418 641 416 641 421 642 120 642 418 642 421 643 118 643 120 643 421 644 416 644 419 644 422 645 420 645 423 645 422 646 419 646 420 646 424 647 116 647 118 647 424 648 419 648 422 648 424 649 421 649 419 649 424 650 118 650 421 650 425 651 422 651 423 651 425 652 423 652 426 652 427 653 112 653 116 653 427 654 116 654 424 654 427 655 422 655 425 655 427 656 424 656 422 656 428 657 426 657 429 657 428 658 425 658 426 658 430 659 107 659 112 659 430 660 427 660 425 660 430 661 112 661 427 661 430 662 425 662 428 662 431 663 428 663 429 663 431 664 429 664 432 664 433 665 104 665 107 665 433 666 430 666 428 666 433 667 107 667 430 667 433 668 428 668 431 668 434 669 432 669 435 669 434 670 431 670 432 670 436 671 103 671 104 671 436 672 431 672 434 672 436 673 104 673 433 673 436 674 433 674 431 674 437 675 435 675 438 675 437 676 434 676 435 676 439 677 99 677 100 677 439 678 100 678 103 678 439 679 103 679 436 679 439 680 436 680 434 680 439 681 434 681 437 681 440 682 438 682 441 682 440 683 437 683 438 683 442 684 439 684 437 684 442 685 99 685 439 685 442 686 437 686 440 686 443 687 441 687 444 687 443 688 440 688 441 688 445 689 442 689 440 689 445 690 97 690 98 690 445 691 98 691 99 691 445 692 99 692 442 692 445 693 440 693 443 693 446 694 444 694 447 694 446 695 445 695 443 695 446 696 443 696 444 696 448 697 445 697 446 697 448 698 97 698 445 698 449 699 447 699 450 699 449 700 446 700 447 700 451 701 97 701 448 701 451 702 448 702 446 702 451 703 90 703 97 703 451 704 446 704 449 704 452 705 449 705 450 705 452 706 450 706 453 706 454 707 80 707 90 707 454 708 90 708 451 708 454 709 451 709 449 709 454 710 449 710 452 710 455 711 452 711 453 711 455 712 453 712 456 712 457 713 79 713 80 713 457 714 454 714 452 714 457 715 452 715 455 715 457 716 80 716 454 716 458 717 456 717 459 717 458 718 455 718 456 718 460 719 79 719 457 719 460 720 62 720 79 720 460 721 455 721 458 721 460 722 457 722 455 722 461 723 458 723 459 723 461 724 459 724 462 724 463 725 61 725 62 725 463 726 460 726 458 726 463 727 458 727 461 727 463 728 62 728 460 728 464 729 462 729 465 729 464 730 461 730 462 730 466 731 463 731 461 731 466 732 60 732 61 732 466 733 61 733 463 733 466 734 461 734 464 734 467 735 464 735 465 735 467 736 465 736 468 736 469 737 58 737 60 737 469 738 60 738 466 738 469 739 466 739 464 739 469 740 464 740 467 740 470 741 467 741 468 741 470 742 469 742 467 742 470 743 468 743 471 743 472 744 57 744 58 744 472 745 58 745 469 745 472 746 469 746 470 746 473 747 470 747 471 747 473 748 471 748 474 748 475 749 57 749 472 749 475 750 49 750 50 750 475 751 50 751 57 751 475 752 472 752 470 752 475 753 470 753 473 753 476 754 473 754 474 754 476 755 475 755 473 755 476 756 474 756 477 756 478 757 475 757 476 757 478 758 49 758 475 758 479 759 476 759 477 759 479 760 477 760 480 760 481 761 44 761 49 761 481 762 49 762 478 762 481 763 478 763 476 763 481 764 476 764 479 764 482 765 480 765 483 765 482 766 479 766 480 766 482 767 481 767 479 767 484 768 43 768 44 768 484 769 44 769 481 769 484 770 481 770 482 770 485 771 483 771 486 771 485 772 482 772 483 772 487 773 41 773 43 773 487 774 484 774 482 774 487 775 482 775 485 775 487 776 43 776 484 776 488 777 486 777 489 777 488 778 487 778 485 778 488 779 485 779 486 779 490 780 40 780 41 780 490 781 487 781 488 781 490 782 41 782 487 782 491 783 489 783 492 783 491 784 488 784 489 784 493 785 39 785 40 785 493 786 40 786 490 786 493 787 490 787 488 787 493 788 488 788 491 788 494 789 492 789 495 789 494 790 493 790 491 790 494 791 491 791 492 791 496 792 29 792 39 792 496 793 39 793 493 793 496 794 493 794 494 794 497 795 495 795 498 795 497 796 494 796 495 796 497 797 496 797 494 797 499 798 496 798 497 798 499 799 29 799 496 799 499 800 28 800 29 800 500 801 498 801 501 801 500 802 497 802 498 802 500 803 499 803 497 803 502 804 28 804 499 804 502 805 499 805 500 805 502 806 26 806 28 806 503 807 501 807 504 807 503 808 500 808 501 808 505 809 502 809 500 809 505 810 26 810 502 810 505 811 500 811 503 811 505 812 33 812 34 812 505 813 34 813 26 813 506 814 504 814 507 814 506 815 505 815 503 815 506 816 503 816 504 816 508 817 33 817 505 817 508 818 505 818 506 818 509 819 506 819 507 819 509 820 507 820 510 820 511 821 506 821 509 821 511 822 508 822 506 822 511 823 33 823 508 823 511 824 32 824 33 824 512 825 510 825 513 825 512 826 509 826 510 826 512 827 511 827 509 827 514 828 32 828 511 828 514 829 511 829 512 829 514 830 31 830 32 830 515 831 512 831 513 831 515 832 513 832 516 832 517 833 512 833 515 833 517 834 514 834 512 834 517 835 31 835 514 835 517 836 36 836 37 836 517 837 37 837 31 837 518 838 515 838 516 838 518 839 516 839 519 839 520 840 517 840 515 840 520 841 515 841 518 841 520 842 36 842 517 842 521 843 518 843 519 843 521 844 520 844 518 844 521 845 519 845 522 845 523 846 36 846 520 846 523 847 520 847 521 847 523 848 17 848 36 848 524 849 522 849 525 849 524 850 521 850 522 850 526 851 523 851 521 851 526 852 17 852 523 852 526 853 16 853 17 853 526 854 521 854 524 854 527 855 525 855 528 855 527 856 524 856 525 856 527 857 526 857 524 857 529 858 16 858 526 858 529 859 526 859 527 859 529 860 15 860 16 860 530 861 528 861 531 861 530 862 527 862 528 862 530 863 529 863 527 863 532 864 15 864 529 864 532 865 529 865 530 865 532 866 9 866 10 866 532 867 10 867 15 867 533 868 531 868 534 868 533 869 530 869 531 869 535 870 530 870 533 870 535 871 532 871 530 871 535 872 9 872 532 872 536 873 534 873 537 873 536 874 533 874 534 874 536 875 535 875 533 875 538 876 9 876 535 876 538 877 535 877 536 877 538 878 2 878 3 878 538 879 3 879 9 879 539 880 537 880 540 880 539 881 536 881 537 881 541 882 536 882 539 882 541 883 538 883 536 883 541 884 2 884 538 884 542 885 540 885 543 885 542 886 539 886 540 886 544 887 539 887 542 887 544 888 541 888 539 888 544 889 2 889 541 889 544 890 7 890 0 890 544 891 0 891 2 891 545 892 543 892 546 892 545 893 542 893 543 893 547 894 544 894 542 894 547 895 7 895 544 895 547 896 542 896 545 896 547 897 6 897 7 897 548 898 546 898 549 898 548 899 545 899 546 899 548 900 547 900 545 900 550 901 6 901 547 901 550 902 547 902 548 902 550 903 5 903 6 903 551 904 549 904 552 904 551 905 548 905 549 905 551 906 550 906 548 906 553 907 5 907 550 907 553 908 550 908 551 908 554 909 552 909 555 909 554 910 551 910 552 910 556 911 551 911 554 911 556 912 13 912 5 912 556 913 5 913 553 913 556 914 553 914 551 914 557 915 555 915 558 915 557 916 554 916 555 916 559 917 20 917 12 917 559 918 12 918 13 918 559 919 556 919 554 919 559 920 13 920 556 920 559 921 554 921 557 921 560 922 558 922 561 922 560 923 557 923 558 923 560 924 559 924 557 924 562 925 559 925 560 925 562 926 20 926 559 926 563 927 562 927 560 927 563 928 561 928 564 928 563 929 560 929 561 929 565 930 20 930 562 930 565 931 562 931 563 931 565 932 25 932 19 932 565 933 19 933 20 933 566 934 565 934 563 934 566 935 564 935 567 935 566 936 563 936 564 936 568 937 25 937 565 937 568 938 24 938 25 938 568 939 565 939 566 939 569 940 566 940 567 940 569 941 567 941 570 941 571 942 568 942 566 942 571 943 24 943 568 943 571 944 23 944 24 944 571 945 566 945 569 945 572 946 570 946 573 946 572 947 569 947 570 947 572 948 571 948 569 948 574 949 23 949 571 949 574 950 571 950 572 950 574 951 22 951 23 951 575 952 573 952 576 952 575 953 572 953 573 953 575 954 574 954 572 954 577 955 22 955 574 955 577 956 574 956 575 956 578 957 576 957 201 957 578 958 575 958 576 958 578 959 201 959 200 959 579 960 204 960 51 960 579 961 22 961 577 961 579 962 577 962 575 962 579 963 578 963 200 963 579 964 200 964 204 964 579 965 51 965 53 965 579 966 53 966 22 966 579 967 575 967 578 967 393 968 389 968 580 968 393 969 580 969 581 969 396 970 581 970 582 970 396 971 393 971 581 971 399 972 582 972 583 972 399 973 396 973 582 973 402 974 583 974 584 974 402 975 399 975 583 975 405 976 584 976 585 976 405 977 402 977 584 977 408 978 585 978 586 978 408 979 405 979 585 979 411 980 586 980 587 980 411 981 408 981 586 981 414 982 587 982 588 982 414 983 411 983 587 983 417 984 588 984 589 984 417 985 414 985 588 985 420 986 589 986 590 986 420 987 417 987 589 987 423 988 590 988 591 988 423 989 420 989 590 989 426 990 591 990 592 990 426 991 423 991 591 991 429 992 592 992 593 992 429 993 426 993 592 993 432 994 593 994 594 994 432 995 429 995 593 995 435 996 594 996 595 996 435 997 432 997 594 997 438 998 595 998 596 998 438 999 435 999 595 999 441 1000 596 1000 597 1000 441 1001 438 1001 596 1001 444 1002 597 1002 598 1002 444 1003 441 1003 597 1003 447 1004 444 1004 598 1004 447 1005 598 1005 599 1005 450 1006 447 1006 599 1006 450 1007 599 1007 600 1007 453 1008 450 1008 600 1008 453 1009 600 1009 601 1009 453 1010 601 1010 602 1010 456 1011 453 1011 602 1011 459 1012 602 1012 603 1012 459 1013 456 1013 602 1013 459 1014 603 1014 604 1014 462 1015 459 1015 604 1015 465 1016 604 1016 605 1016 465 1017 462 1017 604 1017 468 1018 605 1018 606 1018 468 1019 465 1019 605 1019 471 1020 606 1020 607 1020 471 1021 468 1021 606 1021 474 1022 607 1022 608 1022 474 1023 608 1023 609 1023 474 1024 471 1024 607 1024 477 1025 609 1025 610 1025 477 1026 474 1026 609 1026 480 1027 610 1027 611 1027 480 1028 477 1028 610 1028 483 1029 480 1029 611 1029 486 1030 611 1030 612 1030 486 1031 612 1031 613 1031 486 1032 483 1032 611 1032 489 1033 486 1033 613 1033 492 1034 613 1034 614 1034 492 1035 489 1035 613 1035 495 1036 614 1036 615 1036 495 1037 492 1037 614 1037 498 1038 615 1038 616 1038 498 1039 495 1039 615 1039 501 1040 616 1040 617 1040 501 1041 498 1041 616 1041 504 1042 617 1042 618 1042 504 1043 501 1043 617 1043 507 1044 618 1044 619 1044 507 1045 504 1045 618 1045 510 1046 619 1046 620 1046 510 1047 507 1047 619 1047 513 1048 620 1048 621 1048 513 1049 621 1049 622 1049 513 1050 510 1050 620 1050 516 1051 513 1051 622 1051 519 1052 516 1052 622 1052 519 1053 622 1053 623 1053 522 1054 519 1054 623 1054 522 1055 623 1055 624 1055 525 1056 522 1056 624 1056 525 1057 624 1057 625 1057 528 1058 525 1058 625 1058 528 1059 625 1059 626 1059 531 1060 528 1060 626 1060 531 1061 626 1061 627 1061 531 1062 627 1062 628 1062 534 1063 531 1063 628 1063 537 1064 534 1064 628 1064 537 1065 628 1065 629 1065 540 1066 537 1066 629 1066 540 1067 629 1067 630 1067 543 1068 540 1068 630 1068 543 1069 630 1069 631 1069 546 1070 543 1070 631 1070 546 1071 631 1071 632 1071 546 1072 632 1072 633 1072 549 1073 546 1073 633 1073 552 1074 549 1074 633 1074 552 1075 633 1075 634 1075 555 1076 552 1076 634 1076 555 1077 634 1077 635 1077 555 1078 635 1078 636 1078 558 1079 555 1079 636 1079 561 1080 636 1080 637 1080 561 1081 558 1081 636 1081 564 1082 637 1082 638 1082 564 1083 561 1083 637 1083 567 1084 638 1084 639 1084 567 1085 564 1085 638 1085 570 1086 639 1086 640 1086 570 1087 567 1087 639 1087 573 1088 640 1088 641 1088 573 1089 570 1089 640 1089 576 1090 641 1090 642 1090 576 1091 573 1091 641 1091 201 1092 642 1092 643 1092 201 1093 576 1093 642 1093 202 1094 201 1094 643 1094 202 1095 643 1095 644 1095 206 1096 644 1096 645 1096 206 1097 202 1097 644 1097 209 1098 645 1098 646 1098 209 1099 206 1099 645 1099 212 1100 646 1100 647 1100 212 1101 209 1101 646 1101 215 1102 647 1102 648 1102 215 1103 212 1103 647 1103 218 1104 648 1104 649 1104 218 1105 215 1105 648 1105 221 1106 649 1106 650 1106 221 1107 218 1107 649 1107 224 1108 650 1108 651 1108 224 1109 221 1109 650 1109 227 1110 651 1110 652 1110 227 1111 224 1111 651 1111 230 1112 652 1112 653 1112 230 1113 227 1113 652 1113 233 1114 653 1114 654 1114 233 1115 230 1115 653 1115 236 1116 654 1116 655 1116 236 1117 233 1117 654 1117 239 1118 655 1118 656 1118 239 1119 236 1119 655 1119 242 1120 656 1120 657 1120 242 1121 239 1121 656 1121 245 1122 657 1122 658 1122 245 1123 242 1123 657 1123 248 1124 658 1124 659 1124 248 1125 245 1125 658 1125 251 1126 659 1126 660 1126 251 1127 660 1127 661 1127 251 1128 248 1128 659 1128 254 1129 251 1129 661 1129 257 1130 254 1130 661 1130 257 1131 661 1131 662 1131 257 1132 662 1132 663 1132 260 1133 257 1133 663 1133 260 1134 663 1134 664 1134 263 1135 260 1135 664 1135 263 1136 664 1136 665 1136 266 1137 263 1137 665 1137 269 1138 665 1138 666 1138 269 1139 266 1139 665 1139 269 1140 666 1140 667 1140 272 1141 269 1141 667 1141 275 1142 667 1142 668 1142 275 1143 272 1143 667 1143 278 1144 668 1144 669 1144 278 1145 275 1145 668 1145 281 1146 669 1146 670 1146 281 1147 670 1147 671 1147 281 1148 278 1148 669 1148 284 1149 671 1149 672 1149 284 1150 281 1150 671 1150 287 1151 672 1151 673 1151 287 1152 284 1152 672 1152 290 1153 287 1153 673 1153 293 1154 673 1154 674 1154 293 1155 290 1155 673 1155 296 1156 674 1156 675 1156 296 1157 675 1157 676 1157 296 1158 293 1158 674 1158 299 1159 296 1159 676 1159 302 1160 676 1160 677 1160 302 1161 299 1161 676 1161 305 1162 677 1162 678 1162 305 1163 302 1163 677 1163 308 1164 678 1164 679 1164 308 1165 305 1165 678 1165 311 1166 679 1166 680 1166 311 1167 308 1167 679 1167 314 1168 680 1168 681 1168 314 1169 311 1169 680 1169 317 1170 681 1170 682 1170 317 1171 314 1171 681 1171 320 1172 682 1172 683 1172 320 1173 317 1173 682 1173 323 1174 683 1174 684 1174 323 1175 684 1175 685 1175 323 1176 320 1176 683 1176 326 1177 323 1177 685 1177 329 1178 326 1178 685 1178 329 1179 685 1179 686 1179 332 1180 329 1180 686 1180 332 1181 686 1181 687 1181 335 1182 332 1182 687 1182 335 1183 687 1183 688 1183 338 1184 335 1184 688 1184 338 1185 688 1185 689 1185 341 1186 338 1186 689 1186 341 1187 689 1187 690 1187 341 1188 690 1188 691 1188 344 1189 341 1189 691 1189 347 1190 344 1190 691 1190 347 1191 691 1191 692 1191 350 1192 347 1192 692 1192 350 1193 692 1193 693 1193 353 1194 350 1194 693 1194 353 1195 693 1195 694 1195 356 1196 353 1196 694 1196 356 1197 694 1197 695 1197 356 1198 695 1198 696 1198 359 1199 356 1199 696 1199 362 1200 359 1200 696 1200 362 1201 696 1201 697 1201 365 1202 362 1202 697 1202 365 1203 697 1203 698 1203 368 1204 365 1204 698 1204 368 1205 698 1205 699 1205 371 1206 699 1206 700 1206 371 1207 368 1207 699 1207 374 1208 700 1208 701 1208 374 1209 371 1209 700 1209 377 1210 701 1210 702 1210 377 1211 374 1211 701 1211 380 1212 702 1212 703 1212 380 1213 377 1213 702 1213 383 1214 703 1214 704 1214 383 1215 380 1215 703 1215 386 1216 704 1216 705 1216 386 1217 383 1217 704 1217 389 1218 705 1218 580 1218 389 1219 386 1219 705 1219 595 1220 706 1220 596 1220 595 1221 707 1221 706 1221 594 1222 707 1222 595 1222 596 1223 708 1223 597 1223 597 1224 708 1224 598 1224 706 1225 708 1225 596 1225 592 1226 709 1226 593 1226 593 1227 709 1227 594 1227 594 1228 709 1228 707 1228 708 1229 710 1229 598 1229 598 1230 710 1230 599 1230 591 1231 711 1231 592 1231 592 1232 711 1232 709 1232 710 1233 712 1233 599 1233 599 1234 712 1234 600 1234 591 1235 713 1235 711 1235 590 1236 713 1236 591 1236 712 1237 714 1237 600 1237 600 1238 714 1238 601 1238 601 1239 714 1239 602 1239 590 1240 715 1240 713 1240 589 1241 715 1241 590 1241 714 1242 716 1242 602 1242 602 1243 716 1243 603 1243 589 1244 717 1244 715 1244 587 1245 717 1245 588 1245 588 1246 717 1246 589 1246 716 1247 718 1247 603 1247 603 1248 718 1248 604 1248 587 1249 719 1249 717 1249 586 1250 719 1250 587 1250 718 1251 720 1251 604 1251 604 1252 720 1252 605 1252 605 1253 720 1253 606 1253 586 1254 721 1254 719 1254 585 1255 721 1255 586 1255 720 1256 722 1256 606 1256 606 1257 722 1257 607 1257 585 1258 723 1258 721 1258 583 1259 723 1259 584 1259 584 1260 723 1260 585 1260 722 1261 724 1261 607 1261 607 1262 724 1262 608 1262 583 1263 725 1263 723 1263 582 1264 725 1264 583 1264 724 1265 726 1265 608 1265 608 1266 726 1266 609 1266 609 1267 726 1267 610 1267 582 1268 727 1268 725 1268 581 1269 727 1269 582 1269 726 1270 728 1270 610 1270 610 1271 728 1271 611 1271 581 1272 729 1272 727 1272 705 1273 729 1273 580 1273 580 1274 729 1274 581 1274 728 1275 730 1275 611 1275 611 1276 730 1276 612 1276 705 1277 731 1277 729 1277 704 1278 731 1278 705 1278 730 1279 732 1279 612 1279 612 1280 732 1280 613 1280 703 1281 733 1281 704 1281 704 1282 733 1282 731 1282 732 1283 734 1283 613 1283 613 1284 734 1284 614 1284 614 1285 734 1285 615 1285 701 1286 735 1286 702 1286 702 1287 735 1287 703 1287 703 1288 735 1288 733 1288 734 1289 736 1289 615 1289 615 1290 736 1290 616 1290 700 1291 737 1291 701 1291 701 1292 737 1292 735 1292 736 1293 738 1293 616 1293 616 1294 738 1294 617 1294 617 1295 739 1295 618 1295 618 1296 739 1296 619 1296 738 1297 739 1297 617 1297 699 1298 740 1298 700 1298 700 1299 740 1299 737 1299 699 1300 741 1300 740 1300 697 1301 741 1301 698 1301 698 1302 741 1302 699 1302 619 1303 742 1303 620 1303 739 1304 742 1304 619 1304 697 1305 743 1305 741 1305 696 1306 743 1306 697 1306 620 1307 744 1307 621 1307 742 1308 744 1308 620 1308 621 1309 745 1309 622 1309 622 1310 745 1310 623 1310 744 1311 745 1311 621 1311 696 1312 746 1312 743 1312 695 1313 746 1313 696 1313 623 1314 747 1314 624 1314 745 1315 747 1315 623 1315 695 1316 748 1316 746 1316 694 1317 748 1317 695 1317 694 1318 749 1318 748 1318 693 1319 749 1319 694 1319 624 1320 750 1320 625 1320 747 1321 750 1321 624 1321 693 1322 692 1322 749 1322 625 1323 751 1323 626 1323 750 1324 751 1324 625 1324 692 1325 752 1325 749 1325 692 1326 691 1326 752 1326 751 1327 627 1327 626 1327 751 1328 753 1328 627 1328 691 1329 754 1329 752 1329 691 1330 690 1330 754 1330 753 1331 628 1331 627 1331 753 1332 755 1332 628 1332 690 1333 756 1333 754 1333 690 1334 689 1334 756 1334 755 1335 629 1335 628 1335 755 1336 757 1336 629 1336 756 1337 688 1337 758 1337 689 1338 688 1338 756 1338 757 1339 630 1339 629 1339 758 1340 687 1340 759 1340 688 1341 687 1341 758 1341 757 1342 631 1342 630 1342 760 1343 631 1343 757 1343 759 1344 686 1344 761 1344 687 1345 686 1345 759 1345 760 1346 632 1346 631 1346 762 1347 632 1347 760 1347 686 1348 685 1348 761 1348 763 1349 633 1349 762 1349 762 1350 633 1350 632 1350 761 1351 684 1351 764 1351 685 1352 684 1352 761 1352 765 1353 634 1353 763 1353 763 1354 634 1354 633 1354 764 1355 683 1355 766 1355 684 1356 683 1356 764 1356 765 1357 635 1357 634 1357 766 1358 682 1358 767 1358 683 1359 682 1359 766 1359 765 1360 636 1360 635 1360 768 1361 636 1361 765 1361 682 1362 681 1362 767 1362 768 1363 637 1363 636 1363 769 1364 637 1364 768 1364 767 1365 680 1365 770 1365 681 1366 680 1366 767 1366 769 1367 638 1367 637 1367 771 1368 638 1368 769 1368 680 1369 679 1369 770 1369 770 1370 679 1370 772 1370 771 1371 639 1371 638 1371 679 1372 678 1372 772 1372 772 1373 678 1373 773 1373 774 1374 640 1374 771 1374 771 1375 640 1375 639 1375 678 1376 677 1376 773 1376 774 1377 641 1377 640 1377 775 1378 641 1378 774 1378 677 1379 676 1379 773 1379 773 1380 676 1380 776 1380 775 1381 642 1381 641 1381 777 1382 642 1382 775 1382 776 1383 675 1383 778 1383 676 1384 675 1384 776 1384 777 1385 643 1385 642 1385 778 1386 674 1386 779 1386 675 1387 674 1387 778 1387 777 1388 644 1388 643 1388 780 1389 644 1389 777 1389 674 1390 673 1390 779 1390 779 1391 673 1391 781 1391 780 1392 645 1392 644 1392 782 1393 645 1393 780 1393 673 1394 672 1394 781 1394 782 1395 646 1395 645 1395 783 1396 646 1396 782 1396 781 1397 671 1397 784 1397 672 1398 671 1398 781 1398 783 1399 647 1399 646 1399 784 1400 670 1400 785 1400 671 1401 670 1401 784 1401 783 1402 648 1402 647 1402 786 1403 648 1403 783 1403 785 1404 669 1404 787 1404 670 1405 669 1405 785 1405 786 1406 649 1406 648 1406 788 1407 649 1407 786 1407 669 1408 668 1408 787 1408 788 1409 650 1409 649 1409 789 1410 650 1410 788 1410 668 1411 667 1411 787 1411 787 1412 667 1412 790 1412 789 1413 651 1413 650 1413 667 1414 666 1414 790 1414 790 1415 666 1415 791 1415 789 1416 652 1416 651 1416 792 1417 652 1417 789 1417 791 1418 665 1418 793 1418 666 1419 665 1419 791 1419 792 1420 653 1420 652 1420 794 1421 653 1421 792 1421 665 1422 664 1422 793 1422 794 1423 654 1423 653 1423 795 1424 654 1424 794 1424 664 1425 663 1425 793 1425 793 1426 663 1426 796 1426 795 1427 655 1427 654 1427 797 1428 655 1428 795 1428 796 1429 662 1429 798 1429 663 1430 662 1430 796 1430 797 1431 656 1431 655 1431 662 1432 661 1432 798 1432 798 1433 661 1433 799 1433 797 1434 657 1434 656 1434 800 1435 657 1435 797 1435 661 1436 660 1436 799 1436 800 1437 658 1437 657 1437 801 1438 658 1438 800 1438 660 1439 659 1439 799 1439 799 1440 659 1440 801 1440 801 1441 659 1441 658 1441 802 1442 729 1442 731 1442 803 1443 802 1443 731 1443 803 1444 731 1444 733 1444 804 1445 803 1445 733 1445 804 1446 733 1446 735 1446 805 1447 804 1447 735 1447 805 1448 735 1448 737 1448 806 1449 805 1449 737 1449 806 1450 737 1450 740 1450 807 1451 806 1451 740 1451 807 1452 740 1452 741 1452 808 1453 807 1453 741 1453 808 1454 741 1454 743 1454 809 1455 808 1455 743 1455 809 1456 743 1456 746 1456 810 1457 809 1457 746 1457 810 1458 746 1458 748 1458 811 1459 810 1459 748 1459 811 1460 748 1460 749 1460 812 1461 811 1461 749 1461 812 1462 749 1462 752 1462 813 1463 812 1463 752 1463 813 1464 752 1464 754 1464 814 1465 813 1465 754 1465 814 1466 754 1466 756 1466 815 1467 814 1467 756 1467 815 1468 756 1468 758 1468 816 1469 815 1469 758 1469 817 1470 816 1470 758 1470 817 1471 758 1471 759 1471 818 1472 759 1472 761 1472 818 1473 817 1473 759 1473 818 1474 761 1474 764 1474 819 1475 764 1475 766 1475 819 1476 818 1476 764 1476 820 1477 819 1477 766 1477 821 1478 766 1478 767 1478 821 1479 820 1479 766 1479 822 1480 767 1480 770 1480 822 1481 770 1481 772 1481 822 1482 821 1482 767 1482 823 1483 772 1483 773 1483 823 1484 822 1484 772 1484 824 1485 823 1485 773 1485 825 1486 773 1486 776 1486 825 1487 776 1487 778 1487 825 1488 824 1488 773 1488 826 1489 778 1489 779 1489 826 1490 825 1490 778 1490 827 1491 826 1491 779 1491 828 1492 827 1492 779 1492 828 1493 779 1493 781 1493 829 1494 828 1494 781 1494 829 1495 781 1495 784 1495 830 1496 829 1496 784 1496 830 1497 784 1497 785 1497 831 1498 830 1498 785 1498 831 1499 785 1499 787 1499 831 1500 787 1500 790 1500 832 1501 831 1501 790 1501 833 1502 832 1502 790 1502 833 1503 790 1503 791 1503 833 1504 791 1504 793 1504 834 1505 833 1505 793 1505 834 1506 793 1506 796 1506 835 1507 834 1507 796 1507 836 1508 835 1508 796 1508 836 1509 796 1509 798 1509 836 1510 798 1510 799 1510 837 1511 836 1511 799 1511 838 1512 837 1512 799 1512 838 1513 799 1513 801 1513 838 1514 801 1514 800 1514 839 1515 838 1515 800 1515 840 1516 839 1516 800 1516 840 1517 800 1517 797 1517 840 1518 797 1518 795 1518 841 1519 840 1519 795 1519 842 1520 841 1520 795 1520 842 1521 795 1521 794 1521 842 1522 794 1522 792 1522 843 1523 842 1523 792 1523 844 1524 843 1524 792 1524 844 1525 792 1525 789 1525 845 1526 844 1526 789 1526 845 1527 789 1527 788 1527 845 1528 788 1528 786 1528 846 1529 845 1529 786 1529 846 1530 786 1530 783 1530 847 1531 846 1531 783 1531 848 1532 847 1532 783 1532 848 1533 783 1533 782 1533 849 1534 848 1534 782 1534 849 1535 782 1535 780 1535 849 1536 780 1536 777 1536 850 1537 849 1537 777 1537 850 1538 777 1538 775 1538 851 1539 850 1539 775 1539 851 1540 775 1540 774 1540 852 1541 851 1541 774 1541 852 1542 774 1542 771 1542 853 1543 852 1543 771 1543 853 1544 771 1544 769 1544 854 1545 853 1545 769 1545 854 1546 769 1546 768 1546 855 1547 854 1547 768 1547 855 1548 768 1548 765 1548 856 1549 855 1549 765 1549 856 1550 765 1550 763 1550 857 1551 856 1551 763 1551 857 1552 763 1552 762 1552 858 1553 857 1553 762 1553 858 1554 762 1554 760 1554 859 1555 858 1555 760 1555 859 1556 760 1556 757 1556 860 1557 859 1557 757 1557 860 1558 757 1558 755 1558 861 1559 860 1559 755 1559 861 1560 755 1560 753 1560 862 1561 861 1561 753 1561 862 1562 753 1562 751 1562 863 1563 862 1563 751 1563 863 1564 751 1564 750 1564 864 1565 863 1565 750 1565 864 1566 750 1566 747 1566 865 1567 864 1567 747 1567 866 1568 747 1568 745 1568 866 1569 865 1569 747 1569 866 1570 745 1570 744 1570 867 1571 744 1571 742 1571 867 1572 866 1572 744 1572 868 1573 867 1573 742 1573 869 1574 742 1574 739 1574 869 1575 868 1575 742 1575 870 1576 739 1576 738 1576 870 1577 869 1577 739 1577 871 1578 738 1578 736 1578 871 1579 870 1579 738 1579 872 1580 736 1580 734 1580 872 1581 734 1581 732 1581 872 1582 871 1582 736 1582 873 1583 732 1583 730 1583 873 1584 872 1584 732 1584 874 1585 873 1585 730 1585 875 1586 874 1586 730 1586 875 1587 730 1587 728 1587 875 1588 728 1588 726 1588 876 1589 875 1589 726 1589 877 1590 876 1590 726 1590 877 1591 726 1591 724 1591 878 1592 877 1592 724 1592 878 1593 724 1593 722 1593 878 1594 722 1594 720 1594 879 1595 878 1595 720 1595 879 1596 720 1596 718 1596 880 1597 879 1597 718 1597 881 1598 880 1598 718 1598 881 1599 718 1599 716 1599 881 1600 716 1600 714 1600 882 1601 881 1601 714 1601 883 1602 882 1602 714 1602 883 1603 714 1603 712 1603 883 1604 712 1604 710 1604 884 1605 883 1605 710 1605 885 1606 884 1606 710 1606 885 1607 710 1607 708 1607 886 1608 885 1608 708 1608 886 1609 708 1609 706 1609 887 1610 886 1610 706 1610 887 1611 706 1611 707 1611 888 1612 887 1612 707 1612 888 1613 707 1613 709 1613 888 1614 709 1614 711 1614 889 1615 888 1615 711 1615 890 1616 889 1616 711 1616 890 1617 711 1617 713 1617 890 1618 713 1618 715 1618 891 1619 890 1619 715 1619 892 1620 891 1620 715 1620 892 1621 715 1621 717 1621 893 1622 892 1622 717 1622 893 1623 717 1623 719 1623 894 1624 893 1624 719 1624 894 1625 719 1625 721 1625 895 1626 894 1626 721 1626 895 1627 721 1627 723 1627 896 1628 895 1628 723 1628 896 1629 723 1629 725 1629 896 1630 725 1630 727 1630 897 1631 896 1631 727 1631 897 1632 727 1632 729 1632 802 1633 897 1633 729 1633 898 1634 862 1634 863 1634 898 1635 861 1635 862 1635 899 1636 860 1636 861 1636 899 1637 861 1637 898 1637 900 1638 863 1638 864 1638 900 1639 898 1639 863 1639 901 1640 900 1640 864 1640 901 1641 865 1641 866 1641 901 1642 864 1642 865 1642 902 1643 860 1643 899 1643 902 1644 859 1644 860 1644 902 1645 858 1645 859 1645 903 1646 901 1646 866 1646 903 1647 866 1647 867 1647 904 1648 858 1648 902 1648 904 1649 857 1649 858 1649 905 1650 903 1650 867 1650 905 1651 868 1651 869 1651 905 1652 867 1652 868 1652 906 1653 856 1653 857 1653 906 1654 855 1654 856 1654 906 1655 857 1655 904 1655 907 1656 869 1656 870 1656 907 1657 905 1657 869 1657 908 1658 854 1658 855 1658 908 1659 855 1659 906 1659 909 1660 907 1660 870 1660 909 1661 871 1661 872 1661 909 1662 870 1662 871 1662 910 1663 854 1663 908 1663 910 1664 853 1664 854 1664 910 1665 852 1665 853 1665 911 1666 852 1666 910 1666 911 1667 851 1667 852 1667 912 1668 872 1668 873 1668 912 1669 909 1669 872 1669 913 1670 874 1670 875 1670 913 1671 873 1671 874 1671 913 1672 912 1672 873 1672 914 1673 851 1673 911 1673 914 1674 850 1674 851 1674 914 1675 849 1675 850 1675 915 1676 848 1676 849 1676 915 1677 849 1677 914 1677 916 1678 875 1678 876 1678 916 1679 913 1679 875 1679 917 1680 848 1680 915 1680 917 1681 847 1681 848 1681 917 1682 846 1682 847 1682 918 1683 877 1683 878 1683 918 1684 876 1684 877 1684 918 1685 916 1685 876 1685 919 1686 846 1686 917 1686 919 1687 845 1687 846 1687 920 1688 878 1688 879 1688 920 1689 918 1689 878 1689 921 1690 844 1690 845 1690 921 1691 843 1691 844 1691 921 1692 845 1692 919 1692 922 1693 880 1693 881 1693 922 1694 879 1694 880 1694 922 1695 920 1695 879 1695 923 1696 842 1696 843 1696 923 1697 843 1697 921 1697 924 1698 881 1698 882 1698 924 1699 922 1699 881 1699 925 1700 841 1700 842 1700 925 1701 840 1701 841 1701 925 1702 842 1702 923 1702 926 1703 883 1703 884 1703 926 1704 882 1704 883 1704 926 1705 924 1705 882 1705 927 1706 840 1706 925 1706 927 1707 839 1707 840 1707 928 1708 926 1708 884 1708 928 1709 884 1709 885 1709 929 1710 839 1710 927 1710 838 1711 839 1711 929 1711 930 1712 885 1712 886 1712 930 1713 928 1713 885 1713 887 1714 930 1714 886 1714 887 1715 931 1715 930 1715 837 1716 929 1716 932 1716 837 1717 838 1717 929 1717 888 1718 931 1718 887 1718 888 1719 933 1719 931 1719 836 1720 932 1720 934 1720 836 1721 837 1721 932 1721 889 1722 933 1722 888 1722 835 1723 836 1723 934 1723 890 1724 933 1724 889 1724 890 1725 935 1725 933 1725 834 1726 934 1726 936 1726 834 1727 835 1727 934 1727 891 1728 937 1728 935 1728 891 1729 935 1729 890 1729 833 1730 936 1730 938 1730 833 1731 834 1731 936 1731 892 1732 937 1732 891 1732 832 1733 833 1733 938 1733 831 1734 938 1734 939 1734 831 1735 832 1735 938 1735 893 1736 940 1736 937 1736 893 1737 937 1737 892 1737 830 1738 939 1738 941 1738 830 1739 831 1739 939 1739 894 1740 940 1740 893 1740 894 1741 942 1741 940 1741 829 1742 830 1742 941 1742 895 1743 942 1743 894 1743 896 1744 943 1744 942 1744 896 1745 942 1745 895 1745 828 1746 941 1746 944 1746 828 1747 829 1747 941 1747 827 1748 944 1748 945 1748 827 1749 828 1749 944 1749 897 1750 943 1750 896 1750 897 1751 946 1751 943 1751 826 1752 827 1752 945 1752 802 1753 946 1753 897 1753 825 1754 945 1754 947 1754 825 1755 826 1755 945 1755 803 1756 946 1756 802 1756 803 1757 948 1757 946 1757 824 1758 947 1758 949 1758 824 1759 825 1759 947 1759 804 1760 948 1760 803 1760 804 1761 950 1761 948 1761 823 1762 824 1762 949 1762 805 1763 950 1763 804 1763 822 1764 949 1764 951 1764 822 1765 823 1765 949 1765 806 1766 950 1766 805 1766 806 1767 952 1767 950 1767 821 1768 951 1768 953 1768 821 1769 822 1769 951 1769 807 1770 952 1770 806 1770 807 1771 954 1771 952 1771 820 1772 821 1772 953 1772 808 1773 954 1773 807 1773 819 1774 953 1774 955 1774 819 1775 820 1775 953 1775 809 1776 956 1776 954 1776 809 1777 954 1777 808 1777 818 1778 955 1778 957 1778 818 1779 819 1779 955 1779 810 1780 958 1780 956 1780 810 1781 956 1781 809 1781 817 1782 818 1782 957 1782 811 1783 958 1783 810 1783 816 1784 957 1784 959 1784 816 1785 817 1785 957 1785 812 1786 960 1786 958 1786 812 1787 958 1787 811 1787 815 1788 959 1788 961 1788 815 1789 816 1789 959 1789 813 1790 961 1790 960 1790 813 1791 960 1791 812 1791 814 1792 961 1792 813 1792 814 1793 815 1793 961 1793 962 1794 914 1794 963 1794 963 1795 911 1795 964 1795 914 1796 911 1796 963 1796 964 1797 910 1797 965 1797 911 1798 910 1798 964 1798 965 1799 908 1799 966 1799 910 1800 908 1800 965 1800 966 1801 906 1801 967 1801 908 1802 906 1802 966 1802 967 1803 904 1803 968 1803 906 1804 904 1804 967 1804 968 1805 902 1805 969 1805 904 1806 902 1806 968 1806 969 1807 899 1807 970 1807 902 1808 899 1808 969 1808 899 1809 898 1809 970 1809 970 1810 898 1810 971 1810 898 1811 900 1811 971 1811 971 1812 900 1812 972 1812 900 1813 901 1813 972 1813 972 1814 901 1814 973 1814 901 1815 903 1815 973 1815 903 1816 905 1816 973 1816 974 1817 905 1817 975 1817 973 1818 905 1818 974 1818 975 1819 907 1819 976 1819 905 1820 907 1820 975 1820 907 1821 909 1821 976 1821 976 1822 912 1822 977 1822 909 1823 912 1823 976 1823 978 1824 913 1824 979 1824 977 1825 913 1825 978 1825 912 1826 913 1826 977 1826 913 1827 916 1827 979 1827 979 1828 918 1828 980 1828 916 1829 918 1829 979 1829 981 1830 920 1830 982 1830 980 1831 920 1831 981 1831 918 1832 920 1832 980 1832 920 1833 922 1833 982 1833 982 1834 924 1834 983 1834 922 1835 924 1835 982 1835 983 1836 926 1836 984 1836 924 1837 926 1837 983 1837 985 1838 928 1838 986 1838 984 1839 928 1839 985 1839 926 1840 928 1840 984 1840 928 1841 930 1841 986 1841 987 1842 931 1842 988 1842 986 1843 931 1843 987 1843 930 1844 931 1844 986 1844 931 1845 933 1845 988 1845 989 1846 935 1846 990 1846 988 1847 935 1847 989 1847 933 1848 935 1848 988 1848 935 1849 937 1849 990 1849 991 1850 940 1850 992 1850 990 1851 940 1851 991 1851 937 1852 940 1852 990 1852 992 1853 942 1853 993 1853 940 1854 942 1854 992 1854 942 1855 943 1855 993 1855 993 1856 946 1856 994 1856 943 1857 946 1857 993 1857 986 1858 995 1858 996 1858 985 1859 986 1859 996 1859 987 1860 995 1860 986 1860 984 1861 996 1861 997 1861 984 1862 985 1862 996 1862 988 1863 995 1863 987 1863 983 1864 997 1864 998 1864 983 1865 984 1865 997 1865 989 1866 999 1866 995 1866 989 1867 1000 1867 999 1867 989 1868 995 1868 988 1868 989 1869 1001 1869 1000 1869 989 1870 1002 1870 1001 1870 989 1871 1003 1871 1002 1871 989 1872 1004 1872 1003 1872 982 1873 998 1873 1005 1873 982 1874 983 1874 998 1874 990 1875 1004 1875 989 1875 981 1876 982 1876 1005 1876 991 1877 1006 1877 1004 1877 991 1878 1004 1878 990 1878 980 1879 1005 1879 1007 1879 980 1880 981 1880 1005 1880 992 1881 1006 1881 991 1881 979 1882 980 1882 1007 1882 993 1883 1008 1883 1006 1883 993 1884 1006 1884 992 1884 978 1885 979 1885 1007 1885 978 1886 1009 1886 1010 1886 978 1887 1011 1887 1009 1887 978 1888 1012 1888 1011 1888 978 1889 1013 1889 1012 1889 978 1890 1014 1890 1013 1890 978 1891 1007 1891 1014 1891 994 1892 1008 1892 993 1892 994 1893 1015 1893 1008 1893 1016 1894 1017 1894 1015 1894 1016 1895 1015 1895 994 1895 977 1896 978 1896 1010 1896 1018 1897 1017 1897 1016 1897 976 1898 977 1898 1010 1898 1019 1899 1017 1899 1018 1899 1019 1900 1020 1900 1017 1900 1021 1901 975 1901 976 1901 1021 1902 976 1902 1010 1902 1022 1903 1020 1903 1019 1903 974 1904 975 1904 1021 1904 1023 1905 974 1905 1021 1905 1024 1906 1025 1906 1020 1906 1024 1907 1026 1907 1025 1907 1024 1908 1027 1908 1026 1908 1024 1909 1028 1909 1027 1909 1024 1910 1020 1910 1022 1910 973 1911 974 1911 1023 1911 1029 1912 973 1912 1023 1912 1030 1913 1028 1913 1024 1913 972 1914 973 1914 1029 1914 1031 1915 972 1915 1029 1915 1032 1916 1030 1916 1024 1916 1032 1917 1024 1917 1033 1917 1034 1918 1032 1918 1033 1918 971 1919 972 1919 1031 1919 1035 1920 1032 1920 1034 1920 970 1921 971 1921 1031 1921 1036 1922 970 1922 1031 1922 1036 1923 969 1923 970 1923 1037 1924 1032 1924 1035 1924 1037 1925 1035 1925 1038 1925 1039 1926 1037 1926 1038 1926 968 1927 969 1927 1036 1927 1040 1928 1037 1928 1039 1928 1041 1929 1040 1929 1039 1929 967 1930 968 1930 1036 1930 967 1931 1036 1931 1042 1931 1043 1932 967 1932 1042 1932 1044 1933 1040 1933 1041 1933 1045 1934 1044 1934 1041 1934 1046 1935 967 1935 1043 1935 1047 1936 1044 1936 1045 1936 1048 1937 1047 1937 1045 1937 1049 1938 967 1938 1046 1938 1050 1939 1047 1939 1048 1939 1051 1940 967 1940 1049 1940 1052 1941 966 1941 967 1941 1052 1942 965 1942 966 1942 1052 1943 967 1943 1051 1943 1053 1944 964 1944 965 1944 1053 1945 963 1945 964 1945 1053 1946 965 1946 1052 1946 1054 1947 963 1947 1053 1947 1054 1948 962 1948 963 1948 1055 1949 1047 1949 1050 1949 1055 1950 1056 1950 1057 1950 1055 1951 1050 1951 1056 1951 1058 1952 962 1952 1054 1952 1058 1953 1059 1953 962 1953 1060 1954 1055 1954 1057 1954 1061 1955 1059 1955 1058 1955 1061 1956 1062 1956 1059 1956 1061 1957 1063 1957 1062 1957 1064 1958 1060 1958 1057 1958 1065 1959 1066 1959 1067 1959 1068 1960 1066 1960 1065 1960 1068 1961 1069 1961 1066 1961 1068 1962 1070 1962 1069 1962 1071 1963 1064 1963 1057 1963 1072 1964 1065 1964 1067 1964 1072 1965 1067 1965 1073 1965 1074 1966 1071 1966 1057 1966 1075 1967 1072 1967 1073 1967 1075 1968 1076 1968 1077 1968 1075 1969 1073 1969 1076 1969 1078 1970 1070 1970 1068 1970 1078 1971 1079 1971 1070 1971 1078 1972 1057 1972 1079 1972 1080 1973 1074 1973 1057 1973 1080 1974 1057 1974 1078 1974 1081 1975 1063 1975 1061 1975 1081 1976 1082 1976 1063 1976 1081 1977 1083 1977 1082 1977 1084 1978 1083 1978 1081 1978 1085 1979 1086 1979 1083 1979 1085 1980 1075 1980 1077 1980 1085 1981 1087 1981 1086 1981 1085 1982 1077 1982 1087 1982 1088 1983 1083 1983 1084 1983 1089 1984 1085 1984 1083 1984 1090 1985 1083 1985 1088 1985 1091 1986 1089 1986 1083 1986 1091 1987 1083 1987 1090 1987 63 1988 67 1988 1061 1988 1061 1989 67 1989 1081 1989 63 1990 1061 1990 1058 1990 66 1991 1058 1991 1054 1991 66 1992 63 1992 1058 1992 65 1993 66 1993 1054 1993 52 1994 1054 1994 1053 1994 52 1995 65 1995 1054 1995 1052 1996 21 1996 1053 1996 21 1997 52 1997 1053 1997 21 1998 1052 1998 18 1998 18 1999 1051 1999 11 1999 1052 2000 1051 2000 18 2000 11 2001 1049 2001 4 2001 1051 2002 1049 2002 11 2002 4 2003 1046 2003 1 2003 1049 2004 1046 2004 4 2004 1 2005 1043 2005 8 2005 1046 2006 1043 2006 1 2006 8 2007 1042 2007 14 2007 1043 2008 1042 2008 8 2008 1042 2009 1036 2009 14 2009 35 2010 14 2010 1031 2010 1031 2011 14 2011 1036 2011 35 2012 1031 2012 1029 2012 46 2013 35 2013 1029 2013 47 2014 1029 2014 1023 2014 47 2015 46 2015 1029 2015 45 2016 1023 2016 1021 2016 45 2017 47 2017 1023 2017 1010 2018 30 2018 1021 2018 30 2019 45 2019 1021 2019 30 2020 1010 2020 27 2020 27 2021 1009 2021 38 2021 1010 2022 1009 2022 27 2022 38 2023 1011 2023 42 2023 1009 2024 1011 2024 38 2024 42 2025 1012 2025 48 2025 1011 2026 1012 2026 42 2026 48 2027 1013 2027 56 2027 1012 2028 1013 2028 48 2028 56 2029 1014 2029 59 2029 1013 2030 1014 2030 56 2030 1014 2031 1007 2031 59 2031 1005 2032 78 2032 1007 2032 78 2033 59 2033 1007 2033 92 2034 78 2034 1005 2034 92 2035 1005 2035 998 2035 91 2036 998 2036 997 2036 91 2037 92 2037 998 2037 89 2038 997 2038 996 2038 89 2039 91 2039 997 2039 96 2040 89 2040 995 2040 995 2041 89 2041 996 2041 96 2042 995 2042 102 2042 995 2043 999 2043 102 2043 102 2044 1000 2044 106 2044 999 2045 1000 2045 102 2045 106 2046 1001 2046 113 2046 1000 2047 1001 2047 106 2047 113 2048 1002 2048 121 2048 1001 2049 1002 2049 113 2049 121 2050 1003 2050 130 2050 1002 2051 1003 2051 121 2051 130 2052 1004 2052 136 2052 1003 2053 1004 2053 130 2053 128 2054 136 2054 1006 2054 1006 2055 136 2055 1004 2055 128 2056 1006 2056 1008 2056 126 2057 1008 2057 1015 2057 126 2058 128 2058 1008 2058 127 2059 126 2059 1015 2059 131 2060 1015 2060 1017 2060 131 2061 127 2061 1015 2061 1020 2062 159 2062 1017 2062 159 2063 131 2063 1017 2063 159 2064 1020 2064 170 2064 170 2065 1025 2065 175 2065 1020 2066 1025 2066 170 2066 175 2067 1026 2067 181 2067 1025 2068 1026 2068 175 2068 181 2069 1027 2069 187 2069 1026 2070 1027 2070 181 2070 187 2071 1028 2071 193 2071 1027 2072 1028 2072 187 2072 193 2073 1030 2073 190 2073 1028 2074 1030 2074 193 2074 1030 2075 1032 2075 190 2075 143 2076 190 2076 1037 2076 1037 2077 190 2077 1032 2077 143 2078 1037 2078 1040 2078 139 2079 143 2079 1040 2079 140 2080 1040 2080 1044 2080 140 2081 139 2081 1040 2081 138 2082 1044 2082 1047 2082 138 2083 140 2083 1044 2083 1055 2084 172 2084 1047 2084 172 2085 138 2085 1047 2085 172 2086 1055 2086 166 2086 166 2087 1060 2087 161 2087 1055 2088 1060 2088 166 2088 161 2089 1064 2089 150 2089 1060 2090 1064 2090 161 2090 150 2091 1071 2091 145 2091 1064 2092 1071 2092 150 2092 145 2093 1074 2093 135 2093 1071 2094 1074 2094 145 2094 135 2095 1080 2095 124 2095 1074 2096 1080 2096 135 2096 1080 2097 1078 2097 124 2097 1068 2098 114 2098 1078 2098 114 2099 124 2099 1078 2099 110 2100 114 2100 1068 2100 110 2101 1068 2101 1065 2101 111 2102 1065 2102 1072 2102 111 2103 110 2103 1065 2103 109 2104 1072 2104 1075 2104 109 2105 111 2105 1072 2105 1085 2106 95 2106 1075 2106 95 2107 109 2107 1075 2107 1085 2108 1089 2108 95 2108 95 2109 1089 2109 88 2109 88 2110 1091 2110 85 2110 1089 2111 1091 2111 88 2111 85 2112 1090 2112 81 2112 1091 2113 1090 2113 85 2113 81 2114 1088 2114 75 2114 1090 2115 1088 2115 81 2115 75 2116 1084 2116 72 2116 1088 2117 1084 2117 75 2117 72 2118 1081 2118 67 2118 1084 2119 1081 2119 72 2119 994 2120 946 2120 1016 2120 1016 2121 948 2121 1018 2121 946 2122 948 2122 1016 2122 1018 2123 950 2123 1019 2123 948 2124 950 2124 1018 2124 1019 2125 952 2125 1022 2125 950 2126 952 2126 1019 2126 1022 2127 954 2127 1024 2127 952 2128 954 2128 1022 2128 1024 2129 956 2129 1033 2129 954 2130 956 2130 1024 2130 1033 2131 958 2131 1034 2131 956 2132 958 2132 1033 2132 1034 2133 960 2133 1035 2133 958 2134 960 2134 1034 2134 960 2135 961 2135 1035 2135 1035 2136 961 2136 1038 2136 961 2137 959 2137 1038 2137 959 2138 957 2138 1038 2138 1039 2139 957 2139 1041 2139 1038 2140 957 2140 1039 2140 957 2141 955 2141 1041 2141 1041 2142 955 2142 1045 2142 955 2143 953 2143 1045 2143 1048 2144 951 2144 1050 2144 1045 2145 951 2145 1048 2145 953 2146 951 2146 1045 2146 951 2147 949 2147 1050 2147 1056 2148 947 2148 1057 2148 1050 2149 947 2149 1056 2149 949 2150 947 2150 1050 2150 1057 2151 945 2151 1079 2151 947 2152 945 2152 1057 2152 945 2153 944 2153 1079 2153 1070 2154 941 2154 1069 2154 1079 2155 941 2155 1070 2155 944 2156 941 2156 1079 2156 941 2157 939 2157 1069 2157 1069 2158 938 2158 1066 2158 939 2159 938 2159 1069 2159 1066 2160 936 2160 1067 2160 938 2161 936 2161 1066 2161 1067 2162 934 2162 1073 2162 936 2163 934 2163 1067 2163 1076 2164 932 2164 1077 2164 1073 2165 932 2165 1076 2165 934 2166 932 2166 1073 2166 932 2167 929 2167 1077 2167 1087 2168 927 2168 1086 2168 1077 2169 927 2169 1087 2169 929 2170 927 2170 1077 2170 927 2171 925 2171 1086 2171 1083 2172 923 2172 1082 2172 1086 2173 923 2173 1083 2173 925 2174 923 2174 1086 2174 923 2175 921 2175 1082 2175 1063 2176 919 2176 1062 2176 1082 2177 919 2177 1063 2177 921 2178 919 2178 1082 2178 919 2179 917 2179 1062 2179 1062 2180 915 2180 1059 2180 917 2181 915 2181 1062 2181 1059 2182 914 2182 962 2182 915 2183 914 2183 1059 2183</p>
        </triangles>
      </mesh>
    </geometry>
  </library_geometries>
  <library_materials>
    <material id="mat_T10_M3_35_42_075_20_1_004_shape002" name="T10_M3_35_42_075_20_1_004_shape002">
      <instance_effect url="#effect_T10_M3_35_42_075_20_1_004_shape002"/>
    </material>
  </library_materials>
  <library_visual_scenes>
    <visual_scene id="myscene">
      <node id="node0" name="node0">
        <instance_geometry url="#geometry0">
          <bind_material>
            <technique_common>
              <instance_material symbol="ref_T10_M3_35_42_075_20_1_004_shape002" target="#mat_T10_M3_35_42_075_20_1_004_shape002"/>
            </technique_common>
          </bind_material>
        </instance_geometry>
      </node>
    </visual_scene>
  </library_visual_scenes>
  <scene>
    <instance_visual_scene url="#myscene"/>
  </scene>
</COLLADA>
